code,date,gdp,cons_hh,cons_gov,inv,capform,exports,imports,gdp_output,va_total,va_agri,va_ind,va_mfg,va_constr,va_trade,va_ict,va_fin,va_realest,va_prof,va_public,va_other,va_services,taxes_prod,chainlink_disc,gdp_income,comp_emp,surplus_mixed,taxes_prod_imp_net,taxes_prod_imp,subsidies,gdp_defl,cons_hh_defl,cons_gov_defl,inv_defl,capform_defl,exports_defl,imports_defl,gdp_output_defl,va_total_defl,va_agri_defl,va_ind_defl,va_mfg_defl,va_constr_defl,va_trade_defl,va_ict_defl,va_fin_defl,va_realest_defl,va_prof_defl,va_public_defl,va_other_defl,va_services_defl,taxes_prod_defl,chainlink_disc_defl,gdp_real,cons_hh_real,cons_gov_real,inv_real,capform_real,exports_real,imports_real,gdp_output_real,va_total_real,va_agri_real,va_ind_real,va_mfg_real,va_constr_real,va_trade_real,va_ict_real,va_fin_real,va_realest_real,va_prof_real,va_public_real,va_other_real,va_services_real,taxes_prod_real,chainlink_disc_real
DEU,1995-01-01,468140,259509,90908,110553,115761,100780,98735,468140,422588,4992,109231,95368,28894,66400,16222,18355,44949,41269,74754,17522,279471,45635,,471407,252378,179749,39280,50335,11055,73.6597,72.9237,78.3069,79.7058,71.829,89.409,92.2591,73.6597,74.9933,85.7983,82.2564,82.8827,52.3001,79.38,146.35,48.303,86.0444,68.5631,63.9788,58.5728,73.8007,62.0816,,635544,355864,116092,138701,161162,112718,107019,635544,563501,5818.3,132793,115064,55246.5,83648.3,11084.4,37999.7,52239.3,60191.3,116842,29914.9,378684,73508.1,-2374.3
DEU,1995-04-01,475061,263212,92616,112372,117967,101496,100275,475061,429032,4937,110815,96847,29841,67292,16519,19144,45536,41865,75509,17574,283439,45984,,473745,255439,178727,39579,50191,10612,74.11,73.3426,78.389,80.0922,72.1158,89.2427,91.1637,74.11,75.4417,83.8656,82.9906,83.8072,52.6898,79.6605,146.815,50.4816,86.0025,68.8346,64.0125,59.0669,74.1779,62.7585,,641022,358880,118149,140303,163580,113730,109994,641022,568693,5886.8,133527,115559,56635.2,84473.5,11251.6,37922.7,52947.3,60819.7,117960,29752.7,382107,73271.4,-2498
DEU,1995-07-01,478132,265465,94471,112142,116913,102254,100901,478132,433055,4821,110445,96372,29275,68045,17019,19762,46410,42640,76917,17721,288514,45147,,476410,257387,179174,39849,50264,10415,74.4679,73.71,78.7543,80.223,72.2414,89.3523,91.0568,74.4679,75.9525,81.0375,83.3054,84.141,52.8492,79.8311,148.64,51.8175,86.7525,69.3717,64.7482,59.5462,74.8529,61.8232,,642065,360148,119957,139788,161837,114439,110811,642065,570166,5949.1,132578,114536,55393.5,85236.2,11449.8,38137.7,53497,61466,118794,29760.1,385442,73026,-2419.9
DEU,1995-10-01,479050,267216,95095,111073,114526,103861,101630,479050,435377,4862,109907,95618,28743,68468,17535,20464,46903,42943,77814,17738,291865,43691,,478367,259280,179553,39534,50216,10682,74.5705,73.9359,78.1225,80.0594,72.393,89.3081,90.6882,74.5705,76.194,81.5293,83.3271,84.0929,53.0596,80.2568,149.741,53.2106,86.6488,69.469,64.7992,60.0145,75.1674,60.8297,,642413,361416,121726,138738,158200,116295,112065,642413,571406,5963.5,131898,113705,54171.2,85311.2,11710.2,38458.5,54130,61816.1,120085,29556.2,388286,71825.1,-1710.7
DEU,1996-01-01,475467,267497,94904,105081,110205,105065,102147,475467,428389,5007,108079,94163,25852,66242,16620,20553,46762,42667,78656,17951,289451,47135,,477414,257784,179419,40211,50546,10335,74.5576,73.6972,78.8026,79.9557,72.6392,89.083,90.8597,74.5576,76.083,81.5114,84.2246,85.36,52.7469,80.1011,143.935,53.6558,82.878,69.744,65.4703,60.4075,74.7404,61.5818,,637718,362968,120432,131424,151716,117941,112423,637718,563055,6142.7,128322,110313,49011.4,82698,11546.9,38305.3,56422.7,61176.6,120140,29716.5,387275,76540.5,-2456.6
DEU,1996-04-01,481231,269266,95443,113024,114643,105389,103446,481231,435463,5251,109077,95169,28412,67850,16847,20353,47379,43327,79000,17967,292723,45832,,479586,257321,183448,38817,49187,10370,74.4065,73.8288,78.3992,79.764,72.605,89.0265,91.375,74.4065,75.8771,84.6349,83.983,85.0277,52.4597,80.2379,143.248,52.618,82.7741,69.8997,65.066,60.3367,74.5226,62.1638,,646760,364717,121740,141698,157900,118379,113210,646760,573906,6204.3,129880,111927,54159.7,84561,11760.7,38680.7,57238.9,61984.5,121415,29777.9,392798,73727.8,-1842.5
DEU,1996-07-01,483803,270680,96623,112563,112466,107606,103564,483803,437079,5372,109184,95185,28052,67973,17191,20217,47981,43869,79147,18093,294471,46732,,484157,259182,184697,40278,50863,10585,74.5436,74.101,78.1953,79.6353,72.3948,88.7489,90.8704,74.5436,76.1279,86.2182,84.0887,85.1392,52.8095,80.5979,142.409,52.7654,82.8374,70.5901,65.1618,61.0267,74.7763,61.1323,,649020,365285,123566,141348,155351,121248,113969,649020,574138,6230.7,129844,111799,53119.2,84335.9,12071.6,38314.9,57921.9,62146.1,121462,29647.7,393802,76444.1,-2256.2
DEU,1996-10-01,489255,272263,96533,112726,116360,112605,108644,489255,444107,4951,111176,96738,28255,69145,17711,20914,48968,44891,79860,18236,299725,45010,,487403,259700,188268,39435,50776,11341,74.6833,74.312,78.1832,79.5951,73.1283,88.8179,91.7806,74.6833,76.3217,78.3398,84.5618,85.5016,53.1878,80.7898,142.139,53.6854,82.7446,71.014,65.1911,61.2855,74.9718,60.7385,,655106,366378,123470,141624,159118,126782,118374,655106,581888,6319.9,131473,113142,53123.1,85586.3,12460.3,38956.6,59179.7,63214.3,122501,29755.8,399784,74104.6,-1306
DEU,1997-01-01,485645,274036,96760,109498,112714,115244,113141,485645,438362,4791,110475,96719,26049,69388,18283,21660,47347,43422,78706,18241,297047,47251,,480074,259252,179756,41066,50545,9479,74.5204,74.5203,78.1723,79.905,72.4864,89.2538,92.8897,74.5204,75.9617,76.1927,83.6726,84.6685,51.7968,81.2696,143.061,55.6473,81.828,71.3816,64.0639,62.4155,74.9637,62.1869,,651694,367733,123778,137035,155497,129119,121802,651694,577083,6288,132032,114233,50290.8,85380,12779.9,38923.7,57861.6,60830.8,122856,29225.1,396255,75982.2,-1852.1
DEU,1997-04-01,490369,274369,96798,111479,114694,118898,114381,490369,442990,5109,110991,97035,26942,69805,18554,21519,48480,44443,78885,18262,299948,47388,,493449,258981,193455,41013,51328,10315,74.382,74.4251,77.7081,79.6281,72.5272,89.4876,92.9727,74.382,75.8066,82.5204,83.2619,84.0164,51.765,81.2465,141.229,55.0807,81.4871,71.4674,63.98,62.3196,74.7717,62.5621,,659258,368651,124566,140000,158139,132865,123026,659258,584368,6191.2,133304,115495,52046.8,85917.6,13137.5,39068.1,59494.1,62186.4,123296,29303.8,401152,75745.5,-1897.7
DEU,1997-07-01,494701,276370,95972,111527,115583,125802,119048,494701,447528,5233,111733,98003,26554,70454,18779,21344,49081,44777,81394,18179,304008,47151,,495443,259250,194504,41689,51561,9872,74.7925,75.155,76.9975,79.5265,73.1153,89.9108,93.6791,74.7925,76.2495,83.6063,83.2817,83.9484,51.6917,81.7164,141.064,54.5343,81.6966,71.4987,65.7464,62.5768,75.4077,62.2708,,661431,367733,124643,140239,158083,139919,127081,661431,586926,6259.1,134163,116742,51369.9,86217.7,13312.4,39138.7,60077.2,62626.3,123800,29050.7,403152,75719.3,-1696.3
DEU,1997-10-01,499167,278487,95064,112806,118502,127697,120556,499167,453794,5249,114900,100952,26644,71238,18909,20261,50035,45858,82418,18282,307001,45400,,498214,261105,195838,41271,51174,9903,74.9163,75.1943,77.6464,79.5301,72.93,89.9846,93.6194,74.9163,76.3891,82.5353,83.7972,84.5302,51.8982,82.0428,140.848,51.0598,82.0111,71.7237,66.3794,62.9474,75.4322,62.3174,,666300,370356,122432,141841,162487,141910,128772,666300,594056,6359.7,137117,119427,51339,86830.3,13425.1,39680.9,61010,63937,124162,29043.3,406989,72852.8,-825.9
DEU,1998-01-01,503034,278479,96987,115458,121472,130173,123981,503034,454738,5044,116028,101972,26073,73759,20277,20044,49078,45410,80924,18101,307593,48392,,502062,261768,198310,41984,51468,9484,74.7891,74.797,76.3746,79.3601,73.8122,89.7915,92.825,74.7891,76.116,82.7387,85.0446,86.0174,51.0824,82.3894,139.581,50.6574,80.5524,71.0679,65.1782,62.447,74.7099,63.334,,672603,372313,126989,145486,164569,144972,133564,672603,597427,6096.3,136432,118548,51041.1,89524.9,14527,39567.8,60926.8,63896.6,124158,28986.2,411716,76407.6,-1734.8
DEU,1998-04-01,503437,278399,97544,114156,121160,131770,125494,503437,454268,4849,115736,101620,25361,72512,20596,19881,49284,46521,81202,18326,308322,49111,,501852,264324,193957,43571,53282,9711,75.1307,75.0134,76.4429,79.3691,74.2825,89.4154,91.734,75.1307,76.3842,78.2008,85.4698,86.2905,51.2086,82.6707,139.537,50.9687,80.3414,71.9175,65.3938,63.2339,75.0179,64.6236,,670082,371132,127604,143829,163107,147368,136802,670082,594715,6200.7,135412,117765,49524.9,87711.9,14760.2,39006.3,61343.2,64686.6,124174,28981.3,410998,75995.5,-1592.2
DEU,1998-07-01,506260,281316,97693,114794,121664,129559,123957,506260,457440,4895,115724,101211,25181,73224,21018,20375,49695,47242,81489,18597,311640,48835,,507407,266246,198859,42302,53506,11204,75.2396,75.2322,76.5366,79.0037,72.9979,88.9539,90.0919,75.2396,76.5187,78.135,85.7672,86.6014,51.4682,82.9269,139.316,51.4689,80.1517,72.0622,65.2938,63.4801,75.0903,64.142,,672864,373930,127642,145302,166668,145647,137590,672864,597815,6264.8,134928,116870,48925.4,88299.5,15086.6,39587,62001.2,65557.3,124804,29295.8,415020,76135.8,-1319.9
DEU,1998-10-01,507740,284364,97482,113691,120869,126303,121120,507740,460254,4978,114470,100464,24695,73394,21575,21743,50312,47964,82230,18893,316111,47644,,510989,268529,199396,43064,53609,10545,75.4986,75.3513,76.6252,78.9145,72.9969,88.148,88.4048,75.4986,76.7903,77.0183,86.1639,87.0456,51.6968,82.7327,139.137,53.1915,80.1455,72.2728,65.5897,64.0128,75.3595,64.3489,,672516,377384,127219,144068,165581,143285,137006,672516,599365,6463.4,132852,115415,47768.9,88712.2,15506.3,40876.8,62775.8,66365.2,125370,29514.4,419471,74040.1,-976.3
DEU,1999-01-01,514200,288325,101233,116784,122961,126825,125027,514200,462257,5007,115416,100647,24737,72977,20581,23579,49593,48783,82696,18888,317097,52060,,513853,268468,199842,45543,55046,9503,75.5822,75.3103,77.1005,78.5518,72.5238,88.0146,87.6859,75.5822,76.5847,73.19,85.6098,85.9074,51.0857,81.6614,132.056,55.9443,81.2367,72.8637,65.4743,63.7359,75.3587,66.5713,,680319,382849,131300,148671,169546,144095,142585,680319,603589,6841.1,134816,117158,48422.6,89365.4,15585.1,42147.3,61047.5,66951,126303,29634.8,420784,78201.9,-1974.1
DEU,1999-04-01,515209,290729,101664,117341,119551,133401,130029,515209,464143,5004,114426,100351,24832,73021,20920,25128,49150,49121,83365,19176,319881,51173,,515832,272309,197086,46437,55799,9362,75.7692,75.6015,77.9194,78.3828,72.8235,87.9442,88.4086,75.7692,76.917,72.527,85.2263,85.9714,51.3188,82.4605,131.831,58.6199,80.3576,72.948,66.1607,64.6488,75.9513,66.1416,,679971,384554,130473,149702,164165,151688,147077,679971,603434,6899.5,134261,116726,48387.7,88552.7,15868.8,42866,61164.1,67337,126004,29661.8,421166,77368.8,-1597.4
DEU,1999-07-01,520562,290662,102880,119049,124995,136834,134779,520562,468486,4972,116282,102562,25269,74236,21363,24293,49525,49553,83762,19231,321963,52106,,521627,273948,199569,48110,57382,9272,75.5709,75.6185,78.3319,78.2343,71.965,88.3788,89.4213,75.5709,76.6716,72.5988,85.4017,86.3986,51.2912,82.3329,131.122,55.7744,80.0656,72.8899,66.1698,64.4656,75.5405,65.76,,688840,384379,131338,152170,173689,154827,150724,688840,611029,6848.6,136159,118708,49265.8,90165.7,16292.4,43555.8,61855.5,67983.4,126586,29831.4,426212,79236.6,-1545.5
DEU,1999-10-01,522439,293932,101818,118614,123695,140542,137373,522439,469509,4977,117511,104330,25256,74880,21748,21817,50023,50183,83744,19370,321765,53105,,525927,276110,199142,50675,58974,8299,75.4813,75.5668,78.0719,78.4802,72.9567,88.8944,91.0542,75.4813,76.5091,73.203,85.6512,87.079,51.4831,82.4525,129.861,52.0849,80.4052,72.902,66.1721,64.6388,75.1941,66.4327,,692143,388970,130416,151139,169546,158100,150869,692143,613664,6798.9,137197,119811,49056.9,90815.9,16747.1,41887.4,62213.6,68836.2,126555,29966.5,427913,79938.1,-1656
DEU,2000-01-01,529327,297086,103991,121120,124865,148669,145236,529327,475640,5140,117795,104887,24957,75981,21483,23048,51304,51641,84477,19814,327748,53735,,533120,280462,204383,48275,57431,9156,75.3059,75.8639,77.5795,78.5663,72.9392,89.8121,93.1502,75.3059,76.2278,75.5793,83.3433,84.5355,50.9288,82.6212,129.035,55.4955,80.1726,73.255,66.0732,64.885,75.5642,67.0154,,702902,391604,134044,154163,171191,165533,155916,702902,623972,6800.8,141337,124074,49003.7,91963.1,16649,41531.3,63991.9,70494.8,127854,30537.1,433735,80183.1,-1457.9
DEU,2000-04-01,533173,299849,102990,121802,126940,155355,151964,533173,478512,5314,120447,107768,24383,77083,21877,21041,51635,52258,84717,19757,328368,54658,,531913,282604,199006,50303,59395,9092,75.2204,75.8916,77.2203,79.0087,73.6914,90.4756,94.6498,75.2204,76.1208,78.1885,83.6307,84.7292,50.5515,82.6509,128.082,52.6562,80.8266,73.4013,65.8233,64.8811,75.3185,67.3128,,708814,395102,133372,154163,172259,171709,160554,708814,628622,6796.4,144022,127191,48234,93263.4,17080.4,39959.2,63883.7,71194.9,128704,30451.1,435972,81200,-1666.4
DEU,2000-07-01,533978,301504,103039,122800,130364,159190,160008,533978,480933,5403,122649,109621,23997,77548,22477,19119,51867,52605,85322,19946,328884,53156,,532116,285052,198109,48955,58043,9088,75.3155,76.3189,77.5253,78.8928,73.8862,91.221,96.4869,75.3155,76.1772,79.7267,84.0625,85.1588,50.3324,82.8827,127.617,48.8344,81.2533,73.435,66.2448,65.8043,75.2658,67.5863,,708988,395058,132910,155654,176439,174510,165834,708988,631335,6776.9,145902,128725,47677,93563.5,17612.8,39150.7,63833.7,71634.8,128798,30311.1,436963,78649.1,-1099.8
DEU,2000-10-01,533210,303318,103945,121873,128303,169235,171551,533210,480410,5358,122496,109748,23723,78033,22976,17933,51883,52681,85432,19895,328833,52840,,532510,286512,196720,49278,58328,9050,75.5221,76.8462,77.6119,79.225,74.6776,92.0971,98.3772,75.5221,76.3286,80.5484,84.5072,85.3846,50.5575,83.6358,127.855,45.1465,81.8767,73.8744,66.3626,66.0645,75.3017,68.2263,,706032,394708,133929,153831,171809,183757,174381,706032,629397,6651.9,144953,128534,46922.8,93300.9,17970.4,39721.8,63367.2,71311.6,128735,30114.5,436687,77448.1,-995.5
DEU,2001-01-01,547373,308380,105075,121913,128429,167743,162135,547373,493029,5878,124865,112680,23628,80734,23969,19373,54016,53886,86518,20162,338658,54463,,549388,287026,212692,49670,58684,9014,75.9292,77.222,78.3207,78.7116,73.5037,91.571,96.6937,75.9292,76.6742,93.6092,84.263,85.0994,51.5242,83.1194,126.799,46.8931,81.7891,73.8716,67.2123,66.9305,75.5897,69.071,,720899,399342,134160,154886,174724,183184,167679,720899,643018,6279.3,148185,132410,45858.1,97130.1,18903.2,41313.1,66043,72945.5,128723,30123.8,448022,78850.8,-1016.8
DEU,2001-04-01,547601,308013,104650,119480,129103,168621,162783,547601,491668,6055,123930,111298,23001,81235,24038,19410,53688,53777,86459,20075,338682,55936,,546024,287487,207004,51533,60436,8903,76.1169,77.7,78.2844,78.7319,73.323,91.6619,96.7939,76.1169,76.8236,96.7964,85.0919,85.8697,51.1272,83.6245,126.178,45.4918,81.8395,73.9863,67.109,67.129,75.5356,69.7145,,719421,396413,133679,151756,176074,183960,168175,719421,639996,6255.4,145642,129613,44987.8,97142.6,19050.9,42667,65601.6,72685.1,128834,29905.1,448374,80235.8,-1309.8
DEU,2001-07-01,549807,310129,104975,117525,125710,167947,158890,549807,495621,6018,123198,110256,22892,82103,24280,20513,54576,54644,87144,20253,343513,54250,,547626,287584,209808,50234,58973,8739,76.4512,77.9073,78.8337,78.675,73.3966,91.5306,96.3339,76.4512,77.2262,95.5724,84.85,85.5405,51.1664,84.2361,126.647,47.7288,82.0472,74.8923,67.3937,67.7188,76.1976,69.3482,,719160,398074,133160,149380,171275,183487,164937,719160,641778,6296.8,145195,128893,44740.3,97467.7,19171.4,42978.2,66517.8,72963.4,129306,29907.5,450819,78228.4,-906.1
DEU,2001-10-01,553573,313160,107952,115781,117767,169595,154979,553573,500016,5834,120903,108074,22847,82521,24900,23981,54799,54570,89018,20643,350432,53479,,552492,290207,212842,49443,58799,9356,77.1989,78.3932,79.87,78.4846,73.713,91.2539,95.2088,77.1989,77.9864,90.5872,84.6896,85.3614,51.0791,84.1683,126.197,57.7956,81.3235,75.0031,68.5426,68.7122,77.4007,69.978,,717074,399474,135160,147521,159764,185850,162778,717074,641158,6440.2,142760,126608,44728.7,98042.9,19731,41492.8,67384,72757,129872,30042.7,452750,76422.6,-749.8
DEU,2002-01-01,551645,312080,107553,113075,112118,168370,148453,551645,497384,5299,120080,107223,22911,81990,24793,22090,55030,54946,89795,20450,349094,54284,,548867,289044,209763,50060,58827,8767,77.2932,78.7043,79.7677,78.4919,73.1327,91.0578,94.493,77.2932,77.8795,85.0302,85.2624,85.8955,51.7198,83.8405,125.903,53.4635,81.8687,74.816,68.7907,69.4253,77.0881,71.8552,,713705,396522,134833,144059,153308,184905,157105,713705,638658,6231.9,140836,124830,44298.3,97792.8,19692.2,41317.9,67217.4,73441.5,130534,29456.1,452851,75546.4,-622.8
DEU,2002-04-01,553636,310445,107734,111310,114121,173317,152030,553636,498541,4963,121508,108206,21966,82285,24849,21857,55600,55046,89999,20468,350104,55046,,554120,289065,214082,50973,59415,8442,77.2522,78.8746,79.6181,78.4397,73.0811,90.9607,94.7468,77.2522,77.7587,78.1169,85.5262,86.2962,51.316,83.6184,125.346,52.7888,81.9953,74.6693,68.839,69.5561,76.9693,72.5861,,716661,393593,135314,141905,156157,190540,160459,716661,641139,6353.3,142071,125389,42805.4,98405.4,19824.3,41404.6,67808.8,73719.7,130738,29426.6,454862,75835.5,-765.8
DEU,2002-07-01,560387,313888,108421,110090,113073,175642,150550,560387,504514,4896,123100,109838,21909,83062,24897,22879,56413,56031,90753,20574,354609,55960,,560943,290846,217949,52148,61195,9047,77.6946,79.1602,79.8648,78.0866,73.2096,90.7504,93.6033,77.6946,78.3776,76.4272,85.9751,86.845,51.3731,83.7904,125.687,57.5122,82.3545,75.6278,69.0582,69.9572,77.7197,71.3833,,721269,396522,135756,140984,154451,193544,160838,721269,643696,6406.1,143181,126476,42646.8,99130.7,19808.8,39781.1,68500.2,74087.8,131415,29409.4,456267,78393.7,-843.8
DEU,2002-10-01,561405,315872,110659,109417,110130,179246,154591,561405,506755,4883,122881,109595,21500,83446,25185,23957,56351,55767,92199,20586,357491,54561,,559431,291327,217299,50805,59216,8411,78.0239,79.3108,80.3975,78.1193,73.8866,90.9474,93.8852,78.0239,78.5649,75.5356,85.7685,86.5545,51.4167,83.2641,124.407,62.4847,81.9353,75.4086,69.7491,70.4038,78.0637,72.9836,,719530,398271,137640,140064,149053,197088,164660,719530,645014,6464.5,143270,126620,41815.2,100218,20244,38340.6,68775,73953.1,132187,29239.9,457948,74757.9,-648.7
DEU,2003-01-01,556128,319355,108581,108595,112138,173531,157477,556128,500290,4483,123503,110785,21077,82648,22851,24423,55248,54728,90956,20373,351227,55838,,554575,290631,211918,52026,60334,8308,78.3724,80.2911,79.994,77.6856,73.1637,90.8559,93.6714,78.3724,78.8391,70.6674,86.4863,87.3097,51.4947,82.9256,126.143,68.2613,80.5363,75.3667,69.4309,71.2178,78.2719,73.8589,,709597,397747,135736,139788,153270,190996,168116,709597,634571,6343.8,142801,126887,40930.4,99665.2,18115.2,35778.7,68600.1,72615.6,131002,28606.6,448727,75600.9,-641.9
DEU,2003-04-01,557338,319282,108442,108036,110765,172237,153421,557338,499899,4477,121869,108732,21182,83124,22925,24578,55789,54523,90948,20484,352371,57406,,555751,290317,212113,53321,61790,8469,78.418,80.2374,79.7786,77.6437,72.6678,90.4983,92.2998,78.418,78.7968,69.3625,85.8912,86.509,51.4885,82.904,126.361,71.7641,80.4362,75.1309,69.3249,71.3912,78.4251,74.669,,710727,397922,135929,139143,152426,190321,166220,710727,634416,6454.5,141888,125689,41139.3,100265,18142.4,34248.3,69358.1,72570.7,131191,28692.6,449309,76880.6,-857.7
DEU,2003-07-01,564699,322175,111143,108208,108003,176675,153173,564699,509107,4748,122359,109095,21341,84961,22956,25539,56633,56456,93322,20792,360659,55716,,565574,292721,221029,51824,60170,8346,78.76,80.4342,80.9754,77.6542,72.1783,90.1445,91.4126,78.76,79.251,72.5373,85.5779,86.0536,51.5214,82.977,125.138,76.1538,80.076,75.7335,70.7103,71.4671,79.1201,74.1014,,716987,400545,137255,139346,149634,195991,167562,716987,642398,6545.6,142980,126776,41421.6,102391,18344.5,33536.1,70724.1,74545.6,131978,29093.1,455838,75188.9,-511.1
DEU,2003-10-01,565976,323051,110402,108378,109312,180696,157465,565976,510097,4877,124104,111315,20869,85245,23298,26684,56249,55815,92197,20759,360247,55899,,564911,292326,218643,53942,61735,7793,78.833,80.6441,79.9205,77.7557,72.7432,90.0408,91.1957,78.833,79.319,74.5513,85.4398,85.9412,51.7346,83.2747,125.435,80.7344,80.118,75.2542,69.8579,71.8635,79.2222,74.1718,,717943,400588,138140,139383,150271,200682,172667,717943,643096,6541.8,145253,129525,40338.6,102366,18573.8,33051.6,70207.7,74168.6,131978,28886.7,454730,75364.2,-615.8
DEU,2004-01-01,567112,323994,108878,106247,106035,187329,159025,567112,510035,5953,124795,110529,20885,83018,24484,27571,55663,54123,92434,21109,358402,57176,,569005,293094,222421,53490,61444,7954,79.1157,80.8266,79.9862,77.6448,74.1299,89.8049,91.2973,79.1157,79.489,73.2479,85.6464,85.8294,51.6999,81.3003,125.167,85.1496,80.409,75.6821,70.4386,71.793,79.4046,75.469,,716813,400851,136121,136837,143040,208596,174184,716813,641643,8127.2,145710,128778,40396.6,102113,19561,32379.5,69224.8,71513.6,131226,29402.6,451362,75760.9,-621.9
DEU,2004-04-01,573483,325468,109086,107772,106260,196563,163769,573483,518005,5719,127654,113448,20587,84707,24769,28909,56523,54986,92852,21299,364045,55603,,574384,292786,230162,51436,59692,8256,79.5319,81.2919,80.2864,78.0451,75.2039,90.2177,92.1837,79.5319,79.8629,71.4241,85.6511,85.848,51.74,81.4386,125.083,90.456,80.2987,76.1244,70.8166,72.1797,79.9697,76.3705,,721073,400370,135871,138089,141296,217876,177655,721073,648618,8007.1,149040,132150,39789.3,104013,19802,31959.2,70390.9,72231.8,131116,29508.3,455229,72806.9,-306.2
DEU,2004-07-01,572407,325536,110076,107579,111353,193794,168296,572407,516541,5238,127140,113140,19936,84375,24467,29057,56341,55389,93391,21207,364227,55922,,573514,292669,228683,52162,60409,8247,79.6419,81.5671,80.4346,78.1869,75.1202,90.5457,92.9312,79.6419,80.0196,66.3912,85.832,86.1044,51.511,81.541,124.265,92.6114,80.192,76.3219,71.2962,72.0961,80.2391,75.9401,,718726,399102,136852,137592,148233,214029,181097,718726,645518,7889.6,148126,131399,38702.4,103476,19689.3,31375.2,70257.6,72572.9,130990,29414.9,453927,73639.6,-306.2
DEU,2004-10-01,572491,328306,108786,107246,110110,194994,169517,572491,517332,4848,127527,113136,19637,85495,24769,28530,56810,55451,93098,21167,365320,55347,,576138,292415,229812,53911,61587,7676,79.7018,81.8131,80.487,78.3538,74.9165,90.7059,93.3198,79.7018,80.1518,62.0012,86.5852,86.8727,51.7364,81.9893,123.795,90.1938,80.5634,76.6348,71.1837,72.2862,80.2415,75.3566,,718291,401288,135160,136874,146977,214974,181652,718291,645440,7819.2,147285,130232,37955.9,104276,20008,31631.9,70515.9,72357.5,130786,29282.2,455276,73446.8,-398.2
DEU,2005-01-01,574340,331362,108923,105591,101849,200121,167940,574340,518521,4329,127153,112742,19312,86298,23996,28395,57457,55885,94123,21573,367727,55794,,570729,292226,226452,52051,60078,8027,79.8023,82.0984,80.3854,78.2499,75.2994,90.8132,93.8761,79.8023,80.1628,73.0904,85.8356,85.7285,51.5791,81.8369,126.202,88.9908,80.2184,76.7135,71.5711,72.8067,80.3411,76.241,,719704,403616,135501,134941,135259,220366,178895,719704,646835,5922.8,148136,131511,37441.5,105451,19014,31907.8,71625.7,72849,131510,29630.5,457707,73181.1,-363.6
DEU,2005-04-01,577785,332561,110319,107455,107401,203924,176202,577785,521152,4300,128523,113742,19695,86164,24919,27673,57946,56342,93995,21595,368634,56851,,583923,291669,239376,52878,61088,8210,79.8277,82.1197,80.2767,78.1281,75.2326,90.9922,93.8429,79.8277,80.2139,71.9738,86.4054,86.1434,52.1548,81.5165,126.057,88.0022,80.1554,76.8013,71.5595,72.7602,80.1934,76.1167,,723790,404971,137424,137537,142758,224111,187763,723790,649703,5974.4,148744,132038,37762.6,105701,19768,31445.8,72292.1,73360.7,131352,29679.7,459681,74689.3,-455.7
DEU,2005-07-01,582974,334101,110749,109106,108953,212437,183164,582974,524878,4179,129701,115110,19978,87223,24552,27899,58262,57048,94367,21669,371020,58198,,583555,291740,236991,54824,62689,7865,79.9016,82.5088,80.793,78.1464,75.4575,91.0743,95.0263,79.9016,80.2323,71.4139,86.335,86.0235,52.4263,81.6779,125.086,88.5132,80.2227,76.8236,71.5511,72.5949,80.2251,76.6513,,729615,404928,137078,139617,144390,233257,192751,729615,654198,5851.8,150230,133812,38106.8,106789,19628.1,31519.6,72625.3,74258.4,131888,29849.2,462474,75925.7,-468.8
DEU,2005-10-01,586943,335241,110335,112418,116665,216360,191508,586943,527403,4078,131452,116486,19533,87467,24360,28006,58446,57944,94351,21766,372340,59690,,587504,292800,239614,55090,62563,7473,80.159,82.8351,80.4797,78.2384,76.5822,91.4333,95.7753,80.159,80.1247,70.1785,86.1961,85.7006,52.4674,81.2405,123.157,90.8027,80.1452,77.0338,71.3601,72.195,80.1379,80.0492,,732223,404709,137097,143686,152340,236631,199956,732223,658228,5810.9,152503,135922,37228.8,107664,19779.6,30842.7,72925.1,75218.9,132218,30148.9,464624,74566.6,-403.2
DEU,2006-01-01,592014,339215,111752,110855,115396,224127,198390,592014,532905,4073,135088,119222,18864,87521,25499,27935,60170,56549,95006,22200,374880,59195,,595806,294193,246521,55092,63448,8356,79.9403,83.0744,81.0219,78.2333,75.261,91.7772,96.8362,79.9403,80.1326,69.1887,87.0374,85.0241,52.9078,77.7683,121.897,91.6452,81.9058,77.3368,72.1648,72.2233,79.843,77.9156,,740570,408327,137928,141698,153328,244208,204872,740570,665029,5886.8,155207,140222,35654.5,112541,20918.4,30481.7,73462.4,73120.4,131651,30738,469522,75973.2,-450.6
DEU,2006-04-01,603797,341819,111519,118858,121059,231684,202210,603797,544168,4380,138741,123289,20139,89592,25872,28174,60765,58570,95548,22387,380908,59703,,602331,296255,250789,55287,63548,8261,80.1575,83.3107,80.9093,78.41,76.0006,91.9861,97.2607,80.1575,80.4388,75.117,87.1397,85.0829,53.3688,78.0647,121.602,92.6633,82.1569,78.0034,72.1623,72.6113,80.1242,77.3436,,753263,410294,137832,151585,159287,251869,207905,753263,676499,5830.9,159217,144905,37735.5,114766,21275.9,30404.7,73962.1,75086.5,132407,30831.3,475397,77191.9,-483.4
DEU,2006-07-01,609598,342456,111973,119738,124045,238195,207002,609598,550014,4443,140417,124819,21036,90496,26150,28112,61442,59679,95649,22590,384118,59653,,607500,299605,252398,55497,63961,8464,80.3158,83.4749,80.6425,78.8852,77.2031,92.0188,97.7418,80.3158,80.5098,77.6287,86.9604,84.8104,54.4511,78.1796,120.444,92.2158,82.6719,77.8242,72.2472,73.0541,80.1705,78.3196,,759002,410250,138851,151788,160674,258855,211784,759002,683164,5723.4,161472,147174,38632.8,115754,21711.3,30485,74320.3,76684.4,132391,30922.3,479126,76166.1,-273.5
DEU,2006-10-01,621425,346987,112507,123410,122149,252342,212655,621425,558619,4490,141537,126277,21624,93579,26335,27586,63005,61071,96387,23005,390968,62711,,620544,300295,263361,56888,66030,9142,80.6909,83.714,80.7922,79.1256,77.3217,92.2179,97.3411,80.6909,80.6892,77.4966,86.6928,84.4979,55.1069,78.5191,119.563,89.8102,83.4838,78.2649,72.9695,73.5144,80.4685,80.2018,,770130,414491,139255,155967,157975,273637,218464,770130,692309,5793.8,163263,149444,39240.1,119180,22026.1,30715.9,75469.7,78031.1,132092,31293.2,485865,78191.5,-398
DEU,2007-01-01,628103,344551,113350,125444,133800,251145,214644,628103,560953,4445,143802,128401,21584,92149,27791,26826,63537,61821,96235,22763,391122,67249,,630590,302648,265223,62719,71443,8724,81.4592,84.3361,80.7315,80.3562,78.8427,92.4792,97.2673,81.4592,80.7889,75.5644,87.6285,85.6011,55.9032,78.9129,114.556,87.8288,84.2702,78.8384,72.3972,73.4605,80.2541,87.1766,,771065,408545,140404,156110,169705,271569,220674,771065,694344,5882.4,164104,149999,38609.6,116773,24259.8,30543.5,75396.8,78414.8,132926,30986.7,487355,77141.1,-224.7
DEU,2007-04-01,633266,348692,113847,124551,129130,258044,216364,633266,567977,4442,146709,130333,20979,94188,27089,26915,64165,63270,97390,22830,395847,65372,,631377,304810,264607,61960,69332,7372,81.5952,84.7601,80.7979,80.5154,78.4478,92.6816,97.5568,81.5952,80.9869,76.643,87.9323,85.9821,56.8061,79.2337,113.609,86.843,84.8312,79.0129,72.5274,73.2816,80.3709,86.9258,,776107,411387,140904,154692,164606,278420,221783,776107,701319,5795.7,166843,151582,36930.9,118874,23844,30992.7,75638.4,80075.5,134280,31153.8,492525,75204.4,-113.8
DEU,2007-07-01,638967,349846,114162,125168,132535,262890,220528,638967,572536,5775,148337,131717,21356,94606,27314,26445,64652,63703,97313,23035,397068,66369,,636360,306927,267383,62050,70474,8424,81.8894,85.113,81.0325,80.6455,78.5048,92.6147,97.2971,81.8894,81.233,100.471,87.9083,85.8719,57.6757,79.2602,112.176,85.6191,85.3905,78.9694,72.6659,73.8349,80.3769,87.6895,,780280,411037,140884,155208,168824,283853,226654,780280,704807,5747.9,168741,153388,37027.7,119361,24349.3,30886.8,75713.3,80668,133918,31198,494008,75686.4,-48.5
DEU,2007-10-01,645317,352291,115593,127956,133837,265364,221987,645317,577614,6238,149917,133063,22012,95972,27096,25734,65481,64615,97449,23100,399447,67484,,643893,309621,271996,62276,71172,8896,82.0722,85.8173,81.3929,80.8779,78.1994,92.6491,97.9282,82.0722,81.2743,108.729,87.9489,85.9612,58.3563,79.2097,109.791,84.2713,85.6842,78.9836,72.939,73.6084,80.2777,89.3074,,786279,410513,142018,158209,171148,286418,226683,786279,710697,5737.2,170459,154794,37720,121162,24679.6,30537.1,76421.3,81808.1,133603,31382.3,497581,75563.7,3.7
DEU,2008-01-01,650597,354876,116946,130328,136546,269279,227155,650597,582479,6830,149093,130892,22828,97284,27290,25089,65965,65079,99346,23675,403728,68013,,647556,313981,270097,63478,72181,8703,82.2933,86.2175,80.951,81.2869,79.5552,93.2634,99.4816,82.2933,81.5409,103.631,88.2672,85.3674,59.1488,80.6714,108.778,82.6041,86.4235,79.6207,72.2147,74.0948,80.5221,88.7869,,790583,411606,144465,160331,171637,288730,228339,790583,714340,6590.7,168911,153328,38594.2,120593,25087.7,30372.6,76327.6,81736.3,137570,31952.3,501388,76602.5,-115.6
DEU,2008-04-01,648692,355337,119256,128555,132174,268952,226896,648692,581802,5366,149938,130648,21712,96644,26883,24133,67368,65583,100283,23892,404786,67021,,655477,316870,275501,63106,71073,7967,82.3694,86.6701,81.0189,81.6819,79.5816,93.5987,100.498,82.3694,81.6232,82.5589,89.117,86.2331,59.7865,80.9804,107.239,79.6753,86.9802,79.7295,72.6795,74.4933,80.5991,88.9064,,787540,409988,147195,157385,166086,287346,225772,787540,712790,6499.6,168248,151506,36315.9,119342,25068.3,30289.2,77452.1,82256.9,137980,32072.7,502221,75383.8,-121.5
DEU,2008-07-01,646972,357769,118744,129202,137329,267969,234674,646972,578979,4858,147165,128681,21681,97272,27041,23829,67354,65440,100416,23923,405275,68158,,647895,318966,265446,63483,72036,8553,82.5978,87.2075,81.1267,82.0834,80.6547,94.0518,102.019,82.5978,81.7964,74.4407,89.1478,86.3374,60.5393,81.7034,107.122,79.2678,87.5364,80.2651,72.5194,74.7444,80.8825,89.7466,,783280,410250,146368,157403,170268,284916,230031,783280,707830,6526,165080,149044,35813.1,119055,25243.2,30061.4,76944,81529.8,138468,32006.4,501067,75944.9,-128
DEU,2008-10-01,639472,354118,120271,127578,134141,251454,220462,639472,570264,4620,137837,119531,21795,94766,27326,25087,66948,66381,101441,24063,406012,69258,,638353,321898,252773,63682,72760,9078,82.9103,86.8078,81.485,82.2543,79.8108,93.4814,99.1599,82.9103,82.0566,71.0682,88.9987,85.7527,60.8641,80.7175,107.342,83.7562,87.549,81.2851,73.2014,75.4366,81.3239,90.5365,,771282,407933,147599,155102,168074,268988,222330,771282,694964,6500.8,154875,139390,35809.3,117404,25456.9,29952.4,76469.2,81664.4,138578,31898.3,499253,76497.3,-60.7
DEU,2009-01-01,615500,354704,123014,117117,116624,218504,197275,615500,548284,4385,122779,104575,22245,95191,25730,26342,65002,60197,103071,23342,398875,67287,,614331,319081,233136,62114,71492,9378,83.7409,86.249,82.2612,82.1827,80.4517,92.0015,94.5059,83.7409,83.1403,69.5028,90.9326,89.9349,61.8069,84.4944,106.179,90.801,83.8442,80.9737,74.1166,75.3364,82.1845,89.0496,,735006,411256,149541,142508,144962,237500,208744,735006,659468,6309.1,135022,116278,35991.1,112660,24232.6,29010.7,77527.1,74341.4,139066,30983.7,485341,75561.3,-1.1
DEU,2009-04-01,618510,357146,124346,117350,108220,213991,185122,618510,551628,4228,122937,105270,22286,94882,25824,27620,65725,60065,104402,23659,402177,66953,,616904,318093,237096,61715,72545,10830,83.9419,86.5209,82.5996,82.1446,81.3674,90.8371,93.4642,83.9419,83.4708,67.0483,90.917,89.7921,62.0879,84.4169,104.769,97.5913,83.6978,81.475,74.4668,75.9202,82.6564,88.1371,,736831,412786,150541,142858,133002,235577,198067,736831,660863,6305.9,135219,117238,35894.3,112397,24648.5,28301.7,78526.6,73722,140199,31163,486565,75964.6,24
DEU,2009-07-01,624940,356780,126015,117446,111887,221113,190839,624940,557616,4038,127591,109197,22266,94713,26067,28289,65826,59700,105406,23720,403721,67340,,626253,320108,245592,60553,72807,12254,84.2775,86.7169,83.0928,82.2541,81.1396,90.9671,93.1143,84.2775,83.8362,63.8944,91.7118,90.7658,62.0923,84.5677,104.421,100.651,83.5782,81.837,74.7549,76.1218,82.9693,88.2696,,741526,411431,151656,142784,137894,243069,204951,741526,665126,6319.8,139122,120306,35859.5,111997,24963.3,28105.9,78759.8,72949.9,141002,31160.6,486591,76289,-7.4
DEU,2009-10-01,632835,358547,125415,116961,111041,228579,190669,632835,564330,4069,130797,112341,22352,95382,26247,28465,66875,60657,105544,23942,407112,68583,,636482,321499,252465,62518,73975,11457,84.6968,87.0539,82.7917,82.7576,83.4649,91.399,93.8596,84.6968,84.2273,64.726,92.8336,92.179,62.5886,84.7675,103.34,99.2493,84.5525,82.7618,74.3959,76.8162,83.1253,88.9786,,747177,411868,151483,141330,133039,250089,203143,747177,670008,6286.5,140894,121873,35712.6,112522,25398.6,28680.3,79092.9,73291.1,141868,31167.9,489757,77078.1,36.6
DEU,2010-01-01,636738,357793,127791,118220,120676,236547,206080,636738,572142,4287,139949,120387,22725,90925,25500,28815,65922,62538,107771,23710,405181,64585,,636274,324787,252551,58936,69181,10245,84.6087,87.4183,83.397,82.8283,81.9632,91.8522,95.1406,84.6087,84.0611,69.3734,90.3882,88.9893,63.0712,84.7427,104.722,97.1026,84.9899,83.0101,75.6279,77.1544,83.5691,89.4299,,752568,409289,153232,142729,147232,257530,216606,752568,680626,6179.6,154831,135283,36030.7,107295,24350.2,29674.8,77564.5,75337.8,142502,30730.6,484846,72218.6,-31.7
DEU,2010-04-01,647928,363476,126892,126614,127138,257197,226707,647928,579354,4538,143929,124684,24297,93122,25131,28500,65577,63106,107538,23616,406590,68642,,648635,327447,257849,63339,72967,9628,84.275,87.9612,83.5229,83.2435,80.1179,93.2933,97.6788,84.275,83.7569,73.3533,89.8727,88.5158,62.9031,84.9296,102.976,94.038,85.0383,82.9241,75.5228,77.0146,83.2842,88.8657,,768826,413223,151925,152101,158689,275686,232094,768826,691709,6186.5,160148,140861,38626.1,109646,24404.6,30306.9,77114.7,76100.9,142391,30664.3,488196,77242.4,14.4
DEU,2010-07-01,658892,366333,128498,127836,129525,263937,229257,658892,589249,5471,147416,127748,23727,95316,25453,29024,66422,64185,108463,23772,412635,69787,,660267,330830,265106,64331,74050,9719,84.8756,88.2232,83.5961,83.3307,82.6178,94.2157,99.0264,84.8756,84.365,88.5332,90.6716,89.1632,63.0435,85.5069,103.13,94.398,85.5794,83.3198,75.712,77.5421,83.677,89.5551,,776303,415234,153713,153408,156776,280141,231511,776303,698452,6179.6,162582,143274,37635.9,111472,24680.6,30746.4,77614.5,77034.5,143257,30656.9,493128,77926.3,9
DEU,2010-10-01,665843,369897,128840,126389,131650,269385,233718,665843,595014,5998,152414,132425,23087,95309,25644,28926,66814,64941,108141,23740,413515,71040,,670084,334039,270554,65491,75128,9637,85.227,88.6522,83.6095,83.3377,84.0537,94.3197,99.7221,85.227,84.6923,94.9276,91.1464,89.7348,63.8156,86.1578,102.883,93.2715,86.0844,83.7545,75.6036,77.5995,83.8567,90.0587,,781259,417245,154097,151659,156626,285608,234369,781259,702560,6318.5,167219,147574,36177.7,110621,24925.4,31012.7,77614.5,77537.3,143037,30593,493121,78881.9,20.2
DEU,2011-01-01,678752,371678,129669,134320,144330,280076,247039,678752,605274,6370,152398,134678,24369,96677,27359,29338,69560,64412,110625,24166,422137,73440,,680111,338708,273506,67897,77832,9935,85.3314,89.2942,84.2341,84.1999,84.1024,95.6969,102.752,85.3314,84.4753,99.1332,90.4037,88.11,63.6198,85.1238,100.981,91.308,86.2643,83.822,76.5483,78.2925,83.7496,92.8155,,795430,416240,153939,159525,171612,292670,240423,795430,716510,6425.7,168575,152852,38304.1,113572,27093.1,32130.8,80635.9,76843.8,144517,30866.3,504047,79124.7,4.4
DEU,2011-04-01,682517,375312,130781,136342,146403,284216,254238,682517,608594,6692,153479,136641,24691,96848,27710,29451,69845,64487,111143,24248,423732,73880,,683801,342632,272461,68708,78448,9740,85.543,89.7806,84.6078,84.6854,84.3066,95.7969,103.253,85.543,84.7828,103.89,90.6885,88.625,64.1366,85.2181,100.988,89.5145,86.8509,84.2049,76.9738,79.2773,83.9789,92.4296,,797864,418032,154573,160998,173656,296686,246228,797864,717827,6441.4,169238,154179,38497.5,113647,27439,32900.8,80419.4,76583.4,144391,30586.3,504570,79931.1,2.5
DEU,2011-07-01,689494,377346,130939,138556,147127,288015,253924,689494,615667,6309,157056,139934,24682,98608,27809,30043,70561,65016,111391,24192,427620,73836,,690095,344695,276669,68731,78576,9845,85.9585,89.9286,84.5838,84.9914,85.248,96.0287,103.077,85.9585,85.1978,97.289,91.6197,89.4989,65.2407,85.8132,100.862,90.5371,87.0739,84.5982,76.9777,79.1898,84.2616,92.8839,,802125,419606,154804,163024,172587,299926,246344,802125,722633,6484.8,171422,156353,37832.2,114910,27571.2,33183.1,81035.8,76852.7,144706,30549.4,507491,79492.8,-1.5
DEU,2011-10-01,692280,380246,132032,138397,145893,286960,252674,692280,618291,6029,156888,139440,25884,98954,28095,29987,71055,65615,111535,24249,429490,74166,,692903,347429,276563,68911,79022,10111,86.3339,90.3749,84.7949,85.2985,86.1995,96.1639,103.575,86.3339,85.5609,93.2791,91.6845,89.4665,65.8918,85.9179,100.302,99.912,86.8355,84.6949,76.7349,79.4273,84.7616,93.3917,,801864,420743,155708,162250,169250,298407,243952,801864,722633,6463.4,171117,155857,39282.6,115173,28010.4,30013.4,81827.1,77472.2,145351,30529.8,506703,79413.9,3.5
DEU,2012-01-01,695188,384015,132912,139510,138525,296051,256692,695188,619690,6026,159109,140294,26256,96840,28504,30100,68782,66364,113186,24523,428299,75121,,699657,351955,277766,69936,79983,10047,86.4528,90.8412,85.2942,85.9162,85.4598,97.3147,105.251,86.4528,85.6007,92.4815,92.7182,91.6236,67.4648,82.4555,100.12,96.7668,87.1194,85.4365,78.0992,80.1332,84.3535,94.1241,,804124,422732,155828,162379,162094,304220,243887,804124,723931,6515.9,171605,153120,38918.1,117445,28469.9,31105.7,78951.4,77676.4,144926,30602.8,507743,79810.6,-0.7
DEU,2012-04-01,697956,385156,134449,140404,135710,299670,257313,697956,623504,6117,159763,140388,26219,97475,28526,30617,68867,66872,114536,24512,431405,74168,,695501,356653,269923,68925,79204,10279,86.6752,90.9137,85.9624,86.2906,85.1106,97.7023,105.216,86.6752,85.9527,94.7007,92.8281,91.5607,67.6656,82.8287,99.8834,98.0748,87.1811,85.7931,78.774,80.4588,84.7838,93.5776,,805254,423650,156404,162711,159451,306718,244558,805254,725403,6459.3,172106,153328,38747.9,117683,28559.3,31218,78993,77945.7,145398,30465.3,508830,79258.3,-5.6
DEU,2012-07-01,704039,387864,135124,140537,134667,303702,257684,704039,628754,6542,161448,141808,26240,98040,29038,30804,69257,67361,115402,24622,434524,74919,,700960,358739,272214,70007,80262,10255,87.3081,91.2703,85.9607,86.6568,86.3546,97.8646,104.992,87.3081,86.5193,101.269,93.593,92.1506,68.4647,83.3265,100.744,97.6302,87.5548,86.3309,79.0785,81.1472,85.1919,94.1606,,806385,424962,157193,162177,155947,310329,245433,806385,726721,6460,172500,153887,38326.3,117658,28823.6,31551.7,79101.3,78026.5,145934,30342.4,510053,79565.1,-5.5
DEU,2012-10-01,704832,388601,136385,139792,137064,298466,256067,704832,628444,6828,158722,139325,26095,98293,29320,30434,69703,67883,116457,24709,436799,76005,,703161,361461,271188,70512,80666,10154,87.6521,91.8691,86.5829,86.8581,86.3659,97.8048,105.158,87.6521,86.8285,106.36,93.7047,92.223,69.1612,83.9968,100.744,94.0287,87.8504,86.98,79.6296,82.0317,85.4819,94.971,,804124,422994,157520,160943,158702,305165,243507,804124,723776,6419.7,169385,151074,37730.7,117020,29103.5,32366.7,79342.8,78044.4,146248,30121.3,510984,80029.7,5
DEU,2013-01-01,706963,389480,138868,135053,137309,296523,255907,706963,629742,6835,157008,140157,26018,98977,29747,29784,71004,69562,116509,24298,439881,76531,,702765,362817,269678,70270,81092,10822,88.383,92.3872,87.4229,87.0659,87.8018,97.5537,104.872,88.383,87.3281,109.053,93.5555,92.7466,70.2371,85.0744,99.851,90.5685,87.6994,88.0251,81.4135,82.8119,86.1208,97.6698,,799886,421574,158846,155116,156385,303959,244018,799886,721122,6267.6,167823,151118,37043.1,116342,29791.4,32885.6,80962.9,79025.2,143108,29341.2,510772,78356.9,-12
DEU,2013-04-01,716474,392886,139364,140709,143237,296906,256823,716474,637519,6766,158822,141579,26932,99969,30132,29795,71815,70358,118335,24595,444999,78051,,716256,366245,278006,72005,82962,10957,88.4377,92.3523,87.9267,87.3529,86.3246,97.3877,103.552,88.4377,87.541,107.67,93.7861,92.7265,70.9487,85.0858,99.4183,88.2851,88.1841,88.3101,82.0666,83.9085,86.3046,97.0352,,810145,425421,158500,161081,165928,304870,248014,810145,728252,6284,169345,152684,37959.8,117492,30308.3,33748.6,81437.6,79671.5,144194,29311.7,515615,80435.8,6.2
DEU,2013-07-01,723373,395970,141576,142108,144225,300686,259748,723373,644058,6219,159676,142635,27461,100923,30368,29812,72271,72803,119687,24838,450702,78651,,723323,369746,280485,73092,83851,10759,88.9267,92.7152,88.5809,88.1408,86.9495,96.964,103.106,88.9267,87.9522,99.1155,93.9033,93.0577,71.2032,85.2897,99.5587,87.4706,88.4634,90.4011,82.8143,84.9154,86.9357,97.6108,,813449,427082,159827,161228,165872,310101,251923,813449,732282,6274.5,170043,153276,38567.1,118330,30502.6,34082.3,81695.9,80533.3,144524,29250.3,518432,80576.1,-0.1
DEU,2013-10-01,727304,394990,142167,145443,143690,305807,259975,727304,649300,6756,161050,144538,27820,101259,30638,29981,72505,73786,120634,24871,453674,77379,,724136,372632,279649,71855,82376,10521,89.2573,93.1532,88.9186,88.541,87.4374,96.9276,103.148,89.2573,88.2664,106.659,93.3453,92.5999,71.439,85.6098,100.099,90.2604,88.4883,90.7617,83.3062,85.3006,87.4606,98.3995,,814840,424022,159884,164266,164335,315500,252040,814840,735614,6334.2,172531,156089,38942.3,118280,30607.6,33216.1,81937.4,81296.4,144808,29156.9,518718,78637.6,-18.1
DEU,2014-01-01,740276,398014,143796,148431,152383,305403,260163,740276,660870,7382,165393,149455,28295,105118,30886,29796,72602,74042,122147,25209,459800,78563,,737341,378244,286342,72755,83503,10748,89.883,93.5745,89.5498,88.7045,88.6814,96.9317,103.083,89.883,88.8423,106.905,93.1584,92.517,71.6501,88.1872,98.5203,92.1675,88.8075,90.8259,83.8769,86.0916,88.3287,99.4854,,823599,425344,160577,167332,171832,315070,252382,823599,743868,6905.2,177540,161543,39490.5,119199,31349.9,32328.1,81752.1,81520.8,145626,29281.6,520556,78969.4,-10.4
DEU,2014-04-01,744468,399125,145148,147221,152405,308032,261462,744468,662388,7397,165135,149297,27888,104918,31284,29735,73026,74469,123290,25246,461968,80860,,741144,381229,286087,73828,85321,11493,90.3348,93.4515,89.9395,88.9602,89.3373,96.8738,101.936,90.3348,89.363,104.888,93.5887,93.0638,72.392,88.5208,99.1506,93.5855,89.2534,91.0988,84.7076,86.5885,88.8987,99.6084,,824121,427093,161384,165491,170595,317972,256496,824121,741233,7052.3,176448,160424,38523.6,118524,31552,31773.1,81818.7,81745.3,145548,29156.3,519656,81177.9,-6.7
DEU,2014-07-01,749485,403225,146748,147568,148268,314004,263401,749485,667925,6542,166499,150874,27967,106464,31643,30131,73756,75436,124111,25376,466917,80919,,749862,384588,290642,74632,86329,11697,90.5234,93.6827,90.2109,89.319,89.2255,97.0321,102.019,90.5234,89.5389,92.345,93.7624,93.4047,72.8605,88.8782,98.5048,94.7456,89.4445,91.2596,85.2164,87.0636,89.232,99.7888,,827946,430416,162672,165215,166172,323608,258187,827946,745961,7084.3,177575,161527,38384.3,119786,32123.3,31802,82460.1,82660.9,145642,29146.5,523262,81090.3,-5.8
DEU,2014-10-01,758702,406249,147831,149293,149533,320842,266845,758702,675538,6004,169226,152997,28117,108132,31684,30556,74495,76407,125407,25510,472191,82072,,756123,387810,292980,75333,87310,11977,90.8732,93.9273,90.2473,89.6339,89.2021,97.2288,101.518,90.8732,89.8963,84.586,94.0747,93.58,73.4141,89.2183,98.716,94.7156,90.2131,91.816,85.6802,87.6268,89.6953,100.246,,834902,432514,163807,166559,167634,329987,262855,834902,751464,7098.1,179885,163493,38299.2,121199,32096.1,32260.8,82576.7,83217.5,146366,29112.1,526439,81870.2,-6.8
DEU,2015-01-01,761470,405796,148500,149720,150407,323514,268164,761470,677901,5402,168709,152818,28298,109881,31135,31069,75153,76651,125669,25934,475492,82152,,758815,391296,292108,75411,87584,12173,91.3975,93.4189,90.2611,90.0545,90.2511,97.5497,100.248,91.3975,90.5587,88.5603,95.1244,95.1994,75.0654,90.6871,98.2096,95.4375,90.7172,91.9481,85.3406,88.3747,90.0935,99.21,,833141,434383,164523,166255,166654,331640,267500,833141,748577,6099.8,177356,160524,37697.8,121165,31702.6,32554.3,82843.2,83363.3,147256,29345.5,527776,82806.2,-8.6
DEU,2015-04-01,770621,412120,150468,150621,146346,331296,271583,770621,686831,5434,171648,155948,28166,110675,31852,31423,75809,78228,127516,26080,481583,81816,,766369,397240,294013,75116,87016,11900,91.9203,94.4186,90.926,90.2964,90.365,98.1679,101.372,91.9203,91.1383,88.756,95.6137,95.87,75.5447,91.22,98.7166,95.8354,91.1333,92.6033,86.217,88.8647,90.7088,99.5205,,838358,436482,165484,166807,161950,337479,267908,838358,753614,6122.4,179522,162666,37283.9,121328,32266.1,32788.5,83184.7,84476.5,147901,29348,530911,82210.2,-8.6
DEU,2015-07-01,776704,414860,152059,151956,150160,330285,272361,776704,691442,5394,171703,155770,28338,111920,32282,31296,76546,79137,128652,26174,486007,83561,,776699,400655,298318,77726,89680,11954,92.187,94.4597,91.0098,90.6067,90.7355,97.8978,100.578,92.187,91.393,88.2569,95.3591,95.6103,76.267,91.4171,98.9053,96.1442,91.7621,93.0367,86.699,89.3646,91.1131,99.9173,,842531,439192,167080,167709,165492,337378,270796,842531,756559,6111.7,180059,162922,37156.3,122428,32639.3,32551.1,83417.9,85060,148389,29289,533410,83630.2,-9.8
DEU,2015-10-01,782462,417407,154916,155856,153321,326630,271619,782462,694464,5643,171119,155535,28854,112353,33002,30998,77034,79657,129476,26328,488848,86191,,785146,404813,299844,80489,92642,12153,92.3843,94.2888,91.1465,90.8867,90.9057,97.3402,99.2137,92.3843,91.5579,90.4515,95.4047,95.6632,76.9906,91.5279,98.5873,96.7931,91.9248,92.9417,86.9407,89.9432,91.2631,100.441,,846965,442690,169964,171484,168659,335555,273772,846965,758497,6238.7,179361,162586,37477.3,122753,33474.9,32025,83801.1,85706.4,148924,29271.8,535647,85812.7,-18.5
DEU,2016-01-01,792168,419110,156097,158782,158230,327484,270656,792168,704665,5522,178458,162804,29639,113401,31837,30831,77147,80862,130870,26098,491046,85600,,786059,408339,299638,78082,90769,12687,92.7306,94.0489,90.9208,91.0436,91.3441,96.6302,97.1157,92.7306,91.8586,88.0042,96.1566,96.7665,77.6685,91.6302,98.7384,97.384,92.3533,92.9746,86.8577,90.5385,91.4158,100.94,,854268,445630,171684,174402,173224,338904,278694,854268,767119,6274.7,185591,168244,38160.9,123759,32243.8,31659.2,83534.6,86972.1,150672,28825.3,537157,84802.6,-26.8
DEU,2016-04-01,796968,421323,157957,157747,154094,331020,269586,796968,710634,5572,177495,161719,30156,114012,32840,30574,78333,82540,132734,26378,497411,84174,,803037,411667,311928,79442,91134,11692,93.0274,94.7034,91.2076,91.4055,91.4598,96.6438,97.3636,93.0274,92.2639,86.5137,95.8411,96.4147,79.1274,92.2357,98.7541,99.5795,92.6644,93.5045,87.4824,90.9056,92.008,100.537,,856702,444887,173184,172579,168483,342516,276886,856702,770219,6440.6,185197,167733,38110.7,123609,33254.3,30703.1,84534.1,88273.8,151726,29016.9,540617,83724.7,-5.8
DEU,2016-07-01,801705,425241,159190,160051,156386,331446,273120,801705,713265,5879,178098,162107,30177,114658,32579,30477,77924,83136,133985,26352,499111,85878,,799823,416108,304096,79619,92024,12405,93.202,95.1074,91.6346,91.7518,91.1572,96.9592,97.9589,93.202,92.4195,92.8943,95.6581,96.2516,79.5054,92.5244,98.1987,98.9841,92.8024,93.5423,88.0147,91.2333,92.2008,100.924,,860180,447116,173722,174439,171556,341841,278811,860180,771769,6328.7,186182,168420,37955.9,123922,33176.6,30789.8,83967.7,88875.3,152230,28884.2,541330,85091.8,-20
DEU,2016-10-01,808358,429880,160647,161273,161787,335104,281649,808358,718347,6369,178760,163014,30205,117318,32490,30390,78050,83596,134683,26486,503013,87422,,806291,421291,305094,79906,92160,12254,93.55,95.445,91.692,92.054,91.8766,97.6821,98.8563,93.55,92.6963,98.474,95.9214,96.6617,80.1672,93.4731,97.7931,96.6474,93.1928,93.5684,88.1541,91.7439,92.3916,101.837,,864092,450396,175203,175194,176092,343056,284908,864092,774947,6467.7,186361,168644,37677.5,125510,33223.2,31444.2,83751.1,89342.1,152781,28869.5,544436,85845.4,-20.1
DEU,2017-01-01,821330,432268,161636,163114,168590,345321,289126,821330,728924,6777,179842,163189,30825,120423,33922,30201,78645,85564,136178,26547,511480,89765,,823931,425913,315661,82357,94617,12260,93.8473,95.7174,92.5179,92.669,93.2825,98.7705,101.129,93.8473,92.9182,103.248,95.4091,95.8571,80.5049,93.8161,97.8699,94.9418,93.8449,94.1278,88.9699,91.7676,92.7967,102.652,,875177,451609,174708,176018,180731,349620,285899,875177,784480,6563.8,188496,170242,38289.6,128361,34660.3,31810,83803.2,90901.9,153061,28928.5,551183,87445.6,-37.5
DEU,2017-04-01,831407,438330,163486,167878,169144,352302,294929,831407,740045,7058,183585,166248,31850,122171,34100,30304,79097,86660,138607,26613,517552,88288,,826194,430973,312626,82595,94928,12333,94.2868,96.2768,93.0749,93.192,92.3909,98.8962,100.592,94.2868,93.4403,107.343,95.7489,96.102,82.0546,94.451,97.9443,92.9776,94.7232,94.5863,89.7355,92.2151,93.2744,102.297,,881785,455281,175650,180142,183074,356234,293192,881785,791997,6575.2,191736,172991,38815.6,129348,34815.7,32592.8,83503.3,91620,154462,28859.7,554870,86305.8,-9.7
DEU,2017-07-01,842510,440755,164953,169953,172849,354090,293190,842510,752034,7524,187379,169986,32219,124274,34464,30384,79849,88578,140496,26867,524912,87423,,836487,434873,320191,81423,93667,12244,94.7426,96.8373,93.6232,93.6452,92.4731,98.4746,99.8007,94.7426,93.9702,112.379,95.6119,95.8798,83.2709,95.3122,97.6381,93.0033,95.2911,95.2242,90.6352,93.024,93.9401,102.65,,889262,455150,176188,181486,186918,359575,293775,889262,800290,6695.2,195979,177291,38691.8,130386,35297.7,32669.8,83794.8,93020.5,155013,28881.8,558773,85166.1,17.7
DEU,2017-10-01,854393,444266,167915,171966,180300,358270,299959,854393,760414,7306,189433,172016,32975,126335,34676,30346,80396,89981,141931,27035,530700,90378,,846498,440628,322967,82903,95310,12407,95.0842,96.8367,94.1942,94.3714,94.0259,98.7933,100.567,95.0842,94.2234,107.209,95.5859,95.9008,84.2063,95.6817,97.3916,95.3497,95.3939,95.443,90.9513,93.32,94.3131,103.54,,898565,458778,178265,182223,191756,362646,298268,898565,807033,6814.7,198181,179369,39159.8,132037,35604.7,31826,84277.9,94277.2,156052,28970.2,562700,87287.8,17.5
DEU,2018-01-01,853397,446560,167424,174042,178543,364198,307359,853397,759244,6056,188364,170634,32830,124941,36483,30114,80256,90974,142302,26924,531994,90122,,849034,446031,319372,83631,95476,11845,95.4559,97.1515,94.6255,94.9591,95.5749,99.0953,101.546,95.4559,94.4959,105.472,95.9261,95.8607,84.2625,94.5611,98.0057,97.7391,95.8911,95.7193,91.8935,93.2472,94.5862,104.805,,894022,459653,176933,183281,186810,367523,302680,894022,803468,5741.8,196364,178002,38961.6,132127,37225.4,30810.6,83694.9,95042.5,154855,28873.8,562443,85990.3,24.1
DEU,2018-04-01,862510,451145,169636,177762,180839,367399,309733,862510,767031,5859,189422,171846,33960,126545,37121,29933,80534,92664,143867,27126,537790,92255,,860194,451795,322622,85777,98330,12553,95.8229,97.8419,95.2444,95.6435,94.6572,99.5276,101.83,95.8229,94.9795,101.553,96.2018,96.2392,85.7078,95.2253,97.6699,100.231,96.2999,96.1712,92.3969,93.2091,95.1192,104.03,,900108,461096,178106,185859,191046,369143,304167,900108,807575,5769.4,196901,178561,39623,132890,38006.6,29864.1,83628.3,96353.2,155705,29102.3,565386,88681.3,-10
DEU,2018-07-01,864323,454185,170499,181375,190140,365810,321275,864323,767972,6705,187374,169654,34719,127279,36963,29945,80129,92609,145129,27120,539174,91387,,856026,457277,313620,85129,97371,12242,96.4436,98.5386,95.8738,96.4882,96.0297,100.271,103.161,96.4436,95.6006,117.276,95.9908,96.078,87.4953,96.1395,97.7539,101.558,96.4015,96.4917,93.3396,94.2148,95.7897,104.844,,896196,460921,177837,187976,198001,364823,311431,896196,803313,5717.3,195200,176580,39681,132390,37812.3,29485.5,83120.1,95976.1,155485,28785.3,562873,87164.9,
DEU,2018-10-01,875242,458605,172966,184194,194977,367865,323618,875242,779872,6875,187818,170256,36130,130509,37921,30537,81507,93657,147215,27703,549049,90923,,868775,460995,323057,84723,97234,12511,97.2844,98.6368,96.5098,97.2827,98.5847,100.629,103.275,97.2844,96.4308,116.882,96.6882,96.6902,89.5926,97.5201,98.1489,100.909,97.2696,97.1746,94.0716,94.7678,96.5827,105.877,,899673,464943,179221,189339,197776,365565,313356,899673,808738,5882,194251,176084,40327,133828,38636.2,30262,83794.9,96380.1,156492,29232.5,568476,85876.3,
DEU,2019-01-01,882382,459806,175614,185802,190102,378230,326371,882382,784829,7364,191872,172353,35432,130892,38203,31000,81731,90694,149858,27783,550161,92552,,876182,467113,323211,85858,98334,12476,97.3817,98.4185,96.8214,97.6029,98.7523,100.388,102.62,97.3817,96.7678,118.305,97.775,97.4895,92.0164,95.8386,98.5713,100.578,97.946,97.2269,94.828,94.8899,96.521,103.788,,906107,467194,181379,190365,192504,376770,318038,906107,811044,6224.6,196238,176791,38506.2,136576,38756.7,30821.8,83445,93280.8,158031,29279.2,569991,89174.2,
DEU,2019-04-01,886035,466277,177581,187644,187584,372662,322525,886035,787321,7502,190391,171266,35416,130725,38790,31421,81954,91242,151636,28244,554012,94258,,879277,473983,318328,86966,100751,13785,97.7848,99.5056,97.6162,98.2569,97.3969,100.166,102.425,97.7848,97.1772,119.605,97.7156,97.4473,93.0687,96.2272,98.4181,100.531,98.3014,97.4673,95.9245,95.7333,97.0393,104.246,,906107,468594,181918,190973,192598,372045,314888,906107,810191,6272.3,194842,175752,38053.6,135850,39413.5,31254.9,83370.1,93612.9,158078,29502.8,570915,90419.2,
DEU,2019-07-01,896946,471011,181595,188828,187149,376826,325966,896946,795690,7374,190462,171539,36393,132446,39152,31735,82521,93046,154109,28452,561461,94925,,891357,479160,324541,87656,101396,13740,98.4505,99.9285,98.2853,98.9246,97.4746,100.338,101.95,98.4505,97.8452,116.305,98.4759,98.2459,94.8742,96.6314,98.8103,100.832,98.9322,98.1148,96.8045,96.1743,97.6425,104.497,,911062,471348,184763,190881,191998,375555,319730,911062,813214,6340.2,193410,174602,38359.2,137063,39623.4,31473.1,83411.7,94833.8,159196,29583.8,575017,90840.1,
DEU,2019-10-01,898425,470652,182716,189166,193082,376364,328904,898425,799951,7229,190481,170931,36886,133950,39528,31879,82899,93292,155003,28804,565355,93959,,890464,478808,324797,86859,100976,14117,99.0762,99.9358,98.8406,99.5723,99.6309,100.786,102.17,99.0762,98.5193,113.803,99.2296,98.8479,96.6272,97.5507,99.5933,100.217,99.6042,98.842,97.2987,96.6097,98.2568,105.335,,906802,470954,184859,189979,193797,373429,321917,906802,811974,6352.2,191960,172923,38173.5,137313,39689.4,31810,83228.4,94385,159306,29814.8,575385,89200.5,
DEU,2020-01-01,888402,452878,186506,185975,197680,365672,321179,888402,790582,6679,186969,168230,38465,128568,38758,31432,82264,92902,158268,26277,558469,90975,,883736,480193,323054,80489,96818,16329,99.8447,100.337,99.0191,99.9585,101.381,100.598,101.876,99.8447,99.0844,107.521,100.134,100.459,98.347,99.231,99.0498,99.91,98.3833,99.0885,97.8757,98.2189,98.6915,106.864,,889784,451357,188354,186052,194988,363498,315266,889784,797887,6211.8,186719,167461,39111.5,129564,39129.8,31460.3,83615.8,93756.6,161703,26753.5,565873,85131.3,
DEU,2020-04-01,815930,405943,190870,176760,180771,287115,254758,815930,721367,6359,156638,138521,37262,113343,37287,31245,81353,84957,150668,22255,521108,88574,,807619,459318,287188,61113,96078,34965,100.703,100.62,101.398,100.338,97.9144,99.5978,97.9658,100.703,100.018,101.781,99.8824,99.8317,99.1543,99.2956,99.4904,99.5695,99.8908,99.4825,101.592,99.6267,100.092,106.669,,810230,403441,188238,176165,184622,288274,260048,810230,721238,6247.7,156822,138754,37579.8,114147,37478,31380.1,81441.9,85398.9,148307,22338.4,520631,83036.3,
DEU,2020-07-01,876207,446403,195370,182269,176315,336799,285996,876207,784316,6108,180106,160463,37356,128988,39144,32453,84423,88970,161156,25612,560746,84575,,870717,474492,327030,69195,91458,22263,99.4066,99.1424,99.3736,99.5828,99.7759,99.5199,99.2565,99.4066,100.088,96.0725,100.056,100.022,100.816,100.486,100.516,99.5613,100.745,100.21,99.4294,99.8125,100.107,93.5389,,881438,450264,196602,183033,176711,338424,288138,881438,783627,6357.7,180006,160428,37053.8,128364,38943.2,32596,83799,88783.3,162081,25660.1,560148,90416.9,
DEU,2020-10-01,889751,440977,196299,188565,192411,354312,300557,889751,796956,5999,188747,168711,40886,127741,40140,33098,85132,91966,159184,24063,561324,86486,,888648,480053,339896,68699,93884,25185,100.104,99.966,100.228,100.132,100.791,100.16,100.495,100.104,100.814,94.8174,99.9174,99.6713,101.632,100.931,100.918,100.934,100.969,101.221,101.262,102.597,101.135,94.0836,,888828,441127,195852,188317,190901,353745,299077,888828,790525,6326.9,188903,169267,40229.3,126563,39774.9,32791.7,84315.4,90857,157201,23453.8,555023,91924.6,
DEU,2021-01-01,896435,435143,197739,186674,202612,370487,317167,896435,798576,6226,188543,168585,37805,126159,41109,33689,83667,95176,161828,24374,566002,90238,,889626,476310,343720,69596,96553,26957,101.337,102.304,101.64,101.497,100.23,101.675,102.562,101.337,101.476,84.5453,100.154,97.5295,104.167,102.2,100.815,101.502,101.231,102.597,102.597,99.5963,101.976,100.037,,884611,425344,194549,183921,202148,364384,309243,884611,786960,7364.1,188254,172855,36292.8,123444,40776.7,33190.4,82649.6,92766.9,157732,24472.8,555034,90204.3,
DEU,2021-04-01,916357,447827,204579,194762,204281,381511,328994,916357,813630,6731,189309,169032,40528,132875,41737,35266,84562,98812,159652,24158,577062,95574,,910102,484535,350638,74929,103434,28505,101.299,102.658,102.236,103.501,99.6234,103.644,105.541,101.299,101.441,90.707,99.7447,97.3381,106.689,103.863,100.676,99.655,100.551,101.902,101.704,100.602,101.804,99.8681,,904607,436230,200106,188174,205053,368096,311722,904607,802073,7420.6,189794,173654,37986.9,127932,41456.9,35388.1,84098.9,96968.1,156977,24013.4,566836,95700.2,
DEU,2021-07-01,938789,472464,206296,194575,206211,388505,343124,938789,830535,7023,187980,167964,40498,140099,41860,35719,85202,100674,165204,26276,595034,99817,,931986,497924,349684,84378,107391,23013,103.599,103.217,103.392,106.798,108.115,106.482,109.175,103.599,102.264,93.7675,100.552,98.4261,108.906,105.569,100.305,100.28,100.24,102.822,102.227,101.393,102.505,115.517,,906172,457740,199529,182190,190733,364857,314289,906172,812148,7489.8,186947,170650,37186.2,132709,41732.8,35619.1,84998.4,97910.7,161605,25915,580491,86408.9,
DEU,2021-10-01,951572,482917,208607,199360,218834,415560,381093,951572,842242,7782,193912,173872,42221,144607,42902,34018,86279,101890,163788,24843,598327,102583,,950625,503905,369308,77412,111084,33672,104.519,104.819,104.883,108.546,111.002,109.093,113.987,104.519,103.203,104.817,100.782,98.8156,113.681,107.547,100.162,100.913,99.8722,103.76,102.895,102.179,103.323,117.526,,910432,460713,198894,183663,197143,380921,334330,910432,816100,7424.4,192407,175956,37139.8,134459,42832.7,33710.1,86389.4,98197.9,159180,24313.1,579084,87285.5,
DEU,2022-01-01,977676,506406,214932,206571,217551,433469,400591,977676,869535,8828,203668,175517,40773,151554,41258,33123,84372,104761,171905,29293,616266,102232,,975268,510473,367745,97050,110876,13826,106.562,107.001,106.529,111.392,116.429,113.106,119.574,106.562,105.931,116.202,108.309,99.8548,118.295,108.864,98.3265,100.847,99.5215,105.543,104.749,102.996,104.31,115.11,,917475,473272,201759,185445,186853,383241,335015,917475,820848,7597.1,188044,175772,34467.1,139214,41960.2,32844.7,84777.7,99259.5,164112,28440.8,590802,88812.8,
DEU,2022-04-01,994359,517682,216675,213688,231736,448006,424826,994359,888285,9881,211882,183836,43117,158275,41012,32628,85091,105623,171332,29444,623405,100988,,991051,514394,378399,98258,112796,14538,108.247,109.172,107.506,115.897,119.953,117.572,125.562,108.247,108.369,128.827,112.431,104.483,129.095,114.246,98.1038,102.597,100.055,106.846,103.605,102.632,105.609,110.694,,918605,474190,201548,184377,193188,381047,338340,918605,819685,7670,188455,175948,33399.5,138538,41804.7,31802,85044.2,98855.6,165371,28688.9,590293,91231.6,
DEU,2022-07-01,1.00861e+06,530489,216246,218436,238570,467485,451099,1.00861e+06,901785,10226,207905,182229,43856,165683,42797,33415,87150,107675,173029,30049,639798,99906,,1.00264e+06,521714,386856,94065,109759,15694,109.446,110.972,109.743,117.931,119.84,120.549,129.813,109.446,109.395,132.295,109.303,102.536,135.368,118.534,99.201,106.621,101.689,108.803,104.017,104.357,107.664,111.785,,921561,478037,197048,185224,199074,387797,347500,921561,824335,7729.7,190210,177722,32397.7,139776,43141.7,31340,85702.3,98963.3,166347,28794.5,594252,89373.7,
DEU,2022-10-01,1.02268e+06,536043,220357,219374,240052,462978,439379,1.02268e+06,925690,10745,218898,185913,45485,164580,43088,35806,89448,111381,175457,30802,650562,94361,,1.02044e+06,534385,395814,90237,110959,20722,111.34,113.789,111.578,119.771,118.072,119.971,126.781,111.34,112.211,139.258,114.801,104.01,142.144,118.84,100.291,112.33,103.745,111.316,105.586,106.454,109.365,110.037,,918518,471086,197491,183162,203310,385907,346566,918518,824955,7715.9,190675,178745,31999.3,138488,42962.9,31875.8,86218.7,100058,166174,28934.6,594855,85754.2,
DEU,2023-01-01,1.04715e+06,547218,220190,222755,234806,458307,421560,1.04715e+06,950632,10301,236219,199643,45928,160529,45654,36962,91431,114078,178018,31512,658184,88329,,1.04588e+06,545446,413986,86450,106101,19651,114.784,116.355,110.795,122.12,120.633,119.173,123.494,114.784,115.691,153.04,125.536,112.516,141.966,118.34,101.055,116.484,104.402,113.784,107.211,108.704,110.617,104.355,,912280,470299,198736,182407,194646,384574,341360,912280,821700,6730.9,188169,177435,32351.3,135650,45177.3,31731.4,87576.3,100258,166044,28988.7,595012,84642.6,
DEU,2023-04-01,1.05811e+06,556098,223752,224627,232545,451281,413389,1.05811e+06,958226,9288,235004,199947,46848,160635,46101,37329,92894,115623,182480,32024,667086,92061,,1.04738e+06,552843,406332,88205,112478,24273,116.107,117.208,112.97,122.997,119.058,119.091,121.454,116.107,117.446,137.464,126.845,113.909,146.651,119.442,101.948,119.673,107.142,115.698,109.618,110.49,112.585,102.712,,911323,474452,198063,182628,195320,378938,340368,911323,815887,6756.7,185269,175533,31945.2,134487,45220,31192.4,86701.8,99935,166469,28983.7,592519,89630.3,
DEU,2023-07-01,1.06996e+06,556586,227683,224835,232055,449544,405652,1.06996e+06,966493,10158,232253,199759,47330,163424,47009,37428,94588,117281,184532,32490,676752,93723,,1.05648e+06,560181,407365,88929,110319,21390,117.229,117.92,114.322,123.41,120.449,118.506,120.356,117.229,118.257,150.663,126.657,114.753,149.518,120.209,101.993,119.634,107.73,116.53,111.272,111.286,113.483,106.176,,912714,472004,199159,182186,192658,379343,337042,912714,817282,6742.2,183371,174078,31655.1,135950,46090.6,31285.4,87801.2,100644,165839,29195,596347,88271.6,
DEU,2023-10-01,1.0808e+06,559230,233578,222366,229356,454181,405028,1.0808e+06,979924,9458,240027,199825,47386,162808,46964,37518,95521,118402,188879,32961,683053,91393,,1.06957e+06,571433,411552,86588,108088,21500,118.778,118.733,116.596,123.971,123.32,119.24,121.083,118.778,118.83,139.062,127.547,115.394,151.904,118.567,101.467,118.873,108.054,116.738,114.153,112.558,113.966,116.194,,909932,470998,200331,179369,185985,380895,334504,909932,824645,6801.3,188187,173167,31194.8,137313,46284.9,31561.3,88401,101425,165462,29283.5,599346,78655.5,
DEU,2024-01-01,1.08762e+06,564235,230302,222732,227750,450980,398739,1.08762e+06,974431,9593,229578,197793,48699,163593,47588,38150,96466,119237,188681,32846,686561,100097,,1.07429e+06,577938,399029,97325,109285,11960,119.274,119.289,115.002,124.968,123.936,119.549,120.326,119.274,119.07,142.306,126.305,116.012,154.622,119.977,102.908,120.085,108.736,117.489,113.405,112.522,114.492,119.627,,911867,472998,200259,178232,183764,377234,331383,911867,818368,6741.1,181765,170494,31495.5,136354,46243.1,31769.1,88715.4,101488,166378,29190.7,599658,83674.4,
DEU,2024-04-01,1.09238e+06,568786,236920,220625,224903,455121,407516,1.09238e+06,979245,10034,228773,196128,48356,163755,47878,38122,97183,120101,191790,33253,692082,98969,,1.07932e+06,583960,402676,92684,109733,17049,119.956,120.162,116.264,125.839,124.109,119.971,120.993,119.956,119.829,148.696,127.215,116.014,156.669,120.571,102.459,121.494,109.125,117.757,114.375,113.183,115.074,120.09,,910650,473348,203778,175323,181214,379360,336809,910650,817205,6748,179831,169055,30865.1,135816,46729,31377.7,89056.9,101991,167685,29379.9,601423,82412.5,
DEU,2024-07-01,1.09924e+06,573162,240883,220818,232398,448772,411318,1.09924e+06,979513,10104,226083,193517,48115,164379,48044,38140,96894,120157,194070,33527,695211,104384,,1.0848e+06,591137,393739,99924,113806,13882,120.583,120.663,117.049,126.574,124.497,120.32,121.209,120.583,120.318,149.454,127.24,116.094,159.159,120.897,102.16,122.82,108.933,118.573,115.302,113.602,115.583,121.369,,911606,475009,205796,174457,186669,372982,339347,911606,814105,6760.6,177683,166690,30230.8,135966,47028.2,31053.6,88948.6,101336,168315,29512.6,601483,86005.5,
DEU,2024-10-01,1.11017e+06,577067,243677,223396,246928,442432,415324,1.11017e+06,990493,9853,232663,193364,48452,165963,47817,38313,96732,120791,196159,33750,699525,104287,,1.09056e+06,598956,391357,100245,116538,16293,121.515,121.229,117.791,127.313,126.842,121.119,122.106,121.515,122.003,146.341,131.686,117.057,162.456,121.671,102.636,124.535,109.385,119.9,116.054,114.549,116.433,115.557,,913606,476015,206873,175470,194674,365287,340134,913606,811857,6732.9,176680,165187,29824.6,136404,46589.1,30764.9,88432.2,100743,169023,29463.4,600795,90247.1,
DEU,2025-01-01,1.12155e+06,588368,245201,226301,239159,461486,426497,1.12155e+06,999829,10062,229779,197701,49932,167476,48631,38977,97236,121656,201921,34159,710056,107888,,1.10454e+06,605703,391081,107760,116700,8940,122.615,122.308,119.368,128.342,127.759,122.146,123.479,122.615,122.408,147.638,128.318,117.645,165.228,121.433,103.848,127.601,109.479,120.937,119.219,116.811,117.81,122.19,,914692,481054,205417,176326,187195,377816,345400,914692,816798,6815.3,179070,168048,30220.1,137916,46829,30545.9,88817.4,100595,169370,29242.9,602711,88295.6,
DEU,2025-04-01,1.12928e+06,592544,249437,225857,242289,453740,423346,1.12928e+06,1.00989e+06,10131,231769,198590,49817,168149,48925,39408,98087,123101,205765,34739,718174,104773,,1.11157e+06,613680,398544,99347,114978,15631,123.484,123.087,121.158,129.251,126.444,121.495,121.561,123.484,123.769,148.529,129.546,118.366,168.381,122.331,104.337,131.274,110.178,122.014,121.039,118.924,119.136,119.984,,914519,481403,205878,174743,191618,373462,348258,914519,815946,6820.9,178909,167777,29585.8,137454,46891.2,30019.7,89025.6,100891,169999,29211,602821,87322.6,
DEU,2025-07-01,1.13719e+06,594342,252345,227216,247143,447543,419821,1.13719e+06,1.01273e+06,10149,230398,197575,49786,168288,49410,39959,98044,123997,207597,35101,722396,108823,,1.12294e+06,622172,398650,102119,117161,15042,124.384,123.798,121.751,129.851,127.419,121.172,121.015,124.384,124.105,146.764,129.714,118.951,169.674,122.232,103.687,133.896,109.976,122.76,121.61,119.791,119.488,125.225,,914258,480092,207262,174982,193961,369345,346917,914258,816023,6915.2,177620,166098,29342.1,137679,47653,29843.3,89150.6,101008,170708,29301.9,604578,86901.9,
DEU,2025-10-01,1.14922e+06,600870,259129,231810,258230,443784,428446,1.14922e+06,1.02942e+06,9116,238667,199237,50262,169327,50004,40632,98933,125505,211626,35344,731371,104151,,1.13075e+06,628145,405092,97516,116425,18909,125.366,124.398,123.129,130.729,129.994,121.948,122.339,125.366,125.721,131.909,133.763,119.652,172.341,123.043,104.754,136.254,110.467,124.419,122.714,119.657,120.533,120.75,,916692,483021,210454,177320,198647,363912,350213,916692,818813,6910.8,178426,166514,29164.2,137616,47734.6,29820.8,89558.7,100873,172455,29537.8,606779,86253.3,
DEU,2026-01-01,1.15977e+06,605627,259716,230227,245069,465737,433919,1.15977e+06,1.0332e+06,8272,237574,204862,50827,171778,50651,41517,99473,125937,211682,35485,736523,109034,,1.14038e+06,628798,402501,109082,119644,10562,125.98,125.338,122.014,131.821,130.329,123.913,123.768,125.98,126.003,120.929,132.221,122.22,175.325,124.654,105.963,137.637,111.319,125.003,122.791,120.324,121.339,123.586,,920604,483196,212857,174651,188038,375859,350592,920604,819976,6840.4,179679,167617,28990.1,137804,47800.7,30164.1,89358.8,100748,172392,29491.1,606994,88225.5,
DEU,2026-04-01,1.17182e+06,,,,,,,1.17182e+06,,,,,,,,,,,,,,,,,,,,,,127,,,,,,,127,,,,,,,,,,,,,,,,922691,,,,,,,922691,,,,,,,,,,,,,,,
ESP,1995-01-01,112609,68822,19845,24575,25276,24891,26225,112609,104149,4174,22342,18371,9812,25942,3878,4968,5749,5859,17103,4322,67821,8460,0,112609,54094,49311,9204,11508,2304,59.522,60.0756,57.7679,66.2899,65.9844,69.0151,73.6347,59.522,60.0213,91.3348,65.0858,64.2208,50.2124,59.4714,103.524,80.3104,42.9928,56.5541,50.873,68.1596,,54.3178,,189189,114559,34353,37072,38306,36066,35615,189189,173520,4570,34327,28606,19541,43621,3746,6186,13372,10360,33619,6341,,15575,-1414
ESP,1995-04-01,114297,69748,20086,25228,25884,24992,26413,114297,105521,4332,22591,18536,9842,26307,3973,4962,5819,5961,17317,4417,68756,8776,0,114297,54686,50093,9518,11887,2369,60.0186,60.3184,58.4864,67.3879,67.0309,69.374,73.957,60.0186,60.3909,91.2576,65.662,64.8792,50.317,59.3636,104.635,80.9726,43.2736,56.8852,51.7528,68.5125,,56.242,,190436,115633,34343,37437,38615,36025,35714,190436,174730,4747,34405,28570,19560,44315,3797,6128,13447,10479,33461,6447,,15604,-1451
ESP,1995-07-01,115575,70550,20331,25327,26052,24877,26235,115575,106664,4538,22680,18697,9825,26391,4085,5108,5935,6042,17590,4470,69621,8911,0,115575,55184,50747,9644,11999,2355,60.4222,60.8357,59.205,67.5369,67.1322,67.148,72.0148,60.4222,60.781,88.3223,65.7639,65.1759,50.3846,59.9577,106.38,85.247,43.9077,57.07,52.0168,68.5057,,56.7978,,191279,115968,34340,37501,38807,37048,36430,191279,175489,5138,34487,28687,19500,44016,3840,5992,13517,10587,33816,6525,,15689,-1125
ESP,1995-10-01,117778,71657,20628,25652,26435,25881,26823,117778,109682,4789,23421,19357,10035,27060,4209,5004,6145,6242,18221,4556,71437,8096,0,117778,55827,53135,8816,11760,2944,61.1113,61.2825,59.9181,68.378,67.836,68.8178,72.9362,61.1113,62.0784,90.9592,67.4102,66.9445,51.5355,61.4511,107.647,82.547,44.9623,58.909,53.3542,68.7698,,50.7332,,192727,116929,34427,37515,38969,37608,36776,192727,176683,5265,34744,28915,19472,44035,3910,6062,13667,10596,34151,6625,,15958,-803
ESP,1996-01-01,119431,72122,20954,26216,26908,26983,27536,119431,110230,5218,23646,19444,10021,26753,4301,4953,6144,6333,18273,4588,71345,9201,0,119431,56495,53040,9896,12349,2453,61.6148,61.6554,60.9305,69.2995,68.7586,69.2351,73.8151,61.6148,61.9708,92.0445,67.6702,67.1478,51.4954,60.9366,108.859,78.644,45.0077,58.8733,53.7425,68.2332,,58.0358,,193835,116976,34390,37830,39134,38973,37304,193835,177874,5669,34943,28957,19460,43903,3951,6298,13651,10757,34001,6724,,15854,-742
ESP,1996-04-01,121143,73677,21196,26009,26716,27465,27911,121143,112012,5470,23879,19702,10055,27142,4420,5202,6251,6428,18520,4645,72608,9131,0,121143,57540,53794,9809,12456,2647,62.0689,62.2235,61.5233,68.4249,68.1253,69.5739,73.4829,62.0689,62.5678,91.7323,68.0294,67.5489,52.0445,61.2506,109.677,81.5361,45.7815,60.0692,54.5251,68.2988,,56.8839,,195175,118407,34452,38011,39216,39476,37983,195175,179025,5963,35101,29167,19320,44313,4030,6380,13654,10701,33966,6801,,16052,-639
ESP,1996-07-01,123502,74688,21454,26768,27403,28457,28500,123502,114063,5352,24456,20255,10269,27655,4494,5238,6461,6646,18824,4668,73986,9439,0,123502,58620,54751,10131,12642,2511,62.7627,62.5135,61.9556,69.1412,68.7309,69.1358,71.4823,62.7627,63.2454,87.7089,68.5887,68.2699,52.963,62.5679,111.073,83.2221,47.0541,59.6589,55.1862,68.0466,,57.7556,,196776,119475,34628,38715,39870,41161,39870,196776,180350,6102,35656,29669,19389,44200,4046,6294,13731,11140,34110,6860,,16343,-467
ESP,1996-10-01,124870,75216,21658,27089,27695,29910,29609,124870,115235,5374,24858,20649,10281,27698,4618,5527,6481,6681,19004,4713,74722,9635,0,124870,59740,54795,10335,12737,2402,63.1438,62.8318,62.2356,69.9811,69.561,71.5619,74.1356,63.1438,63.5614,87.8679,68.5833,68.3515,53.1703,62.5378,112.552,86.8889,46.9876,61.1757,55.4408,68.0676,,58.8613,,197755,119710,34800,38709,39814,41796,39939,197755,181297,6116,36245,30210,19336,44290,4103,6361,13793,10921,34278,6924,,16369,-178
ESP,1997-01-01,126091,76527,21665,27464,28175,30616,30892,126091,116107,5392,25108,20935,10347,28056,4733,5181,6668,6816,19053,4753,75260,9984,0,126091,61195,54207,10689,13130,2441,63.1317,63.6219,62.2432,69.3133,68.896,70.6561,74.8988,63.1317,63.46,86.5768,68.7213,68.5001,53.3296,62.6166,114.462,77.6645,48.5157,62.0765,55.3834,68.2804,,59.831,,199727,120284,34807,39623,40895,43331,41245,199727,182961,6228,36536,30562,19402,44806,4135,6671,13744,10980,34402,6961,,16687,-204
ESP,1997-04-01,127662,76439,21897,28528,29153,32508,32335,127662,117236,5327,25345,21140,10478,28188,4886,5520,6717,6956,19066,4753,76086,10426,0,127662,62209,54323,11130,13509,2379,63.3467,63.5419,62.0435,71.1457,70.4145,72.4235,76.8198,63.3467,63.5749,86.0582,68.4778,68.231,53.6673,62.6038,115.454,82.425,48.8509,62.2071,55.0198,67.8903,,61.1101,,201529,120297,35293,40098,41402,44886,42092,201529,184406,6190,37012,30983,19524,45026,4232,6697,13750,11182,34653,7001,,17061,-194
ESP,1997-07-01,130437,77740,22122,28958,29504,34916,33845,130437,119728,5623,25952,21728,10622,28640,5073,5578,6833,7082,19437,4888,77531,10709,0,130437,63511,55548,11378,13986,2608,64.0131,64.1583,62.4545,71.4483,70.872,72.2734,76.0237,64.0131,64.1743,88.0382,68.8418,68.6509,53.8942,63.2271,116.167,84.6049,49.4679,62.6005,55.5375,68.5554,,62.5307,,203766,121169,35421,40530,41630,48311,44519,203766,186567,6387,37698,31650,19709,45297,4367,6593,13813,11313,34998,7130,,17126,-21
ESP,1997-10-01,134781,81856,22278,29943,30551,35419,35323,134781,124037,5947,26952,22779,11024,29541,5224,5975,7057,7327,20071,4919,80114,10744,0,134781,64793,58619,11369,14076,2707,65.2288,64.7969,62.9785,72.1849,71.553,73.6316,74.783,65.2288,65.6478,89.0803,70.6345,70.8567,55.1007,64.4718,117.923,89.3258,50.7881,63.8352,57.0361,68.272,,60.9347,,206628,126327,35374,41481,42697,48103,47234,206628,188943,6676,38157,32148,20007,45820,4430,6689,13895,11478,35190,7205,,17632,132
ESP,1998-01-01,134360,80228,22696,30881,31548,35501,35613,134360,122955,5502,26524,22473,11142,29331,5380,5664,7065,7427,19895,5025,79787,11405,0,134360,65817,56539,12004,14886,2882,64.4821,64.4971,63.5084,71.7095,71.0509,72.9168,76.4769,64.4821,64.6835,83.5789,69.2822,69.55,55.2898,64.0024,120.709,78.5358,51.1771,63.5003,56.5536,68.358,,62.5103,,208368,124390,35737,43064,44402,48687,46567,208368,190087,6583,38284,32312,20152,45828,4457,7212,13805,11696,35179,7351,,18245,209
ESP,1998-04-01,137521,81875,23079,31495,32354,36744,36531,137521,125828,6019,26967,22946,11395,30035,5408,5713,7319,7655,20223,5094,81447,11693,0,137521,67073,58191,12257,15307,3050,65.2823,64.9843,64.0407,71.9573,71.3256,72.6884,74.6857,65.2823,65.4945,91.837,69.1994,69.6156,56.1441,64.5054,121.747,78.7023,52.7457,64.4903,57.2468,68.385,,63.1986,,210656,125992,36038,43769,45361,50550,48913,210656,192120,6554,38970,32961,20296,46562,4442,7259,13876,11870,35326,7449,,18502,157
ESP,1998-07-01,139798,82926,23510,32991,33994,36539,37171,139798,127584,5788,27143,23094,11809,30485,5504,5913,7398,7768,20596,5180,82844,12214,0,139798,68259,58790,12749,15733,2984,65.7369,65.2026,64.5276,72.2679,71.5437,72.7825,74.009,65.7369,65.8641,87.3792,68.9259,69.316,56.8013,65.0805,123.519,82.0794,53.2767,65.1733,57.8913,68.3919,,64.5151,,212663,127182,36434,45651,47515,50203,50225,212663,193708,6624,39380,33317,20790,46842,4456,7204,13886,11919,35577,7574,,18932,215
ESP,1998-10-01,143880,86689,23979,33986,35073,36494,38355,143880,130888,5718,27717,23593,12216,31264,5677,5970,7652,8009,21322,5343,85237,12992,0,143880,69306,61055,13519,16481,2962,66.9583,65.6178,65.0278,72.8407,72.0436,72.7001,71.0659,66.9583,66.9223,88.4728,69.8601,70.366,58.0995,65.8633,126.465,82.2427,54.5014,66.0101,59.2623,69.2368,,67.3719,,214880,132112,36875,46658,48683,50198,53971,214880,195582,6463,39675,33529,21026,47468,4489,7259,14040,12133,35979,7717,,19284,195
ESP,1999-01-01,144820,85517,24397,35061,36271,37488,38853,144820,132096,5912,27997,23748,12481,31750,5684,5381,7829,8173,21495,5394,85706,12724,0,144820,70622,61022,13176,16508,3332,66.7382,65.7065,65.5728,75.1173,74.3197,71.2226,72.8908,66.7382,66.8397,94.4258,69.8528,70.0015,58.8005,66.1831,129.624,69.5669,54.4778,66.615,59.1172,69.1273,,65.7877,,216997,130150,37206,46675,48804,52635,53303,216997,197631,6261,40080,33925,21226,47973,4385,7735,14371,12269,36360,7803,,19341,-69
ESP,1999-04-01,146934,87530,24759,36396,37538,38160,41053,146934,133897,5566,28085,23951,12937,32084,5892,5882,7905,8311,21730,5505,87309,13037,0,146934,71679,61847,13408,16761,3353,66.9452,66.0041,65.9747,74.1776,73.358,71.9633,73.026,66.9452,66.9927,85.8818,69.4022,69.8667,59.4586,66.4155,128.928,75.643,54.8463,66.9918,59.6437,69.5251,,66.5459,,219484,132613,37528,49066,51171,53027,56217,219484,199868,6481,40467,34281,21758,48308,4570,7776,14413,12406,36433,7918,,19591,65
ESP,1999-07-01,149761,89720,24943,37356,38595,39911,43408,149761,136410,5595,28652,24514,13259,32779,6016,6052,8134,8511,21868,5544,88904,13351,0,149761,73191,62813,13757,17210,3453,67.3174,66.749,66.6943,74.8108,74.0006,73.3159,75.6527,67.3174,67.3138,83.9964,69.2144,69.8226,60.356,66.7257,127.485,77.9395,55.6399,66.7059,60.5376,69.465,,67.4429,,222470,134414,37399,49934,52155,54437,57378,222470,202648,6661,41396,35109,21968,49125,4719,7765,14619,12759,36123,7981,,19796,227
ESP,1999-10-01,153727,92262,25458,38454,39665,41524,45182,153727,138440,5625,29078,24933,13730,33289,6099,5803,8317,8746,22139,5614,90007,15287,0,153727,74896,63215,15616,18255,2639,68.3413,67.3372,67.4188,75.0776,74.2679,74.7386,75.1693,68.3413,67.6112,84.9057,69.2333,69.9559,61.462,67.2913,128.4,74.1977,56.375,67.6359,60.5735,69.6267,,75.8397,,224940,137015,37761,51219,53408,55559,60107,224940,204759,6625,42000,35641,22339,49470,4750,7821,14753,12931,36549,8063,,20157,272
ESP,2000-01-01,157310,94350,26073,40497,41640,43351,48104,157310,142967,6099,29795,25634,14305,34122,6301,6085,8797,8977,22731,5755,92768,14343,0,157310,76848,65712,14750,18140,3390,68.8467,67.9481,67.948,78.9846,78.0433,75.6786,79.1783,68.8467,68.6562,88.3401,70.4324,71.5874,63.4115,68.1663,128.173,72.406,59.2271,68.2091,61.3456,68.9552,,70.8821,,228493,138856,38372,51272,53355,57283,60754,228493,208236,6904,42303,35808,22559,50057,4916,8404,14853,13161,37054,8346,,20235,404
ESP,2000-04-01,160177,95438,26591,41584,42798,45878,50528,160177,145225,5799,30313,26287,14683,34687,6430,6010,9056,9213,23233,5801,94430,14952,0,160177,78323,66347,15507,18526,3019,69.2265,68.8338,68.8494,78.9505,78.0217,76.8296,81.4272,69.2265,68.875,82.0923,70.7785,72.4839,64.5804,68.6844,126.475,70.9563,60.1608,68.073,62.1835,69.0184,,72.9152,,231381,138650,38622,52671,54854,59714,62053,231381,210853,7064,42828,36266,22736,50502,5084,8470,15053,13534,37362,8405,,20506,497
ESP,2000-07-01,163101,97219,27339,42561,43686,46867,52010,163101,148316,6115,30467,26344,15093,35214,6585,6543,9323,9522,23563,5891,96641,14785,0,163101,79984,67809,15308,18598,3290,69.7785,69.5778,69.2635,79.3989,78.4647,78.3795,83.1694,69.7785,69.6761,86.9225,70.5026,71.986,65.236,69.3421,127.493,76.1788,61.5583,69.1353,62.4119,69.576,,70.9113,,233741,139727,39471,53604,55676,59795,62535,233741,212865,7035,43214,36596,23136,50783,5165,8589,15145,13773,37754,8467,,20850,503
ESP,2000-10-01,166981,99187,27713,43549,44598,49037,53554,166981,152087,6234,31260,27076,15537,36151,6758,6745,9488,9802,24078,6034,99056,14894,0,166981,81008,70482,15491,18722,3231,70.6819,70.4944,70.1844,80.0077,79.0633,79.9469,84.4767,70.6819,70.5184,88.8921,71.3405,72.8947,66.1515,70.2329,128.699,77.3598,61.6184,70.0593,63.1604,70.0732,,72.4416,,236243,140702,39486,54431,56408,61337,63395,236243,215670,7013,43818,37144,23487,51473,5251,8719,15398,13991,38122,8611,,20560,427
ESP,2001-01-01,170666,101205,28116,44307,45314,49485,53454,170666,155464,6190,31597,27456,16060,36871,6898,7570,9578,10138,24462,6100,101617,15202,0,170666,82547,72286,15833,19047,3214,71.5155,70.8738,70.677,81.193,80.1975,79.176,82.7705,71.5155,71.3897,89.9579,71.6355,73.4884,67.062,71.3738,127.883,80.7036,61.7338,71.5354,64.1896,69.9622,,72.8763,,238642,142796,39781,54570,56503,62500,64581,238642,217768,6881,44108,37361,23948,51659,5394,9380,15515,14172,38109,8719,,20860,413
ESP,2001-04-01,173289,103217,28623,44999,46105,48956,53612,173289,158155,6450,32005,27675,16659,37598,7033,7187,9816,10337,24796,6274,103041,15134,0,173289,83252,74282,15755,19057,3302,72.0545,71.5443,71.2157,81.4491,80.4372,78.7631,82.4191,72.0545,72.1392,95.386,72.1028,73.6253,68.0598,72.3136,129.736,76.4087,62.5661,73.4006,64.6352,70.8606,,71.2557,,240497,144270,40192,55248,57318,62156,65048,240497,219236,6762,44388,37589,24477,51993,5421,9406,15689,14083,38363,8854,,21239,320
ESP,2001-07-01,176986,105223,29064,45827,46842,48861,53004,176986,161471,6589,32285,27759,17087,38280,7213,8000,10156,10497,24993,6371,105510,15515,0,176986,84953,75824,16209,19539,3330,72.891,72.0513,71.9602,82.8503,81.8201,78.8348,82.1615,72.891,72.9618,96.4432,72.1662,73.4249,68.7301,73.0757,129.73,85.9107,63.4909,74.2467,64.5814,71.1446,,72.2401,,242809,146039,40389,55313,57250,61979,64512,242809,221309,6832,44737,37806,24861,52384,5560,9312,15996,14138,38700,8955,,21477,345
ESP,2001-10-01,180017,106043,29679,46420,47370,48103,51178,180017,163882,6526,32751,28070,17744,39056,7423,7030,10436,10665,25781,6470,106861,16135,0,180017,86144,77011,16862,20094,3232,73.6706,72.2182,72.3366,83.3049,82.2853,79.0037,80.3649,73.6706,73.5002,89.6921,73.4031,74.6106,70.5667,74.21,131.59,74.6681,64.0206,75.3391,66.3809,71.825,,75.496,,244354,146837,41029,55723,57568,60887,63682,244354,222968,7276,44618,37622,25145,52629,5641,9415,16301,14156,38838,9008,,21372,390
ESP,2002-01-01,182792,107888,30076,47253,48237,49265,52674,182792,166734,6845,32877,28121,18145,39570,7638,7575,10849,10750,25890,6595,108867,16058,0,182792,87472,78570,16750,20154,3404,74.4543,72.8776,73.1385,83.167,82.2764,79.5379,80.014,74.4543,74.493,94.9639,74.4582,75.649,71.85,75.0469,133.906,75.7727,63.7015,76.5233,66.9217,72.7523,,74.1195,,245509,148040,41122,56817,58628,61939,65831,245509,223825,7208,44155,37173,25254,52727,5704,9997,17031,14048,38687,9065,,21665,411
ESP,2002-04-01,186247,109168,30620,48746,49725,49173,52439,186247,169771,6296,33136,28330,18531,40148,7767,8402,11387,11002,26418,6684,111808,16476,0,186247,89027,80082,17138,20551,3413,75.2309,73.2765,73.7583,85.7766,84.7191,79.3984,80.3848,75.2309,75.1708,91.0353,74.341,75.5749,72.6905,75.604,134.75,84.3236,64.0943,77.1042,67.5255,73.3136,,75.9193,,247567,148981,41514,56829,58694,61932,65235,247567,225847,6916,44573,37486,25493,53103,5764,9964,17766,14269,39123,9117,,21702,321
ESP,2002-07-01,188921,110522,31349,49332,50260,49974,53184,188921,171935,6562,33342,28563,18917,40547,7917,7997,11582,11237,26992,6842,113114,16986,0,188921,90417,80978,17526,21046,3520,75.8859,73.827,74.4137,85.4944,84.5018,79.5106,79.5715,75.8859,75.8225,93.9576,74.5073,75.8102,73.7821,76.3669,136.124,81.4524,65.4129,78.3667,68.0328,74.4343,,76.6032,,248954,149704,42128,57702,59478,62852,66838,248954,226760,6984,44750,37677,25639,53095,5816,9818,17706,14339,39675,9192,,22174,389
ESP,2002-10-01,191784,112651,32043,50932,52002,50752,55664,191784,174925,6404,33799,28871,19415,41360,8049,7787,12308,11535,27387,6881,115307,16859,0,191784,91735,82661,17388,21233,3845,76.439,74.481,75.0316,87.0231,86.0006,78.8638,80.2063,76.439,76.5737,92.9463,75.0555,76.3036,75.4156,77.4953,135.894,78.9116,67.5558,79.464,68.4915,74.9401,,75.1393,,250898,151248,42706,58527,60467,64354,69401,250898,228440,6890,45032,37837,25744,53371,5923,9868,18219,14516,39986,9182,,22437,327
ESP,2003-01-01,195576,113161,32622,52616,53705,50852,54764,195576,177749,6334,34086,29074,19921,41489,8141,8442,12384,11820,28157,6975,117408,17827,0,195576,92945,84326,18305,21888,3583,77.2063,75.0648,75.904,88.4778,87.4233,79.2519,80.7407,77.2063,77.0664,92.0105,75.0281,76.4381,76.5809,77.5003,136.046,81.7944,67.0239,81.0755,69.5406,75.5197,,78.6995,,253316,150751,42978,59468,61431,64165,67827,253316,230644,6884,45431,38036,26013,53534,5984,10321,18477,14579,40490,9236,,22652,372
ESP,2003-04-01,199242,115451,33252,53504,54132,51269,54862,199242,181165,6790,34564,29344,20346,42248,8291,8029,12938,12064,28735,7160,119465,18077,0,199242,94153,86603,18486,22358,3872,78.3532,75.8932,76.2486,88.1857,87.2534,79.0615,78.2904,78.3532,78.3752,98.3773,76.3592,77.5845,78.0048,78.7974,137.041,78.2172,68.5675,82.6868,70.8981,77.0638,,78.2012,,254287,152123,43610,60672,62040,64847,70075,254287,231151,6902,45265,37822,26083,53616,6050,10265,18869,14590,40530,9291,,23116,311
ESP,2003-07-01,202157,117218,33783,55042,55887,51356,56087,202157,183506,6892,34716,29326,20710,42763,8312,8307,13407,12139,29029,7231,121188,18651,0,202157,95584,87431,19142,22787,3645,78.9118,76.221,76.8057,89.108,88.1749,79.0044,78.1842,78.9118,78.8822,101.712,76.1232,77.1148,78.6585,79.0239,137.502,81.8424,69.5204,83.5271,70.9565,77.4197,,79.2715,,256181,153787,43985,61770,63382,65004,71737,256181,232633,6776,45605,38029,26329,54114,6045,10150,19285,14533,40911,9340,,23528,266
ESP,2003-10-01,205708,119492,34433,56557,57243,52135,57595,205708,185762,7442,34834,29462,20874,43036,8384,8038,13675,12401,29611,7467,122612,19946,0,205708,97329,87932,20447,23925,3478,79.6302,76.7145,77.7989,89.6535,88.7612,79.1724,78.0547,79.6302,79.2034,101.583,76.4742,77.73,79.2092,79.574,138.762,78.0767,69.7206,82.1476,72.4446,77.3221,,83.909,,258329,155762,44259,63084,64491,65850,73788,258329,234538,7326,45550,37903,26353,54083,6042,10295,19614,15096,40874,9657,,23771,365
ESP,2004-01-01,209258,122072,35443,57129,57840,53008,59105,209258,189287,6798,35269,29810,21270,44247,8468,8567,14366,12448,30282,7572,125950,19971,0,209258,99220,89570,20468,24175,3707,80.5334,77.5188,78.2234,91.0945,90.2059,79.028,77.8907,80.5334,80.3207,95.5312,77.7484,79.0989,81.2204,80.6103,138.366,77.3614,72.3036,85.2895,73.6537,77.9734,,82.7094,,259840,157474,45310,62714,64120,67075,75882,259840,235664,7116,45363,37687,26188,54890,6120,11074,19869,14595,41114,9711,,24146,456
ESP,2004-04-01,212615,124160,36314,58819,60104,54263,62226,212615,191801,7141,35417,29809,21793,44825,8537,8601,14702,12555,30591,7639,127450,20814,0,212615,100494,90697,21424,25085,3661,80.9657,78.4284,79.0638,92.5948,91.6583,79.8103,80.727,80.9657,80.5799,101.622,77.3855,78.5088,82.4119,80.9627,138.229,76.4873,72.7318,85.0552,73.3193,78.2444,,84.8166,,262599,158310,45930,63523,65574,67990,77082,262599,238026,7027,45767,37969,26444,55365,6176,11245,20214,14761,41723,9763,,24540,452
ESP,2004-07-01,216604,126447,37263,60611,61639,54876,63621,216604,194865,6493,36011,30357,22340,45458,8699,8577,15110,12940,31471,7766,130021,21739,0,216604,102078,92144,22382,26022,3640,81.7948,79.0299,79.4741,93.8672,92.8998,80.9333,81.4463,81.7948,81.2029,96.766,78.1438,79.4915,83.708,81.5917,138.211,76.7929,73.346,85.6613,74.3398,79.0352,,87.6361,,264814,159999,46887,64571,66350,67804,78114,264814,239973,6710,46083,38189,26688,55714,6294,11169,20601,15106,42334,9826,,24806,424
ESP,2004-10-01,221582,128824,37963,62755,63838,56207,65250,221582,199919,6383,36403,30584,23433,46388,8794,9467,15863,13187,32034,7967,133700,21663,0,221582,103884,95319,22379,26453,4074,83.085,79.579,80.277,95.9968,94.9546,82.5069,81.8151,83.085,82.8391,98.7775,79.2403,80.4503,87.0792,82.7781,138.816,82.6307,75.5525,86.4891,75.1196,80.0864,,85.567,,266693,161882,47290,65372,67230,68124,79753,266693,241334,6462,45940,38016,26910,56039,6335,11457,20996,15247,42644,9948,,25317,427
ESP,2005-01-01,224925,130846,38861,64559,65422,55727,65931,224925,202254,6676,36791,30656,24082,46093,8889,9466,16411,13439,32251,8156,134705,22671,0,224925,105152,96284,23489,27174,3685,83.5916,80.2805,80.8644,96.5758,95.5945,81.9406,81.9283,83.5916,83.0414,105.25,79.8971,80.5444,88.3095,82.2766,138.178,76.8157,77.221,86.247,75.2807,81.0172,,89.0106,,269076,162986,48057,66848,68437,68009,80474,269076,243558,6343,46048,38061,27270,56022,6433,12323,21252,15582,42841,10067,,25470,500
ESP,2005-04-01,229616,133721,39664,66554,67317,57444,68530,229616,205719,6242,37402,31101,24751,46715,9024,9229,16979,13902,33054,8421,137324,23897,0,229616,107996,96943,24677,28626,3949,84.5843,80.5684,81.8557,97.737,96.7073,83.157,81.7956,84.5843,83.8113,98.9223,81.1429,81.7845,89.9023,82.7268,138.278,73.2984,78.4322,87.7929,77.1677,82.486,,92.0922,,271464,165972,48456,68095,69609,69079,83782,271464,245455,6310,46094,38028,27531,56469,6526,12591,21648,15835,42834,10209,,25949,480
ESP,2005-07-01,234127,136282,40296,68711,69604,58702,70757,234127,210098,6402,37903,31446,25633,47500,9119,9294,17600,14253,33761,8633,140160,24029,0,234127,110073,99313,24741,28649,3908,85.4279,81.6656,82.9102,98.9388,97.9386,84.9203,84.3359,85.4279,84.8158,98.9031,81.5996,82.0423,92.023,84.0931,138.65,73.5401,79.7065,88.0032,78.1197,83.5964,,91.4102,,274064,166878,48602,69448,71069,69126,83899,274064,247711,6473,46450,38329,27855,56485,6577,12638,22081,16196,43217,10327,,26287,518
ESP,2005-10-01,239454,139038,41225,69595,70563,59606,70978,239454,214960,6281,38817,32113,26437,48448,9267,9456,18298,14701,34533,8722,143425,24494,0,239454,112224,102005,25225,29295,4070,86.5176,82.4691,83.8145,99.9067,98.958,85.4481,84.1859,86.5176,85.8806,103.408,82.8503,83.1254,93.9815,84.7556,139.207,73.536,80.647,89.1348,78.9922,83.9865,,92.7487,,276769,168594,49186,69660,71306,69757,84311,276769,250301,6074,46852,38632,28130,57162,6657,12859,22689,16493,43717,10385,,26409,525
ESP,2006-01-01,243950,141522,42014,73004,74487,61289,75362,243950,218077,6097,39170,32347,26975,49141,9317,9513,18717,15282,35039,8826,145835,25873,0,243950,114491,103017,26442,30433,3991,87.1284,83.1196,84.7074,101.519,100.56,86.9039,86.5474,87.1284,86.1137,93.084,83.568,83.857,95.4867,85.722,140.126,67.8337,81.7515,89.6042,79.761,84.4755,,96.9462,,279989,170263,49599,71912,74072,70525,87076,279989,253243,6550,46872,38574,28250,57326,6649,14024,22895,17055,43930,10448,,26688,565
ESP,2006-04-01,249219,144663,42848,74919,76164,62956,77412,249219,223304,5999,39508,32753,27692,49899,9420,10981,19367,15764,35685,8989,150105,25915,0,249219,116809,106153,26257,30414,4157,88.2163,84.0815,85.4891,102.424,101.548,87.3358,86.5635,88.2163,87.3363,88.9004,83.8704,84.2109,96.9642,86.4996,140.325,77.7967,83.056,90.0903,80.8762,85.4793,,96.7736,,282509,172051,50121,73146,75003,72085,89428,282509,255683,6748,47106,38894,28559,57687,6713,14115,23318,17498,44123,10516,,26779,594
ESP,2006-07-01,253709,146645,43834,76236,77549,63236,77555,253709,227020,6132,39966,33034,28347,50829,9533,10364,20200,16286,36226,9137,152575,26689,0,253709,119132,107602,26975,31325,4350,88.9658,84.3961,86.3163,103.1,102.217,88.1264,86.4575,88.9658,87.8509,90.9792,84.3342,84.5941,98.3417,87.0196,140.232,73.2438,84.9918,91.1462,81.3702,85.8499,,99.8167,,285176,173758,50783,73944,75867,71756,89703,285176,258415,6740,47390,39050,28825,58411,6798,14150,23767,17868,44520,10643,,26738,618
ESP,2006-10-01,258098,148680,44859,77791,79165,65607,80213,258098,229861,5899,40108,33235,28558,51064,9623,10669,20906,16712,37103,9219,155296,28237,0,258098,121526,108334,28238,31634,3396,89.6703,84.7397,86.7729,103.797,102.94,88.0312,85.7288,89.6703,88.0798,88.1632,84.1721,84.4793,98.303,86.9426,140.482,73.839,86.0011,91.4473,82.3889,86.1992,,105.17,,287830,175455,51697,74945,76904,74527,93566,287830,260969,6691,47650,39341,29051,58733,6850,14449,24309,18275,45034,10695,,26849,642
ESP,2007-01-01,264171,151596,45724,79311,80788,68444,82381,264171,236715,6348,41068,33807,29056,52506,9816,10913,22034,17345,38153,9476,160243,27456,0,264171,123686,113192,27293,32077,4784,90.9536,85.7492,87.8868,104.366,103.476,89.2954,85.7644,90.9536,89.7477,90.6598,86.7164,86.5492,100.749,88.6566,141.298,71.4108,86.4892,93.1225,84.6772,87.6839,,102.658,,290446,176790,52026,75993,78074,76649,96055,290446,263756,7002,47359,39061,28840,59224,6947,15282,25476,18626,45057,10807,,26745,467
ESP,2007-04-01,267775,154217,46791,80548,82015,69303,84551,267775,240360,6499,41639,34006,29215,53201,9925,10661,22950,17748,39016,9506,163007,27415,0,267775,126033,114380,27362,31757,4395,91.3923,86.5226,88.626,105.307,104.375,89.6047,87.2397,91.3923,90.2201,90.2012,87.3173,86.7965,100.783,88.8965,141.968,69.4618,88.154,93.1018,85.7419,89.4346,,102.763,,292995,178239,52796,76489,78577,77343,96918,292995,266415,7205,47687,39179,28988,59846,6991,15348,26034,19063,45504,10629,,26678,433
ESP,2007-07-01,269879,156138,48016,80099,81746,70651,86672,269879,243553,6801,41333,33622,28888,53327,9992,13172,23271,17983,39024,9762,166531,26326,0,269879,128401,115105,26373,30825,4452,91.4252,87.0145,89.4536,104.81,103.955,89.8034,88.3237,91.4252,90.6736,94.0404,86.2668,85.4956,98.9722,88.7334,141.59,86.1365,88.4493,92.8586,84.8274,88.7213,,98.5623,,295191,179439,53677,76423,78636,78673,98130,295191,268604,7232,47913,39326,29188,60098,7057,15292,26310,19366,46004,11003,,26710,450
ESP,2007-10-01,275716,159963,49178,81966,83659,70934,88018,275716,250369,7233,42535,34408,29303,54924,10157,13186,24101,18547,40406,9977,171298,25347,0,275716,130987,119391,25338,29901,4563,92.8355,88.3393,91.0198,106.747,105.948,90.5082,89.5302,92.8355,92.6048,99.0279,88.7014,87.982,100.923,90.2821,142.875,84.4877,90.3641,95.1275,87.5005,89.891,,94.6914,,296994,181078,54030,76785,78962,78373,98311,296994,270363,7304,47953,39108,29035,60836,7109,15607,26671,19497,46178,11099,,26768,442
ESP,2008-01-01,278379,161665,50592,81085,82562,72115,88555,278379,254441,6683,43053,34800,29934,56108,10233,12738,24318,19064,42069,10241,174771,23938,0,278379,135614,118733,24032,28602,4570,93.5574,89.3053,92.1345,106.933,106.137,91.2132,90.4656,93.5574,94.009,95.037,90.6703,90.4201,103.707,92.531,143.52,76.4953,91.3078,97.1711,90.4807,91.5274,,88.6494,,297549,181025,54911,75828,77788,79062,97888,297549,270656,7032,47483,38487,28864,60637,7130,16652,26633,19619,46495,11189,,27003,497
ESP,2008-04-01,279616,161217,51706,79952,81868,71727,86902,279616,258100,7021,43996,35133,29997,57005,10300,12064,24861,19374,42950,10532,177086,21516,0,279616,136626,121235,21755,26285,4530,93.9399,89.8836,93.1254,106.725,106.016,92.3579,91.817,93.9399,95.123,98.957,92.3665,91.148,104.088,93.9344,143.674,73.5699,92.8273,98.8167,91.49,93.5263,,81.2476,,297654,179362,55523,74914,77222,77662,94647,297654,271333,7095,47632,38545,28819,60686,7169,16398,26782,19606,46945,11261,,26482,400
ESP,2008-07-01,278095,159915,52549,76199,77964,73654,85987,278095,257087,6553,43869,34840,29502,56433,10265,12673,24978,19321,42956,10537,177163,21008,0,278095,137440,119666,20989,25726,4737,93.6271,90.4993,93.9381,104.845,104.229,93.7348,94.3388,93.6271,94.7786,93.3077,91.8569,90.1703,103.731,93.6834,142.471,79.6693,92.0407,98.0861,90.2835,93.1242,,80.8653,,297024,176703,55940,72678,74801,78577,91147,297024,271250,7023,47758,38638,28441,60238,7205,15907,27138,19698,47579,11315,,25979,351
ESP,2008-10-01,276342,157197,53427,72650,74416,66706,75404,276342,255676,5926,41825,33115,29136,55153,10224,14726,24702,19312,43981,10691,178789,20666,0,276342,135546,119957,20839,25330,4491,94.5024,90.3935,94.2674,104.624,104.046,91.4269,89.4653,94.5024,95.5095,85.4753,91.7497,90.6267,104.359,92.4982,143.314,93.7305,90.404,99.0816,92.3175,94.0033,,82.7302,,292418,173903,56676,69439,71522,72961,84283,292418,267697,6933,45586,36540,27919,59626,7134,15711,27324,19491,47641,11373,,24980,257
ESP,2009-01-01,269883,153810,54147,67111,63838,59330,61242,269883,250342,6046,38518,30155,28485,54281,10287,15158,23556,19026,44300,10685,177293,19541,0,269883,133925,116196,19762,24355,4593,94.8295,89.3616,94.6924,104.735,104.005,90.0577,84.4985,94.8295,95.9889,90.4954,92.4292,89.9478,105.531,93.1591,144.46,95.7186,85.6146,99.3369,93.8321,94.2157,,82.043,,284598,172121,57182,64077,61380,65880,72477,284598,260803,6681,41673,33525,26992,58267,7121,15836,27514,19153,47212,11341,,23818,266
ESP,2009-04-01,268080,151792,54838,60390,62085,60827,61462,268080,253382,6099,39386,30798,28330,55549,10370,13869,24042,19144,45881,10712,179567,14698,0,268080,132668,120588,14824,19611,4787,94.1342,88.9358,95.0778,101.134,100.673,90.1715,83.8602,94.1342,96.9572,89.52,93.6224,91.2858,107.031,95.4844,145.096,90.199,85.9687,100.362,95.801,94.246,,62.7449,,284785,170676,57677,59713,61670,67457,73291,284785,261334,6813,42069,33738,26469,58176,7147,15376,27966,19075,47892,11366,,23425,257
ESP,2009-07-01,267667,152376,55485,61146,62999,62679,65872,267667,252429,6054,39158,30573,27227,55878,10307,13356,24655,19003,45938,10853,179990,15238,0,267667,132556,119420,15691,20407,4716,93.8044,88.8391,95.2336,102.338,101.891,88.7616,84.9917,93.8044,96.3878,88.5088,92.232,90.146,105.658,95.482,143.973,90.4021,86.6486,100.2,94.6375,94.662,,65.0502,,285346,171519,58262,59749,61830,70615,77504,285346,261889,6840,42456,33915,25769,58522,7159,14774,28454,18965,48541,11465,,23425,198
ESP,2009-10-01,267360,153514,55755,59881,61642,63795,67346,267360,249414,5939,38819,30021,25987,55284,10224,12973,24944,18658,45543,11043,178669,17946,0,267360,132504,116433,18423,23070,4647,93.7194,89.4672,95.52,101.224,100.871,89.8104,87.07,93.7194,95.3406,86.9037,91.483,89.2632,103.683,93.9294,140.943,88.9415,86.804,98.6361,94.0621,95.5029,,75.8079,,285277,171587,58370,59157,61110,71033,77347,285277,261603,6834,42433,33632,25064,58857,7254,14586,28736,18916,48418,11563,,23673,167
ESP,2010-01-01,269135,155068,55406,59979,61339,65201,67879,269135,247674,6603,39005,29763,23667,55428,10072,11448,26236,18590,45533,11092,178399,21461,0,269135,132762,114377,21996,26464,4468,94.426,89.8382,95.1781,103.35,102.749,90.927,87.4009,94.426,94.9568,96.5492,90.1079,89.1295,103.607,93.7028,137.183,75.5793,92.0013,98.8252,93.5449,95.7115,,87.9874,,285022,172608,58213,58035,59698,71707,77664,285022,260828,6839,43287,33393,22843,59153,7342,15147,28517,18811,48675,11589,,24391,5
ESP,2010-04-01,268461,156669,55346,59508,61021,68118,72693,268461,246674,6697,39081,29675,22563,55540,9949,10225,27159,18515,45709,11236,178333,21787,0,268461,132787,113301,22373,26916,4543,94.0734,90.4613,95.1289,102.379,102.013,92.7204,91.0449,94.0734,94.5586,96.9596,89.6497,88.5794,101.507,93.3696,134.756,68.3992,94.4759,97.6993,94.3738,96.579,,87.8508,,285374,173189,58180,58125,59817,73466,79843,285374,260869,6907,43593,33501,22228,59484,7383,14949,28747,18951,48434,11634,,24800,10
ESP,2010-07-01,269037,156757,55069,58224,59602,70575,72966,269037,246947,6196,39285,29717,22090,56072,9860,9637,27831,18540,46135,11301,179376,22090,0,269037,131848,114766,22423,27146,4723,94.3347,91.3811,94.3787,101.39,101.185,93.0651,91.3125,94.3347,94.66,89.1126,89.9856,88.8082,100.84,94.1374,133.731,67.0773,96.1181,97.2871,94.39,97.0209,,89.976,,285194,171542,58349,57426,58904,75834,79908,285194,260878,6953,43657,33462,21906,59564,7373,14367,28955,19057,48877,11648,,24551,36
ESP,2010-10-01,270512,157911,54829,57906,59306,74309,75843,270512,248461,6543,40536,30561,21365,56534,9812,9934,28151,18586,45710,11290,180017,22051,0,270512,131418,116608,22486,26999,4513,94.7539,91.9102,93.9351,102.255,102.181,94.459,92.6757,94.7539,95.1156,91.1916,92.4466,91.3851,99.9205,94.5337,132.72,71.2574,96.1638,96.8323,93.0616,96.9016,,90.085,,285489,171810,58369,56629,58040,78668,81837,285489,261220,7175,43848,33442,21382,59803,7393,13941,29274,19194,49118,11651,,24478,-51
ESP,2011-01-01,269181,157241,55178,55932,57786,77660,78684,269181,247548,6434,40236,30521,20086,56882,9740,9455,28448,19273,45637,11357,180792,21633,0,269181,130563,116795,21823,26468,4645,94.3621,92.4305,93.6331,102.15,101.953,96.0224,96.3261,94.3621,94.631,88.367,91.3313,90.9771,100.828,94.8571,133.006,66.4581,96.4601,98.6336,91.9674,96.8366,,90.6588,,285264,170118,58930,54755,56679,80877,81685,285264,261593,7281,44055,33548,19921,59966,7323,14227,29492,19540,49623,11728,,23862,0
ESP,2011-04-01,268986,156699,55013,54411,56100,78478,77304,268986,247663,6503,39761,30205,19469,56988,9692,9611,28859,19251,46051,11478,181930,21323,0,268986,129915,117282,21789,26387,4598,94.5383,93.0345,93.4419,101.509,101.59,96.9978,97.7356,94.5383,94.7898,87.9021,91.0613,90.6295,99.7541,95.0878,132.422,68.0328,97.3716,98.0843,92.4552,97.3124,,91.0578,,284526,168431,58874,53602,55222,80907,79095,284526,261276,7398,43664,33328,19517,59932,7319,14127,29638,19627,49809,11795,,23417,0
ESP,2011-07-01,266730,156420,54628,53302,54708,78932,77958,266730,246047,6176,39425,29811,18432,56881,9626,9754,29191,19086,46003,11473,182014,20683,0,266730,128191,117135,21404,25865,4461,94.3209,93.2509,93.311,100.1,100.196,97.4144,98.3213,94.3209,94.6976,84.6607,90.5822,89.9493,97.5238,95.3371,131.611,70.4311,98.1375,97.6616,92.5148,97.3856,,89.4477,,282790,167741,58544,53249,54601,81027,79289,282790,259824,7295,43524,33142,18900,59663,7314,13849,29745,19543,49725,11781,,23123,0
ESP,2011-10-01,263793,155148,54167,51664,52770,79001,77293,263793,243739,6135,38928,29172,17569,56621,9536,10124,29069,18943,45381,11433,181107,20054,0,263793,127071,115621,21101,25280,4179,93.8107,93.3451,93.2852,99.9323,99.9905,96.9873,99.9974,93.8107,94.2978,83.6287,91.6945,90.6385,95.885,94.9985,130.344,74.8872,96.5299,96.5052,91.0315,97.2442,,87.6946,,281197,166209,58066,51699,52775,81455,77295,281197,258478,7336,42454,32185,18323,59602,7316,13519,30114,19629,49852,11757,,22868,0
ESP,2012-01-01,262730,155997,53182,50333,50622,79522,76593,262730,242478,6060,38446,28588,16975,56484,9490,10445,29307,18759,45113,11399,180997,20252,0,262730,124868,115750,22112,26298,4186,94.3203,93.8689,92.7954,97.9756,98.3658,99.4584,100.224,94.3203,94.765,90.1652,91.6254,90.0154,94.8218,94.9774,127.932,78.9195,96.9211,97.1516,91.6931,97.9127,,88.6806,,278551,166186,57311,51373,51463,79955,76422,278551,255873,6721,41960,31759,17902,59471,7418,13235,30238,19309,49200,11642,,22837,120
ESP,2012-04-01,260020,154937,52361,49153,48871,79748,75897,260020,239751,5804,37967,28020,16280,55931,9381,10920,29253,18425,44580,11210,179700,20269,0,260020,122765,115088,22167,25985,3818,94.261,94.6764,92.6465,98.196,98.2608,98.8926,101.529,94.261,94.5808,89.4988,91.3349,89.4636,93.5632,94.8481,127.045,82.9472,96.4936,96.5114,91.3356,97.4274,,90.0244,,275851,163649,56517,50056,49736,80641,74754,275851,253488,6485,41569,31320,17400,58969,7384,13165,30316,19091,48809,11506,,22515,166
ESP,2012-07-01,258818,153566,51783,47669,47143,82335,76009,258818,237680,6370,37452,27768,15774,55782,9375,9507,29652,18296,44293,11179,178084,21138,0,258818,120504,114924,23390,26994,3604,94.2582,95.2897,92.539,97.9232,97.8395,98.3363,101.989,94.2582,94.1784,95.2452,91.7964,89.6812,92.2834,94.8754,125.418,73.9672,96.6556,96.5641,91.0442,97.4035,,94.5307,,274584,161157,55958,48680,48184,83728,74527,274584,252372,6688,40799,30963,17093,58795,7475,12853,30678,18947,48650,11477,,22361,185
ESP,2012-10-01,254396,152655,47661,46680,45996,82649,74565,254396,233128,6606,37201,27631,15378,55247,9281,9263,29799,18070,41177,11106,173943,21268,0,254396,115814,115029,23553,27493,3940,93.4225,95.8208,85.8216,97.2885,97.0277,99.5687,102.075,93.4225,93.0959,98.2305,92.2896,90.321,91.3725,94.9245,124.795,73.318,96.5775,97.4492,84.9799,96.8265,,96.5367,,272307,159313,55535,47981,47405,83007,73049,272307,250417,6725,40309,30592,16830,58201,7437,12634,30855,18543,48455,11470,,22031,182
ESP,2013-01-01,257197,151123,50713,45808,45263,83453,73355,257197,235208,6300,37312,27905,14170,54839,9228,9227,30357,18203,44505,11067,177426,21989,0,257197,118786,113665,24746,28157,3411,94.7113,96.0536,92.2172,95.4453,94.8174,99.6525,101.136,94.7113,94.1114,86.7649,94.2365,90.5184,89.4966,94.581,123.024,74.767,97.3792,97.2694,91.0831,95.323,,100.978,,271559,157332,54993,47994,47737,83744,72531,271559,249925,7261,39594,30828,15833,57981,7501,12341,31174,18714,48862,11610,,21776,271
ESP,2013-04-01,256492,150534,50577,44752,44241,84266,73126,256492,233783,6734,37090,27725,13831,54716,9189,8847,30438,18264,43614,11060,176128,22709,0,256492,117172,114245,25075,28695,3620,94.5485,95.4529,91.798,94.8638,94.6838,98.7091,99.0344,94.5485,93.5795,88.5703,94.4054,90.1479,89.0828,94.1318,120.701,75.9073,96.9579,97.7416,88.9773,94.6189,,105.149,,271281,157705,55096,47175,46725,85368,73839,271281,249823,7603,39288,30755,15526,58127,7613,11655,31393,18686,49017,11689,,21597,323
ESP,2013-07-01,256110,151264,50558,45192,44817,84286,74815,256110,234016,6721,37702,27793,13784,54771,9128,8048,30708,18395,43664,11095,175809,22094,0,256110,117096,114507,24507,28673,4166,94.4675,95.9304,91.9287,94.7024,94.6305,97.8522,99.4219,94.4675,93.7549,88.6559,95.4965,90.3926,88.9061,94.4816,119.149,72.2247,97.7246,97.5862,89.2943,94.4014,,102.074,,271109,157681,54997,47720,47360,86136,75250,271109,249604,7581,39480,30747,15504,57970,7661,11143,31423,18850,48899,11753,,21645,339
ESP,2013-10-01,255853,152203,50683,44746,44269,83952,75254,255853,234634,7009,37780,28027,13748,54989,9102,7548,30950,18621,43754,11133,176097,21219,0,255853,117099,115146,23608,28543,4935,94.1935,95.7733,91.9553,92.7532,92.9221,97.4769,98.6304,94.1935,93.8987,89.2184,96.2327,91.1951,89.3365,94.6487,117.007,67.4471,98.4634,97.6865,89.9418,94.596,,96.9391,,271625,158920,55117,48242,47641,86125,76299,271625,249880,7856,39259,30733,15389,58098,7779,11191,31433,19062,48647,11769,,21889,368
ESP,2014-01-01,257703,152485,50509,46820,46833,84285,76409,257703,234275,6666,36875,28228,13616,55028,9051,8889,30634,18837,43617,11062,177118,23428,0,257703,117428,114232,26043,29872,3829,94.5172,95.8543,91.9566,93.8258,94.6427,96.935,98.0961,94.5172,93.5439,87.4,93.2506,90.9231,89.1216,94.5368,112.785,79.7148,97.1922,97.1079,90.1215,93.9608,,105.002,,272652,159080,54927,49901,49484,86950,77892,272652,250444,7627,39544,31046,15278,58208,8025,11151,31519,19398,48398,11773,,22312,407
ESP,2014-04-01,258585,153913,50429,46754,47078,85206,78041,258585,236057,6423,37909,28382,13790,55257,8984,9366,30617,19061,43510,11140,177935,22528,0,258585,118747,114596,25242,29620,4378,94.3314,96.0881,92.2088,93.7405,94.1014,96.6646,98.7461,94.3314,93.8895,86.3539,95.1985,90.8777,89.2788,94.3355,111.285,84.6453,97.0551,96.5799,89.9506,94.6394,,98.8894,,274124,160179,54690,49876,50029,88146,79032,274124,251420,7438,39821,31231,15446,58575,8073,11065,31546,19736,48371,11771,,22781,449
ESP,2014-07-01,260038,154577,50639,46662,47024,87593,79795,260038,236576,6708,37846,28560,13896,55610,8908,9065,30314,19436,43601,11192,178126,23462,0,260038,119570,114283,26185,30224,4039,94.1089,95.9075,92.5996,93.859,93.4722,96.6383,98.9595,94.1089,93.4913,88.1819,94.7382,90.8657,89.0655,93.9009,109.006,81.6005,96.0581,96.6244,90.2152,94.9924,,100.613,,276316,161173,54686,49715,50308,90640,80634,276316,253046,7607,39948,31431,15602,59222,8172,11109,31558,20115,48330,11782,,23319,425
ESP,2014-10-01,262623,155442,50827,47086,47615,88048,79309,262623,239585,6457,38415,29089,14088,56566,9038,9362,30286,19987,44006,11380,180625,23038,0,262623,120556,116170,25897,30208,4311,94.1342,95.853,92.8873,94.1908,92.3846,96.7369,98.3665,94.1342,93.9092,88.7438,94.7396,90.8265,89.6525,93.9635,107.646,86.8299,96.2041,97.1422,90.7022,95.9447,,96.4498,,278988,162167,54719,49990,51540,91018,80626,278988,255124,7276,40548,32027,15714,60200,8396,10782,31481,20575,48517,11861,,23886,393
ESP,2015-01-01,268094,156579,51738,48192,50973,88721,79917,268094,244078,7056,39194,29592,14447,58232,9113,8580,30194,20582,44908,11772,183381,24016,0,268094,122623,118263,27208,31388,4180,94.9395,95.6897,93.6011,93.5313,94.377,96.9491,97.2948,94.9395,94.6446,92.6836,95.9414,91.187,89.6271,94.6923,107.325,82.8105,96.285,98.7194,92.6435,94.1007,,98.0205,,282384,163632,55275,51525,54010,91513,82139,282384,257889,7613,40852,32452,16119,61496,8491,10361,31359,20849,48474,12510,,24501,
ESP,2015-04-01,270627,158176,52214,49887,52680,90197,82640,270627,245760,7206,39504,29830,14640,58377,9149,9470,29870,20939,44628,11977,184410,24867,0,270627,123963,118723,27941,31903,3962,94.7753,96.0914,93.6826,94.6245,94.2262,98.0519,99.8466,94.7753,94.3417,92.4795,95.7951,90.4433,89.301,93.7602,106.186,90.7262,95.3125,98.0841,91.712,94.7622,,99.3329,,285546,164610,55735,52721,55908,91989,82767,285546,260500,7792,41238,32982,16394,62262,8616,10438,31339,21348,48661,12639,,25034,
ESP,2015-07-01,273121,159614,52496,50110,53097,91559,83645,273121,248089,7530,39386,30016,14803,59291,9247,9515,29823,21313,44981,12200,186370,25032,0,273121,124610,120276,28235,32524,4289,94.7794,95.8188,93.778,94.9737,93.9404,97.369,98.407,94.7794,94.4842,95.3647,95.1192,90.4723,89.7423,93.7541,105.983,93.3484,95.2355,98.1081,91.7848,95.6413,,97.9343,,288165,166579,55979,52762,56522,94033,84999,288165,262572,7896,41407,33177,16495,63241,8725,10193,31315,21724,49007,12756,,25560,
ESP,2015-10-01,275270,160035,52869,50741,53861,91517,83012,275270,250009,7813,39578,30294,15034,59819,9285,9573,29862,21453,45321,12271,187584,25261,0,275270,125823,120642,28805,33044,4239,94.6794,95.8133,93.9793,95.5574,94.3275,96.594,98.2623,94.6794,94.4143,96.5164,94.6593,90.3948,89.8625,93.7749,105.129,93.1951,95.1595,97.6423,91.9178,95.8148,,97.5441,,290739,167028,56256,53100,57100,94744,84480,290739,264800,8095,41811,33513,16730,63790,8832,10272,31381,21971,49306,12807,,25897,
ESP,2016-01-01,277417,160776,52717,50710,53763,91463,81302,277417,252379,7883,39846,30530,15299,60628,9342,9397,30315,21570,45762,12337,189351,25038,0,277417,125568,124076,27773,32159,4386,94.7598,95.7792,93.5927,95.2658,94.545,95.4599,96.5078,94.7598,94.7173,95.0102,92.7298,89.9767,90.9248,95.3106,105.858,88.9026,96.4954,97.3244,93.2396,95.747,,95.332,,292758,167861,56326,53230,56865,95813,84244,292758,266455,8297,42970,33931,16826,63611,8825,10570,31416,22163,49080,12885,,26264,
ESP,2016-04-01,279123,161902,52973,50489,53054,93367,82173,279123,253399,7888,39784,30526,15327,61049,9367,9650,30399,21628,46029,12278,190400,25724,0,279123,126468,124089,28566,32828,4262,95.028,95.478,94.1341,94.4214,94.0474,95.7031,95.3095,95.028,94.8481,95.4964,92.9446,90.9866,90.8267,95.3831,104.624,90.1701,96.609,97.1346,93.6977,95.2374,,97.0058,,293727,169570,56274,53472,56412,97559,86217,293727,267163,8260,42804,33550,16875,64004,8953,10702,31466,22266,49125,12892,,26518,
ESP,2016-07-01,282308,164083,53042,50744,52948,95007,82772,282308,256322,8012,40334,30841,15564,62103,9456,9640,30674,21854,46279,12406,192412,25986,0,282308,127364,126075,28869,33014,4145,95.3585,96.0966,94.3187,95.2313,94.7463,96.4695,96.8094,95.3585,95.2021,97.6954,94.2956,92.3687,90.8263,95.8853,103.935,88.9545,96.9224,97.0039,93.5402,95.7253,,97.104,,296049,170748,56237,53285,55884,98484,85500,296049,269240,8201,42774,33389,17136,64768,9098,10837,31648,22529,49475,12960,,26761,
ESP,2016-10-01,284119,165776,53118,52344,54285,97222,86282,284119,257300,7831,40569,31099,15554,62498,9459,10349,30486,22036,46064,12454,193346,26819,0,284119,128625,125926,29568,33414,3846,95.4281,96.7995,94.2243,96.233,95.7492,96.7402,98.8656,95.4281,95.0597,97.2674,95.152,92.966,90.3095,95.608,102.337,96.3415,95.8016,96.4714,92.3626,95.5208,,99.3039,,297731,171257,56374,54393,56695,100498,87272,297731,270672,8051,42636,33452,17223,65369,9243,10742,31822,22842,49873,13038,,27007,
ESP,2017-01-01,287756,168256,53568,53540,55294,100669,90031,287756,260818,8120,41585,31912,15778,63223,9677,9453,30885,22506,46843,12748,195335,26938,0,287756,130101,127929,29726,33909,4183,95.9702,97.2533,94.6097,95.8983,95.628,98.7164,100.325,95.9702,95.5822,104.076,93.5714,90.0451,91.5197,96.378,102.11,90.5113,97.086,97.7247,93.8531,96.1243,,100.056,,299839,173008,56620,55830,57822,101978,89739,299839,272873,7802,44442,35440,17240,65599,9477,10444,31812,23030,49911,13262,,26923,
ESP,2017-04-01,291535,170190,53741,54420,56239,101193,89828,291535,264547,7988,41676,32150,16026,64339,9881,10520,31028,22793,47104,13192,198857,26988,0,291535,131381,130333,29821,34268,4447,96.2241,97.5418,94.8599,96.6917,96.1761,98.2104,99.9889,96.2241,95.8914,101.979,93.3498,89.8672,92.5556,96.883,101.866,99.659,96.7931,97.4226,93.2623,97.0428,,99.7671,,302975,174479,56653,56282,58475,103037,89838,302975,275882,7833,44645,35775,17315,66409,9700,10556,32056,23396,50507,13594,,27051,
ESP,2017-07-01,293175,171147,54044,56304,58240,101818,92074,293175,265832,8257,41788,32412,16096,64527,10099,10785,31197,22933,47006,13144,199691,27343,0,293175,132668,130465,30042,34615,4573,96.1583,97.3438,94.721,97.4168,96.8649,97.9029,99.8146,96.1583,95.7122,104.4,93.2851,89.7392,93.0781,96.5005,101.375,99.7503,96.5343,97.4628,92.5625,96.7894,,100.863,,304888,175817,57056,57797,60125,103999,92245,304888,277741,7909,44796,36118,17293,66867,9962,10812,32317,23530,50783,13580,,27109,
ESP,2017-10-01,297558,173199,54445,56943,59150,104663,93899,297558,269925,8436,43608,33569,16333,65394,10228,9793,31625,23354,47723,13431,201548,27633,0,297558,133990,133126,30442,34888,4446,97.005,97.8349,95.4656,96.6085,95.9916,99.3573,99.4745,97.005,96.5711,103.879,96.5548,92.9297,93.9272,97.3299,101.71,90.2581,97.2837,98.1261,93.9873,97.6587,,101.596,,306745,177032,57031,58942,61620,105340,94395,306745,279509,8121,45164,36123,17389,67188,10056,10850,32508,23800,50776,13753,,27199,
ESP,2018-01-01,298352,174753,54849,56848,59716,104264,95230,298352,270415,8382,42639,32579,16301,65836,10112,10162,32072,23542,47905,13464,203093,27937,0,298352,134725,132680,30947,35338,4391,96.8499,98.4269,95.4959,96.4326,95.8369,98.8575,100.468,96.8499,96.3679,103.239,94.6902,91.0053,93.6409,97.3905,100.999,92.164,97.9417,98.2021,93.9351,97.6856,,101.919,,308056,177546,57436,58951,62310,105469,94786,308056,280607,8119,45030,35799,17408,67600,10012,11026,32746,23973,50998,13783,,27411,
ESP,2018-04-01,301749,175459,55452,59903,63084,104921,97167,301749,273139,8348,42863,32768,16526,66488,10181,10856,32289,24009,48288,13291,205402,28610,0,301749,136485,133599,31665,35899,4234,97.318,98.4237,95.9178,97.7067,97.2858,100.039,101.459,97.318,96.697,100.409,95.591,92.0294,93.7114,97.3427,99.6184,96.3693,97.9791,99.1206,94.4398,97.4199,,103.814,,310065,178269,57812,61309,64844,104880,95770,310065,282469,8314,44840,35606,17635,68303,10220,11265,32955,24222,51131,13643,,27559,
ESP,2018-07-01,304323,176647,56389,60366,63671,106294,98678,304323,275493,7830,43284,32662,16962,66916,10174,10841,32602,24403,48839,13642,207417,28830,0,304323,138839,133760,31724,36033,4309,97.6032,99.1135,96.8052,97.9634,97.477,101.387,103.988,97.6032,96.952,97.1826,96.9146,92.6818,94.2072,97.3678,99.0652,95.3055,98.1426,98.7216,95.2473,98.017,,104.419,,311796,178227,58250,61621,65319,104840,94894,311796,284154,8057,44662,35241,18005,68725,10270,11375,33219,24719,51276,13918,,27610,
ESP,2018-10-01,307852,177509,56983,61385,64545,107300,98485,307852,278798,8187,43356,32779,17355,66977,10181,12680,32776,24689,49102,13495,209900,29054,0,307852,140600,135277,31975,36568,4593,98.1605,99.4799,97.171,99.298,98.658,101.18,103.663,98.1605,97.5118,96.2837,97.028,93.146,94.8464,97.0006,98.7105,110.781,98.0085,98.7323,95.5385,97.6837,,104.96,,313621,178437,58642,61819,65423,106049,95005,313621,285912,8503,44684,35191,18298,69048,10314,11446,33442,25006,51395,13815,,27681,
ESP,2019-01-01,311179,177518,57691,63812,66082,109174,99286,311179,282062,7811,43653,33103,18071,67947,10494,11553,33146,25625,50119,13643,212527,29117,0,311179,143292,135874,32013,36525,4512,98.6167,99.5703,97.8145,100.322,99.4791,101.281,103.404,98.6167,98.0482,95.5007,96.5689,93.2978,97.4493,97.7458,98.6742,104.552,99.8644,97.1122,98.0399,98.2217,,104.579,,315544,178284,58980,63607,66428,107793,96018,315544,287677,8179,45204,35481,18544,69514,10635,11050,33191,26387,51121,13890,,27842,
ESP,2019-04-01,311955,176640,58322,63297,65262,111212,99481,311955,283137,7673,44088,33267,18370,68314,10549,10915,33162,25796,50557,13713,213006,28818,0,311955,145945,134304,31706,36383,4677,98.5783,99.9084,98.5052,99.461,98.6337,100.926,103.587,98.5783,98.0959,96.6008,96.6249,93.4545,97.8377,98.1579,100.038,99.3809,99.2488,98.7293,97.495,99.0681,,103.643,,316454,176802,59207,63640,66166,110192,96036,316454,288633,7943,45628,35597,18776,69596,10545,10983,33413,26128,51856,13842,,27805,
ESP,2019-07-01,312955,182567,58713,63862,65642,107310,101277,312955,283930,8143,44336,33575,18511,67583,10677,10934,33563,25978,50823,13382,212940,29025,0,312955,147615,133240,32100,36633,4533,98.7053,99.7509,98.8484,99.3714,99.0135,100.771,103.198,98.7053,98.157,102.235,96.6263,93.7718,98.9893,96.7947,100.822,100.802,99.5049,99.4449,97.6802,98.0366,,104.455,,317060,183023,59397,64266,66296,106489,98139,317060,289261,7965,45884,35805,18700,69821,10590,10847,33730,26123,52030,13650,,27787,
ESP,2019-10-01,317621,183300,59401,63595,65150,107035,97265,317621,288839,7964,44614,34161,18822,70472,10955,10449,34065,26263,51373,13862,217439,28782,0,317621,148981,136960,31680,36192,4512,99.6086,100.436,99.6076,99.2013,99.3398,100.689,102.085,99.6086,99.2397,99.6372,97.3531,95.3179,100.857,100,101.803,95.968,100.159,100.321,97.4413,101.807,,103.477,,318869,182504,59635,64107,65583,106303,95278,318869,291052,7993,45827,35839,18662,70472,10761,10888,34011,26179,52722,13616,,27815,
ESP,2020-01-01,301564,172587,60051,62232,62658,99155,92887,301564,273874,7480,40723,31001,16568,62626,10469,12865,33718,25416,50728,13281,209103,27690,0,301564,146519,125461,29584,35395,5811,99.7367,100.494,99.6697,99.105,99.465,100.73,101.991,99.7367,99.0263,99.7067,95.8752,96.9963,95.2239,98.6205,98.0335,113.769,99.1443,97.7275,100.709,99.8271,,107.238,,302360,171739,60250,62794,62995,98436,91074,302360,276567,7502,42475,31961,17399,63502,10679,11308,34009,26007,50371,13304,,25821,
ESP,2020-04-01,247347,134130,60822,50006,49954,67652,65211,247347,228804,8396,35125,25204,13993,40360,9736,10639,31898,19472,50035,9150,171290,18543,0,247347,127867,102511,16969,26329,9360,99.5084,99.4616,100.023,99.3128,99.5973,99.4517,99.8117,99.5084,100.94,105.69,102.468,104.11,103.606,101.783,103.806,93.6367,100.258,99.4891,99.7767,102.098,,84.7486,,248569,134856,60808,50352,50156,68025,65334,248569,226674,7944,34279,24209,13506,39653,9379,11362,31816,19572,50147,8962,,21880,
ESP,2020-07-01,287632,162715,61836,60140,59813,86548,83280,287632,261848,7733,43521,32758,16635,52839,10037,11565,34316,23001,51102,11099,193959,25784,0,287632,142510,118555,26567,33213,6646,99.8386,99.9116,100.227,100.668,100.347,99.7499,100.523,99.8386,99.593,99.0014,101.304,100.698,100.042,98.4645,99.7317,99.1682,99.9971,99.3392,99.9824,95.9872,,102.427,,288097,162859,61696,59741,59606,86765,82847,288097,262918,7811,42961,32531,16628,53663,10064,11662,34317,23154,51111,11563,,25173,
ESP,2020-10-01,292671,164192,62844,60420,60494,90841,85700,292671,266438,7836,44122,33593,16504,54526,10245,10896,34874,24624,52767,10044,197976,26233,0,292671,144970,118602,29099,34322,5223,100.856,100.013,100.072,100.85,100.55,99.8571,97.5826,100.856,100.617,95.701,100.79,99.2232,102.084,101.855,98.8423,93.6646,100.609,103.549,99.5547,103.068,,103.381,,290188,164171,62799,59911,60163,90971,87823,290188,264805,8188,43776,33856,16167,53533,10365,11633,34663,23780,53003,9745,,25375,
ESP,2021-01-01,298714,166387,63970,60462,63843,94260,89746,298714,271348,8243,45248,34413,15908,57749,10461,11416,34212,25072,52790,10249,201949,27366,0,298714,146199,123387,29128,35326,6198,101.716,101.359,101.063,101.578,101.672,101.843,100.697,101.716,101.369,99.457,104.816,100.732,100.189,100.659,99.9618,99.86,99.5954,101.072,101.715,102.245,,105.29,,293675,164156,63297,59523,62793,92554,89125,293675,267684,8288,43169,34163,15878,57371,10465,11432,34351,24806,51900,10024,,25991,
ESP,2021-04-01,301107,169788,64542,60390,63722,98935,95880,301107,273401,8285,44738,33843,16487,60500,11042,10916,33981,24587,51821,11044,203891,27706,0,301107,146719,123857,30531,36248,5717,101.144,100.582,101.336,101.854,101.523,104.139,103.581,101.144,101.039,96.6406,103.503,98.0587,105.876,104.158,102.411,96.1169,99.412,96.3478,98.6203,102.735,,102.195,,297701,168806,63691,59291,62766,95003,92565,297701,270590,8573,43224,34513,15572,58085,10782,11357,34182,25519,52546,10750,,27111,
ESP,2021-07-01,310566,175242,65002,63337,68042,106582,104302,310566,280329,8891,45852,35257,16446,62109,10853,11793,34524,25376,52773,11712,209140,30237,0,310566,154370,123254,32942,38673,5731,102.305,102.188,101.748,106.135,106.779,107.21,109.86,102.305,101.603,103.818,106.524,99.5764,105.322,100.317,99.4229,104.752,99.8612,97.2112,101.843,96.7694,,109.309,,303569,171489,63885,59676,63722,99414,94941,303569,275907,8564,43044,35407,15615,61913,10916,11258,34572,26104,51818,12103,,27662,
ESP,2021-10-01,325087,182142,65927,65371,74641,117283,114906,325087,293517,8782,49624,35553,16703,68050,11202,12380,35328,26788,52932,11728,218408,31570,0,325087,156905,133810,34372,39712,5340,104.956,104.563,103.682,108.153,109.608,113.531,115.545,104.956,104.248,106.642,113.945,100.09,104.492,105.517,95.6373,107.326,99.8869,98.5723,101.492,103.358,,112.03,,309736,174194,63586,60443,68098,103305,99447,309736,281556,8235,43551,35521,15985,64492,11713,11535,35368,27176,52154,11347,,28180,
ESP,2022-01-01,332545,186804,67257,68196,76588,124677,122781,332545,300028,7677,52779,36453,17300,69581,11633,12508,35738,27049,53587,12176,222272,32517,0,332545,159045,138102,35398,41251,5853,105.703,106.149,105.349,109.797,111.158,117.812,122.685,105.703,104.504,101.146,119.699,99.7292,102.616,104.382,96.4914,107.698,99.2998,96.1332,102.641,101.959,,118.016,,314604,175982,63842,62111,68900,105827,100078,314604,287097,7590,44093,36552,16859,66660,12056,11614,35990,28137,52208,11942,,27553,
ESP,2022-04-01,339188,191920,67879,69328,78083,137147,135841,339188,306716,7813,52904,37333,18211,73646,12170,12746,35786,27345,52847,13248,227788,32472,0,339188,162272,141499,35417,41835,6418,106.01,107.353,107.119,111.902,113.95,121.534,130.889,106.01,104.936,110.666,117.052,99.885,106.292,106.271,98.2958,107.962,100.621,95.1627,100.671,104.968,,117.109,,319957,178775,63368,61954,68524,112847,103783,319957,292290,7060,45197,37376,17133,69300,12381,11806,35565,28735,52495,12621,,27728,
ESP,2022-07-01,345247,198200,69449,72450,78960,140740,142102,345247,314053,8159,54991,38373,18756,71787,12601,13064,36647,29038,55193,13817,232147,31194,0,345247,165699,145677,33871,42970,9099,107.031,110.258,108.443,114.94,117.157,124.468,139.321,107.031,106.451,124.698,121.902,102.456,107.892,103.361,99.8257,109.911,102.283,97.492,104.625,100.722,,112.924,,322567,179761,64042,63033,67397,113073,101996,322567,295022,6543,45111,37453,17384,69453,12623,11886,35829,29785,52753,13718,,27624,
ESP,2022-10-01,358883,198875,71226,71916,78547,143264,133029,358883,333918,8954,58267,39571,18798,78356,13228,14630,38009,31262,58680,13734,247899,24965,0,358883,169267,161907,27709,38294,10585,110.665,112.08,109.326,116.025,118.086,125.626,133.971,110.665,112.411,131.87,130.348,106.088,108.584,112.109,99.9622,124.215,103.145,105.114,108.288,108.176,,91.2964,,324296,177441,65150,61983,66517,114040,99297,324296,297051,6790,44701,37300,17312,69893,13233,11778,36850,29741,54189,12696,,27345,
ESP,2023-01-01,369116,202421,71892,75280,78246,145577,129020,369116,336409,9352,57538,41733,19084,81303,13227,15976,39389,30085,56997,13458,250435,32707,0,369116,172597,160414,36105,42949,6844,113.243,112.845,109.174,115.465,117.316,126.787,127.175,113.243,112.997,129.457,129.76,111.481,110.664,113.098,102.471,140.436,106.033,103.688,105.697,104.358,,115.572,,325950,179379,65851,65197,66697,114820,101451,325950,297716,7224,44342,37435,17245,71887,12908,11376,37148,29015,53925,12896,,28300,
ESP,2023-04-01,369733,205031,73079,75551,77503,140497,126377,369733,335683,9632,53653,40405,19964,80803,13966,17501,39716,29955,56971,13522,252434,34050,0,369733,176047,156385,37301,42986,5685,113.269,113.608,109.364,115.076,116.922,123.086,124.168,113.269,112.434,133.315,122.375,108.967,114.525,111.824,104.929,152.302,106.72,102.256,105.338,105.765,,121.886,,326419,180473,66822,65653,66286,114145,101779,326419,298560,7225,43843,37080,17432,72259,13310,11491,37215,29294,54084,12785,,27936,
ESP,2023-07-01,374008,209089,73964,77382,79578,137656,126279,374008,341159,9694,53398,41078,19909,79214,14142,20219,39257,31600,59547,14179,258158,32849,0,374008,179795,158006,36207,42297,6090,113.681,114.816,109.802,116.701,118.855,122.605,125.881,113.681,113.197,138.407,122.271,109.861,115.743,109.043,104.454,166.302,106.422,104.709,109.239,100.567,,118.588,,328997,182108,67361,66308,66954,112276,100316,328997,301386,7004,43672,37391,17201,72645,13539,12158,36888,30179,54511,14099,,27700,
ESP,2023-10-01,384904,213516,74979,78316,81014,142673,127278,384904,353500,10357,55508,40804,19862,82924,14510,20034,41421,33279,61437,14168,267773,31404,0,384904,183350,167048,34506,41261,6755,116.078,116.893,110.396,117.539,119.856,124.912,125.425,116.078,116.066,138.296,125.943,108.127,113.284,115.543,102.436,174.269,106.962,107.591,109.603,109.06,,115.741,,331591,182659,67918,66630,67593,114219,101477,331591,304568,7489,44074,37737,17533,71769,14165,11496,38725,30931,56054,12991,,27133,
ESP,2024-01-01,391390,216535,75733,80039,82930,145228,129036,391390,357357,11035,56215,43411,20299,86252,14231,20472,41568,31354,61422,14509,269808,34033,0,391390,186196,167801,37393,43364,5971,116.735,117.964,110.787,118.319,120.538,124.466,125.468,116.735,116.065,138.526,125.679,113.749,112.447,116.85,105.166,172.236,106.76,104.849,109.555,108.625,,123.725,,335282,183561,68359,67647,68800,116681,102844,335282,307894,7966,44729,38164,18052,73814,13532,11886,38936,29904,56065,13357,,27507,
ESP,2024-04-01,395077,219021,76189,79577,82834,148038,131005,395077,359823,10984,55045,43316,21062,88266,14680,19907,41489,32403,61191,14796,272732,35254,0,395077,188990,167550,38537,44743,6206,116.761,117.917,111.405,117.096,119.126,126.086,126.607,116.761,115.584,137.73,122.753,112.688,115.541,116.406,106.269,165.878,108.03,104.603,108.987,109.6,,129.629,,338363,185742,68389,67959,69535,117410,103474,338363,311309,7975,44842,38439,18229,75826,13814,12001,38405,30977,56145,13500,,27196,
ESP,2024-07-01,400010,221025,77594,80577,84664,148590,131863,400010,364470,11105,56351,42835,20713,87131,14895,20805,41334,33454,63812,14870,276301,35540,0,400010,192058,168818,39134,45164,6030,117.321,117.577,111.628,119.236,121.535,126.119,125.981,117.321,116.249,136.862,125.907,111.759,115.245,114.116,106.782,172.27,107.481,106.119,112.333,106.131,,128.936,,340952,187983,69511,67578,69662,117817,104669,340952,313525,8114,44756,38328,17973,76353,13949,12077,38457,31525,56806,14011,,27564,
ESP,2024-10-01,407853,226030,78284,83262,87143,148937,132541,407853,370933,10768,59703,43334,20769,87929,15024,19539,42826,34492,64999,14884,279693,36920,0,407853,196433,170959,40461,46316,5855,118.656,119.203,112.547,118.937,121.044,126.303,125.069,118.656,117.205,134.365,132.877,112.186,112.459,115.543,105.166,161.426,107.395,107.361,112.744,109.514,,134.764,,343726,189617,69557,70005,71993,117920,105974,343726,316483,8014,44931,38627,18468,76101,14286,12104,39877,32127,57652,13591,,27396,
ESP,2025-01-01,412539,230045,78878,84552,87516,154402,138302,412539,374325,11069,59951,44207,21332,91102,14764,19799,42535,33996,64582,15195,281973,38214,0,412539,199023,173592,39924,46683,6759,119.365,120.715,112.697,119.572,121.481,127.991,127.729,119.365,117.549,129.979,131.862,113.821,114.836,118.368,107.539,159.669,107.225,105.601,112.315,110.173,114.476,139.615,,345611,190568,69991,70712,72041,120635,108278,345611,318441,8516,45465,38839,18576,76965,13729,12400,39669,32193,57501,13792,246317,27371,
ESP,2025-04-01,416719,232299,79511,85270,88614,154399,138104,416719,377775,11272,58875,44501,22503,93293,15254,18808,43357,34603,64525,15285,285125,38944,0,416719,202352,173268,41099,47784,6685,119.719,120.963,113.402,119.645,121.175,126.285,125.392,119.719,117.717,140.988,128.335,113.48,118.014,118.289,107.962,152.477,110.467,106.047,112.356,110.369,114.726,142.209,,348080,192042,70114,71269,73129,122262,110138,348080,320917,7995,45876,39215,19068,78869,14129,12335,39249,32630,57429,13849,248527,27385,
ESP,2025-07-01,422748,235120,81056,87792,91259,153985,138672,422748,382639,11346,59647,44726,22899,94242,15737,19121,43389,35498,65203,15557,288747,40109,0,422748,205827,174343,42578,48742,6164,120.731,121.3,113.956,120.612,121.848,126.827,124.226,120.731,118.372,142.395,129.724,113.83,118.182,118.188,109.186,157.933,110.542,106.925,112.592,110.829,115.258,147.606,,350158,193834,71129,72789,74896,121413,111629,350158,323250,7968,45980,39292,19376,79739,14413,12107,39251,33199,57911,14037,250523,27173,
ESP,2025-10-01,435146,239983,84525,90084,93827,155344,138533,435146,394070,11568,61613,45346,23449,96139,16064,19355,44470,36223,69498,15691,297440,41076,0,435146,211566,178254,45326,51247,5921,123.325,122.706,118.565,121.198,123.299,127.034,122.678,123.325,120.9,145.144,133.703,115.32,118.657,120.576,110.246,150.494,111.403,107.832,120.093,111.41,117.668,151.081,,352846,195576,71290,74328,76097,122285,112924,352846,325946,7970,46082,39322,19762,79733,14571,12861,39918,33592,57870,14084,252780,27188,
ESP,2026-01-01,437424,244233,83276,90650,94064,155892,140041,437424,396394,11649,60992,46121,23543,99108,16065,19683,44744,36585,67981,16044,300210,41030,0,437424,213273,181865,42286,48937,6651,123.202,124.052,116.069,121.551,123.502,128.211,125.186,123.202,120.715,141.474,131.835,116.774,119.356,122.533,109.997,154.619,111.692,106.999,117.035,112.986,117.829,151.57,,355047,196879,71747,74578,76164,121590,111866,355047,328373,8234,46264,39496,19725,80883,14605,12730,40060,34192,58086,14200,254786,27070,
ESP,2026-04-01,441437,247775,84379,91386,94780,159775,145272,441437,400214,11774,63093,47230,23788,99788,16257,19083,44978,36993,68665,15795,301559,41223,0,441437,217173,181683,42581,48571,5990,123.476,124.965,117.203,122.029,123.785,130.321,129.139,123.476,120.893,142.732,135.054,118.806,119.863,122.202,110.045,149.682,112.187,106.519,116.928,111.625,117.395,153.069,,357508,198275,71994,74889,76568,122601,112493,357508,331049,8249,46717,39754,19846,81658,14773,12749,40092,34729,58724,14150,256876,26931,
ITA,1995-01-01,241051,140790,42625.4,47041.7,48223.8,59366.8,49955.4,241051,217399,7300.7,50782.5,44902,11576,48369.5,6881,9266.2,21022.9,19072.6,34891,8236.8,147740,23651.3,0,241051,93443.6,123989,23617.6,28993.6,5376,,,,,,,,,,,,,,,,,,,,,,,,,,,,,,,,,,,,,,,,,,,,,,
ITA,1995-04-01,245179,143235,42955.8,48363,49768.5,62186.8,52966.2,245179,220951,7310.5,52807.2,47159.5,11637.3,48870.9,6967.4,9848.9,21476.6,18834.1,34930.4,8267.8,149196,24228.3,0,245179,94324.9,126200,24654.1,29634.7,4980.5,,,,,,,,,,,,,,,,,,,,,,,,,,,,,,,,,,,,,,,,,,,,,,
ITA,1995-07-01,249686,145424,43068.1,50001.8,53025.3,61061.1,52892.3,249686,226155,7349.5,54265.5,48620.1,11623.6,49645,7360.5,11494.8,21699.7,19264.4,35107.4,8344.4,152916,23531.4,0,249686,94872.6,131116,23697.6,29083.5,5385.9,,,,,,,,,,,,,,,,,,,,,,,,,,,,,,,,,,,,,,,,,,,,,,
ITA,1995-10-01,255453,147790,44556.7,51868.7,53551.3,62874.1,53318.7,255453,231627,7499.4,55592.3,49819.2,12100.6,50478.3,7686.6,11488.7,22337,19344,36612.5,8487.9,156435,23826,0,255453,98192.6,133059,24201.6,29476.2,5274.6,,,,,,,,,,,,,,,,,,,,,,,,,,,,,,,,,,,,,,,,,,,,,,
ITA,1996-01-01,258893,150286,45666.2,50683.4,52721.1,62077.4,51857.6,258893,233978,7787,55027,49022.2,11898.7,51420.7,7646.4,11252.3,22526.4,20369,37270.9,8780.2,159266,24914.6,0,258893,99782.3,133929,25182.1,30740.9,5558.8,64.2447,64.9937,59.3604,74.7706,68.4941,74.8655,77.8421,64.2447,66.3338,97.8783,67.6681,71.9976,52.6601,83.6414,111.636,66.5781,47.2566,67.2875,53.3118,62.5558,,48.9431,,402980,231232,76930.4,67785.2,76971.7,82918.6,66619,402980,352729,7955.8,81319,68088.7,22595.3,61477.6,6849.4,16900.9,47668.3,30271.6,69911.1,14035.8,,50905.2,
ITA,1996-04-01,261096,151332,45808.6,51983.9,51373.4,61654,49072,261096,236548,8033.1,54847.2,48947.8,12295.3,51369.3,8423.3,11307.3,22756.1,20566,38033.4,8917.1,161372,24548.3,0,261096,100600,135428,25068.7,30440.7,5372,64.6982,65.5851,60.2562,68.2668,67.5442,74.5,76.4634,64.6982,66.9218,99.5526,67.5678,71.8305,53.2153,84.1972,112.716,66.7783,48.1602,68.5746,54.1602,62.8992,,48.4531,,403560,230742,76023,76148.1,76058.9,82757.1,64177.1,403560,353469,8069.2,81173.6,68143.5,23104.8,61010.7,7473,16932.6,47250.8,29990.7,70223.9,14176.8,,50664,
ITA,1996-07-01,262818,151970,46432,52119.2,51720.7,61406.8,48711.6,262818,238910,7869.5,55569.8,49656.2,12525.9,51733.5,8614.2,11333.5,22977.7,20737.1,38512,9037.2,162945,23907.4,0,262818,102365,136005,24448,29843.2,5395.2,65.0105,65.9879,60.6167,65.5974,66.9995,74.3716,75.5746,65.0105,67.4764,94.4843,68.4867,72.8314,54.501,84.3167,113.859,67.742,48.779,69.3611,54.7784,63.3088,,47.0734,,404270,230300,76599.3,79453.2,77195.7,82567.5,64455,404270,354065,8328.9,81139.5,68179.7,22982.9,61356.2,7565.7,16730.4,47105.7,29897.3,70305.1,14274.8,,50787.5,
ITA,1996-10-01,264023,153762,47302.2,51060.6,51131.7,62406.8,50580,264023,239171,7452.9,54955.3,48992.4,12260.7,51784.6,8796.7,10457.3,23537.3,21400.7,39394.2,9131.3,164502,24851.7,0,264023,103356,135132,25534.2,30932.1,5397.9,65.5225,66.33,61.8678,65.3712,67.7063,74.3388,76.0334,65.5225,67.8034,93.6812,68.5846,72.8461,54.7323,84.4678,114.962,62.5721,49.9936,70.2833,55.9551,63.7803,,48.875,,402949,231814,76456.9,78108.7,75519.9,83949.2,66523.4,402949,352742,7955.6,80127.8,67254.7,22401.2,61306.9,7651.8,16712.4,47080.6,30449.2,70403.2,14316.8,,50847.5,
ITA,1997-01-01,267471,155611,47101.1,52034.7,53397,63403.4,52041.9,267471,241136,7672,55715.3,49669.7,12136,51996.5,8527,10834.4,23431.6,21662.6,40038.5,9121.7,165612,26335.3,0,267471,105061,135001,27409.4,32457.4,5048,66.1887,66.607,62.5932,67.4005,69.461,74.9234,76.4765,66.1887,68.2247,93.4368,69.8824,74.183,54.6352,83.9322,115.085,63.0839,50.0776,70.9647,56.7407,63.5796,67.9189,51.2109,,404104,233626,75249.5,77202.2,76873.4,84624.3,68049.5,404104,353443,8210.9,79727.2,66955.6,22212.8,61950.6,7409.3,17174.6,46790.6,30525.9,70564,14346.9,243838,51425.2,
ITA,1997-04-01,272005,159429,48686.9,52801.9,53344.9,65658.4,55113.9,272005,245420,7509.9,57138.3,50883.7,12071.2,52904.6,8766.5,10246.1,23870.5,22988.6,40708.3,9215.9,168700,26585.1,0,272005,106096,138412,27496.7,32676.2,5179.5,66.2386,66.8137,63.1974,69.1895,67.9701,75.4217,76.5477,66.2386,68.4211,92.6256,69.5596,73.568,54.9128,83.9155,115.612,60.5651,50.5158,72.0345,57.7726,64.0384,68.3056,50.2408,,410644,238617,77039.4,76314.9,78482.9,87055,71999.4,410644,358690,8107.8,82142.9,69165.5,21982.5,63045.1,7582.7,16917.5,47253.5,31913.3,70463,14391.2,246979,52915.4,
ITA,1997-07-01,275493,162089,49441,53874.3,54412.6,67057.8,57506.9,275493,248150,7861.8,57163.3,50930.8,12281.1,53562.6,8809.5,10659,24108.7,23168,41273.6,9262.4,170844,27343.4,0,275493,107343,139573,28577.7,33518,4940.3,66.807,67.0845,63.9818,70.7339,69.7703,75.893,77.5745,66.807,68.9816,96.8083,69.8469,73.8107,55.7938,84.0796,115.472,62.7103,50.7498,72.5217,58.5187,64.1103,68.8081,50.8378,,412372,241619,77273.5,76164.8,77988.2,88358.4,74131.2,412372,359733,8121,81840.8,69001.9,22011.6,63704.6,7629.1,16997.2,47505,31946.3,70530.6,14447.6,248290,53785.6,
ITA,1997-10-01,279697,164033,48985,56449.1,57384.1,67890.5,58594.8,279697,252112,8262.2,58277.3,51959.8,12845.3,54524.7,9104.3,10773,24700.7,23265.5,41071.3,9288,172728,27585.2,0,279697,107284,143531,28883.3,33843.5,4960.2,66.8323,67.4856,63.3521,71.4877,69.1921,75.9945,77.5704,66.8323,69.0315,95.877,70.3062,74.3713,56.234,84.4446,115.084,60.8201,51.5474,72.3988,58.059,63.7627,68.7233,50.7021,,418506,243063,77321.8,78963.4,82934.5,89336.1,75537.6,418506,365213,8617.5,82890.7,69865.4,22842.6,64568.6,7911,17712.9,47918.4,32135.2,70740.6,14566.5,251338,54406.4,
ITA,1998-01-01,281219,166287,48978.9,55630.5,56808.6,70238.4,61093.3,281219,253132,7849.1,59007.1,52673.7,12075.3,54957.4,9081.6,12289.5,24455.8,22633.7,41398.6,9384.3,174201,28086.9,0,281219,104620,140348,36251,40914.8,4663.8,67.5126,67.9812,63.6721,70.924,69.5516,76.7847,77.1124,67.5126,69.6912,93.2951,71.5509,75.7874,54.7146,84.3652,117.535,68.9728,51.6422,72.1752,58.5756,63.4572,69.4892,51.5154,,416543,244607,76923.7,78436.8,81678.4,91474.5,79226.3,416543,363220,8413.2,82468.7,69501.9,22069.6,65142.3,7726.7,17817.9,47356.2,31359.4,70675.5,14788.4,250688,54521.4,
ITA,1998-04-01,284899,167921,50400.6,56673.9,56828.4,69557.8,59808.2,284899,255720,8002.2,59448.7,52986.4,12258.7,55578.8,9449.4,11985.1,25014.4,22835.9,41744.3,9402.7,176011,29179.3,0,284899,105722,141787,37390.2,42386.4,4996.3,68.0145,68.163,64.1749,70.9795,70.3509,76.6841,76.198,68.0145,70,92.5409,71.5581,75.6712,55.7898,84.695,116.978,69.4893,52.3812,72.2641,59.1304,63.1927,69.8672,53.295,,418880,246352,78536.3,79845.5,80778.5,90706.9,78490.5,418880,365314,8647.2,83077.5,70021.9,21973,65622.3,8077.9,17247.4,47754.5,31600.6,70597,14879.4,251922,54750.5,
ITA,1998-07-01,285132,169697,50170.4,56999.9,56436.5,67658.7,58830.6,285132,256097,8195.6,58883.8,52328.2,12255.9,55934.7,9607.3,11881.2,25262.8,23196.5,41480.2,9398.9,176762,29035.1,0,285132,105975,141870,37286.8,42213.8,4927,68.005,68.2199,63.7144,70.9734,69.975,76.472,75.3294,68.005,70.0965,94.0391,71.6911,75.7116,56.2308,85.0748,117.525,69.5035,52.5729,72.2344,58.6739,63.0591,69.875,52.5724,,419280,248750,78742.6,80311.6,80652.4,88475.1,78097.8,419280,365349,8715.1,82135.4,69115.2,21795.7,65747.7,8174.7,17094.4,48052.9,32112.8,70696.2,14904.9,252968,55228.8,
ITA,1998-10-01,287728,171185,51193.1,57983.9,58493.8,65997.9,59142.3,287728,256663,7513.4,58364.8,51719,12307.6,55768.6,9878.9,12137.3,25925.7,23257.3,42128.3,9381.1,178477,31064.8,0,287728,107372,141005,39351,44457,5106,68.8504,68.5212,64.6457,71.1927,71.5686,76.2284,74.2058,68.8504,70.482,92.3374,71.4988,75.4876,56.2929,84.7895,117.563,73.2416,53.616,72.4655,59.658,63.0251,70.536,56.4407,,417903,249828,79190.3,81446.4,81731.1,86579.1,79700.4,417903,364154,8136.9,81630.5,68513.2,21863.5,65773,8403.1,16571.6,48354.4,32094.3,70616.3,14884.7,253030,55039.7,
ITA,1999-01-01,289465,172231,52008.9,58709.2,59001.1,65619,59395.1,289465,258930,8011.2,58731.5,52051.7,12325.3,55496.4,10057.6,13028.5,25981.8,23530.2,42235.4,9531.7,179862,30535.2,0,289465,107070,144073,38321.5,43234.7,4913.2,68.945,68.6628,64.8097,70.4825,70.8606,76.0599,73.4095,68.945,70.7929,92.7501,71.9299,76.0285,55.9908,84.6621,114.665,78.138,53.6271,72.6445,59.9456,63.294,70.8638,55.1055,,419849,250836,80248.6,83296.1,83263.6,86272.8,80909.3,419849,365756,8637.4,81651,68463.4,22013.1,65550.5,8771.3,16673.7,48449,32390.9,70456.2,15059.4,253813,55412.3,
ITA,1999-04-01,290787,174972,51020.6,59163.2,59026.6,66090.4,60322.6,290787,259799,7751,58173,51618,12441,55926.8,10414.5,12531.9,26475.2,24184.6,42342.9,9557.6,181434,30988.1,0,290787,109322,143024,38440.8,43321.7,4880.9,68.9797,69.0681,64.77,71.0703,70.9018,76.6851,75.1456,68.9797,70.7821,87.7217,71.9708,76.0191,56.6672,84.4172,114.586,77.6003,54.3976,73.115,59.9044,63.52,70.9491,55.4331,,421554,253332,78772,83246,83251.2,86184.2,80274.3,421554,367040,8835.9,80828.6,67901.4,21954.5,66250.5,9088.8,16149.3,48669.8,33077.5,70684.1,15046.6,255724,55901.8,
ITA,1999-07-01,294324,177864,51214.7,59966.4,61001.2,67732.1,63488.1,294324,263464,7992,59229.4,52527.4,12414.7,56768.5,10613.2,12276.9,26965.9,24469.2,43043.3,9691.3,183828,30859.6,0,294324,110517,145844,37962.9,43082.2,5119.3,69.0932,69.4205,65.4889,71.9647,71.1053,77.2219,77.1325,69.0932,70.9968,88.4619,71.7324,75.7254,56.6248,84.5885,114.381,75.9451,55.1883,73.5014,60.6531,64.1404,71.3173,54.8815,,425981,256213,78203.6,83327.5,85789.9,87711,82310.4,425981,371093,9034.4,82569.9,69365.6,21924.5,67111.4,9278.8,16165.5,48861.6,33290.8,70966.4,15109.5,257761,56229.5,
ITA,1999-10-01,300072,180435,53138.8,61262.4,62233.2,71601.6,67335.7,300072,269159,8253.1,59805.6,53176.2,12569.5,57414.6,10651.2,12935.2,27928.3,25875.6,43823.9,9902.1,188531,30913.1,0,300072,111648,150753,37670.8,42567.4,4896.6,69.3829,70.2012,66.4218,72.3752,70.4182,77.7735,78.7395,69.3829,71.4801,88.7965,71.6142,75.6977,56.7275,84.6842,113.463,77.6567,56.8368,73.3897,61.7084,64.6761,72.0313,53.8903,,432488,257025,80002,84645.6,88376.6,92064.3,85517.1,432488,376551,9294.4,83510.8,70248.1,22157.7,67798.5,9387.4,16656.9,49137.7,35257.8,71017.7,15310.3,261735,57363,
ITA,2000-01-01,305830,182861,54221,64698.6,64278.9,76305.5,71836.1,305830,273095,8082.2,60249.3,53794.9,13029.5,58411.2,11183.9,13552.3,28115.4,26343,44317.3,9811,191734,32735.4,0,305830,112576,153294,39960.8,45001.6,5040.7,69.8684,70.679,66.6187,72.9359,73.1313,79.0308,82.0403,69.8684,71.5854,87.1659,71.5101,75.9139,57.6035,84.3052,112.416,79.6805,57.3382,73.4855,61.8996,64.9168,72.1922,56.8754,,437724,258721,81390,88706.1,87895.2,96551.6,87562,437724,381496,9272.2,84252.9,70863,22619.3,69285.4,9948.7,17008.3,49034.3,35847.9,71595.5,15113.2,265588,57556.3,
ITA,2000-04-01,308533,185979,54415.4,65824.8,65878.4,77457.5,75197.8,308533,276386,8040.3,61331.3,54679.6,13347.1,59639.8,10542.5,13609.8,28582,26629.1,44695.7,9968.1,193667,32147,0,308533,113419,155785,39329.2,44785.6,5456.4,70.0349,71.2367,66.9937,73.3604,72.4316,79.6894,83.0897,70.0349,72.0363,87.9635,71.7994,76.1313,58.2973,84.9576,111.792,80.5714,58.3029,73.6593,62.0759,65.1544,72.6621,55.156,,440541,261072,81224.7,89728,90952.6,97199.2,90501.9,440541,383676,9140.5,85420.4,71822.8,22894.9,70199.5,9430.5,16891.6,49023.3,36151.7,72001.7,15299.2,266531,58283.8,
ITA,2000-07-01,313088,187917,56363.4,67270.3,67003.1,81463.2,79658.3,313088,281667,8012.5,62481.4,55807.4,13731.3,60588,10999.1,14073.9,28899.1,27000.8,45786.4,10094.5,197442,31421.7,0,313088,114954,159117,39017.2,44413.6,5396.3,70.4486,71.7206,68.0652,73.8687,72.5738,80.5159,84.3018,70.4486,72.7195,88.7851,72.6736,77.0597,58.9359,85.5758,111.31,80.6255,58.8841,73.5755,63.4446,65.417,73.2784,53.7711,,444421,262013,82807.9,91067.4,92324.1,101177,94491.8,444421,387334,9024.6,85975.4,72421,23298.7,70800.4,9881.5,17455.9,49077.9,36698.1,72167.5,15431,269441,58436,
ITA,2000-10-01,318105,190087,56855.2,66795.3,69270.9,84023.1,82131.3,318105,285211,7701,62600.2,56128.3,13842.3,61864.8,11371,14695.3,29317.3,27274.4,46370.9,10173.8,201068,32893.9,0,318105,116243,161831,40030.7,45879.3,5848.6,70.896,72.2282,68.6549,74.3912,73.7222,81.2758,86.0651,70.896,72.9768,88.9497,72.9327,77.354,59.6934,85.8779,110.781,79.5252,59.6792,73.3747,63.8565,65.5913,73.4874,55.4721,,448692,263176,82813,89789.3,93962.1,103380,95429.3,448692,390824,8657.7,85832.8,72560.3,23189,72038.1,10264.4,18478.8,49124.8,37171.4,72617.3,15510.9,273608,59298.1,
ITA,2001-01-01,323346,191617,59290.3,68578.8,68060.2,83647.8,79269.3,323346,291541,8040.7,63143,56454.4,14489.6,63373.5,12061.9,14429.1,30571.2,28145,46844.7,10442.8,205868,31804.8,0,323346,117980,166175,39191.1,44865.8,5674.7,71.4597,72.5814,68.7887,74.914,73.7987,81.3519,84.7697,71.4597,74.0515,90.5994,74.1998,78.3034,60.9691,87.0171,111.56,82.9974,60.9842,73.1447,64.3642,67.1196,74.4736,52.69,,452487,264003,86191.9,91543.4,92224.1,102822,93511.4,452487,393701,8875,85098.6,72097,23765.5,72828.8,10812,17385,50129.7,38478.5,72780.7,15558.5,276431,60362.1,
ITA,2001-04-01,326057,193427,59629.4,69647.5,69528.4,85306,81834.1,326057,293586,7987,63035.2,56281.7,14934.2,63708.9,12448.4,15181.1,30603.6,27462.9,47710.7,10514.3,207630,32470.6,0,326057,119248,167370,39438.2,45799.6,6361.4,72.1168,73.3782,69.5894,75.2531,74.4985,82.0685,86.0488,72.1168,74.6186,91.9314,74.0467,78.0196,61.5498,87.9047,111.107,87.5951,61.1487,73.0567,65.1104,67.8123,75.2345,53.9131,,452123,263603,85687.5,92551,93328.6,103945,95102,452123,393449,8688,85129,72137.9,24263.6,72475,11204,17331,50047.8,37591.2,73276.6,15505,275977,60227.7,
ITA,2001-07-01,327972,192974,60153.3,69301.3,72112.1,82897.2,80163.7,327972,295000,8283.8,62690,55849.5,14984,63939.8,12739.8,15133,30906.5,27755.2,48021.4,10546.9,209043,32972,0,327972,121426,166278,40268.5,46410.7,6142.2,72.8529,73.5418,69.8063,75.6298,76.2238,82.2884,85.1525,72.8529,75.2663,94.5769,74.7789,78.7668,62.1281,88.7709,111.303,89.4163,61.7517,73.11,65.3955,68.4797,75.7959,55.1981,,450184,262400,86171.7,91632.3,94605.8,100740,94141.3,450184,391942,8758.8,83833.8,70904.9,24117.9,72027.9,11446.1,16924.2,50049.6,37963.6,73432.3,15401.5,275797,59733.9,
ITA,2001-10-01,330211,193538,62694,69808.9,68247,82547.5,76815.4,330211,296983,8167.1,62578.8,55456,15181.3,63305.2,13234.5,15755.5,31419,27691.9,49071.6,10578.6,211056,33227.6,0,330211,122584,166764,40863.3,47184,6320.7,73.4593,73.7694,71.0932,76.1023,74.8117,82.6127,82.9861,73.4593,75.897,93.3426,75.3097,79.3099,62.1392,89.2711,111.836,89.5153,62.6116,73.0096,66.9493,69.372,76.5672,55.6328,,449516,262355,88185.6,91730.4,91225,99921.1,92564.2,449516,391298,8749.6,83095.3,69923.2,24431.1,70913.4,11833.8,17600.9,50180.8,37929.1,73296.7,15249.1,275648,59726.6,
ITA,2002-01-01,333921,195962,61836.1,72659.8,71942,82857.8,78676.9,333921,300715,8273.1,63980.8,56808.9,15899.1,63990.4,13756.4,14437.3,32921.1,27502.6,49319.1,10635.3,212562,33205.9,0,333921,124119,169388,40413.5,47139.3,6725.9,74.175,74.5375,71.1796,77.1899,76.2606,83.2925,83.9598,74.175,76.7026,97.2071,76.104,80.2111,64.6237,90.2037,113.072,86.7595,64.5806,73.1941,66.8057,70.9531,77.1326,55.746,,450180,262904,86873.3,94131.2,94337.1,99478.1,93707.8,450180,392054,8510.8,84070.2,70824.2,24602.6,70939.9,12166,16640.6,50976.8,37574.9,73824.7,14989.2,275580,59566.4,
ITA,2002-04-01,336770,197525,63239.9,71636.1,73511.7,82110,79616.7,336770,302954,7835.3,63351.5,56008.6,15521,63944.5,14163.9,14635,33677.3,29286.9,49817.8,10720.5,216246,33816,0,336770,125079,170038,41652.4,47874.4,6222.1,74.5699,75.3233,71.6755,77.4698,76.6709,83.26,85.1052,74.5699,76.9763,92.5611,75.7163,79.6635,64.3624,90.4017,113.935,88.8429,65.6126,73.4265,67.4947,72.1263,77.8048,56.9362,,451616,262236,88230.9,92469.7,95879.5,98618.8,93550.9,451616,393568,8465,83669.6,70306.5,24115,70733.7,12431.6,16472.9,51327.5,39886,73809.9,14863.5,277934,59392.8,
ITA,2002-07-01,340322,198795,64248.7,73863.7,74063.2,82300.7,79085.6,340322,306416,8071.5,63747.3,56372.9,16098.1,64308,14279,15007.5,33987.5,29342.9,50778.4,10796.2,218500,33905.3,0,340322,126429,172369,41523.8,47980.6,6456.8,75.2689,75.7031,72.5471,77.7765,77.4504,83.3335,84.4923,75.2689,77.7755,97.4631,76.1923,80.0602,64.5447,90.8491,114.849,92.2148,66.0597,73.8004,68.527,73.202,78.6276,56.9546,,452141,262598,88561.4,94969.2,95626.6,98760.7,93601,452141,393975,8281.6,83666.3,70413.1,24941,70785.5,12432.8,16274.5,51449.7,39759.8,74099.8,14748.5,277892,59530.4,
ITA,2002-10-01,343141,201802,63000.3,77447.7,77475.4,83334.2,82471.3,343141,308888,7882.5,64889.6,57629.4,16605.7,64642.3,14073.4,14696.6,34541.4,29972,50678,10906.5,219510,34252.8,0,343141,127849,172238,43054.4,48512.7,5458.3,75.4432,76.234,72.2539,78.1685,77.5184,83.0469,84.7157,75.4432,77.9384,96.5815,76.1496,80.0325,64.8356,90.8914,114.916,91.8446,66.8763,74.62,68.2569,74.4085,78.8772,57.2006,,454833,264714,87193,99077.9,99944.5,100346,97350.7,454833,396323,8161.5,85213.3,72007.5,25612,71120.4,12246.7,16001.6,51649.7,40166.2,74246,14657.6,278294,59881.9,
ITA,2003-01-01,345694,203957,64779,74776.5,77011.3,82359.7,82413.4,345694,312324,8128.7,64098.1,56832.3,17186.8,64400.6,13774.8,15884.6,35445.1,31126.2,51346.1,10932.5,222910,33370.2,0,345694,128482,175817,41395.2,47677.9,6282.7,76.3038,77.203,73.4371,78.682,77.7272,83.4064,84.9453,76.3038,79.1272,97.716,76.8925,80.8944,67.0255,90.8931,114.491,100.873,67.455,75.7452,69.5833,76.3411,80.1016,55.8716,,453049,264183,88210.2,95036.4,99079,98745.1,97019.4,453049,394711,8318.7,83360.7,70254.9,25642.2,70853.1,12031.3,15747.1,52546.3,41093.3,73790.8,14320.6,278284,59726.6,
ITA,2003-04-01,348075,205264,65661.1,74703.8,76907.6,79228.7,78986.2,348075,314138,7807.5,63634.5,56357.8,17378.7,64857,14049.3,16481.8,35887.6,30914,52110.1,11018,225318,33936.3,0,348075,130476,175846,41752.5,48048.3,6295.8,77.008,77.6296,74.2365,78.7498,77.9544,82.9835,83.3573,77.008,79.7688,97.4366,77.354,81.228,67.3593,91.4419,114.591,100.693,68.3241,76.7731,70.5163,76.987,80.8443,56.9724,,451998,264414,88448.5,94862.2,98657.2,95475.2,94756.2,451998,393811,8012.9,82264,69382.2,25800,70927,12260.4,16368.4,52525.5,40266.7,73898,14311.5,278706,59566.2,
ITA,2003-07-01,351890,206798,69857,73600.4,72243.4,81025.5,78033.7,351890,318226,8520,62558.8,55355.6,17156.6,65391.4,14237.5,16357,36394.6,31203.7,55343.6,11062.5,229990,33664.1,0,351890,134291,175137,42461.6,48258,5796.4,78.0301,77.8796,77.9666,78.9951,78.7016,82.9104,83.3551,78.0301,81.0376,108.997,77.1425,80.9486,67.859,92.3444,114.515,97.8085,69.2139,77.4799,74.8432,76.8854,82.3153,56.3559,,450967,265535,89598.6,93170.8,91794.1,97726.6,93616,450967,392689,7816.7,81095.1,68383.6,25282.7,70812.5,12432.9,16723.5,52582.8,40273.3,73946.1,14388.3,279402,59734.8,
ITA,2003-10-01,353426,208186,66496.8,75170,75461.5,82556.5,79274.7,353426,319286,8462.7,63865.9,56616.4,17526.8,66288.8,14223.6,16453.2,37119.9,31836.6,52408,11100,229430,34140.4,0,353426,131455,179585,42385.8,48247.9,5862.1,77.6087,78.3522,74.3868,79.305,78.578,83.118,83.3547,77.6087,80.4781,106.171,77.5322,81.5355,68.4138,92.9496,114.901,94.4555,70.5039,77.9016,70.619,76.3417,81.4456,56.8431,,455395,265705,89393.3,94785.9,96033.9,99324.5,95105.3,455395,396736,7970.8,82373.4,69437.7,25618.8,71316.9,12379,17419,52649.4,40867.7,74212.3,14539.9,281698,60060.8,
ITA,2004-01-01,357025,210378,68888.9,76528,75766.6,83589.1,81597.2,357025,323049,8441.4,64194.8,56725.1,18049.4,66687,14564.8,16964.6,37575,31233.8,53984.4,11353.5,232363,33976.1,0,357025,133302,181247,42476.6,48475.1,5998.6,78.1228,78.8875,77.2955,79.8612,77.154,83.0332,83.6012,78.1228,81.0458,96.8895,77.1447,81.1367,69.7383,92.812,114.578,99.8299,71.712,78.239,72.879,75.285,82.522,56.9903,,457005,266680,89124.1,95826.3,98201.8,100670,97602.9,457005,398600,8712.4,83213.5,69913,25881.6,71851.7,12711.7,16993.5,52397.1,39921,74074,15080.7,281577,59617.3,
ITA,2004-04-01,362769,212220,70831.2,77725.6,76813.2,86920.4,84015.1,362769,327406,8588.9,64632.3,57156.8,18470.7,67126.4,14276.6,16350.5,38506.9,31865.6,56126,11461.7,235714,35363.7,0,362769,136341,182480,43948.2,49472.9,5524.7,79.1386,79.5323,79.2414,80.7848,79.1118,83.9173,85.2522,79.1386,81.8903,96.2245,77.6271,81.7338,70.7809,93.0832,114.731,95.4116,73.3908,79.367,75.5804,75.1149,83.5039,59.1311,,458397,266834,89386.6,96213.1,97094.5,103579,98548.9,458397,399810,8925.9,83260,69930.4,26095.6,72114.4,12443.5,17136.8,52468.3,40149.7,74260,15258.9,282279,59805.6,
ITA,2004-07-01,365185,214011,70077.9,77607.1,78453.6,88277.2,85634.2,365185,328232,8547.6,64632.6,57108.6,18706.9,67507.6,14325.1,16153.3,39203.9,32950.8,54607.3,11596.7,236345,36953.5,0,365185,136034,184103,45047.6,50731.1,5683.6,79.587,79.9565,77.8227,81.7313,81.9007,84.4288,86.2865,79.587,81.9763,95.5039,78.1049,82.2232,71.9087,92.95,114.967,95.3492,74.4834,81.1065,73.4677,75.5776,83.402,62.0118,,458850,267659,90048.1,94954,95791.1,104558,99244,458850,400398,8950,82751,69455.6,26014.8,72627.9,12460.2,16941.2,52634.4,40626.6,74328.3,15344.1,283380,59591.1,
ITA,2004-10-01,368967,216196,70888,78274.6,81512.3,87647,87276.3,368967,330684,8557.7,65192.4,57635.4,18936.6,68322.2,14324.5,16366.3,39686.3,32067.8,55460,11770.8,237998,38282.7,0,368967,137123,184915,46928.7,52131.9,5203.2,80.2323,80.3912,78.7658,82.2136,83.4513,84.6,87.0604,80.2323,82.375,92.1263,78.3762,82.5126,72.4646,92.8141,115.295,94.5887,75.22,82.4717,74.4748,76.6318,83.9577,64.3238,,459874,268930,89998.4,95208.8,97676.5,103602,100248,459874,401438,9289.1,83178.8,69850.4,26132.2,73611.9,12424.2,17302.6,52760.3,38883.4,74468.1,15360.2,283474,59515.6,
ITA,2005-01-01,369422,216734,72589.2,79385.7,79340.3,88897.1,88138.2,369422,332225,7647.5,65528.3,57821.1,19238.4,68168.7,14437.3,17399.3,39394.1,32979.1,55793.9,11638.1,239810,37197.2,0,369422,138912,184343,46166.6,51942.8,5776.2,80.4532,80.6834,79.6369,82.7904,82.2858,85.116,86.9997,80.4532,82.8975,91.3844,78.9984,82.9563,73.3012,92.6386,115.473,96.8689,75.0292,83.7305,75.2285,77.1768,84.4362,62.4894,,459176,268622,91150.2,95887.6,96420.4,104442,101309,459176,400766,8368.5,82948.9,69700.7,26245.7,73585.6,12502.8,17961.7,52505,39387.2,74165.9,15079.8,284014,59525.6,
ITA,2005-04-01,372465,219784,72235.4,80826.3,80357.7,91320.8,91232.8,372465,335766,7407.8,66331.9,58478.4,19613.2,68571.2,14593.1,18177.7,39883.8,32916.6,56429.6,11840.9,242413,36699.5,0,372465,140392,185924,46149.4,51179.5,5030.1,80.4585,81.2218,80.4109,83.0981,81.436,85.5527,88.7097,80.4585,83.0882,87.7275,79.0699,82.7708,73.9028,91.8638,115.14,97.467,75.7258,84.5448,75.9443,78.3927,84.7363,61.2465,,462929,270598,89832.9,97266.1,98675.9,106742,102844,462929,404108,8444.1,83890.2,70651,26539.2,74644.4,12674.2,18650.1,52668.7,38933.9,74303.9,15104.6,286079,59921,
ITA,2005-07-01,376627,222189,73517.7,82162.7,81885.3,92758.4,93723.2,376627,338458,7789.9,66507.1,58727.2,20070.8,69114.5,15245.6,17498.1,40333.6,33014.1,56889.7,11995.1,244091,38168.7,0,376627,140898,187976,47753.4,53110.6,5357.2,80.9195,81.6468,81.4907,83.4787,83.4533,85.9407,91.0356,80.9195,83.2755,89.0071,78.4721,81.9789,74.456,91.6978,114.812,97.6271,76.4389,85.0022,76.6746,79.041,85.0942,63.5506,,465434,272134,90216.1,98423.6,98121.1,107933,102952,465434,406432,8752,84752.5,71637,26956.6,75372,13278.8,17923.4,52765.8,38839.1,74196.3,15175.8,286848,60060.3,
ITA,2005-10-01,382662,223870,76970.7,82932.3,83089.1,95329.8,96597.2,382662,344014,7586.9,67678.6,59552.4,20250.1,69306.6,14532.9,17556.1,40840.5,33165.6,60950.1,12146.9,248499,38647.6,0,382662,146680,187658,48324.6,53624,5299.5,81.8428,82.1246,86.248,83.8099,82.6664,86.3201,91.7947,81.8428,84.2619,88.9208,78.033,81.0553,74.9954,91.9155,114.001,96.4764,77.3689,84.6945,82.0164,79.3656,86.5802,64.0303,,467557,272597,89243.5,98952.9,100511,110438,105232,467557,408268,8532.2,86730.7,73471.3,27001.8,75402.5,12748,18197.3,52786.7,39159.1,74314.5,15305,287016,60358.3,
ITA,2006-01-01,383578,226842,74452.1,83682.4,86173.1,98404.5,102294,383578,342686,7346.3,68666.4,60235.3,19882.3,69572.5,14691,17244.7,41531.5,32913.5,58636.7,12201.5,246791,40891.2,0,383578,145516,187988,50074,55743.6,5669.6,81.7641,82.754,83.4222,84.387,84.5652,86.4945,93.3361,81.7641,83.6233,88.0028,78.7092,81.4364,73.8616,92.2917,113.165,95.5173,77.9172,83.2918,78.6442,78.8985,85.5977,67.7546,,469127,274116,89247.3,99165,101901,113770,109598,469127,409798,8347.8,87240.6,73966.1,26918.3,75383.3,12981.9,18054,53302.1,39515.9,74559.5,15464.8,288316,60351.9,
ITA,2006-04-01,389344,228678,77165.1,84983.5,86206.6,101082,103787,389344,348067,7194.8,69039.3,60925.6,20474.9,70086.1,14652.3,18302.6,42201.8,33036.8,60762.1,12316.5,251358,41276.8,0,389344,148428,189727,51189.2,57036,5846.9,82.7312,83.5232,86.2893,85.1437,84.568,87.3032,94.2821,82.7312,84.6049,86.1611,79.4265,81.9937,75.5838,92.6376,113.033,95.5525,79.0334,83.0152,81.8478,78.9813,86.6668,68.6399,,470613,273789,89426,99811.9,101938,115782,110081,470613,411403,8350.4,86922.3,74305.2,27089,75656.2,12962.8,19154.5,53397.4,39796.1,74237.9,15594.2,290028,60135.3,
ITA,2006-07-01,392189,230596,76572.7,85386.8,89262.9,101665,105907,392189,350864,7884.5,69469.9,61135.2,20879.7,70227.5,14747.1,18808.2,42749.2,33099.8,60608.8,12389.1,252630,41325,0,392189,149274,192352,50562.3,56256.5,5694.1,83.0869,84.0967,85.9697,85.8128,84.7425,88.2373,95.033,83.0869,84.9948,92.4532,79.5859,81.9034,77.0463,92.9332,112.859,96.9625,79.8689,82.7152,81.5012,79.0666,86.8541,68.7733,,472022,274203,89069.4,99503.6,105334,115217,111443,472022,412806,8528.1,87289.2,74643.1,27100.2,75567.7,13066.8,19397.4,53524.2,40016.6,74365.5,15669.2,290867,60088.7,
ITA,2006-10-01,398337,232662,76767.1,89137.1,90645.8,107609,109347,398337,356295,7860.5,71843.9,63491.4,21949.8,71135.6,14939.7,18953.8,43811.9,33909.5,59398.7,12491.5,254641,42042,0,398337,149521,196445,52371.5,58041.9,5670.4,83.2454,84.2872,84.8932,86.4278,84.8071,88.5219,94.2759,83.2454,85.1066,91.2537,79.7435,81.905,78.502,93.1955,112.533,97.1502,81.0928,82.7007,80.406,79.3071,86.8624,69.269,,478509,276035,90427.9,103135,106885,121562,115986,478509,418645,8613.9,90093.7,77518.3,27960.8,76329.4,13275.8,19509.8,54026.9,41002.7,73873.5,15750.8,293154,60693.8,
ITA,2007-01-01,400020,234813,76124.4,89172.1,90888.5,107977,109784,400020,358273,7158.3,72742.7,64430.7,21863.7,72045.6,14993.9,20095.1,43248.4,34010.6,59496.8,12617.5,256508,41747.2,0,400020,150808,197105,52106.8,57797.3,5690.6,83.6763,84.7189,84.6318,87.4613,85.1363,88.5305,93.7251,83.6763,85.6795,84.0768,81.5494,83.7314,79.553,93.3744,112.477,99.7776,81.3922,83.231,80.4069,79.566,87.2419,68.6855,,478056,277168,89947.8,101956,106756,121966,117134,478056,418154,8514,89200.8,76949.3,27483.2,77157.8,13330.6,20139.9,53135.8,40862.9,73994.6,15857.9,294019,60780.2,
ITA,2007-04-01,403615,237565,76411.6,89251,90280.2,110110,110751,403615,361667,7096.7,73655.9,65136.3,21811.3,72649.5,15081.3,20468.4,43925,34149.7,60018.9,12809.7,259102,41948.4,0,403615,152719,197977,52918.9,58234.5,5315.6,84.2241,85.2967,85.03,87.6891,86.0545,89.581,95.0954,84.2241,86.2599,82.6591,82.3194,84.6524,80.0212,93.6644,111.046,101.472,82.3077,83.987,80.9314,80.7801,87.8347,68.9996,,479215,278516,89864.3,101781,104910,122916,116463,479215,419276,8585.5,89475.7,76945.6,27256.9,77563.6,13581.1,20171.5,53366.8,40660.7,74160.2,15857.5,294989,60795.1,
ITA,2007-07-01,407691,238246,76838.2,89575.1,94107.2,111702,113203,407691,364998,8012.8,73994.6,65529.5,21525.6,73412.4,15198.6,20859.4,44281.1,34464.1,60301.7,12947.1,261464,42693.5,0,407691,153701,200087,53902.6,59582.7,5680.1,85.0911,85.7952,85.7935,87.7656,88.4262,90.1226,96.0516,85.0911,87.0288,93.6786,82.543,84.6983,79.819,94.4416,110.351,103.372,82.9719,84.4541,81.7071,81.6259,88.5591,70.5303,,479123,277692,89561.8,102062,106425,123945,117857,479123,419399,8553.5,89643.7,77368.1,26968,77733.1,13773,20179,53368.8,40808.1,73802.3,15861.5,295243,60532.1,
ITA,2007-10-01,411236,239888,80472.8,88640.1,92495.8,111744,113365,411236,369347,8449.8,73626.6,64621.3,21245.3,73860.6,15385.3,20868.4,44564.5,35099.4,63130,13117.3,266026,41888.9,0,411236,157569,200600,53067.7,58904.4,5836.8,86.0115,86.505,89.2965,87.9994,88.233,90.5984,96.9673,86.0115,88.1872,98.7703,82.8806,84.7314,80.0776,95.1473,109.73,100.823,83.8208,85.5113,85.8855,82.6516,89.9327,69.7787,,478117,277312,90118.7,100728,104831,123340,116910,478117,418822,8555,88834.5,76266.1,26530.9,77627.6,14021.1,20698,53166.4,41046.5,73504.8,15870.6,295805,60031.1,
ITA,2008-01-01,414295,242554,79236.8,89740.2,92856.2,114652,115004,414295,372849,7966.3,76354,66954.2,21803.4,74651.3,15250.8,20668.5,45327.4,35730.4,61698,13398.6,266725,41446.4,0,414295,158936,203886,51473.4,57173.8,5700.4,85.7135,87.4015,87.2921,88.4112,87.0194,91.5521,98.6985,85.7135,87.9547,91.3986,83.5323,85.0092,80.2236,95.221,108.672,101.504,84.2413,86.2711,83.4175,84.1478,89.6028,69.0194,,483349,277517,90772,101503,106708,125232,116520,483349,423910,8716,91406.6,78761.1,27178.3,78397.9,14033.8,20362.2,53806.6,41416.4,73962.9,15922.7,297675,60050.4,
ITA,2008-04-01,416288,243829,82718.4,90253.1,92483.2,112708,115450,416288,374821,7719.8,76057.1,66397.5,22232,74300.4,15237.3,20457.8,45444,36060.1,63783.3,13529.3,268812,41466.8,0,416288,158288,206855,51145.7,57072.6,5926.9,86.9355,88.347,89.8615,89.6427,88.8386,92.2633,100.355,86.9355,89.2353,87.3508,84.4192,85.8416,83.7979,95.9247,108.823,101.741,84.8699,87.8033,86.5188,84.8855,90.9515,69.8128,,478847,275990,92051,100681,104102,122159,115042,478847,420037,8837.7,90094.5,77348.9,26530.5,77457,14001.9,20107.7,53545.5,41069.2,73721.9,15938.3,295556,59397.1,
ITA,2008-07-01,410922,243601,80191.2,89469.3,92208.2,109653,114732,410922,369535,7725.3,72228.4,62713.4,22939.2,73954.1,15284.5,20262.1,45270.6,35642.8,62697.6,13530,266642,41387.4,0,410922,160296,200317,50309.2,56156.8,5847.6,87.1257,88.9957,88.4032,91.5147,91.506,93.2627,103.503,87.1257,89.3685,89.1573,84.6679,86.0839,87.1183,96.3927,108.195,101.285,85.1899,88.8104,84.4858,85.1774,90.711,70.4092,,471643,273722,90710.7,97765,100767,117574,110848,471643,413495,8664.8,85307.9,72851.5,26331.1,76721.7,14126.8,20005,53140.8,40133.6,74210.8,15884.5,293946,58781.2,
ITA,2008-10-01,402468,240145,81206.6,84510.8,84948.8,101250,105082,402468,362798,7375.5,68495.8,58804.1,21663,72520.7,15269,19853.3,45227.1,35148.8,63752.2,13492.6,265264,39670.4,0,402468,159220,194572,48676.7,54305.8,5629,87.4186,88.3928,89.2983,91.1841,90.6961,92.0855,99.5319,87.4186,89.868,84.6814,85.8158,86.7862,86.67,97.0192,107.833,98.9094,85.7704,89.7489,85.867,85.4194,91.2798,69.2413,,460392,271679,90938.6,92681.5,93663.1,109952,105576,460392,403701,8709.7,79817.2,67757.4,24994.8,74748.8,14159.9,20072.2,52730.4,39163.5,74245.3,15795.7,290605,57293,
ITA,2009-01-01,395565,237220,81519.7,81111.4,80088.7,88546.6,91810.1,395565,356446,7579.4,64251.3,54760.5,21497.7,70684.6,15364.2,18414.9,46115.1,34496.6,64117.1,13925.4,263118,39118.9,0,395565,157811,190934,46820.5,53912.3,7091.8,88.0816,87.5146,90.0577,91.3478,91.0923,90.7099,93.6112,88.0816,90.7466,87.3303,88.0107,89.2084,87.5132,98.3599,108.619,95.878,86.516,90.2143,85.9031,87.2743,91.7743,68.4331,,449090,271064,90519.4,88794,87920.4,97615.1,98076,449090,392793,8679,73004,61384.9,24565.1,71863.2,14145,19206.6,53302.4,38238.5,74638.9,15955.9,286701,57163.7,
ITA,2009-04-01,394288,237142,81576.2,80356.9,77175,85640.6,87246.6,394288,355044,7119.5,62665.9,53261.1,21433,71102,15417.3,18369.3,46222.9,34837.6,63929.5,13946.9,263826,39243.6,0,394288,157164,190875,46248.7,53381.5,7132.8,88.2706,87.8284,89.685,90.9288,91.1986,89.8523,92.2592,88.2706,90.8939,82.706,88.8965,90.3671,87.5495,99.0739,108.646,93.0968,86.894,91.351,85.5876,87.6408,91.9096,68.9096,,446680,270007,90958.6,88373.4,84623,95312.6,94566.8,446680,390614,8608.2,70493.1,58938.6,24481,71766.6,14190.4,19731.4,53194.6,38136,74694.8,15913.7,287049,56949.4,
ITA,2009-07-01,396422,237995,84316.9,78712.9,75874.2,88089,89853.1,396422,356828,6963.4,63158.2,53711.9,20765.9,71543,15332,18545.4,46578.8,35089.2,64895.9,13956.3,265941,39593.3,0,396422,158138,190817,47466.1,54538.4,7072.3,88.4512,87.9121,90.8979,91.3756,91.2181,89.973,93.0327,88.4512,91.0211,80.0354,88.9657,90.563,87.7613,98.4784,108.431,91.1725,87.3355,91.9189,86.9954,87.8788,92.1335,69.4497,,448181,270719,92760,86142.1,83178.9,97906,96582.3,448181,392028,8700.4,70991.6,59308.9,23661.8,72648.4,14139.9,20341,53333.2,38174.1,74596.9,15881.3,288647,57010,
ITA,2009-10-01,397733,239203,82412.2,81076,78659.8,90216.4,92758.4,397733,357356,6884.6,64620.4,54868.7,20357.8,71935.6,15138.8,18566.9,46789,34794,64302.4,13966.4,265493,40377.2,0,397733,158839,191709,47184.7,54498.8,7314.1,88.5066,88.2627,90.1539,91.7415,91.2241,90.1227,93.37,88.5066,90.822,80.1934,88.7108,90.1426,87.7004,98.3299,108.257,89.6514,87.9785,91.8125,86.3172,88.179,91.909,71.2569,,449382,271013,91412.8,88374.4,86227,100104,99345,449382,393468,8585,72843.9,60868.8,23212.9,73157.4,13984.1,20710.1,53182.3,37896.8,74495.5,15838.7,288865,56664.3,
ITA,2010-01-01,399391,241523,83206.4,79817.2,80417.1,94063.3,99818.6,399391,357937,7091.5,65460.3,56418.2,19569.8,71653.3,15262.8,19311.8,46342.3,34648.8,64416.7,14179.6,265815,41454.3,0,399391,158068,191923,49400,56359.8,6959.8,88.5367,88.7387,90.8387,91.9304,91.6386,91.1092,96.311,88.5367,90.5219,81.3768,86.9592,88.0659,86.1108,97.5191,106.986,92.4439,88.32,91.7584,86.8009,88.3266,92.0482,73.6361,,451102,272173,91598,86823.5,87754.6,103242,103642,451102,395415,8714.4,75277,64063.6,22726.3,73476.2,14266.1,20890.3,52470.9,37760.9,74212,16053.6,288778,56296.2,
ITA,2010-04-01,403562,242671,84798.7,82627,82858.3,99307.6,106073,403562,361519,6889,66238,57269.7,20200.8,71956.1,15224.6,19068.2,46623.4,35462.1,65554,14302.4,268191,42043.4,0,403562,160395,192931,50236.6,57206.2,6969.6,88.8609,89.1341,92.5724,93.0392,92.6754,92.253,99.3985,88.8609,90.762,79.8808,86.0489,87.026,88.9151,96.9244,106.402,91.693,88.953,92.169,88.5459,88.7774,92.4497,74.5744,,454150,272254,91602.6,88808.8,89407,107647,106715,454150,398315,8624.1,76977.2,65807.6,22719.2,74239.4,14308.5,20795.7,52413.5,38475.1,74033.9,16110.4,290094,56377.8,
ITA,2010-07-01,404776,245031,84378,81433.1,82680.3,102403,109716,404776,362503,7118.8,66063.4,57076,20071.5,72638.5,15158.9,19265.1,46846.8,35790.1,65104.7,14445.4,269250,42273.1,0,404776,160410,194524,49841.8,56721.4,6879.6,88.892,89.3688,92.3027,93.2584,93.1938,92.6698,100.382,88.892,90.7284,82.6892,85.3503,86.2289,89.1738,97.0887,105.728,92.3596,89.514,92.1188,88.0427,89.1532,92.4885,75.0849,,455358,274180,91414.4,87319.9,88718.7,110503,109298,455358,399548,8609.1,77402.7,66191.3,22508.3,74816.6,14337.7,20858.8,52334.6,38852.1,73946.7,16202.9,291117,56300.4,
ITA,2010-10-01,409354,247191,82332.9,82723.6,89785.5,105184,115140,409354,366666,7526.7,67332.3,58070.1,20132.6,73900.1,15218.9,19098.7,47190.1,36433.6,65141.4,14692.1,271675,42687.2,0,409354,160707,197916,50730.5,57630.6,6900.1,89.1321,89.7991,92.1219,93.6813,93.3848,93.2368,100.861,89.1321,90.9552,86.4075,85.193,86.0601,90.35,97.5838,105.404,90.9566,90.088,92.6265,87.8581,89.8473,92.6568,75.4381,,459266,275271,89373.9,88303.2,96145.7,112814,114157,459266,403129,8710.7,79035,67476.2,22282.9,75729.9,14438.6,20997.6,52382.2,39333.9,74143.9,16352.3,293206,56585.7,
ITA,2011-01-01,415962,250076,82886,83612.1,91815.9,108621,117437,415962,370837,7939.4,68515.9,59449.2,20549.7,74789.9,15059.9,19500.5,48148.4,36081.8,65306.5,14945,273832,45125,0,415962,162082,200968,52912.3,59685.5,6773.2,90.0607,90.7306,92.6279,94.5928,96.7891,94.9786,104.587,90.0607,91.4211,91.0075,85.377,86.2393,92.5075,97.8334,105.201,91.6558,90.1483,93.4803,88.0636,89.7533,92.9397,79.6433,,461868,275625,89482.8,88391.6,94861.8,114364,112287,461868,405636,8723.9,80251,68935.2,22214.1,76446.2,14315.3,21275.8,53410.2,38598.3,74158.3,16651.2,294634,56658.9,
ITA,2011-04-01,414680,252045,82639.4,82737.7,86355.1,110762,117121,414680,370951,7447.6,68385.2,59315.7,20566.1,74985.8,15127.3,19547.8,48411.5,36201.3,65179.1,15099.6,274552,43729,0,414680,163123,200759,50798.2,57982.5,7184.3,89.9977,91.5753,92.7258,94.9337,94.1666,96.0264,105.945,89.9977,91.7086,86.348,86.2576,87.1838,93.4322,97.8286,105.463,91.7668,90.6521,93.9739,88.169,90.1856,93.1659,77.0651,,460768,275232,89122.3,87153.1,91704.6,115345,110549,460768,404489,8625.1,79280.2,68035.2,22011.8,76650.2,14343.7,21301.6,53403.6,38522.7,73925.2,16742.8,294692,56742.9,
ITA,2011-07-01,415005,253052,81918.2,82351.8,84884.1,111271,116120,415005,370757,7376.5,68246.9,59043.4,20489,74459.9,15068.2,19967.1,48372,36177.7,65514.8,15085.1,274645,44247.8,0,415005,162247,200868,51890.6,59086.2,7195.5,90.4817,92.2007,93.0373,95.4241,94.1242,96.6266,106.389,90.4817,92.0771,84.6278,86.6864,87.6274,94.4524,97.4218,105.124,94.3041,90.8495,94.3393,89.0222,90.3554,93.5334,78.3699,,458662,274458,88048.8,86300.8,90183.1,115156,109146,458662,402660,8716.4,78728.5,67380.1,21692.4,76430.4,14333.8,21173.1,53244.1,38348.5,73593.8,16695.3,293633,56460.2,
ITA,2011-10-01,413464,251277,83099.4,81706.1,80976.9,111032,112920,413464,369219,7882.8,66879.3,57915.9,20102.5,74115.3,14900.6,20255.6,48704.9,36265.7,65110.8,15001.6,274354,44245.3,0,413464,161746,200677,51040.8,58720.9,7680,91.0365,92.8946,93.2215,95.6802,95.2516,96.7317,107.096,91.0365,92.5387,88.9566,86.3871,87.1235,93.8418,97.3399,105.899,95.5899,91.7323,95.4861,89.7418,90.795,94.1583,79.6047,,454174,270497,89141.9,85395,85013.7,114783,105439,454174,398989,8861.4,77418.2,66475.6,21421.7,76140.7,14070.6,21190.1,53094.6,37980.1,72553.5,16522.5,291376,55581.3,
ITA,2012-01-01,411627,250356,82599.2,77234,77779.2,112902,112009,411627,367556,7530.8,66844,57339.8,19330.4,73571.2,14529,19933.5,49346.2,36418.7,65158.5,14893.3,273850,44071.7,0,411627,161263,195166,55197.6,62446.8,7249.2,91.5865,93.7729,93.728,96.4428,96.6744,97.6885,109.52,91.5865,92.8997,88.901,87.0553,87.3612,95.5182,97.2106,105.964,92.2984,92.4273,96.3845,90.529,91.3907,94.3596,81.5318,,449441,266981,88126.5,80082.7,80454.8,115574,102272,449441,395648,8471,76783.4,65635.3,20237.4,75682.3,13711.3,21596.8,53389.2,37784.8,71975.3,16296.3,290220,54054.6,
ITA,2012-04-01,408649,249709,81033.2,76434.4,73811,114142,110046,408649,365003,7432.3,66932.4,56890.6,19127.9,72955.2,14408.2,19735.2,49390.9,35626.4,64685.1,14709.4,271510,43645.5,0,408649,160418,195109,53121.9,60963.2,7841.3,91.6892,94.3412,93.4814,96.5349,94.5578,97.9491,109.022,91.6892,92.9599,86.7692,87.8242,87.4387,94.7277,96.8277,105.634,91.5923,93.0743,97.0213,90.3321,91.7216,94.3565,81.9608,,445689,264687,86683.8,79178,78059.1,116532,100939,445689,392646,8565.6,76211.8,65063.4,20192.5,75345.4,13639.8,21546.8,53066.1,36720.2,71608.1,16037,287750,53251.7,
ITA,2012-07-01,407662,248368,81717.4,74836.2,72326.3,116071,110820,407662,362977,7786,66357.1,56206.2,18730.5,72551.3,14060.1,19526.1,49469.5,35272.9,64590.6,14633.3,270104,44684.6,0,407662,159734,192649,55278.8,62870.5,7591.6,92.0787,94.3791,94.0334,96.5673,97.1266,98.2352,110.184,92.0787,93.0843,94.9616,87.2893,86.6812,94.3269,96.7201,105.152,90.1599,93.5229,97.2946,90.7749,92.3884,94.4585,84.2934,,442732,263160,86902.5,77496.4,74466,118156,100577,442732,389945,8199.1,76019.7,64842.4,19857,75011.6,13371.2,21657.2,52895.6,36253.7,71154.7,15838.9,285950,53010.8,
ITA,2012-10-01,405838,247750,80178.2,73207.9,70418.1,114014,106523,405838,360692,8420.8,64797.4,55097.6,18291.9,72372.6,13879.8,19627.8,49604.9,35225.8,63894.8,14576.2,269182,45146.2,0,405838,158738,191568,55532.7,63597.6,8064.9,92.376,94.8341,93.4647,96.5812,97.6413,97.9069,109.606,92.376,93.1738,101.376,87.2339,86.2559,94.3421,96.7885,103.704,91.7513,94.0682,96.9078,89.9048,93.0584,94.4034,86.1417,,439333,261246,85784.5,75799.3,72119.2,116452,97187.2,439333,387117,8306.5,74280.1,63876.9,19388.9,74774,13384.1,21392.4,52732.9,36349.8,71069.4,15663.5,285140,52409.2,
ITA,2013-01-01,402110,245847,80911.3,70726.6,66568.6,114525,105742,402110,359503,8365.1,64931.1,54770.8,17931.1,71263,13515.4,20091.7,49198.1,35272.6,64351.9,14582.8,268276,42607.3,0,402110,158549,191952,51609.4,59963.4,8354,92.2922,95.2332,94.2025,96.5908,93.6851,97.9728,108.818,92.2922,93.4239,98.0105,87.8465,86.8054,95.4615,96.4746,101.523,94.0152,93.8925,96.5798,90.8798,93.8054,94.6006,83.5742,,435692,258153,85890.8,73222.9,71055.7,116895,97172.6,435692,384808,8534.9,73914.3,63096.1,18783.6,73867.1,13312.7,21370.7,52398.3,36521.7,70809.9,15545.8,283588,50981.4,
ITA,2013-04-01,405130,245576,81408.7,70641.5,68149.6,113636,103640,405130,361005,8162.2,65941.8,55673.3,17836.3,71786.8,13395.7,20351.1,49540.5,35440.4,63910.2,14640,269065,44125.4,0,405130,158145,192827,54157.7,61671.5,7513.8,93.0073,95.3643,93.9785,96.2074,96.5979,97.6466,107.482,93.0073,93.7872,96.5964,88.8142,87.4655,95.2916,96.6691,100.221,97.1376,94.4139,96.8804,90.5142,94.4522,94.895,86.9552,,435590,257514,86624.8,73426.3,70549.8,116375,96425.5,435590,384919,8449.8,74246.9,63651.7,18717.6,74260.3,13366.1,20950.8,52471.6,36581.6,70607.9,15499.9,283540,50745,
ITA,2013-07-01,407068,246591,80301.7,70223.1,70517.6,115477,105820,407068,362714,8320,66377.2,56433.3,17613,72396.2,13291.8,20601.5,49760.6,35472.6,64218.5,14663.1,270404,44353.7,0,407068,158381,195604,53082.8,61180.1,8097.3,93.1407,95.5165,93.8986,96.0372,96.858,97.6553,107.45,93.1407,93.9342,98.9981,88.4905,87.1897,94.8144,96.6335,99.1881,99.4046,94.8171,97.0119,90.6613,94.7461,95.1394,86.9815,,437046,258166,85519.6,73120.7,72805.1,118250,98482.7,437046,386137,8404.2,75010.5,64724.7,18576.3,74918.3,13400.6,20724.9,52480.6,36565.2,70833.4,15476.2,284219,50992.1,
ITA,2013-10-01,407679,246580,80732.3,69041.9,70455.6,114310,104399,407679,363079,8515,67052.9,56970.6,17051.2,72385.4,13042.7,20876.4,49765.5,34953,64652.9,14783.6,270460,44600.6,0,407679,158940,195915,52824.1,61340.9,8516.8,93.4179,95.4301,94.1868,96.1608,97.146,97.4291,106.195,93.4179,94.1199,99.2632,88.7392,87.2498,95.1077,96.5018,98.3012,101.031,94.8024,97.3355,90.901,94.9334,95.2931,87.9663,,436404,258388,85715.1,71798.4,72525.5,117327,98308.9,436404,385762,8578.2,75561.8,65296,17928.3,75009.4,13268.1,20663.3,52493.9,35909.8,71124.5,15572.6,283819,50701.9,
ITA,2014-01-01,408471,246636,80143,69264.3,70559.9,115685,104553,408471,363203,8175.6,66448.8,56469.4,16477.8,72729,12993.2,21268.7,49776.5,36043.1,64450.6,14839.9,272101,45267.8,0,408471,158240,196111,54120.2,63193.3,9073,93.5606,95.7148,93.7783,96.1941,96.0415,97.6466,105.402,93.5606,94.1924,97.1355,89.6345,87.8658,94.4227,96.3426,97.9628,102.622,94.4689,97.8188,90.6239,94.5482,95.2661,88.6217,,436584,257678,85460.1,72004.7,73468.1,118473,99194.7,436584,385597,8416.7,74133.1,64267.8,17451.1,75490,13263.4,20725.3,52690.9,36846.8,71118.8,15695.6,285622,51079.8,
ITA,2014-04-01,409286,246983,79795.4,68613.1,72608,116113,106213,409286,364297,7712.7,67222.9,56799.4,16177.7,73252,13032.8,21595.1,49956.9,35881,64601.2,14864.6,273184,44989.6,0,409286,158741,197201,53345,62276.4,8931.4,93.7231,95.6868,94.0123,96.2792,96.3557,97.4838,104.912,93.7231,94.4422,91.9799,90.2624,88.5975,94.3312,96.6364,98.1992,103.983,94.7931,98.3726,90.7026,94.3832,95.5939,88.1256,,436698,258116,84877.6,71264.7,75354.1,119110,101240,436698,385736,8385.2,74475,64109.5,17149.9,75801.7,13271.8,20767.9,52701,36474.6,71223.1,15749.2,285775,51051.7,
ITA,2014-07-01,409321,247558,80347.5,68668.7,70541.2,117391,106516,409321,363740,7648.5,66807.1,57036.9,16038,73590.1,12986.9,21762,50123.9,35635.3,64296.7,14851.2,273246,45581.3,0,409321,159282,195793,54246.1,63155.1,8909,93.7235,95.5287,93.8384,96.7207,96.115,97.8635,104.645,93.7235,94.3571,90.8815,90.2283,89.25,95.1449,96.2873,98.1247,103.45,94.9993,98.4542,90.5661,94.3317,95.4737,88.7606,,436733,259145,85623.3,70996.9,73392.5,119953,101788,436733,385493,8415.9,74042.3,63906.9,16856.4,76427.6,13235.1,21036.3,52762.4,36194.8,70994.2,15743.6,286200,51353.1,
ITA,2014-10-01,410790,248600,80755.1,69403.1,67649.3,119018,105232,410790,364525,7683.4,67065.4,57685.5,15852.7,73933.2,13009.6,21440.3,50431.9,35722.6,64521.7,14864.6,273924,46264.3,0,410790,159998,194580,56211.6,65688.2,9476.5,94.2112,95.5522,94.201,97.0215,97.2786,97.5353,103.333,94.2112,94.6686,95.7421,90.0051,88.8191,95.1377,96.5546,98.5165,103.762,95.4392,98.7349,90.9939,94.3311,95.8021,90.5832,,436031,260172,85726.4,71533.7,69541.8,122025,101838,436031,385054,8025.1,74512.9,64947.2,16662.9,76571.4,13205.5,20662.9,52841.9,36180.3,70907.7,15757.9,285927,51073.8,
ITA,2015-01-01,412736,249947,79393.9,70305,71377.8,120373,108356,412736,367327,8318.5,67796.8,58393.4,15784.9,74571.6,13178.6,21432,51139.9,35742.8,64297.3,15064.9,275427,45408.7,0,412736,160479,198533,53724.6,62416.9,8692.3,94.2795,95.4955,93.5332,97.4077,96.9881,97.1451,101.783,94.2795,95.0189,98.1395,90.6666,89.5177,95.3425,97.1179,98.8939,104.148,95.5561,98.9971,90.739,94.8713,96.024,88.525,,437779,261737,84883.1,72176,73594.4,123911,106458,437779,386583,8476.2,74775.9,65231.1,16556,76784.6,13326,20578.5,53518.2,36104.9,70859.6,15879.3,286832,51294.8,
ITA,2015-04-01,415398,253228,79446.4,71339.8,71702.3,122350,111328,415398,368614,8053.3,68528,59317.1,15777.1,74867.3,13093.9,21371.1,51522.6,36143.2,64226.2,15030.9,276255,46784.8,0,415398,161643,196948,56807.7,65226.1,8418.4,94.4815,95.7872,93.4389,97.6117,98.8291,97.7176,103.513,94.4815,94.9811,93.8744,90.9795,89.8969,95.158,96.7777,99.0289,103.42,95.954,99.2103,90.9053,94.8412,96.0277,90.5317,,439661,264365,85025,73085.3,72551.8,125208,107550,439661,388092,8578.8,75322.5,65983.5,16579.9,77360.1,13222.3,20664.4,53695.1,36430.9,70651.8,15848.5,287683,51677.8,
ITA,2015-07-01,416850,252829,80091.3,70759.1,72819.5,119835,108725,416850,370214,8278.2,68250.1,58958.7,15820.7,75624,13189.3,21114.2,51754.3,36929.6,64355.1,14898,277864,46636.4,0,416850,162742,199378,54730.5,62910.3,8179.8,94.7807,95.7372,93.7709,97.8625,98.7771,97.2475,101.857,94.7807,95.325,94.5378,91.5406,90.7801,95.8482,97.1424,98.9089,103.454,96.2058,99.2195,91.4243,94.6247,96.2877,90.4962,,439804,264087,85411.7,72304.6,73721,123227,106743,439804,388370,8756.5,74557.2,64946.7,16506,77848.6,13334.8,20409.3,53795.4,37220.1,70391.7,15744.3,288577,51534.1,
ITA,2015-10-01,418015,253584,79960.5,71275.6,71205.6,121455,108190,418015,373271,8474.7,69404.2,60567.5,15930.1,76431.9,13497,20869.8,52043.4,37313.3,64529.8,14776.8,279462,44744.1,0,418015,164082,197618,56314.3,64330.7,8016.4,94.6122,96.0232,92.9668,97.8132,95.8038,96.7048,99.9557,94.6122,95.5204,94.1246,92.8315,92.3018,95.4041,97.6071,100.038,101.81,96.49,99.5547,90.7447,94.2212,96.2572,87.5536,,441819,264086,86009.7,72869.1,74324.4,125593,108238,441819,390776,9003.7,74763.6,65619,16697.5,78305.7,13491.9,20498.8,53936.6,37480.2,71111.4,15683.1,290328,51104.8,
ITA,2016-01-01,423405,254158,81212.2,72693.9,74538.3,119762,106266,423405,376486,7788.4,71486.4,62295.9,16055.6,77630.2,13830.1,20934.1,51831.3,36968.2,64821.3,15140.5,281156,46919.1,0,423405,165083,204626,53695.7,62406.8,8711.1,95.6352,95.9645,94.1724,97.6054,98.2751,95.6685,97.135,95.6352,96.2252,89.3924,94.004,93.6535,96.2168,98.4815,100.617,102.669,96.6452,99.2147,92.3257,94.9051,96.9891,91.0084,,442729,264846,86237.8,74477.3,75846.6,125184,109400,442729,391255,8712.6,76046.1,66517.4,16686.9,78827.2,13745.3,20389.8,53630.5,37260.8,70209.4,15953.3,289884,51554.7,
ITA,2016-04-01,424707,254766,81387.7,72584.6,75174.3,121660,108282,424707,377307,7872.6,71310.5,62064.3,16153.7,77891.8,13949.1,20881.7,52068.5,37292.9,64831.3,15054.9,281970,47399.7,0,424707,165728,205760,53219.4,62617,9397.7,95.6196,96.1176,94.308,97.5874,97.0046,95.9331,97.1445,95.6196,96.1164,89.3994,93.6338,93.5643,96.7322,98.4673,101.26,101.655,96.894,98.9824,92.2289,94.4758,96.9116,91.701,,444163,265057,86299.9,74379.1,77495.6,126818,111465,444163,392552,8806.1,76158.9,66333.3,16699.4,79104.2,13775.5,20541.8,53737.6,37676.3,70293.9,15935.2,290956,51689.4,
ITA,2016-07-01,428226,255685,81531.3,74143.1,77526.7,123082,109600,428226,380449,7940.9,72506.6,63041.4,16148.9,78844.1,14187.2,20650.3,52231.5,37741.1,65138.6,15059.5,283852,47776.9,0,428226,166574,208561,53091,62299.2,9208.3,95.7568,96.2361,94.4431,97.5177,97.9208,96.306,98.0235,95.7568,96.1304,90.5575,93.4652,93.5524,96.2636,98.5882,101.539,100.724,96.9914,99.2735,92.3705,94.0525,96.9612,92.802,,447202,265686,86328.5,76030.4,79172.9,127803,111810,447202,395763,8768.9,77576,67386.2,16775.7,79973.2,13972.1,20501.8,53851.7,38017.3,70518.8,16011.8,292748,51482.6,
ITA,2016-10-01,430246,258046,82146.7,75690.7,77063.8,126231,113242,430246,382914,7923.5,73966.7,64058.2,16243.2,79752.8,14347.9,19921.5,52408.6,37802.2,65328.3,15219,284780,47332.3,0,430246,168120,210091,52034.9,60828.9,8794,95.8665,96.72,94.6617,97.7138,97.1999,96.8769,99.0928,95.8665,96.3163,94.1771,93.3178,93.6634,96.6345,99.0708,102.216,99.3591,97.1984,98.9491,92.5848,94.592,97.1155,92.3411,,448797,266797,86779.2,77461.6,79283.8,130300,114278,448797,397558,8413.4,79263.2,68391.9,16808.9,80500.8,14036.9,20050,53919.2,38203.7,70560.5,16089.1,293239,51258.1,
ITA,2017-01-01,432794,261515,82478.8,74850.7,75902.2,130267,117368,432794,385158,8414,73331,63710.9,16290.9,80968.5,14375.1,20218.5,52357.8,38256.3,65617.1,15328.6,287122,47636.3,0,432794,169232,207873,55689.3,64205.8,8516.5,95.9699,97.4284,95.3423,97.9649,96.905,97.7918,101.674,95.9699,96.4042,99.0092,93.0261,93.0249,96.8376,98.8907,101.688,97.8455,97.4244,99.0459,93.3372,94.8088,97.1716,92.5453,,450968,268417,86508.1,76405.6,78326.4,133208,115437,450968,399524,8498.2,78828.4,68488,16822.9,81876.8,14136.5,20663.7,53742,38624.8,70301.1,16167.9,295479,51473.5,
ITA,2017-04-01,435898,262441,82660.9,75711.1,79998.9,130561,119764,435898,387405,8040,74168.1,64471.5,16463.9,81642,14488.9,20124.4,52662.8,38583.5,65814.9,15417.1,288734,48492.9,0,435898,169713,210052,56133.3,64315,8181.7,96.2464,97.5418,95.5084,98.2762,97.7622,97.5431,101.203,96.2464,96.546,95.7086,93.0996,92.9081,97.328,99.0329,102.391,97.7962,97.6702,99.1629,93.7649,95.0078,97.4143,93.8684,,452898,269055,86548.3,77039.1,81830.1,133850,118341,452898,401265,8400.5,79665.3,69392.8,16915.9,82439.3,14150.6,20577.9,53919,38909.2,70191.4,16227.2,296397,51660.5,
ITA,2017-07-01,436959,261548,82866.1,77862.9,79926.6,132308,119690,436959,389292,8107.1,75185.7,65627.7,16452.2,81832.6,14456.7,19557.4,52777.3,39329.5,66159.9,15433.9,289547,47666.6,0,436959,171611,210597,54751.1,62965.9,8214.8,96.4061,97.392,95.6232,98.374,98.2691,97.4219,100.545,96.4061,96.8049,99.2253,93.3882,93.3195,97.0345,99.3828,102.671,97.3344,97.5848,99.5147,94.1084,95.0188,97.6126,93.2657,,453248,268552,86659,79149.9,81334.4,135809,119042,453248,402141,8170.4,80508.8,70325.8,16955,82340.8,14080.6,20093,54083.5,39521.3,70301.8,16243,296629,51108.4,
ITA,2017-10-01,442070,263469,83409.2,79175.9,84202.9,135238,124249,442070,393377,8469.8,77192.7,67271.3,16660,82494.4,14542.8,19714.4,53049.1,39668.5,66124.1,15460.8,291054,48693.2,0,442070,172849,213820,55401.2,63907.3,8506.1,96.9576,97.8624,95.9901,98.6584,99.7849,98.3352,101.822,96.9576,97.173,102.734,94.0154,94.1193,97.1865,99.69,103.758,97.2226,97.6097,99.591,94.3922,95.3393,97.8369,95.274,,455941,269224,86893.5,80252.6,84384.4,137527,122025,455941,404821,8244.4,82106.4,71474.5,17142.3,82750.9,14016.1,20277.6,54348.2,39831.4,70052.5,16216.6,297489,51108.6,
ITA,2018-01-01,443204,265770,83632.9,78697,81658.1,134488,122345,443204,394022,8388.3,76111.4,66196.3,16371.6,82841.7,14531.6,20032.4,53150.3,40901.8,66291.6,15401.3,293151,49182.3,0,443204,173520,213373,56312,64909.8,8597.8,97.3466,98.4521,96.2747,98.7899,99.5279,98.9319,102.416,97.3466,97.5152,98.9326,94.6605,94.7721,97.5731,99.9382,104.049,98.5817,97.8232,100.195,94.5917,95.8031,98.2043,96.0162,,455285,269949,86869,79661,82045.4,135940,119458,455285,404062,8478.8,80404.6,69847.9,16778.8,82892.9,13966.1,20320.6,54333,40822,70081.8,16076,298511,51222.9,
ITA,2018-04-01,444284,266907,83949.4,80619.9,83423.8,135935,125932,444284,395862,8207.5,77431.1,67312,16517.2,83126.6,14488.6,19848.4,53184.1,41030.9,66618.5,15409.3,293706,48422.1,0,444284,175517,212133,56634.6,65508.8,8874.2,97.3123,98.6639,96.6942,98.91,98.2756,99.6524,103.254,97.3123,97.6744,96.6407,95.4859,95.4745,97.2269,99.8555,104.608,97.8086,97.7071,100.211,95.133,96.1459,98.2804,94.4539,,456555,270522,86819.5,81508.3,84887.6,136409,121963,456555,405287,8492.8,81091.7,70502.6,16988.3,83246.9,13850.4,20293.1,54432.2,40944.5,70026.7,16027,298845,51265.3,
ITA,2018-07-01,444633,267461,83942.9,80107.2,82278.9,138121,127171,444633,395630,8340.8,76991.4,66710.5,16740,82955.2,14396.6,19759.7,53366.8,40812.5,66830.3,15436.2,293557,49003.6,0,444633,176831,211891,55911.2,64920.1,9008.9,97.4749,98.9974,97.0721,99.3225,99.3296,100.151,104.976,97.4749,97.6128,95.5134,94.934,94.8681,97.5161,99.8117,104.181,97.5802,97.7883,100.57,95.5117,95.7925,98.366,96.4031,,456151,270170,86474.8,80653.6,82834.2,137912,121142,456151,405305,8732.6,81099.9,70319.2,17166.4,83111.7,13818.8,20249.7,54573.8,40581.1,69970.8,16114.2,298434,50832,
ITA,2018-10-01,446352,268374,84199.7,80175.5,85124.3,138807,130152,446352,397670,8085.9,76690.8,66256.6,17004.3,83673.5,14524.5,20153.1,53699.1,41261.3,67088.9,15488,295888,48683.1,0,446352,177661,213786,54906.2,64294.3,9388.1,97.5803,99.3095,97.478,99.7063,98.8867,100.217,105.273,97.5803,97.8498,94.1995,95.2105,94.8634,98.1693,99.8182,103.69,98.5906,98.1331,100.622,96.1311,95.5247,98.612,95.4587,,457421,270240,86378.2,80411.7,86082.7,138506,123633,457421,406408,8583.8,80548.7,69844.2,17321.4,83825.9,14007.6,20441.2,54720.7,41006.4,69789,16213.6,300053,50999.1,
ITA,2019-01-01,448867,269974,84032.4,81344.7,81436.8,138708,125284,448867,398799,8113.1,77192.2,66633.5,17239.2,85126.1,14544.5,19841.9,54064.6,40078.6,66935.9,15662.6,296254,50068.1,0,448867,178978,212793,57095.7,65693.6,8597.9,97.91,99.6644,97.2496,99.7785,98.3542,100.204,104.333,97.91,97.8639,94.6366,95.2008,94.5903,98.298,99.8143,102.202,98.5512,98.3774,101.02,95.8999,96.1114,98.6121,98.3092,,458448,270884,86409,81525.3,82799.5,138425,120081,458448,407503,8572.9,81083.6,70444.3,17537.7,85284.5,14231.1,20133.6,54956.3,39674.1,69797.7,16296.3,300424,50929.2,
ITA,2019-04-01,451213,270966,84137.4,82961.4,82680.5,140164,126734,451213,401805,8102.7,77749.4,66904.5,17449.3,86162.7,14502,19902.3,54406,40808.7,67032.5,15689.1,298503,49408.3,0,451213,179261,214156,57795.8,66619.6,8823.8,98.0336,99.6908,97.4643,99.9376,98.8187,100.378,104.592,98.0336,98.1721,95.9331,95.7425,95.0202,98.5853,100.393,101.485,97.889,98.7308,100.531,96.4401,96.2651,98.8297,96.9583,,460264,271806,86326.4,83013.2,83668.9,139636,121170,460264,409286,8446.2,81206.8,70410.8,17699.7,85825,14289.8,20331.5,55105.4,40593.3,69506.9,16297.8,302038,50958.3,
ITA,2019-07-01,451757,268542,84460.8,81620.7,83172.1,140459,124877,451757,401866,8208.7,77967.7,67098.6,17294.1,86119.2,14532.5,20203,54537,40693.1,66883.5,15427.1,298395,49891.2,0,451757,179873,214586,57297.8,66263.1,8965.3,98.6863,99.6822,97.8468,100,99.8854,100.533,103.287,98.6863,98.5352,99.2696,96.2144,95.6635,98.4202,100.946,101.076,98.412,99.0877,100.181,96.7977,96.496,99.1123,99.9928,,457771,269398,86319.4,81620.7,83267.5,139714,120903,457771,407840,8269.1,81035.4,70140.2,17571.7,85312.1,14377.8,20529,55039.1,40619.5,69096.2,15987.3,301068,49894.8,
ITA,2019-10-01,452772,268406,84503.4,81131.6,83780,140020,123938,452772,402342,8385.5,77543.3,67005.6,17212.3,86396.3,14462.8,20278.9,54789.1,41166.3,66989.4,15118.5,299201,50429.4,0,452772,180702,214841,57228.8,66071.7,8843,99.169,99.9251,98.2586,100.09,102.189,100.625,103.956,99.169,98.7038,100.893,96.5056,96.0162,98.7136,100.512,101.315,98.3424,99.4513,100.11,97.3189,97.0902,99.2014,103.158,,456566,268607,86001,81058.3,81985.1,139151,119221,456566,407626,8311.3,80351.1,69785.7,17436.6,85955.8,14275.1,20620.7,55091.4,41121,68834.9,15571.6,301610,48885.5,
ITA,2020-01-01,426225,250583,85397.6,74558.1,76523.9,128785,115065,426225,382763,8077.6,72000.4,61852,16135.6,77153.6,14126.7,20991.1,53666.1,40493,66164.1,13955.2,286550,43462,0,426225,174139,201865,50221,58883.6,8662.6,98.993,100.268,97.9867,99.7335,99.1856,100.332,102.801,98.993,99.3224,101.029,97.9671,97.6044,98.8289,100.446,100.305,101.322,99.7133,99.5388,98.5152,98.0427,99.6472,96.194,,430561,249914,87152.2,74757.3,77152.2,128360,111930,430561,385375,7995.3,73494.5,63370.1,16326.8,76811.1,14083.8,20717.3,53820.4,40680.6,67161.3,14233.8,287564,45181.6,
ITA,2020-04-01,378913,223358,86615.8,63492,62308.8,94124.2,87493.1,378913,341027,7792.6,59177.9,48908.6,13903.3,60390.2,13544,20217.5,51636.9,35993.4,65561.7,12809.6,260153,37886.3,0,378913,155528,179960,43425,52931.3,9506.4,100.561,100.183,101.382,99.4459,97.4524,99.456,97.0916,100.561,100.954,98.7943,103.9,104.686,99.5425,100.24,99.5392,100.487,99.4367,99.9012,101.917,100.963,100.531,97.1536,,376798,222950,85435.4,63845.8,63937.7,94639,90114,376798,337805,7887.7,56956.5,46719.2,13967.2,60245.8,13606.7,20119.5,51929.4,36029,64328.3,12687.4,258780,38996.3,
ITA,2020-07-01,430093,249884,86889,81686.8,74247,123239,104166,430093,385031,8061.1,76104.6,65125.2,17576.2,73155.7,14445.2,20270.9,53920.9,40863.4,67209.7,13423.7,283290,45061.5,0,430093,173740,206304,50048.5,59748.2,9699.7,99.9732,99.7572,100.084,99.9545,99.6072,99.9631,99.1134,99.9732,99.8364,98.6019,99.5184,99.4817,99.5638,99.6524,100.176,99.0414,100.334,100.375,99.9704,99.7978,99.9383,101.151,,430208,250492,86816.3,81724,74539.8,123284,105098,430208,385662,8175.4,76472.9,65464.5,17653.2,73410.9,14419.8,20467.1,53741.4,40710.9,67229.6,13450.9,283464,44548.6,
ITA,2020-10-01,433722,242319,87324.6,83615.5,85630.7,130415,111968,433722,386442,8266.8,76180.4,65241.1,18113.7,73388.1,14609,20047.9,53972.6,41807.8,66978.7,13076.6,283881,47280.1,0,433722,174095,208351,51275.6,62568.9,11293.3,100.541,99.8071,100.578,100.711,103.069,100.103,100.375,100.541,100.005,101.563,99.531,99.4935,101.868,99.6854,99.9617,99.1317,100.498,100.169,99.678,101.425,99.9361,105.152,,431386,242787,86823.1,83025.4,83080.6,130281,111550,431386,386422,8139.6,76539.4,65573.2,17781.6,73619.7,14614.6,20223.5,53705.3,41737.1,67195.1,12892.9,284062,44963.5,
ITA,2021-01-01,440178,240774,89137.6,88939.4,94565.3,134233,118532,440178,393789,8227.1,79429.7,68236.1,19192.1,73839.9,15112.3,19694.6,53271.1,42831.9,69174.4,13016.2,286940,46388.5,0,440178,177284,211645,51248.3,62069.8,10821.5,100.381,100.418,101.019,101.64,100.888,101.445,102.573,100.381,100.135,102.441,99.9555,100.1,104.792,99.5045,99.5127,95.6527,100.698,99.9193,100.568,100.813,99.8237,102.52,,438506,239771,88238.6,87504.1,93733.1,132322,115558,438506,393258,8031.1,79465.1,68168,18314.5,74207.6,15186.3,20589.7,52901.9,42866.5,68784,12911.2,287447,45248.2,
ITA,2021-04-01,454084,259294,90160.9,93934.5,93120.6,137802,126293,454084,404557,8300.9,81204.8,69471.4,20730.4,79371.6,15485.2,19210.3,53752.9,42702.4,69783.1,14015.5,294321,49527.1,0,454084,181281,217368,55435.7,66484.3,11048.7,101,100.816,102.131,102.782,103.92,103.526,106.485,101,100.517,102.803,100.669,100.565,106.642,99.6672,98.839,95.2656,100.809,100.285,101.082,100.893,100.008,105.125,,449590,257196,88279.8,91392.3,89608.1,133108,118602,449590,402478,8074.6,80665.3,69081.3,19439.3,79636.6,15667.1,20165,53321.5,42581.1,69035.8,13891.4,294298,47112.6,
ITA,2021-07-01,468200,266600,90613.4,98338.9,101665,146047,136725,468200,417257,8350.4,82636.9,71111.2,22142.6,85468.5,15533.9,19620.5,54537.2,43662.9,71013.7,14290.4,304127,50943.1,0,468200,188531,222932,56737.9,67757.3,11019.4,101.746,101.56,102.245,104.262,108.161,106.055,111.46,101.746,101.173,104.458,102.128,102.395,107.409,100.48,98.2108,97.2993,101.087,99.644,101.477,101.337,100.407,106.695,,460165,262505,88624.1,94318.9,93993.6,137709,122666,460165,412418,7994,80915.1,69448,20615.3,85059.9,15816.9,20165.1,53950.9,43818.9,69980.3,14101.8,302894,47746.4,
ITA,2021-10-01,476738,271073,91912.1,100625,113225,152993,152466,476738,425105,8902,84259.6,71582.7,22927.1,88508.1,15557.6,19098.1,55370.8,44708.3,71158.3,14615.4,309017,51632.3,0,476738,190417,228206,58114.1,69293.5,11179.4,101.951,103.026,103.162,105.45,109.577,108.46,118.209,101.951,101.45,111.139,102.942,102.052,105.691,100.959,97.0391,96.3757,101.41,99.4212,101.577,101.949,100.501,106.273,,467614,263110,89095.1,95424.5,103329,141059,128980,467614,419029,8009.8,81851.7,70143.3,21692.5,87667.3,16032.3,19816.3,54600.9,44968.6,70053.8,14336,307475,48584.7,
ITA,2022-01-01,485431,278895,93072.5,104773,118780,164611,169927,485431,433102,9481,86141.5,73493,24392.3,89034.6,15366.4,21096,55343.4,46406.8,71009.6,14829.9,313087,52329.4,0,485431,192184,235246,58001,70616.9,12615.9,103.072,105.267,104.191,107.457,111.925,112.395,125.32,103.072,102.636,115.217,106.398,103.312,107.584,102.026,96.001,104.715,101.267,98.3564,101.442,100.328,100.983,106.887,,470965,264941,89328.8,97502,106125,146457,135594,470965,421976,8228.8,80961.5,71136.8,22672.8,87266.4,16006.5,20146.1,54651.2,47182.3,70000.3,14781.4,310039,48957.8,
ITA,2022-04-01,499160,290348,94113.3,108921,122957,176723,184981,499160,448721,9029.3,91893.9,78109.8,26121.1,93477.5,15358,21626.6,56262.2,47215.4,72002.6,15734.7,321677,50439.1,0,499160,195761,244505,58894.8,71754.9,12860.1,104.361,107.086,105.357,109.863,116.598,116.806,133.621,104.361,104.542,110.626,111.724,108.043,111.01,104.415,96.2106,106.687,101.871,97.8645,102.315,101.059,102.058,102.591,,478302,271134,89327.9,99142.7,105454,151296,138437,478302,429225,8162,82250.7,72295.2,23530.4,89525.2,15962.9,20271,55228.8,48245.7,70373.7,15569.8,315190,49165,
ITA,2022-07-01,502197,295629,94542.6,109962,130741,179159,197875,502197,451308,9424.9,91159.6,76433.2,25685.4,94363.7,15477.8,22257.3,57016.9,47770.7,72356.5,15795.6,325038,50888.5,0,502197,196884,248650,56662.2,71490,14827.8,104.836,108.736,106.358,110.375,121.538,118.146,140.859,104.836,104.973,113.764,112.019,106.379,108.25,105.581,95.1216,110.967,102.535,97.1656,102.938,100.872,102.716,103.587,,479031,271877,88891.3,99625.2,107572,151642,140478,479031,429928,8284.6,81378.7,71850.1,23727.8,89375.7,16271.6,20057.6,55607.4,49164.2,70291,15659,316443,49126.4,
ITA,2022-10-01,510567,301582,94679.6,111847,118530,181494,185719,510567,459758,9835.9,92916.1,78456.3,26109.8,95291.5,15732.8,25134.1,58065.3,48339.9,72574.4,15758.7,330897,50809,0,510567,198874,253734,57960,71076.1,13116.1,106.834,112.356,105.678,111.004,112.928,118.998,135.245,106.834,107.112,118.681,115.963,110.724,109.139,107.526,95.0071,125.206,103.861,98.0154,102.523,101.575,104.45,104.358,,477906,268417,89592.3,100759,104961,152519,137320,477906,429230,8287.7,80125.4,70857.5,23923.5,88621.8,16559.6,20074.2,55906.6,49318.7,70788.3,15514.3,316799,48687.3,
ITA,2023-01-01,527144,307210,94931.7,121115,123035,178550,176583,527144,474201,9670.3,96739.5,81856.8,28792.1,98008.8,15903.9,24572,58972.3,51343.3,73459.8,16739.1,338999,52942.5,0,527144,203049,264125,59970.4,73239.8,13269.5,109.669,112.965,106.035,110.872,115.137,119.383,128.722,109.669,109.833,121.465,120.879,116.116,110.054,110.71,95.2027,130.982,104.1,102.403,103.736,103.261,106.751,108.237,,480666,271951,89528.9,109239,106860,149560,137182,480666,431748,7961.4,80030,70495.5,26161.8,88527.4,16705.3,18759.8,56649.8,50138.4,70814.1,16210.5,317562,48913.3,
ITA,2023-04-01,535513,308030,95320.8,120431,126341,177635,171815,535513,481548,9879.3,97898,83386.3,29388.7,99240.6,16239.7,25843.9,59804.9,52044.2,74237.6,16971,344382,53965,0,535513,204257,268477,62778.3,74002.2,11223.8,111.385,113.48,106.166,110.803,116.175,119.067,124.402,111.385,111.601,124.531,122.015,118.077,111.997,113.256,95.5704,139.301,105.463,103.403,105.028,103.185,108.63,109.267,,480776,271440,89784.6,108690,108750,149190,138113,480776,431490,7933.2,80234.2,70620.1,26240.7,87625,16992.4,18552.6,56707,50331.3,70683.3,16447.1,317024,49388.4,
ITA,2023-07-01,538852,307859,96295.2,122527,122971,179011,167284,538852,484076,9885.9,97943.7,82996.2,29701.4,99567.1,16487.8,26130,60588.3,52431.9,74643.9,16696,346545,54775.7,0,538852,206563,268195,64093.6,73437,9343.4,111.971,114.077,106.509,111.378,117.798,118.611,124.121,111.971,112.079,129.165,120.439,116.93,113.016,113.944,95.5233,143.936,106.588,103.875,105.573,103.764,109.481,110.981,,481242,269870,90410.7,110011,104391,150923,134776,481242,431905,7653.7,81322.3,70979.4,26280.7,87382.7,17260.5,18153.9,56843.2,50475.8,70703.3,16090.4,316534,49355.8,
ITA,2023-10-01,542520,308172,97052.3,122768,123521,181937,168163,542520,486399,10412,98511.9,83781,29294.5,99783.4,16576.1,26026.2,61294.7,52706.6,75030.2,16763.7,348181,56120.9,0,542520,209977,267901,64641.7,74935,10293.3,112.334,114.611,106.648,111.502,120.816,118.876,126.313,112.334,112.349,135.023,119.571,115.789,112.183,114.315,95.8101,143.894,107.515,104.758,105.728,105.05,109.995,112.264,,482953,268885,91002.3,110104,102239,153048,133131,482953,432937,7711.3,82388,72356.5,26113.2,87287.9,17301,18087.1,57010.2,50312.5,70965.5,15957.9,316544,49990.1,
ITA,2024-01-01,546610,314193,98096,119565,118785,178651,163115,546610,489484,10661.1,97137.5,82983.8,28536.6,100235,16829.1,27513.4,61302.9,52994.8,77128.4,17144.5,353148,57126.6,0,546610,212620,267780,66210.7,76455.5,10244.8,113.086,115.294,107.91,111.805,118.1,118.394,123.465,113.086,113.041,132,118.714,116.33,112.556,115.368,97.1719,148.793,107.659,105.176,107.774,104.578,111.201,113.607,,483356,272515,90905.2,106941,100580,150895,132114,483356,433014,8076.6,81825,71335,25353.2,86882.8,17318.9,18491,56941.6,50386.9,71565.2,16394,317575,50284.2,
ITA,2024-04-01,547429,316005,98964.5,118167,121393,176975,165909,547429,489414,10792.4,96184.2,82021.4,27564.8,101237,17094.9,27601.1,61724.2,52740.8,77146.7,17327.9,354872,58015,0,547429,215671,264266,67491.7,77949.6,10457.9,113.046,115.556,108.117,111.725,117.509,119.008,124.743,113.046,112.926,134.373,117.546,115.158,111.079,115.567,97.6355,147.458,107.979,106.017,107.647,105.123,111.396,113.715,,484254,273465,91534.9,105766,103306,148708,133001,484254,433394,8031.7,81826.8,71225.3,24815.4,87600.1,17508.9,18717.9,57163.1,49747.5,71666.5,16483.4,318569,51017.9,
ITA,2024-07-01,550271,317473,100076,116220,123002,177376,167656,550271,491598,10902.1,96527.2,82077.2,27174.3,102002,17046.1,27868.8,62059.2,52896,77733.4,17388.3,356994,58673.5,0,550271,218374,263518,68378.1,78899.7,10521.6,113.62,115.828,109.145,111.948,117.88,119.507,124.697,113.62,113.493,135.233,118.002,116.09,110.279,116.047,98.5859,149.125,108.29,107.093,108.414,105.428,112.089,114.588,,484310,274091,91690.6,103816,104345,148423,134451,484310,433152,8061.7,81801,70701.3,24641.5,87897.1,17290.6,18688.2,57308.3,49392.6,71700.3,16493,318493,51203.8,
ITA,2024-10-01,554795,320268,100910,118793,123840,177393,167616,554795,495322,11858.8,97204.3,82589.3,27239.4,102153,17302.9,27533.7,62741.4,53577.8,78181.5,17528.8,359019,59472.9,0,554795,220106,265230,69459.4,79285.2,9825.8,114.389,116.289,109.735,112.091,119.814,119.759,125.006,114.389,114.182,148.322,118.229,116.223,110.252,116.798,100.15,145.622,109.006,107.784,109.258,106.341,112.649,116.134,,485008,275407,91957.2,105980,103360,148126,134086,485008,433800,7995.3,82217,71060.8,24706.6,87461.7,17277,18907.7,57557.8,49708.6,71557.1,16483.5,318706,51210.5,
ITA,2025-01-01,557806,322630,101478,120642,122850,182995,172149,557806,497908,11392.2,98006.5,83173.8,27995.1,102902,17552.9,27190.6,62697.2,54119.9,78442.5,17609.8,360514,59897.3,0,557806,222405,265721,69679.8,79482.9,9803.1,114.625,117.065,110.689,112.316,118.456,120.504,126.025,114.625,114.452,142.451,118.342,116.326,111.012,117.15,100.384,143.947,110.238,108.416,110.033,104.902,113.075,116.409,,486634,275600,91678.8,107413,103709,151858,136599,486634,435039,7997.3,82816.4,71500.9,25218.1,87837.4,17485.8,18889.3,56874.2,49918.8,71289.9,16786.9,318827,51454.1,
ITA,2025-04-01,562338,323824,102730,122825,124439,179625,168279,562338,501881,11538.8,99167.2,84376.2,28693.2,103406,17634.9,26527.5,63370.7,54733.2,79114.8,17694.6,362482,60456.9,0,562338,224272,269374,68691.4,79877.7,11186.2,115.577,117.126,111.63,112.538,117.964,120.322,122.983,115.577,115.411,143.623,120.39,118.938,112.444,117.34,101.026,142.831,110.972,109.208,111.498,105.354,113.71,116.823,,486550,276476,92026.7,109141,105489,149287,136832,486550,434866,8034.1,82371.9,70941.6,25517.8,88124.9,17455.8,18572.7,57105,50118.1,70956.1,16795.3,318778,51750.7,
ITA,2025-07-01,566304,325894,103469,124428,124828,182948,170836,566304,504971,11807.4,98846.3,84770.5,28710.8,104421,17764.2,26990,63944.2,55400.5,79508.5,17578,365606,61332.8,0,566304,226159,269083,71061.6,80233.4,9171.8,116.169,117.498,112.275,112.599,118.792,119.926,122.403,116.169,115.843,146.855,120.124,118.923,111.838,117.831,101.235,144.039,111.579,110.018,112.196,105.711,114.335,118.554,,487482,277360,92156.6,110505,105082,152550,139568,487482,435910,8040.2,82286.8,71281.6,25671.7,88618.8,17547.5,18738,57308.2,50355.7,70865.5,16628.3,319767,51734.2,
ITA,2025-10-01,571380,327527,104434,125812,129938,181892,172411,571380,509651,11901.4,100264,85858.1,29229.5,105290,17916.3,26885.4,64799,55469.7,80273.3,17622.2,368256,61729,0,571380,227904,272167,71309.2,81158.1,9848.9,116.82,117.981,113.137,112.734,118.548,120.434,121.932,116.82,116.629,147.884,121.065,120.163,112.16,118.247,101.346,144.959,112.849,110.626,113.295,106.412,115.117,118.319,,489114,277610,92307.2,111601,109608,151030,141399,489114,436983,8047.8,82818.2,71451.2,26060.6,89042.6,17678.3,18546.9,57421.1,50141.5,70853.3,16560.3,319898,52171.8,
ITA,2026-01-01,573329,331987,104765,126989,122048,187860,173330,573329,511009,11646.4,99960.6,85386.4,29241,105575,18017,27192.5,65688.5,55391.8,80386.4,17910.2,370161,62320.5,0,573329,230017,271771,71541.4,81433.6,9892.2,116.847,118.952,113.546,113.015,116.175,121.73,123.505,116.847,116.642,145.475,120.602,119.453,112.532,118.142,100.85,148.363,112.899,110.336,113.573,106.527,115.282,118.876,,490667,279092,92266.3,112365,105055,154325,140343,490667,438099,8005.8,82885,71481.4,25984.5,89362.7,17865.2,18328.3,58183.5,50202.7,70779.2,16812.9,321091,52424.7,
ITA,2026-04-01,,,,,,,,,,,,,,,,,,,,,,,,,,,,,,,,,,,,,,,,,,,,,,,,,,,,,491608,,,,,,,491608,,,,,,,,,,,,,,,
JPN,1995-01-01,1.31041e+08,6.7919e+07,1.94235e+07,4.12893e+07,4.17464e+07,1.12635e+07,9.31158e+06,1.31042e+08,1.31295e+08,2.22562e+06,3.52982e+07,3.12701e+07,1.03854e+07,2.80948e+07,4.11968e+06,6.95475e+06,1.57096e+07,5.3952e+06,1.64988e+07,6.61265e+06,8.33855e+07,213600,-466500,1.31041e+08,6.58076e+07,,,,,111.785,105.448,105.173,108.957,108.385,125.747,85.0326,111.788,109.666,104.54,137.232,141.002,92.2204,92.7604,149.482,120.575,100.368,105.791,102.334,101.052,103.866,,,1.17226e+08,6.441e+07,1.84682e+07,3.78952e+07,3.85168e+07,8.9573e+06,1.09506e+07,1.17224e+08,1.19722e+08,2.12898e+06,2.57215e+07,2.21771e+07,1.12615e+07,3.02874e+07,2.75598e+06,5.76798e+06,1.56521e+07,5.09988e+06,1.61225e+07,6.54382e+06,8.02818e+07,,-2.7204e+06
JPN,1995-04-01,1.31896e+08,6.82902e+07,1.94925e+07,4.19629e+07,4.22624e+07,1.10184e+07,9.16782e+06,1.31899e+08,1.31459e+08,2.12732e+06,3.51319e+07,3.1076e+07,1.02241e+07,2.8984e+07,4.24272e+06,6.5826e+06,1.5673e+07,5.4537e+06,1.6492e+07,6.5474e+06,8.39754e+07,152450,287500,1.31896e+08,6.61291e+07,,,,,111.502,105.059,105.661,108.33,107.934,121.137,81.2488,111.505,109.061,102.773,136.283,139.883,92.3599,92.1808,147.496,117.48,100.338,105.334,102.013,101.506,103.281,,,1.1829e+08,6.5002e+07,1.84481e+07,3.87361e+07,3.91557e+07,9.0958e+06,1.12836e+07,1.18289e+08,1.20536e+08,2.06992e+06,2.57786e+07,2.22158e+07,1.10699e+07,3.14425e+07,2.8765e+06,5.60318e+06,1.56202e+07,5.17755e+06,1.61666e+07,6.45025e+06,8.13079e+07,,-2.38352e+06
JPN,1995-07-01,1.33509e+08,6.86786e+07,1.97268e+07,4.29609e+07,4.35402e+07,1.17008e+07,1.01374e+07,1.3351e+08,1.32982e+08,2.04608e+06,3.53812e+07,3.13052e+07,1.0738e+07,2.93805e+07,4.32255e+06,6.75775e+06,1.56123e+07,5.5262e+06,1.6704e+07,6.51378e+06,8.48171e+07,166825,361075,1.33509e+08,6.66374e+07,,,,,111.584,105.131,105.643,108.206,107.716,127.505,85.1002,111.586,109.358,99.2662,136.813,140.785,92.8326,92.1488,147.413,119.522,100.712,105.403,102.366,100.934,103.502,,,1.19649e+08,6.53265e+07,1.8673e+07,3.97029e+07,4.04212e+07,9.17675e+06,1.19124e+07,1.19648e+08,1.21602e+08,2.0612e+06,2.58611e+07,2.22362e+07,1.1567e+07,3.18838e+07,2.93228e+06,5.65398e+06,1.5502e+07,5.24292e+06,1.63178e+07,6.4535e+06,8.1947e+07,,-2.05688e+06
JPN,1995-10-01,1.33935e+08,6.92141e+07,1.98884e+07,4.34344e+07,4.37209e+07,1.19705e+07,1.08585e+07,1.33926e+08,1.33694e+08,2.00538e+06,3.53543e+07,3.12154e+07,1.08764e+07,2.94486e+07,4.50818e+06,6.86702e+06,1.56804e+07,5.6491e+06,1.6817e+07,6.48778e+06,8.54581e+07,211600,20000,1.33935e+08,6.72969e+07,,,,,111.661,105.267,106.04,107.718,107.351,130.83,86.9341,111.654,109.469,97.4642,136.42,140.383,93.2214,91.9944,146.174,120.812,100.852,105.804,103.062,100.629,103.643,,,1.19948e+08,6.57509e+07,1.87555e+07,4.03224e+07,4.07269e+07,9.14965e+06,1.24905e+07,1.19947e+08,1.2213e+08,2.05755e+06,2.59157e+07,2.22359e+07,1.16672e+07,3.20113e+07,3.08412e+06,5.68405e+06,1.5548e+07,5.33922e+06,1.63174e+07,6.4472e+06,8.24542e+07,,-2.29228e+06
JPN,1996-01-01,1.35127e+08,6.91387e+07,1.99304e+07,4.46239e+07,4.51562e+07,1.22093e+07,1.13078e+07,1.35136e+08,1.3498e+08,2.15248e+06,3.56813e+07,3.15306e+07,1.12526e+07,2.91708e+07,4.65362e+06,6.95665e+06,1.5856e+07,5.82295e+06,1.69358e+07,6.49818e+06,8.58939e+07,162200,-6725,1.35127e+08,6.69143e+07,,,,,111.612,105.181,105.48,108.598,108.076,131.32,88.8235,111.62,109.48,95.6571,134.976,139.32,95.7485,91.7729,144.977,123.46,100.756,105.652,103.113,100.582,103.61,,,1.21068e+08,6.57329e+07,1.88948e+07,4.1091e+07,4.17817e+07,9.2974e+06,1.27307e+07,1.21067e+08,1.23292e+08,2.2502e+06,2.64353e+07,2.26318e+07,1.17523e+07,3.17858e+07,3.2099e+06,5.63472e+06,1.57369e+07,5.51142e+06,1.64245e+07,6.46055e+06,8.29013e+07,,-2.3271e+06
JPN,1996-04-01,1.36629e+08,7.00058e+07,2.02074e+07,4.52965e+07,4.61405e+07,1.22356e+07,1.19602e+07,1.36632e+08,1.36043e+08,2.12042e+06,3.61056e+07,3.19358e+07,1.1305e+07,2.88782e+07,4.8687e+06,7.25245e+06,1.59288e+07,5.84062e+06,1.72499e+07,6.49322e+06,8.65118e+07,167525,421375,1.36629e+08,6.7292e+07,,,,,111.647,105.446,106.955,108.166,107.763,131.676,91.0573,111.65,109.434,96.6884,134.207,138.507,96.1624,91.357,142.574,123.874,100.92,104.898,104.486,100.079,103.599,,,1.22376e+08,6.63904e+07,1.88933e+07,4.18768e+07,4.28165e+07,9.29222e+06,1.31348e+07,1.22375e+08,1.24316e+08,2.19305e+06,2.69028e+07,2.30573e+07,1.17562e+07,3.16102e+07,3.41485e+06,5.8547e+06,1.57836e+07,5.56792e+06,1.65093e+07,6.4881e+06,8.35067e+07,,-2.07828e+06
JPN,1996-07-01,1.36675e+08,7.00402e+07,2.04618e+07,4.53935e+07,4.58284e+07,1.24145e+07,1.20701e+07,1.3667e+08,1.36584e+08,2.11732e+06,3.61473e+07,3.19985e+07,1.10991e+07,2.90341e+07,5.0025e+06,7.24768e+06,1.60613e+07,5.9118e+06,1.74741e+07,6.4889e+06,8.72204e+07,171225,-85500,1.36675e+08,6.80425e+07,,,,,111.483,105.384,107.714,108.143,107.742,129.783,92.0598,111.479,109.361,96.7422,133.085,137.165,96.6764,91.0833,141.337,126.601,101.125,104.751,105.275,99.9088,103.787,,,1.22597e+08,6.64621e+07,1.89964e+07,4.19754e+07,4.25353e+07,9.56555e+06,1.31112e+07,1.22596e+08,1.24893e+08,2.18862e+06,2.71611e+07,2.33286e+07,1.14807e+07,3.18764e+07,3.53942e+06,5.7248e+06,1.58826e+07,5.64365e+06,1.65985e+07,6.49482e+06,8.40382e+07,,-2.4288e+06
JPN,1996-10-01,1.37898e+08,7.07535e+07,2.05452e+07,4.54427e+07,4.61192e+07,1.30047e+07,1.25244e+07,1.37892e+08,1.37526e+08,2.20192e+06,3.67726e+07,3.24859e+07,1.10481e+07,2.88879e+07,5.18672e+06,7.34505e+06,1.61177e+07,5.9792e+06,1.75273e+07,6.4596e+06,8.75035e+07,210850,154775,1.37898e+08,6.83652e+07,,,,,111.288,105.524,106.598,108.397,107.986,130.382,94.2653,111.283,108.979,97.8949,132.081,136.277,96.9776,90.9116,140.164,127.131,101.511,105.329,104.109,99.8836,103.584,,,1.23911e+08,6.70496e+07,1.92736e+07,4.19226e+07,4.27085e+07,9.97435e+06,1.32863e+07,1.2391e+08,1.26195e+08,2.24928e+06,2.7841e+07,2.38382e+07,1.13924e+07,3.17758e+07,3.70048e+06,5.77755e+06,1.58778e+07,5.6767e+06,1.68356e+07,6.46712e+06,8.44759e+07,,-2.41468e+06
JPN,1997-01-01,1.3831e+08,7.18384e+07,2.06352e+07,4.53698e+07,4.52679e+07,1.37832e+07,1.32145e+07,1.38318e+08,1.38123e+08,2.05852e+06,3.65837e+07,3.2414e+07,1.07896e+07,3.00096e+07,5.07352e+06,7.51972e+06,1.60044e+07,5.98115e+06,1.76313e+07,6.47125e+06,8.8691e+07,265550,-69825,1.3831e+08,6.93703e+07,,,,,110.889,105.594,107.156,107.357,106.939,134.062,98.6403,110.897,108.592,95.3551,131.704,135.719,93.8622,91.0645,137.396,126.657,101.717,105.616,105.176,100.306,103.731,,,1.24729e+08,6.80328e+07,1.92571e+07,4.22608e+07,4.23305e+07,1.02812e+07,1.33966e+07,1.24727e+08,1.27194e+08,2.1588e+06,2.77773e+07,2.38832e+07,1.14951e+07,3.29542e+07,3.69262e+06,5.93708e+06,1.57342e+07,5.6631e+06,1.67637e+07,6.45152e+06,8.55005e+07,,-2.5544e+06
JPN,1997-04-01,1.38696e+08,7.09966e+07,2.08002e+07,4.47916e+07,4.54966e+07,1.42227e+07,1.28198e+07,1.38699e+08,1.38782e+08,2.06985e+06,3.70001e+07,3.25322e+07,1.08472e+07,2.9716e+07,5.27712e+06,7.33208e+06,1.62328e+07,6.12912e+06,1.77142e+07,6.46312e+06,8.88644e+07,-54475,-28425,1.38696e+08,6.96611e+07,,,,,111.986,107.075,107.581,107.867,107.535,132.622,97.2772,111.989,109.824,95.24,133.943,137.518,95.8614,93.002,137.32,124.274,102.839,107.196,105.07,101.786,104.692,,,1.23851e+08,6.63058e+07,1.93345e+07,4.15248e+07,4.23085e+07,1.07242e+07,1.31786e+07,1.23851e+08,1.26368e+08,2.1733e+06,2.76238e+07,2.36568e+07,1.13155e+07,3.1952e+07,3.84295e+06,5.89992e+06,1.57848e+07,5.71768e+06,1.68593e+07,6.34975e+06,8.48818e+07,,-2.59132e+06
JPN,1997-07-01,1.38634e+08,7.11186e+07,2.06979e+07,4.42454e+07,4.5547e+07,1.38218e+07,1.25515e+07,1.3863e+08,1.38852e+08,1.96992e+06,3.692e+07,3.23835e+07,1.06688e+07,2.97651e+07,5.51022e+06,7.24202e+06,1.63182e+07,6.19545e+06,1.77832e+07,6.47928e+06,8.92935e+07,-91450,-131025,1.38634e+08,6.99722e+07,,,,,111.762,107.134,107.28,107.298,106.845,130.725,95.4276,111.759,109.529,91.4883,132.966,136.177,95.0352,93.3469,136.326,123.42,103.219,107.68,105.171,102.108,104.848,,,1.24044e+08,6.63831e+07,1.92933e+07,4.12359e+07,4.2629e+07,1.05732e+07,1.31529e+07,1.24043e+08,1.26772e+08,2.1532e+06,2.77666e+07,2.37805e+07,1.12261e+07,3.18865e+07,4.04195e+06,5.8678e+06,1.58093e+07,5.75355e+06,1.69089e+07,6.3455e+06,8.51644e+07,,-2.80625e+06
JPN,1997-10-01,1.38765e+08,7.09458e+07,2.08724e+07,4.38338e+07,4.48526e+07,1.46071e+07,1.25133e+07,1.3876e+08,1.38583e+08,1.90712e+06,3.64853e+07,3.19432e+07,1.05625e+07,2.97988e+07,5.55228e+06,7.0837e+06,1.63037e+07,6.29652e+06,1.81161e+07,6.47752e+06,8.96286e+07,-106050,282225,1.38765e+08,6.9868e+07,,,,,111.881,107.067,107.635,106.892,106.595,135.157,97.459,111.878,109.59,88.9299,133.63,137.115,94.7055,93.1733,134.035,122.261,103.581,108.514,105.739,102.401,104.847,,,1.24029e+08,6.6263e+07,1.93918e+07,4.10074e+07,4.20776e+07,1.08075e+07,1.28395e+07,1.24028e+08,1.26457e+08,2.14452e+06,2.73033e+07,2.32966e+07,1.1153e+07,3.19821e+07,4.1424e+06,5.7939e+06,1.574e+07,5.8025e+06,1.71328e+07,6.32568e+06,8.54847e+07,,-2.49038e+06
JPN,1998-01-01,1.36399e+08,7.06483e+07,2.08833e+07,4.18097e+07,4.27795e+07,1.42205e+07,1.21322e+07,1.36405e+08,1.36221e+08,1.94718e+06,3.60744e+07,3.15654e+07,9.91682e+06,2.88344e+07,5.72435e+06,6.89438e+06,1.60286e+07,6.41118e+06,1.80096e+07,6.3796e+06,8.82822e+07,-33550,218225,1.36399e+08,6.94466e+07,,,,,111.741,106.864,107.723,106.312,105.825,135.017,95.3078,111.747,109.604,92.3817,133.443,137.246,93.5625,93.0158,132.581,123.385,103.829,107.783,106.366,102.449,104.833,,,1.22068e+08,6.61104e+07,1.93862e+07,3.93273e+07,4.04246e+07,1.05324e+07,1.27295e+07,1.22066e+08,1.24284e+08,2.10775e+06,2.70336e+07,2.29992e+07,1.05992e+07,3.09995e+07,4.31762e+06,5.58768e+06,1.54374e+07,5.9482e+06,1.69317e+07,6.22708e+06,8.42126e+07,,-2.34535e+06
JPN,1998-04-01,1.35383e+08,7.05499e+07,2.08118e+07,4.109e+07,4.15428e+07,1.41716e+07,1.16934e+07,1.35385e+08,1.35662e+08,1.98712e+06,3.5552e+07,3.10066e+07,9.84035e+06,2.88458e+07,5.81322e+06,6.85698e+06,1.60062e+07,6.34602e+06,1.8036e+07,6.37788e+06,8.82821e+07,-68325,-208550,1.35383e+08,6.90018e+07,,,,,111.525,106.737,106.647,105.897,105.592,137.188,96.0982,111.527,109.44,91.5304,134.048,138.255,93.1232,92.8805,131.55,123.449,103.96,107.733,105.098,102.153,104.471,,,1.21392e+08,6.6097e+07,1.95147e+07,3.8802e+07,3.93426e+07,1.033e+07,1.21682e+07,1.21392e+08,1.2396e+08,2.171e+06,2.65219e+07,2.2427e+07,1.0567e+07,3.10569e+07,4.41902e+06,5.5545e+06,1.53965e+07,5.89052e+06,1.71611e+07,6.24345e+06,8.4504e+07,,-2.69448e+06
JPN,1998-07-01,1.3507e+08,7.09953e+07,2.08639e+07,4.10549e+07,4.0808e+07,1.42872e+07,1.18845e+07,1.35067e+08,1.35201e+08,1.82632e+06,3.51453e+07,3.06086e+07,9.82732e+06,2.91903e+07,5.74302e+06,6.88455e+06,1.5917e+07,6.27678e+06,1.80323e+07,6.35782e+06,8.84018e+07,23250,-156700,1.3507e+08,6.83167e+07,,,,,111.122,106.489,106.329,105.521,105.117,137.923,97.4263,111.12,109.175,90.0055,133.574,137.744,92.3417,92.6648,131.716,123.55,104.071,107.457,104.946,102.062,104.372,,,1.21551e+08,6.66692e+07,1.9622e+07,3.89067e+07,3.88215e+07,1.03588e+07,1.21984e+07,1.2155e+08,1.23839e+08,2.02912e+06,2.63116e+07,2.22213e+07,1.06424e+07,3.1501e+07,4.36015e+06,5.5723e+06,1.52944e+07,5.84118e+06,1.71824e+07,6.22935e+06,8.46984e+07,,-2.4502e+06
JPN,1998-10-01,1.36483e+08,7.11387e+07,2.13112e+07,4.10976e+07,4.15898e+07,1.30375e+07,1.05939e+07,1.36483e+08,1.367e+08,2.43558e+06,3.49131e+07,3.03418e+07,1.04038e+07,2.90976e+07,5.84065e+06,6.84745e+06,1.6023e+07,6.2671e+06,1.85085e+07,6.3636e+06,8.89478e+07,-113225,-103625,1.36483e+08,6.82362e+07,,,,,111.324,106.933,107.847,104.624,104.251,128.135,88.91,111.325,109.333,102.647,132.039,135.944,92.1442,92.7506,130.931,124.578,103.891,107.733,106.99,101.669,104.8,,,1.226e+08,6.65267e+07,1.97606e+07,3.92813e+07,3.98938e+07,1.01748e+07,1.19153e+07,1.22599e+08,1.25032e+08,2.37278e+06,2.64415e+07,2.23194e+07,1.12908e+07,3.13718e+07,4.46088e+06,5.49652e+06,1.54228e+07,5.81725e+06,1.72993e+07,6.25915e+06,8.48735e+07,,-2.52092e+06
JPN,1999-01-01,1.33661e+08,7.09686e+07,2.12685e+07,4.02099e+07,3.92203e+07,1.26692e+07,1.04656e+07,1.3366e+08,1.33229e+08,2.0452e+06,3.38998e+07,2.93069e+07,9.406e+06,2.85867e+07,5.81355e+06,6.70778e+06,1.60496e+07,6.1624e+06,1.83204e+07,6.23728e+06,8.78776e+07,2650,428225,1.33661e+08,6.76877e+07,,,,,110.637,106.329,106.421,103.874,103.636,124.242,85.3134,110.637,108.622,95.5589,131.626,135.253,90.5455,92.8063,130.15,123.122,103.632,106.746,105.772,100.937,104.202,,,1.20811e+08,6.67446e+07,1.99852e+07,3.87101e+07,3.78444e+07,1.01972e+07,1.22672e+07,1.20809e+08,1.22654e+08,2.14025e+06,2.57546e+07,2.16682e+07,1.03882e+07,3.08025e+07,4.4668e+06,5.44805e+06,1.54871e+07,5.77295e+06,1.73206e+07,6.1794e+06,8.43342e+07,,-2.0539e+06
JPN,1999-04-01,1.33836e+08,7.10467e+07,2.14088e+07,4.04013e+07,3.94092e+07,1.29248e+07,1.09532e+07,1.33838e+08,1.33897e+08,1.89578e+06,3.40799e+07,2.95287e+07,9.86792e+06,2.89886e+07,5.6943e+06,6.73115e+06,1.6028e+07,6.16358e+06,1.83292e+07,6.1185e+06,8.80533e+07,27800,-87175,1.33836e+08,6.72369e+07,,,,,110.225,106.259,106.062,103.384,103.021,125.568,87.6751,110.227,108.241,90.4818,131.333,135.469,89.9882,92.5463,128.29,124.127,103.653,107.092,105.114,100.355,103.927,,,1.21421e+08,6.68616e+07,2.01851e+07,3.90788e+07,3.82536e+07,1.0293e+07,1.2493e+07,1.2142e+08,1.23702e+08,2.0952e+06,2.59492e+07,2.17973e+07,1.09658e+07,3.13234e+07,4.43862e+06,5.42278e+06,1.5463e+07,5.75542e+06,1.74374e+07,6.09688e+06,8.47264e+07,,-2.47822e+06
JPN,1999-07-01,1.33718e+08,7.147e+07,2.13398e+07,3.99265e+07,3.90713e+07,1.30474e+07,1.12111e+07,1.33717e+08,1.33734e+08,1.99422e+06,3.4142e+07,2.96126e+07,9.6771e+06,2.86093e+07,6.10832e+06,6.6783e+06,1.59091e+07,6.26915e+06,1.82135e+07,6.13255e+06,8.79202e+07,68925,-85800,1.33718e+08,6.7302e+07,,,,,109.519,106.027,104.497,103.353,103.066,121.642,87.5062,109.519,107.608,91.5443,128.912,133.008,90.3186,92.6655,129.366,123.731,103.736,106.689,103.339,100.409,103.616,,,1.22095e+08,6.74072e+07,2.04214e+07,3.86312e+07,3.79088e+07,1.07261e+07,1.28118e+07,1.22094e+08,1.24278e+08,2.17842e+06,2.64848e+07,2.22638e+07,1.07144e+07,3.08737e+07,4.72172e+06,5.39742e+06,1.53361e+07,5.8761e+06,1.7625e+07,6.1076e+06,8.48516e+07,,-2.38962e+06
JPN,1999-10-01,1.33492e+08,7.1352e+07,2.14402e+07,3.97726e+07,3.87933e+07,1.31923e+07,1.12862e+07,1.33496e+08,1.33273e+08,1.86885e+06,3.37928e+07,2.93131e+07,9.41698e+06,2.86748e+07,5.98905e+06,6.6743e+06,1.60427e+07,6.43788e+06,1.82806e+07,6.095e+06,8.81944e+07,95200,127900,1.33492e+08,6.7308e+07,,,,,109.4,105.785,104.559,103.079,102.809,120.222,85.5176,109.404,107.388,90.1302,127.414,131.44,90.9817,92.6307,127.578,123.603,103.633,107.517,103.634,100.287,103.592,,,1.22022e+08,6.74502e+07,2.05055e+07,3.85848e+07,3.77334e+07,1.09733e+07,1.31976e+07,1.22021e+08,1.24104e+08,2.0735e+06,2.6522e+07,2.23016e+07,1.03504e+07,3.09561e+07,4.69442e+06,5.39978e+06,1.54803e+07,5.98778e+06,1.76396e+07,6.07758e+06,8.51366e+07,,-2.31548e+06
JPN,2000-01-01,1.35603e+08,7.16908e+07,2.1843e+07,4.04253e+07,3.99709e+07,1.36594e+07,1.15611e+07,1.35597e+08,1.35442e+08,1.8738e+06,3.42999e+07,2.9852e+07,9.32845e+06,2.90272e+07,6.02465e+06,6.83985e+06,1.63065e+07,6.77758e+06,1.87317e+07,6.23292e+06,8.99403e+07,53350,101125,1.35603e+08,6.73416e+07,,,,,109.081,105.401,105.138,103.744,103.501,118.155,87.5866,109.076,107.197,81.6488,126.22,130.232,92.4343,92.9187,125.678,122.719,103.322,107.84,103.975,100.134,103.514,,,1.24314e+08,6.80172e+07,2.07756e+07,3.89664e+07,3.8619e+07,1.15606e+07,1.31996e+07,1.24314e+08,1.26349e+08,2.29495e+06,2.71746e+07,2.29222e+07,1.0092e+07,3.12393e+07,4.79372e+06,5.57358e+06,1.57822e+07,6.28485e+06,1.80155e+07,6.22458e+06,8.6887e+07,,-2.22218e+06
JPN,2000-04-01,1.36039e+08,7.14462e+07,2.20545e+07,4.00694e+07,4.04752e+07,1.38737e+07,1.18109e+07,1.36042e+08,1.35718e+08,1.88015e+06,3.45511e+07,3.00291e+07,9.66058e+06,2.82029e+07,6.19282e+06,6.7323e+06,1.6374e+07,6.89412e+06,1.8831e+07,6.39962e+06,8.96268e+07,3100,320100,1.36039e+08,6.72546e+07,,,,,108.766,105.3,104.824,103.307,102.908,116.346,86.1184,108.769,106.751,82.1017,124.934,128.406,92.2625,92.6502,125.747,123.655,103.186,106.404,103.653,99.0401,103.197,,,1.25075e+08,6.785e+07,2.10397e+07,3.87868e+07,3.93313e+07,1.19245e+07,1.37148e+07,1.25074e+08,1.27136e+08,2.29002e+06,2.76554e+07,2.33861e+07,1.04708e+07,3.04402e+07,4.92482e+06,5.44442e+06,1.58684e+07,6.4792e+06,1.81673e+07,6.46165e+06,8.68502e+07,,-2.24675e+06
JPN,2000-07-01,1.35537e+08,7.13188e+07,2.2312e+07,4.04204e+07,4.00933e+07,1.41362e+07,1.2323e+07,1.35535e+08,1.36006e+08,1.89855e+06,3.48004e+07,3.02339e+07,9.63905e+06,2.80808e+07,6.23938e+06,6.74555e+06,1.63991e+07,6.97468e+06,1.89793e+07,6.2491e+06,8.96678e+07,33325,-504275,1.35537e+08,6.74958e+07,,,,,108.414,104.963,105.224,103.007,102.631,116.606,87.5974,108.413,106.807,82.1874,125.353,128.978,92.4485,92.106,124.934,125.644,102.791,106.229,104.143,99.394,103.125,,,1.25019e+08,6.79466e+07,2.12044e+07,3.92405e+07,3.90653e+07,1.2123e+07,1.40678e+07,1.25018e+08,1.27338e+08,2.31002e+06,2.7762e+07,2.34412e+07,1.04264e+07,3.04874e+07,4.99415e+06,5.36878e+06,1.59538e+07,6.56572e+06,1.82243e+07,6.2872e+06,8.69503e+07,,-2.507e+06
JPN,2000-10-01,1.36557e+08,7.1966e+07,2.23713e+07,4.07641e+07,4.08124e+07,1.43991e+07,1.29916e+07,1.36564e+08,1.36067e+08,1.8639e+06,3.46722e+07,3.03394e+07,9.58822e+06,2.82484e+07,6.36472e+06,6.864e+06,1.63449e+07,7.00578e+06,1.89393e+07,6.1757e+06,8.99428e+07,66850,429750,1.36557e+08,6.79294e+07,,,,,108.109,104.634,104.875,102.468,102.131,119.231,89.0241,108.115,106.343,83.1829,124.561,128.879,92.3205,91.8136,123.882,127.889,102.37,104.722,103.574,99.0795,102.761,,,1.26314e+08,6.87788e+07,2.13315e+07,3.97824e+07,3.99608e+07,1.20766e+07,1.45934e+07,1.26313e+08,1.27951e+08,2.24072e+06,2.78355e+07,2.3541e+07,1.03858e+07,3.07671e+07,5.13772e+06,5.36718e+06,1.59664e+07,6.68988e+06,1.82858e+07,6.23308e+06,8.75263e+07,,-1.84088e+06
JPN,2001-01-01,1.37565e+08,7.21926e+07,2.27944e+07,4.11004e+07,4.16594e+07,1.40348e+07,1.31161e+07,1.37557e+08,1.37763e+08,1.93488e+06,3.46898e+07,3.0138e+07,9.862e+06,2.90971e+07,6.38258e+06,7.07542e+06,1.63233e+07,7.02712e+06,1.94091e+07,5.962e+06,9.12766e+07,26175,-232750,1.37565e+08,6.80728e+07,,,,,108.274,104.469,106.709,102.162,101.844,120.564,89.7128,108.268,106.406,89.59,123.864,127.893,92.5277,91.3165,121.893,133.148,101.571,104.727,105.314,99.1716,102.985,,,1.27053e+08,6.91045e+07,2.13614e+07,4.02305e+07,4.09049e+07,1.1641e+07,1.46201e+07,1.27052e+08,1.29469e+08,2.1597e+06,2.80064e+07,2.3565e+07,1.06584e+07,3.1864e+07,5.23622e+06,5.31395e+06,1.60708e+07,6.70995e+06,1.84297e+07,6.0118e+06,8.86311e+07,,-2.59922e+06
JPN,2001-04-01,1.35623e+08,7.24662e+07,2.28035e+07,3.92631e+07,3.98272e+07,1.34884e+07,1.29622e+07,1.35629e+08,1.35635e+08,1.79988e+06,3.37413e+07,2.92166e+07,9.14548e+06,2.86028e+07,6.48602e+06,7.32612e+06,1.62973e+07,7.0163e+06,1.92159e+07,6.0037e+06,9.09481e+07,62025,-67800,1.35623e+08,6.72019e+07,,,,,107.561,103.864,105.836,101.791,101.46,120.458,90.6458,107.567,105.566,79.1284,123.415,127.335,93.4058,90.7321,119.495,136.872,101.088,103.14,103.45,97.9364,102.174,,,1.26089e+08,6.97702e+07,2.1546e+07,3.85722e+07,3.9254e+07,1.11976e+07,1.42998e+07,1.26088e+08,1.28483e+08,2.27462e+06,2.73397e+07,2.29447e+07,9.79112e+06,3.15244e+07,5.42785e+06,5.35255e+06,1.61218e+07,6.8027e+06,1.85751e+07,6.1302e+06,8.90131e+07,,-2.586e+06
JPN,2001-07-01,1.33574e+08,7.20132e+07,2.29263e+07,3.85992e+07,3.7994e+07,1.30972e+07,1.24569e+07,1.33569e+08,1.33391e+08,1.62955e+06,3.22171e+07,2.76866e+07,8.94498e+06,2.82096e+07,6.47285e+06,7.48365e+06,1.62304e+07,7.04492e+06,1.92386e+07,5.91962e+06,9.05996e+07,95700,81925,1.33574e+08,6.64906e+07,,,,,107.198,103.419,106.286,101.025,100.723,119.51,89.708,107.195,105.112,79.5096,122.736,126.644,91.2494,90.0339,118.319,141.672,100.445,102.314,103.687,97.9102,101.995,,,1.24605e+08,6.96322e+07,2.15704e+07,3.82075e+07,3.77211e+07,1.09592e+07,1.38861e+07,1.24604e+08,1.26904e+08,2.0495e+06,2.62491e+07,2.18617e+07,9.80278e+06,3.13322e+07,5.47068e+06,5.28238e+06,1.61584e+07,6.8856e+06,1.85545e+07,6.04598e+06,8.88272e+07,,-2.51575e+06
JPN,2001-10-01,1.3295e+08,7.16616e+07,2.3092e+07,3.73952e+07,3.70747e+07,1.29944e+07,1.18726e+07,1.32957e+08,1.32728e+08,1.52028e+06,3.18036e+07,2.7182e+07,8.97065e+06,2.78038e+07,6.4489e+06,7.6878e+06,1.61985e+07,7.02455e+06,1.92661e+07,6.00365e+06,9.04334e+07,93775,135200,1.3295e+08,6.54124e+07,,,,,106.931,102.917,105.721,100.362,100.125,120.911,88.2306,106.937,104.89,72.886,123.486,127.033,90.9088,89.6515,117.465,144.584,100.072,101.522,102.833,97.5379,101.658,,,1.24333e+08,6.96305e+07,2.18425e+07,3.72604e+07,3.70286e+07,1.07471e+07,1.34563e+07,1.24332e+08,1.2654e+08,2.08582e+06,2.57548e+07,2.13977e+07,9.86775e+06,3.10133e+07,5.49008e+06,5.31718e+06,1.61869e+07,6.91922e+06,1.87354e+07,6.1552e+06,8.89582e+07,,-2.43452e+06
JPN,2002-01-01,1.33499e+08,7.18664e+07,2.36934e+07,3.72596e+07,3.64364e+07,1.36966e+07,1.21936e+07,1.33491e+08,1.33573e+08,1.59665e+06,3.18047e+07,2.7299e+07,9.0254e+06,2.79731e+07,6.50055e+06,7.7731e+06,1.60756e+07,6.92312e+06,1.97761e+07,6.12445e+06,9.1146e+07,123850,-205450,1.33499e+08,6.56146e+07,,,,,107.101,102.571,108.327,100.308,100.092,121.85,89.772,107.095,105.302,68.1732,123.591,127.418,91.0365,89.6486,116.568,146.751,99.5338,100.983,105.898,97.6039,102.176,,,1.24648e+08,7.0065e+07,2.1872e+07,3.71454e+07,3.6403e+07,1.12405e+07,1.35828e+07,1.24647e+08,1.26847e+08,2.34205e+06,2.57338e+07,2.14247e+07,9.91405e+06,3.1203e+07,5.5766e+06,5.2968e+06,1.6151e+07,6.8557e+06,1.86747e+07,6.2748e+06,8.92054e+07,,-2.4522e+06
JPN,2002-04-01,1.33083e+08,7.22124e+07,2.31216e+07,3.65072e+07,3.58665e+07,1.43198e+07,1.24373e+07,1.3309e+08,1.32773e+08,1.68222e+06,3.16741e+07,2.73034e+07,8.6561e+06,2.82659e+07,6.4859e+06,7.922e+06,1.59822e+07,6.9709e+06,1.90676e+07,6.06565e+06,9.07602e+07,162600,154625,1.33083e+08,6.38852e+07,,,,,106.006,102.328,105.476,99.5788,99.1575,118.837,88.9371,106.013,104.18,73.47,121.152,125.309,90.5789,89.1942,116.561,149.469,99.0076,100.162,102.067,96.9705,101.17,,,1.25543e+08,7.05692e+07,2.19211e+07,3.66616e+07,3.61712e+07,1.205e+07,1.39844e+07,1.25542e+08,1.27446e+08,2.28968e+06,2.61442e+07,2.17888e+07,9.55642e+06,3.16903e+07,5.5644e+06,5.3001e+06,1.61424e+07,6.95965e+06,1.86814e+07,6.25515e+06,8.97107e+07,,-2.14555e+06
JPN,2002-07-01,1.32964e+08,7.20148e+07,2.32619e+07,3.66118e+07,3.62285e+07,1.39864e+07,1.25272e+07,1.32961e+08,1.33091e+08,1.73092e+06,3.19224e+07,2.74565e+07,8.485e+06,2.82765e+07,6.51738e+06,7.94642e+06,1.61226e+07,6.96838e+06,1.91934e+07,5.92815e+06,9.09529e+07,141975,-272250,1.32964e+08,6.43884e+07,,,,,105.587,102.023,105.297,99.1739,98.8492,114.856,86.6449,105.585,103.774,77.5027,119.631,123.642,90.0275,88.7815,115.984,151.795,98.6768,99.2759,102.237,96.6847,100.998,,,1.25929e+08,7.05866e+07,2.20918e+07,3.69168e+07,3.66503e+07,1.21772e+07,1.44582e+07,1.25928e+08,1.28251e+08,2.23338e+06,2.66841e+07,2.22064e+07,9.4249e+06,3.18496e+07,5.61922e+06,5.23498e+06,1.63388e+07,7.0192e+06,1.87734e+07,6.13142e+06,9.00545e+07,,-2.57002e+06
JPN,2002-10-01,1.3292e+08,7.15996e+07,2.31947e+07,3.6292e+07,3.63382e+07,1.48979e+07,1.31103e+07,1.32921e+08,1.32482e+08,1.76748e+06,3.19281e+07,2.76098e+07,8.45108e+06,2.77897e+07,6.5109e+06,7.95685e+06,1.6098e+07,6.97988e+06,1.91204e+07,5.87972e+06,9.03354e+07,168025,271150,1.3292e+08,6.38265e+07,,,,,105.306,101.788,105.143,98.7767,98.3691,118.37,89.4184,105.308,103.402,79.3123,118.745,123.277,89.8198,88.5512,114.991,152.689,98.4071,98.551,101.858,96.9172,100.733,,,1.26223e+08,7.03422e+07,2.20603e+07,3.67415e+07,3.69406e+07,1.25859e+07,1.46618e+07,1.26222e+08,1.28123e+08,2.2285e+06,2.6888e+07,2.23966e+07,9.40892e+06,3.13826e+07,5.6621e+06,5.21115e+06,1.63585e+07,7.0825e+06,1.87717e+07,6.06675e+06,8.9678e+07,,-2.13122e+06
JPN,2003-01-01,1.31699e+08,7.1475e+07,2.31402e+07,3.57122e+07,3.56344e+07,1.46664e+07,1.32176e+07,1.31696e+08,1.32043e+08,1.54535e+06,3.17007e+07,2.75496e+07,8.2461e+06,2.75881e+07,6.51115e+06,8.06648e+06,1.6085e+07,7.07195e+06,1.91847e+07,6.043e+06,9.05504e+07,216450,-563075,1.31699e+08,6.49266e+07,,,,,104.458,101.494,104.23,98.0019,97.7877,114.987,89.5517,104.457,102.816,79.5046,117.522,122.353,88.788,88.5194,114.416,152.609,98.13,97.7156,101.168,96.8332,100.363,,,1.26078e+08,7.0423e+07,2.22011e+07,3.64403e+07,3.64406e+07,1.27549e+07,1.47598e+07,1.26077e+08,1.28426e+08,1.94372e+06,2.69742e+07,2.25165e+07,9.2874e+06,3.11662e+07,5.69078e+06,5.2857e+06,1.63916e+07,7.23728e+06,1.89632e+07,6.24062e+06,9.02232e+07,,-2.62502e+06
JPN,2003-04-01,1.3285e+08,7.15176e+07,2.35541e+07,3.58675e+07,3.56593e+07,1.47291e+07,1.26097e+07,1.32854e+08,1.32305e+08,1.50482e+06,3.18354e+07,2.75303e+07,8.22785e+06,2.75998e+07,6.53292e+06,8.14582e+06,1.60334e+07,7.07622e+06,1.9439e+07,5.9092e+06,9.07365e+07,188175,361275,1.3285e+08,6.38154e+07,,,,,104.509,101.232,105.253,97.5899,97.1999,115.308,88.2802,104.513,102.823,77.9854,117.454,121.586,90.0244,88.3009,113.589,154.022,97.8113,96.7881,101.894,96.187,100.291,,,1.27118e+08,7.06474e+07,2.23784e+07,3.67533e+07,3.66866e+07,1.27737e+07,1.42838e+07,1.27117e+08,1.28672e+08,1.92962e+06,2.71046e+07,2.26426e+07,9.13958e+06,3.12566e+07,5.75138e+06,5.28875e+06,1.63922e+07,7.31105e+06,1.90777e+07,6.14345e+06,9.04732e+07,,-1.82148e+06
JPN,2003-07-01,1.3275e+08,7.14546e+07,2.3446e+07,3.52474e+07,3.56183e+07,1.51362e+07,1.29051e+07,1.32748e+08,1.32526e+08,1.507e+06,3.17466e+07,2.75183e+07,8.0491e+06,2.79489e+07,6.57915e+06,8.28115e+06,1.60513e+07,7.05798e+06,1.93475e+07,5.9571e+06,9.1223e+07,166575,56075,1.3275e+08,6.31072e+07,,,,,104.128,101.066,104.264,97.3977,97.1076,114.436,88.2198,104.128,102.523,77.4897,116.669,120.558,89.8663,88.3575,113.192,154.048,97.4732,96.5279,101.114,96.4697,100.064,,,1.27487e+08,7.07012e+07,2.24872e+07,3.61892e+07,3.66792e+07,1.32268e+07,1.46284e+07,1.27486e+08,1.29265e+08,1.94478e+06,2.72109e+07,2.28258e+07,8.95675e+06,3.16316e+07,5.8124e+06,5.3757e+06,1.64674e+07,7.31185e+06,1.91344e+07,6.1751e+06,9.11651e+07,,-2.01135e+06
JPN,2003-10-01,1.3309e+08,7.20272e+07,2.31294e+07,3.56178e+07,3.53552e+07,1.5484e+07,1.29061e+07,1.33089e+08,1.32552e+08,1.8517e+06,3.17156e+07,2.74328e+07,7.91532e+06,2.81018e+07,6.60328e+06,8.14955e+06,1.61392e+07,7.16128e+06,1.90317e+07,5.8829e+06,9.10697e+07,155225,381400,1.3309e+08,6.34203e+07,,,,,103.35,100.73,102.445,96.9199,96.4994,111.394,86.2084,103.35,102.03,79.782,115.353,118.913,89.3842,88.5906,113.57,153.813,97.2977,96.3048,99.0615,95.8631,99.6259,,,1.28776e+08,7.15052e+07,2.25774e+07,3.67498e+07,3.66378e+07,1.39002e+07,1.49708e+07,1.28775e+08,1.29915e+08,2.32095e+06,2.74943e+07,2.30697e+07,8.8554e+06,3.17209e+07,5.81428e+06,5.29835e+06,1.65875e+07,7.43605e+06,1.9212e+07,6.13678e+06,9.14117e+07,,-1.383e+06
JPN,2004-01-01,1.33732e+08,7.20588e+07,2.32652e+07,3.52109e+07,3.57558e+07,1.62162e+07,1.35638e+07,1.33733e+08,1.33202e+08,1.53232e+06,3.22605e+07,2.79936e+07,7.8585e+06,2.8953e+07,6.43765e+06,8.0673e+06,1.61191e+07,7.13972e+06,1.90779e+07,5.75568e+06,9.15504e+07,150925,380300,1.33732e+08,6.3625e+07,,,,,102.968,100.589,102.474,96.5376,96.264,111.158,87.9944,102.969,101.777,83.9193,113.753,117.644,89.3379,88.6561,113.125,153.611,97.0735,95.4483,99.1697,96.1414,99.4834,,,1.29877e+08,7.16367e+07,2.27035e+07,3.64738e+07,3.71434e+07,1.45885e+07,1.54144e+07,1.29877e+08,1.30876e+08,1.82595e+06,2.83601e+07,2.37953e+07,8.79638e+06,3.26577e+07,5.69072e+06,5.25178e+06,1.66051e+07,7.4802e+06,1.92376e+07,5.98668e+06,9.20258e+07,,-1.24315e+06
JPN,2004-04-01,1.33409e+08,7.20602e+07,2.32982e+07,3.51402e+07,3.53789e+07,1.68366e+07,1.41654e+07,1.33408e+08,1.33079e+08,1.44355e+06,3.18691e+07,2.76629e+07,7.71545e+06,2.87603e+07,6.5122e+06,8.20692e+06,1.61862e+07,7.2472e+06,1.92689e+07,5.86895e+06,9.20507e+07,178975,150575,1.33409e+08,6.41763e+07,,,,,102.793,100.616,103.154,96.408,95.9177,111.857,90.3669,102.794,101.602,82.6965,112.583,116.602,88.5464,88.9104,113.564,152.505,97.1542,94.7498,99.7856,96.0749,99.6116,,,1.29783e+08,7.1619e+07,2.25858e+07,3.64495e+07,3.68846e+07,1.50519e+07,1.56754e+07,1.29782e+08,1.3098e+08,1.7456e+06,2.83073e+07,2.37243e+07,8.71345e+06,3.23475e+07,5.7344e+06,5.38142e+06,1.66603e+07,7.64878e+06,1.93103e+07,6.10872e+06,9.24096e+07,,-1.44e+06
JPN,2004-07-01,1.33984e+08,7.24171e+07,2.33948e+07,3.52076e+07,3.57031e+07,1.7178e+07,1.47094e+07,1.33986e+08,1.33799e+08,1.43898e+06,3.24264e+07,2.82196e+07,7.65032e+06,2.88875e+07,6.4691e+06,8.06422e+06,1.61829e+07,7.36482e+06,1.93364e+07,5.97822e+06,9.22832e+07,186675,700,1.33984e+08,6.43074e+07,,,,,102.667,100.405,103.107,96.3604,96.0231,113.075,91.7532,102.67,101.459,79.892,112.175,116.304,88.0636,89.1641,113.895,152.177,97.0499,94.2839,99.7819,96.1555,99.6475,,,1.30503e+08,7.21247e+07,2.26898e+07,3.65374e+07,3.71818e+07,1.51917e+07,1.60314e+07,1.30501e+08,1.31874e+08,1.80115e+06,2.89071e+07,2.42637e+07,8.68728e+06,3.23981e+07,5.67988e+06,5.29922e+06,1.66748e+07,7.81132e+06,1.93787e+07,6.21725e+06,9.26097e+07,,-1.61798e+06
JPN,2004-10-01,1.33479e+08,7.17965e+07,2.35296e+07,3.54762e+07,3.5864e+07,1.73918e+07,1.51027e+07,1.33476e+08,1.33494e+08,1.71628e+06,3.21534e+07,2.8132e+07,7.6248e+06,2.85942e+07,6.4778e+06,7.99932e+06,1.61816e+07,7.39168e+06,1.94348e+07,5.92045e+06,9.19998e+07,209925,-228200,1.33479e+08,6.42984e+07,,,,,102.672,100.443,103.666,96.0305,95.5964,113.026,91.5135,102.671,101.515,86.8901,112.357,116.759,87.5146,89.1775,113.338,152.806,96.8975,93.4833,100.208,96.1252,99.6401,,,1.30005e+08,7.14797e+07,2.26975e+07,3.69426e+07,3.7516e+07,1.53875e+07,1.65033e+07,1.30004e+08,1.31502e+08,1.97522e+06,2.86173e+07,2.4094e+07,8.7126e+06,3.20643e+07,5.71545e+06,5.23495e+06,1.66997e+07,7.90695e+06,1.93945e+07,6.1591e+06,9.23322e+07,,-1.74e+06
JPN,2005-01-01,1.33608e+08,7.22003e+07,2.34468e+07,3.57107e+07,3.59842e+07,1.70798e+07,1.51029e+07,1.33608e+08,1.33322e+08,1.54945e+06,3.20315e+07,2.78914e+07,7.21952e+06,2.87771e+07,6.56455e+06,8.09312e+06,1.64616e+07,7.49422e+06,1.93124e+07,5.81822e+06,9.25212e+07,229900,56925,1.33608e+08,6.45083e+07,,,,,102.139,100.056,102.306,96.0339,95.9167,112.093,92.0879,102.14,100.554,84.8073,109.258,113.807,88.349,89.4252,111.974,151.353,97.0005,93.4133,99.021,96.5636,99.3141,,,1.3081e+08,7.21596e+07,2.29183e+07,3.71855e+07,3.7516e+07,1.52372e+07,1.64005e+07,1.30809e+08,1.32587e+08,1.82702e+06,2.93174e+07,2.45076e+07,8.1716e+06,3.21801e+07,5.86258e+06,5.34718e+06,1.69706e+07,8.02265e+06,1.95034e+07,6.02528e+06,9.31602e+07,,-1.95068e+06
JPN,2005-04-01,1.34231e+08,7.24914e+07,2.35029e+07,3.59826e+07,3.63458e+07,1.78851e+07,1.59941e+07,1.3423e+08,1.33637e+08,1.51432e+06,3.25436e+07,2.85878e+07,7.2027e+06,2.86449e+07,6.52968e+06,8.13802e+06,1.64234e+07,7.5161e+06,1.93884e+07,5.73578e+06,9.23762e+07,310525,282300,1.34231e+08,6.50498e+07,,,,,101.638,99.7796,103.014,95.994,95.6783,112.586,95.7735,101.638,100.553,75.3002,110.721,116.375,87.3936,89.2999,112.698,150.817,96.8011,92.4583,99.5595,96.0803,99.2446,,,1.32067e+08,7.26516e+07,2.28151e+07,3.74842e+07,3.79876e+07,1.58858e+07,1.66999e+07,1.32066e+08,1.32902e+08,2.01105e+06,2.93923e+07,2.45652e+07,8.24168e+06,3.20772e+07,5.79395e+06,5.39598e+06,1.69661e+07,8.12918e+06,1.94741e+07,5.96978e+06,9.30794e+07,,-1.06062e+06
JPN,2005-07-01,1.34753e+08,7.29269e+07,2.35268e+07,3.66494e+07,3.67155e+07,1.86211e+07,1.7037e+07,1.3476e+08,1.34336e+08,1.2751e+06,3.241e+07,2.85463e+07,7.31478e+06,2.89385e+07,6.58475e+06,8.33682e+06,1.64731e+07,7.73672e+06,1.9488e+07,5.77855e+06,9.33364e+07,394875,28350,1.34753e+08,6.5489e+07,,,,,101.122,99.4603,103.258,95.8332,95.5669,113.629,99.4292,101.128,99.8381,71.945,108.331,113.952,86.5615,89.3337,112.084,149.798,96.7567,92.2692,99.7874,95.8125,99.1563,,,1.33258e+08,7.33226e+07,2.27845e+07,3.8243e+07,3.84187e+07,1.63876e+07,1.71348e+07,1.33256e+08,1.34554e+08,1.77232e+06,2.99175e+07,2.5051e+07,8.45038e+06,3.23938e+07,5.87485e+06,5.56538e+06,1.70252e+07,8.38495e+06,1.95295e+07,6.0311e+06,9.41306e+07,,-1.55808e+06
JPN,2005-10-01,1.34891e+08,7.30351e+07,2.35979e+07,3.62382e+07,3.62644e+07,1.98912e+07,1.78977e+07,1.34888e+08,1.34545e+08,1.32975e+06,3.21564e+07,2.8327e+07,7.37212e+06,2.88826e+07,6.50052e+06,8.5275e+06,1.65312e+07,7.9411e+06,1.94964e+07,5.8078e+06,9.3687e+07,471075,-128650,1.34891e+08,6.59871e+07,,,,,100.942,99.4461,103.059,96.022,95.5847,117.276,104.226,100.941,99.4082,72.5995,106.866,112.396,86.3901,89.3785,110.573,148.79,96.9747,92.3827,99.5537,96.0122,99.0203,,,1.33632e+08,7.3442e+07,2.28975e+07,3.77395e+07,3.79396e+07,1.6961e+07,1.7172e+07,1.33631e+08,1.35346e+08,1.83162e+06,3.00905e+07,2.52029e+07,8.53352e+06,3.23149e+07,5.87895e+06,5.73125e+06,1.70469e+07,8.59588e+06,1.95838e+07,6.04902e+06,9.4614e+07,,-1.9811e+06
JPN,2006-01-01,1.34702e+08,7.32411e+07,2.34528e+07,3.64171e+07,3.64537e+07,2.02716e+07,1.87174e+07,1.34696e+08,1.34439e+08,1.35622e+06,3.2129e+07,2.8388e+07,7.47832e+06,2.87052e+07,6.5828e+06,8.25018e+06,1.66338e+07,8.0411e+06,1.93646e+07,5.89792e+06,9.34756e+07,530325,-274025,1.34702e+08,6.60141e+07,,,,,100.722,99.7249,102.736,96.2459,96.0008,116.84,107.098,100.718,99.3294,73.8313,106.355,112.347,87.3315,89.5473,110.15,148.017,97.2245,92.2055,99.1297,95.6842,98.8679,,,1.33736e+08,7.34432e+07,2.28283e+07,3.78376e+07,3.79723e+07,1.73498e+07,1.74769e+07,1.33735e+08,1.35347e+08,1.83692e+06,3.02092e+07,2.52681e+07,8.56315e+06,3.2056e+07,5.97622e+06,5.5738e+06,1.71087e+07,8.72085e+06,1.95346e+07,6.16395e+06,9.4546e+07,,-1.89648e+06
JPN,2006-04-01,1.34782e+08,7.33932e+07,2.3456e+07,3.6636e+07,3.63919e+07,2.04949e+07,1.89539e+07,1.34789e+08,1.33766e+08,1.39122e+06,3.19722e+07,2.81994e+07,7.3612e+06,2.80974e+07,6.5348e+06,7.97378e+06,1.68318e+07,8.19672e+06,1.954e+07,5.86652e+06,9.30411e+07,498900,523950,1.34782e+08,6.63806e+07,,,,,100.504,99.5957,102.285,96.4036,96.0742,116.162,107.044,100.51,98.9635,75.3541,105.047,110.601,86.9563,89.5934,109.568,146.447,97.4285,92.4429,98.798,95.7706,98.753,,,1.34107e+08,7.36912e+07,2.2932e+07,3.80027e+07,3.7879e+07,1.76434e+07,1.77066e+07,1.34105e+08,1.35167e+08,1.84625e+06,3.04362e+07,2.54966e+07,8.4654e+06,3.13611e+07,5.96418e+06,5.44482e+06,1.7276e+07,8.8668e+06,1.97778e+07,6.1256e+06,9.42159e+07,,-1.33978e+06
JPN,2006-07-01,1.34577e+08,7.29328e+07,2.3421e+07,3.63436e+07,3.6578e+07,2.12419e+07,1.95962e+07,1.34583e+08,1.34174e+08,1.42968e+06,3.21599e+07,2.8422e+07,7.3139e+06,2.81886e+07,6.52705e+06,7.79482e+06,1.69751e+07,8.34172e+06,1.95386e+07,5.90445e+06,9.32704e+07,472525,-63600,1.34577e+08,6.66157e+07,,,,,100.365,99.7588,102.03,96.5002,96.1772,118.193,110.746,100.37,98.7469,77.1911,104.121,109.667,86.9445,89.7853,109.034,145.223,97.6265,92.5614,98.4993,95.9742,98.7166,,,1.34089e+08,7.31091e+07,2.29549e+07,3.76618e+07,3.80319e+07,1.79722e+07,1.76947e+07,1.34087e+08,1.35877e+08,1.85212e+06,3.08871e+07,2.59165e+07,8.41215e+06,3.13956e+07,5.98628e+06,5.3675e+06,1.73878e+07,9.0121e+06,1.98363e+07,6.15212e+06,9.4483e+07,,-1.9899e+06
JPN,2006-10-01,1.36509e+08,7.39093e+07,2.33586e+07,3.69098e+07,3.71067e+07,2.1706e+07,1.95715e+07,1.36501e+08,1.3602e+08,1.41028e+06,3.32615e+07,2.93603e+07,7.3971e+06,2.84362e+07,6.68828e+06,7.82988e+06,1.69417e+07,8.49692e+06,1.95696e+07,5.98898e+06,9.39516e+07,498325,-17475,1.36509e+08,6.70083e+07,,,,,100.456,99.5217,101.796,96.6231,96.4157,119.333,110.567,100.451,99.024,74.7086,105.28,110.55,86.9574,90.0867,108.738,143.876,97.8767,92.6161,98.5511,96.5391,98.8119,,,1.35889e+08,7.42645e+07,2.29465e+07,3.81998e+07,3.84862e+07,1.81894e+07,1.7701e+07,1.35889e+08,1.37361e+08,1.8877e+06,3.15933e+07,2.65584e+07,8.50658e+06,3.15653e+07,6.1508e+06,5.4421e+06,1.73092e+07,9.17435e+06,1.98574e+07,6.20368e+06,9.50812e+07,,-1.68232e+06
JPN,2007-01-01,1.367e+08,7.34864e+07,2.33228e+07,3.68881e+07,3.75095e+07,2.24718e+07,2.00908e+07,1.36695e+08,1.35965e+08,1.41402e+06,3.30524e+07,2.95102e+07,7.37132e+06,2.8452e+07,6.67148e+06,7.96912e+06,1.67804e+07,8.64792e+06,1.95487e+07,6.05748e+06,9.41271e+07,404550,325300,1.367e+08,6.66819e+07,,,,,99.8788,99.2619,101.072,95.8248,95.5966,120.664,112.56,99.8751,98.5341,72.1985,104.57,110.085,85.5812,90.3084,108.682,140.684,98.2012,92.648,97.7228,96.6012,98.508,,,1.36866e+08,7.40329e+07,2.30755e+07,3.84954e+07,3.92373e+07,1.86234e+07,1.7849e+07,1.36866e+08,1.37987e+08,1.95852e+06,3.16079e+07,2.68067e+07,8.61325e+06,3.15053e+07,6.1385e+06,5.66455e+06,1.70878e+07,9.33418e+06,2.00042e+07,6.2706e+06,9.55527e+07,,-1.30658e+06
JPN,2007-04-01,1.36925e+08,7.41232e+07,2.36625e+07,3.64836e+07,3.67664e+07,2.33224e+07,2.09493e+07,1.36937e+08,1.36457e+08,1.32578e+06,3.33774e+07,2.97694e+07,7.3419e+06,2.84023e+07,6.59205e+06,7.9486e+06,1.68164e+07,8.8646e+06,1.96711e+07,6.11698e+06,9.4412e+07,492900,-12575,1.36925e+08,6.70524e+07,,,,,99.887,99.2522,101.564,96.1484,95.9415,122.346,115.578,99.8977,98.3704,67.0083,104.127,109.696,84.722,90.3853,107.688,140.746,98.3346,92.2409,98.2817,96.8726,98.5933,,,1.3708e+08,7.46817e+07,2.32981e+07,3.79451e+07,3.83216e+07,1.90626e+07,1.81256e+07,1.37078e+08,1.38718e+08,1.97852e+06,3.20545e+07,2.71382e+07,8.66588e+06,3.14236e+07,6.12142e+06,5.64748e+06,1.71012e+07,9.61028e+06,2.00151e+07,6.31445e+06,9.57591e+07,,-1.84522e+06
JPN,2007-07-01,1.35402e+08,7.32443e+07,2.35266e+07,3.56121e+07,3.59546e+07,2.35658e+07,2.08895e+07,1.354e+08,1.35346e+08,1.40975e+06,3.31102e+07,2.9512e+07,7.17322e+06,2.798e+07,6.63428e+06,7.80822e+06,1.66259e+07,9.0067e+06,1.95781e+07,6.01982e+06,9.3653e+07,453400,-399200,1.35402e+08,6.68239e+07,,,,,99.4276,99.2232,101.149,96.1284,95.7254,120.62,116.24,99.4287,98.1743,70.9505,103,108.406,85.5672,90.3773,108.081,140.027,98.6538,91.9821,97.7995,96.4024,98.4684,,,1.36181e+08,7.38177e+07,2.32594e+07,3.70464e+07,3.75601e+07,1.95373e+07,1.7971e+07,1.36178e+08,1.37863e+08,1.98695e+06,3.21459e+07,2.72235e+07,8.38315e+06,3.09591e+07,6.13822e+06,5.57622e+06,1.68528e+07,9.7918e+06,2.00186e+07,6.24448e+06,9.51097e+07,,-1.88018e+06
JPN,2007-10-01,1.35605e+08,7.39047e+07,2.38188e+07,3.51634e+07,3.58348e+07,2.38633e+07,2.18169e+07,1.35596e+08,1.35269e+08,1.40725e+06,3.30628e+07,2.96675e+07,6.88752e+06,2.80081e+07,6.57705e+06,7.66785e+06,1.66998e+07,9.1896e+06,1.97959e+07,5.97342e+06,9.39117e+07,526325,-199925,1.35605e+08,6.7193e+07,,,,,99.0168,99.6022,101.456,96.3187,96.049,118.637,119.776,99.0101,97.799,68.8605,101.376,107.165,86.1207,90.1333,107.523,139.66,98.859,91.6924,98.0525,95.944,98.3679,,,1.36951e+08,7.41999e+07,2.3477e+07,3.65073e+07,3.73088e+07,2.01146e+07,1.82148e+07,1.36951e+08,1.38314e+08,2.04362e+06,3.26141e+07,2.7684e+07,7.99752e+06,3.10741e+07,6.11685e+06,5.49038e+06,1.68926e+07,1.00222e+07,2.01891e+07,6.22595e+06,9.54699e+07,,-1.56568e+06
JPN,2008-01-01,1.35661e+08,7.41418e+07,2.37997e+07,3.55463e+07,3.60232e+07,2.38344e+07,2.21378e+07,1.35664e+08,1.34467e+08,1.3362e+06,3.28319e+07,2.94218e+07,6.91825e+06,2.82829e+07,6.76608e+06,6.72905e+06,1.6583e+07,9.3614e+06,1.97097e+07,5.9482e+06,9.33803e+07,521025,675950,1.35661e+08,6.71838e+07,,,,,98.8539,99.7591,101.607,97.123,96.8632,115.6,120.016,98.8537,97.3887,60.543,98.7928,105.178,89.3583,90.5804,107.982,139.149,99.0031,91.6854,98.0672,94.8778,98.4132,,,1.37234e+08,7.43209e+07,2.34232e+07,3.65992e+07,3.71897e+07,2.0618e+07,1.84457e+07,1.37237e+08,1.38072e+08,2.20702e+06,3.32331e+07,2.79734e+07,7.74215e+06,3.12241e+07,6.26592e+06,4.83588e+06,1.675e+07,1.02104e+07,2.00982e+07,6.26932e+06,9.4886e+07,,-1.0058e+06
JPN,2008-04-01,1.34794e+08,7.3559e+07,2.35578e+07,3.54332e+07,3.65596e+07,2.38182e+07,2.27003e+07,1.34809e+08,1.3404e+08,1.39498e+06,3.20623e+07,2.89191e+07,6.87412e+06,2.89436e+07,6.6467e+06,6.31745e+06,1.6705e+07,9.50318e+06,1.96729e+07,5.91958e+06,9.37084e+07,569400,199450,1.34794e+08,6.76634e+07,,,,,98.6905,100.036,101.735,97.5897,97.4633,117.909,126.574,98.7039,97.1055,63.6154,96.603,103.327,87.1466,91.6051,106.228,136.832,99.6748,92.6285,98.2315,94.9555,98.7934,,,1.36583e+08,7.35328e+07,2.3156e+07,3.63084e+07,3.75111e+07,2.02004e+07,1.79344e+07,1.36579e+08,1.38035e+08,2.19282e+06,3.31897e+07,2.79878e+07,7.888e+06,3.1596e+07,6.257e+06,4.61692e+06,1.67595e+07,1.02594e+07,2.00271e+07,6.23405e+06,9.48529e+07,,-1.61092e+06
JPN,2008-07-01,1.3223e+08,7.36376e+07,2.34026e+07,3.54386e+07,3.51805e+07,2.45742e+07,2.45646e+07,1.32217e+08,1.32299e+08,1.30092e+06,3.13388e+07,2.84805e+07,7.05308e+06,2.82004e+07,6.60745e+06,6.12468e+06,1.66877e+07,9.49618e+06,1.954e+07,5.9501e+06,9.26066e+07,708775,-790875,1.3223e+08,6.69143e+07,,,,,97.9014,100.359,100.951,97.9896,97.4549,121.581,136.601,97.8945,96.6891,59.3582,95.2445,102.824,87.3005,92.3452,105.774,136.313,99.8264,92.154,97.2479,95.1921,98.7538,,,1.35065e+08,7.33742e+07,2.3182e+07,3.61657e+07,3.60993e+07,2.02121e+07,1.79827e+07,1.35061e+08,1.3683e+08,2.19165e+06,3.29036e+07,2.76982e+07,8.07908e+06,3.05381e+07,6.24678e+06,4.4931e+06,1.67167e+07,1.03047e+07,2.0093e+07,6.25062e+06,9.37752e+07,,-1.9611e+06
JPN,2008-10-01,1.30778e+08,7.21166e+07,2.35834e+07,3.42833e+07,3.6028e+07,1.89345e+07,1.98841e+07,1.30769e+08,1.30502e+08,1.4386e+06,3.0728e+07,2.67686e+07,7.19798e+06,2.69766e+07,6.5057e+06,5.86558e+06,1.66326e+07,9.51658e+06,1.96922e+07,5.9486e+06,9.11379e+07,366250,-99300,1.30778e+08,6.65287e+07,,,,,99.1839,99.6678,101.406,97.1388,96.5262,107.165,108.524,99.1769,97.9329,67.1474,100.328,104.511,87.1404,92.4643,105.856,133.826,100.174,91.0705,98.0807,93.4081,98.6561,,,1.31855e+08,7.2357e+07,2.32565e+07,3.52931e+07,3.73246e+07,1.76685e+07,1.83224e+07,1.31855e+08,1.33257e+08,2.14245e+06,3.06276e+07,2.56132e+07,8.2602e+06,2.91752e+07,6.14582e+06,4.383e+06,1.66038e+07,1.04497e+07,2.00775e+07,6.3684e+06,9.23794e+07,,-1.56952e+06
JPN,2009-01-01,1.25028e+08,7.14856e+07,2.35924e+07,3.21789e+07,3.09726e+07,1.3375e+07,1.43976e+07,1.25041e+08,1.24449e+08,1.35908e+06,2.65024e+07,2.23183e+07,7.13725e+06,2.57637e+07,6.48542e+06,5.91702e+06,1.64616e+07,9.231e+06,1.97835e+07,5.80795e+06,8.94502e+07,349875,241800,1.25028e+08,6.52111e+07,,,,,99.2258,98.1859,100.881,96.5289,95.5843,101.6,93.6506,99.2334,98.1647,66.1946,103.245,104.196,90.0506,91.3973,105.671,130.725,100.122,91.286,97.9007,93.62,98.1224,,,1.26004e+08,7.28064e+07,2.33863e+07,3.3336e+07,3.24035e+07,1.31643e+07,1.53738e+07,1.26007e+08,1.26776e+08,2.05315e+06,2.56694e+07,2.14196e+07,7.92582e+06,2.81887e+07,6.13735e+06,4.5263e+06,1.64414e+07,1.01122e+07,2.02077e+07,6.20375e+06,9.11618e+07,,-1.1072e+06
JPN,2009-04-01,1.2564e+08,7.11102e+07,2.36934e+07,3.1192e+07,3.00632e+07,1.47312e+07,1.39584e+07,1.25645e+08,1.2484e+08,1.3853e+06,2.7367e+07,2.34688e+07,7.19738e+06,2.58135e+07,6.42725e+06,5.90342e+06,1.63095e+07,8.99515e+06,1.96437e+07,5.79818e+06,8.88906e+07,326975,477725,1.2564e+08,6.3423e+07,,,,,98.6035,98.1581,100.069,95.2813,95.1361,102.568,95.0466,98.6096,97.7944,68.0879,104.592,107.398,86.5137,90.8512,104.558,129.817,100.2,90.7435,96.909,93.9482,97.5862,,,1.27419e+08,7.24445e+07,2.3677e+07,3.27368e+07,3.16002e+07,1.43624e+07,1.46858e+07,1.27417e+08,1.27656e+08,2.03458e+06,2.61656e+07,2.18522e+07,8.31935e+06,2.84129e+07,6.14705e+06,4.5475e+06,1.62769e+07,9.91272e+06,2.02702e+07,6.17168e+06,9.10893e+07,,-495425
JPN,2009-07-01,1.23809e+08,7.03548e+07,2.39346e+07,3.00444e+07,2.85632e+07,1.61711e+07,1.52144e+07,1.23796e+08,1.23789e+08,1.3394e+06,2.74471e+07,2.4058e+07,6.62445e+06,2.58774e+07,6.23805e+06,5.78252e+06,1.62791e+07,8.80928e+06,1.97018e+07,5.68978e+06,8.83779e+07,441200,-434000,1.23809e+08,6.3492e+07,,,,,97.7991,97.3343,100.115,94.7199,95.0954,102.712,98.3729,97.7936,96.9356,68.0563,101.172,105.394,86.8282,90.5321,104.158,127.9,100.081,90.4346,97.1102,94.0641,97.3651,,,1.26596e+08,7.22816e+07,2.39072e+07,3.17192e+07,3.00364e+07,1.5744e+07,1.5466e+07,1.26589e+08,1.27702e+08,1.96808e+06,2.71293e+07,2.28266e+07,7.62938e+06,2.85837e+07,5.989e+06,4.52112e+06,1.62659e+07,9.74105e+06,2.02881e+07,6.04882e+06,9.07695e+07,,-1.46902e+06
JPN,2009-10-01,1.25038e+08,7.09798e+07,2.39371e+07,2.98892e+07,2.86657e+07,1.71706e+07,1.57152e+07,1.25032e+08,1.24934e+08,1.29715e+06,2.86486e+07,2.5272e+07,6.56625e+06,2.58045e+07,6.26552e+06,5.75102e+06,1.64416e+07,8.7402e+06,1.97116e+07,5.7075e+06,8.84219e+07,476900,-378525,1.25038e+08,6.32279e+07,,,,,97.2139,97.0106,99.8743,94.6343,94.762,101.722,99.3272,97.2094,96.4038,63.7451,99.8458,104.486,86.7725,90.6127,103.573,126.451,99.8083,89.9244,96.7789,93.8737,97.09,,,1.28622e+08,7.3167e+07,2.39672e+07,3.15839e+07,3.02502e+07,1.688e+07,1.58216e+07,1.28622e+08,1.29594e+08,2.0349e+06,2.86929e+07,2.41869e+07,7.5672e+06,2.84778e+07,6.0494e+06,4.54802e+06,1.64732e+07,9.7195e+06,2.03676e+07,6.07998e+06,9.10721e+07,,-1.32082e+06
JPN,2010-01-01,1.26392e+08,7.12351e+07,2.38824e+07,3.0212e+07,2.94071e+07,1.83211e+07,1.6454e+07,1.26409e+08,1.25991e+08,1.31722e+06,2.99496e+07,2.64594e+07,6.53915e+06,2.59871e+07,6.19998e+06,5.8312e+06,1.6127e+07,8.82288e+06,1.95166e+07,5.7e+06,8.81847e+07,519850,-101425,1.26392e+08,6.35098e+07,,,,,97.0665,96.7501,100.397,94.5897,94.6821,102.46,101.046,97.0762,96.2019,67.4704,98.755,103.504,85.4841,90.7669,103.57,128.359,99.4308,89.4833,97.5209,93.8094,97.2246,,,1.30212e+08,7.36279e+07,2.3788e+07,3.19401e+07,3.10588e+07,1.78813e+07,1.62837e+07,1.30216e+08,1.30965e+08,1.9523e+06,3.03271e+07,2.55638e+07,7.64955e+06,2.86306e+07,5.98625e+06,4.5429e+06,1.62193e+07,9.8598e+06,2.00127e+07,6.07615e+06,9.0702e+07,,-1.10128e+06
JPN,2010-04-01,1.275e+08,7.17524e+07,2.42389e+07,3.00103e+07,2.98007e+07,1.90857e+07,1.73776e+07,1.275e+08,1.26917e+08,1.39768e+06,3.02738e+07,2.67066e+07,6.3047e+06,2.61557e+07,6.29015e+06,5.83525e+06,1.62996e+07,8.76995e+06,1.98242e+07,5.76618e+06,8.8941e+07,523850,58450,1.275e+08,6.31762e+07,,,,,96.5811,96.5592,99.8428,94.5687,94.2312,101.813,101.728,96.5821,95.6824,75.046,97.205,101.185,85.7077,90.5396,103.013,127.332,98.9612,88.7901,97.2098,93.7224,96.8326,,,1.32013e+08,7.43092e+07,2.4277e+07,3.17338e+07,3.16251e+07,1.87458e+07,1.70825e+07,1.32012e+08,1.32644e+08,1.86242e+06,3.11442e+07,2.63938e+07,7.35605e+06,2.88887e+07,6.10618e+06,4.5827e+06,1.64708e+07,9.87718e+06,2.03932e+07,6.1524e+06,9.18503e+07,,-977600
JPN,2010-07-01,1.2885e+08,7.2119e+07,2.43361e+07,3.01049e+07,3.0634e+07,1.90731e+07,1.73124e+07,1.28845e+08,1.28304e+08,1.4755e+06,3.09524e+07,2.70954e+07,6.44698e+06,2.64362e+07,6.32192e+06,5.76275e+06,1.64076e+07,8.7429e+06,1.99464e+07,5.8116e+06,8.94294e+07,502950,37600,1.2885e+08,6.31192e+07,,,,,95.9435,95.5504,99.8733,94.4615,94.3411,99.0255,99.4878,95.9467,95.4614,74.2689,96.4745,99.7282,87.4911,90.2888,103.093,125.846,98.8233,88.5539,97.4243,93.4514,96.6661,,,1.34298e+08,7.54774e+07,2.4367e+07,3.187e+07,3.24716e+07,1.92608e+07,1.74016e+07,1.34288e+08,1.34404e+08,1.9867e+06,3.20835e+07,2.71693e+07,7.36872e+06,2.92797e+07,6.13228e+06,4.5792e+06,1.6603e+07,9.87298e+06,2.04737e+07,6.21885e+06,9.25137e+07,,-494525
JPN,2010-10-01,1.27576e+08,7.13382e+07,2.42802e+07,2.98863e+07,3.04939e+07,1.9023e+07,1.75595e+07,1.27562e+08,1.27393e+08,1.47e+06,3.01323e+07,2.6365e+07,6.6355e+06,2.63324e+07,6.26062e+06,5.76582e+06,1.64923e+07,8.6522e+06,1.98598e+07,5.79208e+06,8.91552e+07,381500,-212350,1.27576e+08,6.28026e+07,,,,,95.8239,95.9753,99.1184,94.2463,94.1695,98.4071,100.181,95.8146,95.2002,76.3389,96.1427,99.3841,88.0565,90.2036,102.815,125.779,98.4118,88.1053,96.5464,93.6574,96.3153,,,1.33136e+08,7.43297e+07,2.44962e+07,3.17108e+07,3.23819e+07,1.9331e+07,1.75278e+07,1.33134e+08,1.33816e+08,1.92562e+06,3.13412e+07,2.65284e+07,7.5355e+06,2.91922e+07,6.0892e+06,4.5841e+06,1.67584e+07,9.8203e+06,2.05702e+07,6.18432e+06,9.25659e+07,,-852600
JPN,2011-01-01,1.25395e+08,6.98472e+07,2.46056e+07,3.01668e+07,3.0423e+07,1.89431e+07,1.84243e+07,1.25408e+08,1.24693e+08,1.40638e+06,2.79965e+07,2.49566e+07,6.54262e+06,2.5843e+07,6.1675e+06,5.61845e+06,1.65727e+07,8.91355e+06,2.00316e+07,5.60028e+06,8.87471e+07,568550,147150,1.25395e+08,6.31664e+07,,,,,95.5628,95.9788,99.7468,94.3257,94.4076,98.8868,103.921,95.5678,94.6629,71.6752,93.9678,98.2775,88.7728,90.1032,102.98,124.209,98.1119,88.5891,97.3748,92.749,96.2818,,,1.31217e+08,7.27736e+07,2.46681e+07,3.19815e+07,3.22252e+07,1.91564e+07,1.77291e+07,1.31224e+08,1.31723e+08,1.96215e+06,2.97937e+07,2.53941e+07,7.37008e+06,2.86816e+07,5.98905e+06,4.5234e+06,1.68916e+07,1.00617e+07,2.05717e+07,6.0381e+06,9.21744e+07,,-782575
JPN,2011-04-01,1.23581e+08,7.04811e+07,2.46206e+07,2.99633e+07,3.00067e+07,1.74456e+07,1.89729e+07,1.23582e+08,1.22738e+08,1.31968e+06,2.65447e+07,2.36412e+07,6.38865e+06,2.58292e+07,6.14315e+06,5.51785e+06,1.63862e+07,9.01775e+06,1.99374e+07,5.65388e+06,8.84854e+07,767425,76475,1.23581e+08,6.3297e+07,,,,,94.7822,95.7288,99.5515,94.0922,94.1291,98.4268,107.47,94.7826,93.9059,66.6166,92.0072,96.3752,88.356,90.0198,101.831,123.076,97.8476,88.1867,96.9641,92.7085,95.9408,,,1.30384e+08,7.36258e+07,2.47315e+07,3.18446e+07,3.18782e+07,1.77245e+07,1.7654e+07,1.30385e+08,1.30704e+08,1.981e+06,2.88507e+07,2.45304e+07,7.23058e+06,2.86928e+07,6.0327e+06,4.48328e+06,1.67466e+07,1.02258e+07,2.05617e+07,6.09855e+06,9.22291e+07,,-695725
JPN,2011-07-01,1.26138e+08,7.10154e+07,2.46896e+07,3.03191e+07,3.10756e+07,1.90322e+07,1.96749e+07,1.26145e+08,1.26038e+08,1.37758e+06,2.82717e+07,2.5309e+07,6.44422e+06,2.70022e+07,6.18142e+06,5.51098e+06,1.63938e+07,9.11275e+06,1.99892e+07,5.75438e+06,8.99448e+07,683625,-576950,1.26138e+08,6.29955e+07,,,,,94.4712,95.5028,99.4,94.2486,93.9597,98.234,107.853,94.4865,93.8826,68.2585,91.9661,96.0768,88.7283,90.1392,102.288,121.853,97.5338,88.0606,96.8534,92.6213,95.8523,,,1.3352e+08,7.43594e+07,2.48387e+07,3.21693e+07,3.30733e+07,1.93744e+07,1.82423e+07,1.33506e+08,1.34251e+08,2.01818e+06,3.07415e+07,2.63425e+07,7.26288e+06,2.99561e+07,6.04315e+06,4.52265e+06,1.68084e+07,1.03483e+07,2.06386e+07,6.2128e+06,9.38368e+07,,-1.05508e+06
JPN,2011-10-01,1.26302e+08,7.18658e+07,2.47394e+07,3.12466e+07,3.121e+07,1.81587e+07,1.9672e+07,1.26277e+08,1.25318e+08,1.44258e+06,2.78595e+07,2.479e+07,6.40655e+06,2.66739e+07,6.22068e+06,5.41475e+06,1.6427e+07,9.0759e+06,1.99663e+07,5.83102e+06,8.96095e+07,673625,284875,1.26302e+08,6.33274e+07,,,,,94.5667,95.6316,99.2577,94.0997,94.2213,96.1501,105.823,94.5523,93.752,72.1712,91.7596,95.3871,88.8577,89.5934,102.323,119.764,97.3381,87.9633,96.8026,92.5218,95.5154,,,1.33558e+08,7.51486e+07,2.49244e+07,3.32058e+07,3.31241e+07,1.88858e+07,1.85895e+07,1.33552e+08,1.3367e+08,1.99882e+06,3.03614e+07,2.59889e+07,7.2099e+06,2.97722e+07,6.07945e+06,4.52118e+06,1.68762e+07,1.03178e+07,2.06258e+07,6.30232e+06,9.38168e+07,,-434975
JPN,2012-01-01,1.28021e+08,7.20178e+07,2.5034e+07,3.13972e+07,3.23819e+07,1.86245e+07,2.00373e+07,1.28034e+08,1.27069e+08,1.53768e+06,2.86053e+07,2.59429e+07,6.53758e+06,2.70837e+07,6.1563e+06,5.4602e+06,1.64335e+07,9.00782e+06,2.03445e+07,5.90262e+06,9.03886e+07,653975,310575,1.28021e+08,6.35941e+07,,,,,94.4369,95.6074,99.4056,94.0036,93.9936,95.6757,106.099,94.4325,93.8194,76.2055,91.6831,95.5631,87.4434,89.5524,102.371,119.789,96.9942,88.7785,96.8487,92.1454,95.4631,,,1.35562e+08,7.53266e+07,2.51837e+07,3.34e+07,3.44512e+07,1.94663e+07,1.88855e+07,1.35582e+08,1.3544e+08,2.0178e+06,3.12002e+07,2.71474e+07,7.47635e+06,3.02434e+07,6.0137e+06,4.55818e+06,1.69428e+07,1.01464e+07,2.10065e+07,6.40578e+06,9.46844e+07,,-126725
JPN,2012-04-01,1.26231e+08,7.19744e+07,2.47638e+07,3.14292e+07,3.15725e+07,1.83509e+07,2.04308e+07,1.26236e+08,1.25526e+08,1.446e+06,2.7776e+07,2.52016e+07,6.68555e+06,2.68157e+07,6.11282e+06,5.33882e+06,1.64512e+07,8.93285e+06,2.01721e+07,5.7953e+06,8.96187e+07,696050,13225,1.26231e+08,6.30974e+07,,,,,93.9709,95.3163,98.4541,93.8247,93.6936,95.1397,105.853,93.9771,93.5376,75.817,91.1189,94.9151,88.4195,89.7795,102.005,116.217,97.1347,87.5877,96.3079,91.8657,95.0946,,,1.3433e+08,7.55111e+07,2.51526e+07,3.34978e+07,3.36976e+07,1.92884e+07,1.9301e+07,1.34326e+08,1.34199e+08,1.90722e+06,3.04832e+07,2.65517e+07,7.56118e+06,2.98684e+07,5.9927e+06,4.59385e+06,1.69364e+07,1.01988e+07,2.09454e+07,6.30845e+06,9.42417e+07,,-197975
JPN,2012-07-01,1.25651e+08,7.15215e+07,2.49188e+07,3.1164e+07,3.14239e+07,1.77572e+07,1.99699e+07,1.25664e+08,1.25257e+08,1.37252e+06,2.74049e+07,2.46781e+07,6.65488e+06,2.67936e+07,6.12342e+06,5.28818e+06,1.65039e+07,8.99302e+06,2.02865e+07,5.8359e+06,8.98246e+07,673925,-267100,1.25651e+08,6.32783e+07,,,,,93.9015,94.5696,98.7529,93.4422,93.4195,95.5902,103.739,93.9229,93.6474,69.4756,92.3697,95.6873,87.6966,89.6335,101.974,113.998,97.0188,87.7103,96.7017,92.1343,95.0331,,,1.33812e+08,7.56284e+07,2.52334e+07,3.3351e+07,3.36374e+07,1.85764e+07,1.92501e+07,1.33795e+08,1.33754e+08,1.97555e+06,2.96687e+07,2.57904e+07,7.58852e+06,2.98924e+07,6.0049e+06,4.63885e+06,1.7011e+07,1.02531e+07,2.09784e+07,6.33412e+06,9.45192e+07,,-296750
JPN,2012-10-01,1.25628e+08,7.21048e+07,2.50467e+07,3.11481e+07,3.09595e+07,1.74154e+07,1.98986e+07,1.25597e+08,1.2484e+08,1.3806e+06,2.67393e+07,2.38584e+07,6.66892e+06,2.67757e+07,6.03372e+06,5.33798e+06,1.65352e+07,9.16225e+06,2.03464e+07,5.8602e+06,9.00514e+07,692400,64425,1.25628e+08,6.30038e+07,,,,,93.9386,94.8573,98.5555,93.5374,93.5696,97.0116,106.001,93.9245,93.6221,71.5643,92.8877,95.7012,87.8328,89.5137,101.469,112.176,96.8605,87.798,96.6711,92.5797,94.8672,,69.9322,1.33734e+08,7.6014e+07,2.54138e+07,3.33001e+07,3.30871e+07,1.79519e+07,1.8772e+07,1.33721e+08,1.33345e+08,1.92918e+06,2.87867e+07,2.49301e+07,7.59275e+06,2.99124e+07,5.9464e+06,4.75858e+06,1.70711e+07,1.04356e+07,2.1047e+07,6.3299e+06,9.49236e+07,,92125
JPN,2013-01-01,1.27077e+08,7.32206e+07,2.51431e+07,3.12998e+07,3.12988e+07,1.9059e+07,2.16446e+07,1.27093e+08,1.25935e+08,1.33362e+06,2.65737e+07,2.39529e+07,6.80892e+06,2.71144e+07,6.11545e+06,5.6079e+06,1.66886e+07,9.26978e+06,2.05576e+07,5.86505e+06,9.12187e+07,812675,344925,1.27077e+08,6.33957e+07,,,,,93.8542,94.8239,99.123,94.5833,94.5021,102.859,114.771,93.8441,93.316,69.5167,91.3543,95.7571,90.2714,89.3932,101.038,108.77,96.6907,88.9703,97.0825,93.6199,94.836,,174.205,1.35398e+08,7.72174e+07,2.53656e+07,3.30923e+07,3.31197e+07,1.85292e+07,1.8859e+07,1.35429e+08,1.34955e+08,1.91842e+06,2.90886e+07,2.50142e+07,7.54272e+06,3.03316e+07,6.05265e+06,5.15575e+06,1.72598e+07,1.0419e+07,2.11753e+07,6.26475e+06,9.61857e+07,,198000
JPN,2013-04-01,1.28286e+08,7.36549e+07,2.52615e+07,3.24316e+07,3.18861e+07,2.02015e+07,2.27178e+07,1.28294e+08,1.27179e+08,1.3003e+06,2.71979e+07,2.44654e+07,7.17595e+06,2.74106e+07,6.07678e+06,5.73915e+06,1.67599e+07,9.44695e+06,2.03246e+07,5.7464e+06,9.15044e+07,834300,280700,1.28286e+08,6.3813e+07,,,,,93.7555,94.7498,98.3479,94.6763,94.6145,105.461,116.662,93.7691,93.0662,67.8291,91.7896,95.7216,89.9481,89.4019,99.5621,109.035,96.4867,88.5765,96.2931,93.7056,94.506,,,1.36831e+08,7.77362e+07,2.56858e+07,3.42553e+07,3.37011e+07,1.91555e+07,1.94732e+07,1.36819e+08,1.36654e+08,1.91702e+06,2.96307e+07,2.55588e+07,7.97788e+06,3.06599e+07,6.1035e+06,5.2636e+06,1.73702e+07,1.06653e+07,2.11071e+07,6.1324e+06,9.68239e+07,,-124525
JPN,2013-07-01,1.29732e+08,7.4133e+07,2.53424e+07,3.34676e+07,3.3295e+07,2.05239e+07,2.35628e+07,1.29737e+08,1.28986e+08,1.43545e+06,2.82351e+07,2.5169e+07,7.50785e+06,2.7278e+07,6.1673e+06,5.5495e+06,1.6871e+07,9.61298e+06,2.03758e+07,5.953e+06,9.18076e+07,843450,-92700,1.29732e+08,6.34524e+07,,,,,93.9156,94.8824,98.5748,95.0721,95.0717,107.262,118.765,93.9326,93.4306,74.0553,93.2402,96.3397,89.9691,89.2797,100.225,108.156,96.2001,88.9119,96.3302,94.068,94.4937,,,1.38136e+08,7.81315e+07,2.57088e+07,3.52023e+07,3.5021e+07,1.91343e+07,1.98399e+07,1.38117e+08,1.38055e+08,1.93835e+06,3.02821e+07,2.61252e+07,8.34492e+06,3.05535e+07,6.15342e+06,5.131e+06,1.75374e+07,1.08118e+07,2.1152e+07,6.3284e+06,9.71574e+07,,-178100
JPN,2013-10-01,1.29724e+08,7.43027e+07,2.52965e+07,3.42034e+07,3.4215e+07,2.04782e+07,2.45679e+07,1.29696e+08,1.29354e+08,1.46165e+06,2.83048e+07,2.51764e+07,7.77465e+06,2.72979e+07,6.14108e+06,5.56452e+06,1.69868e+07,9.6174e+06,2.02714e+07,5.9335e+06,9.18126e+07,886875,-545075,1.29724e+08,6.38511e+07,,,,,94.0429,95.331,98.1945,95.6569,95.7321,107.501,120.242,94.035,93.4689,76.6848,93.5126,96.4429,90.5743,89.3397,99.3641,107.349,96.1661,89.129,95.9616,94.2828,94.3609,,,1.37942e+08,7.79418e+07,2.57616e+07,3.57563e+07,3.57404e+07,1.90492e+07,2.04321e+07,1.37923e+08,1.38392e+08,1.90605e+06,3.02685e+07,2.61049e+07,8.58372e+06,3.05551e+07,6.18038e+06,5.1836e+06,1.7664e+07,1.07904e+07,2.11245e+07,6.2933e+06,9.72994e+07,,-717425
JPN,2014-01-01,1.31004e+08,7.60143e+07,2.54629e+07,3.50568e+07,3.44054e+07,2.16434e+07,2.65223e+07,1.31028e+08,1.29988e+08,1.35168e+06,2.83193e+07,2.52082e+07,8.01455e+06,2.7809e+07,6.08492e+06,5.51595e+06,1.70629e+07,9.4234e+06,2.04045e+07,6.00215e+06,9.23029e+07,958475,80825,1.31004e+08,6.39346e+07,,,,,94.0318,95.5711,98.8707,96.0794,95.8922,107.076,122.23,94.0167,93.3455,75.4336,92.0459,95.2001,91.1957,89.4755,99.8703,105.696,96.1074,89.8502,96.7066,94.5105,94.5326,,,1.39319e+08,7.95369e+07,2.57537e+07,3.64874e+07,3.58793e+07,2.02132e+07,2.16988e+07,1.39366e+08,1.39255e+08,1.79188e+06,3.07665e+07,2.64792e+07,8.7883e+06,3.108e+07,6.09282e+06,5.2187e+06,1.7754e+07,1.04879e+07,2.10994e+07,6.35078e+06,9.76413e+07,,-123100
JPN,2014-04-01,1.31794e+08,7.39772e+07,2.58317e+07,3.44227e+07,3.50625e+07,2.19296e+07,2.50068e+07,1.31796e+08,1.30807e+08,1.33005e+06,2.89124e+07,2.55249e+07,8.15185e+06,2.69948e+07,6.17368e+06,5.54552e+06,1.7321e+07,9.66965e+06,2.06836e+07,6.02455e+06,9.24129e+07,783450,205700,1.31794e+08,6.48052e+07,,,,,95.9326,97.4109,100.169,97.0893,97.1674,106.908,119.963,95.9499,95.1397,74.449,94.1499,96.7345,94.8778,92.2081,101.958,108.386,96.1339,91.5409,97.7092,95.1889,96.0968,,,1.37382e+08,7.59434e+07,2.57881e+07,3.54547e+07,3.60846e+07,2.05125e+07,2.08454e+07,1.3736e+08,1.3749e+08,1.78652e+06,3.07089e+07,2.63866e+07,8.59195e+06,2.9276e+07,6.0551e+06,5.11648e+06,1.80176e+07,1.05632e+07,2.11686e+07,6.32905e+06,9.61665e+07,,-278375
JPN,2014-07-01,1.32034e+08,7.44212e+07,2.5996e+07,3.48912e+07,3.48201e+07,2.27348e+07,2.59385e+07,1.32029e+08,1.31448e+08,1.34728e+06,2.89604e+07,2.55904e+07,8.20632e+06,2.71801e+07,6.21998e+06,5.5966e+06,1.72838e+07,9.79368e+06,2.0775e+07,6.08532e+06,9.29345e+07,910200,-329575,1.32034e+08,6.49797e+07,,,,,95.9204,97.311,100.404,97.3898,97.3395,109.242,122.617,95.9315,95.2684,73.9672,94.3906,96.9153,93.7242,92.5667,101.578,107.997,96.0098,92.3648,97.862,95.9948,96.3152,,,1.37649e+08,7.64777e+07,2.58915e+07,3.58263e+07,3.57718e+07,2.08114e+07,2.11542e+07,1.37629e+08,1.37977e+08,1.82145e+06,3.06814e+07,2.64049e+07,8.75582e+06,2.93627e+07,6.12338e+06,5.1822e+06,1.80021e+07,1.06032e+07,2.12289e+07,6.33922e+06,9.64899e+07,,-538050
JPN,2014-10-01,1.33259e+08,7.45424e+07,2.6088e+07,3.50808e+07,3.49e+07,2.39752e+07,2.62468e+07,1.33241e+08,1.32332e+08,1.21628e+06,2.96544e+07,2.62596e+07,8.2793e+06,2.72328e+07,6.29198e+06,5.74262e+06,1.73088e+07,9.71702e+06,2.08376e+07,6.05125e+06,9.31822e+07,947100,-38350,1.33259e+08,6.4957e+07,,,,,96.2573,97.2662,100.395,97.4711,97.5572,111.844,123.308,96.2557,95.5575,68.1158,95.9577,99.0352,93.2903,92.7366,101.075,107.102,95.9981,92.7567,97.9802,96.8758,96.3988,,,1.3844e+08,7.66375e+07,2.59852e+07,3.5991e+07,3.57739e+07,2.14362e+07,2.12856e+07,1.38424e+08,1.38484e+08,1.7856e+06,3.09036e+07,2.65154e+07,8.87478e+06,2.93657e+07,6.22508e+06,5.36182e+06,1.80304e+07,1.04758e+07,2.12672e+07,6.2464e+06,9.66632e+07,,-257525
JPN,2015-01-01,1.36382e+08,7.50296e+07,2.62314e+07,3.60505e+07,3.60696e+07,2.3793e+07,2.4742e+07,1.36404e+08,1.35525e+08,1.36608e+06,3.09823e+07,2.71906e+07,8.6753e+06,2.72881e+07,6.51378e+06,5.71568e+06,1.75755e+07,1.01691e+07,2.10734e+07,6.16558e+06,9.45012e+07,742875,135950,1.36382e+08,6.49834e+07,,,,,96.9935,97.2098,100.191,97.7203,97.4909,109.424,115.659,96.9782,96.4514,76.5212,99.1528,100.823,94.7264,92.745,101.77,105.659,95.8723,93.5524,97.8794,97.2926,96.3932,,,1.40609e+08,7.71832e+07,2.61813e+07,3.68915e+07,3.69979e+07,2.17438e+07,2.13922e+07,1.40654e+08,1.40511e+08,1.78522e+06,3.1247e+07,2.69686e+07,9.15828e+06,2.94227e+07,6.40048e+06,5.40955e+06,1.83322e+07,1.087e+07,2.153e+07,6.33715e+06,9.80372e+07,,-59375
JPN,2015-04-01,1.37202e+08,7.53986e+07,2.61162e+07,3.60484e+07,3.6568e+07,2.33527e+07,2.42337e+07,1.37202e+08,1.36793e+08,1.43578e+06,3.17528e+07,2.76291e+07,8.87878e+06,2.7525e+07,6.33105e+06,5.79072e+06,1.7619e+07,1.0061e+07,2.11426e+07,6.25618e+06,9.47257e+07,673625,-264900,1.37202e+08,6.5047e+07,,,,,97.4725,97.6461,99.8613,97.8499,97.9035,111.045,115.515,97.4876,96.7918,82.8814,100.527,101.249,95.5375,92.6926,100.594,105.236,96.1212,93.5137,97.4805,97.4296,96.2391,,,1.4076e+08,7.72162e+07,2.61524e+07,3.68405e+07,3.73511e+07,2.103e+07,2.09788e+07,1.40738e+08,1.41327e+08,1.73232e+06,3.15862e+07,2.72882e+07,9.2935e+06,2.9695e+07,6.29365e+06,5.5026e+06,1.833e+07,1.07589e+07,2.16891e+07,6.42122e+06,9.84275e+07,,-748550
JPN,2015-07-01,1.37666e+08,7.55339e+07,2.62722e+07,3.62772e+07,3.65152e+07,2.39017e+07,2.4557e+07,1.37656e+08,1.36688e+08,1.4465e+06,3.1266e+07,2.75743e+07,8.85792e+06,2.77243e+07,6.42e+06,5.82138e+06,1.76182e+07,1.0077e+07,2.1265e+07,6.19185e+06,9.51177e+07,684925,282975,1.37666e+08,6.54851e+07,,,,,97.6608,97.4784,99.8812,98.1036,98.0531,110.846,113.973,97.6667,97.0847,85.7884,100.364,102.357,95.4461,93.5805,101.113,104.979,96.2866,93.6598,97.6695,97.7099,96.6282,,,1.40963e+08,7.74878e+07,2.63034e+07,3.69785e+07,3.72402e+07,2.1563e+07,2.15462e+07,1.40945e+08,1.40793e+08,1.68612e+06,3.11526e+07,2.69394e+07,9.28055e+06,2.96261e+07,6.34932e+06,5.54528e+06,1.82977e+07,1.07591e+07,2.17724e+07,6.33698e+06,9.84368e+07,,-38325
JPN,2015-10-01,1.37668e+08,7.50299e+07,2.65632e+07,3.63598e+07,3.65713e+07,2.27396e+07,2.32365e+07,1.37658e+08,1.37469e+08,1.35932e+06,3.1543e+07,2.779e+07,8.99972e+06,2.75714e+07,6.56355e+06,5.67808e+06,1.76495e+07,1.02648e+07,2.15758e+07,6.2638e+06,9.5567e+07,550100,-361550,1.37668e+08,6.57446e+07,,,,,97.8555,97.3742,100.285,97.8768,97.8702,106.636,108.307,97.8558,97.5086,80.5992,102.048,103.735,96.2113,93.4854,101.136,103.918,96.3062,93.4442,98.2829,97.0579,96.6193,,,1.40685e+08,7.70532e+07,2.64876e+07,3.71486e+07,3.73672e+07,2.13245e+07,2.14542e+07,1.40674e+08,1.40981e+08,1.68652e+06,3.09099e+07,2.67893e+07,9.35412e+06,2.94928e+07,6.48985e+06,5.46398e+06,1.83264e+07,1.0985e+07,2.19528e+07,6.45368e+06,9.89109e+07,,-483475
JPN,2016-01-01,1.39341e+08,7.47954e+07,2.69306e+07,3.63628e+07,3.67214e+07,2.19972e+07,2.11033e+07,1.39361e+08,1.38818e+08,1.4141e+06,3.21622e+07,2.82338e+07,8.95602e+06,2.77976e+07,6.80708e+06,5.55662e+06,1.75798e+07,1.04534e+07,2.19442e+07,6.1474e+06,9.62862e+07,429275,113075,1.39341e+08,6.63072e+07,,,,,98.2188,96.9455,100.319,97.7677,97.6914,102.397,99.7463,98.2136,98.0178,87.0765,102.355,103.367,96.8625,94.2482,102.11,104.926,96.2785,93.2998,98.4334,96.5445,96.9095,,,1.41868e+08,7.7152e+07,2.68451e+07,3.71931e+07,3.75892e+07,2.14822e+07,2.1157e+07,1.41896e+08,1.41626e+08,1.62398e+06,3.14223e+07,2.7314e+07,9.24612e+06,2.9494e+07,6.6664e+06,5.29578e+06,1.82593e+07,1.12041e+07,2.22935e+07,6.36742e+06,9.93567e+07,,-27400
JPN,2016-04-01,1.3866e+08,7.44766e+07,2.65279e+07,3.60393e+07,3.6682e+07,2.13698e+07,2.03961e+07,1.38662e+08,1.38356e+08,1.50098e+06,3.19883e+07,2.78145e+07,8.91928e+06,2.77786e+07,6.73018e+06,5.46972e+06,1.76109e+07,1.053e+07,2.16843e+07,6.14428e+06,9.5948e+07,299475,5675,1.3866e+08,6.63397e+07,,,,,98.0545,97.2352,99.6808,97.3998,97.0917,100.064,97.4368,98.0561,98.0031,94.9098,101.416,102.159,96.5883,94.637,101.671,103.169,96.6909,93.3619,98.4668,96.6028,96.9936,,13.7994,1.41411e+08,7.65943e+07,2.66128e+07,3.70014e+07,3.77808e+07,2.13562e+07,2.09327e+07,1.41411e+08,1.41176e+08,1.58148e+06,3.15418e+07,2.72268e+07,9.23432e+06,2.93527e+07,6.61958e+06,5.30172e+06,1.82136e+07,1.12788e+07,2.20219e+07,6.36035e+06,9.8922e+07,,41125
JPN,2016-07-01,1.3881e+08,7.46531e+07,2.6615e+07,3.62013e+07,3.62701e+07,2.14698e+07,2.01977e+07,1.38797e+08,1.38294e+08,1.46992e+06,3.15244e+07,2.7532e+07,8.92315e+06,2.79706e+07,6.80128e+06,5.41998e+06,1.76111e+07,1.06562e+07,2.17795e+07,6.1378e+06,9.63765e+07,361575,141500,1.3881e+08,6.68434e+07,,,,,97.922,97.0231,99.6966,97.3262,97.3841,98.39,96.1153,97.9317,97.695,96.0971,100.136,101.361,96.936,94.3972,102.146,102.383,96.5279,93.5867,98.4449,96.6651,96.9095,,,1.41756e+08,7.69437e+07,2.6696e+07,3.71958e+07,3.72444e+07,2.18212e+07,2.1014e+07,1.41728e+08,1.41557e+08,1.52962e+06,3.14816e+07,2.71622e+07,9.2052e+06,2.96308e+07,6.6584e+06,5.29382e+06,1.82446e+07,1.13864e+07,2.21235e+07,6.34955e+06,9.945e+07,,-95400
JPN,2016-10-01,1.38957e+08,7.49773e+07,2.66656e+07,3.65634e+07,3.6121e+07,2.24572e+07,2.12643e+07,1.38947e+08,1.38831e+08,1.70918e+06,3.13929e+07,2.76059e+07,8.95698e+06,2.7992e+07,6.9128e+06,5.47935e+06,1.7585e+07,1.07943e+07,2.18083e+07,6.20068e+06,9.67724e+07,428625,-313375,1.38957e+08,6.72674e+07,,,,,98.0302,97.3099,99.8275,97.8091,97.7498,100.659,99.7476,98.0218,97.8887,113.168,99.5637,101.453,98.1729,94.4732,102.115,102.778,96.4562,94.0039,98.6694,97.2979,97.0748,,,1.41749e+08,7.70501e+07,2.67117e+07,3.73824e+07,3.69525e+07,2.23102e+07,2.13181e+07,1.41751e+08,1.41826e+08,1.5103e+06,3.15305e+07,2.72104e+07,9.12368e+06,2.96295e+07,6.76965e+06,5.33125e+06,1.82311e+07,1.14828e+07,2.21024e+07,6.37288e+06,9.96884e+07,,-329725
JPN,2017-01-01,1.39765e+08,7.53126e+07,2.67356e+07,3.69086e+07,3.67364e+07,2.3895e+07,2.29142e+07,1.39786e+08,1.39002e+08,1.56512e+06,3.15972e+07,2.76898e+07,8.79202e+06,2.83036e+07,6.93835e+06,5.56005e+06,1.76469e+07,1.06784e+07,2.17256e+07,6.19445e+06,9.70473e+07,539675,245000,1.39765e+08,6.72702e+07,,,,,97.8915,97.4235,99.8173,98.4866,98.316,104.668,106.363,97.9012,97.0977,98.0854,97.8988,99.9124,98.5612,93.9235,101.378,102.276,96.5256,94.0443,98.5172,98.1373,96.8611,,,1.42776e+08,7.73043e+07,2.67846e+07,3.74758e+07,3.73656e+07,2.28293e+07,2.15434e+07,1.42783e+08,1.43157e+08,1.59568e+06,3.22753e+07,2.77141e+07,8.92038e+06,3.01347e+07,6.84402e+06,5.43632e+06,1.82821e+07,1.13547e+07,2.20526e+07,6.31202e+06,1.00192e+08,,-587775
JPN,2017-04-01,1.40379e+08,7.58617e+07,2.67574e+07,3.72614e+07,3.71393e+07,2.366e+07,2.30394e+07,1.40385e+08,1.40197e+08,1.5627e+06,3.19187e+07,2.79312e+07,9.13835e+06,2.83894e+07,7.0221e+06,5.5258e+06,1.76969e+07,1.07193e+07,2.17894e+07,6.43485e+06,9.75777e+07,568425,-381075,1.40379e+08,6.73435e+07,,,,,98.0141,97.5177,100.188,98.6996,98.5956,103.635,105.74,98.0053,97.3351,100.502,98.3872,100.118,98.7585,94.0421,101.161,101.382,96.8538,95.0055,99.0207,97.7982,97.0914,,,1.43223e+08,7.77927e+07,2.67074e+07,3.77523e+07,3.76683e+07,2.28302e+07,2.17887e+07,1.43242e+08,1.44036e+08,1.5549e+06,3.24419e+07,2.78982e+07,9.25322e+06,3.01879e+07,6.94152e+06,5.45045e+06,1.82718e+07,1.12828e+07,2.20049e+07,6.57972e+06,1.00501e+08,,-1.05752e+06
JPN,2017-07-01,1.42473e+08,7.56856e+07,2.69084e+07,3.7533e+07,3.82193e+07,2.46269e+07,2.29675e+07,1.42457e+08,1.41517e+08,1.5286e+06,3.30854e+07,2.88937e+07,9.10848e+06,2.83424e+07,7.18925e+06,5.5331e+06,1.76633e+07,1.07751e+07,2.19082e+07,6.38295e+06,9.77942e+07,458775,481325,1.42473e+08,6.80244e+07,,,,,98.3199,97.5958,100.295,98.8095,98.834,105.224,106.253,98.3328,97.5088,97.315,99.4931,100.874,99.4294,93.8558,100.485,100.822,96.779,95.38,99.1295,98.2794,97.0373,,,1.44907e+08,7.755e+07,2.68292e+07,3.79852e+07,3.86702e+07,2.34044e+07,2.16159e+07,1.44872e+08,1.45132e+08,1.57078e+06,3.3254e+07,2.86434e+07,9.16075e+06,3.01978e+07,7.15452e+06,5.48798e+06,1.82512e+07,1.1297e+07,2.21006e+07,6.4947e+06,1.0078e+08,,-425425
JPN,2017-10-01,1.42426e+08,7.61926e+07,2.68955e+07,3.76226e+07,3.84769e+07,2.50257e+07,2.41652e+07,1.42412e+08,1.4247e+08,1.61638e+06,3.36797e+07,2.92889e+07,9.06055e+06,2.85018e+07,7.21018e+06,5.61912e+06,1.76362e+07,1.08455e+07,2.19314e+07,6.36885e+06,9.8113e+07,557625,-614875,1.42426e+08,6.82044e+07,,,,,98.1611,97.8544,100.255,98.8764,98.8264,105.719,108.637,98.1492,97.5587,106.009,99.1881,100.233,98.257,94.2224,100.542,100.967,96.7556,96.0104,98.9569,98.421,97.194,,,1.45094e+08,7.78632e+07,2.6827e+07,3.80502e+07,3.89338e+07,2.36718e+07,2.2244e+07,1.45098e+08,1.46035e+08,1.52475e+06,3.39554e+07,2.92206e+07,9.22128e+06,3.02495e+07,7.17128e+06,5.5653e+06,1.82276e+07,1.12962e+07,2.21625e+07,6.47102e+06,1.00946e+08,,-1.15242e+06
JPN,2018-01-01,1.42379e+08,7.62908e+07,2.71725e+07,3.76922e+07,3.80052e+07,2.53955e+07,2.4485e+07,1.42397e+08,1.41638e+08,1.61385e+06,3.31296e+07,2.88865e+07,8.98978e+06,2.81305e+07,7.2667e+06,5.5959e+06,1.7351e+07,1.08869e+07,2.23062e+07,6.36752e+06,9.79047e+07,624925,134625,1.42379e+08,6.91869e+07,,,,,98.2803,98.2364,100.513,98.998,98.8535,105.511,109.338,98.2907,97.3156,109.618,97.8548,99.1154,97.3794,94.5957,100.345,101.465,96.4744,95.549,99.4259,98.4614,97.302,,,1.44871e+08,7.76605e+07,2.70338e+07,3.80737e+07,3.8446e+07,2.40692e+07,2.23938e+07,1.44874e+08,1.45545e+08,1.47225e+06,3.38559e+07,2.91443e+07,9.2317e+06,2.97376e+07,7.2417e+06,5.5151e+06,1.7985e+07,1.13941e+07,2.2435e+07,6.46702e+06,1.00619e+08,,-930375
JPN,2018-04-01,1.42814e+08,7.61572e+07,2.71942e+07,3.8437e+07,3.89382e+07,2.55191e+07,2.49946e+07,1.42823e+08,1.41996e+08,1.34205e+06,3.32934e+07,2.92039e+07,8.90065e+06,2.84533e+07,7.4373e+06,5.67068e+06,1.74032e+07,1.09221e+07,2.22327e+07,6.34095e+06,9.84602e+07,562800,264275,1.42814e+08,6.99423e+07,,,,,97.9829,97.9995,100.7,99.4194,99.4268,105.164,111.393,97.967,97.2286,92.715,97.2093,98.6675,97.3419,95.0302,100.437,103.157,96.3287,96.2416,99.6178,98.3543,97.616,,,1.45754e+08,7.77118e+07,2.70051e+07,3.86614e+07,3.91627e+07,2.4266e+07,2.24381e+07,1.45787e+08,1.46044e+08,1.4475e+06,3.42493e+07,2.95983e+07,9.1437e+06,2.99413e+07,7.40495e+06,5.49712e+06,1.80664e+07,1.13486e+07,2.2318e+07,6.44705e+06,1.00865e+08,,-421150
JPN,2018-07-01,1.41981e+08,7.66324e+07,2.71216e+07,3.77488e+07,3.82879e+07,2.55717e+07,2.56329e+07,1.41966e+08,1.41331e+08,1.45205e+06,3.29156e+07,2.8801e+07,8.78902e+06,2.81078e+07,7.47635e+06,5.7218e+06,1.73679e+07,1.10114e+07,2.21732e+07,6.31575e+06,9.81742e+07,636275,-1425,1.41981e+08,7.00982e+07,,,,,97.835,98.4255,100.468,99.3289,99.3475,106.866,115.013,97.8577,97.2011,101.918,96.3946,97.9628,96.6241,95.6059,100.06,103.827,96.4236,96.5749,99.226,98.7669,97.7855,,,1.45122e+08,7.78583e+07,2.69952e+07,3.80038e+07,3.85393e+07,2.39287e+07,2.2287e+07,1.45074e+08,1.454e+08,1.42472e+06,3.41468e+07,2.94e+07,9.0961e+06,2.93996e+07,7.47185e+06,5.5109e+06,1.8012e+07,1.1402e+07,2.23462e+07,6.3946e+06,1.00397e+08,,-472375
JPN,2018-10-01,1.4203e+08,7.67593e+07,2.72094e+07,3.83623e+07,3.93483e+07,2.53884e+07,2.6675e+07,1.4201e+08,1.41796e+08,1.37245e+06,3.29746e+07,2.88178e+07,8.6059e+06,2.81701e+07,7.69452e+06,5.72905e+06,1.73433e+07,1.13136e+07,2.22061e+07,6.3861e+06,9.88428e+07,530125,-316050,1.4203e+08,7.04568e+07,,,,,97.8334,98.5623,99.9961,99.5953,99.5802,105.824,114.075,97.8199,97.0158,96.2802,96.2559,97.3288,97.535,94.9117,100.045,104.916,96.1394,97.513,98.7886,98.4916,97.5805,,,1.45176e+08,7.7879e+07,2.72104e+07,3.85182e+07,3.95142e+07,2.39912e+07,2.33836e+07,1.45175e+08,1.46157e+08,1.42548e+06,3.42573e+07,2.96086e+07,8.8234e+06,2.96804e+07,7.6911e+06,5.4606e+06,1.80397e+07,1.16022e+07,2.24784e+07,6.4839e+06,1.01294e+08,,-1.03128e+06
JPN,2019-01-01,1.43137e+08,7.66206e+07,2.7367e+07,3.87845e+07,3.90517e+07,2.47483e+07,2.46505e+07,1.43162e+08,1.41997e+08,1.4367e+06,3.30768e+07,2.88322e+07,8.71492e+06,2.80415e+07,7.7686e+06,5.57015e+06,1.7466e+07,1.11571e+07,2.22988e+07,6.4666e+06,9.87687e+07,469050,695725,1.43137e+08,7.02948e+07,,,,,98.4866,98.7125,100.296,99.5487,99.4043,104.398,109.245,98.4863,97.5807,95.7258,98.0436,98.6711,96.7707,95.8655,99.4324,104.837,96.4912,97.2727,99.3704,98.6604,97.9595,,,1.45337e+08,7.762e+07,2.72862e+07,3.89603e+07,3.92857e+07,2.37058e+07,2.25643e+07,1.45362e+08,1.45518e+08,1.50085e+06,3.37368e+07,2.92205e+07,9.00575e+06,2.92508e+07,7.81295e+06,5.31315e+06,1.81011e+07,1.147e+07,2.24401e+07,6.5544e+06,1.00826e+08,,-249275
JPN,2019-04-01,1.43701e+08,7.67524e+07,2.78015e+07,3.90251e+07,3.97375e+07,2.45009e+07,2.50914e+07,1.43704e+08,1.43167e+08,1.39275e+06,3.35614e+07,2.92364e+07,8.7103e+06,2.81356e+07,7.90382e+06,5.65692e+06,1.75098e+07,1.1344e+07,2.2439e+07,6.51392e+06,9.95031e+07,507675,29350,1.43701e+08,7.12084e+07,,,,,98.4787,98.9302,100.823,99.6795,99.7798,102.963,109.766,98.4751,97.7032,95.1153,97.5735,98.0784,96.9014,96.0808,99.5422,106.162,96.8265,97.7341,99.7532,98.4687,98.2846,,,1.45921e+08,7.75824e+07,2.75745e+07,3.91506e+07,3.98252e+07,2.37958e+07,2.2859e+07,1.4593e+08,1.46533e+08,1.46428e+06,3.4396e+07,2.98092e+07,8.98882e+06,2.92833e+07,7.94018e+06,5.32858e+06,1.80836e+07,1.1607e+07,2.24945e+07,6.61522e+06,1.0124e+08,,-703650
JPN,2019-07-01,1.43863e+08,7.74062e+07,2.77902e+07,3.95696e+07,3.94205e+07,2.43094e+07,2.50636e+07,1.43846e+08,1.4336e+08,1.40308e+06,3.3254e+07,2.89737e+07,8.66485e+06,2.84056e+07,8.01172e+06,5.663e+06,1.75876e+07,1.15013e+07,2.23848e+07,6.48422e+06,1.00038e+08,500325,-14175,1.43863e+08,7.12943e+07,,,,,98.5041,99.0558,100.261,99.6033,99.5304,101.608,107.489,98.5226,97.9073,96.0221,97.5274,98.1227,99.0215,96.6842,98.8062,105.924,97.3207,97.3484,99.2853,98.6048,98.3355,,,1.46047e+08,7.8144e+07,2.7718e+07,3.97272e+07,3.96065e+07,2.39247e+07,2.33174e+07,1.46003e+08,1.46424e+08,1.4612e+06,3.40971e+07,2.9528e+07,8.75048e+06,2.93798e+07,8.10852e+06,5.3463e+06,1.80718e+07,1.18146e+07,2.25459e+07,6.57598e+06,1.01732e+08,,-583125
JPN,2019-10-01,1.41154e+08,7.52837e+07,2.81571e+07,3.80436e+07,3.81274e+07,2.38542e+07,2.42687e+07,1.41136e+08,1.4123e+08,1.39988e+06,3.20762e+07,2.7685e+07,8.53665e+06,2.74446e+07,8.0007e+06,5.60915e+06,1.76375e+07,1.14995e+07,2.26316e+07,6.3937e+06,9.92168e+07,380975,-474375,1.41154e+08,7.18808e+07,,,,,99.5385,99.9511,101.038,100.359,100.241,101.699,106.244,99.5311,99.0301,96.9006,98.0984,98.1145,99.9854,98.2233,100.877,105.861,98.1741,99.2888,100.15,99.357,99.5428,,,1.41808e+08,7.53205e+07,2.78678e+07,3.79074e+07,3.80356e+07,2.34558e+07,2.28425e+07,1.41801e+08,1.42613e+08,1.44465e+06,3.26981e+07,2.8217e+07,8.5379e+06,2.7941e+07,7.93115e+06,5.2986e+06,1.79656e+07,1.15819e+07,2.25978e+07,6.43508e+06,9.96725e+07,,-1.01265e+06
JPN,2020-01-01,1.41921e+08,7.55509e+07,2.81128e+07,3.86448e+07,3.86003e+07,2.30734e+07,2.34169e+07,1.41945e+08,1.41639e+08,1.3303e+06,3.25377e+07,2.82642e+07,8.52548e+06,2.72737e+07,8.4066e+06,5.77378e+06,1.74318e+07,1.18042e+07,2.242e+07,6.1359e+06,9.9246e+07,438150,-132550,1.41921e+08,7.16438e+07,,,,,99.7213,100.124,100.504,100.781,100.763,102.174,106.541,99.7095,99.4253,92.1292,98.4083,98.7835,100.842,99.4105,99.6923,105.03,98.857,99.6465,99.5637,100.729,99.8163,,,1.42317e+08,7.54576e+07,2.79719e+07,3.83455e+07,3.83079e+07,2.25824e+07,2.19793e+07,1.42359e+08,1.42458e+08,1.44395e+06,3.3064e+07,2.86123e+07,8.45432e+06,2.74354e+07,8.43255e+06,5.49725e+06,1.76333e+07,1.18461e+07,2.25183e+07,6.09148e+06,9.94286e+07,,-311100
JPN,2020-04-01,1.3219e+08,6.97093e+07,2.80085e+07,3.71123e+07,3.73068e+07,1.8177e+07,2.10116e+07,1.32193e+08,1.31646e+08,1.39905e+06,2.97381e+07,2.54959e+07,8.31238e+06,2.31969e+07,8.31842e+06,5.566e+06,1.73796e+07,1.08979e+07,2.18803e+07,4.95775e+06,9.21968e+07,228150,318525,1.3219e+08,6.93603e+07,,,,,100.099,99.9697,100.089,99.6788,98.9783,97.8455,96.4028,100.107,99.9492,101.322,100.411,100.775,98.9286,100.164,99.4444,100.531,99.2638,99.8125,100.559,98.4917,99.855,,3177.31,1.32059e+08,6.97304e+07,2.79836e+07,3.72319e+07,3.76919e+07,1.85773e+07,2.17957e+07,1.32052e+08,1.31713e+08,1.3808e+06,2.96165e+07,2.52998e+07,8.4024e+06,2.31588e+07,8.3649e+06,5.53658e+06,1.75084e+07,1.09184e+07,2.17587e+07,5.03368e+06,9.23307e+07,,10025
JPN,2020-07-01,1.38689e+08,7.33575e+07,2.84774e+07,3.69743e+07,3.63924e+07,2.03478e+07,1.98864e+07,1.38676e+08,1.37701e+08,1.44158e+06,3.17352e+07,2.71241e+07,8.28452e+06,2.51107e+07,8.56388e+06,5.50545e+06,1.76565e+07,1.12527e+07,2.23495e+07,5.80088e+06,9.62396e+07,219750,754875,1.38689e+08,6.98818e+07,,,,,100.001,99.9637,99.893,99.7606,99.7426,99.8924,98.5897,100.021,100.202,106.934,100.767,100.159,99.94,100.003,100.06,97.6906,100.738,99.9638,99.7889,100.161,99.9283,,77.9668,1.38688e+08,7.33842e+07,2.8508e+07,3.7063e+07,3.64863e+07,2.03698e+07,2.01709e+07,1.38647e+08,1.37424e+08,1.3481e+06,3.14936e+07,2.7081e+07,8.2895e+06,2.51099e+07,8.55872e+06,5.6356e+06,1.75272e+07,1.12568e+07,2.23968e+07,5.79155e+06,9.63087e+07,,968200
JPN,2020-10-01,1.41034e+08,7.46124e+07,2.86299e+07,3.74775e+07,3.66128e+07,2.20962e+07,2.09177e+07,1.41015e+08,1.41423e+08,1.36465e+06,3.29028e+07,2.84872e+07,8.31125e+06,2.63961e+07,8.73182e+06,5.5318e+06,1.78264e+07,1.18428e+07,2.25454e+07,5.9699e+06,9.88443e+07,217750,-625900,1.41034e+08,7.0473e+07,,,,,100.053,99.8745,99.5296,99.702,99.8261,99.918,97.9746,100.037,100.072,97.7385,99.7176,99.8284,100.288,100.439,100.66,96.9203,101.18,100.564,99.9538,100.373,100.272,,,1.40959e+08,7.47061e+07,2.87652e+07,3.75895e+07,3.66766e+07,2.21143e+07,2.13501e+07,1.40962e+08,1.41321e+08,1.39622e+06,3.2996e+07,2.85362e+07,8.2874e+06,2.62807e+07,8.67458e+06,5.70758e+06,1.76186e+07,1.17763e+07,2.25558e+07,5.94772e+06,9.85762e+07,,-611925
JPN,2021-01-01,1.42385e+08,7.44658e+07,2.86734e+07,3.84484e+07,3.85387e+07,2.37725e+07,2.30652e+07,1.42194e+08,1.41203e+08,1.42168e+06,3.28754e+07,2.86385e+07,8.2424e+06,2.60175e+07,8.43105e+06,5.6158e+06,1.80465e+07,1.2216e+07,2.23226e+07,6.01352e+06,9.8663e+07,388475,603375,1.42385e+08,7.20144e+07,,,,,99.7908,100.331,99.7531,100.653,100.885,102.892,105.92,99.7894,99.3901,95.6085,97.508,98.8543,100.648,100.092,100.617,95.7042,101.62,101.027,99.8527,101.304,100.285,,234.982,1.42684e+08,7.42203e+07,2.87443e+07,3.81989e+07,3.82006e+07,2.31043e+07,2.1776e+07,1.42495e+08,1.42069e+08,1.48698e+06,3.37156e+07,2.89704e+07,8.1893e+06,2.59936e+07,8.37935e+06,5.86788e+06,1.77588e+07,1.20918e+07,2.23556e+07,5.93612e+06,9.8383e+07,,256775
JPN,2021-04-01,1.43333e+08,7.517e+07,2.95459e+07,3.89005e+07,3.91254e+07,2.4908e+07,2.54167e+07,1.43297e+08,1.42513e+08,1.38415e+06,3.30237e+07,2.86164e+07,8.33975e+06,2.59069e+07,8.5737e+06,5.66882e+06,1.82832e+07,1.26856e+07,2.26286e+07,6.01852e+06,9.97654e+07,602425,181500,1.43333e+08,7.15752e+07,,,,,99.8613,100.68,100.106,101.478,101.768,105.214,111.361,99.8659,99.1802,93.7914,96.5496,97.2801,100.99,100.515,98.7785,93.8982,102.632,101.21,100.152,101.953,100.431,,,1.43532e+08,7.46622e+07,2.95147e+07,3.8334e+07,3.84459e+07,2.36737e+07,2.28237e+07,1.43489e+08,1.43691e+08,1.47578e+06,3.42039e+07,2.94165e+07,8.25802e+06,2.57743e+07,8.67972e+06,6.0372e+06,1.78144e+07,1.2534e+07,2.25943e+07,5.90322e+06,9.9337e+07,,-421875
JPN,2021-07-01,1.43229e+08,7.48717e+07,2.99346e+07,3.88778e+07,3.94291e+07,2.53297e+07,2.63362e+07,1.43302e+08,1.42408e+08,1.35038e+06,3.2015e+07,2.77258e+07,8.44022e+06,2.60089e+07,8.53592e+06,5.77062e+06,1.84514e+07,1.301e+07,2.27955e+07,6.03042e+06,1.00603e+08,660025,234000,1.43229e+08,7.20834e+07,,,,,99.9968,101.238,100.833,102.795,102.424,107.811,117.936,100.013,99.0983,91.7873,95.5501,96.2604,102.405,100.818,98.2544,93.8649,103.021,101.518,100.109,102.6,100.595,,,1.43234e+08,7.39562e+07,2.96874e+07,3.78206e+07,3.84958e+07,2.34944e+07,2.2331e+07,1.43284e+08,1.43704e+08,1.4712e+06,3.3506e+07,2.88029e+07,8.242e+06,2.57979e+07,8.68758e+06,6.1478e+06,1.79104e+07,1.28154e+07,2.27706e+07,5.8776e+06,1.00007e+08,,-567625
JPN,2021-10-01,1.4488e+08,7.74228e+07,2.96085e+07,3.92519e+07,3.99116e+07,2.60309e+07,2.80942e+07,1.4493e+08,1.44269e+08,1.25222e+06,3.17718e+07,2.78257e+07,8.45605e+06,2.73469e+07,8.8246e+06,5.85908e+06,1.85954e+07,1.3241e+07,2.27669e+07,6.15502e+06,1.02789e+08,757425,-96125,1.4488e+08,7.20742e+07,,,,,99.9734,101.679,100.466,104.079,103.891,111.398,125.379,99.9522,98.3107,86.7567,93.3674,95.3049,102.913,99.9274,97.5714,92.3838,103.244,102.085,99.6697,102.749,100.216,,,1.44918e+08,7.61442e+07,2.94712e+07,3.77136e+07,3.8417e+07,2.33675e+07,2.24073e+07,1.45e+08,1.46748e+08,1.44338e+06,3.40288e+07,2.91965e+07,8.2167e+06,2.73668e+07,9.04425e+06,6.3421e+06,1.80112e+07,1.29706e+07,2.28424e+07,5.99038e+06,1.02568e+08,,-1.80778e+06
JPN,2022-01-01,1.44826e+08,7.76849e+07,2.99746e+07,3.94094e+07,4.02172e+07,2.76168e+07,3.06673e+07,1.4506e+08,1.44222e+08,1.34082e+06,3.23176e+07,2.8319e+07,8.41765e+06,2.62662e+07,8.70325e+06,6.03692e+06,1.8646e+07,1.34984e+07,2.27151e+07,6.28028e+06,1.02146e+08,887950,-49850,1.44826e+08,7.34989e+07,,,,,100.34,102.872,101.192,105.108,104.399,113.888,131.628,100.368,98.878,89.3958,93.7777,95.3888,103.506,101.431,96.6488,92.337,103.712,102.526,100.109,104.018,100.821,,,1.44335e+08,7.55162e+07,2.96215e+07,3.74942e+07,3.85225e+07,2.4249e+07,2.32984e+07,1.44528e+08,1.45859e+08,1.49988e+06,3.44619e+07,2.9688e+07,8.1325e+06,2.58958e+07,9.00502e+06,6.53792e+06,1.79786e+07,1.31658e+07,2.26904e+07,6.03768e+06,1.01314e+08,,-1.43025e+06
JPN,2022-04-01,1.4575e+08,7.9576e+07,2.99354e+07,4.03169e+07,4.10545e+07,2.98038e+07,3.46196e+07,1.45905e+08,1.4382e+08,1.30795e+06,3.05304e+07,2.69874e+07,8.16392e+06,2.74293e+07,9.03732e+06,6.13938e+06,1.87023e+07,1.367e+07,2.24064e+07,6.4334e+06,1.03818e+08,1.2489e+06,835700,1.4575e+08,7.32927e+07,,,,,100.05,103.794,100.112,106.271,106.411,122.015,146.229,100.045,97.7161,85.1835,88.829,91.2278,102.416,102.676,96.5214,93.7939,103.744,102.899,98.1573,105.424,100.926,,,1.45678e+08,7.66675e+07,2.99019e+07,3.79378e+07,3.85812e+07,2.44264e+07,2.36749e+07,1.45839e+08,1.47182e+08,1.53545e+06,3.43699e+07,2.95824e+07,7.97132e+06,2.67145e+07,9.36302e+06,6.5456e+06,1.80274e+07,1.3285e+07,2.2827e+07,6.1024e+06,1.02865e+08,,-1.39048e+06
JPN,2022-07-01,1.45468e+08,8.02952e+07,3.04109e+07,4.12039e+07,4.18305e+07,3.13852e+07,3.84535e+07,1.45519e+08,1.44532e+08,1.17955e+06,3.0606e+07,2.7395e+07,8.28345e+06,2.74232e+07,9.02805e+06,6.27745e+06,1.87657e+07,1.37506e+07,2.27549e+07,6.46348e+06,1.04463e+08,1.44478e+06,-458500,1.45468e+08,7.39504e+07,,,,,100.136,104.718,102.273,107.269,107.118,126.125,155.073,100.141,97.809,77.4784,87.2239,90.2646,101.968,104.493,95.4614,94.7507,103.752,103.325,99.545,106.915,101.796,,,1.45271e+08,7.66778e+07,2.9735e+07,3.84117e+07,3.90509e+07,2.48842e+07,2.4797e+07,1.45314e+08,1.4777e+08,1.52242e+06,3.5089e+07,3.03496e+07,8.12355e+06,2.62439e+07,9.45728e+06,6.62522e+06,1.8087e+07,1.33081e+07,2.28589e+07,6.04542e+06,1.0262e+08,,-2.48212e+06
JPN,2022-10-01,1.48554e+08,8.14596e+07,3.07947e+07,4.16111e+07,4.23026e+07,3.17952e+07,3.77983e+07,1.48496e+08,1.46548e+08,1.14985e+06,3.15917e+07,2.74171e+07,8.33378e+06,2.77314e+07,9.1103e+06,6.46155e+06,1.89157e+07,1.379e+07,2.29455e+07,6.51858e+06,1.05473e+08,1.37655e+06,570950,1.48554e+08,7.45658e+07,,,,,101.757,105.916,102.628,108.175,108.557,126.684,152.729,101.718,99.1327,75.7464,92.0047,92.5269,102.068,104.868,94.9148,96.7045,103.863,104.005,99.8573,105.675,102.069,,,1.45989e+08,7.69095e+07,3.00062e+07,3.84664e+07,3.8968e+07,2.5098e+07,2.47486e+07,1.45988e+08,1.4783e+08,1.51802e+06,3.43371e+07,2.96315e+07,8.1649e+06,2.6444e+07,9.5984e+06,6.68175e+06,1.82122e+07,1.32589e+07,2.29783e+07,6.16852e+06,1.03335e+08,,-1.92508e+06
JPN,2023-01-01,1.5156e+08,8.24725e+07,3.12766e+07,4.26024e+07,4.28246e+07,3.04942e+07,3.55081e+07,1.51495e+08,1.50651e+08,1.25572e+06,3.28796e+07,2.86321e+07,8.90818e+06,2.79696e+07,9.28425e+06,6.4308e+06,1.94712e+07,1.39208e+07,2.37088e+07,6.82175e+06,1.07607e+08,1.0602e+06,-215850,1.5156e+08,7.4844e+07,,,,,102.869,106.611,104.071,108.53,108.616,122.898,146.047,102.933,101.195,82.6244,96.6586,96.7722,102.962,107.337,95.3786,96.6565,104.864,104.185,101.758,106.78,103.402,,,1.47332e+08,7.73583e+07,3.00531e+07,3.92539e+07,3.94274e+07,2.48126e+07,2.43127e+07,1.47179e+08,1.48872e+08,1.5198e+06,3.40162e+07,2.95871e+07,8.65192e+06,2.60577e+07,9.7341e+06,6.65325e+06,1.8568e+07,1.33616e+07,2.32993e+07,6.3886e+06,1.04067e+08,,-1.68705e+06
JPN,2023-04-01,1.54385e+08,8.22494e+07,3.06432e+07,4.27246e+07,4.31959e+07,3.15702e+07,3.32738e+07,1.54274e+08,1.52972e+08,1.2543e+06,3.40824e+07,3.01332e+07,8.74105e+06,2.84763e+07,9.89455e+06,6.7427e+06,1.96007e+07,1.40538e+07,2.32508e+07,6.87582e+06,1.08895e+08,871825,429550,1.54385e+08,7.50187e+07,,,,,104.758,107.354,103.439,109.632,110.621,125.401,141.594,104.737,102.502,83.5532,99.6749,101.447,104.287,109.482,97.117,100.008,104.466,105.001,100.6,107.827,104.148,,,1.47374e+08,7.6615e+07,2.96244e+07,3.8971e+07,3.90487e+07,2.51755e+07,2.34995e+07,1.47296e+08,1.49238e+08,1.5012e+06,3.41936e+07,2.97032e+07,8.3817e+06,2.60101e+07,1.01883e+07,6.74215e+06,1.87627e+07,1.33846e+07,2.31122e+07,6.37672e+06,1.04558e+08,,-1.82975e+06
JPN,2023-07-01,1.54551e+08,8.2488e+07,3.09132e+07,4.30115e+07,4.22274e+07,3.30185e+07,3.40965e+07,1.54306e+08,1.53579e+08,1.27612e+06,3.43393e+07,3.06887e+07,8.73115e+06,2.8841e+07,9.75645e+06,6.88548e+06,1.96512e+07,1.38617e+07,2.33049e+07,6.9321e+06,1.09233e+08,956425,-229800,1.54551e+08,7.51112e+07,,,,,106.199,108.452,104.164,111.107,111.929,129.305,143.259,106.21,104.021,89.3692,102.461,105.633,106.493,111.106,98.622,101.472,104.616,105.701,100.897,110.034,105.114,,,1.45529e+08,7.60597e+07,2.96776e+07,3.87118e+07,3.7727e+07,2.55353e+07,2.38006e+07,1.45284e+08,1.47642e+08,1.42792e+06,3.35143e+07,2.90522e+07,8.19882e+06,2.5958e+07,9.89278e+06,6.78558e+06,1.87842e+07,1.31141e+07,2.30977e+07,6.29995e+06,1.03919e+08,,-2.3794e+06
JPN,2023-10-01,1.56139e+08,8.30329e+07,3.09626e+07,4.38309e+07,4.35842e+07,3.45346e+07,3.59751e+07,1.55955e+08,1.54388e+08,1.29522e+06,3.41692e+07,3.0653e+07,8.57945e+06,2.89525e+07,9.86562e+06,7.06382e+06,1.97598e+07,1.42815e+07,2.34511e+07,6.9693e+06,1.10344e+08,954975,611975,1.56139e+08,7.54383e+07,,,,,106.791,109.163,104.34,112.099,112.789,131.899,147.046,106.78,104.535,93.1565,100.747,103.939,106.864,112.854,99.832,104.309,104.653,107.039,101.381,111.114,106.179,,,1.4621e+08,7.60632e+07,2.96746e+07,3.91001e+07,3.86422e+07,2.61827e+07,2.44652e+07,1.46052e+08,1.4769e+08,1.39038e+06,3.39158e+07,2.94913e+07,8.02835e+06,2.56548e+07,9.88222e+06,6.77202e+06,1.88813e+07,1.33424e+07,2.31317e+07,6.27222e+06,1.03923e+08,,-1.63762e+06
JPN,2024-01-01,1.55493e+08,8.30232e+07,3.09728e+07,4.35421e+07,4.31567e+07,3.37963e+07,3.54561e+07,1.55017e+08,1.53786e+08,1.30098e+06,3.30724e+07,2.93336e+07,8.09715e+06,2.9869e+07,9.66852e+06,7.22805e+06,1.99334e+07,1.42269e+07,2.34572e+07,6.9322e+06,1.11315e+08,844300,387300,1.55493e+08,7.6399e+07,,,,,106.405,109.374,104.014,112.337,113.381,133.068,150.282,106.457,105.367,85.1772,102.976,107.156,105.09,113.907,99.8098,105.258,105.229,108.522,100.735,112.413,106.727,,,1.46133e+08,7.59077e+07,2.97774e+07,3.87601e+07,3.80635e+07,2.53978e+07,2.3593e+07,1.45615e+08,1.45953e+08,1.52738e+06,3.21165e+07,2.73747e+07,7.70498e+06,2.62223e+07,9.68695e+06,6.86698e+06,1.89428e+07,1.31097e+07,2.32861e+07,6.16675e+06,1.04299e+08,,-185350
JPN,2024-04-01,1.58425e+08,8.36254e+07,3.20474e+07,4.45776e+07,4.43632e+07,3.5394e+07,3.70053e+07,1.58018e+08,1.55454e+08,1.42498e+06,3.32399e+07,2.92596e+07,8.2415e+06,3.06748e+07,9.6416e+06,6.97085e+06,2.00677e+07,1.41976e+07,2.40489e+07,6.94618e+06,1.12548e+08,1.09058e+06,1.47372e+06,1.58425e+08,7.74116e+07,,,,,108.559,110.253,105.569,114.185,116.333,138.222,151.699,108.541,106.613,98.7919,103.755,106.791,107.047,115.88,99.1692,103.379,106.015,109.537,102.372,114.576,107.803,,,1.45935e+08,7.58486e+07,3.03569e+07,3.90397e+07,3.81345e+07,2.56067e+07,2.4394e+07,1.45584e+08,1.45812e+08,1.4424e+06,3.20368e+07,2.73989e+07,7.69895e+06,2.64711e+07,9.72238e+06,6.74302e+06,1.89292e+07,1.29615e+07,2.34917e+07,6.0625e+06,1.04401e+08,,-275250
JPN,2024-07-01,1.6053e+08,8.46399e+07,3.22402e+07,4.51844e+07,4.52665e+07,3.56224e+07,3.72394e+07,1.59933e+08,1.5894e+08,1.5367e+06,3.47792e+07,3.00854e+07,8.66135e+06,3.10529e+07,9.8172e+06,7.0813e+06,2.01339e+07,1.45249e+07,2.43022e+07,7.05e+06,1.13962e+08,884400,109200,1.6053e+08,7.82522e+07,,,,,109.114,111.043,106.107,114.519,116.036,135.712,148.304,109.11,107.414,104.564,105.84,107.155,108.009,116.424,99.1176,103.558,105.726,110.352,102.75,115.071,108.111,,,1.47121e+08,7.62226e+07,3.03847e+07,3.94557e+07,3.90109e+07,2.62486e+07,2.51101e+07,1.46579e+08,1.47969e+08,1.46962e+06,3.28601e+07,2.80764e+07,8.01912e+06,2.66722e+07,9.9046e+06,6.838e+06,1.90435e+07,1.31624e+07,2.36518e+07,6.12665e+06,1.05413e+08,,-1.36632e+06
JPN,2024-10-01,1.62361e+08,8.52351e+07,3.23852e+07,4.53228e+07,4.50187e+07,3.63371e+07,3.66154e+07,1.61678e+08,1.60282e+08,1.74112e+06,3.49996e+07,3.04936e+07,8.54858e+06,3.15663e+07,1.00758e+07,6.85615e+06,2.02232e+07,1.47249e+07,2.45303e+07,7.01552e+06,1.14992e+08,892475,503725,1.62361e+08,7.91569e+07,,,,,109.916,111.808,106.516,115.407,117.293,136.233,148.762,109.918,108.096,120.171,106.404,108.257,108.71,118.387,99.4659,100.351,105.69,111.353,103.539,114.698,108.7,,,1.47713e+08,7.62333e+07,3.0404e+07,3.92722e+07,3.83814e+07,2.66727e+07,2.46135e+07,1.4709e+08,1.48278e+08,1.44888e+06,3.28932e+07,2.81677e+07,7.86368e+06,2.66636e+07,1.01299e+07,6.83218e+06,1.91343e+07,1.32236e+07,2.36919e+07,6.1165e+06,1.05789e+08,,-1.2083e+06
JPN,2025-01-01,1.63758e+08,8.66766e+07,3.24783e+07,4.59217e+07,4.65113e+07,3.60532e+07,3.79612e+07,1.63079e+08,1.61949e+08,1.77138e+06,3.50552e+07,3.05062e+07,8.71392e+06,3.18169e+07,1.02849e+07,7.40352e+06,2.00179e+07,1.53288e+07,2.45667e+07,6.98968e+06,1.16408e+08,818525,311725,1.63758e+08,7.95719e+07,,,,,110.279,112.968,107.066,116.307,117.446,136.164,151.137,110.311,108.884,131.461,108.245,110.106,110.432,119.628,100.751,101.815,104.57,111.896,104,113.73,109.157,,,1.48494e+08,7.67264e+07,3.03347e+07,3.94832e+07,3.96022e+07,2.64777e+07,2.51171e+07,1.47836e+08,1.48736e+08,1.34745e+06,3.23852e+07,2.77062e+07,7.89078e+06,2.65966e+07,1.02082e+07,7.27152e+06,1.9143e+07,1.36991e+07,2.36218e+07,6.14585e+06,1.06643e+08,,-857525
JPN,2025-04-01,1.66745e+08,8.72523e+07,3.27789e+07,4.67014e+07,4.72055e+07,3.57412e+07,3.62334e+07,1.6614e+08,1.64186e+08,1.71392e+06,3.57084e+07,3.08827e+07,8.75875e+06,3.23426e+07,1.06044e+07,7.46072e+06,2.01753e+07,1.5824e+07,2.46008e+07,6.99758e+06,1.18005e+08,722325,1.2315e+06,1.66745e+08,8.02938e+07,,,,,112.094,113.569,107.509,116.945,119.523,132.795,141.77,112.078,109.704,130.213,109.794,110.966,111.141,121.618,101.952,101.657,104.607,112.795,104.426,112.933,109.924,,,1.48754e+08,7.68272e+07,3.04895e+07,3.99343e+07,3.94948e+07,2.69145e+07,2.55578e+07,1.48236e+08,1.49664e+08,1.31625e+06,3.2523e+07,2.78307e+07,7.88075e+06,2.65936e+07,1.04014e+07,7.3391e+06,1.92867e+07,1.4029e+07,2.35582e+07,6.19622e+06,1.07352e+08,,-1.415e+06
JPN,2025-07-01,1.67205e+08,8.8163e+07,3.30351e+07,4.6487e+07,4.66175e+07,3.60384e+07,3.66493e+07,1.66396e+08,1.64669e+08,1.83278e+06,3.51902e+07,3.03547e+07,8.36055e+06,3.24414e+07,1.08896e+07,7.60478e+06,2.0519e+07,1.5965e+07,2.48464e+07,7.01978e+06,1.19286e+08,747350,979175,1.67205e+08,8.10038e+07,,,,,112.91,114.156,108.19,118.267,120.419,135.739,144.225,112.914,110.593,136.971,110.356,111.382,113.398,122.477,103.516,102.025,105.981,113.402,104.871,114.827,110.84,,,1.48087e+08,7.72301e+07,3.05344e+07,3.93069e+07,3.87128e+07,2.65498e+07,2.54113e+07,1.47365e+08,1.48897e+08,1.33808e+06,3.18878e+07,2.72528e+07,7.37275e+06,2.64877e+07,1.05198e+07,7.45385e+06,1.93612e+07,1.40782e+07,2.36925e+07,6.11335e+06,1.0762e+08,,-1.56225e+06
JPN,2025-10-01,1.68742e+08,8.8772e+07,3.32569e+07,4.75553e+07,4.70323e+07,3.75244e+07,3.78438e+07,1.67867e+08,1.65604e+08,1.9478e+06,3.45678e+07,2.99691e+07,8.55445e+06,3.28329e+07,1.0899e+07,7.94405e+06,2.05633e+07,1.61517e+07,2.50443e+07,7.09878e+06,1.20534e+08,831275,1.43205e+06,1.68742e+08,8.1858e+07,,,,,113.673,114.816,108.463,119.175,121.423,141.128,149.145,113.703,111.153,149.552,109.568,111.032,114.066,123.914,103.78,104.098,105.746,114.824,105.391,116.337,111.7,,,1.48445e+08,7.73167e+07,3.0662e+07,3.99037e+07,3.87343e+07,2.65888e+07,2.53737e+07,1.47636e+08,1.48988e+08,1.30242e+06,3.15492e+07,2.69915e+07,7.49955e+06,2.64966e+07,1.0502e+07,7.63135e+06,1.9446e+07,1.40665e+07,2.37632e+07,6.1019e+06,1.07909e+08,,-1.39885e+06
JPN,2026-01-01,1.69943e+08,8.95868e+07,3.36124e+07,4.79459e+07,4.69593e+07,3.93624e+07,3.95784e+07,1.68903e+08,1.67193e+08,1.81938e+06,3.5293e+07,3.12948e+07,8.84315e+06,3.27781e+07,1.11253e+07,8.15648e+06,2.0705e+07,1.60389e+07,2.53021e+07,7.13202e+06,1.21238e+08,1.08545e+06,623775,1.69943e+08,8.25446e+07,,,,,113.936,115.316,109.218,120.481,121.66,145.538,155.554,113.889,111.71,147.842,109.892,112.71,115.915,124.874,104.249,104.925,105.629,115.602,105.975,117.12,112.279,,,1.49156e+08,7.7688e+07,3.07755e+07,3.97955e+07,3.85987e+07,2.70462e+07,2.54435e+07,1.48305e+08,1.49667e+08,1.23062e+06,3.2116e+07,2.77658e+07,7.62902e+06,2.62489e+07,1.06719e+07,7.7736e+06,1.96016e+07,1.38743e+07,2.38756e+07,6.08952e+06,1.07979e+08,,-1.5532e+06
JPN,2026-04-01,1.7193e+08,9.05168e+07,3.44936e+07,4.81607e+07,4.6898e+07,4.09065e+07,4.08853e+07,,,,,,,,,,,,,,,,,1.7193e+08,8.4216e+07,,,,,114.948,116.535,110.27,122.084,,150.469,163.203,,,,,,,,,,,,,,,,,1.49572e+08,7.76736e+07,3.12809e+07,3.9449e+07,,2.71861e+07,2.50518e+07,,,,,,,,,,,,,,,,
MEX,1995-01-01,531653,359009,44169.4,89037,103594,113403,106884,531555,512984,21139.7,160429,118964,25554.9,133367,7993.9,21021.1,60236.3,28382,42600.9,12938.6,295619,18571,,,,,,,,15.1036,16.3219,9.84908,14.3801,14.4324,17.9518,20.8533,15.1009,15.4847,17.6326,15.3912,15.7592,,,,,,,,,15.5272,8.99635,,3.52003e+06,2.19955e+06,448462,619167,717792,631705,512553,3.52003e+06,3.31285e+06,119890,1.04234e+06,754884,,,,,,,,,1.90388e+06,206428,
MEX,1995-04-01,582980,407508,47707.8,92515.9,108218,134064,117943,589127,567584,22962.6,170973,123521,25141.7,153916,8835.6,22925.7,72070.3,30402.3,44439.7,14770,325561,21543.4,,,,,,,,17.6324,19.1448,10.7069,17.1015,16.9972,22.0866,22.4134,17.8184,18.1616,18.664,17.9262,18.644,,,,,,,,,17.4289,11.7741,,3.30629e+06,2.12856e+06,445578,540982,636683,606992,526215,3.30629e+06,3.12518e+06,123031,953760,662526,,,,,,,,,1.86794e+06,182972,
MEX,1995-07-01,634638,438944,50786.7,99991.7,119339,145014,129876,626038,602955,27940.7,177708,131412,30175.1,170442,9486.4,21344.2,74915.7,30258.1,47524.4,14841.8,355536,23083.6,,,,,,,,18.792,20.5014,11.3283,17.8583,17.8307,23.0069,23.9976,18.5374,18.8744,21.3863,18.2178,19.4167,,,,,,,,,19.1474,12.2497,,3.37716e+06,2.14104e+06,448319,559917,669286,630307,541205,3.37716e+06,3.19457e+06,130648,975462,676800,,,,,,,,,1.85684e+06,188443,
MEX,1995-10-01,691735,472941,53447.4,112449,138780,166002,150984,693672,663817,30049,196747,149400,34385.2,187423,10022.9,22995.1,79607.7,32998.3,51104.6,15988.5,381988,29855,,,,,,,,20.0249,21.9285,12.0184,18.5021,18.6716,25.491,27.3953,20.0809,20.4313,23.5052,19.9039,21.0523,,,,,,,,,19.9801,15.3731,,3.45438e+06,2.15674e+06,444712,607767,743269,651218,551132,3.45438e+06,3.24902e+06,127840,988486,709661,,,,,,,,,1.91184e+06,194203,
MEX,1996-01-01,748878,511584,57007.9,124810,141538,186351,168076,753552,724804,33794.6,227002,171974,35317.7,205911,9403.9,21710.7,84163.5,38018.3,53942.2,16395.3,407675,28748.6,,,,,,,,21.1892,23.39,12.8629,19.5605,19.2302,26.5604,29.0536,21.3215,21.6612,25.8326,21.6319,23.4489,,,,,,,,,21.3148,14.2153,,3.53424e+06,2.18719e+06,443196,638072,736023,701614,578505,3.53424e+06,3.3461e+06,130822,1.04939e+06,733400,,,,,,,,,1.91264e+06,202238,
MEX,1996-04-01,790934,545928,60459.8,137373,154964,193850,179962,796387,768884,35972.5,233925,178422,35863.6,219826,11075,19486.4,92855.6,42694,57397.2,18278,431664,27502.5,,,,,,,,22.1394,24.8648,13.5979,20.5823,20.2199,26.8238,29.8176,22.292,22.7342,28.0205,21.9345,23.8255,,,,,,,,,22.0278,14.0684,,3.57252e+06,2.19559e+06,444624,667432,766397,722679,603541,3.57252e+06,3.38206e+06,128379,1.06647e+06,748869,,,,,,,,,1.95963e+06,195492,
MEX,1996-07-01,839254,579582,64755.6,151308,168073,210292,197541,827442,796883,40086.9,241685,183155,44995.5,228808,13003.4,17906.8,93143.2,41648.3,59618.7,18213.2,457454,30558.8,,,,,,,,23.1487,25.8802,14.4631,21.2858,21.128,28.0977,30.8512,22.8229,23.2443,30.9214,22.4494,24.1554,,,,,,,,,23.5783,15.3591,,3.62549e+06,2.23948e+06,447728,710841,795500,748430,640304,3.62549e+06,3.4283e+06,129641,1.07658e+06,758238,,,,,,,,,1.94015e+06,198963,
MEX,1996-10-01,901516,620342,69331.9,166120,181873,221846,208430,906781,871579,42095.2,273382,204364,47103.9,245227,13922.6,19543.4,97773.4,44870.8,64735.2,19436.7,486893,35202.4,,,,,,,,24.1023,27.063,15.2897,22.2785,22.1473,28.6571,30.6448,24.243,24.7803,31.9287,24.4242,25.6709,,,,,,,,,24.2008,16.62,,3.74038e+06,2.29222e+06,453455,745652,821198,774142,680149,3.74038e+06,3.51722e+06,131841,1.11931e+06,796092,,,,,,,,,2.01188e+06,211808,
MEX,1997-01-01,948910,656867,74561.2,173457,192957,230925,213048,939016,900873,42063.1,286772,216853,44927.9,251543,11925.9,19930.3,102020,51000.6,69187.2,21917.7,517751,38143.6,,,,,,,,25.2811,28.2801,16.107,23.3851,23.2244,29.6963,30.607,25.0175,25.431,32.3456,25.3644,26.9904,,,,,,,,,26.2248,18.2138,,3.75344e+06,2.32272e+06,462913,741741,830838,777623,696078,3.75344e+06,3.54242e+06,130043,1.13061e+06,803443,,,,,,,,,1.97428e+06,209421,
MEX,1997-04-01,999282,697552,78650.7,193209,211385,234428,233480,1.01472e+06,974889,43510.9,300806,230073,47583.2,280706,13215.7,20446.6,112226,57881.3,74056.8,22790,547475,39829.5,,,,,,,,26.0032,29.2628,16.7645,24.5666,24.2093,29.7488,31.0957,26.4049,26.8278,32.9397,25.9034,27.7925,,,,,,,,,25.9655,18.5517,,3.84292e+06,2.38375e+06,469150,786469,873156,788024,750846,3.84292e+06,3.63388e+06,132093,1.16126e+06,827821,,,,,,,,,2.10847e+06,214694,
MEX,1997-07-01,1.06243e+06,729926,83256.8,210197,225932,244162,251044,1.05079e+06,1.00653e+06,44355.1,317425,237576,58617.2,291258,14331.6,19375.8,113241,51680.2,76141.4,22435.3,576505,44262.9,,,,,,,,27.0864,30.075,17.6278,25.5242,25.2625,30.0618,30.8145,26.7896,27.1934,35.3447,26.5834,27.8469,,,,,,,,,27.7032,19.9538,,3.92239e+06,2.42702e+06,472305,823523,894336,812198,814695,3.92239e+06,3.70138e+06,125493,1.19407e+06,853150,,,,,,,,,2.081e+06,221826,
MEX,1997-10-01,1.13427e+06,769869,88679.9,225012,244370,253965,261956,1.14038e+06,1.08697e+06,46260.2,343760,255690,58800.9,311606,17113.3,21250.5,120478,56904.1,82951.8,23650.4,612300,53413.4,,,,,,,,28.1247,31.041,18.5766,26.754,26.5323,30.5591,31.0341,28.2764,28.6332,34.8228,27.9912,28.8146,,,,,,,,,28.2203,23.405,,4.03299e+06,2.48017e+06,477375,841041,921025,831062,844091,4.03299e+06,3.79619e+06,132844,1.2281e+06,887364,,,,,,,,,2.16972e+06,228213,
MEX,1998-01-01,1.19044e+06,813054,92826.8,246594,274912,270612,286177,1.19102e+06,1.13748e+06,47529.9,357698,279468,61687.4,326842,17128.2,23158.9,127001,64565.7,86712.6,25265.4,644762,53541.4,,,,,,,,29.0657,31.9801,19.6816,28.2315,29.1352,31.9451,32.2142,29.0799,29.4482,35.2807,28.4482,30.4465,,,,,,,,,29.995,22.9509,,4.09567e+06,2.54237e+06,471643,873468,943574,847116,888359,4.09567e+06,3.86263e+06,134719,1.25736e+06,917899,,,,,,,,,2.14957e+06,233287,
MEX,1998-04-01,1.24714e+06,845954,98549.4,260250,278688,288822,301556,1.24927e+06,1.19241e+06,47884.3,359906,276654,61625,348951,18230.6,24185.4,140066,71039.3,92089.3,26879,671935,56859.8,,,,,,,,30.2399,32.9959,20.7567,29.4355,29.7864,33.2695,33.9935,30.2916,30.6398,36.0448,28.4908,30.0247,,,,,,,,,30.1489,24.2838,,4.12414e+06,2.56381e+06,474783,884136,935622,868128,887098,4.12414e+06,3.8917e+06,132847,1.26323e+06,921424,,,,,,,,,2.22872e+06,234147,
MEX,1998-07-01,1.30251e+06,885363,105181,275146,297738,300411,325701,1.29534e+06,1.23515e+06,52740.8,377226,287607,76287.6,361095,19072.2,24020.4,139905,63293.4,97141.7,26753.3,698188,60197.1,,,,,,,,31.4253,34.3857,21.9239,30.8007,31.0754,34.9353,37.0847,31.2524,31.5721,38.0626,29.9187,31.1091,,,,,,,,,31.7411,25.8999,,4.14478e+06,2.5748e+06,479754,893310,958117,859908,878261,4.14478e+06,3.91215e+06,138563,1.26084e+06,924508,,,,,,,,,2.19963e+06,232422,
MEX,1998-10-01,1.35481e+06,921674,112063,286960,308888,321950,346169,1.35736e+06,1.28972e+06,51898.4,391983,304044,74574,371898,20418.6,26965.4,145706,69438.9,104312,27614.8,725253,67632.2,,,,,,,,32.6289,35.5316,23.0921,32.3564,32.7474,35.8506,38.1763,32.6903,32.9869,39.47,30.9349,32.6967,,,,,,,,,32.5292,28.8409,,4.15217e+06,2.59395e+06,485289,886873,943244,898031,906764,4.15217e+06,3.90981e+06,131488,1.26712e+06,929893,,,,,,,,,2.22954e+06,234501,
MEX,1999-01-01,1.41696e+06,959179,120507,303062,319385,328047,350480,1.41547e+06,1.34434e+06,58722.4,409667,318378,78156.4,382793,20564.7,29388,147558,78559,109060,29970.3,764845,71131.9,,,,,,,,33.8245,36.8635,24.3452,32.95,32.7039,36.3865,37.9495,33.7888,33.9627,39.817,32.3565,34.4334,,,,,,,,,34.805,29.8483,,4.18917e+06,2.60197e+06,494994,919761,976597,901564,923543,4.18917e+06,3.95826e+06,147481,1.2661e+06,924617,,,,,,,,,2.19751e+06,238312,
MEX,1999-04-01,1.48082e+06,1.00098e+06,128078,309276,327565,342445,364232,1.48358e+06,1.41094e+06,49736.5,429641,321387,75452.9,407620,23032.1,31014.5,158536,86958.8,115747,31297.4,798967,72642.9,,,,,,,,35.0954,37.8133,25.5041,33.6035,33.0254,37.9194,37.1582,35.1607,35.495,38.3636,33.6896,34.1723,,,,,,,,,34.7824,30.1717,,4.21942e+06,2.64718e+06,502187,920368,991860,903086,980220,4.21942e+06,3.97502e+06,129645,1.27529e+06,940492,,,,,,,,,2.29704e+06,240765,
MEX,1999-07-01,1.54082e+06,1.04554e+06,134354,316297,338872,363975,376089,1.54053e+06,1.46689e+06,52048.1,459847,332371,90536.9,421510,24593.7,31159.2,157999,79377.5,121094,31035.2,835652,73642.2,,,,,,,,36.1763,38.609,26.6169,34.53,34.0988,38.7884,36.9506,36.1696,36.5211,38.4634,35.6535,34.8824,,,,,,,,,36.6391,30.4173,,4.2592e+06,2.70802e+06,504768,916008,993797,938359,1.01782e+06,4.2592e+06,4.01655e+06,135318,1.28977e+06,952832,,,,,,,,,2.28077e+06,242106,
MEX,1999-10-01,1.59878e+06,1.08205e+06,140970,331032,355344,377262,391092,1.59542e+06,1.51686e+06,50715,460567,330872,89556.6,436128,27716.2,33364.4,164353,86681.6,129286,32739.4,872718,78558.8,,,,,,,,37.1652,39.2863,27.7315,35.2347,34.9585,38.928,37.0553,37.0871,37.4775,38.6175,35.684,34.7802,,,,,,,,,37.4114,31.8056,,4.30181e+06,2.75426e+06,508339,939508,1.01647e+06,969127,1.05543e+06,4.30181e+06,4.04738e+06,131326,1.29068e+06,951324,,,,,,,,,2.33276e+06,246997,
MEX,2000-01-01,1.67698e+06,1.14305e+06,150228,351915,375900,407808,418885,1.68014e+06,1.60202e+06,55144.3,500794,367467,95155.7,457884,26284.3,32511.3,168569,96065.9,135355,34288.1,915678,78120.1,,,,,,,,38.1998,40.3918,29.0087,36.5647,36.3515,40.4629,37.3764,38.2719,38.4992,38.6637,37.4598,37.1027,,,,,,,,,39.1428,31.3215,,4.39002e+06,2.82991e+06,517875,962444,1.03407e+06,1.00786e+06,1.12072e+06,4.39002e+06,4.16118e+06,142626,1.33688e+06,990405,,,,,,,,,2.33933e+06,249414,
MEX,2000-04-01,1.73393e+06,1.19361e+06,155316,373737,392953,425167,448196,1.7396e+06,1.66364e+06,54877.4,499910,369476,94825.6,486592,28353.7,31724.1,181992,105944,141146,35926.9,953480,75956.6,,,,,,,,38.9945,41.4004,29.9919,38.1037,37.6982,39.8938,38.3609,39.1219,39.623,40.1235,36.7972,36.6856,,,,,,,,,39.2846,30.7829,,4.44661e+06,2.88308e+06,517860,980843,1.04237e+06,1.06575e+06,1.16837e+06,4.44661e+06,4.19868e+06,136771,1.35855e+06,1.00714e+06,,,,,,,,,2.42711e+06,246749,
MEX,2000-07-01,1.78658e+06,1.23707e+06,161388,381944,397932,429898,463154,1.79173e+06,1.71332e+06,54354.8,529236,390821,111599,502071,29346.7,31692.3,179982,95041.5,147214,35623,986498,78416.1,,,,,,,,39.7441,42.0725,31.2034,38.9838,38.7504,39.6256,37.2213,39.8588,40.4467,41.713,38.2285,37.7698,,,,,,,,,41.0037,30.3165,,4.4952e+06,2.94032e+06,517214,979751,1.02691e+06,1.0849e+06,1.24432e+06,4.4952e+06,4.23598e+06,130307,1.3844e+06,1.03474e+06,,,,,,,,,2.40588e+06,258658,
MEX,2000-10-01,1.81229e+06,1.25957e+06,166706,380544,394801,435527,468854,1.80513e+06,1.72668e+06,57579.9,508762,372336,102842,504541,32130.1,33752.6,184420,103674,155265,36919.9,1.00626e+06,78451.4,,,,,,,,40.7758,42.3942,32.2342,39.8644,39.5633,39.2841,37.27,40.6147,41.1592,41.5781,37.9529,37.2687,,,,,,,,,41.4092,32.065,,4.44453e+06,2.9711e+06,517170,954595,997897,1.10866e+06,1.258e+06,4.44453e+06,4.19513e+06,138486,1.34051e+06,999058,,,,,,,,,2.43003e+06,244664,
MEX,2001-01-01,1.84004e+06,1.2732e+06,166287,371178,384795,429639,462776,1.83007e+06,1.74349e+06,56264.3,538556,389554,99798.7,493654,30816.1,40546.3,184887,107744,154072,37358.2,1.01742e+06,86585.7,,,,,,,,41.1273,42.5421,33.1146,40.5142,40.4441,37.7645,37.4725,40.9046,41.4807,40.4438,39.2723,38.2041,,,,,,,,,43.0781,31.7564,,4.474e+06,2.99281e+06,502154,916166,951424,1.13768e+06,1.23498e+06,4.474e+06,4.20313e+06,139117,1.37134e+06,1.01966e+06,,,,,,,,,2.36181e+06,272656,
MEX,2001-04-01,1.85461e+06,1.27985e+06,171166,361243,373106,407522,434875,1.86494e+06,1.78252e+06,60518.1,525350,378714,94783.5,511259,33220.4,42030.7,196009,116307,161660,38948.2,1.02772e+06,82422,,,,,,,,41.7751,42.8445,34.0001,40.4718,40.4141,37.2099,35.8401,42.0077,42.7348,41.7523,39.0985,37.9221,,,,,,,,,42.0474,31.1206,,4.43951e+06,2.98721e+06,503427,892580,923208,1.0952e+06,1.21338e+06,4.43951e+06,4.17111e+06,144945,1.34366e+06,998663,,,,,,,,,2.4442e+06,264848,
MEX,2001-07-01,1.87021e+06,1.29013e+06,176701,367502,375926,393112,415368,1.87554e+06,1.78907e+06,61141.8,533262,379798,116817,506257,33665.6,42828.1,192515,101531,166329,38285,1.03702e+06,86471.9,,,,,,,,42.2124,43.1735,34.9068,40.4049,40.3051,36.4839,35.4777,42.3328,42.8945,42.1326,39.9079,38.6619,,,,,,,,,43.424,33.2337,,4.43046e+06,2.98826e+06,506209,909550,932701,1.07749e+06,1.17079e+06,4.43046e+06,4.17086e+06,145117,1.33623e+06,982358,,,,,,,,,2.38813e+06,260194,
MEX,2001-10-01,1.87253e+06,1.30732e+06,181181,363174,374867,370376,413895,1.86656e+06,1.77079e+06,62257.9,493998,366238,106746,497043,35971.9,44872.3,197590,108968,176475,39137.9,1.04613e+06,95771.6,,,,,,,,42.6335,43.4541,35.7761,40.594,40.5913,35.4381,34.8045,42.4975,42.8416,42.0171,37.5412,38.1554,,,,,,,,,43.611,37.7182,,4.39216e+06,3.0085e+06,506430,894650,923516,1.04513e+06,1.1892e+06,4.39216e+06,4.13333e+06,148173,1.31588e+06,959860,,,,,,,,,2.39878e+06,253914,
MEX,2002-01-01,1.86471e+06,1.31852e+06,183795,357527,370111,378814,418004,1.82736e+06,1.73391e+06,58517.8,497462,362738,100931,478807,33175,44694.4,196298,110702,173717,39964.7,1.05758e+06,93449.4,,,,,,,,42.7206,43.7409,36.4498,40.6423,40.6751,35.6636,34.2447,41.8649,42.3006,41.228,38.1501,38.0993,,,,,,,,,45.8249,35.4699,,4.3649e+06,3.01439e+06,504241,879691,909921,1.06219e+06,1.22064e+06,4.3649e+06,4.09903e+06,141937,1.30396e+06,952086,,,,,,,,,2.30788e+06,263461,
MEX,2002-04-01,1.94478e+06,1.35777e+06,188161,370137,392513,425115,451475,1.98535e+06,1.88803e+06,60522.8,552120,385754,103325,532569,35777.5,45206,209835,121565,182506,41879.5,1.08473e+06,97320.1,,,,,,,,44.0752,44.4639,37.4052,41.6885,42.0568,37.7665,36.1572,44.9947,45.4953,42.4958,42.0029,40.3271,,,,,,,,,43.6841,36.6513,,4.41241e+06,3.05365e+06,503034,887864,933294,1.12564e+06,1.24864e+06,4.41241e+06,4.14995e+06,142420,1.31448e+06,956564,,,,,,,,,2.48312e+06,265530,
MEX,2002-07-01,1.99277e+06,1.38027e+06,196069,386664,413259,444896,474363,1.9929e+06,1.89867e+06,62662.2,563506,391464,121422,530718,35858.3,44497.3,208118,108354,186466,41035.5,1.11363e+06,94225.2,,,,,,,,44.7485,45.1717,38.5286,42.6093,42.9001,38.8867,37.7667,44.7513,45.3945,43.3325,42.5311,40.5941,,,,,,,,,46.0226,35.1971,,4.45327e+06,3.05561e+06,508891,907465,963306,1.14408e+06,1.25604e+06,4.45327e+06,4.18261e+06,144608,1.32493e+06,964337,,,,,,,,,2.41974e+06,267707,
MEX,2002-10-01,2.0234e+06,1.39442e+06,201556,400832,421853,458162,479914,2.02215e+06,1.92348e+06,62537.6,549660,391454,116913,528260,38683.8,45765.3,214399,119806,196778,42503.3,1.13146e+06,98663.1,,,,,,,,45.3398,45.7319,39.732,43.6538,43.7715,40.168,38.3943,45.3117,45.9062,43.8227,41.2373,40.412,,,,,,,,,46.371,36.4684,,4.46275e+06,3.04912e+06,507290,918207,963763,1.14062e+06,1.24996e+06,4.46275e+06,4.19003e+06,142706,1.33292e+06,968656,,,,,,,,,2.44002e+06,270544,
MEX,2003-01-01,2.04464e+06,1.42029e+06,209237,411990,433063,473141,500812,2.02341e+06,1.92283e+06,64628.3,550270,384111,119538,522914,35376.6,51080.7,215298,126286,195013,42940.4,1.16075e+06,100578,,,,,,,,45.826,46.1105,41.1313,45.1371,44.0509,42.7096,39.8782,45.3501,45.9111,44.3397,41.8319,40.5224,,,,,,,,,48.6302,37.6483,,4.46175e+06,3.08019e+06,508706,912752,983096,1.10781e+06,1.25586e+06,4.46175e+06,4.18816e+06,145757,1.31543e+06,947897,,,,,,,,,2.38689e+06,267153,
MEX,2003-04-01,2.04102e+06,1.44356e+06,217330,410508,420903,456065,494829,2.06346e+06,1.9676e+06,66550.5,528313,395167,117006,546899,38206.2,51938.1,229341,136831,204750,44959.7,1.1791e+06,95859,,,,,,,,45.6914,46.5657,42.4989,44.8003,44.3328,43.1462,39.1383,46.1937,46.9035,44.7532,39.6938,41.0581,,,,,,,,,47.6435,35.26,,4.46698e+06,3.10005e+06,511379,916307,949417,1.05702e+06,1.26431e+06,4.46698e+06,4.195e+06,148706,1.33097e+06,962458,,,,,,,,,2.47483e+06,271863,
MEX,2003-07-01,2.05855e+06,1.46797e+06,218229,413888,428113,492862,518066,2.05258e+06,1.9534e+06,68163.1,529423,397883,127862,550586,38735.3,48574.9,227202,121097,203115,43823.8,1.19368e+06,99173.8,,,,,,,,46.06,47.0692,43.4318,45.2686,44.8032,44.3844,39.8807,45.9262,46.5098,45.2283,39.6954,41.4345,,,,,,,,,49.4788,36.0532,,4.46929e+06,3.11875e+06,502463,914294,955541,1.11044e+06,1.29904e+06,4.46929e+06,4.19999e+06,150709,1.33371e+06,960269,,,,,,,,,2.41251e+06,275076,
MEX,2003-10-01,2.11526e+06,1.50269e+06,221960,424258,442937,529023,550882,2.12008e+06,2.02248e+06,67184,540844,405366,121651,561694,43979.6,54261.5,234259,132130,212827,44598.9,1.22194e+06,97606.8,,,,,,,,46.9036,47.954,44.2297,46.3791,46.0819,47.1198,42.1531,47.0104,47.8499,45.4118,40.3258,42.0422,,,,,,,,,49.4499,34.6718,,4.50981e+06,3.13361e+06,501836,914761,961196,1.12272e+06,1.30686e+06,4.50981e+06,4.22671e+06,147944,1.34119e+06,964187,,,,,,,,,2.47107e+06,281516,
MEX,2004-01-01,2.20006e+06,1.53447e+06,226877,453832,479181,542963,572266,2.1827e+06,2.08058e+06,75022.7,574428,417807,134680,574070,41827.5,53280.7,233792,138766,208977,45685.1,1.25551e+06,102114,,,,,,,,48.1546,48.9182,45.144,47.188,46.592,48.3409,43.1526,47.7745,48.4261,48.2329,42.5305,43.4851,,,,,,,,,51.3024,36.6679,,4.56875e+06,3.1368e+06,502563,961752,1.02846e+06,1.1232e+06,1.32614e+06,4.56875e+06,4.29641e+06,155542,1.35063e+06,960806,,,,,,,,,2.44726e+06,278482,
MEX,2004-04-01,2.29125e+06,1.58609e+06,230589,481266,516690,578116,617630,2.3205e+06,2.22101e+06,71065.8,628171,444067,141006,608653,44839.8,56330.6,252770,150932,216821,46880.4,1.2963e+06,99489.3,,,,,,,,49.4852,50.159,45.8307,49.3066,48.6682,49.9434,45.4221,50.1169,51.0579,47.0692,45.7802,45.2279,,,,,,,,,50.5156,35.3307,,4.63017e+06,3.16213e+06,503132,976068,1.06166e+06,1.15754e+06,1.35976e+06,4.63017e+06,4.34998e+06,150982,1.37214e+06,981844,,,,,,,,,2.56613e+06,281594,
MEX,2004-07-01,2.3386e+06,1.63736e+06,230982,485670,516817,595815,640296,2.32798e+06,2.2354e+06,72573.7,656501,454707,147854,618406,46248.9,60775.6,244476,132841,214369,46688,1.32079e+06,92580.4,,,,,,,,50.5374,51.4294,46.2667,50.2431,49.7774,50.6245,46.7437,50.308,51.4111,49.5511,47.7045,46.0363,,,,,,,,,52.7529,32.5804,,4.62746e+06,3.18371e+06,499240,966640,1.03826e+06,1.17693e+06,1.3698e+06,4.62746e+06,4.34809e+06,146462,1.37618e+06,987714,,,,,,,,,2.50374e+06,284160,
MEX,2004-10-01,2.40648e+06,1.69753e+06,237502,499489,524596,602194,657166,2.41721e+06,2.32104e+06,75709,657293,454846,147320,641048,52095.6,67001.4,250176,145783,225998,47739.8,1.35994e+06,96176,,,,,,,,51.4555,52.7659,47.1906,50.3471,50.126,50.8756,46.7568,51.685,52.8913,49.4719,47.6786,46.0065,,,,,,,,,52.8662,33.8106,,4.67682e+06,3.2171e+06,503282,992090,1.04656e+06,1.18366e+06,1.4055e+06,4.67682e+06,4.38832e+06,153034,1.37859e+06,988657,,,,,,,,,2.57242e+06,284455,
MEX,2005-01-01,2.42602e+06,1.73217e+06,241898,509004,532638,612529,665168,2.36252e+06,2.26106e+06,72375.7,638169,437900,150169,615702,49759.6,72184.3,247798,145554,220823,48699.6,1.3853e+06,101458,,,,,,,,51.7574,53.9019,47.8156,50.5902,50.8735,50.7792,47.1223,50.4027,51.5295,49.6361,46.1801,44.1378,,,,,,,,,56.2039,34.9368,,4.68729e+06,3.21357e+06,505897,1.00613e+06,1.04699e+06,1.20626e+06,1.41158e+06,4.68729e+06,4.3879e+06,145813,1.38191e+06,992121,,,,,,,,,2.46477e+06,290404,
MEX,2005-04-01,2.45419e+06,1.75911e+06,247179,504894,518400,627594,660846,2.515e+06,2.41763e+06,72427.5,685488,460330,150525,667363,52315.6,75763.7,264701,162366,232231,50608.7,1.41378e+06,97371.2,,,,,,,,52.347,54.6636,48.6228,50.1133,50.2987,51.5674,46.3493,53.6442,54.9397,50.6344,49.2833,46.5458,,,,,,,,,53.8731,33.6044,,4.68831e+06,3.21806e+06,508361,1.0075e+06,1.03064e+06,1.21703e+06,1.42579e+06,4.68831e+06,4.40052e+06,143040,1.39091e+06,988982,,,,,,,,,2.62427e+06,289758,
MEX,2005-07-01,2.52496e+06,1.80502e+06,255074,512186,529179,633812,668571,2.51552e+06,2.41888e+06,80049.3,697624,459235,154811,670044,53450.4,75925.1,259282,152195,233040,49720.5,1.45241e+06,96643.8,,,,,,,,53.3171,55.3117,49.3055,50.6076,50.7172,51.7819,46.4183,53.1178,54.3456,52.1277,49.9507,45.7397,,,,,,,,,56.5268,33.2044,,4.73575e+06,3.26336e+06,517334,1.01207e+06,1.04339e+06,1.224e+06,1.44032e+06,4.73575e+06,4.45092e+06,153564,1.39662e+06,1.00402e+06,,,,,,,,,2.56942e+06,291057,
MEX,2005-10-01,2.5918e+06,1.82656e+06,262555,541126,566931,671371,710875,2.60655e+06,2.50632e+06,70203.2,707155,480557,158727,688121,59600.8,80195.6,269311,162451,247709,50825.9,1.48502e+06,100232,,,,,,,,53.7326,55.3484,50.085,51.0341,51.1873,51.566,46.4032,54.0384,55.3769,47.906,49.2972,46.4332,,,,,,,,,56.0534,33.7733,,4.82351e+06,3.30012e+06,524219,1.06032e+06,1.10756e+06,1.30196e+06,1.53195e+06,4.82351e+06,4.52593e+06,146544,1.43447e+06,1.03494e+06,,,,,,,,,2.6493e+06,296777,
MEX,2006-01-01,2.68268e+06,1.86617e+06,270378,562357,587158,708860,727653,2.63766e+06,2.5319e+06,79084.5,738639,498758,160919,694283,56153.7,79354.7,267708,159222,244451,53230.6,1.52608e+06,105757,,,,,,,,54.5336,55.5491,51.0336,51.6427,52.1096,52.7241,46.5363,53.6184,54.9723,51.739,50.7956,47.5484,,,,,,,,,58.4454,34.7961,,4.91931e+06,3.3595e+06,529804,1.08894e+06,1.12677e+06,1.34447e+06,1.56362e+06,4.91931e+06,4.60577e+06,152853,1.45414e+06,1.04895e+06,,,,,,,,,2.61112e+06,303933,
MEX,2006-04-01,2.77299e+06,1.91157e+06,274366,602151,634846,757594,792555,2.80689e+06,2.70515e+06,79634.5,808706,542436,171806,726331,61014.7,80777.3,289362,173028,253962,55534.4,1.55777e+06,101743,,,,,,,,55.9024,56.306,51.7815,53.7639,54.3786,55.3215,50.2604,56.586,58.0967,51.1472,55.2533,51.2029,,,,,,,,,56.9215,33.1305,,4.96041e+06,3.39496e+06,529853,1.11999e+06,1.16746e+06,1.36944e+06,1.5769e+06,4.96041e+06,4.65629e+06,155697,1.46363e+06,1.05938e+06,,,,,,,,,2.7367e+06,307098,
MEX,2006-07-01,2.81711e+06,1.94659e+06,275588,620813,644877,746592,796246,2.81158e+06,2.71659e+06,80593.7,821493,555450,190198,724558,62263,81318,285817,168305,254706,54569.7,1.57801e+06,94996.4,,,,,,,,56.6483,57.065,52.466,54.8261,55.0465,55.6966,50.7302,56.5371,58.1666,52.5073,56.0999,52.436,,,,,,,,,58.7544,30.9161,,4.97298e+06,3.41119e+06,525270,1.13233e+06,1.17151e+06,1.34046e+06,1.56957e+06,4.97298e+06,4.67035e+06,153490,1.46434e+06,1.05929e+06,,,,,,,,,2.68577e+06,307272,
MEX,2006-10-01,2.84493e+06,1.98037e+06,278958,621539,637204,738639,788378,2.86398e+06,2.76569e+06,86456.5,783730,548788,188003,742847,69015.5,87832.2,294378,178965,264967,55597.2,1.60437e+06,98294.7,,,,,,,,57.0012,57.9547,53.4023,54.6593,54.6931,55.6434,50.6149,57.383,59.1396,54.1179,53.7101,51.8648,,,,,,,,,58.5415,31.3378,,4.991e+06,3.4171e+06,522371,1.13712e+06,1.16505e+06,1.32745e+06,1.5576e+06,4.991e+06,4.67655e+06,159756,1.45919e+06,1.05811e+06,,,,,,,,,2.74058e+06,313662,
MEX,2007-01-01,2.9094e+06,2.02628e+06,286865,634277,657508,757840,811937,2.8577e+06,2.74106e+06,90151.4,794063,548300,182718,744433,67997.2,91093.4,285125,168974,260128,58628.1,1.64634e+06,116639,,,,,,,,57.8746,59.1067,54.3406,55.6174,55.5198,56.7325,50.6378,56.8463,58.1635,55.5473,54.0273,51.6012,,,,,,,,,61.719,38.3347,,5.02707e+06,3.42817e+06,527901,1.14043e+06,1.18428e+06,1.33581e+06,1.60342e+06,5.02707e+06,4.71269e+06,162297,1.46974e+06,1.06257e+06,,,,,,,,,2.66748e+06,304264,
MEX,2007-04-01,2.97749e+06,2.06388e+06,295565,650076,669216,788177,848147,3.00547e+06,2.89765e+06,89433.9,844936,566888,183672,783842,71567.1,93752.2,306033,182745,274845,60376.1,1.68699e+06,107817,,,,,,,,58.8594,59.9433,55.172,55.835,55.6565,57.8286,51.5203,59.4125,60.9008,55.0416,57.1287,53.0354,,,,,,,,,60.2144,35.1253,,5.05864e+06,3.44306e+06,535715,1.16428e+06,1.2024e+06,1.36295e+06,1.64624e+06,5.05864e+06,4.75799e+06,162484,1.47901e+06,1.06889e+06,,,,,,,,,2.80164e+06,306949,
MEX,2007-07-01,3.03229e+06,2.10295e+06,303444,689836,711687,833362,882417,3.03236e+06,2.92835e+06,92269.3,860345,565000,197980,788650,75244.2,97164.4,308258,181316,276864,58983.5,1.72062e+06,104004,,,,,,,,59.7276,61.4355,56.1916,56.244,56.4258,58.4089,52.4085,59.729,61.3535,56.7925,58.7903,53.3174,,,,,,,,,61.9686,33.7026,,5.07686e+06,3.42302e+06,540017,1.2265e+06,1.26128e+06,1.42677e+06,1.68373e+06,5.07686e+06,4.77292e+06,162467,1.46341e+06,1.05969e+06,,,,,,,,,2.7766e+06,308592,
MEX,2007-10-01,3.12362e+06,2.15749e+06,311286,712487,733606,844088,885255,3.15123e+06,3.04236e+06,93686.3,869004,554447,208002,803404,79475.3,102734,318779,198303,293956,60118.9,1.75131e+06,108871,,,,,,,,61.369,62.5419,57.3454,56.6699,56.7554,60.7253,52.4247,61.9114,63.6881,57.5101,59.953,52.9254,,,,,,,,,61.758,35.6114,,5.0899e+06,3.44967e+06,542827,1.25726e+06,1.29257e+06,1.39001e+06,1.68862e+06,5.0899e+06,4.77696e+06,162904,1.44948e+06,1.0476e+06,,,,,,,,,2.83576e+06,305718,
MEX,2008-01-01,3.15378e+06,2.22087e+06,314492,736641,747396,869763,922356,3.07448e+06,2.98589e+06,93468.2,894808,567099,200269,787643,74231.9,100750,308617,185252,281821,61482.7,1.77789e+06,88584.7,,3.07448e+06,785836,2.17511e+06,113535,,,61.9861,63.9095,58.2264,57.5364,57.5948,63.1639,53.9818,60.4275,62.5284,57.4635,61.8924,54.145,,,,,,,,,65.6953,27.9271,,5.08788e+06,3.47503e+06,540119,1.2803e+06,1.29768e+06,1.37699e+06,1.70864e+06,5.08788e+06,4.77526e+06,162657,1.44575e+06,1.04737e+06,,,,,,,,,2.70628e+06,317200,
MEX,2008-04-01,3.25552e+06,2.28622e+06,328243,764059,781793,883657,925009,3.31352e+06,3.23816e+06,97514.2,974054,608793,217600,851059,79797.6,109265,332225,201731,303449,63505.3,1.83904e+06,75362.5,,3.31352e+06,799695,2.42342e+06,90400.1,,,63.5044,64.9467,59.4903,58.6204,58.6543,65.7187,53.1613,64.6358,67.2513,59.2554,67.5662,57.9744,,,,,,,,,63.7359,23.4066,,5.12645e+06,3.52014e+06,551760,1.3034e+06,1.33288e+06,1.3446e+06,1.74e+06,5.12645e+06,4.81501e+06,164566,1.44163e+06,1.05011e+06,,,,,,,,,2.88541e+06,321971,
MEX,2008-07-01,3.28117e+06,2.30042e+06,335636,767733,790427,872249,950985,3.28497e+06,3.2181e+06,94583.6,966263,609160,221108,858794,77562.3,109910,335222,198099,303370,62236.1,1.86628e+06,66867.3,,3.28497e+06,806359,2.39686e+06,81744,,,63.956,65.7546,60.6155,59.6251,59.7552,65.968,53.1187,64.03,66.8814,58.9604,67.5025,58.6037,,,,,,,,,65.5489,20.8736,,5.13036e+06,3.49849e+06,553713,1.2876e+06,1.32278e+06,1.32223e+06,1.7903e+06,5.13036e+06,4.81165e+06,160419,1.43145e+06,1.03946e+06,,,,,,,,,2.84715e+06,320344,
MEX,2008-10-01,3.21825e+06,2.26276e+06,346398,772169,794345,867080,990436,3.2548e+06,3.16995e+06,103198,850056,600622,222486,851669,82457.1,101250,343382,212236,323242,63337.4,1.85242e+06,84850.9,,3.2548e+06,932986,2.22193e+06,99877.4,,,63.7336,67.2946,61.8635,62.4034,62.3362,64.6063,61.5355,64.4573,67.0769,61.8857,60.2048,58.9343,,,,,,,,,65.251,26.7685,,5.04954e+06,3.36247e+06,559939,1.23738e+06,1.27429e+06,1.3421e+06,1.60954e+06,5.04954e+06,4.72584e+06,166756,1.41194e+06,1.01914e+06,,,,,,,,,2.83891e+06,316981,
MEX,2009-01-01,3.09479e+06,2.18201e+06,351154,717915,726240,825513,891764,3.04274e+06,2.90375e+06,100037,769578,543058,199478,761686,77192.7,108362,323623,191798,311582,64442.2,1.8069e+06,138989,,3.04274e+06,828722,2.04624e+06,167774,,,65.3125,68.1645,62.5676,64.5635,64.1181,67.1808,64.8657,64.214,65.2213,61.5441,59.7034,59.8364,,,,,,,,,69.8986,50.1597,,4.73844e+06,3.2011e+06,561240,1.11195e+06,1.13266e+06,1.22879e+06,1.37478e+06,4.73844e+06,4.45215e+06,162545,1.289e+06,907572,,,,,,,,,2.58503e+06,277093,
MEX,2009-04-01,3.1128e+06,2.14036e+06,359779,714402,724532,785335,825426,3.11673e+06,2.99183e+06,100119,792699,540260,202819,775844,85392.8,108237,338426,196002,318364,65242.7,1.80452e+06,124903,,3.11673e+06,806143,2.16968e+06,140912,,,66.8255,67.7939,63.4364,64.2489,63.874,70.2375,62.0454,66.9099,67.9723,62.9649,62.0975,60.3055,,,,,,,,,68.6114,46.7969,,4.6581e+06,3.15716e+06,567150,1.11193e+06,1.13431e+06,1.11811e+06,1.33036e+06,4.6581e+06,4.40154e+06,159007,1.27654e+06,895871,,,,,,,,,2.63006e+06,266904,
MEX,2009-07-01,3.22226e+06,2.20706e+06,367359,728058,747759,846018,906228,3.22278e+06,3.10027e+06,96985.2,843997,571105,208255,822464,81944.2,114563,346350,198604,331394,65044.4,1.8702e+06,122512,,3.22278e+06,824764,2.26057e+06,137446,,,66.7496,68.3368,64.4343,64.535,63.9209,70.3828,61.3926,66.7602,68.2065,61.604,63.859,60.8017,,,,,,,,,68.7957,43.02,,4.82739e+06,3.22967e+06,570130,1.12816e+06,1.16982e+06,1.20202e+06,1.47612e+06,4.82739e+06,4.54541e+06,157433,1.32166e+06,939291,,,,,,,,,2.71848e+06,284779,
MEX,2009-10-01,3.31597e+06,2.28029e+06,371927,737193,763496,919105,951253,3.36687e+06,3.24919e+06,96928.9,892495,602794,208888,864300,85795.5,110362,354837,204194,348978,66563.2,1.90512e+06,117681,,3.36687e+06,955982,2.27611e+06,134784,,,67.222,69.1693,65.097,64.6577,64.1236,70.5207,60.7866,68.2538,70.1235,60.8662,64.8051,60.6029,,,,,,,,,67.6235,39.7666,,4.93287e+06,3.29669e+06,571343,1.14015e+06,1.19066e+06,1.30331e+06,1.56491e+06,4.93287e+06,4.63353e+06,159249,1.3772e+06,994664,,,,,,,,,2.81725e+06,295930,
MEX,2010-01-01,3.39262e+06,2.35435e+06,377661,766318,796868,961293,995860,3.33996e+06,3.20172e+06,100902,903264,606854,207578,857640,81049.6,115971,341133,195235,334144,69050.8,1.95585e+06,138245,,3.33996e+06,847975,2.32249e+06,169497,,,68.4837,71.1969,66.1017,65.6261,65.4421,69.2258,61.1605,67.4206,68.5603,63.0357,66.1819,62.0193,,,,,,,,,71.8591,50.0862,,4.95392e+06,3.30682e+06,571333,1.1677e+06,1.21767e+06,1.38863e+06,1.62827e+06,4.95392e+06,4.66993e+06,160071,1.36482e+06,978491,,,,,,,,,2.72179e+06,276015,
MEX,2010-04-01,3.46828e+06,2.44892e+06,391675,787634,810838,1.00548e+06,1.05403e+06,3.46225e+06,3.33977e+06,109332,931804,635868,210196,896209,88101.4,116531,357640,200504,347978,70062.7,1.99899e+06,122479,,3.46225e+06,845973,2.47619e+06,140083,,,69.2671,72.6939,67.6643,66.2544,66.093,68.4034,62.9745,69.1466,70.4883,65.4011,66.6913,63.2351,,,,,,,,,70.7104,44.0234,,5.00711e+06,3.36881e+06,578850,1.1888e+06,1.22681e+06,1.46992e+06,1.67374e+06,5.00711e+06,4.73805e+06,167172,1.39719e+06,1.00556e+06,,,,,,,,,2.82701e+06,278214,
MEX,2010-07-01,3.51796e+06,2.49785e+06,399741,786057,810504,1.04235e+06,1.08633e+06,3.511e+06,3.37281e+06,110318,946266,642306,210201,916349,87189.6,114064,367813,206404,355756,69302.6,2.03392e+06,138198,,3.511e+06,884381,2.47139e+06,155235,,,69.5962,73.9337,68.5211,66.4045,66.2475,66.8592,63.9983,69.4586,70.6324,66.2454,67.3039,63.3786,,,,,,,,,70.961,49.2031,,5.05482e+06,3.3785e+06,583384,1.18374e+06,1.22345e+06,1.55902e+06,1.69743e+06,5.05482e+06,4.77515e+06,166530,1.40596e+06,1.01344e+06,,,,,,,,,2.86625e+06,280873,
MEX,2010-10-01,3.58917e+06,2.54865e+06,404589,803346,837178,1.04127e+06,1.08581e+06,3.65494e+06,3.51048e+06,109240,955325,642892,221882,964380,88486.2,122375,377843,212456,372486,69745.6,2.08181e+06,144460,,3.65494e+06,1.03742e+06,2.4552e+06,162317,,,70.4227,74.2878,69.4774,65.3386,65.3084,67.114,62.5498,71.7132,72.9858,68.2445,67.8663,63.0959,,,,,,,,,70.1455,51.2653,,5.0966e+06,3.43079e+06,582332,1.22951e+06,1.28188e+06,1.5515e+06,1.73591e+06,5.0966e+06,4.80981e+06,160072,1.40766e+06,1.01891e+06,,,,,,,,,2.96784e+06,281788,
MEX,2011-01-01,3.67192e+06,2.60658e+06,414183,821247,854650,1.09693e+06,1.1292e+06,3.62264e+06,3.47974e+06,111558,998956,649520,209676,961048,82424.6,119162,366504,206365,358335,70769.9,2.13227e+06,142900,,3.62264e+06,901222,2.5463e+06,175116,,,71.5414,74.4707,70.5365,66.4101,65.6327,69.0171,63.9152,70.5813,71.8091,69.0212,70.7118,63.6155,,,,,,,,,74.5056,51.378,,5.13257e+06,3.50014e+06,587190,1.23663e+06,1.30217e+06,1.58936e+06,1.76671e+06,5.13257e+06,4.84582e+06,161629,1.41271e+06,1.02101e+06,,,,,,,,,2.86189e+06,278134,
MEX,2011-04-01,3.74781e+06,2.62922e+06,423670,859691,896703,1.11515e+06,1.15689e+06,3.73089e+06,3.62481e+06,105392,1.04956e+06,670322,226058,994802,83899.9,117571,376942,216218,370376,72816.8,2.16993e+06,106074,,3.73089e+06,917760,2.68842e+06,124708,,,72.8082,74.9121,71.607,67.2086,66.5799,70.8349,65.161,72.4794,74.335,71.3265,73.7199,65.3299,,,,,,,,,73.8924,37.8516,,5.14751e+06,3.50974e+06,591660,1.27914e+06,1.34681e+06,1.5743e+06,1.77544e+06,5.14751e+06,4.87632e+06,147760,1.42371e+06,1.02606e+06,,,,,,,,,2.93661e+06,280236,
MEX,2011-07-01,3.84858e+06,2.68841e+06,439716,914047,942347,1.16295e+06,1.23188e+06,3.83529e+06,3.72106e+06,120834,1.07322e+06,693691,239804,1.02416e+06,85177.3,120853,385634,225622,386996,72190.6,2.22539e+06,114221,,3.83529e+06,945899,2.75818e+06,131204,,,73.3854,75.7371,72.9903,69.3042,69.0194,71.1234,68.1617,73.1319,74.9967,72.4623,74.5751,66.591,,,,,,,,,74.2413,40.5977,,5.24434e+06,3.54966e+06,602430,1.31889e+06,1.36534e+06,1.63511e+06,1.8073e+06,5.24434e+06,4.96164e+06,166755,1.43911e+06,1.04172e+06,,,,,,,,,2.99751e+06,281349,
MEX,2011-10-01,3.9979e+06,2.7465e+06,450782,973222,997059,1.26524e+06,1.31819e+06,4.07962e+06,3.93674e+06,116251,1.14388e+06,730884,266810,1.05098e+06,87798.7,133349,398588,237978,408678,73163.3,2.26162e+06,142886,,4.07962e+06,1.11768e+06,2.79905e+06,162901,,,75.6853,77.2265,74.1812,72.1348,71.9881,73.4256,72.8874,77.2324,78.7824,71.3354,78.0947,68.8163,,,,,,,,,73.6875,50.0663,,5.28227e+06,3.55642e+06,607676,1.34917e+06,1.38503e+06,1.72316e+06,1.80852e+06,5.28227e+06,4.99698e+06,162964,1.46474e+06,1.06208e+06,,,,,,,,,3.0692e+06,285393,
MEX,2012-01-01,4.05886e+06,2.76543e+06,463513,966316,999110,1.29388e+06,1.33499e+06,4.02594e+06,3.9074e+06,121707,1.17678e+06,767863,239552,1.08203e+06,85593.9,128368,383367,224008,397016,74865.1,2.31382e+06,118538,,4.02594e+06,994114,2.87722e+06,154600,,,76.1214,78.141,75.3911,71.905,72.0306,74.4696,72.1709,75.5038,77.2719,72.5803,79.4984,71.2832,,,,,,,,,77.1899,41.347,,5.33209e+06,3.53902e+06,614811,1.34388e+06,1.38706e+06,1.73746e+06,1.84976e+06,5.33209e+06,5.05669e+06,167687,1.48026e+06,1.0772e+06,,,,,,,,,2.99756e+06,286692,
MEX,2012-04-01,4.11848e+06,2.82979e+06,472140,992995,1.01809e+06,1.35811e+06,1.38825e+06,4.09612e+06,3.99515e+06,122423,1.18235e+06,795328,248730,1.10207e+06,88951.9,123624,393352,236021,407103,77001.9,2.35262e+06,100970,,4.09612e+06,971741,3.00541e+06,118964,,,76.7634,79.02,76.3328,73.5558,73.5716,75.0656,74.585,76.3466,78.5725,73.5812,79.1894,73.0107,,,,,,,,,77.293,35.5297,,5.36516e+06,3.58111e+06,618529,1.34999e+06,1.38381e+06,1.80923e+06,1.8613e+06,5.36516e+06,5.08466e+06,166378,1.49307e+06,1.08933e+06,,,,,,,,,3.04377e+06,284184,
MEX,2012-07-01,4.15872e+06,2.89172e+06,475266,995709,1.02323e+06,1.29126e+06,1.33972e+06,4.14526e+06,4.00742e+06,127501,1.17016e+06,796273,259444,1.10212e+06,87983.2,128996,403981,244477,418438,77767.1,2.3767e+06,137832,,4.14526e+06,1.03039e+06,2.96023e+06,154634,,,77.3096,79.8562,77.4675,73.168,73.104,74.0545,71.4957,77.0593,78.6369,75.9527,78.4641,73.266,,,,,,,,,77.646,48.303,,5.3793e+06,3.62116e+06,613505,1.36085e+06,1.39969e+06,1.74366e+06,1.87385e+06,5.3793e+06,5.09611e+06,167869,1.49133e+06,1.08682e+06,,,,,,,,,3.06095e+06,285349,
MEX,2012-10-01,4.17736e+06,2.92787e+06,481115,961599,992207,1.27019e+06,1.34936e+06,4.26182e+06,4.13688e+06,129969,1.14443e+06,787863,260691,1.16032e+06,84861.4,140805,415580,261091,439490,78724.4,2.42941e+06,124934,,4.26182e+06,1.19975e+06,2.91672e+06,145341,,,77.0572,80.1063,78.2636,72.0516,72.1309,73.1615,69.6549,78.615,80.5752,75.022,76.918,72.792,,,,,,,,,76.0868,43.9733,,5.42112e+06,3.65498e+06,614736,1.3346e+06,1.37556e+06,1.73614e+06,1.93721e+06,5.42112e+06,5.13419e+06,173241,1.48786e+06,1.08235e+06,,,,,,,,,3.19295e+06,284113,
MEX,2013-01-01,4.20895e+06,2.95007e+06,481942,957075,983557,1.27127e+06,1.3479e+06,4.10504e+06,3.9376e+06,123784,1.11796e+06,763714,236027,1.10549e+06,82485.9,141275,399093,240621,415770,80230.6,2.44914e+06,167439,,4.10504e+06,1.04739e+06,2.8521e+06,205550,,,77.5701,80.0672,78.7629,72.0481,72.0692,72.6339,69.1853,75.6551,76.6468,73.0267,75.2437,70.7194,,,,,,,,,81.1447,59.2585,,5.42599e+06,3.6845e+06,611890,1.32838e+06,1.36474e+06,1.75024e+06,1.94824e+06,5.42599e+06,5.13733e+06,169506,1.48578e+06,1.07992e+06,,,,,,,,,3.01824e+06,282557,
MEX,2013-04-01,4.18421e+06,2.97466e+06,487358,921848,960483,1.27081e+06,1.32852e+06,4.21112e+06,4.08258e+06,130629,1.13104e+06,790206,240668,1.1664e+06,90122,149092,408800,248203,422163,81398,2.46796e+06,128536,,4.21112e+06,1.06333e+06,2.99755e+06,150244,,,77.4328,80.6009,79.4975,71.4352,71.5454,71.6561,67.706,77.9307,79.6653,74.6377,76.2585,73.2262,,,,,,,,,78.9199,45.5365,,5.40367e+06,3.69061e+06,613048,1.29047e+06,1.34248e+06,1.77348e+06,1.96219e+06,5.40367e+06,5.12467e+06,175018,1.48317e+06,1.07913e+06,,,,,,,,,3.12717e+06,282270,
MEX,2013-07-01,4.25382e+06,3.01356e+06,502586,923162,953980,1.33674e+06,1.37363e+06,4.24543e+06,4.07768e+06,124750,1.13997e+06,780994,243893,1.14299e+06,89337.5,150974,420597,256098,438982,81937.7,2.50118e+06,167753,,4.24543e+06,1.06914e+06,2.99043e+06,185865,,,78.2292,81.3741,80.4094,72.143,72.2263,71.9905,70.0033,78.0748,79.1495,71.887,76.6231,72.0552,,,,,,,,,79.83,58.9638,,5.43765e+06,3.70335e+06,625034,1.27963e+06,1.32082e+06,1.85683e+06,1.96223e+06,5.43765e+06,5.15187e+06,173537,1.48776e+06,1.08388e+06,,,,,,,,,3.13314e+06,284502,
MEX,2013-10-01,4.30943e+06,3.05941e+06,513122,928928,951818,1.33174e+06,1.36758e+06,4.39241e+06,4.22196e+06,130352,1.13131e+06,776402,259348,1.17324e+06,95676.5,163186,431473,272534,462694,82150.4,2.53055e+06,170454,,4.39241e+06,1.25747e+06,2.94269e+06,192263,,,78.8641,82.2878,81.3417,72.5154,72.5475,71.9008,69.8526,80.3828,81.497,73.57,75.5866,71.4225,,,,,,,,,78.3708,60.6551,,5.46437e+06,3.71793e+06,630823,1.28101e+06,1.31199e+06,1.85219e+06,1.95781e+06,5.46437e+06,5.18051e+06,177181,1.4967e+06,1.08706e+06,,,,,,,,,3.22894e+06,281022,
MEX,2014-01-01,4.41447e+06,3.1368e+06,516078,947728,973537,1.36545e+06,1.42042e+06,4.35106e+06,4.12887e+06,130657,1.16924e+06,796712,239576,1.15089e+06,89133.2,156817,422151,251268,443480,81618,2.55944e+06,222192,,4.35106e+06,1.08688e+06,2.99727e+06,266906,,,80.2537,84.069,82.2416,72.984,73.2779,72.5689,70.4957,79.101,79.2722,73.9368,77.3346,72.1481,,,,,,,,,82.8742,77.3562,,5.50064e+06,3.73122e+06,627514,1.29854e+06,1.32855e+06,1.8816e+06,2.0149e+06,5.50064e+06,5.20847e+06,176714,1.51192e+06,1.10427e+06,,,,,,,,,3.08834e+06,287233,
MEX,2014-04-01,4.52691e+06,3.21455e+06,521304,972168,991846,1.41786e+06,1.46459e+06,4.51056e+06,4.29907e+06,134945,1.21979e+06,831987,254930,1.20802e+06,94051.2,156212,430829,258428,443320,84389.4,2.60955e+06,211494,,4.51056e+06,1.1265e+06,3.1489e+06,235165,,,81.2686,85.1719,82.9704,73.6104,73.8103,73.2801,71.044,80.9751,81.3985,74.8644,79.1911,73.636,,,,,,,,,82.1955,73.0079,,5.57031e+06,3.77419e+06,628302,1.32069e+06,1.34378e+06,1.93485e+06,2.06152e+06,5.57031e+06,5.2815e+06,180252,1.54031e+06,1.12987e+06,,,,,,,,,3.17481e+06,289686,
MEX,2014-07-01,4.56346e+06,3.23327e+06,542546,974456,1.00714e+06,1.43386e+06,1.47716e+06,4.55488e+06,4.32967e+06,141901,1.22278e+06,846856,259705,1.21345e+06,88968.3,156765,441804,264902,468698,85159.8,2.64937e+06,225211,,4.55488e+06,1.14604e+06,3.16234e+06,246495,,,81.7851,85.5108,84.539,74.1864,74.4127,73.3904,70.8074,81.6314,81.8208,77.5116,79.7775,75.2376,,,,,,,,,82.6212,78.0106,,5.57981e+06,3.78112e+06,641770,1.31352e+06,1.35345e+06,1.95374e+06,2.08616e+06,5.57981e+06,5.29164e+06,183071,1.53274e+06,1.12557e+06,,,,,,,,,3.20665e+06,288692,
MEX,2014-10-01,4.63616e+06,3.26438e+06,551313,1.03301e+06,1.0685e+06,1.48668e+06,1.5596e+06,4.72115e+06,4.47733e+06,140206,1.18857e+06,873733,281862,1.26912e+06,93765.4,167425,449821,289190,490214,85217.4,2.70372e+06,243821,,4.72115e+06,1.32641e+06,3.12704e+06,267698,,,82.3885,85.7743,85.9442,75.755,75.974,73.8212,73.1199,83.8989,83.9702,78.4178,76.8843,76.4384,,,,,,,,,81.4455,83.3383,,5.62719e+06,3.80578e+06,641478,1.36362e+06,1.4064e+06,2.01389e+06,2.13293e+06,5.62719e+06,5.33205e+06,178794,1.54592e+06,1.14306e+06,,,,,,,,,3.31967e+06,292568,
MEX,2015-01-01,4.66553e+06,3.25561e+06,565175,1.04451e+06,1.07679e+06,1.5384e+06,1.6009e+06,4.59739e+06,4.32627e+06,146424,1.1732e+06,911064,250883,1.24604e+06,86936.7,160715,437544,265576,476990,88032.3,2.74267e+06,271122,,4.59739e+06,1.11783e+06,3.15998e+06,319575,,,82.5044,84.9691,87.1017,77.4944,77.6498,75.0904,75.0244,81.2994,80.8162,79.2229,75.9084,79.3912,,,,,,,,,85.9993,90.8872,,5.65489e+06,3.83153e+06,648868,1.34786e+06,1.38672e+06,2.04873e+06,2.13384e+06,5.65489e+06,5.35322e+06,184825,1.54554e+06,1.14756e+06,,,,,,,,,3.18917e+06,298306,
MEX,2015-04-01,4.78358e+06,3.28884e+06,569083,1.10002e+06,1.12276e+06,1.63645e+06,1.72553e+06,4.77188e+06,4.51365e+06,145487,1.23147e+06,961040,267412,1.31007e+06,92564.9,159721,451604,277920,476668,89596,2.80602e+06,258234,,4.77188e+06,1.16564e+06,3.32416e+06,282084,,,83.8618,85.3181,88.0449,79.5001,79.8234,78.2183,79.4267,83.6567,83.5789,80.6342,79.4734,82.9179,,,,,,,,,85.5718,85.2452,,5.70412e+06,3.8548e+06,646355,1.38367e+06,1.40655e+06,2.09215e+06,2.17249e+06,5.70412e+06,5.40046e+06,180428,1.54953e+06,1.15903e+06,,,,,,,,,3.27913e+06,302931,
MEX,2015-07-01,4.87896e+06,3.3535e+06,575222,1.16375e+06,1.18973e+06,1.70833e+06,1.83472e+06,4.86686e+06,4.59415e+06,150135,1.24987e+06,994228,294862,1.34022e+06,92444.4,163575,458814,279470,491548,90855.4,2.86723e+06,272718,,4.86686e+06,1.19835e+06,3.37424e+06,294273,,,84.5367,86.1867,89.332,81.6258,81.8239,80.2473,83.0509,84.3272,84.0714,82.9901,79.8335,84.919,,,,,,,,,86.5752,88.5886,,5.7714e+06,3.89097e+06,643915,1.42572e+06,1.45401e+06,2.12883e+06,2.20915e+06,5.7714e+06,5.46458e+06,180908,1.56559e+06,1.1708e+06,,,,,,,,,3.31184e+06,307848,
MEX,2015-10-01,4.90786e+06,3.40456e+06,579507,1.14532e+06,1.17474e+06,1.68273e+06,1.8078e+06,4.99248e+06,4.72382e+06,150842,1.22662e+06,995667,291242,1.37272e+06,95307.8,177474,466706,304841,516376,93439.1,2.90815e+06,268657,,4.99248e+06,1.47383e+06,3.22778e+06,290879,,,85.2895,86.831,89.857,82.7826,83.0239,81.4604,82.2938,86.76,86.8617,81.4481,77.9173,84.3197,,,,,,,,,85.7544,86.2249,,5.75436e+06,3.9209e+06,644921,1.38353e+06,1.41494e+06,2.06571e+06,2.19676e+06,5.75436e+06,5.43833e+06,185200,1.57425e+06,1.18082e+06,,,,,,,,,3.39126e+06,311577,
MEX,2016-01-01,4.98385e+06,3.46599e+06,585664,1.17936e+06,1.20767e+06,1.74816e+06,1.87097e+06,4.88542e+06,4.58516e+06,158341,1.20649e+06,991294,274913,1.35919e+06,86874.6,184304,455394,280676,494052,93484,2.9667e+06,300253,,4.88542e+06,1.19371e+06,3.34516e+06,346544,,,86.7179,88.3622,90.3121,84.685,84.585,84.984,86.4529,85.0052,84.1238,86.9031,77.7195,85.2812,,,,,,,,,91.1826,97.2582,,5.7472e+06,3.92248e+06,648489,1.39264e+06,1.42776e+06,2.05705e+06,2.16414e+06,5.7472e+06,5.45049e+06,182204,1.55236e+06,1.16238e+06,,,,,,,,,3.25358e+06,308717,
MEX,2016-04-01,5.09093e+06,3.5068e+06,594203,1.20207e+06,1.24394e+06,1.81942e+06,1.94557e+06,5.13928e+06,4.8257e+06,165991,1.28551e+06,1.04014e+06,294571,1.43599e+06,88061.2,185001,469928,292877,498764,96409.6,3.0187e+06,313582,,5.13928e+06,1.21267e+06,3.58995e+06,336665,,,88.1742,89.5968,90.7776,86.7894,86.8025,86.8782,87.8933,89.0116,88.2394,88.9689,83.0047,89.4127,,,,,,,,,89.7593,101.571,,5.77372e+06,3.91398e+06,654570,1.38504e+06,1.43307e+06,2.09422e+06,2.21356e+06,5.77372e+06,5.46887e+06,186572,1.54871e+06,1.16331e+06,,,,,,,,,3.36311e+06,308732,
MEX,2016-07-01,5.25157e+06,3.60689e+06,607377,1.23859e+06,1.26625e+06,1.97555e+06,2.06579e+06,5.23048e+06,4.89431e+06,172060,1.33177e+06,1.05951e+06,304380,1.44637e+06,86957.4,194436,477421,290776,511321,95644,3.08974e+06,336171,,5.23048e+06,1.28646e+06,3.58681e+06,357204,,,90.1681,91.4301,91.5288,89.843,89.8247,90.5711,92.0561,89.8061,88.7703,89.006,85.794,90.3642,,,,,,,,,91.5892,106.952,,5.82419e+06,3.94497e+06,663591,1.37862e+06,1.40969e+06,2.18122e+06,2.24405e+06,5.82419e+06,5.51345e+06,193312,1.55229e+06,1.17249e+06,,,,,,,,,3.37348e+06,314320,
MEX,2016-10-01,5.41126e+06,3.7092e+06,615676,1.30295e+06,1.33254e+06,2.0878e+06,2.17398e+06,5.50361e+06,5.19525e+06,176297,1.38695e+06,1.08472e+06,327692,1.52701e+06,92895.9,211371,485755,325565,532909,97530.7,3.15732e+06,308362,,5.50361e+06,1.51877e+06,3.65254e+06,332303,,,91.8854,93.0108,92.4927,91.9822,91.8634,93.6845,95.8867,93.4536,93.2965,92.2088,88.7932,91.4212,,,,,,,,,89.8069,97.4456,,5.88914e+06,3.98792e+06,665648,1.41652e+06,1.45056e+06,2.22855e+06,2.26724e+06,5.88914e+06,5.56854e+06,191194,1.562e+06,1.18651e+06,,,,,,,,,3.51568e+06,316445,
MEX,2017-01-01,5.54009e+06,3.81293e+06,618248,1.3198e+06,1.36395e+06,2.15414e+06,2.29e+06,5.48081e+06,5.18452e+06,173908,1.48675e+06,1.1485e+06,316948,1.49933e+06,89785.3,211424,485741,303368,524019,99274.7,3.22656e+06,296294,,5.48081e+06,1.25721e+06,3.8762e+06,347406,,,93.5244,95.1911,93.9963,94.9501,94.6928,95.4954,97.8037,92.5236,92.5956,90.7363,93.864,94.8191,,,,,,,,,95.4618,93.231,,5.92369e+06,4.00555e+06,657736,1.38999e+06,1.4404e+06,2.25575e+06,2.34143e+06,5.92369e+06,5.5991e+06,191663,1.58394e+06,1.21125e+06,,,,,,,,,3.37995e+06,317806,
MEX,2017-04-01,5.60563e+06,3.82146e+06,623658,1.29412e+06,1.33546e+06,2.04928e+06,2.17819e+06,5.58776e+06,5.28116e+06,184436,1.47892e+06,1.14861e+06,318459,1.55841e+06,94051.9,210293,491373,312320,519645,99896.7,3.28855e+06,306607,,5.58776e+06,1.31177e+06,3.94454e+06,331450,,,94.5315,95.1342,95.0736,94.1844,94.0219,94.1067,92.8414,94.2302,94.1115,95.8485,93.5868,95.2251,,,,,,,,,95.6288,95.6842,,5.9299e+06,4.01691e+06,655974,1.37402e+06,1.42037e+06,2.17761e+06,2.34614e+06,5.9299e+06,5.61159e+06,192425,1.58026e+06,1.20621e+06,,,,,,,,,3.43887e+06,320436,
MEX,2017-07-01,5.63353e+06,3.84186e+06,632940,1.29568e+06,1.32811e+06,2.02103e+06,2.13835e+06,5.60609e+06,5.26961e+06,188241,1.46558e+06,1.13879e+06,335386,1.56241e+06,93614.6,217215,492134,305742,528315,100885,3.31009e+06,336479,,5.60609e+06,1.38065e+06,3.86564e+06,359810,,,95.5646,95.5449,96.0986,93.3363,93.2777,94.1125,90.7973,95.0992,94.3012,96.8671,94.3125,95.1572,,,,,,,,,96.4034,106.038,,5.895e+06,4.021e+06,658635,1.38818e+06,1.42382e+06,2.14746e+06,2.35508e+06,5.895e+06,5.58807e+06,194329,1.55396e+06,1.19675e+06,,,,,,,,,3.43359e+06,317321,
MEX,2017-10-01,5.76424e+06,3.90588e+06,653143,1.33022e+06,1.36114e+06,2.22212e+06,2.27383e+06,5.86154e+06,5.58882e+06,193579,1.50451e+06,1.15862e+06,352325,1.66257e+06,99704.3,228626,493556,350189,566466,103192,3.38957e+06,272724,,5.86154e+06,1.59985e+06,3.96457e+06,297124,,,96.4389,96.9302,97.5703,95.4072,95.4436,97.3776,95.0275,98.0667,98.8088,97.4049,96.1178,95.9807,,,,,,,,,94.3128,86.1953,,5.97709e+06,4.02958e+06,669408,1.39426e+06,1.42612e+06,2.28196e+06,2.39281e+06,5.97709e+06,5.6562e+06,198736,1.56528e+06,1.20714e+06,,,,,,,,,3.59397e+06,316402,
MEX,2018-01-01,5.92096e+06,4.02214e+06,671390,1.37113e+06,1.39521e+06,2.26441e+06,2.36853e+06,5.79538e+06,5.46719e+06,197524,1.51821e+06,1.18028e+06,341569,1.62604e+06,90974.2,223118,495288,319396,558133,104374,3.45961e+06,328192,,5.79538e+06,1.37368e+06,4.04195e+06,379752,,,97.835,98.3693,98.3729,96.5693,96.4676,97.4504,95.5545,95.76,95.7125,98.9674,96.5303,97.1064,,,,,,,,,100.084,100.02,,6.05198e+06,4.08882e+06,682495,1.41984e+06,1.4463e+06,2.32365e+06,2.47872e+06,6.05198e+06,5.71209e+06,199585,1.57278e+06,1.21545e+06,,,,,,,,,3.45671e+06,328127,
MEX,2018-04-01,5.98409e+06,4.06334e+06,678700,1.40736e+06,1.43051e+06,2.34877e+06,2.48801e+06,6.0342e+06,5.7236e+06,194893,1.61177e+06,1.25688e+06,358120,1.7038e+06,100404,224448,507798,338266,562579,105139,3.50619e+06,310598,,6.0342e+06,1.43529e+06,4.26018e+06,338737,,,99.1798,99.9678,99.1817,100.003,100.008,99.4658,100.991,100.01,100.152,97.0332,102.54,103.418,,,,,,,,,98.288,95.9191,,6.03357e+06,4.06465e+06,684300,1.40732e+06,1.4304e+06,2.36138e+06,2.46359e+06,6.03357e+06,5.71492e+06,200852,1.57184e+06,1.21534e+06,,,,,,,,,3.56726e+06,323813,
MEX,2018-07-01,6.09914e+06,4.09564e+06,682336,1.40628e+06,1.4331e+06,2.37743e+06,2.49798e+06,6.06564e+06,5.72854e+06,192980,1.62462e+06,1.25253e+06,367572,1.70752e+06,99624.7,239987,514933,332124,565069,105648,3.57148e+06,337100,,6.06564e+06,1.49016e+06,4.21314e+06,362350,,,100.675,100.47,100.387,101.017,101.161,100.191,100.672,100.122,99.8032,99.0597,102.93,101.968,,,,,,,,,100.395,103.703,,6.05827e+06,4.07647e+06,679705,1.39212e+06,1.41666e+06,2.37289e+06,2.4813e+06,6.05827e+06,5.73984e+06,194812,1.57837e+06,1.22836e+06,,,,,,,,,3.55742e+06,325063,
MEX,2018-10-01,6.17109e+06,4.1132e+06,690245,1.39184e+06,1.42023e+06,2.43431e+06,2.58148e+06,6.28144e+06,5.95431e+06,206047,1.61755e+06,1.24333e+06,370500,1.77489e+06,108294,253021,518858,365510,595194,107060,3.62231e+06,327135,,6.28145e+06,1.67544e+06,4.25313e+06,352872,,,102.06,100.889,102.058,102.118,102.286,102.203,101.823,103.885,104.176,102.363,103.197,101.381,,,,,,,,,98.8056,100.522,,6.04651e+06,4.07698e+06,676327,1.36298e+06,1.38849e+06,2.38184e+06,2.53526e+06,6.04651e+06,5.71563e+06,201290,1.56743e+06,1.22639e+06,,,,,,,,,3.66609e+06,325436,
MEX,2019-01-01,6.20513e+06,4.14502e+06,689292,1.38482e+06,1.41254e+06,2.39673e+06,2.45091e+06,6.13641e+06,5.76076e+06,207505,1.6129e+06,1.24697e+06,360729,1.6859e+06,94513.9,248902,521177,339816,585167,111072,3.64628e+06,375650,,6.13642e+06,1.46422e+06,4.24155e+06,430648,,,102.608,101.198,102.315,101.224,101.168,100.492,98.7553,101.471,100.947,102.206,103.889,101.876,,,,,,,,,103.97,113.669,,6.04743e+06,4.09595e+06,673699,1.36808e+06,1.39624e+06,2.38499e+06,2.4818e+06,6.04743e+06,5.70674e+06,203027,1.55252e+06,1.22401e+06,,,,,,,,,3.50706e+06,330478,
MEX,2019-04-01,6.27097e+06,4.19543e+06,688834,1.36681e+06,1.39785e+06,2.46404e+06,2.45196e+06,6.25917e+06,5.90955e+06,205916,1.67882e+06,1.27714e+06,356673,1.7345e+06,99780.8,246978,530636,347512,581588,110645,,349621,,6.25917e+06,1.5286e+06,4.35144e+06,379132,,,103.989,102.444,103.22,101.84,102.002,100.904,99.4622,103.793,103.502,102.84,107.372,103.447,,,,,,,,,,106.88,,6.03043e+06,4.09533e+06,667344,1.34211e+06,1.37042e+06,2.44197e+06,2.46522e+06,6.03043e+06,5.70959e+06,200228,1.56356e+06,1.23459e+06,,,,,,,,,3.54969e+06,327115,
MEX,2019-07-01,6.3336e+06,4.25766e+06,695270,1.36179e+06,1.39279e+06,2.47342e+06,2.50769e+06,6.29572e+06,5.93763e+06,208650,1.71261e+06,1.29382e+06,350021,1.74722e+06,105536,247910,539772,348711,588694,112157,,358097,,6.29572e+06,1.56041e+06,4.3482e+06,387116,,,105.002,103.372,104.681,103.231,103.648,101.485,101.277,104.375,104.002,105.389,109.237,104.998,,,,,,,,,,110.114,,6.03186e+06,4.11878e+06,664183,1.31917e+06,1.34376e+06,2.43722e+06,2.47607e+06,6.03186e+06,5.70915e+06,197981,1.56779e+06,1.23223e+06,,,,,,,,,3.55959e+06,325205,
MEX,2019-10-01,6.31671e+06,4.26601e+06,718165,1.33794e+06,1.3679e+06,2.34461e+06,2.37427e+06,6.43052e+06,6.08419e+06,206588,1.63844e+06,1.23144e+06,354103,1.81709e+06,109596,249924,549835,380297,626464,113979,,346333,,6.43051e+06,1.80424e+06,4.25139e+06,374883,,,105.515,103.042,107.229,102.487,102.851,102.102,97.5378,107.416,107.559,104.187,107.145,103.281,,,,,,,,,,106.825,,5.98654e+06,4.14005e+06,669750,1.30547e+06,1.32998e+06,2.29634e+06,2.43421e+06,5.98654e+06,5.65661e+06,198286,1.52918e+06,1.19231e+06,,,,,,,,,3.66223e+06,324207,
MEX,2020-01-01,6.38348e+06,4.26475e+06,726718,1.30984e+06,1.2613e+06,2.49063e+06,2.41547e+06,6.33221e+06,5.89794e+06,211345,1.61855e+06,1.25492e+06,336542,1.74682e+06,93917.5,257800,550151,355047,614824,116940,,434271,,6.3322e+06,1.59678e+06,4.24322e+06,492194,,,107.938,105.566,108.632,104.528,101.487,103.191,101.721,107.071,105.335,105.136,106.539,106.697,101.954,106.599,101.007,117.933,101.136,102.19,108.205,84.116,,135.641,,5.91403e+06,4.03989e+06,668972,1.2531e+06,1.24281e+06,2.4136e+06,2.37461e+06,5.91403e+06,5.59921e+06,201020,1.5192e+06,1.17616e+06,330091,1.63868e+06,92981.3,218599,543970,347437,568203,139022,3.48536e+06,320163,
MEX,2020-04-01,5.19665e+06,3.50531e+06,730135,1.0282e+06,1.04832e+06,1.80027e+06,1.97372e+06,5.19959e+06,4.90727e+06,217045,1.30729e+06,1.00581e+06,241609,1.2533e+06,85311.1,243896,537013,323350,602872,80267.9,,292323,,5.19957e+06,1.48379e+06,3.39838e+06,317396,,,108.35,108.022,109.996,113.443,115.026,105.61,110.628,108.412,107.145,109.684,107.056,110.368,105.25,108.658,106.494,115.811,103.144,102.406,108.687,83.4194,,127.849,,4.79616e+06,3.24499e+06,663786,906359,911379,1.70465e+06,1.7841e+06,4.79616e+06,4.58001e+06,197883,1.22112e+06,911324,229557,1.15344e+06,80108.8,210598,520642,315752,554685,96222.1,2.90353e+06,228647,
MEX,2020-07-01,6.10969e+06,3.97622e+06,738552,1.2223e+06,1.25538e+06,2.57678e+06,2.26839e+06,6.06693e+06,5.7141e+06,240332,1.68188e+06,1.30483e+06,302591,1.57897e+06,90768.7,246566,555082,339714,617700,92057.8,,352833,,6.06694e+06,1.59759e+06,4.08987e+06,379471,,,110.229,108.845,111.555,112.569,114.031,108.911,108.151,109.457,108.495,115.029,112.684,112.041,105.763,109.69,106.299,118.532,103.479,98.9058,110.669,85.0857,,124.891,,5.54275e+06,3.65311e+06,662052,1.08582e+06,1.1009e+06,2.36595e+06,2.09742e+06,5.54275e+06,5.26672e+06,208932,1.49256e+06,1.1646e+06,286104,1.43948e+06,85389.9,208017,536421,343473,558150,108194,3.24554e+06,282514,
MEX,2020-10-01,6.37083e+06,4.162e+06,743838,1.28497e+06,1.31064e+06,2.58682e+06,2.41255e+06,6.48802e+06,6.09834e+06,,1.68926e+06,1.33037e+06,344979,1.75516e+06,103359,244774,568042,381906,646526,98766.2,,389678,,6.48805e+06,1.8882e+06,4.17941e+06,420446,,,110.221,107.739,112.608,109.889,110.736,108.473,101.181,112.248,111.439,,109.549,109.425,112.052,113.37,112.882,116.62,104.285,108.809,115.379,85.3299,,131.073,,5.78007e+06,3.86305e+06,660554,1.16934e+06,1.18357e+06,2.38476e+06,2.38439e+06,5.78007e+06,5.47237e+06,201073,1.54201e+06,1.21578e+06,307874,1.54817e+06,91564.1,209890,544701,350987,560352,115746,3.48829e+06,297299,
MEX,2021-01-01,6.5119e+06,4.34452e+06,755052,1.34594e+06,1.37326e+06,2.53959e+06,2.60736e+06,6.41632e+06,5.99145e+06,,1.70988e+06,1.3521e+06,349478,1.69565e+06,94590,237465,567925,380118,634378,101953,,424872,,6.41635e+06,1.66033e+06,4.27085e+06,485171,,,111.845,110.436,114.427,112.515,113.418,109.861,106.332,110.204,108.766,,112.507,111.514,111.512,108.363,102.347,112.852,103.064,102.401,112.636,86.1328,,140.863,,5.82223e+06,3.93396e+06,659853,1.19623e+06,1.2108e+06,2.31165e+06,2.45209e+06,5.82223e+06,5.50856e+06,203899,1.5198e+06,1.2125e+06,313400,1.56479e+06,92421.3,210421,551041,371206,563209,118368,3.38438e+06,301622,
MEX,2021-04-01,6.641e+06,4.51534e+06,766256,1.39571e+06,1.42032e+06,2.6496e+06,2.73331e+06,6.65957e+06,6.28027e+06,,1.76204e+06,1.39409e+06,373674,1.81821e+06,100189,245842,579441,370949,653306,106174,,379304,,6.65961e+06,1.7141e+06,4.53272e+06,412788,,,113.016,112.671,115.102,115.413,115.727,112.64,110.509,113.332,112.721,,115.484,114.524,117.191,113.516,108.642,114.338,103.425,102.933,115.485,87.0611,,123.002,,5.87615e+06,4.00753e+06,665717,1.20932e+06,1.22731e+06,2.35227e+06,2.47338e+06,5.87615e+06,5.57153e+06,209642,1.52578e+06,1.2173e+06,318860,1.60172e+06,92220,215014,560254,360378,565707,121953,3.49786e+06,308372,
MEX,2021-07-01,6.70108e+06,4.6006e+06,755172,1.45089e+06,1.47729e+06,2.69591e+06,2.88367e+06,6.65296e+06,6.24144e+06,,1.77694e+06,1.40438e+06,393197,1.85802e+06,100556,255262,592750,269880,651768,115011,,411522,,6.65296e+06,1.80752e+06,4.40348e+06,441955,,,115,114.03,115.265,117.857,118.392,113.72,114.193,114.174,113.171,,116.879,116.029,120.999,114.348,107.234,116.937,104.363,100.826,115.446,90.2262,,129.751,,5.82702e+06,4.03455e+06,655164,1.23106e+06,1.24779e+06,2.37066e+06,2.52525e+06,5.82702e+06,5.51503e+06,205134,1.52032e+06,1.21037e+06,324959,1.62489e+06,93771.9,218290,567970,267670,564564,127469,3.43052e+06,317163,
MEX,2021-10-01,6.83968e+06,4.77315e+06,768606,1.49433e+06,1.52142e+06,2.93348e+06,3.11292e+06,6.96118e+06,6.59627e+06,,1.83186e+06,1.45579e+06,405762,2.01712e+06,109866,263194,603572,255581,678182,118240,,364914,,6.96111e+06,2.06335e+06,4.49714e+06,400622,,,116.076,116.488,116.037,120.592,121.052,118.314,119.967,118.139,118.684,,118.439,117.897,128.291,120.047,113.204,119.931,106.144,112.146,119.894,91.5599,,111.216,,5.89239e+06,4.09756e+06,662378,1.23916e+06,1.25683e+06,2.47941e+06,2.59482e+06,5.89239e+06,5.55783e+06,206767,1.54667e+06,1.2348e+06,316281,1.68028e+06,97052.2,219455,568634,227901,565651,129139,3.5429e+06,328112,
MEX,2022-01-01,7.09395e+06,4.97183e+06,797078,1.58519e+06,1.61121e+06,3.08068e+06,3.22535e+06,6.98531e+06,6.5992e+06,,1.92614e+06,1.53427e+06,419972,1.99566e+06,109637,281587,605356,220970,663125,123271,,386112,,6.98526e+06,1.87157e+06,4.66104e+06,452652,,,118.714,119.499,119.07,123.64,124.088,120.435,122.772,116.896,116.777,,121.813,121.234,127.485,116.236,105.186,125.242,105.968,101.498,117.481,92.1531,,120.273,,5.97564e+06,4.16057e+06,669421,1.28211e+06,1.29844e+06,2.55797e+06,2.62712e+06,5.97564e+06,5.65111e+06,207305,1.58122e+06,1.26554e+06,329427,1.7169e+06,104231,224833,571261,217708,564453,133768,3.43363e+06,321029,
MEX,2022-04-01,7.33385e+06,5.17759e+06,818977,1.65982e+06,1.68852e+06,3.22354e+06,3.47383e+06,7.35698e+06,7.00994e+06,,2.02224e+06,1.59267e+06,453425,2.16303e+06,115237,303344,614307,226943,686004,121680,,347038,,7.35691e+06,1.92256e+06,5.0445e+06,389854,,,121.301,123.237,121.199,127.213,127.533,122.555,128.237,121.683,122.604,,126.509,124.587,137.312,123.134,110.231,133.942,106.931,104.444,120.9,91.5928,,104.276,,6.04602e+06,4.20134e+06,675729,1.30476e+06,1.32399e+06,2.63028e+06,2.70892e+06,6.04602e+06,5.71756e+06,209138,1.5985e+06,1.27836e+06,330215,1.75665e+06,104542,226474,574490,217287,567415,132849,3.55824e+06,332808,
MEX,2022-07-01,7.48376e+06,5.30389e+06,834129,1.67194e+06,1.70227e+06,3.29883e+06,3.53496e+06,7.43686e+06,7.10559e+06,,2.07772e+06,1.6442e+06,450417,2.20725e+06,106764,319674,625980,229065,697117,133908,,331270,,7.43676e+06,2.0636e+06,5.00489e+06,368265,,,122.729,125.809,123.107,128.815,129.393,122.544,126.573,121.96,123.446,,128.51,126.686,139.218,124.315,104.967,139.673,107.905,105.286,122.365,97.6914,,98.1757,,6.09778e+06,4.21582e+06,677564,1.29794e+06,1.31558e+06,2.69194e+06,2.79283e+06,6.09778e+06,5.75602e+06,205138,1.61678e+06,1.29786e+06,323535,1.77553e+06,101712,228873,580119,217565,569704,137072,3.57763e+06,337425,
MEX,2022-10-01,7.61301e+06,5.37706e+06,837178,1.69965e+06,1.71645e+06,3.07587e+06,3.302e+06,7.74636e+06,7.39134e+06,,2.07062e+06,1.63763e+06,464520,2.26529e+06,123648,336124,642981,267088,720276,138477,,355014,,7.74658e+06,2.2847e+06,5.06416e+06,397714,,,123.461,125.888,124.269,125.84,125.892,120.839,118.91,125.623,126.942,,127.264,125.406,141.18,127.171,109.916,140.976,109.443,117.19,127.425,100.811,,103.712,,6.16634e+06,4.27129e+06,673683,1.35064e+06,1.36343e+06,2.54542e+06,2.77688e+06,6.16634e+06,5.82261e+06,216311,1.62703e+06,1.30587e+06,329027,1.78129e+06,112493,238426,587505,227911,565256,137363,3.69391e+06,342307,
MEX,2023-01-01,7.75158e+06,5.43418e+06,862514,1.77901e+06,1.77296e+06,3.02483e+06,3.22931e+06,7.62892e+06,7.22165e+06,,2.07565e+06,1.64629e+06,467132,2.18734e+06,111007,364909,645656,227648,718778,139854,,407269,,7.62945e+06,2.08152e+06,5.06223e+06,485696,,,125.019,126.197,126.341,125.295,124.732,119.527,111.491,123.04,123.4,,127.427,126.081,136.207,121.248,102.01,149.673,109.475,105.609,126.056,100.47,,118.356,,6.20034e+06,4.30611e+06,682688,1.41986e+06,1.42142e+06,2.53067e+06,2.89649e+06,6.20034e+06,5.85221e+06,208981,1.62889e+06,1.30573e+06,342958,1.80402e+06,108820,243804,589773,215557,570207,139199,3.57208e+06,344106,
MEX,2023-04-01,7.89274e+06,5.5036e+06,886741,1.83577e+06,1.83295e+06,2.90216e+06,3.08814e+06,7.91186e+06,7.47196e+06,,2.10692e+06,1.65699e+06,498721,2.25995e+06,126972,378175,654132,239159,741254,141123,,439906,,7.9121e+06,2.18212e+06,5.24014e+06,489845,,,126.319,126.208,128.956,124.55,123.8,118.075,106.583,126.625,126.552,,129.227,126.719,139.665,124.063,110.056,152.984,110.55,108.707,129.746,100.551,,126.905,,6.24827e+06,4.36073e+06,687633,1.47392e+06,1.48057e+06,2.45789e+06,2.89741e+06,6.24827e+06,5.90424e+06,209200,1.63041e+06,1.30762e+06,357085,1.82161e+06,115370,247200,591709,220003,571309,140349,3.68595e+06,346642,
MEX,2023-07-01,8.06556e+06,5.59646e+06,906886,1.86278e+06,1.85746e+06,2.78623e+06,2.90416e+06,8.02658e+06,7.51994e+06,,2.12712e+06,1.65159e+06,521627,2.26879e+06,121094,379867,662164,253956,752860,152264,,506637,,8.02626e+06,2.30428e+06,5.1659e+06,556081,,,128.09,126.704,130.967,123.315,122.616,118.728,102.704,127.471,126.523,,131.023,126.265,137.557,123.4,105.125,152.172,111.584,112.064,131.591,108.348,,145.332,,6.29677e+06,4.41696e+06,692455,1.51058e+06,1.51487e+06,2.34673e+06,2.8277e+06,6.29677e+06,5.94353e+06,204774,1.62347e+06,1.30803e+06,379208,1.83857e+06,115190,249629,593423,226617,572121,140533,3.70775e+06,348608,
MEX,2023-10-01,8.16222e+06,5.72811e+06,926591,1.93011e+06,1.93903e+06,2.817e+06,2.89902e+06,8.30373e+06,7.74344e+06,,2.08225e+06,1.6341e+06,561881,2.33923e+06,126020,369600,675518,282836,782641,155252,,560295,,8.29862e+06,2.53975e+06,5.15003e+06,608843,,,129.613,128.22,132.544,124.688,125.009,119.961,103.269,131.861,130.119,,129.331,125.823,143.609,127.134,110.002,148.652,113.577,122.848,136.548,110.492,,160.121,,6.29736e+06,4.46739e+06,699084,1.54795e+06,1.55112e+06,2.34827e+06,2.80726e+06,6.29736e+06,5.95104e+06,207922,1.61002e+06,1.29873e+06,391258,1.83997e+06,114562,248634,594764,230232,573164,140510,3.7847e+06,349921,
MEX,2024-01-01,8.19297e+06,5.85188e+06,943712,1.94958e+06,1.95739e+06,2.85329e+06,3.00216e+06,8.0044e+06,7.49773e+06,,2.00346e+06,1.61999e+06,518709,2.31541e+06,123217,384918,677975,256994,763985,157882,,506676,,7.99297e+06,2.40467e+06,4.99108e+06,597216,,,129.614,129.44,133.597,124.268,124.013,120.639,102.907,126.631,125.283,,125.098,125.497,135.039,123.465,105.553,153.173,113.716,108.326,133.359,110.778,,142.699,,6.32103e+06,4.52093e+06,706390,1.56885e+06,1.57837e+06,2.36515e+06,2.91735e+06,6.32103e+06,5.98462e+06,206761,1.60151e+06,1.29086e+06,384118,1.87535e+06,116735,251296,596203,237240,572879,142521,3.67625e+06,355065,
MEX,2024-04-01,8.28288e+06,5.89395e+06,969539,1.95758e+06,1.97133e+06,2.93061e+06,3.05234e+06,8.39653e+06,7.85912e+06,,2.07619e+06,1.70552e+06,555610,2.4389e+06,129944,395884,685661,273791,793874,159271,,537409,,8.3798e+06,2.4063e+06,5.3818e+06,591700,,,131.101,130.567,135.615,125.972,125.954,121.75,104.01,132.9,131.668,,130.84,132.484,145.234,130.728,112.991,155.794,114.991,113.755,138.168,111.643,,152.771,,6.31795e+06,4.51411e+06,714919,1.55398e+06,1.56512e+06,2.40707e+06,2.93467e+06,6.31795e+06,5.96887e+06,210563,1.58681e+06,1.28734e+06,382562,1.86564e+06,115004,254107,596272,240686,574572,142661,3.7996e+06,351774,
MEX,2024-07-01,8.50976e+06,6.02371e+06,990786,2.05634e+06,2.07282e+06,3.24752e+06,3.36909e+06,8.47433e+06,7.92927e+06,,2.1257e+06,1.75216e+06,554549,2.4517e+06,127441,388915,697443,290147,806936,169265,,545056,,8.45335e+06,2.51187e+06,5.34506e+06,596424,,,133.188,133.178,137.371,131.722,131.64,126.862,113.311,132.633,131.59,,132.278,133.835,143.955,130.818,108.181,153.291,116.202,117.972,138.962,118.212,,153.962,,6.38928e+06,4.52304e+06,721248,1.56112e+06,1.57461e+06,2.5599e+06,2.97331e+06,6.38928e+06,6.02576e+06,217868,1.607e+06,1.3092e+06,385225,1.87413e+06,117803,253710,600201,245946,580690,143188,3.78964e+06,354020,
MEX,2024-10-01,8.5586e+06,5.96293e+06,1.00371e+06,2.02355e+06,2.03484e+06,3.44788e+06,3.54101e+06,8.70764e+06,8.12087e+06,,2.12015e+06,1.75522e+06,554244,2.53683e+06,133660,375895,710367,317877,829864,168716,,586766,,8.68073e+06,2.66313e+06,5.37707e+06,640528,,,135.451,133.673,139.126,134.203,133.931,130.326,119.052,137.81,136.074,,133.741,135.443,150.767,135.591,113.23,149.232,118.11,127.633,143.387,119.174,,166.128,,6.3186e+06,4.46083e+06,721438,1.50782e+06,1.51932e+06,2.64557e+06,2.97433e+06,6.3186e+06,5.968e+06,203423,1.58527e+06,1.29591e+06,367617,1.87093e+06,118043,251886,601443,249055,578759,141571,3.85402e+06,353200,
MEX,2025-01-01,8.71628e+06,6.07837e+06,1.01561e+06,1.99811e+06,2.00732e+06,3.52522e+06,3.57073e+06,8.57584e+06,7.97702e+06,,2.16806e+06,1.78851e+06,533878,2.42649e+06,125278,403307,715049,297315,818536,166003,,598820,,8.5563e+06,2.49715e+06,5.35164e+06,707501,,,137.109,135.555,141.053,136.784,136.563,131.925,123.84,134.9,132.802,,136.773,137.362,142.665,130.034,105.629,157.314,118.108,113.203,140.54,116.724,,168.863,,6.35718e+06,4.48405e+06,720022,1.46078e+06,1.46989e+06,2.67215e+06,2.88335e+06,6.35718e+06,6.00671e+06,213626,1.58516e+06,1.30204e+06,374217,1.86604e+06,118601,256370,605420,262640,582422,142219,3.71927e+06,354618,
MEX,2025-04-01,8.81043e+06,6.18674e+06,1.03386e+06,2.00519e+06,2.0181e+06,3.52862e+06,3.66378e+06,8.82485e+06,8.25256e+06,,2.18745e+06,1.81791e+06,571476,2.53382e+06,138422,421020,723031,306756,846055,167274,,572287,,8.81785e+06,2.65416e+06,5.52955e+06,634144,,,138.12,136.277,142.898,137.804,137.746,131.56,121.451,138.346,137.136,,137.997,139.294,151.033,135.753,115.258,162.537,119.061,116.341,144.561,116.79,,160.793,,6.37883e+06,4.53984e+06,723500,1.4551e+06,1.46509e+06,2.68214e+06,3.01668e+06,6.37883e+06,6.01778e+06,209193,1.58515e+06,1.30509e+06,378379,1.8665e+06,120098,259030,607278,263670,585256,143227,3.81852e+06,355916,
MEX,2025-07-01,8.84469e+06,6.27422e+06,1.04853e+06,1.95558e+06,1.96892e+06,3.44863e+06,3.59646e+06,8.8055e+06,8.20309e+06,,2.16815e+06,1.7821e+06,548262,2.54903e+06,129995,411477,730994,320045,857792,176628,,602408,,8.79736e+06,2.7595e+06,5.38064e+06,657219,,,138.749,136.843,144.692,135.734,135.78,129.552,115.355,138.134,136.392,,137.737,138.286,148.795,136.093,108.327,158.992,120.086,121.583,145.897,121.623,,169.811,,6.37462e+06,4.58496e+06,724662,1.44074e+06,1.45008e+06,2.66196e+06,3.11775e+06,6.37462e+06,6.01435e+06,214822,1.57412e+06,1.28871e+06,368468,1.87301e+06,120002,258804,608727,263232,587943,145226,3.82443e+06,354752,
MEX,2025-10-01,8.9377e+06,6.30102e+06,1.07258e+06,1.97198e+06,1.986e+06,3.47968e+06,3.65762e+06,9.09541e+06,8.52329e+06,,2.16372e+06,1.76956e+06,600338,2.66352e+06,133656,404938,745268,347316,889759,179173,,572112,,,,,,,,139.206,136.114,146.532,136.469,136.177,129.287,111.713,141.663,140.621,,137.183,137.489,157.521,140.81,111.811,154.891,122.028,132.553,150.452,120.921,,159.219,,6.42047e+06,4.62921e+06,731979,1.445e+06,1.4584e+06,2.69143e+06,3.27411e+06,6.42047e+06,6.06118e+06,217939,1.57725e+06,1.28706e+06,381116,1.89157e+06,119538,261434,610734,262020,591393,148174,3.92561e+06,359325,
MEX,2026-01-01,9.00876e+06,6.27759e+06,1.10906e+06,1.93941e+06,1.95433e+06,3.50527e+06,3.65583e+06,8.86397e+06,8.22609e+06,,2.15451e+06,1.74459e+06,549752,2.54499e+06,125854,427929,743918,299640,886956,174996,,637874,,,,,,,,141.183,136.696,149.099,136.872,136.708,129.24,109.271,138.914,136.441,,137.648,136.651,147.487,135.257,105.3,163.41,121.608,116.662,147.625,121.132,,178.917,,6.3809e+06,4.59239e+06,743838,1.41695e+06,1.42957e+06,2.71221e+06,3.34565e+06,6.3809e+06,6.02905e+06,214230,1.56523e+06,1.27668e+06,372745,1.88159e+06,119520,261874,611734,256845,600817,144467,3.75567e+06,356520,
MEX,2026-04-01,,,,,,,,,,,,,,,,,,,,,,,,,,,,,,,,,,,,,,,,,,,,,,,,,,,,,6.47661e+06,,,,,,,6.47661e+06,,,,,,,,,,,,,,,
USA,1995-01-01,1.88057e+06,1.21561e+06,282657,393344,408638,195392,221725,,,,,,,,,,,,,,,,,1.88057e+06,1.03462e+06,685526,130339,138830,8491,66.4516,67.244,,77.5754,78.6175,86.2578,89.9698,,,,,,,,,,,,,,,,,2.82999e+06,1.80776e+06,,507047,519780,226522,246444,,,,,,,,,,,,,,,,
USA,1995-04-01,1.89525e+06,1.2334e+06,285624,395156,403596,199713,227086,,,,,,,,,,,,,,,,,1.89525e+06,1.04423e+06,696261,129745,138398,8653.5,66.771,67.6353,,77.9171,78.9216,86.9459,91.2783,,,,,,,,,,,,,,,,,2.83843e+06,1.82361e+06,,507149,511388,229698,248784,,,,,,,,,,,,,,,,
USA,1995-07-01,1.92078e+06,1.24967e+06,287136,399760,402592,207850,226461,,,,,,,,,,,,,,,,,1.92078e+06,1.05595e+06,715724,130950,139736,8786.8,67.0997,67.9117,,78.196,79.3533,86.735,90.7154,,,,,,,,,,,,,,,,,2.86258e+06,1.84013e+06,,511228,507340,239638,249639,,,,,,,,,,,,,,,,
USA,1995-10-01,1.94315e+06,1.26391e+06,286326,405744,410351,209855,227300,,,,,,,,,,,,,,,,,1.94315e+06,1.06737e+06,724815,132057,140938,8880.8,67.4231,68.2102,,78.2468,79.397,86.3395,89.9026,,,,,,,,,,,,,,,,,2.88202e+06,1.85297e+06,,518543,516835,243058,252830,,,,,,,,,,,,,,,,
USA,1996-01-01,1.96712e+06,1.28265e+06,288620,416322,418042,211985,234184,,,,,,,,,,,,,,,,,1.96712e+06,1.0796e+06,741734,133729,142604,8875.5,67.7474,68.589,,78.2816,79.4613,86.1785,89.709,,,,,,,,,,,,,,,,,2.9036e+06,1.87006e+06,,531826,526095,245984,261048,,,,,,,,,,,,,,,,
USA,1996-04-01,2.00821e+06,1.30512e+06,292477,426405,434035,214760,238188,,,,,,,,,,,,,,,,,2.00821e+06,1.09789e+06,758354,135562,144421,8858.5,68.028,69.0478,,78.0644,79.2601,85.9104,89.2455,,,,,,,,,,,,,,,,,2.95204e+06,1.89018e+06,,546222,547609,249982,266890,,,,,,,,,,,,,,,,
USA,1996-07-01,2.03285e+06,1.31863e+06,293928,436075,448842,214894,243439,,,,,,,,,,,,,,,,,2.03285e+06,1.11383e+06,766219,136640,145438,8798.3,68.2505,69.3423,,78.2722,78.9215,85.2742,88.3488,,,,,,,,,,,,,,,,,2.97852e+06,1.90162e+06,,557126,568720,252004,275544,,,,,,,,,,,,,,,,
USA,1996-10-01,2.06494e+06,1.33819e+06,297864,442413,451094,225950,248155,,,,,,,,,,,,,,,,,2.06494e+06,1.12974e+06,783201,139587,148289,8701.8,68.6154,69.8151,,78.2695,79.2845,84.399,88.3184,,,,,,,,,,,,,,,,,3.00944e+06,1.91677e+06,,565243,568956,267716,280978,,,,,,,,,,,,,,,,
USA,1997-01-01,2.09066e+06,1.35828e+06,299168,447994,460430,229594,256803,,,,,,,,,,,,,,,,,2.09066e+06,1.14914e+06,798011,140335,148929,8593.8,69.0246,70.1238,,78.3459,79.8883,84.1601,87.6525,,,,,,,,,,,,,,,,,3.02887e+06,1.93697e+06,,571815,576342,272806,292979,,,,,,,,,,,,,,,,
USA,1997-04-01,2.12971e+06,1.36782e+06,304642,456454,478548,238612,259913,,,,,,,,,,,,,,,,,2.12971e+06,1.16608e+06,808440,144187,152599,8411.8,69.1619,70.2998,,78.4763,78.9183,84.1042,85.833,,,,,,,,,,,,,,,,,3.07931e+06,1.94569e+06,,581646,606384,283710,302812,,,,,,,,,,,,,,,,
USA,1997-07-01,2.16571e+06,1.39479e+06,305940,472195,489179,243514,267722,,,,,,,,,,,,,,,,,2.16571e+06,1.18583e+06,830617,145787,154145,8358,69.4637,70.4855,,78.5964,79.471,83.8909,85.2697,,,,,,,,,,,,,,,,,3.11775e+06,1.97884e+06,,600784,615544,290275,313971,,,,,,,,,,,,,,,,
USA,1997-10-01,2.19148e+06,1.4159e+06,310778,474636,494050,242082,271336,,,,,,,,,,,,,,,,,2.19148e+06,1.21217e+06,839209,147495,155941,8446.5,69.6952,70.7071,,78.558,79.3285,83.5177,84.5951,,,,,,,,,,,,,,,,,3.14437e+06,2.00249e+06,,604186,622790,289858,320747,,,,,,,,,,,,,,,,
USA,1998-01-01,2.21662e+06,1.43034e+06,309198,484616,510890,240755,274559,,,,,,,,,,,,,,,,,2.21662e+06,1.2366e+06,838187,148811,157263,8452.5,69.7942,70.7125,,78.2997,79.1415,82.6779,82.5055,,,,,,,,,,,,,,,,,3.17594e+06,2.02275e+06,,618924,645540,291197,332777,,,,,,,,,,,,,,,,
USA,1998-04-01,2.24242e+06,1.45814e+06,315656,499875,509210,236824,277406,,,,,,,,,,,,,,,,,2.24242e+06,1.25819e+06,853307,150128,158880,8751.5,69.9591,70.8398,,78.1874,78.9317,82.2341,81.4934,,,,,,,,,,,,,,,,,3.20533e+06,2.05837e+06,,639329,645127,287988,340404,,,,,,,,,,,,,,,,
USA,1998-07-01,2.28027e+06,1.48171e+06,318271,510846,523951,233816,277474,,,,,,,,,,,,,,,,,2.28027e+06,1.27987e+06,871277,151561,160757,9196,70.2555,71.0582,,78.2009,79.0513,81.5608,80.4281,,,,,,,,,,,,,,,,,3.24569e+06,2.08521e+06,,653248,662798,286677,344996,,,,,,,,,,,,,,,,
USA,1998-10-01,2.3235e+06,1.50706e+06,324483,521617,536621,241584,286250,,,,,,,,,,,,,,,,,2.3235e+06,1.30105e+06,877633,152604,162572,9968,70.4535,71.2446,,78.3071,79.213,81.2492,80.3705,,,,,,,,,,,,,,,,,3.29792e+06,2.11533e+06,,666116,677441,297337,356163,,,,,,,,,,,,,,,,
USA,1999-01-01,2.35292e+06,1.52551e+06,328018,531684,552533,240191,293331,,,,,,,,,,,,,,,,,2.35292e+06,1.32375e+06,893994,153770,164382,10611.8,70.6816,71.3836,,78.4473,79.5041,81.0518,80.0955,,,,,,,,,,,,,,,,,3.3289e+06,2.13706e+06,,677760,694974,296342,366226,,,,,,,,,,,,,,,,
USA,1999-04-01,2.38155e+06,1.55766e+06,333061,543936,552713,243649,305532,,,,,,,,,,,,,,,,,2.38155e+06,1.33787e+06,898580,155510,166767,11256.8,70.9495,71.7887,,78.5755,79.3749,81.2101,81.0978,,,,,,,,,,,,,,,,,3.35669e+06,2.16979e+06,,692246,696333,300024,376744,,,,,,,,,,,,,,,,
USA,1999-07-01,2.42166e+06,1.58383e+06,340986,555815,565944,251327,320428,,,,,,,,,,,,,,,,,2.42166e+06,1.35761e+06,908216,158138,169751,11612.3,71.2002,72.1832,,78.5288,79.2158,81.3161,82.0845,,,,,,,,,,,,,,,,,3.40119e+06,2.19418e+06,,707786,714433,309074,390364,,,,,,,,,,,,,,,,
USA,1999-10-01,2.47504e+06,1.61676e+06,349363,563286,584347,257743,333170,,,,,,,,,,,,,,,,,2.47504e+06,1.3907e+06,921390,160956,172685,11728.3,71.5952,72.6218,,78.8474,79.6238,81.6465,83.2199,,,,,,,,,,,,,,,,,3.457e+06,2.22627e+06,,714401,733884,315681,400349,,,,,,,,,,,,,,,,
USA,2000-01-01,2.50054e+06,1.65455e+06,350185,580912,584951,263226,352372,,,,,,,,,,,,,,,,,2.50054e+06,1.43909e+06,936558,163371,174638,11266.8,72.0714,73.2124,,79.3507,80.1017,82.2005,84.8143,,,,,,,,,,,,,,,,,3.46954e+06,2.25994e+06,,732082,730261,320224,415463,,,,,,,,,,,,,,,,
USA,2000-04-01,2.56193e+06,1.67798e+06,359177,592790,615401,273340,363965,,,,,,,,,,,,,,,,,2.56193e+06,1.44982e+06,956555,165461,176829,11368,72.5199,73.562,,79.7229,80.5156,82.8342,84.9001,,,,,,,,,,,,,,,,,3.53273e+06,2.28104e+06,,743563,764325,329984,428698,,,,,,,,,,,,,,,,
USA,2000-07-01,2.57954e+06,1.705e+06,361468,597235,611544,281250,379717,,,,,,,,,,,,,,,,,2.57954e+06,1.47786e+06,966364,166360,177815,11454.8,72.9441,74.0372,,80.0916,80.7318,83.2334,85.4983,,,,,,,,,,,,,,,,,3.53633e+06,2.30289e+06,,745690,757500,337906,444123,,,,,,,,,,,,,,,,
USA,2000-10-01,2.60894e+06,1.72965e+06,366758,601776,615362,278294,381130,,,,,,,,,,,,,,,,,2.60894e+06,1.48785e+06,969892,167524,179274,11750.5,73.3374,74.4573,,80.2917,80.8924,83.1906,85.691,,,,,,,,,,,,,,,,,3.55744e+06,2.32301e+06,,749488,760717,334526,444772,,,,,,,,,,,,,,,,
USA,2001-01-01,2.61756e+06,1.74882e+06,376344,600710,593052,274203,374866,,,,,,,,,,,,,,,,,2.61756e+06,1.51448e+06,988142,167237,181045,13808,73.8218,75.0106,,80.3516,80.8662,83.0128,85.3842,,,,,,,,,,,,,,,,,3.54578e+06,2.33144e+06,,747602,733375,330314,439034,,,,,,,,,,,,,,,,
USA,2001-04-01,2.64975e+06,1.76056e+06,382203,600878,597988,264503,355507,,,,,,,,,,,,,,,,,2.64975e+06,1.5122e+06,1.0053e+06,165533,181036,15503.3,74.2659,75.3626,,80.5798,80.8434,82.4933,83.6522,,,,,,,,,,,,,,,,,3.56792e+06,2.33612e+06,,745693,739686,320636,424982,,,,,,,,,,,,,,,,
USA,2001-07-01,2.6495e+06,1.76758e+06,387482,594627,587098,249726,342384,,,,,,,,,,,,,,,,,2.6495e+06,1.50818e+06,1.00795e+06,163544,181334,17790.5,74.5577,75.4008,,80.7539,81.366,82.0879,82.4342,,,,,,,,,,,,,,,,,3.55363e+06,2.34425e+06,,736345,721552,304217,415342,,,,,,,,,,,,,,,,
USA,2001-10-01,2.66512e+06,1.79683e+06,392122,588794,568587,238380,330802,,,,,,,,,,,,,,,,,2.66512e+06,1.51149e+06,981944,172666,184274,11608.3,74.7915,75.4313,,80.8103,81.4558,81.1805,80.4792,,,,,,,,,,,,,,,,,3.56339e+06,2.38208e+06,,728613,698031,293642,411040,,,,,,,,,,,,,,,,
USA,2002-01-01,2.69588e+06,1.80443e+06,401323,586771,586844,242289,339010,,,,,,,,,,,,,,,,,2.69588e+06,1.51718e+06,1.01414e+06,175363,186006,10643.5,75.0272,75.582,70.3412,80.788,81.7573,80.7479,80.1975,,,,,,,,,,,,,,,,,3.5932e+06,2.38738e+06,570537,726310,717788,300056,422720,,,,,,,,,,,,,,,,
USA,2002-04-01,2.72186e+06,1.82699e+06,409008,587641,592933,251038,358103,,,,,,,,,,,,,,,,,2.72186e+06,1.53432e+06,1.02965e+06,177868,187823,9955.5,75.2892,76.1418,71.1054,80.893,81.4374,81.2455,81.9673,,,,,,,,,,,,,,,,,3.61521e+06,2.39946e+06,575214,726442,728084,308988,436885,,,,,,,,,,,,,,,,
USA,2002-07-01,2.74601e+06,1.84928e+06,413547,588708,595066,253890,365777,,,,,,,,,,,,,,,,,2.74601e+06,1.54132e+06,1.03982e+06,181790,192123,10333.3,75.6496,76.5354,71.7459,80.8819,81.5618,81.9085,82.6727,,,,,,,,,,,,,,,,,3.62991e+06,2.41625e+06,576406,727860,729589,309968,442440,,,,,,,,,,,,,,,,
USA,2002-10-01,2.76536e+06,1.86824e+06,421940,591000,599250,250762,374834,,,,,,,,,,,,,,,,,2.76536e+06,1.55054e+06,1.06516e+06,183614,194078,10464,76.0885,76.8922,72.8137,81.2396,81.9668,82.1094,83.2254,,,,,,,,,,,,,,,,,3.6344e+06,2.42969e+06,579480,727478,731089,305399,450384,,,,,,,,,,,,,,,,
USA,2003-01-01,2.79353e+06,1.89179e+06,428725,597813,604333,251050,382366,,,,,,,,,,,,,,,,,2.79353e+06,1.55547e+06,1.0706e+06,185373,197153,11780,76.4611,77.4799,73.911,81.5785,82.1195,82.4574,85.2689,,,,,,,,,,,,,,,,,3.65354e+06,2.44165e+06,580056,732807,735919,304460,448424,,,,,,,,,,,,,,,,
USA,2003-04-01,2.82819e+06,1.91536e+06,435126,609291,607669,251866,381834,,,,,,,,,,,,,,,,,2.82819e+06,1.57894e+06,1.0796e+06,185713,199998,14285,76.7302,77.5574,74.1559,81.5545,82.1352,82.5801,83.9269,,,,,,,,,,,,,,,,,3.68589e+06,2.46961e+06,586772,747096,739840,304996,454960,,,,,,,,,,,,,,,,
USA,2003-07-01,2.89167e+06,1.95523e+06,437840,628234,628344,259328,389076,,,,,,,,,,,,,,,,,2.89167e+06,1.60059e+06,1.09899e+06,191767,203248,11480.5,77.1688,78.0678,74.8179,81.6196,82.1966,82.7652,84.2,,,,,,,,,,,,,,,,,3.7472e+06,2.50453e+06,585208,769710,764440,313329,462085,,,,,,,,,,,,,,,,
USA,2003-10-01,2.94306e+06,1.97836e+06,444688,641845,650931,272920,403844,,,,,,,,,,,,,,,,,2.94306e+06,1.62729e+06,1.11259e+06,193706,205217,11511.8,77.6391,78.4513,75.4917,82.11,82.7884,83.3558,84.7056,,,,,,,,,,,,,,,,,3.79069e+06,2.52177e+06,589055,781689,786259,327416,476762,,,,,,,,,,,,,,,,
USA,2004-01-01,2.98086e+06,2.01219e+06,453068,645587,657093,283417,424911,,,,,,,,,,,,,,,,,2.98086e+06,1.63771e+06,1.14052e+06,200770,211830,11060.5,78.1933,79.0557,76.4481,82.791,83.4748,84.6473,86.6961,,,,,,,,,,,,,,,,,3.81217e+06,2.54529e+06,592648,779779,787176,334822,490115,,,,,,,,,,,,,,,,
USA,2004-04-01,3.0282e+06,2.03678e+06,459353,667972,686470,292538,446934,,,,,,,,,,,,,,,,,3.0282e+06,1.66962e+06,1.16344e+06,204059,214974,10915.5,78.8243,79.5873,77.3732,83.6971,84.3601,85.5776,87.7334,,,,,,,,,,,,,,,,,3.84171e+06,2.55917e+06,593685,798083,813737,341840,509422,,,,,,,,,,,,,,,,
USA,2004-07-01,3.07633e+06,2.07083e+06,466569,686050,702092,295046,458214,,,,,,,,,,,,,,,,,3.07633e+06,1.70335e+06,1.18418e+06,206489,217833,11344.5,79.3245,79.9786,78.3561,84.5277,85.2046,86.0237,88.718,,,,,,,,,,,,,,,,,3.87815e+06,2.58923e+06,595447,811628,824007,342982,516484,,,,,,,,,,,,,,,,
USA,2004-10-01,3.1318e+06,2.11216e+06,472930,703780,721802,305361,480445,,,,,,,,,,,,,,,,,3.1318e+06,1.71862e+06,1.20614e+06,210394,223460,13065.8,79.9394,80.6621,79.4391,85.4647,86.1486,86.9658,90.905,,,,,,,,,,,,,,,,,3.91772e+06,2.61852e+06,595336,823474,837858,351128,528513,,,,,,,,,,,,,,,,
USA,2005-01-01,3.19182e+06,2.13793e+06,481144,721288,746907,314602,488766,,,,,,,,,,,,,,,,,3.19182e+06,1.73443e+06,1.2385e+06,214582,228765,14182.3,80.5775,81.1311,80.3465,86.3199,87.0953,87.9497,91.6895,,,,,,,,,,,,,,,,,3.96118e+06,2.63516e+06,598837,835599,857575,357707,533066,,,,,,,,,,,,,,,,
USA,2005-04-01,3.23066e+06,2.17529e+06,485504,739468,746676,323713,500516,,,,,,,,,,,,,,,,,3.23066e+06,1.75428e+06,1.26775e+06,219156,234329,15173.5,81.1583,81.6438,81.2339,87.2026,87.9502,88.518,92.6533,,,,,,,,,,,,,,,,,3.9807e+06,2.66436e+06,597662,847988,848976,365703,540203,,,,,,,,,,,,,,,,
USA,2005-07-01,3.28566e+06,2.21702e+06,494277,759014,762102,325579,513319,,,,,,,,,,,,,,,,,3.28566e+06,1.78355e+06,1.28906e+06,222529,238026,15496.5,81.8979,82.5255,82.3553,88.2332,88.8033,89.0444,94.4927,,,,,,,,,,,,,,,,,4.0119e+06,2.68647e+06,600176,860236,858190,365636,543236,,,,,,,,,,,,,,,,
USA,2005-10-01,3.33105e+06,2.23882e+06,501102,770724,792321,337686,538882,,,,,,,,,,,,,,,,,3.33105e+06,1.80546e+06,1.34163e+06,225260,241318,16058.5,82.5706,83.1837,83.4683,89.2221,89.905,89.5817,96.1012,,,,,,,,,,,,,,,,,4.03418e+06,2.69142e+06,600350,863826,881286,376958,560744,,,,,,,,,,,,,,,,
USA,2006-01-01,3.39979e+06,2.27504e+06,510100,792802,812356,353492,551196,,,,,,,,,,,,,,,,,3.39979e+06,1.84785e+06,1.3696e+06,231529,245461,13932.3,83.1558,83.6175,84.1633,89.9965,90.6973,90.1198,96.315,,,,,,,,,,,,,,,,,4.08846e+06,2.72077e+06,606084,880926,895678,392246,572284,,,,,,,,,,,,,,,,
USA,2006-04-01,3.43836e+06,2.30691e+06,514688,796388,815266,364942,563452,,,,,,,,,,,,,,,,,3.43836e+06,1.8599e+06,1.39834e+06,235036,247922,12886.5,83.882,84.3517,85.1558,90.6702,91.3231,91.3444,97.4859,,,,,,,,,,,,,,,,,4.09904e+06,2.73487e+06,604408,878335,892728,399523,577984,,,,,,,,,,,,,,,,
USA,2006-07-01,3.46755e+06,2.33844e+06,520051,795186,814874,368854,574676,,,,,,,,,,,,,,,,,3.46755e+06,1.87462e+06,1.41809e+06,238554,251026,12471.5,84.4675,84.959,85.9125,91.2158,91.7651,92.4425,98.444,,,,,,,,,,,,,,,,,4.10518e+06,2.75244e+06,605326,871763,888000,399009,583758,,,,,,,,,,,,,,,,
USA,2006-10-01,3.50989e+06,2.35684e+06,528114,798482,809351,382883,567300,,,,,,,,,,,,,,,,,3.50989e+06,1.90889e+06,1.40252e+06,240454,252631,12177,84.7704,84.8184,86.5119,92.0168,92.4567,92.4518,97.3056,,,,,,,,,,,,,,,,,4.14047e+06,2.77869e+06,610452,867757,875384,414143,583008,,,,,,,,,,,,,,,,
USA,2007-01-01,3.55391e+06,2.39303e+06,536052,804302,809644,394498,579316,,,,,,,,,,,,,,,,,3.55391e+06,1.95424e+06,1.38716e+06,244088,256463,12374.8,85.5762,85.593,81.767,92.6691,92.905,93.4059,97.941,,,,,,,,,,,,,,,,,4.15292e+06,2.79583e+06,655585,867929,871475,422348,591495,,,,,,,,,,,,,,,,
USA,2007-04-01,3.60052e+06,2.41968e+06,545078,811659,822215,405691,592142,,,,,,,,,,,,,,,,,3.60052e+06,1.96406e+06,1.42006e+06,243725,258270,14545.3,86.1713,86.3194,82.6151,92.8391,93.2904,94.6228,99.58,,,,,,,,,,,,,,,,,4.17833e+06,2.80317e+06,659780,874264,881350,428745,594640,,,,,,,,,,,,,,,,
USA,2007-07-01,3.64103e+06,2.4496e+06,553186,809255,820486,421428,603666,,,,,,,,,,,,,,,,,3.64103e+06,1.97385e+06,1.39746e+06,244971,258949,13978.3,86.6417,86.8076,83.4257,92.9528,93.9335,95.3139,100.953,,,,,,,,,,,,,,,,,4.2024e+06,2.82187e+06,663088,870609,873476,442147,597970,,,,,,,,,,,,,,,,
USA,2007-10-01,3.67876e+06,2.48428e+06,564216,805868,812688,437678,620103,,,,,,,,,,,,,,,,,3.67876e+06,1.99722e+06,1.38563e+06,249461,263147,13686,86.9932,87.6914,84.5063,93.086,93.7125,96.7683,104.69,,,,,,,,,,,,,,,,,4.2288e+06,2.83299e+06,667661,865724,867215,452295,592322,,,,,,,,,,,,,,,,
USA,2008-01-01,3.67663e+06,2.50111e+06,574499,798005,793836,453330,646142,,,,,,,,,,,,,,,,,3.67663e+06,2.01695e+06,1.37812e+06,248452,261437,12985.3,87.3154,88.4065,85.7312,93.4055,93.6743,98.656,108.679,,,,,,,,,,,,,,,,,4.21075e+06,2.8291e+06,670116,854345,847443,459506,594543,,,,,,,,,,,,,,,,
USA,2008-04-01,3.71643e+06,2.53247e+06,586014,797608,792046,476320,670422,,,,,,,,,,,,,,,,,3.71643e+06,2.01657e+06,1.38714e+06,250758,263673,12915,87.738,89.2689,86.9368,93.6418,94.4064,100.702,113.84,,,,,,,,,,,,,,,,,4.23582e+06,2.8369e+06,674068,851766,838974,473000,588918,,,,,,,,,,,,,,,,
USA,2008-07-01,3.72475e+06,2.53977e+06,597823,787952,783996,480554,677392,,,,,,,,,,,,,,,,,3.72475e+06,2.02131e+06,1.40482e+06,251624,264624,13000,88.3988,90.2216,87.9408,94.308,94.8451,102.052,116.493,,,,,,,,,,,,,,,,,4.21357e+06,2.81503e+06,679802,835509,826607,470891,581485,,,,,,,,,,,,,,,,
USA,2008-10-01,3.65205e+06,2.47674e+06,595105,752884,737331,425076,582195,,,,,,,,,,,,,,,,,3.65205e+06,2.01384e+06,1.34273e+06,246350,260007,13656.5,88.6133,88.7814,86.653,95.2282,96.7524,95.9106,103.878,,,,,,,,,,,,,,,,,4.12134e+06,2.7897e+06,686767,790611,762080,443200,560458,,,,,,,,,,,,,,,,
USA,2009-01-01,3.60773e+06,2.45374e+06,595500,701480,663731,377942,483190,,,,,,,,,,,,,,,,,3.60773e+06,1.93485e+06,1.36565e+06,240138,253978,13839.3,88.5426,88.1811,85.3846,94.728,95.6567,92.675,95.269,,,,,,,,,,,,,,,,,4.07457e+06,2.78262e+06,697432,740520,693868,407814,507185,,,,,,,,,,,,,,,,
USA,2009-04-01,3.59531e+06,2.45138e+06,605980,676545,627545,380273,469865,,,,,,,,,,,,,,,,,3.59531e+06,1.94257e+06,1.36406e+06,240462,254328,13866.3,88.3958,88.5313,85.6828,93.6238,94.2045,92.6371,96.5633,,,,,,,,,,,,,,,,,4.06729e+06,2.76894e+06,707237,722621,666152,410498,486588,,,,,,,,,,,,,,,,
USA,2009-07-01,3.61222e+06,2.48485e+06,611778,672592,621590,398681,504680,,,,,,,,,,,,,,,,,3.61222e+06,1.93862e+06,1.38687e+06,240421,257188,16767.3,88.5008,89.1408,86.2911,92.7342,93.4218,93.6597,99.6084,,,,,,,,,,,,,,,,,4.08157e+06,2.78756e+06,708970,725289,665359,425670,506664,,,,,,,,,,,,,,,,
USA,2009-10-01,3.66281e+06,2.50125e+06,620170,672727,659706,425877,544191,,,,,,,,,,,,,,,,,3.66281e+06,1.95116e+06,1.4341e+06,247450,261324,13874.8,88.7806,89.828,87.0673,92.5938,92.949,94.8256,102.422,,,,,,,,,,,,,,,,,4.12569e+06,2.78449e+06,712288,726536,709750,449116,531324,,,,,,,,,,,,,,,,
USA,2010-01-01,3.69115e+06,2.52546e+06,625160,668144,667835,439969,567267,,,,,,,,,,,,,,,,,3.69115e+06,1.94366e+06,1.47201e+06,247463,261161,13698.5,89.0362,90.1747,87.9321,92.2933,92.8966,95.8062,104.146,,,,,,,,,,,,,,,,,4.14568e+06,2.80062e+06,710958,723936,718902,459228,544686,,,,,,,,,,,,,,,,
USA,2010-04-01,3.74505e+06,2.55204e+06,629436,690028,699205,454935,590564,,,,,,,,,,,,,,,,,3.74505e+06,1.97954e+06,1.48522e+06,251662,265535,13872.8,89.4705,90.3139,88.6015,92.3484,93.1326,96.9323,103.693,,,,,,,,,,,,,,,,,4.18579e+06,2.82574e+06,710412,747201,750762,469333,569532,,,,,,,,,,,,,,,,
USA,2010-07-01,3.7854e+06,2.57519e+06,627221,693254,721478,469313,607799,,,,,,,,,,,,,,,,,3.7854e+06,1.99756e+06,1.53322e+06,253268,267269,14000.3,89.7426,90.4877,89.0486,92.422,92.9612,97.2185,103.115,,,,,,,,,,,,,,,,,4.21807e+06,2.8459e+06,704359,750096,776106,482741,589439,,,,,,,,,,,,,,,,
USA,2010-10-01,3.82737e+06,2.60758e+06,629230,704634,721459,493029,623926,,,,,,,,,,,,,,,,,3.82737e+06,2.01221e+06,1.54884e+06,254872,269108,14237,90.2635,91.0676,89.8489,92.7723,93.3466,99.4098,105.463,,,,,,,,,,,,,,,,,4.24022e+06,2.86334e+06,700320,759530,772882,495956,591606,,,,,,,,,,,,,,,,
USA,2011-01-01,3.83786e+06,2.63955e+06,629104,703309,711328,510102,652221,,,,,,,,,,,,,,,,,3.83786e+06,2.04442e+06,1.53716e+06,258157,272876,14719.3,90.7262,91.8334,90.7705,93.1298,93.8058,101.978,109.71,,,,,,,,,,,,,,,,,4.23016e+06,2.87428e+06,693071,755192,758299,500210,594494,,,,,,,,,,,,,,,,
USA,2011-04-01,3.88938e+06,2.66825e+06,632996,718146,733408,529033,674306,,,,,,,,,,,,,,,,,3.88938e+06,2.05353e+06,1.57835e+06,261396,276371,14975.5,91.3263,92.7367,91.8513,93.6348,93.9836,104.001,113.003,,,,,,,,,,,,,,,,,4.25878e+06,2.87724e+06,689153,766964,780357,508680,596717,,,,,,,,,,,,,,,,
USA,2011-07-01,3.91192e+06,2.68876e+06,625452,742496,739488,539198,680976,,,,,,,,,,,,,,,,,3.91192e+06,2.07383e+06,1.59031e+06,260927,275970,15042.3,91.8759,93.1657,92.1883,93.9202,94.6262,104.56,112.868,,,,,,,,,,,,,,,,,4.25783e+06,2.88599e+06,678451,790560,781484,515682,603336,,,,,,,,,,,,,,,,
USA,2011-10-01,3.96056e+06,2.7023e+06,623759,758967,784956,537531,687978,,,,,,,,,,,,,,,,,3.96056e+06,2.06223e+06,1.64047e+06,263236,278507,15270.8,91.9854,93.4736,91.9355,94.169,94.782,103.453,112.551,,,,,,,,,,,,,,,,,4.30565e+06,2.89097e+06,678474,805963,828170,519591,611258,,,,,,,,,,,,,,,,
USA,2012-01-01,4.0172e+06,2.73983e+06,629296,778578,798648,547495,698063,,,,,,,,,,,,,,,,,4.0172e+06,2.11608e+06,1.68451e+06,268120,282719,14598.5,92.5249,94.0931,92.7713,94.656,95.1439,104.099,113.641,,,,,,,,,,,,,,,,,4.34175e+06,2.91182e+06,678330,822535,839410,525937,614269,,,,,,,,,,,,,,,,
USA,2012-04-01,4.05178e+06,2.75126e+06,625835,793139,815990,553896,695207,,,,,,,,,,,,,,,,,4.05178e+06,2.12803e+06,1.69793e+06,268960,283474,14514.5,92.9066,94.3203,92.7592,94.9822,95.5769,104.289,112.757,,,,,,,,,,,,,,,,,4.36113e+06,2.91694e+06,674688,835040,853753,531115,616553,,,,,,,,,,,,,,,,
USA,2012-07-01,4.07989e+06,2.76485e+06,629921,794779,815887,556934,687704,,,,,,,,,,,,,,,,,4.07989e+06,2.13857e+06,1.675e+06,268755,282831,14076.5,93.4165,94.5941,93.1707,95.3634,95.654,104.223,110.945,,,,,,,,,,,,,,,,,4.36741e+06,2.92285e+06,676094,833422,852956,534368,619863,,,,,,,,,,,,,,,,
USA,2012-10-01,4.1051e+06,2.79143e+06,630388,805076,812260,559374,688343,,,,,,,,,,,,,,,,,4.1051e+06,2.1927e+06,1.69673e+06,272243,287090,14847.8,93.8854,95.1244,94.075,95.477,96.1418,104.579,112.104,,,,,,,,,,,,,,,,,4.37246e+06,2.9345e+06,670090,843215,844856,534882,614023,,,,,,,,,,,,,,,,
USA,2013-01-01,4.16205e+06,2.81942e+06,631042,815120,836426,563982,688819,,,,,,,,,,,,,,,,,4.16205e+06,2.18524e+06,1.71362e+06,279005,293852,14847,94.2578,95.4575,94.7896,95.541,96.2748,104.896,112.278,,,,,,,,,,,,,,,,,4.4156e+06,2.95358e+06,665729,853163,868790,537658,613496,,,,,,,,,,,,,,,,
USA,2013-04-01,4.18217e+06,2.82892e+06,632903,824270,844943,565351,689946,,,,,,,,,,,,,,,,,4.18217e+06,2.20703e+06,1.72535e+06,279812,294838,15026.5,94.4607,95.5064,95.14,95.8594,96.288,104.206,110.852,,,,,,,,,,,,,,,,,4.42742e+06,2.96202e+06,665234,859874,877516,542533,622404,,,,,,,,,,,,,,,,
USA,2013-07-01,4.23846e+06,2.85209e+06,632684,840041,874203,571279,691796,,,,,,,,,,,,,,,,,4.23846e+06,2.21355e+06,1.74064e+06,282556,297548,14991.5,94.9239,95.8987,95.7662,96.1851,96.3584,104.405,110.356,,,,,,,,,,,,,,,,,4.46511e+06,2.97406e+06,660654,873358,907242,547178,626876,,,,,,,,,,,,,,,,
USA,2013-10-01,4.298e+06,2.88781e+06,634116,855250,884586,587310,695815,,,,,,,,,,,,,,,,,4.298e+06,2.23782e+06,1.76111e+06,284730,299585,14855,95.4256,96.252,96.7191,96.77,96.8692,104.329,110.127,,,,,,,,,,,,,,,,,4.50404e+06,3.00026e+06,655626,883797,913176,562942,631830,,,,,,,,,,,,,,,,
USA,2014-01-01,4.29943e+06,2.9115e+06,636848,865610,878608,585900,713422,,,,,,,,,,,,,,,,,4.29943e+06,2.28084e+06,1.75819e+06,289310,303984,14674.5,95.7879,96.6938,97.061,97.3931,97.4288,105.084,111.475,,,,,,,,,,,,,,,,,4.48849e+06,3.01105e+06,656132,888779,901795,557552,639986,,,,,,,,,,,,,,,,
USA,2014-04-01,4.37963e+06,2.95261e+06,637106,891821,916259,598792,725143,,,,,,,,,,,,,,,,,4.37963e+06,2.29548e+06,1.82361e+06,294093,308712,14618.8,96.3301,97.1262,97.4301,97.5983,97.8982,105.126,110.783,,,,,,,,,,,,,,,,,4.54648e+06,3.03997e+06,653911,913766,935930,569597,654562,,,,,,,,,,,,,,,,
USA,2014-07-01,4.45106e+06,2.98995e+06,645350,912116,938099,599798,722137,,,,,,,,,,,,,,,,,4.45106e+06,2.32256e+06,1.86281e+06,296860,311406,14545.8,96.7256,97.3917,97.9668,98.0903,98.2769,104.869,110.116,,,,,,,,,,,,,,,,,4.60174e+06,3.07002e+06,658744,929873,954548,571948,655794,,,,,,,,,,,,,,,,
USA,2014-10-01,4.47802e+06,3.02039e+06,642972,925974,947345,594054,726742,,,,,,,,,,,,,,,,,4.47802e+06,2.36078e+06,1.86519e+06,299360,313610,14250.5,96.8219,97.2626,97.9409,98.2752,98.8119,103.012,107.984,,,,,,,,,,,,,,,,,4.62501e+06,3.1054e+06,656490,942225,958736,576687,673009,,,,,,,,,,,,,,,,
USA,2015-01-01,4.51588e+06,3.02994e+06,643582,930157,973968,574761,706369,,,,,,,,,,,,,,,,,4.51588e+06,2.3934e+06,1.85906e+06,300777,314776,13998.8,96.7691,96.8272,97.1435,98.491,98.8206,100.461,103.417,,,,,,,,,,,,,,,,,4.66666e+06,3.12923e+06,662506,944408,985592,572123,683032,,,,,,,,,,,,,,,,
USA,2015-04-01,4.56995e+06,3.06604e+06,650344,943137,980949,575110,702492,,,,,,,,,,,,,,,,,4.56995e+06,2.41901e+06,1.87265e+06,303607,317718,14110.5,97.3248,97.3109,97.6788,98.4847,98.7299,100.253,102.05,,,,,,,,,,,,,,,,,4.69556e+06,3.15076e+06,665798,957648,993568,573657,688381,,,,,,,,,,,,,,,,
USA,2015-07-01,4.60041e+06,3.09562e+06,653974,953617,985330,565181,699702,,,,,,,,,,,,,,,,,4.60041e+06,2.4405e+06,1.87015e+06,304542,318961,14419,97.583,97.563,97.7312,98.5537,98.8913,99.3244,100.956,,,,,,,,,,,,,,,,,4.71435e+06,3.17295e+06,669156,967612,996376,569025,693075,,,,,,,,,,,,,,,,
USA,2015-10-01,4.60878e+06,3.10584e+06,656089,950879,977666,555570,686379,,,,,,,,,,,,,,,,,4.60878e+06,2.45662e+06,1.86034e+06,307336,321999,14663.5,97.5806,97.4884,97.4202,98.3639,98.6881,97.768,98.7546,,,,,,,,,,,,,,,,,4.72305e+06,3.18585e+06,673463,966695,990663,568253,695036,,,,,,,,,,,,,,,,
USA,2016-01-01,4.63148e+06,3.13079e+06,655324,957711,973290,545489,673410,,,,,,,,,,,,,,,,,4.63148e+06,2.4656e+06,1.87446e+06,307950,323122,15172.3,97.4962,97.5353,96.8147,98.0446,98.1837,96.2694,97.0041,,,,,,,,,,,,,,,,,4.75042e+06,3.2099e+06,676885,976812,991295,566628,694208,,,,,,,,,,,,,,,,
USA,2016-04-01,4.67793e+06,3.16628e+06,660731,965635,973256,555484,677826,,,,,,,,,,,,,,,,,4.67793e+06,2.47904e+06,1.86978e+06,308785,324380,15595,98.1587,98.1541,97.4806,98.4086,98.6849,97.2804,97.5158,,,,,,,,,,,,,,,,,4.76568e+06,3.22583e+06,677808,981251,986226,571013,695094,,,,,,,,,,,,,,,,
USA,2016-07-01,4.72316e+06,3.19928e+06,667070,975784,977115,567500,687807,,,,,,,,,,,,,,,,,4.72316e+06,2.5024e+06,1.88354e+06,314282,330032,15749.5,98.4097,98.492,97.8669,98.5396,98.7378,97.7969,98.2348,,,,,,,,,,,,,,,,,4.79948e+06,3.24827e+06,681610,990246,989606,580284,700167,,,,,,,,,,,,,,,,
USA,2016-10-01,4.77234e+06,3.2305e+06,670249,989763,1.0043e+06,567085,699786,,,,,,,,,,,,,,,,,4.77234e+06,2.53005e+06,1.89975e+06,316360,331592,15231,98.8864,98.9428,98.3573,99.034,99.0509,98.4598,98.5266,,,,,,,,,,,,,,,,,4.82609e+06,3.26502e+06,681443,999418,1.01392e+06,575956,710252,,,,,,,,,,,,,,,,
USA,2017-01-01,4.82002e+06,3.27433e+06,672476,1.005e+06,1.00657e+06,584932,718287,,,,,,,,,,,,,,,,,4.82002e+06,2.55865e+06,1.93121e+06,319394,334232,14838.3,99.3904,99.52,99.1815,99.3801,99.3937,99.145,99.5891,,,,,,,,,,,,,,,,,4.84959e+06,3.29012e+06,678026,1.01126e+06,1.01271e+06,589976,721251,,,,,,,,,,,,,,,,
USA,2017-04-01,4.85966e+06,3.29718e+06,673931,1.02054e+06,1.02692e+06,587420,725795,,,,,,,,,,,,,,,,,4.85966e+06,2.58665e+06,1.94097e+06,323859,338370,14510.5,99.6498,99.7201,99.3696,99.8688,99.8733,99.2322,99.6825,,,,,,,,,,,,,,,,,4.87674e+06,3.30644e+06,678206,1.02188e+06,1.02822e+06,591966,728107,,,,,,,,,,,,,,,,
USA,2017-07-01,4.92315e+06,3.33127e+06,678963,1.03208e+06,1.04579e+06,596131,729006,,,,,,,,,,,,,,,,,4.92315e+06,2.6223e+06,1.9506e+06,327513,342991,15478,100.162,100.073,100.113,100.256,100.211,100.115,99.7417,,,,,,,,,,,,,,,,,4.91519e+06,3.32885e+06,678194,1.02944e+06,1.0436e+06,595447,730893,,,,,,,,,,,,,,,,
USA,2017-10-01,5.00927e+06,3.38785e+06,690344,1.0588e+06,1.0698e+06,619777,758501,,,,,,,,,,,,,,,,,5.00927e+06,2.66738e+06,1.98235e+06,333330,348378,15048,100.778,100.672,101.329,100.472,100.493,101.458,100.953,,,,,,,,,,,,,,,,,4.97059e+06,3.36523e+06,681288,1.05383e+06,1.06456e+06,610872,751338,,,,,,,,,,,,,,,,
USA,2018-01-01,5.08214e+06,3.43627e+06,700325,1.08079e+06,1.08955e+06,629317,773325,,,,,,,,,,,,,,,,,5.08214e+06,2.69829e+06,2.0118e+06,341146,355823,14676.3,101.419,101.377,102.616,101.041,101.006,102.357,102.502,,,,,,,,,,,,,,,,,5.01102e+06,3.38959e+06,682471,1.06966e+06,1.0787e+06,614827,754449,,,,,,,,,,,,,,,,
USA,2018-04-01,5.14523e+06,3.47282e+06,709787,1.09942e+06,1.09857e+06,640543,776499,,,,,,,,,,,,,,,,,5.14523e+06,2.72528e+06,2.04659e+06,345673,360232,14559,102.136,101.91,103.522,101.618,101.57,103.62,102.79,,,,,,,,,,,,,,,,,5.03762e+06,3.40774e+06,685636,1.08192e+06,1.08159e+06,618164,755422,,,,,,,,,,,,,,,,
USA,2018-07-01,5.19968e+06,3.50055e+06,721380,1.10765e+06,1.13231e+06,633875,788437,,,,,,,,,,,,,,,,,5.19968e+06,2.76313e+06,2.07563e+06,351440,365898,14457.8,102.577,102.252,104.367,102.029,101.983,103.838,102.923,,,,,,,,,,,,,,,,,5.06904e+06,3.42345e+06,691194,1.08562e+06,1.11029e+06,610448,766044,,,,,,,,,,,,,,,,
USA,2018-10-01,5.22947e+06,3.5248e+06,728240,1.11115e+06,1.13498e+06,634354,792906,,,,,,,,,,,,,,,,,5.22947e+06,2.78098e+06,2.09758e+06,355514,375141,19627,103.019,102.64,104.902,102.308,102.339,103.486,102.436,,,,,,,,,,,,,,,,,5.07622e+06,3.43414e+06,694207,1.08608e+06,1.10904e+06,612984,774048,,,,,,,,,,,,,,,,
USA,2019-01-01,5.2779e+06,3.53755e+06,734731,1.12496e+06,1.15369e+06,635061,783135,,,,,,,,,,,,,,,,,5.2779e+06,2.83511e+06,2.10788e+06,359818,377082,17263.5,103.328,102.848,104.834,102.815,102.803,102.639,101.236,,,,,,,,,,,,,,,,,5.10791e+06,3.43958e+06,700849,1.09416e+06,1.12223e+06,618732,773574,,,,,,,,,,,,,,,,
USA,2019-04-01,5.34948e+06,3.58767e+06,748556,1.14695e+06,1.16775e+06,636862,791352,,,,,,,,,,,,,,,,,5.34948e+06,2.85014e+06,2.12687e+06,365332,380050,14717.5,103.862,103.423,104.983,103.252,103.282,103.454,101.735,,,,,,,,,,,,,,,,,5.15057e+06,3.46893e+06,713023,1.11083e+06,1.13064e+06,615598,777856,,,,,,,,,,,,,,,,
USA,2019-07-01,5.42929e+06,3.63707e+06,758535,1.16252e+06,1.18007e+06,633101,779488,,,,,,,,,,,,,,,,,5.42929e+06,2.86625e+06,2.15508e+06,368096,388395,20299.5,104.192,103.67,105.287,103.473,103.431,102.822,100.648,,,,,,,,,,,,,,,,,5.21083e+06,3.50831e+06,720446,1.1235e+06,1.14093e+06,615728,774471,,,,,,,,,,,,,,,,
USA,2019-10-01,5.4833e+06,3.67526e+06,770234,1.16029e+06,1.16615e+06,634366,762706,,,,,,,,,,,,,,,,,5.4833e+06,2.90696e+06,2.17396e+06,367429,388105,20675.8,104.516,104.076,105.91,103.471,103.282,102.404,100.362,,,,,,,,,,,,,,,,,5.24636e+06,3.53132e+06,727252,1.12136e+06,1.1291e+06,619477,759958,,,,,,,,,,,,,,,,
USA,2020-01-01,5.43781e+06,3.62577e+06,783781,1.16243e+06,1.15365e+06,607735,733134,,,,,,,,,,,,,,,,,5.43781e+06,2.9472e+06,2.12247e+06,368670,388836,20165.3,105.032,104.436,107.07,103.836,103.853,101.853,100.035,,,,,,,,,,,,,,,,,5.1773e+06,3.47176e+06,732028,1.11948e+06,1.11085e+06,596679,732876,,,,,,,,,,,,,,,,
USA,2020-04-01,4.98957e+06,3.29832e+06,801522,1.09222e+06,1.02145e+06,457423,589146,,,,,,,,,,,,,,,,,4.98957e+06,2.76468e+06,2.08527e+06,96373.8,354481,258108,104.614,104.004,106.901,104.127,103.691,96.9934,96.7456,,,,,,,,,,,,,,,,,4.7695e+06,3.17133e+06,749776,1.04894e+06,985091,471602,608964,,,,,,,,,,,,,,,,
USA,2020-07-01,5.42611e+06,3.6198e+06,795610,1.15568e+06,1.1826e+06,529188,701092,,,,,,,,,,,,,,,,,5.42611e+06,2.89434e+06,2.33129e+06,94093.5,385078,290984,105.572,104.818,108.402,104.657,104.419,100.045,98.828,,,,,,,,,,,,,,,,,5.13972e+06,3.45343e+06,733946,1.10425e+06,1.13255e+06,528952,709406,,,,,,,,,,,,,,,,
USA,2020-10-01,5.52179e+06,3.68745e+06,799196,1.20251e+06,1.22467e+06,569491,759019,,,,,,,,,,,,,,,,,5.52179e+06,2.99953e+06,2.28717e+06,263620,392870,129251,106.23,105.346,109.103,105.291,105.057,101.59,99.563,,,,,,,,,,,,,,,,,5.19798e+06,3.50034e+06,732514,1.14208e+06,1.16571e+06,560578,762351,,,,,,,,,,,,,,,,
USA,2021-01-01,5.67017e+06,3.81385e+06,832569,1.22757e+06,1.22101e+06,598258,795520,,,,,,,,,,,,,,,,,5.67017e+06,3.02497e+06,2.37534e+06,266220,400419,134199,107.583,106.535,111.128,106.051,105.752,106.481,102.413,,,,,,,,,,,,,,,,,5.27053e+06,3.5799e+06,749196,1.15753e+06,1.1546e+06,561843,776774,,,,,,,,,,,,,,,,
USA,2021-04-01,5.85648e+06,4.00689e+06,837487,1.25339e+06,1.2185e+06,630704,837109,,,,,,,,,,,,,,,,,5.85648e+06,3.10362e+06,2.5174e+06,214431,426134,211703,109.258,108.148,112.947,107.266,107.01,111.129,105.482,,,,,,,,,,,,,,,,,5.36023e+06,3.705e+06,741487,1.16849e+06,1.13868e+06,567542,793606,,,,,,,,,,,,,,,,
USA,2021-07-01,5.99559e+06,4.09518e+06,846928,1.26898e+06,1.27185e+06,645335,863705,,,,,,,,,,,,,,,,,5.99559e+06,3.17891e+06,2.55374e+06,257552,430128,172576,110.938,109.62,115.106,109.004,108.533,113.784,107.109,,,,,,,,,,,,,,,,,5.40446e+06,3.73581e+06,735782,1.16416e+06,1.17186e+06,567158,806377,,,,,,,,,,,,,,,,
USA,2021-10-01,6.2034e+06,4.20375e+06,859406,1.30199e+06,1.36744e+06,694399,921596,,,,,,,,,,,,,,,,,6.2034e+06,3.26206e+06,2.59776e+06,335812,443405,107594,112.847,111.455,116.702,111.213,110.776,115.613,108.835,,,,,,,,,,,,,,,,,5.49718e+06,3.77172e+06,736411,1.17072e+06,1.23442e+06,600626,846783,,,,,,,,,,,,,,,,
USA,2022-01-01,6.31259e+06,4.28725e+06,866979,1.34986e+06,1.42065e+06,716306,978599,,,,,,,,,,,,,,,,,6.31259e+06,3.29936e+06,2.62621e+06,413316,451231,37915,115.126,113.563,118.889,113.718,113.227,120.513,112.342,,,,,,,,,,,,,,,,,5.48318e+06,3.77521e+06,729231,1.18703e+06,1.2547e+06,594382,871092,,,,,,,,,,,,,,,,
USA,2022-04-01,6.46532e+06,4.40164e+06,887896,1.38718e+06,1.42483e+06,773434,1.02248e+06,,,,,,,,,,,,,,,,,6.46532e+06,3.32808e+06,2.72136e+06,428321,460844,32522.8,117.728,115.647,122.217,116.442,115.8,126.188,115.38,,,,,,,,,,,,,,,,,5.49176e+06,3.80609e+06,726490,1.1913e+06,1.23042e+06,612922,886183,,,,,,,,,,,,,,,,
USA,2022-07-01,6.58408e+06,4.47328e+06,896645,1.40316e+06,1.42805e+06,782269,996169,,,,,,,,,,,,,,,,,6.58408e+06,3.40764e+06,2.76652e+06,433010,462780,29769.8,119.031,116.98,122.675,118.402,117.828,123.244,114.108,,,,,,,,,,,,,,,,,5.53141e+06,3.82396e+06,730912,1.18508e+06,1.21198e+06,634733,873006,,,,,,,,,,,,,,,,
USA,2022-10-01,6.69263e+06,4.52784e+06,911968,1.41757e+06,1.46547e+06,764421,977075,,,,,,,,,,,,,,,,,6.69263e+06,3.42714e+06,2.77223e+06,431830,459616,27786.8,120.164,118.172,123.708,119.433,118.668,121.332,112.806,,,,,,,,,,,,,,,,,5.56959e+06,3.83156e+06,737196,1.18692e+06,1.23494e+06,630024,866154,,,,,,,,,,,,,,,,
USA,2023-01-01,6.80411e+06,4.62176e+06,925215,1.44439e+06,1.45587e+06,771379,970108,,,,,,,,,,,,,,,,,6.80411e+06,3.47721e+06,2.83272e+06,435204,461214,26010.5,121.288,119.304,124.235,120.293,119.538,121.308,112.29,,,,,,,,,,,,,,,,,5.6099e+06,3.87394e+06,744731,1.20073e+06,1.21791e+06,635886,863933,,,,,,,,,,,,,,,,
USA,2023-04-01,6.88251e+06,4.67328e+06,926540,1.47767e+06,1.48206e+06,754053,953424,,,,,,,,,,,,,,,,,6.88251e+06,3.52842e+06,2.84323e+06,435616,461115,25499.5,121.92,120.184,124.017,120.212,119.391,120.203,110.948,,,,,,,,,,,,,,,,,5.64512e+06,3.88843e+06,747104,1.22922e+06,1.24135e+06,627316,859344,,,,,,,,,,,,,,,,
USA,2023-07-01,7.01871e+06,4.74046e+06,952092,1.49692e+06,1.51754e+06,770520,961904,,,,,,,,,,,,,,,,,7.01871e+06,3.58889e+06,2.87482e+06,440204,466264,26060.3,122.914,120.993,125.849,120.576,119.729,121.498,111.11,,,,,,,,,,,,,,,,,5.71025e+06,3.91798e+06,756537,1.24148e+06,1.26748e+06,634182,865724,,,,,,,,,,,,,,,,
USA,2023-10-01,7.10618e+06,4.79765e+06,962032,1.52629e+06,1.54351e+06,777408,974419,,,,,,,,,,,,,,,,,7.10618e+06,3.63387e+06,2.94775e+06,447738,472420,24682,123.405,121.539,126.259,121.233,120.342,120.78,111.084,,,,,,,,,,,,,,,,,5.75844e+06,3.94743e+06,761949,1.25898e+06,1.28261e+06,643657,877194,,,,,,,,,,,,,,,,
USA,2024-01-01,7.17704e+06,4.86096e+06,978642,1.53919e+06,1.54306e+06,791025,996645,,,,,,,,,,,,,,,,,7.17704e+06,3.69019e+06,2.97042e+06,456500,480428,23927.3,124.374,122.614,127.541,121.497,120.692,121.526,111.738,,,,,,,,,,,,,,,,,5.77053e+06,3.96443e+06,767317,1.26685e+06,1.27851e+06,650910,891945,,,,,,,,,,,,,,,,
USA,2024-04-01,7.28676e+06,4.93902e+06,989876,1.55704e+06,1.58145e+06,798158,1.02175e+06,,,,,,,,,,,,,,,,,7.28676e+06,3.74139e+06,3.01151e+06,462372,485801,23429.3,125.167,123.401,128.137,122.259,121.392,122.419,112.274,,,,,,,,,,,,,,,,,5.82163e+06,4.00241e+06,772516,1.27356e+06,1.30277e+06,651990,910052,,,,,,,,,,,,,,,,
USA,2024-07-01,7.37792e+06,5.0082e+06,1.00547e+06,1.57801e+06,1.59882e+06,814122,1.0487e+06,,,,,,,,,,,,,,,,,7.37792e+06,3.78458e+06,3.02647e+06,468262,491465,23203.8,125.696,123.921,128.733,123.064,122.05,122.225,112.485,,,,,,,,,,,,,,,,,5.86964e+06,4.04144e+06,781048,1.28227e+06,1.30998e+06,666084,932308,,,,,,,,,,,,,,,,
USA,2024-10-01,7.4563e+06,5.08782e+06,1.01785e+06,1.58084e+06,1.58529e+06,812064,1.04673e+06,,,,,,,,,,,,,,,,,7.4563e+06,3.83295e+06,3.08374e+06,473312,496991,23679.3,126.45,124.695,129.259,123.618,122.633,122.186,112.327,,,,,,,,,,,,,,,,,5.89664e+06,4.08022e+06,787452,1.27881e+06,1.2927e+06,664614,931862,,,,,,,,,,,,,,,,
USA,2025-01-01,7.51053e+06,5.13875e+06,1.02622e+06,1.60867e+06,1.66172e+06,823415,1.13957e+06,,,,,,,,,,,,,,,,,7.51053e+06,3.88341e+06,3.11384e+06,476665,503589,26924.3,127.577,125.751,130.881,123.934,122.961,123.844,112.821,,,,,,,,,,,,,,,,,5.88705e+06,4.08645e+06,784086,1.29801e+06,1.35142e+06,664882,1.01006e+06,,,,,,,,,,,,,,,,
USA,2025-04-01,7.62143e+06,5.19748e+06,1.03299e+06,1.62736e+06,1.61591e+06,816876,1.04183e+06,,,,,,,,,,,,,,,,,7.62143e+06,3.90834e+06,3.1321e+06,520786,550778,29992.5,128.248,126.416,132.079,124.082,123.138,123.429,112.468,,,,,,,,,,,,,,,,,5.94274e+06,4.11142e+06,782104,1.31152e+06,1.31228e+06,661820,926329,,,,,,,,,,,,,,,,
USA,2025-07-01,7.77451e+06,5.27779e+06,1.05212e+06,1.64866e+06,1.63374e+06,841717,1.03086e+06,,,,,,,,,,,,,,,,,7.77451e+06,3.96494e+06,3.19106e+06,541362,572402,31040.8,129.43,127.284,133.644,125.464,124.456,124.295,112.531,,,,,,,,,,,,,,,,,6.00671e+06,4.14647e+06,787254,1.31405e+06,1.3127e+06,677194,916066,,,,,,,,,,,,,,,,
USA,2025-10-01,7.85563e+06,5.34084e+06,1.05399e+06,1.66859e+06,1.65705e+06,837651,1.0339e+06,,,,,,,,,,,,,,,,,7.85563e+06,3.99296e+06,3.24417e+06,562854,587005,24150.8,130.624,128.191,136.35,126.599,125.644,124.708,113.136,,,,,,,,,,,,,,,,,6.01394e+06,4.1663e+06,773002,1.31801e+06,1.31884e+06,671688,913853,,,,,,,,,,,,,,,,
USA,2026-01-01,7.96643e+06,5.40874e+06,1.06869e+06,1.701e+06,1.69399e+06,877176,1.08216e+06,,,,,,,,,,,,,,,,,7.96643e+06,4.02597e+06,3.31195e+06,555633,589278,33644.8,131.783,129.646,136.482,127.323,126.367,127.266,115.161,,,,,,,,,,,,,,,,,6.0451e+06,4.17193e+06,783030,1.33597e+06,1.34054e+06,689246,939701,,,,,,,,,,,,,,,,
USA,2026-04-01,8.1188e+06,5.51954e+06,1.09747e+06,1.74143e+06,1.71905e+06,937973,1.15523e+06,,,,,,,,,,,,,,,,,8.1188e+06,4.06297e+06,,560710,592801,32090.8,133.805,131.278,140.45,128.57,127.483,134.588,119.64,,,,,,,,,,,,,,,,,6.06765e+06,4.20448e+06,781390,1.35446e+06,1.34846e+06,696923,965588,,,,,,,,,,,,,,,,
