date,district,value,n_docs,n_sections
1970-04-01,Atlanta,0.02886178861788618,2,1
1970-04-01,Boston,0.09317073170731707,2,1
1970-04-01,Chicago,0.047619047619047616,2,1
1970-04-01,Cleveland,0.0967741935483871,1,1
1970-04-01,Dallas,0.08465818759936408,2,1
1970-04-01,Kansas City,0.031818181818181815,2,1
1970-04-01,Minneapolis,0.02702702702702703,1,1
1970-04-01,New York,0.013513513513513514,2,1
1970-04-01,Philadelphia,0.06363636363636364,3,2
1970-04-01,Richmond,0.10795454545454546,2,1
1970-04-01,San Francisco,0.10472049689440995,5,1
1970-04-01,St. Louis,0.1169642857142857,3,2
1970-07-01,Atlanta,0.13552900587784308,4,2
1970-07-01,Boston,0.11125,2,1
1970-07-01,Chicago,0.059642401021711366,3,1
1970-07-01,Cleveland,0.08448275862068966,2,1
1970-07-01,Dallas,0.016760946993505135,3,1
1970-07-01,Kansas City,0.030303030303030304,3,1
1970-07-01,Minneapolis,0.08208571281576375,3,1
1970-07-01,New York,0.029012345679012345,3,1
1970-07-01,Philadelphia,0.055963225371120105,4,2
1970-07-01,Richmond,0.12290249433106576,3,1
1970-07-01,San Francisco,0.1158488698460648,7,2
1970-07-01,St. Louis,0.11060606060606061,2,1
1970-10-01,Atlanta,0.157010857010857,3,1
1970-10-01,Boston,0.04840628507295174,3,2
1970-10-01,Chicago,0.052096052096052094,3,1
1970-10-01,Cleveland,0.09762618690654673,3,1
1970-10-01,Dallas,0.050505050505050504,4,2
1970-10-01,Kansas City,0.03809523809523809,3,1
1970-10-01,Minneapolis,0.0614500442086649,3,1
1970-10-01,New York,0.10317460317460317,2,1
1970-10-01,Philadelphia,0.13333333333333333,3,1
1970-10-01,Richmond,0.12777777777777777,3,1
1970-10-01,San Francisco,0.09771058403191854,5,1
1970-10-01,St. Louis,0.08115079365079365,3,1
1971-01-01,Atlanta,0.04487179487179487,3,1
1971-01-01,Boston,0.04047619047619047,2,1
1971-01-01,Chicago,0.05185185185185185,3,1
1971-01-01,Cleveland,0.040945165945165944,3,1
1971-01-01,Dallas,0.0843058968058968,3,1
1971-01-01,Kansas City,0.030769230769230767,3,1
1971-01-01,Minneapolis,0.02666666666666667,3,1
1971-01-01,New York,0.11379495437466453,3,1
1971-01-01,Philadelphia,0.041707396546106223,3,1
1971-01-01,Richmond,0.07676381589425067,3,1
1971-01-01,San Francisco,0.07122890619662499,6,1
1971-01-01,St. Louis,0.06167861409796893,3,1
1971-04-01,Atlanta,0.08585339317285462,4,1
1971-04-01,Boston,0.021778584392014518,4,1
1971-04-01,Chicago,0.031524122807017545,4,1
1971-04-01,Cleveland,0.12083333333333333,4,1
1971-04-01,Dallas,0.10202919653524492,4,1
1971-04-01,Kansas City,0.050516461555046036,4,1
1971-04-01,Minneapolis,0.008064516129032258,4,1
1971-04-01,New York,0.1422748447204969,4,1
1971-04-01,Philadelphia,0.04019458329803158,4,1
1971-04-01,Richmond,0.062779374201788,4,1
1971-04-01,San Francisco,0.05587269872984159,7,1
1971-04-01,St. Louis,0.0393939393939394,4,1
1971-07-01,Atlanta,0.07549019607843137,3,1
1971-07-01,Boston,0.015503875968992248,3,1
1971-07-01,Chicago,0.050671550671550665,3,1
1971-07-01,Cleveland,0.11733664185277089,3,1
1971-07-01,Dallas,0.010101010101010102,3,1
1971-07-01,Kansas City,0.061342592592592594,3,1
1971-07-01,Minneapolis,0.03598484848484849,3,1
1971-07-01,New York,0.10349206349206348,3,1
1971-07-01,Philadelphia,0.0,3,1
1971-07-01,Richmond,0.02782608695652174,3,1
1971-07-01,San Francisco,0.05206020634713334,6,1
1971-07-01,St. Louis,0.06705516705516705,3,1
1971-10-01,Atlanta,0.0727994227994228,3,1
1971-10-01,Boston,0.03508771929824561,3,1
1971-10-01,Chicago,0.06993006993006994,3,1
1971-10-01,Cleveland,0.1956717501815541,3,1
1971-10-01,Dallas,0.0728110599078341,3,1
1971-10-01,Kansas City,0.009009009009009009,3,1
1971-10-01,Minneapolis,0.013333333333333334,3,1
1971-10-01,New York,0.1423486251861538,3,1
1971-10-01,Philadelphia,0.0,3,1
1971-10-01,Richmond,0.03422619047619047,3,1
1971-10-01,San Francisco,0.055546780667903695,6,1
1971-10-01,St. Louis,0.011494252873563218,3,1
1972-01-01,Atlanta,0.0,1,1
1972-01-01,Boston,0.08541244083840434,3,2
1972-01-01,Chicago,0.0,2,1
1972-01-01,Cleveland,0.10714285714285714,1,1
1972-01-01,Dallas,0.0975609756097561,2,1
1972-01-01,Kansas City,0.0,1,1
1972-01-01,Minneapolis,0.0,1,1
1972-01-01,New York,0.07692307692307693,1,1
1972-01-01,Philadelphia,0.047619047619047616,3,2
1972-01-01,Richmond,0.022222222222222223,3,2
1972-01-01,San Francisco,0.056606386445096114,3,1
1972-01-01,St. Louis,0.007352941176470588,4,2
1972-04-01,Atlanta,0.0633406798904695,3,1
1972-04-01,Boston,0.0,3,1
1972-04-01,Chicago,0.02941176470588235,3,1
1972-04-01,Cleveland,0.04318104412981074,3,1
1972-04-01,Dallas,0.05754141238012206,3,1
1972-04-01,Kansas City,0.0,3,1
1972-04-01,Minneapolis,0.08133443617314585,3,1
1972-04-01,New York,0.06896551724137932,3,1
1972-04-01,Philadelphia,0.0,3,1
1972-04-01,Richmond,0.012820512820512822,3,1
1972-04-01,San Francisco,0.051674324700640484,8,2
1972-04-01,St. Louis,0.02921102921102921,3,1
1972-07-01,Atlanta,0.017543859649122806,3,1
1972-07-01,Boston,0.030012771392081736,3,1
1972-07-01,Chicago,0.025925925925925925,3,1
1972-07-01,Cleveland,0.060010960906101564,3,1
1972-07-01,Dallas,0.12271718723331626,3,1
1972-07-01,Kansas City,0.0,3,1
1972-07-01,Minneapolis,0.05555555555555555,3,1
1972-07-01,New York,0.10806451612903226,4,2
1972-07-01,Philadelphia,0.0,2,1
1972-07-01,Richmond,0.012820512820512822,3,1
1972-07-01,San Francisco,0.054681798277623705,6,1
1972-07-01,St. Louis,0.039536565427906685,3,1
1972-10-01,Atlanta,0.09444444444444444,3,1
1972-10-01,Boston,0.017780938833570414,3,1
1972-10-01,Chicago,0.04350657502432289,3,1
1972-10-01,Cleveland,0.09094982078853046,3,1
1972-10-01,Dallas,0.07005568956788469,3,1
1972-10-01,Kansas City,0.018518518518518517,3,1
1972-10-01,Minneapolis,0.08998357963875205,3,1
1972-10-01,New York,0.09015873015873016,3,1
1972-10-01,Philadelphia,0.012820512820512822,3,1
1972-10-01,Richmond,0.012820512820512822,3,1
1972-10-01,San Francisco,0.032134237016700984,5,1
1972-10-01,St. Louis,0.04797596457938014,3,1
1973-01-01,Atlanta,0.08202614379084967,3,1
1973-01-01,Boston,0.04925925925925926,3,1
1973-01-01,Chicago,0.008130081300813009,3,1
1973-01-01,Cleveland,0.018518518518518517,2,1
1973-01-01,Dallas,0.0423076923076923,3,1
1973-01-01,Kansas City,0.0,2,1
1973-01-01,Minneapolis,0.02666666666666667,4,2
1973-01-01,New York,0.02666666666666667,3,1
1973-01-01,Philadelphia,0.023941532258064516,4,2
1973-01-01,Richmond,0.021910919540229886,3,1
1973-01-01,San Francisco,0.052314814814814814,6,1
1973-01-01,St. Louis,0.06972829065852322,3,1
1973-04-01,Atlanta,0.03333333333333333,3,1
1973-04-01,Boston,0.08963920817369093,4,2
1973-04-01,Chicago,0.006944444444444444,3,1
1973-04-01,Cleveland,0.08333333333333333,2,1
1973-04-01,Dallas,0.08687258687258688,3,1
1973-04-01,Kansas City,0.011494252873563218,3,1
1973-04-01,Minneapolis,0.009523809523809523,3,1
1973-04-01,New York,0.08064516129032258,2,1
1973-04-01,Philadelphia,0.0,4,2
1973-04-01,Richmond,0.0,3,1
1973-04-01,San Francisco,0.024952107279693485,5,1
1973-04-01,St. Louis,0.011494252873563218,3,1
1973-07-01,Atlanta,0.010416666666666666,3,2
1973-07-01,Boston,0.034022394487510765,3,1
1973-07-01,Chicago,0.0,2,1
1973-07-01,Cleveland,0.03333333333333333,2,1
1973-07-01,Dallas,0.05420168067226891,4,2
1973-07-01,Kansas City,0.0,3,1
1973-07-01,Minneapolis,0.007575757575757576,3,1
1973-07-01,New York,0.038530465949820784,3,1
1973-07-01,Philadelphia,0.025,4,2
1973-07-01,Richmond,0.015199637023593466,4,2
1973-07-01,San Francisco,0.0,4,1
1973-07-01,St. Louis,0.03842077371489137,3,1
1973-10-01,Atlanta,0.046335447498238196,3,1
1973-10-01,Boston,0.04726062467997952,3,1
1973-10-01,Chicago,0.05119047619047618,3,1
1973-10-01,Cleveland,0.044261294261294264,3,1
1973-10-01,Dallas,0.06321147987814654,3,1
1973-10-01,Kansas City,0.034210526315789476,3,1
1973-10-01,Minneapolis,0.0,3,1
1973-10-01,New York,0.034482758620689655,3,1
1973-10-01,Philadelphia,0.03015873015873016,3,1
1973-10-01,Richmond,0.011494252873563218,3,1
1973-10-01,San Francisco,0.06057353264473168,6,1
1973-10-01,St. Louis,0.02628968253968254,3,1
1974-01-01,Atlanta,0.11958797703478553,3,1
1974-01-01,Boston,0.053968253968253964,3,1
1974-01-01,Chicago,0.04212454212454212,3,1
1974-01-01,Cleveland,0.12392473118279572,3,1
1974-01-01,Dallas,0.028985507246376812,3,1
1974-01-01,Kansas City,0.0,3,1
1974-01-01,Minneapolis,0.06904761904761904,3,1
1974-01-01,New York,0.055944055944055944,3,1
1974-01-01,Philadelphia,0.061111111111111116,3,1
1974-01-01,Richmond,0.08690619967793882,3,1
1974-01-01,San Francisco,0.04093567251461988,6,1
1974-01-01,St. Louis,0.024725274725274724,3,1
1974-04-01,Atlanta,0.029093915343915346,4,1
1974-04-01,Boston,0.053728916886811626,4,1
1974-04-01,Chicago,0.04302810715854194,3,1
1974-04-01,Cleveland,0.013605442176870748,3,1
1974-04-01,Dallas,0.01598746081504702,5,1
1974-04-01,Kansas City,0.0,4,1
1974-04-01,Minneapolis,0.04597701149425287,3,1
1974-04-01,New York,0.008064516129032258,4,1
1974-04-01,Philadelphia,0.008333333333333333,4,1
1974-04-01,Richmond,0.04853240337111305,3,1
1974-04-01,San Francisco,0.0,5,1
1974-04-01,St. Louis,0.01639344262295082,3,1
1974-07-01,Atlanta,0.01803020058598152,3,1
1974-07-01,Boston,0.04388138138138138,4,1
1974-07-01,Chicago,0.010869565217391304,4,1
1974-07-01,Cleveland,0.0,4,1
1974-07-01,Dallas,0.03015252120176188,4,1
1974-07-01,Kansas City,0.0,4,1
1974-07-01,Minneapolis,0.0,4,1
1974-07-01,New York,0.013888888888888888,3,1
1974-07-01,Philadelphia,0.028308823529411765,4,1
1974-07-01,Richmond,0.012758397932816537,4,1
1974-07-01,San Francisco,0.0036231884057971015,6,1
1974-07-01,St. Louis,0.03244208494208494,4,1
1974-10-01,Atlanta,0.11061788180432248,3,1
1974-10-01,Boston,0.11681547619047619,4,2
1974-10-01,Chicago,0.046563192904656325,3,1
1974-10-01,Cleveland,0.05577376018105501,3,1
1974-10-01,Dallas,0.04869154869154869,3,1
1974-10-01,Kansas City,0.034722222222222224,3,1
1974-10-01,Minneapolis,0.05400155400155399,3,1
1974-10-01,New York,0.1269708552317248,3,1
1974-10-01,Philadelphia,0.05555555555555555,3,1
1974-10-01,Richmond,0.08517050845565664,3,1
1974-10-01,San Francisco,0.032904446862947266,5,1
1974-10-01,St. Louis,0.1192918192918193,3,1
1975-01-01,Atlanta,0.10310546481145393,3,1
1975-01-01,Boston,0.06739251469223632,3,1
1975-01-01,Chicago,0.14175186515612048,3,1
1975-01-01,Cleveland,0.14577001013171226,3,1
1975-01-01,Dallas,0.05729166666666667,4,1
1975-01-01,Kansas City,0.023255813953488372,3,1
1975-01-01,Minneapolis,0.09690951852439089,4,1
1975-01-01,New York,0.1157517449537823,3,1
1975-01-01,Philadelphia,0.07572109925051101,3,1
1975-01-01,Richmond,0.1394373600255953,3,1
1975-01-01,San Francisco,0.0848636998993338,6,1
1975-01-01,St. Louis,0.06877076411960133,4,1
1975-04-01,Atlanta,0.08175774842441509,3,1
1975-04-01,Boston,0.042731405710129115,3,1
1975-04-01,Chicago,0.05598845598845598,3,1
1975-04-01,Cleveland,0.053149963689179375,3,1
1975-04-01,Dallas,0.045359603789836354,3,1
1975-04-01,Kansas City,0.019047619047619046,3,1
1975-04-01,Minneapolis,0.09015594541910332,3,1
1975-04-01,New York,0.030303030303030304,3,1
1975-04-01,Philadelphia,0.027065527065527062,3,1
1975-04-01,Richmond,0.03066378066378066,3,1
1975-04-01,San Francisco,0.0321029776674938,4,1
1975-04-01,St. Louis,0.052988806858775904,3,1
1975-07-01,Atlanta,0.0367003367003367,3,1
1975-07-01,Boston,0.029694697225030892,3,1
1975-07-01,Chicago,0.054008730178302794,3,1
1975-07-01,Cleveland,0.03815470244041672,3,1
1975-07-01,Dallas,0.015503875968992248,3,1
1975-07-01,Kansas City,0.024999999999999998,3,1
1975-07-01,Minneapolis,0.041666666666666664,3,1
1975-07-01,New York,0.030257936507936508,3,1
1975-07-01,Philadelphia,0.02963188112124282,3,1
1975-07-01,Richmond,0.02242926155969634,3,1
1975-07-01,San Francisco,0.031047277845307402,5,1
1975-07-01,St. Louis,0.03809523809523809,3,1
1975-10-01,Atlanta,0.06758448060075094,3,1
1975-10-01,Boston,0.024146451033243487,3,1
1975-10-01,Chicago,0.07298937571833038,3,1
1975-10-01,Cleveland,0.036111111111111115,3,1
1975-10-01,Dallas,0.03560149296583405,3,1
1975-10-01,Kansas City,0.0,3,1
1975-10-01,Minneapolis,0.027777777777777776,3,1
1975-10-01,New York,0.03506745386611905,3,1
1975-10-01,Philadelphia,0.0,3,1
1975-10-01,Richmond,0.022448320413436692,3,1
1975-10-01,San Francisco,0.023809523809523808,4,1
1975-10-01,St. Louis,0.009523809523809523,3,1
1976-01-01,Atlanta,0.03723045822102426,2,1
1976-01-01,Boston,0.015503875968992248,3,1
1976-01-01,Chicago,0.06492063492063492,3,1
1976-01-01,Cleveland,0.08241388241388241,3,1
1976-01-01,Dallas,0.023758865248226953,3,1
1976-01-01,Kansas City,0.034188034188034185,3,1
1976-01-01,Minneapolis,0.11721956224350205,3,1
1976-01-01,New York,0.0758411179463811,3,1
1976-01-01,Philadelphia,0.0,3,1
1976-01-01,Richmond,0.031364267953780896,4,2
1976-01-01,San Francisco,0.050144936603269935,6,1
1976-01-01,St. Louis,0.030555555555555558,3,1
1976-04-01,Atlanta,0.035103785103785104,3,1
1976-04-01,Boston,0.032024882024882025,3,1
1976-04-01,Chicago,0.015151515151515152,3,1
1976-04-01,Cleveland,0.02540792540792541,3,1
1976-04-01,Dallas,0.03759398496240601,3,1
1976-04-01,Kansas City,0.0,3,1
1976-04-01,Minneapolis,0.05912061794414736,3,1
1976-04-01,New York,0.04040404040404041,3,1
1976-04-01,Philadelphia,0.013225475089881871,3,1
1976-04-01,Richmond,0.007936507936507936,3,1
1976-04-01,San Francisco,0.020303030303030302,5,1
1976-04-01,St. Louis,0.007936507936507936,3,1
1976-07-01,Atlanta,0.03636363636363636,3,1
1976-07-01,Boston,0.021910919540229886,3,1
1976-07-01,Chicago,0.007246376811594203,3,1
1976-07-01,Cleveland,0.014351851851851852,3,1
1976-07-01,Dallas,0.028999211977935382,3,1
1976-07-01,Kansas City,0.0,3,1
1976-07-01,Minneapolis,0.05993357487922705,3,1
1976-07-01,New York,0.07607962213225371,3,1
1976-07-01,Philadelphia,0.0,3,1
1976-07-01,Richmond,0.016018306636155607,3,1
1976-07-01,San Francisco,0.0,5,1
1976-07-01,St. Louis,0.029335912314635715,3,1
1976-10-01,Atlanta,0.018518518518518517,3,1
1976-10-01,Boston,0.00980392156862745,3,1
1976-10-01,Chicago,0.007936507936507936,3,1
1976-10-01,Cleveland,0.017543859649122806,3,1
1976-10-01,Dallas,0.030010423181154888,3,1
1976-10-01,Kansas City,0.007407407407407408,3,1
1976-10-01,Minneapolis,0.018532818532818532,3,1
1976-10-01,New York,0.04448621553884711,3,1
1976-10-01,Philadelphia,0.014822134387351778,3,1
1976-10-01,Richmond,0.030821983966000194,3,1
1976-10-01,San Francisco,0.0033333333333333335,6,1
1976-10-01,St. Louis,0.024390243902439022,3,1
1977-01-01,Atlanta,0.02040816326530612,3,1
1977-01-01,Boston,0.006060606060606061,3,1
1977-01-01,Chicago,0.0265359477124183,3,1
1977-01-01,Cleveland,0.06344276841171251,3,1
1977-01-01,Dallas,0.03651126651126651,3,1
1977-01-01,Kansas City,0.0,3,1
1977-01-01,Minneapolis,0.02491582491582492,3,1
1977-01-01,New York,0.033130081300813005,3,1
1977-01-01,Philadelphia,0.03714072415080254,3,1
1977-01-01,Richmond,0.03261648745519713,3,1
1977-01-01,San Francisco,0.04480894922071393,8,2
1977-01-01,St. Louis,0.014705882352941176,4,2
1977-04-01,Atlanta,0.010416666666666666,3,1
1977-04-01,Boston,0.015579710144927537,3,1
1977-04-01,Chicago,0.014520202020202022,3,1
1977-04-01,Cleveland,0.0,3,1
1977-04-01,Dallas,0.02452153110047847,4,2
1977-04-01,Kansas City,0.008771929824561403,3,1
1977-04-01,Minneapolis,0.0196078431372549,3,1
1977-04-01,New York,0.015503875968992248,3,1
1977-04-01,Philadelphia,0.0,3,1
1977-04-01,Richmond,0.01911001911001911,3,1
1977-04-01,San Francisco,0.0,5,1
1977-04-01,St. Louis,0.0,3,1
1977-07-01,Atlanta,0.02019115890083632,3,1
1977-07-01,Boston,0.008333333333333333,3,1
1977-07-01,Chicago,0.0,3,1
1977-07-01,Cleveland,0.006410256410256411,3,1
1977-07-01,Dallas,0.03681365618004006,3,1
1977-07-01,Kansas City,0.009523809523809523,3,1
1977-07-01,Minneapolis,0.12283475783475784,6,4
1977-07-01,New York,0.03799929303640862,3,1
1977-07-01,Philadelphia,0.0,3,1
1977-07-01,Richmond,0.009009009009009009,3,1
1977-07-01,San Francisco,0.008030990173847315,6,1
1977-07-01,St. Louis,0.008547008547008546,3,1
1977-10-01,Atlanta,0.04193410355156183,3,1
1977-10-01,Boston,0.046511627906976744,2,1
1977-10-01,Chicago,0.006535947712418301,3,1
1977-10-01,Cleveland,0.04037951258677581,3,1
1977-10-01,Dallas,0.008333333333333333,3,1
1977-10-01,Kansas City,0.0,3,1
1977-10-01,Minneapolis,0.010416666666666666,6,3
1977-10-01,New York,0.025641025641025644,3,1
1977-10-01,Philadelphia,0.0,3,1
1977-10-01,Richmond,0.03988095238095238,3,1
1977-10-01,San Francisco,0.019075466443887495,6,2
1977-10-01,St. Louis,0.0,3,1
1978-01-01,Atlanta,0.04424181019925701,3,1
1978-01-01,Boston,0.013469387755102041,3,1
1978-01-01,Chicago,0.056896120150187725,3,1
1978-01-01,Cleveland,0.020141389889289048,3,1
1978-01-01,Dallas,0.02242926155969634,3,1
1978-01-01,Kansas City,0.017389340560072266,3,1
1978-01-01,Minneapolis,0.15625,7,5
1978-01-01,New York,0.0462962962962963,3,1
1978-01-01,Philadelphia,0.0,3,1
1978-01-01,Richmond,0.03904923599320883,3,1
1978-01-01,San Francisco,0.013333333333333334,7,1
1978-01-01,St. Louis,0.015159345391903533,3,1
1978-04-01,Atlanta,0.02397039897039897,3,1
1978-04-01,Boston,0.0950824774354186,3,1
1978-04-01,Chicago,0.0,3,1
1978-04-01,Cleveland,0.0,3,1
1978-04-01,Dallas,0.0,3,1
1978-04-01,Kansas City,0.008771929824561403,3,1
1978-04-01,Minneapolis,0.06547619047619048,7,5
1978-04-01,New York,0.008771929824561403,3,1
1978-04-01,Philadelphia,0.0,3,1
1978-04-01,Richmond,0.017105263157894738,3,1
1978-04-01,San Francisco,0.03173374613003096,6,1
1978-04-01,St. Louis,0.0,3,1
1978-07-01,Atlanta,0.0196078431372549,3,1
1978-07-01,Boston,0.0,3,1
1978-07-01,Chicago,0.02641025641025641,3,1
1978-07-01,Cleveland,0.007751937984496124,3,1
1978-07-01,Dallas,0.008771929824561403,3,1
1978-07-01,Kansas City,0.0,3,1
1978-07-01,Minneapolis,0.025,2,1
1978-07-01,New York,0.0,3,1
1978-07-01,Philadelphia,0.009259259259259259,3,1
1978-07-01,Richmond,0.0,3,1
1978-07-01,San Francisco,0.0,6,1
1978-07-01,St. Louis,0.0,4,2
1978-10-01,Atlanta,0.01730769230769231,4,2
1978-10-01,Boston,0.017094017094017092,3,1
1978-10-01,Chicago,0.017241379310344827,2,1
1978-10-01,Cleveland,0.01690201112537441,3,1
1978-10-01,Dallas,0.01688034188034188,3,1
1978-10-01,Kansas City,0.007407407407407408,3,1
1978-10-01,Minneapolis,0.0,3,1
1978-10-01,New York,0.02150537634408602,3,1
1978-10-01,Philadelphia,0.024390243902439022,3,1
1978-10-01,Richmond,0.0,3,1
1978-10-01,San Francisco,0.0040650406504065045,6,1
1978-10-01,St. Louis,0.011904761904761904,3,1
1979-01-01,Atlanta,0.028368794326241134,3,2
1979-01-01,Boston,0.011363636363636364,2,1
1979-01-01,Chicago,0.0,1,1
1979-01-01,Cleveland,0.03226482296249738,3,2
1979-01-01,Dallas,0.013157894736842105,2,1
1979-01-01,Kansas City,0.012195121951219513,2,1
1979-01-01,Minneapolis,0.013157894736842105,2,1
1979-01-01,New York,0.0,2,1
1979-01-01,Philadelphia,0.014285714285714285,2,1
1979-01-01,Richmond,,0,0
1979-01-01,San Francisco,0.007142857142857143,4,1
1979-01-01,St. Louis,0.0,2,1
1979-04-01,Atlanta,0.038377192982456135,2,1
1979-04-01,Boston,0.024305555555555552,2,1
1979-04-01,Chicago,0.007142857142857143,2,1
1979-04-01,Cleveland,0.0,2,1
1979-04-01,Dallas,0.022222222222222223,2,1
1979-04-01,Kansas City,0.0,2,1
1979-04-01,Minneapolis,0.05,2,1
1979-04-01,New York,0.016129032258064516,2,1
1979-04-01,Philadelphia,0.012195121951219513,2,1
1979-04-01,Richmond,0.0,2,1
1979-04-01,San Francisco,0.04032936895840122,4,1
1979-04-01,St. Louis,0.013513513513513514,2,1
1979-07-01,Atlanta,0.04465058750773037,3,1
1979-07-01,Boston,0.022018970189701895,3,1
1979-07-01,Chicago,0.04418269230769231,3,1
1979-07-01,Cleveland,0.007575757575757576,3,1
1979-07-01,Dallas,0.01421012849584278,3,1
1979-07-01,Kansas City,0.0,3,1
1979-07-01,Minneapolis,0.03365384615384615,6,4
1979-07-01,New York,0.0,3,1
1979-07-01,Philadelphia,0.026206327254794756,3,1
1979-07-01,Richmond,0.022397891963109356,3,1
1979-07-01,San Francisco,0.04901739718812889,6,1
1979-07-01,St. Louis,0.0353409656545545,3,1
1979-10-01,Atlanta,0.05102040816326531,2,1
1979-10-01,Boston,0.017543859649122806,2,1
1979-10-01,Chicago,0.02040816326530612,2,1
1979-10-01,Cleveland,0.011111111111111112,2,1
1979-10-01,Dallas,0.013513513513513514,2,1
1979-10-01,Kansas City,0.0,2,1
1979-10-01,Minneapolis,0.013333333333333334,3,2
1979-10-01,New York,0.015625,2,1
1979-10-01,Philadelphia,0.024705882352941175,2,1
1979-10-01,Richmond,0.011904761904761904,2,1
1979-10-01,San Francisco,0.04511562998405103,4,1
1979-10-01,St. Louis,0.014705882352941176,2,1
1980-01-01,Atlanta,0.04302156177156177,4,2
1980-01-01,Boston,0.007575757575757576,3,1
1980-01-01,Chicago,0.01539179104477612,3,2
1980-01-01,Cleveland,0.015873015873015872,3,1
1980-01-01,Dallas,0.016483516483516484,3,1
1980-01-01,Kansas City,0.0,3,1
1980-01-01,Minneapolis,0.009259259259259259,3,1
1980-01-01,New York,0.007936507936507936,3,1
1980-01-01,Philadelphia,0.009009009009009009,3,1
1980-01-01,Richmond,0.017094017094017092,3,1
1980-01-01,San Francisco,0.021907237266279817,6,1
1980-01-01,St. Louis,0.05202702702702703,2,1
1980-04-01,Atlanta,0.07485848135857896,2,1
1980-04-01,Boston,0.022727272727272728,2,1
1980-04-01,Chicago,0.01818181818181818,1,1
1980-04-01,Cleveland,0.010638297872340425,2,1
1980-04-01,Dallas,0.05,2,1
1980-04-01,Kansas City,0.0,2,1
1980-04-01,Minneapolis,0.13995943204868155,2,1
1980-04-01,New York,0.05813953488372093,2,1
1980-04-01,Philadelphia,0.015151515151515152,2,1
1980-04-01,Richmond,0.0,2,1
1980-04-01,San Francisco,0.05373427672955974,4,1
1980-04-01,St. Louis,0.05161943319838057,2,1
1980-07-01,Atlanta,0.09386574074074076,3,1
1980-07-01,Boston,0.008333333333333333,3,1
1980-07-01,Chicago,0.03542824747837931,3,1
1980-07-01,Cleveland,0.046511627906976744,3,1
1980-07-01,Dallas,0.014184397163120567,3,1
1980-07-01,Kansas City,0.013131313131313133,3,1
1980-07-01,Minneapolis,0.07004504504504505,3,1
1980-07-01,New York,0.026305419861041093,3,1
1980-07-01,Philadelphia,0.003875968992248062,6,4
1980-07-01,Richmond,0.052941176470588235,3,1
1980-07-01,San Francisco,0.041722603610475466,6,1
1980-07-01,St. Louis,0.008547008547008546,3,1
1980-10-01,Atlanta,0.038888888888888896,7,5
1980-10-01,Boston,0.009523809523809523,3,1
1980-10-01,Chicago,0.013894324853228961,3,1
1980-10-01,Cleveland,0.005454545454545454,10,5
1980-10-01,Dallas,0.036519274376417235,4,2
1980-10-01,Kansas City,0.02069764075843103,3,1
1980-10-01,Minneapolis,0.0,15,4
1980-10-01,New York,0.008928571428571428,14,4
1980-10-01,Philadelphia,0.006666666666666667,15,5
1980-10-01,Richmond,0.020512820512820513,13,5
1980-10-01,San Francisco,0.02571692876965772,5,1
1980-10-01,St. Louis,0.008130081300813009,3,1
1981-01-01,Atlanta,0.016022408963585432,7,5
1981-01-01,Boston,0.01282051282051282,2,1
1981-01-01,Chicago,0.038461538461538464,1,1
1981-01-01,Cleveland,0.009615384615384616,2,1
1981-01-01,Dallas,0.024390243902439025,2,1
1981-01-01,Kansas City,0.009433962264150943,2,1
1981-01-01,Minneapolis,0.0,10,4
1981-01-01,New York,0.0,7,4
1981-01-01,Philadelphia,0.0,10,5
1981-01-01,Richmond,0.014285714285714285,12,4
1981-01-01,San Francisco,0.04140170560978014,3,1
1981-01-01,St. Louis,0.02786377708978328,2,1
1981-04-01,Atlanta,0.008771929824561403,2,1
1981-04-01,Boston,0.05,2,1
1981-04-01,Chicago,0.04225352112676056,2,1
1981-04-01,Cleveland,0.0,2,1
1981-04-01,Dallas,0.04772727272727273,2,1
1981-04-01,Kansas City,0.009259259259259259,2,1
1981-04-01,Minneapolis,0.0,10,4
1981-04-01,New York,0.0,12,4
1981-04-01,Philadelphia,0.008264462809917356,11,5
1981-04-01,Richmond,0.0,11,5
1981-04-01,San Francisco,0.06429373096039763,9,6
1981-04-01,St. Louis,0.0,2,1
1981-07-01,Atlanta,0.018867924528301886,2,1
1981-07-01,Boston,0.02040816326530612,2,1
1981-07-01,Chicago,0.02938045560996381,2,1
1981-07-01,Cleveland,0.07894736842105263,2,1
1981-07-01,Dallas,0.010416666666666666,2,1
1981-07-01,Kansas City,0.010416666666666666,2,1
1981-07-01,Minneapolis,0.024242424242424242,11,5
1981-07-01,New York,0.022893772893772892,7,4
1981-07-01,Philadelphia,0.0,11,5
1981-07-01,Richmond,0.03472222222222222,12,5
1981-07-01,San Francisco,0.09374699374699375,21,6
1981-07-01,St. Louis,0.0,2,1
1981-10-01,Atlanta,0.13215208564045772,2,1
1981-10-01,Boston,0.019803921568627453,2,1
1981-10-01,Chicago,0.043478260869565216,2,1
1981-10-01,Cleveland,0.05538720538720539,2,1
1981-10-01,Dallas,0.05787526427061311,2,1
1981-10-01,Kansas City,0.0,2,1
1981-10-01,Minneapolis,0.05166666666666666,10,4
1981-10-01,New York,0.035897435897435895,13,5
1981-10-01,Philadelphia,0.0,9,5
1981-10-01,Richmond,0.037037037037037035,12,4
1981-10-01,San Francisco,0.045505964623611686,17,6
1981-10-01,St. Louis,0.036309523809523805,2,1
1982-01-01,Atlanta,0.13877118644067798,2,1
1982-01-01,Boston,0.03077940577940578,8,4
1982-01-01,Chicago,0.05699112238427394,2,1
1982-01-01,Cleveland,0.08470149253731343,2,1
1982-01-01,Dallas,0.04028132992327366,2,1
1982-01-01,Kansas City,0.0,2,1
1982-01-01,Minneapolis,0.01380952380952381,10,4
1982-01-01,New York,0.04497863247863247,13,6
1982-01-01,Philadelphia,0.02,10,5
1982-01-01,Richmond,0.022222222222222223,12,4
1982-01-01,San Francisco,0.09284504063797804,14,5
1982-01-01,St. Louis,0.06756756756756757,2,1
1982-04-01,Atlanta,0.15550921861281825,2,1
1982-04-01,Boston,0.03649068322981367,7,4
1982-04-01,Chicago,0.07179663345929234,2,1
1982-04-01,Cleveland,0.08086124401913874,2,1
1982-04-01,Dallas,0.07347826086956522,2,1
1982-04-01,Kansas City,0.01818181818181818,2,1
1982-04-01,Minneapolis,0.03076923076923077,13,4
1982-04-01,New York,0.06845238095238095,12,4
1982-04-01,Philadelphia,0.013888888888888888,8,4
1982-04-01,Richmond,0.03598484848484849,12,4
1982-04-01,San Francisco,0.06303418803418803,13,5
1982-04-01,St. Louis,0.07045454545454546,2,1
1982-07-01,Atlanta,0.10084745762711865,2,1
1982-07-01,Boston,0.03904637775605518,6,3
1982-07-01,Chicago,0.03667781493868451,2,1
1982-07-01,Cleveland,0.11622596153846154,2,1
1982-07-01,Dallas,0.11215415019762845,2,1
1982-07-01,Kansas City,0.008620689655172414,2,1
1982-07-01,Minneapolis,0.015151515151515152,6,4
1982-07-01,New York,0.05372405372405372,13,4
1982-07-01,Philadelphia,0.009090909090909092,11,5
1982-07-01,Richmond,0.029558404558404555,12,4
1982-07-01,San Francisco,0.07955007711586659,20,5
1982-07-01,St. Louis,0.03896103896103896,7,5
1982-10-01,Atlanta,0.09520123839009287,2,1
1982-10-01,Boston,0.058371735791090625,3,3
1982-10-01,Chicago,0.05336105336105336,2,1
1982-10-01,Cleveland,0.13778882808733556,7,5
1982-10-01,Dallas,0.09289965986394558,2,1
1982-10-01,Kansas City,0.0,2,1
1982-10-01,Minneapolis,0.025,10,4
1982-10-01,New York,0.07338217338217337,13,4
1982-10-01,Philadelphia,0.0,9,5
1982-10-01,Richmond,0.0438034188034188,13,4
1982-10-01,San Francisco,0.08768037518037518,18,5
1982-10-01,St. Louis,0.025708635464733027,2,1
1983-01-01,Atlanta,0.03561368209255533,2,1
1983-01-01,Boston,0.016123882503192848,6,3
1983-01-01,Chicago,0.019836328055506138,2,1
1983-01-01,Cleveland,0.10476190476190475,2,1
1983-01-01,Dallas,0.050228937728937724,14,5
1983-01-01,Kansas City,0.0,2,1
1983-01-01,Minneapolis,0.04007177033492823,11,4
1983-01-01,New York,0.04047619047619048,12,4
1983-01-01,Philadelphia,0.0,10,5
1983-01-01,Richmond,0.016666666666666666,12,4
1983-01-01,San Francisco,0.014285714285714287,14,5
1983-01-01,St. Louis,0.04034690799396681,2,1
1983-04-01,Atlanta,0.0,1,1
1983-04-01,Boston,0.016666666666666666,4,4
1983-04-01,Chicago,0.016666666666666666,1,1
1983-04-01,Cleveland,0.05,1,1
1983-04-01,Dallas,0.019230769230769232,1,1
1983-04-01,Kansas City,0.0,1,1
1983-04-01,Minneapolis,0.018518518518518517,6,4
1983-04-01,New York,0.02040816326530612,7,4
1983-04-01,Philadelphia,0.03636363636363636,5,5
1983-04-01,Richmond,0.0,5,3
1983-04-01,San Francisco,0.019267676767676767,18,6
1983-04-01,St. Louis,0.075,1,1
1983-07-01,Atlanta,0.039027680411276106,3,1
1983-07-01,Boston,0.06562881562881563,13,6
1983-07-01,Chicago,0.03980671175648267,3,1
1983-07-01,Cleveland,0.09443592846577921,3,1
1983-07-01,Dallas,0.029545122129589,3,1
1983-07-01,Kansas City,0.0,3,1
1983-07-01,Minneapolis,0.08813701652190496,8,5
1983-07-01,New York,0.07723901098901098,20,6
1983-07-01,Philadelphia,0.005347593582887701,17,5
1983-07-01,Richmond,0.04807692307692308,13,4
1983-07-01,San Francisco,0.029232804232804235,18,5
1983-07-01,St. Louis,0.04492753623188405,23,5
1983-10-01,Atlanta,0.015772478887232988,2,1
1983-10-01,Boston,0.0,10,5
1983-10-01,Chicago,0.04985754985754986,3,2
1983-10-01,Cleveland,0.085995085995086,2,1
1983-10-01,Dallas,0.0,2,1
1983-10-01,Kansas City,0.0,2,1
1983-10-01,Minneapolis,0.09155320922478466,2,1
1983-10-01,New York,0.05555555555555556,10,4
1983-10-01,Philadelphia,0.008333333333333333,10,5
1983-10-01,Richmond,0.022817460317460316,8,4
1983-10-01,San Francisco,0.05476190476190477,14,5
1983-10-01,St. Louis,0.06333333333333332,15,6
1984-01-01,Atlanta,0.02210526315789474,2,1
1984-01-01,Boston,0.013157894736842105,8,5
1984-01-01,Chicago,0.02112676056338028,2,1
1984-01-01,Cleveland,0.07107843137254902,2,1
1984-01-01,Dallas,0.03244176458462173,14,5
1984-01-01,Kansas City,0.0,2,1
1984-01-01,Minneapolis,0.045454545454545456,11,6
1984-01-01,New York,0.030000000000000006,10,3
1984-01-01,Philadelphia,0.0,9,5
1984-01-01,Richmond,0.0,10,4
1984-01-01,San Francisco,0.025974025974025976,1,1
1984-01-01,St. Louis,0.06241830065359477,17,6
1984-04-01,Atlanta,0.06269384138236597,2,1
1984-04-01,Boston,0.011904761904761904,7,4
1984-04-01,Chicago,0.028815580286168523,2,1
1984-04-01,Cleveland,0.14695071010860483,9,6
1984-04-01,Dallas,0.02254305977710233,2,1
1984-04-01,Kansas City,0.0,2,1
1984-04-01,Minneapolis,0.09999999999999999,12,5
1984-04-01,New York,0.07079365079365078,10,3
1984-04-01,Philadelphia,0.0,10,5
1984-04-01,Richmond,0.0,11,5
1984-04-01,San Francisco,0.06052310262836578,19,5
1984-04-01,St. Louis,0.06025641025641026,13,5
1984-07-01,Atlanta,0.03425253991291727,2,1
1984-07-01,Boston,0.007518796992481203,7,4
1984-07-01,Chicago,0.040825522710886804,2,1
1984-07-01,Cleveland,0.06296296296296296,2,1
1984-07-01,Dallas,0.011363636363636364,2,1
1984-07-01,Kansas City,0.0,2,1
1984-07-01,Minneapolis,0.05714285714285714,12,4
1984-07-01,New York,0.09305555555555556,10,4
1984-07-01,Philadelphia,0.0,6,5
1984-07-01,Richmond,0.0,11,4
1984-07-01,San Francisco,0.06653439153439153,12,5
1984-07-01,St. Louis,0.03076923076923077,13,6
1984-10-01,Atlanta,0.04595959595959596,2,1
1984-10-01,Boston,0.013605442176870748,7,4
1984-10-01,Chicago,0.01938793253347244,2,1
1984-10-01,Cleveland,0.09074074074074075,15,7
1984-10-01,Dallas,0.011111111111111112,2,1
1984-10-01,Kansas City,0.0,2,1
1984-10-01,Minneapolis,0.15927128427128426,11,5
1984-10-01,New York,0.025,10,3
1984-10-01,Philadelphia,0.0,10,5
1984-10-01,Richmond,0.018518518518518517,12,4
1984-10-01,San Francisco,0.036502849002849,12,5
1984-10-01,St. Louis,0.07142857142857142,14,5
1985-01-01,Atlanta,0.06270903010033445,2,1
1985-01-01,Boston,0.0,7,4
1985-01-01,Chicago,0.02976190476190476,2,1
1985-01-01,Cleveland,0.13313492063492063,12,6
1985-01-01,Dallas,0.01020408163265306,2,1
1985-01-01,Kansas City,0.017543859649122806,2,1
1985-01-01,Minneapolis,0.09722222222222222,12,5
1985-01-01,New York,0.11916666666666667,10,3
1985-01-01,Philadelphia,0.0,9,5
1985-01-01,Richmond,0.022727272727272724,11,4
1985-01-01,San Francisco,0.11591810966810967,12,5
1985-01-01,St. Louis,0.0,10,4
1985-04-01,Atlanta,0.027796495956873314,2,1
1985-04-01,Boston,0.10133287764866712,7,4
1985-04-01,Chicago,0.030962529939512037,3,2
1985-04-01,Cleveland,0.08833533413365346,7,6
1985-04-01,Dallas,0.0,2,1
1985-04-01,Kansas City,0.0,2,1
1985-04-01,Minneapolis,0.11832611832611833,11,5
1985-04-01,New York,0.045396825396825394,10,4
1985-04-01,Philadelphia,0.0,10,5
1985-04-01,Richmond,0.009615384615384616,13,5
1985-04-01,San Francisco,0.05396825396825397,9,5
1985-04-01,St. Louis,0.125,13,5
1985-07-01,Atlanta,0.05660377358490566,1,1
1985-07-01,Boston,0.031043956043956045,8,5
1985-07-01,Chicago,0.025755369493993447,4,2
1985-07-01,Cleveland,0.08652988403211417,2,1
1985-07-01,Dallas,0.04183006535947713,2,1
1985-07-01,Kansas City,0.0,2,1
1985-07-01,Minneapolis,0.13636363636363635,11,5
1985-07-01,New York,0.034999999999999996,10,4
1985-07-01,Philadelphia,0.0,11,4
1985-07-01,Richmond,0.03958333333333333,12,4
1985-07-01,San Francisco,0.040625,12,5
1985-07-01,St. Louis,0.045454545454545456,11,5
1985-10-01,Atlanta,0.08641284061216872,2,1
1985-10-01,Boston,0.036765703432370095,9,5
1985-10-01,Chicago,0.017857142857142856,2,1
1985-10-01,Cleveland,0.09858934169278996,2,1
1985-10-01,Dallas,0.011111111111111112,2,1
1985-10-01,Kansas City,0.0,2,1
1985-10-01,Minneapolis,0.10912698412698413,12,5
1985-10-01,New York,0.03888888888888888,10,4
1985-10-01,Philadelphia,0.04343434343434343,11,4
1985-10-01,Richmond,0.06558441558441558,11,4
1985-10-01,San Francisco,0.03839787663317075,13,5
1985-10-01,St. Louis,0.05782312925170068,7,5
1986-01-01,Atlanta,0.06834809395456296,2,1
1986-01-01,Boston,0.05333196215549157,8,5
1986-01-01,Chicago,0.05,2,1
1986-01-01,Cleveland,0.09980106100795756,2,1
1986-01-01,Dallas,0.012195121951219513,2,1
1986-01-01,Kansas City,0.0,2,1
1986-01-01,Minneapolis,0.10454545454545454,11,5
1986-01-01,New York,0.04125874125874126,10,4
1986-01-01,Philadelphia,0.025252525252525252,8,4
1986-01-01,Richmond,0.011904761904761904,12,4
1986-01-01,San Francisco,0.034027777777777775,12,5
1986-01-01,St. Louis,0.05902777777777777,12,5
1986-04-01,Atlanta,0.10505319148936171,2,1
1986-04-01,Boston,0.032467532467532464,10,5
1986-04-01,Chicago,0.00625,2,1
1986-04-01,Cleveland,0.0633289124668435,2,1
1986-04-01,Dallas,0.04886363636363636,2,1
1986-04-01,Kansas City,0.009615384615384616,2,1
1986-04-01,Minneapolis,0.10218855218855218,12,4
1986-04-01,New York,0.07333333333333333,10,4
1986-04-01,Philadelphia,0.057886904761904764,8,4
1986-04-01,Richmond,0.008264462809917356,11,4
1986-04-01,San Francisco,0.053030303030303025,11,5
1986-04-01,St. Louis,0.057692307692307696,13,5
1986-07-01,Atlanta,0.09886621315192744,3,1
1986-07-01,Boston,0.01871657754010695,8,5
1986-07-01,Chicago,0.031932773109243695,2,1
1986-07-01,Cleveland,0.0869047619047619,5,4
1986-07-01,Dallas,0.025,2,1
1986-07-01,Kansas City,0.0,2,1
1986-07-01,Minneapolis,0.06428571428571428,12,4
1986-07-01,New York,0.050505050505050504,11,4
1986-07-01,Philadelphia,0.0,9,4
1986-07-01,Richmond,0.011111111111111112,12,4
1986-07-01,San Francisco,0.029166666666666667,28,6
1986-07-01,St. Louis,0.07509157509157509,13,5
1986-10-01,Atlanta,0.07422088572990705,2,1
1986-10-01,Boston,0.0762844611528822,8,5
1986-10-01,Chicago,0.0259915611814346,2,1
1986-10-01,Cleveland,0.08234126984126984,12,6
1986-10-01,Dallas,0.0,2,1
1986-10-01,Kansas City,0.0,2,1
1986-10-01,Minneapolis,0.09404761904761905,14,6
1986-10-01,New York,0.059253246753246745,10,4
1986-10-01,Philadelphia,0.02222222222222222,8,4
1986-10-01,Richmond,0.014285714285714287,14,5
1986-10-01,San Francisco,0.023809523809523808,24,5
1986-10-01,St. Louis,0.07692307692307693,13,5
1987-01-01,Atlanta,0.05491698595146871,2,1
1987-01-01,Boston,0.0,8,5
1987-01-01,Chicago,0.05203653788559449,9,5
1987-01-01,Cleveland,0.09107142857142858,12,6
1987-01-01,Dallas,0.011627906976744186,2,1
1987-01-01,Kansas City,0.0,2,1
1987-01-01,Minneapolis,0.08846153846153845,13,5
1987-01-01,New York,0.07445887445887446,11,4
1987-01-01,Philadelphia,0.0,9,5
1987-01-01,Richmond,0.02,10,4
1987-01-01,San Francisco,0.047839506172839504,18,5
1987-01-01,St. Louis,0.05714285714285714,11,5
1987-04-01,Atlanta,0.043859649122807015,2,1
1987-04-01,Boston,0.023809523809523808,9,6
1987-04-01,Chicago,0.0512568306010929,2,1
1987-04-01,Cleveland,0.05347222222222222,12,6
1987-04-01,Dallas,0.011627906976744186,2,1
1987-04-01,Kansas City,0.0,2,1
1987-04-01,Minneapolis,0.1371794871794872,10,4
1987-04-01,New York,0.08333333333333333,10,4
1987-04-01,Philadelphia,0.007407407407407408,9,5
1987-04-01,Richmond,0.027243589743589744,12,5
1987-04-01,San Francisco,0.046785714285714285,10,5
1987-04-01,St. Louis,0.10416666666666667,12,5
1987-07-01,Atlanta,0.033620450125034736,2,1
1987-07-01,Boston,0.0386904761904762,7,4
1987-07-01,Chicago,0.03698752228163993,2,1
1987-07-01,Cleveland,0.11547619047619048,14,6
1987-07-01,Dallas,0.021831988609397245,2,1
1987-07-01,Kansas City,0.0,2,1
1987-07-01,Minneapolis,0.11666666666666665,11,4
1987-07-01,New York,0.06285714285714286,10,4
1987-07-01,Philadelphia,0.027065527065527065,9,5
1987-07-01,Richmond,0.00641025641025641,13,5
1987-07-01,San Francisco,0.016995614035087717,16,5
1987-07-01,St. Louis,0.18834175084175084,12,6
1987-10-01,Atlanta,0.015873015873015872,2,1
1987-10-01,Boston,0.13275401069518716,7,4
1987-10-01,Chicago,0.007246376811594203,2,1
1987-10-01,Cleveland,0.07727272727272728,11,6
1987-10-01,Dallas,0.045454545454545456,1,1
1987-10-01,Kansas City,0.0,1,1
1987-10-01,Minneapolis,0.12,5,4
1987-10-01,New York,0.05655594405594405,10,4
1987-10-01,Philadelphia,0.0,8,4
1987-10-01,Richmond,0.019230769230769232,13,4
1987-10-01,San Francisco,0.05052631578947368,5,5
1987-10-01,St. Louis,0.11224489795918367,7,4
1988-01-01,Atlanta,0.008928571428571428,2,1
1988-01-01,Boston,0.019444444444444445,8,4
1988-01-01,Chicago,0.04931865828092243,9,6
1988-01-01,Cleveland,0.09285714285714285,11,6
1988-01-01,Dallas,0.023268398268398268,2,1
1988-01-01,Kansas City,0.0,2,1
1988-01-01,Minneapolis,0.1010989010989011,13,5
1988-01-01,New York,0.09845238095238096,10,4
1988-01-01,Philadelphia,0.018648018648018648,9,5
1988-01-01,Richmond,0.017992424242424244,12,4
1988-01-01,San Francisco,0.032871972318339104,17,6
1988-01-01,St. Louis,0.05555555555555555,12,5
1988-04-01,Atlanta,0.009615384615384616,2,1
1988-04-01,Boston,0.08726076555023923,8,5
1988-04-01,Chicago,0.01,2,1
1988-04-01,Cleveland,0.09130952380952381,10,5
1988-04-01,Dallas,0.023255813953488372,2,1
1988-04-01,Kansas City,0.0,2,1
1988-04-01,Minneapolis,0.1282828282828283,11,5
1988-04-01,New York,0.07242424242424242,10,4
1988-04-01,Philadelphia,0.0,8,4
1988-04-01,Richmond,0.004273504273504274,18,5
1988-04-01,San Francisco,0.013186813186813187,21,6
1988-04-01,St. Louis,0.10662670662670663,11,6
1988-07-01,Atlanta,0.044444444444444446,2,1
1988-07-01,Boston,0.06489898989898989,6,3
1988-07-01,Chicago,0.025240384615384616,2,1
1988-07-01,Cleveland,0.1115909090909091,10,5
1988-07-01,Dallas,0.02127659574468085,2,1
1988-07-01,Kansas City,0.0,2,1
1988-07-01,Minneapolis,0.125,11,5
1988-07-01,New York,0.07777777777777778,9,4
1988-07-01,Philadelphia,0.0,9,4
1988-07-01,Richmond,0.0,14,4
1988-07-01,San Francisco,0.04172619047619048,20,6
1988-07-01,St. Louis,0.059065934065934064,13,5
1988-10-01,Atlanta,0.020833333333333332,2,1
1988-10-01,Boston,0.06770833333333333,8,5
1988-10-01,Chicago,0.019230769230769232,2,1
1988-10-01,Cleveland,0.06484848484848485,10,5
1988-10-01,Dallas,0.052500000000000005,2,1
1988-10-01,Kansas City,0.0,2,1
1988-10-01,Minneapolis,0.1400462962962963,12,5
1988-10-01,New York,0.01,10,4
1988-10-01,Philadelphia,0.0,8,4
1988-10-01,Richmond,0.03268398268398268,14,4
1988-10-01,San Francisco,0.031746031746031744,14,6
1988-10-01,St. Louis,0.05123966942148761,11,5
1989-01-01,Atlanta,0.020833333333333332,2,1
1989-01-01,Boston,0.024725274725274724,6,3
1989-01-01,Chicago,0.015749007936507936,2,1
1989-01-01,Cleveland,0.10000000000000002,6,5
1989-01-01,Dallas,0.02291666666666667,2,1
1989-01-01,Kansas City,0.0,2,1
1989-01-01,Minneapolis,0.13787878787878788,10,5
1989-01-01,New York,0.05686868686868687,10,4
1989-01-01,Philadelphia,0.0,9,5
1989-01-01,Richmond,0.029848783694937542,13,4
1989-01-01,San Francisco,0.01541221935958778,19,5
1989-01-01,St. Louis,0.0369047619047619,14,6
1989-04-01,Atlanta,0.011363636363636364,2,1
1989-04-01,Boston,0.08601270053475936,8,5
1989-04-01,Chicago,0.04265873015873016,2,1
1989-04-01,Cleveland,0.022727272727272728,2,1
1989-04-01,Dallas,0.04324699352451434,2,1
1989-04-01,Kansas City,0.0,2,1
1989-04-01,Minneapolis,0.1111111111111111,9,5
1989-04-01,New York,0.08477272727272726,10,4
1989-04-01,Philadelphia,0.0,9,5
1989-04-01,Richmond,0.037273242630385485,14,5
1989-04-01,San Francisco,0.0065359477124183,17,5
1989-04-01,St. Louis,0.13141025641025642,13,6
1989-07-01,Atlanta,0.011627906976744186,2,1
1989-07-01,Boston,0.034276589423648245,8,4
1989-07-01,Chicago,0.017857142857142856,2,1
1989-07-01,Cleveland,0.0,2,1
1989-07-01,Dallas,0.009433962264150943,2,1
1989-07-01,Kansas City,0.0,2,1
1989-07-01,Minneapolis,0.1789772727272727,8,4
1989-07-01,New York,0.0748299319727891,7,4
1989-07-01,Philadelphia,0.027777777777777776,9,4
1989-07-01,Richmond,0.00984848484848485,16,4
1989-07-01,San Francisco,0.015599694423223833,25,6
1989-07-01,St. Louis,0.1630050505050505,12,6
1989-10-01,Atlanta,0.010416666666666666,2,1
1989-10-01,Boston,0.08509832272990167,10,5
1989-10-01,Chicago,0.03182202196564348,2,1
1989-10-01,Cleveland,0.0125,2,1
1989-10-01,Dallas,0.032377428307123035,2,1
1989-10-01,Kansas City,0.0,2,1
1989-10-01,Minneapolis,0.04097222222222222,12,5
1989-10-01,New York,0.10018592677345538,8,4
1989-10-01,Philadelphia,0.03566919191919192,8,4
1989-10-01,Richmond,0.009572649572649573,15,5
1989-10-01,San Francisco,0.0035390199637023593,29,6
1989-10-01,St. Louis,0.15584935897435898,12,6
1990-01-01,Atlanta,0.06350267379679145,2,1
1990-01-01,Boston,0.024891774891774892,7,4
1990-01-01,Chicago,0.010638297872340425,2,1
1990-01-01,Cleveland,0.0,8,2
1990-01-01,Dallas,0.01020408163265306,2,1
1990-01-01,Kansas City,0.0,2,1
1990-01-01,Minneapolis,0.05026455026455026,9,5
1990-01-01,New York,0.15134920634920634,10,4
1990-01-01,Philadelphia,0.010416666666666666,8,4
1990-01-01,Richmond,0.007692307692307693,13,4
1990-01-01,San Francisco,0.014047619047619047,25,6
1990-01-01,St. Louis,0.10863095238095238,12,6
1990-04-01,Atlanta,0.02282051282051282,2,1
1990-04-01,Boston,0.09023569023569022,9,5
1990-04-01,Chicago,0.0,2,1
1990-04-01,Cleveland,0.02720199190787426,15,5
1990-04-01,Dallas,0.0,2,1
1990-04-01,Kansas City,0.0,2,1
1990-04-01,Minneapolis,0.07083333333333333,10,5
1990-04-01,New York,0.08816239316239316,10,4
1990-04-01,Philadelphia,0.06913580246913581,9,5
1990-04-01,Richmond,0.0,7,3
1990-04-01,San Francisco,0.014779202279202278,24,6
1990-04-01,St. Louis,0.05242905242905243,9,5
1990-07-01,Atlanta,0.013513513513513514,2,1
1990-07-01,Boston,0.011578947368421053,8,4
1990-07-01,Chicago,0.056239737274220034,2,1
1990-07-01,Cleveland,0.0,5,2
1990-07-01,Dallas,0.008333333333333333,2,1
1990-07-01,Kansas City,0.0,2,1
1990-07-01,Minneapolis,0.075,10,5
1990-07-01,New York,0.15555555555555556,10,4
1990-07-01,Philadelphia,0.04583333333333334,8,4
1990-07-01,Richmond,0.0,14,3
1990-07-01,San Francisco,0.028797289666854884,23,6
1990-07-01,St. Louis,0.14513888888888887,10,6
1990-10-01,Atlanta,0.10602910602910603,2,1
1990-10-01,Boston,0.05,8,5
1990-10-01,Chicago,0.008771929824561403,2,1
1990-10-01,Cleveland,0.020112994350282486,5,2
1990-10-01,Dallas,0.017767295597484276,2,1
1990-10-01,Kansas City,0.008771929824561403,2,1
1990-10-01,Minneapolis,0.05227272727272727,10,5
1990-10-01,New York,0.24226190476190473,10,4
1990-10-01,Philadelphia,0.07827068764568765,8,4
1990-10-01,Richmond,0.03293650793650794,14,4
1990-10-01,San Francisco,0.019626464070908515,27,6
1990-10-01,St. Louis,0.0787878787878788,11,5
1991-01-01,Atlanta,0.0867109634551495,2,1
1991-01-01,Boston,0.08199546485260771,7,4
1991-01-01,Chicago,0.0,2,1
1991-01-01,Cleveland,0.08584169453734672,5,2
1991-01-01,Dallas,0.017391304347826087,5,3
1991-01-01,Kansas City,0.0,2,1
1991-01-01,Minneapolis,0.04004329004329004,9,5
1991-01-01,New York,0.16154729109274565,11,4
1991-01-01,Philadelphia,0.017424242424242425,10,5
1991-01-01,Richmond,0.0,16,4
1991-01-01,San Francisco,0.02548309178743961,23,7
1991-01-01,St. Louis,0.08624065328610783,11,5
1991-04-01,Atlanta,0.07518796992481203,2,1
1991-04-01,Boston,0.090625,8,5
1991-04-01,Chicago,0.015384615384615385,2,1
1991-04-01,Cleveland,0.059803921568627454,2,1
1991-04-01,Dallas,0.01020408163265306,2,1
1991-04-01,Kansas City,0.0,2,1
1991-04-01,Minneapolis,0.11564935064935064,10,5
1991-04-01,New York,0.15656565656565655,11,5
1991-04-01,Philadelphia,0.0,8,4
1991-04-01,Richmond,0.012254901960784312,17,4
1991-04-01,San Francisco,0.017803030303030303,22,6
1991-04-01,St. Louis,0.06222222222222222,10,5
1991-07-01,Atlanta,0.04111295681063123,2,1
1991-07-01,Boston,0.01111111111111111,10,5
1991-07-01,Chicago,0.015625,2,1
1991-07-01,Cleveland,0.022474747474747474,2,1
1991-07-01,Dallas,0.02040816326530612,1,1
1991-07-01,Kansas City,0.03571428571428571,8,5
1991-07-01,Minneapolis,0.18680555555555556,12,5
1991-07-01,New York,0.1634199134199134,10,4
1991-07-01,Philadelphia,0.013888888888888888,9,5
1991-07-01,Richmond,0.02412280701754386,19,4
1991-07-01,San Francisco,0.022222222222222223,14,6
1991-07-01,St. Louis,0.03409090909090909,9,5
1991-10-01,Atlanta,0.02976190476190476,2,1
1991-10-01,Boston,0.053968253968253964,7,4
1991-10-01,Chicago,0.0,3,1
1991-10-01,Cleveland,0.01909090909090909,2,1
1991-10-01,Dallas,0.01838731443994602,2,1
1991-10-01,Kansas City,0.0,2,1
1991-10-01,Minneapolis,0.2078754578754579,13,5
1991-10-01,New York,0.16674603174603175,10,4
1991-10-01,Philadelphia,0.011363636363636364,8,4
1991-10-01,Richmond,0.0373015873015873,15,4
1991-10-01,San Francisco,0.05945886362553029,18,6
1991-10-01,St. Louis,0.12166999666999666,11,6
1992-01-01,Atlanta,0.010416666666666666,2,1
1992-01-01,Boston,0.06670329670329671,10,5
1992-01-01,Chicago,0.08377049180327868,2,1
1992-01-01,Cleveland,0.0,2,1
1992-01-01,Dallas,0.018518518518518517,2,1
1992-01-01,Kansas City,0.0,2,1
1992-01-01,Minneapolis,0.18095238095238092,10,5
1992-01-01,New York,0.11337662337662338,10,4
1992-01-01,Philadelphia,0.025,9,5
1992-01-01,Richmond,0.03958333333333333,16,4
1992-01-01,San Francisco,0.055952380952380955,24,6
1992-01-01,St. Louis,0.059704184704184704,11,6
1992-04-01,Atlanta,0.011904761904761904,2,1
1992-04-01,Boston,0.08095238095238096,7,4
1992-04-01,Chicago,0.017857142857142856,2,1
1992-04-01,Cleveland,0.03397147147147147,3,1
1992-04-01,Dallas,0.007692307692307693,2,1
1992-04-01,Kansas City,0.0,2,1
1992-04-01,Minneapolis,0.075,10,5
1992-04-01,New York,0.11016955266955267,10,4
1992-04-01,Philadelphia,0.012345679012345678,9,5
1992-04-01,Richmond,0.0,16,4
1992-04-01,San Francisco,0.06528706179441474,24,7
1992-04-01,St. Louis,0.05802469135802468,9,4
1992-07-01,Atlanta,0.03645833333333333,2,1
1992-07-01,Boston,0.025122549019607844,8,5
1992-07-01,Chicago,0.05733580508474576,2,1
1992-07-01,Cleveland,0.007936507936507936,3,2
1992-07-01,Dallas,0.03273809523809524,7,5
1992-07-01,Kansas City,0.0,2,1
1992-07-01,Minneapolis,0.17263544536271808,11,6
1992-07-01,New York,0.16777777777777778,10,4
1992-07-01,Philadelphia,0.0101010101010101,11,5
1992-07-01,Richmond,0.0319327731092437,17,4
1992-07-01,San Francisco,0.08215939153439153,24,7
1992-07-01,St. Louis,0.09027777777777776,10,5
1992-10-01,Atlanta,0.0,2,1
1992-10-01,Boston,0.05555555555555556,11,5
1992-10-01,Chicago,0.016464237516869096,2,1
1992-10-01,Cleveland,0.010638297872340425,2,1
1992-10-01,Dallas,0.010416666666666666,2,1
1992-10-01,Kansas City,0.0,2,1
1992-10-01,Minneapolis,0.13484848484848486,11,6
1992-10-01,New York,0.10021645021645022,11,4
1992-10-01,Philadelphia,0.023863636363636365,8,4
1992-10-01,Richmond,0.017543859649122806,19,4
1992-10-01,San Francisco,0.03892781195412774,24,6
1992-10-01,St. Louis,0.09104938271604938,9,4
1993-01-01,Atlanta,0.029411764705882353,2,1
1993-01-01,Boston,0.005555555555555555,10,5
1993-01-01,Chicago,0.04210992907801418,2,1
1993-01-01,Cleveland,0.0310805173133083,2,1
1993-01-01,Dallas,0.02459016393442623,2,1
1993-01-01,Kansas City,0.0,2,1
1993-01-01,Minneapolis,0.09523809523809525,9,5
1993-01-01,New York,0.13667303284950344,10,4
1993-01-01,Philadelphia,0.0,9,5
1993-01-01,Richmond,0.021568627450980395,17,4
1993-01-01,San Francisco,0.08767299619572347,22,6
1993-01-01,St. Louis,0.16385575209104622,11,6
1993-04-01,Atlanta,0.016129032258064516,2,1
1993-04-01,Boston,0.01753246753246753,11,5
1993-04-01,Chicago,0.008771929824561403,2,1
1993-04-01,Cleveland,0.011627906976744186,2,1
1993-04-01,Dallas,0.00819672131147541,2,1
1993-04-01,Kansas City,0.0,2,1
1993-04-01,Minneapolis,0.097993672993673,12,6
1993-04-01,New York,0.1630952380952381,10,4
1993-04-01,Philadelphia,0.02142857142857143,8,4
1993-04-01,Richmond,0.049686716791979946,19,4
1993-04-01,San Francisco,0.09354737854737855,15,5
1993-04-01,St. Louis,0.05771604938271605,9,4
1993-07-01,Atlanta,0.02369281045751634,2,1
1993-07-01,Boston,0.0415266106442577,10,5
1993-07-01,Chicago,0.00819672131147541,2,1
1993-07-01,Cleveland,0.011363636363636364,2,1
1993-07-01,Dallas,0.03125,2,1
1993-07-01,Kansas City,0.0,2,1
1993-07-01,Minneapolis,0.043333333333333335,15,6
1993-07-01,New York,0.12555555555555556,10,4
1993-07-01,Philadelphia,0.031746031746031744,9,5
1993-07-01,Richmond,0.0303030303030303,22,4
1993-07-01,San Francisco,0.05236146206734442,15,5
1993-07-01,St. Louis,0.006802721088435374,7,4
1993-10-01,Atlanta,0.014705882352941176,2,1
1993-10-01,Boston,0.012987012987012986,11,5
1993-10-01,Chicago,0.054835493519441676,2,1
1993-10-01,Cleveland,0.0,10,2
1993-10-01,Dallas,0.018867924528301886,2,1
1993-10-01,Kansas City,0.0,2,1
1993-10-01,Minneapolis,0.043356643356643354,13,6
1993-10-01,New York,0.12548340548340547,10,4
1993-10-01,Philadelphia,0.04621212121212121,9,5
1993-10-01,Richmond,0.029166666666666664,20,4
1993-10-01,San Francisco,0.0386002886002886,22,6
1993-10-01,St. Louis,0.06506211180124223,7,4
1994-01-01,Atlanta,0.05213903743315508,2,1
1994-01-01,Boston,0.0,10,5
1994-01-01,Chicago,0.038187855787476285,2,1
1994-01-01,Cleveland,0.01111111111111111,10,4
1994-01-01,Dallas,0.0,2,1
1994-01-01,Kansas City,0.0,4,2
1994-01-01,Minneapolis,0.06286075036075035,11,6
1994-01-01,New York,0.14078144078144078,10,4
1994-01-01,Philadelphia,0.010416666666666666,8,5
1994-01-01,Richmond,0.03460925039872408,19,4
1994-01-01,San Francisco,0.014386236368994988,29,6
1994-01-01,St. Louis,0.028125,8,5
1994-04-01,Atlanta,0.050031269543464665,2,1
1994-04-01,Boston,0.06628787878787878,11,5
1994-04-01,Chicago,0.037037037037037035,2,1
1994-04-01,Cleveland,0.0,8,3
1994-04-01,Dallas,0.036798007246376815,2,1
1994-04-01,Kansas City,0.0,2,1
1994-04-01,Minneapolis,0.052116402116402116,12,6
1994-04-01,New York,0.10207070707070706,10,4
1994-04-01,Philadelphia,0.018518518518518517,9,5
1994-04-01,Richmond,0.01406926406926407,22,4
1994-04-01,San Francisco,0.01920147055893662,26,6
1994-04-01,St. Louis,0.055735930735930736,8,5
1994-07-01,Atlanta,0.060024009603841535,2,1
1994-07-01,Boston,0.08055555555555556,12,6
1994-07-01,Chicago,0.0196078431372549,3,2
1994-07-01,Cleveland,0.0,7,3
1994-07-01,Dallas,0.007246376811594203,2,1
1994-07-01,Kansas City,0.0,2,1
1994-07-01,Minneapolis,0.05726708074534161,10,6
1994-07-01,New York,0.09945436507936507,8,4
1994-07-01,Philadelphia,0.0,10,4
1994-07-01,Richmond,0.02490996398559424,2,1
1994-07-01,San Francisco,0.010465229215229216,24,6
1994-07-01,St. Louis,0.0375,7,5
1994-10-01,Atlanta,0.061180124223602486,2,1
1994-10-01,Boston,0.18055555555555555,6,5
1994-10-01,Chicago,0.051923076923076926,2,1
1994-10-01,Cleveland,0.0,8,3
1994-10-01,Dallas,0.03647214854111406,2,1
1994-10-01,Kansas City,0.0,2,1
1994-10-01,Minneapolis,0.01887052341597796,11,6
1994-10-01,New York,0.09067460317460317,10,4
1994-10-01,Philadelphia,0.007936507936507936,9,5
1994-10-01,Richmond,0.021749408983451537,2,1
1994-10-01,San Francisco,0.030130738826390998,23,6
1994-10-01,St. Louis,0.08773448773448773,7,4
1995-01-01,Atlanta,0.02938808373590982,2,1
1995-01-01,Boston,0.004545454545454545,10,6
1995-01-01,Chicago,0.026993094789704956,2,1
1995-01-01,Cleveland,0.06031746031746032,7,4
1995-01-01,Dallas,0.0,2,1
1995-01-01,Kansas City,0.0,2,1
1995-01-01,Minneapolis,0.03535353535353535,12,6
1995-01-01,New York,0.17672161172161172,10,4
1995-01-01,Philadelphia,0.0,9,5
1995-01-01,Richmond,0.03215579710144927,2,1
1995-01-01,San Francisco,0.06031746031746031,21,6
1995-01-01,St. Louis,0.02756892230576441,9,5
1995-04-01,Atlanta,0.055830039525691696,2,1
1995-04-01,Boston,0.0250445632798574,11,6
1995-04-01,Chicago,0.05612244897959183,2,1
1995-04-01,Cleveland,0.025,8,3
1995-04-01,Dallas,0.0,2,1
1995-04-01,Kansas City,0.018874643874643875,2,1
1995-04-01,Minneapolis,0.02840909090909091,12,6
1995-04-01,New York,0.09595959595959597,11,4
1995-04-01,Philadelphia,0.0,8,4
1995-04-01,Richmond,0.030416666666666668,2,1
1995-04-01,San Francisco,0.0515625,16,5
1995-04-01,St. Louis,0.038000345065562456,6,3
1995-07-01,Atlanta,0.02,2,1
1995-07-01,Boston,0.0675990675990676,11,6
1995-07-01,Chicago,0.03307692307692308,2,1
1995-07-01,Cleveland,0.03888888888888889,8,3
1995-07-01,Dallas,0.044188508736828065,8,5
1995-07-01,Kansas City,0.0,2,1
1995-07-01,Minneapolis,0.06574621959237344,13,6
1995-07-01,New York,0.12818181818181817,10,4
1995-07-01,Philadelphia,0.01818181818181818,10,5
1995-07-01,Richmond,0.029615384615384616,2,1
1995-07-01,San Francisco,0.028125,16,5
1995-07-01,St. Louis,0.07142857142857142,8,5
1995-10-01,Atlanta,0.013157894736842105,2,1
1995-10-01,Boston,0.01636904761904762,12,6
1995-10-01,Chicago,0.054835493519441676,2,1
1995-10-01,Cleveland,0.015625,8,3
1995-10-01,Dallas,0.009259259259259259,2,1
1995-10-01,Kansas City,0.00980392156862745,2,1
1995-10-01,Minneapolis,0.0173992673992674,14,6
1995-10-01,New York,0.11261904761904762,10,4
1995-10-01,Philadelphia,0.0,9,5
1995-10-01,Richmond,0.04878048780487805,2,1
1995-10-01,San Francisco,0.09007936507936508,14,5
1995-10-01,St. Louis,0.031746031746031744,8,5
1996-01-01,Atlanta,0.02,2,1
1996-01-01,Boston,0.02972027972027972,11,6
1996-01-01,Chicago,0.06942777110844338,2,1
1996-01-01,Cleveland,0.04197530864197531,9,3
1996-01-01,Dallas,0.018771929824561405,2,1
1996-01-01,Kansas City,0.009433962264150943,2,1
1996-01-01,Minneapolis,0.04042207792207792,14,6
1996-01-01,New York,0.11707988980716254,11,5
1996-01-01,Philadelphia,0.02398989898989899,9,5
1996-01-01,Richmond,0.03203607024205031,2,1
1996-01-01,San Francisco,0.039529287916384694,31,6
1996-01-01,St. Louis,0.005714285714285714,7,4
1996-04-01,Atlanta,0.02830188679245283,2,1
1996-04-01,Boston,0.02638888888888889,12,6
1996-04-01,Chicago,0.024245689655172414,2,1
1996-04-01,Cleveland,0.046875,8,3
1996-04-01,Dallas,0.057291666666666664,8,6
1996-04-01,Kansas City,0.0,2,1
1996-04-01,Minneapolis,0.03917748917748918,14,6
1996-04-01,New York,0.15357142857142855,12,5
1996-04-01,Philadelphia,0.011363636363636364,11,5
1996-04-01,Richmond,0.04508611955420466,2,1
1996-04-01,San Francisco,0.04313725490196079,17,5
1996-04-01,St. Louis,0.032196969696969696,8,5
1996-07-01,Atlanta,0.038461538461538464,2,1
1996-07-01,Boston,0.03823953823953823,11,6
1996-07-01,Chicago,0.05220125786163522,2,1
1996-07-01,Cleveland,0.1111111111111111,9,3
1996-07-01,Dallas,0.0078125,16,6
1996-07-01,Kansas City,0.0,2,1
1996-07-01,Minneapolis,0.016071428571428573,14,6
1996-07-01,New York,0.11283068783068784,12,5
1996-07-01,Philadelphia,0.007142857142857143,10,5
1996-07-01,Richmond,0.04318181818181818,2,1
1996-07-01,San Francisco,0.03137254901960784,17,5
1996-07-01,St. Louis,0.03828197945845005,9,6
1996-10-01,Atlanta,0.04662698412698412,14,6
1996-10-01,Boston,0.08842592592592592,12,6
1996-10-01,Chicago,0.020604395604395604,13,6
1996-10-01,Cleveland,0.11559623849539816,14,5
1996-10-01,Dallas,0.017675544794188862,10,7
1996-10-01,Kansas City,0.0,16,6
1996-10-01,Minneapolis,0.013888888888888888,18,6
1996-10-01,New York,0.12466422466422467,12,5
1996-10-01,Philadelphia,0.0,9,5
1996-10-01,Richmond,0.07307692307692307,26,7
1996-10-01,San Francisco,0.016666666666666666,20,5
1996-10-01,St. Louis,0.03974358974358975,10,5
1997-01-01,Atlanta,0.06756613756613757,15,6
1997-01-01,Boston,0.02662110616656071,11,6
1997-01-01,Chicago,0.036752136752136746,13,6
1997-01-01,Cleveland,0.0869047619047619,8,4
1997-01-01,Dallas,0.00980392156862745,17,6
1997-01-01,Kansas City,0.0,16,6
1997-01-01,Minneapolis,0.037815126050420166,17,6
1997-01-01,New York,0.04837662337662338,10,4
1997-01-01,Philadelphia,0.008333333333333333,10,6
1997-01-01,Richmond,0.04021739130434783,23,6
1997-01-01,San Francisco,0.03148148148148148,18,5
1997-01-01,St. Louis,0.03418803418803419,10,6
1997-04-01,Atlanta,0.052352607709750566,14,6
1997-04-01,Boston,0.07777777777777778,12,6
1997-04-01,Chicago,0.03373015873015873,14,6
1997-04-01,Cleveland,0.05625,8,4
1997-04-01,Dallas,0.011111111111111112,18,6
1997-04-01,Kansas City,0.0,16,6
1997-04-01,Minneapolis,0.035879993022850165,14,6
1997-04-01,New York,0.06580086580086579,10,4
1997-04-01,Philadelphia,0.0,11,7
1997-04-01,Richmond,0.005434782608695652,23,6
1997-04-01,San Francisco,0.06336580086580086,18,5
1997-04-01,St. Louis,0.057486631016042775,9,6
1997-07-01,Atlanta,0.04407854050711194,14,6
1997-07-01,Boston,0.005681818181818182,11,6
1997-07-01,Chicago,0.03968253968253969,14,6
1997-07-01,Cleveland,0.05952380952380952,8,4
1997-07-01,Dallas,0.013888888888888888,18,6
1997-07-01,Kansas City,0.019345238095238096,16,6
1997-07-01,Minneapolis,0.0597985347985348,13,6
1997-07-01,New York,0.041666666666666664,10,4
1997-07-01,Philadelphia,0.0,10,5
1997-07-01,Richmond,0.04621212121212121,22,6
1997-07-01,San Francisco,0.05568783068783069,18,5
1997-07-01,St. Louis,0.034970238095238096,8,5
1997-10-01,Atlanta,0.04900793650793651,14,6
1997-10-01,Boston,0.08499455337690631,12,6
1997-10-01,Chicago,0.06873582766439909,14,6
1997-10-01,Cleveland,0.013888888888888888,8,4
1997-10-01,Dallas,0.007936507936507936,18,6
1997-10-01,Kansas City,0.0,16,6
1997-10-01,Minneapolis,0.02967032967032967,13,6
1997-10-01,New York,0.0125,10,4
1997-10-01,Philadelphia,0.04523809523809523,10,6
1997-10-01,Richmond,0.02467532467532468,22,6
1997-10-01,San Francisco,0.03346961680295014,18,5
1997-10-01,St. Louis,0.05033263305322129,8,5
1998-01-01,Atlanta,0.062481962481962486,14,6
1998-01-01,Boston,0.033189033189033185,11,6
1998-01-01,Chicago,0.09986772486772487,12,6
1998-01-01,Cleveland,0.011363636363636364,8,4
1998-01-01,Dallas,0.0,18,6
1998-01-01,Kansas City,0.0,16,6
1998-01-01,Minneapolis,0.05111451048951049,16,6
1998-01-01,New York,0.04254901960784314,10,4
1998-01-01,Philadelphia,0.03333333333333333,9,5
1998-01-01,Richmond,0.022698412698412697,20,6
1998-01-01,San Francisco,0.04404761904761905,18,5
1998-01-01,St. Louis,0.03769230769230769,10,6
1998-04-01,Atlanta,0.05972222222222222,14,6
1998-04-01,Boston,0.0316017316017316,11,6
1998-04-01,Chicago,0.04050925925925926,12,6
1998-04-01,Cleveland,0.007692307692307693,10,5
1998-04-01,Dallas,0.007936507936507936,18,6
1998-04-01,Kansas City,0.0,16,6
1998-04-01,Minneapolis,0.06778117715617715,16,6
1998-04-01,New York,0.07595238095238095,10,4
1998-04-01,Philadelphia,0.0,9,5
1998-04-01,Richmond,0.02976190476190476,18,6
1998-04-01,San Francisco,0.06287878787878788,18,5
1998-04-01,St. Louis,0.005681818181818182,8,5
1998-07-01,Atlanta,0.0,15,6
1998-07-01,Boston,0.03592564298446651,10,6
1998-07-01,Chicago,0.07217261904761905,12,6
1998-07-01,Cleveland,0.02857142857142857,10,5
1998-07-01,Dallas,0.036111111111111115,18,6
1998-07-01,Kansas City,0.0,16,6
1998-07-01,Minneapolis,0.06488095238095239,14,6
1998-07-01,New York,0.0595970695970696,10,4
1998-07-01,Philadelphia,0.0202020202020202,10,5
1998-07-01,Richmond,0.05092592592592592,18,6
1998-07-01,San Francisco,0.05899871733205067,18,5
1998-07-01,St. Louis,0.059920634920634916,9,5
1998-10-01,Atlanta,0.04592352092352092,14,6
1998-10-01,Boston,0.07787698412698413,12,6
1998-10-01,Chicago,0.05787037037037037,12,6
1998-10-01,Cleveland,0.017769607843137254,8,4
1998-10-01,Dallas,0.04594017094017094,18,6
1998-10-01,Kansas City,0.0,16,6
1998-10-01,Minneapolis,0.02507122507122507,15,6
1998-10-01,New York,0.09659090909090909,10,4
1998-10-01,Philadelphia,0.02635327635327635,9,5
1998-10-01,Richmond,0.03756613756613757,18,6
1998-10-01,San Francisco,0.030537518037518037,18,5
1998-10-01,St. Louis,0.005952380952380952,8,5
1999-01-01,Atlanta,0.04768089053803339,14,6
1999-01-01,Boston,0.03878394332939788,11,5
1999-01-01,Chicago,0.019675925925925927,12,6
1999-01-01,Cleveland,0.020833333333333332,8,4
1999-01-01,Dallas,0.010802469135802469,18,6
1999-01-01,Kansas City,0.0,16,6
1999-01-01,Minneapolis,0.05243328100470958,14,6
1999-01-01,New York,0.03611111111111111,10,4
1999-01-01,Philadelphia,0.03941120607787274,9,5
1999-01-01,Richmond,0.07497795414462081,18,6
1999-01-01,San Francisco,0.03293650793650794,18,5
1999-01-01,St. Louis,0.05909455128205128,8,5
1999-04-01,Atlanta,0.03404452690166976,14,6
1999-04-01,Boston,0.04,10,6
1999-04-01,Chicago,0.05106120731120731,12,6
1999-04-01,Cleveland,0.0308641975308642,9,5
1999-04-01,Dallas,0.012531328320802004,19,7
1999-04-01,Kansas City,0.014756944444444444,16,6
1999-04-01,Minneapolis,0.04327731092436974,12,6
1999-04-01,New York,0.05213675213675213,10,4
1999-04-01,Philadelphia,0.0,10,6
1999-04-01,Richmond,0.0359347442680776,18,6
1999-04-01,San Francisco,0.03293650793650794,18,5
1999-04-01,St. Louis,0.06988536155202822,9,5
1999-07-01,Atlanta,0.03194444444444444,14,6
1999-07-01,Boston,0.03222222222222222,10,6
1999-07-01,Chicago,0.07390873015873016,12,6
1999-07-01,Cleveland,0.025,10,6
1999-07-01,Dallas,0.022486772486772486,18,6
1999-07-01,Kansas City,0.0,16,6
1999-07-01,Minneapolis,0.02261029411764706,12,6
1999-07-01,New York,0.008333333333333333,10,4
1999-07-01,Philadelphia,0.023724082934609248,11,5
1999-07-01,Richmond,0.045370370370370366,18,6
1999-07-01,San Francisco,0.026984126984126985,18,5
1999-07-01,St. Louis,0.09642857142857142,8,5
1999-10-01,Atlanta,0.0071428571428571435,14,6
1999-10-01,Boston,0.051554506099960644,11,6
1999-10-01,Chicago,0.03898809523809524,12,6
1999-10-01,Cleveland,0.008333333333333333,10,5
1999-10-01,Dallas,0.016483516483516484,18,6
1999-10-01,Kansas City,0.0078125,16,6
1999-10-01,Minneapolis,0.013906926406926408,12,6
1999-10-01,New York,0.09044011544011543,10,4
1999-10-01,Philadelphia,0.03333333333333333,10,5
1999-10-01,Richmond,0.0496031746031746,18,6
1999-10-01,San Francisco,0.03888888888888889,18,5
1999-10-01,St. Louis,0.03327922077922078,7,4
2000-01-01,Atlanta,0.026077097505668934,14,6
2000-01-01,Boston,0.054358974358974355,10,6
2000-01-01,Chicago,0.07579365079365079,12,6
2000-01-01,Cleveland,0.08268043684710352,9,5
2000-01-01,Dallas,0.0,18,6
2000-01-01,Kansas City,0.0,16,6
2000-01-01,Minneapolis,0.017113095238095236,12,6
2000-01-01,New York,0.02788220551378446,10,4
2000-01-01,Philadelphia,0.005555555555555555,10,6
2000-01-01,Richmond,0.019352869352869354,18,6
2000-01-01,San Francisco,0.006172839506172839,18,6
2000-01-01,St. Louis,0.05079365079365079,7,4
2000-04-01,Atlanta,0.03877551020408164,14,6
2000-04-01,Boston,0.052253302253302256,9,5
2000-04-01,Chicago,0.010416666666666666,12,6
2000-04-01,Cleveland,0.03742424242424243,10,5
2000-04-01,Dallas,0.010338345864661654,19,7
2000-04-01,Kansas City,0.009615384615384616,16,6
2000-04-01,Minneapolis,0.012499999999999999,12,6
2000-04-01,New York,0.025,10,4
2000-04-01,Philadelphia,0.005263157894736842,10,6
2000-04-01,Richmond,0.03514309764309764,18,6
2000-04-01,San Francisco,0.006172839506172839,18,6
2000-04-01,St. Louis,0.021946169772256725,7,4
2000-07-01,Atlanta,0.0328125,16,6
2000-07-01,Boston,0.037896825396825394,10,6
2000-07-01,Chicago,0.05486111111111111,12,6
2000-07-01,Cleveland,0.03883449883449884,10,5
2000-07-01,Dallas,0.021303258145363407,19,7
2000-07-01,Kansas City,0.021306818181818184,16,6
2000-07-01,Minneapolis,0.027935222672064778,13,6
2000-07-01,New York,0.024475524475524476,10,4
2000-07-01,Philadelphia,0.0058823529411764705,10,5
2000-07-01,Richmond,0.03710317460317461,18,6
2000-07-01,San Francisco,0.022435897435897436,18,6
2000-07-01,St. Louis,0.03289473684210526,7,4
2000-10-01,Atlanta,0.038521374458874456,16,6
2000-10-01,Boston,0.04775,10,6
2000-10-01,Chicago,0.046130952380952384,12,6
2000-10-01,Cleveland,0.035507792860734036,9,5
2000-10-01,Dallas,0.020676691729323307,19,7
2000-10-01,Kansas City,0.0125,16,6
2000-10-01,Minneapolis,0.01262205286973089,13,6
2000-10-01,New York,0.050277777777777775,10,4
2000-10-01,Philadelphia,0.023942307692307693,10,6
2000-10-01,Richmond,0.013888888888888888,18,6
2000-10-01,San Francisco,0.033950617283950615,18,6
2000-10-01,St. Louis,0.07729961549837326,7,4
2001-01-01,Atlanta,0.02976190476190476,14,6
2001-01-01,Boston,0.0910144927536232,10,6
2001-01-01,Chicago,0.08585858585858586,11,6
2001-01-01,Cleveland,0.0844047619047619,10,5
2001-01-01,Dallas,0.05416666666666666,20,7
2001-01-01,Kansas City,0.037179834054834056,16,6
2001-01-01,Minneapolis,0.07527918940962419,12,6
2001-01-01,New York,0.051154401154401154,10,4
2001-01-01,Philadelphia,0.010101010101010102,9,5
2001-01-01,Richmond,0.0804673721340388,18,6
2001-01-01,San Francisco,0.022685185185185183,18,6
2001-01-01,St. Louis,0.10294784580498866,7,4
2001-04-01,Atlanta,0.06388888888888888,15,6
2001-04-01,Boston,0.08827307333189685,10,6
2001-04-01,Chicago,0.12152777777777778,12,6
2001-04-01,Cleveland,0.11099054454317613,12,6
2001-04-01,Dallas,0.06071428571428571,20,7
2001-04-01,Kansas City,0.03804788961038961,16,6
2001-04-01,Minneapolis,0.04356060606060606,12,6
2001-04-01,New York,0.048888888888888885,10,4
2001-04-01,Philadelphia,0.0,10,5
2001-04-01,Richmond,0.056150793650793646,18,6
2001-04-01,San Francisco,0.058333333333333334,18,6
2001-04-01,St. Louis,0.12271524771524771,7,4
2001-07-01,Atlanta,0.07177579365079365,16,6
2001-07-01,Boston,0.052086056644880176,10,6
2001-07-01,Chicago,0.07589285714285714,12,6
2001-07-01,Cleveland,0.05701553348612172,11,5
2001-07-01,Dallas,0.02175925925925926,18,6
2001-07-01,Kansas City,0.04578598484848485,16,6
2001-07-01,Minneapolis,0.05357142857142857,12,6
2001-07-01,New York,0.008695652173913044,10,4
2001-07-01,Philadelphia,0.007142857142857143,10,5
2001-07-01,Richmond,0.10416666666666667,18,6
2001-07-01,San Francisco,0.040824144990811655,18,6
2001-07-01,St. Louis,0.08347701149425288,8,4
2001-10-01,Atlanta,0.08541666666666667,16,6
2001-10-01,Boston,0.0364520202020202,10,6
2001-10-01,Chicago,0.12020895770895772,12,6
2001-10-01,Cleveland,0.07264957264957264,13,5
2001-10-01,Dallas,0.04500684500684501,18,6
2001-10-01,Kansas City,0.09703057359307359,16,6
2001-10-01,Minneapolis,0.055475040257648954,12,6
2001-10-01,New York,0.035586635586635586,10,4
2001-10-01,Philadelphia,0.031025641025641027,10,5
2001-10-01,Richmond,0.10718355718355718,18,6
2001-10-01,San Francisco,0.11098392348392348,18,6
2001-10-01,St. Louis,0.041666666666666664,7,4
2002-01-01,Atlanta,0.0390625,16,6
2002-01-01,Boston,0.041249999999999995,10,6
2002-01-01,Chicago,0.1434065934065934,10,5
2002-01-01,Cleveland,0.04671717171717171,10,5
2002-01-01,Dallas,0.016839641839641838,18,6
2002-01-01,Kansas City,0.028893849206349204,16,6
2002-01-01,Minneapolis,0.03680223285486443,12,6
2002-01-01,New York,0.0325,10,4
2002-01-01,Philadelphia,0.0,9,5
2002-01-01,Richmond,0.06567660734327402,18,6
2002-01-01,San Francisco,0.03227713644380311,18,6
2002-01-01,St. Louis,0.017857142857142856,7,4
2002-04-01,Atlanta,0.017361111111111112,16,6
2002-04-01,Boston,0.023942307692307693,10,6
2002-04-01,Chicago,0.14027777777777778,12,6
2002-04-01,Cleveland,0.011618589743589744,12,5
2002-04-01,Dallas,0.011111111111111112,18,6
2002-04-01,Kansas City,0.03482142857142857,16,6
2002-04-01,Minneapolis,0.050310559006211175,12,6
2002-04-01,New York,0.05785214785214785,10,4
2002-04-01,Philadelphia,0.0297979797979798,11,5
2002-04-01,Richmond,0.054651675485008815,18,6
2002-04-01,San Francisco,0.040123456790123455,18,6
2002-04-01,St. Louis,0.07421150278293134,7,4
2002-07-01,Atlanta,0.016741071428571428,16,6
2002-07-01,Boston,0.047435897435897434,10,6
2002-07-01,Chicago,0.0798611111111111,12,6
2002-07-01,Cleveland,0.0,11,5
2002-07-01,Dallas,0.021866096866096866,18,6
2002-07-01,Kansas City,0.062099358974358976,16,6
2002-07-01,Minneapolis,0.025877192982456138,12,6
2002-07-01,New York,0.048937908496732026,10,4
2002-07-01,Philadelphia,0.0,10,5
2002-07-01,Richmond,0.014814814814814815,18,6
2002-07-01,San Francisco,0.029585537918871252,18,6
2002-07-01,St. Louis,0.04274891774891775,7,4
2002-10-01,Atlanta,0.020833333333333332,16,6
2002-10-01,Boston,0.029914529914529912,10,6
2002-10-01,Chicago,0.11375661375661376,12,6
2002-10-01,Cleveland,0.027396514161220045,12,5
2002-10-01,Dallas,0.04096119929453263,18,6
2002-10-01,Kansas City,0.0634469696969697,16,6
2002-10-01,Minneapolis,0.06842105263157895,12,6
2002-10-01,New York,0.046785714285714285,10,4
2002-10-01,Philadelphia,0.016783216783216783,10,5
2002-10-01,Richmond,0.06216931216931217,18,6
2002-10-01,San Francisco,0.024691358024691357,18,6
2002-10-01,St. Louis,0.08058608058608059,7,4
2003-01-01,Atlanta,0.022857142857142857,15,6
2003-01-01,Boston,0.05898692810457516,10,6
2003-01-01,Chicago,0.0854875283446712,14,6
2003-01-01,Cleveland,0.015,10,5
2003-01-01,Dallas,0.0,18,6
2003-01-01,Kansas City,0.07321428571428572,16,6
2003-01-01,Minneapolis,0.04233511586452763,12,6
2003-01-01,New York,0.0516025641025641,10,4
2003-01-01,Philadelphia,0.01380952380952381,10,5
2003-01-01,Richmond,0.018518518518518517,18,6
2003-01-01,San Francisco,0.041666666666666664,20,6
2003-01-01,St. Louis,0.07727272727272727,7,4
2003-04-01,Atlanta,0.024444444444444446,15,6
2003-04-01,Boston,0.05622791381305313,10,6
2003-04-01,Chicago,0.04762571695344804,14,6
2003-04-01,Cleveland,0.028409825468648998,10,5
2003-04-01,Dallas,0.05277879472111181,19,7
2003-04-01,Kansas City,0.07711489898989898,16,6
2003-04-01,Minneapolis,0.052380952380952375,14,6
2003-04-01,New York,0.040769230769230766,10,4
2003-04-01,Philadelphia,0.015384615384615385,10,5
2003-04-01,Richmond,0.004629629629629629,18,6
2003-04-01,San Francisco,0.008333333333333333,20,6
2003-04-01,St. Louis,0.075,7,4
2003-07-01,Atlanta,0.04295051353874883,17,6
2003-07-01,Boston,0.06419413919413919,10,6
2003-07-01,Chicago,0.0882936507936508,14,7
2003-07-01,Cleveland,0.01534090909090909,10,5
2003-07-01,Dallas,0.011366538952745848,18,6
2003-07-01,Kansas City,0.03639069264069264,16,6
2003-07-01,Minneapolis,0.03939393939393939,12,6
2003-07-01,New York,0.03214285714285714,10,4
2003-07-01,Philadelphia,0.018365472910927456,11,5
2003-07-01,Richmond,0.048280423280423285,18,6
2003-07-01,San Francisco,0.004545454545454545,20,6
2003-07-01,St. Louis,0.0890894819466248,7,4
2003-10-01,Atlanta,0.032345013477088944,10,6
2003-10-01,Boston,0.06573934837092732,10,6
2003-10-01,Chicago,0.017704517704517704,7,6
2003-10-01,Cleveland,0.0024509803921568627,6,5
2003-10-01,Dallas,0.009842331581462017,10,6
2003-10-01,Kansas City,0.0126984126984127,9,6
2003-10-01,Minneapolis,0.049509803921568625,12,6
2003-10-01,New York,0.0202020202020202,10,4
2003-10-01,Philadelphia,0.017424242424242425,10,5
2003-10-01,Richmond,0.04538027332144979,17,6
2003-10-01,San Francisco,0.005555555555555555,20,6
2003-10-01,St. Louis,0.10569561157796452,7,4
2004-01-01,Atlanta,0.035416666666666666,16,6
2004-01-01,Boston,0.032467532467532464,10,6
2004-01-01,Chicago,0.052886795743938605,14,6
2004-01-01,Cleveland,0.004545454545454545,10,5
2004-01-01,Dallas,0.029767968307866443,19,7
2004-01-01,Kansas City,0.026339285714285714,16,6
2004-01-01,Minneapolis,0.008552631578947369,12,6
2004-01-01,New York,0.01,10,4
2004-01-01,Philadelphia,0.026858974358974358,10,5
2004-01-01,Richmond,0.018518518518518517,18,6
2004-01-01,San Francisco,0.0,20,6
2004-01-01,St. Louis,0.09059523809523809,7,4
2004-04-01,Atlanta,0.014097744360902255,19,6
2004-04-01,Boston,0.053968253968253964,10,6
2004-04-01,Chicago,0.026521555367709213,13,6
2004-04-01,Cleveland,0.005681818181818182,11,5
2004-04-01,Dallas,0.0488301381158524,21,7
2004-04-01,Kansas City,0.008974358974358974,16,6
2004-04-01,Minneapolis,0.015034965034965033,13,6
2004-04-01,New York,0.01818181818181818,10,4
2004-04-01,Philadelphia,0.0,13,5
2004-04-01,Richmond,0.01666666666666667,18,6
2004-04-01,San Francisco,0.004132231404958678,22,6
2004-04-01,St. Louis,0.08395061728395062,9,5
2004-07-01,Atlanta,0.03104575163398693,17,6
2004-07-01,Boston,0.028999999999999998,10,6
2004-07-01,Chicago,0.03293650793650794,14,6
2004-07-01,Cleveland,0.021266968325791856,10,5
2004-07-01,Dallas,0.016666666666666666,20,7
2004-07-01,Kansas City,0.016098484848484848,16,6
2004-07-01,Minneapolis,0.03373015873015873,12,6
2004-07-01,New York,0.021111111111111112,10,4
2004-07-01,Philadelphia,0.0,10,5
2004-07-01,Richmond,0.015873015873015872,18,6
2004-07-01,San Francisco,0.0,20,6
2004-07-01,St. Louis,0.07359221466364323,7,4
2004-10-01,Atlanta,0.03104575163398693,17,6
2004-10-01,Boston,0.07734649122807018,10,6
2004-10-01,Chicago,0.03027877817793784,14,6
2004-10-01,Cleveland,0.014285714285714285,10,5
2004-10-01,Dallas,0.08948162948162948,20,7
2004-10-01,Kansas City,0.009615384615384616,16,6
2004-10-01,Minneapolis,0.036616161616161616,12,6
2004-10-01,New York,0.043876262626262624,10,4
2004-10-01,Philadelphia,0.02316849816849817,10,5
2004-10-01,Richmond,0.0,18,6
2004-10-01,San Francisco,0.005,20,6
2004-10-01,St. Louis,0.07886161457590028,7,4
2005-01-01,Atlanta,0.020833333333333332,16,6
2005-01-01,Boston,0.0400093370681606,10,6
2005-01-01,Chicago,0.007518796992481203,14,6
2005-01-01,Cleveland,0.007142857142857143,10,5
2005-01-01,Dallas,0.043601190476190474,20,7
2005-01-01,Kansas City,0.01001602564102564,16,6
2005-01-01,Minneapolis,0.015359477124183007,12,6
2005-01-01,New York,0.028181818181818186,10,4
2005-01-01,Philadelphia,0.00909090909090909,10,5
2005-01-01,Richmond,0.04814814814814815,18,6
2005-01-01,San Francisco,0.018333333333333333,20,6
2005-01-01,St. Louis,0.0853219030558932,7,4
2005-04-01,Atlanta,0.009523809523809523,15,6
2005-04-01,Boston,0.035833333333333335,10,6
2005-04-01,Chicago,0.02806122448979592,14,6
2005-04-01,Cleveland,0.0,10,5
2005-04-01,Dallas,0.015441176470588236,20,7
2005-04-01,Kansas City,0.028011204481792715,17,7
2005-04-01,Minneapolis,0.017094017094017092,12,6
2005-04-01,New York,0.0375,10,4
2005-04-01,Philadelphia,0.0,10,5
2005-04-01,Richmond,0.04365079365079365,18,6
2005-04-01,San Francisco,0.012698412698412698,20,6
2005-04-01,St. Louis,0.054149659863945585,7,4
2005-07-01,Atlanta,0.03273809523809524,14,6
2005-07-01,Boston,0.0125,10,6
2005-07-01,Chicago,0.01240079365079365,14,6
2005-07-01,Cleveland,0.0,10,5
2005-07-01,Dallas,0.00625,20,7
2005-07-01,Kansas City,0.018518518518518517,18,7
2005-07-01,Minneapolis,0.0340463458110517,12,6
2005-07-01,New York,0.07095959595959596,10,4
2005-07-01,Philadelphia,0.007692307692307693,10,5
2005-07-01,Richmond,0.0,18,6
2005-07-01,San Francisco,0.02,20,6
2005-07-01,St. Louis,0.05731292517006802,7,4
2005-10-01,Atlanta,0.010989010989010988,13,6
2005-10-01,Boston,0.013392857142857142,10,6
2005-10-01,Chicago,0.02944139194139194,14,6
2005-10-01,Cleveland,0.018333333333333333,10,5
2005-10-01,Dallas,0.02589285714285714,20,7
2005-10-01,Kansas City,0.035358160358160355,18,7
2005-10-01,Minneapolis,0.023888888888888887,12,6
2005-10-01,New York,0.018803418803418803,10,4
2005-10-01,Philadelphia,0.013486513486513486,11,6
2005-10-01,Richmond,0.027777777777777776,18,6
2005-10-01,San Francisco,0.015476190476190477,20,6
2005-10-01,St. Louis,0.0786879786879787,7,4
2006-01-01,Atlanta,0.03158068783068783,12,5
2006-01-01,Boston,0.09026610644257703,10,6
2006-01-01,Chicago,0.027777777777777776,13,6
2006-01-01,Cleveland,0.0,12,5
2006-01-01,Dallas,0.012142857142857143,20,7
2006-01-01,Kansas City,0.03902116402116402,18,7
2006-01-01,Minneapolis,0.040393518518518516,12,6
2006-01-01,New York,0.023333333333333334,10,4
2006-01-01,Philadelphia,0.041595441595441596,12,6
2006-01-01,Richmond,0.011111111111111112,18,6
2006-01-01,San Francisco,0.022698412698412697,20,6
2006-01-01,St. Louis,0.03796296296296296,7,4
2006-04-01,Atlanta,0.034478557504873296,12,5
2006-04-01,Boston,0.08217115186155434,10,5
2006-04-01,Chicago,0.022564935064935066,14,6
2006-04-01,Cleveland,0.005555555555555556,12,5
2006-04-01,Dallas,0.007142857142857143,20,7
2006-04-01,Kansas City,0.02279202279202279,18,7
2006-04-01,Minneapolis,0.017543859649122806,12,6
2006-04-01,New York,0.007142857142857143,10,4
2006-04-01,Philadelphia,0.022222222222222223,12,6
2006-04-01,Richmond,0.059854497354497355,18,6
2006-04-01,San Francisco,0.03047619047619048,20,6
2006-04-01,St. Louis,0.03717948717948718,7,4
2006-07-01,Atlanta,0.015277777777777779,12,5
2006-07-01,Boston,0.02659090909090909,10,5
2006-07-01,Chicago,0.0,14,6
2006-07-01,Cleveland,0.012362637362637362,12,5
2006-07-01,Dallas,0.017499999999999998,20,7
2006-07-01,Kansas City,0.02542087542087542,18,7
2006-07-01,Minneapolis,0.03188131313131313,12,6
2006-07-01,New York,0.05261904761904762,10,4
2006-07-01,Philadelphia,0.016666666666666666,12,6
2006-07-01,Richmond,0.03148148148148148,18,6
2006-07-01,San Francisco,0.019642857142857142,20,6
2006-07-01,St. Louis,0.09756909756909757,7,4
2006-10-01,Atlanta,0.02523148148148148,12,5
2006-10-01,Boston,0.02387585532746823,10,5
2006-10-01,Chicago,0.004464285714285714,14,6
2006-10-01,Cleveland,0.012820512820512822,12,5
2006-10-01,Dallas,0.022976190476190476,20,7
2006-10-01,Kansas City,0.0625,18,7
2006-10-01,Minneapolis,0.03414786967418546,12,6
2006-10-01,New York,0.05583333333333333,10,4
2006-10-01,Philadelphia,0.01736111111111111,12,6
2006-10-01,Richmond,0.01904761904761905,18,6
2006-10-01,San Francisco,0.030021645021645022,20,6
2006-10-01,St. Louis,0.06727272727272728,7,4
2007-01-01,Atlanta,0.012626262626262626,11,5
2007-01-01,Boston,0.030636030636030636,10,5
2007-01-01,Chicago,0.006993006993006993,13,6
2007-01-01,Cleveland,0.2857142857142857,14,5
2007-01-01,Dallas,0.06277777777777778,20,7
2007-01-01,Kansas City,0.17777777777777778,18,7
2007-01-01,Minneapolis,0.045238095238095244,12,6
2007-01-01,New York,0.06547008547008547,10,4
2007-01-01,Philadelphia,0.024801587301587297,12,6
2007-01-01,Richmond,0.11686507936507935,12,6
2007-01-01,San Francisco,0.11000000000000001,20,6
2007-01-01,St. Louis,0.1601360544217687,7,4
2007-04-01,Atlanta,0.03477078477078477,11,5
2007-04-01,Boston,0.012237762237762238,10,5
2007-04-01,Chicago,0.044642857142857144,14,6
2007-04-01,Cleveland,0.03188775510204082,14,5
2007-04-01,Dallas,0.047424242424242424,20,7
2007-04-01,Kansas City,0.049494949494949494,18,7
2007-04-01,Minneapolis,0.019681556833259617,14,6
2007-04-01,New York,0.03686868686868687,10,4
2007-04-01,Philadelphia,0.006944444444444444,12,6
2007-04-01,Richmond,0.03293650793650794,18,6
2007-04-01,San Francisco,0.029761904761904757,20,6
2007-04-01,St. Louis,0.04725274725274726,7,4
2007-07-01,Atlanta,0.03,10,5
2007-07-01,Boston,0.03216783216783217,11,5
2007-07-01,Chicago,0.030555555555555555,15,6
2007-07-01,Cleveland,0.012191938178780283,14,5
2007-07-01,Dallas,0.036041666666666666,20,7
2007-07-01,Kansas City,0.056150793650793646,18,7
2007-07-01,Minneapolis,0.016666666666666666,14,6
2007-07-01,New York,0.00909090909090909,10,4
2007-07-01,Philadelphia,0.024688852813852812,12,6
2007-07-01,Richmond,0.009259259259259259,18,6
2007-07-01,San Francisco,0.02,20,6
2007-07-01,St. Louis,0.011904761904761904,7,4
2007-10-01,Atlanta,0.024973262032085563,10,5
2007-10-01,Boston,0.0574023199023199,12,5
2007-10-01,Chicago,0.025974025974025976,14,6
2007-10-01,Cleveland,0.03705982392957182,14,5
2007-10-01,Dallas,0.01,20,7
2007-10-01,Kansas City,0.09188712522045855,18,7
2007-10-01,Minneapolis,0.03401360544217687,14,6
2007-10-01,New York,0.05,10,4
2007-10-01,Philadelphia,0.021367521367521368,13,6
2007-10-01,Richmond,0.022222222222222223,18,6
2007-10-01,San Francisco,0.01,20,6
2007-10-01,St. Louis,0.08441558441558442,7,4
2008-01-01,Atlanta,0.041025641025641026,10,5
2008-01-01,Boston,0.04218253968253968,12,5
2008-01-01,Chicago,0.05732600732600733,13,6
2008-01-01,Cleveland,0.033418367346938774,14,5
2008-01-01,Dallas,0.029166666666666667,20,7
2008-01-01,Kansas City,0.058823529411764705,17,7
2008-01-01,Minneapolis,0.016900093370681605,14,6
2008-01-01,New York,0.09282106782106782,10,4
2008-01-01,Philadelphia,0.033953791306732484,13,6
2008-01-01,Richmond,0.07741228070175438,19,6
2008-01-01,San Francisco,0.0,20,6
2008-01-01,St. Louis,0.1285714285714286,7,4
2008-04-01,Atlanta,0.0367965367965368,11,6
2008-04-01,Boston,0.01590693257359924,12,5
2008-04-01,Chicago,0.08371891266628109,13,6
2008-04-01,Cleveland,0.024222147248463038,12,5
2008-04-01,Dallas,0.017543859649122806,19,7
2008-04-01,Kansas City,0.0380952380952381,16,6
2008-04-01,Minneapolis,0.03373015873015873,14,6
2008-04-01,New York,0.11007936507936508,10,4
2008-04-01,Philadelphia,0.03846153846153846,13,6
2008-04-01,Richmond,0.030701754385964907,19,6
2008-04-01,San Francisco,0.035416666666666666,20,6
2008-04-01,St. Louis,0.04725274725274726,7,4
2008-07-01,Atlanta,0.04662698412698413,12,6
2008-07-01,Boston,0.028697190155523484,12,5
2008-07-01,Chicago,0.05204081632653061,14,6
2008-07-01,Cleveland,0.02363509506366649,14,5
2008-07-01,Dallas,0.028125,20,7
2008-07-01,Kansas City,0.03958333333333333,16,6
2008-07-01,Minneapolis,0.042606516290726815,14,6
2008-07-01,New York,0.07761904761904762,10,4
2008-07-01,Philadelphia,0.013986013986013986,13,6
2008-07-01,Richmond,0.027314814814814816,18,6
2008-07-01,San Francisco,0.022916666666666665,20,6
2008-07-01,St. Louis,0.05439560439560439,7,4
2008-10-01,Atlanta,0.07722222222222222,10,5
2008-10-01,Boston,0.07909820848417339,12,5
2008-10-01,Chicago,0.0659400123685838,14,6
2008-10-01,Cleveland,0.052084350486606125,14,5
2008-10-01,Dallas,0.04718434343434343,20,7
2008-10-01,Kansas City,0.04112554112554112,16,6
2008-10-01,Minneapolis,0.06897210976158344,13,6
2008-10-01,New York,0.08249999999999999,10,4
2008-10-01,Philadelphia,0.015384615384615385,13,6
2008-10-01,Richmond,0.0759920634920635,18,6
2008-10-01,San Francisco,0.045,20,6
2008-10-01,St. Louis,0.05201465201465202,7,4
2009-01-01,Atlanta,0.04179292929292929,10,5
2009-01-01,Boston,0.06997484178856728,12,5
2009-01-01,Chicago,0.10415140415140416,13,6
2009-01-01,Cleveland,0.07211887944970652,14,5
2009-01-01,Dallas,0.058939393939393944,20,7
2009-01-01,Kansas City,0.03653724747474747,16,6
2009-01-01,Minneapolis,0.08968253968253968,14,6
2009-01-01,New York,0.12280366692131399,10,4
2009-01-01,Philadelphia,0.04440109377084167,14,7
2009-01-01,Richmond,0.10150112233445567,18,6
2009-01-01,San Francisco,0.07369588744588744,20,6
2009-01-01,St. Louis,0.1131725417439703,7,4
2009-04-01,Atlanta,0.0589957264957265,10,5
2009-04-01,Boston,0.08691595441595441,12,5
2009-04-01,Chicago,0.10666357452071738,14,6
2009-04-01,Cleveland,0.037858037952022916,14,5
2009-04-01,Dallas,0.1114592352092352,20,7
2009-04-01,Kansas City,0.024479166666666666,16,6
2009-04-01,Minneapolis,0.08181750961254065,14,6
2009-04-01,New York,0.13004627938131774,10,4
2009-04-01,Philadelphia,0.03520408163265306,14,7
2009-04-01,Richmond,0.08132716049382716,18,6
2009-04-01,San Francisco,0.03602564102564103,20,6
2009-04-01,St. Louis,0.09654631083202513,7,4
2009-07-01,Atlanta,0.050800865800865805,10,5
2009-07-01,Boston,0.09812223873818077,12,5
2009-07-01,Chicago,0.08522105812021778,14,6
2009-07-01,Cleveland,0.036649659863945576,14,5
2009-07-01,Dallas,0.05640010351966873,20,7
2009-07-01,Kansas City,0.024107142857142855,16,6
2009-07-01,Minneapolis,0.04236694677871149,14,6
2009-07-01,New York,0.061017126148705095,10,4
2009-07-01,Philadelphia,0.013675213675213673,13,6
2009-07-01,Richmond,0.08317901234567901,18,6
2009-07-01,San Francisco,0.04595238095238095,20,6
2009-07-01,St. Louis,0.08571428571428572,7,4
2009-10-01,Atlanta,0.05941558441558441,10,5
2009-10-01,Boston,0.07475799663299663,12,5
2009-10-01,Chicago,0.038665501165501166,13,6
2009-10-01,Cleveland,0.021941084125958077,14,5
2009-10-01,Dallas,0.06999999999999999,20,7
2009-10-01,Kansas City,0.031746031746031744,16,6
2009-10-01,Minneapolis,0.03571428571428571,14,6
2009-10-01,New York,0.09023199023199022,10,4
2009-10-01,Philadelphia,0.013609467455621303,13,6
2009-10-01,Richmond,0.04887566137566138,18,6
2009-10-01,San Francisco,0.023392857142857142,20,6
2009-10-01,St. Louis,0.1560064935064935,7,4
2010-01-01,Atlanta,0.05040404040404041,10,5
2010-01-01,Boston,0.02946775446775447,12,5
2010-01-01,Chicago,0.02933673469387755,14,6
2010-01-01,Cleveland,0.01575091575091575,14,5
2010-01-01,Dallas,0.03511904761904762,20,7
2010-01-01,Kansas City,0.033482142857142856,16,6
2010-01-01,Minneapolis,0.0625,14,6
2010-01-01,New York,0.08919413919413918,10,4
2010-01-01,Philadelphia,0.00641025641025641,13,6
2010-01-01,Richmond,0.07256562881562881,16,6
2010-01-01,San Francisco,0.04714285714285714,20,6
2010-01-01,St. Louis,0.1285714285714286,7,4
2010-04-01,Atlanta,0.03222222222222222,10,5
2010-04-01,Boston,0.017063492063492062,12,5
2010-04-01,Chicago,0.007692307692307693,13,6
2010-04-01,Cleveland,0.0,14,5
2010-04-01,Dallas,0.018333333333333333,20,7
2010-04-01,Kansas City,0.017708333333333333,16,6
2010-04-01,Minneapolis,0.058660387231815804,14,6
2010-04-01,New York,0.0455988455988456,10,4
2010-04-01,Philadelphia,0.004524886877828054,13,7
2010-04-01,Richmond,0.07517636684303351,18,6
2010-04-01,San Francisco,0.022619047619047615,20,6
2010-04-01,St. Louis,0.11054421768707483,7,4
2010-07-01,Atlanta,0.016666666666666666,10,5
2010-07-01,Boston,0.04648236753499912,12,5
2010-07-01,Chicago,0.02261904761904762,14,6
2010-07-01,Cleveland,0.0,14,5
2010-07-01,Dallas,0.04,20,7
2010-07-01,Kansas City,0.03988320707070707,16,6
2010-07-01,Minneapolis,0.026109307359307356,14,6
2010-07-01,New York,0.029548872180451123,10,4
2010-07-01,Philadelphia,0.007936507936507936,14,6
2010-07-01,Richmond,0.03688141923436041,17,6
2010-07-01,San Francisco,0.023392857142857142,20,6
2010-07-01,St. Louis,0.06031746031746032,7,4
2010-10-01,Atlanta,0.023809523809523808,10,5
2010-10-01,Boston,0.06174728049728049,12,5
2010-10-01,Chicago,0.01875,14,6
2010-10-01,Cleveland,0.01443001443001443,14,5
2010-10-01,Dallas,0.023125,20,7
2010-10-01,Kansas City,0.022569444444444444,16,6
2010-10-01,Minneapolis,0.021533613445378155,14,6
2010-10-01,New York,0.03333333333333333,10,4
2010-10-01,Philadelphia,0.017346938775510204,14,6
2010-10-01,Richmond,0.06893090569561157,17,6
2010-10-01,San Francisco,0.025476190476190475,20,6
2010-10-01,St. Louis,0.08571428571428573,7,4
2011-01-01,Atlanta,0.0,6,5
2011-01-01,Boston,0.02857142857142857,5,4
2011-01-01,Chicago,0.0,7,5
2011-01-01,Cleveland,0.014285714285714287,7,5
2011-01-01,Dallas,0.0,9,6
2011-01-01,Kansas City,0.017857142857142856,7,5
2011-01-01,Minneapolis,0.047619047619047616,7,5
2011-01-01,New York,0.10476190476190475,4,3
2011-01-01,Philadelphia,0.0,7,6
2011-01-01,Richmond,0.017857142857142856,7,5
2011-01-01,San Francisco,0.027777777777777776,6,5
2011-01-01,St. Louis,0.05,4,3
2011-04-01,Atlanta,0.027777777777777776,12,5
2011-04-01,Boston,0.022435897435897436,11,4
2011-04-01,Chicago,0.008928571428571428,14,5
2011-04-01,Cleveland,0.03194444444444444,14,5
2011-04-01,Dallas,0.0,18,6
2011-04-01,Kansas City,0.024489795918367346,14,5
2011-04-01,Minneapolis,0.03711063372717508,14,5
2011-04-01,New York,0.023504273504273504,8,3
2011-04-01,Philadelphia,0.02846062667491239,14,6
2011-04-01,Richmond,0.02619047619047619,15,5
2011-04-01,San Francisco,0.05555555555555555,12,5
2011-04-01,St. Louis,0.04691358024691358,9,4
2011-07-01,Atlanta,0.04351851851851852,12,5
2011-07-01,Boston,0.05417158598976781,11,4
2011-07-01,Chicago,0.043140589569160996,14,5
2011-07-01,Cleveland,0.022817460317460316,14,5
2011-07-01,Dallas,0.024691358024691357,18,6
2011-07-01,Kansas City,0.025902668759811617,14,5
2011-07-01,Minneapolis,0.009696186166774404,14,5
2011-07-01,New York,0.09281031468531468,8,3
2011-07-01,Philadelphia,0.04880952380952381,14,6
2011-07-01,Richmond,0.0353968253968254,15,5
2011-07-01,San Francisco,0.05238095238095238,12,5
2011-07-01,St. Louis,0.05396825396825397,9,4
2011-10-01,Atlanta,0.03548916361416361,12,5
2011-10-01,Boston,0.04407166907166907,11,4
2011-10-01,Chicago,0.04115646258503401,14,5
2011-10-01,Cleveland,0.04636752136752137,14,5
2011-10-01,Dallas,0.0,18,6
2011-10-01,Kansas City,0.025541125541125538,14,5
2011-10-01,Minneapolis,0.03717948717948718,14,5
2011-10-01,New York,0.03784722222222222,8,3
2011-10-01,Philadelphia,0.06224489795918368,14,6
2011-10-01,Richmond,0.09833333333333334,15,5
2011-10-01,San Francisco,0.06349206349206349,12,5
2011-10-01,St. Louis,0.06635802469135803,9,4
2012-01-01,Atlanta,0.019230769230769232,13,6
2012-01-01,Boston,0.06788766788766788,11,4
2012-01-01,Chicago,0.0071428571428571435,14,5
2012-01-01,Cleveland,0.038827838827838836,14,5
2012-01-01,Dallas,0.008241758241758242,18,6
2012-01-01,Kansas City,0.02806122448979592,14,5
2012-01-01,Minneapolis,0.01913265306122449,14,5
2012-01-01,New York,0.06369047619047619,8,3
2012-01-01,Philadelphia,0.0,14,6
2012-01-01,Richmond,0.010505050505050507,15,5
2012-01-01,San Francisco,0.05634920634920635,12,5
2012-01-01,St. Louis,0.041666666666666664,9,4
2012-04-01,Atlanta,0.03382034632034632,14,6
2012-04-01,Boston,0.026812240047534165,11,4
2012-04-01,Chicago,0.005952380952380952,14,5
2012-04-01,Cleveland,0.026759946402803544,14,5
2012-04-01,Dallas,0.009259259259259259,18,6
2012-04-01,Kansas City,0.012445887445887446,14,5
2012-04-01,Minneapolis,0.025297619047619044,14,5
2012-04-01,New York,0.03645833333333333,8,3
2012-04-01,Philadelphia,0.0071428571428571435,14,6
2012-04-01,Richmond,0.026785714285714288,15,5
2012-04-01,San Francisco,0.037698412698412696,12,5
2012-04-01,St. Louis,0.0761904761904762,9,4
2012-07-01,Atlanta,0.02686896436896437,14,6
2012-07-01,Boston,0.0425990675990676,11,4
2012-07-01,Chicago,0.0,14,5
2012-07-01,Cleveland,0.04950396825396825,14,5
2012-07-01,Dallas,0.011111111111111112,18,6
2012-07-01,Kansas City,0.056295093795093794,14,5
2012-07-01,Minneapolis,0.027358058608058605,14,5
2012-07-01,New York,0.04309752747252747,8,3
2012-07-01,Philadelphia,0.0,14,6
2012-07-01,Richmond,0.04380252100840336,15,5
2012-07-01,San Francisco,0.023809523809523808,12,5
2012-07-01,St. Louis,0.08333333333333333,9,4
2012-10-01,Atlanta,0.026360544217687073,14,6
2012-10-01,Boston,0.019047619047619046,11,4
2012-10-01,Chicago,0.0473922902494331,14,5
2012-10-01,Cleveland,0.03762294391440787,14,5
2012-10-01,Dallas,0.027777777777777776,18,6
2012-10-01,Kansas City,0.04563492063492063,14,5
2012-10-01,Minneapolis,0.031789638932496075,14,5
2012-10-01,New York,0.052039627039627036,8,3
2012-10-01,Philadelphia,0.050303069945927086,14,6
2012-10-01,Richmond,0.050793650793650794,15,5
2012-10-01,San Francisco,0.017992424242424244,12,5
2012-10-01,St. Louis,0.06507936507936507,10,5
2013-01-01,Atlanta,0.030442176870748298,14,6
2013-01-01,Boston,0.1041125541125541,11,4
2013-01-01,Chicago,0.007936507936507936,14,5
2013-01-01,Cleveland,0.028176911790357168,14,5
2013-01-01,Dallas,0.027314814814814816,18,6
2013-01-01,Kansas City,0.06488095238095239,14,5
2013-01-01,Minneapolis,0.028566234185982087,14,5
2013-01-01,New York,0.035244360902255634,8,3
2013-01-01,Philadelphia,0.06355866355866356,13,6
2013-01-01,Richmond,0.05972805788982259,16,5
2013-01-01,San Francisco,0.007575757575757576,12,5
2013-01-01,St. Louis,0.06190476190476191,10,5
2013-04-01,Atlanta,0.04124149659863945,14,6
2013-04-01,Boston,0.03511243658302482,11,4
2013-04-01,Chicago,0.03877551020408164,14,5
2013-04-01,Cleveland,0.010544217687074831,14,5
2013-04-01,Dallas,0.02279202279202279,18,6
2013-04-01,Kansas City,0.030442176870748298,14,5
2013-04-01,Minneapolis,0.019024725274725273,14,5
2013-04-01,New York,0.03717948717948718,8,3
2013-04-01,Philadelphia,0.008928571428571428,14,6
2013-04-01,Richmond,0.04670138888888889,16,5
2013-04-01,San Francisco,0.05158730158730159,12,5
2013-04-01,St. Louis,0.05734126984126984,10,5
2013-07-01,Atlanta,0.027777777777777773,14,6
2013-07-01,Boston,0.02056277056277056,11,4
2013-07-01,Chicago,0.043140589569161,14,5
2013-07-01,Cleveland,0.006404901141743247,14,5
2013-07-01,Dallas,0.0440087145969499,18,6
2013-07-01,Kansas City,0.01443001443001443,14,5
2013-07-01,Minneapolis,0.02348901098901099,14,5
2013-07-01,New York,0.026988636363636364,8,3
2013-07-01,Philadelphia,0.03698979591836734,14,6
2013-07-01,Richmond,0.056872294372294366,16,5
2013-07-01,San Francisco,0.007575757575757576,12,5
2013-07-01,St. Louis,0.030043290043290045,10,5
2013-10-01,Atlanta,0.03861317254174396,14,6
2013-10-01,Boston,0.040584415584415584,11,4
2013-10-01,Chicago,0.03035714285714286,14,5
2013-10-01,Cleveland,0.025396825396825393,14,5
2013-10-01,Dallas,0.010030864197530864,18,6
2013-10-01,Kansas City,0.01893939393939394,14,5
2013-10-01,Minneapolis,0.026310524209683873,14,5
2013-10-01,New York,0.019753086419753083,9,4
2013-10-01,Philadelphia,0.02619047619047619,14,6
2013-10-01,Richmond,0.020698051948051948,16,5
2013-10-01,San Francisco,0.0,12,5
2013-10-01,St. Louis,0.03324015556635878,11,6
2014-01-01,Atlanta,0.03571428571428571,14,6
2014-01-01,Boston,0.03161421911421911,11,4
2014-01-01,Chicago,0.05198412698412698,14,5
2014-01-01,Cleveland,0.007603041216486595,14,5
2014-01-01,Dallas,0.0,18,6
2014-01-01,Kansas City,0.008928571428571428,14,5
2014-01-01,Minneapolis,0.02070079043763254,14,5
2014-01-01,New York,0.026988636363636364,8,3
2014-01-01,Philadelphia,0.017857142857142856,14,6
2014-01-01,Richmond,0.03819444444444445,16,5
2014-01-01,San Francisco,0.010416666666666666,12,5
2014-01-01,St. Louis,0.04316239316239316,10,5
2014-04-01,Atlanta,0.014285714285714287,14,6
2014-04-01,Boston,0.018759018759018756,11,4
2014-04-01,Chicago,0.027777777777777773,14,5
2014-04-01,Cleveland,0.01343101343101343,14,5
2014-04-01,Dallas,0.010648148148148148,18,6
2014-04-01,Kansas City,0.03228715728715729,14,5
2014-04-01,Minneapolis,0.03309613319011815,14,5
2014-04-01,New York,0.013888888888888888,8,3
2014-04-01,Philadelphia,0.01615646258503401,14,6
2014-04-01,Richmond,0.021554834054834056,16,5
2014-04-01,San Francisco,0.008333333333333333,12,5
2014-04-01,St. Louis,0.055952380952380955,10,5
2014-07-01,Atlanta,0.014285714285714287,14,6
2014-07-01,Boston,0.03201326302930581,11,4
2014-07-01,Chicago,0.013636363636363637,14,5
2014-07-01,Cleveland,0.01806285501937676,14,5
2014-07-01,Dallas,0.019290123456790122,18,6
2014-07-01,Kansas City,0.008928571428571428,14,5
2014-07-01,Minneapolis,0.016609977324263038,14,5
2014-07-01,New York,0.015625,8,3
2014-07-01,Philadelphia,0.0047619047619047615,14,6
2014-07-01,Richmond,0.021554834054834056,16,5
2014-07-01,San Francisco,0.007575757575757576,12,5
2014-07-01,St. Louis,0.0668859649122807,12,5
2014-10-01,Atlanta,0.023809523809523808,14,6
2014-10-01,Boston,0.023141332351858668,11,4
2014-10-01,Chicago,0.0,14,5
2014-10-01,Cleveland,0.0173992673992674,14,5
2014-10-01,Dallas,0.0,18,6
2014-10-01,Kansas City,0.01443001443001443,14,5
2014-10-01,Minneapolis,0.013657770800627942,14,5
2014-10-01,New York,0.023863636363636365,8,3
2014-10-01,Philadelphia,0.01502267573696145,14,6
2014-10-01,Richmond,0.0078125,16,5
2014-10-01,San Francisco,0.012820512820512822,12,5
2014-10-01,St. Louis,0.050865800865800864,11,5
2015-01-01,Atlanta,0.012987012987012988,7,6
2015-01-01,Boston,0.0,5,4
2015-01-01,Chicago,0.0,7,5
2015-01-01,Cleveland,0.04274891774891775,7,5
2015-01-01,Dallas,0.04558404558404558,9,6
2015-01-01,Kansas City,0.0,7,5
2015-01-01,Minneapolis,0.008403361344537815,7,5
2015-01-01,New York,0.03571428571428571,4,3
2015-01-01,Philadelphia,0.0,7,6
2015-01-01,Richmond,0.013888888888888888,8,5
2015-01-01,San Francisco,0.018518518518518517,6,5
2015-01-01,St. Louis,0.05,5,4
2015-04-01,Atlanta,0.05206916099773242,14,6
2015-04-01,Boston,0.03691325014854427,11,4
2015-04-01,Chicago,0.007936507936507936,14,5
2015-04-01,Cleveland,0.03311641564838495,15,6
2015-04-01,Dallas,0.037037037037037035,18,6
2015-04-01,Kansas City,0.031037414965986394,14,5
2015-04-01,Minneapolis,0.04120879120879121,14,5
2015-04-01,New York,0.04201388888888889,8,3
2015-04-01,Philadelphia,0.012445887445887446,14,6
2015-04-01,Richmond,0.01737373737373737,18,6
2015-04-01,San Francisco,0.01636904761904762,12,5
2015-04-01,St. Louis,0.09140211640211639,12,5
2015-07-01,Atlanta,0.047907647907647906,14,6
2015-07-01,Boston,0.03884499339044794,11,4
2015-07-01,Chicago,0.031037414965986394,14,5
2015-07-01,Cleveland,0.05357142857142857,14,5
2015-07-01,Dallas,0.035521885521885524,18,6
2015-07-01,Kansas City,0.01020408163265306,14,5
2015-07-01,Minneapolis,0.010714285714285714,14,5
2015-07-01,New York,0.015873015873015872,8,3
2015-07-01,Philadelphia,0.022108843537414966,14,6
2015-07-01,Richmond,0.0,17,6
2015-07-01,San Francisco,0.027777777777777776,12,5
2015-07-01,St. Louis,0.013888888888888888,12,5
2015-10-01,Atlanta,0.041666666666666664,14,6
2015-10-01,Boston,0.02744755244755245,11,4
2015-10-01,Chicago,0.05963976499690785,14,5
2015-10-01,Cleveland,0.05210318086257936,14,5
2015-10-01,Dallas,0.030555555555555558,18,6
2015-10-01,Kansas City,0.020833333333333332,14,5
2015-10-01,Minneapolis,0.05980725623582766,14,5
2015-10-01,New York,0.0,8,3
2015-10-01,Philadelphia,0.0,14,6
2015-10-01,Richmond,0.018750000000000003,16,5
2015-10-01,San Francisco,0.005952380952380952,12,5
2015-10-01,St. Louis,0.006410256410256411,12,5
2016-01-01,Atlanta,0.06845238095238095,14,6
2016-01-01,Boston,0.011805555555555555,10,4
2016-01-01,Chicago,0.041331684188827045,14,5
2016-01-01,Cleveland,0.0797773654916512,14,5
2016-01-01,Dallas,0.04199935866602533,18,6
2016-01-01,Kansas City,0.023840445269016696,14,5
2016-01-01,Minneapolis,0.024107142857142858,14,5
2016-01-01,New York,0.013888888888888888,8,3
2016-01-01,Philadelphia,0.053963893249607535,14,6
2016-01-01,Richmond,0.0397875816993464,16,5
2016-01-01,San Francisco,0.007575757575757576,12,5
2016-01-01,St. Louis,0.0,12,5
2016-04-01,Atlanta,0.044787157287157285,14,6
2016-04-01,Boston,0.033577624066754505,10,4
2016-04-01,Chicago,0.005494505494505495,14,5
2016-04-01,Cleveland,0.05479070416045206,14,5
2016-04-01,Dallas,0.038824755491422155,18,6
2016-04-01,Kansas City,0.042857142857142864,14,5
2016-04-01,Minneapolis,0.024938949938949937,14,5
2016-04-01,New York,0.03739316239316239,8,3
2016-04-01,Philadelphia,0.03373015873015873,14,6
2016-04-01,Richmond,0.0,16,5
2016-04-01,San Francisco,0.0,12,5
2016-04-01,St. Louis,0.0625,12,5
2016-07-01,Atlanta,0.03599773242630385,14,6
2016-07-01,Boston,0.08911477411477411,10,4
2016-07-01,Chicago,0.0,14,5
2016-07-01,Cleveland,0.05255916469151763,14,5
2016-07-01,Dallas,0.032539682539682535,18,6
2016-07-01,Kansas City,0.0,14,5
2016-07-01,Minneapolis,0.02777906617192331,14,5
2016-07-01,New York,0.021241830065359478,8,3
2016-07-01,Philadelphia,0.042346938775510205,14,6
2016-07-01,Richmond,0.0,19,6
2016-07-01,San Francisco,0.0,12,5
2016-07-01,St. Louis,0.036904761904761905,12,5
2016-10-01,Atlanta,0.031746031746031744,14,6
2016-10-01,Boston,0.08111518111518111,9,4
2016-10-01,Chicago,0.0,14,5
2016-10-01,Cleveland,0.05340802987861811,14,5
2016-10-01,Dallas,0.041310541310541314,18,6
2016-10-01,Kansas City,0.01020408163265306,14,5
2016-10-01,Minneapolis,0.02585162853019996,14,5
2016-10-01,New York,0.009615384615384616,8,3
2016-10-01,Philadelphia,0.018140589569160998,14,6
2016-10-01,Richmond,0.024188311688311686,20,6
2016-10-01,San Francisco,0.027777777777777776,12,5
2016-10-01,St. Louis,0.03263403263403263,13,6
2017-01-01,Atlanta,0.02255952380952381,20,7
2017-01-01,Boston,0.07254915223665223,16,7
2017-01-01,Chicago,0.007936507936507936,18,7
2017-01-01,Cleveland,0.05098039215686274,17,7
2017-01-01,Dallas,0.04,20,7
2017-01-01,Kansas City,0.04265873015873015,18,7
2017-01-01,Minneapolis,0.0484375,16,7
2017-01-01,New York,0.02087215320910973,16,7
2017-01-01,Philadelphia,0.025669642857142856,16,7
2017-01-01,Richmond,0.01,20,7
2017-01-01,San Francisco,0.013736263736263736,16,7
2017-01-01,St. Louis,0.03756613756613757,18,7
2017-04-01,Atlanta,0.021212121212121213,20,7
2017-04-01,Boston,0.06743551587301587,16,7
2017-04-01,Chicago,0.0,18,7
2017-04-01,Cleveland,0.01909722222222222,16,7
2017-04-01,Dallas,0.0125,20,7
2017-04-01,Kansas City,0.04927248677248677,18,7
2017-04-01,Minneapolis,0.018796992481203006,17,7
2017-04-01,New York,0.017361111111111112,16,7
2017-04-01,Philadelphia,0.033854166666666664,16,7
2017-04-01,Richmond,0.0,20,7
2017-04-01,San Francisco,0.018229166666666664,16,7
2017-04-01,St. Louis,0.0333994708994709,18,7
2017-07-01,Atlanta,0.019285714285714285,20,7
2017-07-01,Boston,0.05513618326118326,16,7
2017-07-01,Chicago,0.03880070546737213,18,7
2017-07-01,Cleveland,0.013888888888888888,16,7
2017-07-01,Dallas,0.005952380952380952,21,7
2017-07-01,Kansas City,0.032407407407407406,18,7
2017-07-01,Minneapolis,0.027043269230769232,16,7
2017-07-01,New York,0.013888888888888888,16,7
2017-07-01,Philadelphia,0.019444444444444445,16,7
2017-07-01,Richmond,0.013157894736842105,19,7
2017-07-01,San Francisco,0.026041666666666664,16,7
2017-07-01,St. Louis,0.009259259259259259,18,7
2017-10-01,Atlanta,0.014545454545454545,20,7
2017-10-01,Boston,0.026785714285714284,16,7
2017-10-01,Chicago,0.0,18,7
2017-10-01,Cleveland,0.004807692307692308,16,7
2017-10-01,Dallas,0.013392857142857142,20,7
2017-10-01,Kansas City,0.023809523809523808,18,7
2017-10-01,Minneapolis,0.04939888784461153,16,7
2017-10-01,New York,0.017447916666666667,16,7
2017-10-01,Philadelphia,0.019345238095238096,16,7
2017-10-01,Richmond,0.017543859649122806,19,7
2017-10-01,San Francisco,0.033482142857142856,16,7
2017-10-01,St. Louis,0.009259259259259259,18,7
2018-01-01,Atlanta,0.014285714285714285,20,7
2018-01-01,Boston,0.044444444444444446,17,7
2018-01-01,Chicago,0.013888888888888888,18,7
2018-01-01,Cleveland,0.019444444444444445,16,7
2018-01-01,Dallas,0.02214285714285714,20,7
2018-01-01,Kansas City,0.04365079365079364,18,7
2018-01-01,Minneapolis,0.03916666666666667,15,7
2018-01-01,New York,0.003676470588235294,16,7
2018-01-01,Philadelphia,0.008928571428571428,16,7
2018-01-01,Richmond,0.04844804318488529,19,7
2018-01-01,San Francisco,0.0078125,16,7
2018-01-01,St. Louis,0.009259259259259259,18,7
2018-04-01,Atlanta,0.005555555555555555,20,7
2018-04-01,Boston,0.02827380952380952,16,7
2018-04-01,Chicago,0.005555555555555556,18,7
2018-04-01,Cleveland,0.00625,16,7
2018-04-01,Dallas,0.004545454545454545,20,7
2018-04-01,Kansas City,0.03756613756613757,18,7
2018-04-01,Minneapolis,0.019301470588235295,16,7
2018-04-01,New York,0.031788752183489026,16,7
2018-04-01,Philadelphia,0.019345238095238096,16,7
2018-04-01,Richmond,0.005,20,7
2018-04-01,San Francisco,0.028125,16,7
2018-04-01,St. Louis,0.027777777777777776,18,7
2018-07-01,Atlanta,0.005,20,7
2018-07-01,Boston,0.07078373015873016,16,7
2018-07-01,Chicago,0.027998236331569663,18,7
2018-07-01,Cleveland,0.0,16,7
2018-07-01,Dallas,0.024285714285714285,20,7
2018-07-01,Kansas City,0.024140211640211642,18,7
2018-07-01,Minneapolis,0.026733500417710943,16,7
2018-07-01,New York,0.015624999999999998,16,7
2018-07-01,Philadelphia,0.04573412698412698,16,7
2018-07-01,Richmond,0.030555555555555558,18,7
2018-07-01,San Francisco,0.020833333333333332,16,7
2018-07-01,St. Louis,0.021212121212121213,18,7
2018-10-01,Atlanta,0.026666666666666665,20,7
2018-10-01,Boston,0.0523313492063492,16,7
2018-10-01,Chicago,0.03888888888888889,18,7
2018-10-01,Cleveland,0.0,16,7
2018-10-01,Dallas,0.028253968253968254,20,7
2018-10-01,Kansas City,0.0333994708994709,18,7
2018-10-01,Minneapolis,0.02632266941864465,15,7
2018-10-01,New York,0.02341720779220779,16,7
2018-10-01,Philadelphia,0.034027777777777775,16,7
2018-10-01,Richmond,0.024853801169590642,19,7
2018-10-01,San Francisco,0.019570707070707072,16,7
2018-10-01,St. Louis,0.014814814814814815,18,7
2019-01-01,Atlanta,0.023493867243867244,20,7
2019-01-01,Boston,0.0734126984126984,16,7
2019-01-01,Chicago,0.03888888888888889,18,7
2019-01-01,Cleveland,0.013247282608695652,16,7
2019-01-01,Dallas,0.05880952380952381,20,7
2019-01-01,Kansas City,0.021428571428571425,18,7
2019-01-01,Minneapolis,0.01951754385964912,15,7
2019-01-01,New York,0.032192460317460314,16,7
2019-01-01,Philadelphia,0.04365079365079365,16,7
2019-01-01,Richmond,0.04425837320574163,19,7
2019-01-01,San Francisco,0.004807692307692308,16,7
2019-01-01,St. Louis,0.018518518518518517,9,7
2019-04-01,Atlanta,0.02125,20,7
2019-04-01,Boston,0.06761363636363636,16,7
2019-04-01,Chicago,0.019290123456790122,18,7
2019-04-01,Cleveland,0.048120915032679734,17,7
2019-04-01,Dallas,0.03138888888888889,20,7
2019-04-01,Kansas City,0.027998236331569663,18,7
2019-04-01,Minneapolis,0.028954248366013072,15,7
2019-04-01,New York,0.048214285714285716,16,7
2019-04-01,Philadelphia,0.016396103896103895,16,7
2019-04-01,Richmond,0.011111111111111112,18,7
2019-04-01,San Francisco,0.010416666666666666,16,7
2019-04-01,St. Louis,0.021604938271604937,18,7
2019-07-01,Atlanta,0.004166666666666667,20,7
2019-07-01,Boston,0.059123168498168496,16,7
2019-07-01,Chicago,0.011111111111111112,18,7
2019-07-01,Cleveland,0.009027777777777779,18,7
2019-07-01,Dallas,0.00625,20,7
2019-07-01,Kansas City,0.03613516113516113,18,7
2019-07-01,Minneapolis,0.025341130604288498,15,7
2019-07-01,New York,0.04789862914862915,16,7
2019-07-01,Philadelphia,0.027110389610389612,16,7
2019-07-01,Richmond,0.02832080200501253,19,7
2019-07-01,San Francisco,0.017857142857142856,16,7
2019-07-01,St. Louis,0.020282186948853614,18,7
2019-10-01,Atlanta,0.012142857142857143,20,7
2019-10-01,Boston,0.035416666666666666,16,7
2019-10-01,Chicago,0.013888888888888888,18,7
2019-10-01,Cleveland,0.012566137566137565,18,7
2019-10-01,Dallas,0.014583333333333332,20,7
2019-10-01,Kansas City,0.05134680134680134,18,7
2019-10-01,Minneapolis,0.032107843137254906,15,7
2019-10-01,New York,0.0859273538961039,16,7
2019-10-01,Philadelphia,0.06354166666666666,16,7
2019-10-01,Richmond,0.03508771929824562,19,7
2019-10-01,San Francisco,0.00625,16,7
2019-10-01,St. Louis,0.046657046657046654,18,7
2020-01-01,Atlanta,0.04083333333333333,20,7
2020-01-01,Boston,0.056845238095238095,16,7
2020-01-01,Chicago,0.013117283950617283,18,7
2020-01-01,Cleveland,0.020482603815937153,18,7
2020-01-01,Dallas,0.03767857142857143,20,7
2020-01-01,Kansas City,0.0,18,7
2020-01-01,Minneapolis,0.019841269841269844,14,7
2020-01-01,New York,0.05909304511278196,16,7
2020-01-01,Philadelphia,0.04503968253968254,16,7
2020-01-01,Richmond,0.02671451355661882,19,7
2020-01-01,San Francisco,0.01614583333333333,16,7
2020-01-01,St. Louis,0.03207671957671957,18,7
2020-04-01,Atlanta,0.09551587301587301,20,7
2020-04-01,Boston,0.09607753357753357,16,7
2020-04-01,Chicago,0.06715429632096298,18,7
2020-04-01,Cleveland,0.0655794051627385,18,7
2020-04-01,Dallas,0.05545634920634921,20,7
2020-04-01,Kansas City,0.13457391374058042,18,7
2020-04-01,Minneapolis,0.13752441766180157,16,7
2020-04-01,New York,0.08226495726495726,16,7
2020-04-01,Philadelphia,0.048851495726495726,16,7
2020-04-01,Richmond,0.07907268170426066,19,7
2020-04-01,San Francisco,0.07116815476190476,16,7
2020-04-01,St. Louis,0.05138888888888889,18,7
2020-07-01,Atlanta,0.05444444444444444,20,7
2020-07-01,Boston,0.056150793650793646,16,7
2020-07-01,Chicago,0.03822751322751323,18,7
2020-07-01,Cleveland,0.06701940035273368,18,7
2020-07-01,Dallas,0.07158119658119658,20,7
2020-07-01,Kansas City,0.06351611351611351,18,7
2020-07-01,Minneapolis,0.06121323529411765,16,7
2020-07-01,New York,0.03958333333333333,16,7
2020-07-01,Philadelphia,0.08002013305322128,16,7
2020-07-01,Richmond,0.06842694342694343,18,7
2020-07-01,San Francisco,0.030849358974358976,16,7
2020-07-01,St. Louis,0.04753086419753086,18,7
2020-10-01,Atlanta,0.031212121212121212,20,7
2020-10-01,Boston,0.025669642857142856,16,7
2020-10-01,Chicago,0.023569023569023566,18,7
2020-10-01,Cleveland,0.024250440917107582,18,7
2020-10-01,Dallas,0.0775,20,7
2020-10-01,Kansas City,0.04645061728395061,18,7
2020-10-01,Minneapolis,0.07619047619047618,15,7
2020-10-01,New York,0.062400793650793644,16,7
2020-10-01,Philadelphia,0.06699134199134199,16,7
2020-10-01,Richmond,0.01273148148148148,18,7
2020-10-01,San Francisco,0.03180803571428571,16,7
2020-10-01,St. Louis,0.021212121212121213,18,7
2021-01-01,Atlanta,0.039267676767676764,20,7
2021-01-01,Boston,0.027256944444444445,16,7
2021-01-01,Chicago,0.028439153439153438,18,7
2021-01-01,Cleveland,0.030555555555555558,18,7
2021-01-01,Dallas,0.06277777777777778,20,7
2021-01-01,Kansas City,0.048500881834215165,18,7
2021-01-01,Minneapolis,0.03667397417397417,16,7
2021-01-01,New York,0.052235091297591296,16,7
2021-01-01,Philadelphia,0.0381085927960928,16,7
2021-01-01,Richmond,0.025883838383838384,18,7
2021-01-01,San Francisco,0.015224358974358974,16,7
2021-01-01,St. Louis,0.06530583613916946,18,7
2021-04-01,Atlanta,0.0429004329004329,20,7
2021-04-01,Boston,0.06986607142857143,16,7
2021-04-01,Chicago,0.01488095238095238,18,7
2021-04-01,Cleveland,0.0,18,7
2021-04-01,Dallas,0.024835164835164836,20,7
2021-04-01,Kansas City,0.02513227513227513,18,7
2021-04-01,Minneapolis,0.03222425722425723,18,7
2021-04-01,New York,0.052901785714285714,16,7
2021-04-01,Philadelphia,0.04580853174603174,16,7
2021-04-01,Richmond,0.014774441245029482,17,7
2021-04-01,San Francisco,0.028077651515151514,16,7
2021-04-01,St. Louis,0.021825396825396824,18,7
2021-07-01,Atlanta,0.01464160839160839,20,7
2021-07-01,Boston,0.056919642857142856,16,7
2021-07-01,Chicago,0.006944444444444444,18,7
2021-07-01,Cleveland,0.011574074074074073,18,7
2021-07-01,Dallas,0.04819444444444444,20,7
2021-07-01,Kansas City,0.05103276353276353,18,7
2021-07-01,Minneapolis,0.057318376068376066,20,7
2021-07-01,New York,0.06121615312791783,16,7
2021-07-01,Philadelphia,0.01875,16,7
2021-07-01,Richmond,0.018783068783068783,18,7
2021-07-01,San Francisco,0.014423076923076924,16,7
2021-07-01,St. Louis,0.021825396825396824,18,7
2021-10-01,Atlanta,0.028809523809523806,20,7
2021-10-01,Boston,0.05014880952380952,16,7
2021-10-01,Chicago,0.01993006993006993,18,7
2021-10-01,Cleveland,0.017550505050505052,18,7
2021-10-01,Dallas,0.059444444444444446,20,7
2021-10-01,Kansas City,0.03838383838383838,18,7
2021-10-01,Minneapolis,0.06888812941444519,19,7
2021-10-01,New York,0.04769345238095238,16,7
2021-10-01,Philadelphia,0.03142361111111111,16,7
2021-10-01,Richmond,0.026455026455026454,18,7
2021-10-01,San Francisco,0.009672619047619048,16,7
2021-10-01,St. Louis,0.05599647266313933,18,7
2022-01-01,Atlanta,0.03,20,7
2022-01-01,Boston,0.029513888888888888,16,7
2022-01-01,Chicago,0.022222222222222223,18,7
2022-01-01,Cleveland,0.01627384960718294,18,7
2022-01-01,Dallas,0.040479797979797984,20,7
2022-01-01,Kansas City,0.04466490299823633,18,7
2022-01-01,Minneapolis,0.048987854251012146,19,7
2022-01-01,New York,0.02703373015873016,16,7
2022-01-01,Philadelphia,0.03211805555555555,16,7
2022-01-01,Richmond,0.0445183901066254,18,7
2022-01-01,San Francisco,0.04469696969696969,16,7
2022-01-01,St. Louis,0.03072853072853073,18,7
2022-04-01,Atlanta,0.03208333333333333,20,7
2022-04-01,Boston,0.049107142857142856,16,7
2022-04-01,Chicago,0.029166666666666667,18,7
2022-04-01,Cleveland,0.03169515669515669,18,7
2022-04-01,Dallas,0.04791666666666667,20,7
2022-04-01,Kansas City,0.025,18,7
2022-04-01,Minneapolis,0.018353174603174604,18,7
2022-04-01,New York,0.017565359477124183,16,7
2022-04-01,Philadelphia,0.03293876262626263,16,7
2022-04-01,Richmond,0.008547008547008548,18,7
2022-04-01,San Francisco,0.011931818181818182,16,7
2022-04-01,St. Louis,0.032539682539682535,18,7
2022-07-01,Atlanta,0.005,20,7
2022-07-01,Boston,0.053131764069264065,16,7
2022-07-01,Chicago,0.045238095238095244,19,7
2022-07-01,Cleveland,0.027314814814814816,18,7
2022-07-01,Dallas,0.0362279255136398,21,7
2022-07-01,Kansas City,0.0354066985645933,19,7
2022-07-01,Minneapolis,0.033316245158350424,19,7
2022-07-01,New York,0.028877005347593583,17,7
2022-07-01,Philadelphia,0.049225774225774226,16,7
2022-07-01,Richmond,0.0606060606060606,18,7
2022-07-01,San Francisco,0.05393985099867453,17,7
2022-07-01,St. Louis,0.023368606701940034,18,7
2022-10-01,Atlanta,0.023392857142857142,20,7
2022-10-01,Boston,0.07237554112554112,16,7
2022-10-01,Chicago,0.062142857142857146,20,7
2022-10-01,Cleveland,0.020833333333333332,18,7
2022-10-01,Dallas,0.054496261314443135,22,7
2022-10-01,Kansas City,0.03926767676767677,20,7
2022-10-01,Minneapolis,0.04814814814814815,18,7
2022-10-01,New York,0.0477920227920228,18,7
2022-10-01,Philadelphia,0.06139520202020202,16,7
2022-10-01,Richmond,0.03077801827801828,18,7
2022-10-01,San Francisco,0.0332010582010582,18,7
2022-10-01,St. Louis,0.025332691999358663,18,7
2023-01-01,Atlanta,0.026726190476190476,20,7
2023-01-01,Boston,0.0594017094017094,15,7
2023-01-01,Chicago,0.03261904761904762,20,7
2023-01-01,Cleveland,0.04351851851851852,18,7
2023-01-01,Dallas,0.052958152958152954,22,7
2023-01-01,Kansas City,0.05555555555555556,20,7
2023-01-01,Minneapolis,0.03656841524488583,18,7
2023-01-01,New York,0.04400059243970492,18,7
2023-01-01,Philadelphia,0.01461038961038961,16,7
2023-01-01,Richmond,0.043691493691493694,18,7
2023-01-01,San Francisco,0.07214452214452215,18,7
2023-01-01,St. Louis,0.032034632034632034,18,7
2023-04-01,Atlanta,0.030952380952380953,10,7
2023-04-01,Boston,0.046875,8,7
2023-04-01,Chicago,0.03333333333333333,10,7
2023-04-01,Cleveland,0.05291005291005291,9,7
2023-04-01,Dallas,0.08138528138528138,11,7
2023-04-01,Kansas City,0.08944444444444444,10,7
2023-04-01,Minneapolis,0.05622895622895623,9,7
2023-04-01,New York,0.04398148148148148,9,7
2023-04-01,Philadelphia,0.03125,8,7
2023-04-01,Richmond,0.06481481481481481,9,7
2023-04-01,San Francisco,0.012345679012345678,9,7
2023-04-01,St. Louis,0.036111111111111115,9,7
2023-07-01,Atlanta,0.024583333333333336,20,7
2023-07-01,Boston,0.04444444444444444,16,7
2023-07-01,Chicago,0.07166666666666667,20,7
2023-07-01,Cleveland,0.03262786596119929,18,7
2023-07-01,Dallas,0.04392135642135642,22,7
2023-07-01,Kansas City,0.06194444444444445,20,7
2023-07-01,Minneapolis,0.021168305378831697,19,7
2023-07-01,New York,0.04259259259259259,18,7
2023-07-01,Philadelphia,0.04849664224664225,16,7
2023-07-01,Richmond,0.048982498982498984,18,7
2023-07-01,San Francisco,0.03880070546737213,18,7
2023-07-01,St. Louis,0.0125,18,7
2023-10-01,Atlanta,0.028055555555555556,20,7
2023-10-01,Boston,0.08824855699855699,16,7
2023-10-01,Chicago,0.03936507936507937,20,7
2023-10-01,Cleveland,0.006944444444444444,18,7
2023-10-01,Dallas,0.03295454545454546,22,7
2023-10-01,Kansas City,0.04419191919191919,20,7
2023-10-01,Minneapolis,0.058862433862433866,18,7
2023-10-01,New York,0.05777134085957615,18,7
2023-10-01,Philadelphia,0.03172348484848485,16,7
2023-10-01,Richmond,0.018518518518518517,18,7
2023-10-01,San Francisco,0.04461279461279461,18,7
2023-10-01,St. Louis,0.03417107583774251,18,7
2024-01-01,Atlanta,0.07996212121212122,20,7
2024-01-01,Boston,0.04635416666666667,16,7
2024-01-01,Chicago,0.04255952380952381,20,7
2024-01-01,Cleveland,0.020061728395061727,18,7
2024-01-01,Dallas,0.0450036075036075,22,7
2024-01-01,Kansas City,0.0740909090909091,20,7
2024-01-01,Minneapolis,0.0756974506974507,18,7
2024-01-01,New York,0.033289241622574954,18,7
2024-01-01,Philadelphia,0.05295138888888889,16,7
2024-01-01,Richmond,0.0333994708994709,18,7
2024-01-01,San Francisco,0.016778900112233444,18,7
2024-01-01,St. Louis,0.013888888888888888,18,7
2024-04-01,Atlanta,0.04557234432234432,20,7
2024-04-01,Boston,0.042336309523809526,16,7
2024-04-01,Chicago,0.0,20,7
2024-04-01,Cleveland,0.006944444444444444,18,7
2024-04-01,Dallas,0.06933621933621933,22,7
2024-04-01,Kansas City,0.04353174603174603,20,7
2024-04-01,Minneapolis,0.03756613756613757,18,7
2024-04-01,New York,0.02398989898989899,18,7
2024-04-01,Philadelphia,0.02967171717171717,16,7
2024-04-01,Richmond,0.005555555555555556,18,7
2024-04-01,San Francisco,0.023212898212898212,18,7
2024-04-01,St. Louis,0.006944444444444444,18,7
2024-07-01,Atlanta,0.027916666666666666,20,7
2024-07-01,Boston,0.0453125,16,7
2024-07-01,Chicago,0.07257326007326007,20,7
2024-07-01,Cleveland,0.0,18,7
2024-07-01,Dallas,0.034848484848484844,22,7
2024-07-01,Kansas City,0.0438510101010101,20,7
2024-07-01,Minneapolis,0.04365079365079365,18,7
2024-07-01,New York,0.03880070546737213,18,7
2024-07-01,Philadelphia,0.025111607142857144,16,7
2024-07-01,Richmond,0.017746913580246913,18,7
2024-07-01,San Francisco,0.021212121212121213,18,7
2024-07-01,St. Louis,0.011111111111111112,18,7
2024-10-01,Atlanta,0.04025974025974026,20,7
2024-10-01,Boston,0.06820436507936507,16,7
2024-10-01,Chicago,0.035416666666666666,20,7
2024-10-01,Cleveland,0.0125,18,7
2024-10-01,Dallas,0.027326839826839824,22,7
2024-10-01,Kansas City,0.057738095238095234,20,7
2024-10-01,Minneapolis,0.046236171236171235,18,7
2024-10-01,New York,0.03735888294711824,18,7
2024-10-01,Philadelphia,0.008713942307692308,16,7
2024-10-01,Richmond,0.033950617283950615,18,7
2024-10-01,San Francisco,0.0,18,7
2024-10-01,St. Louis,0.007936507936507936,18,7
2025-01-01,Atlanta,0.06224386724386725,20,7
2025-01-01,Boston,0.05225694444444444,16,7
2025-01-01,Chicago,0.04875,20,7
2025-01-01,Cleveland,0.01790123456790123,18,7
2025-01-01,Dallas,0.056998556998557,22,7
2025-01-01,Kansas City,0.07309523809523809,20,7
2025-01-01,Minneapolis,0.07684167684167684,18,7
2025-01-01,New York,0.023202614379084965,18,7
2025-01-01,Philadelphia,0.05861678004535147,14,6
2025-01-01,Richmond,0.06464245630912296,18,7
2025-01-01,San Francisco,0.020370370370370372,18,7
2025-01-01,St. Louis,0.010101010101010102,18,7
2025-04-01,Atlanta,0.05208333333333333,20,7
2025-04-01,Boston,0.08038194444444445,16,7
2025-04-01,Chicago,0.07821428571428571,20,7
2025-04-01,Cleveland,0.05092592592592592,18,7
2025-04-01,Dallas,0.06388888888888888,22,7
2025-04-01,Kansas City,0.03214285714285714,20,7
2025-04-01,Minneapolis,0.12469135802469136,18,7
2025-04-01,New York,0.04056437389770723,18,7
2025-04-01,Philadelphia,0.09251700680272108,14,6
2025-04-01,Richmond,0.09257255090588423,18,7
2025-04-01,San Francisco,0.062235449735449734,18,7
2025-04-01,St. Louis,0.023368606701940034,18,7
2025-07-01,Atlanta,0.08122579175210755,19,7
2025-07-01,Boston,0.022664835164835164,16,7
2025-07-01,Chicago,0.0475,20,7
2025-07-01,Cleveland,0.020370370370370372,18,7
2025-07-01,Dallas,0.04329004329004329,22,7
2025-07-01,Kansas City,0.04482142857142857,20,7
2025-07-01,Minneapolis,0.06862026862026863,18,7
2025-07-01,New York,0.04898989898989899,18,7
2025-07-01,Philadelphia,0.08212868480725623,14,6
2025-07-01,Richmond,0.028860028860028857,18,7
2025-07-01,San Francisco,0.050865800865800864,18,7
2025-07-01,St. Louis,0.03258038258038258,18,7
2025-10-01,Atlanta,0.04188186813186813,20,7
2025-10-01,Boston,0.08168449197860962,17,7
2025-10-01,Chicago,0.043611111111111114,20,7
2025-10-01,Cleveland,0.035101010101010105,18,7
2025-10-01,Dallas,0.04356060606060606,22,7
2025-10-01,Kansas City,0.14476190476190476,20,7
2025-10-01,Minneapolis,0.11574074074074076,18,7
2025-10-01,New York,0.04297785547785548,18,7
2025-10-01,Philadelphia,0.04840397697540555,14,6
2025-10-01,Richmond,0.04971941638608305,18,7
2025-10-01,San Francisco,0.023148148148148147,18,7
2025-10-01,St. Louis,0.0,18,7
