scenario,estimator,draws,left,right,covariance,exact_demeaned_covariance
published_fitted,empirical_mc,399,"cov(gdp_growth,gdp_growth;lag=0)","cov(gdp_growth,gdp_growth;lag=0)",0.013867253347344694,0.013028774572850354
published_fitted,empirical_mc,399,"cov(gdp_growth,gdp_growth;lag=0)","cov(gdp_growth,infl;lag=0)",-0.00298694803153706,-0.00264585746506705
published_fitted,empirical_mc,399,"cov(gdp_growth,gdp_growth;lag=0)","cov(gdp_growth,ffr;lag=0)",-0.002997788234757524,-0.003109460029917106
published_fitted,empirical_mc,399,"cov(gdp_growth,gdp_growth;lag=0)","cov(infl,infl;lag=0)",0.001495672435518898,0.0014608351664377284
published_fitted,empirical_mc,399,"cov(gdp_growth,gdp_growth;lag=0)","cov(infl,ffr;lag=0)",0.001099322442377882,0.0013963340943596836
published_fitted,empirical_mc,399,"cov(gdp_growth,gdp_growth;lag=0)","cov(ffr,ffr;lag=0)",0.0009444657111961859,0.0014730883886658888
published_fitted,empirical_mc,399,"cov(gdp_growth,gdp_growth;lag=0)","cov(gdp_growth,gdp_growth;lag=1)",0.007123937891237522,0.007334669133283607
published_fitted,empirical_mc,399,"cov(gdp_growth,gdp_growth;lag=0)","cov(infl,infl;lag=1)",0.0014723846300719195,0.0014295861611676006
published_fitted,empirical_mc,399,"cov(gdp_growth,gdp_growth;lag=0)","cov(ffr,ffr;lag=1)",0.000872823887652708,0.0014202007577167272
published_fitted,empirical_mc,399,"cov(gdp_growth,gdp_growth;lag=0)","cov(gdp_growth,gdp_growth;lag=2)",0.0051151470942230794,0.005058399921060319
published_fitted,empirical_mc,399,"cov(gdp_growth,gdp_growth;lag=0)","cov(infl,infl;lag=2)",0.0013533801690685861,0.0013369536651910415
published_fitted,empirical_mc,399,"cov(gdp_growth,gdp_growth;lag=0)","cov(ffr,ffr;lag=2)",0.0007409068876502815,0.0012760870389689025
published_fitted,empirical_mc,399,"cov(gdp_growth,gdp_growth;lag=0)","cov(gdp_growth,gdp_growth;lag=4)",0.0029744763243770705,0.002064148725499075
published_fitted,empirical_mc,399,"cov(gdp_growth,gdp_growth;lag=0)","cov(infl,infl;lag=4)",0.001017342182694634,0.001034112181503827
published_fitted,empirical_mc,399,"cov(gdp_growth,gdp_growth;lag=0)","cov(ffr,ffr;lag=4)",0.00039281686614933014,0.0008544942995024402
published_fitted,empirical_mc,399,"cov(gdp_growth,infl;lag=0)","cov(gdp_growth,gdp_growth;lag=0)",-0.00298694803153706,-0.00264585746506705
published_fitted,empirical_mc,399,"cov(gdp_growth,infl;lag=0)","cov(gdp_growth,infl;lag=0)",0.002886433447807364,0.003025043253234486
published_fitted,empirical_mc,399,"cov(gdp_growth,infl;lag=0)","cov(gdp_growth,ffr;lag=0)",0.001978311702813445,0.0020288111635148377
published_fitted,empirical_mc,399,"cov(gdp_growth,infl;lag=0)","cov(infl,infl;lag=0)",-0.0020053970145707785,-0.0020972569489926874
published_fitted,empirical_mc,399,"cov(gdp_growth,infl;lag=0)","cov(infl,ffr;lag=0)",-0.0014583068585967101,-0.0016644249052038906
published_fitted,empirical_mc,399,"cov(gdp_growth,infl;lag=0)","cov(ffr,ffr;lag=0)",-0.0010658736336027115,-0.0012732389471723459
published_fitted,empirical_mc,399,"cov(gdp_growth,infl;lag=0)","cov(gdp_growth,gdp_growth;lag=1)",-0.002453421760100998,-0.0025201649891501256
published_fitted,empirical_mc,399,"cov(gdp_growth,infl;lag=0)","cov(infl,infl;lag=1)",-0.0019643823687893885,-0.0020615781164216138
published_fitted,empirical_mc,399,"cov(gdp_growth,infl;lag=0)","cov(ffr,ffr;lag=1)",-0.001043895499877118,-0.001255698206013518
published_fitted,empirical_mc,399,"cov(gdp_growth,infl;lag=0)","cov(gdp_growth,gdp_growth;lag=2)",-0.002326717397140165,-0.00226181191667181
published_fitted,empirical_mc,399,"cov(gdp_growth,infl;lag=0)","cov(infl,infl;lag=2)",-0.0018531068878143583,-0.0019620542599512046
published_fitted,empirical_mc,399,"cov(gdp_growth,infl;lag=0)","cov(ffr,ffr;lag=2)",-0.0010019317804948699,-0.0012033963772193226
published_fitted,empirical_mc,399,"cov(gdp_growth,infl;lag=0)","cov(gdp_growth,gdp_growth;lag=4)",-0.0017134337057263267,-0.0015409565706004033
published_fitted,empirical_mc,399,"cov(gdp_growth,infl;lag=0)","cov(infl,infl;lag=4)",-0.0015095358784296927,-0.0016250981233629626
published_fitted,empirical_mc,399,"cov(gdp_growth,infl;lag=0)","cov(ffr,ffr;lag=4)",-0.0008266758787244059,-0.0010087984558681022
published_fitted,empirical_mc,399,"cov(gdp_growth,ffr;lag=0)","cov(gdp_growth,gdp_growth;lag=0)",-0.002997788234757524,-0.003109460029917106
published_fitted,empirical_mc,399,"cov(gdp_growth,ffr;lag=0)","cov(gdp_growth,infl;lag=0)",0.001978311702813445,0.0020288111635148377
published_fitted,empirical_mc,399,"cov(gdp_growth,ffr;lag=0)","cov(gdp_growth,ffr;lag=0)",0.003346364026230638,0.0034877975077354136
published_fitted,empirical_mc,399,"cov(gdp_growth,ffr;lag=0)","cov(infl,infl;lag=0)",-0.00149357357578195,-0.0015675910940564804
published_fitted,empirical_mc,399,"cov(gdp_growth,ffr;lag=0)","cov(infl,ffr;lag=0)",-0.0016432866430598919,-0.001862880212652597
published_fitted,empirical_mc,399,"cov(gdp_growth,ffr;lag=0)","cov(ffr,ffr;lag=0)",-0.001954348473496467,-0.0022438379024448145
published_fitted,empirical_mc,399,"cov(gdp_growth,ffr;lag=0)","cov(gdp_growth,gdp_growth;lag=1)",-0.0026325564688787625,-0.0029368697734576525
published_fitted,empirical_mc,399,"cov(gdp_growth,ffr;lag=0)","cov(infl,infl;lag=1)",-0.0014611674109301057,-0.0015380958144938575
published_fitted,empirical_mc,399,"cov(gdp_growth,ffr;lag=0)","cov(ffr,ffr;lag=1)",-0.0018845557861957808,-0.002183602951444094
published_fitted,empirical_mc,399,"cov(gdp_growth,ffr;lag=0)","cov(gdp_growth,gdp_growth;lag=2)",-0.0022736030877911814,-0.002435871548172121
published_fitted,empirical_mc,399,"cov(gdp_growth,ffr;lag=0)","cov(infl,infl;lag=2)",-0.0013786031757529037,-0.0014522764232213746
published_fitted,empirical_mc,399,"cov(gdp_growth,ffr;lag=0)","cov(ffr,ffr;lag=2)",-0.0017439124022001604,-0.002013318431029413
published_fitted,empirical_mc,399,"cov(gdp_growth,ffr;lag=0)","cov(gdp_growth,gdp_growth;lag=4)",-0.0015764080198816966,-0.001302849762705517
published_fitted,empirical_mc,399,"cov(gdp_growth,ffr;lag=0)","cov(infl,infl;lag=4)",-0.001158917323222259,-0.0011624036218891587
published_fitted,empirical_mc,399,"cov(gdp_growth,ffr;lag=0)","cov(ffr,ffr;lag=4)",-0.0012414834883822227,-0.0014810315584405204
published_fitted,empirical_mc,399,"cov(infl,infl;lag=0)","cov(gdp_growth,gdp_growth;lag=0)",0.001495672435518898,0.0014608351664377284
published_fitted,empirical_mc,399,"cov(infl,infl;lag=0)","cov(gdp_growth,infl;lag=0)",-0.0020053970145707785,-0.0020972569489926874
published_fitted,empirical_mc,399,"cov(infl,infl;lag=0)","cov(gdp_growth,ffr;lag=0)",-0.00149357357578195,-0.0015675910940564804
published_fitted,empirical_mc,399,"cov(infl,infl;lag=0)","cov(infl,infl;lag=0)",0.005301736957685943,0.005441310117069449
published_fitted,empirical_mc,399,"cov(infl,infl;lag=0)","cov(infl,ffr;lag=0)",0.003889233272438314,0.0041106817955961885
published_fitted,empirical_mc,399,"cov(infl,infl;lag=0)","cov(ffr,ffr;lag=0)",0.0033144961247160228,0.0035562845185744527
published_fitted,empirical_mc,399,"cov(infl,infl;lag=0)","cov(gdp_growth,gdp_growth;lag=1)",0.0018018398806071488,0.0014227691016246223
published_fitted,empirical_mc,399,"cov(infl,infl;lag=0)","cov(infl,infl;lag=1)",0.005221960971709315,0.0053495329112534205
published_fitted,empirical_mc,399,"cov(infl,infl;lag=0)","cov(ffr,ffr;lag=1)",0.0032987016828399966,0.0035165407156084612
published_fitted,empirical_mc,399,"cov(infl,infl;lag=0)","cov(gdp_growth,gdp_growth;lag=2)",0.0015546794445189833,0.0013245389784086127
published_fitted,empirical_mc,399,"cov(infl,infl;lag=0)","cov(infl,infl;lag=2)",0.0050211603082375615,0.005145511417661571
published_fitted,empirical_mc,399,"cov(infl,infl;lag=0)","cov(ffr,ffr;lag=2)",0.003262476632649856,0.0034216309311200124
published_fitted,empirical_mc,399,"cov(infl,infl;lag=0)","cov(gdp_growth,gdp_growth;lag=4)",0.0012843076432196606,0.001015820599294119
published_fitted,empirical_mc,399,"cov(infl,infl;lag=0)","cov(infl,infl;lag=4)",0.004497771135551032,0.004540216094582066
published_fitted,empirical_mc,399,"cov(infl,infl;lag=0)","cov(ffr,ffr;lag=4)",0.0030667567487801146,0.0031085643160323586
published_fitted,empirical_mc,399,"cov(infl,ffr;lag=0)","cov(gdp_growth,gdp_growth;lag=0)",0.001099322442377882,0.0013963340943596836
published_fitted,empirical_mc,399,"cov(infl,ffr;lag=0)","cov(gdp_growth,infl;lag=0)",-0.0014583068585967101,-0.0016644249052038906
published_fitted,empirical_mc,399,"cov(infl,ffr;lag=0)","cov(gdp_growth,ffr;lag=0)",-0.0016432866430598919,-0.001862880212652597
published_fitted,empirical_mc,399,"cov(infl,ffr;lag=0)","cov(infl,infl;lag=0)",0.003889233272438314,0.0041106817955961885
published_fitted,empirical_mc,399,"cov(infl,ffr;lag=0)","cov(infl,ffr;lag=0)",0.004266447990011212,0.004577558377362296
published_fitted,empirical_mc,399,"cov(infl,ffr;lag=0)","cov(ffr,ffr;lag=0)",0.004450456083696786,0.00478457306802756
published_fitted,empirical_mc,399,"cov(infl,ffr;lag=0)","cov(gdp_growth,gdp_growth;lag=1)",0.0013203338216280715,0.0013532452005242557
published_fitted,empirical_mc,399,"cov(infl,ffr;lag=0)","cov(infl,infl;lag=1)",0.0038796481964708082,0.004076911941793658
published_fitted,empirical_mc,399,"cov(infl,ffr;lag=0)","cov(ffr,ffr;lag=1)",0.0044399673872974705,0.004735249848764019
published_fitted,empirical_mc,399,"cov(infl,ffr;lag=0)","cov(gdp_growth,gdp_growth;lag=2)",0.001236036638363505,0.0012416685748001485
published_fitted,empirical_mc,399,"cov(infl,ffr;lag=0)","cov(infl,infl;lag=2)",0.003802667449864324,0.003977280229276406
published_fitted,empirical_mc,399,"cov(infl,ffr;lag=0)","cov(ffr,ffr;lag=2)",0.004404341419636258,0.004609686301730878
published_fitted,empirical_mc,399,"cov(infl,ffr;lag=0)","cov(gdp_growth,gdp_growth;lag=4)",0.0010685867182557889,0.0009038016986507184
published_fitted,empirical_mc,399,"cov(infl,ffr;lag=0)","cov(infl,infl;lag=4)",0.003592554317156759,0.003630924313645849
published_fitted,empirical_mc,399,"cov(infl,ffr;lag=0)","cov(ffr,ffr;lag=4)",0.004132789221528985,0.004188425699857833
published_fitted,empirical_mc,399,"cov(ffr,ffr;lag=0)","cov(gdp_growth,gdp_growth;lag=0)",0.0009444657111961859,0.0014730883886658888
published_fitted,empirical_mc,399,"cov(ffr,ffr;lag=0)","cov(gdp_growth,infl;lag=0)",-0.0010658736336027115,-0.0012732389471723459
published_fitted,empirical_mc,399,"cov(ffr,ffr;lag=0)","cov(gdp_growth,ffr;lag=0)",-0.001954348473496467,-0.0022438379024448145
published_fitted,empirical_mc,399,"cov(ffr,ffr;lag=0)","cov(infl,infl;lag=0)",0.0033144961247160228,0.0035562845185744527
published_fitted,empirical_mc,399,"cov(ffr,ffr;lag=0)","cov(infl,ffr;lag=0)",0.004450456083696786,0.00478457306802756
published_fitted,empirical_mc,399,"cov(ffr,ffr;lag=0)","cov(ffr,ffr;lag=0)",0.006663053626339919,0.007334440308206136
published_fitted,empirical_mc,399,"cov(ffr,ffr;lag=0)","cov(gdp_growth,gdp_growth;lag=1)",0.0012981643781428507,0.001414991214487825
published_fitted,empirical_mc,399,"cov(ffr,ffr;lag=0)","cov(infl,infl;lag=1)",0.0033259226539895425,0.003534627544520585
published_fitted,empirical_mc,399,"cov(ffr,ffr;lag=0)","cov(ffr,ffr;lag=1)",0.006604136942475055,0.007235076114368956
published_fitted,empirical_mc,399,"cov(ffr,ffr;lag=0)","cov(gdp_growth,gdp_growth;lag=2)",0.0011627614951595306,0.001267083640742862
published_fitted,empirical_mc,399,"cov(ffr,ffr;lag=0)","cov(infl,infl;lag=2)",0.003265226019422846,0.0034566064183452895
published_fitted,empirical_mc,399,"cov(ffr,ffr;lag=0)","cov(ffr,ffr;lag=2)",0.0064405694956038975,0.006974920292170881
published_fitted,empirical_mc,399,"cov(ffr,ffr;lag=0)","cov(gdp_growth,gdp_growth;lag=4)",0.0009662509597957249,0.000841876550071327
published_fitted,empirical_mc,399,"cov(ffr,ffr;lag=0)","cov(infl,infl;lag=4)",0.003136205614830149,0.0031717363337356516
published_fitted,empirical_mc,399,"cov(ffr,ffr;lag=0)","cov(ffr,ffr;lag=4)",0.005802024158688896,0.006157044571136816
published_fitted,empirical_mc,399,"cov(gdp_growth,gdp_growth;lag=1)","cov(gdp_growth,gdp_growth;lag=0)",0.007123937891237522,0.007334669133283607
published_fitted,empirical_mc,399,"cov(gdp_growth,gdp_growth;lag=1)","cov(gdp_growth,infl;lag=0)",-0.002453421760100998,-0.0025201649891501256
published_fitted,empirical_mc,399,"cov(gdp_growth,gdp_growth;lag=1)","cov(gdp_growth,ffr;lag=0)",-0.0026325564688787625,-0.0029368697734576525
published_fitted,empirical_mc,399,"cov(gdp_growth,gdp_growth;lag=1)","cov(infl,infl;lag=0)",0.0018018398806071488,0.0014227691016246223
published_fitted,empirical_mc,399,"cov(gdp_growth,gdp_growth;lag=1)","cov(infl,ffr;lag=0)",0.0013203338216280715,0.0013532452005242557
published_fitted,empirical_mc,399,"cov(gdp_growth,gdp_growth;lag=1)","cov(ffr,ffr;lag=0)",0.0012981643781428507,0.001414991214487825
published_fitted,empirical_mc,399,"cov(gdp_growth,gdp_growth;lag=1)","cov(gdp_growth,gdp_growth;lag=1)",0.007723307184998622,0.009045997769456802
published_fitted,empirical_mc,399,"cov(gdp_growth,gdp_growth;lag=1)","cov(infl,infl;lag=1)",0.0017524930329900375,0.001396143413807661
published_fitted,empirical_mc,399,"cov(gdp_growth,gdp_growth;lag=1)","cov(ffr,ffr;lag=1)",0.001255271393704321,0.0013728969780977792
published_fitted,empirical_mc,399,"cov(gdp_growth,gdp_growth;lag=1)","cov(gdp_growth,gdp_growth;lag=2)",0.004897011738431202,0.005366729830475161
published_fitted,empirical_mc,399,"cov(gdp_growth,gdp_growth;lag=1)","cov(infl,infl;lag=2)",0.001627166083550917,0.0013125170916512242
published_fitted,empirical_mc,399,"cov(gdp_growth,gdp_growth;lag=1)","cov(ffr,ffr;lag=2)",0.0011550703378826,0.001247603113742273
published_fitted,empirical_mc,399,"cov(gdp_growth,gdp_growth;lag=1)","cov(gdp_growth,gdp_growth;lag=4)",0.0024974254763389494,0.002197681076931467
published_fitted,empirical_mc,399,"cov(gdp_growth,gdp_growth;lag=1)","cov(infl,infl;lag=4)",0.001213960602727545,0.001026458855808862
published_fitted,empirical_mc,399,"cov(gdp_growth,gdp_growth;lag=1)","cov(ffr,ffr;lag=4)",0.0008101296750386712,0.0008536973937599034
published_fitted,empirical_mc,399,"cov(infl,infl;lag=1)","cov(gdp_growth,gdp_growth;lag=0)",0.0014723846300719195,0.0014295861611676006
published_fitted,empirical_mc,399,"cov(infl,infl;lag=1)","cov(gdp_growth,infl;lag=0)",-0.0019643823687893885,-0.0020615781164216138
published_fitted,empirical_mc,399,"cov(infl,infl;lag=1)","cov(gdp_growth,ffr;lag=0)",-0.0014611674109301057,-0.0015380958144938575
published_fitted,empirical_mc,399,"cov(infl,infl;lag=1)","cov(infl,infl;lag=0)",0.005221960971709315,0.0053495329112534205
published_fitted,empirical_mc,399,"cov(infl,infl;lag=1)","cov(infl,ffr;lag=0)",0.0038796481964708082,0.004076911941793658
published_fitted,empirical_mc,399,"cov(infl,infl;lag=1)","cov(ffr,ffr;lag=0)",0.0033259226539895425,0.003534627544520585
published_fitted,empirical_mc,399,"cov(infl,infl;lag=1)","cov(gdp_growth,gdp_growth;lag=1)",0.0017524930329900375,0.001396143413807661
published_fitted,empirical_mc,399,"cov(infl,infl;lag=1)","cov(infl,infl;lag=1)",0.005179452883967044,0.005295485677578357
published_fitted,empirical_mc,399,"cov(infl,infl;lag=1)","cov(ffr,ffr;lag=1)",0.0033119356924007142,0.0034985097396980753
published_fitted,empirical_mc,399,"cov(infl,infl;lag=1)","cov(gdp_growth,gdp_growth;lag=2)",0.0015605711558188207,0.0013063120116997306
published_fitted,empirical_mc,399,"cov(infl,infl;lag=1)","cov(infl,infl;lag=2)",0.004998639979069689,0.005111897624636785
published_fitted,empirical_mc,399,"cov(infl,infl;lag=1)","cov(ffr,ffr;lag=2)",0.0032785152283368465,0.00340925497903821
published_fitted,empirical_mc,399,"cov(infl,infl;lag=1)","cov(gdp_growth,gdp_growth;lag=4)",0.0012459226767776825,0.0010125286679699811
published_fitted,empirical_mc,399,"cov(infl,infl;lag=1)","cov(infl,infl;lag=4)",0.004503335208489476,0.004533272062607682
published_fitted,empirical_mc,399,"cov(infl,infl;lag=1)","cov(ffr,ffr;lag=4)",0.0030915595073139775,0.003108056861566371
published_fitted,empirical_mc,399,"cov(ffr,ffr;lag=1)","cov(gdp_growth,gdp_growth;lag=0)",0.000872823887652708,0.0014202007577167272
published_fitted,empirical_mc,399,"cov(ffr,ffr;lag=1)","cov(gdp_growth,infl;lag=0)",-0.001043895499877118,-0.001255698206013518
published_fitted,empirical_mc,399,"cov(ffr,ffr;lag=1)","cov(gdp_growth,ffr;lag=0)",-0.0018845557861957808,-0.002183602951444094
published_fitted,empirical_mc,399,"cov(ffr,ffr;lag=1)","cov(infl,infl;lag=0)",0.0032987016828399966,0.0035165407156084612
published_fitted,empirical_mc,399,"cov(ffr,ffr;lag=1)","cov(infl,ffr;lag=0)",0.0044399673872974705,0.004735249848764019
published_fitted,empirical_mc,399,"cov(ffr,ffr;lag=1)","cov(ffr,ffr;lag=0)",0.006604136942475055,0.007235076114368956
published_fitted,empirical_mc,399,"cov(ffr,ffr;lag=1)","cov(gdp_growth,gdp_growth;lag=1)",0.001255271393704321,0.0013728969780977792
published_fitted,empirical_mc,399,"cov(ffr,ffr;lag=1)","cov(infl,infl;lag=1)",0.0033119356924007142,0.0034985097396980753
published_fitted,empirical_mc,399,"cov(ffr,ffr;lag=1)","cov(ffr,ffr;lag=1)",0.006565529582221797,0.00715753831963624
published_fitted,empirical_mc,399,"cov(ffr,ffr;lag=1)","cov(gdp_growth,gdp_growth;lag=2)",0.0011469323486216002,0.0012430331630586427
published_fitted,empirical_mc,399,"cov(ffr,ffr;lag=1)","cov(infl,infl;lag=2)",0.003256203970741341,0.0034267780202463165
published_fitted,empirical_mc,399,"cov(ffr,ffr;lag=1)","cov(ffr,ffr;lag=2)",0.006426348142504572,0.0069237249862929345
published_fitted,empirical_mc,399,"cov(ffr,ffr;lag=1)","cov(gdp_growth,gdp_growth;lag=4)",0.0009557792808419179,0.0008439716629831526
published_fitted,empirical_mc,399,"cov(ffr,ffr;lag=1)","cov(infl,infl;lag=4)",0.003136540157977441,0.0031558499431589967
published_fitted,empirical_mc,399,"cov(ffr,ffr;lag=1)","cov(ffr,ffr;lag=4)",0.0058293850010364846,0.006146420434377268
published_fitted,empirical_mc,399,"cov(gdp_growth,gdp_growth;lag=2)","cov(gdp_growth,gdp_growth;lag=0)",0.0051151470942230794,0.005058399921060319
published_fitted,empirical_mc,399,"cov(gdp_growth,gdp_growth;lag=2)","cov(gdp_growth,infl;lag=0)",-0.002326717397140165,-0.00226181191667181
published_fitted,empirical_mc,399,"cov(gdp_growth,gdp_growth;lag=2)","cov(gdp_growth,ffr;lag=0)",-0.0022736030877911814,-0.002435871548172121
published_fitted,empirical_mc,399,"cov(gdp_growth,gdp_growth;lag=2)","cov(infl,infl;lag=0)",0.0015546794445189833,0.0013245389784086127
published_fitted,empirical_mc,399,"cov(gdp_growth,gdp_growth;lag=2)","cov(infl,ffr;lag=0)",0.001236036638363505,0.0012416685748001485
published_fitted,empirical_mc,399,"cov(gdp_growth,gdp_growth;lag=2)","cov(ffr,ffr;lag=0)",0.0011627614951595306,0.001267083640742862
published_fitted,empirical_mc,399,"cov(gdp_growth,gdp_growth;lag=2)","cov(gdp_growth,gdp_growth;lag=1)",0.004897011738431202,0.005366729830475161
published_fitted,empirical_mc,399,"cov(gdp_growth,gdp_growth;lag=2)","cov(infl,infl;lag=1)",0.0015605711558188207,0.0013063120116997306
published_fitted,empirical_mc,399,"cov(gdp_growth,gdp_growth;lag=2)","cov(ffr,ffr;lag=1)",0.0011469323486216002,0.0012430331630586427
published_fitted,empirical_mc,399,"cov(gdp_growth,gdp_growth;lag=2)","cov(gdp_growth,gdp_growth;lag=2)",0.007788601988403659,0.007549537000253958
published_fitted,empirical_mc,399,"cov(gdp_growth,gdp_growth;lag=2)","cov(infl,infl;lag=2)",0.0015051664983099689,0.0012438942905639544
published_fitted,empirical_mc,399,"cov(gdp_growth,gdp_growth;lag=2)","cov(ffr,ffr;lag=2)",0.0010840911806058351,0.0011617792867413459
published_fitted,empirical_mc,399,"cov(gdp_growth,gdp_growth;lag=2)","cov(gdp_growth,gdp_growth;lag=4)",0.002986763585151143,0.0026121033084231964
published_fitted,empirical_mc,399,"cov(gdp_growth,gdp_growth;lag=2)","cov(infl,infl;lag=4)",0.0012761478696375224,0.0010042774685056696
published_fitted,empirical_mc,399,"cov(gdp_growth,gdp_growth;lag=2)","cov(ffr,ffr;lag=4)",0.0008218121821746746,0.0008482196734342372
published_fitted,empirical_mc,399,"cov(infl,infl;lag=2)","cov(gdp_growth,gdp_growth;lag=0)",0.0013533801690685861,0.0013369536651910415
published_fitted,empirical_mc,399,"cov(infl,infl;lag=2)","cov(gdp_growth,infl;lag=0)",-0.0018531068878143583,-0.0019620542599512046
published_fitted,empirical_mc,399,"cov(infl,infl;lag=2)","cov(gdp_growth,ffr;lag=0)",-0.0013786031757529037,-0.0014522764232213746
published_fitted,empirical_mc,399,"cov(infl,infl;lag=2)","cov(infl,infl;lag=0)",0.0050211603082375615,0.005145511417661571
published_fitted,empirical_mc,399,"cov(infl,infl;lag=2)","cov(infl,ffr;lag=0)",0.003802667449864324,0.003977280229276406
published_fitted,empirical_mc,399,"cov(infl,infl;lag=2)","cov(ffr,ffr;lag=0)",0.003265226019422846,0.0034566064183452895
published_fitted,empirical_mc,399,"cov(infl,infl;lag=2)","cov(gdp_growth,gdp_growth;lag=1)",0.001627166083550917,0.0013125170916512242
published_fitted,empirical_mc,399,"cov(infl,infl;lag=2)","cov(infl,infl;lag=1)",0.004998639979069689,0.005111897624636785
published_fitted,empirical_mc,399,"cov(infl,infl;lag=2)","cov(ffr,ffr;lag=1)",0.003256203970741341,0.0034267780202463165
published_fitted,empirical_mc,399,"cov(infl,infl;lag=2)","cov(gdp_growth,gdp_growth;lag=2)",0.0015051664983099689,0.0012438942905639544
published_fitted,empirical_mc,399,"cov(infl,infl;lag=2)","cov(infl,infl;lag=2)",0.004884782059835934,0.004997223362605624
published_fitted,empirical_mc,399,"cov(infl,infl;lag=2)","cov(ffr,ffr;lag=2)",0.0032356320462620307,0.0033514715106109094
published_fitted,empirical_mc,399,"cov(infl,infl;lag=2)","cov(gdp_growth,gdp_growth;lag=4)",0.0011983602921390682,0.0009949804912877792
published_fitted,empirical_mc,399,"cov(infl,infl;lag=2)","cov(infl,infl;lag=4)",0.004475447380565012,0.004496635062425122
published_fitted,empirical_mc,399,"cov(infl,infl;lag=2)","cov(ffr,ffr;lag=4)",0.003078904110876191,0.0030835772702727847
published_fitted,empirical_mc,399,"cov(ffr,ffr;lag=2)","cov(gdp_growth,gdp_growth;lag=0)",0.0007409068876502815,0.0012760870389689025
published_fitted,empirical_mc,399,"cov(ffr,ffr;lag=2)","cov(gdp_growth,infl;lag=0)",-0.0010019317804948699,-0.0012033963772193226
published_fitted,empirical_mc,399,"cov(ffr,ffr;lag=2)","cov(gdp_growth,ffr;lag=0)",-0.0017439124022001604,-0.002013318431029413
published_fitted,empirical_mc,399,"cov(ffr,ffr;lag=2)","cov(infl,infl;lag=0)",0.003262476632649856,0.0034216309311200124
published_fitted,empirical_mc,399,"cov(ffr,ffr;lag=2)","cov(infl,ffr;lag=0)",0.004404341419636258,0.004609686301730878
published_fitted,empirical_mc,399,"cov(ffr,ffr;lag=2)","cov(ffr,ffr;lag=0)",0.0064405694956038975,0.006974920292170881
published_fitted,empirical_mc,399,"cov(ffr,ffr;lag=2)","cov(gdp_growth,gdp_growth;lag=1)",0.0011550703378826,0.001247603113742273
published_fitted,empirical_mc,399,"cov(ffr,ffr;lag=2)","cov(infl,infl;lag=1)",0.0032785152283368465,0.00340925497903821
published_fitted,empirical_mc,399,"cov(ffr,ffr;lag=2)","cov(ffr,ffr;lag=1)",0.006426348142504572,0.0069237249862929345
published_fitted,empirical_mc,399,"cov(ffr,ffr;lag=2)","cov(gdp_growth,gdp_growth;lag=2)",0.0010840911806058351,0.0011617792867413459
published_fitted,empirical_mc,399,"cov(ffr,ffr;lag=2)","cov(infl,infl;lag=2)",0.0032356320462620307,0.0033514715106109094
published_fitted,empirical_mc,399,"cov(ffr,ffr;lag=2)","cov(ffr,ffr;lag=2)",0.006346789072982359,0.006754797213457733
published_fitted,empirical_mc,399,"cov(ffr,ffr;lag=2)","cov(gdp_growth,gdp_growth;lag=4)",0.0009655133021400729,0.0008415084683730026
published_fitted,empirical_mc,399,"cov(ffr,ffr;lag=2)","cov(infl,infl;lag=4)",0.0031436391846133183,0.0031154849101760673
published_fitted,empirical_mc,399,"cov(ffr,ffr;lag=2)","cov(ffr,ffr;lag=4)",0.005858808232450877,0.006091720009782337
published_fitted,empirical_mc,399,"cov(gdp_growth,gdp_growth;lag=4)","cov(gdp_growth,gdp_growth;lag=0)",0.0029744763243770705,0.002064148725499075
published_fitted,empirical_mc,399,"cov(gdp_growth,gdp_growth;lag=4)","cov(gdp_growth,infl;lag=0)",-0.0017134337057263267,-0.0015409565706004033
published_fitted,empirical_mc,399,"cov(gdp_growth,gdp_growth;lag=4)","cov(gdp_growth,ffr;lag=0)",-0.0015764080198816966,-0.001302849762705517
published_fitted,empirical_mc,399,"cov(gdp_growth,gdp_growth;lag=4)","cov(infl,infl;lag=0)",0.0012843076432196606,0.001015820599294119
published_fitted,empirical_mc,399,"cov(gdp_growth,gdp_growth;lag=4)","cov(infl,ffr;lag=0)",0.0010685867182557889,0.0009038016986507184
published_fitted,empirical_mc,399,"cov(gdp_growth,gdp_growth;lag=4)","cov(ffr,ffr;lag=0)",0.0009662509597957249,0.000841876550071327
published_fitted,empirical_mc,399,"cov(gdp_growth,gdp_growth;lag=4)","cov(gdp_growth,gdp_growth;lag=1)",0.0024974254763389494,0.002197681076931467
published_fitted,empirical_mc,399,"cov(gdp_growth,gdp_growth;lag=4)","cov(infl,infl;lag=1)",0.0012459226767776825,0.0010125286679699811
published_fitted,empirical_mc,399,"cov(gdp_growth,gdp_growth;lag=4)","cov(ffr,ffr;lag=1)",0.0009557792808419179,0.0008439716629831526
published_fitted,empirical_mc,399,"cov(gdp_growth,gdp_growth;lag=4)","cov(gdp_growth,gdp_growth;lag=2)",0.002986763585151143,0.0026121033084231964
published_fitted,empirical_mc,399,"cov(gdp_growth,gdp_growth;lag=4)","cov(infl,infl;lag=2)",0.0011983602921390682,0.0009949804912877792
published_fitted,empirical_mc,399,"cov(gdp_growth,gdp_growth;lag=4)","cov(ffr,ffr;lag=2)",0.0009655133021400729,0.0008415084683730026
published_fitted,empirical_mc,399,"cov(gdp_growth,gdp_growth;lag=4)","cov(gdp_growth,gdp_growth;lag=4)",0.006217996135804495,0.006044006024268376
published_fitted,empirical_mc,399,"cov(gdp_growth,gdp_growth;lag=4)","cov(infl,infl;lag=4)",0.0010740933604121016,0.0008997334839346195
published_fitted,empirical_mc,399,"cov(gdp_growth,gdp_growth;lag=4)","cov(ffr,ffr;lag=4)",0.0009274451844809388,0.0007746323656339469
published_fitted,empirical_mc,399,"cov(infl,infl;lag=4)","cov(gdp_growth,gdp_growth;lag=0)",0.001017342182694634,0.001034112181503827
published_fitted,empirical_mc,399,"cov(infl,infl;lag=4)","cov(gdp_growth,infl;lag=0)",-0.0015095358784296927,-0.0016250981233629626
published_fitted,empirical_mc,399,"cov(infl,infl;lag=4)","cov(gdp_growth,ffr;lag=0)",-0.001158917323222259,-0.0011624036218891587
published_fitted,empirical_mc,399,"cov(infl,infl;lag=4)","cov(infl,infl;lag=0)",0.004497771135551032,0.004540216094582066
published_fitted,empirical_mc,399,"cov(infl,infl;lag=4)","cov(infl,ffr;lag=0)",0.003592554317156759,0.003630924313645849
published_fitted,empirical_mc,399,"cov(infl,infl;lag=4)","cov(ffr,ffr;lag=0)",0.003136205614830149,0.0031717363337356516
published_fitted,empirical_mc,399,"cov(infl,infl;lag=4)","cov(gdp_growth,gdp_growth;lag=1)",0.001213960602727545,0.001026458855808862
published_fitted,empirical_mc,399,"cov(infl,infl;lag=4)","cov(infl,infl;lag=1)",0.004503335208489476,0.004533272062607682
published_fitted,empirical_mc,399,"cov(infl,infl;lag=4)","cov(ffr,ffr;lag=1)",0.003136540157977441,0.0031558499431589967
published_fitted,empirical_mc,399,"cov(infl,infl;lag=4)","cov(gdp_growth,gdp_growth;lag=2)",0.0012761478696375224,0.0010042774685056696
published_fitted,empirical_mc,399,"cov(infl,infl;lag=4)","cov(infl,infl;lag=2)",0.004475447380565012,0.004496635062425122
published_fitted,empirical_mc,399,"cov(infl,infl;lag=4)","cov(ffr,ffr;lag=2)",0.0031436391846133183,0.0031154849101760673
published_fitted,empirical_mc,399,"cov(infl,infl;lag=4)","cov(gdp_growth,gdp_growth;lag=4)",0.0010740933604121016,0.0008997334839346195
published_fitted,empirical_mc,399,"cov(infl,infl;lag=4)","cov(infl,infl;lag=4)",0.00438392504991815,0.004300366378410896
published_fitted,empirical_mc,399,"cov(infl,infl;lag=4)","cov(ffr,ffr;lag=4)",0.0030793939243104907,0.0029564956130701233
published_fitted,empirical_mc,399,"cov(ffr,ffr;lag=4)","cov(gdp_growth,gdp_growth;lag=0)",0.00039281686614933014,0.0008544942995024402
published_fitted,empirical_mc,399,"cov(ffr,ffr;lag=4)","cov(gdp_growth,infl;lag=0)",-0.0008266758787244059,-0.0010087984558681022
published_fitted,empirical_mc,399,"cov(ffr,ffr;lag=4)","cov(gdp_growth,ffr;lag=0)",-0.0012414834883822227,-0.0014810315584405204
published_fitted,empirical_mc,399,"cov(ffr,ffr;lag=4)","cov(infl,infl;lag=0)",0.0030667567487801146,0.0031085643160323586
published_fitted,empirical_mc,399,"cov(ffr,ffr;lag=4)","cov(infl,ffr;lag=0)",0.004132789221528985,0.004188425699857833
published_fitted,empirical_mc,399,"cov(ffr,ffr;lag=4)","cov(ffr,ffr;lag=0)",0.005802024158688896,0.006157044571136816
published_fitted,empirical_mc,399,"cov(ffr,ffr;lag=4)","cov(gdp_growth,gdp_growth;lag=1)",0.0008101296750386712,0.0008536973937599034
published_fitted,empirical_mc,399,"cov(ffr,ffr;lag=4)","cov(infl,infl;lag=1)",0.0030915595073139775,0.003108056861566371
published_fitted,empirical_mc,399,"cov(ffr,ffr;lag=4)","cov(ffr,ffr;lag=1)",0.0058293850010364846,0.006146420434377268
published_fitted,empirical_mc,399,"cov(ffr,ffr;lag=4)","cov(gdp_growth,gdp_growth;lag=2)",0.0008218121821746746,0.0008482196734342372
published_fitted,empirical_mc,399,"cov(ffr,ffr;lag=4)","cov(infl,infl;lag=2)",0.003078904110876191,0.0030835772702727847
published_fitted,empirical_mc,399,"cov(ffr,ffr;lag=4)","cov(ffr,ffr;lag=2)",0.005858808232450877,0.006091720009782337
published_fitted,empirical_mc,399,"cov(ffr,ffr;lag=4)","cov(gdp_growth,gdp_growth;lag=4)",0.0009274451844809388,0.0007746323656339469
published_fitted,empirical_mc,399,"cov(ffr,ffr;lag=4)","cov(infl,infl;lag=4)",0.0030793939243104907,0.0029564956130701233
published_fitted,empirical_mc,399,"cov(ffr,ffr;lag=4)","cov(ffr,ffr;lag=4)",0.005752127668842667,0.005800904865448809
published_fitted,exact_known_mean,0,"cov(gdp_growth,gdp_growth;lag=0)","cov(gdp_growth,gdp_growth;lag=0)",0.01305148880209519,0.013028774572850354
published_fitted,exact_known_mean,0,"cov(gdp_growth,gdp_growth;lag=0)","cov(gdp_growth,infl;lag=0)",-0.0026577337714729873,-0.00264585746506705
published_fitted,exact_known_mean,0,"cov(gdp_growth,gdp_growth;lag=0)","cov(gdp_growth,ffr;lag=0)",-0.0031176956428565516,-0.003109460029917106
published_fitted,exact_known_mean,0,"cov(gdp_growth,gdp_growth;lag=0)","cov(infl,infl;lag=0)",0.0015301622262943746,0.0014608351664377284
published_fitted,exact_known_mean,0,"cov(gdp_growth,gdp_growth;lag=0)","cov(infl,ffr;lag=0)",0.0014695021104587486,0.0013963340943596836
published_fitted,exact_known_mean,0,"cov(gdp_growth,gdp_growth;lag=0)","cov(ffr,ffr;lag=0)",0.0015530019101506417,0.0014730883886658888
published_fitted,exact_known_mean,0,"cov(gdp_growth,gdp_growth;lag=0)","cov(gdp_growth,gdp_growth;lag=1)",0.0073568671626094385,0.007334669133283607
published_fitted,exact_known_mean,0,"cov(gdp_growth,gdp_growth;lag=0)","cov(infl,infl;lag=1)",0.0014991828082322805,0.0014295861611676006
published_fitted,exact_known_mean,0,"cov(gdp_growth,gdp_growth;lag=0)","cov(ffr,ffr;lag=1)",0.0015002285477503535,0.0014202007577167272
published_fitted,exact_known_mean,0,"cov(gdp_growth,gdp_growth;lag=0)","cov(gdp_growth,gdp_growth;lag=2)",0.005079599403899359,0.005058399921060319
published_fitted,exact_known_mean,0,"cov(gdp_growth,gdp_growth;lag=0)","cov(infl,infl;lag=2)",0.001406685883086992,0.0013369536651910415
published_fitted,exact_known_mean,0,"cov(gdp_growth,gdp_growth;lag=0)","cov(ffr,ffr;lag=2)",0.0013560731017712977,0.0012760870389689025
published_fitted,exact_known_mean,0,"cov(gdp_growth,gdp_growth;lag=0)","cov(gdp_growth,gdp_growth;lag=4)",0.0020825858199883395,0.002064148725499075
published_fitted,exact_known_mean,0,"cov(gdp_growth,gdp_growth;lag=0)","cov(infl,infl;lag=4)",0.0011037448501759577,0.001034112181503827
published_fitted,exact_known_mean,0,"cov(gdp_growth,gdp_growth;lag=0)","cov(ffr,ffr;lag=4)",0.0009340104895556512,0.0008544942995024402
published_fitted,exact_known_mean,0,"cov(gdp_growth,infl;lag=0)","cov(gdp_growth,gdp_growth;lag=0)",-0.0026577337714729873,-0.00264585746506705
published_fitted,exact_known_mean,0,"cov(gdp_growth,infl;lag=0)","cov(gdp_growth,infl;lag=0)",0.0030904120188777495,0.003025043253234486
published_fitted,exact_known_mean,0,"cov(gdp_growth,infl;lag=0)","cov(gdp_growth,ffr;lag=0)",0.0020906177144471845,0.0020288111635148377
published_fitted,exact_known_mean,0,"cov(gdp_growth,infl;lag=0)","cov(infl,infl;lag=0)",-0.002208427007116096,-0.0020972569489926874
published_fitted,exact_known_mean,0,"cov(gdp_growth,infl;lag=0)","cov(infl,ffr;lag=0)",-0.001759260424806642,-0.0016644249052038906
published_fitted,exact_known_mean,0,"cov(gdp_growth,infl;lag=0)","cov(ffr,ffr;lag=0)",-0.0013556972470511804,-0.0012732389471723459
published_fitted,exact_known_mean,0,"cov(gdp_growth,infl;lag=0)","cov(gdp_growth,gdp_growth;lag=1)",-0.00253170563178078,-0.0025201649891501256
published_fitted,exact_known_mean,0,"cov(gdp_growth,infl;lag=0)","cov(infl,infl;lag=1)",-0.00217188557654429,-0.0020615781164216138
published_fitted,exact_known_mean,0,"cov(gdp_growth,infl;lag=0)","cov(ffr,ffr;lag=1)",-0.0013368495976553718,-0.001255698206013518
published_fitted,exact_known_mean,0,"cov(gdp_growth,infl;lag=0)","cov(gdp_growth,gdp_growth;lag=2)",-0.0022728476896345853,-0.00226181191667181
published_fitted,exact_known_mean,0,"cov(gdp_growth,infl;lag=0)","cov(infl,infl;lag=2)",-0.0020711683051767914,-0.0019620542599512046
published_fitted,exact_known_mean,0,"cov(gdp_growth,infl;lag=0)","cov(ffr,ffr;lag=2)",-0.0012829026582945368,-0.0012033963772193226
published_fitted,exact_known_mean,0,"cov(gdp_growth,infl;lag=0)","cov(gdp_growth,gdp_growth;lag=4)",-0.0015506198121378488,-0.0015409565706004033
published_fitted,exact_known_mean,0,"cov(gdp_growth,infl;lag=0)","cov(infl,infl;lag=4)",-0.0017309191921712618,-0.0016250981233629626
published_fitted,exact_known_mean,0,"cov(gdp_growth,infl;lag=0)","cov(ffr,ffr;lag=4)",-0.0010842286885604344,-0.0010087984558681022
published_fitted,exact_known_mean,0,"cov(gdp_growth,ffr;lag=0)","cov(gdp_growth,gdp_growth;lag=0)",-0.0031176956428565516,-0.003109460029917106
published_fitted,exact_known_mean,0,"cov(gdp_growth,ffr;lag=0)","cov(gdp_growth,infl;lag=0)",0.0020906177144471845,0.0020288111635148377
published_fitted,exact_known_mean,0,"cov(gdp_growth,ffr;lag=0)","cov(gdp_growth,ffr;lag=0)",0.0035729246750817894,0.0034877975077354136
published_fitted,exact_known_mean,0,"cov(gdp_growth,ffr;lag=0)","cov(infl,infl;lag=0)",-0.0016266009437674563,-0.0015675910940564804
published_fitted,exact_known_mean,0,"cov(gdp_growth,ffr;lag=0)","cov(infl,ffr;lag=0)",-0.0019173323760955444,-0.001862880212652597
published_fitted,exact_known_mean,0,"cov(gdp_growth,ffr;lag=0)","cov(ffr,ffr;lag=0)",-0.002275510984073916,-0.0022438379024448145
published_fitted,exact_known_mean,0,"cov(gdp_growth,ffr;lag=0)","cov(gdp_growth,gdp_growth;lag=1)",-0.002944719469601379,-0.0029368697734576525
published_fitted,exact_known_mean,0,"cov(gdp_growth,ffr;lag=0)","cov(infl,infl;lag=1)",-0.0015959644753166784,-0.0015380958144938575
published_fitted,exact_known_mean,0,"cov(gdp_growth,ffr;lag=0)","cov(ffr,ffr;lag=1)",-0.002213676571657515,-0.002183602951444094
published_fitted,exact_known_mean,0,"cov(gdp_growth,ffr;lag=0)","cov(gdp_growth,gdp_growth;lag=2)",-0.002443133099834223,-0.002435871548172121
published_fitted,exact_known_mean,0,"cov(gdp_growth,ffr;lag=0)","cov(infl,infl;lag=2)",-0.0015087083172363436,-0.0014522764232213746
published_fitted,exact_known_mean,0,"cov(gdp_growth,ffr;lag=0)","cov(ffr,ffr;lag=2)",-0.0020413388698364994,-0.002013318431029413
published_fitted,exact_known_mean,0,"cov(gdp_growth,ffr;lag=0)","cov(gdp_growth,gdp_growth;lag=4)",-0.0013085591848095907,-0.001302849762705517
published_fitted,exact_known_mean,0,"cov(gdp_growth,ffr;lag=0)","cov(infl,infl;lag=4)",-0.00121514829512722,-0.0011624036218891587
published_fitted,exact_known_mean,0,"cov(gdp_growth,ffr;lag=0)","cov(ffr,ffr;lag=4)",-0.001503919824062223,-0.0014810315584405204
published_fitted,exact_known_mean,0,"cov(infl,infl;lag=0)","cov(gdp_growth,gdp_growth;lag=0)",0.0015301622262943746,0.0014608351664377284
published_fitted,exact_known_mean,0,"cov(infl,infl;lag=0)","cov(gdp_growth,infl;lag=0)",-0.002208427007116096,-0.0020972569489926874
published_fitted,exact_known_mean,0,"cov(infl,infl;lag=0)","cov(gdp_growth,ffr;lag=0)",-0.0016266009437674563,-0.0015675910940564804
published_fitted,exact_known_mean,0,"cov(infl,infl;lag=0)","cov(infl,infl;lag=0)",0.009528276644182754,0.005441310117069449
published_fitted,exact_known_mean,0,"cov(infl,infl;lag=0)","cov(infl,ffr;lag=0)",0.008286925277661745,0.0041106817955961885
published_fitted,exact_known_mean,0,"cov(infl,infl;lag=0)","cov(ffr,ffr;lag=0)",0.00787076339562634,0.0035562845185744527
published_fitted,exact_known_mean,0,"cov(infl,infl;lag=0)","cov(gdp_growth,gdp_growth;lag=1)",0.0014918153907366922,0.0014227691016246223
published_fitted,exact_known_mean,0,"cov(infl,infl;lag=0)","cov(infl,infl;lag=1)",0.009436173696583122,0.0053495329112534205
published_fitted,exact_known_mean,0,"cov(infl,infl;lag=0)","cov(ffr,ffr;lag=1)",0.007827930672229881,0.0035165407156084612
published_fitted,exact_known_mean,0,"cov(infl,infl;lag=0)","cov(gdp_growth,gdp_growth;lag=2)",0.0013932050754959856,0.0013245389784086127
published_fitted,exact_known_mean,0,"cov(infl,infl;lag=0)","cov(infl,infl;lag=2)",0.009230473276802207,0.005145511417661571
published_fitted,exact_known_mean,0,"cov(infl,infl;lag=0)","cov(ffr,ffr;lag=2)",0.007728887991615148,0.0034216309311200124
published_fitted,exact_known_mean,0,"cov(infl,infl;lag=0)","cov(gdp_growth,gdp_growth;lag=4)",0.0010834678494158366,0.001015820599294119
published_fitted,exact_known_mean,0,"cov(infl,infl;lag=0)","cov(infl,infl;lag=4)",0.008618241907979354,0.004540216094582066
published_fitted,exact_known_mean,0,"cov(infl,infl;lag=0)","cov(ffr,ffr;lag=4)",0.007404732662928264,0.0031085643160323586
published_fitted,exact_known_mean,0,"cov(infl,ffr;lag=0)","cov(gdp_growth,gdp_growth;lag=0)",0.0014695021104587486,0.0013963340943596836
published_fitted,exact_known_mean,0,"cov(infl,ffr;lag=0)","cov(gdp_growth,infl;lag=0)",-0.001759260424806642,-0.0016644249052038906
published_fitted,exact_known_mean,0,"cov(infl,ffr;lag=0)","cov(gdp_growth,ffr;lag=0)",-0.0019173323760955444,-0.001862880212652597
published_fitted,exact_known_mean,0,"cov(infl,ffr;lag=0)","cov(infl,infl;lag=0)",0.008286925277661745,0.0041106817955961885
published_fitted,exact_known_mean,0,"cov(infl,ffr;lag=0)","cov(infl,ffr;lag=0)",0.009337738440842043,0.004577558377362296
published_fitted,exact_known_mean,0,"cov(infl,ffr;lag=0)","cov(ffr,ffr;lag=0)",0.010199094318308274,0.00478457306802756
published_fitted,exact_known_mean,0,"cov(infl,ffr;lag=0)","cov(gdp_growth,gdp_growth;lag=1)",0.0014261736817870636,0.0013532452005242557
published_fitted,exact_known_mean,0,"cov(infl,ffr;lag=0)","cov(infl,infl;lag=1)",0.00825415097115096,0.004076911941793658
published_fitted,exact_known_mean,0,"cov(infl,ffr;lag=0)","cov(ffr,ffr;lag=1)",0.010147692659084584,0.004735249848764019
published_fitted,exact_known_mean,0,"cov(infl,ffr;lag=0)","cov(gdp_growth,gdp_growth;lag=2)",0.0013142545160320616,0.0012416685748001485
published_fitted,exact_known_mean,0,"cov(infl,ffr;lag=0)","cov(infl,infl;lag=2)",0.00815426414482663,0.003977280229276406
published_fitted,exact_known_mean,0,"cov(infl,ffr;lag=0)","cov(ffr,ffr;lag=2)",0.010018580033376292,0.004609686301730878
published_fitted,exact_known_mean,0,"cov(infl,ffr;lag=0)","cov(gdp_growth,gdp_growth;lag=4)",0.0009754515968858383,0.0009038016986507184
published_fitted,exact_known_mean,0,"cov(infl,ffr;lag=0)","cov(infl,infl;lag=4)",0.007803927434860244,0.003630924313645849
published_fitted,exact_known_mean,0,"cov(infl,ffr;lag=0)","cov(ffr,ffr;lag=4)",0.009586286851706224,0.004188425699857833
published_fitted,exact_known_mean,0,"cov(ffr,ffr;lag=0)","cov(gdp_growth,gdp_growth;lag=0)",0.0015530019101506417,0.0014730883886658888
published_fitted,exact_known_mean,0,"cov(ffr,ffr;lag=0)","cov(gdp_growth,infl;lag=0)",-0.0013556972470511804,-0.0012732389471723459
published_fitted,exact_known_mean,0,"cov(ffr,ffr;lag=0)","cov(gdp_growth,ffr;lag=0)",-0.002275510984073916,-0.0022438379024448145
published_fitted,exact_known_mean,0,"cov(ffr,ffr;lag=0)","cov(infl,infl;lag=0)",0.00787076339562634,0.0035562845185744527
published_fitted,exact_known_mean,0,"cov(ffr,ffr;lag=0)","cov(infl,ffr;lag=0)",0.010199094318308274,0.00478457306802756
published_fitted,exact_known_mean,0,"cov(ffr,ffr;lag=0)","cov(ffr,ffr;lag=0)",0.01420420216232393,0.007334440308206136
published_fitted,exact_known_mean,0,"cov(ffr,ffr;lag=0)","cov(gdp_growth,gdp_growth;lag=1)",0.0014947260711007592,0.001414991214487825
published_fitted,exact_known_mean,0,"cov(ffr,ffr;lag=0)","cov(infl,infl;lag=1)",0.007851877513806461,0.003534627544520585
published_fitted,exact_known_mean,0,"cov(ffr,ffr;lag=0)","cov(ffr,ffr;lag=1)",0.014104346961531103,0.007235076114368956
published_fitted,exact_known_mean,0,"cov(ffr,ffr;lag=0)","cov(gdp_growth,gdp_growth;lag=2)",0.0013465230430141945,0.001267083640742862
published_fitted,exact_known_mean,0,"cov(ffr,ffr;lag=0)","cov(infl,infl;lag=2)",0.007775431414728823,0.0034566064183452895
published_fitted,exact_known_mean,0,"cov(ffr,ffr;lag=0)","cov(ffr,ffr;lag=2)",0.013841569232276323,0.006974920292170881
published_fitted,exact_known_mean,0,"cov(ffr,ffr;lag=0)","cov(gdp_growth,gdp_growth;lag=4)",0.0009204586527708335,0.000841876550071327
published_fitted,exact_known_mean,0,"cov(ffr,ffr;lag=0)","cov(infl,infl;lag=4)",0.007490202304833911,0.0031717363337356516
published_fitted,exact_known_mean,0,"cov(ffr,ffr;lag=0)","cov(ffr,ffr;lag=4)",0.013012803626181721,0.006157044571136816
published_fitted,exact_known_mean,0,"cov(gdp_growth,gdp_growth;lag=1)","cov(gdp_growth,gdp_growth;lag=0)",0.0073568671626094385,0.007334669133283607
published_fitted,exact_known_mean,0,"cov(gdp_growth,gdp_growth;lag=1)","cov(gdp_growth,infl;lag=0)",-0.00253170563178078,-0.0025201649891501256
published_fitted,exact_known_mean,0,"cov(gdp_growth,gdp_growth;lag=1)","cov(gdp_growth,ffr;lag=0)",-0.002944719469601379,-0.0029368697734576525
published_fitted,exact_known_mean,0,"cov(gdp_growth,gdp_growth;lag=1)","cov(infl,infl;lag=0)",0.0014918153907366922,0.0014227691016246223
published_fitted,exact_known_mean,0,"cov(gdp_growth,gdp_growth;lag=1)","cov(infl,ffr;lag=0)",0.0014261736817870636,0.0013532452005242557
published_fitted,exact_known_mean,0,"cov(gdp_growth,gdp_growth;lag=1)","cov(ffr,ffr;lag=0)",0.0014947260711007592,0.001414991214487825
published_fitted,exact_known_mean,0,"cov(gdp_growth,gdp_growth;lag=1)","cov(gdp_growth,gdp_growth;lag=1)",0.009068083833307126,0.009045997769456802
published_fitted,exact_known_mean,0,"cov(gdp_growth,gdp_growth;lag=1)","cov(infl,infl;lag=1)",0.0014654720138469863,0.001396143413807661
published_fitted,exact_known_mean,0,"cov(gdp_growth,gdp_growth;lag=1)","cov(ffr,ffr;lag=1)",0.0014527729460887895,0.0013728969780977792
published_fitted,exact_known_mean,0,"cov(gdp_growth,gdp_growth;lag=1)","cov(gdp_growth,gdp_growth;lag=2)",0.005387936077183686,0.005366729830475161
published_fitted,exact_known_mean,0,"cov(gdp_growth,gdp_growth;lag=1)","cov(infl,infl;lag=2)",0.0013819981048855167,0.0013125170916512242
published_fitted,exact_known_mean,0,"cov(gdp_growth,gdp_growth;lag=1)","cov(ffr,ffr;lag=2)",0.0013274698993620785,0.001247603113742273
published_fitted,exact_known_mean,0,"cov(gdp_growth,gdp_growth;lag=1)","cov(gdp_growth,gdp_growth;lag=4)",0.0022162050708201533,0.002197681076931467
published_fitted,exact_known_mean,0,"cov(gdp_growth,gdp_growth;lag=1)","cov(infl,infl;lag=4)",0.0010958762598519832,0.001026458855808862
published_fitted,exact_known_mean,0,"cov(gdp_growth,gdp_growth;lag=1)","cov(ffr,ffr;lag=4)",0.0009331450493277419,0.0008536973937599034
published_fitted,exact_known_mean,0,"cov(infl,infl;lag=1)","cov(gdp_growth,gdp_growth;lag=0)",0.0014991828082322805,0.0014295861611676006
published_fitted,exact_known_mean,0,"cov(infl,infl;lag=1)","cov(gdp_growth,infl;lag=0)",-0.00217188557654429,-0.0020615781164216138
published_fitted,exact_known_mean,0,"cov(infl,infl;lag=1)","cov(gdp_growth,ffr;lag=0)",-0.0015959644753166784,-0.0015380958144938575
published_fitted,exact_known_mean,0,"cov(infl,infl;lag=1)","cov(infl,infl;lag=0)",0.009436173696583122,0.0053495329112534205
published_fitted,exact_known_mean,0,"cov(infl,infl;lag=1)","cov(infl,ffr;lag=0)",0.00825415097115096,0.004076911941793658
published_fitted,exact_known_mean,0,"cov(infl,infl;lag=1)","cov(ffr,ffr;lag=0)",0.007851877513806461,0.003534627544520585
published_fitted,exact_known_mean,0,"cov(infl,infl;lag=1)","cov(gdp_growth,gdp_growth;lag=1)",0.0014654720138469863,0.001396143413807661
published_fitted,exact_known_mean,0,"cov(infl,infl;lag=1)","cov(infl,infl;lag=1)",0.009382245624150623,0.005295485677578357
published_fitted,exact_known_mean,0,"cov(infl,infl;lag=1)","cov(ffr,ffr;lag=1)",0.007812978288834933,0.0034985097396980753
published_fitted,exact_known_mean,0,"cov(infl,infl;lag=1)","cov(gdp_growth,gdp_growth;lag=2)",0.0013752663856100905,0.0013063120116997306
published_fitted,exact_known_mean,0,"cov(infl,infl;lag=1)","cov(infl,infl;lag=2)",0.009197353532401207,0.005111897624636785
published_fitted,exact_known_mean,0,"cov(infl,infl;lag=1)","cov(ffr,ffr;lag=2)",0.0077198497794988595,0.00340925497903821
published_fitted,exact_known_mean,0,"cov(infl,infl;lag=1)","cov(gdp_growth,gdp_growth;lag=4)",0.0010804566283952651,0.0010125286679699811
published_fitted,exact_known_mean,0,"cov(infl,infl;lag=1)","cov(infl,infl;lag=4)",0.008612385161575592,0.004533272062607682
published_fitted,exact_known_mean,0,"cov(infl,infl;lag=1)","cov(ffr,ffr;lag=4)",0.007407967562276856,0.003108056861566371
published_fitted,exact_known_mean,0,"cov(ffr,ffr;lag=1)","cov(gdp_growth,gdp_growth;lag=0)",0.0015002285477503535,0.0014202007577167272
published_fitted,exact_known_mean,0,"cov(ffr,ffr;lag=1)","cov(gdp_growth,infl;lag=0)",-0.0013368495976553718,-0.001255698206013518
published_fitted,exact_known_mean,0,"cov(ffr,ffr;lag=1)","cov(gdp_growth,ffr;lag=0)",-0.002213676571657515,-0.002183602951444094
published_fitted,exact_known_mean,0,"cov(ffr,ffr;lag=1)","cov(infl,infl;lag=0)",0.007827930672229881,0.0035165407156084612
published_fitted,exact_known_mean,0,"cov(ffr,ffr;lag=1)","cov(infl,ffr;lag=0)",0.010147692659084584,0.004735249848764019
published_fitted,exact_known_mean,0,"cov(ffr,ffr;lag=1)","cov(ffr,ffr;lag=0)",0.014104346961531103,0.007235076114368956
published_fitted,exact_known_mean,0,"cov(ffr,ffr;lag=1)","cov(gdp_growth,gdp_growth;lag=1)",0.0014527729460887895,0.0013728969780977792
published_fitted,exact_known_mean,0,"cov(ffr,ffr;lag=1)","cov(infl,infl;lag=1)",0.007812978288834933,0.0034985097396980753
published_fitted,exact_known_mean,0,"cov(ffr,ffr;lag=1)","cov(ffr,ffr;lag=1)",0.014027004896355976,0.00715753831963624
published_fitted,exact_known_mean,0,"cov(ffr,ffr;lag=1)","cov(gdp_growth,gdp_growth;lag=2)",0.001322631637542944,0.0012430331630586427
published_fitted,exact_known_mean,0,"cov(ffr,ffr;lag=1)","cov(infl,infl;lag=2)",0.00774315196149262,0.0034267780202463165
published_fitted,exact_known_mean,0,"cov(ffr,ffr;lag=1)","cov(ffr,ffr;lag=2)",0.013791187700264032,0.0069237249862929345
published_fitted,exact_known_mean,0,"cov(ffr,ffr;lag=1)","cov(gdp_growth,gdp_growth;lag=4)",0.0009227191231632717,0.0008439716629831526
published_fitted,exact_known_mean,0,"cov(ffr,ffr;lag=1)","cov(infl,infl;lag=4)",0.007472509126282524,0.0031558499431589967
published_fitted,exact_known_mean,0,"cov(ffr,ffr;lag=1)","cov(ffr,ffr;lag=4)",0.013003981217938937,0.006146420434377268
published_fitted,exact_known_mean,0,"cov(gdp_growth,gdp_growth;lag=2)","cov(gdp_growth,gdp_growth;lag=0)",0.005079599403899359,0.005058399921060319
published_fitted,exact_known_mean,0,"cov(gdp_growth,gdp_growth;lag=2)","cov(gdp_growth,infl;lag=0)",-0.0022728476896345853,-0.00226181191667181
published_fitted,exact_known_mean,0,"cov(gdp_growth,gdp_growth;lag=2)","cov(gdp_growth,ffr;lag=0)",-0.002443133099834223,-0.002435871548172121
published_fitted,exact_known_mean,0,"cov(gdp_growth,gdp_growth;lag=2)","cov(infl,infl;lag=0)",0.0013932050754959856,0.0013245389784086127
published_fitted,exact_known_mean,0,"cov(gdp_growth,gdp_growth;lag=2)","cov(infl,ffr;lag=0)",0.0013142545160320616,0.0012416685748001485
published_fitted,exact_known_mean,0,"cov(gdp_growth,gdp_growth;lag=2)","cov(ffr,ffr;lag=0)",0.0013465230430141945,0.001267083640742862
published_fitted,exact_known_mean,0,"cov(gdp_growth,gdp_growth;lag=2)","cov(gdp_growth,gdp_growth;lag=1)",0.005387936077183686,0.005366729830475161
published_fitted,exact_known_mean,0,"cov(gdp_growth,gdp_growth;lag=2)","cov(infl,infl;lag=1)",0.0013752663856100905,0.0013063120116997306
published_fitted,exact_known_mean,0,"cov(gdp_growth,gdp_growth;lag=2)","cov(ffr,ffr;lag=1)",0.001322631637542944,0.0012430331630586427
published_fitted,exact_known_mean,0,"cov(gdp_growth,gdp_growth;lag=2)","cov(gdp_growth,gdp_growth;lag=2)",0.007570347921051918,0.007549537000253958
published_fitted,exact_known_mean,0,"cov(gdp_growth,gdp_growth;lag=2)","cov(infl,infl;lag=2)",0.0013130167311836399,0.0012438942905639544
published_fitted,exact_known_mean,0,"cov(gdp_growth,gdp_growth;lag=2)","cov(ffr,ffr;lag=2)",0.0012414008757621383,0.0011617792867413459
published_fitted,exact_known_mean,0,"cov(gdp_growth,gdp_growth;lag=2)","cov(gdp_growth,gdp_growth;lag=4)",0.0026305247015034833,0.0026121033084231964
published_fitted,exact_known_mean,0,"cov(gdp_growth,gdp_growth;lag=2)","cov(infl,infl;lag=4)",0.0010733844552500212,0.0010042774685056696
published_fitted,exact_known_mean,0,"cov(gdp_growth,gdp_growth;lag=2)","cov(ffr,ffr;lag=4)",0.0009275008381823615,0.0008482196734342372
published_fitted,exact_known_mean,0,"cov(infl,infl;lag=2)","cov(gdp_growth,gdp_growth;lag=0)",0.001406685883086992,0.0013369536651910415
published_fitted,exact_known_mean,0,"cov(infl,infl;lag=2)","cov(gdp_growth,infl;lag=0)",-0.0020711683051767914,-0.0019620542599512046
published_fitted,exact_known_mean,0,"cov(infl,infl;lag=2)","cov(gdp_growth,ffr;lag=0)",-0.0015087083172363436,-0.0014522764232213746
published_fitted,exact_known_mean,0,"cov(infl,infl;lag=2)","cov(infl,infl;lag=0)",0.009230473276802207,0.005145511417661571
published_fitted,exact_known_mean,0,"cov(infl,infl;lag=2)","cov(infl,ffr;lag=0)",0.00815426414482663,0.003977280229276406
published_fitted,exact_known_mean,0,"cov(infl,infl;lag=2)","cov(ffr,ffr;lag=0)",0.007775431414728823,0.0034566064183452895
published_fitted,exact_known_mean,0,"cov(infl,infl;lag=2)","cov(gdp_growth,gdp_growth;lag=1)",0.0013819981048855167,0.0013125170916512242
published_fitted,exact_known_mean,0,"cov(infl,infl;lag=2)","cov(infl,infl;lag=1)",0.009197353532401207,0.005111897624636785
published_fitted,exact_known_mean,0,"cov(infl,infl;lag=2)","cov(ffr,ffr;lag=1)",0.00774315196149262,0.0034267780202463165
published_fitted,exact_known_mean,0,"cov(infl,infl;lag=2)","cov(gdp_growth,gdp_growth;lag=2)",0.0013130167311836399,0.0012438942905639544
published_fitted,exact_known_mean,0,"cov(infl,infl;lag=2)","cov(infl,infl;lag=2)",0.00908183180171018,0.004997223362605624
published_fitted,exact_known_mean,0,"cov(infl,infl;lag=2)","cov(ffr,ffr;lag=2)",0.007664283431875727,0.0033514715106109094
published_fitted,exact_known_mean,0,"cov(infl,infl;lag=2)","cov(gdp_growth,gdp_growth;lag=4)",0.001063094505521804,0.0009949804912877792
published_fitted,exact_known_mean,0,"cov(infl,infl;lag=2)","cov(infl,infl;lag=4)",0.008575624515074268,0.004496635062425122
published_fitted,exact_known_mean,0,"cov(infl,infl;lag=2)","cov(ffr,ffr;lag=4)",0.007386197309072058,0.0030835772702727847
published_fitted,exact_known_mean,0,"cov(ffr,ffr;lag=2)","cov(gdp_growth,gdp_growth;lag=0)",0.0013560731017712977,0.0012760870389689025
published_fitted,exact_known_mean,0,"cov(ffr,ffr;lag=2)","cov(gdp_growth,infl;lag=0)",-0.0012829026582945368,-0.0012033963772193226
published_fitted,exact_known_mean,0,"cov(ffr,ffr;lag=2)","cov(gdp_growth,ffr;lag=0)",-0.0020413388698364994,-0.002013318431029413
published_fitted,exact_known_mean,0,"cov(ffr,ffr;lag=2)","cov(infl,infl;lag=0)",0.007728887991615148,0.0034216309311200124
published_fitted,exact_known_mean,0,"cov(ffr,ffr;lag=2)","cov(infl,ffr;lag=0)",0.010018580033376292,0.004609686301730878
published_fitted,exact_known_mean,0,"cov(ffr,ffr;lag=2)","cov(ffr,ffr;lag=0)",0.013841569232276323,0.006974920292170881
published_fitted,exact_known_mean,0,"cov(ffr,ffr;lag=2)","cov(gdp_growth,gdp_growth;lag=1)",0.0013274698993620785,0.001247603113742273
published_fitted,exact_known_mean,0,"cov(ffr,ffr;lag=2)","cov(infl,infl;lag=1)",0.0077198497794988595,0.00340925497903821
published_fitted,exact_known_mean,0,"cov(ffr,ffr;lag=2)","cov(ffr,ffr;lag=1)",0.013791187700264032,0.0069237249862929345
published_fitted,exact_known_mean,0,"cov(ffr,ffr;lag=2)","cov(gdp_growth,gdp_growth;lag=2)",0.0012414008757621383,0.0011617792867413459
published_fitted,exact_known_mean,0,"cov(ffr,ffr;lag=2)","cov(infl,infl;lag=2)",0.007664283431875727,0.0033514715106109094
published_fitted,exact_known_mean,0,"cov(ffr,ffr;lag=2)","cov(ffr,ffr;lag=2)",0.013620958167156052,0.006754797213457733
published_fitted,exact_known_mean,0,"cov(ffr,ffr;lag=2)","cov(gdp_growth,gdp_growth;lag=4)",0.0009203225591192731,0.0008415084683730026
published_fitted,exact_known_mean,0,"cov(ffr,ffr;lag=2)","cov(infl,infl;lag=4)",0.0074292563025222256,0.0031154849101760673
published_fitted,exact_known_mean,0,"cov(ffr,ffr;lag=2)","cov(ffr,ffr;lag=4)",0.012949169396644826,0.006091720009782337
published_fitted,exact_known_mean,0,"cov(gdp_growth,gdp_growth;lag=4)","cov(gdp_growth,gdp_growth;lag=0)",0.0020825858199883395,0.002064148725499075
published_fitted,exact_known_mean,0,"cov(gdp_growth,gdp_growth;lag=4)","cov(gdp_growth,infl;lag=0)",-0.0015506198121378488,-0.0015409565706004033
published_fitted,exact_known_mean,0,"cov(gdp_growth,gdp_growth;lag=4)","cov(gdp_growth,ffr;lag=0)",-0.0013085591848095907,-0.001302849762705517
published_fitted,exact_known_mean,0,"cov(gdp_growth,gdp_growth;lag=4)","cov(infl,infl;lag=0)",0.0010834678494158366,0.001015820599294119
published_fitted,exact_known_mean,0,"cov(gdp_growth,gdp_growth;lag=4)","cov(infl,ffr;lag=0)",0.0009754515968858383,0.0009038016986507184
published_fitted,exact_known_mean,0,"cov(gdp_growth,gdp_growth;lag=4)","cov(ffr,ffr;lag=0)",0.0009204586527708335,0.000841876550071327
published_fitted,exact_known_mean,0,"cov(gdp_growth,gdp_growth;lag=4)","cov(gdp_growth,gdp_growth;lag=1)",0.0022162050708201533,0.002197681076931467
published_fitted,exact_known_mean,0,"cov(gdp_growth,gdp_growth;lag=4)","cov(infl,infl;lag=1)",0.0010804566283952651,0.0010125286679699811
published_fitted,exact_known_mean,0,"cov(gdp_growth,gdp_growth;lag=4)","cov(ffr,ffr;lag=1)",0.0009227191231632717,0.0008439716629831526
published_fitted,exact_known_mean,0,"cov(gdp_growth,gdp_growth;lag=4)","cov(gdp_growth,gdp_growth;lag=2)",0.0026305247015034833,0.0026121033084231964
published_fitted,exact_known_mean,0,"cov(gdp_growth,gdp_growth;lag=4)","cov(infl,infl;lag=2)",0.001063094505521804,0.0009949804912877792
published_fitted,exact_known_mean,0,"cov(gdp_growth,gdp_growth;lag=4)","cov(ffr,ffr;lag=2)",0.0009203225591192731,0.0008415084683730026
published_fitted,exact_known_mean,0,"cov(gdp_growth,gdp_growth;lag=4)","cov(gdp_growth,gdp_growth;lag=4)",0.006061590324333517,0.006044006024268376
published_fitted,exact_known_mean,0,"cov(gdp_growth,gdp_growth;lag=4)","cov(infl,infl;lag=4)",0.000967939334389446,0.0008997334839346195
published_fitted,exact_known_mean,0,"cov(gdp_growth,gdp_growth;lag=4)","cov(ffr,ffr;lag=4)",0.0008532874337458935,0.0007746323656339469
published_fitted,exact_known_mean,0,"cov(infl,infl;lag=4)","cov(gdp_growth,gdp_growth;lag=0)",0.0011037448501759577,0.001034112181503827
published_fitted,exact_known_mean,0,"cov(infl,infl;lag=4)","cov(gdp_growth,infl;lag=0)",-0.0017309191921712618,-0.0016250981233629626
published_fitted,exact_known_mean,0,"cov(infl,infl;lag=4)","cov(gdp_growth,ffr;lag=0)",-0.00121514829512722,-0.0011624036218891587
published_fitted,exact_known_mean,0,"cov(infl,infl;lag=4)","cov(infl,infl;lag=0)",0.008618241907979354,0.004540216094582066
published_fitted,exact_known_mean,0,"cov(infl,infl;lag=4)","cov(infl,ffr;lag=0)",0.007803927434860244,0.003630924313645849
published_fitted,exact_known_mean,0,"cov(infl,infl;lag=4)","cov(ffr,ffr;lag=0)",0.007490202304833911,0.0031717363337356516
published_fitted,exact_known_mean,0,"cov(infl,infl;lag=4)","cov(gdp_growth,gdp_growth;lag=1)",0.0010958762598519832,0.001026458855808862
published_fitted,exact_known_mean,0,"cov(infl,infl;lag=4)","cov(infl,infl;lag=1)",0.008612385161575592,0.004533272062607682
published_fitted,exact_known_mean,0,"cov(infl,infl;lag=4)","cov(ffr,ffr;lag=1)",0.007472509126282524,0.0031558499431589967
published_fitted,exact_known_mean,0,"cov(infl,infl;lag=4)","cov(gdp_growth,gdp_growth;lag=2)",0.0010733844552500212,0.0010042774685056696
published_fitted,exact_known_mean,0,"cov(infl,infl;lag=4)","cov(infl,infl;lag=2)",0.008575624515074268,0.004496635062425122
published_fitted,exact_known_mean,0,"cov(infl,infl;lag=4)","cov(ffr,ffr;lag=2)",0.0074292563025222256,0.0031154849101760673
published_fitted,exact_known_mean,0,"cov(infl,infl;lag=4)","cov(gdp_growth,gdp_growth;lag=4)",0.000967939334389446,0.0008997334839346195
published_fitted,exact_known_mean,0,"cov(infl,infl;lag=4)","cov(infl,infl;lag=4)",0.008375498057270404,0.004300366378410896
published_fitted,exact_known_mean,0,"cov(infl,infl;lag=4)","cov(ffr,ffr;lag=4)",0.007261342671785987,0.0029564956130701233
published_fitted,exact_known_mean,0,"cov(ffr,ffr;lag=4)","cov(gdp_growth,gdp_growth;lag=0)",0.0009340104895556512,0.0008544942995024402
published_fitted,exact_known_mean,0,"cov(ffr,ffr;lag=4)","cov(gdp_growth,infl;lag=0)",-0.0010842286885604344,-0.0010087984558681022
published_fitted,exact_known_mean,0,"cov(ffr,ffr;lag=4)","cov(gdp_growth,ffr;lag=0)",-0.001503919824062223,-0.0014810315584405204
published_fitted,exact_known_mean,0,"cov(ffr,ffr;lag=4)","cov(infl,infl;lag=0)",0.007404732662928264,0.0031085643160323586
published_fitted,exact_known_mean,0,"cov(ffr,ffr;lag=4)","cov(infl,ffr;lag=0)",0.009586286851706224,0.004188425699857833
published_fitted,exact_known_mean,0,"cov(ffr,ffr;lag=4)","cov(ffr,ffr;lag=0)",0.013012803626181721,0.006157044571136816
published_fitted,exact_known_mean,0,"cov(ffr,ffr;lag=4)","cov(gdp_growth,gdp_growth;lag=1)",0.0009331450493277419,0.0008536973937599034
published_fitted,exact_known_mean,0,"cov(ffr,ffr;lag=4)","cov(infl,infl;lag=1)",0.007407967562276856,0.003108056861566371
published_fitted,exact_known_mean,0,"cov(ffr,ffr;lag=4)","cov(ffr,ffr;lag=1)",0.013003981217938937,0.006146420434377268
published_fitted,exact_known_mean,0,"cov(ffr,ffr;lag=4)","cov(gdp_growth,gdp_growth;lag=2)",0.0009275008381823615,0.0008482196734342372
published_fitted,exact_known_mean,0,"cov(ffr,ffr;lag=4)","cov(infl,infl;lag=2)",0.007386197309072058,0.0030835772702727847
published_fitted,exact_known_mean,0,"cov(ffr,ffr;lag=4)","cov(ffr,ffr;lag=2)",0.012949169396644826,0.006091720009782337
published_fitted,exact_known_mean,0,"cov(ffr,ffr;lag=4)","cov(gdp_growth,gdp_growth;lag=4)",0.0008532874337458935,0.0007746323656339469
published_fitted,exact_known_mean,0,"cov(ffr,ffr;lag=4)","cov(infl,infl;lag=4)",0.007261342671785987,0.0029564956130701233
published_fitted,exact_known_mean,0,"cov(ffr,ffr;lag=4)","cov(ffr,ffr;lag=4)",0.012652417762256642,0.005800904865448809
published_fitted,hac4,399,"cov(gdp_growth,gdp_growth;lag=0)","cov(gdp_growth,gdp_growth;lag=0)",0.011612415934990572,0.013028774572850354
published_fitted,hac4,399,"cov(gdp_growth,gdp_growth;lag=0)","cov(gdp_growth,infl;lag=0)",-0.0020026783802693845,-0.00264585746506705
published_fitted,hac4,399,"cov(gdp_growth,gdp_growth;lag=0)","cov(gdp_growth,ffr;lag=0)",-0.0023263607758836793,-0.003109460029917106
published_fitted,hac4,399,"cov(gdp_growth,gdp_growth;lag=0)","cov(infl,infl;lag=0)",0.0005467846700140287,0.0014608351664377284
published_fitted,hac4,399,"cov(gdp_growth,gdp_growth;lag=0)","cov(infl,ffr;lag=0)",0.0006608190844182955,0.0013963340943596836
published_fitted,hac4,399,"cov(gdp_growth,gdp_growth;lag=0)","cov(ffr,ffr;lag=0)",0.0007714326068638646,0.0014730883886658888
published_fitted,hac4,399,"cov(gdp_growth,gdp_growth;lag=0)","cov(gdp_growth,gdp_growth;lag=1)",0.005622162382731071,0.007334669133283607
published_fitted,hac4,399,"cov(gdp_growth,gdp_growth;lag=0)","cov(infl,infl;lag=1)",0.0005804984584801041,0.0014295861611676006
published_fitted,hac4,399,"cov(gdp_growth,gdp_growth;lag=0)","cov(ffr,ffr;lag=1)",0.0007566985803886758,0.0014202007577167272
published_fitted,hac4,399,"cov(gdp_growth,gdp_growth;lag=0)","cov(gdp_growth,gdp_growth;lag=2)",0.003385897237039694,0.005058399921060319
published_fitted,hac4,399,"cov(gdp_growth,gdp_growth;lag=0)","cov(infl,infl;lag=2)",0.0005482659174749465,0.0013369536651910415
published_fitted,hac4,399,"cov(gdp_growth,gdp_growth;lag=0)","cov(ffr,ffr;lag=2)",0.000649094635267522,0.0012760870389689025
published_fitted,hac4,399,"cov(gdp_growth,gdp_growth;lag=0)","cov(gdp_growth,gdp_growth;lag=4)",0.0009759272406269217,0.002064148725499075
published_fitted,hac4,399,"cov(gdp_growth,gdp_growth;lag=0)","cov(infl,infl;lag=4)",0.00037774307121886847,0.001034112181503827
published_fitted,hac4,399,"cov(gdp_growth,gdp_growth;lag=0)","cov(ffr,ffr;lag=4)",0.0003378636952132115,0.0008544942995024402
published_fitted,hac4,399,"cov(gdp_growth,infl;lag=0)","cov(gdp_growth,gdp_growth;lag=0)",-0.0020026783802693845,-0.00264585746506705
published_fitted,hac4,399,"cov(gdp_growth,infl;lag=0)","cov(gdp_growth,infl;lag=0)",0.0024594928659947583,0.003025043253234486
published_fitted,hac4,399,"cov(gdp_growth,infl;lag=0)","cov(gdp_growth,ffr;lag=0)",0.0016802271360621005,0.0020288111635148377
published_fitted,hac4,399,"cov(gdp_growth,infl;lag=0)","cov(infl,infl;lag=0)",-0.0011565692471042486,-0.0020972569489926874
published_fitted,hac4,399,"cov(gdp_growth,infl;lag=0)","cov(infl,ffr;lag=0)",-0.001016902557293934,-0.0016644249052038906
published_fitted,hac4,399,"cov(gdp_growth,infl;lag=0)","cov(ffr,ffr;lag=0)",-0.0008176432256537131,-0.0012732389471723459
published_fitted,hac4,399,"cov(gdp_growth,infl;lag=0)","cov(gdp_growth,gdp_growth;lag=1)",-0.0016793951027822367,-0.0025201649891501256
published_fitted,hac4,399,"cov(gdp_growth,infl;lag=0)","cov(infl,infl;lag=1)",-0.001176776594209202,-0.0020615781164216138
published_fitted,hac4,399,"cov(gdp_growth,infl;lag=0)","cov(ffr,ffr;lag=1)",-0.0007982391674229585,-0.001255698206013518
published_fitted,hac4,399,"cov(gdp_growth,infl;lag=0)","cov(gdp_growth,gdp_growth;lag=2)",-0.0013125326871537152,-0.00226181191667181
published_fitted,hac4,399,"cov(gdp_growth,infl;lag=0)","cov(infl,infl;lag=2)",-0.0011186664105259818,-0.0019620542599512046
published_fitted,hac4,399,"cov(gdp_growth,infl;lag=0)","cov(ffr,ffr;lag=2)",-0.0007242397997085011,-0.0012033963772193226
published_fitted,hac4,399,"cov(gdp_growth,infl;lag=0)","cov(gdp_growth,gdp_growth;lag=4)",-0.0005632039920011974,-0.0015409565706004033
published_fitted,hac4,399,"cov(gdp_growth,infl;lag=0)","cov(infl,infl;lag=4)",-0.000858647618464766,-0.0016250981233629626
published_fitted,hac4,399,"cov(gdp_growth,infl;lag=0)","cov(ffr,ffr;lag=4)",-0.0004736102755998909,-0.0010087984558681022
published_fitted,hac4,399,"cov(gdp_growth,ffr;lag=0)","cov(gdp_growth,gdp_growth;lag=0)",-0.0023263607758836793,-0.003109460029917106
published_fitted,hac4,399,"cov(gdp_growth,ffr;lag=0)","cov(gdp_growth,infl;lag=0)",0.0016802271360621005,0.0020288111635148377
published_fitted,hac4,399,"cov(gdp_growth,ffr;lag=0)","cov(gdp_growth,ffr;lag=0)",0.0028280818463427425,0.0034877975077354136
published_fitted,hac4,399,"cov(gdp_growth,ffr;lag=0)","cov(infl,infl;lag=0)",-0.0008233198646303627,-0.0015675910940564804
published_fitted,hac4,399,"cov(gdp_growth,ffr;lag=0)","cov(infl,ffr;lag=0)",-0.0010977934352650739,-0.001862880212652597
published_fitted,hac4,399,"cov(gdp_growth,ffr;lag=0)","cov(ffr,ffr;lag=0)",-0.0014612871789869664,-0.0022438379024448145
published_fitted,hac4,399,"cov(gdp_growth,ffr;lag=0)","cov(gdp_growth,gdp_growth;lag=1)",-0.0019692046838917367,-0.0029368697734576525
published_fitted,hac4,399,"cov(gdp_growth,ffr;lag=0)","cov(infl,infl;lag=1)",-0.000871324530389746,-0.0015380958144938575
published_fitted,hac4,399,"cov(gdp_growth,ffr;lag=0)","cov(ffr,ffr;lag=1)",-0.0014484771449379899,-0.002183602951444094
published_fitted,hac4,399,"cov(gdp_growth,ffr;lag=0)","cov(gdp_growth,gdp_growth;lag=2)",-0.0014475332273439637,-0.002435871548172121
published_fitted,hac4,399,"cov(gdp_growth,ffr;lag=0)","cov(infl,infl;lag=2)",-0.0008544428903733168,-0.0014522764232213746
published_fitted,hac4,399,"cov(gdp_growth,ffr;lag=0)","cov(ffr,ffr;lag=2)",-0.0013026181751301016,-0.002013318431029413
published_fitted,hac4,399,"cov(gdp_growth,ffr;lag=0)","cov(gdp_growth,gdp_growth;lag=4)",-0.0004982331579982299,-0.001302849762705517
published_fitted,hac4,399,"cov(gdp_growth,ffr;lag=0)","cov(infl,infl;lag=4)",-0.0006994044064205955,-0.0011624036218891587
published_fitted,hac4,399,"cov(gdp_growth,ffr;lag=0)","cov(ffr,ffr;lag=4)",-0.000835007357389678,-0.0014810315584405204
published_fitted,hac4,399,"cov(infl,infl;lag=0)","cov(gdp_growth,gdp_growth;lag=0)",0.0005467846700140287,0.0014608351664377284
published_fitted,hac4,399,"cov(infl,infl;lag=0)","cov(gdp_growth,infl;lag=0)",-0.0011565692471042486,-0.0020972569489926874
published_fitted,hac4,399,"cov(infl,infl;lag=0)","cov(gdp_growth,ffr;lag=0)",-0.0008233198646303627,-0.0015675910940564804
published_fitted,hac4,399,"cov(infl,infl;lag=0)","cov(infl,infl;lag=0)",0.002483397688101783,0.005441310117069449
published_fitted,hac4,399,"cov(infl,infl;lag=0)","cov(infl,ffr;lag=0)",0.0016278825232650372,0.0041106817955961885
published_fitted,hac4,399,"cov(infl,infl;lag=0)","cov(ffr,ffr;lag=0)",0.0011040604790409799,0.0035562845185744527
published_fitted,hac4,399,"cov(infl,infl;lag=0)","cov(gdp_growth,gdp_growth;lag=1)",0.000444639192985607,0.0014227691016246223
published_fitted,hac4,399,"cov(infl,infl;lag=0)","cov(infl,infl;lag=1)",0.002366600582696308,0.0053495329112534205
published_fitted,hac4,399,"cov(infl,infl;lag=0)","cov(ffr,ffr;lag=1)",0.0009828082997632428,0.0035165407156084612
published_fitted,hac4,399,"cov(infl,infl;lag=0)","cov(gdp_growth,gdp_growth;lag=2)",0.00035204273296395006,0.0013245389784086127
published_fitted,hac4,399,"cov(infl,infl;lag=0)","cov(infl,infl;lag=2)",0.0021226476350228816,0.005145511417661571
published_fitted,hac4,399,"cov(infl,infl;lag=0)","cov(ffr,ffr;lag=2)",0.0008345587058014226,0.0034216309311200124
published_fitted,hac4,399,"cov(infl,infl;lag=0)","cov(gdp_growth,gdp_growth;lag=4)",0.00020722530448130877,0.001015820599294119
published_fitted,hac4,399,"cov(infl,infl;lag=0)","cov(infl,infl;lag=4)",0.0015212340457280943,0.004540216094582066
published_fitted,hac4,399,"cov(infl,infl;lag=0)","cov(ffr,ffr;lag=4)",0.0005453609287243266,0.0031085643160323586
published_fitted,hac4,399,"cov(infl,ffr;lag=0)","cov(gdp_growth,gdp_growth;lag=0)",0.0006608190844182955,0.0013963340943596836
published_fitted,hac4,399,"cov(infl,ffr;lag=0)","cov(gdp_growth,infl;lag=0)",-0.001016902557293934,-0.0016644249052038906
published_fitted,hac4,399,"cov(infl,ffr;lag=0)","cov(gdp_growth,ffr;lag=0)",-0.0010977934352650739,-0.001862880212652597
published_fitted,hac4,399,"cov(infl,ffr;lag=0)","cov(infl,infl;lag=0)",0.0016278825232650372,0.0041106817955961885
published_fitted,hac4,399,"cov(infl,ffr;lag=0)","cov(infl,ffr;lag=0)",0.0019289396298470436,0.004577558377362296
published_fitted,hac4,399,"cov(infl,ffr;lag=0)","cov(ffr,ffr;lag=0)",0.0018648582752161598,0.00478457306802756
published_fitted,hac4,399,"cov(infl,ffr;lag=0)","cov(gdp_growth,gdp_growth;lag=1)",0.0005166570337699462,0.0013532452005242557
published_fitted,hac4,399,"cov(infl,ffr;lag=0)","cov(infl,infl;lag=1)",0.0016425293743505328,0.004076911941793658
published_fitted,hac4,399,"cov(infl,ffr;lag=0)","cov(ffr,ffr;lag=1)",0.0017392559672312448,0.004735249848764019
published_fitted,hac4,399,"cov(infl,ffr;lag=0)","cov(gdp_growth,gdp_growth;lag=2)",0.0004163048316972213,0.0012416685748001485
published_fitted,hac4,399,"cov(infl,ffr;lag=0)","cov(infl,infl;lag=2)",0.001575059125134585,0.003977280229276406
published_fitted,hac4,399,"cov(infl,ffr;lag=0)","cov(ffr,ffr;lag=2)",0.0015427304129416728,0.004609686301730878
published_fitted,hac4,399,"cov(infl,ffr;lag=0)","cov(gdp_growth,gdp_growth;lag=4)",0.00021213916256991572,0.0009038016986507184
published_fitted,hac4,399,"cov(infl,ffr;lag=0)","cov(infl,infl;lag=4)",0.0013019046465926579,0.003630924313645849
published_fitted,hac4,399,"cov(infl,ffr;lag=0)","cov(ffr,ffr;lag=4)",0.0010802803490533388,0.004188425699857833
published_fitted,hac4,399,"cov(ffr,ffr;lag=0)","cov(gdp_growth,gdp_growth;lag=0)",0.0007714326068638646,0.0014730883886658888
published_fitted,hac4,399,"cov(ffr,ffr;lag=0)","cov(gdp_growth,infl;lag=0)",-0.0008176432256537131,-0.0012732389471723459
published_fitted,hac4,399,"cov(ffr,ffr;lag=0)","cov(gdp_growth,ffr;lag=0)",-0.0014612871789869664,-0.0022438379024448145
published_fitted,hac4,399,"cov(ffr,ffr;lag=0)","cov(infl,infl;lag=0)",0.0011040604790409799,0.0035562845185744527
published_fitted,hac4,399,"cov(ffr,ffr;lag=0)","cov(infl,ffr;lag=0)",0.0018648582752161598,0.00478457306802756
published_fitted,hac4,399,"cov(ffr,ffr;lag=0)","cov(ffr,ffr;lag=0)",0.003261151875146482,0.007334440308206136
published_fitted,hac4,399,"cov(ffr,ffr;lag=0)","cov(gdp_growth,gdp_growth;lag=1)",0.0005653042731763085,0.001414991214487825
published_fitted,hac4,399,"cov(ffr,ffr;lag=0)","cov(infl,infl;lag=1)",0.0011731195024706964,0.003534627544520585
published_fitted,hac4,399,"cov(ffr,ffr;lag=0)","cov(ffr,ffr;lag=1)",0.00313473812111273,0.007235076114368956
published_fitted,hac4,399,"cov(ffr,ffr;lag=0)","cov(gdp_growth,gdp_growth;lag=2)",0.0004570445798378209,0.001267083640742862
published_fitted,hac4,399,"cov(ffr,ffr;lag=0)","cov(infl,infl;lag=2)",0.001178824493760898,0.0034566064183452895
published_fitted,hac4,399,"cov(ffr,ffr;lag=0)","cov(ffr,ffr;lag=2)",0.002831668858435889,0.006974920292170881
published_fitted,hac4,399,"cov(ffr,ffr;lag=0)","cov(gdp_growth,gdp_growth;lag=4)",0.00022421313736160548,0.000841876550071327
published_fitted,hac4,399,"cov(ffr,ffr;lag=0)","cov(infl,infl;lag=4)",0.001048725425331578,0.0031717363337356516
published_fitted,hac4,399,"cov(ffr,ffr;lag=0)","cov(ffr,ffr;lag=4)",0.0020380281263118897,0.006157044571136816
published_fitted,hac4,399,"cov(gdp_growth,gdp_growth;lag=1)","cov(gdp_growth,gdp_growth;lag=0)",0.005622162382731071,0.007334669133283607
published_fitted,hac4,399,"cov(gdp_growth,gdp_growth;lag=1)","cov(gdp_growth,infl;lag=0)",-0.0016793951027822367,-0.0025201649891501256
published_fitted,hac4,399,"cov(gdp_growth,gdp_growth;lag=1)","cov(gdp_growth,ffr;lag=0)",-0.0019692046838917367,-0.0029368697734576525
published_fitted,hac4,399,"cov(gdp_growth,gdp_growth;lag=1)","cov(infl,infl;lag=0)",0.000444639192985607,0.0014227691016246223
published_fitted,hac4,399,"cov(gdp_growth,gdp_growth;lag=1)","cov(infl,ffr;lag=0)",0.0005166570337699462,0.0013532452005242557
published_fitted,hac4,399,"cov(gdp_growth,gdp_growth;lag=1)","cov(ffr,ffr;lag=0)",0.0005653042731763085,0.001414991214487825
published_fitted,hac4,399,"cov(gdp_growth,gdp_growth;lag=1)","cov(gdp_growth,gdp_growth;lag=1)",0.007455364184836785,0.009045997769456802
published_fitted,hac4,399,"cov(gdp_growth,gdp_growth;lag=1)","cov(infl,infl;lag=1)",0.0004993455480166221,0.001396143413807661
published_fitted,hac4,399,"cov(gdp_growth,gdp_growth;lag=1)","cov(ffr,ffr;lag=1)",0.0005891806963550989,0.0013728969780977792
published_fitted,hac4,399,"cov(gdp_growth,gdp_growth;lag=1)","cov(gdp_growth,gdp_growth;lag=2)",0.0038129645754214716,0.005366729830475161
published_fitted,hac4,399,"cov(gdp_growth,gdp_growth;lag=1)","cov(infl,infl;lag=2)",0.0004993116400894605,0.0013125170916512242
published_fitted,hac4,399,"cov(gdp_growth,gdp_growth;lag=1)","cov(ffr,ffr;lag=2)",0.0005376852391119678,0.001247603113742273
published_fitted,hac4,399,"cov(gdp_growth,gdp_growth;lag=1)","cov(gdp_growth,gdp_growth;lag=4)",0.0012296179239972634,0.002197681076931467
published_fitted,hac4,399,"cov(gdp_growth,gdp_growth;lag=1)","cov(infl,infl;lag=4)",0.0003961041232336341,0.001026458855808862
published_fitted,hac4,399,"cov(gdp_growth,gdp_growth;lag=1)","cov(ffr,ffr;lag=4)",0.0003121330468890536,0.0008536973937599034
published_fitted,hac4,399,"cov(infl,infl;lag=1)","cov(gdp_growth,gdp_growth;lag=0)",0.0005804984584801041,0.0014295861611676006
published_fitted,hac4,399,"cov(infl,infl;lag=1)","cov(gdp_growth,infl;lag=0)",-0.001176776594209202,-0.0020615781164216138
published_fitted,hac4,399,"cov(infl,infl;lag=1)","cov(gdp_growth,ffr;lag=0)",-0.000871324530389746,-0.0015380958144938575
published_fitted,hac4,399,"cov(infl,infl;lag=1)","cov(infl,infl;lag=0)",0.002366600582696308,0.0053495329112534205
published_fitted,hac4,399,"cov(infl,infl;lag=1)","cov(infl,ffr;lag=0)",0.0016425293743505328,0.004076911941793658
published_fitted,hac4,399,"cov(infl,infl;lag=1)","cov(ffr,ffr;lag=0)",0.0011731195024706964,0.003534627544520585
published_fitted,hac4,399,"cov(infl,infl;lag=1)","cov(gdp_growth,gdp_growth;lag=1)",0.0004993455480166221,0.001396143413807661
published_fitted,hac4,399,"cov(infl,infl;lag=1)","cov(infl,infl;lag=1)",0.0023590700936879086,0.005295485677578357
published_fitted,hac4,399,"cov(infl,infl;lag=1)","cov(ffr,ffr;lag=1)",0.0010707191415344954,0.0034985097396980753
published_fitted,hac4,399,"cov(infl,infl;lag=1)","cov(gdp_growth,gdp_growth;lag=2)",0.00041198421342865545,0.0013063120116997306
published_fitted,hac4,399,"cov(infl,infl;lag=1)","cov(infl,infl;lag=2)",0.002175405958380402,0.005111897624636785
published_fitted,hac4,399,"cov(infl,infl;lag=1)","cov(ffr,ffr;lag=2)",0.0009308056884597643,0.00340925497903821
published_fitted,hac4,399,"cov(infl,infl;lag=1)","cov(gdp_growth,gdp_growth;lag=4)",0.0002537232165493279,0.0010125286679699811
published_fitted,hac4,399,"cov(infl,infl;lag=1)","cov(infl,infl;lag=4)",0.0016195932002030932,0.004533272062607682
published_fitted,hac4,399,"cov(infl,infl;lag=1)","cov(ffr,ffr;lag=4)",0.0006325975750367776,0.003108056861566371
published_fitted,hac4,399,"cov(ffr,ffr;lag=1)","cov(gdp_growth,gdp_growth;lag=0)",0.0007566985803886758,0.0014202007577167272
published_fitted,hac4,399,"cov(ffr,ffr;lag=1)","cov(gdp_growth,infl;lag=0)",-0.0007982391674229585,-0.001255698206013518
published_fitted,hac4,399,"cov(ffr,ffr;lag=1)","cov(gdp_growth,ffr;lag=0)",-0.0014484771449379899,-0.002183602951444094
published_fitted,hac4,399,"cov(ffr,ffr;lag=1)","cov(infl,infl;lag=0)",0.0009828082997632428,0.0035165407156084612
published_fitted,hac4,399,"cov(ffr,ffr;lag=1)","cov(infl,ffr;lag=0)",0.0017392559672312448,0.004735249848764019
published_fitted,hac4,399,"cov(ffr,ffr;lag=1)","cov(ffr,ffr;lag=0)",0.00313473812111273,0.007235076114368956
published_fitted,hac4,399,"cov(ffr,ffr;lag=1)","cov(gdp_growth,gdp_growth;lag=1)",0.0005891806963550989,0.0013728969780977792
published_fitted,hac4,399,"cov(ffr,ffr;lag=1)","cov(infl,infl;lag=1)",0.0010707191415344954,0.0034985097396980753
published_fitted,hac4,399,"cov(ffr,ffr;lag=1)","cov(ffr,ffr;lag=1)",0.00311448162831775,0.00715753831963624
published_fitted,hac4,399,"cov(ffr,ffr;lag=1)","cov(gdp_growth,gdp_growth;lag=2)",0.0005079763881391133,0.0012430331630586427
published_fitted,hac4,399,"cov(ffr,ffr;lag=1)","cov(infl,infl;lag=2)",0.0011026255674667924,0.0034267780202463165
published_fitted,hac4,399,"cov(ffr,ffr;lag=1)","cov(ffr,ffr;lag=2)",0.0028928687608973966,0.0069237249862929345
published_fitted,hac4,399,"cov(ffr,ffr;lag=1)","cov(gdp_growth,gdp_growth;lag=4)",0.00027174863465726656,0.0008439716629831526
published_fitted,hac4,399,"cov(ffr,ffr;lag=1)","cov(infl,infl;lag=4)",0.0010200747307566136,0.0031558499431589967
published_fitted,hac4,399,"cov(ffr,ffr;lag=1)","cov(ffr,ffr;lag=4)",0.002166789756500279,0.006146420434377268
published_fitted,hac4,399,"cov(gdp_growth,gdp_growth;lag=2)","cov(gdp_growth,gdp_growth;lag=0)",0.003385897237039694,0.005058399921060319
published_fitted,hac4,399,"cov(gdp_growth,gdp_growth;lag=2)","cov(gdp_growth,infl;lag=0)",-0.0013125326871537152,-0.00226181191667181
published_fitted,hac4,399,"cov(gdp_growth,gdp_growth;lag=2)","cov(gdp_growth,ffr;lag=0)",-0.0014475332273439637,-0.002435871548172121
published_fitted,hac4,399,"cov(gdp_growth,gdp_growth;lag=2)","cov(infl,infl;lag=0)",0.00035204273296395006,0.0013245389784086127
published_fitted,hac4,399,"cov(gdp_growth,gdp_growth;lag=2)","cov(infl,ffr;lag=0)",0.0004163048316972213,0.0012416685748001485
published_fitted,hac4,399,"cov(gdp_growth,gdp_growth;lag=2)","cov(ffr,ffr;lag=0)",0.0004570445798378209,0.001267083640742862
published_fitted,hac4,399,"cov(gdp_growth,gdp_growth;lag=2)","cov(gdp_growth,gdp_growth;lag=1)",0.0038129645754214716,0.005366729830475161
published_fitted,hac4,399,"cov(gdp_growth,gdp_growth;lag=2)","cov(infl,infl;lag=1)",0.00041198421342865545,0.0013063120116997306
published_fitted,hac4,399,"cov(gdp_growth,gdp_growth;lag=2)","cov(ffr,ffr;lag=1)",0.0005079763881391133,0.0012430331630586427
published_fitted,hac4,399,"cov(gdp_growth,gdp_growth;lag=2)","cov(gdp_growth,gdp_growth;lag=2)",0.006304032913626479,0.007549537000253958
published_fitted,hac4,399,"cov(gdp_growth,gdp_growth;lag=2)","cov(infl,infl;lag=2)",0.00044476852064652384,0.0012438942905639544
published_fitted,hac4,399,"cov(gdp_growth,gdp_growth;lag=2)","cov(ffr,ffr;lag=2)",0.0005171582512217466,0.0011617792867413459
published_fitted,hac4,399,"cov(gdp_growth,gdp_growth;lag=2)","cov(gdp_growth,gdp_growth;lag=4)",0.0017357815935627578,0.0026121033084231964
published_fitted,hac4,399,"cov(gdp_growth,gdp_growth;lag=2)","cov(infl,infl;lag=4)",0.0004169990922219529,0.0010042774685056696
published_fitted,hac4,399,"cov(gdp_growth,gdp_growth;lag=2)","cov(ffr,ffr;lag=4)",0.00039521324602651557,0.0008482196734342372
published_fitted,hac4,399,"cov(infl,infl;lag=2)","cov(gdp_growth,gdp_growth;lag=0)",0.0005482659174749465,0.0013369536651910415
published_fitted,hac4,399,"cov(infl,infl;lag=2)","cov(gdp_growth,infl;lag=0)",-0.0011186664105259818,-0.0019620542599512046
published_fitted,hac4,399,"cov(infl,infl;lag=2)","cov(gdp_growth,ffr;lag=0)",-0.0008544428903733168,-0.0014522764232213746
published_fitted,hac4,399,"cov(infl,infl;lag=2)","cov(infl,infl;lag=0)",0.0021226476350228816,0.005145511417661571
published_fitted,hac4,399,"cov(infl,infl;lag=2)","cov(infl,ffr;lag=0)",0.001575059125134585,0.003977280229276406
published_fitted,hac4,399,"cov(infl,infl;lag=2)","cov(ffr,ffr;lag=0)",0.001178824493760898,0.0034566064183452895
published_fitted,hac4,399,"cov(infl,infl;lag=2)","cov(gdp_growth,gdp_growth;lag=1)",0.0004993116400894605,0.0013125170916512242
published_fitted,hac4,399,"cov(infl,infl;lag=2)","cov(infl,infl;lag=1)",0.002175405958380402,0.005111897624636785
published_fitted,hac4,399,"cov(infl,infl;lag=2)","cov(ffr,ffr;lag=1)",0.0011026255674667924,0.0034267780202463165
published_fitted,hac4,399,"cov(infl,infl;lag=2)","cov(gdp_growth,gdp_growth;lag=2)",0.00044476852064652384,0.0012438942905639544
published_fitted,hac4,399,"cov(infl,infl;lag=2)","cov(infl,infl;lag=2)",0.002125808783686157,0.004997223362605624
published_fitted,hac4,399,"cov(infl,infl;lag=2)","cov(ffr,ffr;lag=2)",0.0009899615085978168,0.0033514715106109094
published_fitted,hac4,399,"cov(infl,infl;lag=2)","cov(gdp_growth,gdp_growth;lag=4)",0.0003074148106782141,0.0009949804912877792
published_fitted,hac4,399,"cov(infl,infl;lag=2)","cov(infl,infl;lag=4)",0.001687197737967567,0.004496635062425122
published_fitted,hac4,399,"cov(infl,infl;lag=2)","cov(ffr,ffr;lag=4)",0.0007124884618515528,0.0030835772702727847
published_fitted,hac4,399,"cov(ffr,ffr;lag=2)","cov(gdp_growth,gdp_growth;lag=0)",0.000649094635267522,0.0012760870389689025
published_fitted,hac4,399,"cov(ffr,ffr;lag=2)","cov(gdp_growth,infl;lag=0)",-0.0007242397997085011,-0.0012033963772193226
published_fitted,hac4,399,"cov(ffr,ffr;lag=2)","cov(gdp_growth,ffr;lag=0)",-0.0013026181751301016,-0.002013318431029413
published_fitted,hac4,399,"cov(ffr,ffr;lag=2)","cov(infl,infl;lag=0)",0.0008345587058014226,0.0034216309311200124
published_fitted,hac4,399,"cov(ffr,ffr;lag=2)","cov(infl,ffr;lag=0)",0.0015427304129416728,0.004609686301730878
published_fitted,hac4,399,"cov(ffr,ffr;lag=2)","cov(ffr,ffr;lag=0)",0.002831668858435889,0.006974920292170881
published_fitted,hac4,399,"cov(ffr,ffr;lag=2)","cov(gdp_growth,gdp_growth;lag=1)",0.0005376852391119678,0.001247603113742273
published_fitted,hac4,399,"cov(ffr,ffr;lag=2)","cov(infl,infl;lag=1)",0.0009308056884597643,0.00340925497903821
published_fitted,hac4,399,"cov(ffr,ffr;lag=2)","cov(ffr,ffr;lag=1)",0.0028928687608973966,0.0069237249862929345
published_fitted,hac4,399,"cov(ffr,ffr;lag=2)","cov(gdp_growth,gdp_growth;lag=2)",0.0005171582512217466,0.0011617792867413459
published_fitted,hac4,399,"cov(ffr,ffr;lag=2)","cov(infl,infl;lag=2)",0.0009899615085978168,0.0033514715106109094
published_fitted,hac4,399,"cov(ffr,ffr;lag=2)","cov(ffr,ffr;lag=2)",0.002808699184417026,0.006754797213457733
published_fitted,hac4,399,"cov(ffr,ffr;lag=2)","cov(gdp_growth,gdp_growth;lag=4)",0.0003233234810783782,0.0008415084683730026
published_fitted,hac4,399,"cov(ffr,ffr;lag=2)","cov(infl,infl;lag=4)",0.0009718292046610868,0.0031154849101760673
published_fitted,hac4,399,"cov(ffr,ffr;lag=2)","cov(ffr,ffr;lag=4)",0.0022487956284164045,0.006091720009782337
published_fitted,hac4,399,"cov(gdp_growth,gdp_growth;lag=4)","cov(gdp_growth,gdp_growth;lag=0)",0.0009759272406269217,0.002064148725499075
published_fitted,hac4,399,"cov(gdp_growth,gdp_growth;lag=4)","cov(gdp_growth,infl;lag=0)",-0.0005632039920011974,-0.0015409565706004033
published_fitted,hac4,399,"cov(gdp_growth,gdp_growth;lag=4)","cov(gdp_growth,ffr;lag=0)",-0.0004982331579982299,-0.001302849762705517
published_fitted,hac4,399,"cov(gdp_growth,gdp_growth;lag=4)","cov(infl,infl;lag=0)",0.00020722530448130877,0.001015820599294119
published_fitted,hac4,399,"cov(gdp_growth,gdp_growth;lag=4)","cov(infl,ffr;lag=0)",0.00021213916256991572,0.0009038016986507184
published_fitted,hac4,399,"cov(gdp_growth,gdp_growth;lag=4)","cov(ffr,ffr;lag=0)",0.00022421313736160548,0.000841876550071327
published_fitted,hac4,399,"cov(gdp_growth,gdp_growth;lag=4)","cov(gdp_growth,gdp_growth;lag=1)",0.0012296179239972634,0.002197681076931467
published_fitted,hac4,399,"cov(gdp_growth,gdp_growth;lag=4)","cov(infl,infl;lag=1)",0.0002537232165493279,0.0010125286679699811
published_fitted,hac4,399,"cov(gdp_growth,gdp_growth;lag=4)","cov(ffr,ffr;lag=1)",0.00027174863465726656,0.0008439716629831526
published_fitted,hac4,399,"cov(gdp_growth,gdp_growth;lag=4)","cov(gdp_growth,gdp_growth;lag=2)",0.0017357815935627578,0.0026121033084231964
published_fitted,hac4,399,"cov(gdp_growth,gdp_growth;lag=4)","cov(infl,infl;lag=2)",0.0003074148106782141,0.0009949804912877792
published_fitted,hac4,399,"cov(gdp_growth,gdp_growth;lag=4)","cov(ffr,ffr;lag=2)",0.0003233234810783782,0.0008415084683730026
published_fitted,hac4,399,"cov(gdp_growth,gdp_growth;lag=4)","cov(gdp_growth,gdp_growth;lag=4)",0.0057148023263431,0.006044006024268376
published_fitted,hac4,399,"cov(gdp_growth,gdp_growth;lag=4)","cov(infl,infl;lag=4)",0.0003834465000504423,0.0008997334839346195
published_fitted,hac4,399,"cov(gdp_growth,gdp_growth;lag=4)","cov(ffr,ffr;lag=4)",0.00039979108399262544,0.0007746323656339469
published_fitted,hac4,399,"cov(infl,infl;lag=4)","cov(gdp_growth,gdp_growth;lag=0)",0.00037774307121886847,0.001034112181503827
published_fitted,hac4,399,"cov(infl,infl;lag=4)","cov(gdp_growth,infl;lag=0)",-0.000858647618464766,-0.0016250981233629626
published_fitted,hac4,399,"cov(infl,infl;lag=4)","cov(gdp_growth,ffr;lag=0)",-0.0006994044064205955,-0.0011624036218891587
published_fitted,hac4,399,"cov(infl,infl;lag=4)","cov(infl,infl;lag=0)",0.0015212340457280943,0.004540216094582066
published_fitted,hac4,399,"cov(infl,infl;lag=4)","cov(infl,ffr;lag=0)",0.0013019046465926579,0.003630924313645849
published_fitted,hac4,399,"cov(infl,infl;lag=4)","cov(ffr,ffr;lag=0)",0.001048725425331578,0.0031717363337356516
published_fitted,hac4,399,"cov(infl,infl;lag=4)","cov(gdp_growth,gdp_growth;lag=1)",0.0003961041232336341,0.001026458855808862
published_fitted,hac4,399,"cov(infl,infl;lag=4)","cov(infl,infl;lag=1)",0.0016195932002030932,0.004533272062607682
published_fitted,hac4,399,"cov(infl,infl;lag=4)","cov(ffr,ffr;lag=1)",0.0010200747307566136,0.0031558499431589967
published_fitted,hac4,399,"cov(infl,infl;lag=4)","cov(gdp_growth,gdp_growth;lag=2)",0.0004169990922219529,0.0010042774685056696
published_fitted,hac4,399,"cov(infl,infl;lag=4)","cov(infl,infl;lag=2)",0.001687197737967567,0.004496635062425122
published_fitted,hac4,399,"cov(infl,infl;lag=4)","cov(ffr,ffr;lag=2)",0.0009718292046610868,0.0031154849101760673
published_fitted,hac4,399,"cov(infl,infl;lag=4)","cov(gdp_growth,gdp_growth;lag=4)",0.0003834465000504423,0.0008997334839346195
published_fitted,hac4,399,"cov(infl,infl;lag=4)","cov(infl,infl;lag=4)",0.001693857711987757,0.004300366378410896
published_fitted,hac4,399,"cov(infl,infl;lag=4)","cov(ffr,ffr;lag=4)",0.000815256286266248,0.0029564956130701233
published_fitted,hac4,399,"cov(ffr,ffr;lag=4)","cov(gdp_growth,gdp_growth;lag=0)",0.0003378636952132115,0.0008544942995024402
published_fitted,hac4,399,"cov(ffr,ffr;lag=4)","cov(gdp_growth,infl;lag=0)",-0.0004736102755998909,-0.0010087984558681022
published_fitted,hac4,399,"cov(ffr,ffr;lag=4)","cov(gdp_growth,ffr;lag=0)",-0.000835007357389678,-0.0014810315584405204
published_fitted,hac4,399,"cov(ffr,ffr;lag=4)","cov(infl,infl;lag=0)",0.0005453609287243266,0.0031085643160323586
published_fitted,hac4,399,"cov(ffr,ffr;lag=4)","cov(infl,ffr;lag=0)",0.0010802803490533388,0.004188425699857833
published_fitted,hac4,399,"cov(ffr,ffr;lag=4)","cov(ffr,ffr;lag=0)",0.0020380281263118897,0.006157044571136816
published_fitted,hac4,399,"cov(ffr,ffr;lag=4)","cov(gdp_growth,gdp_growth;lag=1)",0.0003121330468890536,0.0008536973937599034
published_fitted,hac4,399,"cov(ffr,ffr;lag=4)","cov(infl,infl;lag=1)",0.0006325975750367776,0.003108056861566371
published_fitted,hac4,399,"cov(ffr,ffr;lag=4)","cov(ffr,ffr;lag=1)",0.002166789756500279,0.006146420434377268
published_fitted,hac4,399,"cov(ffr,ffr;lag=4)","cov(gdp_growth,gdp_growth;lag=2)",0.00039521324602651557,0.0008482196734342372
published_fitted,hac4,399,"cov(ffr,ffr;lag=4)","cov(infl,infl;lag=2)",0.0007124884618515528,0.0030835772702727847
published_fitted,hac4,399,"cov(ffr,ffr;lag=4)","cov(ffr,ffr;lag=2)",0.0022487956284164045,0.006091720009782337
published_fitted,hac4,399,"cov(ffr,ffr;lag=4)","cov(gdp_growth,gdp_growth;lag=4)",0.00039979108399262544,0.0007746323656339469
published_fitted,hac4,399,"cov(ffr,ffr;lag=4)","cov(infl,infl;lag=4)",0.000815256286266248,0.0029564956130701233
published_fitted,hac4,399,"cov(ffr,ffr;lag=4)","cov(ffr,ffr;lag=4)",0.002218252163907991,0.005800904865448809
published_fitted,hac8,399,"cov(gdp_growth,gdp_growth;lag=0)","cov(gdp_growth,gdp_growth;lag=0)",0.011615252045815356,0.013028774572850354
published_fitted,hac8,399,"cov(gdp_growth,gdp_growth;lag=0)","cov(gdp_growth,infl;lag=0)",-0.002140198326887314,-0.00264585746506705
published_fitted,hac8,399,"cov(gdp_growth,gdp_growth;lag=0)","cov(gdp_growth,ffr;lag=0)",-0.0024454580403697555,-0.003109460029917106
published_fitted,hac8,399,"cov(gdp_growth,gdp_growth;lag=0)","cov(infl,infl;lag=0)",0.0006776235838875787,0.0014608351664377284
published_fitted,hac8,399,"cov(gdp_growth,gdp_growth;lag=0)","cov(infl,ffr;lag=0)",0.0007706416722470076,0.0013963340943596836
published_fitted,hac8,399,"cov(gdp_growth,gdp_growth;lag=0)","cov(ffr,ffr;lag=0)",0.0008998319570097662,0.0014730883886658888
published_fitted,hac8,399,"cov(gdp_growth,gdp_growth;lag=0)","cov(gdp_growth,gdp_growth;lag=1)",0.005957703208892215,0.007334669133283607
published_fitted,hac8,399,"cov(gdp_growth,gdp_growth;lag=0)","cov(infl,infl;lag=1)",0.0006949173968849758,0.0014295861611676006
published_fitted,hac8,399,"cov(gdp_growth,gdp_growth;lag=0)","cov(ffr,ffr;lag=1)",0.0008721303980723771,0.0014202007577167272
published_fitted,hac8,399,"cov(gdp_growth,gdp_growth;lag=0)","cov(gdp_growth,gdp_growth;lag=2)",0.0037907529956312555,0.005058399921060319
published_fitted,hac8,399,"cov(gdp_growth,gdp_growth;lag=0)","cov(infl,infl;lag=2)",0.0006423984953673679,0.0013369536651910415
published_fitted,hac8,399,"cov(gdp_growth,gdp_growth;lag=0)","cov(ffr,ffr;lag=2)",0.0007545823863218189,0.0012760870389689025
published_fitted,hac8,399,"cov(gdp_growth,gdp_growth;lag=0)","cov(gdp_growth,gdp_growth;lag=4)",0.0012513927563420116,0.002064148725499075
published_fitted,hac8,399,"cov(gdp_growth,gdp_growth;lag=0)","cov(infl,infl;lag=4)",0.00043196150887716916,0.001034112181503827
published_fitted,hac8,399,"cov(gdp_growth,gdp_growth;lag=0)","cov(ffr,ffr;lag=4)",0.00040790661055247434,0.0008544942995024402
published_fitted,hac8,399,"cov(gdp_growth,infl;lag=0)","cov(gdp_growth,gdp_growth;lag=0)",-0.002140198326887314,-0.00264585746506705
published_fitted,hac8,399,"cov(gdp_growth,infl;lag=0)","cov(gdp_growth,infl;lag=0)",0.002619766873444773,0.003025043253234486
published_fitted,hac8,399,"cov(gdp_growth,infl;lag=0)","cov(gdp_growth,ffr;lag=0)",0.0018097997254515415,0.0020288111635148377
published_fitted,hac8,399,"cov(gdp_growth,infl;lag=0)","cov(infl,infl;lag=0)",-0.001443892727214273,-0.0020972569489926874
published_fitted,hac8,399,"cov(gdp_growth,infl;lag=0)","cov(infl,ffr;lag=0)",-0.001218155908268079,-0.0016644249052038906
published_fitted,hac8,399,"cov(gdp_growth,infl;lag=0)","cov(ffr,ffr;lag=0)",-0.0009526836330476707,-0.0012732389471723459
published_fitted,hac8,399,"cov(gdp_growth,infl;lag=0)","cov(gdp_growth,gdp_growth;lag=1)",-0.0018696992932623778,-0.0025201649891501256
published_fitted,hac8,399,"cov(gdp_growth,infl;lag=0)","cov(infl,infl;lag=1)",-0.0014512846804968253,-0.0020615781164216138
published_fitted,hac8,399,"cov(gdp_growth,infl;lag=0)","cov(ffr,ffr;lag=1)",-0.0009345369463650203,-0.001255698206013518
published_fitted,hac8,399,"cov(gdp_growth,infl;lag=0)","cov(gdp_growth,gdp_growth;lag=2)",-0.0015827000069626837,-0.00226181191667181
published_fitted,hac8,399,"cov(gdp_growth,infl;lag=0)","cov(infl,infl;lag=2)",-0.001381208185621233,-0.0019620542599512046
published_fitted,hac8,399,"cov(gdp_growth,infl;lag=0)","cov(ffr,ffr;lag=2)",-0.000870021027382592,-0.0012033963772193226
published_fitted,hac8,399,"cov(gdp_growth,infl;lag=0)","cov(gdp_growth,gdp_growth;lag=4)",-0.0009047243435868718,-0.0015409565706004033
published_fitted,hac8,399,"cov(gdp_growth,infl;lag=0)","cov(infl,infl;lag=4)",-0.0010942749387568957,-0.0016250981233629626
published_fitted,hac8,399,"cov(gdp_growth,infl;lag=0)","cov(ffr,ffr;lag=4)",-0.0006430212415567566,-0.0010087984558681022
published_fitted,hac8,399,"cov(gdp_growth,ffr;lag=0)","cov(gdp_growth,gdp_growth;lag=0)",-0.0024454580403697555,-0.003109460029917106
published_fitted,hac8,399,"cov(gdp_growth,ffr;lag=0)","cov(gdp_growth,infl;lag=0)",0.0018097997254515415,0.0020288111635148377
published_fitted,hac8,399,"cov(gdp_growth,ffr;lag=0)","cov(gdp_growth,ffr;lag=0)",0.002984400210695024,0.0034877975077354136
published_fitted,hac8,399,"cov(gdp_growth,ffr;lag=0)","cov(infl,infl;lag=0)",-0.0010964978534644691,-0.0015675910940564804
published_fitted,hac8,399,"cov(gdp_growth,ffr;lag=0)","cov(infl,ffr;lag=0)",-0.0013511989699068847,-0.001862880212652597
published_fitted,hac8,399,"cov(gdp_growth,ffr;lag=0)","cov(ffr,ffr;lag=0)",-0.0016904024006684734,-0.0022438379024448145
published_fitted,hac8,399,"cov(gdp_growth,ffr;lag=0)","cov(gdp_growth,gdp_growth;lag=1)",-0.0021516406884637303,-0.0029368697734576525
published_fitted,hac8,399,"cov(gdp_growth,ffr;lag=0)","cov(infl,infl;lag=1)",-0.0011241980340580134,-0.0015380958144938575
published_fitted,hac8,399,"cov(gdp_growth,ffr;lag=0)","cov(ffr,ffr;lag=1)",-0.0016611453173572851,-0.002183602951444094
published_fitted,hac8,399,"cov(gdp_growth,ffr;lag=0)","cov(gdp_growth,gdp_growth;lag=2)",-0.0016921446200742615,-0.002435871548172121
published_fitted,hac8,399,"cov(gdp_growth,ffr;lag=0)","cov(infl,infl;lag=2)",-0.0010826061438702385,-0.0014522764232213746
published_fitted,hac8,399,"cov(gdp_growth,ffr;lag=0)","cov(ffr,ffr;lag=2)",-0.0015133381539354986,-0.002013318431029413
published_fitted,hac8,399,"cov(gdp_growth,ffr;lag=0)","cov(gdp_growth,gdp_growth;lag=4)",-0.0007310999126524456,-0.001302849762705517
published_fitted,hac8,399,"cov(gdp_growth,ffr;lag=0)","cov(infl,infl;lag=4)",-0.0008845420527360577,-0.0011624036218891587
published_fitted,hac8,399,"cov(gdp_growth,ffr;lag=0)","cov(ffr,ffr;lag=4)",-0.0010408127699857357,-0.0014810315584405204
published_fitted,hac8,399,"cov(infl,infl;lag=0)","cov(gdp_growth,gdp_growth;lag=0)",0.0006776235838875787,0.0014608351664377284
published_fitted,hac8,399,"cov(infl,infl;lag=0)","cov(gdp_growth,infl;lag=0)",-0.001443892727214273,-0.0020972569489926874
published_fitted,hac8,399,"cov(infl,infl;lag=0)","cov(gdp_growth,ffr;lag=0)",-0.0010964978534644691,-0.0015675910940564804
published_fitted,hac8,399,"cov(infl,infl;lag=0)","cov(infl,infl;lag=0)",0.0030970600195761038,0.005441310117069449
published_fitted,hac8,399,"cov(infl,infl;lag=0)","cov(infl,ffr;lag=0)",0.002122855379709303,0.0041106817955961885
published_fitted,hac8,399,"cov(infl,infl;lag=0)","cov(ffr,ffr;lag=0)",0.0015500832164252398,0.0035562845185744527
published_fitted,hac8,399,"cov(infl,infl;lag=0)","cov(gdp_growth,gdp_growth;lag=1)",0.0005970544552376583,0.0014227691016246223
published_fitted,hac8,399,"cov(infl,infl;lag=0)","cov(infl,infl;lag=1)",0.0029984352292097495,0.0053495329112534205
published_fitted,hac8,399,"cov(infl,infl;lag=0)","cov(ffr,ffr;lag=1)",0.0014437268406996173,0.0035165407156084612
published_fitted,hac8,399,"cov(infl,infl;lag=0)","cov(gdp_growth,gdp_growth;lag=2)",0.0005340330724001846,0.0013245389784086127
published_fitted,hac8,399,"cov(infl,infl;lag=0)","cov(infl,infl;lag=2)",0.00277449928282493,0.005145511417661571
published_fitted,hac8,399,"cov(infl,infl;lag=0)","cov(ffr,ffr;lag=2)",0.0013003604871736358,0.0034216309311200124
published_fitted,hac8,399,"cov(infl,infl;lag=0)","cov(gdp_growth,gdp_growth;lag=4)",0.0003818291857670527,0.001015820599294119
published_fitted,hac8,399,"cov(infl,infl;lag=0)","cov(infl,infl;lag=4)",0.002165285202904418,0.004540216094582066
published_fitted,hac8,399,"cov(infl,infl;lag=0)","cov(ffr,ffr;lag=4)",0.0009678196525719552,0.0031085643160323586
published_fitted,hac8,399,"cov(infl,ffr;lag=0)","cov(gdp_growth,gdp_growth;lag=0)",0.0007706416722470076,0.0013963340943596836
published_fitted,hac8,399,"cov(infl,ffr;lag=0)","cov(gdp_growth,infl;lag=0)",-0.001218155908268079,-0.0016644249052038906
published_fitted,hac8,399,"cov(infl,ffr;lag=0)","cov(gdp_growth,ffr;lag=0)",-0.0013511989699068847,-0.001862880212652597
published_fitted,hac8,399,"cov(infl,ffr;lag=0)","cov(infl,infl;lag=0)",0.002122855379709303,0.0041106817955961885
published_fitted,hac8,399,"cov(infl,ffr;lag=0)","cov(infl,ffr;lag=0)",0.002453724438195876,0.004577558377362296
published_fitted,hac8,399,"cov(infl,ffr;lag=0)","cov(ffr,ffr;lag=0)",0.0024277678293301757,0.00478457306802756
published_fitted,hac8,399,"cov(infl,ffr;lag=0)","cov(gdp_growth,gdp_growth;lag=1)",0.0006300965983670594,0.0013532452005242557
published_fitted,hac8,399,"cov(infl,ffr;lag=0)","cov(infl,infl;lag=1)",0.002131416035962774,0.004076911941793658
published_fitted,hac8,399,"cov(infl,ffr;lag=0)","cov(ffr,ffr;lag=1)",0.0023251001346694094,0.004735249848764019
published_fitted,hac8,399,"cov(infl,ffr;lag=0)","cov(gdp_growth,gdp_growth;lag=2)",0.0005753919398285161,0.0012416685748001485
published_fitted,hac8,399,"cov(infl,ffr;lag=0)","cov(infl,infl;lag=2)",0.002060406910013201,0.003977280229276406
published_fitted,hac8,399,"cov(infl,ffr;lag=0)","cov(ffr,ffr;lag=2)",0.002149983565978151,0.004609686301730878
published_fitted,hac8,399,"cov(infl,ffr;lag=0)","cov(gdp_growth,gdp_growth;lag=4)",0.00036487754532535047,0.0009038016986507184
published_fitted,hac8,399,"cov(infl,ffr;lag=0)","cov(infl,infl;lag=4)",0.0017701655792044914,0.003630924313645849
published_fitted,hac8,399,"cov(infl,ffr;lag=0)","cov(ffr,ffr;lag=4)",0.0016821503174580536,0.004188425699857833
published_fitted,hac8,399,"cov(ffr,ffr;lag=0)","cov(gdp_growth,gdp_growth;lag=0)",0.0008998319570097662,0.0014730883886658888
published_fitted,hac8,399,"cov(ffr,ffr;lag=0)","cov(gdp_growth,infl;lag=0)",-0.0009526836330476707,-0.0012732389471723459
published_fitted,hac8,399,"cov(ffr,ffr;lag=0)","cov(gdp_growth,ffr;lag=0)",-0.0016904024006684734,-0.0022438379024448145
published_fitted,hac8,399,"cov(ffr,ffr;lag=0)","cov(infl,infl;lag=0)",0.0015500832164252398,0.0035562845185744527
published_fitted,hac8,399,"cov(ffr,ffr;lag=0)","cov(infl,ffr;lag=0)",0.0024277678293301757,0.00478457306802756
published_fitted,hac8,399,"cov(ffr,ffr;lag=0)","cov(ffr,ffr;lag=0)",0.004077494821783385,0.007334440308206136
published_fitted,hac8,399,"cov(ffr,ffr;lag=0)","cov(gdp_growth,gdp_growth;lag=1)",0.000662268065271179,0.001414991214487825
published_fitted,hac8,399,"cov(ffr,ffr;lag=0)","cov(infl,infl;lag=1)",0.0016031017594529114,0.003534627544520585
published_fitted,hac8,399,"cov(ffr,ffr;lag=0)","cov(ffr,ffr;lag=1)",0.003967973767897173,0.007235076114368956
published_fitted,hac8,399,"cov(ffr,ffr;lag=0)","cov(gdp_growth,gdp_growth;lag=2)",0.0005874325053774917,0.001267083640742862
published_fitted,hac8,399,"cov(ffr,ffr;lag=0)","cov(infl,infl;lag=2)",0.0015908206555923668,0.0034566064183452895
published_fitted,hac8,399,"cov(ffr,ffr;lag=0)","cov(ffr,ffr;lag=2)",0.003688602728970757,0.006974920292170881
published_fitted,hac8,399,"cov(ffr,ffr;lag=0)","cov(gdp_growth,gdp_growth;lag=4)",0.0003533510693140029,0.000841876550071327
published_fitted,hac8,399,"cov(ffr,ffr;lag=0)","cov(infl,infl;lag=4)",0.0014245104811206016,0.0031717363337356516
published_fitted,hac8,399,"cov(ffr,ffr;lag=0)","cov(ffr,ffr;lag=4)",0.002889479665091218,0.006157044571136816
published_fitted,hac8,399,"cov(gdp_growth,gdp_growth;lag=1)","cov(gdp_growth,gdp_growth;lag=0)",0.005957703208892215,0.007334669133283607
published_fitted,hac8,399,"cov(gdp_growth,gdp_growth;lag=1)","cov(gdp_growth,infl;lag=0)",-0.0018696992932623778,-0.0025201649891501256
published_fitted,hac8,399,"cov(gdp_growth,gdp_growth;lag=1)","cov(gdp_growth,ffr;lag=0)",-0.0021516406884637303,-0.0029368697734576525
published_fitted,hac8,399,"cov(gdp_growth,gdp_growth;lag=1)","cov(infl,infl;lag=0)",0.0005970544552376583,0.0014227691016246223
published_fitted,hac8,399,"cov(gdp_growth,gdp_growth;lag=1)","cov(infl,ffr;lag=0)",0.0006300965983670594,0.0013532452005242557
published_fitted,hac8,399,"cov(gdp_growth,gdp_growth;lag=1)","cov(ffr,ffr;lag=0)",0.000662268065271179,0.001414991214487825
published_fitted,hac8,399,"cov(gdp_growth,gdp_growth;lag=1)","cov(gdp_growth,gdp_growth;lag=1)",0.0076150044416455915,0.009045997769456802
published_fitted,hac8,399,"cov(gdp_growth,gdp_growth;lag=1)","cov(infl,infl;lag=1)",0.000628463624538978,0.001396143413807661
published_fitted,hac8,399,"cov(gdp_growth,gdp_growth;lag=1)","cov(ffr,ffr;lag=1)",0.0006606108153443606,0.0013728969780977792
published_fitted,hac8,399,"cov(gdp_growth,gdp_growth;lag=1)","cov(gdp_growth,gdp_growth;lag=2)",0.004138422170082405,0.005366729830475161
published_fitted,hac8,399,"cov(gdp_growth,gdp_growth;lag=1)","cov(infl,infl;lag=2)",0.000601249531393284,0.0013125170916512242
published_fitted,hac8,399,"cov(gdp_growth,gdp_growth;lag=1)","cov(ffr,ffr;lag=2)",0.0005874666504147525,0.001247603113742273
published_fitted,hac8,399,"cov(gdp_growth,gdp_growth;lag=1)","cov(gdp_growth,gdp_growth;lag=4)",0.001454213954073381,0.002197681076931467
published_fitted,hac8,399,"cov(gdp_growth,gdp_growth;lag=1)","cov(infl,infl;lag=4)",0.00045064422034307396,0.001026458855808862
published_fitted,hac8,399,"cov(gdp_growth,gdp_growth;lag=1)","cov(ffr,ffr;lag=4)",0.0003254563129372655,0.0008536973937599034
published_fitted,hac8,399,"cov(infl,infl;lag=1)","cov(gdp_growth,gdp_growth;lag=0)",0.0006949173968849758,0.0014295861611676006
published_fitted,hac8,399,"cov(infl,infl;lag=1)","cov(gdp_growth,infl;lag=0)",-0.0014512846804968253,-0.0020615781164216138
published_fitted,hac8,399,"cov(infl,infl;lag=1)","cov(gdp_growth,ffr;lag=0)",-0.0011241980340580134,-0.0015380958144938575
published_fitted,hac8,399,"cov(infl,infl;lag=1)","cov(infl,infl;lag=0)",0.0029984352292097495,0.0053495329112534205
published_fitted,hac8,399,"cov(infl,infl;lag=1)","cov(infl,ffr;lag=0)",0.002131416035962774,0.004076911941793658
published_fitted,hac8,399,"cov(infl,infl;lag=1)","cov(ffr,ffr;lag=0)",0.0016031017594529114,0.003534627544520585
published_fitted,hac8,399,"cov(infl,infl;lag=1)","cov(gdp_growth,gdp_growth;lag=1)",0.000628463624538978,0.001396143413807661
published_fitted,hac8,399,"cov(infl,infl;lag=1)","cov(infl,infl;lag=1)",0.002981566447229649,0.005295485677578357
published_fitted,hac8,399,"cov(infl,infl;lag=1)","cov(ffr,ffr;lag=1)",0.0015134228579864926,0.0034985097396980753
published_fitted,hac8,399,"cov(infl,infl;lag=1)","cov(gdp_growth,gdp_growth;lag=2)",0.0005721588591036156,0.0013063120116997306
published_fitted,hac8,399,"cov(infl,infl;lag=1)","cov(infl,infl;lag=2)",0.0028058731033808043,0.005111897624636785
published_fitted,hac8,399,"cov(infl,infl;lag=1)","cov(ffr,ffr;lag=2)",0.001381430650487426,0.00340925497903821
published_fitted,hac8,399,"cov(infl,infl;lag=1)","cov(gdp_growth,gdp_growth;lag=4)",0.0004191206748355888,0.0010125286679699811
published_fitted,hac8,399,"cov(infl,infl;lag=1)","cov(infl,infl;lag=4)",0.002244955828613524,0.004533272062607682
published_fitted,hac8,399,"cov(infl,infl;lag=1)","cov(ffr,ffr;lag=4)",0.0010566364787171411,0.003108056861566371
published_fitted,hac8,399,"cov(ffr,ffr;lag=1)","cov(gdp_growth,gdp_growth;lag=0)",0.0008721303980723771,0.0014202007577167272
published_fitted,hac8,399,"cov(ffr,ffr;lag=1)","cov(gdp_growth,infl;lag=0)",-0.0009345369463650203,-0.001255698206013518
published_fitted,hac8,399,"cov(ffr,ffr;lag=1)","cov(gdp_growth,ffr;lag=0)",-0.0016611453173572851,-0.002183602951444094
published_fitted,hac8,399,"cov(ffr,ffr;lag=1)","cov(infl,infl;lag=0)",0.0014437268406996173,0.0035165407156084612
published_fitted,hac8,399,"cov(ffr,ffr;lag=1)","cov(infl,ffr;lag=0)",0.0023251001346694094,0.004735249848764019
published_fitted,hac8,399,"cov(ffr,ffr;lag=1)","cov(ffr,ffr;lag=0)",0.003967973767897173,0.007235076114368956
published_fitted,hac8,399,"cov(ffr,ffr;lag=1)","cov(gdp_growth,gdp_growth;lag=1)",0.0006606108153443606,0.0013728969780977792
published_fitted,hac8,399,"cov(ffr,ffr;lag=1)","cov(infl,infl;lag=1)",0.0015134228579864926,0.0034985097396980753
published_fitted,hac8,399,"cov(ffr,ffr;lag=1)","cov(ffr,ffr;lag=1)",0.003932680930832823,0.00715753831963624
published_fitted,hac8,399,"cov(ffr,ffr;lag=1)","cov(gdp_growth,gdp_growth;lag=2)",0.0006052459064864839,0.0012430331630586427
published_fitted,hac8,399,"cov(ffr,ffr;lag=1)","cov(infl,infl;lag=2)",0.0015227297959571151,0.0034267780202463165
published_fitted,hac8,399,"cov(ffr,ffr;lag=1)","cov(ffr,ffr;lag=2)",0.003715832582843298,0.0069237249862929345
published_fitted,hac8,399,"cov(ffr,ffr;lag=1)","cov(gdp_growth,gdp_growth;lag=4)",0.00037923436898460193,0.0008439716629831526
published_fitted,hac8,399,"cov(ffr,ffr;lag=1)","cov(infl,infl;lag=4)",0.001396210208756097,0.0031558499431589967
published_fitted,hac8,399,"cov(ffr,ffr;lag=1)","cov(ffr,ffr;lag=4)",0.002985283149876389,0.006146420434377268
published_fitted,hac8,399,"cov(gdp_growth,gdp_growth;lag=2)","cov(gdp_growth,gdp_growth;lag=0)",0.0037907529956312555,0.005058399921060319
published_fitted,hac8,399,"cov(gdp_growth,gdp_growth;lag=2)","cov(gdp_growth,infl;lag=0)",-0.0015827000069626837,-0.00226181191667181
published_fitted,hac8,399,"cov(gdp_growth,gdp_growth;lag=2)","cov(gdp_growth,ffr;lag=0)",-0.0016921446200742615,-0.002435871548172121
published_fitted,hac8,399,"cov(gdp_growth,gdp_growth;lag=2)","cov(infl,infl;lag=0)",0.0005340330724001846,0.0013245389784086127
published_fitted,hac8,399,"cov(gdp_growth,gdp_growth;lag=2)","cov(infl,ffr;lag=0)",0.0005753919398285161,0.0012416685748001485
published_fitted,hac8,399,"cov(gdp_growth,gdp_growth;lag=2)","cov(ffr,ffr;lag=0)",0.0005874325053774917,0.001267083640742862
published_fitted,hac8,399,"cov(gdp_growth,gdp_growth;lag=2)","cov(gdp_growth,gdp_growth;lag=1)",0.004138422170082405,0.005366729830475161
published_fitted,hac8,399,"cov(gdp_growth,gdp_growth;lag=2)","cov(infl,infl;lag=1)",0.0005721588591036156,0.0013063120116997306
published_fitted,hac8,399,"cov(gdp_growth,gdp_growth;lag=2)","cov(ffr,ffr;lag=1)",0.0006052459064864839,0.0012430331630586427
published_fitted,hac8,399,"cov(gdp_growth,gdp_growth;lag=2)","cov(gdp_growth,gdp_growth;lag=2)",0.006393402477979466,0.007549537000253958
published_fitted,hac8,399,"cov(gdp_growth,gdp_growth;lag=2)","cov(infl,infl;lag=2)",0.0005722552949599046,0.0012438942905639544
published_fitted,hac8,399,"cov(gdp_growth,gdp_growth;lag=2)","cov(ffr,ffr;lag=2)",0.000581171855414976,0.0011617792867413459
published_fitted,hac8,399,"cov(gdp_growth,gdp_growth;lag=2)","cov(gdp_growth,gdp_growth;lag=4)",0.0018531985429572338,0.0026121033084231964
published_fitted,hac8,399,"cov(gdp_growth,gdp_growth;lag=2)","cov(infl,infl;lag=4)",0.0004838677279638357,0.0010042774685056696
published_fitted,hac8,399,"cov(gdp_growth,gdp_growth;lag=2)","cov(ffr,ffr;lag=4)",0.00040181243077324664,0.0008482196734342372
published_fitted,hac8,399,"cov(infl,infl;lag=2)","cov(gdp_growth,gdp_growth;lag=0)",0.0006423984953673679,0.0013369536651910415
published_fitted,hac8,399,"cov(infl,infl;lag=2)","cov(gdp_growth,infl;lag=0)",-0.001381208185621233,-0.0019620542599512046
published_fitted,hac8,399,"cov(infl,infl;lag=2)","cov(gdp_growth,ffr;lag=0)",-0.0010826061438702385,-0.0014522764232213746
published_fitted,hac8,399,"cov(infl,infl;lag=2)","cov(infl,infl;lag=0)",0.00277449928282493,0.005145511417661571
published_fitted,hac8,399,"cov(infl,infl;lag=2)","cov(infl,ffr;lag=0)",0.002060406910013201,0.003977280229276406
published_fitted,hac8,399,"cov(infl,infl;lag=2)","cov(ffr,ffr;lag=0)",0.0015908206555923668,0.0034566064183452895
published_fitted,hac8,399,"cov(infl,infl;lag=2)","cov(gdp_growth,gdp_growth;lag=1)",0.000601249531393284,0.0013125170916512242
published_fitted,hac8,399,"cov(infl,infl;lag=2)","cov(infl,infl;lag=1)",0.0028058731033808043,0.005111897624636785
published_fitted,hac8,399,"cov(infl,infl;lag=2)","cov(ffr,ffr;lag=1)",0.0015227297959571151,0.0034267780202463165
published_fitted,hac8,399,"cov(infl,infl;lag=2)","cov(gdp_growth,gdp_growth;lag=2)",0.0005722552949599046,0.0012438942905639544
published_fitted,hac8,399,"cov(infl,infl;lag=2)","cov(infl,infl;lag=2)",0.0027390086706500735,0.004997223362605624
published_fitted,hac8,399,"cov(infl,infl;lag=2)","cov(ffr,ffr;lag=2)",0.0014164660299507562,0.0033514715106109094
published_fitted,hac8,399,"cov(infl,infl;lag=2)","cov(gdp_growth,gdp_growth;lag=4)",0.0004598351166865927,0.0009949804912877792
published_fitted,hac8,399,"cov(infl,infl;lag=2)","cov(infl,infl;lag=4)",0.0022883714914552476,0.004496635062425122
published_fitted,hac8,399,"cov(infl,infl;lag=2)","cov(ffr,ffr;lag=4)",0.0011269889439305763,0.0030835772702727847
published_fitted,hac8,399,"cov(ffr,ffr;lag=2)","cov(gdp_growth,gdp_growth;lag=0)",0.0007545823863218189,0.0012760870389689025
published_fitted,hac8,399,"cov(ffr,ffr;lag=2)","cov(gdp_growth,infl;lag=0)",-0.000870021027382592,-0.0012033963772193226
published_fitted,hac8,399,"cov(ffr,ffr;lag=2)","cov(gdp_growth,ffr;lag=0)",-0.0015133381539354986,-0.002013318431029413
published_fitted,hac8,399,"cov(ffr,ffr;lag=2)","cov(infl,infl;lag=0)",0.0013003604871736358,0.0034216309311200124
published_fitted,hac8,399,"cov(ffr,ffr;lag=2)","cov(infl,ffr;lag=0)",0.002149983565978151,0.004609686301730878
published_fitted,hac8,399,"cov(ffr,ffr;lag=2)","cov(ffr,ffr;lag=0)",0.003688602728970757,0.006974920292170881
published_fitted,hac8,399,"cov(ffr,ffr;lag=2)","cov(gdp_growth,gdp_growth;lag=1)",0.0005874666504147525,0.001247603113742273
published_fitted,hac8,399,"cov(ffr,ffr;lag=2)","cov(infl,infl;lag=1)",0.001381430650487426,0.00340925497903821
published_fitted,hac8,399,"cov(ffr,ffr;lag=2)","cov(ffr,ffr;lag=1)",0.003715832582843298,0.0069237249862929345
published_fitted,hac8,399,"cov(ffr,ffr;lag=2)","cov(gdp_growth,gdp_growth;lag=2)",0.000581171855414976,0.0011617792867413459
published_fitted,hac8,399,"cov(ffr,ffr;lag=2)","cov(infl,infl;lag=2)",0.0014164660299507562,0.0033514715106109094
published_fitted,hac8,399,"cov(ffr,ffr;lag=2)","cov(ffr,ffr;lag=2)",0.0036072336278031142,0.006754797213457733
published_fitted,hac8,399,"cov(ffr,ffr;lag=2)","cov(gdp_growth,gdp_growth;lag=4)",0.0004075041036058572,0.0008415084683730026
published_fitted,hac8,399,"cov(ffr,ffr;lag=2)","cov(infl,infl;lag=4)",0.0013482620042279828,0.0031154849101760673
published_fitted,hac8,399,"cov(ffr,ffr;lag=2)","cov(ffr,ffr;lag=4)",0.0030276179133106344,0.006091720009782337
published_fitted,hac8,399,"cov(gdp_growth,gdp_growth;lag=4)","cov(gdp_growth,gdp_growth;lag=0)",0.0012513927563420116,0.002064148725499075
published_fitted,hac8,399,"cov(gdp_growth,gdp_growth;lag=4)","cov(gdp_growth,infl;lag=0)",-0.0009047243435868718,-0.0015409565706004033
published_fitted,hac8,399,"cov(gdp_growth,gdp_growth;lag=4)","cov(gdp_growth,ffr;lag=0)",-0.0007310999126524456,-0.001302849762705517
published_fitted,hac8,399,"cov(gdp_growth,gdp_growth;lag=4)","cov(infl,infl;lag=0)",0.0003818291857670527,0.001015820599294119
published_fitted,hac8,399,"cov(gdp_growth,gdp_growth;lag=4)","cov(infl,ffr;lag=0)",0.00036487754532535047,0.0009038016986507184
published_fitted,hac8,399,"cov(gdp_growth,gdp_growth;lag=4)","cov(ffr,ffr;lag=0)",0.0003533510693140029,0.000841876550071327
published_fitted,hac8,399,"cov(gdp_growth,gdp_growth;lag=4)","cov(gdp_growth,gdp_growth;lag=1)",0.001454213954073381,0.002197681076931467
published_fitted,hac8,399,"cov(gdp_growth,gdp_growth;lag=4)","cov(infl,infl;lag=1)",0.0004191206748355888,0.0010125286679699811
published_fitted,hac8,399,"cov(gdp_growth,gdp_growth;lag=4)","cov(ffr,ffr;lag=1)",0.00037923436898460193,0.0008439716629831526
published_fitted,hac8,399,"cov(gdp_growth,gdp_growth;lag=4)","cov(gdp_growth,gdp_growth;lag=2)",0.0018531985429572338,0.0026121033084231964
published_fitted,hac8,399,"cov(gdp_growth,gdp_growth;lag=4)","cov(infl,infl;lag=2)",0.0004598351166865927,0.0009949804912877792
published_fitted,hac8,399,"cov(gdp_growth,gdp_growth;lag=4)","cov(ffr,ffr;lag=2)",0.0004075041036058572,0.0008415084683730026
published_fitted,hac8,399,"cov(gdp_growth,gdp_growth;lag=4)","cov(gdp_growth,gdp_growth;lag=4)",0.005445866718965209,0.006044006024268376
published_fitted,hac8,399,"cov(gdp_growth,gdp_growth;lag=4)","cov(infl,infl;lag=4)",0.0004930278477881789,0.0008997334839346195
published_fitted,hac8,399,"cov(gdp_growth,gdp_growth;lag=4)","cov(ffr,ffr;lag=4)",0.0004314950848958772,0.0007746323656339469
published_fitted,hac8,399,"cov(infl,infl;lag=4)","cov(gdp_growth,gdp_growth;lag=0)",0.00043196150887716916,0.001034112181503827
published_fitted,hac8,399,"cov(infl,infl;lag=4)","cov(gdp_growth,infl;lag=0)",-0.0010942749387568957,-0.0016250981233629626
published_fitted,hac8,399,"cov(infl,infl;lag=4)","cov(gdp_growth,ffr;lag=0)",-0.0008845420527360577,-0.0011624036218891587
published_fitted,hac8,399,"cov(infl,infl;lag=4)","cov(infl,infl;lag=0)",0.002165285202904418,0.004540216094582066
published_fitted,hac8,399,"cov(infl,infl;lag=4)","cov(infl,ffr;lag=0)",0.0017701655792044914,0.003630924313645849
published_fitted,hac8,399,"cov(infl,infl;lag=4)","cov(ffr,ffr;lag=0)",0.0014245104811206016,0.0031717363337356516
published_fitted,hac8,399,"cov(infl,infl;lag=4)","cov(gdp_growth,gdp_growth;lag=1)",0.00045064422034307396,0.001026458855808862
published_fitted,hac8,399,"cov(infl,infl;lag=4)","cov(infl,infl;lag=1)",0.002244955828613524,0.004533272062607682
published_fitted,hac8,399,"cov(infl,infl;lag=4)","cov(ffr,ffr;lag=1)",0.001396210208756097,0.0031558499431589967
published_fitted,hac8,399,"cov(infl,infl;lag=4)","cov(gdp_growth,gdp_growth;lag=2)",0.0004838677279638357,0.0010042774685056696
published_fitted,hac8,399,"cov(infl,infl;lag=4)","cov(infl,infl;lag=2)",0.0022883714914552476,0.004496635062425122
published_fitted,hac8,399,"cov(infl,infl;lag=4)","cov(ffr,ffr;lag=2)",0.0013482620042279828,0.0031154849101760673
published_fitted,hac8,399,"cov(infl,infl;lag=4)","cov(gdp_growth,gdp_growth;lag=4)",0.0004930278477881789,0.0008997334839346195
published_fitted,hac8,399,"cov(infl,infl;lag=4)","cov(infl,infl;lag=4)",0.002235433178043373,0.004300366378410896
published_fitted,hac8,399,"cov(infl,infl;lag=4)","cov(ffr,ffr;lag=4)",0.001187082357954891,0.0029564956130701233
published_fitted,hac8,399,"cov(ffr,ffr;lag=4)","cov(gdp_growth,gdp_growth;lag=0)",0.00040790661055247434,0.0008544942995024402
published_fitted,hac8,399,"cov(ffr,ffr;lag=4)","cov(gdp_growth,infl;lag=0)",-0.0006430212415567566,-0.0010087984558681022
published_fitted,hac8,399,"cov(ffr,ffr;lag=4)","cov(gdp_growth,ffr;lag=0)",-0.0010408127699857357,-0.0014810315584405204
published_fitted,hac8,399,"cov(ffr,ffr;lag=4)","cov(infl,infl;lag=0)",0.0009678196525719552,0.0031085643160323586
published_fitted,hac8,399,"cov(ffr,ffr;lag=4)","cov(infl,ffr;lag=0)",0.0016821503174580536,0.004188425699857833
published_fitted,hac8,399,"cov(ffr,ffr;lag=4)","cov(ffr,ffr;lag=0)",0.002889479665091218,0.006157044571136816
published_fitted,hac8,399,"cov(ffr,ffr;lag=4)","cov(gdp_growth,gdp_growth;lag=1)",0.0003254563129372655,0.0008536973937599034
published_fitted,hac8,399,"cov(ffr,ffr;lag=4)","cov(infl,infl;lag=1)",0.0010566364787171411,0.003108056861566371
published_fitted,hac8,399,"cov(ffr,ffr;lag=4)","cov(ffr,ffr;lag=1)",0.002985283149876389,0.006146420434377268
published_fitted,hac8,399,"cov(ffr,ffr;lag=4)","cov(gdp_growth,gdp_growth;lag=2)",0.00040181243077324664,0.0008482196734342372
published_fitted,hac8,399,"cov(ffr,ffr;lag=4)","cov(infl,infl;lag=2)",0.0011269889439305763,0.0030835772702727847
published_fitted,hac8,399,"cov(ffr,ffr;lag=4)","cov(ffr,ffr;lag=2)",0.0030276179133106344,0.006091720009782337
published_fitted,hac8,399,"cov(ffr,ffr;lag=4)","cov(gdp_growth,gdp_growth;lag=4)",0.0004314950848958772,0.0007746323656339469
published_fitted,hac8,399,"cov(ffr,ffr;lag=4)","cov(infl,infl;lag=4)",0.001187082357954891,0.0029564956130701233
published_fitted,hac8,399,"cov(ffr,ffr;lag=4)","cov(ffr,ffr;lag=4)",0.0029131262840766826,0.005800904865448809
published_fitted,hac12,399,"cov(gdp_growth,gdp_growth;lag=0)","cov(gdp_growth,gdp_growth;lag=0)",0.011451544218648338,0.013028774572850354
published_fitted,hac12,399,"cov(gdp_growth,gdp_growth;lag=0)","cov(gdp_growth,infl;lag=0)",-0.002145822858500002,-0.00264585746506705
published_fitted,hac12,399,"cov(gdp_growth,gdp_growth;lag=0)","cov(gdp_growth,ffr;lag=0)",-0.0024653829610044005,-0.003109460029917106
published_fitted,hac12,399,"cov(gdp_growth,gdp_growth;lag=0)","cov(infl,infl;lag=0)",0.0007110850213147811,0.0014608351664377284
published_fitted,hac12,399,"cov(gdp_growth,gdp_growth;lag=0)","cov(infl,ffr;lag=0)",0.0007953455836591643,0.0013963340943596836
published_fitted,hac12,399,"cov(gdp_growth,gdp_growth;lag=0)","cov(ffr,ffr;lag=0)",0.0009346351573387427,0.0014730883886658888
published_fitted,hac12,399,"cov(gdp_growth,gdp_growth;lag=0)","cov(gdp_growth,gdp_growth;lag=1)",0.0060086559196397,0.007334669133283607
published_fitted,hac12,399,"cov(gdp_growth,gdp_growth;lag=0)","cov(infl,infl;lag=1)",0.000717332157282643,0.0014295861611676006
published_fitted,hac12,399,"cov(gdp_growth,gdp_growth;lag=0)","cov(ffr,ffr;lag=1)",0.0009043214325354916,0.0014202007577167272
published_fitted,hac12,399,"cov(gdp_growth,gdp_growth;lag=0)","cov(gdp_growth,gdp_growth;lag=2)",0.003884332474210631,0.005058399921060319
published_fitted,hac12,399,"cov(gdp_growth,gdp_growth;lag=0)","cov(infl,infl;lag=2)",0.0006516273545582738,0.0013369536651910415
published_fitted,hac12,399,"cov(gdp_growth,gdp_growth;lag=0)","cov(ffr,ffr;lag=2)",0.0007862596849583026,0.0012760870389689025
published_fitted,hac12,399,"cov(gdp_growth,gdp_growth;lag=0)","cov(gdp_growth,gdp_growth;lag=4)",0.0013508884760266428,0.002064148725499075
published_fitted,hac12,399,"cov(gdp_growth,gdp_growth;lag=0)","cov(infl,infl;lag=4)",0.000429282983253784,0.001034112181503827
published_fitted,hac12,399,"cov(gdp_growth,gdp_growth;lag=0)","cov(ffr,ffr;lag=4)",0.00043135161871019664,0.0008544942995024402
published_fitted,hac12,399,"cov(gdp_growth,infl;lag=0)","cov(gdp_growth,gdp_growth;lag=0)",-0.002145822858500002,-0.00264585746506705
published_fitted,hac12,399,"cov(gdp_growth,infl;lag=0)","cov(gdp_growth,infl;lag=0)",0.0025931855675956437,0.003025043253234486
published_fitted,hac12,399,"cov(gdp_growth,infl;lag=0)","cov(gdp_growth,ffr;lag=0)",0.0017904934210356126,0.0020288111635148377
published_fitted,hac12,399,"cov(gdp_growth,infl;lag=0)","cov(infl,infl;lag=0)",-0.0015211958470144136,-0.0020972569489926874
published_fitted,hac12,399,"cov(gdp_growth,infl;lag=0)","cov(infl,ffr;lag=0)",-0.0012527636860644562,-0.0016644249052038906
published_fitted,hac12,399,"cov(gdp_growth,infl;lag=0)","cov(ffr,ffr;lag=0)",-0.0009586259535323189,-0.0012732389471723459
published_fitted,hac12,399,"cov(gdp_growth,infl;lag=0)","cov(gdp_growth,gdp_growth;lag=1)",-0.0018881028677954477,-0.0025201649891501256
published_fitted,hac12,399,"cov(gdp_growth,infl;lag=0)","cov(infl,infl;lag=1)",-0.0015187825593402436,-0.0020615781164216138
published_fitted,hac12,399,"cov(gdp_growth,infl;lag=0)","cov(ffr,ffr;lag=1)",-0.0009408917873623163,-0.001255698206013518
published_fitted,hac12,399,"cov(gdp_growth,infl;lag=0)","cov(gdp_growth,gdp_growth;lag=2)",-0.001645723402098427,-0.00226181191667181
published_fitted,hac12,399,"cov(gdp_growth,infl;lag=0)","cov(infl,infl;lag=2)",-0.0014416560280336417,-0.0019620542599512046
published_fitted,hac12,399,"cov(gdp_growth,infl;lag=0)","cov(ffr,ffr;lag=2)",-0.0008820777197785217,-0.0012033963772193226
published_fitted,hac12,399,"cov(gdp_growth,infl;lag=0)","cov(gdp_growth,gdp_growth;lag=4)",-0.0010063507000341724,-0.0015409565706004033
published_fitted,hac12,399,"cov(gdp_growth,infl;lag=0)","cov(infl,infl;lag=4)",-0.0011495689322015364,-0.0016250981233629626
published_fitted,hac12,399,"cov(gdp_growth,infl;lag=0)","cov(ffr,ffr;lag=4)",-0.0006763160271693977,-0.0010087984558681022
published_fitted,hac12,399,"cov(gdp_growth,ffr;lag=0)","cov(gdp_growth,gdp_growth;lag=0)",-0.0024653829610044005,-0.003109460029917106
published_fitted,hac12,399,"cov(gdp_growth,ffr;lag=0)","cov(gdp_growth,infl;lag=0)",0.0017904934210356126,0.0020288111635148377
published_fitted,hac12,399,"cov(gdp_growth,ffr;lag=0)","cov(gdp_growth,ffr;lag=0)",0.0029468138194538316,0.0034877975077354136
published_fitted,hac12,399,"cov(gdp_growth,ffr;lag=0)","cov(infl,infl;lag=0)",-0.0011832303771024061,-0.0015675910940564804
published_fitted,hac12,399,"cov(gdp_growth,ffr;lag=0)","cov(infl,ffr;lag=0)",-0.0014086916877613681,-0.001862880212652597
published_fitted,hac12,399,"cov(gdp_growth,ffr;lag=0)","cov(ffr,ffr;lag=0)",-0.0017120614628802306,-0.0022438379024448145
published_fitted,hac12,399,"cov(gdp_growth,ffr;lag=0)","cov(gdp_growth,gdp_growth;lag=1)",-0.0021873801512756605,-0.0029368697734576525
published_fitted,hac12,399,"cov(gdp_growth,ffr;lag=0)","cov(infl,infl;lag=1)",-0.0011961444963024845,-0.0015380958144938575
published_fitted,hac12,399,"cov(gdp_growth,ffr;lag=0)","cov(ffr,ffr;lag=1)",-0.0016754782740748396,-0.002183602951444094
published_fitted,hac12,399,"cov(gdp_growth,ffr;lag=0)","cov(gdp_growth,gdp_growth;lag=2)",-0.0017572997256709883,-0.002435871548172121
published_fitted,hac12,399,"cov(gdp_growth,ffr;lag=0)","cov(infl,infl;lag=2)",-0.0011407902824152934,-0.0014522764232213746
published_fitted,hac12,399,"cov(gdp_growth,ffr;lag=0)","cov(ffr,ffr;lag=2)",-0.0015303291693127804,-0.002013318431029413
published_fitted,hac12,399,"cov(gdp_growth,ffr;lag=0)","cov(gdp_growth,gdp_growth;lag=4)",-0.000805172288342599,-0.001302849762705517
published_fitted,hac12,399,"cov(gdp_growth,ffr;lag=0)","cov(infl,infl;lag=4)",-0.0009241488099067334,-0.0011624036218891587
published_fitted,hac12,399,"cov(gdp_growth,ffr;lag=0)","cov(ffr,ffr;lag=4)",-0.0010718754995539806,-0.0014810315584405204
published_fitted,hac12,399,"cov(infl,infl;lag=0)","cov(gdp_growth,gdp_growth;lag=0)",0.0007110850213147811,0.0014608351664377284
published_fitted,hac12,399,"cov(infl,infl;lag=0)","cov(gdp_growth,infl;lag=0)",-0.0015211958470144136,-0.0020972569489926874
published_fitted,hac12,399,"cov(infl,infl;lag=0)","cov(gdp_growth,ffr;lag=0)",-0.0011832303771024061,-0.0015675910940564804
published_fitted,hac12,399,"cov(infl,infl;lag=0)","cov(infl,infl;lag=0)",0.0033220802592239945,0.005441310117069449
published_fitted,hac12,399,"cov(infl,infl;lag=0)","cov(infl,ffr;lag=0)",0.0023212087679640937,0.0041106817955961885
published_fitted,hac12,399,"cov(infl,infl;lag=0)","cov(ffr,ffr;lag=0)",0.0017512783799581353,0.0035562845185744527
published_fitted,hac12,399,"cov(infl,infl;lag=0)","cov(gdp_growth,gdp_growth;lag=1)",0.000633756184419224,0.0014227691016246223
published_fitted,hac12,399,"cov(infl,infl;lag=0)","cov(infl,infl;lag=1)",0.0032337854063736516,0.0053495329112534205
published_fitted,hac12,399,"cov(infl,infl;lag=0)","cov(ffr,ffr;lag=1)",0.001663199120828429,0.0035165407156084612
published_fitted,hac12,399,"cov(infl,infl;lag=0)","cov(gdp_growth,gdp_growth;lag=2)",0.0006019105696122526,0.0013245389784086127
published_fitted,hac12,399,"cov(infl,infl;lag=0)","cov(infl,infl;lag=2)",0.00302648275752111,0.005145511417661571
published_fitted,hac12,399,"cov(infl,infl;lag=0)","cov(ffr,ffr;lag=2)",0.0015375759462190714,0.0034216309311200124
published_fitted,hac12,399,"cov(infl,infl;lag=0)","cov(gdp_growth,gdp_growth;lag=4)",0.00044602852341755366,0.001015820599294119
published_fitted,hac12,399,"cov(infl,infl;lag=0)","cov(infl,infl;lag=4)",0.002443218760167183,0.004540216094582066
published_fitted,hac12,399,"cov(infl,infl;lag=0)","cov(ffr,ffr;lag=4)",0.001226523356834725,0.0031085643160323586
published_fitted,hac12,399,"cov(infl,ffr;lag=0)","cov(gdp_growth,gdp_growth;lag=0)",0.0007953455836591643,0.0013963340943596836
published_fitted,hac12,399,"cov(infl,ffr;lag=0)","cov(gdp_growth,infl;lag=0)",-0.0012527636860644562,-0.0016644249052038906
published_fitted,hac12,399,"cov(infl,ffr;lag=0)","cov(gdp_growth,ffr;lag=0)",-0.0014086916877613681,-0.001862880212652597
published_fitted,hac12,399,"cov(infl,ffr;lag=0)","cov(infl,infl;lag=0)",0.0023212087679640937,0.0041106817955961885
published_fitted,hac12,399,"cov(infl,ffr;lag=0)","cov(infl,ffr;lag=0)",0.00265095010825572,0.004577558377362296
published_fitted,hac12,399,"cov(infl,ffr;lag=0)","cov(ffr,ffr;lag=0)",0.0026511357214085676,0.00478457306802756
published_fitted,hac12,399,"cov(infl,ffr;lag=0)","cov(gdp_growth,gdp_growth;lag=1)",0.0006519141902250644,0.0013532452005242557
published_fitted,hac12,399,"cov(infl,ffr;lag=0)","cov(infl,infl;lag=1)",0.002323601205018999,0.004076911941793658
published_fitted,hac12,399,"cov(infl,ffr;lag=0)","cov(ffr,ffr;lag=1)",0.002566803806563841,0.004735249848764019
published_fitted,hac12,399,"cov(infl,ffr;lag=0)","cov(gdp_growth,gdp_growth;lag=2)",0.0006231505738774086,0.0012416685748001485
published_fitted,hac12,399,"cov(infl,ffr;lag=0)","cov(infl,infl;lag=2)",0.002251515218486948,0.003977280229276406
published_fitted,hac12,399,"cov(infl,ffr;lag=0)","cov(ffr,ffr;lag=2)",0.0024135786702165064,0.004609686301730878
published_fitted,hac12,399,"cov(infl,ffr;lag=0)","cov(gdp_growth,gdp_growth;lag=4)",0.0004156608644827642,0.0009038016986507184
published_fitted,hac12,399,"cov(infl,ffr;lag=0)","cov(infl,infl;lag=4)",0.0019613426648241446,0.003630924313645849
published_fitted,hac12,399,"cov(infl,ffr;lag=0)","cov(ffr,ffr;lag=4)",0.0019819971690377626,0.004188425699857833
published_fitted,hac12,399,"cov(ffr,ffr;lag=0)","cov(gdp_growth,gdp_growth;lag=0)",0.0009346351573387427,0.0014730883886658888
published_fitted,hac12,399,"cov(ffr,ffr;lag=0)","cov(gdp_growth,infl;lag=0)",-0.0009586259535323189,-0.0012732389471723459
published_fitted,hac12,399,"cov(ffr,ffr;lag=0)","cov(gdp_growth,ffr;lag=0)",-0.0017120614628802306,-0.0022438379024448145
published_fitted,hac12,399,"cov(ffr,ffr;lag=0)","cov(infl,infl;lag=0)",0.0017512783799581353,0.0035562845185744527
published_fitted,hac12,399,"cov(ffr,ffr;lag=0)","cov(infl,ffr;lag=0)",0.0026511357214085676,0.00478457306802756
published_fitted,hac12,399,"cov(ffr,ffr;lag=0)","cov(ffr,ffr;lag=0)",0.00437572353058605,0.007334440308206136
published_fitted,hac12,399,"cov(ffr,ffr;lag=0)","cov(gdp_growth,gdp_growth;lag=1)",0.0006756787311705128,0.001414991214487825
published_fitted,hac12,399,"cov(ffr,ffr;lag=0)","cov(infl,infl;lag=1)",0.0017888658914351385,0.003534627544520585
published_fitted,hac12,399,"cov(ffr,ffr;lag=0)","cov(ffr,ffr;lag=1)",0.004276445305857337,0.007235076114368956
published_fitted,hac12,399,"cov(ffr,ffr;lag=0)","cov(gdp_growth,gdp_growth;lag=2)",0.0006256655622456735,0.001267083640742862
published_fitted,hac12,399,"cov(ffr,ffr;lag=0)","cov(infl,infl;lag=2)",0.0017636583298591966,0.0034566064183452895
published_fitted,hac12,399,"cov(ffr,ffr;lag=0)","cov(ffr,ffr;lag=2)",0.004015822983059131,0.006974920292170881
published_fitted,hac12,399,"cov(ffr,ffr;lag=0)","cov(gdp_growth,gdp_growth;lag=4)",0.00039319946959202645,0.000841876550071327
published_fitted,hac12,399,"cov(ffr,ffr;lag=0)","cov(infl,infl;lag=4)",0.001578506404757228,0.0031717363337356516
published_fitted,hac12,399,"cov(ffr,ffr;lag=0)","cov(ffr,ffr;lag=4)",0.003253097780111222,0.006157044571136816
published_fitted,hac12,399,"cov(gdp_growth,gdp_growth;lag=1)","cov(gdp_growth,gdp_growth;lag=0)",0.0060086559196397,0.007334669133283607
published_fitted,hac12,399,"cov(gdp_growth,gdp_growth;lag=1)","cov(gdp_growth,infl;lag=0)",-0.0018881028677954477,-0.0025201649891501256
published_fitted,hac12,399,"cov(gdp_growth,gdp_growth;lag=1)","cov(gdp_growth,ffr;lag=0)",-0.0021873801512756605,-0.0029368697734576525
published_fitted,hac12,399,"cov(gdp_growth,gdp_growth;lag=1)","cov(infl,infl;lag=0)",0.000633756184419224,0.0014227691016246223
published_fitted,hac12,399,"cov(gdp_growth,gdp_growth;lag=1)","cov(infl,ffr;lag=0)",0.0006519141902250644,0.0013532452005242557
published_fitted,hac12,399,"cov(gdp_growth,gdp_growth;lag=1)","cov(ffr,ffr;lag=0)",0.0006756787311705128,0.001414991214487825
published_fitted,hac12,399,"cov(gdp_growth,gdp_growth;lag=1)","cov(gdp_growth,gdp_growth;lag=1)",0.0076198126965095455,0.009045997769456802
published_fitted,hac12,399,"cov(gdp_growth,gdp_growth;lag=1)","cov(infl,infl;lag=1)",0.0006504661351050391,0.001396143413807661
published_fitted,hac12,399,"cov(gdp_growth,gdp_growth;lag=1)","cov(ffr,ffr;lag=1)",0.0006648241025169095,0.0013728969780977792
published_fitted,hac12,399,"cov(gdp_growth,gdp_growth;lag=1)","cov(gdp_growth,gdp_growth;lag=2)",0.0042278005582796095,0.005366729830475161
published_fitted,hac12,399,"cov(gdp_growth,gdp_growth;lag=1)","cov(infl,infl;lag=2)",0.0006058665628700438,0.0013125170916512242
published_fitted,hac12,399,"cov(gdp_growth,gdp_growth;lag=1)","cov(ffr,ffr;lag=2)",0.0005840910917160161,0.001247603113742273
published_fitted,hac12,399,"cov(gdp_growth,gdp_growth;lag=1)","cov(gdp_growth,gdp_growth;lag=4)",0.0015346047848367951,0.002197681076931467
published_fitted,hac12,399,"cov(gdp_growth,gdp_growth;lag=1)","cov(infl,infl;lag=4)",0.00043645847588955663,0.001026458855808862
published_fitted,hac12,399,"cov(gdp_growth,gdp_growth;lag=1)","cov(ffr,ffr;lag=4)",0.00030629880856019903,0.0008536973937599034
published_fitted,hac12,399,"cov(infl,infl;lag=1)","cov(gdp_growth,gdp_growth;lag=0)",0.000717332157282643,0.0014295861611676006
published_fitted,hac12,399,"cov(infl,infl;lag=1)","cov(gdp_growth,infl;lag=0)",-0.0015187825593402436,-0.0020615781164216138
published_fitted,hac12,399,"cov(infl,infl;lag=1)","cov(gdp_growth,ffr;lag=0)",-0.0011961444963024845,-0.0015380958144938575
published_fitted,hac12,399,"cov(infl,infl;lag=1)","cov(infl,infl;lag=0)",0.0032337854063736516,0.0053495329112534205
published_fitted,hac12,399,"cov(infl,infl;lag=1)","cov(infl,ffr;lag=0)",0.002323601205018999,0.004076911941793658
published_fitted,hac12,399,"cov(infl,infl;lag=1)","cov(ffr,ffr;lag=0)",0.0017888658914351385,0.003534627544520585
published_fitted,hac12,399,"cov(infl,infl;lag=1)","cov(gdp_growth,gdp_growth;lag=1)",0.0006504661351050391,0.001396143413807661
published_fitted,hac12,399,"cov(infl,infl;lag=1)","cov(infl,infl;lag=1)",0.0032126172110551326,0.005295485677578357
published_fitted,hac12,399,"cov(infl,infl;lag=1)","cov(ffr,ffr;lag=1)",0.001713978570192599,0.0034985097396980753
published_fitted,hac12,399,"cov(infl,infl;lag=1)","cov(gdp_growth,gdp_growth;lag=2)",0.0006188544576764223,0.0013063120116997306
published_fitted,hac12,399,"cov(infl,infl;lag=1)","cov(infl,infl;lag=2)",0.0030453024745028764,0.005111897624636785
published_fitted,hac12,399,"cov(infl,infl;lag=1)","cov(ffr,ffr;lag=2)",0.0015987612229692854,0.00340925497903821
published_fitted,hac12,399,"cov(infl,infl;lag=1)","cov(gdp_growth,gdp_growth;lag=4)",0.00047015930492868576,0.0010125286679699811
published_fitted,hac12,399,"cov(infl,infl;lag=1)","cov(infl,infl;lag=4)",0.002504210374257642,0.004533272062607682
published_fitted,hac12,399,"cov(infl,infl;lag=1)","cov(ffr,ffr;lag=4)",0.001298943427732688,0.003108056861566371
published_fitted,hac12,399,"cov(ffr,ffr;lag=1)","cov(gdp_growth,gdp_growth;lag=0)",0.0009043214325354916,0.0014202007577167272
published_fitted,hac12,399,"cov(ffr,ffr;lag=1)","cov(gdp_growth,infl;lag=0)",-0.0009408917873623163,-0.001255698206013518
published_fitted,hac12,399,"cov(ffr,ffr;lag=1)","cov(gdp_growth,ffr;lag=0)",-0.0016754782740748396,-0.002183602951444094
published_fitted,hac12,399,"cov(ffr,ffr;lag=1)","cov(infl,infl;lag=0)",0.001663199120828429,0.0035165407156084612
published_fitted,hac12,399,"cov(ffr,ffr;lag=1)","cov(infl,ffr;lag=0)",0.002566803806563841,0.004735249848764019
published_fitted,hac12,399,"cov(ffr,ffr;lag=1)","cov(ffr,ffr;lag=0)",0.004276445305857337,0.007235076114368956
published_fitted,hac12,399,"cov(ffr,ffr;lag=1)","cov(gdp_growth,gdp_growth;lag=1)",0.0006648241025169095,0.0013728969780977792
published_fitted,hac12,399,"cov(ffr,ffr;lag=1)","cov(infl,infl;lag=1)",0.001713978570192599,0.0034985097396980753
published_fitted,hac12,399,"cov(ffr,ffr;lag=1)","cov(ffr,ffr;lag=1)",0.004234765969907677,0.00715753831963624
published_fitted,hac12,399,"cov(ffr,ffr;lag=1)","cov(gdp_growth,gdp_growth;lag=2)",0.0006272187549180835,0.0012430331630586427
published_fitted,hac12,399,"cov(ffr,ffr;lag=1)","cov(infl,infl;lag=2)",0.0017059392132917658,0.0034267780202463165
published_fitted,hac12,399,"cov(ffr,ffr;lag=1)","cov(ffr,ffr;lag=2)",0.0040247628665342015,0.0069237249862929345
published_fitted,hac12,399,"cov(ffr,ffr;lag=1)","cov(gdp_growth,gdp_growth;lag=4)",0.0004071514180696678,0.0008439716629831526
published_fitted,hac12,399,"cov(ffr,ffr;lag=1)","cov(infl,infl;lag=4)",0.0015531483002138406,0.0031558499431589967
published_fitted,hac12,399,"cov(ffr,ffr;lag=1)","cov(ffr,ffr;lag=4)",0.0033208031407587577,0.006146420434377268
published_fitted,hac12,399,"cov(gdp_growth,gdp_growth;lag=2)","cov(gdp_growth,gdp_growth;lag=0)",0.003884332474210631,0.005058399921060319
published_fitted,hac12,399,"cov(gdp_growth,gdp_growth;lag=2)","cov(gdp_growth,infl;lag=0)",-0.001645723402098427,-0.00226181191667181
published_fitted,hac12,399,"cov(gdp_growth,gdp_growth;lag=2)","cov(gdp_growth,ffr;lag=0)",-0.0017572997256709883,-0.002435871548172121
published_fitted,hac12,399,"cov(gdp_growth,gdp_growth;lag=2)","cov(infl,infl;lag=0)",0.0006019105696122526,0.0013245389784086127
published_fitted,hac12,399,"cov(gdp_growth,gdp_growth;lag=2)","cov(infl,ffr;lag=0)",0.0006231505738774086,0.0012416685748001485
published_fitted,hac12,399,"cov(gdp_growth,gdp_growth;lag=2)","cov(ffr,ffr;lag=0)",0.0006256655622456735,0.001267083640742862
published_fitted,hac12,399,"cov(gdp_growth,gdp_growth;lag=2)","cov(gdp_growth,gdp_growth;lag=1)",0.0042278005582796095,0.005366729830475161
published_fitted,hac12,399,"cov(gdp_growth,gdp_growth;lag=2)","cov(infl,infl;lag=1)",0.0006188544576764223,0.0013063120116997306
published_fitted,hac12,399,"cov(gdp_growth,gdp_growth;lag=2)","cov(ffr,ffr;lag=1)",0.0006272187549180835,0.0012430331630586427
published_fitted,hac12,399,"cov(gdp_growth,gdp_growth;lag=2)","cov(gdp_growth,gdp_growth;lag=2)",0.006323735649445267,0.007549537000253958
published_fitted,hac12,399,"cov(gdp_growth,gdp_growth;lag=2)","cov(infl,infl;lag=2)",0.000593849858617475,0.0012438942905639544
published_fitted,hac12,399,"cov(gdp_growth,gdp_growth;lag=2)","cov(ffr,ffr;lag=2)",0.0005878008263251463,0.0011617792867413459
published_fitted,hac12,399,"cov(gdp_growth,gdp_growth;lag=2)","cov(gdp_growth,gdp_growth;lag=4)",0.001888888902051311,0.0026121033084231964
published_fitted,hac12,399,"cov(gdp_growth,gdp_growth;lag=2)","cov(infl,infl;lag=4)",0.0004731887404321571,0.0010042774685056696
published_fitted,hac12,399,"cov(gdp_growth,gdp_growth;lag=2)","cov(ffr,ffr;lag=4)",0.0003839670875928357,0.0008482196734342372
published_fitted,hac12,399,"cov(infl,infl;lag=2)","cov(gdp_growth,gdp_growth;lag=0)",0.0006516273545582738,0.0013369536651910415
published_fitted,hac12,399,"cov(infl,infl;lag=2)","cov(gdp_growth,infl;lag=0)",-0.0014416560280336417,-0.0019620542599512046
published_fitted,hac12,399,"cov(infl,infl;lag=2)","cov(gdp_growth,ffr;lag=0)",-0.0011407902824152934,-0.0014522764232213746
published_fitted,hac12,399,"cov(infl,infl;lag=2)","cov(infl,infl;lag=0)",0.00302648275752111,0.005145511417661571
published_fitted,hac12,399,"cov(infl,infl;lag=2)","cov(infl,ffr;lag=0)",0.002251515218486948,0.003977280229276406
published_fitted,hac12,399,"cov(infl,infl;lag=2)","cov(ffr,ffr;lag=0)",0.0017636583298591966,0.0034566064183452895
published_fitted,hac12,399,"cov(infl,infl;lag=2)","cov(gdp_growth,gdp_growth;lag=1)",0.0006058665628700438,0.0013125170916512242
published_fitted,hac12,399,"cov(infl,infl;lag=2)","cov(infl,infl;lag=1)",0.0030453024745028764,0.005111897624636785
published_fitted,hac12,399,"cov(infl,infl;lag=2)","cov(ffr,ffr;lag=1)",0.0017059392132917658,0.0034267780202463165
published_fitted,hac12,399,"cov(infl,infl;lag=2)","cov(gdp_growth,gdp_growth;lag=2)",0.000593849858617475,0.0012438942905639544
published_fitted,hac12,399,"cov(infl,infl;lag=2)","cov(infl,infl;lag=2)",0.002972677295766822,0.004997223362605624
published_fitted,hac12,399,"cov(infl,infl;lag=2)","cov(ffr,ffr;lag=2)",0.0016130804292784054,0.0033514715106109094
published_fitted,hac12,399,"cov(infl,infl;lag=2)","cov(gdp_growth,gdp_growth;lag=4)",0.0004945550801371361,0.0009949804912877792
published_fitted,hac12,399,"cov(infl,infl;lag=2)","cov(infl,infl;lag=4)",0.0025310178325058386,0.004496635062425122
published_fitted,hac12,399,"cov(infl,infl;lag=2)","cov(ffr,ffr;lag=4)",0.001348980101078928,0.0030835772702727847
published_fitted,hac12,399,"cov(ffr,ffr;lag=2)","cov(gdp_growth,gdp_growth;lag=0)",0.0007862596849583026,0.0012760870389689025
published_fitted,hac12,399,"cov(ffr,ffr;lag=2)","cov(gdp_growth,infl;lag=0)",-0.0008820777197785217,-0.0012033963772193226
published_fitted,hac12,399,"cov(ffr,ffr;lag=2)","cov(gdp_growth,ffr;lag=0)",-0.0015303291693127804,-0.002013318431029413
published_fitted,hac12,399,"cov(ffr,ffr;lag=2)","cov(infl,infl;lag=0)",0.0015375759462190714,0.0034216309311200124
published_fitted,hac12,399,"cov(ffr,ffr;lag=2)","cov(infl,ffr;lag=0)",0.0024135786702165064,0.004609686301730878
published_fitted,hac12,399,"cov(ffr,ffr;lag=2)","cov(ffr,ffr;lag=0)",0.004015822983059131,0.006974920292170881
published_fitted,hac12,399,"cov(ffr,ffr;lag=2)","cov(gdp_growth,gdp_growth;lag=1)",0.0005840910917160161,0.001247603113742273
published_fitted,hac12,399,"cov(ffr,ffr;lag=2)","cov(infl,infl;lag=1)",0.0015987612229692854,0.00340925497903821
published_fitted,hac12,399,"cov(ffr,ffr;lag=2)","cov(ffr,ffr;lag=1)",0.0040247628665342015,0.0069237249862929345
published_fitted,hac12,399,"cov(ffr,ffr;lag=2)","cov(gdp_growth,gdp_growth;lag=2)",0.0005878008263251463,0.0011617792867413459
published_fitted,hac12,399,"cov(ffr,ffr;lag=2)","cov(infl,infl;lag=2)",0.0016130804292784054,0.0033514715106109094
published_fitted,hac12,399,"cov(ffr,ffr;lag=2)","cov(ffr,ffr;lag=2)",0.003906779694964409,0.006754797213457733
published_fitted,hac12,399,"cov(ffr,ffr;lag=2)","cov(gdp_growth,gdp_growth;lag=4)",0.0004235292520638528,0.0008415084683730026
published_fitted,hac12,399,"cov(ffr,ffr;lag=2)","cov(infl,infl;lag=4)",0.0015113820837811686,0.0031154849101760673
published_fitted,hac12,399,"cov(ffr,ffr;lag=2)","cov(ffr,ffr;lag=4)",0.003337141444484453,0.006091720009782337
published_fitted,hac12,399,"cov(gdp_growth,gdp_growth;lag=4)","cov(gdp_growth,gdp_growth;lag=0)",0.0013508884760266428,0.002064148725499075
published_fitted,hac12,399,"cov(gdp_growth,gdp_growth;lag=4)","cov(gdp_growth,infl;lag=0)",-0.0010063507000341724,-0.0015409565706004033
published_fitted,hac12,399,"cov(gdp_growth,gdp_growth;lag=4)","cov(gdp_growth,ffr;lag=0)",-0.000805172288342599,-0.001302849762705517
published_fitted,hac12,399,"cov(gdp_growth,gdp_growth;lag=4)","cov(infl,infl;lag=0)",0.00044602852341755366,0.001015820599294119
published_fitted,hac12,399,"cov(gdp_growth,gdp_growth;lag=4)","cov(infl,ffr;lag=0)",0.0004156608644827642,0.0009038016986507184
published_fitted,hac12,399,"cov(gdp_growth,gdp_growth;lag=4)","cov(ffr,ffr;lag=0)",0.00039319946959202645,0.000841876550071327
published_fitted,hac12,399,"cov(gdp_growth,gdp_growth;lag=4)","cov(gdp_growth,gdp_growth;lag=1)",0.0015346047848367951,0.002197681076931467
published_fitted,hac12,399,"cov(gdp_growth,gdp_growth;lag=4)","cov(infl,infl;lag=1)",0.00047015930492868576,0.0010125286679699811
published_fitted,hac12,399,"cov(gdp_growth,gdp_growth;lag=4)","cov(ffr,ffr;lag=1)",0.0004071514180696678,0.0008439716629831526
published_fitted,hac12,399,"cov(gdp_growth,gdp_growth;lag=4)","cov(gdp_growth,gdp_growth;lag=2)",0.001888888902051311,0.0026121033084231964
published_fitted,hac12,399,"cov(gdp_growth,gdp_growth;lag=4)","cov(infl,infl;lag=2)",0.0004945550801371361,0.0009949804912877792
published_fitted,hac12,399,"cov(gdp_growth,gdp_growth;lag=4)","cov(ffr,ffr;lag=2)",0.0004235292520638528,0.0008415084683730026
published_fitted,hac12,399,"cov(gdp_growth,gdp_growth;lag=4)","cov(gdp_growth,gdp_growth;lag=4)",0.005247855324627729,0.006044006024268376
published_fitted,hac12,399,"cov(gdp_growth,gdp_growth;lag=4)","cov(infl,infl;lag=4)",0.0004975031093865587,0.0008997334839346195
published_fitted,hac12,399,"cov(gdp_growth,gdp_growth;lag=4)","cov(ffr,ffr;lag=4)",0.0004237618448641908,0.0007746323656339469
published_fitted,hac12,399,"cov(infl,infl;lag=4)","cov(gdp_growth,gdp_growth;lag=0)",0.000429282983253784,0.001034112181503827
published_fitted,hac12,399,"cov(infl,infl;lag=4)","cov(gdp_growth,infl;lag=0)",-0.0011495689322015364,-0.0016250981233629626
published_fitted,hac12,399,"cov(infl,infl;lag=4)","cov(gdp_growth,ffr;lag=0)",-0.0009241488099067334,-0.0011624036218891587
published_fitted,hac12,399,"cov(infl,infl;lag=4)","cov(infl,infl;lag=0)",0.002443218760167183,0.004540216094582066
published_fitted,hac12,399,"cov(infl,infl;lag=4)","cov(infl,ffr;lag=0)",0.0019613426648241446,0.003630924313645849
published_fitted,hac12,399,"cov(infl,infl;lag=4)","cov(ffr,ffr;lag=0)",0.001578506404757228,0.0031717363337356516
published_fitted,hac12,399,"cov(infl,infl;lag=4)","cov(gdp_growth,gdp_growth;lag=1)",0.00043645847588955663,0.001026458855808862
published_fitted,hac12,399,"cov(infl,infl;lag=4)","cov(infl,infl;lag=1)",0.002504210374257642,0.004533272062607682
published_fitted,hac12,399,"cov(infl,infl;lag=4)","cov(ffr,ffr;lag=1)",0.0015531483002138406,0.0031558499431589967
published_fitted,hac12,399,"cov(infl,infl;lag=4)","cov(gdp_growth,gdp_growth;lag=2)",0.0004731887404321571,0.0010042774685056696
published_fitted,hac12,399,"cov(infl,infl;lag=4)","cov(infl,infl;lag=2)",0.0025310178325058386,0.004496635062425122
published_fitted,hac12,399,"cov(infl,infl;lag=4)","cov(ffr,ffr;lag=2)",0.0015113820837811686,0.0031154849101760673
published_fitted,hac12,399,"cov(infl,infl;lag=4)","cov(gdp_growth,gdp_growth;lag=4)",0.0004975031093865587,0.0008997334839346195
published_fitted,hac12,399,"cov(infl,infl;lag=4)","cov(infl,infl;lag=4)",0.0024512011386692532,0.004300366378410896
published_fitted,hac12,399,"cov(infl,infl;lag=4)","cov(ffr,ffr;lag=4)",0.0013684537243681468,0.0029564956130701233
published_fitted,hac12,399,"cov(ffr,ffr;lag=4)","cov(gdp_growth,gdp_growth;lag=0)",0.00043135161871019664,0.0008544942995024402
published_fitted,hac12,399,"cov(ffr,ffr;lag=4)","cov(gdp_growth,infl;lag=0)",-0.0006763160271693977,-0.0010087984558681022
published_fitted,hac12,399,"cov(ffr,ffr;lag=4)","cov(gdp_growth,ffr;lag=0)",-0.0010718754995539806,-0.0014810315584405204
published_fitted,hac12,399,"cov(ffr,ffr;lag=4)","cov(infl,infl;lag=0)",0.001226523356834725,0.0031085643160323586
published_fitted,hac12,399,"cov(ffr,ffr;lag=4)","cov(infl,ffr;lag=0)",0.0019819971690377626,0.004188425699857833
published_fitted,hac12,399,"cov(ffr,ffr;lag=4)","cov(ffr,ffr;lag=0)",0.003253097780111222,0.006157044571136816
published_fitted,hac12,399,"cov(ffr,ffr;lag=4)","cov(gdp_growth,gdp_growth;lag=1)",0.00030629880856019903,0.0008536973937599034
published_fitted,hac12,399,"cov(ffr,ffr;lag=4)","cov(infl,infl;lag=1)",0.001298943427732688,0.003108056861566371
published_fitted,hac12,399,"cov(ffr,ffr;lag=4)","cov(ffr,ffr;lag=1)",0.0033208031407587577,0.006146420434377268
published_fitted,hac12,399,"cov(ffr,ffr;lag=4)","cov(gdp_growth,gdp_growth;lag=2)",0.0003839670875928357,0.0008482196734342372
published_fitted,hac12,399,"cov(ffr,ffr;lag=4)","cov(infl,infl;lag=2)",0.001348980101078928,0.0030835772702727847
published_fitted,hac12,399,"cov(ffr,ffr;lag=4)","cov(ffr,ffr;lag=2)",0.003337141444484453,0.006091720009782337
published_fitted,hac12,399,"cov(ffr,ffr;lag=4)","cov(gdp_growth,gdp_growth;lag=4)",0.0004237618448641908,0.0007746323656339469
published_fitted,hac12,399,"cov(ffr,ffr;lag=4)","cov(infl,infl;lag=4)",0.0013684537243681468,0.0029564956130701233
published_fitted,hac12,399,"cov(ffr,ffr;lag=4)","cov(ffr,ffr;lag=4)",0.003186013984831212,0.005800904865448809
