array_row,scenario,replication,simulation_seed,true_crr,true_em,status,unresolved,error,objective,crr,em,optimizer_success,numerically_regular,boundary,boundary_crr,boundary_em,rank,j_pvalue,start_successes,starts_agree,start_diagnostics_json,sample_sha256
0,baseline_fixed,0,2650070760999038764,0.8762,0.2397,regular,False,,4.097282997467832,0.8805466634413703,0.17683612414455854,True,True,False,False,False,2,0.7685066285568493,4,True,"[{""start"": [0.5, 0.1], ""theta"": [0.8805466634413703, 0.17683612414455854], ""objective"": 4.097282997467832, ""success"": true, ""message"": ""`ftol` termination condition is satisfied."", ""evaluations"": 9, ""inference_unavailable_reasons"": []}, {""start"": [0.75, 0.4], ""theta"": [0.8805466897438714, 0.17683604532403444], ""objective"": 4.097282997472084, ""success"": true, ""message"": ""`ftol` termination condition is satisfied."", ""evaluations"": 7, ""inference_unavailable_reasons"": []}, {""start"": [0.95, 0.7], ""theta"": [0.8805466357924581, 0.17683620037589176], ""objective"": 4.097282997470509, ""success"": true, ""message"": ""`ftol` termination condition is satisfied."", ""evaluations"": 13, ""inference_unavailable_reasons"": []}, {""start"": [0.8762, 0.2397], ""theta"": [0.8805466712858375, 0.17683610561217217], ""objective"": 4.097282997470568, ""success"": true, ""message"": ""`ftol` termination condition is satisfied."", ""evaluations"": 6, ""inference_unavailable_reasons"": []}]",3dd4e3d0d0175c60d73de7f915c859b94befdd61d54911380beab38087aa0c7b
1,baseline_fixed,1,13097145062012423473,0.8762,0.2397,regular,False,,2.5556971610454537,0.8284332880403573,0.21306751341794888,True,True,False,False,False,2,0.9228449439462948,4,True,"[{""start"": [0.5, 0.1], ""theta"": [0.8284333187174159, 0.21306745214395495], ""objective"": 2.5556971610470818, ""success"": true, ""message"": ""`ftol` termination condition is satisfied."", ""evaluations"": 8, ""inference_unavailable_reasons"": []}, {""start"": [0.75, 0.4], ""theta"": [0.8284332507157409, 0.2130676118045809], ""objective"": 2.5556971610462007, ""success"": true, ""message"": ""`ftol` termination condition is satisfied."", ""evaluations"": 6, ""inference_unavailable_reasons"": []}, {""start"": [0.95, 0.7], ""theta"": [0.8284332880403573, 0.21306751341794888], ""objective"": 2.5556971610454537, ""success"": true, ""message"": ""`ftol` termination condition is satisfied."", ""evaluations"": 13, ""inference_unavailable_reasons"": []}, {""start"": [0.8762, 0.2397], ""theta"": [0.8284332880616821, 0.2130675132644344], ""objective"": 2.5556971610460946, ""success"": true, ""message"": ""`ftol` termination condition is satisfied."", ""evaluations"": 7, ""inference_unavailable_reasons"": []}]",7230d3b84a62d818ad32e91452789d156c26f246390c25e8315401a9558fe8a2
2,baseline_fixed,2,9885693037049811209,0.8762,0.2397,boundary,False,,109.44237083760964,0.98,0.01000000000000012,True,False,True,True,True,2,,4,True,"[{""start"": [0.5, 0.1], ""theta"": [0.9799999999999982, 0.010000000000000009], ""objective"": 109.44237083776848, ""success"": true, ""message"": ""`gtol` termination condition is satisfied."", ""evaluations"": 9, ""inference_unavailable_reasons"": [""parameter_on_boundary""]}, {""start"": [0.75, 0.4], ""theta"": [0.9799999999991974, 0.010000000000002063], ""objective"": 109.44237083849755, ""success"": true, ""message"": ""`gtol` termination condition is satisfied."", ""evaluations"": 8, ""inference_unavailable_reasons"": [""parameter_on_boundary""]}, {""start"": [0.95, 0.7], ""theta"": [0.98, 0.01000000000000012], ""objective"": 109.44237083760964, ""success"": true, ""message"": ""`gtol` termination condition is satisfied."", ""evaluations"": 14, ""inference_unavailable_reasons"": [""parameter_on_boundary""]}, {""start"": [0.8762, 0.2397], ""theta"": [0.9799999999999991, 0.010000000000000037], ""objective"": 109.44237083773623, ""success"": true, ""message"": ""`gtol` termination condition is satisfied."", ""evaluations"": 8, ""inference_unavailable_reasons"": [""parameter_on_boundary""]}]",fb7143576babde9e88686186cdc3892b55e2c5f91f0e85553726dfccc34e0b50
3,baseline_fixed,3,5015786582286841104,0.8762,0.2397,boundary,False,,7.619276496963395,0.98,0.010000000000000064,True,False,True,True,True,2,,4,True,"[{""start"": [0.5, 0.1], ""theta"": [0.98, 0.010000000000000259], ""objective"": 7.619276496963648, ""success"": true, ""message"": ""`gtol` termination condition is satisfied."", ""evaluations"": 13, ""inference_unavailable_reasons"": [""parameter_on_boundary""]}, {""start"": [0.75, 0.4], ""theta"": [0.98, 0.010000000000000064], ""objective"": 7.619276496963395, ""success"": true, ""message"": ""`gtol` termination condition is satisfied."", ""evaluations"": 11, ""inference_unavailable_reasons"": [""parameter_on_boundary""]}, {""start"": [0.95, 0.7], ""theta"": [0.98, 0.010000000000000564], ""objective"": 7.619276496963648, ""success"": true, ""message"": ""`gtol` termination condition is satisfied."", ""evaluations"": 17, ""inference_unavailable_reasons"": [""parameter_on_boundary""]}, {""start"": [0.8762, 0.2397], ""theta"": [0.98, 0.010000000000000037], ""objective"": 7.619276496963395, ""success"": true, ""message"": ""`gtol` termination condition is satisfied."", ""evaluations"": 10, ""inference_unavailable_reasons"": [""parameter_on_boundary""]}]",c92ccfb0a944b786f1ebbe4b3ce869aa552873e7ab9343da614d4317ad06995d
4,baseline_fixed,4,11778765238044851080,0.8762,0.2397,regular,False,,0.7733220335582859,0.8484245019272126,0.19835671125198015,True,True,False,False,False,2,0.9977067741735047,4,True,"[{""start"": [0.5, 0.1], ""theta"": [0.8484245127257288, 0.19835669247695653], ""objective"": 0.7733220335586007, ""success"": true, ""message"": ""`ftol` termination condition is satisfied."", ""evaluations"": 9, ""inference_unavailable_reasons"": []}, {""start"": [0.75, 0.4], ""theta"": [0.8484245019272126, 0.19835671125198015], ""objective"": 0.7733220335582859, ""success"": true, ""message"": ""`ftol` termination condition is satisfied."", ""evaluations"": 7, ""inference_unavailable_reasons"": []}, {""start"": [0.95, 0.7], ""theta"": [0.8484245160100233, 0.1983566867654405], ""objective"": 0.7733220335583708, ""success"": true, ""message"": ""`ftol` termination condition is satisfied."", ""evaluations"": 14, ""inference_unavailable_reasons"": []}, {""start"": [0.8762, 0.2397], ""theta"": [0.8484245122712308, 0.19835669326583155], ""objective"": 0.7733220335601272, ""success"": true, ""message"": ""`ftol` termination condition is satisfied."", ""evaluations"": 7, ""inference_unavailable_reasons"": []}]",fcf38d00a37439ff7bbc7f08d0ce3b92508b41e5e799fd76f553412398be77fc
5,baseline_fixed,5,11771355108041890959,0.8762,0.2397,boundary,False,,45.8314518755248,0.98,0.030832464581252772,True,False,True,True,False,2,,4,True,"[{""start"": [0.5, 0.1], ""theta"": [0.98, 0.03083246458124428], ""objective"": 45.83145187552825, ""success"": true, ""message"": ""`ftol` termination condition is satisfied."", ""evaluations"": 12, ""inference_unavailable_reasons"": [""parameter_on_boundary""]}, {""start"": [0.75, 0.4], ""theta"": [0.98, 0.030832464575901886], ""objective"": 45.831451875528, ""success"": true, ""message"": ""`ftol` termination condition is satisfied."", ""evaluations"": 11, ""inference_unavailable_reasons"": [""parameter_on_boundary""]}, {""start"": [0.95, 0.7], ""theta"": [0.98, 0.030832464581252772], ""objective"": 45.8314518755248, ""success"": true, ""message"": ""`gtol` termination condition is satisfied."", ""evaluations"": 17, ""inference_unavailable_reasons"": [""parameter_on_boundary""]}, {""start"": [0.8762, 0.2397], ""theta"": [0.98, 0.030832464574087587], ""objective"": 45.83145187552637, ""success"": true, ""message"": ""`ftol` termination condition is satisfied."", ""evaluations"": 10, ""inference_unavailable_reasons"": [""parameter_on_boundary""]}]",285558ced9f762fdc47aea81eb3d2c69fad5f7c1f02db2117fc4af24e836e35a
6,baseline_fixed,6,10313727565640499402,0.8762,0.2397,regular,False,,8.125974180955446,0.8683117287152888,0.40065285439105724,True,True,False,False,False,2,0.3216168896271409,4,True,"[{""start"": [0.5, 0.1], ""theta"": [0.8683117287152888, 0.40065285439105724], ""objective"": 8.125974180955446, ""success"": true, ""message"": ""`ftol` termination condition is satisfied."", ""evaluations"": 9, ""inference_unavailable_reasons"": []}, {""start"": [0.75, 0.4], ""theta"": [0.8683136789623729, 0.4006467886193657], ""objective"": 8.125974181061219, ""success"": true, ""message"": ""`ftol` termination condition is satisfied."", ""evaluations"": 7, ""inference_unavailable_reasons"": []}, {""start"": [0.95, 0.7], ""theta"": [0.8683112986422117, 0.4006541920391671], ""objective"": 8.125974181127404, ""success"": true, ""message"": ""`ftol` termination condition is satisfied."", ""evaluations"": 13, ""inference_unavailable_reasons"": []}, {""start"": [0.8762, 0.2397], ""theta"": [0.868314331070009, 0.4006447603310725], ""objective"": 8.125974181422075, ""success"": true, ""message"": ""`ftol` termination condition is satisfied."", ""evaluations"": 9, ""inference_unavailable_reasons"": []}]",5b2630385d8a978752637bd2892d1e5ef5231f3d7ebc1e52ea5708b939fed01e
7,baseline_fixed,7,13392585224661943491,0.8762,0.2397,regular,False,,26.78942594304599,0.8641941334137515,0.16329409934392947,True,True,False,False,False,2,0.0003636474577768554,4,True,"[{""start"": [0.5, 0.1], ""theta"": [0.8641928617966161, 0.16329339444189622], ""objective"": 26.78942594570355, ""success"": true, ""message"": ""`ftol` termination condition is satisfied."", ""evaluations"": 13, ""inference_unavailable_reasons"": []}, {""start"": [0.75, 0.4], ""theta"": [0.8641936683647871, 0.16329373744397216], ""objective"": 26.78942594385014, ""success"": true, ""message"": ""`ftol` termination condition is satisfied."", ""evaluations"": 12, ""inference_unavailable_reasons"": []}, {""start"": [0.95, 0.7], ""theta"": [0.8641941334137515, 0.16329409934392947], ""objective"": 26.78942594304599, ""success"": true, ""message"": ""`ftol` termination condition is satisfied."", ""evaluations"": 14, ""inference_unavailable_reasons"": []}, {""start"": [0.8762, 0.2397], ""theta"": [0.8641979121631097, 0.16329560701797713], ""objective"": 26.789425946411335, ""success"": true, ""message"": ""`ftol` termination condition is satisfied."", ""evaluations"": 11, ""inference_unavailable_reasons"": []}]",5221bd7a7c6233bbd095d0bd5b12d2e2edb56af990300fc8b0c5700798a674f7
8,baseline_fixed,8,16561132329969101690,0.8762,0.2397,regular,False,,3.785398380601766,0.7987830583234027,0.4899330449220316,True,True,False,False,False,2,0.804136966003367,4,True,"[{""start"": [0.5, 0.1], ""theta"": [0.7987832800426511, 0.48993241438869006], ""objective"": 3.785398380656696, ""success"": true, ""message"": ""`ftol` termination condition is satisfied."", ""evaluations"": 11, ""inference_unavailable_reasons"": []}, {""start"": [0.75, 0.4], ""theta"": [0.7987820123304302, 0.48993601887223526], ""objective"": 3.7853983807075586, ""success"": true, ""message"": ""`ftol` termination condition is satisfied."", ""evaluations"": 8, ""inference_unavailable_reasons"": []}, {""start"": [0.95, 0.7], ""theta"": [0.7987822140741855, 0.48993544591663596], ""objective"": 3.7853983806407743, ""success"": true, ""message"": ""`ftol` termination condition is satisfied."", ""evaluations"": 13, ""inference_unavailable_reasons"": []}, {""start"": [0.8762, 0.2397], ""theta"": [0.7987830583234027, 0.4899330449220316], ""objective"": 3.785398380601766, ""success"": true, ""message"": ""`ftol` termination condition is satisfied."", ""evaluations"": 10, ""inference_unavailable_reasons"": []}]",c03079c8c8001f50aab61dfb4096fd318558ca098d76499bd01a9d07e2caadcb
9,baseline_fixed,9,6123794810610683968,0.8762,0.2397,regular,False,,8.285571640527206,0.9591510856547873,0.03338515538768472,True,True,False,False,False,2,0.3080873493326278,4,True,"[{""start"": [0.5, 0.1], ""theta"": [0.9591509201713481, 0.03338529575813093], ""objective"": 8.285571640630181, ""success"": true, ""message"": ""`ftol` termination condition is satisfied."", ""evaluations"": 13, ""inference_unavailable_reasons"": []}, {""start"": [0.75, 0.4], ""theta"": [0.9591510856547873, 0.03338515538768472], ""objective"": 8.285571640527206, ""success"": true, ""message"": ""`ftol` termination condition is satisfied."", ""evaluations"": 12, ""inference_unavailable_reasons"": []}, {""start"": [0.95, 0.7], ""theta"": [0.9591509770886127, 0.03338524748456351], ""objective"": 8.285571640579754, ""success"": true, ""message"": ""`ftol` termination condition is satisfied."", ""evaluations"": 17, ""inference_unavailable_reasons"": []}, {""start"": [0.8762, 0.2397], ""theta"": [0.9591510947354891, 0.03338514767315376], ""objective"": 8.285571640528538, ""success"": true, ""message"": ""`ftol` termination condition is satisfied."", ""evaluations"": 11, ""inference_unavailable_reasons"": []}]",225b594b02c274ef288bd13fa033ad7c6001481308626d9399ea271c907e84dc
10,baseline_fixed,10,4136445098946359343,0.8762,0.2397,boundary,False,,33.449575717024274,0.8808777259345062,0.01000000000000012,True,False,True,False,True,2,,4,True,"[{""start"": [0.5, 0.1], ""theta"": [0.8808776261764149, 0.010000000000000037], ""objective"": 33.44957571705849, ""success"": true, ""message"": ""`ftol` termination condition is satisfied."", ""evaluations"": 9, ""inference_unavailable_reasons"": [""parameter_on_boundary""]}, {""start"": [0.75, 0.4], ""theta"": [0.8808779953767485, 0.010000000000001341], ""objective"": 33.449575717105404, ""success"": true, ""message"": ""`ftol` termination condition is satisfied."", ""evaluations"": 8, ""inference_unavailable_reasons"": [""parameter_on_boundary""]}, {""start"": [0.95, 0.7], ""theta"": [0.8808777259345062, 0.01000000000000012], ""objective"": 33.449575717024274, ""success"": true, ""message"": ""`ftol` termination condition is satisfied."", ""evaluations"": 14, ""inference_unavailable_reasons"": [""parameter_on_boundary""]}, {""start"": [0.8762, 0.2397], ""theta"": [0.8808779590462656, 0.010000000000001036], ""objective"": 33.449575717087846, ""success"": true, ""message"": ""`ftol` termination condition is satisfied."", ""evaluations"": 8, ""inference_unavailable_reasons"": [""parameter_on_boundary""]}]",8a7c53a543379ba2d8603f27b2963b919b0fceae41fb1e6605f4249ebcdca1a1
11,baseline_fixed,11,3123741252492229867,0.8762,0.2397,regular,False,,8.008159102159233,0.9749537053109473,0.038684222089133996,True,True,False,False,False,2,0.3318749903671405,4,True,"[{""start"": [0.5, 0.1], ""theta"": [0.9749536434173584, 0.038684325236987685], ""objective"": 8.008159102168182, ""success"": true, ""message"": ""`ftol` termination condition is satisfied."", ""evaluations"": 12, ""inference_unavailable_reasons"": []}, {""start"": [0.75, 0.4], ""theta"": [0.974953652523192, 0.038684310071838646], ""objective"": 8.0081591021644, ""success"": true, ""message"": ""`ftol` termination condition is satisfied."", ""evaluations"": 10, ""inference_unavailable_reasons"": []}, {""start"": [0.95, 0.7], ""theta"": [0.9749536593941371, 0.03868429861812128], ""objective"": 8.008159102159343, ""success"": true, ""message"": ""`ftol` termination condition is satisfied."", ""evaluations"": 16, ""inference_unavailable_reasons"": []}, {""start"": [0.8762, 0.2397], ""theta"": [0.9749537053109473, 0.038684222089133996], ""objective"": 8.008159102159233, ""success"": true, ""message"": ""`ftol` termination condition is satisfied."", ""evaluations"": 9, ""inference_unavailable_reasons"": []}]",d33b111e3e5884536a5fc3ee73970467add90c3c9df1221bbfd7516b5cc31847
12,baseline_fixed,12,16898467764797669952,0.8762,0.2397,regular,False,,25.80256648397097,0.9196847166651771,0.11527363835825898,True,True,False,False,False,2,0.000546254192516595,4,True,"[{""start"": [0.5, 0.1], ""theta"": [0.9196845417602038, 0.1152745008342898], ""objective"": 25.802566484480277, ""success"": true, ""message"": ""`ftol` termination condition is satisfied."", ""evaluations"": 17, ""inference_unavailable_reasons"": []}, {""start"": [0.75, 0.4], ""theta"": [0.9196859459178646, 0.11527219923358512], ""objective"": 25.802566485629548, ""success"": true, ""message"": ""`ftol` termination condition is satisfied."", ""evaluations"": 15, ""inference_unavailable_reasons"": []}, {""start"": [0.95, 0.7], ""theta"": [0.9196843726854825, 0.11527386173548859], ""objective"": 25.802566484236902, ""success"": true, ""message"": ""`ftol` termination condition is satisfied."", ""evaluations"": 24, ""inference_unavailable_reasons"": []}, {""start"": [0.8762, 0.2397], ""theta"": [0.9196847166651771, 0.11527363835825898], ""objective"": 25.80256648397097, ""success"": true, ""message"": ""`ftol` termination condition is satisfied."", ""evaluations"": 14, ""inference_unavailable_reasons"": []}]",e4ae024c95b5d2d0a07fa9d2f9d21af59f245623d346415de92497054607e2f3
13,baseline_fixed,13,9986325992046369945,0.8762,0.2397,boundary,False,,12.435445357658464,0.98,0.012226323798866151,True,False,True,True,False,2,,4,True,"[{""start"": [0.5, 0.1], ""theta"": [0.98, 0.012226323794358923], ""objective"": 12.435445357658867, ""success"": true, ""message"": ""`gtol` termination condition is satisfied."", ""evaluations"": 14, ""inference_unavailable_reasons"": [""parameter_on_boundary""]}, {""start"": [0.75, 0.4], ""theta"": [0.98, 0.01222632379699512], ""objective"": 12.435445357658757, ""success"": true, ""message"": ""`gtol` termination condition is satisfied."", ""evaluations"": 13, ""inference_unavailable_reasons"": [""parameter_on_boundary""]}, {""start"": [0.95, 0.7], ""theta"": [0.98, 0.012226323825189622], ""objective"": 12.435445357658907, ""success"": true, ""message"": ""`gtol` termination condition is satisfied."", ""evaluations"": 19, ""inference_unavailable_reasons"": [""parameter_on_boundary""]}, {""start"": [0.8762, 0.2397], ""theta"": [0.98, 0.012226323798866151], ""objective"": 12.435445357658464, ""success"": true, ""message"": ""`gtol` termination condition is satisfied."", ""evaluations"": 13, ""inference_unavailable_reasons"": [""parameter_on_boundary""]}]",8e8a8e4015bb1969592a10fadf031b484902ad23e713feeba9765644d7d2bc7e
14,baseline_fixed,14,1823886110787594773,0.8762,0.2397,regular,False,,3.709173781306337,0.852216880315118,0.18628033217009743,True,True,False,False,False,2,0.8125990526355888,4,True,"[{""start"": [0.5, 0.1], ""theta"": [0.8522167723105794, 0.18628052282555319], ""objective"": 3.7091737813100503, ""success"": true, ""message"": ""`ftol` termination condition is satisfied."", ""evaluations"": 9, ""inference_unavailable_reasons"": []}, {""start"": [0.75, 0.4], ""theta"": [0.852216880315118, 0.18628033217009743], ""objective"": 3.709173781306337, ""success"": true, ""message"": ""`ftol` termination condition is satisfied."", ""evaluations"": 7, ""inference_unavailable_reasons"": []}, {""start"": [0.95, 0.7], ""theta"": [0.852216622801412, 0.1862808063845821], ""objective"": 3.709173781347907, ""success"": true, ""message"": ""`ftol` termination condition is satisfied."", ""evaluations"": 13, ""inference_unavailable_reasons"": []}, {""start"": [0.8762, 0.2397], ""theta"": [0.8522167298940407, 0.1862806068332997], ""objective"": 3.709173781318772, ""success"": true, ""message"": ""`ftol` termination condition is satisfied."", ""evaluations"": 7, ""inference_unavailable_reasons"": []}]",8ce9923e19a1c31c954c1dc5520cdcea85f9bff9cfc305ebac156fe31375e991
15,baseline_fixed,15,14474011950108684583,0.8762,0.2397,regular,False,,11.12073904325638,0.8172061659743863,0.43966624845997426,True,True,False,False,False,2,0.1334384655983053,4,True,"[{""start"": [0.5, 0.1], ""theta"": [0.8172061659743863, 0.43966624845997426], ""objective"": 11.12073904325638, ""success"": true, ""message"": ""`ftol` termination condition is satisfied."", ""evaluations"": 23, ""inference_unavailable_reasons"": []}, {""start"": [0.75, 0.4], ""theta"": [0.8172065577885335, 0.4396631036084774], ""objective"": 11.120739045463228, ""success"": true, ""message"": ""`ftol` termination condition is satisfied."", ""evaluations"": 20, ""inference_unavailable_reasons"": []}, {""start"": [0.95, 0.7], ""theta"": [0.8172048047569176, 0.4396712872160274], ""objective"": 11.120739044732499, ""success"": true, ""message"": ""`ftol` termination condition is satisfied."", ""evaluations"": 20, ""inference_unavailable_reasons"": []}, {""start"": [0.8762, 0.2397], ""theta"": [0.8172062515151591, 0.43966609749942165], ""objective"": 11.12073904331275, ""success"": true, ""message"": ""`ftol` termination condition is satisfied."", ""evaluations"": 24, ""inference_unavailable_reasons"": []}]",2bedd8f89b94ff346f5975879475a7f93ee17945cc42bf44080f344317b406e5
16,baseline_fixed,16,12775484528411749396,0.8762,0.2397,boundary,False,,85.7537525331572,0.98,0.010000000000000064,True,False,True,True,True,2,,4,True,"[{""start"": [0.5, 0.1], ""theta"": [0.9799999999974425, 0.010000000000003409], ""objective"": 85.75375253413085, ""success"": true, ""message"": ""`gtol` termination condition is satisfied."", ""evaluations"": 10, ""inference_unavailable_reasons"": [""parameter_on_boundary""]}, {""start"": [0.75, 0.4], ""theta"": [0.9799999999999989, 0.010000000000000064], ""objective"": 85.75375253319277, ""success"": true, ""message"": ""`gtol` termination condition is satisfied."", ""evaluations"": 9, ""inference_unavailable_reasons"": [""parameter_on_boundary""]}, {""start"": [0.95, 0.7], ""theta"": [0.9799999999969136, 0.010000000000017106], ""objective"": 85.75375253433995, ""success"": true, ""message"": ""`gtol` termination condition is satisfied."", ""evaluations"": 14, ""inference_unavailable_reasons"": [""parameter_on_boundary""]}, {""start"": [0.8762, 0.2397], ""theta"": [0.98, 0.010000000000000064], ""objective"": 85.7537525331572, ""success"": true, ""message"": ""`gtol` termination condition is satisfied."", ""evaluations"": 8, ""inference_unavailable_reasons"": [""parameter_on_boundary""]}]",48dd4c7a8a5c56af507b878acc5c434fb3ed320d5d57f2938af34acbe5e9375d
17,baseline_fixed,17,9800157213314879018,0.8762,0.2397,regular,False,,6.029643644116742,0.9617005701888777,0.06266843832052221,True,True,False,False,False,2,0.536292310709943,4,True,"[{""start"": [0.5, 0.1], ""theta"": [0.9617005701888777, 0.06266843832052221], ""objective"": 6.029643644116742, ""success"": true, ""message"": ""`ftol` termination condition is satisfied."", ""evaluations"": 13, ""inference_unavailable_reasons"": []}, {""start"": [0.75, 0.4], ""theta"": [0.9617009665591536, 0.06266781608024508], ""objective"": 6.029643644161531, ""success"": true, ""message"": ""`ftol` termination condition is satisfied."", ""evaluations"": 10, ""inference_unavailable_reasons"": []}, {""start"": [0.95, 0.7], ""theta"": [0.9617005162697443, 0.0626685229753785], ""objective"": 6.029643644145934, ""success"": true, ""message"": ""`ftol` termination condition is satisfied."", ""evaluations"": 17, ""inference_unavailable_reasons"": []}, {""start"": [0.8762, 0.2397], ""theta"": [0.9617004485638478, 0.0626686292607275], ""objective"": 6.0296436441876295, ""success"": true, ""message"": ""`ftol` termination condition is satisfied."", ""evaluations"": 10, ""inference_unavailable_reasons"": []}]",17b8a480f1dee76c02c04d2a642dd20e8fe02726133a3ee4aacfe45cba409aeb
18,baseline_fixed,18,11324159842487327149,0.8762,0.2397,regular,False,,24.80967370386244,0.9191674842178342,0.09844880693092523,True,True,False,False,False,2,0.0008200511279808032,4,True,"[{""start"": [0.5, 0.1], ""theta"": [0.9191674842178342, 0.09844880693092523], ""objective"": 24.80967370386244, ""success"": true, ""message"": ""`ftol` termination condition is satisfied."", ""evaluations"": 14, ""inference_unavailable_reasons"": []}, {""start"": [0.75, 0.4], ""theta"": [0.9191677130792051, 0.09844834224092547], ""objective"": 24.809673705367672, ""success"": true, ""message"": ""`ftol` termination condition is satisfied."", ""evaluations"": 18, ""inference_unavailable_reasons"": []}, {""start"": [0.95, 0.7], ""theta"": [0.9191683487446998, 0.09844705318273894], ""objective"": 24.80967371032311, ""success"": true, ""message"": ""`ftol` termination condition is satisfied."", ""evaluations"": 24, ""inference_unavailable_reasons"": []}, {""start"": [0.8762, 0.2397], ""theta"": [0.9191675100171247, 0.09844875393937447], ""objective"": 24.809673704031155, ""success"": true, ""message"": ""`ftol` termination condition is satisfied."", ""evaluations"": 18, ""inference_unavailable_reasons"": []}]",59af53b95740e8ea0509cb0cdfd7866f58186ace497b3533d7a5109ebfdf4006
19,baseline_fixed,19,14951907695848767385,0.8762,0.2397,boundary,False,,10.034998089433106,0.98,0.023937012732788587,True,False,True,True,False,2,,4,True,"[{""start"": [0.5, 0.1], ""theta"": [0.98, 0.023937012732788587], ""objective"": 10.034998089433106, ""success"": true, ""message"": ""Both `ftol` and `xtol` termination conditions are satisfied."", ""evaluations"": 13, ""inference_unavailable_reasons"": [""parameter_on_boundary""]}, {""start"": [0.75, 0.4], ""theta"": [0.98, 0.023937012730504803], ""objective"": 10.034998089434529, ""success"": true, ""message"": ""`ftol` termination condition is satisfied."", ""evaluations"": 11, ""inference_unavailable_reasons"": [""parameter_on_boundary""]}, {""start"": [0.95, 0.7], ""theta"": [0.98, 0.02393701273246418], ""objective"": 10.034998089434128, ""success"": true, ""message"": ""`gtol` termination condition is satisfied."", ""evaluations"": 16, ""inference_unavailable_reasons"": [""parameter_on_boundary""]}, {""start"": [0.8762, 0.2397], ""theta"": [0.98, 0.023937012733389468], ""objective"": 10.034998089434632, ""success"": true, ""message"": ""`ftol` termination condition is satisfied."", ""evaluations"": 9, ""inference_unavailable_reasons"": [""parameter_on_boundary""]}]",b5748e1b2db856c714e1074d60440033528ab4a3c22eaa90751e81f6fdfabb8c
20,baseline_fixed,20,14261970696906986896,0.8762,0.2397,regular,False,,0.5131105546820607,0.9570472490531023,0.0559684003949628,True,True,False,False,False,2,0.9993970456794447,4,True,"[{""start"": [0.5, 0.1], ""theta"": [0.9570472490531023, 0.0559684003949628], ""objective"": 0.5131105546820607, ""success"": true, ""message"": ""`ftol` termination condition is satisfied."", ""evaluations"": 11, ""inference_unavailable_reasons"": []}, {""start"": [0.75, 0.4], ""theta"": [0.9570472301901323, 0.05596842838942889], ""objective"": 0.513110554682495, ""success"": true, ""message"": ""`ftol` termination condition is satisfied."", ""evaluations"": 10, ""inference_unavailable_reasons"": []}, {""start"": [0.95, 0.7], ""theta"": [0.9570472285765121, 0.05596843078427438], ""objective"": 0.5131105546825718, ""success"": true, ""message"": ""`ftol` termination condition is satisfied."", ""evaluations"": 16, ""inference_unavailable_reasons"": []}, {""start"": [0.8762, 0.2397], ""theta"": [0.9570472733127903, 0.05596836438868835], ""objective"": 0.5131105546836211, ""success"": true, ""message"": ""`ftol` termination condition is satisfied."", ""evaluations"": 9, ""inference_unavailable_reasons"": []}]",cbc0a5a2e8a45be450dad61596c6cc818a1894e5cea28a61651d25a6ae97e1c7
21,baseline_fixed,21,5526373358502921680,0.8762,0.2397,boundary,False,,52.49443249710385,0.98,0.024404920013219505,True,False,True,True,False,2,,4,True,"[{""start"": [0.5, 0.1], ""theta"": [0.9799999999999999, 0.024404920001620534], ""objective"": 52.49443249710997, ""success"": true, ""message"": ""`gtol` termination condition is satisfied."", ""evaluations"": 11, ""inference_unavailable_reasons"": [""parameter_on_boundary""]}, {""start"": [0.75, 0.4], ""theta"": [0.98, 0.02440492000043004], ""objective"": 52.49443249710446, ""success"": true, ""message"": ""`gtol` termination condition is satisfied."", ""evaluations"": 11, ""inference_unavailable_reasons"": [""parameter_on_boundary""]}, {""start"": [0.95, 0.7], ""theta"": [0.98, 0.024404920000222208], ""objective"": 52.494432497105294, ""success"": true, ""message"": ""`gtol` termination condition is satisfied."", ""evaluations"": 16, ""inference_unavailable_reasons"": [""parameter_on_boundary""]}, {""start"": [0.8762, 0.2397], ""theta"": [0.98, 0.024404920013219505], ""objective"": 52.49443249710385, ""success"": true, ""message"": ""`ftol` termination condition is satisfied."", ""evaluations"": 9, ""inference_unavailable_reasons"": [""parameter_on_boundary""]}]",29a2c7e82f7c4192a20d68a4227f36880521f6beb10731ddae02f02acf6ba7c7
22,baseline_fixed,22,7399334137178012808,0.8762,0.2397,regular,False,,24.842991289829087,0.8919046587376914,0.18121163803722806,True,True,False,False,False,2,0.0008089898000151997,4,True,"[{""start"": [0.5, 0.1], ""theta"": [0.891903958427533, 0.18121337071546298], ""objective"": 24.84299129155861, ""success"": true, ""message"": ""`ftol` termination condition is satisfied."", ""evaluations"": 10, ""inference_unavailable_reasons"": []}, {""start"": [0.75, 0.4], ""theta"": [0.8919040983280717, 0.18121291786758756], ""objective"": 24.842991291034323, ""success"": true, ""message"": ""`ftol` termination condition is satisfied."", ""evaluations"": 8, ""inference_unavailable_reasons"": []}, {""start"": [0.95, 0.7], ""theta"": [0.8919046587376914, 0.18121163803722806], ""objective"": 24.842991289829087, ""success"": true, ""message"": ""`ftol` termination condition is satisfied."", ""evaluations"": 16, ""inference_unavailable_reasons"": []}, {""start"": [0.8762, 0.2397], ""theta"": [0.8919071995325174, 0.18120517154146015], ""objective"": 24.84299129178873, ""success"": true, ""message"": ""`ftol` termination condition is satisfied."", ""evaluations"": 9, ""inference_unavailable_reasons"": []}]",436339fb859d74bc368691e52356dc758ef223b6efd57ec28384a183a8ac1855
23,baseline_fixed,23,12800115854733652619,0.8762,0.2397,regular,False,,10.16372849973721,0.971234261625806,0.039161416983012655,True,True,False,False,False,2,0.17948344253555287,4,True,"[{""start"": [0.5, 0.1], ""theta"": [0.971234261625806, 0.039161416983012655], ""objective"": 10.16372849973721, ""success"": true, ""message"": ""`ftol` termination condition is satisfied."", ""evaluations"": 13, ""inference_unavailable_reasons"": []}, {""start"": [0.75, 0.4], ""theta"": [0.9712342799520488, 0.039161389715060835], ""objective"": 10.163728499743696, ""success"": true, ""message"": ""`ftol` termination condition is satisfied."", ""evaluations"": 12, ""inference_unavailable_reasons"": []}, {""start"": [0.95, 0.7], ""theta"": [0.9712342561004879, 0.03916142519786592], ""objective"": 10.163728499742337, ""success"": true, ""message"": ""`ftol` termination condition is satisfied."", ""evaluations"": 18, ""inference_unavailable_reasons"": []}, {""start"": [0.8762, 0.2397], ""theta"": [0.9712342811492053, 0.039161387935498365], ""objective"": 10.16372849973829, ""success"": true, ""message"": ""`ftol` termination condition is satisfied."", ""evaluations"": 11, ""inference_unavailable_reasons"": []}]",8a472ea70651a81b1e92311078a845c990ed1e7eaa179bd9359168e297219181
24,baseline_fixed,24,17798386775192969096,0.8762,0.2397,regular,False,,14.662762520336923,0.8660875158449853,0.3478142601290024,True,True,False,False,False,2,0.04057363230339822,4,True,"[{""start"": [0.5, 0.1], ""theta"": [0.8660875158449853, 0.3478142601290024], ""objective"": 14.662762520336923, ""success"": true, ""message"": ""`ftol` termination condition is satisfied."", ""evaluations"": 21, ""inference_unavailable_reasons"": []}, {""start"": [0.75, 0.4], ""theta"": [0.8660828996992015, 0.34782865957808573], ""objective"": 14.662762531728301, ""success"": true, ""message"": ""`ftol` termination condition is satisfied."", ""evaluations"": 16, ""inference_unavailable_reasons"": [""nonstationary_solution""]}, {""start"": [0.95, 0.7], ""theta"": [0.8660842542202454, 0.34782408578143365], ""objective"": 14.662762524165231, ""success"": true, ""message"": ""`ftol` termination condition is satisfied."", ""evaluations"": 23, ""inference_unavailable_reasons"": []}, {""start"": [0.8762, 0.2397], ""theta"": [0.8660853245642973, 0.347820327513825], ""objective"": 14.662762520599276, ""success"": true, ""message"": ""`ftol` termination condition is satisfied."", ""evaluations"": 16, ""inference_unavailable_reasons"": []}]",834032554c1e9d854fb392d5bd513162e68c78db17e865a189a853e784140307
25,baseline_fixed,25,2003463280191300687,0.8762,0.2397,regular,False,,6.4302047032619765,0.8507043252243214,0.3147024069483179,True,True,False,False,False,2,0.49050714628077585,4,True,"[{""start"": [0.5, 0.1], ""theta"": [0.8507043017579219, 0.31470247621657166], ""objective"": 6.430204703262819, ""success"": true, ""message"": ""`ftol` termination condition is satisfied."", ""evaluations"": 9, ""inference_unavailable_reasons"": []}, {""start"": [0.75, 0.4], ""theta"": [0.850704336951071, 0.31470235906886207], ""objective"": 6.430204703262563, ""success"": true, ""message"": ""`ftol` termination condition is satisfied."", ""evaluations"": 7, ""inference_unavailable_reasons"": []}, {""start"": [0.95, 0.7], ""theta"": [0.8507043218889443, 0.3147024114949725], ""objective"": 6.430204703262843, ""success"": true, ""message"": ""`ftol` termination condition is satisfied."", ""evaluations"": 12, ""inference_unavailable_reasons"": []}, {""start"": [0.8762, 0.2397], ""theta"": [0.8507043252243214, 0.3147024069483179], ""objective"": 6.4302047032619765, ""success"": true, ""message"": ""`ftol` termination condition is satisfied."", ""evaluations"": 6, ""inference_unavailable_reasons"": []}]",40d283b5623335f1a475e94ccce471653b3d3dc1db4dd955b39841d5c6121260
26,baseline_fixed,26,12100966669219959815,0.8762,0.2397,regular,False,,21.971500990419024,0.8577208972977984,0.26346928719029694,True,True,False,False,False,2,0.002569311376636848,4,True,"[{""start"": [0.5, 0.1], ""theta"": [0.8577199631227701, 0.2634714097315495], ""objective"": 21.971500991541895, ""success"": true, ""message"": ""`ftol` termination condition is satisfied."", ""evaluations"": 14, ""inference_unavailable_reasons"": []}, {""start"": [0.75, 0.4], ""theta"": [0.8577200066955575, 0.26347131066485563], ""objective"": 21.97150099147105, ""success"": true, ""message"": ""`ftol` termination condition is satisfied."", ""evaluations"": 12, ""inference_unavailable_reasons"": []}, {""start"": [0.95, 0.7], ""theta"": [0.8577208972977984, 0.26346928719029694], ""objective"": 21.971500990419024, ""success"": true, ""message"": ""`ftol` termination condition is satisfied."", ""evaluations"": 18, ""inference_unavailable_reasons"": []}, {""start"": [0.8762, 0.2397], ""theta"": [0.8577243242730989, 0.26346150132476553], ""objective"": 21.971500992133954, ""success"": true, ""message"": ""`ftol` termination condition is satisfied."", ""evaluations"": 9, ""inference_unavailable_reasons"": []}]",45ea376a1b3c9fa5512e106be9f23dbac35ac0100704affdbf280a325f6f7323
27,baseline_fixed,27,17169754967809223041,0.8762,0.2397,regular,False,,75.48367267860674,0.9386133018772533,0.08364445179420213,True,True,False,False,False,2,1.1437993039447282e-13,4,True,"[{""start"": [0.5, 0.1], ""theta"": [0.9386102832872821, 0.08364966213482614], ""objective"": 75.48367269040175, ""success"": true, ""message"": ""`ftol` termination condition is satisfied."", ""evaluations"": 21, ""inference_unavailable_reasons"": []}, {""start"": [0.75, 0.4], ""theta"": [0.9386106889545124, 0.0836488546185899], ""objective"": 75.48367268619921, ""success"": true, ""message"": ""`ftol` termination condition is satisfied."", ""evaluations"": 12, ""inference_unavailable_reasons"": []}, {""start"": [0.95, 0.7], ""theta"": [0.9386115908442156, 0.08364691783921085], ""objective"": 75.48367267984665, ""success"": true, ""message"": ""`ftol` termination condition is satisfied."", ""evaluations"": 24, ""inference_unavailable_reasons"": []}, {""start"": [0.8762, 0.2397], ""theta"": [0.9386133018772533, 0.08364445179420213], ""objective"": 75.48367267860674, ""success"": true, ""message"": ""`ftol` termination condition is satisfied."", ""evaluations"": 15, ""inference_unavailable_reasons"": []}]",1a34c51575eebc3cb981fd50bf656784a2baf86ae5853bbd6caf606af9c368ee
28,baseline_fixed,28,11469541592694148839,0.8762,0.2397,regular,False,,3.804983945070563,0.8897182155406917,0.2098371204706413,True,True,False,False,False,2,0.8019455606417495,4,True,"[{""start"": [0.5, 0.1], ""theta"": [0.8897182155406917, 0.2098371204706413], ""objective"": 3.804983945070563, ""success"": true, ""message"": ""`ftol` termination condition is satisfied."", ""evaluations"": 10, ""inference_unavailable_reasons"": []}, {""start"": [0.75, 0.4], ""theta"": [0.8897179718309204, 0.20983747713727355], ""objective"": 3.804983945099553, ""success"": true, ""message"": ""`ftol` termination condition is satisfied."", ""evaluations"": 8, ""inference_unavailable_reasons"": []}, {""start"": [0.95, 0.7], ""theta"": [0.8897183799396315, 0.20983671883753352], ""objective"": 3.804983945113374, ""success"": true, ""message"": ""`ftol` termination condition is satisfied."", ""evaluations"": 13, ""inference_unavailable_reasons"": []}, {""start"": [0.8762, 0.2397], ""theta"": [0.8897182259819489, 0.2098371127549793], ""objective"": 3.804983945070934, ""success"": true, ""message"": ""`ftol` termination condition is satisfied."", ""evaluations"": 6, ""inference_unavailable_reasons"": []}]",f0d873f0ddb93cd910dc3d87ed861710539156246a1a2f6544e6a3a65d26e48b
29,baseline_fixed,29,13399349895070752605,0.8762,0.2397,regular,False,,9.088926889521588,0.8729527761802742,0.2642992172908074,True,True,False,False,False,2,0.24633438225861704,4,True,"[{""start"": [0.5, 0.1], ""theta"": [0.8729527761802742, 0.2642992172908074], ""objective"": 9.088926889521588, ""success"": true, ""message"": ""`ftol` termination condition is satisfied."", ""evaluations"": 10, ""inference_unavailable_reasons"": []}, {""start"": [0.75, 0.4], ""theta"": [0.8729527332891012, 0.26429930676778896], ""objective"": 9.088926889528965, ""success"": true, ""message"": ""`ftol` termination condition is satisfied."", ""evaluations"": 8, ""inference_unavailable_reasons"": []}, {""start"": [0.95, 0.7], ""theta"": [0.872952636422791, 0.2642995089809138], ""objective"": 9.088926889541703, ""success"": true, ""message"": ""`ftol` termination condition is satisfied."", ""evaluations"": 12, ""inference_unavailable_reasons"": []}, {""start"": [0.8762, 0.2397], ""theta"": [0.8729529809172341, 0.26429879005708934], ""objective"": 9.088926889540254, ""success"": true, ""message"": ""`ftol` termination condition is satisfied."", ""evaluations"": 5, ""inference_unavailable_reasons"": []}]",1604bc34e57e1391521c1128ebaaa8508a079f56c313d7202d6ffaf910739e13
30,baseline_fixed,30,9964184233800676138,0.8762,0.2397,regular,False,,6.64476126186989,0.912468611041118,0.15550917260051877,True,True,False,False,False,2,0.4667795676414207,4,True,"[{""start"": [0.5, 0.1], ""theta"": [0.9124686132500031, 0.15550916848041751], ""objective"": 6.644761261870355, ""success"": true, ""message"": ""`ftol` termination condition is satisfied."", ""evaluations"": 12, ""inference_unavailable_reasons"": []}, {""start"": [0.75, 0.4], ""theta"": [0.9124685701541753, 0.15550924912869568], ""objective"": 6.644761261881049, ""success"": true, ""message"": ""`ftol` termination condition is satisfied."", ""evaluations"": 10, ""inference_unavailable_reasons"": []}, {""start"": [0.95, 0.7], ""theta"": [0.912468611041118, 0.15550917260051877], ""objective"": 6.64476126186989, ""success"": true, ""message"": ""`ftol` termination condition is satisfied."", ""evaluations"": 16, ""inference_unavailable_reasons"": []}, {""start"": [0.8762, 0.2397], ""theta"": [0.9124683298376899, 0.15550969932322425], ""objective"": 6.644761261974598, ""success"": true, ""message"": ""`ftol` termination condition is satisfied."", ""evaluations"": 8, ""inference_unavailable_reasons"": []}]",6fc81630f83272e1544c4dde60785a6539f484b584a0f6340e12e205d11faf2a
31,baseline_fixed,31,2654972178454796945,0.8762,0.2397,regular,False,,5.156266057776333,0.7922461701934616,0.4641683578374701,True,True,False,False,False,2,0.640899922045996,4,True,"[{""start"": [0.5, 0.1], ""theta"": [0.7922470408927353, 0.4641662166009404], ""objective"": 5.156266057778501, ""success"": true, ""message"": ""`ftol` termination condition is satisfied."", ""evaluations"": 11, ""inference_unavailable_reasons"": []}, {""start"": [0.75, 0.4], ""theta"": [0.7922461701934616, 0.4641683578374701], ""objective"": 5.156266057776333, ""success"": true, ""message"": ""`ftol` termination condition is satisfied."", ""evaluations"": 10, ""inference_unavailable_reasons"": []}, {""start"": [0.95, 0.7], ""theta"": [0.7922471647849678, 0.4641659120480692], ""objective"": 5.156266057823983, ""success"": true, ""message"": ""`ftol` termination condition is satisfied."", ""evaluations"": 14, ""inference_unavailable_reasons"": []}, {""start"": [0.8762, 0.2397], ""theta"": [0.7922475299530447, 0.46416501372665986], ""objective"": 5.156266058015317, ""success"": true, ""message"": ""`ftol` termination condition is satisfied."", ""evaluations"": 10, ""inference_unavailable_reasons"": []}]",b0ab6362c2d8bcebf2a5d4eb39a68358ca454bbf8bb5f48c7e898b26e2ce78a1
32,baseline_fixed,32,8833785468043554478,0.8762,0.2397,regular,False,,3.651899708286141,0.8601088013365139,0.13724206427887276,True,True,False,False,False,2,0.8188843716210361,4,True,"[{""start"": [0.5, 0.1], ""theta"": [0.8601086979655617, 0.1372422435176076], ""objective"": 3.651899708314634, ""success"": true, ""message"": ""`ftol` termination condition is satisfied."", ""evaluations"": 11, ""inference_unavailable_reasons"": []}, {""start"": [0.75, 0.4], ""theta"": [0.8601093606608956, 0.13724109700639914], ""objective"": 3.6518997083387683, ""success"": true, ""message"": ""`ftol` termination condition is satisfied."", ""evaluations"": 9, ""inference_unavailable_reasons"": []}, {""start"": [0.95, 0.7], ""theta"": [0.860108394503321, 0.1372427683371923], ""objective"": 3.65189970845275, ""success"": true, ""message"": ""`ftol` termination condition is satisfied."", ""evaluations"": 16, ""inference_unavailable_reasons"": []}, {""start"": [0.8762, 0.2397], ""theta"": [0.8601088013365139, 0.13724206427887276], ""objective"": 3.651899708286141, ""success"": true, ""message"": ""`ftol` termination condition is satisfied."", ""evaluations"": 10, ""inference_unavailable_reasons"": []}]",ce1f43749b8cab0c05dc2109e93da981d6969aafb75e9f8dba413b4ef1c44ef3
33,baseline_fixed,33,7953873710078704781,0.8762,0.2397,regular,False,,12.463349337583294,0.8749266431248499,0.2673500115036422,True,True,False,False,False,2,0.08631453281679088,4,True,"[{""start"": [0.5, 0.1], ""theta"": [0.8749221596149861, 0.2673629095031857], ""objective"": 12.463349340281834, ""success"": true, ""message"": ""`ftol` termination condition is satisfied."", ""evaluations"": 18, ""inference_unavailable_reasons"": []}, {""start"": [0.75, 0.4], ""theta"": [0.8749267753960681, 0.2673496310704786], ""objective"": 12.463349337975597, ""success"": true, ""message"": ""`ftol` termination condition is satisfied."", ""evaluations"": 18, ""inference_unavailable_reasons"": []}, {""start"": [0.95, 0.7], ""theta"": [0.8749270464038619, 0.26734885179120416], ""objective"": 12.463349338851913, ""success"": true, ""message"": ""`ftol` termination condition is satisfied."", ""evaluations"": 22, ""inference_unavailable_reasons"": []}, {""start"": [0.8762, 0.2397], ""theta"": [0.8749266431248499, 0.2673500115036422], ""objective"": 12.463349337583294, ""success"": true, ""message"": ""`ftol` termination condition is satisfied."", ""evaluations"": 15, ""inference_unavailable_reasons"": []}]",0b0beea4b5d539ec2b9048268adef251ad3aeceeff4b2af57f9d82534d55835f
34,baseline_fixed,34,636102108267220196,0.8762,0.2397,regular,False,,17.570425379151473,0.9236685433302376,0.09189731686582547,True,True,False,False,False,2,0.014066044996585335,4,True,"[{""start"": [0.5, 0.1], ""theta"": [0.923667936976921, 0.09189796323864499], ""objective"": 17.570425379668453, ""success"": true, ""message"": ""`ftol` termination condition is satisfied."", ""evaluations"": 14, ""inference_unavailable_reasons"": []}, {""start"": [0.75, 0.4], ""theta"": [0.9236685433302376, 0.09189731686582547], ""objective"": 17.570425379151473, ""success"": true, ""message"": ""`ftol` termination condition is satisfied."", ""evaluations"": 13, ""inference_unavailable_reasons"": []}, {""start"": [0.95, 0.7], ""theta"": [0.9236675324761854, 0.09189839441354775], ""objective"": 17.570425380198884, ""success"": true, ""message"": ""`ftol` termination condition is satisfied."", ""evaluations"": 19, ""inference_unavailable_reasons"": []}, {""start"": [0.8762, 0.2397], ""theta"": [0.9236680470630066, 0.09189784580350377], ""objective"": 17.570425379555676, ""success"": true, ""message"": ""`ftol` termination condition is satisfied."", ""evaluations"": 12, ""inference_unavailable_reasons"": []}]",cf01ca039c35e32db7e83cd36d84c8e0a6cec52e5ac82da85772a238bd7804ef
35,baseline_fixed,35,14127896868099409193,0.8762,0.2397,regular,False,,8.445175796934192,0.847599112493059,0.3204743655338479,True,True,False,False,False,2,0.2949786159180328,4,True,"[{""start"": [0.5, 0.1], ""theta"": [0.847599139341521, 0.32047431270949833], ""objective"": 8.445175796936406, ""success"": true, ""message"": ""`ftol` termination condition is satisfied."", ""evaluations"": 10, ""inference_unavailable_reasons"": []}, {""start"": [0.75, 0.4], ""theta"": [0.847599025329828, 0.3204745374256328], ""objective"": 8.445175796943143, ""success"": true, ""message"": ""`ftol` termination condition is satisfied."", ""evaluations"": 8, ""inference_unavailable_reasons"": []}, {""start"": [0.95, 0.7], ""theta"": [0.847599112493059, 0.3204743655338479], ""objective"": 8.445175796934192, ""success"": true, ""message"": ""`ftol` termination condition is satisfied."", ""evaluations"": 13, ""inference_unavailable_reasons"": []}, {""start"": [0.8762, 0.2397], ""theta"": [0.8475993354348549, 0.32047392656563917], ""objective"": 8.445175796934894, ""success"": true, ""message"": ""`ftol` termination condition is satisfied."", ""evaluations"": 7, ""inference_unavailable_reasons"": []}]",f9b363eb40150e178a73917112c34c1cb78b192c7895928ccb9f07f4964ab376
36,baseline_fixed,36,3910184008664493954,0.8762,0.2397,regular,False,,18.629833435036144,0.8331144833279249,0.26581204931415886,True,True,False,False,False,2,0.009429511176684795,4,True,"[{""start"": [0.5, 0.1], ""theta"": [0.8331142065419891, 0.26581256462984043], ""objective"": 18.629833435089672, ""success"": true, ""message"": ""`ftol` termination condition is satisfied."", ""evaluations"": 9, ""inference_unavailable_reasons"": []}, {""start"": [0.75, 0.4], ""theta"": [0.8331140215933409, 0.26581290908379085], ""objective"": 18.629833435158588, ""success"": true, ""message"": ""`ftol` termination condition is satisfied."", ""evaluations"": 7, ""inference_unavailable_reasons"": []}, {""start"": [0.95, 0.7], ""theta"": [0.8331144833279249, 0.26581204931415886], ""objective"": 18.629833435036144, ""success"": true, ""message"": ""`ftol` termination condition is satisfied."", ""evaluations"": 14, ""inference_unavailable_reasons"": []}, {""start"": [0.8762, 0.2397], ""theta"": [0.8331147852691525, 0.26581148737297466], ""objective"": 18.629833435060302, ""success"": true, ""message"": ""`ftol` termination condition is satisfied."", ""evaluations"": 7, ""inference_unavailable_reasons"": []}]",2a010307b2f4e4b3c991132da8b2df3924f15dd17bf8722bf21bac456dbf2928
37,baseline_fixed,37,17561834306559600067,0.8762,0.2397,regular,False,,10.715532731487624,0.8911744985961642,0.17223850429712267,True,True,False,False,False,2,0.15151765761802233,4,True,"[{""start"": [0.5, 0.1], ""theta"": [0.8911744985961642, 0.17223850429712267], ""objective"": 10.715532731487624, ""success"": true, ""message"": ""`ftol` termination condition is satisfied."", ""evaluations"": 10, ""inference_unavailable_reasons"": []}, {""start"": [0.75, 0.4], ""theta"": [0.8911744445283183, 0.1722385841582795], ""objective"": 10.715532731507656, ""success"": true, ""message"": ""`ftol` termination condition is satisfied."", ""evaluations"": 8, ""inference_unavailable_reasons"": []}, {""start"": [0.95, 0.7], ""theta"": [0.8911744007096455, 0.17223864909687792], ""objective"": 10.715532731527173, ""success"": true, ""message"": ""`ftol` termination condition is satisfied."", ""evaluations"": 14, ""inference_unavailable_reasons"": []}, {""start"": [0.8762, 0.2397], ""theta"": [0.891174459295569, 0.17223856235948032], ""objective"": 10.715532731507064, ""success"": true, ""message"": ""`ftol` termination condition is satisfied."", ""evaluations"": 7, ""inference_unavailable_reasons"": []}]",af37bca18699c9179a85c2cec11c0d93a39310d745f21a0167e34da113a6ee54
38,baseline_fixed,38,7565155640325089262,0.8762,0.2397,boundary,False,,3.5161837382731886,0.9579572246890722,0.010000000000000037,True,False,True,False,True,2,,4,True,"[{""start"": [0.5, 0.1], ""theta"": [0.9579572273883636, 0.010000000000000009], ""objective"": 3.516183738279917, ""success"": true, ""message"": ""`ftol` termination condition is satisfied."", ""evaluations"": 10, ""inference_unavailable_reasons"": [""parameter_on_boundary""]}, {""start"": [0.75, 0.4], ""theta"": [0.9579572165012644, 0.010000000000000064], ""objective"": 3.5161837382804535, ""success"": true, ""message"": ""`ftol` termination condition is satisfied."", ""evaluations"": 10, ""inference_unavailable_reasons"": [""parameter_on_boundary""]}, {""start"": [0.95, 0.7], ""theta"": [0.9579572365369428, 0.01000000000000012], ""objective"": 3.516183738282753, ""success"": true, ""message"": ""`ftol` termination condition is satisfied."", ""evaluations"": 16, ""inference_unavailable_reasons"": [""parameter_on_boundary""]}, {""start"": [0.8762, 0.2397], ""theta"": [0.9579572246890722, 0.010000000000000037], ""objective"": 3.5161837382731886, ""success"": true, ""message"": ""`ftol` termination condition is satisfied."", ""evaluations"": 11, ""inference_unavailable_reasons"": [""parameter_on_boundary""]}]",b4f37e88e8844da808b6b48b819fd33dee1b6d31d369239655e081e60d2c5665
39,baseline_fixed,39,6741246304851950679,0.8762,0.2397,regular,False,,21.55812731927624,0.8834894353415412,0.27963362987904555,True,True,False,False,False,2,0.00302621216088318,4,True,"[{""start"": [0.5, 0.1], ""theta"": [0.8834894172445474, 0.27963362861623253], ""objective"": 21.558127319277958, ""success"": true, ""message"": ""`ftol` termination condition is satisfied."", ""evaluations"": 9, ""inference_unavailable_reasons"": []}, {""start"": [0.75, 0.4], ""theta"": [0.8834894538753784, 0.2796336007299377], ""objective"": 21.55812731927654, ""success"": true, ""message"": ""`ftol` termination condition is satisfied."", ""evaluations"": 8, ""inference_unavailable_reasons"": []}, {""start"": [0.95, 0.7], ""theta"": [0.8834894353415412, 0.27963362987904555], ""objective"": 21.55812731927624, ""success"": true, ""message"": ""`ftol` termination condition is satisfied."", ""evaluations"": 13, ""inference_unavailable_reasons"": []}, {""start"": [0.8762, 0.2397], ""theta"": [0.8834896232364013, 0.27963312442785954], ""objective"": 21.55812731927934, ""success"": true, ""message"": ""`ftol` termination condition is satisfied."", ""evaluations"": 6, ""inference_unavailable_reasons"": []}]",623c624817e89c4fa6dd7d7e6f7a1da6acfeffc8b9e8d0165a4d3921b2607c02
40,baseline_fixed,40,1095343406910496952,0.8762,0.2397,boundary,False,,22.966048471900258,0.9482445493805274,0.010000000000149556,True,False,True,False,True,2,,4,True,"[{""start"": [0.5, 0.1], ""theta"": [0.9482443699888192, 0.01000000000006318], ""objective"": 22.96604847286215, ""success"": true, ""message"": ""`ftol` termination condition is satisfied."", ""evaluations"": 26, ""inference_unavailable_reasons"": [""parameter_on_boundary""]}, {""start"": [0.75, 0.4], ""theta"": [0.9482444302630578, 0.010000000174687607], ""objective"": 22.966048474559642, ""success"": true, ""message"": ""`ftol` termination condition is satisfied."", ""evaluations"": 21, ""inference_unavailable_reasons"": [""parameter_on_boundary""]}, {""start"": [0.95, 0.7], ""theta"": [0.9482445493805274, 0.010000000000149556], ""objective"": 22.966048471900258, ""success"": true, ""message"": ""`ftol` termination condition is satisfied."", ""evaluations"": 27, ""inference_unavailable_reasons"": [""parameter_on_boundary""]}, {""start"": [0.8762, 0.2397], ""theta"": [0.948244356461973, 0.010000000010016719], ""objective"": 22.966048473061775, ""success"": true, ""message"": ""`ftol` termination condition is satisfied."", ""evaluations"": 23, ""inference_unavailable_reasons"": [""parameter_on_boundary""]}]",d8ecb52f1fb4b013a4bb99cef42173c8576690e9bf3e5cfb9f1f7507e592b7e4
41,baseline_fixed,41,16361529969157512803,0.8762,0.2397,regular,False,,8.494360345195535,0.7901685144696778,0.4409662600411026,True,True,False,False,False,2,0.29102367653028144,4,True,"[{""start"": [0.5, 0.1], ""theta"": [0.7901678894302491, 0.44096820328879227], ""objective"": 8.494360345480379, ""success"": true, ""message"": ""`ftol` termination condition is satisfied."", ""evaluations"": 10, ""inference_unavailable_reasons"": []}, {""start"": [0.75, 0.4], ""theta"": [0.7901680213372251, 0.4409677942906947], ""objective"": 8.494360345397034, ""success"": true, ""message"": ""`ftol` termination condition is satisfied."", ""evaluations"": 8, ""inference_unavailable_reasons"": []}, {""start"": [0.95, 0.7], ""theta"": [0.7901685144696778, 0.4409662600411026], ""objective"": 8.494360345195535, ""success"": true, ""message"": ""`ftol` termination condition is satisfied."", ""evaluations"": 14, ""inference_unavailable_reasons"": []}, {""start"": [0.8762, 0.2397], ""theta"": [0.7901692292857891, 0.4409640360764655], ""objective"": 8.494360345268479, ""success"": true, ""message"": ""`ftol` termination condition is satisfied."", ""evaluations"": 10, ""inference_unavailable_reasons"": []}]",70e2017cc076ce8ba95f44ea10d93c9747034fd922ddcad384399ce5d15fde8a
42,baseline_fixed,42,14813913249487983311,0.8762,0.2397,boundary,False,,272.2808789792076,0.98,0.010000000000000064,True,False,True,True,True,2,,4,True,"[{""start"": [0.5, 0.1], ""theta"": [0.9799999999999887, 0.010000000000000023], ""objective"": 272.2808789792944, ""success"": true, ""message"": ""`gtol` termination condition is satisfied."", ""evaluations"": 15, ""inference_unavailable_reasons"": [""parameter_on_boundary""]}, {""start"": [0.75, 0.4], ""theta"": [0.98, 0.010000000000000064], ""objective"": 272.2808789792076, ""success"": true, ""message"": ""`gtol` termination condition is satisfied."", ""evaluations"": 13, ""inference_unavailable_reasons"": [""parameter_on_boundary""]}, {""start"": [0.95, 0.7], ""theta"": [0.9799999999998301, 0.01000000000000012], ""objective"": 272.280878979329, ""success"": true, ""message"": ""`gtol` termination condition is satisfied."", ""evaluations"": 18, ""inference_unavailable_reasons"": [""parameter_on_boundary""]}, {""start"": [0.8762, 0.2397], ""theta"": [0.98, 0.010000000000000064], ""objective"": 272.2808789792076, ""success"": true, ""message"": ""`gtol` termination condition is satisfied."", ""evaluations"": 12, ""inference_unavailable_reasons"": [""parameter_on_boundary""]}]",9d57cf6dfcad929610cad35941a899ad4f2cc28603d59b6ac611e0998bbcd531
43,baseline_fixed,43,2366965351302093513,0.8762,0.2397,regular,False,,5.791397033070551,0.8442127091618654,0.22195088758637338,True,True,False,False,False,2,0.5643072201919699,4,True,"[{""start"": [0.5, 0.1], ""theta"": [0.8442127091618654, 0.22195088758637338], ""objective"": 5.791397033070551, ""success"": true, ""message"": ""`ftol` termination condition is satisfied."", ""evaluations"": 10, ""inference_unavailable_reasons"": []}, {""start"": [0.75, 0.4], ""theta"": [0.8442125076025497, 0.22195130684002626], ""objective"": 5.791397033156194, ""success"": true, ""message"": ""`ftol` termination condition is satisfied."", ""evaluations"": 9, ""inference_unavailable_reasons"": []}, {""start"": [0.95, 0.7], ""theta"": [0.844212525049878, 0.22195127045062601], ""objective"": 5.791397033147194, ""success"": true, ""message"": ""`ftol` termination condition is satisfied."", ""evaluations"": 15, ""inference_unavailable_reasons"": []}, {""start"": [0.8762, 0.2397], ""theta"": [0.8442138506567033, 0.22194851330969634], ""objective"": 5.791397033329096, ""success"": true, ""message"": ""`ftol` termination condition is satisfied."", ""evaluations"": 8, ""inference_unavailable_reasons"": []}]",8aabcdf0fe5d02efbae089e5277e3d309b3012c5c123c6f267b7ed3a3c38ddcc
44,baseline_fixed,44,14369266108785618084,0.8762,0.2397,regular,False,,6.228823434991798,0.9574376213192649,0.07178536697139037,True,True,False,False,False,2,0.5132995212282689,4,True,"[{""start"": [0.5, 0.1], ""theta"": [0.9574376043704, 0.07178539696364288], ""objective"": 6.228823434996744, ""success"": true, ""message"": ""`ftol` termination condition is satisfied."", ""evaluations"": 12, ""inference_unavailable_reasons"": []}, {""start"": [0.75, 0.4], ""theta"": [0.9574376213192649, 0.07178536697139037], ""objective"": 6.228823434991798, ""success"": true, ""message"": ""`ftol` termination condition is satisfied."", ""evaluations"": 10, ""inference_unavailable_reasons"": []}, {""start"": [0.95, 0.7], ""theta"": [0.9574374814455938, 0.07178561457803401], ""objective"": 6.228823435006511, ""success"": true, ""message"": ""`ftol` termination condition is satisfied."", ""evaluations"": 15, ""inference_unavailable_reasons"": []}, {""start"": [0.8762, 0.2397], ""theta"": [0.9574376291951249, 0.07178535307134565], ""objective"": 6.228823434993357, ""success"": true, ""message"": ""`ftol` termination condition is satisfied."", ""evaluations"": 8, ""inference_unavailable_reasons"": []}]",ac53b8afc6841fda3128ffa88c3c3df5854109a71693fd8deb0ffe02f1beb185
45,baseline_fixed,45,16082075241267595992,0.8762,0.2397,regular,False,,4.265693473078792,0.9224516481027797,0.12381802281132531,True,True,False,False,False,2,0.7487165276615229,4,True,"[{""start"": [0.5, 0.1], ""theta"": [0.9224516481027797, 0.12381802281132531], ""objective"": 4.265693473078792, ""success"": true, ""message"": ""`ftol` termination condition is satisfied."", ""evaluations"": 11, ""inference_unavailable_reasons"": []}, {""start"": [0.75, 0.4], ""theta"": [0.9224516047984272, 0.1238180847853842], ""objective"": 4.265693473081443, ""success"": true, ""message"": ""`ftol` termination condition is satisfied."", ""evaluations"": 9, ""inference_unavailable_reasons"": []}, {""start"": [0.95, 0.7], ""theta"": [0.9224515669864417, 0.12381813898284877], ""objective"": 4.265693473085526, ""success"": true, ""message"": ""`ftol` termination condition is satisfied."", ""evaluations"": 14, ""inference_unavailable_reasons"": []}, {""start"": [0.8762, 0.2397], ""theta"": [0.9224516035735509, 0.12381808669144427], ""objective"": 4.26569347308086, ""success"": true, ""message"": ""`ftol` termination condition is satisfied."", ""evaluations"": 7, ""inference_unavailable_reasons"": []}]",35de0e38da2f815fe1d134a841d30906bd751ca88df59b303eba1dbad263b096
46,baseline_fixed,46,14073148329260092616,0.8762,0.2397,boundary,False,,13.867794199625514,0.8839973876734587,0.010000000000001119,True,False,True,False,True,2,,4,True,"[{""start"": [0.5, 0.1], ""theta"": [0.8839973682329818, 0.010000000000004589], ""objective"": 13.867794199626138, ""success"": true, ""message"": ""`ftol` termination condition is satisfied."", ""evaluations"": 10, ""inference_unavailable_reasons"": [""parameter_on_boundary""]}, {""start"": [0.75, 0.4], ""theta"": [0.8839973334291312, 0.01000000000005924], ""objective"": 13.86779419963949, ""success"": true, ""message"": ""`ftol` termination condition is satisfied."", ""evaluations"": 9, ""inference_unavailable_reasons"": [""parameter_on_boundary""]}, {""start"": [0.95, 0.7], ""theta"": [0.8839973876734587, 0.010000000000001119], ""objective"": 13.867794199625514, ""success"": true, ""message"": ""`ftol` termination condition is satisfied."", ""evaluations"": 15, ""inference_unavailable_reasons"": [""parameter_on_boundary""]}, {""start"": [0.8762, 0.2397], ""theta"": [0.8839973387227779, 0.010000000000059323], ""objective"": 13.86779419963344, ""success"": true, ""message"": ""`ftol` termination condition is satisfied."", ""evaluations"": 9, ""inference_unavailable_reasons"": [""parameter_on_boundary""]}]",9ec268c8ab9f09f2f150876c0e265493e5f2fbb69d7fd14270d9c2a772478b31
47,baseline_fixed,47,7794300450087106588,0.8762,0.2397,regular,False,,1.7819306623669136,0.8845549437142068,0.22497844617489177,True,True,False,False,False,2,0.970918959266612,4,True,"[{""start"": [0.5, 0.1], ""theta"": [0.8845549712318284, 0.22497839020197588], ""objective"": 1.7819306623673286, ""success"": true, ""message"": ""`ftol` termination condition is satisfied."", ""evaluations"": 9, ""inference_unavailable_reasons"": []}, {""start"": [0.75, 0.4], ""theta"": [0.8845549678883541, 0.22497839700470176], ""objective"": 1.781930662367261, ""success"": true, ""message"": ""`ftol` termination condition is satisfied."", ""evaluations"": 8, ""inference_unavailable_reasons"": []}, {""start"": [0.95, 0.7], ""theta"": [0.8845549437142068, 0.22497844617489177], ""objective"": 1.7819306623669136, ""success"": true, ""message"": ""`ftol` termination condition is satisfied."", ""evaluations"": 12, ""inference_unavailable_reasons"": []}, {""start"": [0.8762, 0.2397], ""theta"": [0.8845549731597678, 0.22497838627871702], ""objective"": 1.7819306623671185, ""success"": true, ""message"": ""`ftol` termination condition is satisfied."", ""evaluations"": 5, ""inference_unavailable_reasons"": []}]",dedb04edc5f8b7d52c091e1c7829615665c9ee3ec6d732c2cd5245be9cdb0983
48,baseline_fixed,48,16577882560727981544,0.8762,0.2397,regular,False,,6.991956342650584,0.7912489272556307,0.47479274256563175,True,True,False,False,False,2,0.4297178422530894,4,True,"[{""start"": [0.5, 0.1], ""theta"": [0.7912480475486563, 0.47479514337892537], ""objective"": 6.991956342695245, ""success"": true, ""message"": ""`ftol` termination condition is satisfied."", ""evaluations"": 11, ""inference_unavailable_reasons"": []}, {""start"": [0.75, 0.4], ""theta"": [0.7912481765413162, 0.4747947899672265], ""objective"": 6.9919563426578915, ""success"": true, ""message"": ""`ftol` termination condition is satisfied."", ""evaluations"": 9, ""inference_unavailable_reasons"": []}, {""start"": [0.95, 0.7], ""theta"": [0.7912478539669701, 0.47479567265779593], ""objective"": 6.991956342775142, ""success"": true, ""message"": ""`ftol` termination condition is satisfied."", ""evaluations"": 14, ""inference_unavailable_reasons"": []}, {""start"": [0.8762, 0.2397], ""theta"": [0.7912489272556307, 0.47479274256563175], ""objective"": 6.991956342650584, ""success"": true, ""message"": ""`ftol` termination condition is satisfied."", ""evaluations"": 11, ""inference_unavailable_reasons"": []}]",8e350cb2c1b8fbb7f185ea74df73b27b5f63546bf10c98d9be89510e74b24267
49,baseline_fixed,49,12664782950900105182,0.8762,0.2397,boundary,False,,5.027236122295378,0.98,0.04766295582793295,True,False,True,True,False,2,,4,True,"[{""start"": [0.5, 0.1], ""theta"": [0.98, 0.04766295582867326], ""objective"": 5.027236122295831, ""success"": true, ""message"": ""`gtol` termination condition is satisfied."", ""evaluations"": 14, ""inference_unavailable_reasons"": [""parameter_on_boundary""]}, {""start"": [0.75, 0.4], ""theta"": [0.98, 0.04766295582793295], ""objective"": 5.027236122295378, ""success"": true, ""message"": ""`gtol` termination condition is satisfied."", ""evaluations"": 12, ""inference_unavailable_reasons"": [""parameter_on_boundary""]}, {""start"": [0.95, 0.7], ""theta"": [0.98, 0.04766295582771796], ""objective"": 5.027236122295832, ""success"": true, ""message"": ""`gtol` termination condition is satisfied."", ""evaluations"": 16, ""inference_unavailable_reasons"": [""parameter_on_boundary""]}, {""start"": [0.8762, 0.2397], ""theta"": [0.98, 0.04766295582756519], ""objective"": 5.027236122295785, ""success"": true, ""message"": ""`gtol` termination condition is satisfied."", ""evaluations"": 12, ""inference_unavailable_reasons"": [""parameter_on_boundary""]}]",425ff6b20c22a77f85f85e5633007462fb657648959001afe413b43e85a0ef6b
50,baseline_fixed,50,8179294977390499454,0.8762,0.2397,regular,False,,10.94290075331762,0.807353802088522,0.3624772956686273,True,True,False,False,False,2,0.14112912801069122,4,True,"[{""start"": [0.5, 0.1], ""theta"": [0.807353802088522, 0.3624772956686273], ""objective"": 10.94290075331762, ""success"": true, ""message"": ""`ftol` termination condition is satisfied."", ""evaluations"": 10, ""inference_unavailable_reasons"": []}, {""start"": [0.75, 0.4], ""theta"": [0.8073548642908863, 0.3624746391207184], ""objective"": 10.942900753410562, ""success"": true, ""message"": ""`ftol` termination condition is satisfied."", ""evaluations"": 9, ""inference_unavailable_reasons"": []}, {""start"": [0.95, 0.7], ""theta"": [0.8073533895486755, 0.36247835450128385], ""objective"": 10.94290075376786, ""success"": true, ""message"": ""`ftol` termination condition is satisfied."", ""evaluations"": 14, ""inference_unavailable_reasons"": []}, {""start"": [0.8762, 0.2397], ""theta"": [0.8073534026460972, 0.3624783276677167], ""objective"": 10.942900753758895, ""success"": true, ""message"": ""`ftol` termination condition is satisfied."", ""evaluations"": 9, ""inference_unavailable_reasons"": []}]",1acfbb02162c55df8b5a2fa7073a99a2c0672b2155ccb8f7635b10d1235795ef
51,baseline_fixed,51,628803677412643910,0.8762,0.2397,boundary,False,,17.404103626983584,0.9799999999999999,0.02999720469747645,True,False,True,True,False,2,,4,True,"[{""start"": [0.5, 0.1], ""theta"": [0.9799999999999999, 0.02999720469747645], ""objective"": 17.404103626983584, ""success"": true, ""message"": ""Both `ftol` and `xtol` termination conditions are satisfied."", ""evaluations"": 14, ""inference_unavailable_reasons"": [""parameter_on_boundary""]}, {""start"": [0.75, 0.4], ""theta"": [0.9799999999999797, 0.029997204942234124], ""objective"": 17.404103626988555, ""success"": true, ""message"": ""`xtol` termination condition is satisfied."", ""evaluations"": 12, ""inference_unavailable_reasons"": [""parameter_on_boundary""]}, {""start"": [0.95, 0.7], ""theta"": [0.98, 0.02999720469899625], ""objective"": 17.40410362698909, ""success"": true, ""message"": ""`gtol` termination condition is satisfied."", ""evaluations"": 17, ""inference_unavailable_reasons"": [""parameter_on_boundary""]}, {""start"": [0.8762, 0.2397], ""theta"": [0.98, 0.02999720469810957], ""objective"": 17.40410362698927, ""success"": true, ""message"": ""Both `ftol` and `xtol` termination conditions are satisfied."", ""evaluations"": 11, ""inference_unavailable_reasons"": [""parameter_on_boundary""]}]",42bf15875dec58af0731d0841054ad9184f31472a0effaab95c11332ffd7548d
52,baseline_fixed,52,4760588603637399206,0.8762,0.2397,regular,False,,4.616643741151496,0.8653999391759715,0.15362773268476954,True,True,False,False,False,2,0.7066296853698082,4,True,"[{""start"": [0.5, 0.1], ""theta"": [0.8653999391759715, 0.15362773268476954], ""objective"": 4.616643741151496, ""success"": true, ""message"": ""`ftol` termination condition is satisfied."", ""evaluations"": 12, ""inference_unavailable_reasons"": []}, {""start"": [0.75, 0.4], ""theta"": [0.8653996433668679, 0.15362817345650662], ""objective"": 4.616643741237911, ""success"": true, ""message"": ""`ftol` termination condition is satisfied."", ""evaluations"": 10, ""inference_unavailable_reasons"": []}, {""start"": [0.95, 0.7], ""theta"": [0.8653999103405531, 0.1536277756789527], ""objective"": 4.616643741156372, ""success"": true, ""message"": ""`ftol` termination condition is satisfied."", ""evaluations"": 17, ""inference_unavailable_reasons"": []}, {""start"": [0.8762, 0.2397], ""theta"": [0.8653998531228836, 0.15362786096920664], ""objective"": 4.616643741164611, ""success"": true, ""message"": ""`ftol` termination condition is satisfied."", ""evaluations"": 10, ""inference_unavailable_reasons"": []}]",59a26a2ddd3b9a2d46105be49a71b4a10a457598e811daea9a67a910ecb831d3
53,baseline_fixed,53,15529012360859158223,0.8762,0.2397,regular,False,,3.480997801629942,0.8959685254593287,0.19199800081363427,True,True,False,False,False,2,0.8372340581849874,4,True,"[{""start"": [0.5, 0.1], ""theta"": [0.8959684323423902, 0.1919982030526542], ""objective"": 3.480997801644879, ""success"": true, ""message"": ""`ftol` termination condition is satisfied."", ""evaluations"": 12, ""inference_unavailable_reasons"": []}, {""start"": [0.75, 0.4], ""theta"": [0.8959681880468962, 0.19199873364101874], ""objective"": 3.4809978017108434, ""success"": true, ""message"": ""`ftol` termination condition is satisfied."", ""evaluations"": 10, ""inference_unavailable_reasons"": []}, {""start"": [0.95, 0.7], ""theta"": [0.8959685254593287, 0.19199800081363427], ""objective"": 3.480997801629942, ""success"": true, ""message"": ""`ftol` termination condition is satisfied."", ""evaluations"": 16, ""inference_unavailable_reasons"": []}, {""start"": [0.8762, 0.2397], ""theta"": [0.8959684673698388, 0.19199812692187584], ""objective"": 3.4809978016379066, ""success"": true, ""message"": ""`ftol` termination condition is satisfied."", ""evaluations"": 8, ""inference_unavailable_reasons"": []}]",a74f44d811073b5e834852a24ca7ceaf98b0e91e37997004980f9cb0463d0aee
54,baseline_fixed,54,16531556910018920372,0.8762,0.2397,regular,False,,2.4320494626997187,0.9181413186947772,0.08061173366447838,True,True,False,False,False,2,0.9321263067667224,4,True,"[{""start"": [0.5, 0.1], ""theta"": [0.9181413186947772, 0.08061173366447838], ""objective"": 2.4320494626997187, ""success"": true, ""message"": ""`ftol` termination condition is satisfied."", ""evaluations"": 10, ""inference_unavailable_reasons"": []}, {""start"": [0.75, 0.4], ""theta"": [0.918141292043932, 0.08061176556808342], ""objective"": 2.4320494627006566, ""success"": true, ""message"": ""`ftol` termination condition is satisfied."", ""evaluations"": 9, ""inference_unavailable_reasons"": []}, {""start"": [0.95, 0.7], ""theta"": [0.91814128715983, 0.08061177138184794], ""objective"": 2.432049462701019, ""success"": true, ""message"": ""`ftol` termination condition is satisfied."", ""evaluations"": 15, ""inference_unavailable_reasons"": []}, {""start"": [0.8762, 0.2397], ""theta"": [0.9181414226091588, 0.08061160940573253], ""objective"": 2.432049462715178, ""success"": true, ""message"": ""`ftol` termination condition is satisfied."", ""evaluations"": 8, ""inference_unavailable_reasons"": []}]",3fdfbaa068dd20795ed82852761881e15fab304c1377e05f9e5f16d98f8face4
55,baseline_fixed,55,16645502479664587189,0.8762,0.2397,regular,False,,3.5944768464105135,0.8806452168920572,0.20866513886914617,True,True,False,False,False,2,0.8251196572040131,4,True,"[{""start"": [0.5, 0.1], ""theta"": [0.8806452168920572, 0.20866513886914617], ""objective"": 3.5944768464105135, ""success"": true, ""message"": ""`ftol` termination condition is satisfied."", ""evaluations"": 10, ""inference_unavailable_reasons"": []}, {""start"": [0.75, 0.4], ""theta"": [0.8806452068318069, 0.2086651511520424], ""objective"": 3.5944768464107684, ""success"": true, ""message"": ""`ftol` termination condition is satisfied."", ""evaluations"": 8, ""inference_unavailable_reasons"": []}, {""start"": [0.95, 0.7], ""theta"": [0.8806451806552483, 0.20866518332445827], ""objective"": 3.59447684641235, ""success"": true, ""message"": ""`ftol` termination condition is satisfied."", ""evaluations"": 13, ""inference_unavailable_reasons"": []}, {""start"": [0.8762, 0.2397], ""theta"": [0.8806452053874783, 0.2086651527864161], ""objective"": 3.594476846411655, ""success"": true, ""message"": ""`ftol` termination condition is satisfied."", ""evaluations"": 6, ""inference_unavailable_reasons"": []}]",a77cd3f82652c3131bb936a24fe5aea580d0b52de1f61491fd6d18e605d98736
56,baseline_fixed,56,8984366377587709948,0.8762,0.2397,boundary,False,,135.1236676754217,0.680501088236183,0.010000000000000092,True,False,True,False,True,2,,4,True,"[{""start"": [0.5, 0.1], ""theta"": [0.680500503405899, 0.010000000000000037], ""objective"": 135.1236676754997, ""success"": true, ""message"": ""`ftol` termination condition is satisfied."", ""evaluations"": 9, ""inference_unavailable_reasons"": [""parameter_on_boundary""]}, {""start"": [0.75, 0.4], ""theta"": [0.6805016291021966, 0.010000000000055687], ""objective"": 135.12366767615774, ""success"": true, ""message"": ""`ftol` termination condition is satisfied."", ""evaluations"": 9, ""inference_unavailable_reasons"": [""parameter_on_boundary""]}, {""start"": [0.95, 0.7], ""theta"": [0.6805016590322593, 0.010000000000067288], ""objective"": 135.12366767618903, ""success"": true, ""message"": ""`ftol` termination condition is satisfied."", ""evaluations"": 14, ""inference_unavailable_reasons"": [""parameter_on_boundary""]}, {""start"": [0.8762, 0.2397], ""theta"": [0.680501088236183, 0.010000000000000092], ""objective"": 135.1236676754217, ""success"": true, ""message"": ""`ftol` termination condition is satisfied."", ""evaluations"": 10, ""inference_unavailable_reasons"": [""parameter_on_boundary""]}]",b89f5ae697ebb1702c69d91a55b9f4a8db987e24a68c04b48f9ba565aebeb247
57,baseline_fixed,57,15680983779823702710,0.8762,0.2397,boundary,False,,12.393598901978162,0.98,0.01458515693537571,True,False,True,True,False,2,,4,True,"[{""start"": [0.5, 0.1], ""theta"": [0.9799999999999999, 0.014585157365570506], ""objective"": 12.39359890197835, ""success"": true, ""message"": ""`xtol` termination condition is satisfied."", ""evaluations"": 14, ""inference_unavailable_reasons"": [""parameter_on_boundary""]}, {""start"": [0.75, 0.4], ""theta"": [0.98, 0.01458515693537571], ""objective"": 12.393598901978162, ""success"": true, ""message"": ""`ftol` termination condition is satisfied."", ""evaluations"": 12, ""inference_unavailable_reasons"": [""parameter_on_boundary""]}, {""start"": [0.95, 0.7], ""theta"": [0.98, 0.014585156949331601], ""objective"": 12.39359890197887, ""success"": true, ""message"": ""`gtol` termination condition is satisfied."", ""evaluations"": 17, ""inference_unavailable_reasons"": [""parameter_on_boundary""]}, {""start"": [0.8762, 0.2397], ""theta"": [0.98, 0.014585157029539192], ""objective"": 12.393598901978924, ""success"": true, ""message"": ""`ftol` termination condition is satisfied."", ""evaluations"": 10, ""inference_unavailable_reasons"": [""parameter_on_boundary""]}]",deff63de0e43ad1b49d12e60ccf92d69ae92c96b36aea9ae170e36aaca72a7b3
58,baseline_fixed,58,5518585128286731567,0.8762,0.2397,boundary,False,,17.79258250728676,0.9799999999999964,0.04803012955400536,True,False,True,True,False,2,,4,True,"[{""start"": [0.5, 0.1], ""theta"": [0.9799999999999964, 0.04803012955400536], ""objective"": 17.79258250728676, ""success"": true, ""message"": ""`ftol` termination condition is satisfied."", ""evaluations"": 12, ""inference_unavailable_reasons"": [""parameter_on_boundary""]}, {""start"": [0.75, 0.4], ""theta"": [0.9799999999999988, 0.04803012954837438], ""objective"": 17.792582507290188, ""success"": true, ""message"": ""`ftol` termination condition is satisfied."", ""evaluations"": 11, ""inference_unavailable_reasons"": [""parameter_on_boundary""]}, {""start"": [0.95, 0.7], ""theta"": [0.9799999999999983, 0.04803012954911412], ""objective"": 17.79258250728917, ""success"": true, ""message"": ""`ftol` termination condition is satisfied."", ""evaluations"": 16, ""inference_unavailable_reasons"": [""parameter_on_boundary""]}, {""start"": [0.8762, 0.2397], ""theta"": [0.9799999999999984, 0.048030129549066714], ""objective"": 17.792582507291616, ""success"": true, ""message"": ""`ftol` termination condition is satisfied."", ""evaluations"": 10, ""inference_unavailable_reasons"": [""parameter_on_boundary""]}]",a68220bf28421aa904fd5a7def6b27bcd6a43afa05db25c3ef5cd1c710e70124
59,baseline_fixed,59,15857662423497947475,0.8762,0.2397,regular,False,,4.846613437628523,0.9134195141892771,0.14132804701310994,True,True,False,False,False,2,0.6786753067180504,4,True,"[{""start"": [0.5, 0.1], ""theta"": [0.9134195141892771, 0.14132804701310994], ""objective"": 4.846613437628523, ""success"": true, ""message"": ""`ftol` termination condition is satisfied."", ""evaluations"": 9, ""inference_unavailable_reasons"": []}, {""start"": [0.75, 0.4], ""theta"": [0.9134194559255556, 0.1413281551436642], ""objective"": 4.846613437629828, ""success"": true, ""message"": ""`ftol` termination condition is satisfied."", ""evaluations"": 8, ""inference_unavailable_reasons"": []}, {""start"": [0.95, 0.7], ""theta"": [0.9134194218339138, 0.14132822017631408], ""objective"": 4.846613437628914, ""success"": true, ""message"": ""`ftol` termination condition is satisfied."", ""evaluations"": 14, ""inference_unavailable_reasons"": []}, {""start"": [0.8762, 0.2397], ""theta"": [0.9134193658311239, 0.1413283222193547], ""objective"": 4.846613437631236, ""success"": true, ""message"": ""`ftol` termination condition is satisfied."", ""evaluations"": 6, ""inference_unavailable_reasons"": []}]",318fe36fbff8c43223c50954ca7c151ed932e90c0d6ff76339bb0ec457678117
60,baseline_fixed,60,16932798262302137446,0.8762,0.2397,regular,False,,9.287022878439299,0.9466314738082511,0.0737407527048613,True,True,False,False,False,2,0.23270059726171746,4,True,"[{""start"": [0.5, 0.1], ""theta"": [0.9466299736736155, 0.07374321565524534], ""objective"": 9.287022879453623, ""success"": true, ""message"": ""`ftol` termination condition is satisfied."", ""evaluations"": 10, ""inference_unavailable_reasons"": []}, {""start"": [0.75, 0.4], ""theta"": [0.9466314738082511, 0.0737407527048613], ""objective"": 9.287022878439299, ""success"": true, ""message"": ""`ftol` termination condition is satisfied."", ""evaluations"": 13, ""inference_unavailable_reasons"": []}, {""start"": [0.95, 0.7], ""theta"": [0.9466302951484074, 0.07374268785862892], ""objective"": 9.287022878731092, ""success"": true, ""message"": ""`ftol` termination condition is satisfied."", ""evaluations"": 18, ""inference_unavailable_reasons"": []}, {""start"": [0.8762, 0.2397], ""theta"": [0.9466315090754119, 0.07374069481065545], ""objective"": 9.287022878485185, ""success"": true, ""message"": ""`ftol` termination condition is satisfied."", ""evaluations"": 12, ""inference_unavailable_reasons"": []}]",5069d5beeb5ecbcde7261e383aa03c5ae8c245c1ddcbbcc1ea1ae4b42a36783a
61,baseline_fixed,61,10310120386242602056,0.8762,0.2397,regular,False,,24.646784583053456,0.9258775554726553,0.16157551106369192,True,True,False,False,False,2,0.0008762983564605511,4,True,"[{""start"": [0.5, 0.1], ""theta"": [0.9258794425158039, 0.1615706407654407], ""objective"": 24.64678458409359, ""success"": true, ""message"": ""`ftol` termination condition is satisfied."", ""evaluations"": 13, ""inference_unavailable_reasons"": []}, {""start"": [0.75, 0.4], ""theta"": [0.9258775554726553, 0.16157551106369192], ""objective"": 24.646784583053456, ""success"": true, ""message"": ""`ftol` termination condition is satisfied."", ""evaluations"": 12, ""inference_unavailable_reasons"": []}, {""start"": [0.95, 0.7], ""theta"": [0.9258794494693668, 0.1615706233946368], ""objective"": 24.646784584114023, ""success"": true, ""message"": ""`ftol` termination condition is satisfied."", ""evaluations"": 17, ""inference_unavailable_reasons"": []}, {""start"": [0.8762, 0.2397], ""theta"": [0.9258775316582026, 0.1615755716200096], ""objective"": 24.646784583097933, ""success"": true, ""message"": ""`ftol` termination condition is satisfied."", ""evaluations"": 10, ""inference_unavailable_reasons"": []}]",7527e3a45d10a0b73a4187991b7beafae0d436f62197a68152fa54f21f929eeb
62,baseline_fixed,62,2519877788123679870,0.8762,0.2397,regular,False,,3.0140338385966556,0.7926572157196159,0.4313014793749347,True,True,False,False,False,2,0.883700957075485,4,True,"[{""start"": [0.5, 0.1], ""theta"": [0.7926572076645546, 0.43130149047348776], ""objective"": 3.014033838605959, ""success"": true, ""message"": ""`ftol` termination condition is satisfied."", ""evaluations"": 9, ""inference_unavailable_reasons"": []}, {""start"": [0.75, 0.4], ""theta"": [0.7926572157196159, 0.4313014793749347], ""objective"": 3.0140338385966556, ""success"": true, ""message"": ""`ftol` termination condition is satisfied."", ""evaluations"": 7, ""inference_unavailable_reasons"": []}, {""start"": [0.95, 0.7], ""theta"": [0.792657214136326, 0.43130148172912114], ""objective"": 3.014033838601301, ""success"": true, ""message"": ""`ftol` termination condition is satisfied."", ""evaluations"": 12, ""inference_unavailable_reasons"": []}, {""start"": [0.8762, 0.2397], ""theta"": [0.7926572481712713, 0.43130143268421817], ""objective"": 3.0140338385981686, ""success"": true, ""message"": ""`ftol` termination condition is satisfied."", ""evaluations"": 7, ""inference_unavailable_reasons"": []}]",aaec96eb43b8d5d2e8e41cd9f40a7b4d9805b8d4ac5abefa0bb8d6f4854ab68a
63,baseline_fixed,63,2557844854428963740,0.8762,0.2397,regular,False,,8.936347333120441,0.8251773803408124,0.15905281829767648,True,True,False,False,False,2,0.2572584275863894,4,True,"[{""start"": [0.5, 0.1], ""theta"": [0.8251773307475603, 0.15905274527103483], ""objective"": 8.936347333125312, ""success"": true, ""message"": ""`ftol` termination condition is satisfied."", ""evaluations"": 8, ""inference_unavailable_reasons"": []}, {""start"": [0.75, 0.4], ""theta"": [0.8251773881526769, 0.15905286081135395], ""objective"": 8.936347333122935, ""success"": true, ""message"": ""`ftol` termination condition is satisfied."", ""evaluations"": 7, ""inference_unavailable_reasons"": []}, {""start"": [0.95, 0.7], ""theta"": [0.8251773803408124, 0.15905281829767648], ""objective"": 8.936347333120441, ""success"": true, ""message"": ""`ftol` termination condition is satisfied."", ""evaluations"": 14, ""inference_unavailable_reasons"": []}, {""start"": [0.8762, 0.2397], ""theta"": [0.8251773798756596, 0.15905282035321916], ""objective"": 8.936347333130424, ""success"": true, ""message"": ""`ftol` termination condition is satisfied."", ""evaluations"": 8, ""inference_unavailable_reasons"": []}]",5a63c8de294418310b93976205871126aa5d8794ea21f49e9e9b420650665336
64,baseline_fixed,64,3352864615923726714,0.8762,0.2397,regular,False,,16.15084104740884,0.9792205366121478,0.046007219858345355,True,True,False,False,False,2,0.023773423054285342,4,True,"[{""start"": [0.5, 0.1], ""theta"": [0.9792205366121478, 0.046007219858345355], ""objective"": 16.15084104740884, ""success"": true, ""message"": ""`ftol` termination condition is satisfied."", ""evaluations"": 24, ""inference_unavailable_reasons"": []}, {""start"": [0.75, 0.4], ""theta"": [0.9792205261383141, 0.046007241872890514], ""objective"": 16.15084104743049, ""success"": true, ""message"": ""`ftol` termination condition is satisfied."", ""evaluations"": 21, ""inference_unavailable_reasons"": []}, {""start"": [0.95, 0.7], ""theta"": [0.9792202311426116, 0.04600786203193974], ""objective"": 16.150841048210882, ""success"": true, ""message"": ""`ftol` termination condition is satisfied."", ""evaluations"": 26, ""inference_unavailable_reasons"": []}, {""start"": [0.8762, 0.2397], ""theta"": [0.9792203800547139, 0.04600754897375561], ""objective"": 16.150841047743924, ""success"": true, ""message"": ""`ftol` termination condition is satisfied."", ""evaluations"": 16, ""inference_unavailable_reasons"": []}]",6d8460adbec1f3830ee1014a6885903fbb72569600f1ef162f34246760534379
65,baseline_fixed,65,3304790458016296547,0.8762,0.2397,boundary,False,,25.939890118182355,0.8990936902271496,0.010000000000000009,True,False,True,False,True,2,,4,True,"[{""start"": [0.5, 0.1], ""theta"": [0.8990936902271496, 0.010000000000000009], ""objective"": 25.939890118182355, ""success"": true, ""message"": ""`ftol` termination condition is satisfied."", ""evaluations"": 12, ""inference_unavailable_reasons"": [""parameter_on_boundary""]}, {""start"": [0.75, 0.4], ""theta"": [0.8990912269666419, 0.010000000000000064], ""objective"": 25.93989011891816, ""success"": true, ""message"": ""`ftol` termination condition is satisfied."", ""evaluations"": 11, ""inference_unavailable_reasons"": [""parameter_on_boundary""]}, {""start"": [0.95, 0.7], ""theta"": [0.8990908995751657, 0.01000000000000012], ""objective"": 25.939890119926474, ""success"": true, ""message"": ""`ftol` termination condition is satisfied."", ""evaluations"": 17, ""inference_unavailable_reasons"": [""parameter_on_boundary""]}, {""start"": [0.8762, 0.2397], ""theta"": [0.8990908547876375, 0.010000000000000064], ""objective"": 25.939890120080733, ""success"": true, ""message"": ""`ftol` termination condition is satisfied."", ""evaluations"": 11, ""inference_unavailable_reasons"": [""parameter_on_boundary""]}]",bf5c2436fa76282b3f93d672ec35d5e02f4ae5ac23d24915566067ca102202f5
66,baseline_fixed,66,17210843074731027386,0.8762,0.2397,regular,False,,10.628967429671917,0.9463448329182141,0.02082019651976688,True,True,False,False,False,2,0.15564204621958624,4,True,"[{""start"": [0.5, 0.1], ""theta"": [0.9463448141228498, 0.020820210163902397], ""objective"": 10.628967429691643, ""success"": true, ""message"": ""`ftol` termination condition is satisfied."", ""evaluations"": 19, ""inference_unavailable_reasons"": []}, {""start"": [0.75, 0.4], ""theta"": [0.9463444238736669, 0.020820491904108396], ""objective"": 10.628967430333544, ""success"": true, ""message"": ""`ftol` termination condition is satisfied."", ""evaluations"": 17, ""inference_unavailable_reasons"": []}, {""start"": [0.95, 0.7], ""theta"": [0.9463445566002462, 0.020820396162242627], ""objective"": 10.628967430086696, ""success"": true, ""message"": ""`ftol` termination condition is satisfied."", ""evaluations"": 23, ""inference_unavailable_reasons"": []}, {""start"": [0.8762, 0.2397], ""theta"": [0.9463448329182141, 0.02082019651976688], ""objective"": 10.628967429671917, ""success"": true, ""message"": ""`ftol` termination condition is satisfied."", ""evaluations"": 17, ""inference_unavailable_reasons"": []}]",ee50cdf64fac6209703d8bc95671293a375861005d0cd49ef48c1b1921678437
67,baseline_fixed,67,12318249739182746941,0.8762,0.2397,boundary,False,,62.41497663742577,0.9799999999999998,0.027040679142291593,True,False,True,True,False,2,,4,True,"[{""start"": [0.5, 0.1], ""theta"": [0.9799999999999998, 0.027040679142291593], ""objective"": 62.41497663742577, ""success"": true, ""message"": ""`xtol` termination condition is satisfied."", ""evaluations"": 12, ""inference_unavailable_reasons"": [""parameter_on_boundary""]}, {""start"": [0.75, 0.4], ""theta"": [0.98, 0.027040678310438937], ""objective"": 62.41497663744205, ""success"": true, ""message"": ""`ftol` termination condition is satisfied."", ""evaluations"": 10, ""inference_unavailable_reasons"": [""parameter_on_boundary""]}, {""start"": [0.95, 0.7], ""theta"": [0.98, 0.027040678303568044], ""objective"": 62.41497663744187, ""success"": true, ""message"": ""`ftol` termination condition is satisfied."", ""evaluations"": 15, ""inference_unavailable_reasons"": [""parameter_on_boundary""]}, {""start"": [0.8762, 0.2397], ""theta"": [0.98, 0.027040678303224125], ""objective"": 62.41497663744058, ""success"": true, ""message"": ""`ftol` termination condition is satisfied."", ""evaluations"": 9, ""inference_unavailable_reasons"": [""parameter_on_boundary""]}]",2fe5b93874f0011cb02b22911ddd24e4509d8c5d351dd2b514c1b7194f4d5450
68,baseline_fixed,68,17270551825308906957,0.8762,0.2397,boundary,False,,18.622201498468023,0.9799999999998542,0.037126663622417705,True,False,True,True,False,2,,4,True,"[{""start"": [0.5, 0.1], ""theta"": [0.9799999999998542, 0.037126663622417705], ""objective"": 18.622201498468023, ""success"": true, ""message"": ""`ftol` termination condition is satisfied."", ""evaluations"": 13, ""inference_unavailable_reasons"": [""parameter_on_boundary""]}, {""start"": [0.75, 0.4], ""theta"": [0.98, 0.037126663373682034], ""objective"": 18.62220149847553, ""success"": true, ""message"": ""`ftol` termination condition is satisfied."", ""evaluations"": 12, ""inference_unavailable_reasons"": [""parameter_on_boundary""]}, {""start"": [0.95, 0.7], ""theta"": [0.979999999999987, 0.03712666341421611], ""objective"": 18.622201498488963, ""success"": true, ""message"": ""`ftol` termination condition is satisfied."", ""evaluations"": 17, ""inference_unavailable_reasons"": [""parameter_on_boundary""]}, {""start"": [0.8762, 0.2397], ""theta"": [0.98, 0.03712666338547854], ""objective"": 18.622201498475288, ""success"": true, ""message"": ""`ftol` termination condition is satisfied."", ""evaluations"": 10, ""inference_unavailable_reasons"": [""parameter_on_boundary""]}]",9df6b42ab63f2c43a75a387fffa013837bccffd6b7d5957f51136d4a1158a2e5
69,baseline_fixed,69,12587781627991784791,0.8762,0.2397,boundary,False,,31.542553410660965,0.951790922419328,0.01000000000000012,True,False,True,False,True,2,,4,True,"[{""start"": [0.5, 0.1], ""theta"": [0.9517870926043241, 0.010000000000000023], ""objective"": 31.542553510503225, ""success"": true, ""message"": ""`ftol` termination condition is satisfied."", ""evaluations"": 22, ""inference_unavailable_reasons"": [""parameter_on_boundary""]}, {""start"": [0.75, 0.4], ""theta"": [0.9517929036252714, 0.010000000000000064], ""objective"": 31.54255341436291, ""success"": true, ""message"": ""`ftol` termination condition is satisfied."", ""evaluations"": 23, ""inference_unavailable_reasons"": [""parameter_on_boundary""]}, {""start"": [0.95, 0.7], ""theta"": [0.951790922419328, 0.01000000000000012], ""objective"": 31.542553410660965, ""success"": true, ""message"": ""`ftol` termination condition is satisfied."", ""evaluations"": 31, ""inference_unavailable_reasons"": [""parameter_on_boundary""]}, {""start"": [0.8762, 0.2397], ""theta"": [0.951793117216687, 0.010000000000000037], ""objective"": 31.542553417047735, ""success"": true, ""message"": ""`ftol` termination condition is satisfied."", ""evaluations"": 24, ""inference_unavailable_reasons"": [""parameter_on_boundary""]}]",5a78ab37b1981968af3595d44be25de1b6d3be958e158b54b2d3b2908dddc6dd
70,baseline_fixed,70,5746740345746140974,0.8762,0.2397,boundary,False,,34.49476508454909,0.8873659407935844,0.010000000000000009,True,False,True,False,True,2,,4,True,"[{""start"": [0.5, 0.1], ""theta"": [0.8873659407935844, 0.010000000000000009], ""objective"": 34.49476508454909, ""success"": true, ""message"": ""`ftol` termination condition is satisfied."", ""evaluations"": 21, ""inference_unavailable_reasons"": [""parameter_on_boundary""]}, {""start"": [0.75, 0.4], ""theta"": [0.887359555652541, 0.010000000000000064], ""objective"": 34.49476508936951, ""success"": true, ""message"": ""`ftol` termination condition is satisfied."", ""evaluations"": 18, ""inference_unavailable_reasons"": [""parameter_on_boundary""]}, {""start"": [0.95, 0.7], ""theta"": [0.887367429060043, 0.01000000000000012], ""objective"": 34.49476509783207, ""success"": true, ""message"": ""`ftol` termination condition is satisfied."", ""evaluations"": 24, ""inference_unavailable_reasons"": [""parameter_on_boundary""]}, {""start"": [0.8762, 0.2397], ""theta"": [0.8873586886277146, 0.010000000000000037], ""objective"": 34.49476509775249, ""success"": true, ""message"": ""`ftol` termination condition is satisfied."", ""evaluations"": 18, ""inference_unavailable_reasons"": [""parameter_on_boundary""]}]",cb733776b673ccf55f2a7ce90834331468a18bc51fa9255ba5745ac90ea27cc6
71,baseline_fixed,71,8176679467678733083,0.8762,0.2397,regular,False,,3.248880301435223,0.7609380540055204,0.5218404398048787,True,True,False,False,False,2,0.861064098426285,4,True,"[{""start"": [0.5, 0.1], ""theta"": [0.7609376222509326, 0.52184139157911], ""objective"": 3.248880301460171, ""success"": true, ""message"": ""`ftol` termination condition is satisfied."", ""evaluations"": 9, ""inference_unavailable_reasons"": []}, {""start"": [0.75, 0.4], ""theta"": [0.7609380422304169, 0.5218404657634818], ""objective"": 3.2488803014357437, ""success"": true, ""message"": ""`ftol` termination condition is satisfied."", ""evaluations"": 8, ""inference_unavailable_reasons"": []}, {""start"": [0.95, 0.7], ""theta"": [0.7609376509788216, 0.5218413266280628], ""objective"": 3.2488803014563508, ""success"": true, ""message"": ""`ftol` termination condition is satisfied."", ""evaluations"": 12, ""inference_unavailable_reasons"": []}, {""start"": [0.8762, 0.2397], ""theta"": [0.7609380540055204, 0.5218404398048787], ""objective"": 3.248880301435223, ""success"": true, ""message"": ""`ftol` termination condition is satisfied."", ""evaluations"": 9, ""inference_unavailable_reasons"": []}]",7455e68b46960ad6509264c1f2b4e90b8a9c4b939b67032a937e40ccc21dd974
72,baseline_fixed,72,12044751263697165359,0.8762,0.2397,regular,False,,11.67890345203165,0.9642501057022212,0.05993103289650148,True,True,False,False,False,2,0.1116251444294395,4,True,"[{""start"": [0.5, 0.1], ""theta"": [0.964249415875982, 0.0599319576493596], ""objective"": 11.678903454467203, ""success"": true, ""message"": ""`ftol` termination condition is satisfied."", ""evaluations"": 30, ""inference_unavailable_reasons"": []}, {""start"": [0.75, 0.4], ""theta"": [0.9642500760211948, 0.0599310726761369], ""objective"": 11.678903452128063, ""success"": true, ""message"": ""`ftol` termination condition is satisfied."", ""evaluations"": 29, ""inference_unavailable_reasons"": []}, {""start"": [0.95, 0.7], ""theta"": [0.9642501057022212, 0.05993103289650148], ""objective"": 11.67890345203165, ""success"": true, ""message"": ""`ftol` termination condition is satisfied."", ""evaluations"": 34, ""inference_unavailable_reasons"": []}, {""start"": [0.8762, 0.2397], ""theta"": [0.9642492397200746, 0.05993219378820741], ""objective"": 11.67890345519277, ""success"": true, ""message"": ""`ftol` termination condition is satisfied."", ""evaluations"": 26, ""inference_unavailable_reasons"": []}]",5c674c0429baef512e8e4a9702b483f3ad9da830be2ebe99e1f97e72e6482091
73,baseline_fixed,73,5340651912805178300,0.8762,0.2397,boundary,False,,39.80667896864598,0.9692330522708518,0.01000000000000012,True,False,True,False,True,2,,4,True,"[{""start"": [0.5, 0.1], ""theta"": [0.9692330334859639, 0.010000000000000009], ""objective"": 39.806678968667555, ""success"": true, ""message"": ""`ftol` termination condition is satisfied."", ""evaluations"": 12, ""inference_unavailable_reasons"": [""parameter_on_boundary""]}, {""start"": [0.75, 0.4], ""theta"": [0.9692330517336699, 0.010000000000000064], ""objective"": 39.806678968658105, ""success"": true, ""message"": ""`ftol` termination condition is satisfied."", ""evaluations"": 11, ""inference_unavailable_reasons"": [""parameter_on_boundary""]}, {""start"": [0.95, 0.7], ""theta"": [0.9692330522708518, 0.01000000000000012], ""objective"": 39.80667896864598, ""success"": true, ""message"": ""`ftol` termination condition is satisfied."", ""evaluations"": 17, ""inference_unavailable_reasons"": [""parameter_on_boundary""]}, {""start"": [0.8762, 0.2397], ""theta"": [0.9692330364054061, 0.010000000000000064], ""objective"": 39.80667896866344, ""success"": true, ""message"": ""`ftol` termination condition is satisfied."", ""evaluations"": 10, ""inference_unavailable_reasons"": [""parameter_on_boundary""]}]",f4190145aec4f3cccfa60da8a7bf9bed79059689c5375d49f5c78fb3e2451752
74,baseline_fixed,74,1759590950414324650,0.8762,0.2397,boundary,False,,14.27320581321667,0.7940953415098337,0.010000000000000009,True,False,True,False,True,2,,4,True,"[{""start"": [0.5, 0.1], ""theta"": [0.7940953415098337, 0.010000000000000009], ""objective"": 14.27320581321667, ""success"": true, ""message"": ""`ftol` termination condition is satisfied."", ""evaluations"": 9, ""inference_unavailable_reasons"": [""parameter_on_boundary""]}, {""start"": [0.75, 0.4], ""theta"": [0.7940954180910681, 0.010000000000000786], ""objective"": 14.27320581322872, ""success"": true, ""message"": ""`ftol` termination condition is satisfied."", ""evaluations"": 8, ""inference_unavailable_reasons"": [""parameter_on_boundary""]}, {""start"": [0.95, 0.7], ""theta"": [0.7940953950822203, 0.01000000000000012], ""objective"": 14.27320581322016, ""success"": true, ""message"": ""`ftol` termination condition is satisfied."", ""evaluations"": 14, ""inference_unavailable_reasons"": [""parameter_on_boundary""]}, {""start"": [0.8762, 0.2397], ""theta"": [0.7940953876124897, 0.010000000000000037], ""objective"": 14.273205813222194, ""success"": true, ""message"": ""`ftol` termination condition is satisfied."", ""evaluations"": 9, ""inference_unavailable_reasons"": [""parameter_on_boundary""]}]",93e4b9c6d93ca8285417e2438f268ae128f55ca8ae46e86203942b39dba2d3e8
75,baseline_fixed,75,10352572827961978586,0.8762,0.2397,regular,False,,3.3866695918991834,0.7719096751977502,0.48196822738247136,True,True,False,False,False,2,0.847079501297364,4,True,"[{""start"": [0.5, 0.1], ""theta"": [0.7719082760873976, 0.48197160976630793], ""objective"": 3.38666959204557, ""success"": true, ""message"": ""`ftol` termination condition is satisfied."", ""evaluations"": 12, ""inference_unavailable_reasons"": []}, {""start"": [0.75, 0.4], ""theta"": [0.7719097140266925, 0.4819681337331002], ""objective"": 3.386669591907104, ""success"": true, ""message"": ""`ftol` termination condition is satisfied."", ""evaluations"": 9, ""inference_unavailable_reasons"": []}, {""start"": [0.95, 0.7], ""theta"": [0.7719088494319846, 0.48197022368711984], ""objective"": 3.386669591900312, ""success"": true, ""message"": ""`ftol` termination condition is satisfied."", ""evaluations"": 16, ""inference_unavailable_reasons"": []}, {""start"": [0.8762, 0.2397], ""theta"": [0.7719096751977502, 0.48196822738247136], ""objective"": 3.3866695918991834, ""success"": true, ""message"": ""`ftol` termination condition is satisfied."", ""evaluations"": 12, ""inference_unavailable_reasons"": []}]",17e65637c906f3d665c4dec9ab9d9601b41468beb7fee2bd9c9ade841c121841
76,baseline_fixed,76,13679080817519098871,0.8762,0.2397,regular,False,,5.067060965136125,0.8807851870963685,0.23860176143927347,True,True,False,False,False,2,0.6517796167952843,4,True,"[{""start"": [0.5, 0.1], ""theta"": [0.8807853593109836, 0.23860133498651664], ""objective"": 5.06706096514108, ""success"": true, ""message"": ""`ftol` termination condition is satisfied."", ""evaluations"": 8, ""inference_unavailable_reasons"": []}, {""start"": [0.75, 0.4], ""theta"": [0.8807851938341884, 0.238601745210473], ""objective"": 5.067060965138495, ""success"": true, ""message"": ""`ftol` termination condition is satisfied."", ""evaluations"": 8, ""inference_unavailable_reasons"": []}, {""start"": [0.95, 0.7], ""theta"": [0.8807851870963685, 0.23860176143927347], ""objective"": 5.067060965136125, ""success"": true, ""message"": ""`ftol` termination condition is satisfied."", ""evaluations"": 13, ""inference_unavailable_reasons"": []}, {""start"": [0.8762, 0.2397], ""theta"": [0.8807851946517175, 0.23860174338144768], ""objective"": 5.067060965136357, ""success"": true, ""message"": ""`ftol` termination condition is satisfied."", ""evaluations"": 6, ""inference_unavailable_reasons"": []}]",5b6af3497e15ca28783c32407bc9bd755585bf0ec2476a62c0db55b0e27fff66
77,baseline_fixed,77,4751068004388374380,0.8762,0.2397,regular,False,,8.486021065735615,0.8167786047688907,0.28417281894336954,True,True,False,False,False,2,0.291691435100845,4,True,"[{""start"": [0.5, 0.1], ""theta"": [0.816778761660486, 0.28417240367904617], ""objective"": 8.48602106575606, ""success"": true, ""message"": ""`ftol` termination condition is satisfied."", ""evaluations"": 8, ""inference_unavailable_reasons"": []}, {""start"": [0.75, 0.4], ""theta"": [0.8167787161282443, 0.2841725192631288], ""objective"": 8.48602106574284, ""success"": true, ""message"": ""`ftol` termination condition is satisfied."", ""evaluations"": 6, ""inference_unavailable_reasons"": []}, {""start"": [0.95, 0.7], ""theta"": [0.8167786047688907, 0.28417281894336954], ""objective"": 8.486021065735615, ""success"": true, ""message"": ""`ftol` termination condition is satisfied."", ""evaluations"": 13, ""inference_unavailable_reasons"": []}, {""start"": [0.8762, 0.2397], ""theta"": [0.8167786291498877, 0.28417275402644887], ""objective"": 8.486021065735729, ""success"": true, ""message"": ""`ftol` termination condition is satisfied."", ""evaluations"": 7, ""inference_unavailable_reasons"": []}]",d5745a3521beb501793e3f515e77eb913c175b4b9c2280f679aff21f3716cce2
78,baseline_fixed,78,14304288857168371945,0.8762,0.2397,regular,False,,3.6828422783339065,0.8972286310531224,0.13608582399219335,True,True,False,False,False,2,0.8154967089204663,4,True,"[{""start"": [0.5, 0.1], ""theta"": [0.8972277487916949, 0.13608697757395843], ""objective"": 3.682842278885782, ""success"": true, ""message"": ""`ftol` termination condition is satisfied."", ""evaluations"": 17, ""inference_unavailable_reasons"": []}, {""start"": [0.75, 0.4], ""theta"": [0.8972281331282088, 0.13608647506926813], ""objective"": 3.682842278596852, ""success"": true, ""message"": ""`ftol` termination condition is satisfied."", ""evaluations"": 16, ""inference_unavailable_reasons"": []}, {""start"": [0.95, 0.7], ""theta"": [0.8972283180871974, 0.13608623321751445], ""objective"": 3.6828422784858823, ""success"": true, ""message"": ""`ftol` termination condition is satisfied."", ""evaluations"": 23, ""inference_unavailable_reasons"": []}, {""start"": [0.8762, 0.2397], ""theta"": [0.8972286310531224, 0.13608582399219335], ""objective"": 3.6828422783339065, ""success"": true, ""message"": ""`ftol` termination condition is satisfied."", ""evaluations"": 16, ""inference_unavailable_reasons"": []}]",7522e9d98174e4babc69c101c9731b33aa5a7525798615b9c82cd63a22ed1fce
79,baseline_fixed,79,4759302029836362275,0.8762,0.2397,boundary,False,,8.955062644658678,0.98,0.010000000000000064,True,False,True,True,True,2,,4,True,"[{""start"": [0.5, 0.1], ""theta"": [0.9799999999913604, 0.010000000000010625], ""objective"": 8.955062645537762, ""success"": true, ""message"": ""`gtol` termination condition is satisfied."", ""evaluations"": 11, ""inference_unavailable_reasons"": [""parameter_on_boundary""]}, {""start"": [0.75, 0.4], ""theta"": [0.98, 0.010000000000000064], ""objective"": 8.955062644658678, ""success"": true, ""message"": ""`gtol` termination condition is satisfied."", ""evaluations"": 11, ""inference_unavailable_reasons"": [""parameter_on_boundary""]}, {""start"": [0.95, 0.7], ""theta"": [0.9799999999999784, 0.010000000000000453], ""objective"": 8.955062644679288, ""success"": true, ""message"": ""`gtol` termination condition is satisfied."", ""evaluations"": 16, ""inference_unavailable_reasons"": [""parameter_on_boundary""]}, {""start"": [0.8762, 0.2397], ""theta"": [0.98, 0.010000000000000064], ""objective"": 8.955062644658678, ""success"": true, ""message"": ""`gtol` termination condition is satisfied."", ""evaluations"": 11, ""inference_unavailable_reasons"": [""parameter_on_boundary""]}]",2bfffc292b3a31813135e2cf67c78fe0fa1e0ff0834421282c2b774f74844973
80,baseline_fixed,80,1941866596986872440,0.8762,0.2397,regular,False,,33.644551048200384,0.9542968353035298,0.08263444514011761,True,True,False,False,False,2,2.007301584246021e-05,4,True,"[{""start"": [0.5, 0.1], ""theta"": [0.9542968085865531, 0.08263481726504017], ""objective"": 33.64455104836228, ""success"": true, ""message"": ""`ftol` termination condition is satisfied."", ""evaluations"": 17, ""inference_unavailable_reasons"": []}, {""start"": [0.75, 0.4], ""theta"": [0.9542969219940869, 0.08263492782729254], ""objective"": 33.644551048794355, ""success"": true, ""message"": ""`ftol` termination condition is satisfied."", ""evaluations"": 13, ""inference_unavailable_reasons"": []}, {""start"": [0.95, 0.7], ""theta"": [0.9542968140734677, 0.08263418002753986], ""objective"": 33.64455104838638, ""success"": true, ""message"": ""`ftol` termination condition is satisfied."", ""evaluations"": 26, ""inference_unavailable_reasons"": []}, {""start"": [0.8762, 0.2397], ""theta"": [0.9542968353035298, 0.08263444514011761], ""objective"": 33.644551048200384, ""success"": true, ""message"": ""`ftol` termination condition is satisfied."", ""evaluations"": 15, ""inference_unavailable_reasons"": []}]",3009f2e678893d55e4c6bc9532f7eaf236aee963b2f428edfed719c3f639ed60
81,baseline_fixed,81,2318077131993214803,0.8762,0.2397,regular,False,,8.78162194015385,0.7784790024537762,0.34611960045199497,True,True,False,False,False,2,0.26871732812328947,4,True,"[{""start"": [0.5, 0.1], ""theta"": [0.7784789049098599, 0.34611980951478527], ""objective"": 8.781621940157446, ""success"": true, ""message"": ""`ftol` termination condition is satisfied."", ""evaluations"": 9, ""inference_unavailable_reasons"": []}, {""start"": [0.75, 0.4], ""theta"": [0.7784788816512059, 0.3461198588536622], ""objective"": 8.781621940154448, ""success"": true, ""message"": ""`ftol` termination condition is satisfied."", ""evaluations"": 6, ""inference_unavailable_reasons"": []}, {""start"": [0.95, 0.7], ""theta"": [0.7784789021354731, 0.3461198157921478], ""objective"": 8.781621940158326, ""success"": true, ""message"": ""`ftol` termination condition is satisfied."", ""evaluations"": 13, ""inference_unavailable_reasons"": []}, {""start"": [0.8762, 0.2397], ""theta"": [0.7784790024537762, 0.34611960045199497], ""objective"": 8.78162194015385, ""success"": true, ""message"": ""`ftol` termination condition is satisfied."", ""evaluations"": 7, ""inference_unavailable_reasons"": []}]",6e39361ec8fefe61027ddf32e0f47619d77557be359bdcf4e15e9adbddc87d7e
82,baseline_fixed,82,17854674303021063464,0.8762,0.2397,boundary,False,,17.890093305549925,0.9049536069307098,0.010000000000000064,True,False,True,False,True,2,,4,True,"[{""start"": [0.5, 0.1], ""theta"": [0.9049537445006365, 0.010000000000000286], ""objective"": 17.890093305592206, ""success"": true, ""message"": ""`ftol` termination condition is satisfied."", ""evaluations"": 9, ""inference_unavailable_reasons"": [""parameter_on_boundary""]}, {""start"": [0.75, 0.4], ""theta"": [0.9049536069307098, 0.010000000000000064], ""objective"": 17.890093305549925, ""success"": true, ""message"": ""`ftol` termination condition is satisfied."", ""evaluations"": 9, ""inference_unavailable_reasons"": [""parameter_on_boundary""]}, {""start"": [0.95, 0.7], ""theta"": [0.9049538761113323, 0.010000000000002673], ""objective"": 17.890093305690076, ""success"": true, ""message"": ""`ftol` termination condition is satisfied."", ""evaluations"": 14, ""inference_unavailable_reasons"": [""parameter_on_boundary""]}, {""start"": [0.8762, 0.2397], ""theta"": [0.9049536904698124, 0.010000000000000064], ""objective"": 17.890093305573174, ""success"": true, ""message"": ""`ftol` termination condition is satisfied."", ""evaluations"": 9, ""inference_unavailable_reasons"": [""parameter_on_boundary""]}]",4bb2ace720edd0dc5c5d3fe13466eec5e1345ab6355f4e512a524f6c1b4a5725
83,baseline_fixed,83,1653791081381893182,0.8762,0.2397,regular,False,,14.66491052744907,0.9563153920592198,0.027690438139706133,True,True,False,False,False,2,0.04054285277843683,4,True,"[{""start"": [0.5, 0.1], ""theta"": [0.9563153920592198, 0.027690438139706133], ""objective"": 14.66491052744907, ""success"": true, ""message"": ""`ftol` termination condition is satisfied."", ""evaluations"": 11, ""inference_unavailable_reasons"": []}, {""start"": [0.75, 0.4], ""theta"": [0.9563152495271852, 0.027690621107369362], ""objective"": 14.664910527521705, ""success"": true, ""message"": ""`ftol` termination condition is satisfied."", ""evaluations"": 10, ""inference_unavailable_reasons"": []}, {""start"": [0.95, 0.7], ""theta"": [0.9563151761971154, 0.027690715429237955], ""objective"": 14.664910527588535, ""success"": true, ""message"": ""`ftol` termination condition is satisfied."", ""evaluations"": 16, ""inference_unavailable_reasons"": []}, {""start"": [0.8762, 0.2397], ""theta"": [0.9563157657343574, 0.02768995839423255], ""objective"": 14.664910527683269, ""success"": true, ""message"": ""`ftol` termination condition is satisfied."", ""evaluations"": 9, ""inference_unavailable_reasons"": []}]",41dad53cfd50c488497e2b5c775ea9c7c280f5a50e28255a37108162e333c3a7
84,baseline_fixed,84,5332395826407827400,0.8762,0.2397,boundary,False,,26.629036703757585,0.9799999999999999,0.013945091077892435,True,False,True,True,False,2,,4,True,"[{""start"": [0.5, 0.1], ""theta"": [0.98, 0.013945090595145287], ""objective"": 26.62903670376268, ""success"": true, ""message"": ""`gtol` termination condition is satisfied."", ""evaluations"": 13, ""inference_unavailable_reasons"": [""parameter_on_boundary""]}, {""start"": [0.75, 0.4], ""theta"": [0.98, 0.013945090547517969], ""objective"": 26.629036703761965, ""success"": true, ""message"": ""`ftol` termination condition is satisfied."", ""evaluations"": 12, ""inference_unavailable_reasons"": [""parameter_on_boundary""]}, {""start"": [0.95, 0.7], ""theta"": [0.9799999999999999, 0.013945091077892435], ""objective"": 26.629036703757585, ""success"": true, ""message"": ""`ftol` termination condition is satisfied."", ""evaluations"": 16, ""inference_unavailable_reasons"": [""parameter_on_boundary""]}, {""start"": [0.8762, 0.2397], ""theta"": [0.98, 0.013945090545192856], ""objective"": 26.629036703762512, ""success"": true, ""message"": ""`gtol` termination condition is satisfied."", ""evaluations"": 10, ""inference_unavailable_reasons"": [""parameter_on_boundary""]}]",3caf7e75768351ac1ac18244a1a8c6844a2b60845b5060e1d2e1dc34a788224d
85,baseline_fixed,85,2187174919536380384,0.8762,0.2397,regular,False,,5.287462609443796,0.8602374219791191,0.30478108306397655,True,True,False,False,False,2,0.6249277735695309,4,True,"[{""start"": [0.5, 0.1], ""theta"": [0.8602372361624467, 0.304781562765136], ""objective"": 5.287462609488394, ""success"": true, ""message"": ""`ftol` termination condition is satisfied."", ""evaluations"": 11, ""inference_unavailable_reasons"": []}, {""start"": [0.75, 0.4], ""theta"": [0.8602369181602156, 0.3047823826430836], ""objective"": 5.2874626096097455, ""success"": true, ""message"": ""`ftol` termination condition is satisfied."", ""evaluations"": 9, ""inference_unavailable_reasons"": []}, {""start"": [0.95, 0.7], ""theta"": [0.8602371655839364, 0.3047817446447466], ""objective"": 5.287462609509873, ""success"": true, ""message"": ""`ftol` termination condition is satisfied."", ""evaluations"": 14, ""inference_unavailable_reasons"": []}, {""start"": [0.8762, 0.2397], ""theta"": [0.8602374219791191, 0.30478108306397655], ""objective"": 5.287462609443796, ""success"": true, ""message"": ""`ftol` termination condition is satisfied."", ""evaluations"": 9, ""inference_unavailable_reasons"": []}]",d38002f620a1b3a91b61c0e59e429eb3e827030b97df3fee0117e8708a227946
86,baseline_fixed,86,3868024537525888495,0.8762,0.2397,boundary,False,,4.5490227987638185,0.9799999999999999,0.024918627320536166,True,False,True,True,False,2,,4,True,"[{""start"": [0.5, 0.1], ""theta"": [0.9799999999999999, 0.024918627320536166], ""objective"": 4.5490227987638185, ""success"": true, ""message"": ""Both `ftol` and `xtol` termination conditions are satisfied."", ""evaluations"": 16, ""inference_unavailable_reasons"": [""parameter_on_boundary""]}, {""start"": [0.75, 0.4], ""theta"": [0.98, 0.024918627321915576], ""objective"": 4.549022798767544, ""success"": true, ""message"": ""`gtol` termination condition is satisfied."", ""evaluations"": 14, ""inference_unavailable_reasons"": [""parameter_on_boundary""]}, {""start"": [0.95, 0.7], ""theta"": [0.9799999999999883, 0.02491862795965072], ""objective"": 4.54902279876606, ""success"": true, ""message"": ""`xtol` termination condition is satisfied."", ""evaluations"": 20, ""inference_unavailable_reasons"": [""parameter_on_boundary""]}, {""start"": [0.8762, 0.2397], ""theta"": [0.9799999999999538, 0.02491862846252152], ""objective"": 4.549022798763978, ""success"": true, ""message"": ""`xtol` termination condition is satisfied."", ""evaluations"": 17, ""inference_unavailable_reasons"": [""parameter_on_boundary""]}]",30acfe7a43b8370736f1a23b75186851f1acc073fa199ab6492511f36f406958
87,baseline_fixed,87,13039291414189818851,0.8762,0.2397,regular,False,,6.421035321316759,0.8931534478429,0.1482138371417686,True,True,False,False,False,2,0.4915343125236007,4,True,"[{""start"": [0.5, 0.1], ""theta"": [0.8931539724092981, 0.1482126900264024], ""objective"": 6.421035322255339, ""success"": true, ""message"": ""`ftol` termination condition is satisfied."", ""evaluations"": 13, ""inference_unavailable_reasons"": []}, {""start"": [0.75, 0.4], ""theta"": [0.8931518213511411, 0.14821739452780824], ""objective"": 6.421035321490516, ""success"": true, ""message"": ""`ftol` termination condition is satisfied."", ""evaluations"": 13, ""inference_unavailable_reasons"": []}, {""start"": [0.95, 0.7], ""theta"": [0.8931514503390421, 0.1482182057890019], ""objective"": 6.421035322170608, ""success"": true, ""message"": ""`ftol` termination condition is satisfied."", ""evaluations"": 19, ""inference_unavailable_reasons"": []}, {""start"": [0.8762, 0.2397], ""theta"": [0.8931534478429, 0.1482138371417686], ""objective"": 6.421035321316759, ""success"": true, ""message"": ""`ftol` termination condition is satisfied."", ""evaluations"": 11, ""inference_unavailable_reasons"": []}]",d3250ad7f489dca2af5f6d0e05efb95ea9b5246c376c43f93c97735f3871b5f0
88,baseline_fixed,88,825939498864578427,0.8762,0.2397,regular,False,,8.673016686461404,0.7227582605364646,0.5973658347514358,True,True,False,False,False,2,0.2769921989603553,4,True,"[{""start"": [0.5, 0.1], ""theta"": [0.7227585561047117, 0.5973650779440561], ""objective"": 8.673016686682713, ""success"": true, ""message"": ""`ftol` termination condition is satisfied."", ""evaluations"": 9, ""inference_unavailable_reasons"": []}, {""start"": [0.75, 0.4], ""theta"": [0.7227569777079933, 0.5973686761587771], ""objective"": 8.67301668687131, ""success"": true, ""message"": ""`ftol` termination condition is satisfied."", ""evaluations"": 9, ""inference_unavailable_reasons"": []}, {""start"": [0.95, 0.7], ""theta"": [0.7227582605364646, 0.5973658347514358], ""objective"": 8.673016686461404, ""success"": true, ""message"": ""`ftol` termination condition is satisfied."", ""evaluations"": 13, ""inference_unavailable_reasons"": []}, {""start"": [0.8762, 0.2397], ""theta"": [0.7227573060992423, 0.5973679672766132], ""objective"": 8.673016686580285, ""success"": true, ""message"": ""`ftol` termination condition is satisfied."", ""evaluations"": 9, ""inference_unavailable_reasons"": []}]",78b5a37e909aae2b120d2e8d641c8e1460e6cb965f64f75fcf4b40420ae4db35
89,baseline_fixed,89,15500441321893614072,0.8762,0.2397,regular,False,,10.33073909698866,0.883835854453057,0.10884301642055877,True,True,False,False,False,2,0.17059261943452717,4,True,"[{""start"": [0.5, 0.1], ""theta"": [0.8838355343410145, 0.10884356985027022], ""objective"": 10.330739097069713, ""success"": true, ""message"": ""`ftol` termination condition is satisfied."", ""evaluations"": 11, ""inference_unavailable_reasons"": []}, {""start"": [0.75, 0.4], ""theta"": [0.883835854453057, 0.10884301642055877], ""objective"": 10.33073909698866, ""success"": true, ""message"": ""`ftol` termination condition is satisfied."", ""evaluations"": 10, ""inference_unavailable_reasons"": []}, {""start"": [0.95, 0.7], ""theta"": [0.8838354852664392, 0.10884365498616899], ""objective"": 10.330739097088449, ""success"": true, ""message"": ""`ftol` termination condition is satisfied."", ""evaluations"": 16, ""inference_unavailable_reasons"": []}, {""start"": [0.8762, 0.2397], ""theta"": [0.8838358733699287, 0.10884298380087895], ""objective"": 10.330739096998204, ""success"": true, ""message"": ""`ftol` termination condition is satisfied."", ""evaluations"": 10, ""inference_unavailable_reasons"": []}]",f0dcfeeb6512f15969d97466b7f82c671e762069bfe3638ba83612a418e03b02
90,baseline_fixed,90,15683772246086307169,0.8762,0.2397,optimization_unresolved,True,,11.422586877074927,0.98,0.04541761475460629,True,False,True,True,False,2,,4,False,"[{""start"": [0.5, 0.1], ""theta"": [0.7881399502621734, 0.6130000908568874], ""objective"": 17.974502544006207, ""success"": true, ""message"": ""`ftol` termination condition is satisfied."", ""evaluations"": 13, ""inference_unavailable_reasons"": []}, {""start"": [0.75, 0.4], ""theta"": [0.7881450459660938, 0.6129832912398465], ""objective"": 17.974502543411077, ""success"": true, ""message"": ""`ftol` termination condition is satisfied."", ""evaluations"": 15, ""inference_unavailable_reasons"": []}, {""start"": [0.95, 0.7], ""theta"": [0.7881459172460605, 0.6129804188845019], ""objective"": 17.974502545091802, ""success"": true, ""message"": ""`ftol` termination condition is satisfied."", ""evaluations"": 17, ""inference_unavailable_reasons"": []}, {""start"": [0.8762, 0.2397], ""theta"": [0.98, 0.04541761475460629], ""objective"": 11.422586877074927, ""success"": true, ""message"": ""`gtol` termination condition is satisfied."", ""evaluations"": 10, ""inference_unavailable_reasons"": [""parameter_on_boundary""]}]",3f4dcf2f7757a79915fb0c16dc3265be6d649f5e4ac7b48eb437093d3531343d
91,baseline_fixed,91,8638556417797135440,0.8762,0.2397,regular,False,,5.428496423285205,0.9704642194038067,0.05498016821030481,True,True,False,False,False,2,0.6078219784249321,4,True,"[{""start"": [0.5, 0.1], ""theta"": [0.9704642194038067, 0.05498016821030481], ""objective"": 5.428496423285205, ""success"": true, ""message"": ""`ftol` termination condition is satisfied."", ""evaluations"": 21, ""inference_unavailable_reasons"": []}, {""start"": [0.75, 0.4], ""theta"": [0.9704641388560942, 0.054980319472125894], ""objective"": 5.428496423373881, ""success"": true, ""message"": ""`ftol` termination condition is satisfied."", ""evaluations"": 19, ""inference_unavailable_reasons"": []}, {""start"": [0.95, 0.7], ""theta"": [0.9704639630185264, 0.05498064970211769], ""objective"": 5.428496423614714, ""success"": true, ""message"": ""`ftol` termination condition is satisfied."", ""evaluations"": 24, ""inference_unavailable_reasons"": []}, {""start"": [0.8762, 0.2397], ""theta"": [0.9704639970107896, 0.05498058586335877], ""objective"": 5.428496423562493, ""success"": true, ""message"": ""`ftol` termination condition is satisfied."", ""evaluations"": 15, ""inference_unavailable_reasons"": []}]",15150d56de1b5ae5de9e2b196fde246d2061c11802ecf0832bced5885809287d
92,baseline_fixed,92,15517837398895309282,0.8762,0.2397,regular,False,,16.761540726211166,0.8497614704044798,0.209993566461436,True,True,False,False,False,2,0.019000237932851063,4,True,"[{""start"": [0.5, 0.1], ""theta"": [0.8497578963205374, 0.20999941246927892], ""objective"": 16.761540728930754, ""success"": true, ""message"": ""`ftol` termination condition is satisfied."", ""evaluations"": 21, ""inference_unavailable_reasons"": []}, {""start"": [0.75, 0.4], ""theta"": [0.8497619525243082, 0.20999224189113266], ""objective"": 16.761540727469377, ""success"": true, ""message"": ""`ftol` termination condition is satisfied."", ""evaluations"": 25, ""inference_unavailable_reasons"": []}, {""start"": [0.95, 0.7], ""theta"": [0.8497611553410637, 0.20999263345765384], ""objective"": 16.761540726806253, ""success"": true, ""message"": ""`ftol` termination condition is satisfied."", ""evaluations"": 20, ""inference_unavailable_reasons"": []}, {""start"": [0.8762, 0.2397], ""theta"": [0.8497614704044798, 0.209993566461436], ""objective"": 16.761540726211166, ""success"": true, ""message"": ""`ftol` termination condition is satisfied."", ""evaluations"": 21, ""inference_unavailable_reasons"": []}]",5dc7b829845aa2bb1b34e368bb6fc042d240bfe9620932032c0f7253f16ee672
93,baseline_fixed,93,10459830888914011334,0.8762,0.2397,regular,False,,4.432243615328817,0.8519001278369575,0.1431745885580329,True,True,False,False,False,2,0.7288601774592143,4,True,"[{""start"": [0.5, 0.1], ""theta"": [0.8518995914089718, 0.14317539837518592], ""objective"": 4.432243615644911, ""success"": true, ""message"": ""`ftol` termination condition is satisfied."", ""evaluations"": 13, ""inference_unavailable_reasons"": []}, {""start"": [0.75, 0.4], ""theta"": [0.8518998478110379, 0.14317501132792232], ""objective"": 4.432243615467549, ""success"": true, ""message"": ""`ftol` termination condition is satisfied."", ""evaluations"": 12, ""inference_unavailable_reasons"": []}, {""start"": [0.95, 0.7], ""theta"": [0.8518997855172721, 0.14317510564436742], ""objective"": 4.4322436155092895, ""success"": true, ""message"": ""`ftol` termination condition is satisfied."", ""evaluations"": 18, ""inference_unavailable_reasons"": []}, {""start"": [0.8762, 0.2397], ""theta"": [0.8519001278369575, 0.1431745885580329], ""objective"": 4.432243615328817, ""success"": true, ""message"": ""`ftol` termination condition is satisfied."", ""evaluations"": 12, ""inference_unavailable_reasons"": []}]",42af560528cadbb3d3427cbed64ae411358465f53eec8e54f5e38f714b610f24
94,baseline_fixed,94,13925105129781779863,0.8762,0.2397,regular,False,,19.496264535697396,0.8051795120740858,0.30256919403974014,True,True,False,False,False,2,0.006766959769061685,4,True,"[{""start"": [0.5, 0.1], ""theta"": [0.8051795120740858, 0.30256919403974014], ""objective"": 19.496264535697396, ""success"": true, ""message"": ""`ftol` termination condition is satisfied."", ""evaluations"": 11, ""inference_unavailable_reasons"": []}, {""start"": [0.75, 0.4], ""theta"": [0.8051789419303274, 0.30256929592280823], ""objective"": 19.49626453613101, ""success"": true, ""message"": ""`ftol` termination condition is satisfied."", ""evaluations"": 8, ""inference_unavailable_reasons"": []}, {""start"": [0.95, 0.7], ""theta"": [0.8051802072895604, 0.30256882582260297], ""objective"": 19.496264535702, ""success"": true, ""message"": ""`ftol` termination condition is satisfied."", ""evaluations"": 13, ""inference_unavailable_reasons"": []}, {""start"": [0.8762, 0.2397], ""theta"": [0.8051806018041481, 0.3025691175183672], ""objective"": 19.49626453605088, ""success"": true, ""message"": ""`ftol` termination condition is satisfied."", ""evaluations"": 9, ""inference_unavailable_reasons"": []}]",8e090ab764257fe2d030209d59b65fee4c76c8b664318fba8919664cdad073a2
95,baseline_fixed,95,1580674350819179253,0.8762,0.2397,boundary,False,,42.967233675586336,0.9799999999999676,0.010000000000000009,True,False,True,True,True,2,,4,True,"[{""start"": [0.5, 0.1], ""theta"": [0.9799999999999676, 0.010000000000000009], ""objective"": 42.967233675586336, ""success"": true, ""message"": ""`gtol` termination condition is satisfied."", ""evaluations"": 12, ""inference_unavailable_reasons"": [""parameter_on_boundary""]}, {""start"": [0.75, 0.4], ""theta"": [0.9799999999999959, 0.010000000000000064], ""objective"": 42.967233675603424, ""success"": true, ""message"": ""`gtol` termination condition is satisfied."", ""evaluations"": 11, ""inference_unavailable_reasons"": [""parameter_on_boundary""]}, {""start"": [0.95, 0.7], ""theta"": [0.97999999999472, 0.010000000000000231], ""objective"": 42.96723367590642, ""success"": true, ""message"": ""`gtol` termination condition is satisfied."", ""evaluations"": 16, ""inference_unavailable_reasons"": [""parameter_on_boundary""]}, {""start"": [0.8762, 0.2397], ""theta"": [0.9799999999995574, 0.010000000000000037], ""objective"": 42.96723367560632, ""success"": true, ""message"": ""`gtol` termination condition is satisfied."", ""evaluations"": 10, ""inference_unavailable_reasons"": [""parameter_on_boundary""]}]",430ed66f548cb3d2a3cd989987dccbeded03725eabbd7f9d992fe8edd5ab22a4
96,baseline_fixed,96,10654811721590335502,0.8762,0.2397,regular,False,,3.304074094345986,0.8962972118312472,0.2115922557125419,True,True,False,False,False,2,0.8555211617933539,4,True,"[{""start"": [0.5, 0.1], ""theta"": [0.8962972118312472, 0.2115922557125419], ""objective"": 3.304074094345986, ""success"": true, ""message"": ""`ftol` termination condition is satisfied."", ""evaluations"": 10, ""inference_unavailable_reasons"": []}, {""start"": [0.75, 0.4], ""theta"": [0.8962971625390987, 0.21159236421935343], ""objective"": 3.304074094348632, ""success"": true, ""message"": ""`ftol` termination condition is satisfied."", ""evaluations"": 8, ""inference_unavailable_reasons"": []}, {""start"": [0.95, 0.7], ""theta"": [0.8962971623261353, 0.2115923646955869], ""objective"": 3.3040740943486346, ""success"": true, ""message"": ""`ftol` termination condition is satisfied."", ""evaluations"": 13, ""inference_unavailable_reasons"": []}, {""start"": [0.8762, 0.2397], ""theta"": [0.8962971423545473, 0.21159240864791348], ""objective"": 3.304074094349033, ""success"": true, ""message"": ""`ftol` termination condition is satisfied."", ""evaluations"": 6, ""inference_unavailable_reasons"": []}]",ee110e58d3e881f06c45111fc2948f5c012c5e2efff78ce370383bbba8a3332a
97,baseline_fixed,97,1355451004252979648,0.8762,0.2397,regular,False,,4.691752311713671,0.9491555447126506,0.12616215724034197,True,True,False,False,False,2,0.6975208564216875,4,True,"[{""start"": [0.5, 0.1], ""theta"": [0.9491555034882655, 0.12616225746812418], ""objective"": 4.691752311721409, ""success"": true, ""message"": ""`ftol` termination condition is satisfied."", ""evaluations"": 13, ""inference_unavailable_reasons"": []}, {""start"": [0.75, 0.4], ""theta"": [0.9491555707174759, 0.12616209401037515], ""objective"": 4.691752311715419, ""success"": true, ""message"": ""`ftol` termination condition is satisfied."", ""evaluations"": 12, ""inference_unavailable_reasons"": []}, {""start"": [0.95, 0.7], ""theta"": [0.9491555447126506, 0.12616215724034197], ""objective"": 4.691752311713671, ""success"": true, ""message"": ""`ftol` termination condition is satisfied."", ""evaluations"": 16, ""inference_unavailable_reasons"": []}, {""start"": [0.8762, 0.2397], ""theta"": [0.9491555690203805, 0.1261620981605681], ""objective"": 4.691752311716149, ""success"": true, ""message"": ""`ftol` termination condition is satisfied."", ""evaluations"": 10, ""inference_unavailable_reasons"": []}]",5a225b6becae05177ebb015ead7753cc17f73cbf00dd8ce2c6ad80e6d37bb05f
98,baseline_fixed,98,16478440814490619744,0.8762,0.2397,regular,False,,2.7217495162345235,0.9209725766266215,0.039953055795980186,True,True,False,False,False,2,0.9094950517166283,4,True,"[{""start"": [0.5, 0.1], ""theta"": [0.9209723362123883, 0.0399535053749006], ""objective"": 2.721749516269856, ""success"": true, ""message"": ""`ftol` termination condition is satisfied."", ""evaluations"": 12, ""inference_unavailable_reasons"": []}, {""start"": [0.75, 0.4], ""theta"": [0.9209725766266215, 0.039953055795980186], ""objective"": 2.7217495162345235, ""success"": true, ""message"": ""`ftol` termination condition is satisfied."", ""evaluations"": 10, ""inference_unavailable_reasons"": []}, {""start"": [0.95, 0.7], ""theta"": [0.9209721815217832, 0.039953794514707264], ""objective"": 2.7217495163358705, ""success"": true, ""message"": ""`ftol` termination condition is satisfied."", ""evaluations"": 16, ""inference_unavailable_reasons"": []}, {""start"": [0.8762, 0.2397], ""theta"": [0.9209723000961921, 0.039953572987060704], ""objective"": 2.721749516279915, ""success"": true, ""message"": ""`ftol` termination condition is satisfied."", ""evaluations"": 10, ""inference_unavailable_reasons"": []}]",680b6e8af6dec1c4f8ed0e17d094210dea4901663fac7f2ad5e7d092ee69d16e
99,baseline_fixed,99,17031318532533299076,0.8762,0.2397,regular,False,,21.555900738125416,0.9131249828441095,0.035413742745450366,True,True,False,False,False,2,0.003028875231845298,4,True,"[{""start"": [0.5, 0.1], ""theta"": [0.9131250757324343, 0.03541350078356299], ""objective"": 21.5559007381363, ""success"": true, ""message"": ""`ftol` termination condition is satisfied."", ""evaluations"": 10, ""inference_unavailable_reasons"": []}, {""start"": [0.75, 0.4], ""theta"": [0.9131250272344827, 0.03541388942255996], ""objective"": 21.555900738127875, ""success"": true, ""message"": ""`ftol` termination condition is satisfied."", ""evaluations"": 10, ""inference_unavailable_reasons"": []}, {""start"": [0.95, 0.7], ""theta"": [0.9131250429532132, 0.03541395848984841], ""objective"": 21.555900738133033, ""success"": true, ""message"": ""`ftol` termination condition is satisfied."", ""evaluations"": 15, ""inference_unavailable_reasons"": []}, {""start"": [0.8762, 0.2397], ""theta"": [0.9131249828441095, 0.035413742745450366], ""objective"": 21.555900738125416, ""success"": true, ""message"": ""`ftol` termination condition is satisfied."", ""evaluations"": 10, ""inference_unavailable_reasons"": []}]",74c4cd741438ff5cc20c5912d28c12f802f1d498637f230d824c209a4f25b6ad
100,baseline_fixed,100,12269906261704313256,0.8762,0.2397,boundary,False,,25.053729060977606,0.9727639927740775,0.010000000000000703,True,False,True,False,True,2,,4,True,"[{""start"": [0.5, 0.1], ""theta"": [0.9727633163755784, 0.01000000012113017], ""objective"": 25.053729114063422, ""success"": true, ""message"": ""`ftol` termination condition is satisfied."", ""evaluations"": 31, ""inference_unavailable_reasons"": [""parameter_on_boundary""]}, {""start"": [0.75, 0.4], ""theta"": [0.9727638077069335, 0.010000000000041753], ""objective"": 25.053729061264466, ""success"": true, ""message"": ""`ftol` termination condition is satisfied."", ""evaluations"": 28, ""inference_unavailable_reasons"": [""parameter_on_boundary""]}, {""start"": [0.95, 0.7], ""theta"": [0.9727636707662192, 0.010000000000002784], ""objective"": 25.053729062342235, ""success"": true, ""message"": ""`ftol` termination condition is satisfied."", ""evaluations"": 29, ""inference_unavailable_reasons"": [""parameter_on_boundary""]}, {""start"": [0.8762, 0.2397], ""theta"": [0.9727639927740775, 0.010000000000000703], ""objective"": 25.053729060977606, ""success"": true, ""message"": ""`ftol` termination condition is satisfied."", ""evaluations"": 28, ""inference_unavailable_reasons"": [""parameter_on_boundary""]}]",1fb121785ac4b7eb60d7941cd68dbfeef78d16743040a9ce41d8789ab82fd12d
101,baseline_fixed,101,8623868024655721777,0.8762,0.2397,regular,False,,2.088496398318294,0.9726241898964983,0.024467539582324616,True,True,False,False,False,2,0.9547802011741481,4,True,"[{""start"": [0.5, 0.1], ""theta"": [0.9726241623414162, 0.024467568648758806], ""objective"": 2.088496398331353, ""success"": true, ""message"": ""`ftol` termination condition is satisfied."", ""evaluations"": 18, ""inference_unavailable_reasons"": []}, {""start"": [0.75, 0.4], ""theta"": [0.9726239553859728, 0.024467786886327836], ""objective"": 2.088496398477204, ""success"": true, ""message"": ""`ftol` termination condition is satisfied."", ""evaluations"": 16, ""inference_unavailable_reasons"": []}, {""start"": [0.95, 0.7], ""theta"": [0.9726241239192416, 0.024467609155310877], ""objective"": 2.0884963983468303, ""success"": true, ""message"": ""`ftol` termination condition is satisfied."", ""evaluations"": 22, ""inference_unavailable_reasons"": []}, {""start"": [0.8762, 0.2397], ""theta"": [0.9726241898964983, 0.024467539582324616], ""objective"": 2.088496398318294, ""success"": true, ""message"": ""`ftol` termination condition is satisfied."", ""evaluations"": 16, ""inference_unavailable_reasons"": []}]",dfada9f438f70b30473f24be8c8fe757539bad216ac966a6917536d38eee3e46
102,baseline_fixed,102,6089346831702227512,0.8762,0.2397,regular,False,,6.531275913309724,0.8531975565857868,0.30179227039000955,True,True,False,False,False,2,0.479255285464839,4,True,"[{""start"": [0.5, 0.1], ""theta"": [0.853197467788262, 0.30179255097764024], ""objective"": 6.531275913342326, ""success"": true, ""message"": ""`ftol` termination condition is satisfied."", ""evaluations"": 9, ""inference_unavailable_reasons"": []}, {""start"": [0.75, 0.4], ""theta"": [0.8531974906723475, 0.30179241423391834], ""objective"": 6.531275913323066, ""success"": true, ""message"": ""`ftol` termination condition is satisfied."", ""evaluations"": 7, ""inference_unavailable_reasons"": []}, {""start"": [0.95, 0.7], ""theta"": [0.8531975565857868, 0.30179227039000955], ""objective"": 6.531275913309724, ""success"": true, ""message"": ""`ftol` termination condition is satisfied."", ""evaluations"": 12, ""inference_unavailable_reasons"": []}, {""start"": [0.8762, 0.2397], ""theta"": [0.8531980589279389, 0.3017909648444626], ""objective"": 6.531275913358058, ""success"": true, ""message"": ""`ftol` termination condition is satisfied."", ""evaluations"": 6, ""inference_unavailable_reasons"": []}]",4aea1a1a1a8bedda6b4d06f117347db95ed448cbdd60b1ded8d7d2dac04d77f8
103,baseline_fixed,103,12441214314485113964,0.8762,0.2397,regular,False,,3.660228912420834,0.7897408279494421,0.5458398391355836,True,True,False,False,False,2,0.8179743485376396,4,True,"[{""start"": [0.5, 0.1], ""theta"": [0.7897408279494421, 0.5458398391355836], ""objective"": 3.660228912420834, ""success"": true, ""message"": ""`ftol` termination condition is satisfied."", ""evaluations"": 9, ""inference_unavailable_reasons"": []}, {""start"": [0.75, 0.4], ""theta"": [0.7897408992798085, 0.5458395975481474], ""objective"": 3.6602289124231637, ""success"": true, ""message"": ""`ftol` termination condition is satisfied."", ""evaluations"": 6, ""inference_unavailable_reasons"": []}, {""start"": [0.95, 0.7], ""theta"": [0.7897408157144061, 0.5458398835012629], ""objective"": 3.6602289124210228, ""success"": true, ""message"": ""`ftol` termination condition is satisfied."", ""evaluations"": 11, ""inference_unavailable_reasons"": []}, {""start"": [0.8762, 0.2397], ""theta"": [0.7897408863227751, 0.545839631219588], ""objective"": 3.660228912422212, ""success"": true, ""message"": ""`ftol` termination condition is satisfied."", ""evaluations"": 8, ""inference_unavailable_reasons"": []}]",7962e93789e3b77dc436806e74418e9f1909369d86600c5897e1a32617345a54
104,baseline_fixed,104,14816786679782537967,0.8762,0.2397,boundary,False,,18.408609767045157,0.98,0.01000000000000012,True,False,True,True,True,2,,4,True,"[{""start"": [0.5, 0.1], ""theta"": [0.9799999999991276, 0.010000000014431534], ""objective"": 18.408609767678, ""success"": true, ""message"": ""`gtol` termination condition is satisfied."", ""evaluations"": 11, ""inference_unavailable_reasons"": [""parameter_on_boundary""]}, {""start"": [0.75, 0.4], ""theta"": [0.9799999999999985, 0.010000000011444632], ""objective"": 18.408609767432814, ""success"": true, ""message"": ""`gtol` termination condition is satisfied."", ""evaluations"": 11, ""inference_unavailable_reasons"": [""parameter_on_boundary""]}, {""start"": [0.95, 0.7], ""theta"": [0.98, 0.01000000000000012], ""objective"": 18.408609767045157, ""success"": true, ""message"": ""`gtol` termination condition is satisfied."", ""evaluations"": 18, ""inference_unavailable_reasons"": [""parameter_on_boundary""]}, {""start"": [0.8762, 0.2397], ""theta"": [0.9799999999999998, 0.010000000048784125], ""objective"": 18.408609768637778, ""success"": true, ""message"": ""`gtol` termination condition is satisfied."", ""evaluations"": 11, ""inference_unavailable_reasons"": [""parameter_on_boundary""]}]",d8f240bcd0218b30c3fe79b4a070d53e2918908d56f43d87ae9e1cda262d0ec9
105,baseline_fixed,105,9959141077286454142,0.8762,0.2397,boundary,False,,38.59739606843603,0.9799999999999999,0.01734771253010399,True,False,True,True,False,2,,4,True,"[{""start"": [0.5, 0.1], ""theta"": [0.9799999999999999, 0.01734771253010399], ""objective"": 38.59739606843603, ""success"": true, ""message"": ""`ftol` termination condition is satisfied."", ""evaluations"": 15, ""inference_unavailable_reasons"": [""parameter_on_boundary""]}, {""start"": [0.75, 0.4], ""theta"": [0.98, 0.01734771220829945], ""objective"": 38.59739606845852, ""success"": true, ""message"": ""`ftol` termination condition is satisfied."", ""evaluations"": 13, ""inference_unavailable_reasons"": [""parameter_on_boundary""]}, {""start"": [0.95, 0.7], ""theta"": [0.98, 0.017347711929452725], ""objective"": 38.59739606845994, ""success"": true, ""message"": ""`gtol` termination condition is satisfied."", ""evaluations"": 18, ""inference_unavailable_reasons"": [""parameter_on_boundary""]}, {""start"": [0.8762, 0.2397], ""theta"": [0.98, 0.017347711957223372], ""objective"": 38.59739606845948, ""success"": true, ""message"": ""`gtol` termination condition is satisfied."", ""evaluations"": 11, ""inference_unavailable_reasons"": [""parameter_on_boundary""]}]",341ed001ed8a3372d196f2fd7806ac97bbbf5b7bb499465ce34004044873f89e
106,baseline_fixed,106,17818911673978984845,0.8762,0.2397,regular,False,,22.974805110620725,0.8689072447205097,0.1627771297170975,True,True,False,False,False,2,0.0017219144328062751,4,True,"[{""start"": [0.5, 0.1], ""theta"": [0.8689072447205097, 0.1627771297170975], ""objective"": 22.974805110620725, ""success"": true, ""message"": ""`ftol` termination condition is satisfied."", ""evaluations"": 10, ""inference_unavailable_reasons"": []}, {""start"": [0.75, 0.4], ""theta"": [0.8689071783846984, 0.16277716272383136], ""objective"": 22.97480511063276, ""success"": true, ""message"": ""`ftol` termination condition is satisfied."", ""evaluations"": 8, ""inference_unavailable_reasons"": []}, {""start"": [0.95, 0.7], ""theta"": [0.8689070806313992, 0.16277713613366873], ""objective"": 22.974805110700224, ""success"": true, ""message"": ""`ftol` termination condition is satisfied."", ""evaluations"": 13, ""inference_unavailable_reasons"": []}, {""start"": [0.8762, 0.2397], ""theta"": [0.8689072632537747, 0.16277708936443563], ""objective"": 22.974805110625475, ""success"": true, ""message"": ""`ftol` termination condition is satisfied."", ""evaluations"": 7, ""inference_unavailable_reasons"": []}]",d3250a4159340d80a9db3cb6111543e84b10b7fe248e0bbf4d4f93d57a60ca6b
107,baseline_fixed,107,1379241299731943410,0.8762,0.2397,regular,False,,3.5689277481023747,0.8932693014988523,0.18552866127686996,True,True,False,False,False,2,0.8278717272741468,4,True,"[{""start"": [0.5, 0.1], ""theta"": [0.8932692455898855, 0.18552877446880284], ""objective"": 3.5689277481065873, ""success"": true, ""message"": ""`ftol` termination condition is satisfied."", ""evaluations"": 10, ""inference_unavailable_reasons"": []}, {""start"": [0.75, 0.4], ""theta"": [0.8932691301097005, 0.1855290082204101], ""objective"": 3.568927748123685, ""success"": true, ""message"": ""`ftol` termination condition is satisfied."", ""evaluations"": 8, ""inference_unavailable_reasons"": []}, {""start"": [0.95, 0.7], ""theta"": [0.8932693014988523, 0.18552866127686996], ""objective"": 3.5689277481023747, ""success"": true, ""message"": ""`ftol` termination condition is satisfied."", ""evaluations"": 14, ""inference_unavailable_reasons"": []}, {""start"": [0.8762, 0.2397], ""theta"": [0.8932693848892361, 0.18552849247045833], ""objective"": 3.568927748103492, ""success"": true, ""message"": ""`ftol` termination condition is satisfied."", ""evaluations"": 6, ""inference_unavailable_reasons"": []}]",66b9f729280a5dffe7f4a1f65104760f756396456d8a877e67b5d944ad4fdf06
108,baseline_fixed,108,1987438788780172015,0.8762,0.2397,regular,False,,21.96065582262977,0.8870827226547942,0.2158379772862401,True,True,False,False,False,2,0.0025803919795533104,4,True,"[{""start"": [0.5, 0.1], ""theta"": [0.8870827226547942, 0.2158379772862401], ""objective"": 21.96065582262977, ""success"": true, ""message"": ""`ftol` termination condition is satisfied."", ""evaluations"": 26, ""inference_unavailable_reasons"": []}, {""start"": [0.75, 0.4], ""theta"": [0.8870806811588424, 0.21584207307044603], ""objective"": 21.96065582793907, ""success"": true, ""message"": ""`ftol` termination condition is satisfied."", ""evaluations"": 24, ""inference_unavailable_reasons"": []}, {""start"": [0.95, 0.7], ""theta"": [0.887082340193323, 0.21583874464451636], ""objective"": 21.960655823541174, ""success"": true, ""message"": ""`ftol` termination condition is satisfied."", ""evaluations"": 30, ""inference_unavailable_reasons"": []}, {""start"": [0.8762, 0.2397], ""theta"": [0.8870792113260374, 0.21584502194955318], ""objective"": 21.960655832459775, ""success"": true, ""message"": ""`ftol` termination condition is satisfied."", ""evaluations"": 19, ""inference_unavailable_reasons"": []}]",976fa58202238cfaf9c44e5417bc8e17438e660caeda36acc161b78ab6415a96
109,baseline_fixed,109,3341632584575536233,0.8762,0.2397,regular,False,,5.199259511364278,0.8993452134614685,0.23526695457946684,True,True,False,False,False,2,0.6356610655621119,4,True,"[{""start"": [0.5, 0.1], ""theta"": [0.8993452505532615, 0.23526687722025352], ""objective"": 5.1992595113649545, ""success"": true, ""message"": ""`ftol` termination condition is satisfied."", ""evaluations"": 10, ""inference_unavailable_reasons"": []}, {""start"": [0.75, 0.4], ""theta"": [0.8993452098690946, 0.23526696390893925], ""objective"": 5.199259511366436, ""success"": true, ""message"": ""`ftol` termination condition is satisfied."", ""evaluations"": 8, ""inference_unavailable_reasons"": []}, {""start"": [0.95, 0.7], ""theta"": [0.8993452134614685, 0.23526695457946684], ""objective"": 5.199259511364278, ""success"": true, ""message"": ""`ftol` termination condition is satisfied."", ""evaluations"": 13, ""inference_unavailable_reasons"": []}, {""start"": [0.8762, 0.2397], ""theta"": [0.899345251349238, 0.23526687831205528], ""objective"": 5.199259511364585, ""success"": true, ""message"": ""`ftol` termination condition is satisfied."", ""evaluations"": 7, ""inference_unavailable_reasons"": []}]",c5bf732297674d9edef9160102a514df8c94099abefce875319e0424f73f8dda
110,baseline_fixed,110,16958014390326846913,0.8762,0.2397,regular,False,,11.053344317766943,0.8207590495457602,0.3373332933271753,True,True,False,False,False,2,0.13630903417693493,4,True,"[{""start"": [0.5, 0.1], ""theta"": [0.8207590710988003, 0.3373329980833515], ""objective"": 11.053344317789442, ""success"": true, ""message"": ""`ftol` termination condition is satisfied."", ""evaluations"": 11, ""inference_unavailable_reasons"": []}, {""start"": [0.75, 0.4], ""theta"": [0.8207590781972206, 0.3373329795588727], ""objective"": 11.053344317788628, ""success"": true, ""message"": ""`ftol` termination condition is satisfied."", ""evaluations"": 9, ""inference_unavailable_reasons"": []}, {""start"": [0.95, 0.7], ""theta"": [0.8207590495457602, 0.3373332933271753], ""objective"": 11.053344317766943, ""success"": true, ""message"": ""`ftol` termination condition is satisfied."", ""evaluations"": 14, ""inference_unavailable_reasons"": []}, {""start"": [0.8762, 0.2397], ""theta"": [0.8207600648798563, 0.33733204140292417], ""objective"": 11.053344317879272, ""success"": true, ""message"": ""`ftol` termination condition is satisfied."", ""evaluations"": 8, ""inference_unavailable_reasons"": []}]",2cb4fead20eb5eefa4df047e1af3237a928326d40d0ef6dfae68c82ac8648e78
111,baseline_fixed,111,10164482357815977954,0.8762,0.2397,boundary,False,,26.530253124598197,0.9325352368442655,0.01000000000000012,True,False,True,False,True,2,,4,True,"[{""start"": [0.5, 0.1], ""theta"": [0.9325351901390424, 0.010000000000000009], ""objective"": 26.530253124641504, ""success"": true, ""message"": ""`ftol` termination condition is satisfied."", ""evaluations"": 15, ""inference_unavailable_reasons"": [""parameter_on_boundary""]}, {""start"": [0.75, 0.4], ""theta"": [0.9325352184771973, 0.010000000000000064], ""objective"": 26.530253124603707, ""success"": true, ""message"": ""`ftol` termination condition is satisfied."", ""evaluations"": 13, ""inference_unavailable_reasons"": [""parameter_on_boundary""]}, {""start"": [0.95, 0.7], ""theta"": [0.9325352368442655, 0.01000000000000012], ""objective"": 26.530253124598197, ""success"": true, ""message"": ""`ftol` termination condition is satisfied."", ""evaluations"": 19, ""inference_unavailable_reasons"": [""parameter_on_boundary""]}, {""start"": [0.8762, 0.2397], ""theta"": [0.9325346676844126, 0.010000000000000037], ""objective"": 26.53025312547117, ""success"": true, ""message"": ""`ftol` termination condition is satisfied."", ""evaluations"": 12, ""inference_unavailable_reasons"": [""parameter_on_boundary""]}]",e502a8f00fdf8f24b72d90f309db9ea8bb15a406e7978a8d866405748d5d53de
112,baseline_fixed,112,14687646614496856640,0.8762,0.2397,regular,False,,4.305159006971728,0.8584252624378415,0.3114569761215559,True,True,False,False,False,2,0.7440343301993138,4,True,"[{""start"": [0.5, 0.1], ""theta"": [0.8584252624378415, 0.3114569761215559], ""objective"": 4.305159006971728, ""success"": true, ""message"": ""`ftol` termination condition is satisfied."", ""evaluations"": 10, ""inference_unavailable_reasons"": []}, {""start"": [0.75, 0.4], ""theta"": [0.858425070121775, 0.31145751188433735], ""objective"": 4.305159006994661, ""success"": true, ""message"": ""`ftol` termination condition is satisfied."", ""evaluations"": 8, ""inference_unavailable_reasons"": []}, {""start"": [0.95, 0.7], ""theta"": [0.8584251078801658, 0.3114574073106901], ""objective"": 4.305159006986777, ""success"": true, ""message"": ""`ftol` termination condition is satisfied."", ""evaluations"": 13, ""inference_unavailable_reasons"": []}, {""start"": [0.8762, 0.2397], ""theta"": [0.8584254517846722, 0.31145644822789953], ""objective"": 4.305159006974199, ""success"": true, ""message"": ""`ftol` termination condition is satisfied."", ""evaluations"": 7, ""inference_unavailable_reasons"": []}]",04c76075db216794cc74b70a1fa00601a7fff1e29f6c362a6a3778af0d06fab6
113,baseline_fixed,113,5703518517753759565,0.8762,0.2397,boundary,False,,23.415256632330266,0.8563126481859574,0.010000000000000064,True,False,True,False,True,2,,4,True,"[{""start"": [0.5, 0.1], ""theta"": [0.856311880653933, 0.010000000000000009], ""objective"": 23.41525663267353, ""success"": true, ""message"": ""`ftol` termination condition is satisfied."", ""evaluations"": 9, ""inference_unavailable_reasons"": [""parameter_on_boundary""]}, {""start"": [0.75, 0.4], ""theta"": [0.8563126481859574, 0.010000000000000064], ""objective"": 23.415256632330266, ""success"": true, ""message"": ""`ftol` termination condition is satisfied."", ""evaluations"": 9, ""inference_unavailable_reasons"": [""parameter_on_boundary""]}, {""start"": [0.95, 0.7], ""theta"": [0.8563119218697154, 0.010000000000064402], ""objective"": 23.41525663262864, ""success"": true, ""message"": ""`ftol` termination condition is satisfied."", ""evaluations"": 14, ""inference_unavailable_reasons"": [""parameter_on_boundary""]}, {""start"": [0.8762, 0.2397], ""theta"": [0.8563126445085564, 0.010000000000000092], ""objective"": 23.415256632346047, ""success"": true, ""message"": ""`ftol` termination condition is satisfied."", ""evaluations"": 9, ""inference_unavailable_reasons"": [""parameter_on_boundary""]}]",111214aa7475c24106cc0c370d0f121990b34bbee3d786d6de2dab2c43158871
114,baseline_fixed,114,15015107819810320373,0.8762,0.2397,regular,False,,29.061185856835227,0.940792881892011,0.11786342578590259,True,True,False,False,False,2,0.00014101654200141184,4,True,"[{""start"": [0.5, 0.1], ""theta"": [0.9407933212941877, 0.11786243621057561], ""objective"": 29.061185857253836, ""success"": true, ""message"": ""`ftol` termination condition is satisfied."", ""evaluations"": 20, ""inference_unavailable_reasons"": []}, {""start"": [0.75, 0.4], ""theta"": [0.940792881892011, 0.11786342578590259], ""objective"": 29.061185856835227, ""success"": true, ""message"": ""`ftol` termination condition is satisfied."", ""evaluations"": 16, ""inference_unavailable_reasons"": []}, {""start"": [0.95, 0.7], ""theta"": [0.9407916416104529, 0.11786607432133822], ""objective"": 29.061185858924958, ""success"": true, ""message"": ""`ftol` termination condition is satisfied."", ""evaluations"": 16, ""inference_unavailable_reasons"": []}, {""start"": [0.8762, 0.2397], ""theta"": [0.9407936641702769, 0.11786163217025532], ""objective"": 29.06118585805463, ""success"": true, ""message"": ""`ftol` termination condition is satisfied."", ""evaluations"": 19, ""inference_unavailable_reasons"": []}]",20b322d65f5bc3c9d6396b2518870a9670ff8e486bc88da0b8181d9e2b4354a0
115,baseline_fixed,115,8311977905858255033,0.8762,0.2397,regular,False,,12.26945513628185,0.856912842667898,0.2725880704092988,True,True,False,False,False,2,0.09203868466528925,4,True,"[{""start"": [0.5, 0.1], ""theta"": [0.8569135730384416, 0.2725863216201938], ""objective"": 12.269455138612495, ""success"": true, ""message"": ""`ftol` termination condition is satisfied."", ""evaluations"": 13, ""inference_unavailable_reasons"": [""nonstationary_solution""]}, {""start"": [0.75, 0.4], ""theta"": [0.856912842667898, 0.2725880704092988], ""objective"": 12.26945513628185, ""success"": true, ""message"": ""`ftol` termination condition is satisfied."", ""evaluations"": 21, ""inference_unavailable_reasons"": []}, {""start"": [0.95, 0.7], ""theta"": [0.8569134877793684, 0.2725865261549052], ""objective"": 12.269455138323533, ""success"": true, ""message"": ""`ftol` termination condition is satisfied."", ""evaluations"": 27, ""inference_unavailable_reasons"": [""nonstationary_solution""]}, {""start"": [0.8762, 0.2397], ""theta"": [0.856913069773395, 0.27258752670069], ""objective"": 12.26945513697121, ""success"": true, ""message"": ""`ftol` termination condition is satisfied."", ""evaluations"": 21, ""inference_unavailable_reasons"": []}]",b7365beda36368ba14fa09c078cb1ddb6a306f9ed8d8c1a4bebd3a54473299d0
116,baseline_fixed,116,7667972279781974761,0.8762,0.2397,regular,False,,19.288767049106717,0.8912178174457656,0.19579812202938993,True,True,False,False,False,2,0.007329285339430605,4,True,"[{""start"": [0.5, 0.1], ""theta"": [0.8912173784978756, 0.19579915660787175], ""objective"": 19.28876704963141, ""success"": true, ""message"": ""`ftol` termination condition is satisfied."", ""evaluations"": 17, ""inference_unavailable_reasons"": []}, {""start"": [0.75, 0.4], ""theta"": [0.8912178174457656, 0.19579812202938993], ""objective"": 19.288767049106717, ""success"": true, ""message"": ""`ftol` termination condition is satisfied."", ""evaluations"": 15, ""inference_unavailable_reasons"": []}, {""start"": [0.95, 0.7], ""theta"": [0.8912171457128221, 0.19579970547550962], ""objective"": 19.288767049994064, ""success"": true, ""message"": ""`ftol` termination condition is satisfied."", ""evaluations"": 20, ""inference_unavailable_reasons"": []}, {""start"": [0.8762, 0.2397], ""theta"": [0.8912173809058952, 0.19579915138669665], ""objective"": 19.288767049632813, ""success"": true, ""message"": ""`ftol` termination condition is satisfied."", ""evaluations"": 10, ""inference_unavailable_reasons"": []}]",06e4acea24e4da2bd65c6c460fe5d51fdcaca30a59e57b7134fe77b7ad83d01c
117,baseline_fixed,117,1225606755458268712,0.8762,0.2397,regular,False,,6.400051322188746,0.8100260028989666,0.4548635017462525,True,True,False,False,False,2,0.493888884556796,4,True,"[{""start"": [0.5, 0.1], ""theta"": [0.8100298236783205, 0.45485188004185584], ""objective"": 6.400051323458218, ""success"": true, ""message"": ""`ftol` termination condition is satisfied."", ""evaluations"": 17, ""inference_unavailable_reasons"": []}, {""start"": [0.75, 0.4], ""theta"": [0.8100260028989666, 0.4548635017462525], ""objective"": 6.400051322188746, ""success"": true, ""message"": ""`ftol` termination condition is satisfied."", ""evaluations"": 12, ""inference_unavailable_reasons"": []}, {""start"": [0.95, 0.7], ""theta"": [0.8100251239853876, 0.4548661813681971], ""objective"": 6.400051324076761, ""success"": true, ""message"": ""`ftol` termination condition is satisfied."", ""evaluations"": 17, ""inference_unavailable_reasons"": []}, {""start"": [0.8762, 0.2397], ""theta"": [0.8100254603563565, 0.4548651563564634], ""objective"": 6.400051323252258, ""success"": true, ""message"": ""`ftol` termination condition is satisfied."", ""evaluations"": 17, ""inference_unavailable_reasons"": []}]",9658c938da2d331c5d4e5a17abe5de7ac48182e026e0ba078c1501e2e90248eb
118,baseline_fixed,118,3898524382262586525,0.8762,0.2397,regular,False,,9.717258449127874,0.9269037815888177,0.13969709835810884,True,True,False,False,False,2,0.20517033977352492,4,True,"[{""start"": [0.5, 0.1], ""theta"": [0.9268997549321891, 0.13970499816477894], ""objective"": 9.717258465501228, ""success"": true, ""message"": ""`ftol` termination condition is satisfied."", ""evaluations"": 24, ""inference_unavailable_reasons"": [""nonstationary_solution""]}, {""start"": [0.75, 0.4], ""theta"": [0.9269055969977564, 0.13969351027772586], ""objective"": 9.71725845125958, ""success"": true, ""message"": ""`ftol` termination condition is satisfied."", ""evaluations"": 24, ""inference_unavailable_reasons"": []}, {""start"": [0.95, 0.7], ""theta"": [0.9269037815888177, 0.13969709835810884], ""objective"": 9.717258449127874, ""success"": true, ""message"": ""`ftol` termination condition is satisfied."", ""evaluations"": 26, ""inference_unavailable_reasons"": []}, {""start"": [0.8762, 0.2397], ""theta"": [0.9269054546582152, 0.13969379203163573], ""objective"": 9.71725845087349, ""success"": true, ""message"": ""`ftol` termination condition is satisfied."", ""evaluations"": 23, ""inference_unavailable_reasons"": []}]",25c82794acb40240dec8f5f24cfc0b136295cdc1a5e28ffb8cdf545e317f55c7
119,baseline_fixed,119,16237328291613410769,0.8762,0.2397,regular,False,,3.682162577753643,0.8345547100873507,0.20164878364365946,True,True,False,False,False,2,0.8155713278146624,4,True,"[{""start"": [0.5, 0.1], ""theta"": [0.8345543724764032, 0.20164968062417685], ""objective"": 3.6821625778098235, ""success"": true, ""message"": ""`ftol` termination condition is satisfied."", ""evaluations"": 9, ""inference_unavailable_reasons"": []}, {""start"": [0.75, 0.4], ""theta"": [0.8345547664251509, 0.2016486333846456], ""objective"": 3.6821625777666585, ""success"": true, ""message"": ""`ftol` termination condition is satisfied."", ""evaluations"": 8, ""inference_unavailable_reasons"": []}, {""start"": [0.95, 0.7], ""theta"": [0.8345547100873507, 0.20164878364365946], ""objective"": 3.682162577753643, ""success"": true, ""message"": ""`ftol` termination condition is satisfied."", ""evaluations"": 14, ""inference_unavailable_reasons"": []}, {""start"": [0.8762, 0.2397], ""theta"": [0.83455452240227, 0.20164929542809162], ""objective"": 3.6821625777581417, ""success"": true, ""message"": ""`ftol` termination condition is satisfied."", ""evaluations"": 7, ""inference_unavailable_reasons"": []}]",82c7731d9d709942abec694f2150b90caa7b59bae4b2dde48af69b4ea1132fd9
120,baseline_fixed,120,6379134353305896118,0.8762,0.2397,regular,False,,4.971545195644672,0.8494895117836871,0.3125356985916695,True,True,False,False,False,2,0.6634358503120219,4,True,"[{""start"": [0.5, 0.1], ""theta"": [0.8494895117836871, 0.3125356985916695], ""objective"": 4.971545195644672, ""success"": true, ""message"": ""`ftol` termination condition is satisfied."", ""evaluations"": 11, ""inference_unavailable_reasons"": []}, {""start"": [0.75, 0.4], ""theta"": [0.8494906534006952, 0.3125327671677634], ""objective"": 4.971545196143779, ""success"": true, ""message"": ""`ftol` termination condition is satisfied."", ""evaluations"": 11, ""inference_unavailable_reasons"": []}, {""start"": [0.95, 0.7], ""theta"": [0.8494907320488625, 0.3125325604855037], ""objective"": 4.971545196265336, ""success"": true, ""message"": ""`ftol` termination condition is satisfied."", ""evaluations"": 18, ""inference_unavailable_reasons"": []}, {""start"": [0.8762, 0.2397], ""theta"": [0.8494907793895067, 0.3125324238888297], ""objective"": 4.971545196348586, ""success"": true, ""message"": ""`ftol` termination condition is satisfied."", ""evaluations"": 13, ""inference_unavailable_reasons"": []}]",2aa62e924d62f1ebdfe01234bfe01d4849a4b5e9b44723f76474f63e48e91a59
121,baseline_fixed,121,12959539676815670465,0.8762,0.2397,regular,False,,27.71983388969209,0.8352211398328548,0.14803583712151525,True,True,False,False,False,2,0.00024713290976611596,4,True,"[{""start"": [0.5, 0.1], ""theta"": [0.8352220970131568, 0.14802251407938252], ""objective"": 27.71983389414129, ""success"": true, ""message"": ""`ftol` termination condition is satisfied."", ""evaluations"": 16, ""inference_unavailable_reasons"": []}, {""start"": [0.75, 0.4], ""theta"": [0.8352190068932478, 0.148037181611611], ""objective"": 27.719833890625303, ""success"": true, ""message"": ""`ftol` termination condition is satisfied."", ""evaluations"": 12, ""inference_unavailable_reasons"": []}, {""start"": [0.95, 0.7], ""theta"": [0.8352215475031787, 0.1480336507405342], ""objective"": 27.719833889745928, ""success"": true, ""message"": ""`ftol` termination condition is satisfied."", ""evaluations"": 16, ""inference_unavailable_reasons"": []}, {""start"": [0.8762, 0.2397], ""theta"": [0.8352211398328548, 0.14803583712151525], ""objective"": 27.71983388969209, ""success"": true, ""message"": ""`ftol` termination condition is satisfied."", ""evaluations"": 11, ""inference_unavailable_reasons"": []}]",771a823baaa86b4a7bb6192fa166020ba43e2ea2f1ca873071743d64ee6cb436
122,baseline_fixed,122,17829530330174171320,0.8762,0.2397,boundary,False,,7.182741982378463,0.98,0.04103499975058167,True,False,True,True,False,2,,4,True,"[{""start"": [0.5, 0.1], ""theta"": [0.98, 0.04103499975097515], ""objective"": 7.18274198237857, ""success"": true, ""message"": ""`gtol` termination condition is satisfied."", ""evaluations"": 13, ""inference_unavailable_reasons"": [""parameter_on_boundary""]}, {""start"": [0.75, 0.4], ""theta"": [0.98, 0.04103499975081276], ""objective"": 7.18274198237852, ""success"": true, ""message"": ""`gtol` termination condition is satisfied."", ""evaluations"": 11, ""inference_unavailable_reasons"": [""parameter_on_boundary""]}, {""start"": [0.95, 0.7], ""theta"": [0.98, 0.04103499975058167], ""objective"": 7.182741982378463, ""success"": true, ""message"": ""`ftol` termination condition is satisfied."", ""evaluations"": 15, ""inference_unavailable_reasons"": [""parameter_on_boundary""]}, {""start"": [0.8762, 0.2397], ""theta"": [0.98, 0.04103499975077671], ""objective"": 7.182741982379229, ""success"": true, ""message"": ""`gtol` termination condition is satisfied."", ""evaluations"": 10, ""inference_unavailable_reasons"": [""parameter_on_boundary""]}]",d55494fea9e71dc50e43da75777b2ff7a6d700d66e41012569a23fcbff666e15
123,baseline_fixed,123,599974457330335220,0.8762,0.2397,regular,False,,15.42140679468499,0.7713033312611091,0.3095557387257688,True,True,False,False,False,2,0.030961400792663244,4,True,"[{""start"": [0.5, 0.1], ""theta"": [0.7713033713505826, 0.30955550906256546], ""objective"": 15.421406794871496, ""success"": true, ""message"": ""`ftol` termination condition is satisfied."", ""evaluations"": 25, ""inference_unavailable_reasons"": []}, {""start"": [0.75, 0.4], ""theta"": [0.7713033312611091, 0.3095557387257688], ""objective"": 15.42140679468499, ""success"": true, ""message"": ""`ftol` termination condition is satisfied."", ""evaluations"": 22, ""inference_unavailable_reasons"": []}, {""start"": [0.95, 0.7], ""theta"": [0.7713048636059012, 0.3095493965686298], ""objective"": 15.421406803819792, ""success"": true, ""message"": ""`ftol` termination condition is satisfied."", ""evaluations"": 18, ""inference_unavailable_reasons"": [""nonstationary_solution""]}, {""start"": [0.8762, 0.2397], ""theta"": [0.7713037576133766, 0.30955338668984345], ""objective"": 15.42140679716118, ""success"": true, ""message"": ""`ftol` termination condition is satisfied."", ""evaluations"": 22, ""inference_unavailable_reasons"": []}]",67825978409aa6ebe4515cf08300a5104f5c2085f405451b4deb7d0e18a7125e
124,baseline_fixed,124,4551528836854235221,0.8762,0.2397,regular,False,,2.8573315408857782,0.9396177820722038,0.09999919975446353,True,True,False,False,False,2,0.8978790427707,4,True,"[{""start"": [0.5, 0.1], ""theta"": [0.939617812719154, 0.09999915329991707], ""objective"": 2.857331540887598, ""success"": true, ""message"": ""`ftol` termination condition is satisfied."", ""evaluations"": 10, ""inference_unavailable_reasons"": []}, {""start"": [0.75, 0.4], ""theta"": [0.9396177820722038, 0.09999919975446353], ""objective"": 2.8573315408857782, ""success"": true, ""message"": ""`ftol` termination condition is satisfied."", ""evaluations"": 8, ""inference_unavailable_reasons"": []}, {""start"": [0.95, 0.7], ""theta"": [0.9396177949348995, 0.09999918019632115], ""objective"": 2.8573315408888558, ""success"": true, ""message"": ""`ftol` termination condition is satisfied."", ""evaluations"": 14, ""inference_unavailable_reasons"": []}, {""start"": [0.8762, 0.2397], ""theta"": [0.9396178083606663, 0.09999915990804858], ""objective"": 2.8573315408878877, ""success"": true, ""message"": ""`ftol` termination condition is satisfied."", ""evaluations"": 7, ""inference_unavailable_reasons"": []}]",78e7cd3f455866e2b4047ac1c829ac3ef4c367cee21ec9e0bd389ee28ed37a8f
125,baseline_fixed,125,9787980437952729221,0.8762,0.2397,regular,False,,7.770921672241501,0.7987678076297081,0.40039796821372653,True,True,False,False,False,2,0.35322669670838824,4,True,"[{""start"": [0.5, 0.1], ""theta"": [0.7987645009260067, 0.40040551271371017], ""objective"": 7.770921672857973, ""success"": true, ""message"": ""`ftol` termination condition is satisfied."", ""evaluations"": 15, ""inference_unavailable_reasons"": []}, {""start"": [0.75, 0.4], ""theta"": [0.7987651743328773, 0.4004039759631485], ""objective"": 7.770921672374916, ""success"": true, ""message"": ""`ftol` termination condition is satisfied."", ""evaluations"": 13, ""inference_unavailable_reasons"": []}, {""start"": [0.95, 0.7], ""theta"": [0.7987652902374682, 0.4004037118165152], ""objective"": 7.770921672308572, ""success"": true, ""message"": ""`ftol` termination condition is satisfied."", ""evaluations"": 19, ""inference_unavailable_reasons"": []}, {""start"": [0.8762, 0.2397], ""theta"": [0.7987678076297081, 0.40039796821372653], ""objective"": 7.770921672241501, ""success"": true, ""message"": ""`ftol` termination condition is satisfied."", ""evaluations"": 15, ""inference_unavailable_reasons"": []}]",1da0949c5a54d94b67dd7ff9f5d40fd44495dcd8d249923b2246bc9a61df7e46
126,baseline_fixed,126,13967102712612670145,0.8762,0.2397,regular,False,,12.28257795029207,0.8794383299888748,0.19835190312403192,True,True,False,False,False,2,0.09164077311780193,4,True,"[{""start"": [0.5, 0.1], ""theta"": [0.8794398742219137, 0.1983478532524977], ""objective"": 12.282577951912444, ""success"": true, ""message"": ""`ftol` termination condition is satisfied."", ""evaluations"": 12, ""inference_unavailable_reasons"": []}, {""start"": [0.75, 0.4], ""theta"": [0.8794383299888748, 0.19835190312403192], ""objective"": 12.28257795029207, ""success"": true, ""message"": ""`ftol` termination condition is satisfied."", ""evaluations"": 10, ""inference_unavailable_reasons"": []}, {""start"": [0.95, 0.7], ""theta"": [0.8794378561265607, 0.19835345453600994], ""objective"": 12.282577951076746, ""success"": true, ""message"": ""`ftol` termination condition is satisfied."", ""evaluations"": 16, ""inference_unavailable_reasons"": []}, {""start"": [0.8762, 0.2397], ""theta"": [0.8794399672155845, 0.19834778990595195], ""objective"": 12.282577952002539, ""success"": true, ""message"": ""`ftol` termination condition is satisfied."", ""evaluations"": 9, ""inference_unavailable_reasons"": []}]",6af160ab38d10e2968872856cdb094734f8301267fd80e73e3c3aba1bc9a9349
127,baseline_fixed,127,13841657914118406239,0.8762,0.2397,regular,False,,9.941062263589387,0.8836683797951224,0.16699619496337004,True,True,False,False,False,2,0.19193809502813974,4,True,"[{""start"": [0.5, 0.1], ""theta"": [0.8836684667377651, 0.16699600145947904], ""objective"": 9.94106226364738, ""success"": true, ""message"": ""`ftol` termination condition is satisfied."", ""evaluations"": 12, ""inference_unavailable_reasons"": []}, {""start"": [0.75, 0.4], ""theta"": [0.8836683797951224, 0.16699619496337004], ""objective"": 9.941062263589387, ""success"": true, ""message"": ""`ftol` termination condition is satisfied."", ""evaluations"": 10, ""inference_unavailable_reasons"": []}, {""start"": [0.95, 0.7], ""theta"": [0.8836684963226876, 0.16699593601614493], ""objective"": 9.94106226366933, ""success"": true, ""message"": ""`ftol` termination condition is satisfied."", ""evaluations"": 13, ""inference_unavailable_reasons"": []}, {""start"": [0.8762, 0.2397], ""theta"": [0.883667647421406, 0.16699782751855202], ""objective"": 9.941062263676312, ""success"": true, ""message"": ""`ftol` termination condition is satisfied."", ""evaluations"": 7, ""inference_unavailable_reasons"": []}]",51c1cd82bf56348c385b55cdabfb3e1640d79d7cc20dd4a6bc72f16abc40febc
128,baseline_fixed,128,1986122715234902635,0.8762,0.2397,regular,False,,10.276168863124674,0.8402094151166126,0.17196461991297246,True,True,False,False,False,2,0.17345592308615432,4,True,"[{""start"": [0.5, 0.1], ""theta"": [0.8402092396907699, 0.17196502327196433], ""objective"": 10.276168863150763, ""success"": true, ""message"": ""`ftol` termination condition is satisfied."", ""evaluations"": 9, ""inference_unavailable_reasons"": []}, {""start"": [0.75, 0.4], ""theta"": [0.8402094144054313, 0.17196459552475724], ""objective"": 10.276168863132117, ""success"": true, ""message"": ""`ftol` termination condition is satisfied."", ""evaluations"": 8, ""inference_unavailable_reasons"": []}, {""start"": [0.95, 0.7], ""theta"": [0.8402095166656297, 0.1719644606766183], ""objective"": 10.276168863132586, ""success"": true, ""message"": ""`ftol` termination condition is satisfied."", ""evaluations"": 13, ""inference_unavailable_reasons"": []}, {""start"": [0.8762, 0.2397], ""theta"": [0.8402094151166126, 0.17196461991297246], ""objective"": 10.276168863124674, ""success"": true, ""message"": ""`ftol` termination condition is satisfied."", ""evaluations"": 8, ""inference_unavailable_reasons"": []}]",89abcf361bb7901757dcf25d8c008ba8644389ae45d2e55c8a804a3bf14b59fd
129,baseline_fixed,129,4546564508835637863,0.8762,0.2397,regular,False,,8.972152120232394,0.9753905245268217,0.05103373743325454,True,True,False,False,False,2,0.2546616025286563,4,True,"[{""start"": [0.5, 0.1], ""theta"": [0.9753902669797503, 0.05103427741009747], ""objective"": 8.972152120403507, ""success"": true, ""message"": ""`ftol` termination condition is satisfied."", ""evaluations"": 15, ""inference_unavailable_reasons"": []}, {""start"": [0.75, 0.4], ""theta"": [0.9753903334757043, 0.05103413799238238], ""objective"": 8.972152120343758, ""success"": true, ""message"": ""`ftol` termination condition is satisfied."", ""evaluations"": 13, ""inference_unavailable_reasons"": []}, {""start"": [0.95, 0.7], ""theta"": [0.975390450681319, 0.05103389225810562], ""objective"": 8.972152120264848, ""success"": true, ""message"": ""`ftol` termination condition is satisfied."", ""evaluations"": 19, ""inference_unavailable_reasons"": []}, {""start"": [0.8762, 0.2397], ""theta"": [0.9753905245268217, 0.05103373743325454], ""objective"": 8.972152120232394, ""success"": true, ""message"": ""`ftol` termination condition is satisfied."", ""evaluations"": 12, ""inference_unavailable_reasons"": []}]",da908ae8bb2b42f4e642a7938bed7383f2fe1c92afd62d7fc8adeb58f2cdf30f
130,baseline_fixed,130,2498312197235857462,0.8762,0.2397,regular,False,,1.6042254743382127,0.9020725432677037,0.21642261848887046,True,True,False,False,False,2,0.9784805099089845,4,True,"[{""start"": [0.5, 0.1], ""theta"": [0.9020725432677037, 0.21642261848887046], ""objective"": 1.6042254743382127, ""success"": true, ""message"": ""`ftol` termination condition is satisfied."", ""evaluations"": 10, ""inference_unavailable_reasons"": []}, {""start"": [0.75, 0.4], ""theta"": [0.9020725270027176, 0.21642266672554827], ""objective"": 1.6042254743386968, ""success"": true, ""message"": ""`ftol` termination condition is satisfied."", ""evaluations"": 8, ""inference_unavailable_reasons"": []}, {""start"": [0.95, 0.7], ""theta"": [0.902072542542357, 0.21642262072660995], ""objective"": 1.6042254743389972, ""success"": true, ""message"": ""`ftol` termination condition is satisfied."", ""evaluations"": 13, ""inference_unavailable_reasons"": []}, {""start"": [0.8762, 0.2397], ""theta"": [0.9020725437544311, 0.21642261693683248], ""objective"": 1.6042254743385678, ""success"": true, ""message"": ""`ftol` termination condition is satisfied."", ""evaluations"": 7, ""inference_unavailable_reasons"": []}]",8aa0395f9ab47d95197ce7b11c423013eca848e9cb9a0bfd8a00595076b4095c
131,baseline_fixed,131,5340876538576704245,0.8762,0.2397,regular,False,,6.171097516169922,0.8500336375799664,0.418354779418582,True,True,False,False,False,2,0.5199194649132897,4,True,"[{""start"": [0.5, 0.1], ""theta"": [0.8500334125101061, 0.4183555096049445], ""objective"": 6.171097516263296, ""success"": true, ""message"": ""`ftol` termination condition is satisfied."", ""evaluations"": 9, ""inference_unavailable_reasons"": []}, {""start"": [0.75, 0.4], ""theta"": [0.8500339869479145, 0.41835353596134733], ""objective"": 6.171097516217671, ""success"": true, ""message"": ""`ftol` termination condition is satisfied."", ""evaluations"": 8, ""inference_unavailable_reasons"": []}, {""start"": [0.95, 0.7], ""theta"": [0.8500336375799664, 0.418354779418582], ""objective"": 6.171097516169922, ""success"": true, ""message"": ""`ftol` termination condition is satisfied."", ""evaluations"": 13, ""inference_unavailable_reasons"": []}, {""start"": [0.8762, 0.2397], ""theta"": [0.8500341745106313, 0.4183528815983102], ""objective"": 6.17109751635084, ""success"": true, ""message"": ""`ftol` termination condition is satisfied."", ""evaluations"": 8, ""inference_unavailable_reasons"": []}]",5b97278ad7ffb28b7a166e42a2253dc3633d3a8a445f0f62b8dd7967f11e36d2
132,baseline_fixed,132,14473384027739217095,0.8762,0.2397,regular,False,,4.784370448526092,0.8585594896702825,0.3264688551782348,True,True,False,False,False,2,0.6862581586752239,4,True,"[{""start"": [0.5, 0.1], ""theta"": [0.8585594302667023, 0.32646900454954897], ""objective"": 4.784370448530398, ""success"": true, ""message"": ""`ftol` termination condition is satisfied."", ""evaluations"": 9, ""inference_unavailable_reasons"": []}, {""start"": [0.75, 0.4], ""theta"": [0.8585594067889986, 0.3264690584052311], ""objective"": 4.784370448533824, ""success"": true, ""message"": ""`ftol` termination condition is satisfied."", ""evaluations"": 6, ""inference_unavailable_reasons"": []}, {""start"": [0.95, 0.7], ""theta"": [0.8585595057065718, 0.3264687684856197], ""objective"": 4.784370448526538, ""success"": true, ""message"": ""`ftol` termination condition is satisfied."", ""evaluations"": 11, ""inference_unavailable_reasons"": []}, {""start"": [0.8762, 0.2397], ""theta"": [0.8585594896702825, 0.3264688551782348], ""objective"": 4.784370448526092, ""success"": true, ""message"": ""`ftol` termination condition is satisfied."", ""evaluations"": 7, ""inference_unavailable_reasons"": []}]",8abee8f0377b7e822adabce6e615231bcd189b7689e05c623c8f3e2f6885a641
133,baseline_fixed,133,6528226483503583622,0.8762,0.2397,regular,False,,4.0401993980459245,0.9175753385930634,0.14673367746211124,True,True,False,False,False,2,0.7751357544224875,4,True,"[{""start"": [0.5, 0.1], ""theta"": [0.9175753385930634, 0.14673367746211124], ""objective"": 4.0401993980459245, ""success"": true, ""message"": ""`ftol` termination condition is satisfied."", ""evaluations"": 24, ""inference_unavailable_reasons"": []}, {""start"": [0.75, 0.4], ""theta"": [0.9175753071557989, 0.14673373975061393], ""objective"": 4.040199398069918, ""success"": true, ""message"": ""`ftol` termination condition is satisfied."", ""evaluations"": 22, ""inference_unavailable_reasons"": []}, {""start"": [0.95, 0.7], ""theta"": [0.9175741846737181, 0.14673596346215934], ""objective"": 4.040199399104264, ""success"": true, ""message"": ""`ftol` termination condition is satisfied."", ""evaluations"": 27, ""inference_unavailable_reasons"": []}, {""start"": [0.8762, 0.2397], ""theta"": [0.9175749450022443, 0.14673445721445794], ""objective"": 4.0401993983587685, ""success"": true, ""message"": ""`ftol` termination condition is satisfied."", ""evaluations"": 19, ""inference_unavailable_reasons"": []}]",bb79c2aaa9daaec73d89885432f48f9c49ef1e86149fd586adc72ddf0c2149b8
134,baseline_fixed,134,13711938152185392102,0.8762,0.2397,regular,False,,5.653436846802336,0.8849218096685192,0.2499688525782006,True,True,False,False,False,2,0.5807467484011041,4,True,"[{""start"": [0.5, 0.1], ""theta"": [0.8849218096685192, 0.2499688525782006], ""objective"": 5.653436846802336, ""success"": true, ""message"": ""`ftol` termination condition is satisfied."", ""evaluations"": 9, ""inference_unavailable_reasons"": []}, {""start"": [0.75, 0.4], ""theta"": [0.8849217017310032, 0.24996910611226347], ""objective"": 5.653436846805502, ""success"": true, ""message"": ""`ftol` termination condition is satisfied."", ""evaluations"": 8, ""inference_unavailable_reasons"": []}, {""start"": [0.95, 0.7], ""theta"": [0.8849216731522979, 0.2499691732153067], ""objective"": 5.653436846808093, ""success"": true, ""message"": ""`ftol` termination condition is satisfied."", ""evaluations"": 13, ""inference_unavailable_reasons"": []}, {""start"": [0.8762, 0.2397], ""theta"": [0.8849217108102928, 0.2499690847173132], ""objective"": 5.653436846806075, ""success"": true, ""message"": ""`ftol` termination condition is satisfied."", ""evaluations"": 6, ""inference_unavailable_reasons"": []}]",935fe38f4d3187c53e0b1b807c8b1463446ce48bdad38d91ed6b0648c11c650d
135,baseline_fixed,135,5240728098721023938,0.8762,0.2397,regular,False,,2.3581502274901833,0.9532654862638182,0.04711883184673826,True,True,False,False,False,2,0.937394535728144,4,True,"[{""start"": [0.5, 0.1], ""theta"": [0.9532655007082086, 0.04711881623617915], ""objective"": 2.3581502274966017, ""success"": true, ""message"": ""`ftol` termination condition is satisfied."", ""evaluations"": 10, ""inference_unavailable_reasons"": []}, {""start"": [0.75, 0.4], ""theta"": [0.9532655019707175, 0.047118814666026854], ""objective"": 2.3581502274968558, ""success"": true, ""message"": ""`ftol` termination condition is satisfied."", ""evaluations"": 9, ""inference_unavailable_reasons"": []}, {""start"": [0.95, 0.7], ""theta"": [0.9532654862638182, 0.04711883184673826], ""objective"": 2.3581502274901833, ""success"": true, ""message"": ""`ftol` termination condition is satisfied."", ""evaluations"": 14, ""inference_unavailable_reasons"": []}, {""start"": [0.8762, 0.2397], ""theta"": [0.9532654927404411, 0.04711882471249226], ""objective"": 2.358150227493756, ""success"": true, ""message"": ""`ftol` termination condition is satisfied."", ""evaluations"": 8, ""inference_unavailable_reasons"": []}]",3ac7c039ea50dca4d0c5cd7fc7d96e3bc9c12c1d8733b076d2bff92e0db7c08c
136,baseline_fixed,136,11984098362860334661,0.8762,0.2397,boundary,False,,17.540273216700008,0.9799999999999999,0.02304489684968425,True,False,True,True,False,2,,4,True,"[{""start"": [0.5, 0.1], ""theta"": [0.9799999999999995, 0.02304489689586492], ""objective"": 17.54027321671562, ""success"": true, ""message"": ""`ftol` termination condition is satisfied."", ""evaluations"": 14, ""inference_unavailable_reasons"": [""parameter_on_boundary""]}, {""start"": [0.75, 0.4], ""theta"": [0.9799999999999999, 0.02304489684968425], ""objective"": 17.540273216700008, ""success"": true, ""message"": ""`gtol` termination condition is satisfied."", ""evaluations"": 12, ""inference_unavailable_reasons"": [""parameter_on_boundary""]}, {""start"": [0.95, 0.7], ""theta"": [0.98, 0.02304489684895905], ""objective"": 17.540273216713025, ""success"": true, ""message"": ""`gtol` termination condition is satisfied."", ""evaluations"": 18, ""inference_unavailable_reasons"": [""parameter_on_boundary""]}, {""start"": [0.8762, 0.2397], ""theta"": [0.98, 0.023044896843600504], ""objective"": 17.540273216712368, ""success"": true, ""message"": ""`ftol` termination condition is satisfied."", ""evaluations"": 11, ""inference_unavailable_reasons"": [""parameter_on_boundary""]}]",8f4780a3fafffa8a7d9965c62ea317773d9b0c1e97190527d40cdccdda4b51f7
137,baseline_fixed,137,13476296221206514243,0.8762,0.2397,boundary,False,,26.589277796143335,0.8775944788877378,0.010000000000000259,True,False,True,False,True,2,,4,True,"[{""start"": [0.5, 0.1], ""theta"": [0.8775941140930803, 0.010000000000000064], ""objective"": 26.589277796154796, ""success"": true, ""message"": ""`ftol` termination condition is satisfied."", ""evaluations"": 11, ""inference_unavailable_reasons"": [""parameter_on_boundary""]}, {""start"": [0.75, 0.4], ""theta"": [0.8775947324401998, 0.010000000000056575], ""objective"": 26.589277796244488, ""success"": true, ""message"": ""`ftol` termination condition is satisfied."", ""evaluations"": 9, ""inference_unavailable_reasons"": [""parameter_on_boundary""]}, {""start"": [0.95, 0.7], ""theta"": [0.8775944904468094, 0.010000000000000342], ""objective"": 26.589277796157745, ""success"": true, ""message"": ""`ftol` termination condition is satisfied."", ""evaluations"": 15, ""inference_unavailable_reasons"": [""parameter_on_boundary""]}, {""start"": [0.8762, 0.2397], ""theta"": [0.8775944788877378, 0.010000000000000259], ""objective"": 26.589277796143335, ""success"": true, ""message"": ""`ftol` termination condition is satisfied."", ""evaluations"": 10, ""inference_unavailable_reasons"": [""parameter_on_boundary""]}]",1f166be3a1cd882270109a1ab25eb4fd83ac96afafa654c9557ce62210991e1e
138,baseline_fixed,138,13485041363365000533,0.8762,0.2397,boundary,False,,21.261863129451978,0.9799999999999999,0.023129906744600123,True,False,True,True,False,2,,4,True,"[{""start"": [0.5, 0.1], ""theta"": [0.9799999999999999, 0.023129906744600123], ""objective"": 21.261863129451978, ""success"": true, ""message"": ""`ftol` termination condition is satisfied."", ""evaluations"": 13, ""inference_unavailable_reasons"": [""parameter_on_boundary""]}, {""start"": [0.75, 0.4], ""theta"": [0.9799999999999982, 0.023129912524598284], ""objective"": 21.26186312946358, ""success"": true, ""message"": ""`xtol` termination condition is satisfied."", ""evaluations"": 13, ""inference_unavailable_reasons"": [""parameter_on_boundary""]}, {""start"": [0.95, 0.7], ""theta"": [0.98, 0.023129906743940998], ""objective"": 21.26186312946511, ""success"": true, ""message"": ""`gtol` termination condition is satisfied."", ""evaluations"": 17, ""inference_unavailable_reasons"": [""parameter_on_boundary""]}, {""start"": [0.8762, 0.2397], ""theta"": [0.98, 0.02312990675148549], ""objective"": 21.26186312946553, ""success"": true, ""message"": ""`ftol` termination condition is satisfied."", ""evaluations"": 10, ""inference_unavailable_reasons"": [""parameter_on_boundary""]}]",2aebf8f840a603357609f03b579adfa51ab0d8141a0d09dabfa496a278cab45c
139,baseline_fixed,139,1880035446521611207,0.8762,0.2397,regular,False,,8.439527326158473,0.9069080031595718,0.2563442622285809,True,True,False,False,False,2,0.2954353621058853,4,True,"[{""start"": [0.5, 0.1], ""theta"": [0.9069080031595718, 0.2563442622285809], ""objective"": 8.439527326158473, ""success"": true, ""message"": ""`ftol` termination condition is satisfied."", ""evaluations"": 13, ""inference_unavailable_reasons"": []}, {""start"": [0.75, 0.4], ""theta"": [0.9069078226336789, 0.2563447497223388], ""objective"": 8.439527326212156, ""success"": true, ""message"": ""`ftol` termination condition is satisfied."", ""evaluations"": 11, ""inference_unavailable_reasons"": []}, {""start"": [0.95, 0.7], ""theta"": [0.9069075228044814, 0.2563455596239687], ""objective"": 8.439527326382354, ""success"": true, ""message"": ""`ftol` termination condition is satisfied."", ""evaluations"": 15, ""inference_unavailable_reasons"": []}, {""start"": [0.8762, 0.2397], ""theta"": [0.9069079851051391, 0.2563443109754698], ""objective"": 8.439527326160238, ""success"": true, ""message"": ""`ftol` termination condition is satisfied."", ""evaluations"": 10, ""inference_unavailable_reasons"": []}]",cf751985753b2c46475c4f9e017269f787b2c45137e657045bb80d6b70dc0477
140,baseline_fixed,140,15813731104374956872,0.8762,0.2397,regular,False,,3.5037756435251683,0.8543427965102599,0.21421898994529764,True,True,False,False,False,2,0.8348254088703404,4,True,"[{""start"": [0.5, 0.1], ""theta"": [0.8543426232254798, 0.2142194014270533], ""objective"": 3.503775643542609, ""success"": true, ""message"": ""`ftol` termination condition is satisfied."", ""evaluations"": 9, ""inference_unavailable_reasons"": []}, {""start"": [0.75, 0.4], ""theta"": [0.8543427965102599, 0.21421898994529764], ""objective"": 3.5037756435251683, ""success"": true, ""message"": ""`ftol` termination condition is satisfied."", ""evaluations"": 8, ""inference_unavailable_reasons"": []}, {""start"": [0.95, 0.7], ""theta"": [0.8543425942487947, 0.2142194726010624], ""objective"": 3.503775643551232, ""success"": true, ""message"": ""`ftol` termination condition is satisfied."", ""evaluations"": 13, ""inference_unavailable_reasons"": []}, {""start"": [0.8762, 0.2397], ""theta"": [0.8543426929056585, 0.21421923917613586], ""objective"": 3.503775643525689, ""success"": true, ""message"": ""`ftol` termination condition is satisfied."", ""evaluations"": 7, ""inference_unavailable_reasons"": []}]",d1e2d1e757c95ecb5bec87b03e78ce7a75ddff88a80b66d0dcec68de8e42d939
141,baseline_fixed,141,6040709866379389474,0.8762,0.2397,regular,False,,19.238116339705954,0.9514726059687406,0.10113600295736602,True,True,False,False,False,2,0.007473245353721537,4,True,"[{""start"": [0.5, 0.1], ""theta"": [0.9514725431565398, 0.10113613036378552], ""objective"": 19.238116339745954, ""success"": true, ""message"": ""`ftol` termination condition is satisfied."", ""evaluations"": 14, ""inference_unavailable_reasons"": []}, {""start"": [0.75, 0.4], ""theta"": [0.9514726059687406, 0.10113600295736602], ""objective"": 19.238116339705954, ""success"": true, ""message"": ""`ftol` termination condition is satisfied."", ""evaluations"": 13, ""inference_unavailable_reasons"": []}, {""start"": [0.95, 0.7], ""theta"": [0.9514722708280507, 0.10113668337424997], ""objective"": 19.238116339952704, ""success"": true, ""message"": ""`ftol` termination condition is satisfied."", ""evaluations"": 18, ""inference_unavailable_reasons"": []}, {""start"": [0.8762, 0.2397], ""theta"": [0.951472137362372, 0.10113695440400672], ""objective"": 19.238116340102863, ""success"": true, ""message"": ""`ftol` termination condition is satisfied."", ""evaluations"": 11, ""inference_unavailable_reasons"": []}]",275995eaad5a187326187eab185180998712bdae5a504ca9ad687ca4c4a0d686
142,baseline_fixed,142,8364340239692445104,0.8762,0.2397,regular,False,,7.5854738323354125,0.8669025338620309,0.14787924527302423,True,True,False,False,False,2,0.370560022367662,4,True,"[{""start"": [0.5, 0.1], ""theta"": [0.8669025338620309, 0.14787924527302423], ""objective"": 7.5854738323354125, ""success"": true, ""message"": ""`ftol` termination condition is satisfied."", ""evaluations"": 11, ""inference_unavailable_reasons"": []}, {""start"": [0.75, 0.4], ""theta"": [0.8669033223278628, 0.14787752925741032], ""objective"": 7.585473832593333, ""success"": true, ""message"": ""`ftol` termination condition is satisfied."", ""evaluations"": 8, ""inference_unavailable_reasons"": []}, {""start"": [0.95, 0.7], ""theta"": [0.8669024248387466, 0.14787948259154715], ""objective"": 7.585473832372648, ""success"": true, ""message"": ""`ftol` termination condition is satisfied."", ""evaluations"": 16, ""inference_unavailable_reasons"": []}, {""start"": [0.8762, 0.2397], ""theta"": [0.8669029138871743, 0.14787841811463703], ""objective"": 7.585473832356907, ""success"": true, ""message"": ""`ftol` termination condition is satisfied."", ""evaluations"": 9, ""inference_unavailable_reasons"": []}]",d65dd035a26bd6b62ce3c1484a47d58f90f3329b9d624b5dd9105a022da451de
143,baseline_fixed,143,17916348467570919207,0.8762,0.2397,boundary,False,,18.04739278803762,0.8843716341413724,0.010000000000000231,True,False,True,False,True,2,,4,True,"[{""start"": [0.5, 0.1], ""theta"": [0.8843713867397583, 0.010000000000000009], ""objective"": 18.047392788173404, ""success"": true, ""message"": ""`ftol` termination condition is satisfied."", ""evaluations"": 10, ""inference_unavailable_reasons"": [""parameter_on_boundary""]}, {""start"": [0.75, 0.4], ""theta"": [0.8843714784304346, 0.010000000000000064], ""objective"": 18.047392788102723, ""success"": true, ""message"": ""`ftol` termination condition is satisfied."", ""evaluations"": 10, ""inference_unavailable_reasons"": [""parameter_on_boundary""]}, {""start"": [0.95, 0.7], ""theta"": [0.8843716341413724, 0.010000000000000231], ""objective"": 18.04739278803762, ""success"": true, ""message"": ""`ftol` termination condition is satisfied."", ""evaluations"": 16, ""inference_unavailable_reasons"": [""parameter_on_boundary""]}, {""start"": [0.8762, 0.2397], ""theta"": [0.8843714469452476, 0.010000000000000037], ""objective"": 18.047392788127127, ""success"": true, ""message"": ""`ftol` termination condition is satisfied."", ""evaluations"": 10, ""inference_unavailable_reasons"": [""parameter_on_boundary""]}]",2f1f72eef36584e0af52673ce1c370c93957c2541b5ff09cba9c432725f141b2
144,baseline_fixed,144,15339128106470503204,0.8762,0.2397,regular,False,,12.110648184925637,0.898073412029108,0.13344951627009152,True,True,False,False,False,2,0.09697835661794663,4,True,"[{""start"": [0.5, 0.1], ""theta"": [0.898073412029108, 0.13344951627009152], ""objective"": 12.110648184925637, ""success"": true, ""message"": ""`ftol` termination condition is satisfied."", ""evaluations"": 12, ""inference_unavailable_reasons"": []}, {""start"": [0.75, 0.4], ""theta"": [0.8980725063110161, 0.13345193017078094], ""objective"": 12.110648185633119, ""success"": true, ""message"": ""`ftol` termination condition is satisfied."", ""evaluations"": 10, ""inference_unavailable_reasons"": []}, {""start"": [0.95, 0.7], ""theta"": [0.8980734867891549, 0.13344931707870822], ""objective"": 12.110648185008372, ""success"": true, ""message"": ""`ftol` termination condition is satisfied."", ""evaluations"": 16, ""inference_unavailable_reasons"": []}, {""start"": [0.8762, 0.2397], ""theta"": [0.8980727417908545, 0.13345130262386823], ""objective"": 12.110648185156656, ""success"": true, ""message"": ""`ftol` termination condition is satisfied."", ""evaluations"": 9, ""inference_unavailable_reasons"": []}]",eff22d70b473b756d4609cd180c911308457ae4f71ebaab6ba3504a5056a3361
145,baseline_fixed,145,17873842942386425351,0.8762,0.2397,regular,False,,7.439822054160166,0.8988804380974137,0.1847263811553553,True,True,False,False,False,2,0.3845642818179571,4,True,"[{""start"": [0.5, 0.1], ""theta"": [0.8988799362761806, 0.184727666098737], ""objective"": 7.439822054637951, ""success"": true, ""message"": ""`ftol` termination condition is satisfied."", ""evaluations"": 28, ""inference_unavailable_reasons"": []}, {""start"": [0.75, 0.4], ""theta"": [0.8988799958875994, 0.1847275132902295], ""objective"": 7.439822054582269, ""success"": true, ""message"": ""`ftol` termination condition is satisfied."", ""evaluations"": 26, ""inference_unavailable_reasons"": []}, {""start"": [0.95, 0.7], ""theta"": [0.8988794941948054, 0.18472879778475026], ""objective"": 7.439822055106486, ""success"": true, ""message"": ""`ftol` termination condition is satisfied."", ""evaluations"": 31, ""inference_unavailable_reasons"": []}, {""start"": [0.8762, 0.2397], ""theta"": [0.8988804380974137, 0.1847263811553553], ""objective"": 7.439822054160166, ""success"": true, ""message"": ""`ftol` termination condition is satisfied."", ""evaluations"": 19, ""inference_unavailable_reasons"": []}]",48fbbd354d897e1890b359f59d906f4d9141b075173b2bf4cf1716bd13e5b05a
146,baseline_fixed,146,13372319075473015314,0.8762,0.2397,boundary,False,,9.5771369756153,0.9130861521709192,0.010000000000000009,True,False,True,False,True,2,,4,True,"[{""start"": [0.5, 0.1], ""theta"": [0.9130861521709192, 0.010000000000000009], ""objective"": 9.5771369756153, ""success"": true, ""message"": ""`ftol` termination condition is satisfied."", ""evaluations"": 10, ""inference_unavailable_reasons"": [""parameter_on_boundary""]}, {""start"": [0.75, 0.4], ""theta"": [0.9130861558831525, 0.010000000000000064], ""objective"": 9.577136975625407, ""success"": true, ""message"": ""`ftol` termination condition is satisfied."", ""evaluations"": 10, ""inference_unavailable_reasons"": [""parameter_on_boundary""]}, {""start"": [0.95, 0.7], ""theta"": [0.9130861192607529, 0.01000000000000012], ""objective"": 9.57713697563782, ""success"": true, ""message"": ""`ftol` termination condition is satisfied."", ""evaluations"": 15, ""inference_unavailable_reasons"": [""parameter_on_boundary""]}, {""start"": [0.8762, 0.2397], ""theta"": [0.9130861416027294, 0.010000000000000037], ""objective"": 9.577136975631284, ""success"": true, ""message"": ""`ftol` termination condition is satisfied."", ""evaluations"": 10, ""inference_unavailable_reasons"": [""parameter_on_boundary""]}]",e3135b114ae214d48cafb59e577805ae70fbed67fdc113e6797aa44ce73f987c
147,baseline_fixed,147,16032602969478217931,0.8762,0.2397,regular,False,,17.12372647026912,0.8927590955767366,0.22129952377621565,True,True,False,False,False,2,0.016615556095814426,4,True,"[{""start"": [0.5, 0.1], ""theta"": [0.8927590955767366, 0.22129952377621565], ""objective"": 17.12372647026912, ""success"": true, ""message"": ""`ftol` termination condition is satisfied."", ""evaluations"": 12, ""inference_unavailable_reasons"": []}, {""start"": [0.75, 0.4], ""theta"": [0.8927588766601687, 0.22130004829061134], ""objective"": 17.123726470525966, ""success"": true, ""message"": ""`ftol` termination condition is satisfied."", ""evaluations"": 12, ""inference_unavailable_reasons"": []}, {""start"": [0.95, 0.7], ""theta"": [0.8927590674767373, 0.22129959125475007], ""objective"": 17.12372647032104, ""success"": true, ""message"": ""`ftol` termination condition is satisfied."", ""evaluations"": 17, ""inference_unavailable_reasons"": []}, {""start"": [0.8762, 0.2397], ""theta"": [0.8927590096953885, 0.22129972956553406], ""objective"": 17.123726470365753, ""success"": true, ""message"": ""`ftol` termination condition is satisfied."", ""evaluations"": 10, ""inference_unavailable_reasons"": []}]",d8e49cc46f263f7fe0b8b8e3133ba5871295b2177c8dfb5f4a4be840f4d4c649
148,baseline_fixed,148,7469338877285074764,0.8762,0.2397,regular,False,,14.845906185276863,0.9584997411545675,0.04568993759729059,True,True,False,False,False,2,0.038026179711927954,4,True,"[{""start"": [0.5, 0.1], ""theta"": [0.9584995202026061, 0.04569018985891207], ""objective"": 14.845906187386394, ""success"": true, ""message"": ""`ftol` termination condition is satisfied."", ""evaluations"": 24, ""inference_unavailable_reasons"": [""nonstationary_solution""]}, {""start"": [0.75, 0.4], ""theta"": [0.9585033765232349, 0.04568578723541156], ""objective"": 14.845906189392279, ""success"": true, ""message"": ""`ftol` termination condition is satisfied."", ""evaluations"": 22, ""inference_unavailable_reasons"": [""nonstationary_solution""]}, {""start"": [0.95, 0.7], ""theta"": [0.9585034515226751, 0.045685701652562694], ""objective"": 14.845906190254519, ""success"": true, ""message"": ""`ftol` termination condition is satisfied."", ""evaluations"": 27, ""inference_unavailable_reasons"": [""nonstationary_solution""]}, {""start"": [0.8762, 0.2397], ""theta"": [0.9584997411545675, 0.04568993759729059], ""objective"": 14.845906185276863, ""success"": true, ""message"": ""`ftol` termination condition is satisfied."", ""evaluations"": 22, ""inference_unavailable_reasons"": []}]",39606e8e1b09894473ed76dd06ef5f11b03f9ea66459e167c96d47b531482ed5
149,baseline_fixed,149,17703511964378111563,0.8762,0.2397,regular,False,,24.20830530140695,0.7561721535862068,0.5406270148501127,True,True,False,False,False,2,0.001047153820427322,4,True,"[{""start"": [0.5, 0.1], ""theta"": [0.7561722958424553, 0.5406259643034325], ""objective"": 24.20830530180876, ""success"": true, ""message"": ""`ftol` termination condition is satisfied."", ""evaluations"": 11, ""inference_unavailable_reasons"": []}, {""start"": [0.75, 0.4], ""theta"": [0.7561706936983688, 0.5406307257755067], ""objective"": 24.208305302639822, ""success"": true, ""message"": ""`ftol` termination condition is satisfied."", ""evaluations"": 9, ""inference_unavailable_reasons"": []}, {""start"": [0.95, 0.7], ""theta"": [0.7561721535862068, 0.5406270148501127], ""objective"": 24.20830530140695, ""success"": true, ""message"": ""`ftol` termination condition is satisfied."", ""evaluations"": 14, ""inference_unavailable_reasons"": []}, {""start"": [0.8762, 0.2397], ""theta"": [0.7561731256300204, 0.5406238051915522], ""objective"": 24.208305303808324, ""success"": true, ""message"": ""`ftol` termination condition is satisfied."", ""evaluations"": 10, ""inference_unavailable_reasons"": []}]",cd90eb17211c52622e920a7b283f30a9c49a24d7d9eeef1668a9cc53463e4909
150,baseline_fixed,150,8723834538530057274,0.8762,0.2397,boundary,False,,47.01270199937133,0.9799999999999999,0.022927733336324793,True,False,True,True,False,2,,4,True,"[{""start"": [0.5, 0.1], ""theta"": [0.9799999999999999, 0.022927733336324793], ""objective"": 47.01270199937133, ""success"": true, ""message"": ""Both `ftol` and `xtol` termination conditions are satisfied."", ""evaluations"": 14, ""inference_unavailable_reasons"": [""parameter_on_boundary""]}, {""start"": [0.75, 0.4], ""theta"": [0.9799999999999904, 0.022927737887860566], ""objective"": 47.012701999381, ""success"": true, ""message"": ""`xtol` termination condition is satisfied."", ""evaluations"": 14, ""inference_unavailable_reasons"": [""parameter_on_boundary""]}, {""start"": [0.95, 0.7], ""theta"": [0.98, 0.022927733336054135], ""objective"": 47.012701999381186, ""success"": true, ""message"": ""`gtol` termination condition is satisfied."", ""evaluations"": 18, ""inference_unavailable_reasons"": [""parameter_on_boundary""]}, {""start"": [0.8762, 0.2397], ""theta"": [0.98, 0.022927733338937356], ""objective"": 47.012701999381704, ""success"": true, ""message"": ""`ftol` termination condition is satisfied."", ""evaluations"": 11, ""inference_unavailable_reasons"": [""parameter_on_boundary""]}]",afdd494e8c3d8ffc3edee348bcba3a2ad67df888f99251113a4f4717f25e22a7
151,baseline_fixed,151,14851305967163247080,0.8762,0.2397,regular,False,,11.987575700021187,0.8168782923893203,0.174117457947508,True,True,False,False,False,2,0.10096818938042819,4,True,"[{""start"": [0.5, 0.1], ""theta"": [0.8168778519438129, 0.17411763616629206], ""objective"": 11.987575700038214, ""success"": true, ""message"": ""`ftol` termination condition is satisfied."", ""evaluations"": 9, ""inference_unavailable_reasons"": []}, {""start"": [0.75, 0.4], ""theta"": [0.8168779509451514, 0.17411737972613273], ""objective"": 11.987575700031343, ""success"": true, ""message"": ""`ftol` termination condition is satisfied."", ""evaluations"": 7, ""inference_unavailable_reasons"": []}, {""start"": [0.95, 0.7], ""theta"": [0.8168779267548576, 0.17411733861981993], ""objective"": 11.987575700043003, ""success"": true, ""message"": ""`ftol` termination condition is satisfied."", ""evaluations"": 13, ""inference_unavailable_reasons"": []}, {""start"": [0.8762, 0.2397], ""theta"": [0.8168782923893203, 0.174117457947508], ""objective"": 11.987575700021187, ""success"": true, ""message"": ""`ftol` termination condition is satisfied."", ""evaluations"": 8, ""inference_unavailable_reasons"": []}]",1017f480323ce0109eea27025c6eb843adc54b0a4c26894083e9ae61b0e821d0
152,baseline_fixed,152,7488484180438028043,0.8762,0.2397,regular,False,,6.334100749595557,0.9437115558030748,0.08648872732724522,True,True,False,False,False,2,0.5013240481257204,4,True,"[{""start"": [0.5, 0.1], ""theta"": [0.9437108355651593, 0.08648996580701336], ""objective"": 6.334100750793208, ""success"": true, ""message"": ""`ftol` termination condition is satisfied."", ""evaluations"": 28, ""inference_unavailable_reasons"": []}, {""start"": [0.75, 0.4], ""theta"": [0.9437113612319208, 0.08648906192356587], ""objective"": 6.3341007498904505, ""success"": true, ""message"": ""`ftol` termination condition is satisfied."", ""evaluations"": 27, ""inference_unavailable_reasons"": []}, {""start"": [0.95, 0.7], ""theta"": [0.9437111908208711, 0.08648935492790377], ""objective"": 6.3341007501691635, ""success"": true, ""message"": ""`ftol` termination condition is satisfied."", ""evaluations"": 32, ""inference_unavailable_reasons"": []}, {""start"": [0.8762, 0.2397], ""theta"": [0.9437115558030748, 0.08648872732724522], ""objective"": 6.334100749595557, ""success"": true, ""message"": ""`ftol` termination condition is satisfied."", ""evaluations"": 25, ""inference_unavailable_reasons"": []}]",0f57a7c801890ba6ff9216e45b943f18e0875881300caf45f6b398231ab2d57f
153,baseline_fixed,153,9810267173660641086,0.8762,0.2397,regular,False,,11.769641555421947,0.9096110249372784,0.23256207604711457,True,True,False,False,False,2,0.10839338235421013,4,True,"[{""start"": [0.5, 0.1], ""theta"": [0.9096110249372784, 0.23256207604711457], ""objective"": 11.769641555421947, ""success"": true, ""message"": ""`ftol` termination condition is satisfied."", ""evaluations"": 13, ""inference_unavailable_reasons"": []}, {""start"": [0.75, 0.4], ""theta"": [0.9096139636347014, 0.23255321043716876], ""objective"": 11.76964155545975, ""success"": true, ""message"": ""`ftol` termination condition is satisfied."", ""evaluations"": 15, ""inference_unavailable_reasons"": []}, {""start"": [0.95, 0.7], ""theta"": [0.9096146247336261, 0.23255121584521293], ""objective"": 11.769641557226624, ""success"": true, ""message"": ""`ftol` termination condition is satisfied."", ""evaluations"": 17, ""inference_unavailable_reasons"": []}, {""start"": [0.8762, 0.2397], ""theta"": [0.9096148693091636, 0.23255047798615117], ""objective"": 11.769641558034085, ""success"": true, ""message"": ""`ftol` termination condition is satisfied."", ""evaluations"": 11, ""inference_unavailable_reasons"": []}]",dea22d84c4c449653f6c194ac20ffddc48d2cb1ef3530191cc0f1e8b295de4a5
154,baseline_fixed,154,15887846545578871498,0.8762,0.2397,regular,False,,4.510833431365745,0.9582598093008626,0.1180422829033427,True,True,False,False,False,2,0.7194123558756325,4,True,"[{""start"": [0.5, 0.1], ""theta"": [0.9582598093008626, 0.1180422829033427], ""objective"": 4.510833431365745, ""success"": true, ""message"": ""`ftol` termination condition is satisfied."", ""evaluations"": 12, ""inference_unavailable_reasons"": []}, {""start"": [0.75, 0.4], ""theta"": [0.9582597389939401, 0.11804248790719929], ""objective"": 4.510833431366997, ""success"": true, ""message"": ""`ftol` termination condition is satisfied."", ""evaluations"": 10, ""inference_unavailable_reasons"": []}, {""start"": [0.95, 0.7], ""theta"": [0.9582597374822418, 0.11804249231531916], ""objective"": 4.510833431365862, ""success"": true, ""message"": ""`ftol` termination condition is satisfied."", ""evaluations"": 14, ""inference_unavailable_reasons"": []}, {""start"": [0.8762, 0.2397], ""theta"": [0.9582596871086814, 0.11804263918299496], ""objective"": 4.510833431369544, ""success"": true, ""message"": ""`ftol` termination condition is satisfied."", ""evaluations"": 9, ""inference_unavailable_reasons"": []}]",e1ebf59cd99bea94344a57e416ca8c0c81d26b23c6a3bc81697a0adb9ab29d9d
155,baseline_fixed,155,1552769838839460557,0.8762,0.2397,regular,False,,7.650373076909196,0.8516340258041015,0.22657978873768825,True,True,False,False,False,2,0.3644303414663084,4,True,"[{""start"": [0.5, 0.1], ""theta"": [0.851633926847925, 0.2265800395839876], ""objective"": 7.6503730769206015, ""success"": true, ""message"": ""`ftol` termination condition is satisfied."", ""evaluations"": 10, ""inference_unavailable_reasons"": []}, {""start"": [0.75, 0.4], ""theta"": [0.8516338035946776, 0.22658035192258022], ""objective"": 7.65037307694452, ""success"": true, ""message"": ""`ftol` termination condition is satisfied."", ""evaluations"": 8, ""inference_unavailable_reasons"": []}, {""start"": [0.95, 0.7], ""theta"": [0.8516340457929712, 0.22657973798615377], ""objective"": 7.650373076913822, ""success"": true, ""message"": ""`ftol` termination condition is satisfied."", ""evaluations"": 15, ""inference_unavailable_reasons"": []}, {""start"": [0.8762, 0.2397], ""theta"": [0.8516340258041015, 0.22657978873768825], ""objective"": 7.650373076909196, ""success"": true, ""message"": ""`ftol` termination condition is satisfied."", ""evaluations"": 7, ""inference_unavailable_reasons"": []}]",f17a95dfb359155e997b1b2e2f4db48d93218b6e3f5c2d9d3e0683b86aeda191
156,baseline_fixed,156,6610165609838508176,0.8762,0.2397,regular,False,,6.632730936255456,0.8703319486346596,0.07337896407912214,True,True,False,False,False,2,0.46809396243323564,4,True,"[{""start"": [0.5, 0.1], ""theta"": [0.870331398297769, 0.07338004774758874], ""objective"": 6.6327309365740765, ""success"": true, ""message"": ""`ftol` termination condition is satisfied."", ""evaluations"": 11, ""inference_unavailable_reasons"": []}, {""start"": [0.75, 0.4], ""theta"": [0.8703319486346596, 0.07337896407912214], ""objective"": 6.632730936255456, ""success"": true, ""message"": ""`ftol` termination condition is satisfied."", ""evaluations"": 9, ""inference_unavailable_reasons"": []}, {""start"": [0.95, 0.7], ""theta"": [0.8703320867201781, 0.07337868664556058], ""objective"": 6.63273093630643, ""success"": true, ""message"": ""`ftol` termination condition is satisfied."", ""evaluations"": 16, ""inference_unavailable_reasons"": []}, {""start"": [0.8762, 0.2397], ""theta"": [0.8703313430480123, 0.07338015910581475], ""objective"": 6.632730936660468, ""success"": true, ""message"": ""`ftol` termination condition is satisfied."", ""evaluations"": 9, ""inference_unavailable_reasons"": []}]",985abc93994fecf2eb85f6a4774766ebee38181f229c104b375ef003eab7c26a
157,baseline_fixed,157,10760002188961068603,0.8762,0.2397,regular,False,,3.197731841492356,0.8608084371518558,0.2433786829691888,True,True,False,False,False,2,0.8661277687023708,4,True,"[{""start"": [0.5, 0.1], ""theta"": [0.8608082653754974, 0.24337910859442427], ""objective"": 3.197731841521213, ""success"": true, ""message"": ""`ftol` termination condition is satisfied."", ""evaluations"": 10, ""inference_unavailable_reasons"": []}, {""start"": [0.75, 0.4], ""theta"": [0.8608084371518558, 0.2433786829691888], ""objective"": 3.197731841492356, ""success"": true, ""message"": ""`ftol` termination condition is satisfied."", ""evaluations"": 9, ""inference_unavailable_reasons"": []}, {""start"": [0.95, 0.7], ""theta"": [0.8608083784464249, 0.2433788281517053], ""objective"": 3.1977318415003166, ""success"": true, ""message"": ""`ftol` termination condition is satisfied."", ""evaluations"": 14, ""inference_unavailable_reasons"": []}, {""start"": [0.8762, 0.2397], ""theta"": [0.8608084149151327, 0.24337864052482752], ""objective"": 3.1977318414971125, ""success"": true, ""message"": ""`ftol` termination condition is satisfied."", ""evaluations"": 5, ""inference_unavailable_reasons"": []}]",48c7bd708f82f1c6f590d2e4106d5385edf4060fc90b2c5e5ac51a413f4b1b35
158,baseline_fixed,158,3522712277307746541,0.8762,0.2397,regular,False,,6.964713544137154,0.9297662635767524,0.04341270047091286,True,True,False,False,False,2,0.4325631120443093,4,True,"[{""start"": [0.5, 0.1], ""theta"": [0.9297661165749074, 0.04341287709562415], ""objective"": 6.964713544227992, ""success"": true, ""message"": ""`ftol` termination condition is satisfied."", ""evaluations"": 14, ""inference_unavailable_reasons"": []}, {""start"": [0.75, 0.4], ""theta"": [0.9297661548287959, 0.043412831265524865], ""objective"": 6.964713544200354, ""success"": true, ""message"": ""`ftol` termination condition is satisfied."", ""evaluations"": 13, ""inference_unavailable_reasons"": []}, {""start"": [0.95, 0.7], ""theta"": [0.929766069779688, 0.04341293341846497], ""objective"": 6.964713544266425, ""success"": true, ""message"": ""`ftol` termination condition is satisfied."", ""evaluations"": 19, ""inference_unavailable_reasons"": []}, {""start"": [0.8762, 0.2397], ""theta"": [0.9297662635767524, 0.04341270047091286], ""objective"": 6.964713544137154, ""success"": true, ""message"": ""`ftol` termination condition is satisfied."", ""evaluations"": 13, ""inference_unavailable_reasons"": []}]",8ccb1e9f03f8c4ea1da7c0c938d1dbc2923160daab69ca5cd9dcab0fb7b96682
159,baseline_fixed,159,5367715460827785334,0.8762,0.2397,regular,False,,16.628745248101406,0.8591070847383053,0.178466119217433,True,True,False,False,False,2,0.019953493826324335,4,True,"[{""start"": [0.5, 0.1], ""theta"": [0.8591083827367703, 0.1784634190878418], ""objective"": 16.628745248746515, ""success"": true, ""message"": ""`ftol` termination condition is satisfied."", ""evaluations"": 11, ""inference_unavailable_reasons"": []}, {""start"": [0.75, 0.4], ""theta"": [0.8591070847383053, 0.178466119217433], ""objective"": 16.628745248101406, ""success"": true, ""message"": ""`ftol` termination condition is satisfied."", ""evaluations"": 11, ""inference_unavailable_reasons"": []}, {""start"": [0.95, 0.7], ""theta"": [0.8591082054512891, 0.17846378832841725], ""objective"": 16.62874524841022, ""success"": true, ""message"": ""`ftol` termination condition is satisfied."", ""evaluations"": 16, ""inference_unavailable_reasons"": []}, {""start"": [0.8762, 0.2397], ""theta"": [0.8591080334782235, 0.17846414591667703], ""objective"": 16.628745248171462, ""success"": true, ""message"": ""`ftol` termination condition is satisfied."", ""evaluations"": 10, ""inference_unavailable_reasons"": []}]",d1063c5f24ca2a97ca680b385ae089f577ce95f8157e6c9775755fafafd553bd
160,baseline_fixed,160,3773925297975422095,0.8762,0.2397,boundary,False,,13.096009758981646,0.9769908146514827,0.010000000000000064,True,False,True,False,True,2,,4,True,"[{""start"": [0.5, 0.1], ""theta"": [0.9769887393401574, 0.010000000000000009], ""objective"": 13.096009761218825, ""success"": true, ""message"": ""`ftol` termination condition is satisfied."", ""evaluations"": 21, ""inference_unavailable_reasons"": [""parameter_on_boundary""]}, {""start"": [0.75, 0.4], ""theta"": [0.9769908146514827, 0.010000000000000064], ""objective"": 13.096009758981646, ""success"": true, ""message"": ""`ftol` termination condition is satisfied."", ""evaluations"": 21, ""inference_unavailable_reasons"": [""parameter_on_boundary""]}, {""start"": [0.95, 0.7], ""theta"": [0.9769909085535439, 0.01000000000000012], ""objective"": 13.096009760003167, ""success"": true, ""message"": ""`ftol` termination condition is satisfied."", ""evaluations"": 23, ""inference_unavailable_reasons"": [""parameter_on_boundary""]}, {""start"": [0.8762, 0.2397], ""theta"": [0.9769888898429544, 0.010000000000000092], ""objective"": 13.096009759447478, ""success"": true, ""message"": ""`ftol` termination condition is satisfied."", ""evaluations"": 20, ""inference_unavailable_reasons"": [""parameter_on_boundary""]}]",22d4c8f8515c92e0a775a1bf0e47b48267c4a7a61564f95b0e9666468e7605a9
161,baseline_fixed,161,4510619910403625116,0.8762,0.2397,regular,False,,7.215803295679025,0.9156308057668927,0.1020315279928856,True,True,False,False,False,2,0.4067618504469745,4,True,"[{""start"": [0.5, 0.1], ""theta"": [0.9156308057668927, 0.1020315279928856], ""objective"": 7.215803295679025, ""success"": true, ""message"": ""`ftol` termination condition is satisfied."", ""evaluations"": 11, ""inference_unavailable_reasons"": []}, {""start"": [0.75, 0.4], ""theta"": [0.9156307862526578, 0.10203155990714158], ""objective"": 7.215803295681582, ""success"": true, ""message"": ""`ftol` termination condition is satisfied."", ""evaluations"": 9, ""inference_unavailable_reasons"": []}, {""start"": [0.95, 0.7], ""theta"": [0.9156307613889372, 0.10203160057361338], ""objective"": 7.215803295680688, ""success"": true, ""message"": ""`ftol` termination condition is satisfied."", ""evaluations"": 15, ""inference_unavailable_reasons"": []}, {""start"": [0.8762, 0.2397], ""theta"": [0.9156307383756984, 0.10203163821319866], ""objective"": 7.215803295684163, ""success"": true, ""message"": ""`ftol` termination condition is satisfied."", ""evaluations"": 8, ""inference_unavailable_reasons"": []}]",fa437fb5709312f88eab49052f3754a7cc67fdaa7b77e04687e6a78df367f95d
162,baseline_fixed,162,4342703802191014927,0.8762,0.2397,regular,False,,21.380449605038223,0.9312994630238952,0.13332352117984708,True,True,False,False,False,2,0.003246038677286456,4,True,"[{""start"": [0.5, 0.1], ""theta"": [0.931298579460135, 0.13332532530256094], ""objective"": 21.380449609316834, ""success"": true, ""message"": ""`ftol` termination condition is satisfied."", ""evaluations"": 18, ""inference_unavailable_reasons"": []}, {""start"": [0.75, 0.4], ""theta"": [0.9312994630238952, 0.13332352117984708], ""objective"": 21.380449605038223, ""success"": true, ""message"": ""`ftol` termination condition is satisfied."", ""evaluations"": 18, ""inference_unavailable_reasons"": []}, {""start"": [0.95, 0.7], ""theta"": [0.9312988714102102, 0.13332465307165164], ""objective"": 21.380449607681165, ""success"": true, ""message"": ""`ftol` termination condition is satisfied."", ""evaluations"": 21, ""inference_unavailable_reasons"": []}, {""start"": [0.8762, 0.2397], ""theta"": [0.9313038217648927, 0.13331440012051593], ""objective"": 21.38044960843682, ""success"": true, ""message"": ""`ftol` termination condition is satisfied."", ""evaluations"": 16, ""inference_unavailable_reasons"": []}]",0b646b1dc9012c007294b5711adde1493b05f586a924aa25c307c745bef6c186
163,baseline_fixed,163,6353798044959038673,0.8762,0.2397,boundary,False,,5.640259513935326,0.98,0.022589602254968824,True,False,True,True,False,2,,4,True,"[{""start"": [0.5, 0.1], ""theta"": [0.98, 0.022589602254968824], ""objective"": 5.640259513935326, ""success"": true, ""message"": ""`gtol` termination condition is satisfied."", ""evaluations"": 13, ""inference_unavailable_reasons"": [""parameter_on_boundary""]}, {""start"": [0.75, 0.4], ""theta"": [0.98, 0.02258960225446105], ""objective"": 5.640259513935462, ""success"": true, ""message"": ""`gtol` termination condition is satisfied."", ""evaluations"": 11, ""inference_unavailable_reasons"": [""parameter_on_boundary""]}, {""start"": [0.95, 0.7], ""theta"": [0.98, 0.022589602411110854], ""objective"": 5.640259513935481, ""success"": true, ""message"": ""`xtol` termination condition is satisfied."", ""evaluations"": 17, ""inference_unavailable_reasons"": [""parameter_on_boundary""]}, {""start"": [0.8762, 0.2397], ""theta"": [0.98, 0.022589602255877667], ""objective"": 5.640259513935677, ""success"": true, ""message"": ""`gtol` termination condition is satisfied."", ""evaluations"": 10, ""inference_unavailable_reasons"": [""parameter_on_boundary""]}]",4ef1e17d1c70f834d320b6691f4496bdae157c7550c2fee2da03022277530d66
164,baseline_fixed,164,4798152481747750403,0.8762,0.2397,regular,False,,8.674116622791905,0.9100561670126739,0.046998930651690585,True,True,False,False,False,2,0.27690742946721736,4,True,"[{""start"": [0.5, 0.1], ""theta"": [0.9100561003189573, 0.04699905181719693], ""objective"": 8.67411662280339, ""success"": true, ""message"": ""`ftol` termination condition is satisfied."", ""evaluations"": 12, ""inference_unavailable_reasons"": []}, {""start"": [0.75, 0.4], ""theta"": [0.9100560175605584, 0.0469992021485785], ""objective"": 8.6741166228256, ""success"": true, ""message"": ""`ftol` termination condition is satisfied."", ""evaluations"": 10, ""inference_unavailable_reasons"": []}, {""start"": [0.95, 0.7], ""theta"": [0.9100561670126739, 0.046998930651690585], ""objective"": 8.674116622791905, ""success"": true, ""message"": ""`ftol` termination condition is satisfied."", ""evaluations"": 17, ""inference_unavailable_reasons"": []}, {""start"": [0.8762, 0.2397], ""theta"": [0.9100560521307187, 0.04699913945832826], ""objective"": 8.674116622814294, ""success"": true, ""message"": ""`ftol` termination condition is satisfied."", ""evaluations"": 10, ""inference_unavailable_reasons"": []}]",4484b201d19c7af73548950efae490497f949b7e7ba7a012388fbb301f369032
165,baseline_fixed,165,6556249488203327827,0.8762,0.2397,regular,False,,5.087029951870436,0.8065725921693028,0.21728140006875526,True,True,False,False,False,2,0.6493432910628125,4,True,"[{""start"": [0.5, 0.1], ""theta"": [0.8065725921693028, 0.21728140006875526], ""objective"": 5.087029951870436, ""success"": true, ""message"": ""`ftol` termination condition is satisfied."", ""evaluations"": 9, ""inference_unavailable_reasons"": []}, {""start"": [0.75, 0.4], ""theta"": [0.8065721537663392, 0.2172832066864735], ""objective"": 5.087029951914374, ""success"": true, ""message"": ""`ftol` termination condition is satisfied."", ""evaluations"": 7, ""inference_unavailable_reasons"": []}, {""start"": [0.95, 0.7], ""theta"": [0.8065721799230237, 0.21728309482502384], ""objective"": 5.0870299519027045, ""success"": true, ""message"": ""`ftol` termination condition is satisfied."", ""evaluations"": 13, ""inference_unavailable_reasons"": []}, {""start"": [0.8762, 0.2397], ""theta"": [0.8065726628195943, 0.21728122807287226], ""objective"": 5.08702995188841, ""success"": true, ""message"": ""`ftol` termination condition is satisfied."", ""evaluations"": 7, ""inference_unavailable_reasons"": []}]",47e4ad9fe12bf21187c76c0970a0b802dfac932ac3040e61ae5570b8627d3679
166,baseline_fixed,166,9046763897420581239,0.8762,0.2397,regular,False,,23.454474092691314,0.8529082635733486,0.04850251803933996,True,True,False,False,False,2,0.001420064126413733,4,True,"[{""start"": [0.5, 0.1], ""theta"": [0.8529082635733486, 0.04850251803933996], ""objective"": 23.454474092691314, ""success"": true, ""message"": ""`ftol` termination condition is satisfied."", ""evaluations"": 16, ""inference_unavailable_reasons"": []}, {""start"": [0.75, 0.4], ""theta"": [0.8529079231756939, 0.04850358626351137], ""objective"": 23.454474093239682, ""success"": true, ""message"": ""`ftol` termination condition is satisfied."", ""evaluations"": 15, ""inference_unavailable_reasons"": []}, {""start"": [0.95, 0.7], ""theta"": [0.8529074170893721, 0.0485051694774109], ""objective"": 23.454474094165857, ""success"": true, ""message"": ""`ftol` termination condition is satisfied."", ""evaluations"": 21, ""inference_unavailable_reasons"": []}, {""start"": [0.8762, 0.2397], ""theta"": [0.8529078026290294, 0.04850395880951788], ""objective"": 23.454474093454603, ""success"": true, ""message"": ""`ftol` termination condition is satisfied."", ""evaluations"": 15, ""inference_unavailable_reasons"": []}]",fd7d305a0eb0019d9b1fa7d2f24130c4a49ae7add01725b981a91c763c301692
167,baseline_fixed,167,9376251603734817432,0.8762,0.2397,regular,False,,8.90237918163887,0.916423596570993,0.09377577420199706,True,True,False,False,False,2,0.2597410494687084,4,True,"[{""start"": [0.5, 0.1], ""theta"": [0.9164235475739153, 0.09377584317269136], ""objective"": 8.902379181651837, ""success"": true, ""message"": ""`ftol` termination condition is satisfied."", ""evaluations"": 11, ""inference_unavailable_reasons"": []}, {""start"": [0.75, 0.4], ""theta"": [0.9164236022488327, 0.09377576610647509], ""objective"": 8.902379181641066, ""success"": true, ""message"": ""`ftol` termination condition is satisfied."", ""evaluations"": 10, ""inference_unavailable_reasons"": []}, {""start"": [0.95, 0.7], ""theta"": [0.9164234768437598, 0.09377594301680503], ""objective"": 8.902379181669637, ""success"": true, ""message"": ""`ftol` termination condition is satisfied."", ""evaluations"": 15, ""inference_unavailable_reasons"": []}, {""start"": [0.8762, 0.2397], ""theta"": [0.916423596570993, 0.09377577420199706], ""objective"": 8.90237918163887, ""success"": true, ""message"": ""`ftol` termination condition is satisfied."", ""evaluations"": 9, ""inference_unavailable_reasons"": []}]",26e9d7b092309b5037c3f8c45840f37e06aa2f12594f083b5c5a3b7841452531
168,baseline_fixed,168,5581853047370455579,0.8762,0.2397,regular,False,,5.728484365506082,0.7519104982978133,0.5615367825693613,True,True,False,False,False,2,0.5717861872646914,4,True,"[{""start"": [0.5, 0.1], ""theta"": [0.7519097490304838, 0.5615388498119052], ""objective"": 5.7284843655520845, ""success"": true, ""message"": ""`ftol` termination condition is satisfied."", ""evaluations"": 11, ""inference_unavailable_reasons"": []}, {""start"": [0.75, 0.4], ""theta"": [0.7519107350164481, 0.5615361295980497], ""objective"": 5.728484365594527, ""success"": true, ""message"": ""`ftol` termination condition is satisfied."", ""evaluations"": 10, ""inference_unavailable_reasons"": []}, {""start"": [0.95, 0.7], ""theta"": [0.7519109348863732, 0.5615355780612604], ""objective"": 5.7284843657126405, ""success"": true, ""message"": ""`ftol` termination condition is satisfied."", ""evaluations"": 13, ""inference_unavailable_reasons"": []}, {""start"": [0.8762, 0.2397], ""theta"": [0.7519104982978133, 0.5615367825693613], ""objective"": 5.728484365506082, ""success"": true, ""message"": ""`ftol` termination condition is satisfied."", ""evaluations"": 12, ""inference_unavailable_reasons"": []}]",11dd1a15e88665c9661980c61507643edb3f4634f6100bd4a104bec1a9ef5cbc
169,baseline_fixed,169,17151675322121105533,0.8762,0.2397,regular,False,,28.750429760040397,0.8943909073349149,0.1718692497806158,True,True,False,False,False,2,0.0001606582097796656,4,True,"[{""start"": [0.5, 0.1], ""theta"": [0.8943902379486368, 0.171870728192499], ""objective"": 28.750429762049233, ""success"": true, ""message"": ""`ftol` termination condition is satisfied."", ""evaluations"": 21, ""inference_unavailable_reasons"": []}, {""start"": [0.75, 0.4], ""theta"": [0.8943907819928142, 0.17186952140714223], ""objective"": 28.75042976033441, ""success"": true, ""message"": ""`ftol` termination condition is satisfied."", ""evaluations"": 20, ""inference_unavailable_reasons"": []}, {""start"": [0.95, 0.7], ""theta"": [0.8943909231747794, 0.17186980858017664], ""objective"": 28.750429760745888, ""success"": true, ""message"": ""`ftol` termination condition is satisfied."", ""evaluations"": 23, ""inference_unavailable_reasons"": []}, {""start"": [0.8762, 0.2397], ""theta"": [0.8943909073349149, 0.1718692497806158], ""objective"": 28.750429760040397, ""success"": true, ""message"": ""`ftol` termination condition is satisfied."", ""evaluations"": 20, ""inference_unavailable_reasons"": []}]",a80afdd0bc2e6bffb4e1ca85da5a0321d0a7340acc42f1b491d94e0306495367
170,baseline_fixed,170,6682724450170657750,0.8762,0.2397,regular,False,,7.071712868937196,0.930003178831008,0.11817567087813885,True,True,False,False,False,2,0.42145156905401887,4,True,"[{""start"": [0.5, 0.1], ""theta"": [0.930002583836172, 0.1181766885982876], ""objective"": 7.071712869405227, ""success"": true, ""message"": ""`ftol` termination condition is satisfied."", ""evaluations"": 14, ""inference_unavailable_reasons"": []}, {""start"": [0.75, 0.4], ""theta"": [0.930003178831008, 0.11817567087813885], ""objective"": 7.071712868937196, ""success"": true, ""message"": ""`ftol` termination condition is satisfied."", ""evaluations"": 13, ""inference_unavailable_reasons"": []}, {""start"": [0.95, 0.7], ""theta"": [0.9300028820666212, 0.11817617848763118], ""objective"": 7.071712869119439, ""success"": true, ""message"": ""`ftol` termination condition is satisfied."", ""evaluations"": 18, ""inference_unavailable_reasons"": []}, {""start"": [0.8762, 0.2397], ""theta"": [0.9300030226776305, 0.11817593806950312], ""objective"": 7.071712869009277, ""success"": true, ""message"": ""`ftol` termination condition is satisfied."", ""evaluations"": 11, ""inference_unavailable_reasons"": []}]",1d4886def612306e0af3de5b30af0233c5e01112f03cf7775e548aa7ecce0fbd
171,baseline_fixed,171,6552130957315544161,0.8762,0.2397,regular,False,,6.732336550682543,0.9760257715228016,0.024478515582036037,True,True,False,False,False,2,0.4572707905427291,4,True,"[{""start"": [0.5, 0.1], ""theta"": [0.9760257626304321, 0.02447852532663644], ""objective"": 6.732336550683495, ""success"": true, ""message"": ""`ftol` termination condition is satisfied."", ""evaluations"": 14, ""inference_unavailable_reasons"": []}, {""start"": [0.75, 0.4], ""theta"": [0.9760257573590734, 0.024478531105698698], ""objective"": 6.732336550685222, ""success"": true, ""message"": ""`ftol` termination condition is satisfied."", ""evaluations"": 13, ""inference_unavailable_reasons"": []}, {""start"": [0.95, 0.7], ""theta"": [0.976025738531245, 0.024478551740562127], ""objective"": 6.73233655069006, ""success"": true, ""message"": ""`ftol` termination condition is satisfied."", ""evaluations"": 19, ""inference_unavailable_reasons"": []}, {""start"": [0.8762, 0.2397], ""theta"": [0.9760257715228016, 0.024478515582036037], ""objective"": 6.732336550682543, ""success"": true, ""message"": ""`ftol` termination condition is satisfied."", ""evaluations"": 13, ""inference_unavailable_reasons"": []}]",7492f2070a75c0ea96f8e97a66430d59f2d95b168702db656a3e0806aabb8f8a
172,baseline_fixed,172,283659855843188711,0.8762,0.2397,regular,False,,12.860044360996298,0.9244593171895119,0.12649054832062595,True,True,False,False,False,2,0.07559270089742139,4,True,"[{""start"": [0.5, 0.1], ""theta"": [0.9244593171895119, 0.12649054832062595], ""objective"": 12.860044360996298, ""success"": true, ""message"": ""`ftol` termination condition is satisfied."", ""evaluations"": 10, ""inference_unavailable_reasons"": []}, {""start"": [0.75, 0.4], ""theta"": [0.9244595901727737, 0.12649001475447086], ""objective"": 12.860044361198451, ""success"": true, ""message"": ""`ftol` termination condition is satisfied."", ""evaluations"": 9, ""inference_unavailable_reasons"": []}, {""start"": [0.95, 0.7], ""theta"": [0.924459546262663, 0.12649010059329258], ""objective"": 12.860044361158272, ""success"": true, ""message"": ""`ftol` termination condition is satisfied."", ""evaluations"": 14, ""inference_unavailable_reasons"": []}, {""start"": [0.8762, 0.2397], ""theta"": [0.9244582163013897, 0.12649269882632744], ""objective"": 12.860044361325027, ""success"": true, ""message"": ""`ftol` termination condition is satisfied."", ""evaluations"": 7, ""inference_unavailable_reasons"": []}]",8ad314264f97ab86ab24448953c32c9238dda9c038215e297fda4bb0a53ce05c
173,baseline_fixed,173,6214969658311571353,0.8762,0.2397,regular,False,,17.52823516212773,0.9120847031998197,0.03198184938845966,True,True,False,False,False,2,0.014289864094881245,4,True,"[{""start"": [0.5, 0.1], ""theta"": [0.9120839802532279, 0.03198295981623821], ""objective"": 17.52823516343198, ""success"": true, ""message"": ""`ftol` termination condition is satisfied."", ""evaluations"": 17, ""inference_unavailable_reasons"": []}, {""start"": [0.75, 0.4], ""theta"": [0.9120847031998197, 0.03198184938845966], ""objective"": 17.52823516212773, ""success"": true, ""message"": ""`ftol` termination condition is satisfied."", ""evaluations"": 16, ""inference_unavailable_reasons"": []}, {""start"": [0.95, 0.7], ""theta"": [0.9120834678396907, 0.03198374677493354], ""objective"": 17.528235164650248, ""success"": true, ""message"": ""`ftol` termination condition is satisfied."", ""evaluations"": 22, ""inference_unavailable_reasons"": []}, {""start"": [0.8762, 0.2397], ""theta"": [0.9120841863558178, 0.03198264302257317], ""objective"": 17.528235163009196, ""success"": true, ""message"": ""`ftol` termination condition is satisfied."", ""evaluations"": 16, ""inference_unavailable_reasons"": []}]",0920bfebed2bcc1574c630231a91bf6e4103e315d6c76513926662ab8cff0951
174,baseline_fixed,174,3498857069412068453,0.8762,0.2397,regular,False,,5.286587369462155,0.9787125573917623,0.02563958737666286,True,True,False,False,False,2,0.6250341661818268,4,True,"[{""start"": [0.5, 0.1], ""theta"": [0.9787125526927948, 0.025639592063783245], ""objective"": 5.28658736946687, ""success"": true, ""message"": ""`ftol` termination condition is satisfied."", ""evaluations"": 12, ""inference_unavailable_reasons"": []}, {""start"": [0.75, 0.4], ""theta"": [0.9787125731757262, 0.02563957163841396], ""objective"": 5.286587369473527, ""success"": true, ""message"": ""`ftol` termination condition is satisfied."", ""evaluations"": 11, ""inference_unavailable_reasons"": []}, {""start"": [0.95, 0.7], ""theta"": [0.978712462060207, 0.025639682440680156], ""objective"": 5.286587369471627, ""success"": true, ""message"": ""`ftol` termination condition is satisfied."", ""evaluations"": 18, ""inference_unavailable_reasons"": []}, {""start"": [0.8762, 0.2397], ""theta"": [0.9787125573917623, 0.02563958737666286], ""objective"": 5.286587369462155, ""success"": true, ""message"": ""`ftol` termination condition is satisfied."", ""evaluations"": 11, ""inference_unavailable_reasons"": []}]",fd124e37cf711c898d5b4d82ef2e362dae54ab92ef09ab80202d672a24c01638
175,baseline_fixed,175,17902944123841616557,0.8762,0.2397,regular,False,,3.6891206644143817,0.9242519993553254,0.1062420611102809,True,True,False,False,False,2,0.8148070269396032,4,True,"[{""start"": [0.5, 0.1], ""theta"": [0.9242519360331818, 0.10624216244541661], ""objective"": 3.689120664429594, ""success"": true, ""message"": ""`ftol` termination condition is satisfied."", ""evaluations"": 14, ""inference_unavailable_reasons"": []}, {""start"": [0.75, 0.4], ""theta"": [0.9242516748182312, 0.10624258063126973], ""objective"": 3.689120664515829, ""success"": true, ""message"": ""`ftol` termination condition is satisfied."", ""evaluations"": 12, ""inference_unavailable_reasons"": []}, {""start"": [0.95, 0.7], ""theta"": [0.9242519993553254, 0.1062420611102809], ""objective"": 3.6891206644143817, ""success"": true, ""message"": ""`ftol` termination condition is satisfied."", ""evaluations"": 18, ""inference_unavailable_reasons"": []}, {""start"": [0.8762, 0.2397], ""theta"": [0.9242519036767706, 0.1062422142096551], ""objective"": 3.6891206644385424, ""success"": true, ""message"": ""`ftol` termination condition is satisfied."", ""evaluations"": 11, ""inference_unavailable_reasons"": []}]",36c9ba89da4e01a87bcade92d12e3d8657945b56dee4d6efe5f037db0400e7a8
176,baseline_fixed,176,11610576944607751225,0.8762,0.2397,regular,False,,3.6516879891182175,0.8589324825914787,0.2916918704676838,True,True,False,False,False,2,0.8189074852244971,4,True,"[{""start"": [0.5, 0.1], ""theta"": [0.8589324245521885, 0.29169203926538767], ""objective"": 3.6516879891257883, ""success"": true, ""message"": ""`ftol` termination condition is satisfied."", ""evaluations"": 9, ""inference_unavailable_reasons"": []}, {""start"": [0.75, 0.4], ""theta"": [0.8589324825914787, 0.2916918704676838], ""objective"": 3.6516879891182175, ""success"": true, ""message"": ""`ftol` termination condition is satisfied."", ""evaluations"": 8, ""inference_unavailable_reasons"": []}, {""start"": [0.95, 0.7], ""theta"": [0.8589324828252713, 0.29169186982812284], ""objective"": 3.6516879891192033, ""success"": true, ""message"": ""`ftol` termination condition is satisfied."", ""evaluations"": 13, ""inference_unavailable_reasons"": []}, {""start"": [0.8762, 0.2397], ""theta"": [0.8589325153402207, 0.2916917759789238], ""objective"": 3.6516879891215943, ""success"": true, ""message"": ""`ftol` termination condition is satisfied."", ""evaluations"": 6, ""inference_unavailable_reasons"": []}]",adbb17bf4397ccfc7c6d37c79526ea7b826279de4a60d3c962dbfa33f1dc8e63
177,baseline_fixed,177,3394324637468917811,0.8762,0.2397,regular,False,,8.618650711541566,0.817477200958841,0.40991343708383027,True,True,False,False,False,2,0.2812066871084171,4,True,"[{""start"": [0.5, 0.1], ""theta"": [0.8174771150036448, 0.4099136535708382], ""objective"": 8.618650711551448, ""success"": true, ""message"": ""`ftol` termination condition is satisfied."", ""evaluations"": 8, ""inference_unavailable_reasons"": []}, {""start"": [0.75, 0.4], ""theta"": [0.817477200958841, 0.40991343708383027], ""objective"": 8.618650711541566, ""success"": true, ""message"": ""`ftol` termination condition is satisfied."", ""evaluations"": 7, ""inference_unavailable_reasons"": []}, {""start"": [0.95, 0.7], ""theta"": [0.8174771363928952, 0.40991360414761513], ""objective"": 8.618650711547804, ""success"": true, ""message"": ""`ftol` termination condition is satisfied."", ""evaluations"": 12, ""inference_unavailable_reasons"": []}, {""start"": [0.8762, 0.2397], ""theta"": [0.8174775309580455, 0.4099125818399356], ""objective"": 8.618650711549556, ""success"": true, ""message"": ""`ftol` termination condition is satisfied."", ""evaluations"": 6, ""inference_unavailable_reasons"": []}]",4b2f5e3442890b6fbc59f1f610cd0fb5a1ebe6eb477662f6e9ea55cec062c884
178,baseline_fixed,178,12121431010650750988,0.8762,0.2397,regular,False,,2.9759777843321107,0.8996271438978711,0.1563288331853872,True,True,False,False,False,2,0.8872155507382373,4,True,"[{""start"": [0.5, 0.1], ""theta"": [0.8996271438978711, 0.1563288331853872], ""objective"": 2.9759777843321107, ""success"": true, ""message"": ""`ftol` termination condition is satisfied."", ""evaluations"": 9, ""inference_unavailable_reasons"": []}, {""start"": [0.75, 0.4], ""theta"": [0.899627167279466, 0.15632878577990433], ""objective"": 2.975977784335615, ""success"": true, ""message"": ""`ftol` termination condition is satisfied."", ""evaluations"": 8, ""inference_unavailable_reasons"": []}, {""start"": [0.95, 0.7], ""theta"": [0.8996271671545252, 0.15632878600246503], ""objective"": 2.975977784333636, ""success"": true, ""message"": ""`ftol` termination condition is satisfied."", ""evaluations"": 14, ""inference_unavailable_reasons"": []}, {""start"": [0.8762, 0.2397], ""theta"": [0.8996271430798131, 0.15632883058827915], ""objective"": 2.975977784333569, ""success"": true, ""message"": ""`ftol` termination condition is satisfied."", ""evaluations"": 8, ""inference_unavailable_reasons"": []}]",c718915d96ff1b5e5e9f169b67058b3e554a38eed447c4120d2d24a6dc380456
179,baseline_fixed,179,4919899555491129034,0.8762,0.2397,boundary,False,,3.203409962495472,0.9799999999999999,0.04125397007267271,True,False,True,True,False,2,,4,True,"[{""start"": [0.5, 0.1], ""theta"": [0.9799999999999999, 0.04125397007267271], ""objective"": 3.203409962495472, ""success"": true, ""message"": ""`gtol` termination condition is satisfied."", ""evaluations"": 13, ""inference_unavailable_reasons"": [""parameter_on_boundary""]}, {""start"": [0.75, 0.4], ""theta"": [0.98, 0.04125397007317111], ""objective"": 3.2034099624973082, ""success"": true, ""message"": ""`gtol` termination condition is satisfied."", ""evaluations"": 11, ""inference_unavailable_reasons"": [""parameter_on_boundary""]}, {""start"": [0.95, 0.7], ""theta"": [0.98, 0.041253970070795454], ""objective"": 3.203409962497523, ""success"": true, ""message"": ""`gtol` termination condition is satisfied."", ""evaluations"": 16, ""inference_unavailable_reasons"": [""parameter_on_boundary""]}, {""start"": [0.8762, 0.2397], ""theta"": [0.98, 0.04125397006986628], ""objective"": 3.2034099624976333, ""success"": true, ""message"": ""`ftol` termination condition is satisfied."", ""evaluations"": 9, ""inference_unavailable_reasons"": [""parameter_on_boundary""]}]",5eb0b5393d80da2151b67c2dd0ba0abd8a39582eb73d6694fbfb37c54eda52f8
180,baseline_fixed,180,4542680142573728413,0.8762,0.2397,regular,False,,2.742145367267377,0.8134809891617426,0.3840224176811581,True,True,False,False,False,2,0.9077877691165946,4,True,"[{""start"": [0.5, 0.1], ""theta"": [0.8134809646035668, 0.38402249287000734], ""objective"": 2.7421453672769736, ""success"": true, ""message"": ""`ftol` termination condition is satisfied."", ""evaluations"": 12, ""inference_unavailable_reasons"": []}, {""start"": [0.75, 0.4], ""theta"": [0.8134809891617426, 0.3840224176811581], ""objective"": 2.742145367267377, ""success"": true, ""message"": ""`ftol` termination condition is satisfied."", ""evaluations"": 10, ""inference_unavailable_reasons"": []}, {""start"": [0.95, 0.7], ""theta"": [0.8134816857203343, 0.3840202873255709], ""objective"": 2.7421453673399427, ""success"": true, ""message"": ""`ftol` termination condition is satisfied."", ""evaluations"": 14, ""inference_unavailable_reasons"": []}, {""start"": [0.8762, 0.2397], ""theta"": [0.813481657214872, 0.3840203745299186], ""objective"": 2.7421453673259317, ""success"": true, ""message"": ""`ftol` termination condition is satisfied."", ""evaluations"": 10, ""inference_unavailable_reasons"": []}]",0f3db710179b721ec0bd8adcd907e737bcb0ccc42e4c47af3e8ce1663c953fda
181,baseline_fixed,181,13468599247263901224,0.8762,0.2397,regular,False,,19.025154597788173,0.7529281211552477,0.614257807413578,True,True,False,False,False,2,0.008108905690440295,4,True,"[{""start"": [0.5, 0.1], ""theta"": [0.7529280011017752, 0.6142580253176735], ""objective"": 19.02515459779073, ""success"": true, ""message"": ""`ftol` termination condition is satisfied."", ""evaluations"": 8, ""inference_unavailable_reasons"": []}, {""start"": [0.75, 0.4], ""theta"": [0.7529281417021001, 0.6142577701427728], ""objective"": 19.02515459778958, ""success"": true, ""message"": ""`ftol` termination condition is satisfied."", ""evaluations"": 7, ""inference_unavailable_reasons"": []}, {""start"": [0.95, 0.7], ""theta"": [0.7529283586356299, 0.6142573767199058], ""objective"": 19.025154597847155, ""success"": true, ""message"": ""`ftol` termination condition is satisfied."", ""evaluations"": 11, ""inference_unavailable_reasons"": []}, {""start"": [0.8762, 0.2397], ""theta"": [0.7529281211552477, 0.614257807413578], ""objective"": 19.025154597788173, ""success"": true, ""message"": ""`ftol` termination condition is satisfied."", ""evaluations"": 8, ""inference_unavailable_reasons"": []}]",5a9d78e676c433a3380eb44011ef34c93d0bba14cce825fe17a601a7d0d91141
182,baseline_fixed,182,2676560596024322535,0.8762,0.2397,regular,False,,5.532843737868983,0.8387285493024571,0.3985685654991067,True,True,False,False,False,2,0.5952253062800517,4,True,"[{""start"": [0.5, 0.1], ""theta"": [0.8387278253878334, 0.3985704599870321], ""objective"": 5.532843737880784, ""success"": true, ""message"": ""`ftol` termination condition is satisfied."", ""evaluations"": 12, ""inference_unavailable_reasons"": []}, {""start"": [0.75, 0.4], ""theta"": [0.8387275185494281, 0.3985712735881008], ""objective"": 5.532843737982954, ""success"": true, ""message"": ""`ftol` termination condition is satisfied."", ""evaluations"": 10, ""inference_unavailable_reasons"": []}, {""start"": [0.95, 0.7], ""theta"": [0.8387276316119043, 0.3985709709027191], ""objective"": 5.532843737938142, ""success"": true, ""message"": ""`ftol` termination condition is satisfied."", ""evaluations"": 15, ""inference_unavailable_reasons"": []}, {""start"": [0.8762, 0.2397], ""theta"": [0.8387285493024571, 0.3985685654991067], ""objective"": 5.532843737868983, ""success"": true, ""message"": ""`ftol` termination condition is satisfied."", ""evaluations"": 10, ""inference_unavailable_reasons"": []}]",9c50bfe068db97facb0301fe748670fc5114637ecf8726a2789f8a76708ee670
183,baseline_fixed,183,8551420642326022234,0.8762,0.2397,regular,False,,28.757677067345142,0.9309917755037388,0.0909439188369866,True,True,False,False,False,2,0.0001601708160183235,4,True,"[{""start"": [0.5, 0.1], ""theta"": [0.9309911848395009, 0.09094496975854827], ""objective"": 28.757677067429857, ""success"": true, ""message"": ""`ftol` termination condition is satisfied."", ""evaluations"": 11, ""inference_unavailable_reasons"": []}, {""start"": [0.75, 0.4], ""theta"": [0.9309917755037388, 0.0909439188369866], ""objective"": 28.757677067345142, ""success"": true, ""message"": ""`ftol` termination condition is satisfied."", ""evaluations"": 10, ""inference_unavailable_reasons"": []}, {""start"": [0.95, 0.7], ""theta"": [0.9309911260360928, 0.0909450737494627], ""objective"": 28.75767706750287, ""success"": true, ""message"": ""`ftol` termination condition is satisfied."", ""evaluations"": 15, ""inference_unavailable_reasons"": []}, {""start"": [0.8762, 0.2397], ""theta"": [0.9309908589174916, 0.09094554165696775], ""objective"": 28.75767706790346, ""success"": true, ""message"": ""`ftol` termination condition is satisfied."", ""evaluations"": 8, ""inference_unavailable_reasons"": []}]",ea15d1e59fae88465efcfbde6c3127d610e59c1fade5d3f25d0698171243ec03
184,baseline_fixed,184,14976860668941571117,0.8762,0.2397,boundary,False,,10.46196599478771,0.9799999999999999,0.0449241053923975,True,False,True,True,False,2,,4,True,"[{""start"": [0.5, 0.1], ""theta"": [0.9799999999999999, 0.0449241053923975], ""objective"": 10.46196599478771, ""success"": true, ""message"": ""`ftol` termination condition is satisfied."", ""evaluations"": 12, ""inference_unavailable_reasons"": [""parameter_on_boundary""]}, {""start"": [0.75, 0.4], ""theta"": [0.98, 0.04492410539336911], ""objective"": 10.461965994788596, ""success"": true, ""message"": ""Both `ftol` and `xtol` termination conditions are satisfied."", ""evaluations"": 11, ""inference_unavailable_reasons"": [""parameter_on_boundary""]}, {""start"": [0.95, 0.7], ""theta"": [0.98, 0.044924105394173464], ""objective"": 10.461965994789562, ""success"": true, ""message"": ""`gtol` termination condition is satisfied."", ""evaluations"": 15, ""inference_unavailable_reasons"": [""parameter_on_boundary""]}, {""start"": [0.8762, 0.2397], ""theta"": [0.98, 0.04492410539285252], ""objective"": 10.461965994789482, ""success"": true, ""message"": ""`ftol` termination condition is satisfied."", ""evaluations"": 9, ""inference_unavailable_reasons"": [""parameter_on_boundary""]}]",c6303c5cb44365ac4f3002a61ac52788e28bc380aa596db68f462dc77e4de314
185,baseline_fixed,185,9519790694284462179,0.8762,0.2397,regular,False,,15.90508734370816,0.8619713730159168,0.1821258045252302,True,True,False,False,False,2,0.02599778410303925,4,True,"[{""start"": [0.5, 0.1], ""theta"": [0.8619712901634045, 0.1821259823087712], ""objective"": 15.905087343796726, ""success"": true, ""message"": ""`ftol` termination condition is satisfied."", ""evaluations"": 18, ""inference_unavailable_reasons"": []}, {""start"": [0.75, 0.4], ""theta"": [0.8619703808572706, 0.18212793863205523], ""objective"": 15.905087345030346, ""success"": true, ""message"": ""`ftol` termination condition is satisfied."", ""evaluations"": 15, ""inference_unavailable_reasons"": []}, {""start"": [0.95, 0.7], ""theta"": [0.8619713730159168, 0.1821258045252302], ""objective"": 15.90508734370816, ""success"": true, ""message"": ""`ftol` termination condition is satisfied."", ""evaluations"": 22, ""inference_unavailable_reasons"": []}, {""start"": [0.8762, 0.2397], ""theta"": [0.8619712306925721, 0.18212611027906112], ""objective"": 15.905087343862583, ""success"": true, ""message"": ""`ftol` termination condition is satisfied."", ""evaluations"": 14, ""inference_unavailable_reasons"": []}]",3ac570126717325edeb7b0b95a475da41bda8833d5c44958276591a9d5b1343b
186,baseline_fixed,186,11542507246011027912,0.8762,0.2397,boundary,False,,7.333001122030761,0.9799999999999996,0.010000000000000009,True,False,True,True,True,2,,4,True,"[{""start"": [0.5, 0.1], ""theta"": [0.9799999999999996, 0.010000000000000009], ""objective"": 7.333001122030761, ""success"": true, ""message"": ""`gtol` termination condition is satisfied."", ""evaluations"": 11, ""inference_unavailable_reasons"": [""parameter_on_boundary""]}, {""start"": [0.75, 0.4], ""theta"": [0.9799999999999739, 0.010000000000004117], ""objective"": 7.333001122058191, ""success"": true, ""message"": ""`gtol` termination condition is satisfied."", ""evaluations"": 10, ""inference_unavailable_reasons"": [""parameter_on_boundary""]}, {""start"": [0.95, 0.7], ""theta"": [0.9799999999903848, 0.010000000000050524], ""objective"": 7.333001122492072, ""success"": true, ""message"": ""`gtol` termination condition is satisfied."", ""evaluations"": 16, ""inference_unavailable_reasons"": [""parameter_on_boundary""]}, {""start"": [0.8762, 0.2397], ""theta"": [0.9799999999996969, 0.010000000000012721], ""objective"": 7.333001122067907, ""success"": true, ""message"": ""`gtol` termination condition is satisfied."", ""evaluations"": 10, ""inference_unavailable_reasons"": [""parameter_on_boundary""]}]",7cb3ecbd06531ab3a5946f22ea3e79cb8a4e35bcb7b24185f8d082cfc220831f
187,baseline_fixed,187,9351883641757053396,0.8762,0.2397,regular,False,,19.575659904780885,0.9497602795935465,0.09381554292039007,True,True,False,False,False,2,0.006563004119128078,4,True,"[{""start"": [0.5, 0.1], ""theta"": [0.9497602795935465, 0.09381554292039007], ""objective"": 19.575659904780885, ""success"": true, ""message"": ""`ftol` termination condition is satisfied."", ""evaluations"": 12, ""inference_unavailable_reasons"": []}, {""start"": [0.75, 0.4], ""theta"": [0.9497576022311167, 0.09382057054973064], ""objective"": 19.57565990667024, ""success"": true, ""message"": ""`ftol` termination condition is satisfied."", ""evaluations"": 12, ""inference_unavailable_reasons"": []}, {""start"": [0.95, 0.7], ""theta"": [0.9497575614034952, 0.09382064718834948], ""objective"": 19.575659906876517, ""success"": true, ""message"": ""`ftol` termination condition is satisfied."", ""evaluations"": 18, ""inference_unavailable_reasons"": []}, {""start"": [0.8762, 0.2397], ""theta"": [0.9497604580070492, 0.09381520791418135], ""objective"": 19.5756599054939, ""success"": true, ""message"": ""`ftol` termination condition is satisfied."", ""evaluations"": 12, ""inference_unavailable_reasons"": []}]",d30caf3ff420d6db121f73ed5466acb3ed9ef6b3f36ae16f4cfe9d99face4d90
188,baseline_fixed,188,15451271465940461508,0.8762,0.2397,regular,False,,2.3572301169465573,0.9320427799219154,0.14157413714131822,True,True,False,False,False,2,0.9374587911425842,4,True,"[{""start"": [0.5, 0.1], ""theta"": [0.9320427793092665, 0.14157413822039738], ""objective"": 2.3572301169473677, ""success"": true, ""message"": ""`ftol` termination condition is satisfied."", ""evaluations"": 10, ""inference_unavailable_reasons"": []}, {""start"": [0.75, 0.4], ""theta"": [0.9320427762197958, 0.14157414361488457], ""objective"": 2.357230116947472, ""success"": true, ""message"": ""`ftol` termination condition is satisfied."", ""evaluations"": 8, ""inference_unavailable_reasons"": []}, {""start"": [0.95, 0.7], ""theta"": [0.9320427790030132, 0.14157413874458358], ""objective"": 2.3572301169471923, ""success"": true, ""message"": ""`ftol` termination condition is satisfied."", ""evaluations"": 13, ""inference_unavailable_reasons"": []}, {""start"": [0.8762, 0.2397], ""theta"": [0.9320427799219154, 0.14157413714131822], ""objective"": 2.3572301169465573, ""success"": true, ""message"": ""`ftol` termination condition is satisfied."", ""evaluations"": 7, ""inference_unavailable_reasons"": []}]",ccc4269e0ba8c29c422f19e58497de2ae9240cda69fd56e3e8293cbbb1d3c31d
189,baseline_fixed,189,8222154352664452833,0.8762,0.2397,regular,False,,7.57982936124189,0.7422426562737104,0.5524271604467417,True,True,False,False,False,2,0.3710963657577013,4,True,"[{""start"": [0.5, 0.1], ""theta"": [0.7422423848555665, 0.5524278913078835], ""objective"": 7.579829361259792, ""success"": true, ""message"": ""`ftol` termination condition is satisfied."", ""evaluations"": 7, ""inference_unavailable_reasons"": []}, {""start"": [0.75, 0.4], ""theta"": [0.7422427213954972, 0.5524269460806553], ""objective"": 7.579829361249217, ""success"": true, ""message"": ""`ftol` termination condition is satisfied."", ""evaluations"": 6, ""inference_unavailable_reasons"": []}, {""start"": [0.95, 0.7], ""theta"": [0.7422426562737104, 0.5524271604467417], ""objective"": 7.57982936124189, ""success"": true, ""message"": ""`ftol` termination condition is satisfied."", ""evaluations"": 11, ""inference_unavailable_reasons"": []}, {""start"": [0.8762, 0.2397], ""theta"": [0.7422426632697432, 0.5524271416806619], ""objective"": 7.579829361242412, ""success"": true, ""message"": ""`ftol` termination condition is satisfied."", ""evaluations"": 7, ""inference_unavailable_reasons"": []}]",a1021e6da23d0f7c516a2c127770d2d8855b4fa5c4191b61fdac48a99445c8c1
190,baseline_fixed,190,8686930466108513659,0.8762,0.2397,regular,False,,19.546984637018138,0.8058267067156989,0.23460531052330774,True,True,False,False,False,2,0.006635972819715883,4,True,"[{""start"": [0.5, 0.1], ""theta"": [0.8058266263834124, 0.2346009025858868], ""objective"": 19.546984638503247, ""success"": true, ""message"": ""`ftol` termination condition is satisfied."", ""evaluations"": 14, ""inference_unavailable_reasons"": []}, {""start"": [0.75, 0.4], ""theta"": [0.8058267067156989, 0.23460531052330774], ""objective"": 19.546984637018138, ""success"": true, ""message"": ""`ftol` termination condition is satisfied."", ""evaluations"": 14, ""inference_unavailable_reasons"": []}, {""start"": [0.95, 0.7], ""theta"": [0.8058247589540763, 0.23460660718969806], ""objective"": 19.546984638029965, ""success"": true, ""message"": ""`ftol` termination condition is satisfied."", ""evaluations"": 21, ""inference_unavailable_reasons"": []}, {""start"": [0.8762, 0.2397], ""theta"": [0.8058273978155116, 0.2346056277341788], ""objective"": 19.546984637389514, ""success"": true, ""message"": ""`ftol` termination condition is satisfied."", ""evaluations"": 13, ""inference_unavailable_reasons"": []}]",61776017389d2d659834b7016ef751df3a20d2c142426d9fd602bb6037823551
191,baseline_fixed,191,7477568215419272745,0.8762,0.2397,regular,False,,7.586513067542688,0.7189266771369357,0.6201634339992582,True,True,False,False,False,2,0.37046132938624665,4,True,"[{""start"": [0.5, 0.1], ""theta"": [0.7189277419769219, 0.6201608891619821], ""objective"": 7.58651306812589, ""success"": true, ""message"": ""`ftol` termination condition is satisfied."", ""evaluations"": 11, ""inference_unavailable_reasons"": []}, {""start"": [0.75, 0.4], ""theta"": [0.7189275852557905, 0.6201612636507439], ""objective"": 7.58651306800574, ""success"": true, ""message"": ""`ftol` termination condition is satisfied."", ""evaluations"": 12, ""inference_unavailable_reasons"": []}, {""start"": [0.95, 0.7], ""theta"": [0.7189266771369357, 0.6201634339992582], ""objective"": 7.586513067542688, ""success"": true, ""message"": ""`ftol` termination condition is satisfied."", ""evaluations"": 17, ""inference_unavailable_reasons"": []}, {""start"": [0.8762, 0.2397], ""theta"": [0.718927547013849, 0.6201613554457198], ""objective"": 7.586513067983008, ""success"": true, ""message"": ""`ftol` termination condition is satisfied."", ""evaluations"": 13, ""inference_unavailable_reasons"": []}]",00ea93d331bf382831eb3583b6e55854d4160ef82de16969b77228ac7682548f
192,baseline_fixed,192,11187470747659999869,0.8762,0.2397,regular,False,,12.89295672474185,0.8547135146592358,0.07233098591844722,True,True,False,False,False,2,0.07475983039854167,4,True,"[{""start"": [0.5, 0.1], ""theta"": [0.8547137931516472, 0.07232984263879719], ""objective"": 12.892956724835855, ""success"": true, ""message"": ""`ftol` termination condition is satisfied."", ""evaluations"": 11, ""inference_unavailable_reasons"": []}, {""start"": [0.75, 0.4], ""theta"": [0.8547135146592358, 0.07233098591844722], ""objective"": 12.89295672474185, ""success"": true, ""message"": ""`ftol` termination condition is satisfied."", ""evaluations"": 10, ""inference_unavailable_reasons"": []}, {""start"": [0.95, 0.7], ""theta"": [0.8547132996291127, 0.0723320050140901], ""objective"": 12.892956724833741, ""success"": true, ""message"": ""`ftol` termination condition is satisfied."", ""evaluations"": 15, ""inference_unavailable_reasons"": []}, {""start"": [0.8762, 0.2397], ""theta"": [0.8547136173959736, 0.07233182994614998], ""objective"": 12.892956724795543, ""success"": true, ""message"": ""`ftol` termination condition is satisfied."", ""evaluations"": 9, ""inference_unavailable_reasons"": []}]",3e924dd6f12c5a1e21394e00f50d7b9d111e826a158e30dcc00db485a0aba314
193,baseline_fixed,193,1959738556693460997,0.8762,0.2397,boundary,False,,11.467747649457305,0.9799999999999999,0.023991826526287577,True,False,True,True,False,2,,4,True,"[{""start"": [0.5, 0.1], ""theta"": [0.9799999999999999, 0.023991826526287577], ""objective"": 11.467747649457305, ""success"": true, ""message"": ""`gtol` termination condition is satisfied."", ""evaluations"": 11, ""inference_unavailable_reasons"": [""parameter_on_boundary""]}, {""start"": [0.75, 0.4], ""theta"": [0.98, 0.023991826519455584], ""objective"": 11.467747649465458, ""success"": true, ""message"": ""`ftol` termination condition is satisfied."", ""evaluations"": 10, ""inference_unavailable_reasons"": [""parameter_on_boundary""]}, {""start"": [0.95, 0.7], ""theta"": [0.98, 0.023991826519116577], ""objective"": 11.467747649465728, ""success"": true, ""message"": ""`gtol` termination condition is satisfied."", ""evaluations"": 16, ""inference_unavailable_reasons"": [""parameter_on_boundary""]}, {""start"": [0.8762, 0.2397], ""theta"": [0.98, 0.023991826523241194], ""objective"": 11.467747649465192, ""success"": true, ""message"": ""`gtol` termination condition is satisfied."", ""evaluations"": 9, ""inference_unavailable_reasons"": [""parameter_on_boundary""]}]",07dc117babda537b1e8aec980e7fe5cf72c9737499430c1b292fa1474ee83a2f
194,baseline_fixed,194,831606420709128915,0.8762,0.2397,regular,False,,18.832997561109558,0.9638714002868083,0.06926116515357084,True,True,False,False,False,2,0.008726904702288861,4,True,"[{""start"": [0.5, 0.1], ""theta"": [0.9638714785981737, 0.06926100386445387], ""objective"": 18.832997561394574, ""success"": true, ""message"": ""`ftol` termination condition is satisfied."", ""evaluations"": 30, ""inference_unavailable_reasons"": []}, {""start"": [0.75, 0.4], ""theta"": [0.9638714002868083, 0.06926116515357084], ""objective"": 18.832997561109558, ""success"": true, ""message"": ""`ftol` termination condition is satisfied."", ""evaluations"": 24, ""inference_unavailable_reasons"": []}, {""start"": [0.95, 0.7], ""theta"": [0.9638717845401804, 0.06926062642635378], ""objective"": 18.832997562432045, ""success"": true, ""message"": ""`ftol` termination condition is satisfied."", ""evaluations"": 28, ""inference_unavailable_reasons"": []}, {""start"": [0.8762, 0.2397], ""theta"": [0.9638714092961869, 0.06926114645660614], ""objective"": 18.832997561149085, ""success"": true, ""message"": ""`ftol` termination condition is satisfied."", ""evaluations"": 24, ""inference_unavailable_reasons"": []}]",df5fafd670bfb21eeedb68ae5908e54a63e97f4f12460958ed055402fe7f3a74
195,baseline_fixed,195,6209314088080559583,0.8762,0.2397,regular,False,,6.607353151114323,0.8896146126001718,0.24499388889187104,True,True,False,False,False,2,0.47087303595821883,4,True,"[{""start"": [0.5, 0.1], ""theta"": [0.8896146126001718, 0.24499388889187104], ""objective"": 6.607353151114323, ""success"": true, ""message"": ""`ftol` termination condition is satisfied."", ""evaluations"": 11, ""inference_unavailable_reasons"": []}, {""start"": [0.75, 0.4], ""theta"": [0.8896142386823951, 0.2449945069851293], ""objective"": 6.607353151213683, ""success"": true, ""message"": ""`ftol` termination condition is satisfied."", ""evaluations"": 9, ""inference_unavailable_reasons"": []}, {""start"": [0.95, 0.7], ""theta"": [0.8896146193510669, 0.2449938782448725], ""objective"": 6.607353151114639, ""success"": true, ""message"": ""`ftol` termination condition is satisfied."", ""evaluations"": 15, ""inference_unavailable_reasons"": []}, {""start"": [0.8762, 0.2397], ""theta"": [0.889614269210496, 0.24499445230656575], ""objective"": 6.607353151196845, ""success"": true, ""message"": ""`ftol` termination condition is satisfied."", ""evaluations"": 7, ""inference_unavailable_reasons"": []}]",9dd396afd31b6b011d45dbc2d81d175cbbf554dd02f1682c92675af4a0fe6641
196,baseline_fixed,196,2426787564029536470,0.8762,0.2397,regular,False,,23.35119720156403,0.8442841763417136,0.2252061337727874,True,True,False,False,False,2,0.0014803424178232542,4,True,"[{""start"": [0.5, 0.1], ""theta"": [0.8442788347517236, 0.22522112049719525], ""objective"": 23.351197203307848, ""success"": true, ""message"": ""`ftol` termination condition is satisfied."", ""evaluations"": 17, ""inference_unavailable_reasons"": []}, {""start"": [0.75, 0.4], ""theta"": [0.8442785289926903, 0.22522197730357962], ""objective"": 23.351197204036303, ""success"": true, ""message"": ""`ftol` termination condition is satisfied."", ""evaluations"": 15, ""inference_unavailable_reasons"": []}, {""start"": [0.95, 0.7], ""theta"": [0.8442777132811969, 0.2252242672784382], ""objective"": 23.351197206327896, ""success"": true, ""message"": ""`ftol` termination condition is satisfied."", ""evaluations"": 20, ""inference_unavailable_reasons"": []}, {""start"": [0.8762, 0.2397], ""theta"": [0.8442841763417136, 0.2252061337727874], ""objective"": 23.35119720156403, ""success"": true, ""message"": ""`ftol` termination condition is satisfied."", ""evaluations"": 12, ""inference_unavailable_reasons"": []}]",34ea5317eae1e51e5ff29d3fd1bea3abe6226bbc9d64b6ee88456a681a9c46b1
197,baseline_fixed,197,1699380416104212675,0.8762,0.2397,regular,False,,10.568692184296333,0.9694502669835316,0.059756474172663526,True,True,False,False,False,2,0.15857023493893782,4,True,"[{""start"": [0.5, 0.1], ""theta"": [0.9694502669835316, 0.059756474172663526], ""objective"": 10.568692184296333, ""success"": true, ""message"": ""`ftol` termination condition is satisfied."", ""evaluations"": 15, ""inference_unavailable_reasons"": []}, {""start"": [0.75, 0.4], ""theta"": [0.969450153590533, 0.059756686363011735], ""objective"": 10.568692184347594, ""success"": true, ""message"": ""`ftol` termination condition is satisfied."", ""evaluations"": 13, ""inference_unavailable_reasons"": []}, {""start"": [0.95, 0.7], ""theta"": [0.969450167543413, 0.059756660252758276], ""objective"": 10.568692184334799, ""success"": true, ""message"": ""`ftol` termination condition is satisfied."", ""evaluations"": 18, ""inference_unavailable_reasons"": []}, {""start"": [0.8762, 0.2397], ""theta"": [0.9694499129597453, 0.059757136685543666], ""objective"": 10.568692184575937, ""success"": true, ""message"": ""`ftol` termination condition is satisfied."", ""evaluations"": 11, ""inference_unavailable_reasons"": []}]",1205aaa6ccce42b4f61016835597ef52e37f3e11a19f7446334d432d1014f049
198,baseline_fixed,198,8008430541773224585,0.8762,0.2397,boundary,False,,37.03851533889824,0.9785020848427232,0.010000000000000037,True,False,True,False,True,2,,4,True,"[{""start"": [0.5, 0.1], ""theta"": [0.9785018067605555, 0.010000000000000009], ""objective"": 37.03851538222166, ""success"": true, ""message"": ""`ftol` termination condition is satisfied."", ""evaluations"": 28, ""inference_unavailable_reasons"": [""parameter_on_boundary""]}, {""start"": [0.75, 0.4], ""theta"": [0.9785020533919739, 0.01000000000000012], ""objective"": 37.038515343610364, ""success"": true, ""message"": ""`ftol` termination condition is satisfied."", ""evaluations"": 27, ""inference_unavailable_reasons"": [""parameter_on_boundary""]}, {""start"": [0.95, 0.7], ""theta"": [0.9785020775197364, 0.010000000000000009], ""objective"": 37.03851533992672, ""success"": true, ""message"": ""`ftol` termination condition is satisfied."", ""evaluations"": 33, ""inference_unavailable_reasons"": [""parameter_on_boundary""]}, {""start"": [0.8762, 0.2397], ""theta"": [0.9785020848427232, 0.010000000000000037], ""objective"": 37.03851533889824, ""success"": true, ""message"": ""`ftol` termination condition is satisfied."", ""evaluations"": 27, ""inference_unavailable_reasons"": [""parameter_on_boundary""]}]",49bd6a8c325e86274153b56f04806d5f95fadb28a831124d5d16946b397e474f
199,baseline_fixed,199,6847202619547668601,0.8762,0.2397,boundary,False,,7.737872321000467,0.9799999999999999,0.022548325949710027,True,False,True,True,False,2,,4,True,"[{""start"": [0.5, 0.1], ""theta"": [0.9799999999999999, 0.022548325949710027], ""objective"": 7.737872321000467, ""success"": true, ""message"": ""`ftol` termination condition is satisfied."", ""evaluations"": 15, ""inference_unavailable_reasons"": [""parameter_on_boundary""]}, {""start"": [0.75, 0.4], ""theta"": [0.98, 0.022548325951586623], ""objective"": 7.737872321007407, ""success"": true, ""message"": ""`gtol` termination condition is satisfied."", ""evaluations"": 13, ""inference_unavailable_reasons"": [""parameter_on_boundary""]}, {""start"": [0.95, 0.7], ""theta"": [0.98, 0.02254832629054071], ""objective"": 7.737872321007147, ""success"": true, ""message"": ""`xtol` termination condition is satisfied."", ""evaluations"": 19, ""inference_unavailable_reasons"": [""parameter_on_boundary""]}, {""start"": [0.8762, 0.2397], ""theta"": [0.98, 0.02254832595350259], ""objective"": 7.737872321007099, ""success"": true, ""message"": ""`gtol` termination condition is satisfied."", ""evaluations"": 12, ""inference_unavailable_reasons"": [""parameter_on_boundary""]}]",638314a0c162e9ae6a5c2e7c3b9b48c0e961ec3106731298ce60e1709b06886e
200,baseline_fixed,200,13526084791501688955,0.8762,0.2397,boundary,False,,21.39023917920008,0.9799999999999962,0.056478336979654986,True,False,True,True,False,2,,4,True,"[{""start"": [0.5, 0.1], ""theta"": [0.9799999999999962, 0.05647833697963822], ""objective"": 21.390239179200154, ""success"": true, ""message"": ""`ftol` termination condition is satisfied."", ""evaluations"": 19, ""inference_unavailable_reasons"": [""parameter_on_boundary""]}, {""start"": [0.75, 0.4], ""theta"": [0.9799999999999962, 0.056478336979654986], ""objective"": 21.39023917920008, ""success"": true, ""message"": ""`ftol` termination condition is satisfied."", ""evaluations"": 17, ""inference_unavailable_reasons"": [""parameter_on_boundary""]}, {""start"": [0.95, 0.7], ""theta"": [0.9799999999999969, 0.05647833696867821], ""objective"": 21.390239179203064, ""success"": true, ""message"": ""`ftol` termination condition is satisfied."", ""evaluations"": 22, ""inference_unavailable_reasons"": [""parameter_on_boundary""]}, {""start"": [0.8762, 0.2397], ""theta"": [0.9799999999999962, 0.056478336975041094], ""objective"": 21.390239179200204, ""success"": true, ""message"": ""`ftol` termination condition is satisfied."", ""evaluations"": 13, ""inference_unavailable_reasons"": [""parameter_on_boundary""]}]",2005837f74c06b9c83701cde1dedff14eedb827b1803f5a3d4ed02d5db78ebc1
201,baseline_fixed,201,12830555665409974775,0.8762,0.2397,boundary,False,,25.077157337243424,0.9423611781771111,0.010000000000000064,True,False,True,False,True,2,,4,True,"[{""start"": [0.5, 0.1], ""theta"": [0.9423615525888939, 0.010000000000000009], ""objective"": 25.07715734229717, ""success"": true, ""message"": ""`ftol` termination condition is satisfied."", ""evaluations"": 22, ""inference_unavailable_reasons"": [""parameter_on_boundary""]}, {""start"": [0.75, 0.4], ""theta"": [0.9423611781771111, 0.010000000000000064], ""objective"": 25.077157337243424, ""success"": true, ""message"": ""`ftol` termination condition is satisfied."", ""evaluations"": 22, ""inference_unavailable_reasons"": [""parameter_on_boundary""]}, {""start"": [0.95, 0.7], ""theta"": [0.9423613782932242, 0.01000000000000012], ""objective"": 25.077157339802234, ""success"": true, ""message"": ""`ftol` termination condition is satisfied."", ""evaluations"": 27, ""inference_unavailable_reasons"": [""parameter_on_boundary""]}, {""start"": [0.8762, 0.2397], ""theta"": [0.942361511931878, 0.010000000000000037], ""objective"": 25.077157341667544, ""success"": true, ""message"": ""`ftol` termination condition is satisfied."", ""evaluations"": 15, ""inference_unavailable_reasons"": [""parameter_on_boundary""]}]",f2ec90bacdacd26f412f043b272ae9e33153824b27ab575b70b57f6ad320d0d9
202,baseline_fixed,202,1707833086519625805,0.8762,0.2397,regular,False,,4.432537719488693,0.8776770570608126,0.08369728901451003,True,True,False,False,False,2,0.7288249051698161,4,True,"[{""start"": [0.5, 0.1], ""theta"": [0.8776770570608126, 0.08369728901451003], ""objective"": 4.432537719488693, ""success"": true, ""message"": ""`ftol` termination condition is satisfied."", ""evaluations"": 11, ""inference_unavailable_reasons"": []}, {""start"": [0.75, 0.4], ""theta"": [0.8776770502121662, 0.08369731088765331], ""objective"": 4.432537719494565, ""success"": true, ""message"": ""`ftol` termination condition is satisfied."", ""evaluations"": 9, ""inference_unavailable_reasons"": []}, {""start"": [0.95, 0.7], ""theta"": [0.877677056875592, 0.08369728970507617], ""objective"": 4.432537719492604, ""success"": true, ""message"": ""`ftol` termination condition is satisfied."", ""evaluations"": 15, ""inference_unavailable_reasons"": []}, {""start"": [0.8762, 0.2397], ""theta"": [0.8776770591011785, 0.08369728231398596], ""objective"": 4.432537719493239, ""success"": true, ""message"": ""`ftol` termination condition is satisfied."", ""evaluations"": 9, ""inference_unavailable_reasons"": []}]",c45bee09da1ddd4a342bd232aafe526682c178801cc8eeea4446ea4f5bc4d03c
203,baseline_fixed,203,1253065288799068085,0.8762,0.2397,regular,False,,19.163290657896617,0.8354339992287758,0.3382063735677891,True,True,False,False,False,2,0.0076909139222228265,4,True,"[{""start"": [0.5, 0.1], ""theta"": [0.8354338378696771, 0.33820639474953984], ""objective"": 19.163290657996995, ""success"": true, ""message"": ""`ftol` termination condition is satisfied."", ""evaluations"": 10, ""inference_unavailable_reasons"": []}, {""start"": [0.75, 0.4], ""theta"": [0.8354337900694501, 0.3382063593976124], ""objective"": 19.163290658050062, ""success"": true, ""message"": ""`ftol` termination condition is satisfied."", ""evaluations"": 8, ""inference_unavailable_reasons"": []}, {""start"": [0.95, 0.7], ""theta"": [0.8354339992287758, 0.3382063735677891], ""objective"": 19.163290657896617, ""success"": true, ""message"": ""`ftol` termination condition is satisfied."", ""evaluations"": 12, ""inference_unavailable_reasons"": []}, {""start"": [0.8762, 0.2397], ""theta"": [0.8354342947957787, 0.3382061899336529], ""objective"": 19.163290657944895, ""success"": true, ""message"": ""`ftol` termination condition is satisfied."", ""evaluations"": 7, ""inference_unavailable_reasons"": []}]",d7a3b9d6778d9585f61c9819533e111abccf9836840bd50e72acaefd4855c16f
204,baseline_fixed,204,8496000517054098095,0.8762,0.2397,regular,False,,5.343692387747138,0.9418368729317779,0.1112903197179412,True,True,False,False,False,2,0.6180982043028751,4,True,"[{""start"": [0.5, 0.1], ""theta"": [0.9418373343460693, 0.11128940410232263], ""objective"": 5.343692387797216, ""success"": true, ""message"": ""`ftol` termination condition is satisfied."", ""evaluations"": 10, ""inference_unavailable_reasons"": []}, {""start"": [0.75, 0.4], ""theta"": [0.941837264139887, 0.11128954342082797], ""objective"": 5.34369238778229, ""success"": true, ""message"": ""`ftol` termination condition is satisfied."", ""evaluations"": 9, ""inference_unavailable_reasons"": []}, {""start"": [0.95, 0.7], ""theta"": [0.9418372190444758, 0.11128963290349736], ""objective"": 5.343692387774112, ""success"": true, ""message"": ""`ftol` termination condition is satisfied."", ""evaluations"": 15, ""inference_unavailable_reasons"": []}, {""start"": [0.8762, 0.2397], ""theta"": [0.9418368729317779, 0.1112903197179412], ""objective"": 5.343692387747138, ""success"": true, ""message"": ""`ftol` termination condition is satisfied."", ""evaluations"": 8, ""inference_unavailable_reasons"": []}]",7478f11ac9185330c7ceb8a3afbcb08ad687f8ddd803a103c66a5c2eb2516bb8
205,baseline_fixed,205,4135159195857068939,0.8762,0.2397,boundary,False,,11.444581433031612,0.9799999999999998,0.04340787313315475,True,False,True,True,False,2,,4,True,"[{""start"": [0.5, 0.1], ""theta"": [0.9799999999999998, 0.04340787313315475], ""objective"": 11.444581433031612, ""success"": true, ""message"": ""`ftol` termination condition is satisfied."", ""evaluations"": 13, ""inference_unavailable_reasons"": [""parameter_on_boundary""]}, {""start"": [0.75, 0.4], ""theta"": [0.98, 0.0434078731350282], ""objective"": 11.444581433049208, ""success"": true, ""message"": ""`ftol` termination condition is satisfied."", ""evaluations"": 12, ""inference_unavailable_reasons"": [""parameter_on_boundary""]}, {""start"": [0.95, 0.7], ""theta"": [0.98, 0.04340787313629624], ""objective"": 11.44458143304896, ""success"": true, ""message"": ""`gtol` termination condition is satisfied."", ""evaluations"": 17, ""inference_unavailable_reasons"": [""parameter_on_boundary""]}, {""start"": [0.8762, 0.2397], ""theta"": [0.98, 0.04340787313371208], ""objective"": 11.44458143304933, ""success"": true, ""message"": ""`gtol` termination condition is satisfied."", ""evaluations"": 10, ""inference_unavailable_reasons"": [""parameter_on_boundary""]}]",9a736da46203ba4cf15c19af6ca78633cbfee22099ec0ea3d2c2b75005cb4d60
206,baseline_fixed,206,10841175434561570233,0.8762,0.2397,regular,False,,13.951214950124768,0.7056366233842407,0.4972948158631567,True,True,False,False,False,2,0.05205587710957842,4,True,"[{""start"": [0.5, 0.1], ""theta"": [0.7056358972884931, 0.4972966268170439], ""objective"": 13.951214950235954, ""success"": true, ""message"": ""`ftol` termination condition is satisfied."", ""evaluations"": 9, ""inference_unavailable_reasons"": []}, {""start"": [0.75, 0.4], ""theta"": [0.7056367047496865, 0.49729461569557504], ""objective"": 13.951214950166442, ""success"": true, ""message"": ""`ftol` termination condition is satisfied."", ""evaluations"": 8, ""inference_unavailable_reasons"": []}, {""start"": [0.95, 0.7], ""theta"": [0.7056366233842407, 0.4972948158631567], ""objective"": 13.951214950124768, ""success"": true, ""message"": ""`ftol` termination condition is satisfied."", ""evaluations"": 13, ""inference_unavailable_reasons"": []}, {""start"": [0.8762, 0.2397], ""theta"": [0.7056368826075561, 0.497294172650801], ""objective"": 13.951214950305804, ""success"": true, ""message"": ""`ftol` termination condition is satisfied."", ""evaluations"": 10, ""inference_unavailable_reasons"": []}]",f7ec08a0d87fafacf6689b5ddd9bc24d42bcb5a6e411afdc8135f10426eadc1e
207,baseline_fixed,207,9562492705687682152,0.8762,0.2397,regular,False,,10.173559286933614,0.9616132009881165,0.08053097453892055,True,True,False,False,False,2,0.1789495279275409,4,True,"[{""start"": [0.5, 0.1], ""theta"": [0.9616129441252317, 0.08053149870530384], ""objective"": 10.173559287076651, ""success"": true, ""message"": ""`ftol` termination condition is satisfied."", ""evaluations"": 13, ""inference_unavailable_reasons"": []}, {""start"": [0.75, 0.4], ""theta"": [0.9616131985421872, 0.08053097952803606], ""objective"": 10.173559286933955, ""success"": true, ""message"": ""`ftol` termination condition is satisfied."", ""evaluations"": 12, ""inference_unavailable_reasons"": []}, {""start"": [0.95, 0.7], ""theta"": [0.9616129420796897, 0.08053150287664113], ""objective"": 10.173559287078694, ""success"": true, ""message"": ""`ftol` termination condition is satisfied."", ""evaluations"": 17, ""inference_unavailable_reasons"": []}, {""start"": [0.8762, 0.2397], ""theta"": [0.9616132009881165, 0.08053097453892055], ""objective"": 10.173559286933614, ""success"": true, ""message"": ""`ftol` termination condition is satisfied."", ""evaluations"": 10, ""inference_unavailable_reasons"": []}]",3d60470de9d2ffdf0f4a9793beaf7a7c281137551d59f51cf92df0907a588cb5
208,baseline_fixed,208,1959869097927460800,0.8762,0.2397,regular,False,,8.975633805688656,0.8374968982997969,0.329467626715774,True,True,False,False,False,2,0.2544101798440059,4,True,"[{""start"": [0.5, 0.1], ""theta"": [0.837496580206072, 0.3294685697887171], ""objective"": 8.975633805889306, ""success"": true, ""message"": ""`ftol` termination condition is satisfied."", ""evaluations"": 10, ""inference_unavailable_reasons"": []}, {""start"": [0.75, 0.4], ""theta"": [0.8374968982997969, 0.329467626715774], ""objective"": 8.975633805688656, ""success"": true, ""message"": ""`ftol` termination condition is satisfied."", ""evaluations"": 9, ""inference_unavailable_reasons"": []}, {""start"": [0.95, 0.7], ""theta"": [0.8374976751896712, 0.3294653129700822], ""objective"": 8.975633805907025, ""success"": true, ""message"": ""`ftol` termination condition is satisfied."", ""evaluations"": 13, ""inference_unavailable_reasons"": []}, {""start"": [0.8762, 0.2397], ""theta"": [0.837496506239006, 0.3294687952683004], ""objective"": 8.975633805966321, ""success"": true, ""message"": ""`ftol` termination condition is satisfied."", ""evaluations"": 8, ""inference_unavailable_reasons"": []}]",eb6cf0837f759bcc3c38ae7dc1d4acaea9a14824c774ed63be3c57f302343e60
209,baseline_fixed,209,18087403010145121064,0.8762,0.2397,optimization_unresolved,True,,18.10486177969097,0.9734813450406565,0.03941581270097677,True,False,False,False,False,2,,4,False,"[{""start"": [0.5, 0.1], ""theta"": [0.7340929843223051, 0.6459438743920043], ""objective"": 32.42825836537259, ""success"": true, ""message"": ""`ftol` termination condition is satisfied."", ""evaluations"": 33, ""inference_unavailable_reasons"": []}, {""start"": [0.75, 0.4], ""theta"": [0.9734809362888639, 0.03941630670546098], ""objective"": 18.104861781467058, ""success"": true, ""message"": ""`ftol` termination condition is satisfied."", ""evaluations"": 27, ""inference_unavailable_reasons"": []}, {""start"": [0.95, 0.7], ""theta"": [0.7340937881201635, 0.6459413762199511], ""objective"": 32.42825837099328, ""success"": true, ""message"": ""`ftol` termination condition is satisfied."", ""evaluations"": 56, ""inference_unavailable_reasons"": []}, {""start"": [0.8762, 0.2397], ""theta"": [0.9734813450406565, 0.03941581270097677], ""objective"": 18.10486177969097, ""success"": true, ""message"": ""`ftol` termination condition is satisfied."", ""evaluations"": 21, ""inference_unavailable_reasons"": []}]",2aeb2bc471e471942be75172205e5c91ab6c384c067d39cc88ff1e4412d09870
210,baseline_fixed,210,7385067600177801507,0.8762,0.2397,regular,False,,9.105009283934375,0.931725870850807,0.06117468320251118,True,True,False,False,False,2,0.24520450890050885,4,True,"[{""start"": [0.5, 0.1], ""theta"": [0.9317252495915889, 0.06117562323166602], ""objective"": 9.1050092850569, ""success"": true, ""message"": ""`ftol` termination condition is satisfied."", ""evaluations"": 20, ""inference_unavailable_reasons"": []}, {""start"": [0.75, 0.4], ""theta"": [0.931725870850807, 0.06117468320251118], ""objective"": 9.105009283934375, ""success"": true, ""message"": ""`ftol` termination condition is satisfied."", ""evaluations"": 19, ""inference_unavailable_reasons"": []}, {""start"": [0.95, 0.7], ""theta"": [0.9317257422584597, 0.061174877867177235], ""objective"": 9.105009284122307, ""success"": true, ""message"": ""`ftol` termination condition is satisfied."", ""evaluations"": 24, ""inference_unavailable_reasons"": []}, {""start"": [0.8762, 0.2397], ""theta"": [0.9317256186536679, 0.06117506486331836], ""objective"": 9.105009284316509, ""success"": true, ""message"": ""`ftol` termination condition is satisfied."", ""evaluations"": 17, ""inference_unavailable_reasons"": []}]",c4fecb02a44c4d75002d053d6732fb8ba8d49057678145ed4f1287773f4dbad5
211,baseline_fixed,211,11455446533649950774,0.8762,0.2397,regular,False,,21.75434133809771,0.9346321657689882,0.04238188492243593,True,True,False,False,False,2,0.002800261315415159,4,True,"[{""start"": [0.5, 0.1], ""theta"": [0.9346321657689882, 0.04238188492243593], ""objective"": 21.75434133809771, ""success"": true, ""message"": ""`ftol` termination condition is satisfied."", ""evaluations"": 12, ""inference_unavailable_reasons"": []}, {""start"": [0.75, 0.4], ""theta"": [0.9346321660093995, 0.04238188062683462], ""objective"": 21.754341338100524, ""success"": true, ""message"": ""`ftol` termination condition is satisfied."", ""evaluations"": 10, ""inference_unavailable_reasons"": []}, {""start"": [0.95, 0.7], ""theta"": [0.9346321658693257, 0.04238188005381516], ""objective"": 21.754341338106634, ""success"": true, ""message"": ""`ftol` termination condition is satisfied."", ""evaluations"": 16, ""inference_unavailable_reasons"": []}, {""start"": [0.8762, 0.2397], ""theta"": [0.9346321661962984, 0.042381881275954186], ""objective"": 21.754341338108013, ""success"": true, ""message"": ""`ftol` termination condition is satisfied."", ""evaluations"": 9, ""inference_unavailable_reasons"": []}]",849e2c58cf2fbac331067816907b7c8a7764ca00f1fe15f441633859f8f2b0db
212,baseline_fixed,212,10304669534380097688,0.8762,0.2397,boundary,False,,3.1418676354086807,0.98,0.026523358039365563,True,False,True,True,False,2,,4,True,"[{""start"": [0.5, 0.1], ""theta"": [0.98, 0.026523358038506528], ""objective"": 3.141867635408755, ""success"": true, ""message"": ""`ftol` termination condition is satisfied."", ""evaluations"": 12, ""inference_unavailable_reasons"": [""parameter_on_boundary""]}, {""start"": [0.75, 0.4], ""theta"": [0.98, 0.026523358039365563], ""objective"": 3.1418676354086807, ""success"": true, ""message"": ""`gtol` termination condition is satisfied."", ""evaluations"": 10, ""inference_unavailable_reasons"": [""parameter_on_boundary""]}, {""start"": [0.95, 0.7], ""theta"": [0.98, 0.02652335803863748], ""objective"": 3.1418676354088295, ""success"": true, ""message"": ""`ftol` termination condition is satisfied."", ""evaluations"": 16, ""inference_unavailable_reasons"": [""parameter_on_boundary""]}, {""start"": [0.8762, 0.2397], ""theta"": [0.98, 0.026523358038841233], ""objective"": 3.141867635408781, ""success"": true, ""message"": ""`gtol` termination condition is satisfied."", ""evaluations"": 9, ""inference_unavailable_reasons"": [""parameter_on_boundary""]}]",fee92a33c6aefd60d9b62c77bdb909e76f425ee5daccdf2a64d23a091136fe62
213,baseline_fixed,213,5397726881585302250,0.8762,0.2397,regular,False,,9.568519269455212,0.8495071476336484,0.23062931234887818,True,True,False,False,False,2,0.21437161070072253,4,True,"[{""start"": [0.5, 0.1], ""theta"": [0.8495071476336484, 0.23062931234887818], ""objective"": 9.568519269455212, ""success"": true, ""message"": ""`ftol` termination condition is satisfied."", ""evaluations"": 9, ""inference_unavailable_reasons"": []}, {""start"": [0.75, 0.4], ""theta"": [0.8495070872679263, 0.2306294570190068], ""objective"": 9.568519269478006, ""success"": true, ""message"": ""`ftol` termination condition is satisfied."", ""evaluations"": 7, ""inference_unavailable_reasons"": []}, {""start"": [0.95, 0.7], ""theta"": [0.8495071283934256, 0.23062935945522745], ""objective"": 9.568519269463334, ""success"": true, ""message"": ""`ftol` termination condition is satisfied."", ""evaluations"": 13, ""inference_unavailable_reasons"": []}, {""start"": [0.8762, 0.2397], ""theta"": [0.8495076695942091, 0.23062805962470984], ""objective"": 9.568519269519475, ""success"": true, ""message"": ""`ftol` termination condition is satisfied."", ""evaluations"": 6, ""inference_unavailable_reasons"": []}]",7a6251b058939d02e471f6fcb7d06237e0fec8773dff11b2d2365d4f58b1dc83
214,baseline_fixed,214,5157841840786175410,0.8762,0.2397,regular,False,,4.537282583869578,0.8485515357845973,0.3353589625386802,True,True,False,False,False,2,0.7162232954071643,4,True,"[{""start"": [0.5, 0.1], ""theta"": [0.8485449127060254, 0.33537524024029086], ""objective"": 4.537282584506029, ""success"": true, ""message"": ""`ftol` termination condition is satisfied."", ""evaluations"": 22, ""inference_unavailable_reasons"": []}, {""start"": [0.75, 0.4], ""theta"": [0.8485447196161017, 0.33537571490222806], ""objective"": 4.53728258467789, ""success"": true, ""message"": ""`ftol` termination condition is satisfied."", ""evaluations"": 20, ""inference_unavailable_reasons"": []}, {""start"": [0.95, 0.7], ""theta"": [0.8485444817618162, 0.3353762992639277], ""objective"": 4.537282584901153, ""success"": true, ""message"": ""`ftol` termination condition is satisfied."", ""evaluations"": 25, ""inference_unavailable_reasons"": []}, {""start"": [0.8762, 0.2397], ""theta"": [0.8485515357845973, 0.3353589625386802], ""objective"": 4.537282583869578, ""success"": true, ""message"": ""`ftol` termination condition is satisfied."", ""evaluations"": 19, ""inference_unavailable_reasons"": []}]",3bd89c0a7030f27c972de1ff07e9281ad44129fde4f15d42d895fd833745cb96
215,baseline_fixed,215,5741390671663881310,0.8762,0.2397,regular,False,,19.400498765657133,0.7651505799384372,0.37934289759042356,True,True,False,False,False,2,0.007021113896913572,4,True,"[{""start"": [0.5, 0.1], ""theta"": [0.7651503787439767, 0.3793434023052552], ""objective"": 19.400498766036332, ""success"": true, ""message"": ""`ftol` termination condition is satisfied."", ""evaluations"": 17, ""inference_unavailable_reasons"": []}, {""start"": [0.75, 0.4], ""theta"": [0.7651502775118363, 0.3793436578797345], ""objective"": 19.400498766219187, ""success"": true, ""message"": ""`ftol` termination condition is satisfied."", ""evaluations"": 13, ""inference_unavailable_reasons"": []}, {""start"": [0.95, 0.7], ""theta"": [0.7651505799384372, 0.37934289759042356], ""objective"": 19.400498765657133, ""success"": true, ""message"": ""`ftol` termination condition is satisfied."", ""evaluations"": 21, ""inference_unavailable_reasons"": []}, {""start"": [0.8762, 0.2397], ""theta"": [0.7651609162223202, 0.37931685261813614], ""objective"": 19.40049876840516, ""success"": true, ""message"": ""`ftol` termination condition is satisfied."", ""evaluations"": 19, ""inference_unavailable_reasons"": []}]",ed7201be1221a2419c5b15d94dbdd1790cab6d1d5f3913abd2ef09f6fc3ffc3d
216,baseline_fixed,216,2920114961498802984,0.8762,0.2397,regular,False,,9.93256727751304,0.8599277712561153,0.16387375903252868,True,True,False,False,False,2,0.19242713865116562,4,True,"[{""start"": [0.5, 0.1], ""theta"": [0.8599277712561153, 0.16387375903252868], ""objective"": 9.93256727751304, ""success"": true, ""message"": ""`ftol` termination condition is satisfied."", ""evaluations"": 9, ""inference_unavailable_reasons"": []}, {""start"": [0.75, 0.4], ""theta"": [0.8599277590359928, 0.16387380600132667], ""objective"": 9.932567277514154, ""success"": true, ""message"": ""`ftol` termination condition is satisfied."", ""evaluations"": 7, ""inference_unavailable_reasons"": []}, {""start"": [0.95, 0.7], ""theta"": [0.859927759788125, 0.16387379764762822], ""objective"": 9.93256727751307, ""success"": true, ""message"": ""`ftol` termination condition is satisfied."", ""evaluations"": 13, ""inference_unavailable_reasons"": []}, {""start"": [0.8762, 0.2397], ""theta"": [0.8599277695839526, 0.16387376295374445], ""objective"": 9.932567277513336, ""success"": true, ""message"": ""`ftol` termination condition is satisfied."", ""evaluations"": 7, ""inference_unavailable_reasons"": []}]",d62e3f02f87ac70083a0d36256053bcd7742fc363eaafdda7054fa40739e87a0
217,baseline_fixed,217,13963636860984992088,0.8762,0.2397,regular,False,,5.956942217636119,0.8702542006000136,0.2645996963125849,True,True,False,False,False,2,0.544785923869183,4,True,"[{""start"": [0.5, 0.1], ""theta"": [0.8702542006000136, 0.2645996963125849], ""objective"": 5.956942217636119, ""success"": true, ""message"": ""`ftol` termination condition is satisfied."", ""evaluations"": 13, ""inference_unavailable_reasons"": []}, {""start"": [0.75, 0.4], ""theta"": [0.8702538530230192, 0.2646004006607239], ""objective"": 5.956942217929864, ""success"": true, ""message"": ""`ftol` termination condition is satisfied."", ""evaluations"": 11, ""inference_unavailable_reasons"": []}, {""start"": [0.95, 0.7], ""theta"": [0.8702571083753251, 0.2645938043558797], ""objective"": 5.956942218182917, ""success"": true, ""message"": ""`ftol` termination condition is satisfied."", ""evaluations"": 16, ""inference_unavailable_reasons"": []}, {""start"": [0.8762, 0.2397], ""theta"": [0.8702538288639002, 0.2646004494528403], ""objective"": 5.956942217951765, ""success"": true, ""message"": ""`ftol` termination condition is satisfied."", ""evaluations"": 9, ""inference_unavailable_reasons"": []}]",3aa9a8b9758b069eceefee2ad249eadeea25e2e7719c161679ee8291bd07651f
218,baseline_fixed,218,10339313402470626649,0.8762,0.2397,regular,False,,4.536618440662437,0.8336223884301543,0.4059383232769397,True,True,False,False,False,2,0.7163034271078452,4,True,"[{""start"": [0.5, 0.1], ""theta"": [0.8336224173472635, 0.40593826623576945], ""objective"": 4.536618440665427, ""success"": true, ""message"": ""`ftol` termination condition is satisfied."", ""evaluations"": 10, ""inference_unavailable_reasons"": []}, {""start"": [0.75, 0.4], ""theta"": [0.8336224396082661, 0.40593819899785993], ""objective"": 4.536618440667773, ""success"": true, ""message"": ""`ftol` termination condition is satisfied."", ""evaluations"": 8, ""inference_unavailable_reasons"": []}, {""start"": [0.95, 0.7], ""theta"": [0.8336223884301543, 0.4059383232769397], ""objective"": 4.536618440662437, ""success"": true, ""message"": ""`ftol` termination condition is satisfied."", ""evaluations"": 11, ""inference_unavailable_reasons"": []}, {""start"": [0.8762, 0.2397], ""theta"": [0.8336224150419953, 0.4059382735605003], ""objective"": 4.536618440662562, ""success"": true, ""message"": ""`ftol` termination condition is satisfied."", ""evaluations"": 8, ""inference_unavailable_reasons"": []}]",8af63072b6be41c79f65b1ca2eec9bb89c08d3fb1df05bc84e0a4b44ef0eaf22
219,baseline_fixed,219,5001292053596173382,0.8762,0.2397,regular,False,,11.630898880123244,0.8613251952662386,0.16530774332154044,True,True,False,False,False,2,0.11336914207857883,4,True,"[{""start"": [0.5, 0.1], ""theta"": [0.8613251952662386, 0.16530774332154044], ""objective"": 11.630898880123244, ""success"": true, ""message"": ""`ftol` termination condition is satisfied."", ""evaluations"": 12, ""inference_unavailable_reasons"": []}, {""start"": [0.75, 0.4], ""theta"": [0.861326296228957, 0.1653045867634866], ""objective"": 11.630898880975987, ""success"": true, ""message"": ""`ftol` termination condition is satisfied."", ""evaluations"": 10, ""inference_unavailable_reasons"": []}, {""start"": [0.95, 0.7], ""theta"": [0.8613248495749811, 0.16530875037334325], ""objective"": 11.630898880565775, ""success"": true, ""message"": ""`ftol` termination condition is satisfied."", ""evaluations"": 14, ""inference_unavailable_reasons"": []}, {""start"": [0.8762, 0.2397], ""theta"": [0.8613249500776388, 0.1653084508172114], ""objective"": 11.630898880405791, ""success"": true, ""message"": ""`ftol` termination condition is satisfied."", ""evaluations"": 9, ""inference_unavailable_reasons"": []}]",e7196912dd93267760c9dffe87406bf1f03584b454c21ceea2ea33418caa6ffd
220,baseline_fixed,220,6380364367572362912,0.8762,0.2397,regular,False,,11.80120952089181,0.8450180830975234,0.2198605072735736,True,True,False,False,False,2,0.10728864992937082,4,True,"[{""start"": [0.5, 0.1], ""theta"": [0.8450185294455133, 0.21985930515843866], ""objective"": 11.801209521431849, ""success"": true, ""message"": ""`ftol` termination condition is satisfied."", ""evaluations"": 11, ""inference_unavailable_reasons"": []}, {""start"": [0.75, 0.4], ""theta"": [0.845016905384567, 0.2198636281002414], ""objective"": 11.801209520976535, ""success"": true, ""message"": ""`ftol` termination condition is satisfied."", ""evaluations"": 8, ""inference_unavailable_reasons"": []}, {""start"": [0.95, 0.7], ""theta"": [0.8450180830975234, 0.2198605072735736], ""objective"": 11.80120952089181, ""success"": true, ""message"": ""`ftol` termination condition is satisfied."", ""evaluations"": 15, ""inference_unavailable_reasons"": []}, {""start"": [0.8762, 0.2397], ""theta"": [0.8450184650407305, 0.21985952945592507], ""objective"": 11.801209521309353, ""success"": true, ""message"": ""`ftol` termination condition is satisfied."", ""evaluations"": 8, ""inference_unavailable_reasons"": []}]",f5bdc1196d04a3a58794c2c4f6ae9b11ab84ad833ce4f5868b5994493c47871c
221,baseline_fixed,221,3811929816004480835,0.8762,0.2397,regular,False,,2.3893922637723484,0.9037860194322623,0.14062764901973646,True,True,False,False,False,2,0.9351931558475554,4,True,"[{""start"": [0.5, 0.1], ""theta"": [0.9037860186614368, 0.14062765061972457], ""objective"": 2.389392263774058, ""success"": true, ""message"": ""`ftol` termination condition is satisfied."", ""evaluations"": 11, ""inference_unavailable_reasons"": []}, {""start"": [0.75, 0.4], ""theta"": [0.9037860135112441, 0.14062766139274246], ""objective"": 2.3893922637753926, ""success"": true, ""message"": ""`ftol` termination condition is satisfied."", ""evaluations"": 9, ""inference_unavailable_reasons"": []}, {""start"": [0.95, 0.7], ""theta"": [0.9037860194322623, 0.14062764901973646], ""objective"": 2.3893922637723484, ""success"": true, ""message"": ""`ftol` termination condition is satisfied."", ""evaluations"": 15, ""inference_unavailable_reasons"": []}, {""start"": [0.8762, 0.2397], ""theta"": [0.9037860186937627, 0.14062765055692403], ""objective"": 2.3893922637741083, ""success"": true, ""message"": ""`ftol` termination condition is satisfied."", ""evaluations"": 8, ""inference_unavailable_reasons"": []}]",3297b9c61da67e7d92f66f5418dcbef609e91a2858e2e293e09876b7221f6968
222,baseline_fixed,222,18146152470635073298,0.8762,0.2397,regular,False,,5.407310037426032,0.935228293880054,0.12980010666118313,True,True,False,False,False,2,0.6103862875393595,4,True,"[{""start"": [0.5, 0.1], ""theta"": [0.935227715966966, 0.12980133627164314], ""objective"": 5.407310037467727, ""success"": true, ""message"": ""`ftol` termination condition is satisfied."", ""evaluations"": 12, ""inference_unavailable_reasons"": []}, {""start"": [0.75, 0.4], ""theta"": [0.9352284244262671, 0.12979982890218966], ""objective"": 5.407310037508147, ""success"": true, ""message"": ""`ftol` termination condition is satisfied."", ""evaluations"": 12, ""inference_unavailable_reasons"": []}, {""start"": [0.95, 0.7], ""theta"": [0.935228293880054, 0.12980010666118313], ""objective"": 5.407310037426032, ""success"": true, ""message"": ""`ftol` termination condition is satisfied."", ""evaluations"": 17, ""inference_unavailable_reasons"": []}, {""start"": [0.8762, 0.2397], ""theta"": [0.9352286686271063, 0.12979930931228584], ""objective"": 5.407310037730939, ""success"": true, ""message"": ""`ftol` termination condition is satisfied."", ""evaluations"": 10, ""inference_unavailable_reasons"": []}]",7f2e4a65f32672ceb9515b413325e1478c70aadf99955de25dc588a4fc4bc275
223,baseline_fixed,223,15942828135122845746,0.8762,0.2397,regular,False,,6.007324886012148,0.9728637021967281,0.03941512714463982,True,True,False,False,False,2,0.5388943200138502,4,True,"[{""start"": [0.5, 0.1], ""theta"": [0.9728637021967281, 0.03941512714463982], ""objective"": 6.007324886012148, ""success"": true, ""message"": ""`ftol` termination condition is satisfied."", ""evaluations"": 14, ""inference_unavailable_reasons"": []}, {""start"": [0.75, 0.4], ""theta"": [0.972863639363307, 0.039415208947086], ""objective"": 6.007324886037313, ""success"": true, ""message"": ""`ftol` termination condition is satisfied."", ""evaluations"": 12, ""inference_unavailable_reasons"": []}, {""start"": [0.95, 0.7], ""theta"": [0.9728636651579184, 0.03941517536519068], ""objective"": 6.007324886026243, ""success"": true, ""message"": ""`ftol` termination condition is satisfied."", ""evaluations"": 18, ""inference_unavailable_reasons"": []}, {""start"": [0.8762, 0.2397], ""theta"": [0.972863680660365, 0.03941515518423086], ""objective"": 6.007324886016158, ""success"": true, ""message"": ""`ftol` termination condition is satisfied."", ""evaluations"": 11, ""inference_unavailable_reasons"": []}]",8d3aeebf168fc552c1e6214abea28b5610fa33ae25699e720a220c68054222fb
224,baseline_fixed,224,4884180346809968383,0.8762,0.2397,regular,False,,9.94077295092855,0.9306236762922794,0.12552523243834268,True,True,False,False,False,2,0.19195473335305988,4,True,"[{""start"": [0.5, 0.1], ""theta"": [0.930623560753426, 0.1255254341878918], ""objective"": 9.940772950939948, ""success"": true, ""message"": ""`ftol` termination condition is satisfied."", ""evaluations"": 11, ""inference_unavailable_reasons"": []}, {""start"": [0.75, 0.4], ""theta"": [0.9306236199097973, 0.1255253309953976], ""objective"": 9.940772950932434, ""success"": true, ""message"": ""`ftol` termination condition is satisfied."", ""evaluations"": 9, ""inference_unavailable_reasons"": []}, {""start"": [0.95, 0.7], ""theta"": [0.9306236762922794, 0.12552523243834268], ""objective"": 9.94077295092855, ""success"": true, ""message"": ""`ftol` termination condition is satisfied."", ""evaluations"": 15, ""inference_unavailable_reasons"": []}, {""start"": [0.8762, 0.2397], ""theta"": [0.9306235441452708, 0.12552546327104583], ""objective"": 9.940772950943915, ""success"": true, ""message"": ""`ftol` termination condition is satisfied."", ""evaluations"": 7, ""inference_unavailable_reasons"": []}]",536615dab50f4c478ef2b59d7b1681c2a17e9cffb61d6ca6b9c93b6fe0ef79ca
225,baseline_fixed,225,5962840113229192220,0.8762,0.2397,boundary,False,,8.778387865764365,0.9799999999999986,0.03840728984525177,True,False,True,True,False,2,,4,True,"[{""start"": [0.5, 0.1], ""theta"": [0.9799999999999964, 0.038407289139157905], ""objective"": 8.778387865781017, ""success"": true, ""message"": ""`ftol` termination condition is satisfied."", ""evaluations"": 13, ""inference_unavailable_reasons"": [""parameter_on_boundary""]}, {""start"": [0.75, 0.4], ""theta"": [0.9799999999999944, 0.03840728915702524], ""objective"": 8.778387865769457, ""success"": true, ""message"": ""`ftol` termination condition is satisfied."", ""evaluations"": 11, ""inference_unavailable_reasons"": [""parameter_on_boundary""]}, {""start"": [0.95, 0.7], ""theta"": [0.9799999999999986, 0.03840728984525177], ""objective"": 8.778387865764365, ""success"": true, ""message"": ""`xtol` termination condition is satisfied."", ""evaluations"": 15, ""inference_unavailable_reasons"": [""parameter_on_boundary""]}, {""start"": [0.8762, 0.2397], ""theta"": [0.98, 0.03840728910549823], ""objective"": 8.778387865777148, ""success"": true, ""message"": ""Both `ftol` and `xtol` termination conditions are satisfied."", ""evaluations"": 11, ""inference_unavailable_reasons"": [""parameter_on_boundary""]}]",05ba64915349e57ad96734e95a2e18e591b36a4be4a124e144a812ab26d7366c
226,baseline_fixed,226,13051504685594699318,0.8762,0.2397,regular,False,,2.359609161736356,0.8876414682090792,0.10251859204453029,True,True,False,False,False,2,0.9372925839551439,4,True,"[{""start"": [0.5, 0.1], ""theta"": [0.8876413624314561, 0.10251881857570906], ""objective"": 2.359609161751111, ""success"": true, ""message"": ""`ftol` termination condition is satisfied."", ""evaluations"": 12, ""inference_unavailable_reasons"": []}, {""start"": [0.75, 0.4], ""theta"": [0.8876414726228383, 0.1025185824368488], ""objective"": 2.359609161736726, ""success"": true, ""message"": ""`ftol` termination condition is satisfied."", ""evaluations"": 11, ""inference_unavailable_reasons"": []}, {""start"": [0.95, 0.7], ""theta"": [0.8876414682090792, 0.10251859204453029], ""objective"": 2.359609161736356, ""success"": true, ""message"": ""`ftol` termination condition is satisfied."", ""evaluations"": 17, ""inference_unavailable_reasons"": []}, {""start"": [0.8762, 0.2397], ""theta"": [0.8876414136396952, 0.1025187087331135], ""objective"": 2.359609161744957, ""success"": true, ""message"": ""`ftol` termination condition is satisfied."", ""evaluations"": 10, ""inference_unavailable_reasons"": []}]",6729a70a2393bf202a0dc6abc17698e8c64def68cb68802e917b3b702209e06e
227,baseline_fixed,227,2571330776788444951,0.8762,0.2397,regular,False,,6.36224759608723,0.9357205113262805,0.09394154065935822,True,True,False,False,False,2,0.49814438286885376,4,True,"[{""start"": [0.5, 0.1], ""theta"": [0.9357205110724971, 0.09394154102389857], ""objective"": 6.362247596087352, ""success"": true, ""message"": ""`ftol` termination condition is satisfied."", ""evaluations"": 10, ""inference_unavailable_reasons"": []}, {""start"": [0.75, 0.4], ""theta"": [0.9357204986815464, 0.09394155571226653], ""objective"": 6.362247596087714, ""success"": true, ""message"": ""`xtol` termination condition is satisfied."", ""evaluations"": 13, ""inference_unavailable_reasons"": []}, {""start"": [0.95, 0.7], ""theta"": [0.9357205113262805, 0.09394154065935822], ""objective"": 6.36224759608723, ""success"": true, ""message"": ""`ftol` termination condition is satisfied."", ""evaluations"": 13, ""inference_unavailable_reasons"": []}, {""start"": [0.8762, 0.2397], ""theta"": [0.9357205119594205, 0.09394153995375562], ""objective"": 6.36224759608794, ""success"": true, ""message"": ""`ftol` termination condition is satisfied."", ""evaluations"": 7, ""inference_unavailable_reasons"": []}]",b346076be43bba333ac2d22cd32ee4b89cd0db9dab17ae7d2c09980b093ab282
228,baseline_fixed,228,7830810846974032768,0.8762,0.2397,regular,False,,7.215232458181875,0.9156152367041914,0.12896643516376372,True,True,False,False,False,2,0.406819417005692,4,True,"[{""start"": [0.5, 0.1], ""theta"": [0.9156152392997549, 0.12896643095151455], ""objective"": 7.215232458182056, ""success"": true, ""message"": ""`ftol` termination condition is satisfied."", ""evaluations"": 12, ""inference_unavailable_reasons"": []}, {""start"": [0.75, 0.4], ""theta"": [0.9156151457698549, 0.1289665773271899], ""objective"": 7.215232458194699, ""success"": true, ""message"": ""`ftol` termination condition is satisfied."", ""evaluations"": 10, ""inference_unavailable_reasons"": []}, {""start"": [0.95, 0.7], ""theta"": [0.9156152367041914, 0.12896643516376372], ""objective"": 7.215232458181875, ""success"": true, ""message"": ""`ftol` termination condition is satisfied."", ""evaluations"": 16, ""inference_unavailable_reasons"": []}, {""start"": [0.8762, 0.2397], ""theta"": [0.9156151513041328, 0.128966568623146], ""objective"": 7.2152324581942775, ""success"": true, ""message"": ""`ftol` termination condition is satisfied."", ""evaluations"": 9, ""inference_unavailable_reasons"": []}]",461e087c74b7ba9d43430ee92cd099f2eaf5493b47c4c4003dfdff4ad9c77d5c
229,baseline_fixed,229,16585259501380413372,0.8762,0.2397,regular,False,,7.730522888398357,0.857230280572063,0.33134674460084085,True,True,False,False,False,2,0.35695485445399766,4,True,"[{""start"": [0.5, 0.1], ""theta"": [0.857230280572063, 0.33134674460084085], ""objective"": 7.730522888398357, ""success"": true, ""message"": ""`ftol` termination condition is satisfied."", ""evaluations"": 11, ""inference_unavailable_reasons"": []}, {""start"": [0.75, 0.4], ""theta"": [0.8572302206437881, 0.33134690150362966], ""objective"": 7.730522888409634, ""success"": true, ""message"": ""`ftol` termination condition is satisfied."", ""evaluations"": 9, ""inference_unavailable_reasons"": []}, {""start"": [0.95, 0.7], ""theta"": [0.8572302121661733, 0.3313469234432055], ""objective"": 7.730522888406371, ""success"": true, ""message"": ""`ftol` termination condition is satisfied."", ""evaluations"": 14, ""inference_unavailable_reasons"": []}, {""start"": [0.8762, 0.2397], ""theta"": [0.8572306132576553, 0.33134587423797845], ""objective"": 7.730522888451576, ""success"": true, ""message"": ""`ftol` termination condition is satisfied."", ""evaluations"": 7, ""inference_unavailable_reasons"": []}]",5ffbb57014763614ab34404802139172adc61e8876d22b660be8c2c90d566df9
230,baseline_fixed,230,1797337867835329114,0.8762,0.2397,regular,False,,3.393234737912236,0.8863251999258168,0.1433028810485628,True,True,False,False,False,2,0.846401191271938,4,True,"[{""start"": [0.5, 0.1], ""theta"": [0.8863251923590936, 0.14330289345513456], ""objective"": 3.3932347379135797, ""success"": true, ""message"": ""`ftol` termination condition is satisfied."", ""evaluations"": 9, ""inference_unavailable_reasons"": []}, {""start"": [0.75, 0.4], ""theta"": [0.8863251999258168, 0.1433028810485628], ""objective"": 3.393234737912236, ""success"": true, ""message"": ""`ftol` termination condition is satisfied."", ""evaluations"": 8, ""inference_unavailable_reasons"": []}, {""start"": [0.95, 0.7], ""theta"": [0.8863252001691214, 0.14330287867904135], ""objective"": 3.393234737914457, ""success"": true, ""message"": ""`ftol` termination condition is satisfied."", ""evaluations"": 13, ""inference_unavailable_reasons"": []}, {""start"": [0.8762, 0.2397], ""theta"": [0.8863252090177581, 0.14330285756420397], ""objective"": 3.393234737914355, ""success"": true, ""message"": ""`ftol` termination condition is satisfied."", ""evaluations"": 7, ""inference_unavailable_reasons"": []}]",7a4bb2e8552d598126e4f1b37e62869590039f8ea2dde79be678aba069fceced
231,baseline_fixed,231,16702180661004444804,0.8762,0.2397,regular,False,,17.589975238789364,0.9012088779156866,0.2280093362681693,True,True,False,False,False,2,0.01396347252151111,4,True,"[{""start"": [0.5, 0.1], ""theta"": [0.9012088779156866, 0.2280093362681693], ""objective"": 17.589975238789364, ""success"": true, ""message"": ""`ftol` termination condition is satisfied."", ""evaluations"": 20, ""inference_unavailable_reasons"": []}, {""start"": [0.75, 0.4], ""theta"": [0.9012082145283097, 0.22801044292800773], ""objective"": 17.589975239886954, ""success"": true, ""message"": ""`ftol` termination condition is satisfied."", ""evaluations"": 23, ""inference_unavailable_reasons"": []}, {""start"": [0.95, 0.7], ""theta"": [0.9012105826014237, 0.22800385949685092], ""objective"": 17.589975239535814, ""success"": true, ""message"": ""`ftol` termination condition is satisfied."", ""evaluations"": 24, ""inference_unavailable_reasons"": []}, {""start"": [0.8762, 0.2397], ""theta"": [0.9012120261162272, 0.2280011162897307], ""objective"": 17.589975242602158, ""success"": true, ""message"": ""`ftol` termination condition is satisfied."", ""evaluations"": 23, ""inference_unavailable_reasons"": []}]",9d5cd2ec4fa99782a1c665e9f16b88147f9b0d0a66965508c12791932b1afa81
232,baseline_fixed,232,7809096148872866169,0.8762,0.2397,regular,False,,4.171215168094491,0.8469264297632053,0.17941066721629473,True,True,False,False,False,2,0.7598591459717217,4,True,"[{""start"": [0.5, 0.1], ""theta"": [0.8469263136487211, 0.17941094609010344], ""objective"": 4.17121516811396, ""success"": true, ""message"": ""`ftol` termination condition is satisfied."", ""evaluations"": 13, ""inference_unavailable_reasons"": []}, {""start"": [0.75, 0.4], ""theta"": [0.8469264297632053, 0.17941066721629473], ""objective"": 4.171215168094491, ""success"": true, ""message"": ""`ftol` termination condition is satisfied."", ""evaluations"": 11, ""inference_unavailable_reasons"": []}, {""start"": [0.95, 0.7], ""theta"": [0.8469261500077055, 0.1794113399890923], ""objective"": 4.17121516815327, ""success"": true, ""message"": ""`ftol` termination condition is satisfied."", ""evaluations"": 17, ""inference_unavailable_reasons"": []}, {""start"": [0.8762, 0.2397], ""theta"": [0.8469261854494713, 0.17941125426217713], ""objective"": 4.17121516814386, ""success"": true, ""message"": ""`ftol` termination condition is satisfied."", ""evaluations"": 10, ""inference_unavailable_reasons"": []}]",60d921f394c26e49e585165f0f3afd5318366b40bcf453e04897d113352b220d
233,baseline_fixed,233,2528081870855699103,0.8762,0.2397,regular,False,,5.27211306016684,0.8599103490090454,0.3754108690645024,True,True,False,False,False,2,0.6267939980033983,4,True,"[{""start"": [0.5, 0.1], ""theta"": [0.8599108772031565, 0.37540952362363766], ""objective"": 5.272113060673755, ""success"": true, ""message"": ""`ftol` termination condition is satisfied."", ""evaluations"": 26, ""inference_unavailable_reasons"": []}, {""start"": [0.75, 0.4], ""theta"": [0.8599083515357413, 0.375415705333913], ""objective"": 5.272113060816524, ""success"": true, ""message"": ""`ftol` termination condition is satisfied."", ""evaluations"": 23, ""inference_unavailable_reasons"": []}, {""start"": [0.95, 0.7], ""theta"": [0.8599075118984304, 0.3754197351629046], ""objective"": 5.272113064142118, ""success"": true, ""message"": ""`ftol` termination condition is satisfied."", ""evaluations"": 19, ""inference_unavailable_reasons"": [""nonstationary_solution""]}, {""start"": [0.8762, 0.2397], ""theta"": [0.8599103490090454, 0.3754108690645024], ""objective"": 5.27211306016684, ""success"": true, ""message"": ""`ftol` termination condition is satisfied."", ""evaluations"": 24, ""inference_unavailable_reasons"": []}]",2ee71d399d57cb3cd8ceab8c730d9778d36708c156f4de2054664ebd68f2b8e9
234,baseline_fixed,234,9703165741108986173,0.8762,0.2397,regular,False,,0.6186134261837746,0.9602458300251924,0.0679763225372347,True,True,False,False,False,2,0.9988859521796641,4,True,"[{""start"": [0.5, 0.1], ""theta"": [0.9602457963193427, 0.06797638253053825], ""objective"": 0.6186134261890912, ""success"": true, ""message"": ""`ftol` termination condition is satisfied."", ""evaluations"": 15, ""inference_unavailable_reasons"": []}, {""start"": [0.75, 0.4], ""theta"": [0.9602457540031792, 0.0679764578501258], ""objective"": 0.6186134261959069, ""success"": true, ""message"": ""`ftol` termination condition is satisfied."", ""evaluations"": 13, ""inference_unavailable_reasons"": []}, {""start"": [0.95, 0.7], ""theta"": [0.9602458122687211, 0.06797635414200698], ""objective"": 0.6186134261847198, ""success"": true, ""message"": ""`ftol` termination condition is satisfied."", ""evaluations"": 19, ""inference_unavailable_reasons"": []}, {""start"": [0.8762, 0.2397], ""theta"": [0.9602458300251924, 0.0679763225372347], ""objective"": 0.6186134261837746, ""success"": true, ""message"": ""`ftol` termination condition is satisfied."", ""evaluations"": 12, ""inference_unavailable_reasons"": []}]",36fe3dbcf297fba11717e123259a13cc81e0358f2045a0f0a094d324994bde4d
235,baseline_fixed,235,15122265558053515582,0.8762,0.2397,regular,False,,26.944873327198938,0.8547303663429546,0.3580505161687074,True,True,False,False,False,2,0.00034098016305329494,4,True,"[{""start"": [0.5, 0.1], ""theta"": [0.8547303663429546, 0.3580505161687074], ""objective"": 26.944873327198938, ""success"": true, ""message"": ""`ftol` termination condition is satisfied."", ""evaluations"": 13, ""inference_unavailable_reasons"": []}, {""start"": [0.75, 0.4], ""theta"": [0.8547315236083913, 0.3580472206360963], ""objective"": 26.944873329568562, ""success"": true, ""message"": ""`ftol` termination condition is satisfied."", ""evaluations"": 11, ""inference_unavailable_reasons"": []}, {""start"": [0.95, 0.7], ""theta"": [0.8547321763361677, 0.35804668683202023], ""objective"": 26.944873327528946, ""success"": true, ""message"": ""`ftol` termination condition is satisfied."", ""evaluations"": 17, ""inference_unavailable_reasons"": []}, {""start"": [0.8762, 0.2397], ""theta"": [0.8547328110555974, 0.35804519250062833], ""objective"": 26.944873329273857, ""success"": true, ""message"": ""`ftol` termination condition is satisfied."", ""evaluations"": 12, ""inference_unavailable_reasons"": []}]",a688d96104da373a4b34733d6d9a90708277dc2aaf9f8c19c23ba19ce2af592b
236,baseline_fixed,236,10831898823812915874,0.8762,0.2397,regular,False,,3.01341912610174,0.9284793794191617,0.11960060539797757,True,True,False,False,False,2,0.8837580823160285,4,True,"[{""start"": [0.5, 0.1], ""theta"": [0.9284793794191617, 0.11960060539797757], ""objective"": 3.01341912610174, ""success"": true, ""message"": ""`ftol` termination condition is satisfied."", ""evaluations"": 14, ""inference_unavailable_reasons"": []}, {""start"": [0.75, 0.4], ""theta"": [0.9284792350826356, 0.11960090442319349], ""objective"": 3.013419126134851, ""success"": true, ""message"": ""`ftol` termination condition is satisfied."", ""evaluations"": 12, ""inference_unavailable_reasons"": []}, {""start"": [0.95, 0.7], ""theta"": [0.9284792010047186, 0.11960097494977018], ""objective"": 3.0134191261472045, ""success"": true, ""message"": ""`ftol` termination condition is satisfied."", ""evaluations"": 17, ""inference_unavailable_reasons"": []}, {""start"": [0.8762, 0.2397], ""theta"": [0.9284793821841907, 0.11960059967404461], ""objective"": 3.01341912610269, ""success"": true, ""message"": ""`ftol` termination condition is satisfied."", ""evaluations"": 10, ""inference_unavailable_reasons"": []}]",d2686c60f822c204dd423bd7ef96b634056b5924018670eeeb5a346ab95a42ca
237,baseline_fixed,237,14825000036799061114,0.8762,0.2397,regular,False,,3.24070256138668,0.7668963028666783,0.5229332861467039,True,True,False,False,False,2,0.8618784676798207,4,True,"[{""start"": [0.5, 0.1], ""theta"": [0.7668963028666783, 0.5229332861467039], ""objective"": 3.24070256138668, ""success"": true, ""message"": ""`ftol` termination condition is satisfied."", ""evaluations"": 9, ""inference_unavailable_reasons"": []}, {""start"": [0.75, 0.4], ""theta"": [0.7668961295625889, 0.5229337050642853], ""objective"": 3.240702561388976, ""success"": true, ""message"": ""`ftol` termination condition is satisfied."", ""evaluations"": 7, ""inference_unavailable_reasons"": []}, {""start"": [0.95, 0.7], ""theta"": [0.7668965334518497, 0.5229327338561023], ""objective"": 3.240702561415321, ""success"": true, ""message"": ""`ftol` termination condition is satisfied."", ""evaluations"": 10, ""inference_unavailable_reasons"": []}, {""start"": [0.8762, 0.2397], ""theta"": [0.7668965123514571, 0.5229327798391111], ""objective"": 3.2407025614105183, ""success"": true, ""message"": ""`ftol` termination condition is satisfied."", ""evaluations"": 7, ""inference_unavailable_reasons"": []}]",9d5f024c1dbffa786a76dda713c3cd714566a3592dc02472fdffb4da8595ec18
238,baseline_fixed,238,10290416537898571700,0.8762,0.2397,regular,False,,12.166188146342792,0.9399649083752522,0.11368359004256642,True,True,False,False,False,2,0.09522443782208129,4,True,"[{""start"": [0.5, 0.1], ""theta"": [0.9399649083752522, 0.11368359004256642], ""objective"": 12.166188146342792, ""success"": true, ""message"": ""`ftol` termination condition is satisfied."", ""evaluations"": 12, ""inference_unavailable_reasons"": []}, {""start"": [0.75, 0.4], ""theta"": [0.9399648376468851, 0.11368375122056446], ""objective"": 12.166188146357182, ""success"": true, ""message"": ""`ftol` termination condition is satisfied."", ""evaluations"": 10, ""inference_unavailable_reasons"": []}, {""start"": [0.95, 0.7], ""theta"": [0.9399648137128321, 0.11368380575461223], ""objective"": 12.166188146368757, ""success"": true, ""message"": ""`ftol` termination condition is satisfied."", ""evaluations"": 15, ""inference_unavailable_reasons"": []}, {""start"": [0.8762, 0.2397], ""theta"": [0.9399647961691686, 0.11368384645828455], ""objective"": 12.166188146364664, ""success"": true, ""message"": ""`ftol` termination condition is satisfied."", ""evaluations"": 7, ""inference_unavailable_reasons"": []}]",47e1d066730a971a228d2ca2696e262e72f12d535a395a3c149da7c6cd8db804
239,baseline_fixed,239,15467828107637569261,0.8762,0.2397,regular,False,,8.726720819736697,0.8546630947792844,0.37737342941330865,True,True,False,False,False,2,0.27287637860766806,4,True,"[{""start"": [0.5, 0.1], ""theta"": [0.8546630947792844, 0.37737342941330865], ""objective"": 8.726720819736697, ""success"": true, ""message"": ""`ftol` termination condition is satisfied."", ""evaluations"": 19, ""inference_unavailable_reasons"": []}, {""start"": [0.75, 0.4], ""theta"": [0.8546628452687096, 0.37737404848863365], ""objective"": 8.726720819893881, ""success"": true, ""message"": ""`ftol` termination condition is satisfied."", ""evaluations"": 17, ""inference_unavailable_reasons"": []}, {""start"": [0.95, 0.7], ""theta"": [0.8546618760112827, 0.3773764537345702], ""objective"": 8.726720820634457, ""success"": true, ""message"": ""`ftol` termination condition is satisfied."", ""evaluations"": 21, ""inference_unavailable_reasons"": []}, {""start"": [0.8762, 0.2397], ""theta"": [0.8546701029459508, 0.37735603880597157], ""objective"": 8.726720820259102, ""success"": true, ""message"": ""`ftol` termination condition is satisfied."", ""evaluations"": 17, ""inference_unavailable_reasons"": []}]",501ab33afd17d28b0aee252b63adbe59dc4991447dd1ba300d7e721d4ebddf59
240,baseline_fixed,240,13670541749053789742,0.8762,0.2397,boundary,False,,12.248599811946455,0.8620248324033137,0.010000000000000064,True,False,True,False,True,2,,4,True,"[{""start"": [0.5, 0.1], ""theta"": [0.8620248303794422, 0.010000000000000009], ""objective"": 12.248599811947079, ""success"": true, ""message"": ""`ftol` termination condition is satisfied."", ""evaluations"": 11, ""inference_unavailable_reasons"": [""parameter_on_boundary""]}, {""start"": [0.75, 0.4], ""theta"": [0.8620248324033137, 0.010000000000000064], ""objective"": 12.248599811946455, ""success"": true, ""message"": ""`ftol` termination condition is satisfied."", ""evaluations"": 13, ""inference_unavailable_reasons"": [""parameter_on_boundary""]}, {""start"": [0.95, 0.7], ""theta"": [0.8620248315658567, 0.01000000000000012], ""objective"": 12.248599811946463, ""success"": true, ""message"": ""`ftol` termination condition is satisfied."", ""evaluations"": 19, ""inference_unavailable_reasons"": [""parameter_on_boundary""]}, {""start"": [0.8762, 0.2397], ""theta"": [0.8620248323978853, 0.010000000000000037], ""objective"": 12.248599811948738, ""success"": true, ""message"": ""`ftol` termination condition is satisfied."", ""evaluations"": 13, ""inference_unavailable_reasons"": [""parameter_on_boundary""]}]",423a7fa67e3c9dce11d773e5dc9378c5ee699c574342613534c6a67279d6e80b
241,baseline_fixed,241,14785665428313981284,0.8762,0.2397,regular,False,,4.299044820065878,0.957869823241154,0.0640045818606135,True,True,False,False,False,2,0.744760719778841,4,True,"[{""start"": [0.5, 0.1], ""theta"": [0.9578698505035953, 0.06400454144501559], ""objective"": 4.299044820067195, ""success"": true, ""message"": ""`ftol` termination condition is satisfied."", ""evaluations"": 15, ""inference_unavailable_reasons"": []}, {""start"": [0.75, 0.4], ""theta"": [0.9578697129019298, 0.06400474542042478], ""objective"": 4.299044820116889, ""success"": true, ""message"": ""`ftol` termination condition is satisfied."", ""evaluations"": 13, ""inference_unavailable_reasons"": []}, {""start"": [0.95, 0.7], ""theta"": [0.957869690161918, 0.0640047791164039], ""objective"": 4.299044820129791, ""success"": true, ""message"": ""`ftol` termination condition is satisfied."", ""evaluations"": 18, ""inference_unavailable_reasons"": []}, {""start"": [0.8762, 0.2397], ""theta"": [0.957869823241154, 0.0640045818606135], ""objective"": 4.299044820065878, ""success"": true, ""message"": ""`ftol` termination condition is satisfied."", ""evaluations"": 12, ""inference_unavailable_reasons"": []}]",5c66237a4e1f3863c36064762cb65141c3282e7e98cf6a04c11e5d0f50134dcc
242,baseline_fixed,242,15875706778142223884,0.8762,0.2397,regular,False,,3.6207724351601067,0.9767615084947602,0.045605008058143826,True,True,False,False,False,2,0.82227278879914,4,True,"[{""start"": [0.5, 0.1], ""theta"": [0.9767614684471951, 0.04560508627410499], ""objective"": 3.6207724351766606, ""success"": true, ""message"": ""`ftol` termination condition is satisfied."", ""evaluations"": 16, ""inference_unavailable_reasons"": []}, {""start"": [0.75, 0.4], ""theta"": [0.9767613465927524, 0.045605324269238634], ""objective"": 3.6207724352515416, ""success"": true, ""message"": ""`ftol` termination condition is satisfied."", ""evaluations"": 14, ""inference_unavailable_reasons"": []}, {""start"": [0.95, 0.7], ""theta"": [0.9767615084947602, 0.045605008058143826], ""objective"": 3.6207724351601067, ""success"": true, ""message"": ""`ftol` termination condition is satisfied."", ""evaluations"": 20, ""inference_unavailable_reasons"": []}, {""start"": [0.8762, 0.2397], ""theta"": [0.9767614326976878, 0.04560515609678267], ""objective"": 3.6207724351949855, ""success"": true, ""message"": ""`ftol` termination condition is satisfied."", ""evaluations"": 13, ""inference_unavailable_reasons"": []}]",aa1472df41a1d9f44c8a75ba1c7f53d1118ca8d79ed93125dc78fd5224d09f3f
243,baseline_fixed,243,7255708711719089235,0.8762,0.2397,regular,False,,11.12468711820511,0.6994674629061618,0.5419852929523922,True,True,False,False,False,2,0.13327194629331132,4,True,"[{""start"": [0.5, 0.1], ""theta"": [0.6994674642375484, 0.5419852909933836], ""objective"": 11.124687118209, ""success"": true, ""message"": ""`ftol` termination condition is satisfied."", ""evaluations"": 7, ""inference_unavailable_reasons"": []}, {""start"": [0.75, 0.4], ""theta"": [0.6994673884996983, 0.5419853909859863], ""objective"": 11.12468711821493, ""success"": true, ""message"": ""`ftol` termination condition is satisfied."", ""evaluations"": 5, ""inference_unavailable_reasons"": []}, {""start"": [0.95, 0.7], ""theta"": [0.6994674921440274, 0.5419852514750231], ""objective"": 11.124687118207262, ""success"": true, ""message"": ""`ftol` termination condition is satisfied."", ""evaluations"": 12, ""inference_unavailable_reasons"": []}, {""start"": [0.8762, 0.2397], ""theta"": [0.6994674629061618, 0.5419852929523922], ""objective"": 11.12468711820511, ""success"": true, ""message"": ""`ftol` termination condition is satisfied."", ""evaluations"": 7, ""inference_unavailable_reasons"": []}]",f2d1645fc34dc64b8a15cadd681fd3b57692d3b07e830f3a09d982a4d5614cfa
244,baseline_fixed,244,16297946703069752969,0.8762,0.2397,regular,False,,30.55213599980771,0.9331888677829252,0.09015064912546056,True,True,False,False,False,2,7.518116640812759e-05,4,True,"[{""start"": [0.5, 0.1], ""theta"": [0.933188865458268, 0.09015065316796582], ""objective"": 30.552135999808904, ""success"": true, ""message"": ""`ftol` termination condition is satisfied."", ""evaluations"": 12, ""inference_unavailable_reasons"": []}, {""start"": [0.75, 0.4], ""theta"": [0.9331888677829252, 0.09015064912546056], ""objective"": 30.55213599980771, ""success"": true, ""message"": ""`ftol` termination condition is satisfied."", ""evaluations"": 10, ""inference_unavailable_reasons"": []}, {""start"": [0.95, 0.7], ""theta"": [0.9331900361452358, 0.0901486186520355], ""objective"": 30.55213600105955, ""success"": true, ""message"": ""`ftol` termination condition is satisfied."", ""evaluations"": 15, ""inference_unavailable_reasons"": []}, {""start"": [0.8762, 0.2397], ""theta"": [0.9331888528508042, 0.09015067507040009], ""objective"": 30.552135999819647, ""success"": true, ""message"": ""`ftol` termination condition is satisfied."", ""evaluations"": 10, ""inference_unavailable_reasons"": []}]",30b6382b0a382e2319797f345af06a18b45a732fac54a68ca1360556108dd481
245,baseline_fixed,245,12112349024997136186,0.8762,0.2397,regular,False,,7.476018265678531,0.9176858898601369,0.03675544750555554,True,True,False,False,False,2,0.381052245156686,4,True,"[{""start"": [0.5, 0.1], ""theta"": [0.9176858707152211, 0.036755472248960655], ""objective"": 7.476018265680027, ""success"": true, ""message"": ""`ftol` termination condition is satisfied."", ""evaluations"": 12, ""inference_unavailable_reasons"": []}, {""start"": [0.75, 0.4], ""theta"": [0.9176858898601369, 0.03675544750555554], ""objective"": 7.476018265678531, ""success"": true, ""message"": ""`ftol` termination condition is satisfied."", ""evaluations"": 11, ""inference_unavailable_reasons"": []}, {""start"": [0.95, 0.7], ""theta"": [0.9176858067451605, 0.036755555660221706], ""objective"": 7.476018265696371, ""success"": true, ""message"": ""`ftol` termination condition is satisfied."", ""evaluations"": 16, ""inference_unavailable_reasons"": []}, {""start"": [0.8762, 0.2397], ""theta"": [0.9176858345072556, 0.03675551938314464], ""objective"": 7.476018265687653, ""success"": true, ""message"": ""`ftol` termination condition is satisfied."", ""evaluations"": 10, ""inference_unavailable_reasons"": []}]",8c5dfb12b40911018dbd7422dfd84179a4cc5e1aef2236b8b3bc728c61b8aae0
246,baseline_fixed,246,6420611745578704785,0.8762,0.2397,boundary,False,,6.990258334007699,0.9799999999999907,0.04238194772385201,True,False,True,True,False,2,,4,True,"[{""start"": [0.5, 0.1], ""theta"": [0.9799999999999884, 0.042381947734125194], ""objective"": 6.990258334029981, ""success"": true, ""message"": ""`ftol` termination condition is satisfied."", ""evaluations"": 14, ""inference_unavailable_reasons"": [""parameter_on_boundary""]}, {""start"": [0.75, 0.4], ""theta"": [0.9799999999999977, 0.042381947693405475], ""objective"": 6.990258334016919, ""success"": true, ""message"": ""`ftol` termination condition is satisfied."", ""evaluations"": 13, ""inference_unavailable_reasons"": [""parameter_on_boundary""]}, {""start"": [0.95, 0.7], ""theta"": [0.9799999999999951, 0.04238194771039028], ""objective"": 6.990258334015444, ""success"": true, ""message"": ""`ftol` termination condition is satisfied."", ""evaluations"": 17, ""inference_unavailable_reasons"": [""parameter_on_boundary""]}, {""start"": [0.8762, 0.2397], ""theta"": [0.9799999999999907, 0.04238194772385201], ""objective"": 6.990258334007699, ""success"": true, ""message"": ""`ftol` termination condition is satisfied."", ""evaluations"": 10, ""inference_unavailable_reasons"": [""parameter_on_boundary""]}]",4f0c05bea0e1d9bcbda2f2ff8235cd15a8f5013768928629a155e31fdf2d25ab
247,baseline_fixed,247,7919863148469032478,0.8762,0.2397,regular,False,,5.415790733513847,0.7752047601993515,0.604631831975301,True,True,False,False,False,2,0.6093595694156738,4,True,"[{""start"": [0.5, 0.1], ""theta"": [0.7752047601993515, 0.604631831975301], ""objective"": 5.415790733513847, ""success"": true, ""message"": ""`ftol` termination condition is satisfied."", ""evaluations"": 10, ""inference_unavailable_reasons"": []}, {""start"": [0.75, 0.4], ""theta"": [0.775205904054735, 0.6046289259876609], ""objective"": 5.415790733659879, ""success"": true, ""message"": ""`ftol` termination condition is satisfied."", ""evaluations"": 8, ""inference_unavailable_reasons"": []}, {""start"": [0.95, 0.7], ""theta"": [0.7752058179744216, 0.6046291459687184], ""objective"": 5.4157907336176265, ""success"": true, ""message"": ""`ftol` termination condition is satisfied."", ""evaluations"": 12, ""inference_unavailable_reasons"": []}, {""start"": [0.8762, 0.2397], ""theta"": [0.7752056635783853, 0.604629536875636], ""objective"": 5.41579073355609, ""success"": true, ""message"": ""`ftol` termination condition is satisfied."", ""evaluations"": 10, ""inference_unavailable_reasons"": []}]",d0927265e5e17656668f6655d218a9926cf30a3665308c43b1b24592ffc08ed4
248,baseline_fixed,248,8811895514119635530,0.8762,0.2397,boundary,False,,15.798941643961047,0.9799999999999999,0.040084095788932204,True,False,True,True,False,2,,4,True,"[{""start"": [0.5, 0.1], ""theta"": [0.9799999999999999, 0.040084095788932204], ""objective"": 15.798941643961047, ""success"": true, ""message"": ""Both `ftol` and `xtol` termination conditions are satisfied."", ""evaluations"": 15, ""inference_unavailable_reasons"": [""parameter_on_boundary""]}, {""start"": [0.75, 0.4], ""theta"": [0.9799999999999962, 0.04008409580390654], ""objective"": 15.798941643973187, ""success"": true, ""message"": ""`ftol` termination condition is satisfied."", ""evaluations"": 12, ""inference_unavailable_reasons"": [""parameter_on_boundary""]}, {""start"": [0.95, 0.7], ""theta"": [0.98, 0.04008409579274741], ""objective"": 15.79894164396596, ""success"": true, ""message"": ""`xtol` termination condition is satisfied."", ""evaluations"": 18, ""inference_unavailable_reasons"": [""parameter_on_boundary""]}, {""start"": [0.8762, 0.2397], ""theta"": [0.98, 0.04008409578901381], ""objective"": 15.798941643966586, ""success"": true, ""message"": ""`gtol` termination condition is satisfied."", ""evaluations"": 10, ""inference_unavailable_reasons"": [""parameter_on_boundary""]}]",ec8c9b1061a1957617b5bd95c162f5f7b04886ff4714576f34d06b15a26bc96b
249,baseline_fixed,249,11529180174376482247,0.8762,0.2397,regular,False,,6.377474014429541,0.871072295067916,0.2263676723986302,True,True,False,False,False,2,0.4964282792350091,4,True,"[{""start"": [0.5, 0.1], ""theta"": [0.8710768743049642, 0.22635683328114245], ""objective"": 6.377474014806225, ""success"": true, ""message"": ""`ftol` termination condition is satisfied."", ""evaluations"": 23, ""inference_unavailable_reasons"": []}, {""start"": [0.75, 0.4], ""theta"": [0.871072295067916, 0.2263676723986302], ""objective"": 6.377474014429541, ""success"": true, ""message"": ""`ftol` termination condition is satisfied."", ""evaluations"": 20, ""inference_unavailable_reasons"": []}, {""start"": [0.95, 0.7], ""theta"": [0.8710768898815929, 0.22635679616339865], ""objective"": 6.377474014850769, ""success"": true, ""message"": ""`ftol` termination condition is satisfied."", ""evaluations"": 22, ""inference_unavailable_reasons"": []}, {""start"": [0.8762, 0.2397], ""theta"": [0.8710718973248203, 0.22636861378857365], ""objective"": 6.37747401548756, ""success"": true, ""message"": ""`ftol` termination condition is satisfied."", ""evaluations"": 14, ""inference_unavailable_reasons"": []}]",de7759b8a2108084d0812e9bd8f589d0eab4fbb1724a6a940d8c4b61cfd74ba1
250,baseline_fixed,250,9347222551166383064,0.8762,0.2397,regular,False,,5.990226708840661,0.9501832601953881,0.07888359643307369,True,True,False,False,False,2,0.5408909944235418,4,True,"[{""start"": [0.5, 0.1], ""theta"": [0.9501828515126529, 0.07888421048665975], ""objective"": 5.990226709311341, ""success"": true, ""message"": ""`ftol` termination condition is satisfied."", ""evaluations"": 15, ""inference_unavailable_reasons"": []}, {""start"": [0.75, 0.4], ""theta"": [0.950183075162215, 0.07888387444431288], ""objective"": 5.990226709022555, ""success"": true, ""message"": ""`ftol` termination condition is satisfied."", ""evaluations"": 14, ""inference_unavailable_reasons"": []}, {""start"": [0.95, 0.7], ""theta"": [0.9501832405717509, 0.07888362591697784], ""objective"": 5.990226708857756, ""success"": true, ""message"": ""`ftol` termination condition is satisfied."", ""evaluations"": 20, ""inference_unavailable_reasons"": []}, {""start"": [0.8762, 0.2397], ""theta"": [0.9501832601953881, 0.07888359643307369], ""objective"": 5.990226708840661, ""success"": true, ""message"": ""`ftol` termination condition is satisfied."", ""evaluations"": 13, ""inference_unavailable_reasons"": []}]",f25726510395fb6130e32d22ca231a268cba6894738ec292843904ac56290cb9
251,baseline_fixed,251,11203944208693643305,0.8762,0.2397,optimization_unresolved,True,Selected optimizer result failed the numerical stationarity check,6.127363994564662,0.8556291104475394,0.32685082364233975,True,False,False,False,False,2,,4,True,"[{""start"": [0.5, 0.1], ""theta"": [0.8556291104475394, 0.32685082364233975], ""objective"": 6.127363994564662, ""success"": true, ""message"": ""`ftol` termination condition is satisfied."", ""evaluations"": 26, ""inference_unavailable_reasons"": [""nonstationary_solution""]}, {""start"": [0.75, 0.4], ""theta"": [0.8556357421018287, 0.32683416372010377], ""objective"": 6.127363994572347, ""success"": true, ""message"": ""`ftol` termination condition is satisfied."", ""evaluations"": 24, ""inference_unavailable_reasons"": [""nonstationary_solution""]}, {""start"": [0.95, 0.7], ""theta"": [0.8556361308535964, 0.32683318728394595], ""objective"": 6.127363995767231, ""success"": true, ""message"": ""`ftol` termination condition is satisfied."", ""evaluations"": 28, ""inference_unavailable_reasons"": [""nonstationary_solution""]}, {""start"": [0.8762, 0.2397], ""theta"": [0.8556290177947128, 0.32685105622831717], ""objective"": 6.127363994836443, ""success"": true, ""message"": ""`ftol` termination condition is satisfied."", ""evaluations"": 25, ""inference_unavailable_reasons"": [""nonstationary_solution""]}]",8cd006f62fd3fc120979e2741bca67da6e702bf9672dc16e8e3804c347a4792d
252,baseline_fixed,252,3266636727253174639,0.8762,0.2397,boundary,False,,24.90673516135739,0.9799999999999962,0.04764501257866537,True,False,True,True,False,2,,4,True,"[{""start"": [0.5, 0.1], ""theta"": [0.9799999999999962, 0.04764501257866537], ""objective"": 24.90673516135739, ""success"": true, ""message"": ""`ftol` termination condition is satisfied."", ""evaluations"": 13, ""inference_unavailable_reasons"": [""parameter_on_boundary""]}, {""start"": [0.75, 0.4], ""theta"": [0.9799999999999995, 0.04764501255347037], ""objective"": 24.906735161398192, ""success"": true, ""message"": ""`ftol` termination condition is satisfied."", ""evaluations"": 12, ""inference_unavailable_reasons"": [""parameter_on_boundary""]}, {""start"": [0.95, 0.7], ""theta"": [0.9799999999999988, 0.047645012550976196], ""objective"": 24.906735161380155, ""success"": true, ""message"": ""`ftol` termination condition is satisfied."", ""evaluations"": 16, ""inference_unavailable_reasons"": [""parameter_on_boundary""]}, {""start"": [0.8762, 0.2397], ""theta"": [0.9799999999999868, 0.047645012587807095], ""objective"": 24.906735161373362, ""success"": true, ""message"": ""`ftol` termination condition is satisfied."", ""evaluations"": 10, ""inference_unavailable_reasons"": [""parameter_on_boundary""]}]",f27431a94a2937e5ce760fd53dc5108ca96dc486b12fda3ee4ff3f00883f98e1
253,baseline_fixed,253,12909834917467783856,0.8762,0.2397,regular,False,,2.5820506505267193,0.8986203202657894,0.1324305713567603,True,True,False,False,False,2,0.9207928932995484,4,True,"[{""start"": [0.5, 0.1], ""theta"": [0.8986203202657894, 0.1324305713567603], ""objective"": 2.5820506505267193, ""success"": true, ""message"": ""`ftol` termination condition is satisfied."", ""evaluations"": 11, ""inference_unavailable_reasons"": []}, {""start"": [0.75, 0.4], ""theta"": [0.8986203765224385, 0.13243046547512488], ""objective"": 2.5820506505369534, ""success"": true, ""message"": ""`ftol` termination condition is satisfied."", ""evaluations"": 9, ""inference_unavailable_reasons"": []}, {""start"": [0.95, 0.7], ""theta"": [0.8986204805840837, 0.13243026947980818], ""objective"": 2.582050650566862, ""success"": true, ""message"": ""`ftol` termination condition is satisfied."", ""evaluations"": 14, ""inference_unavailable_reasons"": []}, {""start"": [0.8762, 0.2397], ""theta"": [0.8986203455532387, 0.1324305237761334], ""objective"": 2.582050650531997, ""success"": true, ""message"": ""`ftol` termination condition is satisfied."", ""evaluations"": 8, ""inference_unavailable_reasons"": []}]",465e1db4d9c5909b2a3b3b58c54a597a09375947f54c05fbeeeff82dc40e7475
254,baseline_fixed,254,4886971336634333128,0.8762,0.2397,regular,False,,14.927772320395094,0.961755565289937,0.06050239301227456,True,True,False,False,False,2,0.03693648391300565,4,True,"[{""start"": [0.5, 0.1], ""theta"": [0.9617557996349941, 0.06050187250822939], ""objective"": 14.927772320886163, ""success"": true, ""message"": ""`ftol` termination condition is satisfied."", ""evaluations"": 26, ""inference_unavailable_reasons"": []}, {""start"": [0.75, 0.4], ""theta"": [0.961755565289937, 0.06050239301227456], ""objective"": 14.927772320395094, ""success"": true, ""message"": ""`ftol` termination condition is satisfied."", ""evaluations"": 21, ""inference_unavailable_reasons"": []}, {""start"": [0.95, 0.7], ""theta"": [0.9617538599548202, 0.060505606124160116], ""objective"": 14.92777232307293, ""success"": true, ""message"": ""`ftol` termination condition is satisfied."", ""evaluations"": 20, ""inference_unavailable_reasons"": []}, {""start"": [0.8762, 0.2397], ""theta"": [0.9617555382759334, 0.06050230099498605], ""objective"": 14.927772320451028, ""success"": true, ""message"": ""`ftol` termination condition is satisfied."", ""evaluations"": 18, ""inference_unavailable_reasons"": []}]",78e532c6df4b009c9cd92da57d9dab3ed3f1eec2200263e0e8934dba1ca49d9b
255,baseline_fixed,255,17263519746690342180,0.8762,0.2397,regular,False,,34.76770653059725,0.9681185455235428,0.022252275766383778,True,True,False,False,False,2,1.2366550523814137e-05,4,True,"[{""start"": [0.5, 0.1], ""theta"": [0.968118236009704, 0.022252432102275982], ""objective"": 34.767706531287736, ""success"": true, ""message"": ""`ftol` termination condition is satisfied."", ""evaluations"": 14, ""inference_unavailable_reasons"": []}, {""start"": [0.75, 0.4], ""theta"": [0.9681181912027738, 0.022252454735743055], ""objective"": 34.767706531456234, ""success"": true, ""message"": ""`ftol` termination condition is satisfied."", ""evaluations"": 13, ""inference_unavailable_reasons"": []}, {""start"": [0.95, 0.7], ""theta"": [0.9681185455235428, 0.022252275766383778], ""objective"": 34.76770653059725, ""success"": true, ""message"": ""`ftol` termination condition is satisfied."", ""evaluations"": 19, ""inference_unavailable_reasons"": []}, {""start"": [0.8762, 0.2397], ""theta"": [0.9681180939133575, 0.022252503919033134], ""objective"": 34.767706531855616, ""success"": true, ""message"": ""`ftol` termination condition is satisfied."", ""evaluations"": 12, ""inference_unavailable_reasons"": []}]",f96184907af0ba5206e4cab29fcd485c34371ef8ced51ab61565fffb24398249
256,baseline_fixed,256,14715134434995098603,0.8762,0.2397,regular,False,,3.2070601286724414,0.8726401528390373,0.13562818408945637,True,True,False,False,False,2,0.8652096124760297,4,True,"[{""start"": [0.5, 0.1], ""theta"": [0.8726401598026114, 0.13562817556248433], ""objective"": 3.2070601286738243, ""success"": true, ""message"": ""`ftol` termination condition is satisfied."", ""evaluations"": 9, ""inference_unavailable_reasons"": []}, {""start"": [0.75, 0.4], ""theta"": [0.8726401528390373, 0.13562818408945637], ""objective"": 3.2070601286724414, ""success"": true, ""message"": ""`ftol` termination condition is satisfied."", ""evaluations"": 7, ""inference_unavailable_reasons"": []}, {""start"": [0.95, 0.7], ""theta"": [0.8726401622841562, 0.13562817247885817], ""objective"": 3.2070601286731484, ""success"": true, ""message"": ""`ftol` termination condition is satisfied."", ""evaluations"": 14, ""inference_unavailable_reasons"": []}, {""start"": [0.8762, 0.2397], ""theta"": [0.8726401565466727, 0.13562817959723208], ""objective"": 3.2070601286736693, ""success"": true, ""message"": ""`ftol` termination condition is satisfied."", ""evaluations"": 7, ""inference_unavailable_reasons"": []}]",ea8da8bcb327b4a3d36e772f87681651e3247f76cb9d6a7f7060bddc2c783036
257,baseline_fixed,257,12005098950079051633,0.8762,0.2397,regular,False,,3.8891517631487793,0.856566307531724,0.3292310698257132,True,True,False,False,False,2,0.7924528433826806,4,True,"[{""start"": [0.5, 0.1], ""theta"": [0.8565662879925576, 0.3292311201456943], ""objective"": 3.8891517631499886, ""success"": true, ""message"": ""`ftol` termination condition is satisfied."", ""evaluations"": 10, ""inference_unavailable_reasons"": []}, {""start"": [0.75, 0.4], ""theta"": [0.8565662529757841, 0.3292312101426485], ""objective"": 3.889151763151588, ""success"": true, ""message"": ""`ftol` termination condition is satisfied."", ""evaluations"": 8, ""inference_unavailable_reasons"": []}, {""start"": [0.95, 0.7], ""theta"": [0.8565662407768535, 0.32923124150343724], ""objective"": 3.8891517631530155, ""success"": true, ""message"": ""`ftol` termination condition is satisfied."", ""evaluations"": 13, ""inference_unavailable_reasons"": []}, {""start"": [0.8762, 0.2397], ""theta"": [0.856566307531724, 0.3292310698257132], ""objective"": 3.8891517631487793, ""success"": true, ""message"": ""`ftol` termination condition is satisfied."", ""evaluations"": 7, ""inference_unavailable_reasons"": []}]",933f102741a2b746ac66247c801c9c3602150c35a175cf7dc41b247ae2277e0b
258,baseline_fixed,258,7462409952306578619,0.8762,0.2397,boundary,False,,32.906588604153775,0.98,0.01000000000000012,True,False,True,True,True,2,,4,True,"[{""start"": [0.5, 0.1], ""theta"": [0.9799999999998669, 0.01000000000018629], ""objective"": 32.906588604363264, ""success"": true, ""message"": ""`gtol` termination condition is satisfied."", ""evaluations"": 9, ""inference_unavailable_reasons"": [""parameter_on_boundary""]}, {""start"": [0.75, 0.4], ""theta"": [0.98, 0.010000000000000564], ""objective"": 32.90658860415539, ""success"": true, ""message"": ""`gtol` termination condition is satisfied."", ""evaluations"": 9, ""inference_unavailable_reasons"": [""parameter_on_boundary""]}, {""start"": [0.95, 0.7], ""theta"": [0.98, 0.01000000000000012], ""objective"": 32.906588604153775, ""success"": true, ""message"": ""`gtol` termination condition is satisfied."", ""evaluations"": 15, ""inference_unavailable_reasons"": [""parameter_on_boundary""]}, {""start"": [0.8762, 0.2397], ""theta"": [0.98, 0.010000000000000037], ""objective"": 32.906588604153775, ""success"": true, ""message"": ""`gtol` termination condition is satisfied."", ""evaluations"": 9, ""inference_unavailable_reasons"": [""parameter_on_boundary""]}]",de697039268d56f2663599cfbe04b7e84ef8a41eb0a031f9ec3392469e92d4b7
259,baseline_fixed,259,14385940203228020426,0.8762,0.2397,regular,False,,5.790803610630153,0.8452040396318039,0.2889536223799583,True,True,False,False,False,2,0.5643776187941196,4,True,"[{""start"": [0.5, 0.1], ""theta"": [0.8452036559873681, 0.28895453933947746], ""objective"": 5.790803611211658, ""success"": true, ""message"": ""`ftol` termination condition is satisfied."", ""evaluations"": 13, ""inference_unavailable_reasons"": []}, {""start"": [0.75, 0.4], ""theta"": [0.8452058375488459, 0.28894927858579034], ""objective"": 5.790803610720072, ""success"": true, ""message"": ""`ftol` termination condition is satisfied."", ""evaluations"": 12, ""inference_unavailable_reasons"": []}, {""start"": [0.95, 0.7], ""theta"": [0.8452040396318039, 0.2889536223799583], ""objective"": 5.790803610630153, ""success"": true, ""message"": ""`ftol` termination condition is satisfied."", ""evaluations"": 19, ""inference_unavailable_reasons"": []}, {""start"": [0.8762, 0.2397], ""theta"": [0.8452035077370467, 0.28895490677333857], ""objective"": 5.7908036114940415, ""success"": true, ""message"": ""`ftol` termination condition is satisfied."", ""evaluations"": 14, ""inference_unavailable_reasons"": []}]",e46ed74e3cb515d52c1b058cbad39c201b46b623429d5ec104e93fb15d2418a7
260,baseline_fixed,260,7256572240516788424,0.8762,0.2397,regular,False,,1.4819719257379036,0.8952844674485103,0.22398160935050793,True,True,False,False,False,2,0.9829272353283607,4,True,"[{""start"": [0.5, 0.1], ""theta"": [0.8952844674485103, 0.22398160935050793], ""objective"": 1.4819719257379036, ""success"": true, ""message"": ""`ftol` termination condition is satisfied."", ""evaluations"": 11, ""inference_unavailable_reasons"": []}, {""start"": [0.75, 0.4], ""theta"": [0.8952844214761113, 0.22398171479671233], ""objective"": 1.4819719257400052, ""success"": true, ""message"": ""`ftol` termination condition is satisfied."", ""evaluations"": 9, ""inference_unavailable_reasons"": []}, {""start"": [0.95, 0.7], ""theta"": [0.8952843741719076, 0.2239818234515314], ""objective"": 1.481971925743725, ""success"": true, ""message"": ""`ftol` termination condition is satisfied."", ""evaluations"": 14, ""inference_unavailable_reasons"": []}, {""start"": [0.8762, 0.2397], ""theta"": [0.8952844410675286, 0.22398166980874848], ""objective"": 1.4819719257387816, ""success"": true, ""message"": ""`ftol` termination condition is satisfied."", ""evaluations"": 7, ""inference_unavailable_reasons"": []}]",6564474a3f4dd631a731e6753f806035479feca52ca8afc7ce3e643d30334b76
261,baseline_fixed,261,16838881281855751826,0.8762,0.2397,regular,False,,3.833058608895799,0.9033459271556663,0.19408481826311652,True,True,False,False,False,2,0.7987925783684884,4,True,"[{""start"": [0.5, 0.1], ""theta"": [0.9033453540965799, 0.1940861146711537], ""objective"": 3.8330586095384267, ""success"": true, ""message"": ""`ftol` termination condition is satisfied."", ""evaluations"": 31, ""inference_unavailable_reasons"": []}, {""start"": [0.75, 0.4], ""theta"": [0.903344745460336, 0.19408749156808655], ""objective"": 3.833058610311965, ""success"": true, ""message"": ""`ftol` termination condition is satisfied."", ""evaluations"": 29, ""inference_unavailable_reasons"": []}, {""start"": [0.95, 0.7], ""theta"": [0.9033446493822843, 0.19408770891577265], ""objective"": 3.833058610435333, ""success"": true, ""message"": ""`ftol` termination condition is satisfied."", ""evaluations"": 34, ""inference_unavailable_reasons"": []}, {""start"": [0.8762, 0.2397], ""theta"": [0.9033459271556663, 0.19408481826311652], ""objective"": 3.833058608895799, ""success"": true, ""message"": ""`ftol` termination condition is satisfied."", ""evaluations"": 26, ""inference_unavailable_reasons"": []}]",88deb847c2362e6c2fa7593a125f4d2f06bf851dec93e822a432aa18010bf956
262,baseline_fixed,262,13428110703906296685,0.8762,0.2397,boundary,False,,2.5141415925848754,0.9799999999999999,0.05637470405461209,True,False,True,True,False,2,,4,True,"[{""start"": [0.5, 0.1], ""theta"": [0.9799999999999991, 0.056374703339712395], ""objective"": 2.5141415925916, ""success"": true, ""message"": ""`ftol` termination condition is satisfied."", ""evaluations"": 14, ""inference_unavailable_reasons"": [""parameter_on_boundary""]}, {""start"": [0.75, 0.4], ""theta"": [0.98, 0.056374703648977065], ""objective"": 2.5141415925864954, ""success"": true, ""message"": ""`xtol` termination condition is satisfied."", ""evaluations"": 13, ""inference_unavailable_reasons"": [""parameter_on_boundary""]}, {""start"": [0.95, 0.7], ""theta"": [0.9799999999999999, 0.05637470405461209], ""objective"": 2.5141415925848754, ""success"": true, ""message"": ""`xtol` termination condition is satisfied."", ""evaluations"": 17, ""inference_unavailable_reasons"": [""parameter_on_boundary""]}, {""start"": [0.8762, 0.2397], ""theta"": [0.9799999999999991, 0.05637470333755412], ""objective"": 2.514141592591577, ""success"": true, ""message"": ""`ftol` termination condition is satisfied."", ""evaluations"": 12, ""inference_unavailable_reasons"": [""parameter_on_boundary""]}]",f50962578d70f635408c632555463ea138c645be639a1cf830f0792ee86340e1
263,baseline_fixed,263,18063721486773773340,0.8762,0.2397,regular,False,,17.921972949675034,0.8262272266810797,0.2407781528826395,True,True,False,False,False,2,0.012327048452221002,4,True,"[{""start"": [0.5, 0.1], ""theta"": [0.8262246196789456, 0.240784727786818], ""objective"": 17.921972954648865, ""success"": true, ""message"": ""`ftol` termination condition is satisfied."", ""evaluations"": 14, ""inference_unavailable_reasons"": []}, {""start"": [0.75, 0.4], ""theta"": [0.8262225730600989, 0.24078994540737017], ""objective"": 17.92197296557669, ""success"": true, ""message"": ""`ftol` termination condition is satisfied."", ""evaluations"": 11, ""inference_unavailable_reasons"": [""nonstationary_solution""]}, {""start"": [0.95, 0.7], ""theta"": [0.8262231368403692, 0.24078635074573607], ""objective"": 17.92197295959543, ""success"": true, ""message"": ""`ftol` termination condition is satisfied."", ""evaluations"": 20, ""inference_unavailable_reasons"": [""nonstationary_solution""]}, {""start"": [0.8762, 0.2397], ""theta"": [0.8262272266810797, 0.2407781528826395], ""objective"": 17.921972949675034, ""success"": true, ""message"": ""`ftol` termination condition is satisfied."", ""evaluations"": 13, ""inference_unavailable_reasons"": []}]",3010970d114254c8ff058c3e5ec9aa274e92df584e4ed000a03261bc5d01441c
264,baseline_fixed,264,9595589902022621739,0.8762,0.2397,regular,False,,15.522157839739485,0.7526392169844746,0.2685285216103039,True,True,False,False,False,2,0.02985914216364737,4,True,"[{""start"": [0.5, 0.1], ""theta"": [0.7526325505780609, 0.2685507046617591], ""objective"": 15.522157841102011, ""success"": true, ""message"": ""`ftol` termination condition is satisfied."", ""evaluations"": 21, ""inference_unavailable_reasons"": []}, {""start"": [0.75, 0.4], ""theta"": [0.752631143278275, 0.2685553869293543], ""objective"": 15.522157844784646, ""success"": true, ""message"": ""`ftol` termination condition is satisfied."", ""evaluations"": 18, ""inference_unavailable_reasons"": []}, {""start"": [0.95, 0.7], ""theta"": [0.7526314942681837, 0.268554218165542], ""objective"": 15.522157843750124, ""success"": true, ""message"": ""`ftol` termination condition is satisfied."", ""evaluations"": 25, ""inference_unavailable_reasons"": []}, {""start"": [0.8762, 0.2397], ""theta"": [0.7526392169844746, 0.2685285216103039], ""objective"": 15.522157839739485, ""success"": true, ""message"": ""`ftol` termination condition is satisfied."", ""evaluations"": 19, ""inference_unavailable_reasons"": []}]",589e6901489182d68b5fe750746f836848285174aa278dfd2ac2f442533188ed
265,baseline_fixed,265,15403837168730766102,0.8762,0.2397,regular,False,,5.88730436372143,0.9137979511805217,0.16865294593588973,True,True,False,False,False,2,0.5529682981305508,4,True,"[{""start"": [0.5, 0.1], ""theta"": [0.9137969454495065, 0.16865497144849972], ""objective"": 5.887304364431525, ""success"": true, ""message"": ""`ftol` termination condition is satisfied."", ""evaluations"": 16, ""inference_unavailable_reasons"": []}, {""start"": [0.75, 0.4], ""theta"": [0.9137979511805217, 0.16865294593588973], ""objective"": 5.88730436372143, ""success"": true, ""message"": ""`ftol` termination condition is satisfied."", ""evaluations"": 15, ""inference_unavailable_reasons"": []}, {""start"": [0.95, 0.7], ""theta"": [0.9137972698687004, 0.16865431818915877], ""objective"": 5.887304364144292, ""success"": true, ""message"": ""`ftol` termination condition is satisfied."", ""evaluations"": 20, ""inference_unavailable_reasons"": []}, {""start"": [0.8762, 0.2397], ""theta"": [0.9137976156956572, 0.16865362156666397], ""objective"": 5.887304363899432, ""success"": true, ""message"": ""`ftol` termination condition is satisfied."", ""evaluations"": 12, ""inference_unavailable_reasons"": []}]",194dc8c9314dd772dfae3c5b1b538eebfbba6b2bfd1c7a0350377770054591ea
266,baseline_fixed,266,16302561707300231283,0.8762,0.2397,regular,False,,2.227814636490597,0.8479348832284195,0.3531491849738835,True,True,False,False,False,2,0.9461631264667062,4,True,"[{""start"": [0.5, 0.1], ""theta"": [0.8479347863969737, 0.35314947896656856], ""objective"": 2.2278146365578158, ""success"": true, ""message"": ""`ftol` termination condition is satisfied."", ""evaluations"": 9, ""inference_unavailable_reasons"": []}, {""start"": [0.75, 0.4], ""theta"": [0.8479347733368233, 0.3531495218471722], ""objective"": 2.227814636567879, ""success"": true, ""message"": ""`ftol` termination condition is satisfied."", ""evaluations"": 11, ""inference_unavailable_reasons"": []}, {""start"": [0.95, 0.7], ""theta"": [0.8479348832284195, 0.3531491849738835], ""objective"": 2.227814636490597, ""success"": true, ""message"": ""`ftol` termination condition is satisfied."", ""evaluations"": 15, ""inference_unavailable_reasons"": []}, {""start"": [0.8762, 0.2397], ""theta"": [0.847934877820582, 0.35314920158206253], ""objective"": 2.2278146364948297, ""success"": true, ""message"": ""`ftol` termination condition is satisfied."", ""evaluations"": 11, ""inference_unavailable_reasons"": []}]",ca322090d1a035e48f0038b13d7cf7e6ca4db2b84b87aa6843bc89a554ed8fe7
267,baseline_fixed,267,17904982552959474790,0.8762,0.2397,boundary,False,,17.294811967751347,0.98,0.009999999999999995,True,False,True,True,True,2,,4,True,"[{""start"": [0.5, 0.1], ""theta"": [0.98, 0.009999999999999995], ""objective"": 17.294811967751347, ""success"": true, ""message"": ""`gtol` termination condition is satisfied."", ""evaluations"": 12, ""inference_unavailable_reasons"": [""parameter_on_boundary""]}, {""start"": [0.75, 0.4], ""theta"": [0.9799999999999991, 0.010000000000000064], ""objective"": 17.294811967799525, ""success"": true, ""message"": ""`gtol` termination condition is satisfied."", ""evaluations"": 11, ""inference_unavailable_reasons"": [""parameter_on_boundary""]}, {""start"": [0.95, 0.7], ""theta"": [0.98, 0.01000000000000012], ""objective"": 17.294811967751347, ""success"": true, ""message"": ""`gtol` termination condition is satisfied."", ""evaluations"": 17, ""inference_unavailable_reasons"": [""parameter_on_boundary""]}, {""start"": [0.8762, 0.2397], ""theta"": [0.9799999999999673, 0.010000000000000064], ""objective"": 17.294811967791254, ""success"": true, ""message"": ""`gtol` termination condition is satisfied."", ""evaluations"": 11, ""inference_unavailable_reasons"": [""parameter_on_boundary""]}]",4d04cba11de525d997991df372eed48586fdb3593f3683bfe9c0ac98fcc79a90
268,baseline_fixed,268,10018018320808835290,0.8762,0.2397,boundary,False,,199.50828808330056,0.98,0.01000000000000012,True,False,True,True,True,2,,4,True,"[{""start"": [0.5, 0.1], ""theta"": [0.979999999999985, 0.010000000000001272], ""objective"": 199.50828808354132, ""success"": true, ""message"": ""`gtol` termination condition is satisfied."", ""evaluations"": 9, ""inference_unavailable_reasons"": [""parameter_on_boundary""]}, {""start"": [0.75, 0.4], ""theta"": [0.9799999999999432, 0.010000000000003784], ""objective"": 199.50828808352117, ""success"": true, ""message"": ""`gtol` termination condition is satisfied."", ""evaluations"": 8, ""inference_unavailable_reasons"": [""parameter_on_boundary""]}, {""start"": [0.95, 0.7], ""theta"": [0.98, 0.01000000000000012], ""objective"": 199.50828808330056, ""success"": true, ""message"": ""`gtol` termination condition is satisfied."", ""evaluations"": 14, ""inference_unavailable_reasons"": [""parameter_on_boundary""]}, {""start"": [0.8762, 0.2397], ""theta"": [0.98, 0.010000000000000064], ""objective"": 199.50828808330056, ""success"": true, ""message"": ""`gtol` termination condition is satisfied."", ""evaluations"": 8, ""inference_unavailable_reasons"": [""parameter_on_boundary""]}]",829bd6798c8ae55d2b4ed1314d293b7be1bc08e6379c75653caf9bb6e10f77d7
269,baseline_fixed,269,12426009734100621008,0.8762,0.2397,regular,False,,7.856296062749054,0.81825769084549,0.38835864673006687,True,True,False,False,False,2,0.3454360975607097,4,True,"[{""start"": [0.5, 0.1], ""theta"": [0.8182571487745701, 0.38836036417284925], ""objective"": 7.85629606288153, ""success"": true, ""message"": ""`ftol` termination condition is satisfied."", ""evaluations"": 10, ""inference_unavailable_reasons"": []}, {""start"": [0.75, 0.4], ""theta"": [0.81825769084549, 0.38835864673006687], ""objective"": 7.856296062749054, ""success"": true, ""message"": ""`ftol` termination condition is satisfied."", ""evaluations"": 7, ""inference_unavailable_reasons"": []}, {""start"": [0.95, 0.7], ""theta"": [0.8182574183157465, 0.3883595959244228], ""objective"": 7.856296062770868, ""success"": true, ""message"": ""`ftol` termination condition is satisfied."", ""evaluations"": 13, ""inference_unavailable_reasons"": []}, {""start"": [0.8762, 0.2397], ""theta"": [0.8182579695394293, 0.3883580203479347], ""objective"": 7.856296062786994, ""success"": true, ""message"": ""`ftol` termination condition is satisfied."", ""evaluations"": 8, ""inference_unavailable_reasons"": []}]",e92453c21e379a7799eea9f7f07d6428599c452b6214ee525e44c3ed876a8ecf
270,baseline_fixed,270,13134586276655484367,0.8762,0.2397,boundary,False,,21.204691922935876,0.9487243619872477,0.010000000000000064,True,False,True,False,True,2,,4,True,"[{""start"": [0.5, 0.1], ""theta"": [0.9487243263514535, 0.010000000000162143], ""objective"": 21.204691922946093, ""success"": true, ""message"": ""`ftol` termination condition is satisfied."", ""evaluations"": 11, ""inference_unavailable_reasons"": [""parameter_on_boundary""]}, {""start"": [0.75, 0.4], ""theta"": [0.9487243619872477, 0.010000000000000064], ""objective"": 21.204691922935876, ""success"": true, ""message"": ""`ftol` termination condition is satisfied."", ""evaluations"": 10, ""inference_unavailable_reasons"": [""parameter_on_boundary""]}, {""start"": [0.95, 0.7], ""theta"": [0.9487243216553788, 0.010000000000014886], ""objective"": 21.204691922938608, ""success"": true, ""message"": ""`ftol` termination condition is satisfied."", ""evaluations"": 15, ""inference_unavailable_reasons"": [""parameter_on_boundary""]}, {""start"": [0.8762, 0.2397], ""theta"": [0.9487243619402759, 0.010000000000000064], ""objective"": 21.20469192293988, ""success"": true, ""message"": ""`ftol` termination condition is satisfied."", ""evaluations"": 9, ""inference_unavailable_reasons"": [""parameter_on_boundary""]}]",452eba7d0c63f06811d8026befd0377019b0edecb581ebdc6e58093639911be2
271,baseline_fixed,271,5468218693776856298,0.8762,0.2397,regular,False,,4.522686107864052,0.8943681403108593,0.19047066421398307,True,True,False,False,False,2,0.7179837892721814,4,True,"[{""start"": [0.5, 0.1], ""theta"": [0.8943686750565323, 0.19046937987763046], ""objective"": 4.5226861079289575, ""success"": true, ""message"": ""`ftol` termination condition is satisfied."", ""evaluations"": 10, ""inference_unavailable_reasons"": []}, {""start"": [0.75, 0.4], ""theta"": [0.8943680239252374, 0.19047093794298836], ""objective"": 4.522686107914015, ""success"": true, ""message"": ""`ftol` termination condition is satisfied."", ""evaluations"": 9, ""inference_unavailable_reasons"": []}, {""start"": [0.95, 0.7], ""theta"": [0.894367855501021, 0.19047119010320046], ""objective"": 4.522686107975242, ""success"": true, ""message"": ""`ftol` termination condition is satisfied."", ""evaluations"": 13, ""inference_unavailable_reasons"": []}, {""start"": [0.8762, 0.2397], ""theta"": [0.8943681403108593, 0.19047066421398307], ""objective"": 4.522686107864052, ""success"": true, ""message"": ""`ftol` termination condition is satisfied."", ""evaluations"": 8, ""inference_unavailable_reasons"": []}]",550c6079b3a73273a62d249d67bfeb06c7571a3733fd2a9588a41427a27d1e70
272,baseline_fixed,272,1546864321666372226,0.8762,0.2397,boundary,False,,16.883874218109316,0.9786117177488152,0.010000000000000148,True,False,True,False,True,2,,4,True,"[{""start"": [0.5, 0.1], ""theta"": [0.9786117177488152, 0.010000000000000148], ""objective"": 16.883874218109316, ""success"": true, ""message"": ""`ftol` termination condition is satisfied."", ""evaluations"": 16, ""inference_unavailable_reasons"": [""parameter_on_boundary""]}, {""start"": [0.75, 0.4], ""theta"": [0.9786112907704259, 0.010000000000000175], ""objective"": 16.88387421966244, ""success"": true, ""message"": ""`ftol` termination condition is satisfied."", ""evaluations"": 16, ""inference_unavailable_reasons"": [""parameter_on_boundary""]}, {""start"": [0.95, 0.7], ""theta"": [0.9786098895414725, 0.010000000000001341], ""objective"": 16.883874255741198, ""success"": true, ""message"": ""`ftol` termination condition is satisfied."", ""evaluations"": 23, ""inference_unavailable_reasons"": [""parameter_on_boundary""]}, {""start"": [0.8762, 0.2397], ""theta"": [0.9786117134278155, 0.010000000003998893], ""objective"": 16.88387421898415, ""success"": true, ""message"": ""`ftol` termination condition is satisfied."", ""evaluations"": 20, ""inference_unavailable_reasons"": [""parameter_on_boundary""]}]",a6b85fb96c3169f0f345e9002c30cfcc5b49e86e6ed26b0930be73420e45b195
273,baseline_fixed,273,18064404070775391783,0.8762,0.2397,regular,False,,5.5000935444325245,0.8839597326752922,0.06187422044462966,True,True,False,False,False,2,0.5991725874549156,4,True,"[{""start"": [0.5, 0.1], ""theta"": [0.8839597326752922, 0.06187422044462966], ""objective"": 5.5000935444325245, ""success"": true, ""message"": ""`ftol` termination condition is satisfied."", ""evaluations"": 15, ""inference_unavailable_reasons"": []}, {""start"": [0.75, 0.4], ""theta"": [0.8839593434518211, 0.06187442813252536], ""objective"": 5.500093544721213, ""success"": true, ""message"": ""`ftol` termination condition is satisfied."", ""evaluations"": 14, ""inference_unavailable_reasons"": []}, {""start"": [0.95, 0.7], ""theta"": [0.8839595088421189, 0.06187433983412416], ""objective"": 5.500093544591495, ""success"": true, ""message"": ""`ftol` termination condition is satisfied."", ""evaluations"": 20, ""inference_unavailable_reasons"": []}, {""start"": [0.8762, 0.2397], ""theta"": [0.8839596693163551, 0.061874254435110965], ""objective"": 5.500093544478846, ""success"": true, ""message"": ""`ftol` termination condition is satisfied."", ""evaluations"": 14, ""inference_unavailable_reasons"": []}]",b27ab946551f1ddda8d3326f1a215df39a80949dc2b4ebbae541231a0c9f62f3
274,baseline_fixed,274,4266093701311305995,0.8762,0.2397,regular,False,,2.149725679015343,0.8981973675367572,0.11443408446371985,True,True,False,False,False,2,0.9510904531242894,4,True,"[{""start"": [0.5, 0.1], ""theta"": [0.8981973675367572, 0.11443408446371985], ""objective"": 2.149725679015343, ""success"": true, ""message"": ""`ftol` termination condition is satisfied."", ""evaluations"": 14, ""inference_unavailable_reasons"": []}, {""start"": [0.75, 0.4], ""theta"": [0.8981973419091848, 0.11443413232189686], ""objective"": 2.1497256790191464, ""success"": true, ""message"": ""`ftol` termination condition is satisfied."", ""evaluations"": 12, ""inference_unavailable_reasons"": []}, {""start"": [0.95, 0.7], ""theta"": [0.8981973397975754, 0.11443413630845434], ""objective"": 2.1497256790185317, ""success"": true, ""message"": ""`ftol` termination condition is satisfied."", ""evaluations"": 18, ""inference_unavailable_reasons"": []}, {""start"": [0.8762, 0.2397], ""theta"": [0.8981972469660489, 0.11443431005492288], ""objective"": 2.1497256790361, ""success"": true, ""message"": ""`ftol` termination condition is satisfied."", ""evaluations"": 11, ""inference_unavailable_reasons"": []}]",49dfcf5eed94f783d1747f8e80f037c8e53321d563e7a91a489331195b2736ff
275,baseline_fixed,275,15966619194755030379,0.8762,0.2397,boundary,False,,14.280416655325391,0.9799999999999998,0.025062713586579577,True,False,True,True,False,2,,4,True,"[{""start"": [0.5, 0.1], ""theta"": [0.9799999999999998, 0.025062713586579577], ""objective"": 14.280416655325391, ""success"": true, ""message"": ""`xtol` termination condition is satisfied."", ""evaluations"": 21, ""inference_unavailable_reasons"": [""parameter_on_boundary""]}, {""start"": [0.75, 0.4], ""theta"": [0.9799999999999991, 0.025062713036063167], ""objective"": 14.280416655336962, ""success"": true, ""message"": ""`xtol` termination condition is satisfied."", ""evaluations"": 16, ""inference_unavailable_reasons"": [""parameter_on_boundary""]}, {""start"": [0.95, 0.7], ""theta"": [0.9799999999999842, 0.02506271619341016], ""objective"": 14.280416655331024, ""success"": true, ""message"": ""`xtol` termination condition is satisfied."", ""evaluations"": 27, ""inference_unavailable_reasons"": [""parameter_on_boundary""]}, {""start"": [0.8762, 0.2397], ""theta"": [0.98, 0.025062711733061183], ""objective"": 14.280416655342075, ""success"": true, ""message"": ""`ftol` termination condition is satisfied."", ""evaluations"": 9, ""inference_unavailable_reasons"": [""parameter_on_boundary""]}]",f0e9a15414e2d0b32832a761d8b3c2ebc3fef42dcb120d79b7f5bd5111f4f966
276,baseline_fixed,276,1775280193007276544,0.8762,0.2397,boundary,False,,30.17001520384798,0.98,0.03936443803811229,True,False,True,True,False,2,,4,True,"[{""start"": [0.5, 0.1], ""theta"": [0.9799999999999938, 0.03936443817806846], ""objective"": 30.170015203858576, ""success"": true, ""message"": ""`ftol` termination condition is satisfied."", ""evaluations"": 12, ""inference_unavailable_reasons"": [""parameter_on_boundary""]}, {""start"": [0.75, 0.4], ""theta"": [0.98, 0.03936443803942902], ""objective"": 30.170015203848184, ""success"": true, ""message"": ""`gtol` termination condition is satisfied."", ""evaluations"": 11, ""inference_unavailable_reasons"": [""parameter_on_boundary""]}, {""start"": [0.95, 0.7], ""theta"": [0.98, 0.03936443803923062], ""objective"": 30.170015203848354, ""success"": true, ""message"": ""`gtol` termination condition is satisfied."", ""evaluations"": 16, ""inference_unavailable_reasons"": [""parameter_on_boundary""]}, {""start"": [0.8762, 0.2397], ""theta"": [0.98, 0.03936443803811229], ""objective"": 30.17001520384798, ""success"": true, ""message"": ""`gtol` termination condition is satisfied."", ""evaluations"": 9, ""inference_unavailable_reasons"": [""parameter_on_boundary""]}]",3dca701c3a9f9df7c2e8f36d040aa73294b43589813a66464e30434b97e33c29
277,baseline_fixed,277,14066078802716227611,0.8762,0.2397,regular,False,,3.7309308725187407,0.8448010916079927,0.18776181413241394,True,True,False,False,False,2,0.8101947348545411,4,True,"[{""start"": [0.5, 0.1], ""theta"": [0.8448010916079927, 0.18776181413241394], ""objective"": 3.7309308725187407, ""success"": true, ""message"": ""`ftol` termination condition is satisfied."", ""evaluations"": 10, ""inference_unavailable_reasons"": []}, {""start"": [0.75, 0.4], ""theta"": [0.8448008760167276, 0.18776205660076598], ""objective"": 3.7309308725460757, ""success"": true, ""message"": ""`ftol` termination condition is satisfied."", ""evaluations"": 8, ""inference_unavailable_reasons"": []}, {""start"": [0.95, 0.7], ""theta"": [0.8448009990245803, 0.18776191830870737], ""objective"": 3.730930872528185, ""success"": true, ""message"": ""`ftol` termination condition is satisfied."", ""evaluations"": 15, ""inference_unavailable_reasons"": []}, {""start"": [0.8762, 0.2397], ""theta"": [0.8448009677842422, 0.18776195359135311], ""objective"": 3.730930872531336, ""success"": true, ""message"": ""`ftol` termination condition is satisfied."", ""evaluations"": 8, ""inference_unavailable_reasons"": []}]",f66624df24795247ef6372ee895643d02549fd088fa2e638e63a91ac54df1c8c
278,baseline_fixed,278,8854790127139787640,0.8762,0.2397,boundary,False,,103.71405170198524,0.9799999999999999,0.016251193928496846,True,False,True,True,False,2,,4,True,"[{""start"": [0.5, 0.1], ""theta"": [0.9799999999999999, 0.016251193928496846], ""objective"": 103.71405170198524, ""success"": true, ""message"": ""`ftol` termination condition is satisfied."", ""evaluations"": 11, ""inference_unavailable_reasons"": [""parameter_on_boundary""]}, {""start"": [0.75, 0.4], ""theta"": [0.98, 0.01625119371972633], ""objective"": 103.71405170200308, ""success"": true, ""message"": ""`gtol` termination condition is satisfied."", ""evaluations"": 12, ""inference_unavailable_reasons"": [""parameter_on_boundary""]}, {""start"": [0.95, 0.7], ""theta"": [0.98, 0.01625119372490802], ""objective"": 103.71405170200251, ""success"": true, ""message"": ""`gtol` termination condition is satisfied."", ""evaluations"": 18, ""inference_unavailable_reasons"": [""parameter_on_boundary""]}, {""start"": [0.8762, 0.2397], ""theta"": [0.98, 0.016251193721744606], ""objective"": 103.71405170200455, ""success"": true, ""message"": ""`gtol` termination condition is satisfied."", ""evaluations"": 11, ""inference_unavailable_reasons"": [""parameter_on_boundary""]}]",5f214962ec13e7c2c69bb11aef67082bba0df0b2d5d48968d8590bffd742ad96
279,baseline_fixed,279,9391601786480346325,0.8762,0.2397,regular,False,,11.23013811031781,0.8677816216359531,0.22106406359254432,True,True,False,False,False,2,0.1288907802471665,4,True,"[{""start"": [0.5, 0.1], ""theta"": [0.8677761437522751, 0.22107819638241666], ""objective"": 11.230138110820475, ""success"": true, ""message"": ""`ftol` termination condition is satisfied."", ""evaluations"": 17, ""inference_unavailable_reasons"": []}, {""start"": [0.75, 0.4], ""theta"": [0.8677817197603909, 0.22106381050125892], ""objective"": 11.230138110768857, ""success"": true, ""message"": ""`ftol` termination condition is satisfied."", ""evaluations"": 19, ""inference_unavailable_reasons"": []}, {""start"": [0.95, 0.7], ""theta"": [0.8677816216359531, 0.22106406359254432], ""objective"": 11.23013811031781, ""success"": true, ""message"": ""`ftol` termination condition is satisfied."", ""evaluations"": 21, ""inference_unavailable_reasons"": []}, {""start"": [0.8762, 0.2397], ""theta"": [0.8677816824237394, 0.22106390690614183], ""objective"": 11.230138110591664, ""success"": true, ""message"": ""`ftol` termination condition is satisfied."", ""evaluations"": 15, ""inference_unavailable_reasons"": []}]",4f2f008b3def17cf6f1b90ef26baa0b351203fd733df4adac6090fed6a3b79f2
280,baseline_fixed,280,2017867341479387730,0.8762,0.2397,regular,False,,3.2046126533821457,0.8781202127459606,0.3217636379295893,True,True,False,False,False,2,0.8654507428744347,4,True,"[{""start"": [0.5, 0.1], ""theta"": [0.8781202127459606, 0.3217636379295893], ""objective"": 3.2046126533821457, ""success"": true, ""message"": ""`ftol` termination condition is satisfied."", ""evaluations"": 18, ""inference_unavailable_reasons"": []}, {""start"": [0.75, 0.4], ""theta"": [0.8781197314024503, 0.32176488941771186], ""objective"": 3.2046126537608393, ""success"": true, ""message"": ""`ftol` termination condition is satisfied."", ""evaluations"": 16, ""inference_unavailable_reasons"": []}, {""start"": [0.95, 0.7], ""theta"": [0.878124651975503, 0.32175255179688844], ""objective"": 3.2046126555039027, ""success"": true, ""message"": ""`ftol` termination condition is satisfied."", ""evaluations"": 27, ""inference_unavailable_reasons"": [""nonstationary_solution""]}, {""start"": [0.8762, 0.2397], ""theta"": [0.8781202073352715, 0.32176397902500575], ""objective"": 3.204612653491319, ""success"": true, ""message"": ""`ftol` termination condition is satisfied."", ""evaluations"": 12, ""inference_unavailable_reasons"": []}]",c95c12379b83501806dbf60d1ee9828bf689f3339f13668628190e30ccb78a90
281,baseline_fixed,281,16966266009928509862,0.8762,0.2397,regular,False,,27.02614608787437,0.8265117041466379,0.4212966161743611,True,True,False,False,False,2,0.0003296879041286989,4,True,"[{""start"": [0.5, 0.1], ""theta"": [0.8265110663181698, 0.42129738696536057], ""objective"": 27.026146088013967, ""success"": true, ""message"": ""`ftol` termination condition is satisfied."", ""evaluations"": 10, ""inference_unavailable_reasons"": []}, {""start"": [0.75, 0.4], ""theta"": [0.8265108960946975, 0.42129759348652135], ""objective"": 27.026146088163173, ""success"": true, ""message"": ""`ftol` termination condition is satisfied."", ""evaluations"": 8, ""inference_unavailable_reasons"": []}, {""start"": [0.95, 0.7], ""theta"": [0.8265112061861817, 0.4212972179253178], ""objective"": 27.026146087928627, ""success"": true, ""message"": ""`ftol` termination condition is satisfied."", ""evaluations"": 13, ""inference_unavailable_reasons"": []}, {""start"": [0.8762, 0.2397], ""theta"": [0.8265117041466379, 0.4212966161743611], ""objective"": 27.02614608787437, ""success"": true, ""message"": ""`ftol` termination condition is satisfied."", ""evaluations"": 9, ""inference_unavailable_reasons"": []}]",7202dc38992461b49e75963b9a3c095d9f1a07e8ecb74f21cadc582e9ec709d1
282,baseline_fixed,282,14932082157013012843,0.8762,0.2397,regular,False,,12.996713087111615,0.8909148019309633,0.13552658173477683,True,True,False,False,False,2,0.07218851655557174,4,True,"[{""start"": [0.5, 0.1], ""theta"": [0.8909080630915212, 0.13553733429172407], ""objective"": 12.996713091268568, ""success"": true, ""message"": ""`ftol` termination condition is satisfied."", ""evaluations"": 19, ""inference_unavailable_reasons"": [""nonstationary_solution""]}, {""start"": [0.75, 0.4], ""theta"": [0.8909156075785346, 0.13552529625091386], ""objective"": 12.996713090086796, ""success"": true, ""message"": ""`ftol` termination condition is satisfied."", ""evaluations"": 16, ""inference_unavailable_reasons"": []}, {""start"": [0.95, 0.7], ""theta"": [0.8909148019309633, 0.13552658173477683], ""objective"": 12.996713087111615, ""success"": true, ""message"": ""`ftol` termination condition is satisfied."", ""evaluations"": 17, ""inference_unavailable_reasons"": []}, {""start"": [0.8762, 0.2397], ""theta"": [0.8909157605363937, 0.13552505208872548], ""objective"": 12.996713090738155, ""success"": true, ""message"": ""`ftol` termination condition is satisfied."", ""evaluations"": 18, ""inference_unavailable_reasons"": [""nonstationary_solution""]}]",c398b5432f8af3f49d5b3c0e1eab180ba3de06def50c8e72bf514d24ecfc830a
283,baseline_fixed,283,12388418145855494114,0.8762,0.2397,regular,False,,6.976746838945369,0.9638147814006264,0.062060253679357025,True,True,False,False,False,2,0.43130498604895195,4,True,"[{""start"": [0.5, 0.1], ""theta"": [0.9638139352530262, 0.062062014792880454], ""objective"": 6.976746840036427, ""success"": true, ""message"": ""`ftol` termination condition is satisfied."", ""evaluations"": 23, ""inference_unavailable_reasons"": []}, {""start"": [0.75, 0.4], ""theta"": [0.9638146419846827, 0.062060543858256545], ""objective"": 6.976746839076778, ""success"": true, ""message"": ""`ftol` termination condition is satisfied."", ""evaluations"": 22, ""inference_unavailable_reasons"": []}, {""start"": [0.95, 0.7], ""theta"": [0.9638147399702784, 0.062060339922095586], ""objective"": 6.9767468389736935, ""success"": true, ""message"": ""`ftol` termination condition is satisfied."", ""evaluations"": 27, ""inference_unavailable_reasons"": []}, {""start"": [0.8762, 0.2397], ""theta"": [0.9638147814006264, 0.062060253679357025], ""objective"": 6.976746838945369, ""success"": true, ""message"": ""`ftol` termination condition is satisfied."", ""evaluations"": 19, ""inference_unavailable_reasons"": []}]",2d42debb246b57ed2239bf3dc4310c0a9b9b9e61bd5ce9bdf61c09646a20e1da
284,baseline_fixed,284,9174522009425514685,0.8762,0.2397,regular,False,,19.963448017369956,0.8996131278881789,0.24067104666748493,True,True,False,False,False,2,0.005649177950394357,4,True,"[{""start"": [0.5, 0.1], ""theta"": [0.8996131278881789, 0.24067104666748493], ""objective"": 19.963448017369956, ""success"": true, ""message"": ""`ftol` termination condition is satisfied."", ""evaluations"": 22, ""inference_unavailable_reasons"": []}, {""start"": [0.75, 0.4], ""theta"": [0.8996143119003044, 0.24066879980471578], ""objective"": 19.96344801837892, ""success"": true, ""message"": ""`ftol` termination condition is satisfied."", ""evaluations"": 18, ""inference_unavailable_reasons"": []}, {""start"": [0.95, 0.7], ""theta"": [0.8996126290414066, 0.2406721549585969], ""objective"": 19.963448017401657, ""success"": true, ""message"": ""`ftol` termination condition is satisfied."", ""evaluations"": 26, ""inference_unavailable_reasons"": []}, {""start"": [0.8762, 0.2397], ""theta"": [0.8996126164411186, 0.24067388218109217], ""objective"": 19.96344802006513, ""success"": true, ""message"": ""`ftol` termination condition is satisfied."", ""evaluations"": 17, ""inference_unavailable_reasons"": []}]",e14ab82170112f649517603c72c44174317b73dc261efef4fb40283548ad94f7
285,baseline_fixed,285,9213022022643736726,0.8762,0.2397,regular,False,,6.90888015899873,0.8899853027240784,0.24176534017071766,True,True,False,False,False,2,0.43842857204999297,4,True,"[{""start"": [0.5, 0.1], ""theta"": [0.8899834320526305, 0.24176957412612496], ""objective"": 6.908880160446174, ""success"": true, ""message"": ""`ftol` termination condition is satisfied."", ""evaluations"": 21, ""inference_unavailable_reasons"": []}, {""start"": [0.75, 0.4], ""theta"": [0.8899853027240784, 0.24176534017071766], ""objective"": 6.90888015899873, ""success"": true, ""message"": ""`ftol` termination condition is satisfied."", ""evaluations"": 20, ""inference_unavailable_reasons"": []}, {""start"": [0.95, 0.7], ""theta"": [0.8899844705791843, 0.24176722360553593], ""objective"": 6.908880159572968, ""success"": true, ""message"": ""`ftol` termination condition is satisfied."", ""evaluations"": 25, ""inference_unavailable_reasons"": []}, {""start"": [0.8762, 0.2397], ""theta"": [0.8899835636357977, 0.2417692762750399], ""objective"": 6.908880160324573, ""success"": true, ""message"": ""`ftol` termination condition is satisfied."", ""evaluations"": 15, ""inference_unavailable_reasons"": []}]",7c4884bb49cebe1ef58bf77178b863cfe85d4a34730c5ea493faabf3ea0b97ef
286,baseline_fixed,286,11542166610741728640,0.8762,0.2397,boundary,False,,23.35298203346131,0.9320221240585642,0.010000000000000037,True,False,True,False,True,2,,4,True,"[{""start"": [0.5, 0.1], ""theta"": [0.932022508526469, 0.01000000000000524], ""objective"": 23.352982034192895, ""success"": true, ""message"": ""`ftol` termination condition is satisfied."", ""evaluations"": 12, ""inference_unavailable_reasons"": [""parameter_on_boundary""]}, {""start"": [0.75, 0.4], ""theta"": [0.932022533459612, 0.010000000000003895], ""objective"": 23.35298203425907, ""success"": true, ""message"": ""`ftol` termination condition is satisfied."", ""evaluations"": 10, ""inference_unavailable_reasons"": [""parameter_on_boundary""]}, {""start"": [0.95, 0.7], ""theta"": [0.9320225241083443, 0.010000000000003562], ""objective"": 23.3529820342319, ""success"": true, ""message"": ""`ftol` termination condition is satisfied."", ""evaluations"": 16, ""inference_unavailable_reasons"": [""parameter_on_boundary""]}, {""start"": [0.8762, 0.2397], ""theta"": [0.9320221240585642, 0.010000000000000037], ""objective"": 23.35298203346131, ""success"": true, ""message"": ""`ftol` termination condition is satisfied."", ""evaluations"": 10, ""inference_unavailable_reasons"": [""parameter_on_boundary""]}]",6f33573ecda9ef76fa4dedde797f5de51d709cf6a0053ee974a8e1bb5677effe
287,baseline_fixed,287,1527620542544122980,0.8762,0.2397,regular,False,,2.6835906608720963,0.7867940052715462,0.3487546721303547,True,True,False,False,False,2,0.9126501661984915,4,True,"[{""start"": [0.5, 0.1], ""theta"": [0.7867932654781591, 0.34875675981305865], ""objective"": 2.6835906609825377, ""success"": true, ""message"": ""`ftol` termination condition is satisfied."", ""evaluations"": 10, ""inference_unavailable_reasons"": []}, {""start"": [0.75, 0.4], ""theta"": [0.7867940052715462, 0.3487546721303547], ""objective"": 2.6835906608720963, ""success"": true, ""message"": ""`ftol` termination condition is satisfied."", ""evaluations"": 9, ""inference_unavailable_reasons"": []}, {""start"": [0.95, 0.7], ""theta"": [0.7867932589495037, 0.348756778349845], ""objective"": 2.683590660983379, ""success"": true, ""message"": ""`ftol` termination condition is satisfied."", ""evaluations"": 14, ""inference_unavailable_reasons"": []}, {""start"": [0.8762, 0.2397], ""theta"": [0.786794082538741, 0.3487544546592811], ""objective"": 2.6835906608902933, ""success"": true, ""message"": ""`ftol` termination condition is satisfied."", ""evaluations"": 9, ""inference_unavailable_reasons"": []}]",bc1fc190c95d9d46b32bc8aec082a6e38b349f56395c58e8780d4c9d14ffc400
288,baseline_fixed,288,4860410199677536770,0.8762,0.2397,regular,False,,69.99597870190715,0.8126023536806538,0.4039473421539903,True,True,False,False,False,2,1.4801966183665012e-12,4,True,"[{""start"": [0.5, 0.1], ""theta"": [0.8126023536806538, 0.4039473421539903], ""objective"": 69.99597870190715, ""success"": true, ""message"": ""`ftol` termination condition is satisfied."", ""evaluations"": 23, ""inference_unavailable_reasons"": []}, {""start"": [0.75, 0.4], ""theta"": [0.8126002801195568, 0.40395410039457047], ""objective"": 69.99597870805282, ""success"": true, ""message"": ""`ftol` termination condition is satisfied."", ""evaluations"": 20, ""inference_unavailable_reasons"": []}, {""start"": [0.95, 0.7], ""theta"": [0.8126006514774005, 0.40394286517520855], ""objective"": 69.99597872605518, ""success"": true, ""message"": ""`ftol` termination condition is satisfied."", ""evaluations"": 23, ""inference_unavailable_reasons"": []}, {""start"": [0.8762, 0.2397], ""theta"": [0.8125960939304132, 0.40395816959278874], ""objective"": 69.99597872394031, ""success"": true, ""message"": ""`ftol` termination condition is satisfied."", ""evaluations"": 20, ""inference_unavailable_reasons"": []}]",bab6a8913d54e3fe10ef061c1606d6718d5e18a307bbb46197cdc3ad3045f749
289,baseline_fixed,289,3359756895457575894,0.8762,0.2397,regular,False,,36.86937373935057,0.8428270950022686,0.30606538459004695,True,True,False,False,False,2,4.9655945187662685e-06,4,True,"[{""start"": [0.5, 0.1], ""theta"": [0.8428270950022686, 0.30606538459004695], ""objective"": 36.86937373935057, ""success"": true, ""message"": ""`ftol` termination condition is satisfied."", ""evaluations"": 11, ""inference_unavailable_reasons"": []}, {""start"": [0.75, 0.4], ""theta"": [0.8428267696379828, 0.306065820293857], ""objective"": 36.8693737397589, ""success"": true, ""message"": ""`ftol` termination condition is satisfied."", ""evaluations"": 9, ""inference_unavailable_reasons"": []}, {""start"": [0.95, 0.7], ""theta"": [0.8428266385546002, 0.30606599606914187], ""objective"": 36.86937373997041, ""success"": true, ""message"": ""`ftol` termination condition is satisfied."", ""evaluations"": 14, ""inference_unavailable_reasons"": []}, {""start"": [0.8762, 0.2397], ""theta"": [0.8428287616866841, 0.3060631528348101], ""objective"": 36.869373739655074, ""success"": true, ""message"": ""`ftol` termination condition is satisfied."", ""evaluations"": 8, ""inference_unavailable_reasons"": []}]",cb1a5aab415c30f78a7b386589fcde4676269fd2329e0e385a51cdbae1d4c58e
290,baseline_fixed,290,14579387278683898852,0.8762,0.2397,regular,False,,14.069965116825404,0.8593839037589176,0.22029687804855716,True,True,False,False,False,2,0.04995085692922252,4,True,"[{""start"": [0.5, 0.1], ""theta"": [0.8593831842400322, 0.22029835285187382], ""objective"": 14.069965117728469, ""success"": true, ""message"": ""`ftol` termination condition is satisfied."", ""evaluations"": 17, ""inference_unavailable_reasons"": []}, {""start"": [0.75, 0.4], ""theta"": [0.8593830957657789, 0.2202985344512264], ""objective"": 14.069965117852963, ""success"": true, ""message"": ""`ftol` termination condition is satisfied."", ""evaluations"": 15, ""inference_unavailable_reasons"": []}, {""start"": [0.95, 0.7], ""theta"": [0.8593832779666635, 0.22029816141545605], ""objective"": 14.06996511760481, ""success"": true, ""message"": ""`ftol` termination condition is satisfied."", ""evaluations"": 21, ""inference_unavailable_reasons"": []}, {""start"": [0.8762, 0.2397], ""theta"": [0.8593839037589176, 0.22029687804855716], ""objective"": 14.069965116825404, ""success"": true, ""message"": ""`ftol` termination condition is satisfied."", ""evaluations"": 12, ""inference_unavailable_reasons"": []}]",f23b5abf6ddadda3a343a1a50e54255f92d7ed4866ee3062dc60ccbd10bbe741
291,baseline_fixed,291,15560590617014231369,0.8762,0.2397,regular,False,,1.1663012951084089,0.9007050428044406,0.11305307973344961,True,True,False,False,False,2,0.9916822178288074,4,True,"[{""start"": [0.5, 0.1], ""theta"": [0.9007049959332778, 0.1130531631210301], ""objective"": 1.166301295108733, ""success"": true, ""message"": ""`ftol` termination condition is satisfied."", ""evaluations"": 9, ""inference_unavailable_reasons"": []}, {""start"": [0.75, 0.4], ""theta"": [0.9007050435602797, 0.1130530784049763], ""objective"": 1.1663012951108815, ""success"": true, ""message"": ""`ftol` termination condition is satisfied."", ""evaluations"": 8, ""inference_unavailable_reasons"": []}, {""start"": [0.95, 0.7], ""theta"": [0.9007050317658658, 0.11305309931428065], ""objective"": 1.166301295109991, ""success"": true, ""message"": ""`ftol` termination condition is satisfied."", ""evaluations"": 14, ""inference_unavailable_reasons"": []}, {""start"": [0.8762, 0.2397], ""theta"": [0.9007050428044406, 0.11305307973344961], ""objective"": 1.1663012951084089, ""success"": true, ""message"": ""`ftol` termination condition is satisfied."", ""evaluations"": 7, ""inference_unavailable_reasons"": []}]",7f9c3a8a0a0b9ac8c03d50beb6c54224eae1a8ae21982f254692f1b3e8af25ec
292,baseline_fixed,292,2120867506799171616,0.8762,0.2397,regular,False,,6.970838169045353,0.7867868153348097,0.3480124714027427,True,True,False,False,False,2,0.4319224921702197,4,True,"[{""start"": [0.5, 0.1], ""theta"": [0.7867867088919709, 0.348012751053914], ""objective"": 6.970838169045685, ""success"": true, ""message"": ""`ftol` termination condition is satisfied."", ""evaluations"": 9, ""inference_unavailable_reasons"": []}, {""start"": [0.75, 0.4], ""theta"": [0.7867867446320084, 0.34801265727504416], ""objective"": 6.970838169045551, ""success"": true, ""message"": ""`ftol` termination condition is satisfied."", ""evaluations"": 7, ""inference_unavailable_reasons"": []}, {""start"": [0.95, 0.7], ""theta"": [0.7867867001047575, 0.34801277401811426], ""objective"": 6.970838169046784, ""success"": true, ""message"": ""`ftol` termination condition is satisfied."", ""evaluations"": 13, ""inference_unavailable_reasons"": []}, {""start"": [0.8762, 0.2397], ""theta"": [0.7867868153348097, 0.3480124714027427], ""objective"": 6.970838169045353, ""success"": true, ""message"": ""`ftol` termination condition is satisfied."", ""evaluations"": 8, ""inference_unavailable_reasons"": []}]",5a09800ae200ac22ff6291ee5bb9206831d2a2a3caabc719ad319958a4f735ee
293,baseline_fixed,293,1801428433127957315,0.8762,0.2397,regular,False,,4.000938790579762,0.8346294160908134,0.2463643764718767,True,True,False,False,False,2,0.7796692715505075,4,True,"[{""start"": [0.5, 0.1], ""theta"": [0.8346294160908134, 0.2463643764718767], ""objective"": 4.000938790579762, ""success"": true, ""message"": ""`ftol` termination condition is satisfied."", ""evaluations"": 9, ""inference_unavailable_reasons"": []}, {""start"": [0.75, 0.4], ""theta"": [0.8346293766461935, 0.24636436218971997], ""objective"": 4.0009387905875355, ""success"": true, ""message"": ""`ftol` termination condition is satisfied."", ""evaluations"": 7, ""inference_unavailable_reasons"": []}, {""start"": [0.95, 0.7], ""theta"": [0.8346295950253667, 0.24636446804289058], ""objective"": 4.000938790591643, ""success"": true, ""message"": ""`ftol` termination condition is satisfied."", ""evaluations"": 12, ""inference_unavailable_reasons"": []}, {""start"": [0.8762, 0.2397], ""theta"": [0.8346295345657214, 0.24636450685778885], ""objective"": 4.000938790580065, ""success"": true, ""message"": ""`ftol` termination condition is satisfied."", ""evaluations"": 7, ""inference_unavailable_reasons"": []}]",743da3d1794abb1b5fc59edadf100e5ea2da49f07d8187731437ab0f43146cb1
294,baseline_fixed,294,8181772399186180423,0.8762,0.2397,regular,False,,4.878764668638613,0.9558212569314901,0.051576700702387845,True,True,False,False,False,2,0.6747553057392437,4,True,"[{""start"": [0.5, 0.1], ""theta"": [0.9558211723543371, 0.05157683119364481], ""objective"": 4.878764668721923, ""success"": true, ""message"": ""`ftol` termination condition is satisfied."", ""evaluations"": 13, ""inference_unavailable_reasons"": []}, {""start"": [0.75, 0.4], ""theta"": [0.9558212569314901, 0.051576700702387845], ""objective"": 4.878764668638613, ""success"": true, ""message"": ""`ftol` termination condition is satisfied."", ""evaluations"": 11, ""inference_unavailable_reasons"": []}, {""start"": [0.95, 0.7], ""theta"": [0.9558211197774407, 0.05157691229982608], ""objective"": 4.878764668785309, ""success"": true, ""message"": ""`ftol` termination condition is satisfied."", ""evaluations"": 17, ""inference_unavailable_reasons"": []}, {""start"": [0.8762, 0.2397], ""theta"": [0.9558211457636592, 0.05157687221145918], ""objective"": 4.878764668754452, ""success"": true, ""message"": ""`ftol` termination condition is satisfied."", ""evaluations"": 10, ""inference_unavailable_reasons"": []}]",b5f5b974b9eb81396c7472cd350b69f84426a2828e05b945c8d97c116b023106
295,baseline_fixed,295,10672901213981041723,0.8762,0.2397,boundary,False,,20.112163674773164,0.98,0.027216188678331865,True,False,True,True,False,2,,4,True,"[{""start"": [0.5, 0.1], ""theta"": [0.98, 0.02721618869491721], ""objective"": 20.11216367477363, ""success"": true, ""message"": ""`ftol` termination condition is satisfied."", ""evaluations"": 13, ""inference_unavailable_reasons"": [""parameter_on_boundary""]}, {""start"": [0.75, 0.4], ""theta"": [0.98, 0.02721618869325998], ""objective"": 20.11216367477338, ""success"": true, ""message"": ""`gtol` termination condition is satisfied."", ""evaluations"": 11, ""inference_unavailable_reasons"": [""parameter_on_boundary""]}, {""start"": [0.95, 0.7], ""theta"": [0.98, 0.027216188678331865], ""objective"": 20.112163674773164, ""success"": true, ""message"": ""`gtol` termination condition is satisfied."", ""evaluations"": 16, ""inference_unavailable_reasons"": [""parameter_on_boundary""]}, {""start"": [0.8762, 0.2397], ""theta"": [0.98, 0.027216188685613207], ""objective"": 20.112163674773804, ""success"": true, ""message"": ""`ftol` termination condition is satisfied."", ""evaluations"": 9, ""inference_unavailable_reasons"": [""parameter_on_boundary""]}]",8a96493ee54b2fa02ce48b58817bc0853a26a302146af257798006d0bc4c3a29
296,baseline_fixed,296,7556890126092930712,0.8762,0.2397,regular,False,,8.10740263531628,0.815015844409227,0.3513957635190131,True,True,False,False,False,2,0.3232186499876104,4,True,"[{""start"": [0.5, 0.1], ""theta"": [0.815015790079779, 0.35139581472610304], ""objective"": 8.107402635318067, ""success"": true, ""message"": ""`ftol` termination condition is satisfied."", ""evaluations"": 9, ""inference_unavailable_reasons"": []}, {""start"": [0.75, 0.4], ""theta"": [0.815015844409227, 0.3513957635190131], ""objective"": 8.10740263531628, ""success"": true, ""message"": ""`ftol` termination condition is satisfied."", ""evaluations"": 7, ""inference_unavailable_reasons"": []}, {""start"": [0.95, 0.7], ""theta"": [0.815015871632017, 0.3513957127800908], ""objective"": 8.107402635316362, ""success"": true, ""message"": ""`ftol` termination condition is satisfied."", ""evaluations"": 13, ""inference_unavailable_reasons"": []}, {""start"": [0.8762, 0.2397], ""theta"": [0.8150160952282142, 0.35139543123702177], ""objective"": 8.107402635340865, ""success"": true, ""message"": ""`ftol` termination condition is satisfied."", ""evaluations"": 6, ""inference_unavailable_reasons"": []}]",9cf2cd2765cba5ffa1b9d9ed343075a91b16f7ee0f3d442b69a0d79e54493745
297,baseline_fixed,297,2278493310164375546,0.8762,0.2397,regular,False,,6.57072388595168,0.9219778508014811,0.10545363031393275,True,True,False,False,False,2,0.4748993676454484,4,True,"[{""start"": [0.5, 0.1], ""theta"": [0.9219778508014811, 0.10545363031393275], ""objective"": 6.57072388595168, ""success"": true, ""message"": ""`ftol` termination condition is satisfied."", ""evaluations"": 10, ""inference_unavailable_reasons"": []}, {""start"": [0.75, 0.4], ""theta"": [0.9219778242458374, 0.10545368457870202], ""objective"": 6.570723885958552, ""success"": true, ""message"": ""`ftol` termination condition is satisfied."", ""evaluations"": 9, ""inference_unavailable_reasons"": []}, {""start"": [0.95, 0.7], ""theta"": [0.9219778806282217, 0.10545356933555428], ""objective"": 6.570723885955151, ""success"": true, ""message"": ""`ftol` termination condition is satisfied."", ""evaluations"": 14, ""inference_unavailable_reasons"": []}, {""start"": [0.8762, 0.2397], ""theta"": [0.9219778203454541, 0.10545369255912324], ""objective"": 6.570723885956022, ""success"": true, ""message"": ""`ftol` termination condition is satisfied."", ""evaluations"": 8, ""inference_unavailable_reasons"": []}]",2ced19bdbcd924a1584ca90b7a9fb00e24095ac08dbd6fef0a46b2b0a34bc37b
298,baseline_fixed,298,885437497008237408,0.8762,0.2397,regular,False,,3.7629662604998835,0.8141771041768255,0.2666404354510186,True,True,False,False,False,2,0.806638415173463,4,True,"[{""start"": [0.5, 0.1], ""theta"": [0.8141770557099399, 0.26664052930967963], ""objective"": 3.7629662605040894, ""success"": true, ""message"": ""`ftol` termination condition is satisfied."", ""evaluations"": 8, ""inference_unavailable_reasons"": []}, {""start"": [0.75, 0.4], ""theta"": [0.814177105557967, 0.2666404327151761], ""objective"": 3.762966260500333, ""success"": true, ""message"": ""`ftol` termination condition is satisfied."", ""evaluations"": 7, ""inference_unavailable_reasons"": []}, {""start"": [0.95, 0.7], ""theta"": [0.8141771041768255, 0.2666404354510186], ""objective"": 3.7629662604998835, ""success"": true, ""message"": ""`ftol` termination condition is satisfied."", ""evaluations"": 13, ""inference_unavailable_reasons"": []}, {""start"": [0.8762, 0.2397], ""theta"": [0.8141771238699956, 0.26664039685267893], ""objective"": 3.7629662605006375, ""success"": true, ""message"": ""`ftol` termination condition is satisfied."", ""evaluations"": 6, ""inference_unavailable_reasons"": []}]",ba772b86dee0e0623dd3075fa9a510de5eda8994520c918babb12dcd0a183385
299,baseline_fixed,299,13857313828636795769,0.8762,0.2397,regular,False,,4.936403200570802,0.8522611857423943,0.3233177798966634,True,True,False,False,False,2,0.6677241533355535,4,True,"[{""start"": [0.5, 0.1], ""theta"": [0.852260922744001, 0.32331840279638197], ""objective"": 4.936403200618415, ""success"": true, ""message"": ""`ftol` termination condition is satisfied."", ""evaluations"": 13, ""inference_unavailable_reasons"": []}, {""start"": [0.75, 0.4], ""theta"": [0.8522605330963802, 0.32331932546605097], ""objective"": 4.936403200730016, ""success"": true, ""message"": ""`ftol` termination condition is satisfied."", ""evaluations"": 11, ""inference_unavailable_reasons"": []}, {""start"": [0.95, 0.7], ""theta"": [0.8522611857423943, 0.3233177798966634], ""objective"": 4.936403200570802, ""success"": true, ""message"": ""`ftol` termination condition is satisfied."", ""evaluations"": 17, ""inference_unavailable_reasons"": []}, {""start"": [0.8762, 0.2397], ""theta"": [0.8522626547519754, 0.3233143010357307], ""objective"": 4.936403200683081, ""success"": true, ""message"": ""`ftol` termination condition is satisfied."", ""evaluations"": 10, ""inference_unavailable_reasons"": []}]",6119b48f646d28d822d8933b03c03ca5ecb9c293bc6e5772ada707f0a4c80388
300,baseline_fixed,300,15898136092619947298,0.8762,0.2397,regular,False,,7.57830858412021,0.859918333699424,0.08539299171448295,True,True,False,False,False,2,0.371240959703266,4,True,"[{""start"": [0.5, 0.1], ""theta"": [0.8599183540624313, 0.08539292740497093], ""objective"": 7.578308584125531, ""success"": true, ""message"": ""`ftol` termination condition is satisfied."", ""evaluations"": 10, ""inference_unavailable_reasons"": []}, {""start"": [0.75, 0.4], ""theta"": [0.859918333699424, 0.08539299171448295], ""objective"": 7.57830858412021, ""success"": true, ""message"": ""`ftol` termination condition is satisfied."", ""evaluations"": 9, ""inference_unavailable_reasons"": []}, {""start"": [0.95, 0.7], ""theta"": [0.8599183533526807, 0.08539292054897107], ""objective"": 7.578308584123878, ""success"": true, ""message"": ""`ftol` termination condition is satisfied."", ""evaluations"": 14, ""inference_unavailable_reasons"": []}, {""start"": [0.8762, 0.2397], ""theta"": [0.859918258876599, 0.0853936460800779], ""objective"": 7.578308584131282, ""success"": true, ""message"": ""`ftol` termination condition is satisfied."", ""evaluations"": 8, ""inference_unavailable_reasons"": []}]",5a5a031eb9ff02787121f5c0543c567eda1397ab0df25d9ca6c6b006bb02918d
301,baseline_fixed,301,3939562395849197484,0.8762,0.2397,regular,False,,5.355910706871352,0.9361067758764027,0.16183109304969284,True,True,False,False,False,2,0.6166157559490568,4,True,"[{""start"": [0.5, 0.1], ""theta"": [0.9361067697366717, 0.1618311092826209], ""objective"": 5.355910706872498, ""success"": true, ""message"": ""`ftol` termination condition is satisfied."", ""evaluations"": 12, ""inference_unavailable_reasons"": []}, {""start"": [0.75, 0.4], ""theta"": [0.936107030886102, 0.16183041876830756], ""objective"": 5.3559107069459735, ""success"": true, ""message"": ""`ftol` termination condition is satisfied."", ""evaluations"": 9, ""inference_unavailable_reasons"": []}, {""start"": [0.95, 0.7], ""theta"": [0.9361067856315252, 0.1618310672597778], ""objective"": 5.3559107068730585, ""success"": true, ""message"": ""`ftol` termination condition is satisfied."", ""evaluations"": 15, ""inference_unavailable_reasons"": []}, {""start"": [0.8762, 0.2397], ""theta"": [0.9361067758764027, 0.16183109304969284], ""objective"": 5.355910706871352, ""success"": true, ""message"": ""`ftol` termination condition is satisfied."", ""evaluations"": 9, ""inference_unavailable_reasons"": []}]",6bb5b9dc9cec2b2b75496f60d9b7484edbb3f762961ef0fab1c10b2615f22de4
302,baseline_fixed,302,9347350001790758423,0.8762,0.2397,regular,False,,7.808014737776041,0.9548979420925383,0.0175872412904175,True,True,False,False,False,2,0.3498271634122805,4,True,"[{""start"": [0.5, 0.1], ""theta"": [0.9548979301268736, 0.017587238910450942], ""objective"": 7.808014737778942, ""success"": true, ""message"": ""`ftol` termination condition is satisfied."", ""evaluations"": 10, ""inference_unavailable_reasons"": []}, {""start"": [0.75, 0.4], ""theta"": [0.9548979420925383, 0.0175872412904175], ""objective"": 7.808014737776041, ""success"": true, ""message"": ""`ftol` termination condition is satisfied."", ""evaluations"": 11, ""inference_unavailable_reasons"": []}, {""start"": [0.95, 0.7], ""theta"": [0.9548979686591533, 0.01758727074750599], ""objective"": 7.808014737780118, ""success"": true, ""message"": ""`ftol` termination condition is satisfied."", ""evaluations"": 16, ""inference_unavailable_reasons"": []}, {""start"": [0.8762, 0.2397], ""theta"": [0.9548979422045636, 0.017587241274295257], ""objective"": 7.808014737778773, ""success"": true, ""message"": ""`ftol` termination condition is satisfied."", ""evaluations"": 11, ""inference_unavailable_reasons"": []}]",bb93854361aa76f74ac3a799eb016a420516b217bff3ad0995f1c920e6399084
303,baseline_fixed,303,17805409649249424438,0.8762,0.2397,regular,False,,8.607189195285638,0.8260351558795078,0.2061557190911058,True,True,False,False,False,2,0.28210136175207423,4,True,"[{""start"": [0.5, 0.1], ""theta"": [0.8260351558795078, 0.2061557190911058], ""objective"": 8.607189195285638, ""success"": true, ""message"": ""`ftol` termination condition is satisfied."", ""evaluations"": 8, ""inference_unavailable_reasons"": []}, {""start"": [0.75, 0.4], ""theta"": [0.8260349340024583, 0.2061562509655295], ""objective"": 8.607189195302752, ""success"": true, ""message"": ""`ftol` termination condition is satisfied."", ""evaluations"": 6, ""inference_unavailable_reasons"": []}, {""start"": [0.95, 0.7], ""theta"": [0.8260353086354689, 0.206155352557159], ""objective"": 8.607189195302446, ""success"": true, ""message"": ""`ftol` termination condition is satisfied."", ""evaluations"": 13, ""inference_unavailable_reasons"": []}, {""start"": [0.8762, 0.2397], ""theta"": [0.8260352690503278, 0.20615544507875674], ""objective"": 8.60718919529441, ""success"": true, ""message"": ""`ftol` termination condition is satisfied."", ""evaluations"": 7, ""inference_unavailable_reasons"": []}]",19795739e3335c2a306d26ccb3d5ebc093950320f92fdf0711344b7443d3ff5b
304,baseline_fixed,304,10955538980055891898,0.8762,0.2397,regular,False,,41.51276665804653,0.8146182262080068,0.23351683444377525,True,True,False,False,False,2,6.452831894950767e-07,4,True,"[{""start"": [0.5, 0.1], ""theta"": [0.8146145173411906, 0.23351627845913284], ""objective"": 41.51276665925419, ""success"": true, ""message"": ""`ftol` termination condition is satisfied."", ""evaluations"": 14, ""inference_unavailable_reasons"": []}, {""start"": [0.75, 0.4], ""theta"": [0.8146143232359628, 0.23352181086357238], ""objective"": 41.51276666161863, ""success"": true, ""message"": ""`ftol` termination condition is satisfied."", ""evaluations"": 12, ""inference_unavailable_reasons"": []}, {""start"": [0.95, 0.7], ""theta"": [0.8146161264010556, 0.2335198169460143], ""objective"": 41.51276665814101, ""success"": true, ""message"": ""`ftol` termination condition is satisfied."", ""evaluations"": 18, ""inference_unavailable_reasons"": []}, {""start"": [0.8762, 0.2397], ""theta"": [0.8146182262080068, 0.23351683444377525], ""objective"": 41.51276665804653, ""success"": true, ""message"": ""`ftol` termination condition is satisfied."", ""evaluations"": 13, ""inference_unavailable_reasons"": []}]",2cb646c8755191b371726d86c63acfa1d6e7acbe75d0a0038a452f45871169f0
305,baseline_fixed,305,1145374963337939014,0.8762,0.2397,regular,False,,8.10742126943754,0.8718046426428158,0.19754500882865164,True,True,False,False,False,2,0.32321703996791246,4,True,"[{""start"": [0.5, 0.1], ""theta"": [0.8718045555083758, 0.19754517265613702], ""objective"": 8.107421269491446, ""success"": true, ""message"": ""`ftol` termination condition is satisfied."", ""evaluations"": 15, ""inference_unavailable_reasons"": []}, {""start"": [0.75, 0.4], ""theta"": [0.8718046426428158, 0.19754500882865164], ""objective"": 8.10742126943754, ""success"": true, ""message"": ""`ftol` termination condition is satisfied."", ""evaluations"": 13, ""inference_unavailable_reasons"": []}, {""start"": [0.95, 0.7], ""theta"": [0.8718044284341238, 0.19754541079920873], ""objective"": 8.107421269592956, ""success"": true, ""message"": ""`ftol` termination condition is satisfied."", ""evaluations"": 19, ""inference_unavailable_reasons"": []}, {""start"": [0.8762, 0.2397], ""theta"": [0.8718042618239991, 0.19754572389597955], ""objective"": 8.107421269744858, ""success"": true, ""message"": ""`ftol` termination condition is satisfied."", ""evaluations"": 11, ""inference_unavailable_reasons"": []}]",6dde255067f3bb298f38cb436b2cea48e740c0e1704cfeb3bcd19ea77de255b6
306,baseline_fixed,306,8164601391675723368,0.8762,0.2397,regular,False,,6.030873859980926,0.8811448244517498,0.08798765971582012,True,True,False,False,False,2,0.5361490305864552,4,True,"[{""start"": [0.5, 0.1], ""theta"": [0.8811447608596388, 0.0879877040534661], ""objective"": 6.030873859994294, ""success"": true, ""message"": ""`ftol` termination condition is satisfied."", ""evaluations"": 9, ""inference_unavailable_reasons"": []}, {""start"": [0.75, 0.4], ""theta"": [0.8811448244517498, 0.08798765971582012], ""objective"": 6.030873859980926, ""success"": true, ""message"": ""`ftol` termination condition is satisfied."", ""evaluations"": 9, ""inference_unavailable_reasons"": []}, {""start"": [0.95, 0.7], ""theta"": [0.8811448231543093, 0.08798766055146157], ""objective"": 6.030873859985247, ""success"": true, ""message"": ""`ftol` termination condition is satisfied."", ""evaluations"": 15, ""inference_unavailable_reasons"": []}, {""start"": [0.8762, 0.2397], ""theta"": [0.8811447724492499, 0.08798769592325628], ""objective"": 6.030873859988947, ""success"": true, ""message"": ""`ftol` termination condition is satisfied."", ""evaluations"": 8, ""inference_unavailable_reasons"": []}]",3692fd8ed90041d36ada8bf92cb6d7e4e5f27b99ddfce313e7e2e2d9f8734655
307,baseline_fixed,307,4024260577358350770,0.8762,0.2397,regular,False,,18.473096278807443,0.8493975029187325,0.10174682381204156,True,True,False,False,False,2,0.010008397049851705,4,True,"[{""start"": [0.5, 0.1], ""theta"": [0.8493972224222571, 0.10174674741819323], ""objective"": 18.47309627885161, ""success"": true, ""message"": ""`ftol` termination condition is satisfied."", ""evaluations"": 10, ""inference_unavailable_reasons"": []}, {""start"": [0.75, 0.4], ""theta"": [0.8493978586064008, 0.10174624012119976], ""objective"": 18.473096278925965, ""success"": true, ""message"": ""`ftol` termination condition is satisfied."", ""evaluations"": 8, ""inference_unavailable_reasons"": []}, {""start"": [0.95, 0.7], ""theta"": [0.8493977477770104, 0.1017463638123216], ""objective"": 18.473096278870546, ""success"": true, ""message"": ""`ftol` termination condition is satisfied."", ""evaluations"": 14, ""inference_unavailable_reasons"": []}, {""start"": [0.8762, 0.2397], ""theta"": [0.8493975029187325, 0.10174682381204156], ""objective"": 18.473096278807443, ""success"": true, ""message"": ""`ftol` termination condition is satisfied."", ""evaluations"": 9, ""inference_unavailable_reasons"": []}]",1b2b1b23a1e78234253992d6468011c7487e329ac737cb5fd312980a83d7043b
308,baseline_fixed,308,8837582400249756067,0.8762,0.2397,boundary,False,,27.139642214300185,0.9799999999999998,0.012391532206089156,True,False,True,True,False,2,,4,True,"[{""start"": [0.5, 0.1], ""theta"": [0.9799999999999998, 0.012391532206089156], ""objective"": 27.139642214300185, ""success"": true, ""message"": ""`ftol` termination condition is satisfied."", ""evaluations"": 17, ""inference_unavailable_reasons"": [""parameter_on_boundary""]}, {""start"": [0.75, 0.4], ""theta"": [0.98, 0.01239153399728199], ""objective"": 27.139642214320318, ""success"": true, ""message"": ""`ftol` termination condition is satisfied."", ""evaluations"": 14, ""inference_unavailable_reasons"": [""parameter_on_boundary""]}, {""start"": [0.95, 0.7], ""theta"": [0.98, 0.012391532065802346], ""objective"": 27.139642214320606, ""success"": true, ""message"": ""`ftol` termination condition is satisfied."", ""evaluations"": 19, ""inference_unavailable_reasons"": [""parameter_on_boundary""]}, {""start"": [0.8762, 0.2397], ""theta"": [0.98, 0.01239153177168445], ""objective"": 27.139642214319988, ""success"": true, ""message"": ""`ftol` termination condition is satisfied."", ""evaluations"": 12, ""inference_unavailable_reasons"": [""parameter_on_boundary""]}]",26ee5f5eab2bd16da405fa402331b8c3b81d78c0efd1c4444caf4f195ad2d982
309,baseline_fixed,309,129685566715278936,0.8762,0.2397,regular,False,,1.35902627805641,0.9299552279798571,0.057803173165768884,True,True,False,False,False,2,0.9867933279047802,4,True,"[{""start"": [0.5, 0.1], ""theta"": [0.9299552324557194, 0.057803166445499744], ""objective"": 1.3590262780578342, ""success"": true, ""message"": ""`ftol` termination condition is satisfied."", ""evaluations"": 13, ""inference_unavailable_reasons"": []}, {""start"": [0.75, 0.4], ""theta"": [0.9299552170901015, 0.05780318950401436], ""objective"": 1.3590262780596922, ""success"": true, ""message"": ""`ftol` termination condition is satisfied."", ""evaluations"": 11, ""inference_unavailable_reasons"": []}, {""start"": [0.95, 0.7], ""theta"": [0.9299552279798571, 0.057803173165768884], ""objective"": 1.35902627805641, ""success"": true, ""message"": ""`ftol` termination condition is satisfied."", ""evaluations"": 17, ""inference_unavailable_reasons"": []}, {""start"": [0.8762, 0.2397], ""theta"": [0.9299551497482722, 0.057803290650704886], ""objective"": 1.3590262780694016, ""success"": true, ""message"": ""`ftol` termination condition is satisfied."", ""evaluations"": 10, ""inference_unavailable_reasons"": []}]",342204a007708319fa6d7aa55a6f2f7bee1106d0ceb536a37196618cd84f5ba1
310,baseline_fixed,310,7406015502837471184,0.8762,0.2397,regular,False,,8.389321249463993,0.9591078637174297,0.04769471441813164,True,True,False,False,False,2,0.29951824908676655,4,True,"[{""start"": [0.5, 0.1], ""theta"": [0.9591080095703661, 0.04769452137827253], ""objective"": 8.38932124966139, ""success"": true, ""message"": ""`ftol` termination condition is satisfied."", ""evaluations"": 12, ""inference_unavailable_reasons"": []}, {""start"": [0.75, 0.4], ""theta"": [0.959107899745821, 0.04769466674593509], ""objective"": 8.389321249497584, ""success"": true, ""message"": ""`ftol` termination condition is satisfied."", ""evaluations"": 9, ""inference_unavailable_reasons"": []}, {""start"": [0.95, 0.7], ""theta"": [0.9591080127142104, 0.04769451721843121], ""objective"": 8.389321249675945, ""success"": true, ""message"": ""`ftol` termination condition is satisfied."", ""evaluations"": 16, ""inference_unavailable_reasons"": []}, {""start"": [0.8762, 0.2397], ""theta"": [0.9591078637174297, 0.04769471441813164], ""objective"": 8.389321249463993, ""success"": true, ""message"": ""`ftol` termination condition is satisfied."", ""evaluations"": 9, ""inference_unavailable_reasons"": []}]",1bd8ad4b7c5acb192302cb88e36379bf6515f4c68a381aa4f8b6dc203439cc16
311,baseline_fixed,311,13888873568976492106,0.8762,0.2397,regular,False,,16.95058402043054,0.8672077838162665,0.09443053999920858,True,True,False,False,False,2,0.017717620141907052,4,True,"[{""start"": [0.5, 0.1], ""theta"": [0.8672111970620099, 0.09441960123294223], ""objective"": 16.950584021979754, ""success"": true, ""message"": ""`ftol` termination condition is satisfied."", ""evaluations"": 15, ""inference_unavailable_reasons"": []}, {""start"": [0.75, 0.4], ""theta"": [0.8672116586202566, 0.09441812276123684], ""objective"": 16.950584024071205, ""success"": true, ""message"": ""`ftol` termination condition is satisfied."", ""evaluations"": 12, ""inference_unavailable_reasons"": []}, {""start"": [0.95, 0.7], ""theta"": [0.8672077838162665, 0.09443053999920858], ""objective"": 16.95058402043054, ""success"": true, ""message"": ""`ftol` termination condition is satisfied."", ""evaluations"": 18, ""inference_unavailable_reasons"": []}, {""start"": [0.8762, 0.2397], ""theta"": [0.8672112813752476, 0.09441933345225637], ""objective"": 16.950584022325298, ""success"": true, ""message"": ""`ftol` termination condition is satisfied."", ""evaluations"": 10, ""inference_unavailable_reasons"": []}]",f39d782d45b7347fb73ce4acc6bafb9ccd6e2811542ea82d29e8f6df28c1564f
312,baseline_fixed,312,2828774247309892851,0.8762,0.2397,regular,False,,69.7507354659136,0.9727144488925443,0.04854419521569159,True,True,False,False,False,2,1.659101470289029e-12,4,True,"[{""start"": [0.5, 0.1], ""theta"": [0.972715153816612, 0.048542980030575514], ""objective"": 69.75073546670828, ""success"": true, ""message"": ""`ftol` termination condition is satisfied."", ""evaluations"": 12, ""inference_unavailable_reasons"": []}, {""start"": [0.75, 0.4], ""theta"": [0.9727144502563159, 0.048544192923973106], ""objective"": 69.75073546592805, ""success"": true, ""message"": ""`ftol` termination condition is satisfied."", ""evaluations"": 11, ""inference_unavailable_reasons"": []}, {""start"": [0.95, 0.7], ""theta"": [0.9727144449826333, 0.0485442020011817], ""objective"": 69.75073546591862, ""success"": true, ""message"": ""`ftol` termination condition is satisfied."", ""evaluations"": 17, ""inference_unavailable_reasons"": []}, {""start"": [0.8762, 0.2397], ""theta"": [0.9727144488925443, 0.04854419521569159], ""objective"": 69.7507354659136, ""success"": true, ""message"": ""`ftol` termination condition is satisfied."", ""evaluations"": 10, ""inference_unavailable_reasons"": []}]",04a030980e6ba581eef6535e8589f38ce0619bba3068669483d088142710286e
313,baseline_fixed,313,1441337934154395735,0.8762,0.2397,boundary,False,,5.514996406949841,0.8302551782186628,0.01000000000000012,True,False,True,False,True,2,,4,True,"[{""start"": [0.5, 0.1], ""theta"": [0.8302551823451572, 0.010000000000000536], ""objective"": 5.514996406957736, ""success"": true, ""message"": ""`ftol` termination condition is satisfied."", ""evaluations"": 9, ""inference_unavailable_reasons"": [""parameter_on_boundary""]}, {""start"": [0.75, 0.4], ""theta"": [0.8302551800774545, 0.010000000000000342], ""objective"": 5.514996406953584, ""success"": true, ""message"": ""`ftol` termination condition is satisfied."", ""evaluations"": 11, ""inference_unavailable_reasons"": [""parameter_on_boundary""]}, {""start"": [0.95, 0.7], ""theta"": [0.8302551782186628, 0.01000000000000012], ""objective"": 5.514996406949841, ""success"": true, ""message"": ""`ftol` termination condition is satisfied."", ""evaluations"": 17, ""inference_unavailable_reasons"": [""parameter_on_boundary""]}, {""start"": [0.8762, 0.2397], ""theta"": [0.8302551797721676, 0.010000000000000397], ""objective"": 5.514996406950079, ""success"": true, ""message"": ""`ftol` termination condition is satisfied."", ""evaluations"": 11, ""inference_unavailable_reasons"": [""parameter_on_boundary""]}]",65478be6440dd2cc7d98a0762da6823435b9f6c13f6e0d4ca1c63fdda496c761
314,baseline_fixed,314,12801252560572279995,0.8762,0.2397,regular,False,,4.287936948866867,0.894651973521275,0.08923795583148719,True,True,False,False,False,2,0.7460794501782869,4,True,"[{""start"": [0.5, 0.1], ""theta"": [0.8946515625634563, 0.08923851545420135], ""objective"": 4.287936949036139, ""success"": true, ""message"": ""`ftol` termination condition is satisfied."", ""evaluations"": 13, ""inference_unavailable_reasons"": []}, {""start"": [0.75, 0.4], ""theta"": [0.894651840914598, 0.08923813631766747], ""objective"": 4.287936948906794, ""success"": true, ""message"": ""`ftol` termination condition is satisfied."", ""evaluations"": 12, ""inference_unavailable_reasons"": []}, {""start"": [0.95, 0.7], ""theta"": [0.894651973521275, 0.08923795583148719], ""objective"": 4.287936948866867, ""success"": true, ""message"": ""`ftol` termination condition is satisfied."", ""evaluations"": 19, ""inference_unavailable_reasons"": []}, {""start"": [0.8762, 0.2397], ""theta"": [0.8946518223486692, 0.0892381617029975], ""objective"": 4.287936948915798, ""success"": true, ""message"": ""`ftol` termination condition is satisfied."", ""evaluations"": 12, ""inference_unavailable_reasons"": []}]",5b4671b5f066a7f418acf3cad5b4c39e4f4ae2cf92cee84fe4c2cd3c958608cc
315,baseline_fixed,315,7069566459730471221,0.8762,0.2397,regular,False,,10.231580289738442,0.914931717898353,0.10535204652315419,True,True,False,False,False,2,0.17582545912761574,4,True,"[{""start"": [0.5, 0.1], ""theta"": [0.9149317821088454, 0.10535194075901547], ""objective"": 10.231580289914266, ""success"": true, ""message"": ""`ftol` termination condition is satisfied."", ""evaluations"": 16, ""inference_unavailable_reasons"": []}, {""start"": [0.75, 0.4], ""theta"": [0.9149278134994143, 0.10535848505873763], ""objective"": 10.231580291094177, ""success"": true, ""message"": ""`ftol` termination condition is satisfied."", ""evaluations"": 14, ""inference_unavailable_reasons"": []}, {""start"": [0.95, 0.7], ""theta"": [0.914928094773969, 0.10535802122281113], ""objective"": 10.231580290209429, ""success"": true, ""message"": ""`ftol` termination condition is satisfied."", ""evaluations"": 19, ""inference_unavailable_reasons"": []}, {""start"": [0.8762, 0.2397], ""theta"": [0.914931717898353, 0.10535204652315419], ""objective"": 10.231580289738442, ""success"": true, ""message"": ""`ftol` termination condition is satisfied."", ""evaluations"": 16, ""inference_unavailable_reasons"": []}]",5101d231c1a962e99275d3ef094a33fdd20ab44f134ed1793807c62e65a86f0e
316,baseline_fixed,316,2630521835978457954,0.8762,0.2397,regular,False,,3.0639868861150124,0.8509320930242984,0.26592337056678367,True,True,False,False,False,2,0.8790204704362305,4,True,"[{""start"": [0.5, 0.1], ""theta"": [0.8509320930242984, 0.26592337056678367], ""objective"": 3.0639868861150124, ""success"": true, ""message"": ""`ftol` termination condition is satisfied."", ""evaluations"": 11, ""inference_unavailable_reasons"": []}, {""start"": [0.75, 0.4], ""theta"": [0.8509318553168511, 0.26592396219816855], ""objective"": 3.0639868861759743, ""success"": true, ""message"": ""`ftol` termination condition is satisfied."", ""evaluations"": 9, ""inference_unavailable_reasons"": []}, {""start"": [0.95, 0.7], ""theta"": [0.8509326462167333, 0.26592199366813507], ""objective"": 3.0639868861861785, ""success"": true, ""message"": ""`ftol` termination condition is satisfied."", ""evaluations"": 14, ""inference_unavailable_reasons"": []}, {""start"": [0.8762, 0.2397], ""theta"": [0.8509324410385077, 0.2659225043518055], ""objective"": 3.0639868861251847, ""success"": true, ""message"": ""`ftol` termination condition is satisfied."", ""evaluations"": 8, ""inference_unavailable_reasons"": []}]",522963ee3945553fa32d3fc4934ab7b03f5e8809770c3771c90cd9ff7719b917
317,baseline_fixed,317,4063272433580619122,0.8762,0.2397,regular,False,,2.119925672891534,0.9056578992037916,0.14862648686870805,True,True,False,False,False,2,0.9529054175618682,4,True,"[{""start"": [0.5, 0.1], ""theta"": [0.9056578182738628, 0.1486266656812608], ""objective"": 2.1199256729002753, ""success"": true, ""message"": ""`ftol` termination condition is satisfied."", ""evaluations"": 12, ""inference_unavailable_reasons"": []}, {""start"": [0.75, 0.4], ""theta"": [0.9056577160198817, 0.14862689160256676], ""objective"": 2.1199256729281224, ""success"": true, ""message"": ""`ftol` termination condition is satisfied."", ""evaluations"": 10, ""inference_unavailable_reasons"": []}, {""start"": [0.95, 0.7], ""theta"": [0.9056578992037916, 0.14862648686870805], ""objective"": 2.119925672891534, ""success"": true, ""message"": ""`ftol` termination condition is satisfied."", ""evaluations"": 16, ""inference_unavailable_reasons"": []}, {""start"": [0.8762, 0.2397], ""theta"": [0.9056578828469589, 0.14862652297282336], ""objective"": 2.119925672892681, ""success"": true, ""message"": ""`ftol` termination condition is satisfied."", ""evaluations"": 9, ""inference_unavailable_reasons"": []}]",a4b9bd08922a704f26ef65c142a93a98f895b11c2bf28831430aa46528295722
318,baseline_fixed,318,6333385393294842119,0.8762,0.2397,regular,False,,5.159434773205836,0.9167902690638721,0.06818561558529174,True,True,False,False,False,2,0.6405136787997663,4,True,"[{""start"": [0.5, 0.1], ""theta"": [0.9167898655362672, 0.06818616944232844], ""objective"": 5.159434773660596, ""success"": true, ""message"": ""`ftol` termination condition is satisfied."", ""evaluations"": 12, ""inference_unavailable_reasons"": []}, {""start"": [0.75, 0.4], ""theta"": [0.9167902690638721, 0.06818561558529174], ""objective"": 5.159434773205836, ""success"": true, ""message"": ""`ftol` termination condition is satisfied."", ""evaluations"": 11, ""inference_unavailable_reasons"": []}, {""start"": [0.95, 0.7], ""theta"": [0.9167900905618394, 0.06818586059455245], ""objective"": 5.159434773369348, ""success"": true, ""message"": ""`ftol` termination condition is satisfied."", ""evaluations"": 17, ""inference_unavailable_reasons"": []}, {""start"": [0.8762, 0.2397], ""theta"": [0.9167901345802756, 0.06818580016253303], ""objective"": 5.15943477332406, ""success"": true, ""message"": ""`ftol` termination condition is satisfied."", ""evaluations"": 10, ""inference_unavailable_reasons"": []}]",fb17e6bc21ce23964e5d7332dbe40468094bda90da47cfa63749237fb9b52e55
319,baseline_fixed,319,10673278376729113750,0.8762,0.2397,boundary,False,,33.23947564629923,0.9510743014362373,0.01000000000000012,True,False,True,False,True,2,,4,True,"[{""start"": [0.5, 0.1], ""theta"": [0.9510735548143798, 0.010000000000000023], ""objective"": 33.23947564923489, ""success"": true, ""message"": ""`ftol` termination condition is satisfied."", ""evaluations"": 21, ""inference_unavailable_reasons"": [""parameter_on_boundary""]}, {""start"": [0.75, 0.4], ""theta"": [0.9510741755995781, 0.010000000000000064], ""objective"": 33.23947564671894, ""success"": true, ""message"": ""`ftol` termination condition is satisfied."", ""evaluations"": 19, ""inference_unavailable_reasons"": [""parameter_on_boundary""]}, {""start"": [0.95, 0.7], ""theta"": [0.9510743014362373, 0.01000000000000012], ""objective"": 33.23947564629923, ""success"": true, ""message"": ""`ftol` termination condition is satisfied."", ""evaluations"": 25, ""inference_unavailable_reasons"": [""parameter_on_boundary""]}, {""start"": [0.8762, 0.2397], ""theta"": [0.951074160777749, 0.010000000000000064], ""objective"": 33.23947564677982, ""success"": true, ""message"": ""`ftol` termination condition is satisfied."", ""evaluations"": 18, ""inference_unavailable_reasons"": [""parameter_on_boundary""]}]",15c8b43606f3ec86fc3dafe10988813952dcf4be44dedbe6aebeea1504c53932
320,baseline_fixed,320,12541588032662089245,0.8762,0.2397,regular,False,,58.305500284339814,0.8318011399709646,0.14453422421790704,True,True,False,False,False,2,3.286752589035825e-10,4,True,"[{""start"": [0.5, 0.1], ""theta"": [0.8318011399709646, 0.14453422421790704], ""objective"": 58.305500284339814, ""success"": true, ""message"": ""`ftol` termination condition is satisfied."", ""evaluations"": 12, ""inference_unavailable_reasons"": []}, {""start"": [0.75, 0.4], ""theta"": [0.8318009924171526, 0.14453419103051868], ""objective"": 58.305500284581, ""success"": true, ""message"": ""`ftol` termination condition is satisfied."", ""evaluations"": 10, ""inference_unavailable_reasons"": []}, {""start"": [0.95, 0.7], ""theta"": [0.8318009978449542, 0.14453419206923213], ""objective"": 58.30550028457237, ""success"": true, ""message"": ""`ftol` termination condition is satisfied."", ""evaluations"": 16, ""inference_unavailable_reasons"": []}, {""start"": [0.8762, 0.2397], ""theta"": [0.8318035367424663, 0.1445347622371828], ""objective"": 58.30550028677057, ""success"": true, ""message"": ""`ftol` termination condition is satisfied."", ""evaluations"": 9, ""inference_unavailable_reasons"": []}]",b6795086927647e851bac1a6093a9ae2616497e90744ba6579351be2b9ba3312
321,baseline_fixed,321,3156699003242982266,0.8762,0.2397,regular,False,,31.347160423326386,0.7701960324123379,0.31547620387697317,True,True,False,False,False,2,5.364412001891929e-05,4,True,"[{""start"": [0.5, 0.1], ""theta"": [0.7701921784991645, 0.3154825951670107], ""objective"": 31.3471604256459, ""success"": true, ""message"": ""`ftol` termination condition is satisfied."", ""evaluations"": 21, ""inference_unavailable_reasons"": []}, {""start"": [0.75, 0.4], ""theta"": [0.7701973454926881, 0.3154748591314203], ""objective"": 31.34716042708609, ""success"": true, ""message"": ""`ftol` termination condition is satisfied."", ""evaluations"": 22, ""inference_unavailable_reasons"": []}, {""start"": [0.95, 0.7], ""theta"": [0.7701974430818993, 0.31547697181647666], ""objective"": 31.347160427220818, ""success"": true, ""message"": ""`ftol` termination condition is satisfied."", ""evaluations"": 23, ""inference_unavailable_reasons"": []}, {""start"": [0.8762, 0.2397], ""theta"": [0.7701960324123379, 0.31547620387697317], ""objective"": 31.347160423326386, ""success"": true, ""message"": ""`ftol` termination condition is satisfied."", ""evaluations"": 21, ""inference_unavailable_reasons"": []}]",29bfcc43f51fa72b503dc14e707152579773d5c648b8f9efe586c856ca3aa9e9
322,baseline_fixed,322,6537343358855929095,0.8762,0.2397,regular,False,,20.968238649512976,0.8725775760045467,0.14881470405714814,True,True,False,False,False,2,0.003817443780758478,4,True,"[{""start"": [0.5, 0.1], ""theta"": [0.8725773262956168, 0.1488149935831516], ""objective"": 20.96823864964408, ""success"": true, ""message"": ""`ftol` termination condition is satisfied."", ""evaluations"": 10, ""inference_unavailable_reasons"": []}, {""start"": [0.75, 0.4], ""theta"": [0.8725775447783688, 0.1488147403806917], ""objective"": 20.968238649530655, ""success"": true, ""message"": ""`ftol` termination condition is satisfied."", ""evaluations"": 9, ""inference_unavailable_reasons"": []}, {""start"": [0.95, 0.7], ""theta"": [0.8725775760045467, 0.14881470405714814], ""objective"": 20.968238649512976, ""success"": true, ""message"": ""`ftol` termination condition is satisfied."", ""evaluations"": 15, ""inference_unavailable_reasons"": []}, {""start"": [0.8762, 0.2397], ""theta"": [0.8725771152812881, 0.1488152378609649], ""objective"": 20.968238649826066, ""success"": true, ""message"": ""`ftol` termination condition is satisfied."", ""evaluations"": 8, ""inference_unavailable_reasons"": []}]",8ccf26395ec333084acb87265805b2b35b8f455b06720587703bf731a9b5e597
323,baseline_fixed,323,9368861077068119482,0.8762,0.2397,regular,False,,1.4703869784501529,0.8596168403834266,0.2052703355456264,True,True,False,False,False,2,0.9833171891103224,4,True,"[{""start"": [0.5, 0.1], ""theta"": [0.8596167033557219, 0.20527013366205116], ""objective"": 1.4703869784557346, ""success"": true, ""message"": ""`ftol` termination condition is satisfied."", ""evaluations"": 11, ""inference_unavailable_reasons"": []}, {""start"": [0.75, 0.4], ""theta"": [0.859616928455464, 0.20526953770367504], ""objective"": 1.470386978513363, ""success"": true, ""message"": ""`ftol` termination condition is satisfied."", ""evaluations"": 9, ""inference_unavailable_reasons"": []}, {""start"": [0.95, 0.7], ""theta"": [0.8596168875518314, 0.20527003195722654], ""objective"": 1.4703869784618853, ""success"": true, ""message"": ""`ftol` termination condition is satisfied."", ""evaluations"": 15, ""inference_unavailable_reasons"": []}, {""start"": [0.8762, 0.2397], ""theta"": [0.8596168403834266, 0.2052703355456264], ""objective"": 1.4703869784501529, ""success"": true, ""message"": ""`ftol` termination condition is satisfied."", ""evaluations"": 9, ""inference_unavailable_reasons"": []}]",6865ccf33217474c4b5530d96891ed99fef2ec92dc38ac0c59176aeee636c962
324,baseline_fixed,324,1735553648182109135,0.8762,0.2397,regular,False,,15.316853279875914,0.7588603958776914,0.37853228981843845,True,True,False,False,False,2,0.032145633057780204,4,True,"[{""start"": [0.5, 0.1], ""theta"": [0.7588603463288661, 0.3785323925701819], ""objective"": 15.316853279881549, ""success"": true, ""message"": ""`ftol` termination condition is satisfied."", ""evaluations"": 8, ""inference_unavailable_reasons"": []}, {""start"": [0.75, 0.4], ""theta"": [0.7588603139573487, 0.3785324596762239], ""objective"": 15.316853279883095, ""success"": true, ""message"": ""`ftol` termination condition is satisfied."", ""evaluations"": 5, ""inference_unavailable_reasons"": []}, {""start"": [0.95, 0.7], ""theta"": [0.758860281255902, 0.37853252768967055], ""objective"": 15.316853279884818, ""success"": true, ""message"": ""`ftol` termination condition is satisfied."", ""evaluations"": 12, ""inference_unavailable_reasons"": []}, {""start"": [0.8762, 0.2397], ""theta"": [0.7588603958776914, 0.37853228981843845], ""objective"": 15.316853279875914, ""success"": true, ""message"": ""`ftol` termination condition is satisfied."", ""evaluations"": 8, ""inference_unavailable_reasons"": []}]",c14a2521d7265e750ab0ddf8dd6f6848f018939362761429592034c1547e830c
325,baseline_fixed,325,9210773248112322397,0.8762,0.2397,regular,False,,3.1739766179784885,0.7626444455161258,0.43802299116035087,True,True,False,False,False,2,0.8684550106471156,4,True,"[{""start"": [0.5, 0.1], ""theta"": [0.7626440931281386, 0.43802377803734927], ""objective"": 3.17397661801736, ""success"": true, ""message"": ""`ftol` termination condition is satisfied."", ""evaluations"": 8, ""inference_unavailable_reasons"": []}, {""start"": [0.75, 0.4], ""theta"": [0.7626440989829606, 0.43802377910541807], ""objective"": 3.1739766180186666, ""success"": true, ""message"": ""`ftol` termination condition is satisfied."", ""evaluations"": 6, ""inference_unavailable_reasons"": []}, {""start"": [0.95, 0.7], ""theta"": [0.7626444455161258, 0.43802299116035087], ""objective"": 3.1739766179784885, ""success"": true, ""message"": ""`ftol` termination condition is satisfied."", ""evaluations"": 13, ""inference_unavailable_reasons"": []}, {""start"": [0.8762, 0.2397], ""theta"": [0.7626442836648533, 0.43802354338308636], ""objective"": 3.173976618001798, ""success"": true, ""message"": ""`ftol` termination condition is satisfied."", ""evaluations"": 7, ""inference_unavailable_reasons"": []}]",2c75fdbf370289567291f13e79f0377c86c1c4ac648128bb9148f55065bcb22e
326,baseline_fixed,326,6930751810739770832,0.8762,0.2397,regular,False,,10.004147825181231,0.9150444751618014,0.08351628015996632,True,True,False,False,False,2,0.1883385357940152,4,True,"[{""start"": [0.5, 0.1], ""theta"": [0.9150443664724941, 0.08351642393792383], ""objective"": 10.004147825589081, ""success"": true, ""message"": ""`ftol` termination condition is satisfied."", ""evaluations"": 17, ""inference_unavailable_reasons"": []}, {""start"": [0.75, 0.4], ""theta"": [0.9150444751618014, 0.08351628015996632], ""objective"": 10.004147825181231, ""success"": true, ""message"": ""`ftol` termination condition is satisfied."", ""evaluations"": 14, ""inference_unavailable_reasons"": []}, {""start"": [0.95, 0.7], ""theta"": [0.9150491153399177, 0.08351014317510752], ""objective"": 10.004147825873854, ""success"": true, ""message"": ""`ftol` termination condition is satisfied."", ""evaluations"": 24, ""inference_unavailable_reasons"": []}, {""start"": [0.8762, 0.2397], ""theta"": [0.9150494962452728, 0.08350963940102218], ""objective"": 10.004147827538759, ""success"": true, ""message"": ""`ftol` termination condition is satisfied."", ""evaluations"": 18, ""inference_unavailable_reasons"": [""nonstationary_solution""]}]",aefcdab73f11a45f88386a5ce0312104e612852cfb0203d7ba39358be4b319b5
327,baseline_fixed,327,10816422925507974056,0.8762,0.2397,regular,False,,4.038659029688562,0.9007290138134624,0.11085635657086479,True,True,False,False,False,2,0.7753140302601558,4,True,"[{""start"": [0.5, 0.1], ""theta"": [0.9007289900943245, 0.11085639779864412], ""objective"": 4.0386590296905, ""success"": true, ""message"": ""`ftol` termination condition is satisfied."", ""evaluations"": 9, ""inference_unavailable_reasons"": []}, {""start"": [0.75, 0.4], ""theta"": [0.9007290048759035, 0.11085637389547548], ""objective"": 4.038659029688773, ""success"": true, ""message"": ""`ftol` termination condition is satisfied."", ""evaluations"": 8, ""inference_unavailable_reasons"": []}, {""start"": [0.95, 0.7], ""theta"": [0.9007290024023256, 0.11085637792703895], ""objective"": 4.038659029690092, ""success"": true, ""message"": ""`ftol` termination condition is satisfied."", ""evaluations"": 14, ""inference_unavailable_reasons"": []}, {""start"": [0.8762, 0.2397], ""theta"": [0.9007290138134624, 0.11085635657086479], ""objective"": 4.038659029688562, ""success"": true, ""message"": ""`ftol` termination condition is satisfied."", ""evaluations"": 7, ""inference_unavailable_reasons"": []}]",b58fef0fd067cf6c88fbb46e1b966933f9a0da09caf4ff0ce99c17539298baf1
328,baseline_fixed,328,4597404081995293115,0.8762,0.2397,regular,False,,2.6524328105522708,0.8821917750113446,0.21873543091718745,True,True,False,False,False,2,0.915188223544832,4,True,"[{""start"": [0.5, 0.1], ""theta"": [0.8821914914000225, 0.21873602784444074], ""objective"": 2.6524328108023165, ""success"": true, ""message"": ""`ftol` termination condition is satisfied."", ""evaluations"": 17, ""inference_unavailable_reasons"": []}, {""start"": [0.75, 0.4], ""theta"": [0.8821959750972954, 0.21872659068709824], ""objective"": 2.652432810583681, ""success"": true, ""message"": ""`ftol` termination condition is satisfied."", ""evaluations"": 18, ""inference_unavailable_reasons"": []}, {""start"": [0.95, 0.7], ""theta"": [0.8821917750113446, 0.21873543091718745], ""objective"": 2.6524328105522708, ""success"": true, ""message"": ""`ftol` termination condition is satisfied."", ""evaluations"": 18, ""inference_unavailable_reasons"": []}, {""start"": [0.8762, 0.2397], ""theta"": [0.8821912495185156, 0.21873653689993114], ""objective"": 2.6524328110406272, ""success"": true, ""message"": ""`ftol` termination condition is satisfied."", ""evaluations"": 14, ""inference_unavailable_reasons"": []}]",c13132b603d1d7f436fa69d119cb4c499a54298e7eeaecc70720ac67b0ea005b
329,baseline_fixed,329,4388615606905389607,0.8762,0.2397,boundary,False,,9.718281954814078,0.9799999999999999,0.03682226446005034,True,False,True,True,False,2,,4,True,"[{""start"": [0.5, 0.1], ""theta"": [0.9799999999999999, 0.03682226446005034], ""objective"": 9.718281954814078, ""success"": true, ""message"": ""`ftol` termination condition is satisfied."", ""evaluations"": 13, ""inference_unavailable_reasons"": [""parameter_on_boundary""]}, {""start"": [0.75, 0.4], ""theta"": [0.98, 0.03682226444569103], ""objective"": 9.718281954819465, ""success"": true, ""message"": ""`ftol` termination condition is satisfied."", ""evaluations"": 12, ""inference_unavailable_reasons"": [""parameter_on_boundary""]}, {""start"": [0.95, 0.7], ""theta"": [0.98, 0.03682226444751746], ""objective"": 9.718281954819592, ""success"": true, ""message"": ""Both `ftol` and `xtol` termination conditions are satisfied."", ""evaluations"": 17, ""inference_unavailable_reasons"": [""parameter_on_boundary""]}, {""start"": [0.8762, 0.2397], ""theta"": [0.98, 0.036822264445884156], ""objective"": 9.718281954819739, ""success"": true, ""message"": ""`ftol` termination condition is satisfied."", ""evaluations"": 10, ""inference_unavailable_reasons"": [""parameter_on_boundary""]}]",347f9791f3408f68063aafcd3c70f7415cd6939e46277c78ce3d98bceffa2efb
330,baseline_fixed,330,18111807817564857718,0.8762,0.2397,boundary,False,,15.513411849324886,0.9161325322829763,0.010000000000000064,True,False,True,False,True,2,,4,True,"[{""start"": [0.5, 0.1], ""theta"": [0.9161325505614013, 0.010000000000000009], ""objective"": 15.513411849357814, ""success"": true, ""message"": ""`ftol` termination condition is satisfied."", ""evaluations"": 14, ""inference_unavailable_reasons"": [""parameter_on_boundary""]}, {""start"": [0.75, 0.4], ""theta"": [0.9161325322829763, 0.010000000000000064], ""objective"": 15.513411849324886, ""success"": true, ""message"": ""`ftol` termination condition is satisfied."", ""evaluations"": 13, ""inference_unavailable_reasons"": [""parameter_on_boundary""]}, {""start"": [0.95, 0.7], ""theta"": [0.916131090100135, 0.01000000000000012], ""objective"": 15.513411849525337, ""success"": true, ""message"": ""`ftol` termination condition is satisfied."", ""evaluations"": 18, ""inference_unavailable_reasons"": [""parameter_on_boundary""]}, {""start"": [0.8762, 0.2397], ""theta"": [0.9161305984881281, 0.010000000000000037], ""objective"": 15.513411850989433, ""success"": true, ""message"": ""`ftol` termination condition is satisfied."", ""evaluations"": 12, ""inference_unavailable_reasons"": [""parameter_on_boundary""]}]",aaf9acf19df8b038e1c2349deee0c5910e147a86dcce04d9f42a3b8402a8359f
331,baseline_fixed,331,3411457732020980606,0.8762,0.2397,regular,False,,35.07427399766881,0.8389915013745144,0.2803387307566757,True,True,False,False,False,2,1.0830614366718228e-05,4,True,"[{""start"": [0.5, 0.1], ""theta"": [0.8389915098706894, 0.28033872189539866], ""objective"": 35.07427399766972, ""success"": true, ""message"": ""`ftol` termination condition is satisfied."", ""evaluations"": 10, ""inference_unavailable_reasons"": []}, {""start"": [0.75, 0.4], ""theta"": [0.8389915013745144, 0.2803387307566757], ""objective"": 35.07427399766881, ""success"": true, ""message"": ""`ftol` termination condition is satisfied."", ""evaluations"": 8, ""inference_unavailable_reasons"": []}, {""start"": [0.95, 0.7], ""theta"": [0.8389912964371061, 0.2803389877942388], ""objective"": 35.07427399772141, ""success"": true, ""message"": ""`ftol` termination condition is satisfied."", ""evaluations"": 13, ""inference_unavailable_reasons"": []}, {""start"": [0.8762, 0.2397], ""theta"": [0.8389916612248828, 0.280338622088147], ""objective"": 35.07427399767165, ""success"": true, ""message"": ""`ftol` termination condition is satisfied."", ""evaluations"": 7, ""inference_unavailable_reasons"": []}]",00f5578ea3d001ec8868d180e45a9ab4084b180f701acd61ed435a1633f04389
332,baseline_fixed,332,7651086855655462246,0.8762,0.2397,regular,False,,11.13223213441118,0.8297221958100335,0.24457553815023092,True,True,False,False,False,2,0.13295422057263587,4,True,"[{""start"": [0.5, 0.1], ""theta"": [0.8297222035653673, 0.2445755188497176], ""objective"": 11.132232134413151, ""success"": true, ""message"": ""`ftol` termination condition is satisfied."", ""evaluations"": 8, ""inference_unavailable_reasons"": []}, {""start"": [0.75, 0.4], ""theta"": [0.8297222093714111, 0.24457549986844854], ""objective"": 11.132232134412646, ""success"": true, ""message"": ""`ftol` termination condition is satisfied."", ""evaluations"": 6, ""inference_unavailable_reasons"": []}, {""start"": [0.95, 0.7], ""theta"": [0.829722195850756, 0.2445755371965584], ""objective"": 11.13223213441405, ""success"": true, ""message"": ""`ftol` termination condition is satisfied."", ""evaluations"": 12, ""inference_unavailable_reasons"": []}, {""start"": [0.8762, 0.2397], ""theta"": [0.8297221958100335, 0.24457553815023092], ""objective"": 11.13223213441118, ""success"": true, ""message"": ""`ftol` termination condition is satisfied."", ""evaluations"": 6, ""inference_unavailable_reasons"": []}]",613291e5d063252e6ccf57b19094d0c679f0ba4c574ef58e1d74ba320c010ce0
333,baseline_fixed,333,16125824149414576084,0.8762,0.2397,boundary,False,,10.00486080157895,0.979514345931815,0.010000000000000148,True,False,True,False,True,2,,4,True,"[{""start"": [0.5, 0.1], ""theta"": [0.9795143453925805, 0.010000000000000037], ""objective"": 10.004860801603826, ""success"": true, ""message"": ""`ftol` termination condition is satisfied."", ""evaluations"": 16, ""inference_unavailable_reasons"": [""parameter_on_boundary""]}, {""start"": [0.75, 0.4], ""theta"": [0.9795143466680263, 0.010000000000000064], ""objective"": 10.004860801595521, ""success"": true, ""message"": ""`ftol` termination condition is satisfied."", ""evaluations"": 14, ""inference_unavailable_reasons"": [""parameter_on_boundary""]}, {""start"": [0.95, 0.7], ""theta"": [0.9795143449110543, 0.01000000000000012], ""objective"": 10.004860801589935, ""success"": true, ""message"": ""`ftol` termination condition is satisfied."", ""evaluations"": 20, ""inference_unavailable_reasons"": [""parameter_on_boundary""]}, {""start"": [0.8762, 0.2397], ""theta"": [0.979514345931815, 0.010000000000000148], ""objective"": 10.00486080157895, ""success"": true, ""message"": ""`ftol` termination condition is satisfied."", ""evaluations"": 13, ""inference_unavailable_reasons"": [""parameter_on_boundary""]}]",efdad63c258187beeb86da7ac03378e29d0265f18428988c2a7e290c2418389f
334,baseline_fixed,334,15706901936743686651,0.8762,0.2397,regular,False,,20.09792566361488,0.9108261413626323,0.1053237779708679,True,True,False,False,False,2,0.005362004588250351,4,True,"[{""start"": [0.5, 0.1], ""theta"": [0.9108268801504844, 0.10532255940155641], ""objective"": 20.097925667444226, ""success"": true, ""message"": ""`ftol` termination condition is satisfied."", ""evaluations"": 14, ""inference_unavailable_reasons"": []}, {""start"": [0.75, 0.4], ""theta"": [0.9108219504851975, 0.1053306853431833], ""objective"": 20.097925665715035, ""success"": true, ""message"": ""`ftol` termination condition is satisfied."", ""evaluations"": 14, ""inference_unavailable_reasons"": []}, {""start"": [0.95, 0.7], ""theta"": [0.9108222700784743, 0.1053301583026609], ""objective"": 20.09792566413102, ""success"": true, ""message"": ""`ftol` termination condition is satisfied."", ""evaluations"": 20, ""inference_unavailable_reasons"": []}, {""start"": [0.8762, 0.2397], ""theta"": [0.9108261413626323, 0.1053237779708679], ""objective"": 20.09792566361488, ""success"": true, ""message"": ""`ftol` termination condition is satisfied."", ""evaluations"": 13, ""inference_unavailable_reasons"": []}]",3cdf251482607ca3c7eccb9f906daf3f0c97c2e702a0706ea513fd22789c0383
335,baseline_fixed,335,17778816214506434875,0.8762,0.2397,regular,False,,4.914155789643021,0.9437879969430393,0.10125756910983548,True,True,False,False,False,2,0.6704384899734505,4,True,"[{""start"": [0.5, 0.1], ""theta"": [0.9437879969430393, 0.10125756910983548], ""objective"": 4.914155789643021, ""success"": true, ""message"": ""`ftol` termination condition is satisfied."", ""evaluations"": 13, ""inference_unavailable_reasons"": []}, {""start"": [0.75, 0.4], ""theta"": [0.9437879594421773, 0.10125764012307548], ""objective"": 4.914155789648524, ""success"": true, ""message"": ""`ftol` termination condition is satisfied."", ""evaluations"": 11, ""inference_unavailable_reasons"": []}, {""start"": [0.95, 0.7], ""theta"": [0.9437878919183534, 0.10125776800779174], ""objective"": 4.914155789667647, ""success"": true, ""message"": ""`ftol` termination condition is satisfied."", ""evaluations"": 16, ""inference_unavailable_reasons"": []}, {""start"": [0.8762, 0.2397], ""theta"": [0.9437878990312868, 0.10125775453899136], ""objective"": 4.914155789667611, ""success"": true, ""message"": ""`ftol` termination condition is satisfied."", ""evaluations"": 9, ""inference_unavailable_reasons"": []}]",043ce3c5de25027342dae80ab92f04d6e21a5c1aa7d63221a205b96e0f4b1fe8
336,baseline_fixed,336,5883892997332412271,0.8762,0.2397,boundary,False,,61.70020904835954,0.9799999999999793,0.05278534093628484,True,False,True,True,False,2,,4,True,"[{""start"": [0.5, 0.1], ""theta"": [0.9799999999999977, 0.052785340858845606], ""objective"": 61.70020904837116, ""success"": true, ""message"": ""`ftol` termination condition is satisfied."", ""evaluations"": 12, ""inference_unavailable_reasons"": [""parameter_on_boundary""]}, {""start"": [0.75, 0.4], ""theta"": [0.979999999999998, 0.05278534126021017], ""objective"": 61.70020904836497, ""success"": true, ""message"": ""`ftol` termination condition is satisfied."", ""evaluations"": 12, ""inference_unavailable_reasons"": [""parameter_on_boundary""]}, {""start"": [0.95, 0.7], ""theta"": [0.9799999999999793, 0.05278534093628484], ""objective"": 61.70020904835954, ""success"": true, ""message"": ""`ftol` termination condition is satisfied."", ""evaluations"": 15, ""inference_unavailable_reasons"": [""parameter_on_boundary""]}, {""start"": [0.8762, 0.2397], ""theta"": [0.98, 0.05278534083333461], ""objective"": 61.700209048392395, ""success"": true, ""message"": ""`ftol` termination condition is satisfied."", ""evaluations"": 10, ""inference_unavailable_reasons"": [""parameter_on_boundary""]}]",21f2428eab79c762cc2bdcafc872618327cce8c80afa145caf55385f112fe457
337,baseline_fixed,337,13393544120110895635,0.8762,0.2397,boundary,False,,34.69666719135062,0.9799999999999998,0.010000000000000064,True,False,True,True,True,2,,4,True,"[{""start"": [0.5, 0.1], ""theta"": [0.98, 0.010000000000000009], ""objective"": 34.69666719144539, ""success"": true, ""message"": ""`gtol` termination condition is satisfied."", ""evaluations"": 11, ""inference_unavailable_reasons"": [""parameter_on_boundary""]}, {""start"": [0.75, 0.4], ""theta"": [0.9799999999999998, 0.010000000000000064], ""objective"": 34.69666719135062, ""success"": true, ""message"": ""`gtol` termination condition is satisfied."", ""evaluations"": 9, ""inference_unavailable_reasons"": [""parameter_on_boundary""]}, {""start"": [0.95, 0.7], ""theta"": [0.98, 0.01000000000000012], ""objective"": 34.69666719144539, ""success"": true, ""message"": ""`gtol` termination condition is satisfied."", ""evaluations"": 15, ""inference_unavailable_reasons"": [""parameter_on_boundary""]}, {""start"": [0.8762, 0.2397], ""theta"": [0.9799999999999873, 0.010000000000000286], ""objective"": 34.696667191588745, ""success"": true, ""message"": ""`gtol` termination condition is satisfied."", ""evaluations"": 9, ""inference_unavailable_reasons"": [""parameter_on_boundary""]}]",ba82fa534130ded6e73bcc26a821ec42b14318cfd293137c2a368b2e31706283
338,baseline_fixed,338,6024580395971343953,0.8762,0.2397,regular,False,,27.31345878944515,0.859206753110836,0.13811259290226066,True,True,False,False,False,2,0.0002926381143417839,4,True,"[{""start"": [0.5, 0.1], ""theta"": [0.8592077464399193, 0.13811107695508176], ""objective"": 27.313458790656515, ""success"": true, ""message"": ""`ftol` termination condition is satisfied."", ""evaluations"": 18, ""inference_unavailable_reasons"": []}, {""start"": [0.75, 0.4], ""theta"": [0.8592068638115758, 0.1381098557350383], ""objective"": 27.313458791547426, ""success"": true, ""message"": ""`ftol` termination condition is satisfied."", ""evaluations"": 14, ""inference_unavailable_reasons"": []}, {""start"": [0.95, 0.7], ""theta"": [0.8592048413875628, 0.13811231264667134], ""objective"": 27.313458793116737, ""success"": true, ""message"": ""`ftol` termination condition is satisfied."", ""evaluations"": 32, ""inference_unavailable_reasons"": []}, {""start"": [0.8762, 0.2397], ""theta"": [0.859206753110836, 0.13811259290226066], ""objective"": 27.31345878944515, ""success"": true, ""message"": ""`ftol` termination condition is satisfied."", ""evaluations"": 20, ""inference_unavailable_reasons"": []}]",92b4792405defdb9e82845d58db621dd455855236941da93d543e4310dbbaf28
339,baseline_fixed,339,15068315186613098525,0.8762,0.2397,boundary,False,,24.41899717319976,0.8594015532547687,0.010000000000020659,True,False,True,False,True,2,,4,True,"[{""start"": [0.5, 0.1], ""theta"": [0.8594012281161048, 0.01000000000001372], ""objective"": 24.41899717324333, ""success"": true, ""message"": ""`ftol` termination condition is satisfied."", ""evaluations"": 11, ""inference_unavailable_reasons"": [""parameter_on_boundary""]}, {""start"": [0.75, 0.4], ""theta"": [0.8594016007035132, 0.010000000000313203], ""objective"": 24.418997173201564, ""success"": true, ""message"": ""`ftol` termination condition is satisfied."", ""evaluations"": 12, ""inference_unavailable_reasons"": [""parameter_on_boundary""]}, {""start"": [0.95, 0.7], ""theta"": [0.8594015532547687, 0.010000000000020659], ""objective"": 24.41899717319976, ""success"": true, ""message"": ""`ftol` termination condition is satisfied."", ""evaluations"": 18, ""inference_unavailable_reasons"": [""parameter_on_boundary""]}, {""start"": [0.8762, 0.2397], ""theta"": [0.8594016257689266, 0.010000000000826959], ""objective"": 24.418997173206815, ""success"": true, ""message"": ""`ftol` termination condition is satisfied."", ""evaluations"": 12, ""inference_unavailable_reasons"": [""parameter_on_boundary""]}]",1b807c8988d5e900146e02359071826902984a85ecdb05eea681caf1e9d98b20
340,baseline_fixed,340,14508508832195728480,0.8762,0.2397,boundary,False,,11.447424820680705,0.98,0.015232852152227472,True,False,True,True,False,2,,4,True,"[{""start"": [0.5, 0.1], ""theta"": [0.98, 0.015232852152227472], ""objective"": 11.447424820680705, ""success"": true, ""message"": ""`ftol` termination condition is satisfied."", ""evaluations"": 12, ""inference_unavailable_reasons"": [""parameter_on_boundary""]}, {""start"": [0.75, 0.4], ""theta"": [0.98, 0.015232852153035048], ""objective"": 11.447424820680823, ""success"": true, ""message"": ""`ftol` termination condition is satisfied."", ""evaluations"": 11, ""inference_unavailable_reasons"": [""parameter_on_boundary""]}, {""start"": [0.95, 0.7], ""theta"": [0.98, 0.015232852156137788], ""objective"": 11.44742482068242, ""success"": true, ""message"": ""`gtol` termination condition is satisfied."", ""evaluations"": 17, ""inference_unavailable_reasons"": [""parameter_on_boundary""]}, {""start"": [0.8762, 0.2397], ""theta"": [0.98, 0.015232852153777315], ""objective"": 11.4474248206809, ""success"": true, ""message"": ""`gtol` termination condition is satisfied."", ""evaluations"": 11, ""inference_unavailable_reasons"": [""parameter_on_boundary""]}]",c8ade7efdfc3793168cdddff7c4b848a96d27a180ddfd2242d13b4623372de57
341,baseline_fixed,341,15206768534498968644,0.8762,0.2397,regular,False,,12.001572052930365,0.8179366739622853,0.2533200164138715,True,True,False,False,False,2,0.1005071825432269,4,True,"[{""start"": [0.5, 0.1], ""theta"": [0.8179370482073983, 0.2533190293805519], ""objective"": 12.001572053180873, ""success"": true, ""message"": ""`ftol` termination condition is satisfied."", ""evaluations"": 9, ""inference_unavailable_reasons"": []}, {""start"": [0.75, 0.4], ""theta"": [0.8179366739622853, 0.2533200164138715], ""objective"": 12.001572052930365, ""success"": true, ""message"": ""`ftol` termination condition is satisfied."", ""evaluations"": 6, ""inference_unavailable_reasons"": []}, {""start"": [0.95, 0.7], ""theta"": [0.8179367766631922, 0.2533197228075298], ""objective"": 12.001572052976503, ""success"": true, ""message"": ""`ftol` termination condition is satisfied."", ""evaluations"": 14, ""inference_unavailable_reasons"": []}, {""start"": [0.8762, 0.2397], ""theta"": [0.8179369609779054, 0.25331934111590926], ""objective"": 12.001572053077608, ""success"": true, ""message"": ""`ftol` termination condition is satisfied."", ""evaluations"": 7, ""inference_unavailable_reasons"": []}]",ff1587d5f0984863156727d534517e132584f82a32fdc79e8cae2d2d934a8920
342,baseline_fixed,342,14719431144900841306,0.8762,0.2397,regular,False,,3.554981033311717,0.9615147748348501,0.05289154617250594,True,True,False,False,False,2,0.8293681093365115,4,True,"[{""start"": [0.5, 0.1], ""theta"": [0.9615147672849237, 0.052891557529101546], ""objective"": 3.554981033313684, ""success"": true, ""message"": ""`ftol` termination condition is satisfied."", ""evaluations"": 13, ""inference_unavailable_reasons"": []}, {""start"": [0.75, 0.4], ""theta"": [0.9615147395456047, 0.052891599256669475], ""objective"": 3.5549810333142817, ""success"": true, ""message"": ""`ftol` termination condition is satisfied."", ""evaluations"": 11, ""inference_unavailable_reasons"": []}, {""start"": [0.95, 0.7], ""theta"": [0.9615147190881501, 0.05289163002870789], ""objective"": 3.5549810333174667, ""success"": true, ""message"": ""`ftol` termination condition is satisfied."", ""evaluations"": 17, ""inference_unavailable_reasons"": []}, {""start"": [0.8762, 0.2397], ""theta"": [0.9615147748348501, 0.05289154617250594], ""objective"": 3.554981033311717, ""success"": true, ""message"": ""`ftol` termination condition is satisfied."", ""evaluations"": 11, ""inference_unavailable_reasons"": []}]",df428dc042b19a460000944bbc9aa2c008a7c27a4a2023a971a6aa7040032a4c
343,baseline_fixed,343,1267873316621899810,0.8762,0.2397,regular,False,,9.664561461054731,0.8320244980985301,0.364080880343528,True,True,False,False,False,2,0.20839261952878418,4,True,"[{""start"": [0.5, 0.1], ""theta"": [0.8320244348389207, 0.3640807820467433], ""objective"": 9.66456146108012, ""success"": true, ""message"": ""`ftol` termination condition is satisfied."", ""evaluations"": 9, ""inference_unavailable_reasons"": []}, {""start"": [0.75, 0.4], ""theta"": [0.8320244980985301, 0.364080880343528], ""objective"": 9.664561461054731, ""success"": true, ""message"": ""`ftol` termination condition is satisfied."", ""evaluations"": 8, ""inference_unavailable_reasons"": []}, {""start"": [0.95, 0.7], ""theta"": [0.8320246803482533, 0.36408030701420235], ""objective"": 9.664561461091898, ""success"": true, ""message"": ""`ftol` termination condition is satisfied."", ""evaluations"": 12, ""inference_unavailable_reasons"": []}, {""start"": [0.8762, 0.2397], ""theta"": [0.8320244081311217, 0.3640812949464378], ""objective"": 9.664561461057822, ""success"": true, ""message"": ""`ftol` termination condition is satisfied."", ""evaluations"": 7, ""inference_unavailable_reasons"": []}]",0092bf6b70806a5ebf383b7df4c23f5a07ffc7150682a948604770228e5de6fd
344,baseline_fixed,344,16555720965769960824,0.8762,0.2397,boundary,False,,24.82444344439905,0.9799999999999999,0.01646627202796762,True,False,True,True,False,2,,4,True,"[{""start"": [0.5, 0.1], ""theta"": [0.9799999999999999, 0.01646627202796762], ""objective"": 24.82444344439905, ""success"": true, ""message"": ""`ftol` termination condition is satisfied."", ""evaluations"": 12, ""inference_unavailable_reasons"": [""parameter_on_boundary""]}, {""start"": [0.75, 0.4], ""theta"": [0.98, 0.01646627203065082], ""objective"": 24.824443444411465, ""success"": true, ""message"": ""`gtol` termination condition is satisfied."", ""evaluations"": 11, ""inference_unavailable_reasons"": [""parameter_on_boundary""]}, {""start"": [0.95, 0.7], ""theta"": [0.98, 0.01646627202644435], ""objective"": 24.824443444411177, ""success"": true, ""message"": ""`ftol` termination condition is satisfied."", ""evaluations"": 17, ""inference_unavailable_reasons"": [""parameter_on_boundary""]}, {""start"": [0.8762, 0.2397], ""theta"": [0.9799999999999996, 0.016466272241369928], ""objective"": 24.824443444408516, ""success"": true, ""message"": ""`ftol` termination condition is satisfied."", ""evaluations"": 10, ""inference_unavailable_reasons"": [""parameter_on_boundary""]}]",ed23797db6301e69a62eab0b01a9f5fd16b7de2c3f3f96a8c093ec56b2767ed0
345,baseline_fixed,345,377548869871822964,0.8762,0.2397,regular,False,,16.157847712004767,0.8579943615437067,0.17393107655961088,True,True,False,False,False,2,0.02371272395260525,4,True,"[{""start"": [0.5, 0.1], ""theta"": [0.8579943615437067, 0.17393107655961088], ""objective"": 16.157847712004767, ""success"": true, ""message"": ""`ftol` termination condition is satisfied."", ""evaluations"": 16, ""inference_unavailable_reasons"": []}, {""start"": [0.75, 0.4], ""theta"": [0.8579939733281828, 0.17393173791561048], ""objective"": 16.157847712362578, ""success"": true, ""message"": ""`ftol` termination condition is satisfied."", ""evaluations"": 14, ""inference_unavailable_reasons"": []}, {""start"": [0.95, 0.7], ""theta"": [0.8579930727243548, 0.17393327186077512], ""objective"": 16.1578477135024, ""success"": true, ""message"": ""`ftol` termination condition is satisfied."", ""evaluations"": 20, ""inference_unavailable_reasons"": []}, {""start"": [0.8762, 0.2397], ""theta"": [0.857993374750835, 0.17393275758417337], ""objective"": 16.157847713079367, ""success"": true, ""message"": ""`ftol` termination condition is satisfied."", ""evaluations"": 13, ""inference_unavailable_reasons"": []}]",38df2561d349b33c59722837b867d4b8e639397c1cfd7d102351984c2bf4ade2
346,baseline_fixed,346,17754924496056601644,0.8762,0.2397,boundary,False,,96.93473182367575,0.9799999999999999,0.010000000000000009,True,False,True,True,True,2,,4,True,"[{""start"": [0.5, 0.1], ""theta"": [0.9799999999999999, 0.010000000000000009], ""objective"": 96.93473182367575, ""success"": true, ""message"": ""`gtol` termination condition is satisfied."", ""evaluations"": 9, ""inference_unavailable_reasons"": [""parameter_on_boundary""]}, {""start"": [0.75, 0.4], ""theta"": [0.9799999999999921, 0.01000000000010215], ""objective"": 96.93473182415023, ""success"": true, ""message"": ""`gtol` termination condition is satisfied."", ""evaluations"": 8, ""inference_unavailable_reasons"": [""parameter_on_boundary""]}, {""start"": [0.95, 0.7], ""theta"": [0.98, 0.01000000000000012], ""objective"": 96.93473182374206, ""success"": true, ""message"": ""`gtol` termination condition is satisfied."", ""evaluations"": 14, ""inference_unavailable_reasons"": [""parameter_on_boundary""]}, {""start"": [0.8762, 0.2397], ""theta"": [0.98, 0.010000000000000064], ""objective"": 96.93473182374206, ""success"": true, ""message"": ""`gtol` termination condition is satisfied."", ""evaluations"": 9, ""inference_unavailable_reasons"": [""parameter_on_boundary""]}]",233fd62d47f1dbc280517411489220700c3520a4c3704abadf75f629b122bcf7
347,baseline_fixed,347,17538051498411125855,0.8762,0.2397,regular,False,,4.865938573046478,0.8704016127502108,0.2425139272731769,True,True,False,False,False,2,0.6763193239679322,4,True,"[{""start"": [0.5, 0.1], ""theta"": [0.8704016127502108, 0.2425139272731769], ""objective"": 4.865938573046478, ""success"": true, ""message"": ""`ftol` termination condition is satisfied."", ""evaluations"": 11, ""inference_unavailable_reasons"": []}, {""start"": [0.75, 0.4], ""theta"": [0.8704019306187729, 0.24251306220412594], ""objective"": 4.865938573260779, ""success"": true, ""message"": ""`ftol` termination condition is satisfied."", ""evaluations"": 10, ""inference_unavailable_reasons"": []}, {""start"": [0.95, 0.7], ""theta"": [0.8704004866112166, 0.24251699484005823], ""objective"": 4.865938573262804, ""success"": true, ""message"": ""`ftol` termination condition is satisfied."", ""evaluations"": 16, ""inference_unavailable_reasons"": []}, {""start"": [0.8762, 0.2397], ""theta"": [0.8704021463164747, 0.24251247685976557], ""objective"": 4.865938573472994, ""success"": true, ""message"": ""`ftol` termination condition is satisfied."", ""evaluations"": 7, ""inference_unavailable_reasons"": []}]",c2ae15663c8c516a313dfafbfa43b4aff7fcdfc46d39ef59d0a0dce18d8b6daa
348,baseline_fixed,348,2021655326302479243,0.8762,0.2397,boundary,False,,5.573851875300191,0.9677669606399575,0.010000000000000037,True,False,True,False,True,2,,4,True,"[{""start"": [0.5, 0.1], ""theta"": [0.9677670132696912, 0.010000000000000009], ""objective"": 5.573851875323606, ""success"": true, ""message"": ""`ftol` termination condition is satisfied."", ""evaluations"": 13, ""inference_unavailable_reasons"": [""parameter_on_boundary""]}, {""start"": [0.75, 0.4], ""theta"": [0.9677669865205109, 0.010000000000000064], ""objective"": 5.57385187531153, ""success"": true, ""message"": ""`ftol` termination condition is satisfied."", ""evaluations"": 12, ""inference_unavailable_reasons"": [""parameter_on_boundary""]}, {""start"": [0.95, 0.7], ""theta"": [0.9677668393193292, 0.01000000000000012], ""objective"": 5.573851875302934, ""success"": true, ""message"": ""`ftol` termination condition is satisfied."", ""evaluations"": 16, ""inference_unavailable_reasons"": [""parameter_on_boundary""]}, {""start"": [0.8762, 0.2397], ""theta"": [0.9677669606399575, 0.010000000000000037], ""objective"": 5.573851875300191, ""success"": true, ""message"": ""`ftol` termination condition is satisfied."", ""evaluations"": 11, ""inference_unavailable_reasons"": [""parameter_on_boundary""]}]",d4847a96f3ab8b9f9b312acaf39d854dff49fc4e3ab173128ee3056c17088759
349,baseline_fixed,349,3684748129689161849,0.8762,0.2397,regular,False,,4.441175152378357,0.8672286956508672,0.2981665817278242,True,True,False,False,False,2,0.7277887122170977,4,True,"[{""start"": [0.5, 0.1], ""theta"": [0.8672280494471383, 0.29816825672216274], ""objective"": 4.44117515238473, ""success"": true, ""message"": ""`ftol` termination condition is satisfied."", ""evaluations"": 13, ""inference_unavailable_reasons"": []}, {""start"": [0.75, 0.4], ""theta"": [0.8672278127783257, 0.2981688701780685], ""objective"": 4.4411751524379115, ""success"": true, ""message"": ""`ftol` termination condition is satisfied."", ""evaluations"": 11, ""inference_unavailable_reasons"": []}, {""start"": [0.95, 0.7], ""theta"": [0.8672277427625147, 0.298169051675469], ""objective"": 4.441175152458048, ""success"": true, ""message"": ""`ftol` termination condition is satisfied."", ""evaluations"": 16, ""inference_unavailable_reasons"": []}, {""start"": [0.8762, 0.2397], ""theta"": [0.8672286956508672, 0.2981665817278242], ""objective"": 4.441175152378357, ""success"": true, ""message"": ""`ftol` termination condition is satisfied."", ""evaluations"": 9, ""inference_unavailable_reasons"": []}]",e274c053504649b59fcbb00a89d07dd7e51c98ca1a09fd10c2d50ea310530fcb
350,baseline_fixed,350,7453125286018558523,0.8762,0.2397,regular,False,,9.812286617195163,0.7996529595972198,0.4062626844036959,True,True,False,False,False,2,0.19946293703075535,4,True,"[{""start"": [0.5, 0.1], ""theta"": [0.7996529696844459, 0.40626265969452535], ""objective"": 9.812286617199284, ""success"": true, ""message"": ""`ftol` termination condition is satisfied."", ""evaluations"": 8, ""inference_unavailable_reasons"": []}, {""start"": [0.75, 0.4], ""theta"": [0.7996530934112734, 0.4062623485513601], ""objective"": 9.812286617200868, ""success"": true, ""message"": ""`ftol` termination condition is satisfied."", ""evaluations"": 6, ""inference_unavailable_reasons"": []}, {""start"": [0.95, 0.7], ""theta"": [0.7996529595972198, 0.4062626844036959], ""objective"": 9.812286617195163, ""success"": true, ""message"": ""`ftol` termination condition is satisfied."", ""evaluations"": 12, ""inference_unavailable_reasons"": []}, {""start"": [0.8762, 0.2397], ""theta"": [0.7996530784722531, 0.4062624148160243], ""objective"": 9.812286617201634, ""success"": true, ""message"": ""`ftol` termination condition is satisfied."", ""evaluations"": 6, ""inference_unavailable_reasons"": []}]",52f24d9dad4ac1279b0b2091bcf95027c7a716211af1781106ccb8949f88fedb
351,baseline_fixed,351,7389208168139752320,0.8762,0.2397,regular,False,,9.973576608338979,0.8728372875615509,0.16090874195453483,True,True,False,False,False,2,0.19007580991055978,4,True,"[{""start"": [0.5, 0.1], ""theta"": [0.872837294178138, 0.16090872442111465], ""objective"": 9.973576608344638, ""success"": true, ""message"": ""`ftol` termination condition is satisfied."", ""evaluations"": 10, ""inference_unavailable_reasons"": []}, {""start"": [0.75, 0.4], ""theta"": [0.8728372875615509, 0.16090874195453483], ""objective"": 9.973576608338979, ""success"": true, ""message"": ""`ftol` termination condition is satisfied."", ""evaluations"": 8, ""inference_unavailable_reasons"": []}, {""start"": [0.95, 0.7], ""theta"": [0.8728373073208646, 0.16090868904822286], ""objective"": 9.973576608345459, ""success"": true, ""message"": ""`ftol` termination condition is satisfied."", ""evaluations"": 14, ""inference_unavailable_reasons"": []}, {""start"": [0.8762, 0.2397], ""theta"": [0.8728372170710984, 0.16090892917924196], ""objective"": 9.973576608353717, ""success"": true, ""message"": ""`ftol` termination condition is satisfied."", ""evaluations"": 7, ""inference_unavailable_reasons"": []}]",f2492b1c86bc08ccc091a2e8337324345496dd9cf1de4c15000bbaa6e8a6a449
352,baseline_fixed,352,3129658688714727984,0.8762,0.2397,regular,False,,6.020888860267904,0.89441857347791,0.08586463755372073,True,True,False,False,False,2,0.5373123920746483,4,True,"[{""start"": [0.5, 0.1], ""theta"": [0.8944185213371416, 0.08586453445014362], ""objective"": 6.0208888602679504, ""success"": true, ""message"": ""`ftol` termination condition is satisfied."", ""evaluations"": 9, ""inference_unavailable_reasons"": []}, {""start"": [0.75, 0.4], ""theta"": [0.8944186035217653, 0.08586467353012767], ""objective"": 6.02088886026859, ""success"": true, ""message"": ""`ftol` termination condition is satisfied."", ""evaluations"": 9, ""inference_unavailable_reasons"": []}, {""start"": [0.95, 0.7], ""theta"": [0.8944185603578884, 0.08586465017933032], ""objective"": 6.020888860270224, ""success"": true, ""message"": ""`ftol` termination condition is satisfied."", ""evaluations"": 15, ""inference_unavailable_reasons"": []}, {""start"": [0.8762, 0.2397], ""theta"": [0.89441857347791, 0.08586463755372073], ""objective"": 6.020888860267904, ""success"": true, ""message"": ""`ftol` termination condition is satisfied."", ""evaluations"": 9, ""inference_unavailable_reasons"": []}]",c0abfd45af5d28e9452ef89091e8d4e7064fd15cf429b32d7b9a7e171cb9dd03
353,baseline_fixed,353,4334926653972286566,0.8762,0.2397,regular,False,,59.2038413444617,0.9571960509362045,0.07705242672903054,True,True,False,False,False,2,2.1763195172853906e-10,4,True,"[{""start"": [0.5, 0.1], ""theta"": [0.9571960509362045, 0.07705242672903054], ""objective"": 59.2038413444617, ""success"": true, ""message"": ""`ftol` termination condition is satisfied."", ""evaluations"": 16, ""inference_unavailable_reasons"": []}, {""start"": [0.75, 0.4], ""theta"": [0.9571954901113798, 0.0770538657748489], ""objective"": 59.203841344747524, ""success"": true, ""message"": ""`ftol` termination condition is satisfied."", ""evaluations"": 22, ""inference_unavailable_reasons"": []}, {""start"": [0.95, 0.7], ""theta"": [0.957195292852582, 0.07705361445799597], ""objective"": 59.203841345579, ""success"": true, ""message"": ""`ftol` termination condition is satisfied."", ""evaluations"": 24, ""inference_unavailable_reasons"": []}, {""start"": [0.8762, 0.2397], ""theta"": [0.9571944793791836, 0.07705655310207679], ""objective"": 59.20384135357458, ""success"": true, ""message"": ""`ftol` termination condition is satisfied."", ""evaluations"": 14, ""inference_unavailable_reasons"": []}]",92e9bfc87f990e41b1719eb9e691b2bb32c771c665989cbd10bf68af0b78127d
354,baseline_fixed,354,3019879569677917324,0.8762,0.2397,regular,False,,18.37179840323303,0.8981808123827664,0.18892519866843815,True,True,False,False,False,2,0.01040052438341138,4,True,"[{""start"": [0.5, 0.1], ""theta"": [0.8981787746574669, 0.18893016436966986], ""objective"": 18.371798403720888, ""success"": true, ""message"": ""`ftol` termination condition is satisfied."", ""evaluations"": 13, ""inference_unavailable_reasons"": []}, {""start"": [0.75, 0.4], ""theta"": [0.8981790532293179, 0.1889294852571521], ""objective"": 18.371798403295774, ""success"": true, ""message"": ""`ftol` termination condition is satisfied."", ""evaluations"": 12, ""inference_unavailable_reasons"": []}, {""start"": [0.95, 0.7], ""theta"": [0.8981808123827664, 0.18892519866843815], ""objective"": 18.37179840323303, ""success"": true, ""message"": ""`ftol` termination condition is satisfied."", ""evaluations"": 16, ""inference_unavailable_reasons"": []}, {""start"": [0.8762, 0.2397], ""theta"": [0.8981789854389892, 0.1889296508672903], ""objective"": 18.371798403392752, ""success"": true, ""message"": ""`ftol` termination condition is satisfied."", ""evaluations"": 9, ""inference_unavailable_reasons"": []}]",35a81c3766f6259a022715c23a36f260ef32c6a9c835079a3bb1711d186c6c78
355,baseline_fixed,355,10344071843801024320,0.8762,0.2397,regular,False,,9.292398610377054,0.820936127718265,0.39489906978115796,True,True,False,False,False,2,0.2323391650584217,4,True,"[{""start"": [0.5, 0.1], ""theta"": [0.820936127718265, 0.39489906978115796], ""objective"": 9.292398610377054, ""success"": true, ""message"": ""`ftol` termination condition is satisfied."", ""evaluations"": 8, ""inference_unavailable_reasons"": []}, {""start"": [0.75, 0.4], ""theta"": [0.82093611100752, 0.3948990264165811], ""objective"": 9.292398610387055, ""success"": true, ""message"": ""`ftol` termination condition is satisfied."", ""evaluations"": 6, ""inference_unavailable_reasons"": []}, {""start"": [0.95, 0.7], ""theta"": [0.8209360877192232, 0.39489906279154274], ""objective"": 9.292398610387135, ""success"": true, ""message"": ""`ftol` termination condition is satisfied."", ""evaluations"": 11, ""inference_unavailable_reasons"": []}, {""start"": [0.8762, 0.2397], ""theta"": [0.820936246093972, 0.394898989088163], ""objective"": 9.292398610386208, ""success"": true, ""message"": ""`ftol` termination condition is satisfied."", ""evaluations"": 6, ""inference_unavailable_reasons"": []}]",9a515495c257b2c75f6f9e373bc822f0c7e60010b12349b07ccda8ef05614240
356,baseline_fixed,356,6923841147816656780,0.8762,0.2397,regular,False,,8.821719643362178,0.9699817531323248,0.060849841587842846,True,True,False,False,False,2,0.2657106080622544,4,True,"[{""start"": [0.5, 0.1], ""theta"": [0.9699812273449722, 0.06085080345735017], ""objective"": 8.821719645060128, ""success"": true, ""message"": ""`ftol` termination condition is satisfied."", ""evaluations"": 32, ""inference_unavailable_reasons"": []}, {""start"": [0.75, 0.4], ""theta"": [0.9699817531323248, 0.060849841587842846], ""objective"": 8.821719643362178, ""success"": true, ""message"": ""`ftol` termination condition is satisfied."", ""evaluations"": 31, ""inference_unavailable_reasons"": []}, {""start"": [0.95, 0.7], ""theta"": [0.969981239313908, 0.060850781541505805], ""objective"": 8.821719644997948, ""success"": true, ""message"": ""`ftol` termination condition is satisfied."", ""evaluations"": 36, ""inference_unavailable_reasons"": []}, {""start"": [0.8762, 0.2397], ""theta"": [0.9699812096984269, 0.06085083571979516], ""objective"": 8.821719645114259, ""success"": true, ""message"": ""`ftol` termination condition is satisfied."", ""evaluations"": 29, ""inference_unavailable_reasons"": []}]",9b1a5ad860c70d3ac0cdbc0b9caaf91a748f9563d5b88df885c7390dab2aa718
357,baseline_fixed,357,8989400278865690308,0.8762,0.2397,boundary,False,,33.38193967016012,0.9799999999999999,0.010000000000000009,True,False,True,True,True,2,,4,True,"[{""start"": [0.5, 0.1], ""theta"": [0.9799999999999999, 0.010000000000000009], ""objective"": 33.38193967016012, ""success"": true, ""message"": ""`gtol` termination condition is satisfied."", ""evaluations"": 11, ""inference_unavailable_reasons"": [""parameter_on_boundary""]}, {""start"": [0.75, 0.4], ""theta"": [0.9799999999999999, 0.010000000000000064], ""objective"": 33.38193967016012, ""success"": true, ""message"": ""`gtol` termination condition is satisfied."", ""evaluations"": 11, ""inference_unavailable_reasons"": [""parameter_on_boundary""]}, {""start"": [0.95, 0.7], ""theta"": [0.98, 0.01000000000000012], ""objective"": 33.38193967018054, ""success"": true, ""message"": ""`gtol` termination condition is satisfied."", ""evaluations"": 17, ""inference_unavailable_reasons"": [""parameter_on_boundary""]}, {""start"": [0.8762, 0.2397], ""theta"": [0.9799999999999858, 0.010000000000000037], ""objective"": 33.38193967016305, ""success"": true, ""message"": ""`gtol` termination condition is satisfied."", ""evaluations"": 10, ""inference_unavailable_reasons"": [""parameter_on_boundary""]}]",3603373f804a3a156f6517d50cc3cb3f769ba271e27e28cc6ef7f2d69e7d1839
358,baseline_fixed,358,18421587571107903073,0.8762,0.2397,boundary,False,,45.368107113086346,0.9799999999999999,0.016379553640758035,True,False,True,True,False,2,,4,True,"[{""start"": [0.5, 0.1], ""theta"": [0.9799999999999999, 0.016379553640758035], ""objective"": 45.368107113086346, ""success"": true, ""message"": ""`ftol` termination condition is satisfied."", ""evaluations"": 12, ""inference_unavailable_reasons"": [""parameter_on_boundary""]}, {""start"": [0.75, 0.4], ""theta"": [0.98, 0.01637955367459437], ""objective"": 45.36810711309963, ""success"": true, ""message"": ""`gtol` termination condition is satisfied."", ""evaluations"": 10, ""inference_unavailable_reasons"": [""parameter_on_boundary""]}, {""start"": [0.95, 0.7], ""theta"": [0.98, 0.016379553638604438], ""objective"": 45.368107113100145, ""success"": true, ""message"": ""`gtol` termination condition is satisfied."", ""evaluations"": 16, ""inference_unavailable_reasons"": [""parameter_on_boundary""]}, {""start"": [0.8762, 0.2397], ""theta"": [0.98, 0.016379553707159794], ""objective"": 45.36810711309929, ""success"": true, ""message"": ""`ftol` termination condition is satisfied."", ""evaluations"": 9, ""inference_unavailable_reasons"": [""parameter_on_boundary""]}]",c1bf8056630161253944663b17ef960fb680c38ad1eb359a7a263517240aba0c
359,baseline_fixed,359,15517156159833980843,0.8762,0.2397,regular,False,,3.8487092144630584,0.9429198012766039,0.04170436384276538,True,True,False,False,False,2,0.7970290197024974,4,True,"[{""start"": [0.5, 0.1], ""theta"": [0.9429196786803409, 0.041704460550671646], ""objective"": 3.8487092144927586, ""success"": true, ""message"": ""`ftol` termination condition is satisfied."", ""evaluations"": 12, ""inference_unavailable_reasons"": []}, {""start"": [0.75, 0.4], ""theta"": [0.9429197623101342, 0.04170439461073672], ""objective"": 3.848709214467375, ""success"": true, ""message"": ""`ftol` termination condition is satisfied."", ""evaluations"": 11, ""inference_unavailable_reasons"": []}, {""start"": [0.95, 0.7], ""theta"": [0.9429197706119363, 0.041704388044148555], ""objective"": 3.848709214465103, ""success"": true, ""message"": ""`ftol` termination condition is satisfied."", ""evaluations"": 17, ""inference_unavailable_reasons"": []}, {""start"": [0.8762, 0.2397], ""theta"": [0.9429198012766039, 0.04170436384276538], ""objective"": 3.8487092144630584, ""success"": true, ""message"": ""`ftol` termination condition is satisfied."", ""evaluations"": 11, ""inference_unavailable_reasons"": []}]",57a450b9ca92d0dfd128d25e7044f04688791fc659dbc9e3d5bc281b775eaf74
360,baseline_fixed,360,5382121954583317849,0.8762,0.2397,boundary,False,,3.301153771110462,0.98,0.03790275755646366,True,False,True,True,False,2,,4,True,"[{""start"": [0.5, 0.1], ""theta"": [0.9799999999999995, 0.03790275755953027], ""objective"": 3.301153771115288, ""success"": true, ""message"": ""`ftol` termination condition is satisfied."", ""evaluations"": 14, ""inference_unavailable_reasons"": [""parameter_on_boundary""]}, {""start"": [0.75, 0.4], ""theta"": [0.9799999999999965, 0.037902757571241286], ""objective"": 3.3011537711134062, ""success"": true, ""message"": ""`ftol` termination condition is satisfied."", ""evaluations"": 12, ""inference_unavailable_reasons"": [""parameter_on_boundary""]}, {""start"": [0.95, 0.7], ""theta"": [0.98, 0.03790275755646366], ""objective"": 3.301153771110462, ""success"": true, ""message"": ""`gtol` termination condition is satisfied."", ""evaluations"": 19, ""inference_unavailable_reasons"": [""parameter_on_boundary""]}, {""start"": [0.8762, 0.2397], ""theta"": [0.9799999999999989, 0.03790275756251402], ""objective"": 3.301153771116026, ""success"": true, ""message"": ""`ftol` termination condition is satisfied."", ""evaluations"": 11, ""inference_unavailable_reasons"": [""parameter_on_boundary""]}]",8adcff04495802c3f748a26cf78ca81c8177714ae5fe8fbb66ce106ba26fb9c0
361,baseline_fixed,361,9132107517506921916,0.8762,0.2397,optimization_unresolved,True,Selected optimizer result failed the numerical stationarity check,9.791692201520117,0.783389690790799,0.33855180838406923,True,False,False,False,False,2,,4,True,"[{""start"": [0.5, 0.1], ""theta"": [0.7833823579868237, 0.338571179147405], ""objective"": 9.791692201774728, ""success"": true, ""message"": ""`ftol` termination condition is satisfied."", ""evaluations"": 25, ""inference_unavailable_reasons"": [""nonstationary_solution""]}, {""start"": [0.75, 0.4], ""theta"": [0.783382066677169, 0.3385719487616429], ""objective"": 9.791692203283617, ""success"": true, ""message"": ""`ftol` termination condition is satisfied."", ""evaluations"": 25, ""inference_unavailable_reasons"": [""nonstationary_solution""]}, {""start"": [0.95, 0.7], ""theta"": [0.783389690790799, 0.33855180838406923], ""objective"": 9.791692201520117, ""success"": true, ""message"": ""`ftol` termination condition is satisfied."", ""evaluations"": 22, ""inference_unavailable_reasons"": [""nonstationary_solution""]}, {""start"": [0.8762, 0.2397], ""theta"": [0.7833900679051509, 0.33855081194010045], ""objective"": 9.791692203473437, ""success"": true, ""message"": ""`ftol` termination condition is satisfied."", ""evaluations"": 20, ""inference_unavailable_reasons"": [""nonstationary_solution""]}]",9e07fda37e5aa53a63717175062cac706ffeb0cd9dcd93f426824ee110c3d088
362,baseline_fixed,362,2340539602030774712,0.8762,0.2397,regular,False,,2.1927347319923447,0.8538226695444764,0.2661125086261814,True,True,False,False,False,2,0.9484071905587278,4,True,"[{""start"": [0.5, 0.1], ""theta"": [0.8538226695444764, 0.2661125086261814], ""objective"": 2.1927347319923447, ""success"": true, ""message"": ""`ftol` termination condition is satisfied."", ""evaluations"": 9, ""inference_unavailable_reasons"": []}, {""start"": [0.75, 0.4], ""theta"": [0.8538226580838317, 0.2661125361859674], ""objective"": 2.1927347319937374, ""success"": true, ""message"": ""`ftol` termination condition is satisfied."", ""evaluations"": 7, ""inference_unavailable_reasons"": []}, {""start"": [0.95, 0.7], ""theta"": [0.853822645980511, 0.26611256044548826], ""objective"": 2.1927347319936983, ""success"": true, ""message"": ""`ftol` termination condition is satisfied."", ""evaluations"": 13, ""inference_unavailable_reasons"": []}, {""start"": [0.8762, 0.2397], ""theta"": [0.8538226792000002, 0.266112481980239], ""objective"": 2.1927347319926778, ""success"": true, ""message"": ""`ftol` termination condition is satisfied."", ""evaluations"": 6, ""inference_unavailable_reasons"": []}]",fb1094cefb5c8e8d728eca421949172fe5f86d86e3ca71298248341bedc0f714
363,baseline_fixed,363,18442874105605027909,0.8762,0.2397,regular,False,,2.4690851895506762,0.8097763859916904,0.3650020999009838,True,True,False,False,False,2,0.9294069341163572,4,True,"[{""start"": [0.5, 0.1], ""theta"": [0.8097764948292276, 0.3650018484606904], ""objective"": 2.4690851895507953, ""success"": true, ""message"": ""`ftol` termination condition is satisfied."", ""evaluations"": 8, ""inference_unavailable_reasons"": []}, {""start"": [0.75, 0.4], ""theta"": [0.8097763859916904, 0.3650020999009838], ""objective"": 2.4690851895506762, ""success"": true, ""message"": ""`ftol` termination condition is satisfied."", ""evaluations"": 7, ""inference_unavailable_reasons"": []}, {""start"": [0.95, 0.7], ""theta"": [0.8097762221935196, 0.3650024822532582], ""objective"": 2.4690851895695376, ""success"": true, ""message"": ""`ftol` termination condition is satisfied."", ""evaluations"": 12, ""inference_unavailable_reasons"": []}, {""start"": [0.8762, 0.2397], ""theta"": [0.8097767395044243, 0.365001288365985], ""objective"": 2.4690851895661865, ""success"": true, ""message"": ""`ftol` termination condition is satisfied."", ""evaluations"": 6, ""inference_unavailable_reasons"": []}]",f4cd003cbf8b69e15ac44d7b31e56f9745b066b14f81da6535d0a5b2226c032d
364,baseline_fixed,364,12565624888700736104,0.8762,0.2397,regular,False,,2.342259790897839,0.8931525898756967,0.19367646410798012,True,True,False,False,False,2,0.9384995753647476,4,True,"[{""start"": [0.5, 0.1], ""theta"": [0.8931518505357149, 0.1936780379468295], ""objective"": 2.342259790986157, ""success"": true, ""message"": ""`ftol` termination condition is satisfied."", ""evaluations"": 11, ""inference_unavailable_reasons"": []}, {""start"": [0.75, 0.4], ""theta"": [0.8931519690055459, 0.19367778567394364], ""objective"": 2.3422597909372405, ""success"": true, ""message"": ""`ftol` termination condition is satisfied."", ""evaluations"": 9, ""inference_unavailable_reasons"": []}, {""start"": [0.95, 0.7], ""theta"": [0.8931525898756967, 0.19367646410798012], ""objective"": 2.342259790897839, ""success"": true, ""message"": ""`ftol` termination condition is satisfied."", ""evaluations"": 16, ""inference_unavailable_reasons"": []}, {""start"": [0.8762, 0.2397], ""theta"": [0.893151830967197, 0.19367807956460686], ""objective"": 2.342259790998043, ""success"": true, ""message"": ""`ftol` termination condition is satisfied."", ""evaluations"": 8, ""inference_unavailable_reasons"": []}]",1efd0df7d73b6e6f1232925885da7ac89828e08872666da9db9d95712fd9bdd3
365,baseline_fixed,365,10101989115497021320,0.8762,0.2397,regular,False,,11.004976420931914,0.9148604512301239,0.05777975230215171,True,True,False,False,False,2,0.13840209904299264,4,True,"[{""start"": [0.5, 0.1], ""theta"": [0.9148599446323009, 0.0577805029436557], ""objective"": 11.004976421443637, ""success"": true, ""message"": ""`ftol` termination condition is satisfied."", ""evaluations"": 18, ""inference_unavailable_reasons"": []}, {""start"": [0.75, 0.4], ""theta"": [0.914860292884438, 0.0577799866699662], ""objective"": 11.004976421070262, ""success"": true, ""message"": ""`ftol` termination condition is satisfied."", ""evaluations"": 16, ""inference_unavailable_reasons"": []}, {""start"": [0.95, 0.7], ""theta"": [0.9148604512301239, 0.05777975230215171], ""objective"": 11.004976420931914, ""success"": true, ""message"": ""`ftol` termination condition is satisfied."", ""evaluations"": 23, ""inference_unavailable_reasons"": []}, {""start"": [0.8762, 0.2397], ""theta"": [0.9148595601710547, 0.05778107234207261], ""objective"": 11.004976421967818, ""success"": true, ""message"": ""`ftol` termination condition is satisfied."", ""evaluations"": 15, ""inference_unavailable_reasons"": []}]",da1bf51fba52484c3f2b5ceb75e773be7d73814d3256d309ac2a6cf9acd4b4ba
366,baseline_fixed,366,7428569820205613600,0.8762,0.2397,regular,False,,7.196616665009153,0.865786558232113,0.2539989907469252,True,True,False,False,False,2,0.4086995035356014,4,True,"[{""start"": [0.5, 0.1], ""theta"": [0.865786558232113, 0.2539989907469252], ""objective"": 7.196616665009153, ""success"": true, ""message"": ""`ftol` termination condition is satisfied."", ""evaluations"": 15, ""inference_unavailable_reasons"": []}, {""start"": [0.75, 0.4], ""theta"": [0.8657865414343419, 0.2539990319768609], ""objective"": 7.1966166650119305, ""success"": true, ""message"": ""`ftol` termination condition is satisfied."", ""evaluations"": 13, ""inference_unavailable_reasons"": []}, {""start"": [0.95, 0.7], ""theta"": [0.8657862745910074, 0.2539996879889207], ""objective"": 7.196616665176297, ""success"": true, ""message"": ""`ftol` termination condition is satisfied."", ""evaluations"": 18, ""inference_unavailable_reasons"": []}, {""start"": [0.8762, 0.2397], ""theta"": [0.8657879119852596, 0.25399566317298516], ""objective"": 7.1966166650576024, ""success"": true, ""message"": ""`ftol` termination condition is satisfied."", ""evaluations"": 9, ""inference_unavailable_reasons"": []}]",1e2f2cab2957dc49862655653ae674314ae1f1970129d9cb376244ea163f3284
367,baseline_fixed,367,8199289894950027974,0.8762,0.2397,regular,False,,19.469227676089066,0.8897999009411867,0.0984784341907679,True,True,False,False,False,2,0.006837799623031465,4,True,"[{""start"": [0.5, 0.1], ""theta"": [0.8897999030083432, 0.09847840243552992], ""objective"": 19.46922767609273, ""success"": true, ""message"": ""`ftol` termination condition is satisfied."", ""evaluations"": 12, ""inference_unavailable_reasons"": []}, {""start"": [0.75, 0.4], ""theta"": [0.8897999009411867, 0.0984784341907679], ""objective"": 19.469227676089066, ""success"": true, ""message"": ""`ftol` termination condition is satisfied."", ""evaluations"": 10, ""inference_unavailable_reasons"": []}, {""start"": [0.95, 0.7], ""theta"": [0.8897998589703813, 0.0984783775724134], ""objective"": 19.469227676111824, ""success"": true, ""message"": ""`ftol` termination condition is satisfied."", ""evaluations"": 16, ""inference_unavailable_reasons"": []}, {""start"": [0.8762, 0.2397], ""theta"": [0.8898007819865902, 0.09847896531051611], ""objective"": 19.4692276762022, ""success"": true, ""message"": ""`ftol` termination condition is satisfied."", ""evaluations"": 9, ""inference_unavailable_reasons"": []}]",629fffb34e5721d3b24afaaa80ab56fce6b67f9c4f67b6ac1682de0ea289916e
368,baseline_fixed,368,1299406902496080872,0.8762,0.2397,regular,False,,4.4253896194169995,0.80935801347359,0.2567076595565003,True,True,False,False,False,2,0.7296819970289359,4,True,"[{""start"": [0.5, 0.1], ""theta"": [0.8093579926055753, 0.25670771658237845], ""objective"": 4.4253896194184605, ""success"": true, ""message"": ""`ftol` termination condition is satisfied."", ""evaluations"": 11, ""inference_unavailable_reasons"": []}, {""start"": [0.75, 0.4], ""theta"": [0.80935801347359, 0.2567076595565003], ""objective"": 4.4253896194169995, ""success"": true, ""message"": ""`ftol` termination condition is satisfied."", ""evaluations"": 9, ""inference_unavailable_reasons"": []}, {""start"": [0.95, 0.7], ""theta"": [0.809357943727397, 0.25670784988303], ""objective"": 4.425389619425167, ""success"": true, ""message"": ""`ftol` termination condition is satisfied."", ""evaluations"": 15, ""inference_unavailable_reasons"": []}, {""start"": [0.8762, 0.2397], ""theta"": [0.8093579902737756, 0.25670770465111914], ""objective"": 4.4253896194208675, ""success"": true, ""message"": ""`ftol` termination condition is satisfied."", ""evaluations"": 7, ""inference_unavailable_reasons"": []}]",bfbef5da47b4d5af84e1ec1808546164f2ab088a6a4ff663e90cc3d60670000d
369,baseline_fixed,369,841697153222333206,0.8762,0.2397,regular,False,,6.323553430940949,0.9303576547774599,0.10278992122886453,True,True,False,False,False,2,0.502517985385053,4,True,"[{""start"": [0.5, 0.1], ""theta"": [0.9303576547774599, 0.10278992122886453], ""objective"": 6.323553430940949, ""success"": true, ""message"": ""`ftol` termination condition is satisfied."", ""evaluations"": 21, ""inference_unavailable_reasons"": []}, {""start"": [0.75, 0.4], ""theta"": [0.9303604826764398, 0.10278420735666899], ""objective"": 6.323553432221981, ""success"": true, ""message"": ""`ftol` termination condition is satisfied."", ""evaluations"": 19, ""inference_unavailable_reasons"": []}, {""start"": [0.95, 0.7], ""theta"": [0.9303603261354735, 0.10278452363043766], ""objective"": 6.323553431704625, ""success"": true, ""message"": ""`ftol` termination condition is satisfied."", ""evaluations"": 21, ""inference_unavailable_reasons"": []}, {""start"": [0.8762, 0.2397], ""theta"": [0.9303572032704678, 0.10279083359342511], ""objective"": 6.323553432341701, ""success"": true, ""message"": ""`ftol` termination condition is satisfied."", ""evaluations"": 15, ""inference_unavailable_reasons"": []}]",ac446cc8801081863642e7eeec0ee0e803faea32457d1ca61c38f898b32fedc7
370,baseline_fixed,370,3626387208063314939,0.8762,0.2397,boundary,False,,4.878427182001227,0.9799999999999999,0.028945766421029764,True,False,True,True,False,2,,4,True,"[{""start"": [0.5, 0.1], ""theta"": [0.9799999999999999, 0.028945766421029764], ""objective"": 4.878427182001227, ""success"": true, ""message"": ""`ftol` termination condition is satisfied."", ""evaluations"": 12, ""inference_unavailable_reasons"": [""parameter_on_boundary""]}, {""start"": [0.75, 0.4], ""theta"": [0.98, 0.0289457664251786], ""objective"": 4.878427182002959, ""success"": true, ""message"": ""`ftol` termination condition is satisfied."", ""evaluations"": 10, ""inference_unavailable_reasons"": [""parameter_on_boundary""]}, {""start"": [0.95, 0.7], ""theta"": [0.98, 0.028945766424687935], ""objective"": 4.878427182003179, ""success"": true, ""message"": ""`gtol` termination condition is satisfied."", ""evaluations"": 16, ""inference_unavailable_reasons"": [""parameter_on_boundary""]}, {""start"": [0.8762, 0.2397], ""theta"": [0.98, 0.028945766428110253], ""objective"": 4.87842718200368, ""success"": true, ""message"": ""`gtol` termination condition is satisfied."", ""evaluations"": 9, ""inference_unavailable_reasons"": [""parameter_on_boundary""]}]",7199210a0b05413fd9109a515607d2df11df53129d43d293c0cdbe503b11ee99
371,baseline_fixed,371,8885501854355110587,0.8762,0.2397,regular,False,,17.54446785562119,0.948715148262606,0.05484283691893077,True,True,False,False,False,2,0.014203349829499824,4,True,"[{""start"": [0.5, 0.1], ""theta"": [0.9487145755080747, 0.05484353628915224], ""objective"": 17.54446785666095, ""success"": true, ""message"": ""`ftol` termination condition is satisfied."", ""evaluations"": 17, ""inference_unavailable_reasons"": []}, {""start"": [0.75, 0.4], ""theta"": [0.9487151423041986, 0.05484284417505397], ""objective"": 17.54446785563629, ""success"": true, ""message"": ""`ftol` termination condition is satisfied."", ""evaluations"": 16, ""inference_unavailable_reasons"": []}, {""start"": [0.95, 0.7], ""theta"": [0.948715148262606, 0.05484283691893077], ""objective"": 17.54446785562119, ""success"": true, ""message"": ""`ftol` termination condition is satisfied."", ""evaluations"": 22, ""inference_unavailable_reasons"": []}, {""start"": [0.8762, 0.2397], ""theta"": [0.9487143710228895, 0.054843785966213254], ""objective"": 17.544467857104927, ""success"": true, ""message"": ""`ftol` termination condition is satisfied."", ""evaluations"": 15, ""inference_unavailable_reasons"": []}]",35518158fbf6670fdf5ea675c0467d45a580737a2c27d4b5afb1bfdc9355b4ae
372,baseline_fixed,372,15568068152858718607,0.8762,0.2397,regular,False,,6.96304570657478,0.9121061673560104,0.1859019132876032,True,True,False,False,False,2,0.432737659469805,4,True,"[{""start"": [0.5, 0.1], ""theta"": [0.9121058227951989, 0.18590272023995869], ""objective"": 6.9630457066353415, ""success"": true, ""message"": ""`ftol` termination condition is satisfied."", ""evaluations"": 12, ""inference_unavailable_reasons"": []}, {""start"": [0.75, 0.4], ""theta"": [0.9121061673560104, 0.1859019132876032], ""objective"": 6.96304570657478, ""success"": true, ""message"": ""`ftol` termination condition is satisfied."", ""evaluations"": 11, ""inference_unavailable_reasons"": []}, {""start"": [0.95, 0.7], ""theta"": [0.9121055235007411, 0.18590342124440928], ""objective"": 6.963045706734697, ""success"": true, ""message"": ""`ftol` termination condition is satisfied."", ""evaluations"": 15, ""inference_unavailable_reasons"": []}, {""start"": [0.8762, 0.2397], ""theta"": [0.9121059220677246, 0.18590248768049597], ""objective"": 6.963045706614655, ""success"": true, ""message"": ""`ftol` termination condition is satisfied."", ""evaluations"": 9, ""inference_unavailable_reasons"": []}]",7714cb5b715b3b342bc119c43d5a8e22898d08347da3e7b486af6006007ed6e6
373,baseline_fixed,373,17284826314394503905,0.8762,0.2397,boundary,False,,14.807602212846742,0.98,0.041009314256326146,True,False,True,True,False,2,,4,True,"[{""start"": [0.5, 0.1], ""theta"": [0.98, 0.04100931421627586], ""objective"": 14.807602212847243, ""success"": true, ""message"": ""`ftol` termination condition is satisfied."", ""evaluations"": 15, ""inference_unavailable_reasons"": [""parameter_on_boundary""]}, {""start"": [0.75, 0.4], ""theta"": [0.98, 0.04100931421702275], ""objective"": 14.80760221284692, ""success"": true, ""message"": ""`gtol` termination condition is satisfied."", ""evaluations"": 14, ""inference_unavailable_reasons"": [""parameter_on_boundary""]}, {""start"": [0.95, 0.7], ""theta"": [0.98, 0.041009314256326146], ""objective"": 14.807602212846742, ""success"": true, ""message"": ""`ftol` termination condition is satisfied."", ""evaluations"": 17, ""inference_unavailable_reasons"": [""parameter_on_boundary""]}, {""start"": [0.8762, 0.2397], ""theta"": [0.98, 0.04100931421729209], ""objective"": 14.80760221284718, ""success"": true, ""message"": ""`gtol` termination condition is satisfied."", ""evaluations"": 10, ""inference_unavailable_reasons"": [""parameter_on_boundary""]}]",2ec1e2e63c98078b7bcdd6683b121214600f89dd6e2a37d35a88703a391ac708
374,baseline_fixed,374,4636712380534504049,0.8762,0.2397,regular,False,,3.040214574476971,0.9179213025894907,0.16301502427649614,True,True,False,False,False,2,0.881257287271961,4,True,"[{""start"": [0.5, 0.1], ""theta"": [0.9179207472443798, 0.16301627061398527], ""objective"": 3.0402145748897, ""success"": true, ""message"": ""`ftol` termination condition is satisfied."", ""evaluations"": 19, ""inference_unavailable_reasons"": []}, {""start"": [0.75, 0.4], ""theta"": [0.9179213025894907, 0.16301502427649614], ""objective"": 3.040214574476971, ""success"": true, ""message"": ""`ftol` termination condition is satisfied."", ""evaluations"": 18, ""inference_unavailable_reasons"": []}, {""start"": [0.95, 0.7], ""theta"": [0.917921242707104, 0.16301515867526228], ""objective"": 3.040214574514695, ""success"": true, ""message"": ""`ftol` termination condition is satisfied."", ""evaluations"": 23, ""inference_unavailable_reasons"": []}, {""start"": [0.8762, 0.2397], ""theta"": [0.9179208192643251, 0.1630161089694135], ""objective"": 3.0402145748277527, ""success"": true, ""message"": ""`ftol` termination condition is satisfied."", ""evaluations"": 15, ""inference_unavailable_reasons"": []}]",9e22918d662b11560f09d7ecd11baeb389bab15489bb448ce1ec42140cd3083f
375,baseline_fixed,375,5549620275445621119,0.8762,0.2397,regular,False,,5.9006799458706265,0.8879035441290796,0.3882966728141791,True,True,False,False,False,2,0.5513932601369869,4,True,"[{""start"": [0.5, 0.1], ""theta"": [0.887903497466872, 0.3882966213099839], ""objective"": 5.9006799458780455, ""success"": true, ""message"": ""`ftol` termination condition is satisfied."", ""evaluations"": 10, ""inference_unavailable_reasons"": []}, {""start"": [0.75, 0.4], ""theta"": [0.8879035267843649, 0.3882967327231195], ""objective"": 5.900679945874257, ""success"": true, ""message"": ""`ftol` termination condition is satisfied."", ""evaluations"": 10, ""inference_unavailable_reasons"": []}, {""start"": [0.95, 0.7], ""theta"": [0.8879035441290796, 0.3882966728141791], ""objective"": 5.9006799458706265, ""success"": true, ""message"": ""`ftol` termination condition is satisfied."", ""evaluations"": 13, ""inference_unavailable_reasons"": []}, {""start"": [0.8762, 0.2397], ""theta"": [0.8879042154803103, 0.3882942098326365], ""objective"": 5.9006799460543, ""success"": true, ""message"": ""`ftol` termination condition is satisfied."", ""evaluations"": 8, ""inference_unavailable_reasons"": []}]",968ba6ca971f1990ee5f1d91c1c8e37a3a9780f6de7f20b748cc53cfd7b331d9
376,baseline_fixed,376,1716922753426618679,0.8762,0.2397,regular,False,,3.7071061715883915,0.9081138374774044,0.1308916812840209,True,True,False,False,False,2,0.8128270686205586,4,True,"[{""start"": [0.5, 0.1], ""theta"": [0.9081138259414523, 0.13089170488961185], ""objective"": 3.707106171590232, ""success"": true, ""message"": ""`ftol` termination condition is satisfied."", ""evaluations"": 9, ""inference_unavailable_reasons"": []}, {""start"": [0.75, 0.4], ""theta"": [0.9081138790073042, 0.1308915957926705], ""objective"": 3.707106171596597, ""success"": true, ""message"": ""`ftol` termination condition is satisfied."", ""evaluations"": 8, ""inference_unavailable_reasons"": []}, {""start"": [0.95, 0.7], ""theta"": [0.9081137784600968, 0.13089180411968615], ""objective"": 3.707106171588671, ""success"": true, ""message"": ""`ftol` termination condition is satisfied."", ""evaluations"": 14, ""inference_unavailable_reasons"": []}, {""start"": [0.8762, 0.2397], ""theta"": [0.9081138374774044, 0.1308916812840209], ""objective"": 3.7071061715883915, ""success"": true, ""message"": ""`ftol` termination condition is satisfied."", ""evaluations"": 6, ""inference_unavailable_reasons"": []}]",480d2b6c189e8dc2e3b1f369439ed652413e704d50dfdf6c7a9bcef18e2ba909
377,baseline_fixed,377,3948103741458438744,0.8762,0.2397,regular,False,,5.3237480027932635,0.9425651882735122,0.13641756561592183,True,True,False,False,False,2,0.6205192990057351,4,True,"[{""start"": [0.5, 0.1], ""theta"": [0.9425650442850798, 0.13641792632541916], ""objective"": 5.323748002808051, ""success"": true, ""message"": ""`ftol` termination condition is satisfied."", ""evaluations"": 12, ""inference_unavailable_reasons"": []}, {""start"": [0.75, 0.4], ""theta"": [0.9425651882735122, 0.13641756561592183], ""objective"": 5.3237480027932635, ""success"": true, ""message"": ""`ftol` termination condition is satisfied."", ""evaluations"": 11, ""inference_unavailable_reasons"": []}, {""start"": [0.95, 0.7], ""theta"": [0.9425652074140842, 0.13641751695097404], ""objective"": 5.323748002796122, ""success"": true, ""message"": ""`ftol` termination condition is satisfied."", ""evaluations"": 16, ""inference_unavailable_reasons"": []}, {""start"": [0.8762, 0.2397], ""theta"": [0.9425651774611103, 0.13641759241831844], ""objective"": 5.323748002794467, ""success"": true, ""message"": ""`ftol` termination condition is satisfied."", ""evaluations"": 9, ""inference_unavailable_reasons"": []}]",d3fcaf2a6886ef2d0e3d0b00a2857369904460ac6e7d63095b11c48552f44cd3
378,baseline_fixed,378,16301624205015573280,0.8762,0.2397,regular,False,,7.04606847384531,0.832850674405958,0.3029087208130868,True,True,False,False,False,2,0.4240990535620477,4,True,"[{""start"": [0.5, 0.1], ""theta"": [0.8328494653924832, 0.3029116328365812], ""objective"": 7.046068474200751, ""success"": true, ""message"": ""`ftol` termination condition is satisfied."", ""evaluations"": 10, ""inference_unavailable_reasons"": []}, {""start"": [0.75, 0.4], ""theta"": [0.8328498310590097, 0.302910744267069], ""objective"": 7.046068473960911, ""success"": true, ""message"": ""`ftol` termination condition is satisfied."", ""evaluations"": 7, ""inference_unavailable_reasons"": []}, {""start"": [0.95, 0.7], ""theta"": [0.8328496461970601, 0.30291119708755015], ""objective"": 7.04606847407021, ""success"": true, ""message"": ""`ftol` termination condition is satisfied."", ""evaluations"": 14, ""inference_unavailable_reasons"": []}, {""start"": [0.8762, 0.2397], ""theta"": [0.832850674405958, 0.3029087208130868], ""objective"": 7.04606847384531, ""success"": true, ""message"": ""`ftol` termination condition is satisfied."", ""evaluations"": 7, ""inference_unavailable_reasons"": []}]",366a718df6c1f7b4bec206e19e39bbfc5713f2046d0a872f856659541b5279a1
379,baseline_fixed,379,3327237206080482991,0.8762,0.2397,regular,False,,9.529549594940361,0.8762946415814659,0.2845410696121762,True,True,False,False,False,2,0.21683707409382352,4,True,"[{""start"": [0.5, 0.1], ""theta"": [0.8762946415814659, 0.2845410696121762], ""objective"": 9.529549594940361, ""success"": true, ""message"": ""`ftol` termination condition is satisfied."", ""evaluations"": 24, ""inference_unavailable_reasons"": []}, {""start"": [0.75, 0.4], ""theta"": [0.8762948545477205, 0.28454053625258274], ""objective"": 9.529549595181894, ""success"": true, ""message"": ""`ftol` termination condition is satisfied."", ""evaluations"": 24, ""inference_unavailable_reasons"": []}, {""start"": [0.95, 0.7], ""theta"": [0.8762947318645762, 0.284540908320349], ""objective"": 9.529549595036702, ""success"": true, ""message"": ""`ftol` termination condition is satisfied."", ""evaluations"": 27, ""inference_unavailable_reasons"": []}, {""start"": [0.8762, 0.2397], ""theta"": [0.876292180344533, 0.28454689872343236], ""objective"": 9.52954959627731, ""success"": true, ""message"": ""`ftol` termination condition is satisfied."", ""evaluations"": 20, ""inference_unavailable_reasons"": []}]",ec059cd06f1b18116e0381049338adba5ec2bdfce5ece2a8ac02722ca1af9489
380,baseline_fixed,380,13657024628378915696,0.8762,0.2397,regular,False,,10.350724421216507,0.831699728202818,0.270373596053865,True,True,False,False,False,2,0.16955402227943764,4,True,"[{""start"": [0.5, 0.1], ""theta"": [0.8317064514303563, 0.2703582207473229], ""objective"": 10.350724422460925, ""success"": true, ""message"": ""`ftol` termination condition is satisfied."", ""evaluations"": 22, ""inference_unavailable_reasons"": [""nonstationary_solution""]}, {""start"": [0.75, 0.4], ""theta"": [0.831699728202818, 0.270373596053865], ""objective"": 10.350724421216507, ""success"": true, ""message"": ""`ftol` termination condition is satisfied."", ""evaluations"": 20, ""inference_unavailable_reasons"": []}, {""start"": [0.95, 0.7], ""theta"": [0.831707217556932, 0.27035646862117063], ""objective"": 10.35072442567365, ""success"": true, ""message"": ""`ftol` termination condition is satisfied."", ""evaluations"": 25, ""inference_unavailable_reasons"": [""nonstationary_solution""]}, {""start"": [0.8762, 0.2397], ""theta"": [0.8317061144639735, 0.2703589911590302], ""objective"": 10.350724421255778, ""success"": true, ""message"": ""`ftol` termination condition is satisfied."", ""evaluations"": 20, ""inference_unavailable_reasons"": []}]",6c0df70e408e4a4a9e8f966bb8b8e37d37506387c963af20048cf7fa870d4a8d
381,baseline_fixed,381,14395948833226682725,0.8762,0.2397,boundary,False,,55.759225588409414,0.9799999999999999,0.010000000000000009,True,False,True,True,True,2,,4,True,"[{""start"": [0.5, 0.1], ""theta"": [0.9799999999999999, 0.010000000000000009], ""objective"": 55.759225588409414, ""success"": true, ""message"": ""`gtol` termination condition is satisfied."", ""evaluations"": 14, ""inference_unavailable_reasons"": [""parameter_on_boundary""]}, {""start"": [0.75, 0.4], ""theta"": [0.98, 0.010000000000000064], ""objective"": 55.75922558844643, ""success"": true, ""message"": ""`gtol` termination condition is satisfied."", ""evaluations"": 11, ""inference_unavailable_reasons"": [""parameter_on_boundary""]}, {""start"": [0.95, 0.7], ""theta"": [0.9799999999948756, 0.01000000000000012], ""objective"": 55.75922559045365, ""success"": true, ""message"": ""`gtol` termination condition is satisfied."", ""evaluations"": 16, ""inference_unavailable_reasons"": [""parameter_on_boundary""]}, {""start"": [0.8762, 0.2397], ""theta"": [0.9799999999999985, 0.010000000000000037], ""objective"": 55.75922558846765, ""success"": true, ""message"": ""`gtol` termination condition is satisfied."", ""evaluations"": 10, ""inference_unavailable_reasons"": [""parameter_on_boundary""]}]",2fff4bf405523de86a692bed06a3966d6f5abdd354a092908fc7ab3330713dc0
382,baseline_fixed,382,17263406138092448942,0.8762,0.2397,regular,False,,6.0352887146656125,0.8968753701687876,0.2335990115156926,True,True,False,False,False,2,0.5356349677779261,4,True,"[{""start"": [0.5, 0.1], ""theta"": [0.8968753895907162, 0.23359898300039886], ""objective"": 6.035288714674538, ""success"": true, ""message"": ""`ftol` termination condition is satisfied."", ""evaluations"": 10, ""inference_unavailable_reasons"": []}, {""start"": [0.75, 0.4], ""theta"": [0.8968753491792302, 0.23359904263549258], ""objective"": 6.035288714672419, ""success"": true, ""message"": ""`ftol` termination condition is satisfied."", ""evaluations"": 8, ""inference_unavailable_reasons"": []}, {""start"": [0.95, 0.7], ""theta"": [0.8968753953414385, 0.23359897447996575], ""objective"": 6.035288714667466, ""success"": true, ""message"": ""`ftol` termination condition is satisfied."", ""evaluations"": 13, ""inference_unavailable_reasons"": []}, {""start"": [0.8762, 0.2397], ""theta"": [0.8968753701687876, 0.2335990115156926], ""objective"": 6.0352887146656125, ""success"": true, ""message"": ""`ftol` termination condition is satisfied."", ""evaluations"": 6, ""inference_unavailable_reasons"": []}]",096de35a41ffe299d55fdccedb8b8da83edf8a6280b328210a97664664375cdc
383,baseline_fixed,383,2675447208120580961,0.8762,0.2397,regular,False,,2.721135540571985,0.957690916837141,0.05462479531047082,True,True,False,False,False,2,0.9095462215666265,4,True,"[{""start"": [0.5, 0.1], ""theta"": [0.9576907693319081, 0.054624988636339716], ""objective"": 2.7211355406050597, ""success"": true, ""message"": ""`ftol` termination condition is satisfied."", ""evaluations"": 12, ""inference_unavailable_reasons"": []}, {""start"": [0.75, 0.4], ""theta"": [0.9576908340365552, 0.05462490383156171], ""objective"": 2.721135540585394, ""success"": true, ""message"": ""`ftol` termination condition is satisfied."", ""evaluations"": 11, ""inference_unavailable_reasons"": []}, {""start"": [0.95, 0.7], ""theta"": [0.957690916837141, 0.05462479531047082], ""objective"": 2.721135540571985, ""success"": true, ""message"": ""`ftol` termination condition is satisfied."", ""evaluations"": 18, ""inference_unavailable_reasons"": []}, {""start"": [0.8762, 0.2397], ""theta"": [0.9576908608939744, 0.05462486863171212], ""objective"": 2.721135540577769, ""success"": true, ""message"": ""`ftol` termination condition is satisfied."", ""evaluations"": 11, ""inference_unavailable_reasons"": []}]",e41c12b37652b6137a5c5d6754a0cc8ab28a3ade877ad2d69005b4f5f298150e
384,baseline_fixed,384,6763525756313833628,0.8762,0.2397,regular,False,,8.16419301150984,0.7321658587521671,0.47882074042716904,True,True,False,False,False,2,0.318338559952812,4,True,"[{""start"": [0.5, 0.1], ""theta"": [0.7321658587521671, 0.47882074042716904], ""objective"": 8.16419301150984, ""success"": true, ""message"": ""`ftol` termination condition is satisfied."", ""evaluations"": 8, ""inference_unavailable_reasons"": []}, {""start"": [0.75, 0.4], ""theta"": [0.7321659121387466, 0.47882064875138153], ""objective"": 8.164193011511603, ""success"": true, ""message"": ""`ftol` termination condition is satisfied."", ""evaluations"": 6, ""inference_unavailable_reasons"": []}, {""start"": [0.95, 0.7], ""theta"": [0.7321658911310498, 0.47882068475138995], ""objective"": 8.16419301151406, ""success"": true, ""message"": ""`ftol` termination condition is satisfied."", ""evaluations"": 11, ""inference_unavailable_reasons"": []}, {""start"": [0.8762, 0.2397], ""theta"": [0.7321659328093092, 0.4788206133825408], ""objective"": 8.164193011513156, ""success"": true, ""message"": ""`ftol` termination condition is satisfied."", ""evaluations"": 7, ""inference_unavailable_reasons"": []}]",3b15bfd1845ee8b03bb20eb201a8c5907013dddb21b299aed9a35651e73e4c83
385,baseline_fixed,385,11812578615171923684,0.8762,0.2397,boundary,False,,28.201230699756955,0.9799999999999999,0.010000000000000064,True,False,True,True,True,2,,4,True,"[{""start"": [0.5, 0.1], ""theta"": [0.98, 0.010000000000000009], ""objective"": 28.201230699780936, ""success"": true, ""message"": ""`gtol` termination condition is satisfied."", ""evaluations"": 10, ""inference_unavailable_reasons"": [""parameter_on_boundary""]}, {""start"": [0.75, 0.4], ""theta"": [0.9799999999999999, 0.010000000000000064], ""objective"": 28.201230699756955, ""success"": true, ""message"": ""`gtol` termination condition is satisfied."", ""evaluations"": 9, ""inference_unavailable_reasons"": [""parameter_on_boundary""]}, {""start"": [0.95, 0.7], ""theta"": [0.98, 0.01000000000000012], ""objective"": 28.201230699780936, ""success"": true, ""message"": ""`gtol` termination condition is satisfied."", ""evaluations"": 15, ""inference_unavailable_reasons"": [""parameter_on_boundary""]}, {""start"": [0.8762, 0.2397], ""theta"": [0.979999999999205, 0.010000000000587428], ""objective"": 28.201230700284867, ""success"": true, ""message"": ""`gtol` termination condition is satisfied."", ""evaluations"": 9, ""inference_unavailable_reasons"": [""parameter_on_boundary""]}]",2b79badc0a929588502e0245d03ffb8dc515cc58a657c0f8b60abe73c4849d32
386,baseline_fixed,386,26668703928642903,0.8762,0.2397,regular,False,,9.134205639550501,0.8772967878501855,0.21351197284084647,True,True,False,False,False,2,0.24316375545208432,4,True,"[{""start"": [0.5, 0.1], ""theta"": [0.877297530832089, 0.21351009329263293], ""objective"": 9.134205643187375, ""success"": true, ""message"": ""`ftol` termination condition is satisfied."", ""evaluations"": 20, ""inference_unavailable_reasons"": [""nonstationary_solution""]}, {""start"": [0.75, 0.4], ""theta"": [0.8772967878501855, 0.21351197284084647], ""objective"": 9.134205639550501, ""success"": true, ""message"": ""`ftol` termination condition is satisfied."", ""evaluations"": 23, ""inference_unavailable_reasons"": []}, {""start"": [0.95, 0.7], ""theta"": [0.877291026372125, 0.2135265479106812], ""objective"": 9.13420564328845, ""success"": true, ""message"": ""`ftol` termination condition is satisfied."", ""evaluations"": 27, ""inference_unavailable_reasons"": [""nonstationary_solution""]}, {""start"": [0.8762, 0.2397], ""theta"": [0.8772974785242884, 0.21351022594108582], ""objective"": 9.134205642893672, ""success"": true, ""message"": ""`ftol` termination condition is satisfied."", ""evaluations"": 16, ""inference_unavailable_reasons"": [""nonstationary_solution""]}]",9aa509930be271417d32b047a82a815aa8896f693acad8ca3c196894aabed958
387,baseline_fixed,387,2843243922899726111,0.8762,0.2397,regular,False,,0.8899979840079293,0.8853096947122696,0.18914573800620982,True,True,False,False,False,2,0.9964133882594527,4,True,"[{""start"": [0.5, 0.1], ""theta"": [0.8853096761360513, 0.18914577393943516], ""objective"": 0.8899979840085294, ""success"": true, ""message"": ""`ftol` termination condition is satisfied."", ""evaluations"": 10, ""inference_unavailable_reasons"": []}, {""start"": [0.75, 0.4], ""theta"": [0.8853096428858782, 0.18914583826620102], ""objective"": 0.8899979840101532, ""success"": true, ""message"": ""`ftol` termination condition is satisfied."", ""evaluations"": 8, ""inference_unavailable_reasons"": []}, {""start"": [0.95, 0.7], ""theta"": [0.8853096947122696, 0.18914573800620982], ""objective"": 0.8899979840079293, ""success"": true, ""message"": ""`ftol` termination condition is satisfied."", ""evaluations"": 14, ""inference_unavailable_reasons"": []}, {""start"": [0.8762, 0.2397], ""theta"": [0.8853096821462821, 0.18914576221659435], ""objective"": 0.8899979840100403, ""success"": true, ""message"": ""`ftol` termination condition is satisfied."", ""evaluations"": 7, ""inference_unavailable_reasons"": []}]",d2803a24e95d62a64803e108ee0dd7a084c2c0a73815edd3df27f2d862df4902
388,baseline_fixed,388,5419869282094770372,0.8762,0.2397,regular,False,,16.857151752647045,0.9411367466496732,0.07329591700755472,True,True,False,False,False,2,0.01834088243116852,4,True,"[{""start"": [0.5, 0.1], ""theta"": [0.941136694575393, 0.07329605419706292], ""objective"": 16.857151752891948, ""success"": true, ""message"": ""`ftol` termination condition is satisfied."", ""evaluations"": 25, ""inference_unavailable_reasons"": []}, {""start"": [0.75, 0.4], ""theta"": [0.9411367466496732, 0.07329591700755472], ""objective"": 16.857151752647045, ""success"": true, ""message"": ""`ftol` termination condition is satisfied."", ""evaluations"": 24, ""inference_unavailable_reasons"": []}, {""start"": [0.95, 0.7], ""theta"": [0.9411385579297893, 0.07329238713930442], ""objective"": 16.857151752877186, ""success"": true, ""message"": ""`ftol` termination condition is satisfied."", ""evaluations"": 29, ""inference_unavailable_reasons"": []}, {""start"": [0.8762, 0.2397], ""theta"": [0.9411365286334502, 0.07329646535165912], ""objective"": 16.857151753803784, ""success"": true, ""message"": ""`ftol` termination condition is satisfied."", ""evaluations"": 22, ""inference_unavailable_reasons"": []}]",ecdd915988f10c312efca6584c03fd1d6ea4fcdc4c275f3d3313e91390db3803
389,baseline_fixed,389,10270634641554172486,0.8762,0.2397,regular,False,,11.510507728879075,0.8661904487720922,0.20276690870343106,True,True,False,False,False,2,0.11784919058711009,4,True,"[{""start"": [0.5, 0.1], ""theta"": [0.8661902236761629, 0.2027671226209513], ""objective"": 11.510507728952245, ""success"": true, ""message"": ""`ftol` termination condition is satisfied."", ""evaluations"": 11, ""inference_unavailable_reasons"": []}, {""start"": [0.75, 0.4], ""theta"": [0.8661904487720922, 0.20276690870343106], ""objective"": 11.510507728879075, ""success"": true, ""message"": ""`ftol` termination condition is satisfied."", ""evaluations"": 10, ""inference_unavailable_reasons"": []}, {""start"": [0.95, 0.7], ""theta"": [0.8661897903453094, 0.20276753458117774], ""objective"": 11.510507729200572, ""success"": true, ""message"": ""`ftol` termination condition is satisfied."", ""evaluations"": 15, ""inference_unavailable_reasons"": []}, {""start"": [0.8762, 0.2397], ""theta"": [0.8661901328286571, 0.20276720907259763], ""objective"": 11.510507728984164, ""success"": true, ""message"": ""`ftol` termination condition is satisfied."", ""evaluations"": 8, ""inference_unavailable_reasons"": []}]",726cd51217d11b757c2bc8944bf29c495e75ad05c4a8db83694ebfefd8e1bd13
390,baseline_fixed,390,11750745696622228432,0.8762,0.2397,regular,False,,15.181961622679076,0.9333306965620218,0.08390218410429823,True,True,False,False,False,2,0.03373638773532994,4,True,"[{""start"": [0.5, 0.1], ""theta"": [0.9333296685705545, 0.08390399000798705], ""objective"": 15.181961624640767, ""success"": true, ""message"": ""`ftol` termination condition is satisfied."", ""evaluations"": 20, ""inference_unavailable_reasons"": []}, {""start"": [0.75, 0.4], ""theta"": [0.9333303398254839, 0.08390281077347861], ""objective"": 15.181961623223998, ""success"": true, ""message"": ""`ftol` termination condition is satisfied."", ""evaluations"": 18, ""inference_unavailable_reasons"": []}, {""start"": [0.95, 0.7], ""theta"": [0.9333301826150691, 0.0839030869959827], ""objective"": 15.181961623513251, ""success"": true, ""message"": ""`ftol` termination condition is satisfied."", ""evaluations"": 24, ""inference_unavailable_reasons"": []}, {""start"": [0.8762, 0.2397], ""theta"": [0.9333306965620218, 0.08390218410429823], ""objective"": 15.181961622679076, ""success"": true, ""message"": ""`ftol` termination condition is satisfied."", ""evaluations"": 16, ""inference_unavailable_reasons"": []}]",016ee8ae68ee8a1cd00cea5265418e4498d460f9734f373e2a4087ddecfef217
391,baseline_fixed,391,10658223501468998254,0.8762,0.2397,regular,False,,55.92981464787893,0.975550685155544,0.03768534439153609,True,True,False,False,False,2,9.751685125688936e-10,4,True,"[{""start"": [0.5, 0.1], ""theta"": [0.9755550707924424, 0.03767724359984292], ""objective"": 55.92981465120161, ""success"": true, ""message"": ""`ftol` termination condition is satisfied."", ""evaluations"": 14, ""inference_unavailable_reasons"": []}, {""start"": [0.75, 0.4], ""theta"": [0.9755558705895073, 0.03767576610421547], ""objective"": 55.92981466193446, ""success"": true, ""message"": ""`ftol` termination condition is satisfied."", ""evaluations"": 13, ""inference_unavailable_reasons"": []}, {""start"": [0.95, 0.7], ""theta"": [0.9755496571990654, 0.037687243123949], ""objective"": 55.92981466068723, ""success"": true, ""message"": ""`ftol` termination condition is satisfied."", ""evaluations"": 19, ""inference_unavailable_reasons"": []}, {""start"": [0.8762, 0.2397], ""theta"": [0.975550685155544, 0.03768534439153609], ""objective"": 55.92981464787893, ""success"": true, ""message"": ""`ftol` termination condition is satisfied."", ""evaluations"": 10, ""inference_unavailable_reasons"": []}]",5a365c838d00b59aeeb6587418589afb14ba82bff1720f0f09d203d29a9b76be
392,baseline_fixed,392,9446880838012751844,0.8762,0.2397,regular,False,,3.1480659435525458,0.8752388643342113,0.22680503999661605,True,True,False,False,False,2,0.8709753383423766,4,True,"[{""start"": [0.5, 0.1], ""theta"": [0.8752388643342113, 0.22680503999661605], ""objective"": 3.1480659435525458, ""success"": true, ""message"": ""`ftol` termination condition is satisfied."", ""evaluations"": 14, ""inference_unavailable_reasons"": []}, {""start"": [0.75, 0.4], ""theta"": [0.8752387869428766, 0.22680520953363764], ""objective"": 3.148065943563738, ""success"": true, ""message"": ""`ftol` termination condition is satisfied."", ""evaluations"": 12, ""inference_unavailable_reasons"": []}, {""start"": [0.95, 0.7], ""theta"": [0.8752388380647551, 0.22680509762035628], ""objective"": 3.14806594355532, ""success"": true, ""message"": ""`ftol` termination condition is satisfied."", ""evaluations"": 18, ""inference_unavailable_reasons"": []}, {""start"": [0.8762, 0.2397], ""theta"": [0.8752383503420484, 0.2268061665205519], ""objective"": 3.148065943673263, ""success"": true, ""message"": ""`ftol` termination condition is satisfied."", ""evaluations"": 8, ""inference_unavailable_reasons"": []}]",70cc3200e4fbc41081ffb4bbcf97145808ba292f2f796a0dce1da4baf679f979
393,baseline_fixed,393,5359623650479854078,0.8762,0.2397,regular,False,,2.959823146746296,0.9062214387101544,0.15458092655923275,True,True,False,False,False,2,0.888693866378542,4,True,"[{""start"": [0.5, 0.1], ""theta"": [0.9062214302910974, 0.1545809296692429], ""objective"": 2.959823146749069, ""success"": true, ""message"": ""`ftol` termination condition is satisfied."", ""evaluations"": 10, ""inference_unavailable_reasons"": []}, {""start"": [0.75, 0.4], ""theta"": [0.9062214387101544, 0.15458092655923275], ""objective"": 2.959823146746296, ""success"": true, ""message"": ""`ftol` termination condition is satisfied."", ""evaluations"": 8, ""inference_unavailable_reasons"": []}, {""start"": [0.95, 0.7], ""theta"": [0.9062214299655763, 0.15458093149585483], ""objective"": 2.9598231467488674, ""success"": true, ""message"": ""`ftol` termination condition is satisfied."", ""evaluations"": 14, ""inference_unavailable_reasons"": []}, {""start"": [0.8762, 0.2397], ""theta"": [0.9062214218197873, 0.15458093752126112], ""objective"": 2.9598231467482337, ""success"": true, ""message"": ""`ftol` termination condition is satisfied."", ""evaluations"": 7, ""inference_unavailable_reasons"": []}]",30d7a8bdb5b848aa4309b1b258490c2a9cf9705caab2ea46fa0dec5b77c2cd3f
394,baseline_fixed,394,13523199354954738634,0.8762,0.2397,regular,False,,14.026144105272106,0.9053351987211391,0.07791489662906115,True,True,False,False,False,2,0.05071830418313273,4,True,"[{""start"": [0.5, 0.1], ""theta"": [0.9053352078328984, 0.0779149112481214], ""objective"": 14.026144105275414, ""success"": true, ""message"": ""`ftol` termination condition is satisfied."", ""evaluations"": 10, ""inference_unavailable_reasons"": []}, {""start"": [0.75, 0.4], ""theta"": [0.9053351987211391, 0.07791489662906115], ""objective"": 14.026144105272106, ""success"": true, ""message"": ""`ftol` termination condition is satisfied."", ""evaluations"": 8, ""inference_unavailable_reasons"": []}, {""start"": [0.95, 0.7], ""theta"": [0.9053351070399119, 0.07791488470599417], ""objective"": 14.026144105297035, ""success"": true, ""message"": ""`ftol` termination condition is satisfied."", ""evaluations"": 14, ""inference_unavailable_reasons"": []}, {""start"": [0.8762, 0.2397], ""theta"": [0.905335230858479, 0.07791492022024607], ""objective"": 14.026144105276998, ""success"": true, ""message"": ""`ftol` termination condition is satisfied."", ""evaluations"": 8, ""inference_unavailable_reasons"": []}]",ae850d397d4cc693e360dc418e0b90ec8c59dcc4084fa55a332a5ca8a41159a6
395,baseline_fixed,395,15437425959234989261,0.8762,0.2397,regular,False,,8.580339654641941,0.8964147475235626,0.2612826209552782,True,True,False,False,False,2,0.2842056351863805,4,True,"[{""start"": [0.5, 0.1], ""theta"": [0.8964162370126185, 0.26127808134056846], ""objective"": 8.58033965779071, ""success"": true, ""message"": ""`ftol` termination condition is satisfied."", ""evaluations"": 20, ""inference_unavailable_reasons"": [""nonstationary_solution""]}, {""start"": [0.75, 0.4], ""theta"": [0.8964147475235626, 0.2612826209552782], ""objective"": 8.580339654641941, ""success"": true, ""message"": ""`ftol` termination condition is satisfied."", ""evaluations"": 15, ""inference_unavailable_reasons"": []}, {""start"": [0.95, 0.7], ""theta"": [0.8964085354073514, 0.2612979332488599], ""objective"": 8.580339659567192, ""success"": true, ""message"": ""`ftol` termination condition is satisfied."", ""evaluations"": 13, ""inference_unavailable_reasons"": [""nonstationary_solution""]}, {""start"": [0.8762, 0.2397], ""theta"": [0.8964160908554277, 0.2612784651248971], ""objective"": 8.58033965742774, ""success"": true, ""message"": ""`ftol` termination condition is satisfied."", ""evaluations"": 16, ""inference_unavailable_reasons"": []}]",1a91913c7e61de331dd8854cedfd2b5f2a016672a44aedb91dc4597539cc0582
396,baseline_fixed,396,16212564037716486657,0.8762,0.2397,regular,False,,11.5302104868233,0.9462751846759443,0.08989418816299333,True,True,False,False,False,2,0.11710549174342537,4,True,"[{""start"": [0.5, 0.1], ""theta"": [0.9462748959747613, 0.08989466356081319], ""objective"": 11.53021048717922, ""success"": true, ""message"": ""`ftol` termination condition is satisfied."", ""evaluations"": 16, ""inference_unavailable_reasons"": []}, {""start"": [0.75, 0.4], ""theta"": [0.9462751846759443, 0.08989418816299333], ""objective"": 11.5302104868233, ""success"": true, ""message"": ""`ftol` termination condition is satisfied."", ""evaluations"": 15, ""inference_unavailable_reasons"": []}, {""start"": [0.95, 0.7], ""theta"": [0.946274716731778, 0.08989495878773668], ""objective"": 11.530210487454282, ""success"": true, ""message"": ""`ftol` termination condition is satisfied."", ""evaluations"": 20, ""inference_unavailable_reasons"": []}, {""start"": [0.8762, 0.2397], ""theta"": [0.9462749170252608, 0.08989462892283229], ""objective"": 11.530210487152617, ""success"": true, ""message"": ""`ftol` termination condition is satisfied."", ""evaluations"": 13, ""inference_unavailable_reasons"": []}]",f0810a883268cbe3edca2c154852ca3a80e8c011659389887bdfd322fec4ef80
397,baseline_fixed,397,12655407300931951279,0.8762,0.2397,boundary,False,,18.245816258997614,0.9799999999999953,0.03635952634488915,True,False,True,True,False,2,,4,True,"[{""start"": [0.5, 0.1], ""theta"": [0.9799999999999998, 0.03635952091128346], ""objective"": 18.24581625901429, ""success"": true, ""message"": ""`gtol` termination condition is satisfied."", ""evaluations"": 13, ""inference_unavailable_reasons"": [""parameter_on_boundary""]}, {""start"": [0.75, 0.4], ""theta"": [0.9799999999999999, 0.036359520912715604], ""objective"": 18.245816259010716, ""success"": true, ""message"": ""`gtol` termination condition is satisfied."", ""evaluations"": 11, ""inference_unavailable_reasons"": [""parameter_on_boundary""]}, {""start"": [0.95, 0.7], ""theta"": [0.9799999999999953, 0.03635952634488915], ""objective"": 18.245816258997614, ""success"": true, ""message"": ""`ftol` termination condition is satisfied."", ""evaluations"": 18, ""inference_unavailable_reasons"": [""parameter_on_boundary""]}, {""start"": [0.8762, 0.2397], ""theta"": [0.98, 0.03635952091281072], ""objective"": 18.24581625900528, ""success"": true, ""message"": ""`ftol` termination condition is satisfied."", ""evaluations"": 10, ""inference_unavailable_reasons"": [""parameter_on_boundary""]}]",27084bfc10fbb70cd0fee53c967af6a48b9120cbe554eb76cf0172ef63dce02b
398,baseline_fixed,398,18244071484534437002,0.8762,0.2397,boundary,False,,31.25374186917554,0.9799999999999824,0.055164339576351806,True,False,True,True,False,2,,4,True,"[{""start"": [0.5, 0.1], ""theta"": [0.9799999999999945, 0.055164339536669764], ""objective"": 31.253741869221873, ""success"": true, ""message"": ""`ftol` termination condition is satisfied."", ""evaluations"": 14, ""inference_unavailable_reasons"": [""parameter_on_boundary""]}, {""start"": [0.75, 0.4], ""theta"": [0.9799999999999824, 0.055164339576351806], ""objective"": 31.25374186917554, ""success"": true, ""message"": ""`ftol` termination condition is satisfied."", ""evaluations"": 12, ""inference_unavailable_reasons"": [""parameter_on_boundary""]}, {""start"": [0.95, 0.7], ""theta"": [0.9799999999999834, 0.0551643395553556], ""objective"": 31.253741869193348, ""success"": true, ""message"": ""`ftol` termination condition is satisfied."", ""evaluations"": 17, ""inference_unavailable_reasons"": [""parameter_on_boundary""]}, {""start"": [0.8762, 0.2397], ""theta"": [0.98, 0.05516433946927232], ""objective"": 31.25374186919059, ""success"": true, ""message"": ""`ftol` termination condition is satisfied."", ""evaluations"": 11, ""inference_unavailable_reasons"": [""parameter_on_boundary""]}]",84108414c04614df0ec2f995b0ef64179c468514d73f88fe2e71f04d46b724c0
