code,date,variable,value,price_base
AUS,1994-01-01,log_conh_real,11.81398515672354,L
AUS,1994-04-01,log_conh_real,11.819402304056041,L
AUS,1994-07-01,log_conh_real,11.838206744336636,L
AUS,1994-10-01,log_conh_real,11.843789145862411,L
AUS,1995-01-01,log_conh_real,11.855188047989424,L
AUS,1995-04-01,log_conh_real,11.867553315041334,L
AUS,1995-07-01,log_conh_real,11.870159252726662,L
AUS,1995-10-01,log_conh_real,11.881166265780122,L
AUS,1996-01-01,log_conh_real,11.890135121106761,L
AUS,1996-04-01,log_conh_real,11.896383517815304,L
AUS,1996-07-01,log_conh_real,11.89802458712552,L
AUS,1996-10-01,log_conh_real,11.905548465065095,L
AUS,1997-01-01,log_conh_real,11.915426183614377,L
AUS,1997-04-01,log_conh_real,11.931958116299931,L
AUS,1997-07-01,log_conh_real,11.946919719192367,L
AUS,1997-10-01,log_conh_real,11.960811288962345,L
AUS,1998-01-01,log_conh_real,11.963676190793924,L
AUS,1998-04-01,log_conh_real,11.979604824950425,L
AUS,1998-07-01,log_conh_real,11.999251407533391,L
AUS,1998-10-01,log_conh_real,12.008639481380962,L
AUS,1999-01-01,log_conh_real,12.026616978149264,L
AUS,1999-04-01,log_conh_real,12.032932807451058,L
AUS,1999-07-01,log_conh_real,12.04435927383651,L
AUS,1999-10-01,log_conh_real,12.05781622703088,L
AUS,2000-01-01,log_conh_real,12.060723121655984,L
AUS,2000-04-01,log_conh_real,12.069169861862468,L
AUS,2000-07-01,log_conh_real,12.080322330224217,L
AUS,2000-10-01,log_conh_real,12.086387802584193,L
AUS,2001-01-01,log_conh_real,12.095169017393667,L
AUS,2001-04-01,log_conh_real,12.101078729333219,L
AUS,2001-07-01,log_conh_real,12.103630090703016,L
AUS,2001-10-01,log_conh_real,12.111201369393541,L
AUS,2002-01-01,log_conh_real,12.123799118094166,L
AUS,2002-04-01,log_conh_real,12.139398512262181,L
AUS,2002-07-01,log_conh_real,12.153019909495692,L
AUS,2002-10-01,log_conh_real,12.157874556049926,L
AUS,2003-01-01,log_conh_real,12.163765173233925,L
AUS,2003-04-01,log_conh_real,12.171341439441601,L
AUS,2003-07-01,log_conh_real,12.184690671722603,L
AUS,2003-10-01,log_conh_real,12.207551551409573,L
AUS,2004-01-01,log_conh_real,12.226962916421677,L
AUS,2004-04-01,log_conh_real,12.232734050483664,L
AUS,2004-07-01,log_conh_real,12.244470905176657,L
AUS,2004-10-01,log_conh_real,12.258109913101032,L
AUS,2005-01-01,log_conh_real,12.254762804699272,L
AUS,2005-04-01,log_conh_real,12.27263723779877,L
AUS,2005-07-01,log_conh_real,12.278630488282447,L
AUS,2005-10-01,log_conh_real,12.281166203263398,L
AUS,2006-01-01,log_conh_real,12.29251636143073,L
AUS,2006-04-01,log_conh_real,12.308015327041481,L
AUS,2006-07-01,log_conh_real,12.319285252671795,L
AUS,2006-10-01,log_conh_real,12.33229992796922,L
AUS,2007-01-01,log_conh_real,12.353461947242346,L
AUS,2007-04-01,log_conh_real,12.361772125347283,L
AUS,2007-07-01,log_conh_real,12.378970774299948,L
AUS,2007-10-01,log_conh_real,12.390670775630168,L
AUS,2008-01-01,log_conh_real,12.395899301809902,L
AUS,2008-04-01,log_conh_real,12.391863178462874,L
AUS,2008-07-01,log_conh_real,12.388794122345455,L
AUS,2008-10-01,log_conh_real,12.386801267610355,L
AUS,2009-01-01,log_conh_real,12.391410482108485,L
AUS,2009-04-01,log_conh_real,12.407130084379277,L
AUS,2009-07-01,log_conh_real,12.411732239354546,L
AUS,2009-10-01,log_conh_real,12.42507965313198,L
AUS,2010-01-01,log_conh_real,12.429899963023,L
AUS,2010-04-01,log_conh_real,12.44428213351675,L
AUS,2010-07-01,log_conh_real,12.45424046174912,L
AUS,2010-10-01,log_conh_real,12.465351385428123,L
AUS,2011-01-01,log_conh_real,12.471248338840724,L
AUS,2011-04-01,log_conh_real,12.477945406775191,L
AUS,2011-07-01,log_conh_real,12.484594137693698,L
AUS,2011-10-01,log_conh_real,12.488936880820319,L
AUS,2012-01-01,log_conh_real,12.503655542659217,L
AUS,2012-04-01,log_conh_real,12.507953437381767,L
AUS,2012-07-01,log_conh_real,12.510943638402635,L
AUS,2012-10-01,log_conh_real,12.51314181778207,L
AUS,2013-01-01,log_conh_real,12.519247010742891,L
AUS,2013-04-01,log_conh_real,12.521941219826582,L
AUS,2013-07-01,log_conh_real,12.530620496991638,L
AUS,2013-10-01,log_conh_real,12.53512816042685,L
AUS,2014-01-01,log_conh_real,12.542994780931751,L
AUS,2014-04-01,log_conh_real,12.54741159191338,L
AUS,2014-07-01,log_conh_real,12.556599226965806,L
AUS,2014-10-01,log_conh_real,12.562795588316943,L
AUS,2015-01-01,log_conh_real,12.56659268759517,L
AUS,2015-04-01,log_conh_real,12.572783065211997,L
AUS,2015-07-01,log_conh_real,12.58193041688568,L
AUS,2015-10-01,log_conh_real,12.586889806717107,L
AUS,2016-01-01,log_conh_real,12.595225428146033,L
AUS,2016-04-01,log_conh_real,12.600065531963265,L
AUS,2016-07-01,log_conh_real,12.606247116198368,L
AUS,2016-10-01,log_conh_real,12.61315311490619,L
AUS,2017-01-01,log_conh_real,12.618374330897327,L
AUS,2017-04-01,log_conh_real,12.624039282861263,L
AUS,2017-07-01,log_conh_real,12.630990646581974,L
AUS,2017-10-01,log_conh_real,12.640675755381661,L
AUS,2018-01-01,log_conh_real,12.647358462553104,L
AUS,2018-04-01,log_conh_real,12.654028754592172,L
AUS,2018-07-01,log_conh_real,12.65560886406019,L
AUS,2018-10-01,log_conh_real,12.658208212501535,L
AUS,2019-01-01,log_conh_real,12.661752299719435,L
AUS,2019-04-01,log_conh_real,12.664803601262932,L
AUS,2019-07-01,log_conh_real,12.66325062665713,L
AUS,2019-10-01,log_conh_real,12.666467760496799,L
AUS,2020-01-01,log_conh_real,12.653092279791771,L
AUS,2020-04-01,log_conh_real,12.516776423188647,L
AUS,2020-07-01,log_conh_real,12.590031475953603,L
AUS,2020-10-01,log_conh_real,12.635215216992695,L
AUS,2021-01-01,log_conh_real,12.64953656672955,L
AUS,2021-04-01,log_conh_real,12.659762678725174,L
AUS,2021-07-01,log_conh_real,12.61155775343834,L
AUS,2021-10-01,log_conh_real,12.674093059503901,L
AUS,2022-01-01,log_conh_real,12.698244361968495,L
AUS,2022-04-01,log_conh_real,12.717350167174935,L
AUS,2022-07-01,log_conh_real,12.728001400765827,L
AUS,2022-10-01,log_conh_real,12.73754759686401,L
AUS,2023-01-01,log_conh_real,12.744698244153843,L
AUS,2023-04-01,log_conh_real,12.748975257467732,L
AUS,2023-07-01,log_conh_real,12.747751379191131,L
AUS,2023-10-01,log_conh_real,12.748164351170162,L
AUS,2024-01-01,log_conh_real,12.753884757657753,L
AUS,2024-04-01,log_conh_real,12.75079232094372,L
AUS,2024-07-01,log_conh_real,12.751835784176615,L
AUS,2024-10-01,log_conh_real,12.75811698511212,L
AUS,2025-01-01,log_conh_real,12.763282684828688,L
AUS,2025-04-01,log_conh_real,12.773495025435952,L
AUS,2025-07-01,log_conh_real,12.778531323650016,L
AUS,2025-10-01,log_conh_real,12.782629828480744,L
AUS,2026-01-01,log_conh_real,12.787709885863142,L
AUS,1994-01-01,log_gdp_real,12.529343844901186,L
AUS,1994-04-01,log_gdp_real,12.541190393817518,L
AUS,1994-07-01,log_gdp_real,12.548786079582692,L
AUS,1994-10-01,log_gdp_real,12.5597566209788,L
AUS,1995-01-01,log_gdp_real,12.558962936697036,L
AUS,1995-04-01,log_gdp_real,12.563715620775376,L
AUS,1995-07-01,log_gdp_real,12.586561767568162,L
AUS,1995-10-01,log_gdp_real,12.586401125821126,L
AUS,1996-01-01,log_gdp_real,12.601733178828908,L
AUS,1996-04-01,log_gdp_real,12.608115236837008,L
AUS,1996-07-01,log_gdp_real,12.616060842365922,L
AUS,1996-10-01,log_gdp_real,12.625558995000592,L
AUS,1997-01-01,log_gdp_real,12.63255859286133,L
AUS,1997-04-01,log_gdp_real,12.66195199510539,L
AUS,1997-07-01,log_gdp_real,12.66343419942684,L
AUS,1997-10-01,log_gdp_real,12.677768591998994,L
AUS,1998-01-01,log_gdp_real,12.68384291122181,L
AUS,1998-04-01,log_gdp_real,12.694259945209538,L
AUS,1998-07-01,log_gdp_real,12.712712521262809,L
AUS,1998-10-01,log_gdp_real,12.728087436435082,L
AUS,1999-01-01,log_gdp_real,12.735503120721612,L
AUS,1999-04-01,log_gdp_real,12.73927698738407,L
AUS,1999-07-01,log_gdp_real,12.75027308226937,L
AUS,1999-10-01,log_gdp_real,12.767144515720261,L
AUS,2000-01-01,log_gdp_real,12.771051171106285,L
AUS,2000-04-01,log_gdp_real,12.7807290400375,L
AUS,2000-07-01,log_gdp_real,12.78353115821362,L
AUS,2000-10-01,log_gdp_real,12.779585703228458,L
AUS,2001-01-01,log_gdp_real,12.788972388858898,L
AUS,2001-04-01,log_gdp_real,12.797699151021565,L
AUS,2001-07-01,log_gdp_real,12.809073540405002,L
AUS,2001-10-01,log_gdp_real,12.820933907691575,L
AUS,2002-01-01,log_gdp_real,12.82870079060712,L
AUS,2002-04-01,log_gdp_real,12.845771579881916,L
AUS,2002-07-01,log_gdp_real,12.84823700981504,L
AUS,2002-10-01,log_gdp_real,12.85660455794877,L
AUS,2003-01-01,log_gdp_real,12.85890551517673,L
AUS,2003-04-01,log_gdp_real,12.862807366100215,L
AUS,2003-07-01,log_gdp_real,12.879718403427269,L
AUS,2003-10-01,log_gdp_real,12.896568815264017,L
AUS,2004-01-01,log_gdp_real,12.904003366694885,L
AUS,2004-04-01,log_gdp_real,12.911343536017295,L
AUS,2004-07-01,log_gdp_real,12.918090646840371,L
AUS,2004-10-01,log_gdp_real,12.925720559142588,L
AUS,2005-01-01,log_gdp_real,12.933898992012125,L
AUS,2005-04-01,log_gdp_real,12.938346784848594,L
AUS,2005-07-01,log_gdp_real,12.949140303595634,L
AUS,2005-10-01,log_gdp_real,12.957531186143187,L
AUS,2006-01-01,log_gdp_real,12.958200744825312,L
AUS,2006-04-01,log_gdp_real,12.960594754591375,L
AUS,2006-07-01,log_gdp_real,12.97579653412048,L
AUS,2006-10-01,log_gdp_real,12.988283262830878,L
AUS,2007-01-01,log_gdp_real,13.001826052172406,L
AUS,2007-04-01,log_gdp_real,13.00806750452218,L
AUS,2007-07-01,log_gdp_real,13.020036034800428,L
AUS,2007-10-01,log_gdp_real,13.02368934619046,L
AUS,2008-01-01,log_gdp_real,13.034724894734119,L
AUS,2008-04-01,log_gdp_real,13.038116176557365,L
AUS,2008-07-01,log_gdp_real,13.045169109072852,L
AUS,2008-10-01,log_gdp_real,13.040899493671661,L
AUS,2009-01-01,log_gdp_real,13.050910339330551,L
AUS,2009-04-01,log_gdp_real,13.057062966102142,L
AUS,2009-07-01,log_gdp_real,13.060594351006698,L
AUS,2009-10-01,log_gdp_real,13.068595444676102,L
AUS,2010-01-01,log_gdp_real,13.073034468137815,L
AUS,2010-04-01,log_gdp_real,13.079240821955263,L
AUS,2010-07-01,log_gdp_real,13.086244887377168,L
AUS,2010-10-01,log_gdp_real,13.094576883695778,L
AUS,2011-01-01,log_gdp_real,13.091656716625167,L
AUS,2011-04-01,log_gdp_real,13.103659546210546,L
AUS,2011-07-01,log_gdp_real,13.117505597473892,L
AUS,2011-10-01,log_gdp_real,13.128556162466733,L
AUS,2012-01-01,log_gdp_real,13.138911695568172,L
AUS,2012-04-01,log_gdp_real,13.146064278899573,L
AUS,2012-07-01,log_gdp_real,13.152174574975957,L
AUS,2012-10-01,log_gdp_real,13.156583145110584,L
AUS,2013-01-01,log_gdp_real,13.161739847657612,L
AUS,2013-04-01,log_gdp_real,13.165514816660252,L
AUS,2013-07-01,log_gdp_real,13.173714070144563,L
AUS,2013-10-01,log_gdp_real,13.181480981887418,L
AUS,2014-01-01,log_gdp_real,13.189247894540083,L
AUS,2014-04-01,log_gdp_real,13.194218814504756,L
AUS,2014-07-01,log_gdp_real,13.1982163975044,L
AUS,2014-10-01,log_gdp_real,13.201885949830977,L
AUS,2015-01-01,log_gdp_real,13.211536582625179,L
AUS,2015-04-01,log_gdp_real,13.212717660651453,L
AUS,2015-07-01,log_gdp_real,13.22241321634856,L
AUS,2015-10-01,log_gdp_real,13.228600908371776,L
AUS,2016-01-01,log_gdp_real,13.237723925650469,L
AUS,2016-04-01,log_gdp_real,13.244288932079707,L
AUS,2016-07-01,log_gdp_real,13.244195094964935,L
AUS,2016-10-01,log_gdp_real,13.255787014223403,L
AUS,2017-01-01,log_gdp_real,13.258900996797674,L
AUS,2017-04-01,log_gdp_real,13.26486764312778,L
AUS,2017-07-01,log_gdp_real,13.27429960714586,L
AUS,2017-10-01,log_gdp_real,13.27828448909181,L
AUS,2018-01-01,log_gdp_real,13.28854369582955,L
AUS,2018-04-01,log_gdp_real,13.295938461750044,L
AUS,2018-07-01,log_gdp_real,13.299705892651119,L
AUS,2018-10-01,log_gdp_real,13.30225197695658,L
AUS,2019-01-01,log_gdp_real,13.30947842703235,L
AUS,2019-04-01,log_gdp_real,13.312530741864183,L
AUS,2019-07-01,log_gdp_real,13.31835276900536,L
AUS,2019-10-01,log_gdp_real,13.324242433413815,L
AUS,2020-01-01,log_gdp_real,13.322049952415126,L
AUS,2020-04-01,log_gdp_real,13.252240099850036,L
AUS,2020-07-01,log_gdp_real,13.286398756510966,L
AUS,2020-10-01,log_gdp_real,13.319875635705515,L
AUS,2021-01-01,log_gdp_real,13.341265948461285,L
AUS,2021-04-01,log_gdp_real,13.349436796662175,L
AUS,2021-07-01,log_gdp_real,13.332160662197506,L
AUS,2021-10-01,log_gdp_real,13.367802133235978,L
AUS,2022-01-01,log_gdp_real,13.3770474553669,L
AUS,2022-04-01,log_gdp_real,13.386905269119595,L
AUS,2022-07-01,log_gdp_real,13.391698672296236,L
AUS,2022-10-01,log_gdp_real,13.399916323019893,L
AUS,2023-01-01,log_gdp_real,13.404684103488739,L
AUS,2023-04-01,log_gdp_real,13.409225113472207,L
AUS,2023-07-01,log_gdp_real,13.413249312004254,L
AUS,2023-10-01,log_gdp_real,13.413171558482876,L
AUS,2024-01-01,log_gdp_real,13.415611928228472,L
AUS,2024-04-01,log_gdp_real,13.418126708348597,L
AUS,2024-07-01,log_gdp_real,13.421178249634087,L
AUS,2024-10-01,log_gdp_real,13.425540282502174,L
AUS,2025-01-01,log_gdp_real,13.428140738125201,L
AUS,2025-04-01,log_gdp_real,13.437781232182859,L
AUS,2025-07-01,log_gdp_real,13.441593534299074,L
AUS,2025-10-01,log_gdp_real,13.450286315553715,L
AUS,2026-01-01,log_gdp_real,13.45302591320557,L
CAN,1994-01-01,log_conh_real,11.953096623280558,L
CAN,1994-04-01,log_conh_real,11.954667856023958,L
CAN,1994-07-01,log_conh_real,11.959032071310173,L
CAN,1994-10-01,log_conh_real,11.970660390512075,L
CAN,1995-01-01,log_conh_real,11.970287018866895,L
CAN,1995-04-01,log_conh_real,11.977946702691664,L
CAN,1995-07-01,log_conh_real,11.988794981211926,L
CAN,1995-10-01,log_conh_real,11.989175171796353,L
CAN,1996-01-01,log_conh_real,12.002753167360611,L
CAN,1996-04-01,log_conh_real,12.004656950402453,L
CAN,1996-07-01,log_conh_real,12.008837430928837,L
CAN,1996-10-01,log_conh_real,12.026926840693609,L
CAN,1997-01-01,log_conh_real,12.043961280025734,L
CAN,1997-04-01,log_conh_real,12.052421924036251,L
CAN,1997-07-01,log_conh_real,12.065409021762504,L
CAN,1997-10-01,log_conh_real,12.072249781860664,L
CAN,1998-01-01,log_conh_real,12.072915468592512,L
CAN,1998-04-01,log_conh_real,12.085025852106002,L
CAN,1998-07-01,log_conh_real,12.09066459985105,L
CAN,1998-10-01,log_conh_real,12.093577292905021,L
CAN,1999-01-01,log_conh_real,12.108061721998505,L
CAN,1999-04-01,log_conh_real,12.118088067861622,L
CAN,1999-07-01,log_conh_real,12.130341048318044,L
CAN,1999-10-01,log_conh_real,12.139939787445961,L
CAN,2000-01-01,log_conh_real,12.150583719672252,L
CAN,2000-04-01,log_conh_real,12.159205331498935,L
CAN,2000-07-01,log_conh_real,12.171925201556494,L
CAN,2000-10-01,log_conh_real,12.174176839621609,L
CAN,2001-01-01,log_conh_real,12.18195309370911,L
CAN,2001-04-01,log_conh_real,12.18375699323008,L
CAN,2001-07-01,log_conh_real,12.18649984182253,L
CAN,2001-10-01,log_conh_real,12.198803791302957,L
CAN,2002-01-01,log_conh_real,12.213869669582397,L
CAN,2002-04-01,log_conh_real,12.226604418699587,L
CAN,2002-07-01,log_conh_real,12.228731484086376,L
CAN,2002-10-01,log_conh_real,12.238576137041687,L
CAN,2003-01-01,log_conh_real,12.243071179933661,L
CAN,2003-04-01,log_conh_real,12.25146561719864,L
CAN,2003-07-01,log_conh_real,12.260189076115967,L
CAN,2003-10-01,log_conh_real,12.261389086200882,L
CAN,2004-01-01,log_conh_real,12.274048066256267,L
CAN,2004-04-01,log_conh_real,12.278469118189555,L
CAN,2004-07-01,log_conh_real,12.287936002507779,L
CAN,2004-10-01,log_conh_real,12.296227742516471,L
CAN,2005-01-01,log_conh_real,12.310341665723493,L
CAN,2005-04-01,log_conh_real,12.319044124189334,L
CAN,2005-07-01,log_conh_real,12.325894933830108,L
CAN,2005-10-01,log_conh_real,12.335475904122237,L
CAN,2006-01-01,log_conh_real,12.349389132584802,L
CAN,2006-04-01,log_conh_real,12.358230483824297,L
CAN,2006-07-01,log_conh_real,12.368754686724513,L
CAN,2006-10-01,log_conh_real,12.378780639758155,L
CAN,2007-01-01,log_conh_real,12.386569622122911,L
CAN,2007-04-01,log_conh_real,12.401421477692892,L
CAN,2007-07-01,log_conh_real,12.410680670436701,L
CAN,2007-10-01,log_conh_real,12.428992171752636,L
CAN,2008-01-01,log_conh_real,12.437431558161405,L
CAN,2008-04-01,log_conh_real,12.439482517371516,L
CAN,2008-07-01,log_conh_real,12.440418417024334,L
CAN,2008-10-01,log_conh_real,12.428644033189974,L
CAN,2009-01-01,log_conh_real,12.425290501375242,L
CAN,2009-04-01,log_conh_real,12.43290139814112,L
CAN,2009-07-01,log_conh_real,12.44242576506391,L
CAN,2009-10-01,log_conh_real,12.448640321144792,L
CAN,2010-01-01,log_conh_real,12.459724063145233,L
CAN,2010-04-01,log_conh_real,12.468284206031315,L
CAN,2010-07-01,log_conh_real,12.476307013177921,L
CAN,2010-10-01,log_conh_real,12.485834687174085,L
CAN,2011-01-01,log_conh_real,12.488017038938095,L
CAN,2011-04-01,log_conh_real,12.492592042336504,L
CAN,2011-07-01,log_conh_real,12.496887929344751,L
CAN,2011-10-01,log_conh_real,12.502858031801612,L
CAN,2012-01-01,log_conh_real,12.508449838851003,L
CAN,2012-04-01,log_conh_real,12.509829080398292,L
CAN,2012-07-01,log_conh_real,12.515920359982003,L
CAN,2012-10-01,log_conh_real,12.521301181293014,L
CAN,2013-01-01,log_conh_real,12.527974244098404,L
CAN,2013-04-01,log_conh_real,12.537104395218913,L
CAN,2013-07-01,log_conh_real,12.544075852475169,L
CAN,2013-10-01,log_conh_real,12.55001973285987,L
CAN,2014-01-01,log_conh_real,12.552855826900583,L
CAN,2014-04-01,log_conh_real,12.561936010227548,L
CAN,2014-07-01,log_conh_real,12.56935198237496,L
CAN,2014-10-01,log_conh_real,12.576824838413497,L
CAN,2015-01-01,log_conh_real,12.578519604750936,L
CAN,2015-04-01,log_conh_real,12.583875318821594,L
CAN,2015-07-01,log_conh_real,12.59139456835887,L
CAN,2015-10-01,log_conh_real,12.598992051053118,L
CAN,2016-01-01,log_conh_real,12.600315013615857,L
CAN,2016-04-01,log_conh_real,12.60505679753865,L
CAN,2016-07-01,log_conh_real,12.611846039446718,L
CAN,2016-10-01,log_conh_real,12.618882382365427,L
CAN,2017-01-01,log_conh_real,12.629377016887608,L
CAN,2017-04-01,log_conh_real,12.64209540961017,L
CAN,2017-07-01,log_conh_real,12.651642691134644,L
CAN,2017-10-01,log_conh_real,12.657398233645598,L
CAN,2018-01-01,log_conh_real,12.664082764302105,L
CAN,2018-04-01,log_conh_real,12.669927094761542,L
CAN,2018-07-01,log_conh_real,12.675419183939002,L
CAN,2018-10-01,log_conh_real,12.675562080100482,L
CAN,2019-01-01,log_conh_real,12.68095653441305,L
CAN,2019-04-01,log_conh_real,12.683395672510155,L
CAN,2019-07-01,log_conh_real,12.688168493317365,L
CAN,2019-10-01,log_conh_real,12.695315017628939,L
CAN,2020-01-01,log_conh_real,12.674360741589977,L
CAN,2020-04-01,log_conh_real,12.52192955327415,L
CAN,2020-07-01,log_conh_real,12.640513861874854,L
CAN,2020-10-01,log_conh_real,12.645920822699248,L
CAN,2021-01-01,log_conh_real,12.649972901906049,L
CAN,2021-04-01,log_conh_real,12.649425206600243,L
CAN,2021-07-01,log_conh_real,12.700903024710929,L
CAN,2021-10-01,log_conh_real,12.711186990950793,L
CAN,2022-01-01,log_conh_real,12.71906033035681,L
CAN,2022-04-01,log_conh_real,12.745251004725608,L
CAN,2022-07-01,log_conh_real,12.752178440239454,L
CAN,2022-10-01,log_conh_real,12.757271683219185,L
CAN,2023-01-01,log_conh_real,12.76256355611807,L
CAN,2023-04-01,log_conh_real,12.763170408757752,L
CAN,2023-07-01,log_conh_real,12.765442117418004,L
CAN,2023-10-01,log_conh_real,12.772527848396956,L
CAN,2024-01-01,log_conh_real,12.777255561265513,L
CAN,2024-04-01,log_conh_real,12.780951360131509,L
CAN,2024-07-01,log_conh_real,12.792171776235964,L
CAN,2024-10-01,log_conh_real,12.798618246489502,L
CAN,2025-01-01,log_conh_real,12.801503629146534,L
CAN,2025-04-01,log_conh_real,12.812071076028877,L
CAN,2025-07-01,log_conh_real,12.810231496216268,L
CAN,2025-10-01,log_conh_real,12.81719327690364,L
CAN,2026-01-01,log_conh_real,12.82068649956086,L
CAN,1994-01-01,log_gdp_real,12.616136496525577,L
CAN,1994-04-01,log_gdp_real,12.630629343893858,L
CAN,1994-07-01,log_gdp_real,12.64336840692785,L
CAN,1994-10-01,log_gdp_real,12.650606211611644,L
CAN,1995-01-01,log_gdp_real,12.659752514199623,L
CAN,1995-04-01,log_gdp_real,12.66017711278647,L
CAN,1995-07-01,log_gdp_real,12.661498026614167,L
CAN,1995-10-01,log_gdp_real,12.665525498066202,L
CAN,1996-01-01,log_gdp_real,12.666975614100778,L
CAN,1996-04-01,log_gdp_real,12.674069575200418,L
CAN,1996-07-01,log_gdp_real,12.68243352457429,L
CAN,1996-10-01,log_gdp_real,12.69032521227788,L
CAN,1997-01-01,log_gdp_real,12.703635202387009,L
CAN,1997-04-01,log_gdp_real,12.714826023677551,L
CAN,1997-07-01,log_gdp_real,12.726611344283613,L
CAN,1997-10-01,log_gdp_real,12.736228726313971,L
CAN,1998-01-01,log_gdp_real,12.750249869776406,L
CAN,1998-04-01,log_gdp_real,12.750779270760692,L
CAN,1998-07-01,log_gdp_real,12.759849994329544,L
CAN,1998-10-01,log_gdp_real,12.773308753506466,L
CAN,1999-01-01,log_gdp_real,12.791203007804404,L
CAN,1999-04-01,log_gdp_real,12.79941689397139,L
CAN,1999-07-01,log_gdp_real,12.814969633519759,L
CAN,1999-10-01,log_gdp_real,12.828881853932167,L
CAN,2000-01-01,log_gdp_real,12.84441775154797,L
CAN,2000-04-01,log_gdp_real,12.856118673761786,L
CAN,2000-07-01,log_gdp_real,12.866316913539393,L
CAN,2000-10-01,log_gdp_real,12.86829272565542,L
CAN,2001-01-01,log_gdp_real,12.87390586425228,L
CAN,2001-04-01,log_gdp_real,12.877045789223583,L
CAN,2001-07-01,log_gdp_real,12.87634262713877,L
CAN,2001-10-01,log_gdp_real,12.882322364709875,L
CAN,2002-01-01,log_gdp_real,12.896838242369638,L
CAN,2002-04-01,log_gdp_real,12.902729410288472,L
CAN,2002-07-01,log_gdp_real,12.911339337223163,L
CAN,2002-10-01,log_gdp_real,12.916816590886972,L
CAN,2003-01-01,log_gdp_real,12.922364900397161,L
CAN,2003-04-01,log_gdp_real,12.920913556280368,L
CAN,2003-07-01,log_gdp_real,12.924645097050057,L
CAN,2003-10-01,log_gdp_real,12.931495807241667,L
CAN,2004-01-01,log_gdp_real,12.938740974877327,L
CAN,2004-04-01,log_gdp_real,12.950519932954464,L
CAN,2004-07-01,log_gdp_real,12.962273964827045,L
CAN,2004-10-01,log_gdp_real,12.969465079685776,L
CAN,2005-01-01,log_gdp_real,12.972961106020465,L
CAN,2005-04-01,log_gdp_real,12.98016251327596,L
CAN,2005-07-01,log_gdp_real,12.992208677331222,L
CAN,2005-10-01,log_gdp_real,13.002091121207522,L
CAN,2006-01-01,log_gdp_real,13.010177398959081,L
CAN,2006-04-01,log_gdp_real,13.0106773422086,L
CAN,2006-07-01,log_gdp_real,13.013488471282098,L
CAN,2006-10-01,log_gdp_real,13.017462755978936,L
CAN,2007-01-01,log_gdp_real,13.023824651449154,L
CAN,2007-04-01,log_gdp_real,13.033435547008613,L
CAN,2007-07-01,log_gdp_real,13.037175355274256,L
CAN,2007-10-01,log_gdp_real,13.038488820899632,L
CAN,2008-01-01,log_gdp_real,13.03923890931478,L
CAN,2008-04-01,log_gdp_real,13.042875915553296,L
CAN,2008-07-01,log_gdp_real,13.051059623598684,L
CAN,2008-10-01,log_gdp_real,13.039388859505518,L
CAN,2009-01-01,log_gdp_real,13.01656454347686,L
CAN,2009-04-01,log_gdp_real,13.005718993238219,L
CAN,2009-07-01,log_gdp_real,13.01018142634621,L
CAN,2009-10-01,log_gdp_real,13.021733432708889,L
CAN,2010-01-01,log_gdp_real,13.033775849850825,L
CAN,2010-04-01,log_gdp_real,13.038998724843257,L
CAN,2010-07-01,log_gdp_real,13.04597465246404,L
CAN,2010-10-01,log_gdp_real,13.057130215059408,L
CAN,2011-01-01,log_gdp_real,13.064717315271512,L
CAN,2011-04-01,log_gdp_real,13.066530954637752,L
CAN,2011-07-01,log_gdp_real,13.080120582358193,L
CAN,2011-10-01,log_gdp_real,13.088036493908582,L
CAN,2012-01-01,log_gdp_real,13.0886675976596,L
CAN,2012-04-01,log_gdp_real,13.0919130358597,L
CAN,2012-07-01,log_gdp_real,13.093280541872657,L
CAN,2012-10-01,log_gdp_real,13.095336417343711,L
CAN,2013-01-01,log_gdp_real,13.104247878106996,L
CAN,2013-04-01,log_gdp_real,13.109990143691183,L
CAN,2013-07-01,log_gdp_real,13.118179637757997,L
CAN,2013-10-01,log_gdp_real,13.128590945784062,L
CAN,2014-01-01,log_gdp_real,13.1302795615753,L
CAN,2014-04-01,log_gdp_real,13.139353818915986,L
CAN,2014-07-01,log_gdp_real,13.148893909741092,L
CAN,2014-10-01,log_gdp_real,13.155781712349608,L
CAN,2015-01-01,log_gdp_real,13.150198364633049,L
CAN,2015-04-01,log_gdp_real,13.147464686954525,L
CAN,2015-07-01,log_gdp_real,13.151039265720215,L
CAN,2015-10-01,log_gdp_real,13.151701767007278,L
CAN,2016-01-01,log_gdp_real,13.157601169246668,L
CAN,2016-04-01,log_gdp_real,13.1526073817345,L
CAN,2016-07-01,log_gdp_real,13.162931835787013,L
CAN,2016-10-01,log_gdp_real,13.168526283828772,L
CAN,2017-01-01,log_gdp_real,13.181029942301425,L
CAN,2017-04-01,log_gdp_real,13.191500371838403,L
CAN,2017-07-01,log_gdp_real,13.191814437240298,L
CAN,2017-10-01,log_gdp_real,13.196875125172562,L
CAN,2018-01-01,log_gdp_real,13.20843336142261,L
CAN,2018-04-01,log_gdp_real,13.21620338612747,L
CAN,2018-07-01,log_gdp_real,13.22123502582543,L
CAN,2018-10-01,log_gdp_real,13.223587851422183,L
CAN,2019-01-01,log_gdp_real,13.225991593497287,L
CAN,2019-04-01,log_gdp_real,13.236879749988631,L
CAN,2019-07-01,log_gdp_real,13.239672167290628,L
CAN,2019-10-01,log_gdp_real,13.242523141957188,L
CAN,2020-01-01,log_gdp_real,13.22283114305826,L
CAN,2020-04-01,log_gdp_real,13.106298017815215,L
CAN,2020-07-01,log_gdp_real,13.193241696983065,L
CAN,2020-10-01,log_gdp_real,13.21185118550566,L
CAN,2021-01-01,log_gdp_real,13.228743513072956,L
CAN,2021-04-01,log_gdp_real,13.227570781341154,L
CAN,2021-07-01,log_gdp_real,13.247515637946181,L
CAN,2021-10-01,log_gdp_real,13.265261267117914,L
CAN,2022-01-01,log_gdp_real,13.275576188999207,L
CAN,2022-04-01,log_gdp_real,13.286888343464641,L
CAN,2022-07-01,log_gdp_real,13.294943473196955,L
CAN,2022-10-01,log_gdp_real,13.29557237398394,L
CAN,2023-01-01,log_gdp_real,13.306044010235915,L
CAN,2023-04-01,log_gdp_real,13.307638567924457,L
CAN,2023-07-01,log_gdp_real,13.308139792629396,L
CAN,2023-10-01,log_gdp_real,13.308656702938702,L
CAN,2024-01-01,log_gdp_real,13.315916621980733,L
CAN,2024-04-01,log_gdp_real,13.324043508669233,L
CAN,2024-07-01,log_gdp_real,13.332201685234217,L
CAN,2024-10-01,log_gdp_real,13.339191508366495,L
CAN,2025-01-01,log_gdp_real,13.346321796623489,L
CAN,2025-04-01,log_gdp_real,13.343895711404768,L
CAN,2025-07-01,log_gdp_real,13.348603728679898,L
CAN,2025-10-01,log_gdp_real,13.346136010804903,L
CAN,2026-01-01,log_gdp_real,13.345778891733245,L
CHL,1996-01-01,log_conh_real,16.16256623248251,L
CHL,1996-04-01,log_conh_real,16.174774077956346,L
CHL,1996-07-01,log_conh_real,16.177356397236853,L
CHL,1996-10-01,log_conh_real,16.192218585142967,L
CHL,1997-01-01,log_conh_real,16.207581593683106,L
CHL,1997-04-01,log_conh_real,16.231461130231274,L
CHL,1997-07-01,log_conh_real,16.26435012334706,L
CHL,1997-10-01,log_conh_real,16.291044058381157,L
CHL,1998-01-01,log_conh_real,16.30714624193455,L
CHL,1998-04-01,log_conh_real,16.321138701976594,L
CHL,1998-07-01,log_conh_real,16.304109906340802,L
CHL,1998-10-01,log_conh_real,16.278380268238518,L
CHL,1999-01-01,log_conh_real,16.27624100429975,L
CHL,1999-04-01,log_conh_real,16.27047543510359,L
CHL,1999-07-01,log_conh_real,16.29678217568784,L
CHL,1999-10-01,log_conh_real,16.325647602541142,L
CHL,2000-01-01,log_conh_real,16.325179265085776,L
CHL,2000-04-01,log_conh_real,16.3262529472119,L
CHL,2000-07-01,log_conh_real,16.336872867692506,L
CHL,2000-10-01,log_conh_real,16.341503079453883,L
CHL,2001-01-01,log_conh_real,16.345304965842956,L
CHL,2001-04-01,log_conh_real,16.355514819041012,L
CHL,2001-07-01,log_conh_real,16.350690208483893,L
CHL,2001-10-01,log_conh_real,16.35849229992534,L
CHL,2002-01-01,log_conh_real,16.3685061997521,L
CHL,2002-04-01,log_conh_real,16.373283735823552,L
CHL,2002-07-01,log_conh_real,16.387323598675504,L
CHL,2002-10-01,log_conh_real,16.38630441838139,L
CHL,2003-01-01,log_conh_real,16.396057923832558,L
CHL,2003-04-01,log_conh_real,16.407758585207308,L
CHL,2003-07-01,log_conh_real,16.422826090623627,L
CHL,2003-10-01,log_conh_real,16.443468574613437,L
CHL,2004-01-01,log_conh_real,16.46459465115521,L
CHL,2004-04-01,log_conh_real,16.491563510295904,L
CHL,2004-07-01,log_conh_real,16.51250634353608,L
CHL,2004-10-01,log_conh_real,16.534244062153952,L
CHL,2005-01-01,log_conh_real,16.549011932657187,L
CHL,2005-04-01,log_conh_real,16.56317418996785,L
CHL,2005-07-01,log_conh_real,16.585745493470235,L
CHL,2005-10-01,log_conh_real,16.604947043736075,L
CHL,2006-01-01,log_conh_real,16.623635588062424,L
CHL,2006-04-01,log_conh_real,16.63588294993261,L
CHL,2006-07-01,log_conh_real,16.650810318057665,L
CHL,2006-10-01,log_conh_real,16.671316313601295,L
CHL,2007-01-01,log_conh_real,16.694479089955113,L
CHL,2007-04-01,log_conh_real,16.70343579222727,L
CHL,2007-07-01,log_conh_real,16.707211099303226,L
CHL,2007-10-01,log_conh_real,16.72839356998762,L
CHL,2008-01-01,log_conh_real,16.746078583988094,L
CHL,2008-04-01,log_conh_real,16.74967620990931,L
CHL,2008-07-01,log_conh_real,16.73434363906947,L
CHL,2008-10-01,log_conh_real,16.729380936793593,L
CHL,2009-01-01,log_conh_real,16.722108008885595,L
CHL,2009-04-01,log_conh_real,16.709164711788816,L
CHL,2009-07-01,log_conh_real,16.74609730485678,L
CHL,2009-10-01,log_conh_real,16.76127390713391,L
CHL,2010-01-01,log_conh_real,16.78284024485181,L
CHL,2010-04-01,log_conh_real,16.839270919124377,L
CHL,2010-07-01,log_conh_real,16.859922170499193,L
CHL,2010-10-01,log_conh_real,16.885971684100124,L
CHL,2011-01-01,log_conh_real,16.907745922248612,L
CHL,2011-04-01,log_conh_real,16.925849788773174,L
CHL,2011-07-01,log_conh_real,16.93931188645263,L
CHL,2011-10-01,log_conh_real,16.949991730503417,L
CHL,2012-01-01,log_conh_real,16.964287123810205,L
CHL,2012-04-01,log_conh_real,16.98627555586127,L
CHL,2012-07-01,log_conh_real,17.001660373040057,L
CHL,2012-10-01,log_conh_real,17.017250974702687,L
CHL,2013-01-01,log_conh_real,17.02553249055079,L
CHL,2013-04-01,log_conh_real,17.040463014651397,L
CHL,2013-07-01,log_conh_real,17.052497281923877,L
CHL,2013-10-01,log_conh_real,17.061242024144715,L
CHL,2014-01-01,log_conh_real,17.06124645551493,L
CHL,2014-04-01,log_conh_real,17.06731640872978,L
CHL,2014-07-01,log_conh_real,17.06667253819114,L
CHL,2014-10-01,log_conh_real,17.07598697336817,L
CHL,2015-01-01,log_conh_real,17.081242224071637,L
CHL,2015-04-01,log_conh_real,17.09070963335394,L
CHL,2015-07-01,log_conh_real,17.09182445534207,L
CHL,2015-10-01,log_conh_real,17.102265930270804,L
CHL,2016-01-01,log_conh_real,17.11214206001359,L
CHL,2016-04-01,log_conh_real,17.11202632309406,L
CHL,2016-07-01,log_conh_real,17.12597668884087,L
CHL,2016-10-01,log_conh_real,17.13901477655443,L
CHL,2017-01-01,log_conh_real,17.150518762683614,L
CHL,2017-04-01,log_conh_real,17.152645809885346,L
CHL,2017-07-01,log_conh_real,17.1591316679078,L
CHL,2017-10-01,log_conh_real,17.17630323650023,L
CHL,2018-01-01,log_conh_real,17.18749777993534,L
CHL,2018-04-01,log_conh_real,17.196957745555604,L
CHL,2018-07-01,log_conh_real,17.1945855780259,L
CHL,2018-10-01,log_conh_real,17.20999568274854,L
CHL,2019-01-01,log_conh_real,17.210967669085964,L
CHL,2019-04-01,log_conh_real,17.22215647602386,L
CHL,2019-07-01,log_conh_real,17.21634685444302,L
CHL,2019-10-01,log_conh_real,17.165365991423723,L
CHL,2020-01-01,log_conh_real,17.184825696050993,L
CHL,2020-04-01,log_conh_real,16.967970298575896,L
CHL,2020-07-01,log_conh_real,17.117925238927544,L
CHL,2020-10-01,log_conh_real,17.212685055333967,L
CHL,2021-01-01,log_conh_real,17.24288607267496,L
CHL,2021-04-01,log_conh_real,17.283250273664287,L
CHL,2021-07-01,log_conh_real,17.364898631098015,L
CHL,2021-10-01,log_conh_real,17.36648406789734,L
CHL,2022-01-01,log_conh_real,17.360980768002396,L
CHL,2022-04-01,log_conh_real,17.34300197229531,L
CHL,2022-07-01,log_conh_real,17.32247493466032,L
CHL,2022-10-01,log_conh_real,17.297595385792533,L
CHL,2023-01-01,log_conh_real,17.286745886165498,L
CHL,2023-04-01,log_conh_real,17.284622570910173,L
CHL,2023-07-01,log_conh_real,17.279056364252487,L
CHL,2023-10-01,log_conh_real,17.28488184162718,L
CHL,2024-01-01,log_conh_real,17.293667807922365,L
CHL,2024-04-01,log_conh_real,17.28723780488862,L
CHL,2024-07-01,log_conh_real,17.29156562829153,L
CHL,2024-10-01,log_conh_real,17.30266971959288,L
CHL,2025-01-01,log_conh_real,17.31289468059329,L
CHL,2025-04-01,log_conh_real,17.32135427431773,L
CHL,2025-07-01,log_conh_real,17.320236885984784,L
CHL,2025-10-01,log_conh_real,17.32922258238116,L
CHL,2026-01-01,log_conh_real,17.33878243821367,L
CHL,1996-01-01,log_gdp_real,16.814918747054758,L
CHL,1996-04-01,log_gdp_real,16.82481894266474,L
CHL,1996-07-01,log_gdp_real,16.834738723445977,L
CHL,1996-10-01,log_gdp_real,16.848969486815047,L
CHL,1997-01-01,log_gdp_real,16.87139326092325,L
CHL,1997-04-01,log_gdp_real,16.891991984984816,L
CHL,1997-07-01,log_gdp_real,16.914330447595724,L
CHL,1997-10-01,log_gdp_real,16.93539336489738,L
CHL,1998-01-01,log_gdp_real,16.943394537187302,L
CHL,1998-04-01,log_gdp_real,16.960215838875026,L
CHL,1998-07-01,log_gdp_real,16.953476239044992,L
CHL,1998-10-01,log_gdp_real,16.920573423483724,L
CHL,1999-01-01,log_gdp_real,16.920765345034646,L
CHL,1999-04-01,log_gdp_real,16.923489999160104,L
CHL,1999-07-01,log_gdp_real,16.944365806376606,L
CHL,1999-10-01,log_gdp_real,16.97036549623236,L
CHL,2000-01-01,log_gdp_real,16.979768950668387,L
CHL,2000-04-01,log_gdp_real,16.98198343722019,L
CHL,2000-07-01,log_gdp_real,16.99742263569419,L
CHL,2000-10-01,log_gdp_real,17.00909056024753,L
CHL,2001-01-01,log_gdp_real,17.016033669343074,L
CHL,2001-04-01,log_gdp_real,17.025674431750453,L
CHL,2001-07-01,log_gdp_real,17.023320711498293,L
CHL,2001-10-01,log_gdp_real,17.02954728928249,L
CHL,2002-01-01,log_gdp_real,17.03788676533919,L
CHL,2002-04-01,log_gdp_real,17.045988441900548,L
CHL,2002-07-01,log_gdp_real,17.056822907002324,L
CHL,2002-10-01,log_gdp_real,17.07125116912201,L
CHL,2003-01-01,log_gdp_real,17.08536167406238,L
CHL,2003-04-01,log_gdp_real,17.095892791760356,L
CHL,2003-07-01,log_gdp_real,17.102463407326237,L
CHL,2003-10-01,log_gdp_real,17.107874964918054,L
CHL,2004-01-01,log_gdp_real,17.128718866666,L
CHL,2004-04-01,log_gdp_real,17.147760567104385,L
CHL,2004-07-01,log_gdp_real,17.17360540915973,L
CHL,2004-10-01,log_gdp_real,17.18969783898386,L
CHL,2005-01-01,log_gdp_real,17.190828538080556,L
CHL,2005-04-01,log_gdp_real,17.20729975781724,L
CHL,2005-07-01,log_gdp_real,17.23132208095888,L
CHL,2005-10-01,log_gdp_real,17.24327369110522,L
CHL,2006-01-01,log_gdp_real,17.25227675231638,L
CHL,2006-04-01,log_gdp_real,17.27282217275866,L
CHL,2006-07-01,log_gdp_real,17.286343850097268,L
CHL,2006-10-01,log_gdp_real,17.30746748096368,L
CHL,2007-01-01,log_gdp_real,17.31767581173633,L
CHL,2007-04-01,log_gdp_real,17.32779148446687,L
CHL,2007-07-01,log_gdp_real,17.330536964028664,L
CHL,2007-10-01,log_gdp_real,17.349159878183322,L
CHL,2008-01-01,log_gdp_real,17.370013774100908,L
CHL,2008-04-01,log_gdp_real,17.37100049224641,L
CHL,2008-07-01,log_gdp_real,17.36281817583281,L
CHL,2008-10-01,log_gdp_real,17.35475531441957,L
CHL,2009-01-01,log_gdp_real,17.349879803461555,L
CHL,2009-04-01,log_gdp_real,17.344039192295746,L
CHL,2009-07-01,log_gdp_real,17.355932117142128,L
CHL,2009-10-01,log_gdp_real,17.368157328536082,L
CHL,2010-01-01,log_gdp_real,17.371387094072087,L
CHL,2010-04-01,log_gdp_real,17.40475820874649,L
CHL,2010-07-01,log_gdp_real,17.427960755519596,L
CHL,2010-10-01,log_gdp_real,17.439789176999167,L
CHL,2011-01-01,log_gdp_real,17.45137831840374,L
CHL,2011-04-01,log_gdp_real,17.465644118780137,L
CHL,2011-07-01,log_gdp_real,17.472037526359404,L
CHL,2011-10-01,log_gdp_real,17.493552983024358,L
CHL,2012-01-01,log_gdp_real,17.51389775738108,L
CHL,2012-04-01,log_gdp_real,17.53226340209172,L
CHL,2012-07-01,log_gdp_real,17.540004704905925,L
CHL,2012-10-01,log_gdp_real,17.5459235174146,L
CHL,2013-01-01,log_gdp_real,17.55438016074008,L
CHL,2013-04-01,log_gdp_real,17.562716267614395,L
CHL,2013-07-01,log_gdp_real,17.568839460498925,L
CHL,2013-10-01,log_gdp_real,17.5723883925562,L
CHL,2014-01-01,log_gdp_real,17.575252161708992,L
CHL,2014-04-01,log_gdp_real,17.583249363708237,L
CHL,2014-07-01,log_gdp_real,17.579009403970275,L
CHL,2014-10-01,log_gdp_real,17.589697892065367,L
CHL,2015-01-01,log_gdp_real,17.59615188134065,L
CHL,2015-04-01,log_gdp_real,17.605592204381075,L
CHL,2015-07-01,log_gdp_real,17.601138890550022,L
CHL,2015-10-01,log_gdp_real,17.608922359399287,L
CHL,2016-01-01,log_gdp_real,17.618638843117683,L
CHL,2016-04-01,log_gdp_real,17.615112724428194,L
CHL,2016-07-01,log_gdp_real,17.621301910627043,L
CHL,2016-10-01,log_gdp_real,17.620660206188898,L
CHL,2017-01-01,log_gdp_real,17.614241173426734,L
CHL,2017-04-01,log_gdp_real,17.62747415423046,L
CHL,2017-07-01,log_gdp_real,17.64608665128514,L
CHL,2017-10-01,log_gdp_real,17.65298400206024,L
CHL,2018-01-01,log_gdp_real,17.665116536427195,L
CHL,2018-04-01,log_gdp_real,17.675776317185342,L
CHL,2018-07-01,log_gdp_real,17.672736679649883,L
CHL,2018-10-01,log_gdp_real,17.684933582941536,L
CHL,2019-01-01,log_gdp_real,17.681171639260405,L
CHL,2019-04-01,log_gdp_real,17.694286684268445,L
CHL,2019-07-01,log_gdp_real,17.69251198057804,L
CHL,2019-10-01,log_gdp_real,17.6520367657284,L
CHL,2020-01-01,log_gdp_real,17.673095789253686,L
CHL,2020-04-01,log_gdp_real,17.538581718738197,L
CHL,2020-07-01,log_gdp_real,17.5871809061796,L
CHL,2020-10-01,log_gdp_real,17.65105579194268,L
CHL,2021-01-01,log_gdp_real,17.690077692947693,L
CHL,2021-04-01,log_gdp_real,17.701132738387624,L
CHL,2021-07-01,log_gdp_real,17.741950908206753,L
CHL,2021-10-01,log_gdp_real,17.759563870114132,L
CHL,2022-01-01,log_gdp_real,17.747048747419957,L
CHL,2022-04-01,log_gdp_real,17.749641320070552,L
CHL,2022-07-01,log_gdp_real,17.740931785017075,L
CHL,2022-10-01,log_gdp_real,17.739028734029272,L
CHL,2023-01-01,log_gdp_real,17.74424535229843,L
CHL,2023-04-01,log_gdp_real,17.747938223156172,L
CHL,2023-07-01,log_gdp_real,17.756552215895862,L
CHL,2023-10-01,log_gdp_real,17.759018612142007,L
CHL,2024-01-01,log_gdp_real,17.77234178729293,L
CHL,2024-04-01,log_gdp_real,17.765198769294415,L
CHL,2024-07-01,log_gdp_real,17.781513147770063,L
CHL,2024-10-01,log_gdp_real,17.790853272079765,L
CHL,2025-01-01,log_gdp_real,17.801328194888658,L
CHL,2025-04-01,log_gdp_real,17.804266272907313,L
CHL,2025-07-01,log_gdp_real,17.80094070244856,L
CHL,2025-10-01,log_gdp_real,17.806098460256653,L
CHL,2026-01-01,log_gdp_real,17.803451445812822,L
COL,2005-01-01,log_conh_real,18.262267982009757,L
COL,2005-04-01,log_conh_real,18.28093481704896,L
COL,2005-07-01,log_conh_real,18.284881327591048,L
COL,2005-10-01,log_conh_real,18.30562416301314,L
COL,2006-01-01,log_conh_real,18.32100410000352,L
COL,2006-04-01,log_conh_real,18.342462268937517,L
COL,2006-07-01,log_conh_real,18.352271769464377,L
COL,2006-10-01,log_conh_real,18.36491337263459,L
COL,2007-01-01,log_conh_real,18.386254192419408,L
COL,2007-04-01,log_conh_real,18.400686323104978,L
COL,2007-07-01,log_conh_real,18.418980456282185,L
COL,2007-10-01,log_conh_real,18.428594746459925,L
COL,2008-01-01,log_conh_real,18.434876505642983,L
COL,2008-04-01,log_conh_real,18.440421960539418,L
COL,2008-07-01,log_conh_real,18.455510146707738,L
COL,2008-10-01,log_conh_real,18.465254974501953,L
COL,2009-01-01,log_conh_real,18.45980690840529,L
COL,2009-04-01,log_conh_real,18.462723771588184,L
COL,2009-07-01,log_conh_real,18.465878816660148,L
COL,2009-10-01,log_conh_real,18.475627065753145,L
COL,2010-01-01,log_conh_real,18.496229097900848,L
COL,2010-04-01,log_conh_real,18.506408661994147,L
COL,2010-07-01,log_conh_real,18.522722885893184,L
COL,2010-10-01,log_conh_real,18.535458943384562,L
COL,2011-01-01,log_conh_real,18.54056116965879,L
COL,2011-04-01,log_conh_real,18.56624448157819,L
COL,2011-07-01,log_conh_real,18.574596306998984,L
COL,2011-10-01,log_conh_real,18.593342551062022,L
COL,2012-01-01,log_conh_real,18.606691484830645,L
COL,2012-04-01,log_conh_real,18.61870439426151,L
COL,2012-07-01,log_conh_real,18.63040520627806,L
COL,2012-10-01,log_conh_real,18.638607026558265,L
COL,2013-01-01,log_conh_real,18.655387054566926,L
COL,2013-04-01,log_conh_real,18.669117668632342,L
COL,2013-07-01,log_conh_real,18.67071820770545,L
COL,2013-10-01,log_conh_real,18.6802404554891,L
COL,2014-01-01,log_conh_real,18.695696960026694,L
COL,2014-04-01,log_conh_real,18.705829765437656,L
COL,2014-07-01,log_conh_real,18.71163747759381,L
COL,2014-10-01,log_conh_real,18.72862200563653,L
COL,2015-01-01,log_conh_real,18.73064320093479,L
COL,2015-04-01,log_conh_real,18.7368467875809,L
COL,2015-07-01,log_conh_real,18.748611687360462,L
COL,2015-10-01,log_conh_real,18.74768323732683,L
COL,2016-01-01,log_conh_real,18.752425759133473,L
COL,2016-04-01,log_conh_real,18.751066118155673,L
COL,2016-07-01,log_conh_real,18.75686694324023,L
COL,2016-10-01,log_conh_real,18.766317013691108,L
COL,2017-01-01,log_conh_real,18.76733553057212,L
COL,2017-04-01,log_conh_real,18.775139658210062,L
COL,2017-07-01,log_conh_real,18.78115376087181,L
COL,2017-10-01,log_conh_real,18.784354542767574,L
COL,2018-01-01,log_conh_real,18.801280813355632,L
COL,2018-04-01,log_conh_real,18.808630270640027,L
COL,2018-07-01,log_conh_real,18.811694986108446,L
COL,2018-10-01,log_conh_real,18.81382541150169,L
COL,2019-01-01,log_conh_real,18.831551731926524,L
COL,2019-04-01,log_conh_real,18.843597212064218,L
COL,2019-07-01,log_conh_real,18.853634568816254,L
COL,2019-10-01,log_conh_real,18.86596728858954,L
COL,2020-01-01,log_conh_real,18.876629250470856,L
COL,2020-04-01,log_conh_real,18.65802807666679,L
COL,2020-07-01,log_conh_real,18.763800054745996,L
COL,2020-10-01,log_conh_real,18.874988445331724,L
COL,2021-01-01,log_conh_real,18.90245397206535,L
COL,2021-04-01,log_conh_real,18.883486690037962,L
COL,2021-07-01,log_conh_real,18.94305110050034,L
COL,2021-10-01,log_conh_real,19.00562612623119,L
COL,2022-01-01,log_conh_real,19.017541378367458,L
COL,2022-04-01,log_conh_real,19.035329317226946,L
COL,2022-07-01,log_conh_real,19.044986254629535,L
COL,2022-10-01,log_conh_real,19.050716065741184,L
COL,2023-01-01,log_conh_real,19.0446864494844,L
COL,2023-04-01,log_conh_real,19.04131681269819,L
COL,2023-07-01,log_conh_real,19.039901566942586,L
COL,2023-10-01,log_conh_real,19.043453586740068,L
COL,2024-01-01,log_conh_real,19.045161113968856,L
COL,2024-04-01,log_conh_real,19.05554473658638,L
COL,2024-07-01,log_conh_real,19.06117031724146,L
COL,2024-10-01,log_conh_real,19.07237005286504,L
COL,2025-01-01,log_conh_real,19.088523512335733,L
COL,2025-04-01,log_conh_real,19.090699557439255,L
COL,2025-07-01,log_conh_real,19.098605923978443,L
COL,2025-10-01,log_conh_real,19.09473201212431,L
COL,2026-01-01,log_conh_real,19.113907080379402,L
COL,2005-01-01,log_gdp_real,18.65264921763957,L
COL,2005-04-01,log_gdp_real,18.67574922417663,L
COL,2005-07-01,log_gdp_real,18.672887231674355,L
COL,2005-10-01,log_gdp_real,18.690737119669276,L
COL,2006-01-01,log_gdp_real,18.71508833109284,L
COL,2006-04-01,log_gdp_real,18.727383843477494,L
COL,2006-07-01,log_gdp_real,18.74693943226745,L
COL,2006-10-01,log_gdp_real,18.762359294882735,L
COL,2007-01-01,log_gdp_real,18.780576307822653,L
COL,2007-04-01,log_gdp_real,18.792619541697157,L
COL,2007-07-01,log_gdp_real,18.813550344650512,L
COL,2007-10-01,log_gdp_real,18.825893048108302,L
COL,2008-01-01,log_gdp_real,18.828581176249873,L
COL,2008-04-01,log_gdp_real,18.837873933132098,L
COL,2008-07-01,log_gdp_real,18.846541227829626,L
COL,2008-10-01,log_gdp_real,18.829387060996527,L
COL,2009-01-01,log_gdp_real,18.832489935738618,L
COL,2009-04-01,log_gdp_real,18.842406612383893,L
COL,2009-07-01,log_gdp_real,18.85244164261393,L
COL,2009-10-01,log_gdp_real,18.8602613976601,L
COL,2010-01-01,log_gdp_real,18.870281249752693,L
COL,2010-04-01,log_gdp_real,18.885766301158377,L
COL,2010-07-01,log_gdp_real,18.893105270460183,L
COL,2010-10-01,log_gdp_real,18.914031990223908,L
COL,2011-01-01,log_gdp_real,18.935220956084635,L
COL,2011-04-01,log_gdp_real,18.94982004472507,L
COL,2011-07-01,log_gdp_real,18.970016189786897,L
COL,2011-10-01,log_gdp_real,18.976769525592882,L
COL,2012-01-01,log_gdp_real,18.991495550980588,L
COL,2012-04-01,log_gdp_real,18.99717516017108,L
COL,2012-07-01,log_gdp_real,18.992283517195972,L
COL,2012-10-01,log_gdp_real,19.00487754298962,L
COL,2013-01-01,log_gdp_real,19.017420473075596,L
COL,2013-04-01,log_gdp_real,19.0494466587428,L
COL,2013-07-01,log_gdp_real,19.052046848792006,L
COL,2013-10-01,log_gdp_real,19.06659474773369,L
COL,2014-01-01,log_gdp_real,19.081617692610713,L
COL,2014-04-01,log_gdp_real,19.08331815801756,L
COL,2014-07-01,log_gdp_real,19.09340356610139,L
COL,2014-10-01,log_gdp_real,19.103684900019918,L
COL,2015-01-01,log_gdp_real,19.11012432163419,L
COL,2015-04-01,log_gdp_real,19.117051376603825,L
COL,2015-07-01,log_gdp_real,19.12709780786625,L
COL,2015-10-01,log_gdp_real,19.124342235902514,L
COL,2016-01-01,log_gdp_real,19.132808297673723,L
COL,2016-04-01,log_gdp_real,19.139106656520646,L
COL,2016-07-01,log_gdp_real,19.141555251111196,L
COL,2016-10-01,log_gdp_real,19.14781100238131,L
COL,2017-01-01,log_gdp_real,19.147055772517295,L
COL,2017-04-01,log_gdp_real,19.15083069908802,L
COL,2017-07-01,log_gdp_real,19.156326278596396,L
COL,2017-10-01,log_gdp_real,19.16107757174223,L
COL,2018-01-01,log_gdp_real,19.164540277235925,L
COL,2018-04-01,log_gdp_real,19.177843398415774,L
COL,2018-07-01,log_gdp_real,19.183994063052218,L
COL,2018-10-01,log_gdp_real,19.190070637805352,L
COL,2019-01-01,log_gdp_real,19.199533803501804,L
COL,2019-04-01,log_gdp_real,19.20765282410661,L
COL,2019-07-01,log_gdp_real,19.213970662312246,L
COL,2019-10-01,log_gdp_real,19.22083135824085,L
COL,2020-01-01,log_gdp_real,19.201115367600522,L
COL,2020-04-01,log_gdp_real,19.025732311223607,L
COL,2020-07-01,log_gdp_real,19.11951971648823,L
COL,2020-10-01,log_gdp_real,19.187922232251246,L
COL,2021-01-01,log_gdp_real,19.219465333981507,L
COL,2021-04-01,log_gdp_real,19.194876432967845,L
COL,2021-07-01,log_gdp_real,19.245055733674604,L
COL,2021-10-01,log_gdp_real,19.292095592892995,L
COL,2022-01-01,log_gdp_real,19.296190096731447,L
COL,2022-04-01,log_gdp_real,19.31116635774133,L
COL,2022-07-01,log_gdp_real,19.315927328883667,L
COL,2022-10-01,log_gdp_real,19.31358030709059,L
COL,2023-01-01,log_gdp_real,19.322923372873642,L
COL,2023-04-01,log_gdp_real,19.31532830582631,L
COL,2023-07-01,log_gdp_real,19.31195031347959,L
COL,2023-10-01,log_gdp_real,19.320276134991616,L
COL,2024-01-01,log_gdp_real,19.32272123208807,L
COL,2024-04-01,log_gdp_real,19.332212649754112,L
COL,2024-07-01,log_gdp_real,19.32897534339919,L
COL,2024-10-01,log_gdp_real,19.345753757250726,L
COL,2025-01-01,log_gdp_real,19.34999138693172,L
COL,2025-04-01,log_gdp_real,19.350339317559015,L
COL,2025-07-01,log_gdp_real,19.365242788249407,L
COL,2025-10-01,log_gdp_real,19.365611725842673,L
COL,2026-01-01,log_gdp_real,19.371491390209904,L
CRI,1994-01-01,log_conh_real,14.771847969479763,L
CRI,1994-04-01,log_conh_real,14.784051594145868,L
CRI,1994-07-01,log_conh_real,14.788541785251525,L
CRI,1994-10-01,log_conh_real,14.790028310292676,L
CRI,1995-01-01,log_conh_real,14.803483310320933,L
CRI,1995-04-01,log_conh_real,14.805614938683295,L
CRI,1995-07-01,log_conh_real,14.803447677634944,L
CRI,1995-10-01,log_conh_real,14.807502204014638,L
CRI,1996-01-01,log_conh_real,14.809145924059989,L
CRI,1996-04-01,log_conh_real,14.817333089459767,L
CRI,1996-07-01,log_conh_real,14.82214274595466,L
CRI,1996-10-01,log_conh_real,14.838764688193146,L
CRI,1997-01-01,log_conh_real,14.843144970612569,L
CRI,1997-04-01,log_conh_real,14.861787781720132,L
CRI,1997-07-01,log_conh_real,14.878713952590232,L
CRI,1997-10-01,log_conh_real,14.89161145594696,L
CRI,1998-01-01,log_conh_real,14.903077099696697,L
CRI,1998-04-01,log_conh_real,14.911747628032725,L
CRI,1998-07-01,log_conh_real,14.914873731314573,L
CRI,1998-10-01,log_conh_real,14.922228209251127,L
CRI,1999-01-01,log_conh_real,14.923505524651988,L
CRI,1999-04-01,log_conh_real,14.929229169415677,L
CRI,1999-07-01,log_conh_real,14.929149282140422,L
CRI,1999-10-01,log_conh_real,14.936258697556513,L
CRI,2000-01-01,log_conh_real,14.932677636880117,L
CRI,2000-04-01,log_conh_real,14.931006512018964,L
CRI,2000-07-01,log_conh_real,14.943126931940139,L
CRI,2000-10-01,log_conh_real,14.94815695952144,L
CRI,2001-01-01,log_conh_real,14.950869154815278,L
CRI,2001-04-01,log_conh_real,14.95815966805458,L
CRI,2001-07-01,log_conh_real,14.963407935925217,L
CRI,2001-10-01,log_conh_real,14.976790994712278,L
CRI,2002-01-01,log_conh_real,14.99502958092739,L
CRI,2002-04-01,log_conh_real,15.009528324925967,L
CRI,2002-07-01,log_conh_real,15.025098617195729,L
CRI,2002-10-01,log_conh_real,15.032590092607938,L
CRI,2003-01-01,log_conh_real,15.045729450539026,L
CRI,2003-04-01,log_conh_real,15.056017527595671,L
CRI,2003-07-01,log_conh_real,15.073447688793317,L
CRI,2003-10-01,log_conh_real,15.077993165924834,L
CRI,2004-01-01,log_conh_real,15.084688236365341,L
CRI,2004-04-01,log_conh_real,15.085061249349838,L
CRI,2004-07-01,log_conh_real,15.089137271243745,L
CRI,2004-10-01,log_conh_real,15.096891025897895,L
CRI,2005-01-01,log_conh_real,15.111229972844503,L
CRI,2005-04-01,log_conh_real,15.128366511183799,L
CRI,2005-07-01,log_conh_real,15.14409722794847,L
CRI,2005-10-01,log_conh_real,15.157868914396456,L
CRI,2006-01-01,log_conh_real,15.163220497454489,L
CRI,2006-04-01,log_conh_real,15.181498099204264,L
CRI,2006-07-01,log_conh_real,15.191100202503623,L
CRI,2006-10-01,log_conh_real,15.208690930991173,L
CRI,2007-01-01,log_conh_real,15.243075069167713,L
CRI,2007-04-01,log_conh_real,15.249847399045505,L
CRI,2007-07-01,log_conh_real,15.263702189563173,L
CRI,2007-10-01,log_conh_real,15.280195216125069,L
CRI,2008-01-01,log_conh_real,15.32384729308867,L
CRI,2008-04-01,log_conh_real,15.317863847098543,L
CRI,2008-07-01,log_conh_real,15.317656334807825,L
CRI,2008-10-01,log_conh_real,15.30929550203704,L
CRI,2009-01-01,log_conh_real,15.301950684033397,L
CRI,2009-04-01,log_conh_real,15.313868049449946,L
CRI,2009-07-01,log_conh_real,15.324710699935922,L
CRI,2009-10-01,log_conh_real,15.341081809057817,L
CRI,2010-01-01,log_conh_real,15.351900997255203,L
CRI,2010-04-01,log_conh_real,15.371264531221687,L
CRI,2010-07-01,log_conh_real,15.390843449748424,L
CRI,2010-10-01,log_conh_real,15.397475048439093,L
CRI,2011-01-01,log_conh_real,15.414289565565946,L
CRI,2011-04-01,log_conh_real,15.438089527249215,L
CRI,2011-07-01,log_conh_real,15.44894497734879,L
CRI,2011-10-01,log_conh_real,15.474999039923153,L
CRI,2012-01-01,log_conh_real,15.499697474190263,L
CRI,2012-04-01,log_conh_real,15.509971243091167,L
CRI,2012-07-01,log_conh_real,15.516296848985622,L
CRI,2012-10-01,log_conh_real,15.529618797931164,L
CRI,2013-01-01,log_conh_real,15.524860499976535,L
CRI,2013-04-01,log_conh_real,15.525195932648874,L
CRI,2013-07-01,log_conh_real,15.538757897273488,L
CRI,2013-10-01,log_conh_real,15.544357916066005,L
CRI,2014-01-01,log_conh_real,15.569718269890451,L
CRI,2014-04-01,log_conh_real,15.574037682582125,L
CRI,2014-07-01,log_conh_real,15.580953002208249,L
CRI,2014-10-01,log_conh_real,15.59352759774642,L
CRI,2015-01-01,log_conh_real,15.604051419694574,L
CRI,2015-04-01,log_conh_real,15.622669363103455,L
CRI,2015-07-01,log_conh_real,15.632413107412612,L
CRI,2015-10-01,log_conh_real,15.640003203249632,L
CRI,2016-01-01,log_conh_real,15.645777457173487,L
CRI,2016-04-01,log_conh_real,15.653497084009887,L
CRI,2016-07-01,log_conh_real,15.66995739850882,L
CRI,2016-10-01,log_conh_real,15.679195758083917,L
CRI,2017-01-01,log_conh_real,15.693748641455764,L
CRI,2017-04-01,log_conh_real,15.715198338239937,L
CRI,2017-07-01,log_conh_real,15.723456663354913,L
CRI,2017-10-01,log_conh_real,15.731579600076678,L
CRI,2018-01-01,log_conh_real,15.738321608040307,L
CRI,2018-04-01,log_conh_real,15.739776158999886,L
CRI,2018-07-01,log_conh_real,15.741784981794481,L
CRI,2018-10-01,log_conh_real,15.74721796676169,L
CRI,2019-01-01,log_conh_real,15.755430055990951,L
CRI,2019-04-01,log_conh_real,15.763544664110661,L
CRI,2019-07-01,log_conh_real,15.767961966259005,L
CRI,2019-10-01,log_conh_real,15.770975599018191,L
CRI,2020-01-01,log_conh_real,15.766597484355742,L
CRI,2020-04-01,log_conh_real,15.658255066574187,L
CRI,2020-07-01,log_conh_real,15.658358880683263,L
CRI,2020-10-01,log_conh_real,15.708918230738364,L
CRI,2021-01-01,log_conh_real,15.76199911114024,L
CRI,2021-04-01,log_conh_real,15.773526788949845,L
CRI,2021-07-01,log_conh_real,15.795532333294721,L
CRI,2021-10-01,log_conh_real,15.813606270359632,L
CRI,2022-01-01,log_conh_real,15.823611000011987,L
CRI,2022-04-01,log_conh_real,15.82248793339318,L
CRI,2022-07-01,log_conh_real,15.819690922420337,L
CRI,2022-10-01,log_conh_real,15.823845831327906,L
CRI,2023-01-01,log_conh_real,15.84256577390485,L
CRI,2023-04-01,log_conh_real,15.85872343285247,L
CRI,2023-07-01,log_conh_real,15.870014027243444,L
CRI,2023-10-01,log_conh_real,15.878887083020784,L
CRI,2024-01-01,log_conh_real,15.89079372808913,L
CRI,2024-04-01,log_conh_real,15.892238671625735,L
CRI,2024-07-01,log_conh_real,15.902148543017724,L
CRI,2024-10-01,log_conh_real,15.912326376470693,L
CRI,2025-01-01,log_conh_real,15.920189856299379,L
CRI,2025-04-01,log_conh_real,15.932628327424435,L
CRI,2025-07-01,log_conh_real,15.942145751971214,L
CRI,2025-10-01,log_conh_real,15.952667127989903,L
CRI,2026-01-01,log_conh_real,15.956763475812478,L
CRI,1994-01-01,log_gdp_real,15.133860952661054,L
CRI,1994-04-01,log_gdp_real,15.16278343808284,L
CRI,1994-07-01,log_gdp_real,15.170124244262386,L
CRI,1994-10-01,log_gdp_real,15.166799879479223,L
CRI,1995-01-01,log_gdp_real,15.201262547027028,L
CRI,1995-04-01,log_gdp_real,15.195774623343857,L
CRI,1995-07-01,log_gdp_real,15.195582449613383,L
CRI,1995-10-01,log_gdp_real,15.199857499092166,L
CRI,1996-01-01,log_gdp_real,15.199574107673637,L
CRI,1996-04-01,log_gdp_real,15.199803442465457,L
CRI,1996-07-01,log_gdp_real,15.216043615995032,L
CRI,1996-10-01,log_gdp_real,15.230283963840067,L
CRI,1997-01-01,log_gdp_real,15.230887540008213,L
CRI,1997-04-01,log_gdp_real,15.259476809405832,L
CRI,1997-07-01,log_gdp_real,15.270106608426428,L
CRI,1997-10-01,log_gdp_real,15.299719318599166,L
CRI,1998-01-01,log_gdp_real,15.323459251591713,L
CRI,1998-04-01,log_gdp_real,15.323783120492157,L
CRI,1998-07-01,log_gdp_real,15.331196426070253,L
CRI,1998-10-01,log_gdp_real,15.355254110068504,L
CRI,1999-01-01,log_gdp_real,15.351626678354837,L
CRI,1999-04-01,log_gdp_real,15.371350459031913,L
CRI,1999-07-01,log_gdp_real,15.380480044052337,L
CRI,1999-10-01,log_gdp_real,15.394908103022951,L
CRI,2000-01-01,log_gdp_real,15.404531046153274,L
CRI,2000-04-01,log_gdp_real,15.406076856374808,L
CRI,2000-07-01,log_gdp_real,15.414574708510937,L
CRI,2000-10-01,log_gdp_real,15.422922038571597,L
CRI,2001-01-01,log_gdp_real,15.437179564668789,L
CRI,2001-04-01,log_gdp_real,15.439267363982877,L
CRI,2001-07-01,log_gdp_real,15.45182807514293,L
CRI,2001-10-01,log_gdp_real,15.456755481387738,L
CRI,2002-01-01,log_gdp_real,15.462111144163737,L
CRI,2002-04-01,log_gdp_real,15.479455386567626,L
CRI,2002-07-01,log_gdp_real,15.487086092934103,L
CRI,2002-10-01,log_gdp_real,15.49158261293675,L
CRI,2003-01-01,log_gdp_real,15.504071986513992,L
CRI,2003-04-01,log_gdp_real,15.515975983572618,L
CRI,2003-07-01,log_gdp_real,15.5292467360684,L
CRI,2003-10-01,log_gdp_real,15.539532189249778,L
CRI,2004-01-01,log_gdp_real,15.550408345793542,L
CRI,2004-04-01,log_gdp_real,15.563184989036543,L
CRI,2004-07-01,log_gdp_real,15.56779620334257,L
CRI,2004-10-01,log_gdp_real,15.58082929837007,L
CRI,2005-01-01,log_gdp_real,15.585512404136667,L
CRI,2005-04-01,log_gdp_real,15.594829598283408,L
CRI,2005-07-01,log_gdp_real,15.612032850255405,L
CRI,2005-10-01,log_gdp_real,15.626446870491247,L
CRI,2006-01-01,log_gdp_real,15.639302902312355,L
CRI,2006-04-01,log_gdp_real,15.663617389070389,L
CRI,2006-07-01,log_gdp_real,15.684902524949763,L
CRI,2006-10-01,log_gdp_real,15.713661551178365,L
CRI,2007-01-01,log_gdp_real,15.725451176183673,L
CRI,2007-04-01,log_gdp_real,15.750928007825584,L
CRI,2007-07-01,log_gdp_real,15.762369042921202,L
CRI,2007-10-01,log_gdp_real,15.780706422028143,L
CRI,2008-01-01,log_gdp_real,15.80133447665703,L
CRI,2008-04-01,log_gdp_real,15.800629400869868,L
CRI,2008-07-01,log_gdp_real,15.806196197309172,L
CRI,2008-10-01,log_gdp_real,15.796122668282035,L
CRI,2009-01-01,log_gdp_real,15.770216170421321,L
CRI,2009-04-01,log_gdp_real,15.785104922847058,L
CRI,2009-07-01,log_gdp_real,15.797635023620064,L
CRI,2009-10-01,log_gdp_real,15.81410901863227,L
CRI,2010-01-01,log_gdp_real,15.82504767442541,L
CRI,2010-04-01,log_gdp_real,15.837282135867152,L
CRI,2010-07-01,log_gdp_real,15.853680381617563,L
CRI,2010-10-01,log_gdp_real,15.860594206791665,L
CRI,2011-01-01,log_gdp_real,15.867607058723793,L
CRI,2011-04-01,log_gdp_real,15.887846942692326,L
CRI,2011-07-01,log_gdp_real,15.890160726828235,L
CRI,2011-10-01,log_gdp_real,15.90357261103563,L
CRI,2012-01-01,log_gdp_real,15.923571188648783,L
CRI,2012-04-01,log_gdp_real,15.929685620970377,L
CRI,2012-07-01,log_gdp_real,15.936297429200694,L
CRI,2012-10-01,log_gdp_real,15.949336231219325,L
CRI,2013-01-01,log_gdp_real,15.951056142552556,L
CRI,2013-04-01,log_gdp_real,15.948501717243873,L
CRI,2013-07-01,log_gdp_real,15.966715827094944,L
CRI,2013-10-01,log_gdp_real,15.972074308347604,L
CRI,2014-01-01,log_gdp_real,15.984387271243934,L
CRI,2014-04-01,log_gdp_real,15.988299422486326,L
CRI,2014-07-01,log_gdp_real,15.996869043006761,L
CRI,2014-10-01,log_gdp_real,16.007713146196142,L
CRI,2015-01-01,log_gdp_real,16.00913620022912,L
CRI,2015-04-01,log_gdp_real,16.030645690532307,L
CRI,2015-07-01,log_gdp_real,16.04278556424664,L
CRI,2015-10-01,log_gdp_real,16.038810033286474,L
CRI,2016-01-01,log_gdp_real,16.062772912411532,L
CRI,2016-04-01,log_gdp_real,16.059078201947504,L
CRI,2016-07-01,log_gdp_real,16.076531495688226,L
CRI,2016-10-01,log_gdp_real,16.0867881146723,L
CRI,2017-01-01,log_gdp_real,16.091903984347695,L
CRI,2017-04-01,log_gdp_real,16.113975083067018,L
CRI,2017-07-01,log_gdp_real,16.113394437551477,L
CRI,2017-10-01,log_gdp_real,16.128807671849984,L
CRI,2018-01-01,log_gdp_real,16.135744244301932,L
CRI,2018-04-01,log_gdp_real,16.145788694336282,L
CRI,2018-07-01,log_gdp_real,16.142582037407493,L
CRI,2018-10-01,log_gdp_real,16.1363024369494,L
CRI,2019-01-01,log_gdp_real,16.153220738475316,L
CRI,2019-04-01,log_gdp_real,16.16718085731281,L
CRI,2019-07-01,log_gdp_real,16.169892319631774,L
CRI,2019-10-01,log_gdp_real,16.17480377565555,L
CRI,2020-01-01,log_gdp_real,16.175746575717074,L
CRI,2020-04-01,log_gdp_real,16.088832943876277,L
CRI,2020-07-01,log_gdp_real,16.100133849302495,L
CRI,2020-10-01,log_gdp_real,16.127133506226293,L
CRI,2021-01-01,log_gdp_real,16.168465547645408,L
CRI,2021-04-01,log_gdp_real,16.19052772028536,L
CRI,2021-07-01,log_gdp_real,16.222216412438417,L
CRI,2021-10-01,log_gdp_real,16.229942828660395,L
CRI,2022-01-01,log_gdp_real,16.239193223020433,L
CRI,2022-04-01,log_gdp_real,16.24581540241369,L
CRI,2022-07-01,log_gdp_real,16.260075054686915,L
CRI,2022-10-01,log_gdp_real,16.280268070428427,L
CRI,2023-01-01,log_gdp_real,16.284542002527594,L
CRI,2023-04-01,log_gdp_real,16.300725785137377,L
CRI,2023-07-01,log_gdp_real,16.310086682337328,L
CRI,2023-10-01,log_gdp_real,16.31859663111055,L
CRI,2024-01-01,log_gdp_real,16.32905582137794,L
CRI,2024-04-01,log_gdp_real,16.340412044271652,L
CRI,2024-07-01,log_gdp_real,16.345911924083794,L
CRI,2024-10-01,log_gdp_real,16.358713308902743,L
CRI,2025-01-01,log_gdp_real,16.363755594954625,L
CRI,2025-04-01,log_gdp_real,16.388925366782345,L
CRI,2025-07-01,log_gdp_real,16.396864339466607,L
CRI,2025-10-01,log_gdp_real,16.40144690142408,L
CRI,2026-01-01,log_gdp_real,16.40586680194249,L
DEU,1994-01-01,log_conh_real,12.771836353360598,L
DEU,1994-04-01,log_conh_real,12.775924720600516,L
DEU,1994-07-01,log_conh_real,12.779627122722422,L
DEU,1994-10-01,log_conh_real,12.783683826456285,L
DEU,1995-01-01,log_conh_real,12.782303071354047,L
DEU,1995-04-01,log_conh_real,12.790743907043225,L
DEU,1995-07-01,log_conh_real,12.794270337060384,L
DEU,1995-10-01,log_conh_real,12.79778437505568,L
DEU,1996-01-01,log_conh_real,12.80206967958478,L
DEU,1996-04-01,log_conh_real,12.80687616680954,L
DEU,1996-07-01,log_conh_real,12.808433423558403,L
DEU,1996-10-01,log_conh_real,12.811421139253412,L
DEU,1997-01-01,log_conh_real,12.81511322614772,L
DEU,1997-04-01,log_conh_real,12.817606761050623,L
DEU,1997-07-01,log_conh_real,12.81511322614772,L
DEU,1997-10-01,log_conh_real,12.822221334252722,L
DEU,1998-01-01,log_conh_real,12.827489908736759,L
DEU,1998-04-01,log_conh_real,12.824314420686385,L
DEU,1998-07-01,log_conh_real,12.831825230251338,L
DEU,1998-10-01,log_conh_real,12.841019310627312,L
DEU,1999-01-01,log_conh_real,12.855396718147277,L
DEU,1999-04-01,log_conh_real,12.859840280323606,L
DEU,1999-07-01,log_conh_real,12.859385364631873,L
DEU,1999-10-01,log_conh_real,12.871257241714728,L
DEU,2000-01-01,log_conh_real,12.878006404090922,L
DEU,2000-04-01,log_conh_real,12.886898225998976,L
DEU,2000-07-01,log_conh_real,12.886787615419607,L
DEU,2000-10-01,log_conh_real,12.885901783355745,L
DEU,2001-01-01,log_conh_real,12.89757447323919,L
DEU,2001-04-01,log_conh_real,12.890212128318757,L
DEU,2001-07-01,log_conh_real,12.894394452679123,L
DEU,2001-10-01,log_conh_real,12.897902709072197,L
DEU,2002-01-01,log_conh_real,12.890487812786642,L
DEU,2002-04-01,log_conh_real,12.88307342165763,L
DEU,2002-07-01,log_conh_real,12.890487812786642,L
DEU,2002-10-01,log_conh_real,12.894888459249385,L
DEU,2003-01-01,log_conh_real,12.89357039808053,L
DEU,2003-04-01,log_conh_real,12.894010028632056,L
DEU,2003-07-01,log_conh_real,12.9005804000894,L
DEU,2003-10-01,log_conh_real,12.900689495596632,L
DEU,2004-01-01,log_conh_real,12.901344068289237,L
DEU,2004-04-01,log_conh_real,12.900143649234082,L
DEU,2004-07-01,log_conh_real,12.896972051737094,L
DEU,2004-10-01,log_conh_real,12.90243415459677,L
DEU,2005-01-01,log_conh_real,12.908218962126641,L
DEU,2005-04-01,log_conh_real,12.91157123244905,L
DEU,2005-07-01,log_conh_real,12.911463317718376,L
DEU,2005-10-01,log_conh_real,12.91092332222086,L
DEU,2006-01-01,log_conh_real,12.919822868262946,L
DEU,2006-04-01,log_conh_real,12.924629254877095,L
DEU,2006-07-01,log_conh_real,12.924522740213495,L
DEU,2006-10-01,log_conh_real,12.934806540414641,L
DEU,2007-01-01,log_conh_real,12.920358080646816,L
DEU,2007-04-01,log_conh_real,12.927289656285096,L
DEU,2007-07-01,log_conh_real,12.926439000331408,L
DEU,2007-10-01,log_conh_real,12.925161901678834,L
DEU,2008-01-01,log_conh_real,12.927820645340606,L
DEU,2008-04-01,log_conh_real,12.923883169959483,L
DEU,2008-07-01,log_conh_real,12.924522740213495,L
DEU,2008-10-01,log_conh_real,12.918858714491622,L
DEU,2009-01-01,log_conh_real,12.926970684305733,L
DEU,2009-04-01,log_conh_real,12.93068457784569,L
DEU,2009-07-01,log_conh_real,12.927395876654543,L
DEU,2009-10-01,log_conh_real,12.928457945850571,L
DEU,2010-01-01,log_conh_real,12.922175809661628,L
DEU,2010-04-01,log_conh_real,12.93174316179567,L
DEU,2010-07-01,log_conh_real,12.936597977383794,L
DEU,2010-10-01,log_conh_real,12.941429577230561,L
DEU,2011-01-01,log_conh_real,12.939017055718145,L
DEU,2011-04-01,log_conh_real,12.943313981248783,L
DEU,2011-07-01,log_conh_real,12.947071931372237,L
DEU,2011-10-01,log_conh_real,12.94977699960717,L
DEU,2012-01-01,log_conh_real,12.954493924054807,L
DEU,2012-04-01,log_conh_real,12.956663393714306,L
DEU,2012-07-01,log_conh_real,12.959754561513952,L
DEU,2012-10-01,log_conh_real,12.955114219170095,L
DEU,2013-01-01,log_conh_real,12.951749655652838,L
DEU,2013-04-01,log_conh_real,12.960834075710443,L
DEU,2013-07-01,log_conh_real,12.964731545391698,L
DEU,2013-10-01,log_conh_real,12.957540147986723,L
DEU,2014-01-01,log_conh_real,12.960654237585429,L
DEU,2014-04-01,log_conh_real,12.964757301231954,L
DEU,2014-07-01,log_conh_real,12.97250699719309,L
DEU,2014-10-01,log_conh_real,12.977370668391298,L
DEU,2015-01-01,log_conh_real,12.981682833243712,L
DEU,2015-04-01,log_conh_real,12.98650218719357,L
DEU,2015-07-01,log_conh_real,12.992692864838304,L
DEU,2015-10-01,log_conh_real,13.000624578021096,L
DEU,2016-01-01,log_conh_real,13.007244514685489,L
DEU,2016-04-01,log_conh_real,13.005575371541566,L
DEU,2016-07-01,log_conh_real,13.010574466036756,L
DEU,2016-10-01,log_conh_real,13.0178813646387,L
DEU,2017-01-01,log_conh_real,13.020571597338826,L
DEU,2017-04-01,log_conh_real,13.028670309369677,L
DEU,2017-07-01,log_conh_real,13.028382094225622,L
DEU,2017-10-01,log_conh_real,13.036322801761818,L
DEU,2018-01-01,log_conh_real,13.038227353531097,L
DEU,2018-04-01,log_conh_real,13.041361109500093,L
DEU,2018-07-01,log_conh_real,13.04098172374255,L
DEU,2018-10-01,log_conh_real,13.049670096410711,L
DEU,2019-01-01,log_conh_real,13.054500938166587,L
DEU,2019-04-01,log_conh_real,13.057491147258766,L
DEU,2019-07-01,log_conh_real,13.063351741526368,L
DEU,2019-10-01,log_conh_real,13.062516765359788,L
DEU,2020-01-01,log_conh_real,13.020014544296627,L
DEU,2020-04-01,log_conh_real,12.90778553543086,L
DEU,2020-07-01,log_conh_real,13.01759002266712,L
DEU,2020-10-01,log_conh_real,12.997088094829577,L
DEU,2021-01-01,log_conh_real,12.960654237585429,L
DEU,2021-04-01,log_conh_real,12.985925823122702,L
DEU,2021-07-01,log_conh_real,13.034057271706008,L
DEU,2021-10-01,log_conh_real,13.040531002564773,L
DEU,2022-01-01,log_conh_real,13.067424498573178,L
DEU,2022-04-01,log_conh_real,13.06936252069854,L
DEU,2022-07-01,log_conh_real,13.077443414335654,L
DEU,2022-10-01,log_conh_real,13.06279488518664,L
DEU,2023-01-01,log_conh_real,13.061123091105404,L
DEU,2023-04-01,log_conh_real,13.069915732800334,L
DEU,2023-07-01,log_conh_real,13.064742103520018,L
DEU,2023-10-01,log_conh_real,13.062609339020142,L
DEU,2024-01-01,log_conh_real,13.066847073387272,L
DEU,2024-04-01,log_conh_real,13.067586126344773,L
DEU,2024-07-01,log_conh_real,13.071089872294653,L
DEU,2024-10-01,log_conh_real,13.073204435244651,L
DEU,2025-01-01,log_conh_real,13.083733769513904,L
DEU,2025-04-01,log_conh_real,13.084460659313844,L
DEU,2025-07-01,log_conh_real,13.081732406304605,L
DEU,2025-10-01,log_conh_real,13.08781520292007,L
DEU,2026-01-01,log_conh_real,13.088177233511987,L
DEU,1994-01-01,log_gdp_real,13.344006283313238,L
DEU,1994-04-01,log_gdp_real,13.349520463700877,L
DEU,1994-07-01,log_gdp_real,13.355414486379718,L
DEU,1994-10-01,log_gdp_real,13.366423758589839,L
DEU,1995-01-01,log_gdp_real,13.36246221205794,L
DEU,1995-04-01,log_gdp_real,13.370436937518443,L
DEU,1995-07-01,log_gdp_real,13.37245432420358,L
DEU,1995-10-01,log_gdp_real,13.372857313618104,L
DEU,1996-01-01,log_gdp_real,13.36571433682501,L
DEU,1996-04-01,log_gdp_real,13.37928346458007,L
DEU,1996-07-01,log_gdp_real,13.383145621907115,L
DEU,1996-10-01,log_gdp_real,13.392275698866008,L
DEU,1997-01-01,log_gdp_real,13.387158837964279,L
DEU,1997-04-01,log_gdp_real,13.398218840392595,L
DEU,1997-07-01,log_gdp_real,13.402139328681887,L
DEU,1997-10-01,log_gdp_real,13.409546325314176,L
DEU,1998-01-01,log_gdp_real,13.419049095120085,L
DEU,1998-04-01,log_gdp_real,13.414421909172063,L
DEU,1998-07-01,log_gdp_real,13.419305493010585,L
DEU,1998-10-01,log_gdp_real,13.41904924377559,L
DEU,1999-01-01,log_gdp_real,13.430588097387407,L
DEU,1999-04-01,log_gdp_real,13.429319555156201,L
DEU,1999-07-01,log_gdp_real,13.442935445081034,L
DEU,1999-10-01,log_gdp_real,13.447682505839921,L
DEU,2000-01-01,log_gdp_real,13.46298655835197,L
DEU,2000-04-01,log_gdp_real,13.47093229611224,L
DEU,2000-07-01,log_gdp_real,13.471662567221149,L
DEU,2000-10-01,log_gdp_real,13.467395020424446,L
DEU,2001-01-01,log_gdp_real,13.488403154092989,L
DEU,2001-04-01,log_gdp_real,13.48588753185757,L
DEU,2001-07-01,log_gdp_real,13.48588753185757,L
DEU,2001-10-01,log_gdp_real,13.482764032254744,L
DEU,2002-01-01,log_gdp_real,13.478090332143257,L
DEU,2002-04-01,log_gdp_real,13.481951234688605,L
DEU,2002-07-01,log_gdp_real,13.488792118033171,L
DEU,2002-10-01,log_gdp_real,13.486037410474244,L
DEU,2003-01-01,log_gdp_real,13.472362145190727,L
DEU,2003-04-01,log_gdp_real,13.473820069920537,L
DEU,2003-07-01,log_gdp_real,13.482884116782682,L
DEU,2003-10-01,log_gdp_real,13.484086398335224,L
DEU,2004-01-01,log_gdp_real,13.482553256713663,L
DEU,2004-04-01,log_gdp_real,13.488433250464485,L
DEU,2004-07-01,log_gdp_real,13.485197494633415,L
DEU,2004-10-01,log_gdp_real,13.48483733451692,L
DEU,2005-01-01,log_gdp_real,13.486426878604982,L
DEU,2005-04-01,log_gdp_real,13.492403429064966,L
DEU,2005-07-01,log_gdp_real,13.50023814857125,L
DEU,2005-10-01,log_gdp_real,13.504014913119722,L
DEU,2006-01-01,log_gdp_real,13.515113997895538,L
DEU,2006-04-01,log_gdp_real,13.532093908979277,L
DEU,2006-07-01,log_gdp_real,13.5396247683132,L
DEU,2006-10-01,log_gdp_real,13.55418241653587,L
DEU,2007-01-01,log_gdp_real,13.555497996075315,L
DEU,2007-04-01,log_gdp_real,13.562077501259987,L
DEU,2007-07-01,log_gdp_real,13.567177267387702,L
DEU,2007-10-01,log_gdp_real,13.574559006262357,L
DEU,2008-01-01,log_gdp_real,13.5804151165129,L
DEU,2008-04-01,log_gdp_real,13.57680720333314,L
DEU,2008-07-01,log_gdp_real,13.571315725109542,L
DEU,2008-10-01,log_gdp_real,13.555665288164061,L
DEU,2009-01-01,log_gdp_real,13.50765951912234,L
DEU,2009-04-01,log_gdp_real,13.5101213012413,L
DEU,2009-07-01,log_gdp_real,13.51630743906453,L
DEU,2009-10-01,log_gdp_real,13.523957937931396,L
DEU,2010-01-01,log_gdp_real,13.531205310947767,L
DEU,2010-04-01,log_gdp_real,13.552640765739156,L
DEU,2010-07-01,log_gdp_real,13.562244340467123,L
DEU,2010-10-01,log_gdp_real,13.568780007643685,L
DEU,2011-01-01,log_gdp_real,13.586697590840577,L
DEU,2011-04-01,log_gdp_real,13.589404999234082,L
DEU,2011-07-01,log_gdp_real,13.594798173966415,L
DEU,2011-10-01,log_gdp_real,13.594690679829231,L
DEU,2012-01-01,log_gdp_real,13.596813232521997,L
DEU,2012-04-01,log_gdp_real,13.597886247579932,L
DEU,2012-07-01,log_gdp_real,13.599921648348026,L
DEU,2012-10-01,log_gdp_real,13.596920623183506,L
DEU,2013-01-01,log_gdp_real,13.591376641400256,L
DEU,2013-04-01,log_gdp_real,13.602967250026705,L
DEU,2013-07-01,log_gdp_real,13.608075849165642,L
DEU,2013-10-01,log_gdp_real,13.609560841848499,L
DEU,2014-01-01,log_gdp_real,13.619947396813737,L
DEU,2014-04-01,log_gdp_real,13.619737493945944,L
DEU,2014-07-01,log_gdp_real,13.625282910234219,L
DEU,2014-10-01,log_gdp_real,13.632870910584874,L
DEU,2015-01-01,log_gdp_real,13.630694412269108,L
DEU,2015-04-01,log_gdp_real,13.635869764710705,L
DEU,2015-07-01,log_gdp_real,13.641224073343377,L
DEU,2015-10-01,log_gdp_real,13.646345355550256,L
DEU,2016-01-01,log_gdp_real,13.655093887758369,L
DEU,2016-04-01,log_gdp_real,13.657319426494746,L
DEU,2016-07-01,log_gdp_real,13.660849964819981,L
DEU,2016-10-01,log_gdp_real,13.665471314587034,L
DEU,2017-01-01,log_gdp_real,13.678367737692415,L
DEU,2017-04-01,log_gdp_real,13.685467018558992,L
DEU,2017-07-01,log_gdp_real,13.693393770155005,L
DEU,2017-10-01,log_gdp_real,13.703480181489502,L
DEU,2018-01-01,log_gdp_real,13.697940249679819,L
DEU,2018-04-01,log_gdp_real,13.705769015161712,L
DEU,2018-07-01,log_gdp_real,13.699200761557822,L
DEU,2018-10-01,log_gdp_real,13.703648732292448,L
DEU,2019-01-01,log_gdp_real,13.710187819370663,L
DEU,2019-04-01,log_gdp_real,13.710762743455646,L
DEU,2019-07-01,log_gdp_real,13.714587294238045,L
DEU,2019-10-01,log_gdp_real,13.711241668487945,L
DEU,2020-01-01,log_gdp_real,13.690734100237897,L
DEU,2020-04-01,log_gdp_real,13.59780569016234,L
DEU,2020-07-01,log_gdp_real,13.681011497300014,L
DEU,2020-10-01,log_gdp_real,13.690636326604627,L
DEU,2021-01-01,log_gdp_real,13.684459629300992,L
DEU,2021-04-01,log_gdp_real,13.70769269215987,L
DEU,2021-07-01,log_gdp_real,13.708557107592675,L
DEU,2021-10-01,log_gdp_real,13.713919041807195,L
DEU,2022-01-01,log_gdp_real,13.720676114979241,L
DEU,2022-04-01,log_gdp_real,13.72219257242252,L
DEU,2022-07-01,log_gdp_real,13.725124146493243,L
DEU,2022-10-01,log_gdp_real,13.721624184067085,L
DEU,2023-01-01,log_gdp_real,13.716898773857757,L
DEU,2023-04-01,log_gdp_real,13.7161367528069,L
DEU,2023-07-01,log_gdp_real,13.7161367528069,L
DEU,2023-10-01,log_gdp_real,13.713369742393711,L
DEU,2024-01-01,log_gdp_real,13.712294408176334,L
DEU,2024-04-01,log_gdp_real,13.70970850039672,L
DEU,2024-07-01,log_gdp_real,13.709900233329005,L
DEU,2024-10-01,log_gdp_real,13.711720253324076,L
DEU,2025-01-01,log_gdp_real,13.715445772917152,L
DEU,2025-04-01,log_gdp_real,13.713441397626857,L
DEU,2025-07-01,log_gdp_real,13.713059250896915,L
DEU,2025-10-01,log_gdp_real,13.715445772917152,L
DEU,2026-01-01,log_gdp_real,13.718872336703141,L
ESP,1995-01-01,log_conh_real,11.648845253106094,L
ESP,1995-04-01,log_conh_real,11.658176661610455,L
ESP,1995-07-01,log_conh_real,11.661069569962596,L
ESP,1995-10-01,log_conh_real,11.669322191972592,L
ESP,1996-01-01,log_conh_real,11.669724064533098,L
ESP,1996-04-01,log_conh_real,11.68188312130605,L
ESP,1996-07-01,log_conh_real,11.69086242344636,L
ESP,1996-10-01,log_conh_real,11.692827430245416,L
ESP,1997-01-01,log_conh_real,11.69761089228612,L
ESP,1997-04-01,log_conh_real,11.697718963995962,L
ESP,1997-07-01,log_conh_real,11.704941544323642,L
ESP,1997-10-01,log_conh_real,11.746629062213685,L
ESP,1998-01-01,log_conh_real,11.73117707020401,L
ESP,1998-04-01,log_conh_real,11.743973691854416,L
ESP,1998-07-01,log_conh_real,11.753374410440792,L
ESP,1998-10-01,log_conh_real,11.791405326657209,L
ESP,1999-01-01,log_conh_real,11.77644291042271,L
ESP,1999-04-01,log_conh_real,11.795190391144056,L
ESP,1999-07-01,log_conh_real,11.808679868312883,L
ESP,1999-10-01,log_conh_real,11.827845687867867,L
ESP,2000-01-01,log_conh_real,11.841192703900717,L
ESP,2000-04-01,log_conh_real,11.839708051043925,L
ESP,2000-07-01,log_conh_real,11.847445797866197,L
ESP,2000-10-01,log_conh_real,11.854399457642534,L
ESP,2001-01-01,log_conh_real,11.869172317290818,L
ESP,2001-04-01,log_conh_real,11.879441822939818,L
ESP,2001-07-01,log_conh_real,11.89162898830707,L
ESP,2001-10-01,log_conh_real,11.897078407001631,L
ESP,2002-01-01,log_conh_real,11.905237786500093,L
ESP,2002-04-01,log_conh_real,11.911574060018117,L
ESP,2002-07-01,log_conh_real,11.916415290157625,L
ESP,2002-10-01,log_conh_real,11.926676152665166,L
ESP,2003-01-01,log_conh_real,11.923384748066601,L
ESP,2003-04-01,log_conh_real,11.932444683120414,L
ESP,2003-07-01,log_conh_real,11.943323807123605,L
ESP,2003-10-01,log_conh_real,11.956084480230723,L
ESP,2004-01-01,log_conh_real,11.967015644255648,L
ESP,2004-04-01,log_conh_real,11.972310415067824,L
ESP,2004-07-01,log_conh_real,11.982922844196432,L
ESP,2004-10-01,log_conh_real,11.994622953744221,L
ESP,2005-01-01,log_conh_real,12.001419586529627,L
ESP,2005-04-01,log_conh_real,12.019574378412708,L
ESP,2005-07-01,log_conh_real,12.025018285503148,L
ESP,2005-10-01,log_conh_real,12.035248736728041,L
ESP,2006-01-01,log_conh_real,12.045099579393234,L
ESP,2006-04-01,log_conh_real,12.055546223472613,L
ESP,2006-07-01,log_conh_real,12.065418805532552,L
ESP,2006-10-01,log_conh_real,12.075137878752917,L
ESP,2007-01-01,log_conh_real,12.082717866500069,L
ESP,2007-04-01,log_conh_real,12.09088062529239,L
ESP,2007-07-01,log_conh_real,12.097590596285116,L
ESP,2007-10-01,log_conh_real,12.106683156646842,L
ESP,2008-01-01,log_conh_real,12.106390422257022,L
ESP,2008-04-01,log_conh_real,12.09716138900207,L
ESP,2008-07-01,log_conh_real,12.082225636092357,L
ESP,2008-10-01,log_conh_real,12.066252951487419,L
ESP,2009-01-01,log_conh_real,12.055952996835728,L
ESP,2009-04-01,log_conh_real,12.047522301358228,L
ESP,2009-07-01,log_conh_real,12.052449326623698,L
ESP,2009-10-01,log_conh_real,12.05284570559049,L
ESP,2010-01-01,log_conh_real,12.058778406499401,L
ESP,2010-04-01,log_conh_real,12.062138762700991,L
ESP,2010-07-01,log_conh_real,12.052583413564705,L
ESP,2010-10-01,log_conh_real,12.054144494056013,L
ESP,2011-01-01,log_conh_real,12.044247592891221,L
ESP,2011-04-01,log_conh_real,12.034281449359394,L
ESP,2011-07-01,log_conh_real,12.030176402127882,L
ESP,2011-10-01,log_conh_real,12.021001311561887,L
ESP,2012-01-01,log_conh_real,12.020862921995036,L
ESP,2012-04-01,log_conh_real,12.005479169308762,L
ESP,2012-07-01,log_conh_real,11.990134324091068,L
ESP,2012-10-01,log_conh_real,11.978626099599227,L
ESP,2013-01-01,log_conh_real,11.966113501287403,L
ESP,2013-04-01,log_conh_real,11.968481478218962,L
ESP,2013-07-01,log_conh_real,11.968329283764888,L
ESP,2013-10-01,log_conh_real,11.976156209928535,L
ESP,2014-01-01,log_conh_real,11.977162499321627,L
ESP,2014-04-01,log_conh_real,11.984047218881534,L
ESP,2014-07-01,log_conh_real,11.990233601229486,L
ESP,2014-10-01,log_conh_real,11.996381947436433,L
ESP,2015-01-01,log_conh_real,12.005375283045794,L
ESP,2015-04-01,log_conh_real,12.011334318721131,L
ESP,2015-07-01,log_conh_real,12.02322495034969,L
ESP,2015-10-01,log_conh_real,12.0259167420154,L
ESP,2016-01-01,log_conh_real,12.03089153496448,L
ESP,2016-04-01,log_conh_real,12.041021099901172,L
ESP,2016-07-01,log_conh_real,12.047944064333691,L
ESP,2016-10-01,log_conh_real,12.050920631201484,L
ESP,2017-01-01,log_conh_real,12.061093115185319,L
ESP,2017-04-01,log_conh_real,12.069559669543176,L
ESP,2017-07-01,log_conh_real,12.077198960354352,L
ESP,2017-10-01,log_conh_real,12.084085786175702,L
ESP,2018-01-01,log_conh_real,12.086985009252347,L
ESP,2018-04-01,log_conh_real,12.091048924461392,L
ESP,2018-07-01,log_conh_real,12.0908132976931,L
ESP,2018-10-01,log_conh_real,12.091990876726964,L
ESP,2019-01-01,log_conh_real,12.091133063425353,L
ESP,2019-04-01,log_conh_real,12.082785741338892,L
ESP,2019-07-01,log_conh_real,12.117367106986213,L
ESP,2019-10-01,log_conh_real,12.114527369572711,L
ESP,2020-01-01,log_conh_real,12.053731161454195,L
ESP,2020-04-01,log_conh_real,11.811962821460144,L
ESP,2020-07-01,log_conh_real,12.000640074759117,L
ESP,2020-10-01,log_conh_real,12.00866384651689,L
ESP,2021-01-01,log_conh_real,12.00857247419594,L
ESP,2021-04-01,log_conh_real,12.036505405535982,L
ESP,2021-07-01,log_conh_real,12.052274403589387,L
ESP,2021-10-01,log_conh_real,12.067924899638589,L
ESP,2022-01-01,log_conh_real,12.078136996062804,L
ESP,2022-04-01,log_conh_real,12.093883310916597,L
ESP,2022-07-01,log_conh_real,12.09938346981659,L
ESP,2022-10-01,log_conh_real,12.086393438276158,L
ESP,2023-01-01,log_conh_real,12.097256164898956,L
ESP,2023-04-01,log_conh_real,12.103336461078662,L
ESP,2023-07-01,log_conh_real,12.112355196656267,L
ESP,2023-10-01,log_conh_real,12.115376305578325,L
ESP,2024-01-01,log_conh_real,12.120302316303912,L
ESP,2024-04-01,log_conh_real,12.132113893011878,L
ESP,2024-07-01,log_conh_real,12.144106812191536,L
ESP,2024-10-01,log_conh_real,12.15276152723088,L
ESP,2025-01-01,log_conh_real,12.157816838566497,L
ESP,2025-04-01,log_conh_real,12.165438133433991,L
ESP,2025-07-01,log_conh_real,12.174772878688843,L
ESP,2025-10-01,log_conh_real,12.183668537314942,L
ESP,2026-01-01,log_conh_real,12.189846714224101,L
ESP,1995-01-01,log_gdp_real,12.150501794374863,L
ESP,1995-04-01,log_gdp_real,12.15707145909711,L
ESP,1995-07-01,log_gdp_real,12.16148837418044,L
ESP,1995-10-01,log_gdp_real,12.169029958754484,L
ESP,1996-01-01,log_gdp_real,12.174762560688059,L
ESP,1996-04-01,log_gdp_real,12.181651870988492,L
ESP,1996-07-01,log_gdp_real,12.189821304944124,L
ESP,1996-10-01,log_gdp_real,12.194784169760316,L
ESP,1997-01-01,log_gdp_real,12.204706713069038,L
ESP,1997-04-01,log_gdp_real,12.213688570608833,L
ESP,1997-07-01,log_gdp_real,12.22472755562734,L
ESP,1997-10-01,log_gdp_real,12.238675354074186,L
ESP,1998-01-01,log_gdp_real,12.247061026207485,L
ESP,1998-04-01,log_gdp_real,12.257981750267604,L
ESP,1998-07-01,log_gdp_real,12.267464032130873,L
ESP,1998-10-01,log_gdp_real,12.277835011757064,L
ESP,1999-01-01,log_gdp_real,12.287638807542239,L
ESP,1999-04-01,log_gdp_real,12.299034615902046,L
ESP,1999-07-01,log_gdp_real,12.31254754003718,L
ESP,1999-10-01,log_gdp_real,12.323588978958012,L
ESP,2000-01-01,log_gdp_real,12.339260854273844,L
ESP,2000-04-01,log_gdp_real,12.35182098146826,L
ESP,2000-07-01,log_gdp_real,12.36196894373589,L
ESP,2000-10-01,log_gdp_real,12.372616215287394,L
ESP,2001-01-01,log_gdp_real,12.382719799978185,L
ESP,2001-04-01,log_gdp_real,12.390462894437677,L
ESP,2001-07-01,log_gdp_real,12.4000304050258,L
ESP,2001-10-01,log_gdp_real,12.406373272525435,L
ESP,2002-01-01,log_gdp_real,12.411088885422556,L
ESP,2002-04-01,log_gdp_real,12.419436531427042,L
ESP,2002-07-01,log_gdp_real,12.42502341942468,L
ESP,2002-10-01,log_gdp_real,12.432801761019434,L
ESP,2003-01-01,log_gdp_real,12.442393000200946,L
ESP,2003-04-01,log_gdp_real,12.446218829379948,L
ESP,2003-07-01,log_gdp_real,12.453639504882856,L
ESP,2003-10-01,log_gdp_real,12.461989245333138,L
ESP,2004-01-01,log_gdp_real,12.46782133595545,L
ESP,2004-04-01,log_gdp_real,12.478383432770467,L
ESP,2004-07-01,log_gdp_real,12.48678297173805,L
ESP,2004-10-01,log_gdp_real,12.493853463106495,L
ESP,2005-01-01,log_gdp_real,12.50274914656153,L
ESP,2005-04-01,log_gdp_real,12.511584812879327,L
ESP,2005-07-01,log_gdp_real,12.521116934737766,L
ESP,2005-10-01,log_gdp_real,12.530938502234177,L
ESP,2006-01-01,log_gdp_real,12.542505595665396,L
ESP,2006-04-01,log_gdp_real,12.551465687468244,L
ESP,2006-07-01,log_gdp_real,12.560861812508694,L
ESP,2006-10-01,log_gdp_real,12.570125307057792,L
ESP,2007-01-01,log_gdp_real,12.57917295159233,L
ESP,2007-04-01,log_gdp_real,12.587910823007181,L
ESP,2007-07-01,log_gdp_real,12.595377883438815,L
ESP,2007-10-01,log_gdp_real,12.601467215560572,L
ESP,2008-01-01,log_gdp_real,12.60333419628765,L
ESP,2008-04-01,log_gdp_real,12.603687017093625,L
ESP,2008-07-01,log_gdp_real,12.601568222600848,L
ESP,2008-10-01,log_gdp_real,12.585939564470575,L
ESP,2009-01-01,log_gdp_real,12.55883293720631,L
ESP,2009-04-01,log_gdp_real,12.559489788593595,L
ESP,2009-07-01,log_gdp_real,12.561457757993814,L
ESP,2009-10-01,log_gdp_real,12.561215917057378,L
ESP,2010-01-01,log_gdp_real,12.56032164925402,L
ESP,2010-04-01,log_gdp_real,12.561555879664766,L
ESP,2010-07-01,log_gdp_real,12.560924929432817,L
ESP,2010-10-01,log_gdp_real,12.561958778439273,L
ESP,2011-01-01,log_gdp_real,12.561170346274551,L
ESP,2011-04-01,log_gdp_real,12.55857991677356,L
ESP,2011-07-01,log_gdp_real,12.552459851700426,L
ESP,2011-10-01,log_gdp_real,12.546810770298437,L
ESP,2012-01-01,log_gdp_real,12.537356445462262,L
ESP,2012-04-01,log_gdp_real,12.527616143852606,L
ESP,2012-07-01,log_gdp_real,12.52301250404889,L
ESP,2012-10-01,log_gdp_real,12.514685385272307,L
ESP,2013-01-01,log_gdp_real,12.511934705981346,L
ESP,2013-04-01,log_gdp_real,12.510910463020977,L
ESP,2013-07-01,log_gdp_real,12.510276233017601,L
ESP,2013-10-01,log_gdp_real,12.51217771755873,L
ESP,2014-01-01,log_gdp_real,12.515951535739003,L
ESP,2014-04-01,log_gdp_real,12.521335837742718,L
ESP,2014-07-01,log_gdp_real,12.529300417305837,L
ESP,2014-10-01,log_gdp_real,12.538924049125825,L
ESP,2015-01-01,log_gdp_real,12.551023125772346,L
ESP,2015-04-01,log_gdp_real,12.562158415940264,L
ESP,2015-07-01,log_gdp_real,12.571288511730653,L
ESP,2015-10-01,log_gdp_real,12.580181236475191,L
ESP,2016-01-01,log_gdp_real,12.587101608157466,L
ESP,2016-04-01,log_gdp_real,12.590406043502727,L
ESP,2016-07-01,log_gdp_real,12.598280260146415,L
ESP,2016-10-01,log_gdp_real,12.603945673258725,L
ESP,2017-01-01,log_gdp_real,12.611000942914574,L
ESP,2017-04-01,log_gdp_real,12.621405572836688,L
ESP,2017-07-01,log_gdp_real,12.627699775035548,L
ESP,2017-10-01,log_gdp_real,12.633772062521812,L
ESP,2018-01-01,log_gdp_real,12.638036863610607,L
ESP,2018-04-01,log_gdp_real,12.644537231901445,L
ESP,2018-07-01,log_gdp_real,12.650104406787154,L
ESP,2018-10-01,log_gdp_real,12.655940529502097,L
ESP,2019-01-01,log_gdp_real,12.662053412412341,L
ESP,2019-04-01,log_gdp_real,12.66493317035109,L
ESP,2019-07-01,log_gdp_real,12.666846309397219,L
ESP,2019-10-01,log_gdp_real,12.672535639116557,L
ESP,2020-01-01,log_gdp_real,12.619373639406113,L
ESP,2020-04-01,log_gdp_real,12.423475751972727,L
ESP,2020-07-01,log_gdp_real,12.57105250796738,L
ESP,2020-10-01,log_gdp_real,12.5782842677847,L
ESP,2021-01-01,log_gdp_real,12.590228992692087,L
ESP,2021-04-01,log_gdp_real,12.603844906084555,L
ESP,2021-07-01,log_gdp_real,12.62336421125334,L
ESP,2021-10-01,log_gdp_real,12.643475600729827,L
ESP,2022-01-01,log_gdp_real,12.659069984083654,L
ESP,2022-04-01,log_gdp_real,12.67594189074678,L
ESP,2022-07-01,log_gdp_real,12.684066145578504,L
ESP,2022-10-01,log_gdp_real,12.689411957960939,L
ESP,2023-01-01,log_gdp_real,12.694499274352685,L
ESP,2023-04-01,log_gdp_real,12.695937111162221,L
ESP,2023-07-01,log_gdp_real,12.7038039111649,L
ESP,2023-10-01,log_gdp_real,12.711657560741054,L
ESP,2024-01-01,log_gdp_real,12.722727247744608,L
ESP,2024-04-01,log_gdp_real,12.731874562674898,L
ESP,2024-07-01,log_gdp_real,12.739496983894345,L
ESP,2024-10-01,log_gdp_real,12.747600107343697,L
ESP,2025-01-01,log_gdp_real,12.753037315912037,L
ESP,2025-04-01,log_gdp_real,12.760259437384969,L
ESP,2025-07-01,log_gdp_real,12.766168318302448,L
ESP,2025-10-01,log_gdp_real,12.773718959447221,L
ESP,2026-01-01,log_gdp_real,12.779802643442558,L
FRA,1994-01-01,log_conh_real,12.256213325913341,L
FRA,1994-04-01,log_conh_real,12.265167156146827,L
FRA,1994-07-01,log_conh_real,12.270483971078729,L
FRA,1994-10-01,log_conh_real,12.27478821190495,L
FRA,1995-01-01,log_conh_real,12.27582163109082,L
FRA,1995-04-01,log_conh_real,12.290669735472807,L
FRA,1995-07-01,log_conh_real,12.287847544401618,L
FRA,1995-10-01,log_conh_real,12.288483163112602,L
FRA,1996-01-01,log_conh_real,12.304645678253866,L
FRA,1996-04-01,log_conh_real,12.302112104800118,L
FRA,1996-07-01,log_conh_real,12.314936467438274,L
FRA,1996-10-01,log_conh_real,12.305210037659789,L
FRA,1997-01-01,log_conh_real,12.305802136686182,L
FRA,1997-04-01,log_conh_real,12.308283506228321,L
FRA,1997-07-01,log_conh_real,12.315815892972832,L
FRA,1997-10-01,log_conh_real,12.330174784642146,L
FRA,1998-01-01,log_conh_real,12.33943152327486,L
FRA,1998-04-01,log_conh_real,12.35015134424803,L
FRA,1998-07-01,log_conh_real,12.363924325343007,L
FRA,1998-10-01,log_conh_real,12.368541773787888,L
FRA,1999-01-01,log_conh_real,12.370786763836978,L
FRA,1999-04-01,log_conh_real,12.37962293027453,L
FRA,1999-07-01,log_conh_real,12.403047976079575,L
FRA,1999-10-01,log_conh_real,12.40752094766878,L
FRA,2000-01-01,log_conh_real,12.419677245363117,L
FRA,2000-04-01,log_conh_real,12.42792336149279,L
FRA,2000-07-01,log_conh_real,12.432735596485752,L
FRA,2000-10-01,log_conh_real,12.43386855781059,L
FRA,2001-01-01,log_conh_real,12.44384231183449,L
FRA,2001-04-01,log_conh_real,12.45236146657555,L
FRA,2001-07-01,log_conh_real,12.457762836536757,L
FRA,2001-10-01,log_conh_real,12.463526025163812,L
FRA,2002-01-01,log_conh_real,12.465928381654315,L
FRA,2002-04-01,log_conh_real,12.47250975852465,L
FRA,2002-07-01,log_conh_real,12.479426304797267,L
FRA,2002-10-01,log_conh_real,12.483599452381096,L
FRA,2003-01-01,log_conh_real,12.487668484379743,L
FRA,2003-04-01,log_conh_real,12.488866791509173,L
FRA,2003-07-01,log_conh_real,12.494258715953636,L
FRA,2003-10-01,log_conh_real,12.49692643277259,L
FRA,2004-01-01,log_conh_real,12.502653258273543,L
FRA,2004-04-01,log_conh_real,12.507178588313733,L
FRA,2004-07-01,log_conh_real,12.506498667797894,L
FRA,2004-10-01,log_conh_real,12.520946522063175,L
FRA,2005-01-01,log_conh_real,12.525631220629213,L
FRA,2005-04-01,log_conh_real,12.530415908349642,L
FRA,2005-07-01,log_conh_real,12.536011442784321,L
FRA,2005-10-01,log_conh_real,12.544948419910341,L
FRA,2006-01-01,log_conh_real,12.554563793374017,L
FRA,2006-04-01,log_conh_real,12.563152157620173,L
FRA,2006-07-01,log_conh_real,12.565618763700517,L
FRA,2006-10-01,log_conh_real,12.567991217589956,L
FRA,2007-01-01,log_conh_real,12.578045083876294,L
FRA,2007-04-01,log_conh_real,12.589031715417569,L
FRA,2007-07-01,log_conh_real,12.596350678275643,L
FRA,2007-10-01,log_conh_real,12.59738676569936,L
FRA,2008-01-01,log_conh_real,12.594997379403608,L
FRA,2008-04-01,log_conh_real,12.594545533445899,L
FRA,2008-07-01,log_conh_real,12.595818179324757,L
FRA,2008-10-01,log_conh_real,12.592661716924484,L
FRA,2009-01-01,log_conh_real,12.590512258944509,L
FRA,2009-04-01,log_conh_real,12.596080232680185,L
FRA,2009-07-01,log_conh_real,12.598946481902008,L
FRA,2009-10-01,log_conh_real,12.607964711251556,L
FRA,2010-01-01,log_conh_real,12.609997234314203,L
FRA,2010-04-01,log_conh_real,12.61196066419906,L
FRA,2010-07-01,log_conh_real,12.619168234001773,L
FRA,2010-10-01,log_conh_real,12.628467303348579,L
FRA,2011-01-01,log_conh_real,12.635824430189286,L
FRA,2011-04-01,log_conh_real,12.621987299796801,L
FRA,2011-07-01,log_conh_real,12.621929901067606,L
FRA,2011-10-01,log_conh_real,12.61942556291585,L
FRA,2012-01-01,log_conh_real,12.621054657242151,L
FRA,2012-04-01,log_conh_real,12.620844643204121,L
FRA,2012-07-01,log_conh_real,12.621818063045895,L
FRA,2012-10-01,log_conh_real,12.623413622192603,L
FRA,2013-01-01,log_conh_real,12.624352295551695,L
FRA,2013-04-01,log_conh_real,12.62746851584463,L
FRA,2013-07-01,log_conh_real,12.628397820552918,L
FRA,2013-10-01,log_conh_real,12.633127671667344,L
FRA,2014-01-01,log_conh_real,12.630767340961476,L
FRA,2014-04-01,log_conh_real,12.637819347032227,L
FRA,2014-07-01,log_conh_real,12.640450068634877,L
FRA,2014-10-01,log_conh_real,12.646712150458388,L
FRA,2015-01-01,log_conh_real,12.651372380871903,L
FRA,2015-04-01,log_conh_real,12.652497658648505,L
FRA,2015-07-01,log_conh_real,12.657165143728834,L
FRA,2015-10-01,log_conh_real,12.657223421301746,L
FRA,2016-01-01,log_conh_real,12.667425212008295,L
FRA,2016-04-01,log_conh_real,12.667586273996548,L
FRA,2016-07-01,log_conh_real,12.668017326006433,L
FRA,2016-10-01,log_conh_real,12.676235637077063,L
FRA,2017-01-01,log_conh_real,12.679814591056292,L
FRA,2017-04-01,log_conh_real,12.683513239372566,L
FRA,2017-07-01,log_conh_real,12.689929869064445,L
FRA,2017-10-01,log_conh_real,12.691028616765987,L
FRA,2018-01-01,log_conh_real,12.694380230605194,L
FRA,2018-04-01,log_conh_real,12.695766457024892,L
FRA,2018-07-01,log_conh_real,12.697792816917065,L
FRA,2018-10-01,log_conh_real,12.698744278252098,L
FRA,2019-01-01,log_conh_real,12.708601546479306,L
FRA,2019-04-01,log_conh_real,12.715266338421038,L
FRA,2019-07-01,log_conh_real,12.716443265797771,L
FRA,2019-10-01,log_conh_real,12.712864042735996,L
FRA,2020-01-01,log_conh_real,12.66485543091279,L
FRA,2020-04-01,log_conh_real,12.553292278573139,L
FRA,2020-07-01,log_conh_real,12.703029135956898,L
FRA,2020-10-01,log_conh_real,12.655412364181732,L
FRA,2021-01-01,log_conh_real,12.661156463357978,L
FRA,2021-04-01,log_conh_real,12.677666884085937,L
FRA,2021-07-01,log_conh_real,12.722824474602081,L
FRA,2021-10-01,log_conh_real,12.725082784588555,L
FRA,2022-01-01,log_conh_real,12.718096251428934,L
FRA,2022-04-01,log_conh_real,12.729522250481535,L
FRA,2022-07-01,log_conh_real,12.736782363862032,L
FRA,2022-10-01,log_conh_real,12.733224567036856,L
FRA,2023-01-01,log_conh_real,12.736219898578403,L
FRA,2023-04-01,log_conh_real,12.736241967771209,L
FRA,2023-07-01,log_conh_real,12.74236862814398,L
FRA,2023-10-01,log_conh_real,12.740842016190747,L
FRA,2024-01-01,log_conh_real,12.743429093778378,L
FRA,2024-04-01,log_conh_real,12.741751064178619,L
FRA,2024-07-01,log_conh_real,12.75008910847554,L
FRA,2024-10-01,log_conh_real,12.750316604241444,L
FRA,2025-01-01,log_conh_real,12.749461776189056,L
FRA,2025-04-01,log_conh_real,12.749561374413387,L
FRA,2025-07-01,log_conh_real,12.751315058214338,L
FRA,2025-10-01,log_conh_real,12.753897767376737,L
FRA,2026-01-01,log_conh_real,12.752154692718463,L
FRA,1994-01-01,log_gdp_real,12.910285129190058,L
FRA,1994-04-01,log_gdp_real,12.920269469655862,L
FRA,1994-07-01,log_gdp_real,12.929261278827463,L
FRA,1994-10-01,log_gdp_real,12.938643643616311,L
FRA,1995-01-01,log_gdp_real,12.943357996017658,L
FRA,1995-04-01,log_gdp_real,12.949893453523753,L
FRA,1995-07-01,log_gdp_real,12.95145500176819,L
FRA,1995-10-01,log_gdp_real,12.9510598584892,L
FRA,1996-01-01,log_gdp_real,12.9579871948676,L
FRA,1996-04-01,log_gdp_real,12.95991362198456,L
FRA,1996-07-01,log_gdp_real,12.963766394070314,L
FRA,1996-10-01,log_gdp_real,12.967605546631566,L
FRA,1997-01-01,log_gdp_real,12.971865318627387,L
FRA,1997-04-01,log_gdp_real,12.98230674161133,L
FRA,1997-07-01,log_gdp_real,12.992201159872778,L
FRA,1997-10-01,log_gdp_real,13.002034729424468,L
FRA,1998-01-01,log_gdp_real,13.011573929503571,L
FRA,1998-04-01,log_gdp_real,13.018709182929936,L
FRA,1998-07-01,log_gdp_real,13.023868130655229,L
FRA,1998-10-01,log_gdp_real,13.030700179270543,L
FRA,1999-01-01,log_gdp_real,13.03755705839552,L
FRA,1999-04-01,log_gdp_real,13.044020574074361,L
FRA,1999-07-01,log_gdp_real,13.05864350774684,L
FRA,1999-10-01,log_gdp_real,13.072706848048936,L
FRA,2000-01-01,log_gdp_real,13.082080612473662,L
FRA,2000-04-01,log_gdp_real,13.093545090913304,L
FRA,2000-07-01,log_gdp_real,13.101348912129023,L
FRA,2000-10-01,log_gdp_real,13.107218470069862,L
FRA,2001-01-01,log_gdp_real,13.112237483140808,L
FRA,2001-04-01,log_gdp_real,13.112634807960282,L
FRA,2001-07-01,log_gdp_real,13.118416599111313,L
FRA,2001-10-01,log_gdp_real,13.113964001198967,L
FRA,2002-01-01,log_gdp_real,13.11975918944847,L
FRA,2002-04-01,log_gdp_real,13.124449998894729,L
FRA,2002-07-01,log_gdp_real,13.12848639342311,L
FRA,2002-10-01,log_gdp_real,13.129330848108593,L
FRA,2003-01-01,log_gdp_real,13.132198058005908,L
FRA,2003-04-01,log_gdp_real,13.127819266934752,L
FRA,2003-07-01,log_gdp_real,13.13878165679932,L
FRA,2003-10-01,log_gdp_real,13.142551028608505,L
FRA,2004-01-01,log_gdp_real,13.152822938888974,L
FRA,2004-04-01,log_gdp_real,13.157346856918284,L
FRA,2004-07-01,log_gdp_real,13.160881343688862,L
FRA,2004-10-01,log_gdp_real,13.169768964441456,L
FRA,2005-01-01,log_gdp_real,13.172715559084205,L
FRA,2005-04-01,log_gdp_real,13.174819195798918,L
FRA,2005-07-01,log_gdp_real,13.182571536041422,L
FRA,2005-10-01,log_gdp_real,13.189423529057636,L
FRA,2006-01-01,log_gdp_real,13.198081609536146,L
FRA,2006-04-01,log_gdp_real,13.210182844467875,L
FRA,2006-07-01,log_gdp_real,13.210849965734441,L
FRA,2006-10-01,log_gdp_real,13.21616842506535,L
FRA,2007-01-01,log_gdp_real,13.226647714189347,L
FRA,2007-04-01,log_gdp_real,13.233148115333673,L
FRA,2007-07-01,log_gdp_real,13.236483535128674,L
FRA,2007-10-01,log_gdp_real,13.237012083956957,L
FRA,2008-01-01,log_gdp_real,13.24591516399717,L
FRA,2008-04-01,log_gdp_real,13.238376670211453,L
FRA,2008-07-01,log_gdp_real,13.236105013149848,L
FRA,2008-10-01,log_gdp_real,13.223182355876398,L
FRA,2009-01-01,log_gdp_real,13.204016172806062,L
FRA,2009-04-01,log_gdp_real,13.205784617558052,L
FRA,2009-07-01,log_gdp_real,13.208081885665909,L
FRA,2009-10-01,log_gdp_real,13.215302202313254,L
FRA,2010-01-01,log_gdp_real,13.218118912568686,L
FRA,2010-04-01,log_gdp_real,13.222883778583217,L
FRA,2010-07-01,log_gdp_real,13.229647581586356,L
FRA,2010-10-01,log_gdp_real,13.23531609918876,L
FRA,2011-01-01,log_gdp_real,13.248580259098258,L
FRA,2011-04-01,log_gdp_real,13.248531779621771,L
FRA,2011-07-01,log_gdp_real,13.251805821662035,L
FRA,2011-10-01,log_gdp_real,13.255190021752112,L
FRA,2012-01-01,log_gdp_real,13.254869844972562,L
FRA,2012-04-01,log_gdp_real,13.25075395364682,L
FRA,2012-07-01,log_gdp_real,13.25401355164663,L
FRA,2012-10-01,log_gdp_real,13.253421639360742,L
FRA,2013-01-01,log_gdp_real,13.255536355806147,L
FRA,2013-04-01,log_gdp_real,13.2643043353042,L
FRA,2013-07-01,log_gdp_real,13.262137841440222,L
FRA,2013-10-01,log_gdp_real,13.268218025841623,L
FRA,2014-01-01,log_gdp_real,13.268245509673482,L
FRA,2014-04-01,log_gdp_real,13.270505930243175,L
FRA,2014-07-01,log_gdp_real,13.277050598981601,L
FRA,2014-10-01,log_gdp_real,13.2740965087433,L
FRA,2015-01-01,log_gdp_real,13.280027933473802,L
FRA,2015-04-01,log_gdp_real,13.2804052196871,L
FRA,2015-07-01,log_gdp_real,13.283282017121177,L
FRA,2015-10-01,log_gdp_real,13.285989423821936,L
FRA,2016-01-01,log_gdp_real,13.289155304630313,L
FRA,2016-04-01,log_gdp_real,13.28671052469306,L
FRA,2016-07-01,log_gdp_real,13.288286715321979,L
FRA,2016-10-01,log_gdp_real,13.29477600248816,L
FRA,2017-01-01,log_gdp_real,13.301624087917384,L
FRA,2017-04-01,log_gdp_real,13.30884377422212,L
FRA,2017-07-01,log_gdp_real,13.31608586259094,L
FRA,2017-10-01,log_gdp_real,13.322140692102515,L
FRA,2018-01-01,log_gdp_real,13.321779977726889,L
FRA,2018-04-01,log_gdp_real,13.323985801647114,L
FRA,2018-07-01,log_gdp_real,13.329309251773676,L
FRA,2018-10-01,log_gdp_real,13.336534960712322,L
FRA,2019-01-01,log_gdp_real,13.34613920878736,L
FRA,2019-04-01,log_gdp_real,13.351068235942805,L
FRA,2019-07-01,log_gdp_real,13.351365573296173,L
FRA,2019-10-01,log_gdp_real,13.346332987438068,L
FRA,2020-01-01,log_gdp_real,13.295101660971222,L
FRA,2020-04-01,log_gdp_real,13.16478607411699,L
FRA,2020-07-01,log_gdp_real,13.305737879656597,L
FRA,2020-10-01,log_gdp_real,13.305737713165316,L
FRA,2021-01-01,log_gdp_real,13.310200860136115,L
FRA,2021-04-01,log_gdp_real,13.322140692102515,L
FRA,2021-07-01,log_gdp_real,13.351513970263262,L
FRA,2021-10-01,log_gdp_real,13.3565706197542,L
FRA,2022-01-01,log_gdp_real,13.356404929202842,L
FRA,2022-04-01,log_gdp_real,13.360298117747565,L
FRA,2022-07-01,log_gdp_real,13.365427509842206,L
FRA,2022-10-01,log_gdp_real,13.369573394100142,L
FRA,2023-01-01,log_gdp_real,13.371085626668082,L
FRA,2023-04-01,log_gdp_real,13.380650881627421,L
FRA,2023-07-01,log_gdp_real,13.38430047372542,L
FRA,2023-10-01,log_gdp_real,13.389172671152117,L
FRA,2024-01-01,log_gdp_real,13.391123605556679,L
FRA,2024-04-01,log_gdp_real,13.394015148383449,L
FRA,2024-07-01,log_gdp_real,13.397976411125688,L
FRA,2024-10-01,log_gdp_real,13.39754833520044,L
FRA,2025-01-01,log_gdp_real,13.398895418650172,L
FRA,2025-04-01,log_gdp_real,13.401908131502097,L
FRA,2025-07-01,log_gdp_real,13.406389926564776,L
FRA,2025-10-01,log_gdp_real,13.408505464687408,L
FRA,2026-01-01,log_gdp_real,13.4075929950457,L
GBR,1995-01-01,log_conh_real,12.38738118939975,L
GBR,1995-04-01,log_conh_real,12.394417691301689,L
GBR,1995-07-01,log_conh_real,12.39851778549498,L
GBR,1995-10-01,log_conh_real,12.41075482965658,L
GBR,1996-01-01,log_conh_real,12.422537946890966,L
GBR,1996-04-01,log_conh_real,12.428427886209185,L
GBR,1996-07-01,log_conh_real,12.436970057816811,L
GBR,1996-10-01,log_conh_real,12.450460921073661,L
GBR,1997-01-01,log_conh_real,12.464587201678082,L
GBR,1997-04-01,log_conh_real,12.4794681492235,L
GBR,1997-07-01,log_conh_real,12.493939700871564,L
GBR,1997-10-01,log_conh_real,12.501354516219285,L
GBR,1998-01-01,log_conh_real,12.509405355331937,L
GBR,1998-04-01,log_conh_real,12.519181207560186,L
GBR,1998-07-01,log_conh_real,12.534386694449923,L
GBR,1998-10-01,log_conh_real,12.533204972096385,L
GBR,1999-01-01,log_conh_real,12.543091161485085,L
GBR,1999-04-01,log_conh_real,12.56278158889092,L
GBR,1999-07-01,log_conh_real,12.573112190935797,L
GBR,1999-10-01,log_conh_real,12.581566399642353,L
GBR,2000-01-01,log_conh_real,12.594099927993321,L
GBR,2000-04-01,log_conh_real,12.605117185835415,L
GBR,2000-07-01,log_conh_real,12.6172712854861,L
GBR,2000-10-01,log_conh_real,12.625391347926874,L
GBR,2001-01-01,log_conh_real,12.628158854654574,L
GBR,2001-04-01,log_conh_real,12.636015709045163,L
GBR,2001-07-01,log_conh_real,12.65091230111236,L
GBR,2001-10-01,log_conh_real,12.65823684414746,L
GBR,2002-01-01,log_conh_real,12.659362372453765,L
GBR,2002-04-01,log_conh_real,12.663810734642869,L
GBR,2002-07-01,log_conh_real,12.673908301419036,L
GBR,2002-10-01,log_conh_real,12.682791179257542,L
GBR,2003-01-01,log_conh_real,12.689159070571579,L
GBR,2003-04-01,log_conh_real,12.701418066847578,L
GBR,2003-07-01,log_conh_real,12.709187618486165,L
GBR,2003-10-01,log_conh_real,12.714957387002093,L
GBR,2004-01-01,log_conh_real,12.720197819787447,L
GBR,2004-04-01,log_conh_real,12.728793242759107,L
GBR,2004-07-01,log_conh_real,12.734772567972966,L
GBR,2004-10-01,log_conh_real,12.741378176339486,L
GBR,2005-01-01,log_conh_real,12.750522582544825,L
GBR,2005-04-01,log_conh_real,12.753283234745597,L
GBR,2005-07-01,log_conh_real,12.760377211004101,L
GBR,2005-10-01,log_conh_real,12.764187307339329,L
GBR,2006-01-01,log_conh_real,12.759213228789385,L
GBR,2006-04-01,log_conh_real,12.759753714952584,L
GBR,2006-07-01,log_conh_real,12.767968688848963,L
GBR,2006-10-01,log_conh_real,12.769444228771095,L
GBR,2007-01-01,log_conh_real,12.77977447204779,L
GBR,2007-04-01,log_conh_real,12.790244451361485,L
GBR,2007-07-01,log_conh_real,12.809759999547301,L
GBR,2007-10-01,log_conh_real,12.808126492877834,L
GBR,2008-01-01,log_conh_real,12.812438422654544,L
GBR,2008-04-01,log_conh_real,12.799352528379224,L
GBR,2008-07-01,log_conh_real,12.78395486741515,L
GBR,2008-10-01,log_conh_real,12.759170092306986,L
GBR,2009-01-01,log_conh_real,12.75501741440763,L
GBR,2009-04-01,log_conh_real,12.7536592289655,L
GBR,2009-07-01,log_conh_real,12.756901368613248,L
GBR,2009-10-01,log_conh_real,12.764942440996679,L
GBR,2010-01-01,log_conh_real,12.763640623848293,L
GBR,2010-04-01,log_conh_real,12.790520409166778,L
GBR,2010-07-01,log_conh_real,12.792836565384608,L
GBR,2010-10-01,log_conh_real,12.79034759601917,L
GBR,2011-01-01,log_conh_real,12.780087130051777,L
GBR,2011-04-01,log_conh_real,12.776215684148568,L
GBR,2011-07-01,log_conh_real,12.777786385806587,L
GBR,2011-10-01,log_conh_real,12.778404384835765,L
GBR,2012-01-01,log_conh_real,12.779196783490388,L
GBR,2012-04-01,log_conh_real,12.78979550880883,L
GBR,2012-07-01,log_conh_real,12.803795889815772,L
GBR,2012-10-01,log_conh_real,12.817540571670849,L
GBR,2013-01-01,log_conh_real,12.808964100980981,L
GBR,2013-04-01,log_conh_real,12.815691467253394,L
GBR,2013-07-01,log_conh_real,12.825963414332826,L
GBR,2013-10-01,log_conh_real,12.827256475667259,L
GBR,2014-01-01,log_conh_real,12.830571538084603,L
GBR,2014-04-01,log_conh_real,12.8384926990202,L
GBR,2014-07-01,log_conh_real,12.855570922959558,L
GBR,2014-10-01,log_conh_real,12.862392446627538,L
GBR,2015-01-01,log_conh_real,12.867112353746414,L
GBR,2015-04-01,log_conh_real,12.871838351748881,L
GBR,2015-07-01,log_conh_real,12.883931046040011,L
GBR,2015-10-01,log_conh_real,12.881198411492301,L
GBR,2016-01-01,log_conh_real,12.900481529807129,L
GBR,2016-04-01,log_conh_real,12.909340934439188,L
GBR,2016-07-01,log_conh_real,12.916543894098314,L
GBR,2016-10-01,log_conh_real,12.917840382466652,L
GBR,2017-01-01,log_conh_real,12.92618059617273,L
GBR,2017-04-01,log_conh_real,12.92690551592813,L
GBR,2017-07-01,log_conh_real,12.933635745456055,L
GBR,2017-10-01,log_conh_real,12.939502475189778,L
GBR,2018-01-01,log_conh_real,12.945967429461321,L
GBR,2018-04-01,log_conh_real,12.943753324450928,L
GBR,2018-07-01,log_conh_real,12.953198885579523,L
GBR,2018-10-01,log_conh_real,12.965094173364541,L
GBR,2019-01-01,log_conh_real,12.963534103336908,L
GBR,2019-04-01,log_conh_real,12.964824965687923,L
GBR,2019-07-01,log_conh_real,12.963745065889494,L
GBR,2019-10-01,log_conh_real,12.961017876816541,L
GBR,2020-01-01,log_conh_real,12.932287029794315,L
GBR,2020-04-01,log_conh_real,12.66809135498645,L
GBR,2020-07-01,log_conh_real,12.848726211873133,L
GBR,2020-10-01,log_conh_real,12.833130770161192,L
GBR,2021-01-01,log_conh_real,12.795568959260635,L
GBR,2021-04-01,log_conh_real,12.905209353008265,L
GBR,2021-07-01,log_conh_real,12.935932589272005,L
GBR,2021-10-01,log_conh_real,12.938414096586104,L
GBR,2022-01-01,log_conh_real,12.953423880103632,L
GBR,2022-04-01,log_conh_real,12.972621298731823,L
GBR,2022-07-01,log_conh_real,12.973141530897156,L
GBR,2022-10-01,log_conh_real,12.97673395498575,L
GBR,2023-01-01,log_conh_real,12.97072154777883,L
GBR,2023-04-01,log_conh_real,12.971779993869566,L
GBR,2023-07-01,log_conh_real,12.95985385962697,L
GBR,2023-10-01,log_conh_real,12.957837729911784,L
GBR,2024-01-01,log_conh_real,12.958994675187261,L
GBR,2024-04-01,log_conh_real,12.957969750582642,L
GBR,2024-07-01,log_conh_real,12.96496308998362,L
GBR,2024-10-01,log_conh_real,12.969118953469787,L
GBR,2025-01-01,log_conh_real,12.971440482669411,L
GBR,2025-04-01,log_conh_real,12.973629002877171,L
GBR,2025-07-01,log_conh_real,12.974723787682725,L
GBR,2025-10-01,log_conh_real,12.975523243631837,L
GBR,2026-01-01,log_conh_real,12.98102329041377,L
GBR,1994-01-01,log_gdp_real,12.876529332920414,L
GBR,1994-04-01,log_gdp_real,12.88559746156592,L
GBR,1994-07-01,log_gdp_real,12.895628384577796,L
GBR,1994-10-01,log_gdp_real,12.899917082950047,L
GBR,1995-01-01,log_gdp_real,12.905177046564246,L
GBR,1995-04-01,log_gdp_real,12.907334314399279,L
GBR,1995-07-01,log_gdp_real,12.918519876135115,L
GBR,1995-10-01,log_gdp_real,12.921793121342416,L
GBR,1996-01-01,log_gdp_real,12.92883202496429,L
GBR,1996-04-01,log_gdp_real,12.931989487419546,L
GBR,1996-07-01,log_gdp_real,12.940887063292113,L
GBR,1996-10-01,log_gdp_real,12.954273665755519,L
GBR,1997-01-01,log_gdp_real,12.970186082504927,L
GBR,1997-04-01,log_gdp_real,12.981258233337542,L
GBR,1997-07-01,log_gdp_real,12.99020247380199,L
GBR,1997-10-01,log_gdp_real,13.004795318638758,L
GBR,1998-01-01,log_gdp_real,13.011905447533012,L
GBR,1998-04-01,log_gdp_real,13.017651540198026,L
GBR,1998-07-01,log_gdp_real,13.019233704897863,L
GBR,1998-10-01,log_gdp_real,13.025713700874697,L
GBR,1999-01-01,log_gdp_real,13.032534945329239,L
GBR,1999-04-01,log_gdp_real,13.036173481088856,L
GBR,1999-07-01,log_gdp_real,13.052771040559632,L
GBR,1999-10-01,log_gdp_real,13.068734726614625,L
GBR,2000-01-01,log_gdp_real,13.081982952044727,L
GBR,2000-04-01,log_gdp_real,13.089162270015434,L
GBR,2000-07-01,log_gdp_real,13.095232645013944,L
GBR,2000-10-01,log_gdp_real,13.101151998283097,L
GBR,2001-01-01,log_gdp_real,13.10943010199243,L
GBR,2001-04-01,log_gdp_real,13.113528464241492,L
GBR,2001-07-01,log_gdp_real,13.118230850264304,L
GBR,2001-10-01,log_gdp_real,13.120918333831595,L
GBR,2002-01-01,log_gdp_real,13.123950117865585,L
GBR,2002-04-01,log_gdp_real,13.129205913765995,L
GBR,2002-07-01,log_gdp_real,13.1350545033004,L
GBR,2002-10-01,log_gdp_real,13.141632529094364,L
GBR,2003-01-01,log_gdp_real,13.150038853902696,L
GBR,2003-04-01,log_gdp_real,13.15927758646711,L
GBR,2003-07-01,log_gdp_real,13.16965336925871,L
GBR,2003-10-01,log_gdp_real,13.1774574397139,L
GBR,2004-01-01,log_gdp_real,13.180624738330014,L
GBR,2004-04-01,log_gdp_real,13.185418924479226,L
GBR,2004-07-01,log_gdp_real,13.188987846439074,L
GBR,2004-10-01,log_gdp_real,13.19354106045139,L
GBR,2005-01-01,log_gdp_real,13.201226312496717,L
GBR,2005-04-01,log_gdp_real,13.209513078160118,L
GBR,2005-07-01,log_gdp_real,13.218676690266044,L
GBR,2005-10-01,log_gdp_real,13.229082769371397,L
GBR,2006-01-01,log_gdp_real,13.232676807108,L
GBR,2006-04-01,log_gdp_real,13.23532592426226,L
GBR,2006-07-01,log_gdp_real,13.23689669399449,L
GBR,2006-10-01,log_gdp_real,13.240446812380762,L
GBR,2007-01-01,log_gdp_real,13.251363268265877,L
GBR,2007-04-01,log_gdp_real,13.260722597293713,L
GBR,2007-07-01,log_gdp_real,13.270102116030516,L
GBR,2007-10-01,log_gdp_real,13.27851890332679,L
GBR,2008-01-01,log_gdp_real,13.282251850282584,L
GBR,2008-04-01,log_gdp_real,13.276869993878622,L
GBR,2008-07-01,log_gdp_real,13.260316728742517,L
GBR,2008-10-01,log_gdp_real,13.238929673132816,L
GBR,2009-01-01,log_gdp_real,13.21849322119233,L
GBR,2009-04-01,log_gdp_real,13.215596856903948,L
GBR,2009-07-01,log_gdp_real,13.216836843625089,L
GBR,2009-10-01,log_gdp_real,13.220164996449341,L
GBR,2010-01-01,log_gdp_real,13.228527170348553,L
GBR,2010-04-01,log_gdp_real,13.239885045573873,L
GBR,2010-07-01,log_gdp_real,13.245746702127002,L
GBR,2010-10-01,log_gdp_real,13.246252179318828,L
GBR,2011-01-01,log_gdp_real,13.24789057173065,L
GBR,2011-04-01,log_gdp_real,13.247410631290515,L
GBR,2011-07-01,log_gdp_real,13.249147558706609,L
GBR,2011-10-01,log_gdp_real,13.249975284392757,L
GBR,2012-01-01,log_gdp_real,13.259366735774229,L
GBR,2012-04-01,log_gdp_real,13.258836439074761,L
GBR,2012-07-01,log_gdp_real,13.269145835577616,L
GBR,2012-10-01,log_gdp_real,13.267701050808302,L
GBR,2013-01-01,log_gdp_real,13.270350530234875,L
GBR,2013-04-01,log_gdp_real,13.276979663106061,L
GBR,2013-07-01,log_gdp_real,13.284611470229162,L
GBR,2013-10-01,log_gdp_real,13.29118420814443,L
GBR,2014-01-01,log_gdp_real,13.29916304995159,L
GBR,2014-04-01,log_gdp_real,13.308527541915733,L
GBR,2014-07-01,log_gdp_real,13.316634914584043,L
GBR,2014-10-01,log_gdp_real,13.323212238812166,L
GBR,2015-01-01,log_gdp_real,13.326244187657554,L
GBR,2015-04-01,log_gdp_real,13.330799299846264,L
GBR,2015-07-01,log_gdp_real,13.334669212255196,L
GBR,2015-10-01,log_gdp_real,13.34064392345254,L
GBR,2016-01-01,log_gdp_real,13.345665316174584,L
GBR,2016-04-01,log_gdp_real,13.35299403029207,L
GBR,2016-07-01,log_gdp_real,13.357399135286276,L
GBR,2016-10-01,log_gdp_real,13.363570004656511,L
GBR,2017-01-01,log_gdp_real,13.373064506544647,L
GBR,2017-04-01,log_gdp_real,13.381559551846923,L
GBR,2017-07-01,log_gdp_real,13.388304314867396,L
GBR,2017-10-01,log_gdp_real,13.395781704592162,L
GBR,2018-01-01,log_gdp_real,13.396566515798664,L
GBR,2018-04-01,log_gdp_real,13.398739780947125,L
GBR,2018-07-01,log_gdp_real,13.401905409438,L
GBR,2018-10-01,log_gdp_real,13.403202087374101,L
GBR,2019-01-01,log_gdp_real,13.408227798929085,L
GBR,2019-04-01,log_gdp_real,13.410357901038156,L
GBR,2019-07-01,log_gdp_real,13.415849076189774,L
GBR,2019-10-01,log_gdp_real,13.415908727201549,L
GBR,2020-01-01,log_gdp_real,13.388075876427113,L
GBR,2020-04-01,log_gdp_real,13.166104626750847,L
GBR,2020-07-01,log_gdp_real,13.322806410589754,L
GBR,2020-10-01,log_gdp_real,13.336393527542004,L
GBR,2021-01-01,log_gdp_real,13.325573572877754,L
GBR,2021-04-01,log_gdp_real,13.393066621883214,L
GBR,2021-07-01,log_gdp_real,13.40979241784621,L
GBR,2021-10-01,log_gdp_real,13.423474870167771,L
GBR,2022-01-01,log_gdp_real,13.433557365698318,L
GBR,2022-04-01,log_gdp_real,13.439121125702151,L
GBR,2022-07-01,log_gdp_real,13.440131782831758,L
GBR,2022-10-01,log_gdp_real,13.442730912395046,L
GBR,2023-01-01,log_gdp_real,13.443295489343809,L
GBR,2023-04-01,log_gdp_real,13.443708923193393,L
GBR,2023-07-01,log_gdp_real,13.44131007790258,L
GBR,2023-10-01,log_gdp_real,13.438090485571795,L
GBR,2024-01-01,log_gdp_real,13.445345023843043,L
GBR,2024-04-01,log_gdp_real,13.451537619758668,L
GBR,2024-07-01,log_gdp_real,13.453326179209023,L
GBR,2024-10-01,log_gdp_real,13.457647765956137,L
GBR,2025-01-01,log_gdp_real,13.463365339311938,L
GBR,2025-04-01,log_gdp_real,13.464922763965191,L
GBR,2025-07-01,log_gdp_real,13.46567219128453,L
GBR,2025-10-01,log_gdp_real,13.46618000639968,L
GBR,2026-01-01,log_gdp_real,13.472453891484244,L
GRC,1995-01-01,log_conh_real,10.16008135370467,L
GRC,1995-04-01,log_conh_real,10.153522273451848,L
GRC,1995-07-01,log_conh_real,10.143798890451427,L
GRC,1995-10-01,log_conh_real,10.141464542408242,L
GRC,1996-01-01,log_conh_real,10.145295829079494,L
GRC,1996-04-01,log_conh_real,10.144871727540089,L
GRC,1996-07-01,log_conh_real,10.162909029710931,L
GRC,1996-10-01,log_conh_real,10.165401715723235,L
GRC,1997-01-01,log_conh_real,10.159218325505936,L
GRC,1997-04-01,log_conh_real,10.179382934057202,L
GRC,1997-07-01,log_conh_real,10.190394324520158,L
GRC,1997-10-01,log_conh_real,10.207159847235532,L
GRC,1998-01-01,log_conh_real,10.227352073439686,L
GRC,1998-04-01,log_conh_real,10.23132619816448,L
GRC,1998-07-01,log_conh_real,10.221606682227302,L
GRC,1998-10-01,log_conh_real,10.236399888795829,L
GRC,1999-01-01,log_conh_real,10.242139554598705,L
GRC,1999-04-01,log_conh_real,10.254038784766838,L
GRC,1999-07-01,log_conh_real,10.266998080546617,L
GRC,1999-10-01,log_conh_real,10.276388145770893,L
GRC,2000-01-01,log_conh_real,10.260917211605735,L
GRC,2000-04-01,log_conh_real,10.264129617035971,L
GRC,2000-07-01,log_conh_real,10.27450268274837,L
GRC,2000-10-01,log_conh_real,10.268394520200378,L
GRC,2001-01-01,log_conh_real,10.287092117290667,L
GRC,2001-04-01,log_conh_real,10.307241196925414,L
GRC,2001-07-01,log_conh_real,10.342497037429505,L
GRC,2001-10-01,log_conh_real,10.336058618934468,L
GRC,2002-01-01,log_conh_real,10.362569254081306,L
GRC,2002-04-01,log_conh_real,10.371479785279494,L
GRC,2002-07-01,log_conh_real,10.37550789684431,L
GRC,2002-10-01,log_conh_real,10.394833676794532,L
GRC,2003-01-01,log_conh_real,10.401562227376685,L
GRC,2003-04-01,log_conh_real,10.407200944233834,L
GRC,2003-07-01,log_conh_real,10.413021342243695,L
GRC,2003-10-01,log_conh_real,10.429363352098497,L
GRC,2004-01-01,log_conh_real,10.437826557286758,L
GRC,2004-04-01,log_conh_real,10.449030495149264,L
GRC,2004-07-01,log_conh_real,10.453240577212801,L
GRC,2004-10-01,log_conh_real,10.47586724839873,L
GRC,2005-01-01,log_conh_real,10.4849794468755,L
GRC,2005-04-01,log_conh_real,10.485887512938929,L
GRC,2005-07-01,log_conh_real,10.495199835440719,L
GRC,2005-10-01,log_conh_real,10.487910232246094,L
GRC,2006-01-01,log_conh_real,10.492728714699627,L
GRC,2006-04-01,log_conh_real,10.505390774995616,L
GRC,2006-07-01,log_conh_real,10.50544828899413,L
GRC,2006-10-01,log_conh_real,10.521102670483636,L
GRC,2007-01-01,log_conh_real,10.534213967929503,L
GRC,2007-04-01,log_conh_real,10.547636172213554,L
GRC,2007-07-01,log_conh_real,10.55091273229596,L
GRC,2007-10-01,log_conh_real,10.574746933338044,L
GRC,2008-01-01,log_conh_real,10.593923561188658,L
GRC,2008-04-01,log_conh_real,10.5847696202173,L
GRC,2008-07-01,log_conh_real,10.58532855850205,L
GRC,2008-10-01,log_conh_real,10.583075723788122,L
GRC,2009-01-01,log_conh_real,10.56306502290664,L
GRC,2009-04-01,log_conh_real,10.573471013652712,L
GRC,2009-07-01,log_conh_real,10.585654672252911,L
GRC,2009-10-01,log_conh_real,10.572062800723552,L
GRC,2010-01-01,log_conh_real,10.549873259741183,L
GRC,2010-04-01,log_conh_real,10.514404634827102,L
GRC,2010-07-01,log_conh_real,10.481507230887596,L
GRC,2010-10-01,log_conh_real,10.4513314659002,L
GRC,2011-01-01,log_conh_real,10.436867895469952,L
GRC,2011-04-01,log_conh_real,10.434239325380933,L
GRC,2011-07-01,log_conh_real,10.405313803145319,L
GRC,2011-10-01,log_conh_real,10.379063129608689,L
GRC,2012-01-01,log_conh_real,10.35824428636245,L
GRC,2012-04-01,log_conh_real,10.319836548996363,L
GRC,2012-07-01,log_conh_real,10.306833750672626,L
GRC,2012-10-01,log_conh_real,10.275633697851436,L
GRC,2013-01-01,log_conh_real,10.274092028508289,L
GRC,2013-04-01,log_conh_real,10.277510152008007,L
GRC,2013-07-01,log_conh_real,10.285452004058698,L
GRC,2013-10-01,log_conh_real,10.291809892783565,L
GRC,2014-01-01,log_conh_real,10.287606442624694,L
GRC,2014-04-01,log_conh_real,10.278648080379437,L
GRC,2014-07-01,log_conh_real,10.28311505947127,L
GRC,2014-10-01,log_conh_real,10.291626763717758,L
GRC,2015-01-01,log_conh_real,10.294075881413862,L
GRC,2015-04-01,log_conh_real,10.301656105411654,L
GRC,2015-07-01,log_conh_real,10.268522950281657,L
GRC,2015-10-01,log_conh_real,10.287081896226075,L
GRC,2016-01-01,log_conh_real,10.279252615095048,L
GRC,2016-04-01,log_conh_real,10.283959586253127,L
GRC,2016-07-01,log_conh_real,10.297996190469336,L
GRC,2016-10-01,log_conh_real,10.30385301284958,L
GRC,2017-01-01,log_conh_real,10.31359851858085,L
GRC,2017-04-01,log_conh_real,10.310065374681683,L
GRC,2017-07-01,log_conh_real,10.32012007233619,L
GRC,2017-10-01,log_conh_real,10.323975911036188,L
GRC,2018-01-01,log_conh_real,10.330975044678786,L
GRC,2018-04-01,log_conh_real,10.34136821989102,L
GRC,2018-07-01,log_conh_real,10.338462918018234,L
GRC,2018-10-01,log_conh_real,10.342361646584942,L
GRC,2019-01-01,log_conh_real,10.363065144048116,L
GRC,2019-04-01,log_conh_real,10.36155143585415,L
GRC,2019-07-01,log_conh_real,10.352794092073426,L
GRC,2019-10-01,log_conh_real,10.367664866723624,L
GRC,2020-01-01,log_conh_real,10.351456440171017,L
GRC,2020-04-01,log_conh_real,10.235252297714336,L
GRC,2020-07-01,log_conh_real,10.314520464947757,L
GRC,2020-10-01,log_conh_real,10.289232829920381,L
GRC,2021-01-01,log_conh_real,10.304867661719133,L
GRC,2021-04-01,log_conh_real,10.342135954434525,L
GRC,2021-07-01,log_conh_real,10.354846571225407,L
GRC,2021-10-01,log_conh_real,10.392699269629388,L
GRC,2022-01-01,log_conh_real,10.4202047866317,L
GRC,2022-04-01,log_conh_real,10.433191847470503,L
GRC,2022-07-01,log_conh_real,10.443626317303451,L
GRC,2022-10-01,log_conh_real,10.456725904933725,L
GRC,2023-01-01,log_conh_real,10.45837216609565,L
GRC,2023-04-01,log_conh_real,10.457800735047375,L
GRC,2023-07-01,log_conh_real,10.459740549766362,L
GRC,2023-10-01,log_conh_real,10.474633751901187,L
GRC,2024-01-01,log_conh_real,10.476558131727561,L
GRC,2024-04-01,log_conh_real,10.488876901727396,L
GRC,2024-07-01,log_conh_real,10.49102974311239,L
GRC,2024-10-01,log_conh_real,10.487645419084167,L
GRC,2025-01-01,log_conh_real,10.503411374365239,L
GRC,2025-04-01,log_conh_real,10.500910967777049,L
GRC,2025-07-01,log_conh_real,10.503831159128827,L
GRC,2025-10-01,log_conh_real,10.510583803819749,L
GRC,2026-01-01,log_conh_real,10.510169570540539,L
GRC,1995-01-01,log_gdp_real,10.518546156530718,L
GRC,1995-04-01,log_gdp_real,10.529383201738838,L
GRC,1995-07-01,log_gdp_real,10.534996003496117,L
GRC,1995-10-01,log_gdp_real,10.542785543610696,L
GRC,1996-01-01,log_gdp_real,10.541317564300101,L
GRC,1996-04-01,log_gdp_real,10.540556324076201,L
GRC,1996-07-01,log_gdp_real,10.548323829063152,L
GRC,1996-10-01,log_gdp_real,10.554431576877635,L
GRC,1997-01-01,log_gdp_real,10.561336516883218,L
GRC,1997-04-01,log_gdp_real,10.57620751078103,L
GRC,1997-07-01,log_gdp_real,10.590817847774508,L
GRC,1997-10-01,log_gdp_real,10.59903435170705,L
GRC,1998-01-01,log_gdp_real,10.611752383398072,L
GRC,1998-04-01,log_gdp_real,10.61440343061362,L
GRC,1998-07-01,log_gdp_real,10.615834237373655,L
GRC,1998-10-01,log_gdp_real,10.620055805914964,L
GRC,1999-01-01,log_gdp_real,10.628172159094229,L
GRC,1999-04-01,log_gdp_real,10.634968033384236,L
GRC,1999-07-01,log_gdp_real,10.64159853846366,L
GRC,1999-10-01,log_gdp_real,10.657774516311733,L
GRC,2000-01-01,log_gdp_real,10.660214982738141,L
GRC,2000-04-01,log_gdp_real,10.674232145778944,L
GRC,2000-07-01,log_gdp_real,10.690480204374762,L
GRC,2000-10-01,log_gdp_real,10.703556778930805,L
GRC,2001-01-01,log_gdp_real,10.719270420016409,L
GRC,2001-04-01,log_gdp_real,10.716941248763517,L
GRC,2001-07-01,log_gdp_real,10.734784507060603,L
GRC,2001-10-01,log_gdp_real,10.741563737964539,L
GRC,2002-01-01,log_gdp_real,10.750717553478074,L
GRC,2002-04-01,log_gdp_real,10.77436869963782,L
GRC,2002-07-01,log_gdp_real,10.781534214186,L
GRC,2002-10-01,log_gdp_real,10.7901002150567,L
GRC,2003-01-01,log_gdp_real,10.808929650203444,L
GRC,2003-04-01,log_gdp_real,10.82678170312261,L
GRC,2003-07-01,log_gdp_real,10.833888268728623,L
GRC,2003-10-01,log_gdp_real,10.852609396703432,L
GRC,2004-01-01,log_gdp_real,10.872714129073234,L
GRC,2004-04-01,log_gdp_real,10.874150932717184,L
GRC,2004-07-01,log_gdp_real,10.888083452817002,L
GRC,2004-10-01,log_gdp_real,10.88934352539589,L
GRC,2005-01-01,log_gdp_real,10.881035176889725,L
GRC,2005-04-01,log_gdp_real,10.88692465215802,L
GRC,2005-07-01,log_gdp_real,10.902115588252531,L
GRC,2005-10-01,log_gdp_real,10.908151733358597,L
GRC,2006-01-01,log_gdp_real,10.94120445356738,L
GRC,2006-04-01,log_gdp_real,10.948009656707347,L
GRC,2006-07-01,log_gdp_real,10.9545224413388,L
GRC,2006-10-01,log_gdp_real,10.98151440759513,L
GRC,2007-01-01,log_gdp_real,10.975998820606101,L
GRC,2007-04-01,log_gdp_real,11.001666413954883,L
GRC,2007-07-01,log_gdp_real,10.996879572614352,L
GRC,2007-10-01,log_gdp_real,10.985402886311169,L
GRC,2008-01-01,log_gdp_real,10.99930427056877,L
GRC,2008-04-01,log_gdp_real,10.990315679911399,L
GRC,2008-07-01,log_gdp_real,10.990597272920311,L
GRC,2008-10-01,log_gdp_real,10.98365579062464,L
GRC,2009-01-01,log_gdp_real,10.931988487306116,L
GRC,2009-04-01,log_gdp_real,10.957322116422585,L
GRC,2009-07-01,log_gdp_real,10.953905249646224,L
GRC,2009-10-01,log_gdp_real,10.952340457493255,L
GRC,2010-01-01,log_gdp_real,10.940878478873593,L
GRC,2010-04-01,log_gdp_real,10.896905978325732,L
GRC,2010-07-01,log_gdp_real,10.864005673985291,L
GRC,2010-10-01,log_gdp_real,10.859591129910907,L
GRC,2011-01-01,log_gdp_real,10.823154578310017,L
GRC,2011-04-01,log_gdp_real,10.804441271400046,L
GRC,2011-07-01,log_gdp_real,10.782300691140417,L
GRC,2011-10-01,log_gdp_real,10.736359718266584,L
GRC,2012-01-01,log_gdp_real,10.727118987908053,L
GRC,2012-04-01,log_gdp_real,10.703111875094597,L
GRC,2012-07-01,log_gdp_real,10.688539119765565,L
GRC,2012-10-01,log_gdp_real,10.678085679505054,L
GRC,2013-01-01,log_gdp_real,10.670888408920215,L
GRC,2013-04-01,log_gdp_real,10.672094648105935,L
GRC,2013-07-01,log_gdp_real,10.6782377612977,L
GRC,2013-10-01,log_gdp_real,10.683158699653868,L
GRC,2014-01-01,log_gdp_real,10.681083872022171,L
GRC,2014-04-01,log_gdp_real,10.682080510173485,L
GRC,2014-07-01,log_gdp_real,10.691899457321854,L
GRC,2014-10-01,log_gdp_real,10.684267791801574,L
GRC,2015-01-01,log_gdp_real,10.688472983632293,L
GRC,2015-04-01,log_gdp_real,10.686251463203883,L
GRC,2015-07-01,log_gdp_real,10.665430585175976,L
GRC,2015-10-01,log_gdp_real,10.689211635444,L
GRC,2016-01-01,log_gdp_real,10.679419063699926,L
GRC,2016-04-01,log_gdp_real,10.678887304912513,L
GRC,2016-07-01,log_gdp_real,10.681625945927467,L
GRC,2016-10-01,log_gdp_real,10.687560314582575,L
GRC,2017-01-01,log_gdp_real,10.689341527030283,L
GRC,2017-04-01,log_gdp_real,10.694741000202399,L
GRC,2017-07-01,log_gdp_real,10.703716266952133,L
GRC,2017-10-01,log_gdp_real,10.696158749480176,L
GRC,2018-01-01,log_gdp_real,10.711125689133267,L
GRC,2018-04-01,log_gdp_real,10.713021238502314,L
GRC,2018-07-01,log_gdp_real,10.715761310240694,L
GRC,2018-10-01,log_gdp_real,10.721872137998474,L
GRC,2019-01-01,log_gdp_real,10.733289679842246,L
GRC,2019-04-01,log_gdp_real,10.742534323256061,L
GRC,2019-07-01,log_gdp_real,10.73747001228261,L
GRC,2019-10-01,log_gdp_real,10.736390153710834,L
GRC,2020-01-01,log_gdp_real,10.716602048143052,L
GRC,2020-04-01,log_gdp_real,10.568574707128034,L
GRC,2020-07-01,log_gdp_real,10.628215761104773,L
GRC,2020-10-01,log_gdp_real,10.653388342791656,L
GRC,2021-01-01,log_gdp_real,10.694489400217845,L
GRC,2021-04-01,log_gdp_real,10.708482411539327,L
GRC,2021-07-01,log_gdp_real,10.737402691006999,L
GRC,2021-10-01,log_gdp_real,10.750389620322059,L
GRC,2022-01-01,log_gdp_real,10.769089018087362,L
GRC,2022-04-01,log_gdp_real,10.770999720173572,L
GRC,2022-07-01,log_gdp_real,10.781239098964226,L
GRC,2022-10-01,log_gdp_real,10.790359772327614,L
GRC,2023-01-01,log_gdp_real,10.79066662218674,L
GRC,2023-04-01,log_gdp_real,10.801685594337815,L
GRC,2023-07-01,log_gdp_real,10.798828359219499,L
GRC,2023-10-01,log_gdp_real,10.80556373468517,L
GRC,2024-01-01,log_gdp_real,10.808513069475806,L
GRC,2024-04-01,log_gdp_real,10.819810283898294,L
GRC,2024-07-01,log_gdp_real,10.822753853011813,L
GRC,2024-10-01,log_gdp_real,10.827421004281028,L
GRC,2025-01-01,log_gdp_real,10.832803092132973,L
GRC,2025-04-01,log_gdp_real,10.837044364054465,L
GRC,2025-07-01,log_gdp_real,10.843274083544081,L
GRC,2025-10-01,log_gdp_real,10.850484001509,L
GRC,2026-01-01,log_gdp_real,10.852911274151223,L
HUN,1995-01-01,log_conh_real,15.093356585463974,L
HUN,1995-04-01,log_conh_real,15.102596827281886,L
HUN,1995-07-01,log_conh_real,15.082689683943972,L
HUN,1995-10-01,log_conh_real,15.12422114408955,L
HUN,1996-01-01,log_conh_real,15.06898927025393,L
HUN,1996-04-01,log_conh_real,15.065518305751162,L
HUN,1996-07-01,log_conh_real,15.084394032921567,L
HUN,1996-10-01,log_conh_real,15.08531745006877,L
HUN,1997-01-01,log_conh_real,15.100164696767463,L
HUN,1997-04-01,log_conh_real,15.088127693043896,L
HUN,1997-07-01,log_conh_real,15.09180895409024,L
HUN,1997-10-01,log_conh_real,15.107195019026733,L
HUN,1998-01-01,log_conh_real,15.126015880884207,L
HUN,1998-04-01,log_conh_real,15.136457270691405,L
HUN,1998-07-01,log_conh_real,15.148296805373013,L
HUN,1998-10-01,log_conh_real,15.165879510446073,L
HUN,1999-01-01,log_conh_real,15.185385606917189,L
HUN,1999-04-01,log_conh_real,15.203424357086305,L
HUN,1999-07-01,log_conh_real,15.217386641075718,L
HUN,1999-10-01,log_conh_real,15.229398441914032,L
HUN,2000-01-01,log_conh_real,15.225904673041752,L
HUN,2000-04-01,log_conh_real,15.232591850361564,L
HUN,2000-07-01,log_conh_real,15.24375172077159,L
HUN,2000-10-01,log_conh_real,15.257880858370987,L
HUN,2001-01-01,log_conh_real,15.259733203164622,L
HUN,2001-04-01,log_conh_real,15.286669597731466,L
HUN,2001-07-01,log_conh_real,15.287654809309117,L
HUN,2001-10-01,log_conh_real,15.308097750001025,L
HUN,2002-01-01,log_conh_real,15.329206657453867,L
HUN,2002-04-01,log_conh_real,15.339999764639044,L
HUN,2002-07-01,log_conh_real,15.370864760103267,L
HUN,2002-10-01,log_conh_real,15.389680192073728,L
HUN,2003-01-01,log_conh_real,15.417038670245665,L
HUN,2003-04-01,log_conh_real,15.427728402803233,L
HUN,2003-07-01,log_conh_real,15.446178118231932,L
HUN,2003-10-01,log_conh_real,15.452564610193521,L
HUN,2004-01-01,log_conh_real,15.418633975874474,L
HUN,2004-04-01,log_conh_real,15.463011783253028,L
HUN,2004-07-01,log_conh_real,15.474853441510998,L
HUN,2004-10-01,log_conh_real,15.463873370572541,L
HUN,2005-01-01,log_conh_real,15.463334027213358,L
HUN,2005-04-01,log_conh_real,15.485028567517555,L
HUN,2005-07-01,log_conh_real,15.48522423136994,L
HUN,2005-10-01,log_conh_real,15.503950575294134,L
HUN,2006-01-01,log_conh_real,15.504752688096977,L
HUN,2006-04-01,log_conh_real,15.503850959038415,L
HUN,2006-07-01,log_conh_real,15.50968733385067,L
HUN,2006-10-01,log_conh_real,15.506310553467129,L
HUN,2007-01-01,log_conh_real,15.51449772425245,L
HUN,2007-04-01,log_conh_real,15.513118309444978,L
HUN,2007-07-01,log_conh_real,15.51362469409466,L
HUN,2007-10-01,log_conh_real,15.52188732319452,L
HUN,2008-01-01,log_conh_real,15.520377552224483,L
HUN,2008-04-01,log_conh_real,15.515512313235869,L
HUN,2008-07-01,log_conh_real,15.50401599504316,L
HUN,2008-10-01,log_conh_real,15.470612228640425,L
HUN,2009-01-01,log_conh_real,15.450965279024784,L
HUN,2009-04-01,log_conh_real,15.441770975263049,L
HUN,2009-07-01,log_conh_real,15.417448012155164,L
HUN,2009-10-01,log_conh_real,15.427716037150072,L
HUN,2010-01-01,log_conh_real,15.426441355490685,L
HUN,2010-04-01,log_conh_real,15.413065952072666,L
HUN,2010-07-01,log_conh_real,15.425488324650841,L
HUN,2010-10-01,log_conh_real,15.410678131733963,L
HUN,2011-01-01,log_conh_real,15.414622136865058,L
HUN,2011-04-01,log_conh_real,15.424042660276227,L
HUN,2011-07-01,log_conh_real,15.436715368116198,L
HUN,2011-10-01,log_conh_real,15.423319544418522,L
HUN,2012-01-01,log_conh_real,15.416564018915937,L
HUN,2012-04-01,log_conh_real,15.405213000847063,L
HUN,2012-07-01,log_conh_real,15.398449862980646,L
HUN,2012-10-01,log_conh_real,15.40752740094069,L
HUN,2013-01-01,log_conh_real,15.40707956825001,L
HUN,2013-04-01,log_conh_real,15.408953632262596,L
HUN,2013-07-01,log_conh_real,15.409681115190656,L
HUN,2013-10-01,log_conh_real,15.414068295374076,L
HUN,2014-01-01,log_conh_real,15.418270019104817,L
HUN,2014-04-01,log_conh_real,15.435252600043507,L
HUN,2014-07-01,log_conh_real,15.434640550085799,L
HUN,2014-10-01,log_conh_real,15.449902902369598,L
HUN,2015-01-01,log_conh_real,15.458486722755516,L
HUN,2015-04-01,log_conh_real,15.466303826655967,L
HUN,2015-07-01,log_conh_real,15.476819597808264,L
HUN,2015-10-01,log_conh_real,15.489316289467176,L
HUN,2016-01-01,log_conh_real,15.504218879926455,L
HUN,2016-04-01,log_conh_real,15.512692279094404,L
HUN,2016-07-01,log_conh_real,15.524630896171507,L
HUN,2016-10-01,log_conh_real,15.538513199273474,L
HUN,2017-01-01,log_conh_real,15.551628697292497,L
HUN,2017-04-01,log_conh_real,15.566592293099372,L
HUN,2017-07-01,log_conh_real,15.580076443947087,L
HUN,2017-10-01,log_conh_real,15.595761726667769,L
HUN,2018-01-01,log_conh_real,15.60463622845416,L
HUN,2018-04-01,log_conh_real,15.617636937930714,L
HUN,2018-07-01,log_conh_real,15.628320241940616,L
HUN,2018-10-01,log_conh_real,15.640030656040793,L
HUN,2019-01-01,log_conh_real,15.649258541064247,L
HUN,2019-04-01,log_conh_real,15.665163864986221,L
HUN,2019-07-01,log_conh_real,15.677757847353133,L
HUN,2019-10-01,log_conh_real,15.700203597216806,L
HUN,2020-01-01,log_conh_real,15.71273123778025,L
HUN,2020-04-01,log_conh_real,15.613503227042973,L
HUN,2020-07-01,log_conh_real,15.679314061366835,L
HUN,2020-10-01,log_conh_real,15.69143484267838,L
HUN,2021-01-01,log_conh_real,15.670731405920248,L
HUN,2021-04-01,log_conh_real,15.712708439816108,L
HUN,2021-07-01,log_conh_real,15.74808185302953,L
HUN,2021-10-01,log_conh_real,15.769266561932387,L
HUN,2022-01-01,log_conh_real,15.790113392265106,L
HUN,2022-04-01,log_conh_real,15.798510855427528,L
HUN,2022-07-01,log_conh_real,15.791636020478851,L
HUN,2022-10-01,log_conh_real,15.779068914378533,L
HUN,2023-01-01,log_conh_real,15.757412255329356,L
HUN,2023-04-01,log_conh_real,15.761634826951422,L
HUN,2023-07-01,log_conh_real,15.770175556950592,L
HUN,2023-10-01,log_conh_real,15.782960759692036,L
HUN,2024-01-01,log_conh_real,15.818609382306416,L
HUN,2024-04-01,log_conh_real,15.83014620943328,L
HUN,2024-07-01,log_conh_real,15.845332404008568,L
HUN,2024-10-01,log_conh_real,15.861259577844299,L
HUN,2025-01-01,log_conh_real,15.852658319453482,L
HUN,2025-04-01,log_conh_real,15.8663418261569,L
HUN,2025-07-01,log_conh_real,15.870729589038483,L
HUN,2025-10-01,log_conh_real,15.888446735572977,L
HUN,2026-01-01,log_conh_real,15.904840423624396,L
HUN,1995-01-01,log_gdp_real,15.802696203263817,L
HUN,1995-04-01,log_gdp_real,15.80031859334462,L
HUN,1995-07-01,log_gdp_real,15.799909916425491,L
HUN,1995-10-01,log_gdp_real,15.795654086491478,L
HUN,1996-01-01,log_gdp_real,15.80438199789845,L
HUN,1996-04-01,log_gdp_real,15.796406779913285,L
HUN,1996-07-01,log_gdp_real,15.79453872943542,L
HUN,1996-10-01,log_gdp_real,15.806942201570918,L
HUN,1997-01-01,log_gdp_real,15.815696518563474,L
HUN,1997-04-01,log_gdp_real,15.826178663900803,L
HUN,1997-07-01,log_gdp_real,15.834716481062355,L
HUN,1997-10-01,log_gdp_real,15.84288326776298,L
HUN,1998-01-01,log_gdp_real,15.850959759363601,L
HUN,1998-04-01,log_gdp_real,15.8663199591689,L
HUN,1998-07-01,log_gdp_real,15.875575581550509,L
HUN,1998-10-01,log_gdp_real,15.875810512812532,L
HUN,1999-01-01,log_gdp_real,15.875917574531906,L
HUN,1999-04-01,log_gdp_real,15.886905210096604,L
HUN,1999-07-01,log_gdp_real,15.905683449679804,L
HUN,1999-10-01,log_gdp_real,15.917188539774397,L
HUN,2000-01-01,log_gdp_real,15.925519943602664,L
HUN,2000-04-01,log_gdp_real,15.934905296869267,L
HUN,2000-07-01,log_gdp_real,15.943892550139035,L
HUN,2000-10-01,log_gdp_real,15.962478858579761,L
HUN,2001-01-01,log_gdp_real,15.969484070290623,L
HUN,2001-04-01,log_gdp_real,15.977403216309467,L
HUN,2001-07-01,log_gdp_real,15.986142064371514,L
HUN,2001-10-01,log_gdp_real,15.99361627351672,L
HUN,2002-01-01,log_gdp_real,16.01638729138548,L
HUN,2002-04-01,log_gdp_real,16.021649352014986,L
HUN,2002-07-01,log_gdp_real,16.03065964928293,L
HUN,2002-10-01,log_gdp_real,16.04256393345232,L
HUN,2003-01-01,log_gdp_real,16.049219790482457,L
HUN,2003-04-01,log_gdp_real,16.05975510926872,L
HUN,2003-07-01,log_gdp_real,16.071554154140326,L
HUN,2003-10-01,log_gdp_real,16.081449415391873,L
HUN,2004-01-01,log_gdp_real,16.09783329900495,L
HUN,2004-04-01,log_gdp_real,16.108679709793545,L
HUN,2004-07-01,log_gdp_real,16.12043154064252,L
HUN,2004-10-01,log_gdp_real,16.124192288637545,L
HUN,2005-01-01,log_gdp_real,16.133508008047322,L
HUN,2005-04-01,log_gdp_real,16.153787886735145,L
HUN,2005-07-01,log_gdp_real,16.160879872651012,L
HUN,2005-10-01,log_gdp_real,16.171875346686562,L
HUN,2006-01-01,log_gdp_real,16.179299925919874,L
HUN,2006-04-01,log_gdp_real,16.193779478656353,L
HUN,2006-07-01,log_gdp_real,16.199180243373707,L
HUN,2006-10-01,log_gdp_real,16.208655401683686,L
HUN,2007-01-01,log_gdp_real,16.196286703838272,L
HUN,2007-04-01,log_gdp_real,16.195536123445166,L
HUN,2007-07-01,log_gdp_real,16.200444660149707,L
HUN,2007-10-01,log_gdp_real,16.203696143952378,L
HUN,2008-01-01,log_gdp_real,16.214033733590398,L
HUN,2008-04-01,log_gdp_real,16.21910375761075,L
HUN,2008-07-01,log_gdp_real,16.216598003082176,L
HUN,2008-10-01,log_gdp_real,16.1807270296553,L
HUN,2009-01-01,log_gdp_real,16.137721566563478,L
HUN,2009-04-01,log_gdp_real,16.13821054322021,L
HUN,2009-07-01,log_gdp_real,16.13768209802649,L
HUN,2009-10-01,log_gdp_real,16.13687101550663,L
HUN,2010-01-01,log_gdp_real,16.138242444512695,L
HUN,2010-04-01,log_gdp_real,16.14611127281801,L
HUN,2010-07-01,log_gdp_real,16.153603325461255,L
HUN,2010-10-01,log_gdp_real,16.1527509971262,L
HUN,2011-01-01,log_gdp_real,16.164754450144148,L
HUN,2011-04-01,log_gdp_real,16.162893341515254,L
HUN,2011-07-01,log_gdp_real,16.164095650044406,L
HUN,2011-10-01,log_gdp_real,16.175327880407163,L
HUN,2012-01-01,log_gdp_real,16.16155081883272,L
HUN,2012-04-01,log_gdp_real,16.152093150697507,L
HUN,2012-07-01,log_gdp_real,16.15452825016243,L
HUN,2012-10-01,log_gdp_real,16.152181366008218,L
HUN,2013-01-01,log_gdp_real,16.158489387389167,L
HUN,2013-04-01,log_gdp_real,16.16780699071521,L
HUN,2013-07-01,log_gdp_real,16.183252068658486,L
HUN,2013-10-01,log_gdp_real,16.19126718765033,L
HUN,2014-01-01,log_gdp_real,16.20090273729086,L
HUN,2014-04-01,log_gdp_real,16.213836710647847,L
HUN,2014-07-01,log_gdp_real,16.22337305616257,L
HUN,2014-10-01,log_gdp_real,16.22882753893233,L
HUN,2015-01-01,log_gdp_real,16.244812342413045,L
HUN,2015-04-01,log_gdp_real,16.246020541480213,L
HUN,2015-07-01,log_gdp_real,16.25365421498178,L
HUN,2015-10-01,log_gdp_real,16.264308463397285,L
HUN,2016-01-01,log_gdp_real,16.261968003576058,L
HUN,2016-04-01,log_gdp_real,16.27435556763789,L
HUN,2016-07-01,log_gdp_real,16.279509294352394,L
HUN,2016-10-01,log_gdp_real,16.288519214852823,L
HUN,2017-01-01,log_gdp_real,16.300549765632756,L
HUN,2017-04-01,log_gdp_real,16.31239573619705,L
HUN,2017-07-01,log_gdp_real,16.32171568466162,L
HUN,2017-10-01,log_gdp_real,16.336382676418566,L
HUN,2018-01-01,log_gdp_real,16.355669218986915,L
HUN,2018-04-01,log_gdp_real,16.364690013903246,L
HUN,2018-07-01,log_gdp_real,16.37961425025949,L
HUN,2018-10-01,log_gdp_real,16.39065888254083,L
HUN,2019-01-01,log_gdp_real,16.411249960869913,L
HUN,2019-04-01,log_gdp_real,16.4143385894039,L
HUN,2019-07-01,log_gdp_real,16.428299620726275,L
HUN,2019-10-01,log_gdp_real,16.434934478822232,L
HUN,2020-01-01,log_gdp_real,16.432148768108323,L
HUN,2020-04-01,log_gdp_real,16.275268214577792,L
HUN,2020-07-01,log_gdp_real,16.386401421974135,L
HUN,2020-10-01,log_gdp_real,16.404316884404196,L
HUN,2021-01-01,log_gdp_real,16.4169943017384,L
HUN,2021-04-01,log_gdp_real,16.43852868741358,L
HUN,2021-07-01,log_gdp_real,16.450477569336147,L
HUN,2021-10-01,log_gdp_real,16.475650549623307,L
HUN,2022-01-01,log_gdp_real,16.48757673019474,L
HUN,2022-04-01,log_gdp_real,16.496504593149936,L
HUN,2022-07-01,log_gdp_real,16.48519351307314,L
HUN,2022-10-01,log_gdp_real,16.47640543182263,L
HUN,2023-01-01,log_gdp_real,16.472448262369134,L
HUN,2023-04-01,log_gdp_real,16.47305807837733,L
HUN,2023-07-01,log_gdp_real,16.486659083931393,L
HUN,2023-10-01,log_gdp_real,16.48681563032394,L
HUN,2024-01-01,log_gdp_real,16.488615704510313,L
HUN,2024-04-01,log_gdp_real,16.487377565044127,L
HUN,2024-07-01,log_gdp_real,16.484609229413408,L
HUN,2024-10-01,log_gdp_real,16.487451772798796,L
HUN,2025-01-01,log_gdp_real,16.48561531774164,L
HUN,2025-04-01,log_gdp_real,16.491772703418274,L
HUN,2025-07-01,log_gdp_real,16.493114238786514,L
HUN,2025-10-01,log_gdp_real,16.494853020300994,L
HUN,2026-01-01,log_gdp_real,16.502780531274617,L
ITA,1996-01-01,log_conh_real,12.351175517108187,L
ITA,1996-04-01,log_conh_real,12.349054615438979,L
ITA,1996-07-01,log_conh_real,12.34713678315921,L
ITA,1996-10-01,log_conh_real,12.35368974219681,L
ITA,1997-01-01,log_conh_real,12.361478109215362,L
ITA,1997-04-01,log_conh_real,12.382613777814424,L
ITA,1997-07-01,log_conh_real,12.395117798209403,L
ITA,1997-10-01,log_conh_real,12.40107594798007,L
ITA,1998-01-01,log_conh_real,12.407408119977802,L
ITA,1998-04-01,log_conh_real,12.414514656851482,L
ITA,1998-07-01,log_conh_real,12.424202851000416,L
ITA,1998-10-01,log_conh_real,12.428527960063773,L
ITA,1999-01-01,log_conh_real,12.432555016776561,L
ITA,1999-04-01,log_conh_real,12.442456160422658,L
ITA,1999-07-01,log_conh_real,12.453763628164758,L
ITA,1999-10-01,log_conh_real,12.456927857276193,L
ITA,2000-01-01,log_conh_real,12.463504766952102,L
ITA,2000-04-01,log_conh_real,12.47255112729468,L
ITA,2000-07-01,log_conh_real,12.4761486365117,L
ITA,2000-10-01,log_conh_real,12.480576768968737,L
ITA,2001-01-01,log_conh_real,12.483716503267113,L
ITA,2001-04-01,log_conh_real,12.482198324350142,L
ITA,2001-07-01,log_conh_real,12.477623811660665,L
ITA,2001-10-01,log_conh_real,12.477455352093422,L
ITA,2002-01-01,log_conh_real,12.47954422551284,L
ITA,2002-04-01,log_conh_real,12.477001666000573,L
ITA,2002-07-01,log_conh_real,12.478378101433593,L
ITA,2002-10-01,log_conh_real,12.486406032412887,L
ITA,2003-01-01,log_conh_real,12.484396945281523,L
ITA,2003-04-01,log_conh_real,12.485270579243618,L
ITA,2003-07-01,log_conh_real,12.48950269091384,L
ITA,2003-10-01,log_conh_real,12.490142702501071,L
ITA,2004-01-01,log_conh_real,12.493806591636494,L
ITA,2004-04-01,log_conh_real,12.494383520244368,L
ITA,2004-07-01,log_conh_real,12.497469808479426,L
ITA,2004-10-01,log_conh_real,12.502207517203058,L
ITA,2005-01-01,log_conh_real,12.501061210437719,L
ITA,2005-04-01,log_conh_real,12.508388125499893,L
ITA,2005-07-01,log_conh_real,12.514050605958023,L
ITA,2005-10-01,log_conh_real,12.515751260414785,L
ITA,2006-01-01,log_conh_real,12.52130811267904,L
ITA,2006-04-01,log_conh_real,12.520114111452697,L
ITA,2006-07-01,log_conh_real,12.521625445741718,L
ITA,2006-10-01,log_conh_real,12.528282223707517,L
ITA,2007-01-01,log_conh_real,12.532378017142104,L
ITA,2007-04-01,log_conh_real,12.53723006923576,L
ITA,2007-07-01,log_conh_real,12.534267504702404,L
ITA,2007-10-01,log_conh_real,12.532897783889997,L
ITA,2008-01-01,log_conh_real,12.533637831891713,L
ITA,2008-04-01,log_conh_real,12.52811991215884,L
ITA,2008-07-01,log_conh_real,12.519868271776552,L
ITA,2008-10-01,log_conh_real,12.512376501297403,L
ITA,2009-01-01,log_conh_real,12.510108758674168,L
ITA,2009-04-01,log_conh_real,12.506201682126196,L
ITA,2009-07-01,log_conh_real,12.50883555337901,L
ITA,2009-10-01,log_conh_real,12.509920962232414,L
ITA,2010-01-01,log_conh_real,12.514193907335393,L
ITA,2010-04-01,log_conh_real,12.51448889654361,L
ITA,2010-07-01,log_conh_real,12.521540103989892,L
ITA,2010-10-01,log_conh_real,12.525510256116894,L
ITA,2011-01-01,log_conh_real,12.526796525183247,L
ITA,2011-04-01,log_conh_real,12.525371110669532,L
ITA,2011-07-01,log_conh_real,12.522552429696695,L
ITA,2011-10-01,log_conh_real,12.508014807873597,L
ITA,2012-01-01,log_conh_real,12.49493314836005,L
ITA,2012-04-01,log_conh_real,12.486303274806655,L
ITA,2012-07-01,log_conh_real,12.48051597121094,L
ITA,2012-10-01,log_conh_real,12.473217771139158,L
ITA,2013-01-01,log_conh_real,12.461306161920838,L
ITA,2013-04-01,log_conh_real,12.458827813225218,L
ITA,2013-07-01,log_conh_real,12.4613588425515,L
ITA,2013-10-01,log_conh_real,12.462218771227704,L
ITA,2014-01-01,log_conh_real,12.459466022410227,L
ITA,2014-04-01,log_conh_real,12.4611639878387,L
ITA,2014-07-01,log_conh_real,12.465143801354865,L
ITA,2014-10-01,log_conh_real,12.46909822973909,L
ITA,2015-01-01,log_conh_real,12.475095843850681,L
ITA,2015-04-01,log_conh_real,12.485084868212851,L
ITA,2015-07-01,log_conh_real,12.484032358641306,L
ITA,2015-10-01,log_conh_real,12.48403197997757,L
ITA,2016-01-01,log_conh_real,12.486904181548038,L
ITA,2016-04-01,log_conh_real,12.4876997989011,L
ITA,2016-07-01,log_conh_real,12.490068557432258,L
ITA,2016-10-01,log_conh_real,12.494244098215912,L
ITA,2017-01-01,log_conh_real,12.50029813803823,L
ITA,2017-04-01,log_conh_real,12.502671841993386,L
ITA,2017-07-01,log_conh_real,12.500799842708592,L
ITA,2017-10-01,log_conh_real,12.503299025824875,L
ITA,2018-01-01,log_conh_real,12.505986849487403,L
ITA,2018-04-01,log_conh_real,12.508107595862537,L
ITA,2018-07-01,log_conh_real,12.506805929201652,L
ITA,2018-10-01,log_conh_real,12.507064991958464,L
ITA,2019-01-01,log_conh_real,12.50944448729637,L
ITA,2019-04-01,log_conh_real,12.512844591329376,L
ITA,2019-07-01,log_conh_real,12.50394511902587,L
ITA,2019-10-01,log_conh_real,12.50100425149784,L
ITA,2020-01-01,log_conh_real,12.428871337387196,L
ITA,2020-04-01,log_conh_real,12.314705052708412,L
ITA,2020-07-01,log_conh_real,12.431183061297716,L
ITA,2020-10-01,log_conh_real,12.39994103037441,L
ITA,2021-01-01,log_conh_real,12.3874399972152,L
ITA,2021-04-01,log_conh_real,12.457593719125132,L
ITA,2021-07-01,log_conh_real,12.478023884669799,L
ITA,2021-10-01,log_conh_real,12.480328234805981,L
ITA,2022-01-01,log_conh_real,12.487262816113079,L
ITA,2022-04-01,log_conh_real,12.51036844259898,L
ITA,2022-07-01,log_conh_real,12.5131039336791,L
ITA,2022-10-01,log_conh_real,12.500298510592389,L
ITA,2023-01-01,log_conh_real,12.513377181990881,L
ITA,2023-04-01,log_conh_real,12.511494925834862,L
ITA,2023-07-01,log_conh_real,12.505694158353373,L
ITA,2023-10-01,log_conh_real,12.50204054550586,L
ITA,2024-01-01,log_conh_real,12.515448937442027,L
ITA,2024-04-01,log_conh_real,12.518929653260425,L
ITA,2024-07-01,log_conh_real,12.521215082177555,L
ITA,2024-10-01,log_conh_real,12.526006371824446,L
ITA,2025-01-01,log_conh_real,12.52670472958694,L
ITA,2025-04-01,log_conh_real,12.529878935205465,L
ITA,2025-07-01,log_conh_real,12.533073383068558,L
ITA,2025-10-01,log_conh_real,12.533974331106961,L
ITA,2026-01-01,log_conh_real,12.53929747216148,L
ITA,1996-01-01,log_gdp_real,12.906642460057,L
ITA,1996-04-01,log_gdp_real,12.908081445700336,L
ITA,1996-07-01,log_gdp_real,12.909838497910135,L
ITA,1996-10-01,log_gdp_real,12.906566274733061,L
ITA,1997-01-01,log_gdp_real,12.909426807174116,L
ITA,1997-04-01,log_gdp_real,12.925482912158271,L
ITA,1997-07-01,log_gdp_real,12.929681861070831,L
ITA,1997-10-01,log_gdp_real,12.944446983616743,L
ITA,1998-01-01,log_gdp_real,12.939744976556538,L
ITA,1998-04-01,log_gdp_real,12.945339522971787,L
ITA,1998-07-01,log_gdp_real,12.946295425995848,L
ITA,1998-10-01,log_gdp_real,12.943003670000763,L
ITA,1999-01-01,log_gdp_real,12.94765016362495,L
ITA,1999-04-01,log_gdp_real,12.951703162097168,L
ITA,1999-07-01,log_gdp_real,12.962150962326465,L
ITA,1999-10-01,log_gdp_real,12.977308934422833,L
ITA,2000-01-01,log_gdp_real,12.989342939934271,L
ITA,2000-04-01,log_gdp_real,12.995759250064161,L
ITA,2000-07-01,log_gdp_real,13.004527590356615,L
ITA,2000-10-01,log_gdp_real,13.014092185390538,L
ITA,2001-01-01,log_gdp_real,13.022515196430563,L
ITA,2001-04-01,log_gdp_real,13.021709545689182,L
ITA,2001-07-01,log_gdp_real,13.01741188919448,L
ITA,2001-10-01,log_gdp_real,13.015926282442912,L
ITA,2002-01-01,log_gdp_real,13.01740322603447,L
ITA,2002-04-01,log_gdp_real,13.020587983067742,L
ITA,2002-07-01,log_gdp_real,13.021749357071704,L
ITA,2002-10-01,log_gdp_real,13.0276862571755,L
ITA,2003-01-01,log_gdp_real,13.023755345659179,L
ITA,2003-04-01,log_gdp_real,13.02143325526571,L
ITA,2003-07-01,log_gdp_real,13.019148779838632,L
ITA,2003-10-01,log_gdp_real,13.02891979442372,L
ITA,2004-01-01,log_gdp_real,13.032449391919517,L
ITA,2004-04-01,log_gdp_real,13.035491772464313,L
ITA,2004-07-01,log_gdp_real,13.036479509991358,L
ITA,2004-10-01,log_gdp_real,13.038706948096923,L
ITA,2005-01-01,log_gdp_real,13.037189728938568,L
ITA,2005-04-01,log_gdp_real,13.045328325529473,L
ITA,2005-07-01,log_gdp_real,13.05072644203066,L
ITA,2005-10-01,log_gdp_real,13.055276759289947,L
ITA,2006-01-01,log_gdp_real,13.058629439169774,L
ITA,2006-04-01,log_gdp_real,13.061791379203248,L
ITA,2006-07-01,log_gdp_real,13.064781932923063,L
ITA,2006-10-01,log_gdp_real,13.078430925422952,L
ITA,2007-01-01,log_gdp_real,13.077484205325245,L
ITA,2007-04-01,log_gdp_real,13.079905253487372,L
ITA,2007-07-01,log_gdp_real,13.07971262839812,L
ITA,2007-10-01,log_gdp_real,13.077611588011766,L
ITA,2008-01-01,log_gdp_real,13.088493618326705,L
ITA,2008-04-01,log_gdp_real,13.079135992250189,L
ITA,2008-07-01,log_gdp_real,13.063977198404393,L
ITA,2008-10-01,log_gdp_real,13.039834231102692,L
ITA,2009-01-01,log_gdp_real,13.01497747870899,L
ITA,2009-04-01,log_gdp_real,13.009598852928672,L
ITA,2009-07-01,log_gdp_real,13.012952447661027,L
ITA,2009-10-01,log_gdp_real,13.015629697165185,L
ITA,2010-01-01,log_gdp_real,13.019449200352009,L
ITA,2010-04-01,log_gdp_real,13.026183919887586,L
ITA,2010-07-01,log_gdp_real,13.028838542922168,L
ITA,2010-10-01,log_gdp_real,13.037384841882579,L
ITA,2011-01-01,log_gdp_real,13.043035497513857,L
ITA,2011-04-01,log_gdp_real,13.040649290420903,L
ITA,2011-07-01,log_gdp_real,13.03606839828591,L
ITA,2011-10-01,log_gdp_real,13.026235883689965,L
ITA,2012-01-01,log_gdp_real,13.015759644828055,L
ITA,2012-04-01,log_gdp_real,13.007376229608363,L
ITA,2012-07-01,log_gdp_real,13.00072035156192,L
ITA,2012-10-01,log_gdp_real,12.99301271903305,L
ITA,2013-01-01,log_gdp_real,12.984691080199127,L
ITA,2013-04-01,log_gdp_real,12.984456712936291,L
ITA,2013-07-01,log_gdp_real,12.98779441812221,L
ITA,2013-10-01,log_gdp_real,12.986322553073878,L
ITA,2014-01-01,log_gdp_real,12.98673630466113,L
ITA,2014-04-01,log_gdp_real,12.986996701677587,L
ITA,2014-07-01,log_gdp_real,12.987076387477437,L
ITA,2014-10-01,log_gdp_real,12.985467703354665,L
ITA,2015-01-01,log_gdp_real,12.989470181089212,L
ITA,2015-04-01,log_gdp_real,12.993759026948359,L
ITA,2015-07-01,log_gdp_real,12.994085588974054,L
ITA,2015-10-01,log_gdp_real,12.9986562539393,L
ITA,2016-01-01,log_gdp_real,13.00071380130536,L
ITA,2016-04-01,log_gdp_real,13.003946891160478,L
ITA,2016-07-01,log_gdp_real,13.010764555021337,L
ITA,2016-10-01,log_gdp_real,13.014326171494167,L
ITA,2017-01-01,log_gdp_real,13.019152771256197,L
ITA,2017-04-01,log_gdp_real,13.02342243434893,L
ITA,2017-07-01,log_gdp_real,13.024194936661262,L
ITA,2017-10-01,log_gdp_real,13.03011935214018,L
ITA,2018-01-01,log_gdp_real,13.028677996898429,L
ITA,2018-04-01,log_gdp_real,13.031464234655822,L
ITA,2018-07-01,log_gdp_real,13.030580050934756,L
ITA,2018-10-01,log_gdp_real,13.03335859672327,L
ITA,2019-01-01,log_gdp_real,13.035602805324155,L
ITA,2019-04-01,log_gdp_real,13.039555299617014,L
ITA,2019-07-01,log_gdp_real,13.034123464254913,L
ITA,2019-10-01,log_gdp_real,13.031488327853568,L
ITA,2020-01-01,log_gdp_real,12.972844056259552,L
ITA,2020-04-01,log_gdp_real,12.839465044602871,L
ITA,2020-07-01,log_gdp_real,12.972024324090397,L
ITA,2020-10-01,log_gdp_real,12.974759023552103,L
ITA,2021-01-01,log_gdp_real,12.991129229805022,L
ITA,2021-04-01,log_gdp_real,13.016092002595784,L
ITA,2021-07-01,log_gdp_real,13.039339747861268,L
ITA,2021-10-01,log_gdp_real,13.055398020548331,L
ITA,2022-01-01,log_gdp_real,13.062475783915776,L
ITA,2022-04-01,log_gdp_real,13.078132872172466,L
ITA,2022-07-01,log_gdp_real,13.079510363426353,L
ITA,2022-10-01,log_gdp_real,13.077105935815847,L
ITA,2023-01-01,log_gdp_real,13.082875284508269,L
ITA,2023-04-01,log_gdp_real,13.083322712041472,L
ITA,2023-07-01,log_gdp_real,13.08411639801841,L
ITA,2023-10-01,log_gdp_real,13.087568806415915,L
ITA,2024-01-01,log_gdp_real,13.088324574930878,L
ITA,2024-04-01,log_gdp_real,13.090612408119428,L
ITA,2024-07-01,log_gdp_real,13.090491213403658,L
ITA,2024-10-01,log_gdp_real,13.091844168119549,L
ITA,2025-01-01,log_gdp_real,13.094906462648803,L
ITA,2025-04-01,log_gdp_real,13.095166060659762,L
ITA,2025-07-01,log_gdp_real,13.097274466298073,L
ITA,2025-10-01,log_gdp_real,13.100373155065977,L
ITA,2026-01-01,log_gdp_real,13.10317321851108,L
JPN,1994-01-01,log_conh_real,17.959985259204252,L
JPN,1994-04-01,log_conh_real,17.96476540702961,L
JPN,1994-07-01,log_conh_real,17.972375590804067,L
JPN,1994-10-01,log_conh_real,17.973045467320638,L
JPN,1995-01-01,log_conh_real,17.98076354471845,L
JPN,1995-04-01,log_conh_real,17.989936288658747,L
JPN,1995-07-01,log_conh_real,17.99491904656889,L
JPN,1995-10-01,log_conh_real,18.001390761130754,L
JPN,1996-01-01,log_conh_real,18.00110859784152,L
JPN,1996-04-01,log_conh_real,18.0110694271884,L
JPN,1996-07-01,log_conh_real,18.01215219830731,L
JPN,1996-10-01,log_conh_real,18.020948794835814,L
JPN,1997-01-01,log_conh_real,18.03548690331142,L
JPN,1997-04-01,log_conh_real,18.00979358807399,L
JPN,1997-07-01,log_conh_real,18.01096210238333,L
JPN,1997-10-01,log_conh_real,18.009149398374813,L
JPN,1998-01-01,log_conh_real,18.006826419567332,L
JPN,1998-04-01,log_conh_real,18.006638456786433,L
JPN,1998-07-01,log_conh_real,18.015261509791976,L
JPN,1998-10-01,log_conh_real,18.01311918983614,L
JPN,1999-01-01,log_conh_real,18.0163783346479,L
JPN,1999-04-01,log_conh_real,18.01813873442576,L
JPN,1999-07-01,log_conh_real,18.02626832916956,L
JPN,1999-10-01,log_conh_real,18.026904924131113,L
JPN,2000-01-01,log_conh_real,18.03528219889451,L
JPN,2000-04-01,log_conh_real,18.03281252346069,L
JPN,2000-07-01,log_conh_real,18.03423670780556,L
JPN,2000-10-01,log_conh_real,18.046410841166043,L
JPN,2001-01-01,log_conh_real,18.051130409627618,L
JPN,2001-04-01,log_conh_real,18.060719692385565,L
JPN,2001-07-01,log_conh_real,18.058739457141105,L
JPN,2001-10-01,log_conh_real,18.05871791518977,L
JPN,2002-01-01,log_conh_real,18.064935011020477,L
JPN,2002-04-01,log_conh_real,18.072106472221826,L
JPN,2002-07-01,log_conh_real,18.072352299447616,L
JPN,2002-10-01,log_conh_real,18.06888743684092,L
JPN,2003-01-01,log_conh_real,18.070031892307036,L
JPN,2003-04-01,log_conh_real,18.073213280764545,L
JPN,2003-07-01,log_conh_real,18.07397345744937,L
JPN,2003-10-01,log_conh_real,18.085287375143924,L
JPN,2004-01-01,log_conh_real,18.087133774561902,L
JPN,2004-04-01,log_conh_real,18.0868709598568,L
JPN,2004-07-01,log_conh_real,18.093907469960314,L
JPN,2004-10-01,log_conh_real,18.084931745731197,L
JPN,2005-01-01,log_conh_real,18.094394355002514,L
JPN,2005-04-01,log_conh_real,18.101185971137916,L
JPN,2005-07-01,log_conh_real,18.110379100340907,L
JPN,2005-10-01,log_conh_real,18.112013345091448,L
JPN,2006-01-01,log_conh_real,18.112024918704567,L
JPN,2006-04-01,log_conh_real,18.115396321817304,L
JPN,2006-07-01,log_conh_real,18.107459300511486,L
JPN,2006-10-01,log_conh_real,18.123152018606003,L
JPN,2007-01-01,log_conh_real,18.120022848458127,L
JPN,2007-04-01,log_conh_real,18.128749991963797,L
JPN,2007-07-01,log_conh_real,18.117100631372807,L
JPN,2007-10-01,log_conh_real,18.122281783584278,L
JPN,2008-01-01,log_conh_real,18.12391890826011,L
JPN,2008-04-01,log_conh_real,18.113247562877294,L
JPN,2008-07-01,log_conh_real,18.11107032646651,L
JPN,2008-10-01,log_conh_real,18.097131741457638,L
JPN,2009-01-01,log_conh_real,18.10331957202362,L
JPN,2009-04-01,log_conh_real,18.09833786614752,L
JPN,2009-07-01,log_conh_real,18.096066324705316,L
JPN,2009-10-01,log_conh_real,18.108264624718494,L
JPN,2010-01-01,log_conh_real,18.114536625223995,L
JPN,2010-04-01,log_conh_real,18.123750370833218,L
JPN,2010-07-01,log_conh_real,18.139328595195455,L
JPN,2010-10-01,log_conh_real,18.12402889641211,L
JPN,2011-01-01,log_conh_real,18.102862779441406,L
JPN,2011-04-01,log_conh_real,18.114513196378503,L
JPN,2011-07-01,log_conh_real,18.124410229522294,L
JPN,2011-10-01,log_conh_real,18.134983367354828,L
JPN,2012-01-01,log_conh_real,18.137350189896274,L
JPN,2012-04-01,log_conh_real,18.139803135206044,L
JPN,2012-07-01,log_conh_real,18.141332845590536,L
JPN,2012-10-01,log_conh_real,18.14643105178892,L
JPN,2013-01-01,log_conh_real,18.16212178013595,L
JPN,2013-04-01,log_conh_real,18.168852183528177,L
JPN,2013-07-01,log_conh_real,18.173893623359387,L
JPN,2013-10-01,log_conh_real,18.171477763567072,L
JPN,2014-01-01,log_conh_real,18.191711820557586,L
JPN,2014-04-01,log_conh_real,18.145521597980878,L
JPN,2014-07-01,log_conh_real,18.15250027310092,L
JPN,2014-10-01,log_conh_real,18.15460490008784,L
JPN,2015-01-01,log_conh_real,18.16167196852948,L
JPN,2015-04-01,log_conh_real,18.162130521769683,L
JPN,2015-07-01,log_conh_real,18.16562235149036,L
JPN,2015-10-01,log_conh_real,18.160030010551615,L
JPN,2016-01-01,log_conh_real,18.161277366728758,L
JPN,2016-04-01,log_conh_real,18.154027997075076,L
JPN,2016-07-01,log_conh_real,18.158555625887093,L
JPN,2016-10-01,log_conh_real,18.160047530351424,L
JPN,2017-01-01,log_conh_real,18.16320936477486,L
JPN,2017-04-01,log_conh_real,18.169541121820547,L
JPN,2017-07-01,log_conh_real,18.166384768129912,L
JPN,2017-10-01,log_conh_real,18.170606546267447,L
JPN,2018-01-01,log_conh_real,18.167768790307047,L
JPN,2018-04-01,log_conh_real,18.168494507185425,L
JPN,2018-07-01,log_conh_real,18.17033523897078,L
JPN,2018-10-01,log_conh_real,18.17085595560676,L
JPN,2019-01-01,log_conh_real,18.167218117087085,L
JPN,2019-04-01,log_conh_real,18.166820219976096,L
JPN,2019-07-01,log_conh_real,18.17401168777502,L
JPN,2019-10-01,log_conh_real,18.137475303083217,L
JPN,2020-01-01,log_conh_real,18.138959205504182,L
JPN,2020-04-01,log_conh_real,18.06008275779356,L
JPN,2020-07-01,log_conh_real,18.11116742795314,L
JPN,2020-10-01,log_conh_real,18.1293158984089,L
JPN,2021-01-01,log_conh_real,18.122385214160975,L
JPN,2021-04-01,log_conh_real,18.128427573265007,L
JPN,2021-07-01,log_conh_real,18.118988316559072,L
JPN,2021-10-01,log_conh_real,18.148321344128,L
JPN,2022-01-01,log_conh_real,18.139702815092093,L
JPN,2022-04-01,log_conh_real,18.154926163854185,L
JPN,2022-07-01,log_conh_real,18.155188316881972,L
JPN,2022-10-01,log_conh_real,18.158247877131785,L
JPN,2023-01-01,log_conh_real,18.16377194632765,L
JPN,2023-04-01,log_conh_real,18.15430670105768,L
JPN,2023-07-01,log_conh_real,18.147193775921306,L
JPN,2023-10-01,log_conh_real,18.14705902646963,L
JPN,2024-01-01,log_conh_real,18.14481359954512,L
JPN,2024-04-01,log_conh_real,18.144433708213196,L
JPN,2024-07-01,log_conh_real,18.149286960804023,L
JPN,2024-10-01,log_conh_real,18.149063275332413,L
JPN,2025-01-01,log_conh_real,18.155281879741043,L
JPN,2025-04-01,log_conh_real,18.15723980007356,L
JPN,2025-07-01,log_conh_real,18.162353569459917,L
JPN,2025-10-01,log_conh_real,18.16320386672691,L
JPN,2026-01-01,log_conh_real,18.16666069449156,L
JPN,1994-01-01,log_gdp_real,18.57139337760897,L
JPN,1994-04-01,log_gdp_real,18.563693483712004,L
JPN,1994-07-01,log_gdp_real,18.573694492003273,L
JPN,1994-10-01,log_gdp_real,18.569952972032365,L
JPN,1995-01-01,log_gdp_real,18.579596339232005,L
JPN,1995-04-01,log_gdp_real,18.588641340686202,L
JPN,1995-07-01,log_gdp_real,18.600066746219216,L
JPN,1995-10-01,log_gdp_real,18.60256303761773,L
JPN,1996-01-01,log_gdp_real,18.61185652779681,L
JPN,1996-04-01,log_gdp_real,18.62260147597498,L
JPN,1996-07-01,log_gdp_real,18.624408829013884,L
JPN,1996-10-01,log_gdp_real,18.63506928173693,L
JPN,1997-01-01,log_gdp_real,18.64163750598483,L
JPN,1997-04-01,log_gdp_real,18.63458716402609,L
JPN,1997-07-01,log_gdp_real,18.636141457706326,L
JPN,1997-10-01,log_gdp_real,18.636017904530483,L
JPN,1998-01-01,log_gdp_real,18.620072849639598,L
JPN,1998-04-01,log_gdp_real,18.614532653334535,L
JPN,1998-07-01,log_gdp_real,18.61584016657562,L
JPN,1998-10-01,log_gdp_real,18.624430648326527,L
JPN,1999-01-01,log_gdp_real,18.609721757877377,L
JPN,1999-04-01,log_gdp_real,18.614764108695574,L
JPN,1999-07-01,log_gdp_real,18.620301797824382,L
JPN,1999-10-01,log_gdp_real,18.61970269461785,L
JPN,2000-01-01,log_gdp_real,18.638319773144087,L
JPN,2000-04-01,log_gdp_real,18.644417519274413,L
JPN,2000-07-01,log_gdp_real,18.643966085213904,L
JPN,2000-10-01,log_gdp_real,18.654276084526874,L
JPN,2001-01-01,log_gdp_real,18.66010700944047,L
JPN,2001-04-01,log_gdp_real,18.65249162520813,L
JPN,2001-07-01,log_gdp_real,18.64064926017293,L
JPN,2001-10-01,log_gdp_real,18.63846335104942,L
JPN,2002-01-01,log_gdp_real,18.64099569855615,L
JPN,2002-04-01,log_gdp_real,18.64814713830258,L
JPN,2002-07-01,log_gdp_real,18.651219483332834,L
JPN,2002-10-01,log_gdp_real,18.653552621280472,L
JPN,2003-01-01,log_gdp_real,18.652402001332902,L
JPN,2003-04-01,log_gdp_real,18.66061926684252,L
JPN,2003-07-01,log_gdp_real,18.66351652431223,L
JPN,2003-10-01,log_gdp_real,18.673579000647944,L
JPN,2004-01-01,log_gdp_real,18.68209802170791,L
JPN,2004-04-01,log_gdp_real,18.681368411408545,L
JPN,2004-07-01,log_gdp_real,18.686894895776405,L
JPN,2004-10-01,log_gdp_real,18.68307596947902,L
JPN,2005-01-01,log_gdp_real,18.689247081893093,L
JPN,2005-04-01,log_gdp_real,18.698812734190803,L
JPN,2005-07-01,log_gdp_real,18.70778396139991,L
JPN,2005-10-01,log_gdp_real,18.71059282807879,L
JPN,2006-01-01,log_gdp_real,18.71136929242251,L
JPN,2006-04-01,log_gdp_real,18.714134751690473,L
JPN,2006-07-01,log_gdp_real,18.713996417830245,L
JPN,2006-10-01,log_gdp_real,18.727348382055176,L
JPN,2007-01-01,log_gdp_real,18.734509980377663,L
JPN,2007-04-01,log_gdp_real,18.736057929171334,L
JPN,2007-07-01,log_gdp_real,18.729475614463425,L
JPN,2007-10-01,log_gdp_real,18.735135946143824,L
JPN,2008-01-01,log_gdp_real,18.737218458865428,L
JPN,2008-04-01,log_gdp_real,18.732412478443663,L
JPN,2008-07-01,log_gdp_real,18.721236901098685,L
JPN,2008-10-01,log_gdp_real,18.697211306298943,L
JPN,2009-01-01,log_gdp_real,18.651845241300833,L
JPN,2009-04-01,log_gdp_real,18.662973179507556,L
JPN,2009-07-01,log_gdp_real,18.656458150956862,L
JPN,2009-10-01,log_gdp_real,18.672385512707184,L
JPN,2010-01-01,log_gdp_real,18.684707471915164,L
JPN,2010-04-01,log_gdp_real,18.698399597967935,L
JPN,2010-07-01,log_gdp_real,18.715497119137684,L
JPN,2010-10-01,log_gdp_real,18.70686989004396,L
JPN,2011-01-01,log_gdp_real,18.69241958330603,L
JPN,2011-04-01,log_gdp_real,18.686002361905274,L
JPN,2011-07-01,log_gdp_real,18.70965585506922,L
JPN,2011-10-01,log_gdp_real,18.710002970615562,L
JPN,2012-01-01,log_gdp_real,18.725088840807505,L
JPN,2012-04-01,log_gdp_real,18.715778378036493,L
JPN,2012-07-01,log_gdp_real,18.711816532953133,L
JPN,2012-10-01,log_gdp_real,18.711268715187614,L
JPN,2013-01-01,log_gdp_real,18.72396139848471,L
JPN,2013-04-01,log_gdp_real,18.734167066993546,L
JPN,2013-07-01,log_gdp_real,18.743610623970568,L
JPN,2013-10-01,log_gdp_real,18.74220303494899,L
JPN,2014-01-01,log_gdp_real,18.752617711771816,L
JPN,2014-04-01,log_gdp_real,18.73811286249334,L
JPN,2014-07-01,log_gdp_real,18.740068765758128,L
JPN,2014-10-01,log_gdp_real,18.745831635309518,L
JPN,2015-01-01,log_gdp_real,18.761812820919555,L
JPN,2015-04-01,log_gdp_real,18.762408432177867,L
JPN,2015-07-01,log_gdp_real,18.763878704954355,L
JPN,2015-10-01,log_gdp_real,18.761955181527032,L
JPN,2016-01-01,log_gdp_real,18.77060231008344,L
JPN,2016-04-01,log_gdp_real,18.76717827325636,L
JPN,2016-07-01,log_gdp_real,18.769423637189625,L
JPN,2016-10-01,log_gdp_real,18.769580967929322,L
JPN,2017-01-01,log_gdp_real,18.776836728254835,L
JPN,2017-04-01,log_gdp_real,18.78004693822602,L
JPN,2017-07-01,log_gdp_real,18.791361842167586,L
JPN,2017-10-01,log_gdp_real,18.79291924497229,L
JPN,2018-01-01,log_gdp_real,18.791373921715206,L
JPN,2018-04-01,log_gdp_real,18.797658925155314,L
JPN,2018-07-01,log_gdp_real,18.79275175781344,L
JPN,2018-10-01,log_gdp_real,18.793449608192226,L
JPN,2019-01-01,log_gdp_real,18.794739632727737,L
JPN,2019-04-01,log_gdp_real,18.798636584753314,L
JPN,2019-07-01,log_gdp_real,18.799139439698827,L
JPN,2019-10-01,log_gdp_real,18.769935929437008,L
JPN,2020-01-01,log_gdp_real,18.77385995994765,L
JPN,2020-04-01,log_gdp_real,18.6987033132565,L
JPN,2020-07-01,log_gdp_real,18.74744259414573,L
JPN,2020-10-01,log_gdp_real,18.764002149942296,L
JPN,2021-01-01,log_gdp_real,18.77481413588224,L
JPN,2021-04-01,log_gdp_real,18.781771200152956,L
JPN,2021-07-01,log_gdp_real,18.780341151955042,L
JPN,2021-10-01,log_gdp_real,18.792241714174608,L
JPN,2022-01-01,log_gdp_real,18.788986413021334,L
JPN,2022-04-01,log_gdp_real,18.798014002903667,L
JPN,2022-07-01,log_gdp_real,18.794409712806868,L
JPN,2022-10-01,log_gdp_real,18.799033443290107,L
JPN,2023-01-01,log_gdp_real,18.807159751315794,L
JPN,2023-04-01,log_gdp_real,18.80795506505158,L
JPN,2023-07-01,log_gdp_real,18.794199973016784,L
JPN,2023-10-01,log_gdp_real,18.799475677048584,L
JPN,2024-01-01,log_gdp_real,18.79647585197007,L
JPN,2024-04-01,log_gdp_real,18.796266716851193,L
JPN,2024-07-01,log_gdp_real,18.803078330793674,L
JPN,2024-10-01,log_gdp_real,18.806553672618648,L
JPN,2025-01-01,log_gdp_real,18.811614109214563,L
JPN,2025-04-01,log_gdp_real,18.81431497575632,L
JPN,2025-07-01,log_gdp_real,18.80842272111231,L
JPN,2025-10-01,log_gdp_real,18.810263390862726,L
JPN,2026-01-01,log_gdp_real,18.814779499121137,L
KOR,1994-01-01,log_conh_real,18.458361810920053,L
KOR,1994-04-01,log_conh_real,18.47480996330072,L
KOR,1994-07-01,log_conh_real,18.49504211256992,L
KOR,1994-10-01,log_conh_real,18.52509751442276,L
KOR,1995-01-01,log_conh_real,18.560228750401386,L
KOR,1995-04-01,log_conh_real,18.58235051301545,L
KOR,1995-07-01,log_conh_real,18.599930922221834,L
KOR,1995-10-01,log_conh_real,18.623701584749227,L
KOR,1996-01-01,log_conh_real,18.64184072929969,L
KOR,1996-04-01,log_conh_real,18.662032711306534,L
KOR,1996-07-01,log_conh_real,18.66608351052133,L
KOR,1996-10-01,log_conh_real,18.700256801254714,L
KOR,1997-01-01,log_conh_real,18.69286204783109,L
KOR,1997-04-01,log_conh_real,18.713085397443127,L
KOR,1997-07-01,log_conh_real,18.722664310764962,L
KOR,1997-10-01,log_conh_real,18.713007761922448,L
KOR,1998-01-01,log_conh_real,18.564148853476002,L
KOR,1998-04-01,log_conh_real,18.568198618134932,L
KOR,1998-07-01,log_conh_real,18.591041892707583,L
KOR,1998-10-01,log_conh_real,18.614349345509314,L
KOR,1999-01-01,log_conh_real,18.64706623449809,L
KOR,1999-04-01,log_conh_real,18.679142017033197,L
KOR,1999-07-01,log_conh_real,18.71767160487934,L
KOR,1999-10-01,log_conh_real,18.75177210100098,L
KOR,2000-01-01,log_conh_real,18.770731798292484,L
KOR,2000-04-01,log_conh_real,18.784444999235205,L
KOR,2000-07-01,log_conh_real,18.79196357132896,L
KOR,2000-10-01,log_conh_real,18.797793701521915,L
KOR,2001-01-01,log_conh_real,18.80157238237236,L
KOR,2001-04-01,log_conh_real,18.838636847080874,L
KOR,2001-07-01,log_conh_real,18.85427709861232,L
KOR,2001-10-01,log_conh_real,18.875879697806532,L
KOR,2002-01-01,log_conh_real,18.912826785570836,L
KOR,2002-04-01,log_conh_real,18.933067748129297,L
KOR,2002-07-01,log_conh_real,18.937883987399022,L
KOR,2002-10-01,log_conh_real,18.93715219997118,L
KOR,2003-01-01,log_conh_real,18.93110388673375,L
KOR,2003-04-01,log_conh_real,18.925470387787787,L
KOR,2003-07-01,log_conh_real,18.928553813216002,L
KOR,2003-10-01,log_conh_real,18.92969472768909,L
KOR,2004-01-01,log_conh_real,18.92859593651934,L
KOR,2004-04-01,log_conh_real,18.931443565746353,L
KOR,2004-07-01,log_conh_real,18.933065351870816,L
KOR,2004-10-01,log_conh_real,18.94373864740015,L
KOR,2005-01-01,log_conh_real,18.95373076604073,L
KOR,2005-04-01,log_conh_real,18.97746223334146,L
KOR,2005-07-01,log_conh_real,18.989526943123522,L
KOR,2005-10-01,log_conh_real,19.000075069257953,L
KOR,2006-01-01,log_conh_real,19.00987918960068,L
KOR,2006-04-01,log_conh_real,19.022811264347023,L
KOR,2006-07-01,log_conh_real,19.034142194781232,L
KOR,2006-10-01,log_conh_real,19.04885784359955,L
KOR,2007-01-01,log_conh_real,19.061419271501418,L
KOR,2007-04-01,log_conh_real,19.077649299513222,L
KOR,2007-07-01,log_conh_real,19.08877828569566,L
KOR,2007-10-01,log_conh_real,19.098972121480323,L
KOR,2008-01-01,log_conh_real,19.108869652572913,L
KOR,2008-04-01,log_conh_real,19.107941634247577,L
KOR,2008-07-01,log_conh_real,19.107723329329065,L
KOR,2008-10-01,log_conh_real,19.071213699906753,L
KOR,2009-01-01,log_conh_real,19.066769335301274,L
KOR,2009-04-01,log_conh_real,19.101177240986434,L
KOR,2009-07-01,log_conh_real,19.11242143587072,L
KOR,2009-10-01,log_conh_real,19.12321671159067,L
KOR,2010-01-01,log_conh_real,19.13155634330105,L
KOR,2010-04-01,log_conh_real,19.139694481906098,L
KOR,2010-07-01,log_conh_real,19.149664552719162,L
KOR,2010-10-01,log_conh_real,19.158446064545995,L
KOR,2011-01-01,log_conh_real,19.169818295344434,L
KOR,2011-04-01,log_conh_real,19.177500133009424,L
KOR,2011-07-01,log_conh_real,19.176008041800504,L
KOR,2011-10-01,log_conh_real,19.178970794244478,L
KOR,2012-01-01,log_conh_real,19.185173226862805,L
KOR,2012-04-01,log_conh_real,19.188471467508077,L
KOR,2012-07-01,log_conh_real,19.197304268963812,L
KOR,2012-10-01,log_conh_real,19.200063875937232,L
KOR,2013-01-01,log_conh_real,19.19801924554603,L
KOR,2013-04-01,log_conh_real,19.208329595743464,L
KOR,2013-07-01,log_conh_real,19.215383109072906,L
KOR,2013-10-01,log_conh_real,19.221699335233108,L
KOR,2014-01-01,log_conh_real,19.227156609819314,L
KOR,2014-04-01,log_conh_real,19.228001342218132,L
KOR,2014-07-01,log_conh_real,19.232903457866897,L
KOR,2014-10-01,log_conh_real,19.23823519363036,L
KOR,2015-01-01,log_conh_real,19.247409503377483,L
KOR,2015-04-01,log_conh_real,19.250550033881897,L
KOR,2015-07-01,log_conh_real,19.25573929434275,L
KOR,2015-10-01,log_conh_real,19.27427318043444,L
KOR,2016-01-01,log_conh_real,19.275785196309926,L
KOR,2016-04-01,log_conh_real,19.28362639375096,L
KOR,2016-07-01,log_conh_real,19.288303364208375,L
KOR,2016-10-01,log_conh_real,19.290265538147292,L
KOR,2017-01-01,log_conh_real,19.296819256956468,L
KOR,2017-04-01,log_conh_real,19.309006474808776,L
KOR,2017-07-01,log_conh_real,19.319485483059218,L
KOR,2017-10-01,log_conh_real,19.325411313890342,L
KOR,2018-01-01,log_conh_real,19.338767462077268,L
KOR,2018-04-01,log_conh_real,19.341380541595015,L
KOR,2018-07-01,log_conh_real,19.346279620324143,L
KOR,2018-10-01,log_conh_real,19.353548907767006,L
KOR,2019-01-01,log_conh_real,19.360340676508166,L
KOR,2019-04-01,log_conh_real,19.36209872565576,L
KOR,2019-07-01,log_conh_real,19.370348610019388,L
KOR,2019-10-01,log_conh_real,19.380906444012574,L
KOR,2020-01-01,log_conh_real,19.31918828808899,L
KOR,2020-04-01,log_conh_real,19.319293334211665,L
KOR,2020-07-01,log_conh_real,19.327037900832973,L
KOR,2020-10-01,log_conh_real,19.318181239889224,L
KOR,2021-01-01,log_conh_real,19.32848960625613,L
KOR,2021-04-01,log_conh_real,19.35760708942659,L
KOR,2021-07-01,log_conh_real,19.36183890240433,L
KOR,2021-10-01,log_conh_real,19.381970462555945,L
KOR,2022-01-01,log_conh_real,19.37190532117037,L
KOR,2022-04-01,log_conh_real,19.400654005708088,L
KOR,2022-07-01,log_conh_real,19.41224850722126,L
KOR,2022-10-01,log_conh_real,19.41114270312245,L
KOR,2023-01-01,log_conh_real,19.41814953874031,L
KOR,2023-04-01,log_conh_real,19.417937080576433,L
KOR,2023-07-01,log_conh_real,19.419411185317525,L
KOR,2023-10-01,log_conh_real,19.423686275508114,L
KOR,2024-01-01,log_conh_real,19.431440574748738,L
KOR,2024-04-01,log_conh_real,19.43166983214138,L
KOR,2024-07-01,log_conh_real,19.434545273531814,L
KOR,2024-10-01,log_conh_real,19.434659190689494,L
KOR,2025-01-01,log_conh_real,19.43654057355122,L
KOR,2025-04-01,log_conh_real,19.44305684871186,L
KOR,2025-07-01,log_conh_real,19.454166961131218,L
KOR,2025-10-01,log_conh_real,19.45806458270321,L
KOR,2026-01-01,log_conh_real,19.463695752518067,L
KOR,1994-01-01,log_gdp_real,18.926598544029765,L
KOR,1994-04-01,log_gdp_real,18.943113147684056,L
KOR,1994-07-01,log_gdp_real,18.9591067486498,L
KOR,1994-10-01,log_gdp_real,18.998819348979506,L
KOR,1995-01-01,log_gdp_real,19.02066713311685,L
KOR,1995-04-01,log_gdp_real,19.03955470793725,L
KOR,1995-07-01,log_gdp_real,19.060369656681136,L
KOR,1995-10-01,log_gdp_real,19.07915055472619,L
KOR,1996-01-01,log_gdp_real,19.099036062338097,L
KOR,1996-04-01,log_gdp_real,19.1181117358763,L
KOR,1996-07-01,log_gdp_real,19.136400730924702,L
KOR,1996-10-01,log_gdp_real,19.153812288317887,L
KOR,1997-01-01,log_gdp_real,19.15862680074527,L
KOR,1997-04-01,log_gdp_real,19.193118657215834,L
KOR,1997-07-01,log_gdp_real,19.202851567203282,L
KOR,1997-10-01,log_gdp_real,19.196719033175768,L
KOR,1998-01-01,log_gdp_real,19.127217384281302,L
KOR,1998-04-01,log_gdp_real,19.11938396111581,L
KOR,1998-07-01,log_gdp_real,19.138763434430007,L
KOR,1998-10-01,log_gdp_real,19.163383985783856,L
KOR,1999-01-01,log_gdp_real,19.19396908887729,L
KOR,1999-04-01,log_gdp_real,19.236437073504415,L
KOR,1999-07-01,log_gdp_real,19.264755988715866,L
KOR,1999-10-01,log_gdp_real,19.291176720935983,L
KOR,2000-01-01,log_gdp_real,19.31092766077312,L
KOR,2000-04-01,log_gdp_real,19.32621745810356,L
KOR,2000-07-01,log_gdp_real,19.353306135885408,L
KOR,2000-10-01,log_gdp_real,19.34997851631771,L
KOR,2001-01-01,log_gdp_real,19.359987757329442,L
KOR,2001-04-01,log_gdp_real,19.374954115190334,L
KOR,2001-07-01,log_gdp_real,19.387609835791334,L
KOR,2001-10-01,log_gdp_real,19.40269516936974,L
KOR,2002-01-01,log_gdp_real,19.430169973052312,L
KOR,2002-04-01,log_gdp_real,19.44902685081791,L
KOR,2002-07-01,log_gdp_real,19.4674294001825,L
KOR,2002-10-01,log_gdp_real,19.476829065801216,L
KOR,2003-01-01,log_gdp_real,19.471441178100825,L
KOR,2003-04-01,log_gdp_real,19.472102188856095,L
KOR,2003-07-01,log_gdp_real,19.487966438755663,L
KOR,2003-10-01,log_gdp_real,19.513145508589776,L
KOR,2004-01-01,log_gdp_real,19.527275421745273,L
KOR,2004-04-01,log_gdp_real,19.535580010131522,L
KOR,2004-07-01,log_gdp_real,19.538135067976956,L
KOR,2004-10-01,log_gdp_real,19.546298091396263,L
KOR,2005-01-01,log_gdp_real,19.555615640062925,L
KOR,2005-04-01,log_gdp_real,19.57419180279495,L
KOR,2005-07-01,log_gdp_real,19.588132603468594,L
KOR,2005-10-01,log_gdp_real,19.599541565264445,L
KOR,2006-01-01,log_gdp_real,19.6153132633093,L
KOR,2006-04-01,log_gdp_real,19.622504641030105,L
KOR,2006-07-01,log_gdp_real,19.638055736393454,L
KOR,2006-10-01,log_gdp_real,19.64632648427977,L
KOR,2007-01-01,log_gdp_real,19.663898299604202,L
KOR,2007-04-01,log_gdp_real,19.680684860511136,L
KOR,2007-07-01,log_gdp_real,19.69245667229633,L
KOR,2007-10-01,log_gdp_real,19.711956207841045,L
KOR,2008-01-01,log_gdp_real,19.719467605033937,L
KOR,2008-04-01,log_gdp_real,19.72310098356445,L
KOR,2008-07-01,log_gdp_real,19.72971628960575,L
KOR,2008-10-01,log_gdp_real,19.695395848621846,L
KOR,2009-01-01,log_gdp_real,19.698029559757014,L
KOR,2009-04-01,log_gdp_real,19.71145765378868,L
KOR,2009-07-01,log_gdp_real,19.741508153076108,L
KOR,2009-10-01,log_gdp_real,19.748806386929097,L
KOR,2010-01-01,log_gdp_real,19.771965612270208,L
KOR,2010-04-01,log_gdp_real,19.78799359057068,L
KOR,2010-07-01,log_gdp_real,19.798109925229703,L
KOR,2010-10-01,log_gdp_real,19.812126812211858,L
KOR,2011-01-01,log_gdp_real,19.821629207312007,L
KOR,2011-04-01,log_gdp_real,19.825960486749484,L
KOR,2011-07-01,log_gdp_real,19.830575169830027,L
KOR,2011-10-01,log_gdp_real,19.837259129713345,L
KOR,2012-01-01,log_gdp_real,19.84677425666699,L
KOR,2012-04-01,log_gdp_real,19.850987205788588,L
KOR,2012-07-01,log_gdp_real,19.855435691127262,L
KOR,2012-10-01,log_gdp_real,19.862853185746495,L
KOR,2013-01-01,log_gdp_real,19.87075333726342,L
KOR,2013-04-01,log_gdp_real,19.881990040810138,L
KOR,2013-07-01,log_gdp_real,19.89197022160754,L
KOR,2013-10-01,log_gdp_real,19.900693791850397,L
KOR,2014-01-01,log_gdp_real,19.908334903522736,L
KOR,2014-04-01,log_gdp_real,19.917783653213803,L
KOR,2014-07-01,log_gdp_real,19.92035624436067,L
KOR,2014-10-01,log_gdp_real,19.925667060868886,L
KOR,2015-01-01,log_gdp_real,19.934274494038835,L
KOR,2015-04-01,log_gdp_real,19.93856592850977,L
KOR,2015-07-01,log_gdp_real,19.953292686127856,L
KOR,2015-10-01,log_gdp_real,19.960991490168094,L
KOR,2016-01-01,log_gdp_real,19.964833830165855,L
KOR,2016-04-01,log_gdp_real,19.97729050049087,L
KOR,2016-07-01,log_gdp_real,19.981150236330397,L
KOR,2016-10-01,log_gdp_real,19.988825092361456,L
KOR,2017-01-01,log_gdp_real,20.000091314397316,L
KOR,2017-04-01,log_gdp_real,20.00732197538143,L
KOR,2017-07-01,log_gdp_real,20.02094692434656,L
KOR,2017-10-01,log_gdp_real,20.01876828393227,L
KOR,2018-01-01,log_gdp_real,20.033094224987995,L
KOR,2018-04-01,log_gdp_real,20.04095750328341,L
KOR,2018-07-01,log_gdp_real,20.046414750819046,L
KOR,2018-10-01,log_gdp_real,20.05177955602461,L
KOR,2019-01-01,log_gdp_real,20.05211006302712,L
KOR,2019-04-01,log_gdp_real,20.06555182121035,L
KOR,2019-07-01,log_gdp_real,20.068253587984547,L
KOR,2019-10-01,log_gdp_real,20.077755775102034,L
KOR,2020-01-01,log_gdp_real,20.06399221433699,L
KOR,2020-04-01,log_gdp_real,20.037217996331446,L
KOR,2020-07-01,log_gdp_real,20.059565219319705,L
KOR,2020-10-01,log_gdp_real,20.074585392758234,L
KOR,2021-01-01,log_gdp_real,20.090403832362384,L
KOR,2021-04-01,log_gdp_real,20.103872337214998,L
KOR,2021-07-01,log_gdp_real,20.103711624519807,L
KOR,2021-10-01,log_gdp_real,20.121088704155913,L
KOR,2022-01-01,log_gdp_real,20.12575042084054,L
KOR,2022-04-01,log_gdp_real,20.135685870680657,L
KOR,2022-07-01,log_gdp_real,20.138261597505863,L
KOR,2022-10-01,log_gdp_real,20.134257566187603,L
KOR,2023-01-01,log_gdp_real,20.136473617419544,L
KOR,2023-04-01,log_gdp_real,20.143306974699627,L
KOR,2023-07-01,log_gdp_real,20.15281988897161,L
KOR,2023-10-01,log_gdp_real,20.16010146021074,L
KOR,2024-01-01,log_gdp_real,20.170178467437825,L
KOR,2024-04-01,log_gdp_real,20.168665425955513,L
KOR,2024-07-01,log_gdp_real,20.169217248358606,L
KOR,2024-10-01,log_gdp_real,20.171578287307366,L
KOR,2025-01-01,log_gdp_real,20.16985329404103,L
KOR,2025-04-01,log_gdp_real,20.176327943806033,L
KOR,2025-07-01,log_gdp_real,20.189853544033692,L
KOR,2025-10-01,log_gdp_real,20.188768912207077,L
KOR,2026-01-01,log_gdp_real,20.206912966054503,L
MEX,1994-01-01,log_conh_real,14.619731920060667,Q
MEX,1994-04-01,log_conh_real,14.64153271575529,Q
MEX,1994-07-01,log_conh_real,14.65952358633609,Q
MEX,1994-10-01,log_conh_real,14.663531742403837,Q
MEX,1995-01-01,log_conh_real,14.603762442674414,Q
MEX,1995-04-01,log_conh_real,14.57095484331391,Q
MEX,1995-07-01,log_conh_real,14.576803184380811,Q
MEX,1995-10-01,log_conh_real,14.584109075815956,Q
MEX,1996-01-01,log_conh_real,14.59812949878708,Q
MEX,1996-04-01,log_conh_real,14.60195922042686,Q
MEX,1996-07-01,log_conh_real,14.621754834516487,Q
MEX,1996-10-01,log_conh_real,14.645029549588168,Q
MEX,1997-01-01,log_conh_real,14.658250460913129,Q
MEX,1997-04-01,log_conh_real,14.684184680783739,Q
MEX,1997-07-01,log_conh_real,14.702173406810862,Q
MEX,1997-10-01,log_conh_real,14.723837664178928,Q
MEX,1998-01-01,log_conh_real,14.748608454821476,Q
MEX,1998-04-01,log_conh_real,14.757006434476443,Q
MEX,1998-07-01,log_conh_real,14.761282302646688,Q
MEX,1998-10-01,log_conh_real,14.768693679163624,Q
MEX,1999-01-01,log_conh_real,14.771781291582235,Q
MEX,1999-04-01,log_conh_real,14.789003780484759,Q
MEX,1999-07-01,log_conh_real,14.811729110912752,Q
MEX,1999-10-01,log_conh_real,14.828660741628173,Q
MEX,2000-01-01,log_conh_real,14.855754512899178,Q
MEX,2000-04-01,log_conh_real,14.87437076566156,Q
MEX,2000-07-01,log_conh_real,14.894030541383596,Q
MEX,2000-10-01,log_conh_real,14.904442173085084,Q
MEX,2001-01-01,log_conh_real,14.911722100479437,Q
MEX,2001-04-01,log_conh_real,14.909848926433076,Q
MEX,2001-07-01,log_conh_real,14.910200196423286,Q
MEX,2001-10-01,log_conh_real,14.916951342663305,Q
MEX,2002-01-01,log_conh_real,14.918907316116076,Q
MEX,2002-04-01,log_conh_real,14.93184939880655,Q
MEX,2002-07-01,log_conh_real,14.932488461528482,Q
MEX,2002-10-01,log_conh_real,14.93036341838045,Q
MEX,2003-01-01,log_conh_real,14.940501094651337,Q
MEX,2003-04-01,log_conh_real,14.946928798357561,Q
MEX,2003-07-01,log_conh_real,14.95294296673847,Q
MEX,2003-10-01,log_conh_real,14.957695869601451,Q
MEX,2004-01-01,log_conh_real,14.958714973264765,Q
MEX,2004-04-01,log_conh_real,14.966756725368393,Q
MEX,2004-07-01,log_conh_real,14.973556861918855,Q
MEX,2004-10-01,log_conh_real,14.98399188528387,Q
MEX,2005-01-01,log_conh_real,14.982891844172544,Q
MEX,2005-04-01,log_conh_real,14.984288070645485,Q
MEX,2005-07-01,log_conh_real,14.99826909249543,Q
MEX,2005-10-01,log_conh_real,15.009469025788723,Q
MEX,2006-01-01,log_conh_real,15.027301490921891,Q
MEX,2006-04-01,log_conh_real,15.037803125981512,Q
MEX,2006-07-01,log_conh_real,15.042571820620175,Q
MEX,2006-10-01,log_conh_real,15.044302649783807,Q
MEX,2007-01-01,log_conh_real,15.047537557449848,Q
MEX,2007-04-01,log_conh_real,15.0518704136891,Q
MEX,2007-07-01,log_conh_real,15.04603510416485,Q
MEX,2007-10-01,log_conh_real,15.053789567082774,Q
MEX,2008-01-01,log_conh_real,15.061114360678571,Q
MEX,2008-04-01,log_conh_real,15.074010808167209,Q
MEX,2008-07-01,log_conh_real,15.067842662222406,Q
MEX,2008-10-01,log_conh_real,15.028186024038774,Q
MEX,2009-01-01,log_conh_real,14.979003590455092,Q
MEX,2009-04-01,log_conh_real,14.965182845475312,Q
MEX,2009-07-01,log_conh_real,14.987892039978474,Q
MEX,2009-10-01,log_conh_real,15.00842855242459,Q
MEX,2010-01-01,log_conh_real,15.011496562547494,Q
MEX,2010-04-01,log_conh_real,15.030071281919657,Q
MEX,2010-07-01,log_conh_real,15.032943417936535,Q
MEX,2010-10-01,log_conh_real,15.048299947409186,Q
MEX,2011-01-01,log_conh_real,15.068314525619165,Q
MEX,2011-04-01,log_conh_real,15.071052917514221,Q
MEX,2011-07-01,log_conh_real,15.08236266393411,Q
MEX,2011-10-01,log_conh_real,15.084265063232175,Q
MEX,2012-01-01,log_conh_real,15.079361484368565,Q
MEX,2012-04-01,log_conh_real,15.091182193364013,Q
MEX,2012-07-01,log_conh_real,15.102305996231841,Q
MEX,2012-10-01,log_conh_real,15.111601671673455,Q
MEX,2013-01-01,log_conh_real,15.119645552033525,Q
MEX,2013-04-01,log_conh_real,15.121301338558382,Q
MEX,2013-07-01,log_conh_real,15.124747077263,Q
MEX,2013-10-01,log_conh_real,15.128678722523334,Q
MEX,2014-01-01,log_conh_real,15.132246459110767,Q
MEX,2014-04-01,log_conh_real,15.143696056652194,Q
MEX,2014-07-01,log_conh_real,15.145530767110605,Q
MEX,2014-10-01,log_conh_real,15.152031495423516,Q
MEX,2015-01-01,log_conh_real,15.158774524300464,Q
MEX,2015-04-01,log_conh_real,15.16483007208444,Q
MEX,2015-07-01,log_conh_real,15.174168759130842,Q
MEX,2015-10-01,log_conh_real,15.181832746415981,Q
MEX,2016-01-01,log_conh_real,15.182234945222076,Q
MEX,2016-04-01,log_conh_real,15.18006600689773,Q
MEX,2016-07-01,log_conh_real,15.187952820224512,Q
MEX,2016-10-01,log_conh_real,15.198781101953694,Q
MEX,2017-01-01,log_conh_real,15.203191082915021,Q
MEX,2017-04-01,log_conh_real,15.206024130679484,Q
MEX,2017-07-01,log_conh_real,15.20704190709278,Q
MEX,2017-10-01,log_conh_real,15.209172859028353,Q
MEX,2018-01-01,log_conh_real,15.223767100119588,Q
MEX,2018-04-01,log_conh_real,15.21783748292733,Q
MEX,2018-07-01,log_conh_real,15.2207426381413,Q
MEX,2018-10-01,log_conh_real,15.220866732830048,Q
MEX,2019-01-01,log_conh_real,15.225509848954552,Q
MEX,2019-04-01,log_conh_real,15.225358077865495,Q
MEX,2019-07-01,log_conh_real,15.23106741529549,Q
MEX,2019-10-01,log_conh_real,15.23621919596048,Q
MEX,2020-01-01,log_conh_real,15.211728962463107,Q
MEX,2020-04-01,log_conh_real,14.99262171704837,Q
MEX,2020-07-01,log_conh_real,15.111088185732687,Q
MEX,2020-10-01,log_conh_real,15.166968257916059,Q
MEX,2021-01-01,log_conh_real,15.185157415147374,Q
MEX,2021-04-01,log_conh_real,15.203686048649978,Q
MEX,2021-07-01,log_conh_real,15.210405081444188,Q
MEX,2021-10-01,log_conh_real,15.225901866496375,Q
MEX,2022-01-01,log_conh_real,15.241162113308096,Q
MEX,2022-04-01,log_conh_real,15.250914270403197,Q
MEX,2022-07-01,log_conh_real,15.254354460313122,Q
MEX,2022-10-01,log_conh_real,15.267427336968368,Q
MEX,2023-01-01,log_conh_real,15.275545432661824,Q
MEX,2023-04-01,log_conh_real,15.288150261822217,Q
MEX,2023-07-01,log_conh_real,15.300961849737178,Q
MEX,2023-10-01,log_conh_real,15.312314299060702,Q
MEX,2024-01-01,log_conh_real,15.324229145510714,Q
MEX,2024-04-01,log_conh_real,15.322719247123496,Q
MEX,2024-07-01,log_conh_real,15.324693919311162,Q
MEX,2024-10-01,log_conh_real,15.310845808849018,Q
MEX,2025-01-01,log_conh_real,15.316038105920585,Q
MEX,2025-04-01,log_conh_real,15.328401754398186,Q
MEX,2025-07-01,log_conh_real,15.338291786861221,Q
MEX,2025-10-01,log_conh_real,15.34789764923214,Q
MEX,2026-01-01,log_conh_real,15.3399111219136,Q
MEX,1994-01-01,log_gdp_real,15.082006397449776,Q
MEX,1994-04-01,log_gdp_real,15.104555034267825,Q
MEX,1994-07-01,log_gdp_real,15.10999111981151,Q
MEX,1994-10-01,log_gdp_real,15.120691090048236,Q
MEX,1995-01-01,log_gdp_real,15.073980297535998,Q
MEX,1995-04-01,log_gdp_real,15.011338210420604,Q
MEX,1995-07-01,log_gdp_real,15.032546773170623,Q
MEX,1995-10-01,log_gdp_real,15.05515409903465,Q
MEX,1996-01-01,log_gdp_real,15.07800875638677,Q
MEX,1996-04-01,log_gdp_real,15.088782710808278,Q
MEX,1996-07-01,log_gdp_real,15.103500009549737,Q
MEX,1996-10-01,log_gdp_real,15.13469685950846,Q
MEX,1997-01-01,log_gdp_real,15.13818408341112,Q
MEX,1997-04-01,log_gdp_real,15.161742323647422,Q
MEX,1997-07-01,log_gdp_real,15.182212051286923,Q
MEX,1997-10-01,log_gdp_real,15.210018544717668,Q
MEX,1998-01-01,log_gdp_real,15.225441266705982,Q
MEX,1998-04-01,log_gdp_real,15.23236853186845,Q
MEX,1998-07-01,log_gdp_real,15.23736082406248,Q
MEX,1998-10-01,log_gdp_real,15.239141237688434,Q
MEX,1999-01-01,log_gdp_real,15.248012274482303,Q
MEX,1999-04-01,log_gdp_real,15.255209183805198,Q
MEX,1999-07-01,log_gdp_real,15.264591014996206,Q
MEX,1999-10-01,log_gdp_real,15.274547375416805,Q
MEX,2000-01-01,log_gdp_real,15.294843703039122,Q
MEX,2000-04-01,log_gdp_real,15.307651733979347,Q
MEX,2000-07-01,log_gdp_real,15.318520852255824,Q
MEX,2000-10-01,log_gdp_real,15.307184009569477,Q
MEX,2001-01-01,log_gdp_real,15.313793063410333,Q
MEX,2001-04-01,log_gdp_real,15.30605526623291,Q
MEX,2001-07-01,log_gdp_real,15.304014651232727,Q
MEX,2001-10-01,log_gdp_real,15.295332533790205,Q
MEX,2002-01-01,log_gdp_real,15.289105470925383,Q
MEX,2002-04-01,log_gdp_real,15.299932693918729,Q
MEX,2002-07-01,log_gdp_real,15.30914919329124,Q
MEX,2002-10-01,log_gdp_real,15.311275501832691,Q
MEX,2003-01-01,log_gdp_real,15.311050615144884,Q
MEX,2003-04-01,log_gdp_real,15.312223123046417,Q
MEX,2003-07-01,log_gdp_real,15.31274067665764,Q
MEX,2003-10-01,log_gdp_real,15.321766535464844,Q
MEX,2004-01-01,log_gdp_real,15.334750552685362,Q
MEX,2004-04-01,log_gdp_real,15.348104185645955,Q
MEX,2004-07-01,log_gdp_real,15.3475176637397,Q
MEX,2004-10-01,log_gdp_real,15.358128928376251,Q
MEX,2005-01-01,log_gdp_real,15.360365660280062,Q
MEX,2005-04-01,log_gdp_real,15.36058281965119,Q
MEX,2005-07-01,log_gdp_real,15.370650666990525,Q
MEX,2005-10-01,log_gdp_real,15.389012809946133,Q
MEX,2006-01-01,log_gdp_real,15.408678590794278,Q
MEX,2006-04-01,log_gdp_real,15.416998533222985,Q
MEX,2006-07-01,log_gdp_real,15.419530821404372,Q
MEX,2006-10-01,log_gdp_real,15.42314690855994,Q
MEX,2007-01-01,log_gdp_real,15.430348324906676,Q
MEX,2007-04-01,log_gdp_real,15.436608190897378,Q
MEX,2007-07-01,log_gdp_real,15.44020269092621,Q
MEX,2007-10-01,log_gdp_real,15.442768349033186,Q
MEX,2008-01-01,log_gdp_real,15.442371287799835,Q
MEX,2008-04-01,log_gdp_real,15.449923852761703,Q
MEX,2008-07-01,log_gdp_real,15.450686156221625,Q
MEX,2008-10-01,log_gdp_real,15.434806836626887,Q
MEX,2009-01-01,log_gdp_real,15.371217808041349,Q
MEX,2009-04-01,log_gdp_real,15.354118863144546,Q
MEX,2009-07-01,log_gdp_real,15.389816962636722,Q
MEX,2009-10-01,log_gdp_real,15.411431607825351,Q
MEX,2010-01-01,log_gdp_real,15.415689599031987,Q
MEX,2010-04-01,log_gdp_real,15.426369200682982,Q
MEX,2010-07-01,log_gdp_real,15.435852227784103,Q
MEX,2010-10-01,log_gdp_real,15.444084169465002,Q
MEX,2011-01-01,log_gdp_real,15.451117865179677,Q
MEX,2011-04-01,log_gdp_real,15.454024573635225,Q
MEX,2011-07-01,log_gdp_real,15.472660186585106,Q
MEX,2011-10-01,log_gdp_real,15.479867187990108,Q
MEX,2012-01-01,log_gdp_real,15.48925472081319,Q
MEX,2012-04-01,log_gdp_real,15.495436532863314,Q
MEX,2012-07-01,log_gdp_real,15.4980697416371,Q
MEX,2012-10-01,log_gdp_real,15.505813529079385,Q
MEX,2013-01-01,log_gdp_real,15.506711537404822,Q
MEX,2013-04-01,log_gdp_real,15.502588780778904,Q
MEX,2013-07-01,log_gdp_real,15.508856951715794,Q
MEX,2013-10-01,log_gdp_real,15.513759265796537,Q
MEX,2014-01-01,log_gdp_real,15.520375243405448,Q
MEX,2014-04-01,log_gdp_real,15.53296088865216,Q
MEX,2014-07-01,log_gdp_real,15.534665301520318,Q
MEX,2014-10-01,log_gdp_real,15.543120834700968,Q
MEX,2015-01-01,log_gdp_real,15.548030861854352,Q
MEX,2015-04-01,log_gdp_real,15.556699278723139,Q
MEX,2015-07-01,log_gdp_real,15.568426092382506,Q
MEX,2015-10-01,log_gdp_real,15.565468160392887,Q
MEX,2016-01-01,log_gdp_real,15.564222972254573,Q
MEX,2016-04-01,log_gdp_real,15.568827162103455,Q
MEX,2016-07-01,log_gdp_real,15.577531195913197,Q
MEX,2016-10-01,log_gdp_real,15.588620280074334,Q
MEX,2017-01-01,log_gdp_real,15.594469937798419,Q
MEX,2017-04-01,log_gdp_real,15.595518733745818,Q
MEX,2017-07-01,log_gdp_real,15.58961437948516,Q
MEX,2017-10-01,log_gdp_real,15.60344515501927,Q
MEX,2018-01-01,log_gdp_real,15.615896313568511,Q
MEX,2018-04-01,log_gdp_real,15.612849847666244,Q
MEX,2018-07-01,log_gdp_real,15.616934343549891,Q
MEX,2018-10-01,log_gdp_real,15.614992333286205,Q
MEX,2019-01-01,log_gdp_real,15.615143714864997,Q
MEX,2019-04-01,log_gdp_real,15.612329539579406,Q
MEX,2019-07-01,log_gdp_real,15.612565862801066,Q
MEX,2019-10-01,log_gdp_real,15.60502378962192,Q
MEX,2020-01-01,log_gdp_real,15.592838136635235,Q
MEX,2020-04-01,log_gdp_real,15.38332580125706,Q
MEX,2020-07-01,log_gdp_real,15.528000603790762,Q
MEX,2020-10-01,log_gdp_real,15.569926385903527,Q
MEX,2021-01-01,log_gdp_real,15.57719435439621,Q
MEX,2021-04-01,log_gdp_real,15.58641285405809,Q
MEX,2021-07-01,log_gdp_real,15.578016467192965,Q
MEX,2021-10-01,log_gdp_real,15.589171940341322,Q
MEX,2022-01-01,log_gdp_real,15.603201294447208,Q
MEX,2022-04-01,log_gdp_real,15.614910017996719,Q
MEX,2022-07-01,log_gdp_real,15.623435213681223,Q
MEX,2022-10-01,log_gdp_real,15.634615313452786,Q
MEX,2023-01-01,log_gdp_real,15.640113896941855,Q
MEX,2023-04-01,log_gdp_real,15.647814847303307,Q
MEX,2023-07-01,log_gdp_real,15.655547075613404,Q
MEX,2023-10-01,log_gdp_real,15.655640627166536,Q
MEX,2024-01-01,log_gdp_real,15.659392537685157,Q
MEX,2024-04-01,log_gdp_real,15.658904887406297,Q
MEX,2024-07-01,log_gdp_real,15.670132363065953,Q
MEX,2024-10-01,log_gdp_real,15.659007605371219,Q
MEX,2025-01-01,log_gdp_real,15.665095078965011,Q
MEX,2025-04-01,log_gdp_real,15.668495707552568,Q
MEX,2025-07-01,log_gdp_real,15.667834600147044,Q
MEX,2025-10-01,log_gdp_real,15.675002380115014,Q
MEX,2026-01-01,log_gdp_real,15.668819554485129,Q
NLD,1996-01-01,log_conh_real,11.134077944766334,L
NLD,1996-04-01,log_conh_real,11.141093372485166,L
NLD,1996-07-01,log_conh_real,11.153818995840082,L
NLD,1996-10-01,log_conh_real,11.166808870681278,L
NLD,1997-01-01,log_conh_real,11.177075034987192,L
NLD,1997-04-01,log_conh_real,11.184907390995573,L
NLD,1997-07-01,log_conh_real,11.195732189144058,L
NLD,1997-10-01,log_conh_real,11.207215189999056,L
NLD,1998-01-01,log_conh_real,11.221315689180468,L
NLD,1998-04-01,log_conh_real,11.239317223249772,L
NLD,1998-07-01,log_conh_real,11.256638695062765,L
NLD,1998-10-01,log_conh_real,11.26789411389799,L
NLD,1999-01-01,log_conh_real,11.28638866308752,L
NLD,1999-04-01,log_conh_real,11.300820760771234,L
NLD,1999-07-01,log_conh_real,11.312093645417177,L
NLD,1999-10-01,log_conh_real,11.317786110065615,L
NLD,2000-01-01,log_conh_real,11.331463538588157,L
NLD,2000-04-01,log_conh_real,11.334743328940538,L
NLD,2000-07-01,log_conh_real,11.343109387696558,L
NLD,2000-10-01,log_conh_real,11.349512017863786,L
NLD,2001-01-01,log_conh_real,11.354035237878815,L
NLD,2001-04-01,log_conh_real,11.358561429050845,L
NLD,2001-07-01,log_conh_real,11.362997523487175,L
NLD,2001-10-01,log_conh_real,11.370474410171052,L
NLD,2002-01-01,log_conh_real,11.370174560093844,L
NLD,2002-04-01,log_conh_real,11.370370626087977,L
NLD,2002-07-01,log_conh_real,11.373353004642214,L
NLD,2002-10-01,log_conh_real,11.377311906141381,L
NLD,2003-01-01,log_conh_real,11.374754755911562,L
NLD,2003-04-01,log_conh_real,11.373100020578859,L
NLD,2003-07-01,log_conh_real,11.37072805926043,L
NLD,2003-10-01,log_conh_real,11.374456186744649,L
NLD,2004-01-01,log_conh_real,11.377895807650354,L
NLD,2004-04-01,log_conh_real,11.37786146993896,L
NLD,2004-07-01,log_conh_real,11.37922262907872,L
NLD,2004-10-01,log_conh_real,11.379919648492077,L
NLD,2005-01-01,log_conh_real,11.377701211693902,L
NLD,2005-04-01,log_conh_real,11.386295914032058,L
NLD,2005-07-01,log_conh_real,11.395458629317355,L
NLD,2005-10-01,log_conh_real,11.395256172844805,L
NLD,2006-01-01,log_conh_real,11.378696686371484,L
NLD,2006-04-01,log_conh_real,11.390644830261396,L
NLD,2006-07-01,log_conh_real,11.39089341502443,L
NLD,2006-10-01,log_conh_real,11.38847273627891,L
NLD,2007-01-01,log_conh_real,11.396650042294073,L
NLD,2007-04-01,log_conh_real,11.401602766325961,L
NLD,2007-07-01,log_conh_real,11.40767605425113,L
NLD,2007-10-01,log_conh_real,11.416194276010456,L
NLD,2008-01-01,log_conh_real,11.409318965681459,L
NLD,2008-04-01,log_conh_real,11.417537282123746,L
NLD,2008-07-01,log_conh_real,11.414043915410112,L
NLD,2008-10-01,log_conh_real,11.411235980601818,L
NLD,2009-01-01,log_conh_real,11.400820031185921,L
NLD,2009-04-01,log_conh_real,11.391525897539303,L
NLD,2009-07-01,log_conh_real,11.391164527944621,L
NLD,2009-10-01,log_conh_real,11.391571059558053,L
NLD,2010-01-01,log_conh_real,11.388903004523826,L
NLD,2010-04-01,log_conh_real,11.390644830261396,L
NLD,2010-07-01,log_conh_real,11.396290520005437,L
NLD,2010-10-01,log_conh_real,11.404827873602516,L
NLD,2011-01-01,log_conh_real,11.402027423254252,L
NLD,2011-04-01,log_conh_real,11.400719349346042,L
NLD,2011-07-01,log_conh_real,11.399487973744076,L
NLD,2011-10-01,log_conh_real,11.395683532890896,L
NLD,2012-01-01,log_conh_real,11.398512992578112,L
NLD,2012-04-01,log_conh_real,11.39306026310952,L
NLD,2012-07-01,log_conh_real,11.39089341502443,L
NLD,2012-10-01,log_conh_real,11.37741497236152,L
NLD,2013-01-01,log_conh_real,11.380502029762713,L
NLD,2013-04-01,log_conh_real,11.380696081506649,L
NLD,2013-07-01,log_conh_real,11.386727119712498,L
NLD,2013-10-01,log_conh_real,11.391300056846367,L
NLD,2014-01-01,log_conh_real,11.385705541626173,L
NLD,2014-04-01,log_conh_real,11.389796917489077,L
NLD,2014-07-01,log_conh_real,11.390339664480544,L
NLD,2014-10-01,log_conh_real,11.401435088936866,L
NLD,2015-01-01,log_conh_real,11.408475645613724,L
NLD,2015-04-01,log_conh_real,11.415323661400773,L
NLD,2015-07-01,log_conh_real,11.41443021822113,L
NLD,2015-10-01,log_conh_real,11.416006992556403,L
NLD,2016-01-01,log_conh_real,11.415202376441613,L
NLD,2016-04-01,log_conh_real,11.41919703354211,L
NLD,2016-07-01,log_conh_real,11.429696018366945,L
NLD,2016-10-01,log_conh_real,11.438632860388374,L
NLD,2017-01-01,log_conh_real,11.439171276381566,L
NLD,2017-04-01,log_conh_real,11.445994751487438,L
NLD,2017-07-01,log_conh_real,11.458067931485509,L
NLD,2017-10-01,log_conh_real,11.453812200477723,L
NLD,2018-01-01,log_conh_real,11.469882255377264,L
NLD,2018-04-01,log_conh_real,11.472113887062386,L
NLD,2018-07-01,log_conh_real,11.47437172933798,L
NLD,2018-10-01,log_conh_real,11.47478736557913,L
NLD,2019-01-01,log_conh_real,11.476904427391014,L
NLD,2019-04-01,log_conh_real,11.482445638716253,L
NLD,2019-07-01,log_conh_real,11.483064016936066,L
NLD,2019-10-01,log_conh_real,11.489984317668661,L
NLD,2020-01-01,log_conh_real,11.461600591136683,L
NLD,2020-04-01,log_conh_real,11.349924066161675,L
NLD,2020-07-01,log_conh_real,11.433838966649445,L
NLD,2020-10-01,log_conh_real,11.427498287019851,L
NLD,2021-01-01,log_conh_real,11.392688170081971,L
NLD,2021-04-01,log_conh_real,11.46052629617102,L
NLD,2021-07-01,log_conh_real,11.499819961791749,L
NLD,2021-10-01,log_conh_real,11.496257320047444,L
NLD,2022-01-01,log_conh_real,11.509188491173319,L
NLD,2022-04-01,log_conh_real,11.53779367189911,L
NLD,2022-07-01,log_conh_real,11.539713441726612,L
NLD,2022-10-01,log_conh_real,11.534647817042543,L
NLD,2023-01-01,log_conh_real,11.538105763500527,L
NLD,2023-04-01,log_conh_real,11.53907068055842,L
NLD,2023-07-01,log_conh_real,11.533022166669351,L
NLD,2023-10-01,log_conh_real,11.54031687156214,L
NLD,2024-01-01,log_conh_real,11.541163006381469,L
NLD,2024-04-01,log_conh_real,11.538271522555494,L
NLD,2024-07-01,log_conh_real,11.54567335143003,L
NLD,2024-10-01,log_conh_real,11.552050019654278,L
NLD,2025-01-01,log_conh_real,11.557411140009506,L
NLD,2025-04-01,log_conh_real,11.555544244305413,L
NLD,2025-07-01,log_conh_real,11.558606037462201,L
NLD,2025-10-01,log_conh_real,11.558787536934918,L
NLD,2026-01-01,log_conh_real,11.562134588982776,L
NLD,1996-01-01,log_gdp_real,11.81831974602058,L
NLD,1996-04-01,log_gdp_real,11.832607532283967,L
NLD,1996-07-01,log_gdp_real,11.847044936007844,L
NLD,1996-10-01,log_gdp_real,11.853055290166,L
NLD,1997-01-01,log_gdp_real,11.86127686412152,L
NLD,1997-04-01,log_gdp_real,11.873776676152373,L
NLD,1997-07-01,log_gdp_real,11.888584073495728,L
NLD,1997-10-01,log_gdp_real,11.899927847712558,L
NLD,1998-01-01,log_gdp_real,11.913826841747131,L
NLD,1998-04-01,log_gdp_real,11.921000497593797,L
NLD,1998-07-01,log_gdp_real,11.929699716301343,L
NLD,1998-10-01,log_gdp_real,11.937611331775463,L
NLD,1999-01-01,log_gdp_real,11.956379758982427,L
NLD,1999-04-01,log_gdp_real,11.966482080545646,L
NLD,1999-07-01,log_gdp_real,11.979955928736548,L
NLD,1999-10-01,log_gdp_real,11.991888835587435,L
NLD,2000-01-01,log_gdp_real,12.00147480447179,L
NLD,2000-04-01,log_gdp_real,12.011789837336943,L
NLD,2000-07-01,log_gdp_real,12.020134556961677,L
NLD,2000-10-01,log_gdp_real,12.03055786994914,L
NLD,2001-01-01,log_gdp_real,12.03542073280221,L
NLD,2001-04-01,log_gdp_real,12.038866276545066,L
NLD,2001-07-01,log_gdp_real,12.040779282613597,L
NLD,2001-10-01,log_gdp_real,12.041563501574691,L
NLD,2002-01-01,log_gdp_real,12.039781905808747,L
NLD,2002-04-01,log_gdp_real,12.041451507940529,L
NLD,2002-07-01,log_gdp_real,12.04225287029935,L
NLD,2002-10-01,log_gdp_real,12.043300742860913,L
NLD,2003-01-01,log_gdp_real,12.04559281213275,L
NLD,2003-04-01,log_gdp_real,12.040578706842478,L
NLD,2003-07-01,log_gdp_real,12.04072619294218,L
NLD,2003-10-01,log_gdp_real,12.046953811503942,L
NLD,2004-01-01,log_gdp_real,12.05620278988639,L
NLD,2004-04-01,log_gdp_real,12.060763596366524,L
NLD,2004-07-01,log_gdp_real,12.062115666279205,L
NLD,2004-10-01,log_gdp_real,12.064457236546502,L
NLD,2005-01-01,log_gdp_real,12.066959992321177,L
NLD,2005-04-01,log_gdp_real,12.076089237073717,L
NLD,2005-07-01,log_gdp_real,12.088161476665082,L
NLD,2005-10-01,log_gdp_real,12.094900832500928,L
NLD,2006-01-01,log_gdp_real,12.100651016893876,L
NLD,2006-04-01,log_gdp_real,12.11678777702521,L
NLD,2006-07-01,log_gdp_real,12.121891804246545,L
NLD,2006-10-01,log_gdp_real,12.130535190614172,L
NLD,2007-01-01,log_gdp_real,12.141768763529354,L
NLD,2007-04-01,log_gdp_real,12.147897832979071,L
NLD,2007-07-01,log_gdp_real,12.158855243921058,L
NLD,2007-10-01,log_gdp_real,12.173296322616059,L
NLD,2008-01-01,log_gdp_real,12.180277800704978,L
NLD,2008-04-01,log_gdp_real,12.180995834144897,L
NLD,2008-07-01,log_gdp_real,12.17830568697745,L
NLD,2008-10-01,log_gdp_real,12.167243455721623,L
NLD,2009-01-01,log_gdp_real,12.144133409987644,L
NLD,2009-04-01,log_gdp_real,12.134812920957799,L
NLD,2009-07-01,log_gdp_real,12.135859386816424,L
NLD,2009-10-01,log_gdp_real,12.142397751359454,L
NLD,2010-01-01,log_gdp_real,12.142429723224216,L
NLD,2010-04-01,log_gdp_real,12.151574220193675,L
NLD,2010-07-01,log_gdp_real,12.152455600693058,L
NLD,2010-10-01,log_gdp_real,12.161059589099773,L
NLD,2011-01-01,log_gdp_real,12.172014184993216,L
NLD,2011-04-01,log_gdp_real,12.171424263321844,L
NLD,2011-07-01,log_gdp_real,12.16998422163295,L
NLD,2011-10-01,log_gdp_real,12.164698415222468,L
NLD,2012-01-01,log_gdp_real,12.163801685098981,L
NLD,2012-04-01,log_gdp_real,12.163306053171183,L
NLD,2012-07-01,log_gdp_real,12.158519715670627,L
NLD,2012-10-01,log_gdp_real,12.152967183843069,L
NLD,2013-01-01,log_gdp_real,12.15255055342777,L
NLD,2013-04-01,log_gdp_real,12.156824626561228,L
NLD,2013-07-01,log_gdp_real,12.161838586532925,L
NLD,2013-10-01,log_gdp_real,12.167861822266394,L
NLD,2014-01-01,log_gdp_real,12.170170818775444,L
NLD,2014-04-01,log_gdp_real,12.173378984750132,L
NLD,2014-07-01,log_gdp_real,12.173068966508243,L
NLD,2014-10-01,log_gdp_real,12.186497292405264,L
NLD,2015-01-01,log_gdp_real,12.190415712954126,L
NLD,2015-04-01,log_gdp_real,12.19465268530058,L
NLD,2015-07-01,log_gdp_real,12.199390368766252,L
NLD,2015-10-01,log_gdp_real,12.20173826566262,L
NLD,2016-01-01,log_gdp_real,12.208210358991721,L
NLD,2016-04-01,log_gdp_real,12.215904157443463,L
NLD,2016-07-01,log_gdp_real,12.224796259528276,L
NLD,2016-10-01,log_gdp_real,12.232792470229555,L
NLD,2017-01-01,log_gdp_real,12.23870923080644,L
NLD,2017-04-01,log_gdp_real,12.243792232557189,L
NLD,2017-07-01,log_gdp_real,12.251351891728934,L
NLD,2017-10-01,log_gdp_real,12.25764465107416,L
NLD,2018-01-01,log_gdp_real,12.264789566488957,L
NLD,2018-04-01,log_gdp_real,12.269343175606751,L
NLD,2018-07-01,log_gdp_real,12.271888475561303,L
NLD,2018-10-01,log_gdp_real,12.274665436995786,L
NLD,2019-01-01,log_gdp_real,12.287085651542757,L
NLD,2019-04-01,log_gdp_real,12.291548260507458,L
NLD,2019-07-01,log_gdp_real,12.296114426204833,L
NLD,2019-10-01,log_gdp_real,12.29668544626772,L
NLD,2020-01-01,log_gdp_real,12.286121507030929,L
NLD,2020-04-01,log_gdp_real,12.1990631362193,L
NLD,2020-07-01,log_gdp_real,12.262367909185379,L
NLD,2020-10-01,log_gdp_real,12.2656520153787,L
NLD,2021-01-01,log_gdp_real,12.275939135301522,L
NLD,2021-04-01,log_gdp_real,12.314236228920365,L
NLD,2021-07-01,log_gdp_real,12.332185337519768,L
NLD,2021-10-01,log_gdp_real,12.332700891167493,L
NLD,2022-01-01,log_gdp_real,12.345438857440447,L
NLD,2022-04-01,log_gdp_real,12.368616574715453,L
NLD,2022-07-01,log_gdp_real,12.369644520486263,L
NLD,2022-10-01,log_gdp_real,12.367791755257375,L
NLD,2023-01-01,log_gdp_real,12.36305075298546,L
NLD,2023-04-01,log_gdp_real,12.358596288164275,L
NLD,2023-07-01,log_gdp_real,12.352188273471688,L
NLD,2023-10-01,log_gdp_real,12.354436614595699,L
NLD,2024-01-01,log_gdp_real,12.35732484309896,L
NLD,2024-04-01,log_gdp_real,12.365858844518863,L
NLD,2024-07-01,log_gdp_real,12.372146249679378,L
NLD,2024-10-01,log_gdp_real,12.375228750169807,L
NLD,2025-01-01,log_gdp_real,12.377383809804076,L
NLD,2025-04-01,log_gdp_real,12.38116815723239,L
NLD,2025-07-01,log_gdp_real,12.385322823799642,L
NLD,2025-10-01,log_gdp_real,12.389264656702103,L
NLD,2026-01-01,log_gdp_real,12.391393865499353,L
POL,1995-01-01,log_conh_real,11.734144766101984,L
POL,1995-04-01,log_conh_real,11.830634191368924,L
POL,1995-07-01,log_conh_real,11.859686730384087,L
POL,1995-10-01,log_conh_real,11.892099984404046,L
POL,1996-01-01,log_conh_real,11.885718609976339,L
POL,1996-04-01,log_conh_real,11.90326949023217,L
POL,1996-07-01,log_conh_real,11.922834683375344,L
POL,1996-10-01,log_conh_real,11.951978142133356,L
POL,1997-01-01,log_conh_real,11.965920896362414,L
POL,1997-04-01,log_conh_real,11.99575585348647,L
POL,1997-07-01,log_conh_real,11.99751963273343,L
POL,1997-10-01,log_conh_real,11.985502654766309,L
POL,1998-01-01,log_conh_real,12.023289782350787,L
POL,1998-04-01,log_conh_real,12.025568236722318,L
POL,1998-07-01,log_conh_real,12.042556748637283,L
POL,1998-10-01,log_conh_real,12.04099161311862,L
POL,1999-01-01,log_conh_real,12.066311028154962,L
POL,1999-04-01,log_conh_real,12.08840054122068,L
POL,1999-07-01,log_conh_real,12.08779179848626,L
POL,1999-10-01,log_conh_real,12.103724809414823,L
POL,2000-01-01,log_conh_real,12.111761416608232,L
POL,2000-04-01,log_conh_real,12.110703714,L
POL,2000-07-01,log_conh_real,12.11366509900699,L
POL,2000-10-01,log_conh_real,12.128570458000743,L
POL,2001-01-01,log_conh_real,12.125708761284963,L
POL,2001-04-01,log_conh_real,12.132925980403526,L
POL,2001-07-01,log_conh_real,12.146309902189756,L
POL,2001-10-01,log_conh_real,12.139376064121393,L
POL,2002-01-01,log_conh_real,12.166033157272022,L
POL,2002-04-01,log_conh_real,12.161982294914898,L
POL,2002-07-01,log_conh_real,12.173574763421678,L
POL,2002-10-01,log_conh_real,12.185156928979934,L
POL,2003-01-01,log_conh_real,12.169764925489739,L
POL,2003-04-01,log_conh_real,12.181595509723012,L
POL,2003-07-01,log_conh_real,12.18722870854355,L
POL,2003-10-01,log_conh_real,12.211231316676308,L
POL,2004-01-01,log_conh_real,12.214114721178394,L
POL,2004-04-01,log_conh_real,12.231794484382998,L
POL,2004-07-01,log_conh_real,12.22930956496685,L
POL,2004-10-01,log_conh_real,12.231592233155583,L
POL,2005-01-01,log_conh_real,12.226859592146672,L
POL,2005-04-01,log_conh_real,12.2388423068596,L
POL,2005-07-01,log_conh_real,12.250245978038608,L
POL,2005-10-01,log_conh_real,12.258249924088563,L
POL,2006-01-01,log_conh_real,12.267850954534723,L
POL,2006-04-01,log_conh_real,12.276725871199266,L
POL,2006-07-01,log_conh_real,12.299731462585267,L
POL,2006-10-01,log_conh_real,12.322495645646244,L
POL,2007-01-01,log_conh_real,12.32715822179103,L
POL,2007-04-01,log_conh_real,12.340484213186981,L
POL,2007-07-01,log_conh_real,12.34841690303172,L
POL,2007-10-01,log_conh_real,12.35622003716728,L
POL,2008-01-01,log_conh_real,12.392848019340033,L
POL,2008-04-01,log_conh_real,12.40751072829354,L
POL,2008-07-01,log_conh_real,12.412047657291012,L
POL,2008-10-01,log_conh_real,12.424508332220118,L
POL,2009-01-01,log_conh_real,12.43092234055311,L
POL,2009-04-01,log_conh_real,12.431393025832046,L
POL,2009-07-01,log_conh_real,12.44217980499624,L
POL,2009-10-01,log_conh_real,12.45036889277979,L
POL,2010-01-01,log_conh_real,12.46545400401537,L
POL,2010-04-01,log_conh_real,12.471744894118583,L
POL,2010-07-01,log_conh_real,12.484857126554134,L
POL,2010-10-01,log_conh_real,12.485722042252306,L
POL,2011-01-01,log_conh_real,12.492585659899769,L
POL,2011-04-01,log_conh_real,12.504468742295538,L
POL,2011-07-01,log_conh_real,12.511884623529417,L
POL,2011-10-01,log_conh_real,12.508796397578072,L
POL,2012-01-01,log_conh_real,12.512178085713288,L
POL,2012-04-01,log_conh_real,12.512867769339994,L
POL,2012-07-01,log_conh_real,12.510508953650072,L
POL,2012-10-01,log_conh_real,12.515242321966086,L
POL,2013-01-01,log_conh_real,12.505984626839584,L
POL,2013-04-01,log_conh_real,12.504456128090608,L
POL,2013-07-01,log_conh_real,12.514511301881516,L
POL,2013-10-01,log_conh_real,12.516138569873279,L
POL,2014-01-01,log_conh_real,12.527460613018125,L
POL,2014-04-01,log_conh_real,12.537749473967272,L
POL,2014-07-01,log_conh_real,12.542879112004652,L
POL,2014-10-01,log_conh_real,12.558035354307595,L
POL,2015-01-01,log_conh_real,12.570616101374638,L
POL,2015-04-01,log_conh_real,12.580534755714721,L
POL,2015-07-01,log_conh_real,12.578924681860627,L
POL,2015-10-01,log_conh_real,12.587318828840187,L
POL,2016-01-01,log_conh_real,12.601075885305512,L
POL,2016-04-01,log_conh_real,12.607123023039799,L
POL,2016-07-01,log_conh_real,12.623650102081882,L
POL,2016-10-01,log_conh_real,12.632259239700225,L
POL,2017-01-01,log_conh_real,12.657382313931897,L
POL,2017-04-01,log_conh_real,12.667332849693882,L
POL,2017-07-01,log_conh_real,12.680100354794508,L
POL,2017-10-01,log_conh_real,12.692283598668238,L
POL,2018-01-01,log_conh_real,12.705748541453907,L
POL,2018-04-01,log_conh_real,12.716448668240755,L
POL,2018-07-01,log_conh_real,12.723734846555153,L
POL,2018-10-01,log_conh_real,12.74061499122596,L
POL,2019-01-01,log_conh_real,12.742780320565268,L
POL,2019-04-01,log_conh_real,12.748619585985871,L
POL,2019-07-01,log_conh_real,12.75439836842637,L
POL,2019-10-01,log_conh_real,12.770187725027327,L
POL,2020-01-01,log_conh_real,12.757212038691907,L
POL,2020-04-01,log_conh_real,12.638054068126696,L
POL,2020-07-01,log_conh_real,12.749721930256316,L
POL,2020-10-01,log_conh_real,12.735737785891267,L
POL,2021-01-01,log_conh_real,12.755104622005952,L
POL,2021-04-01,log_conh_real,12.765711576054947,L
POL,2021-07-01,log_conh_real,12.795868124746434,L
POL,2021-10-01,log_conh_real,12.812587559047413,L
POL,2022-01-01,log_conh_real,12.833882586061522,L
POL,2022-04-01,log_conh_real,12.844177407247,L
POL,2022-07-01,log_conh_real,12.827966544657572,L
POL,2022-10-01,log_conh_real,12.822468902877674,L
POL,2023-01-01,log_conh_real,12.817020398533998,L
POL,2023-04-01,log_conh_real,12.81973198528282,L
POL,2023-07-01,log_conh_real,12.847400603953128,L
POL,2023-10-01,log_conh_real,12.835084956807508,L
POL,2024-01-01,log_conh_real,12.850786385787162,L
POL,2024-04-01,log_conh_real,12.85509394223323,L
POL,2024-07-01,log_conh_real,12.85947433526512,L
POL,2024-10-01,log_conh_real,12.869424573396369,L
POL,2025-01-01,log_conh_real,12.880362896480886,L
POL,2025-04-01,log_conh_real,12.894439920521245,L
POL,2025-07-01,log_conh_real,12.894545669218983,L
POL,2025-10-01,log_conh_real,12.909620303137038,L
POL,2026-01-01,log_conh_real,12.911853928641781,L
POL,1995-01-01,log_gdp_real,12.308896797334944,L
POL,1995-04-01,log_gdp_real,12.32711702388893,L
POL,1995-07-01,log_gdp_real,12.354819752317276,L
POL,1995-10-01,log_gdp_real,12.366463387041534,L
POL,1996-01-01,log_gdp_real,12.386932718209636,L
POL,1996-04-01,log_gdp_real,12.407691391450438,L
POL,1996-07-01,log_gdp_real,12.418230069739442,L
POL,1996-10-01,log_gdp_real,12.383515236168572,L
POL,1997-01-01,log_gdp_real,12.4439298186587,L
POL,1997-04-01,log_gdp_real,12.456516917557135,L
POL,1997-07-01,log_gdp_real,12.46071447630678,L
POL,1997-10-01,log_gdp_real,12.4776565855638,L
POL,1998-01-01,log_gdp_real,12.496909984887713,L
POL,1998-04-01,log_gdp_real,12.497001192476247,L
POL,1998-07-01,log_gdp_real,12.506363887227124,L
POL,1998-10-01,log_gdp_real,12.509548216509323,L
POL,1999-01-01,log_gdp_real,12.518113128391535,L
POL,1999-04-01,log_gdp_real,12.538496340713186,L
POL,1999-07-01,log_gdp_real,12.558153854405928,L
POL,1999-10-01,log_gdp_real,12.573364678187657,L
POL,2000-01-01,log_gdp_real,12.57987816963253,L
POL,2000-04-01,log_gdp_real,12.5919579815081,L
POL,2000-07-01,log_gdp_real,12.595456473532574,L
POL,2000-10-01,log_gdp_real,12.614267025784443,L
POL,2001-01-01,log_gdp_real,12.610138107924435,L
POL,2001-04-01,log_gdp_real,12.607136750080278,L
POL,2001-07-01,log_gdp_real,12.612097930043568,L
POL,2001-10-01,log_gdp_real,12.610972593965691,L
POL,2002-01-01,log_gdp_real,12.61777625366793,L
POL,2002-04-01,log_gdp_real,12.624312145878974,L
POL,2002-07-01,log_gdp_real,12.63347502905576,L
POL,2002-10-01,log_gdp_real,12.638891861955129,L
POL,2003-01-01,log_gdp_real,12.643097142368322,L
POL,2003-04-01,log_gdp_real,12.659041058413248,L
POL,2003-07-01,log_gdp_real,12.672016482459966,L
POL,2003-10-01,log_gdp_real,12.67957576939562,L
POL,2004-01-01,log_gdp_real,12.702174606197515,L
POL,2004-04-01,log_gdp_real,12.711268753263571,L
POL,2004-07-01,log_gdp_real,12.710307699120952,L
POL,2004-10-01,log_gdp_real,12.7199020534162,L
POL,2005-01-01,log_gdp_real,12.726584604909617,L
POL,2005-04-01,log_gdp_real,12.73017967960208,L
POL,2005-07-01,log_gdp_real,12.74855361012807,L
POL,2005-10-01,log_gdp_real,12.766778981459053,L
POL,2006-01-01,log_gdp_real,12.781634614615243,L
POL,2006-04-01,log_gdp_real,12.80540435365396,L
POL,2006-07-01,log_gdp_real,12.821486366715817,L
POL,2006-10-01,log_gdp_real,12.807610987861883,L
POL,2007-01-01,log_gdp_real,12.847960215345795,L
POL,2007-04-01,log_gdp_real,12.861058351745283,L
POL,2007-07-01,log_gdp_real,12.878217819826453,L
POL,2007-10-01,log_gdp_real,12.891482973685045,L
POL,2008-01-01,log_gdp_real,12.90698509817285,L
POL,2008-04-01,log_gdp_real,12.912245867636607,L
POL,2008-07-01,log_gdp_real,12.91231002437648,L
POL,2008-10-01,log_gdp_real,12.914173461100402,L
POL,2009-01-01,log_gdp_real,12.926030194651492,L
POL,2009-04-01,log_gdp_real,12.928153675807955,L
POL,2009-07-01,log_gdp_real,12.935443263435118,L
POL,2009-10-01,log_gdp_real,12.952421198937602,L
POL,2010-01-01,log_gdp_real,12.949160994266888,L
POL,2010-04-01,log_gdp_real,12.963736159481543,L
POL,2010-07-01,log_gdp_real,12.975240842207805,L
POL,2010-10-01,log_gdp_real,12.983397588015256,L
POL,2011-01-01,log_gdp_real,13.00177844509907,L
POL,2011-04-01,log_gdp_real,13.013992334653933,L
POL,2011-07-01,log_gdp_real,13.025824503063935,L
POL,2011-10-01,log_gdp_real,13.035527548641571,L
POL,2012-01-01,log_gdp_real,13.036448780549597,L
POL,2012-04-01,log_gdp_real,13.035268796953387,L
POL,2012-07-01,log_gdp_real,13.035953492209508,L
POL,2012-10-01,log_gdp_real,13.034376834185538,L
POL,2013-01-01,log_gdp_real,13.03210272723949,L
POL,2013-04-01,log_gdp_real,13.039659364931888,L
POL,2013-07-01,log_gdp_real,13.046682907986131,L
POL,2013-10-01,log_gdp_real,13.052680768102931,L
POL,2014-01-01,log_gdp_real,13.065868366993069,L
POL,2014-04-01,log_gdp_real,13.076739246059523,L
POL,2014-07-01,log_gdp_real,13.085023023267432,L
POL,2014-10-01,log_gdp_real,13.093301749551113,L
POL,2015-01-01,log_gdp_real,13.109743885508081,L
POL,2015-04-01,log_gdp_real,13.115185074927929,L
POL,2015-07-01,log_gdp_real,13.127994890625548,L
POL,2015-10-01,log_gdp_real,13.13626647981196,L
POL,2016-01-01,log_gdp_real,13.134804267604522,L
POL,2016-04-01,log_gdp_real,13.149166931121608,L
POL,2016-07-01,log_gdp_real,13.155486886483352,L
POL,2016-10-01,log_gdp_real,13.175044628134689,L
POL,2017-01-01,log_gdp_real,13.186331110673494,L
POL,2017-04-01,log_gdp_real,13.196612782413096,L
POL,2017-07-01,log_gdp_real,13.211445109728535,L
POL,2017-10-01,log_gdp_real,13.225574444652153,L
POL,2018-01-01,log_gdp_real,13.244886981013828,L
POL,2018-04-01,log_gdp_real,13.259602836644452,L
POL,2018-07-01,log_gdp_real,13.272291555003354,L
POL,2018-10-01,log_gdp_real,13.281528378767833,L
POL,2019-01-01,log_gdp_real,13.296506078356328,L
POL,2019-04-01,log_gdp_real,13.305524248542103,L
POL,2019-07-01,log_gdp_real,13.313133147338304,L
POL,2019-10-01,log_gdp_real,13.320616024469675,L
POL,2020-01-01,log_gdp_real,13.325542233890125,L
POL,2020-04-01,log_gdp_real,13.231615012826964,L
POL,2020-07-01,log_gdp_real,13.295156684256433,L
POL,2020-10-01,log_gdp_real,13.29642424176849,L
POL,2021-01-01,log_gdp_real,13.320561892271947,L
POL,2021-04-01,log_gdp_real,13.344963100870977,L
POL,2021-07-01,log_gdp_real,13.365213551406423,L
POL,2021-10-01,log_gdp_real,13.384879322675397,L
POL,2022-01-01,log_gdp_real,13.41803251813623,L
POL,2022-04-01,log_gdp_real,13.406395797971486,L
POL,2022-07-01,log_gdp_real,13.412129077595367,L
POL,2022-10-01,log_gdp_real,13.396223312725292,L
POL,2023-01-01,log_gdp_real,13.405661906151666,L
POL,2023-04-01,log_gdp_real,13.399626864388859,L
POL,2023-07-01,log_gdp_real,13.41869523239253,L
POL,2023-10-01,log_gdp_real,13.415228494643198,L
POL,2024-01-01,log_gdp_real,13.425612797474296,L
POL,2024-04-01,log_gdp_real,13.441240873267354,L
POL,2024-07-01,log_gdp_real,13.44037541098887,L
POL,2024-10-01,log_gdp_real,13.45411534822174,L
POL,2025-01-01,log_gdp_real,13.462324378346741,L
POL,2025-04-01,log_gdp_real,13.470122533565617,L
POL,2025-07-01,log_gdp_real,13.480919949969069,L
POL,2025-10-01,log_gdp_real,13.490876216160627,L
POL,2026-01-01,log_gdp_real,13.496710917025835,L
PRT,1995-01-01,log_conh_real,10.10305946273661,L
PRT,1995-04-01,log_conh_real,10.123100879935986,L
PRT,1995-07-01,log_conh_real,10.113010766755227,L
PRT,1995-10-01,log_conh_real,10.116103886630222,L
PRT,1996-01-01,log_conh_real,10.14014734650381,L
PRT,1996-04-01,log_conh_real,10.141704920867548,L
PRT,1996-07-01,log_conh_real,10.156616999340594,L
PRT,1996-10-01,log_conh_real,10.155203011504588,L
PRT,1997-01-01,log_conh_real,10.171700067217916,L
PRT,1997-04-01,log_conh_real,10.170521665499127,L
PRT,1997-07-01,log_conh_real,10.191193374705882,L
PRT,1997-10-01,log_conh_real,10.193530585725426,L
PRT,1998-01-01,log_conh_real,10.207739090066996,L
PRT,1998-04-01,log_conh_real,10.223100611374509,L
PRT,1998-07-01,log_conh_real,10.233783612928438,L
PRT,1998-10-01,log_conh_real,10.248434491494905,L
PRT,1999-01-01,log_conh_real,10.270793783543521,L
PRT,1999-04-01,log_conh_real,10.27134078594943,L
PRT,1999-07-01,log_conh_real,10.285325730013136,L
PRT,1999-10-01,log_conh_real,10.291033059341341,L
PRT,2000-01-01,log_conh_real,10.320693466847311,L
PRT,2000-04-01,log_conh_real,10.306947317954682,L
PRT,2000-07-01,log_conh_real,10.318236102509756,L
PRT,2000-10-01,log_conh_real,10.319150485620739,L
PRT,2001-01-01,log_conh_real,10.325488519951053,L
PRT,2001-04-01,log_conh_real,10.323644209387282,L
PRT,2001-07-01,log_conh_real,10.320087108635812,L
PRT,2001-10-01,log_conh_real,10.330371628017593,L
PRT,2002-01-01,log_conh_real,10.341923112314202,L
PRT,2002-04-01,log_conh_real,10.337957911646363,L
PRT,2002-07-01,log_conh_real,10.339911776487327,L
PRT,2002-10-01,log_conh_real,10.331320622106238,L
PRT,2003-01-01,log_conh_real,10.333219166203794,L
PRT,2003-04-01,log_conh_real,10.327970666480054,L
PRT,2003-07-01,log_conh_real,10.33839818786205,L
PRT,2003-10-01,log_conh_real,10.338692676239168,L
PRT,2004-01-01,log_conh_real,10.356001627269032,L
PRT,2004-04-01,log_conh_real,10.358225248111431,L
PRT,2004-07-01,log_conh_real,10.361583060707492,L
PRT,2004-10-01,log_conh_real,10.36283144310846,L
PRT,2005-01-01,log_conh_real,10.37383799663464,L
PRT,2005-04-01,log_conh_real,10.380578507252482,L
PRT,2005-07-01,log_conh_real,10.369903503754578,L
PRT,2005-10-01,log_conh_real,10.377433401014487,L
PRT,2006-01-01,log_conh_real,10.387387923223773,L
PRT,2006-04-01,log_conh_real,10.387036527965225,L
PRT,2006-07-01,log_conh_real,10.391702470040038,L
PRT,2006-10-01,log_conh_real,10.395359688385032,L
PRT,2007-01-01,log_conh_real,10.403113695586017,L
PRT,2007-04-01,log_conh_real,10.412735933107765,L
PRT,2007-07-01,log_conh_real,10.414537151217864,L
PRT,2007-10-01,log_conh_real,10.428911106157676,L
PRT,2008-01-01,log_conh_real,10.43204306873148,L
PRT,2008-04-01,log_conh_real,10.428630196896911,L
PRT,2008-07-01,log_conh_real,10.42961155704614,L
PRT,2008-10-01,log_conh_real,10.425282789490705,L
PRT,2009-01-01,log_conh_real,10.403953701761086,L
PRT,2009-04-01,log_conh_real,10.397598257125097,L
PRT,2009-07-01,log_conh_real,10.403277506681855,L
PRT,2009-10-01,log_conh_real,10.414843035901725,L
PRT,2010-01-01,log_conh_real,10.425532009196967,L
PRT,2010-04-01,log_conh_real,10.429274692542268,L
PRT,2010-07-01,log_conh_real,10.423955538945867,L
PRT,2010-10-01,log_conh_real,10.431025740148367,L
PRT,2011-01-01,log_conh_real,10.409600087125591,L
PRT,2011-04-01,log_conh_real,10.39547891998338,L
PRT,2011-07-01,log_conh_real,10.386731268716044,L
PRT,2011-10-01,log_conh_real,10.367067468845171,L
PRT,2012-01-01,log_conh_real,10.354317918894349,L
PRT,2012-04-01,log_conh_real,10.337264731346387,L
PRT,2012-07-01,log_conh_real,10.331327141287298,L
PRT,2012-10-01,log_conh_real,10.316050742882469,L
PRT,2013-01-01,log_conh_real,10.310115317829743,L
PRT,2013-04-01,log_conh_real,10.320854880701253,L
PRT,2013-07-01,log_conh_real,10.32388396516597,L
PRT,2013-10-01,log_conh_real,10.337656728772647,L
PRT,2014-01-01,log_conh_real,10.336045642075453,L
PRT,2014-04-01,log_conh_real,10.341222993717135,L
PRT,2014-07-01,log_conh_real,10.353278908092056,L
PRT,2014-10-01,log_conh_real,10.354410293969071,L
PRT,2015-01-01,log_conh_real,10.352535640135272,L
PRT,2015-04-01,log_conh_real,10.36493909168432,L
PRT,2015-07-01,log_conh_real,10.368990443637836,L
PRT,2015-10-01,log_conh_real,10.368667064416371,L
PRT,2016-01-01,log_conh_real,10.379889419335468,L
PRT,2016-04-01,log_conh_real,10.38191497678471,L
PRT,2016-07-01,log_conh_real,10.386592483701518,L
PRT,2016-10-01,log_conh_real,10.399977915680978,L
PRT,2017-01-01,log_conh_real,10.400847925348549,L
PRT,2017-04-01,log_conh_real,10.398552628783484,L
PRT,2017-07-01,log_conh_real,10.406953157691605,L
PRT,2017-10-01,log_conh_real,10.412636771921175,L
PRT,2018-01-01,log_conh_real,10.421108038848024,L
PRT,2018-04-01,log_conh_real,10.425226409752382,L
PRT,2018-07-01,log_conh_real,10.43028199334215,L
PRT,2018-10-01,log_conh_real,10.443390309161531,L
PRT,2019-01-01,log_conh_real,10.45861901518313,L
PRT,2019-04-01,log_conh_real,10.459975597034877,L
PRT,2019-07-01,log_conh_real,10.465959258452747,L
PRT,2019-10-01,log_conh_real,10.471624078515124,L
PRT,2020-01-01,log_conh_real,10.44848849050142,L
PRT,2020-04-01,log_conh_real,10.279022522799549,L
PRT,2020-07-01,log_conh_real,10.422465852738394,L
PRT,2020-10-01,log_conh_real,10.41777119047341,L
PRT,2021-01-01,log_conh_real,10.373528681078756,L
PRT,2021-04-01,log_conh_real,10.447156868641864,L
PRT,2021-07-01,log_conh_real,10.466437775060424,L
PRT,2021-10-01,log_conh_real,10.47711894709451,L
PRT,2022-01-01,log_conh_real,10.490988065389542,L
PRT,2022-04-01,log_conh_real,10.485786967760543,L
PRT,2022-07-01,log_conh_real,10.499804398441622,L
PRT,2022-10-01,log_conh_real,10.507789858093957,L
PRT,2023-01-01,log_conh_real,10.516868862099727,L
PRT,2023-04-01,log_conh_real,10.518118984027643,L
PRT,2023-07-01,log_conh_real,10.514282485487167,L
PRT,2023-10-01,log_conh_real,10.530497601528133,L
PRT,2024-01-01,log_conh_real,10.533204930436291,L
PRT,2024-04-01,log_conh_real,10.541552691514253,L
PRT,2024-07-01,log_conh_real,10.55087871125787,L
PRT,2024-10-01,log_conh_real,10.57071931067841,L
PRT,2025-01-01,log_conh_real,10.570149577359777,L
PRT,2025-04-01,log_conh_real,10.57795127929154,L
PRT,2025-07-01,log_conh_real,10.589262625766452,L
PRT,2025-10-01,log_conh_real,10.59835075987954,L
PRT,2026-01-01,log_conh_real,10.599714984247864,L
PRT,1995-01-01,log_gdp_real,10.581744420600877,L
PRT,1995-04-01,log_gdp_real,10.593206362945395,L
PRT,1995-07-01,log_gdp_real,10.597824025607292,L
PRT,1995-10-01,log_gdp_real,10.604721943278692,L
PRT,1996-01-01,log_gdp_real,10.61129918253613,L
PRT,1996-04-01,log_gdp_real,10.624845539821122,L
PRT,1996-07-01,log_gdp_real,10.638421861724535,L
PRT,1996-10-01,log_gdp_real,10.640563097848597,L
PRT,1997-01-01,log_gdp_real,10.656995790770766,L
PRT,1997-04-01,log_gdp_real,10.666062843186294,L
PRT,1997-07-01,log_gdp_real,10.679257954532007,L
PRT,1997-10-01,log_gdp_real,10.685117110966543,L
PRT,1998-01-01,log_gdp_real,10.700165575922965,L
PRT,1998-04-01,log_gdp_real,10.714379990261081,L
PRT,1998-07-01,log_gdp_real,10.726115746498266,L
PRT,1998-10-01,log_gdp_real,10.734518826459386,L
PRT,1999-01-01,log_gdp_real,10.746947342659873,L
PRT,1999-04-01,log_gdp_real,10.752188713550554,L
PRT,1999-07-01,log_gdp_real,10.761808011690317,L
PRT,1999-10-01,log_gdp_real,10.767726807938478,L
PRT,2000-01-01,log_gdp_real,10.790297979087775,L
PRT,2000-04-01,log_gdp_real,10.78364527937616,L
PRT,2000-07-01,log_gdp_real,10.799446997398178,L
PRT,2000-10-01,log_gdp_real,10.80508486286554,L
PRT,2001-01-01,log_gdp_real,10.801494143629679,L
PRT,2001-04-01,log_gdp_real,10.811992050209849,L
PRT,2001-07-01,log_gdp_real,10.813997608451256,L
PRT,2001-10-01,log_gdp_real,10.827946830808095,L
PRT,2002-01-01,log_gdp_real,10.83023739670331,L
PRT,2002-04-01,log_gdp_real,10.824662337979566,L
PRT,2002-07-01,log_gdp_real,10.819366199514965,L
PRT,2002-10-01,log_gdp_real,10.81196987799828,L
PRT,2003-01-01,log_gdp_real,10.813635455812035,L
PRT,2003-04-01,log_gdp_real,10.805190396694304,L
PRT,2003-07-01,log_gdp_real,10.813631431156997,L
PRT,2003-10-01,log_gdp_real,10.816438714248223,L
PRT,2004-01-01,log_gdp_real,10.826279108192608,L
PRT,2004-04-01,log_gdp_real,10.832463485954404,L
PRT,2004-07-01,log_gdp_real,10.832974825764662,L
PRT,2004-10-01,log_gdp_real,10.828115433597185,L
PRT,2005-01-01,log_gdp_real,10.837229128823887,L
PRT,2005-04-01,log_gdp_real,10.83995927149192,L
PRT,2005-07-01,log_gdp_real,10.83616134616072,L
PRT,2005-10-01,log_gdp_real,10.837649636229246,L
PRT,2006-01-01,log_gdp_real,10.846174810369076,L
PRT,2006-04-01,log_gdp_real,10.855124192500861,L
PRT,2006-07-01,log_gdp_real,10.853812493953187,L
PRT,2006-10-01,log_gdp_real,10.860321199991633,L
PRT,2007-01-01,log_gdp_real,10.872110738684126,L
PRT,2007-04-01,log_gdp_real,10.874951840834493,L
PRT,2007-07-01,log_gdp_real,10.877767908255016,L
PRT,2007-10-01,log_gdp_real,10.889589754087627,L
PRT,2008-01-01,log_gdp_real,10.889367777882937,L
PRT,2008-04-01,log_gdp_real,10.884344305169737,L
PRT,2008-07-01,log_gdp_real,10.882974655266981,L
PRT,2008-10-01,log_gdp_real,10.870475200999941,L
PRT,2009-01-01,log_gdp_real,10.844839609505648,L
PRT,2009-04-01,log_gdp_real,10.845913758014909,L
PRT,2009-07-01,log_gdp_real,10.854425091647373,L
PRT,2009-10-01,log_gdp_real,10.855162802614014,L
PRT,2010-01-01,log_gdp_real,10.86402672196416,L
PRT,2010-04-01,log_gdp_real,10.867485958136381,L
PRT,2010-07-01,log_gdp_real,10.871153675427813,L
PRT,2010-10-01,log_gdp_real,10.866612250757493,L
PRT,2011-01-01,log_gdp_real,10.862113373625181,L
PRT,2011-04-01,log_gdp_real,10.855072066483308,L
PRT,2011-07-01,log_gdp_real,10.848109148578345,L
PRT,2011-10-01,log_gdp_real,10.834657044638751,L
PRT,2012-01-01,log_gdp_real,10.829318630240977,L
PRT,2012-04-01,log_gdp_real,10.814092148939297,L
PRT,2012-07-01,log_gdp_real,10.80372207053526,L
PRT,2012-10-01,log_gdp_real,10.787143516232366,L
PRT,2013-01-01,log_gdp_real,10.790707802920751,L
PRT,2013-04-01,log_gdp_real,10.7992306196426,L
PRT,2013-07-01,log_gdp_real,10.796409345377404,L
PRT,2013-10-01,log_gdp_real,10.808755758961867,L
PRT,2014-01-01,log_gdp_real,10.801559322453915,L
PRT,2014-04-01,log_gdp_real,10.804321440503639,L
PRT,2014-07-01,log_gdp_real,10.805377083112393,L
PRT,2014-10-01,log_gdp_real,10.813438228664085,L
PRT,2015-01-01,log_gdp_real,10.819416218872465,L
PRT,2015-04-01,log_gdp_real,10.820120225941613,L
PRT,2015-07-01,log_gdp_real,10.82177429106298,L
PRT,2015-10-01,log_gdp_real,10.826501631970789,L
PRT,2016-01-01,log_gdp_real,10.82994641332591,L
PRT,2016-04-01,log_gdp_real,10.834597929008561,L
PRT,2016-07-01,log_gdp_real,10.84559611736125,L
PRT,2016-10-01,log_gdp_real,10.8568428285471,L
PRT,2017-01-01,log_gdp_real,10.866482464903969,L
PRT,2017-04-01,log_gdp_real,10.86934719289868,L
PRT,2017-07-01,log_gdp_real,10.876160508203773,L
PRT,2017-10-01,log_gdp_real,10.885537934666118,L
PRT,2018-01-01,log_gdp_real,10.891382410269726,L
PRT,2018-04-01,log_gdp_real,10.900895491525555,L
PRT,2018-07-01,log_gdp_real,10.907582180606921,L
PRT,2018-10-01,log_gdp_real,10.91378761848156,L
PRT,2019-01-01,log_gdp_real,10.921991853622236,L
PRT,2019-04-01,log_gdp_real,10.927521758565897,L
PRT,2019-07-01,log_gdp_real,10.931641610888983,L
PRT,2019-10-01,log_gdp_real,10.940883794530595,L
PRT,2020-01-01,log_gdp_real,10.897403919469753,L
PRT,2020-04-01,log_gdp_real,10.734355463179384,L
PRT,2020-07-01,log_gdp_real,10.868297935803957,L
PRT,2020-10-01,log_gdp_real,10.871710174851962,L
PRT,2021-01-01,log_gdp_real,10.842128643871076,L
PRT,2021-04-01,log_gdp_real,10.88730047497601,L
PRT,2021-07-01,log_gdp_real,10.922203095100015,L
PRT,2021-10-01,log_gdp_real,10.941613543153963,L
PRT,2022-01-01,log_gdp_real,10.956176314301231,L
PRT,2022-04-01,log_gdp_real,10.960058353404225,L
PRT,2022-07-01,log_gdp_real,10.971336463753195,L
PRT,2022-10-01,log_gdp_real,10.978467791018687,L
PRT,2023-01-01,log_gdp_real,10.991091133801483,L
PRT,2023-04-01,log_gdp_real,10.995934206013272,L
PRT,2023-07-01,log_gdp_real,10.996958312837831,L
PRT,2023-10-01,log_gdp_real,11.004284120594834,L
PRT,2024-01-01,log_gdp_real,11.011403098063708,L
PRT,2024-04-01,log_gdp_real,11.016604143407045,L
PRT,2024-07-01,log_gdp_real,11.018048646831202,L
PRT,2024-10-01,log_gdp_real,11.029783099304176,L
PRT,2025-01-01,log_gdp_real,11.026955042202413,L
PRT,2025-04-01,log_gdp_real,11.033782599844846,L
PRT,2025-07-01,log_gdp_real,11.039761647585825,L
PRT,2025-10-01,log_gdp_real,11.049064530684333,L
PRT,2026-01-01,log_gdp_real,11.049544656352934,L
SWE,1994-01-01,log_conh_real,12.862031845535341,L
SWE,1994-04-01,log_conh_real,12.859295865716467,L
SWE,1994-07-01,log_conh_real,12.859660055463348,L
SWE,1994-10-01,log_conh_real,12.863141769614309,L
SWE,1995-01-01,log_conh_real,12.865934463841079,L
SWE,1995-04-01,log_conh_real,12.878052367835748,L
SWE,1995-07-01,log_conh_real,12.875070565857117,L
SWE,1995-10-01,log_conh_real,12.871653337872313,L
SWE,1996-01-01,log_conh_real,12.884129030658775,L
SWE,1996-04-01,log_conh_real,12.890052938265303,L
SWE,1996-07-01,log_conh_real,12.904008342821916,L
SWE,1996-10-01,log_conh_real,12.900166877495334,L
SWE,1997-01-01,log_conh_real,12.917234090512375,L
SWE,1997-04-01,log_conh_real,12.929892085877574,L
SWE,1997-07-01,log_conh_real,12.92701250654953,L
SWE,1997-10-01,log_conh_real,12.934929575324142,L
SWE,1998-01-01,log_conh_real,12.941313811287118,L
SWE,1998-04-01,log_conh_real,12.956823418601115,L
SWE,1998-07-01,log_conh_real,12.964698530117213,L
SWE,1998-10-01,log_conh_real,12.974918496697674,L
SWE,1999-01-01,log_conh_real,12.98331508032378,L
SWE,1999-04-01,log_conh_real,12.989919393336761,L
SWE,1999-07-01,log_conh_real,12.999723315469423,L
SWE,1999-10-01,log_conh_real,13.033302629159955,L
SWE,2000-01-01,log_conh_real,13.050796481671837,L
SWE,2000-04-01,log_conh_real,13.062320336436962,L
SWE,2000-07-01,log_conh_real,13.067457248794113,L
SWE,2000-10-01,log_conh_real,13.067038810450603,L
SWE,2001-01-01,log_conh_real,13.07024026512892,L
SWE,2001-04-01,log_conh_real,13.069407649307703,L
SWE,2001-07-01,log_conh_real,13.072574214401687,L
SWE,2001-10-01,log_conh_real,13.069707049245,L
SWE,2002-01-01,log_conh_real,13.089885639211197,L
SWE,2002-04-01,log_conh_real,13.090670419471708,L
SWE,2002-07-01,log_conh_real,13.091900046199777,L
SWE,2002-10-01,log_conh_real,13.095978333459616,L
SWE,2003-01-01,log_conh_real,13.09791493500199,L
SWE,2003-04-01,log_conh_real,13.102676863366744,L
SWE,2003-07-01,log_conh_real,13.111826054304917,L
SWE,2003-10-01,log_conh_real,13.118471815088622,L
SWE,2004-01-01,log_conh_real,13.132056249375228,L
SWE,2004-04-01,log_conh_real,13.12730713686242,L
SWE,2004-07-01,log_conh_real,13.135952623920131,L
SWE,2004-10-01,log_conh_real,13.142093453049092,L
SWE,2005-01-01,log_conh_real,13.151687200584146,L
SWE,2005-04-01,log_conh_real,13.15796601474637,L
SWE,2005-07-01,log_conh_real,13.175473719959523,L
SWE,2005-10-01,log_conh_real,13.17573351366203,L
SWE,2006-01-01,log_conh_real,13.178524405131181,L
SWE,2006-04-01,log_conh_real,13.191413580581122,L
SWE,2006-07-01,log_conh_real,13.19773983041022,L
SWE,2006-10-01,log_conh_real,13.2117359645419,L
SWE,2007-01-01,log_conh_real,13.220480523082227,L
SWE,2007-04-01,log_conh_real,13.230160721582365,L
SWE,2007-07-01,log_conh_real,13.248779264758062,L
SWE,2007-10-01,log_conh_real,13.255105958999218,L
SWE,2008-01-01,log_conh_real,13.247788250809814,L
SWE,2008-04-01,log_conh_real,13.244609328311686,L
SWE,2008-07-01,log_conh_real,13.235045425114869,L
SWE,2008-10-01,log_conh_real,13.22529534652877,L
SWE,2009-01-01,log_conh_real,13.236266897462174,L
SWE,2009-04-01,log_conh_real,13.249041842266195,L
SWE,2009-07-01,log_conh_real,13.25429123505357,L
SWE,2009-10-01,log_conh_real,13.25604425885484,L
SWE,2010-01-01,log_conh_real,13.278587335076411,L
SWE,2010-04-01,log_conh_real,13.282077978446145,L
SWE,2010-07-01,log_conh_real,13.294274264071916,L
SWE,2010-10-01,log_conh_real,13.29345882321695,L
SWE,2011-01-01,log_conh_real,13.301327638114756,L
SWE,2011-04-01,log_conh_real,13.310653751977528,L
SWE,2011-07-01,log_conh_real,13.305802642662726,L
SWE,2011-10-01,log_conh_real,13.303320670680531,L
SWE,2012-01-01,log_conh_real,13.312593578266323,L
SWE,2012-04-01,log_conh_real,13.314556053993547,L
SWE,2012-07-01,log_conh_real,13.321366683545193,L
SWE,2012-10-01,log_conh_real,13.322763854542615,L
SWE,2013-01-01,log_conh_real,13.32680350507661,L
SWE,2013-04-01,log_conh_real,13.330195098680877,L
SWE,2013-07-01,log_conh_real,13.341384844591195,L
SWE,2013-10-01,log_conh_real,13.34539652262401,L
SWE,2014-01-01,log_conh_real,13.350226971768487,L
SWE,2014-04-01,log_conh_real,13.36339871190657,L
SWE,2014-07-01,log_conh_real,13.365924269000756,L
SWE,2014-10-01,log_conh_real,13.379179974288688,L
SWE,2015-01-01,log_conh_real,13.391371675166008,L
SWE,2015-04-01,log_conh_real,13.400569191612762,L
SWE,2015-07-01,log_conh_real,13.408139133990074,L
SWE,2015-10-01,log_conh_real,13.418190687161218,L
SWE,2016-01-01,log_conh_real,13.41825614961629,L
SWE,2016-04-01,log_conh_real,13.419487235580537,L
SWE,2016-07-01,log_conh_real,13.42851041817943,L
SWE,2016-10-01,log_conh_real,13.436104932731569,L
SWE,2017-01-01,log_conh_real,13.450670945071641,L
SWE,2017-04-01,log_conh_real,13.445903785780127,L
SWE,2017-07-01,log_conh_real,13.448796822116952,L
SWE,2017-10-01,log_conh_real,13.457587692838553,L
SWE,2018-01-01,log_conh_real,13.464223928094993,L
SWE,2018-04-01,log_conh_real,13.471873112434608,L
SWE,2018-07-01,log_conh_real,13.467063103789847,L
SWE,2018-10-01,log_conh_real,13.47436441564317,L
SWE,2019-01-01,log_conh_real,13.468112450805751,L
SWE,2019-04-01,log_conh_real,13.4727962802764,L
SWE,2019-07-01,log_conh_real,13.484316765811364,L
SWE,2019-10-01,log_conh_real,13.485495627991105,L
SWE,2020-01-01,log_conh_real,13.493851068890175,L
SWE,2020-04-01,log_conh_real,13.390438993317188,L
SWE,2020-07-01,log_conh_real,13.451118772790732,L
SWE,2020-10-01,log_conh_real,13.448277212620656,L
SWE,2021-01-01,log_conh_real,13.468722293630947,L
SWE,2021-04-01,log_conh_real,13.481907401593299,L
SWE,2021-07-01,log_conh_real,13.51998178048619,L
SWE,2021-10-01,log_conh_real,13.528645485010829,L
SWE,2022-01-01,log_conh_real,13.524882817957257,L
SWE,2022-04-01,log_conh_real,13.539807121000665,L
SWE,2022-07-01,log_conh_real,13.526738558424368,L
SWE,2022-10-01,log_conh_real,13.520136309773493,L
SWE,2023-01-01,log_conh_real,13.5075305355643,L
SWE,2023-04-01,log_conh_real,13.511677423130788,L
SWE,2023-07-01,log_conh_real,13.51147956729116,L
SWE,2023-10-01,log_conh_real,13.520442610297001,L
SWE,2024-01-01,log_conh_real,13.522521092854529,L
SWE,2024-04-01,log_conh_real,13.52247685773009,L
SWE,2024-07-01,log_conh_real,13.527042843643391,L
SWE,2024-10-01,log_conh_real,13.534642550285328,L
SWE,2025-01-01,log_conh_real,13.539091485791186,L
SWE,2025-04-01,log_conh_real,13.540984234575294,L
SWE,2025-07-01,log_conh_real,13.550562759043824,L
SWE,2025-10-01,log_conh_real,13.556682832563993,L
SWE,2026-01-01,log_conh_real,13.562915023703136,L
SWE,1994-01-01,log_gdp_real,13.622037453144594,L
SWE,1994-04-01,log_gdp_real,13.634214075601957,L
SWE,1994-07-01,log_gdp_real,13.637255521656753,L
SWE,1994-10-01,log_gdp_real,13.66183243313198,L
SWE,1995-01-01,log_gdp_real,13.675453922171275,L
SWE,1995-04-01,log_gdp_real,13.679578571934014,L
SWE,1995-07-01,log_gdp_real,13.67679431865104,L
SWE,1995-10-01,log_gdp_real,13.69394500259137,L
SWE,1996-01-01,log_gdp_real,13.701749299110823,L
SWE,1996-04-01,log_gdp_real,13.689924658994869,L
SWE,1996-07-01,log_gdp_real,13.69356323870205,L
SWE,1996-10-01,log_gdp_real,13.7089815821449,L
SWE,1997-01-01,log_gdp_real,13.710699891111883,L
SWE,1997-04-01,log_gdp_real,13.72755000337535,L
SWE,1997-07-01,log_gdp_real,13.732415864382814,L
SWE,1997-10-01,log_gdp_real,13.75223097736174,L
SWE,1998-01-01,log_gdp_real,13.75438593616868,L
SWE,1998-04-01,log_gdp_real,13.764746597139201,L
SWE,1998-07-01,log_gdp_real,13.775390400432146,L
SWE,1998-10-01,log_gdp_real,13.79113487014794,L
SWE,1999-01-01,log_gdp_real,13.794931249129059,L
SWE,1999-04-01,log_gdp_real,13.800899331995325,L
SWE,1999-07-01,log_gdp_real,13.816257279098641,L
SWE,1999-10-01,log_gdp_real,13.828921231553528,L
SWE,2000-01-01,log_gdp_real,13.829007068929245,L
SWE,2000-04-01,log_gdp_real,13.85905077476869,L
SWE,2000-07-01,log_gdp_real,13.869432294968016,L
SWE,2000-10-01,log_gdp_real,13.870791042932403,L
SWE,2001-01-01,log_gdp_real,13.869545041856583,L
SWE,2001-04-01,log_gdp_real,13.866029702775352,L
SWE,2001-07-01,log_gdp_real,13.874753519845711,L
SWE,2001-10-01,log_gdp_real,13.8786177427285,L
SWE,2002-01-01,log_gdp_real,13.886591381494812,L
SWE,2002-04-01,log_gdp_real,13.898461954375184,L
SWE,2002-07-01,log_gdp_real,13.896471920468295,L
SWE,2002-10-01,log_gdp_real,13.897159666991676,L
SWE,2003-01-01,log_gdp_real,13.910289687695558,L
SWE,2003-04-01,log_gdp_real,13.908448836123503,L
SWE,2003-07-01,log_gdp_real,13.916937447047559,L
SWE,2003-10-01,log_gdp_real,13.922336898775296,L
SWE,2004-01-01,log_gdp_real,13.93961313872096,L
SWE,2004-04-01,log_gdp_real,13.946947508776018,L
SWE,2004-07-01,log_gdp_real,13.9552811959538,L
SWE,2004-10-01,log_gdp_real,13.959447252184503,L
SWE,2005-01-01,log_gdp_real,13.963257060468502,L
SWE,2005-04-01,log_gdp_real,13.972687795997318,L
SWE,2005-07-01,log_gdp_real,13.987042448428236,L
SWE,2005-10-01,log_gdp_real,13.987977887620284,L
SWE,2006-01-01,log_gdp_real,14.006785248906024,L
SWE,2006-04-01,log_gdp_real,14.023361775300181,L
SWE,2006-07-01,log_gdp_real,14.0319057905086,L
SWE,2006-10-01,log_gdp_real,14.041094329517811,L
SWE,2007-01-01,log_gdp_real,14.0462118772641,L
SWE,2007-04-01,log_gdp_real,14.057667405527017,L
SWE,2007-07-01,log_gdp_real,14.060399162568721,L
SWE,2007-10-01,log_gdp_real,14.071158472006779,L
SWE,2008-01-01,log_gdp_real,14.066582845820442,L
SWE,2008-04-01,log_gdp_real,14.061199638045357,L
SWE,2008-07-01,log_gdp_real,14.051783539850701,L
SWE,2008-10-01,log_gdp_real,14.011344575534897,L
SWE,2009-01-01,log_gdp_real,14.001214720624239,L
SWE,2009-04-01,log_gdp_real,14.006149099225818,L
SWE,2009-07-01,log_gdp_real,14.00581103170415,L
SWE,2009-10-01,log_gdp_real,14.007497751624562,L
SWE,2010-01-01,log_gdp_real,14.023280539211816,L
SWE,2010-04-01,log_gdp_real,14.05608372713515,L
SWE,2010-07-01,log_gdp_real,14.073319848888174,L
SWE,2010-10-01,log_gdp_real,14.079603327705435,L
SWE,2011-01-01,log_gdp_real,14.087042669006122,L
SWE,2011-04-01,log_gdp_real,14.0952400926447,L
SWE,2011-07-01,log_gdp_real,14.10512027132196,L
SWE,2011-10-01,log_gdp_real,14.07364512061075,L
SWE,2012-01-01,log_gdp_real,14.085109359179759,L
SWE,2012-04-01,log_gdp_real,14.090827496270899,L
SWE,2012-07-01,log_gdp_real,14.098110990727921,L
SWE,2012-10-01,log_gdp_real,14.083970054857334,L
SWE,2013-01-01,log_gdp_real,14.091638892292211,L
SWE,2013-04-01,log_gdp_real,14.095502386142043,L
SWE,2013-07-01,log_gdp_real,14.104309256756753,L
SWE,2013-10-01,log_gdp_real,14.11033605529484,L
SWE,2014-01-01,log_gdp_real,14.115117248704347,L
SWE,2014-04-01,log_gdp_real,14.121346104488637,L
SWE,2014-07-01,log_gdp_real,14.129554580594109,L
SWE,2014-10-01,log_gdp_real,14.131772798611667,L
SWE,2015-01-01,log_gdp_real,14.143946302602393,L
SWE,2015-04-01,log_gdp_real,14.168485164089713,L
SWE,2015-07-01,log_gdp_real,14.167613566515776,L
SWE,2015-10-01,log_gdp_real,14.177619908728996,L
SWE,2016-01-01,log_gdp_real,14.172446267900598,L
SWE,2016-04-01,log_gdp_real,14.183180336577037,L
SWE,2016-07-01,log_gdp_real,14.185800890397873,L
SWE,2016-10-01,log_gdp_real,14.191401290376294,L
SWE,2017-01-01,log_gdp_real,14.199749986717805,L
SWE,2017-04-01,log_gdp_real,14.201983790028624,L
SWE,2017-07-01,log_gdp_real,14.205157888705342,L
SWE,2017-10-01,log_gdp_real,14.211262647058588,L
SWE,2018-01-01,log_gdp_real,14.216282671178286,L
SWE,2018-04-01,log_gdp_real,14.22205108759936,L
SWE,2018-07-01,log_gdp_real,14.220256073894745,L
SWE,2018-10-01,log_gdp_real,14.233518014282255,L
SWE,2019-01-01,log_gdp_real,14.236435543934482,L
SWE,2019-04-01,log_gdp_real,14.249314306743795,L
SWE,2019-07-01,log_gdp_real,14.246427015139721,L
SWE,2019-10-01,log_gdp_real,14.263430886153447,L
SWE,2020-01-01,log_gdp_real,14.263732427723108,L
SWE,2020-04-01,log_gdp_real,14.171641854153345,L
SWE,2020-07-01,log_gdp_real,14.229487999806793,L
SWE,2020-10-01,log_gdp_real,14.243541791648815,L
SWE,2021-01-01,log_gdp_real,14.26911164805739,L
SWE,2021-04-01,log_gdp_real,14.273506760735714,L
SWE,2021-07-01,log_gdp_real,14.271100177699443,L
SWE,2021-10-01,log_gdp_real,14.29233462505425,L
SWE,2022-01-01,log_gdp_real,14.286414406890657,L
SWE,2022-04-01,log_gdp_real,14.29757182583264,L
SWE,2022-07-01,log_gdp_real,14.292515868133991,L
SWE,2022-10-01,log_gdp_real,14.281937799552853,L
SWE,2023-01-01,log_gdp_real,14.294121413531665,L
SWE,2023-04-01,log_gdp_real,14.284333490461847,L
SWE,2023-07-01,log_gdp_real,14.299131671966052,L
SWE,2023-10-01,log_gdp_real,14.282720287905615,L
SWE,2024-01-01,log_gdp_real,14.31216159525925,L
SWE,2024-04-01,log_gdp_real,14.298880089244264,L
SWE,2024-07-01,log_gdp_real,14.306630901695687,L
SWE,2024-10-01,log_gdp_real,14.318939896524002,L
SWE,2025-01-01,log_gdp_real,14.314156307290892,L
SWE,2025-04-01,log_gdp_real,14.325360305718124,L
SWE,2025-07-01,log_gdp_real,14.329063858235978,L
SWE,2025-10-01,log_gdp_real,14.337362171478679,L
SWE,2026-01-01,log_gdp_real,14.33585374568602,L
TUR,1996-01-01,log_conh_real,11.542332799430428,L
TUR,1996-04-01,log_conh_real,11.557326965408377,L
TUR,1996-07-01,log_conh_real,11.560240255596879,L
TUR,1996-10-01,log_conh_real,11.60339485613115,L
TUR,1997-01-01,log_conh_real,11.597530365383074,L
TUR,1997-04-01,log_conh_real,11.645285296585078,L
TUR,1997-07-01,log_conh_real,11.639114845867779,L
TUR,1997-10-01,log_conh_real,11.677127177793603,L
TUR,1998-01-01,log_conh_real,11.653410624022019,L
TUR,1998-04-01,log_conh_real,11.628054314722798,L
TUR,1998-07-01,log_conh_real,11.638599947755973,L
TUR,1998-10-01,log_conh_real,11.612586167511811,L
TUR,1999-01-01,log_conh_real,11.652873476989878,L
TUR,1999-04-01,log_conh_real,11.664442393803949,L
TUR,1999-07-01,log_conh_real,11.63766822545826,L
TUR,1999-10-01,log_conh_real,11.643481686158143,L
TUR,2000-01-01,log_conh_real,11.684707509044127,L
TUR,2000-04-01,log_conh_real,11.694549278397886,L
TUR,2000-07-01,log_conh_real,11.703621854746363,L
TUR,2000-10-01,log_conh_real,11.686835914032416,L
TUR,2001-01-01,log_conh_real,11.644187033491978,L
TUR,2001-04-01,log_conh_real,11.569416378303496,L
TUR,2001-07-01,log_conh_real,11.599962424965943,L
TUR,2001-10-01,log_conh_real,11.595857532880851,L
TUR,2002-01-01,log_conh_real,11.611605415260579,L
TUR,2002-04-01,log_conh_real,11.645353624256586,L
TUR,2002-07-01,log_conh_real,11.692762270658704,L
TUR,2002-10-01,log_conh_real,11.679288695664122,L
TUR,2003-01-01,log_conh_real,11.709630580631446,L
TUR,2003-04-01,log_conh_real,11.714484947162594,L
TUR,2003-07-01,log_conh_real,11.733661320108837,L
TUR,2003-10-01,log_conh_real,11.786628281338361,L
TUR,2004-01-01,log_conh_real,11.80838446854817,L
TUR,2004-04-01,log_conh_real,11.847577474554317,L
TUR,2004-07-01,log_conh_real,11.831909964297303,L
TUR,2004-10-01,log_conh_real,11.825623024712003,L
TUR,2005-01-01,log_conh_real,11.849319127075974,L
TUR,2005-04-01,log_conh_real,11.867001835539797,L
TUR,2005-07-01,log_conh_real,11.882413766100958,L
TUR,2005-10-01,log_conh_real,11.917233904395012,L
TUR,2006-01-01,log_conh_real,11.907756228341057,L
TUR,2006-04-01,log_conh_real,11.932365139059042,L
TUR,2006-07-01,log_conh_real,11.903336493562396,L
TUR,2006-10-01,log_conh_real,11.915646143908754,L
TUR,2007-01-01,log_conh_real,11.942709131979568,L
TUR,2007-04-01,log_conh_real,11.950689307595322,L
TUR,2007-07-01,log_conh_real,11.964971314142186,L
TUR,2007-10-01,log_conh_real,11.99538988508712,L
TUR,2008-01-01,log_conh_real,11.991702990767326,L
TUR,2008-04-01,log_conh_real,11.958191886881261,L
TUR,2008-07-01,log_conh_real,11.962429786794534,L
TUR,2008-10-01,log_conh_real,11.946415513470939,L
TUR,2009-01-01,log_conh_real,11.897372567509164,L
TUR,2009-04-01,log_conh_real,11.926078941682146,L
TUR,2009-07-01,log_conh_real,11.933872113204083,L
TUR,2009-10-01,log_conh_real,11.943812675623816,L
TUR,2010-01-01,log_conh_real,11.96080298221858,L
TUR,2010-04-01,log_conh_real,12.007222846784448,L
TUR,2010-07-01,log_conh_real,12.071170599703862,L
TUR,2010-10-01,log_conh_real,12.063803186962366,L
TUR,2011-01-01,log_conh_real,12.117606392539697,L
TUR,2011-04-01,log_conh_real,12.145120751416002,L
TUR,2011-07-01,log_conh_real,12.149765222436043,L
TUR,2011-10-01,log_conh_real,12.133079820599368,L
TUR,2012-01-01,log_conh_real,12.140352092735023,L
TUR,2012-04-01,log_conh_real,12.151834492985314,L
TUR,2012-07-01,log_conh_real,12.172142472755258,L
TUR,2012-10-01,log_conh_real,12.167349488575276,L
TUR,2013-01-01,log_conh_real,12.209976515504142,L
TUR,2013-04-01,log_conh_real,12.212598307010563,L
TUR,2013-07-01,log_conh_real,12.249556374490233,L
TUR,2013-10-01,log_conh_real,12.235728045047798,L
TUR,2014-01-01,log_conh_real,12.228983183363276,L
TUR,2014-04-01,log_conh_real,12.248792038850308,L
TUR,2014-07-01,log_conh_real,12.273353185146666,L
TUR,2014-10-01,log_conh_real,12.283799134377182,L
TUR,2015-01-01,log_conh_real,12.322407967087356,L
TUR,2015-04-01,log_conh_real,12.306506947296384,L
TUR,2015-07-01,log_conh_real,12.304342078785325,L
TUR,2015-10-01,log_conh_real,12.32777864296663,L
TUR,2016-01-01,log_conh_real,12.341115208261773,L
TUR,2016-04-01,log_conh_real,12.357751129139908,L
TUR,2016-07-01,log_conh_real,12.330947805844689,L
TUR,2016-10-01,log_conh_real,12.381510564357802,L
TUR,2017-01-01,log_conh_real,12.382005504652103,L
TUR,2017-04-01,log_conh_real,12.407244578987934,L
TUR,2017-07-01,log_conh_real,12.408300990862005,L
TUR,2017-10-01,log_conh_real,12.440535095731452,L
TUR,2018-01-01,log_conh_real,12.447214452142028,L
TUR,2018-04-01,log_conh_real,12.441055435656427,L
TUR,2018-07-01,log_conh_real,12.421385617729195,L
TUR,2018-10-01,log_conh_real,12.365870777011638,L
TUR,2019-01-01,log_conh_real,12.412626546405573,L
TUR,2019-04-01,log_conh_real,12.441802259024744,L
TUR,2019-07-01,log_conh_real,12.437116110195898,L
TUR,2019-10-01,log_conh_real,12.441336844123462,L
TUR,2020-01-01,log_conh_real,12.447089120321941,L
TUR,2020-04-01,log_conh_real,12.346252326727276,L
TUR,2020-07-01,log_conh_real,12.539816878817334,L
TUR,2020-10-01,log_conh_real,12.522179989670903,L
TUR,2021-01-01,log_conh_real,12.547744554679173,L
TUR,2021-04-01,log_conh_real,12.58140564041879,L
TUR,2021-07-01,log_conh_real,12.617925972118027,L
TUR,2021-10-01,log_conh_real,12.709728930896329,L
TUR,2022-01-01,log_conh_real,12.72701086421153,L
TUR,2022-04-01,log_conh_real,12.724226650991335,L
TUR,2022-07-01,log_conh_real,12.78499990374935,L
TUR,2022-10-01,log_conh_real,12.813924975026554,L
TUR,2023-01-01,log_conh_real,12.831797417209534,L
TUR,2023-04-01,log_conh_real,12.860005392917119,L
TUR,2023-07-01,log_conh_real,12.864152854196721,L
TUR,2023-10-01,log_conh_real,12.892036084696635,L
TUR,2024-01-01,log_conh_real,12.905495592209784,L
TUR,2024-04-01,log_conh_real,12.881344764844275,L
TUR,2024-07-01,log_conh_real,12.892531257402322,L
TUR,2024-10-01,log_conh_real,12.936868149840706,L
TUR,2025-01-01,log_conh_real,12.930423149152148,L
TUR,2025-04-01,log_conh_real,12.924946537961818,L
TUR,2025-07-01,log_conh_real,12.940969550136227,L
TUR,2025-10-01,log_conh_real,12.982243931132267,L
TUR,2026-01-01,log_conh_real,12.982965668688037,L
TUR,1995-01-01,log_gdp_real,11.895798619225358,L
TUR,1995-04-01,log_gdp_real,11.912134377165563,L
TUR,1995-07-01,log_gdp_real,11.938501649531267,L
TUR,1995-10-01,log_gdp_real,11.949140251705607,L
TUR,1996-01-01,log_gdp_real,11.974426801948695,L
TUR,1996-04-01,log_gdp_real,11.987656651685324,L
TUR,1996-07-01,log_gdp_real,11.999304900780803,L
TUR,1996-10-01,log_gdp_real,12.017115521977267,L
TUR,1997-01-01,log_gdp_real,12.030772977469468,L
TUR,1997-04-01,log_gdp_real,12.062153775089099,L
TUR,1997-07-01,log_gdp_real,12.070307903694008,L
TUR,1997-10-01,log_gdp_real,12.094815892288727,L
TUR,1998-01-01,log_gdp_real,12.107279958831814,L
TUR,1998-04-01,log_gdp_real,12.090323914272757,L
TUR,1998-07-01,log_gdp_real,12.08772932794518,L
TUR,1998-10-01,log_gdp_real,12.058263233961712,L
TUR,1999-01-01,log_gdp_real,12.056230669890853,L
TUR,1999-04-01,log_gdp_real,12.047939964716509,L
TUR,1999-07-01,log_gdp_real,12.050278699613784,L
TUR,1999-10-01,log_gdp_real,12.066329427979705,L
TUR,2000-01-01,log_gdp_real,12.088691841467815,L
TUR,2000-04-01,log_gdp_real,12.115687766494004,L
TUR,2000-07-01,log_gdp_real,12.133307310097782,L
TUR,2000-10-01,log_gdp_real,12.14850814924991,L
TUR,2001-01-01,log_gdp_real,12.118296066757411,L
TUR,2001-04-01,log_gdp_real,12.046327512558264,L
TUR,2001-07-01,log_gdp_real,12.055567147282048,L
TUR,2001-10-01,log_gdp_real,12.038830224951093,L
TUR,2002-01-01,log_gdp_real,12.097540438706712,L
TUR,2002-04-01,log_gdp_real,12.121870047497874,L
TUR,2002-07-01,log_gdp_real,12.134337624929389,L
TUR,2002-10-01,log_gdp_real,12.15347587040165,L
TUR,2003-01-01,log_gdp_real,12.163036221803711,L
TUR,2003-04-01,log_gdp_real,12.162459780985975,L
TUR,2003-07-01,log_gdp_real,12.195610608777871,L
TUR,2003-10-01,log_gdp_real,12.221391214840327,L
TUR,2004-01-01,log_gdp_real,12.244669606498194,L
TUR,2004-04-01,log_gdp_real,12.275507286089464,L
TUR,2004-07-01,log_gdp_real,12.287020174498663,L
TUR,2004-10-01,log_gdp_real,12.30413811693908,L
TUR,2005-01-01,log_gdp_real,12.33453885675476,L
TUR,2005-04-01,log_gdp_real,12.342953921026579,L
TUR,2005-07-01,log_gdp_real,12.374885029632331,L
TUR,2005-10-01,log_gdp_real,12.404178964879575,L
TUR,2006-01-01,log_gdp_real,12.401935026828196,L
TUR,2006-04-01,log_gdp_real,12.44192193599187,L
TUR,2006-07-01,log_gdp_real,12.435233257969434,L
TUR,2006-10-01,log_gdp_real,12.45818064773687,L
TUR,2007-01-01,log_gdp_real,12.469275020223611,L
TUR,2007-04-01,log_gdp_real,12.467714341315471,L
TUR,2007-07-01,log_gdp_real,12.478052836124307,L
TUR,2007-10-01,log_gdp_real,12.520835574008284,L
TUR,2008-01-01,log_gdp_real,12.5319633807234,L
TUR,2008-04-01,log_gdp_real,12.495862370321506,L
TUR,2008-07-01,log_gdp_real,12.48212889928262,L
TUR,2008-10-01,log_gdp_real,12.465582069585118,L
TUR,2009-01-01,log_gdp_real,12.394386214310124,L
TUR,2009-04-01,log_gdp_real,12.438824290923405,L
TUR,2009-07-01,log_gdp_real,12.46018914434209,L
TUR,2009-10-01,log_gdp_real,12.475297552645754,L
TUR,2010-01-01,log_gdp_real,12.479384839047684,L
TUR,2010-04-01,log_gdp_real,12.51134239408383,L
TUR,2010-07-01,log_gdp_real,12.539475533659804,L
TUR,2010-10-01,log_gdp_real,12.569322427771523,L
TUR,2011-01-01,log_gdp_real,12.595442923957048,L
TUR,2011-04-01,log_gdp_real,12.614609364740575,L
TUR,2011-07-01,log_gdp_real,12.641691201049866,L
TUR,2011-10-01,log_gdp_real,12.657904348413943,L
TUR,2012-01-01,log_gdp_real,12.653206749351787,L
TUR,2012-04-01,log_gdp_real,12.664150443906882,L
TUR,2012-07-01,log_gdp_real,12.681755430300662,L
TUR,2012-10-01,log_gdp_real,12.699032014021014,L
TUR,2013-01-01,log_gdp_real,12.730185304382731,L
TUR,2013-04-01,log_gdp_real,12.758846797039524,L
TUR,2013-07-01,log_gdp_real,12.76941149426572,L
TUR,2013-10-01,log_gdp_real,12.772792000428625,L
TUR,2014-01-01,log_gdp_real,12.797712156457424,L
TUR,2014-04-01,log_gdp_real,12.789154091564466,L
TUR,2014-07-01,log_gdp_real,12.806470015740716,L
TUR,2014-10-01,log_gdp_real,12.816250903723379,L
TUR,2015-01-01,log_gdp_real,12.832657658761082,L
TUR,2015-04-01,log_gdp_real,12.855319138922066,L
TUR,2015-07-01,log_gdp_real,12.86391254546099,L
TUR,2015-10-01,log_gdp_real,12.88093823143707,L
TUR,2016-01-01,log_gdp_real,12.878669354227887,L
TUR,2016-04-01,log_gdp_real,12.893980625415569,L
TUR,2016-07-01,log_gdp_real,12.866208653771135,L
TUR,2016-10-01,log_gdp_real,12.922120346036406,L
TUR,2017-01-01,log_gdp_real,12.929947605006292,L
TUR,2017-04-01,log_gdp_real,12.953995138709796,L
TUR,2017-07-01,log_gdp_real,12.97952734485195,L
TUR,2017-10-01,log_gdp_real,12.995531549636574,L
TUR,2018-01-01,log_gdp_real,13.010049409097851,L
TUR,2018-04-01,log_gdp_real,13.011856977699946,L
TUR,2018-07-01,log_gdp_real,13.00482996059057,L
TUR,2018-10-01,log_gdp_real,12.973894459089825,L
TUR,2019-01-01,log_gdp_real,12.994048753747567,L
TUR,2019-04-01,log_gdp_real,13.01567753945032,L
TUR,2019-07-01,log_gdp_real,13.015924280286589,L
TUR,2019-10-01,log_gdp_real,13.03142940800765,L
TUR,2020-01-01,log_gdp_real,13.034951702124209,L
TUR,2020-04-01,log_gdp_real,12.925353594837864,L
TUR,2020-07-01,log_gdp_real,13.070968814731424,L
TUR,2020-10-01,log_gdp_real,13.083575562537062,L
TUR,2021-01-01,log_gdp_real,13.11002861605487,L
TUR,2021-04-01,log_gdp_real,13.125926621503108,L
TUR,2021-07-01,log_gdp_real,13.1604249574839,L
TUR,2021-10-01,log_gdp_real,13.1786057050988,L
TUR,2022-01-01,log_gdp_real,13.175657668462046,L
TUR,2022-04-01,log_gdp_real,13.19232069033475,L
TUR,2022-07-01,log_gdp_real,13.201301167188547,L
TUR,2022-10-01,log_gdp_real,13.210972244393744,L
TUR,2023-01-01,log_gdp_real,13.203149316505257,L
TUR,2023-04-01,log_gdp_real,13.249540725778083,L
TUR,2023-07-01,log_gdp_real,13.257301355323776,L
TUR,2023-10-01,log_gdp_real,13.263980641084279,L
TUR,2024-01-01,log_gdp_real,13.272449407724682,L
TUR,2024-04-01,log_gdp_real,13.271211394360742,L
TUR,2024-07-01,log_gdp_real,13.277499742712575,L
TUR,2024-10-01,log_gdp_real,13.290562175863355,L
TUR,2025-01-01,log_gdp_real,13.297909365118258,L
TUR,2025-04-01,log_gdp_real,13.310752654958009,L
TUR,2025-07-01,log_gdp_real,13.320694756981258,L
TUR,2025-10-01,log_gdp_real,13.324526776411822,L
TUR,2026-01-01,log_gdp_real,13.325839098736793,L
USA,1994-01-01,log_conh_real,14.379012385457754,L
USA,1994-04-01,log_conh_real,14.386762835717068,L
USA,1994-07-01,log_conh_real,14.394358782656939,L
USA,1994-10-01,log_conh_real,14.405112130480322,L
USA,1995-01-01,log_conh_real,14.407597961418086,L
USA,1995-04-01,log_conh_real,14.416326417511229,L
USA,1995-07-01,log_conh_real,14.425348029174245,L
USA,1995-10-01,log_conh_real,14.432299397727748,L
USA,1996-01-01,log_conh_real,14.441479897444003,L
USA,1996-04-01,log_conh_real,14.452180239867724,L
USA,1996-07-01,log_conh_real,14.458216081390693,L
USA,1996-10-01,log_conh_real,14.466149687993374,L
USA,1997-01-01,log_conh_real,14.476635454401357,L
USA,1997-04-01,log_conh_real,14.481127227907791,L
USA,1997-07-01,log_conh_real,14.498021271333341,L
USA,1997-10-01,log_conh_real,14.509902463532528,L
USA,1998-01-01,log_conh_real,14.519966947664138,L
USA,1998-04-01,log_conh_real,14.53742292496516,L
USA,1998-07-01,log_conh_real,14.55037907251747,L
USA,1998-10-01,log_conh_real,14.564722568508147,L
USA,1999-01-01,log_conh_real,14.574941049130985,L
USA,1999-04-01,log_conh_real,14.590139010967102,L
USA,1999-07-01,log_conh_real,14.601318411483103,L
USA,1999-10-01,log_conh_real,14.61583957956156,L
USA,2000-01-01,log_conh_real,14.630846963765334,L
USA,2000-04-01,log_conh_real,14.640141160487689,L
USA,2000-07-01,log_conh_real,14.649676412620288,L
USA,2000-10-01,log_conh_real,14.65837539271095,L
USA,2001-01-01,log_conh_real,14.66199571677042,L
USA,2001-04-01,log_conh_real,14.66400263356398,L
USA,2001-07-01,log_conh_real,14.667476420542345,L
USA,2001-10-01,log_conh_real,14.68348272444881,L
USA,2002-01-01,log_conh_real,14.685706669424444,L
USA,2002-04-01,log_conh_real,14.690752186197516,L
USA,2002-07-01,log_conh_real,14.697726067910528,L
USA,2002-10-01,log_conh_real,14.703272712333094,L
USA,2003-01-01,log_conh_real,14.708186236472528,L
USA,2003-04-01,log_conh_real,14.719571003861729,L
USA,2003-07-01,log_conh_real,14.733611849785113,L
USA,2003-10-01,log_conh_real,14.740472783525831,L
USA,2004-01-01,log_conh_real,14.749753303844882,L
USA,2004-04-01,log_conh_real,14.75519491276546,L
USA,2004-07-01,log_conh_real,14.766872637036455,L
USA,2004-10-01,log_conh_real,14.778120212528219,L
USA,2005-01-01,log_conh_real,14.784454269434951,L
USA,2005-04-01,log_conh_real,14.795475299893958,L
USA,2005-07-01,log_conh_real,14.803737989341958,L
USA,2005-10-01,log_conh_real,14.805579493338731,L
USA,2006-01-01,log_conh_real,14.81642504539385,L
USA,2006-04-01,log_conh_real,14.821596106130915,L
USA,2006-07-01,log_conh_real,14.827997259033653,L
USA,2006-10-01,log_conh_real,14.837491159253352,L
USA,2007-01-01,log_conh_real,14.84363986548327,L
USA,2007-04-01,log_conh_real,14.846260514416445,L
USA,2007-07-01,log_conh_real,14.852909280589007,L
USA,2007-10-01,log_conh_real,14.856842295922267,L
USA,2008-01-01,log_conh_real,14.855470187552095,L
USA,2008-04-01,log_conh_real,14.858222041670784,L
USA,2008-07-01,log_conh_real,14.85048489763574,L
USA,2008-10-01,log_conh_real,14.841444728672837,L
USA,2009-01-01,log_conh_real,14.83890205039135,L
USA,2009-04-01,log_conh_real,14.833974049998279,L
USA,2009-07-01,log_conh_real,14.840676322340451,L
USA,2009-10-01,log_conh_real,14.839574033732914,L
USA,2010-01-01,log_conh_real,14.845352736046665,L
USA,2010-04-01,log_conh_real,14.854280410495623,L
USA,2010-07-01,log_conh_real,14.861389568597428,L
USA,2010-10-01,log_conh_real,14.867500032063068,L
USA,2011-01-01,log_conh_real,14.871312766066952,L
USA,2011-04-01,log_conh_real,14.872341190395199,L
USA,2011-07-01,log_conh_real,14.875379870011498,L
USA,2011-10-01,log_conh_real,14.877103508673754,L
USA,2012-01-01,log_conh_real,14.88429034993993,L
USA,2012-04-01,log_conh_real,14.886045096757796,L
USA,2012-07-01,log_conh_real,14.888070923097354,L
USA,2012-10-01,log_conh_real,14.892048252372739,L
USA,2013-01-01,log_conh_real,14.89852905972826,L
USA,2013-04-01,log_conh_real,14.901382802478366,L
USA,2013-07-01,log_conh_real,14.905440093729398,L
USA,2013-10-01,log_conh_real,14.914208442968913,L
USA,2014-01-01,log_conh_real,14.917799678792822,L
USA,2014-04-01,log_conh_real,14.927359783874362,L
USA,2014-07-01,log_conh_real,14.937195122796187,L
USA,2014-10-01,log_conh_real,14.948652703105482,L
USA,2015-01-01,log_conh_real,14.956296087807539,L
USA,2015-04-01,log_conh_real,14.963155298908,L
USA,2015-07-01,log_conh_real,14.970171524572791,L
USA,2015-10-01,log_conh_real,14.974230566250442,L
USA,2016-01-01,log_conh_real,14.98175174388482,L
USA,2016-04-01,log_conh_real,14.986699754447907,L
USA,2016-07-01,log_conh_real,14.99363187346209,L
USA,2016-10-01,log_conh_real,14.998775006746007,L
USA,2017-01-01,log_conh_real,15.006434231512117,L
USA,2017-04-01,log_conh_real,15.01138136960713,L
USA,2017-07-01,log_conh_real,15.018136105146736,L
USA,2017-10-01,log_conh_real,15.029005532188627,L
USA,2018-01-01,log_conh_real,15.036220501658121,L
USA,2018-04-01,log_conh_real,15.041560401150392,L
USA,2018-07-01,log_conh_real,15.046158642242377,L
USA,2018-10-01,log_conh_real,15.049277961972072,L
USA,2019-01-01,log_conh_real,15.050860742924913,L
USA,2019-04-01,log_conh_real,15.05935568041055,L
USA,2019-07-01,log_conh_real,15.070643715341452,L
USA,2019-10-01,log_conh_real,15.077181871918834,L
USA,2020-01-01,log_conh_real,15.060172804025733,L
USA,2020-04-01,log_conh_real,14.969661553158062,L
USA,2020-07-01,log_conh_real,15.05487748452806,L
USA,2020-10-01,log_conh_real,15.068371093128432,L
USA,2021-01-01,log_conh_real,15.090846626176006,L
USA,2021-04-01,log_conh_real,15.125194761381243,L
USA,2021-07-01,log_conh_real,15.133475488186114,L
USA,2021-10-01,log_conh_real,15.143040495712784,L
USA,2022-01-01,log_conh_real,15.14396723047169,L
USA,2022-04-01,log_conh_real,15.152112789516213,L
USA,2022-07-01,log_conh_real,15.156796308320331,L
USA,2022-10-01,log_conh_real,15.158783110913769,L
USA,2023-01-01,log_conh_real,15.169782247758535,L
USA,2023-04-01,log_conh_real,15.173515983720279,L
USA,2023-07-01,log_conh_real,15.181085879510494,L
USA,2023-10-01,log_conh_real,15.188575114881882,L
USA,2024-01-01,log_conh_real,15.192871635862673,L
USA,2024-04-01,log_conh_real,15.202407062759269,L
USA,2024-07-01,log_conh_real,15.212112116945796,L
USA,2024-10-01,log_conh_real,15.221662079207128,L
USA,2025-01-01,log_conh_real,15.223186764445101,L
USA,2025-04-01,log_conh_real,15.229279341777321,L
USA,2025-07-01,log_conh_real,15.237767807245234,L
USA,2025-10-01,log_conh_real,15.242540061832914,L
USA,2026-01-01,log_conh_real,15.243889795832864,L
USA,1994-01-01,log_gdp_real,14.8215611861858,L
USA,1994-04-01,log_gdp_real,14.835022025799693,L
USA,1994-07-01,log_gdp_real,14.840850832660543,L
USA,1994-10-01,log_gdp_real,14.852241414527331,L
USA,1995-01-01,log_gdp_real,14.855782958656064,L
USA,1995-04-01,log_gdp_real,14.858761746068604,L
USA,1995-07-01,log_gdp_real,14.86723300071394,L
USA,1995-10-01,log_gdp_real,14.874000884809833,L
USA,1996-01-01,log_gdp_real,14.88146345419187,L
USA,1996-04-01,log_gdp_real,14.898005321000777,L
USA,1996-07-01,log_gdp_real,14.906935680720375,L
USA,1996-10-01,log_gdp_real,14.917265835597226,L
USA,1997-01-01,log_gdp_real,14.923699510320937,L
USA,1997-04-01,log_gdp_real,14.940214577561038,L
USA,1997-07-01,log_gdp_real,14.952622947642988,L
USA,1997-10-01,log_gdp_real,14.961125318593778,L
USA,1998-01-01,log_gdp_real,14.97111279257871,L
USA,1998-04-01,log_gdp_real,14.980327104659628,L
USA,1998-07-01,log_gdp_real,14.992837904137568,L
USA,1998-10-01,log_gdp_real,15.008801766628093,L
USA,1999-01-01,log_gdp_real,15.018152266775521,L
USA,1999-04-01,log_gdp_real,15.02646503360511,L
USA,1999-07-01,log_gdp_real,15.039636751591615,L
USA,1999-10-01,log_gdp_real,15.055910272561958,L
USA,2000-01-01,log_gdp_real,15.059531655981155,L
USA,2000-04-01,log_gdp_real,15.077580651914989,L
USA,2000-07-01,log_gdp_real,15.078599458618706,L
USA,2000-10-01,log_gdp_real,15.084552108458642,L
USA,2001-01-01,log_gdp_real,15.081268721954453,L
USA,2001-04-01,log_gdp_real,15.087494331869225,L
USA,2001-07-01,log_gdp_real,15.083479892827407,L
USA,2001-10-01,log_gdp_real,15.086223879129765,L
USA,2002-01-01,log_gdp_real,15.094552698613848,L
USA,2002-04-01,log_gdp_real,15.10066105639213,L
USA,2002-07-01,log_gdp_real,15.104717944213963,L
USA,2002-10-01,log_gdp_real,15.105953217683483,L
USA,2003-01-01,log_gdp_real,15.11120583213471,L
USA,2003-04-01,log_gdp_real,15.12002306246744,L
USA,2003-07-01,log_gdp_real,15.136518251488145,L
USA,2003-10-01,log_gdp_real,15.148058618535547,L
USA,2004-01-01,log_gdp_real,15.153709138774449,L
USA,2004-04-01,log_gdp_real,15.16142878869339,L
USA,2004-07-01,log_gdp_real,15.170870031471292,L
USA,2004-10-01,log_gdp_real,15.181020409899697,L
USA,2005-01-01,log_gdp_real,15.192052973051426,L
USA,2005-04-01,log_gdp_real,15.196967110737555,L
USA,2005-07-01,log_gdp_real,15.20477470490162,L
USA,2005-10-01,log_gdp_real,15.210314484810764,L
USA,2006-01-01,log_gdp_real,15.223678635488024,L
USA,2006-04-01,log_gdp_real,15.22626282120536,L
USA,2006-07-01,log_gdp_real,15.227761245047455,L
USA,2006-10-01,log_gdp_real,15.236319020612873,L
USA,2007-01-01,log_gdp_real,15.239322861230002,L
USA,2007-04-01,log_gdp_real,15.245421844144683,L
USA,2007-07-01,log_gdp_real,15.251165587151963,L
USA,2007-10-01,log_gdp_real,15.257428302589878,L
USA,2008-01-01,log_gdp_real,15.253151527050521,L
USA,2008-04-01,log_gdp_real,15.259088152911552,L
USA,2008-07-01,log_gdp_real,15.253821729171097,L
USA,2008-10-01,log_gdp_real,15.2316883045652,L
USA,2009-01-01,log_gdp_real,15.220274673205298,L
USA,2009-04-01,log_gdp_real,15.21848657828088,L
USA,2009-07-01,log_gdp_real,15.221992349784998,L
USA,2009-10-01,log_gdp_real,15.232743472914056,L
USA,2010-01-01,log_gdp_real,15.237576783134733,L
USA,2010-04-01,log_gdp_real,15.247206132957341,L
USA,2010-07-01,log_gdp_real,15.254887405662345,L
USA,2010-10-01,log_gdp_real,15.260124769306795,L
USA,2011-01-01,log_gdp_real,15.257749902570746,L
USA,2011-04-01,log_gdp_real,15.264492940039412,L
USA,2011-07-01,log_gdp_real,15.264269799526703,L
USA,2011-10-01,log_gdp_real,15.275437696207753,L
USA,2012-01-01,log_gdp_real,15.283788626413882,L
USA,2012-04-01,log_gdp_real,15.28824205414512,L
USA,2012-07-01,log_gdp_real,15.289681286445068,L
USA,2012-10-01,log_gdp_real,15.290837023860819,L
USA,2013-01-01,log_gdp_real,15.300654283126333,L
USA,2013-04-01,log_gdp_real,15.303327082684735,L
USA,2013-07-01,log_gdp_real,15.311804967943969,L
USA,2013-10-01,log_gdp_real,15.320484619283382,L
USA,2014-01-01,log_gdp_real,15.317027680032572,L
USA,2014-04-01,log_gdp_real,15.329863381259244,L
USA,2014-07-01,log_gdp_real,15.341944029452968,L
USA,2014-10-01,log_gdp_real,15.346988615413727,L
USA,2015-01-01,log_gdp_real,15.35595316319417,L
USA,2015-04-01,log_gdp_real,15.362128109710751,L
USA,2015-07-01,log_gdp_real,15.366122561178086,L
USA,2015-10-01,log_gdp_real,15.367965652905191,L
USA,2016-01-01,log_gdp_real,15.373744119423662,L
USA,2016-04-01,log_gdp_real,15.376950225578025,L
USA,2016-07-01,log_gdp_real,15.384019074277441,L
USA,2016-10-01,log_gdp_real,15.389546759563652,L
USA,2017-01-01,log_gdp_real,15.394403857204846,L
USA,2017-04-01,log_gdp_real,15.399986968160421,L
USA,2017-07-01,log_gdp_real,15.407841273164513,L
USA,2017-10-01,log_gdp_real,15.419048700933907,L
USA,2018-01-01,log_gdp_real,15.427149905461086,L
USA,2018-04-01,log_gdp_real,15.432444107786845,L
USA,2018-07-01,log_gdp_real,15.43866171261207,L
USA,2018-10-01,log_gdp_real,15.440077152595256,L
USA,2019-01-01,log_gdp_real,15.44630093529126,L
USA,2019-04-01,log_gdp_real,15.454617713143083,L
USA,2019-07-01,log_gdp_real,15.466249806016327,L
USA,2019-10-01,log_gdp_real,15.47304544198438,L
USA,2020-01-01,log_gdp_real,15.459794822276416,L
USA,2020-04-01,log_gdp_real,15.377751616236145,L
USA,2020-07-01,log_gdp_real,15.452509122326749,L
USA,2020-10-01,log_gdp_real,15.463780511874758,L
USA,2021-01-01,log_gdp_real,15.477642148790375,L
USA,2021-04-01,log_gdp_real,15.494517871660092,L
USA,2021-07-01,log_gdp_real,15.502734541474057,L
USA,2021-10-01,log_gdp_real,15.519746573659338,L
USA,2022-01-01,log_gdp_real,15.517195326650818,L
USA,2022-04-01,log_gdp_real,15.518759581706218,L
USA,2022-07-01,log_gdp_real,15.525952644966257,L
USA,2022-10-01,log_gdp_real,15.532831336254615,L
USA,2023-01-01,log_gdp_real,15.540043772889346,L
USA,2023-04-01,log_gdp_real,15.54630286338175,L
USA,2023-07-01,log_gdp_real,15.55777289067683,L
USA,2023-10-01,log_gdp_real,15.56617803094711,L
USA,2024-01-01,log_gdp_real,15.568274454026472,L
USA,2024-04-01,log_gdp_real,15.577090333904492,L
USA,2024-07-01,log_gdp_real,15.58530428705354,L
USA,2024-10-01,log_gdp_real,15.589892491981873,L
USA,2025-01-01,log_gdp_real,15.58826600592545,L
USA,2025-04-01,log_gdp_real,15.597681537533406,L
USA,2025-07-01,log_gdp_real,15.608387485936012,L
USA,2025-10-01,log_gdp_real,15.609590216802834,L
USA,2026-01-01,log_gdp_real,15.614759378522605,L
