code,year,va_total,va_total_py,va_agri,va_agri_py,va_public,va_public_py,emp,emp_employees,emp_selfemp,hours,hours_employees,hours_selfemp,emp_agri,emp_employees_agri,emp_selfemp_agri,hours_agri,hours_employees_agri,hours_selfemp_agri,emp_public,emp_employees_public,emp_selfemp_public,hours_public,hours_employees_public,hours_selfemp_public
AUS,1989,374929.0,,16926.0,,59655.0,,,,,,,,,,,,,,,,,,,
AUS,1990,383146.0,375844.414,13135.0,17864.314,64930.0,61153.816999999995,,,,,,,,,,,,,,,,,,
AUS,1991,389412.0,382378.522,12844.0,12438.289,67475.0,66733.48300000001,,,,,,,,,,,,,,,,,,
AUS,1992,412385.0,403007.414,14410.0,13519.287,71329.0,69994.704,,,,,,,,,,,,,,,,,,
AUS,1993,433204.0,429607.035,15522.0,15006.785,74297.0,73547.947,,,,,,,,,,,,,,,,,,
AUS,1994,456338.0,449961.599,14895.0,13247.601,77405.0,76657.708,8321.604589,6700.937531,1620.667057,14520.773,11157.086,3363.688,523.556514,198.936515,324.619999,1003.002,315.241,687.761,8321.604589,1813.146918,101.106138,14520.773,2760.796,169.68
AUS,1995,486650.0,474637.526,17844.0,18033.081,81919.0,79513.019,8512.717726,6845.778616,1666.939109,14874.487,11421.317,3453.17,558.371372,223.637034,334.734338,1058.446,358.066,700.38,8512.717726,1844.083135,105.793918,14874.487,2831.45,173.66
AUS,1996,512392.0,506360.187,17982.0,19291.975,88272.0,85238.45300000001,8561.398575,6922.22769,1639.170885,14935.744,11558.92,3376.823,505.406568,198.647817,306.758752,969.218,317.342,651.877,8561.398575,1902.09563,105.547236,14935.744,2924.896,176.57
AUS,1997,543242.0,534992.981,17870.0,18113.925,91678.0,90115.675,8693.667452,6968.955735,1724.711716,15071.94,11569.397,3502.542,482.55649,185.570811,296.985679,949.492,316.278,633.214,8693.667452,1949.89613,116.384874,15071.94,2960.273,193.459
AUS,1998,573162.0,570544.543,18958.0,19651.907,97642.0,95177.748,8849.892744,7140.031699,1709.861044,15240.995,11799.357,3441.637,489.233443,200.602235,288.631208,920.106,334.454,585.652,8849.892744,1923.919717,114.665928,15240.995,2918.301,188.18
AUS,1999,611022.0,596067.771,20621.0,20247.924,102633.0,100364.428,9047.896945,7277.832074,1770.064871,15716.497,12080.243,3636.255,516.030797,211.83333,304.197468,995.055,356.25,638.805,9047.896945,1933.019504,121.81815,15716.497,2930.655,192.802
AUS,2000,647190.0,625748.907,24820.0,21447.686,109857.0,106119.465,9233.684013,7417.39652,1816.287493,15830.82,12124.188,3706.632,520.480665,224.729582,295.751084,990.694,371.826,618.868,9233.684013,1977.372265,123.384321,15830.82,2980.072,198.671
AUS,2001,693462.0,672716.482,29885.0,25606.823,117472.0,114538.382,9346.647464,7459.874481,1886.772983,15853.889,12104.524,3749.365,526.056446,208.560407,317.496039,1000.349,356.659,643.691,9346.647464,2050.222825,130.376492,15853.889,3070.427,207.957
AUS,2002,733771.0,713589.638,23227.0,23443.529,124299.0,119659.444,9569.564075,7676.944822,1892.619253,16198.166,12329.551,3868.615,533.160311,221.326481,311.83383,1001.593,373.649,627.944,9569.564075,2086.644775,141.818501,16198.166,3108.198,223.653
AUS,2003,789803.0,765137.641,26468.0,29141.059,133617.0,127812.265,9750.881597,7851.685668,1899.195929,16425.674,12549.719,3875.955,534.011486,222.568135,311.443351,983.479,360.91,622.568,9750.881597,2131.538674,141.410738,16425.674,3156.888,222.537
AUS,2004,851379.0,815558.391,26781.0,27609.206,142273.0,137844.61,10026.414485,8054.68906,1971.725425,16888.921,12911.797,3977.124,535.505334,226.083894,309.42144,985.919,364.704,621.215,10026.414485,2166.786041,155.905769,16888.921,3215.787,237.371
AUS,2005,921548.0,875249.633,27437.0,27567.481,154213.0,145722.114,10279.142241,8296.883789,1982.258453,17219.989,13319.089,3900.901,504.729287,202.237873,302.491414,903.868,317.634,586.234,10279.142241,2256.747525,156.805875,17219.989,3340.567,247.688
AUS,2006,1005662.0,957003.067,24143.0,23276.637,164649.0,159015.052,10602.871529,8648.622035,1954.249495,17732.306,13832.761,3899.545,488.1387,196.168959,291.969741,906.035,323.972,582.063,10602.871529,2308.896496,138.832378,17732.306,3427.013,220.678
AUS,2007,1092195.0,1044017.644,27832.0,26127.403,176422.0,169984.677,10910.004092,8922.882289,1987.121803,18286.365,14344.276,3942.089,485.629917,191.875974,293.753944,897.392,315.236,582.156,10910.004092,2348.853202,148.576421,18286.365,3481.657,225.851
AUS,2008,1181863.0,1116441.702,29287.0,32738.654,191400.0,185916.182,11054.959627,9046.415923,2008.543704,18465.429,14514.004,3951.425,467.447319,181.541988,285.905331,866.929,308.044,558.885,11054.959627,2463.697917,165.073982,18465.429,3672.549,251.639
AUS,2009,1217592.0,1209864.671,29027.0,29072.949,207361.0,196808.03,11172.777352,9143.316828,2029.460523,18471.712,14572.616,3899.096,455.416704,176.944599,278.472105,824.34,291.065,533.275,11172.777352,2559.287792,168.038755,18471.712,3770.547,250.207
AUS,2010,1328951.0,1247244.137,32797.0,30008.02,225685.0,211503.221,11437.785578,9354.7416,2083.043978,18984.889,14928.358,4056.531,475.062321,200.459075,274.603246,872.634,337.789,534.845,11437.785578,2659.522325,177.052003,18984.889,3903.947,258.972
AUS,2011,1411859.0,1383632.456,34229.0,33098.116,238096.0,232046.789,11570.853799,9548.339846,2022.513952,19227.692,15287.53,3940.162,473.127523,211.644227,261.483296,866.982,359.816,507.166,11570.853799,2683.83178,184.345751,19227.692,3979.574,269.333
AUS,2012,1446084.0,1450305.196,35363.0,33943.789,249145.0,244101.62799999997,11712.376011,9727.242714,1985.133297,19344.192,15483.17,3861.021,470.433352,205.955144,264.478208,867.976,349.358,518.618,11712.376011,2747.248548,174.530915,19344.192,4054.725,258.771
AUS,2013,1500741.0,1485868.35,35772.0,35745.79,260890.0,257979.831,11760.665163,9768.472745,1992.192418,19452.528,15530.267,3922.261,479.784012,219.583769,260.200244,892.23,371.214,521.016,11760.665163,2783.498542,199.070686,19452.528,4108.928,307.162
AUS,2014,1520536.0,1535094.799,38758.0,36368.225,272555.0,267776.958,11904.851017,9896.70908,2008.141937,19622.141,15747.1,3875.041,469.02617,202.932748,266.093422,852.781,336.475,516.305,11904.851017,2887.811588,198.712505,19622.141,4249.797,293.708
AUS,2015,1545953.0,1559409.822,40163.0,35979.524,286760.0,281322.273,12157.893751,10067.502921,2090.39083,19972.214,15961.489,4010.724,469.249967,220.435451,248.814517,862.09,360.283,501.806,12157.893751,2969.306556,218.477097,19972.214,4358.484,329.201
AUS,2016,1642945.0,1581909.213,48017.0,43961.191,297827.0,293999.485,12324.728603,10250.363813,2074.36479,20285.135,16353.546,3931.589,478.985015,247.044216,231.940799,877.104,416.448,460.657,12324.728603,3101.5289,229.6036,20285.135,4552.853,331.766
AUS,2017,1722689.0,1692034.817,45704.0,46668.629,311696.0,307970.444,12687.779544,10551.466012,2136.313532,20805.729,16839.021,3966.708,453.733469,224.909459,228.82401,821.102,381.22,439.882,12687.779544,3171.336541,231.251815,20805.729,4673.683,337.262
AUS,2018,1826677.0,1763859.679,41533.0,40898.844,333859.0,327382.73600000003,12981.960492,10858.165242,2123.79525,21228.603,17335.397,3893.206,440.443033,206.592702,233.850331,781.997,344.02,437.977,12981.960492,3287.512413,244.186389,21228.603,4853.005,348.513
AUS,2019,1863155.0,1828822.919,40081.0,37490.468,348929.0,345853.288,13007.428212,10863.753098,2143.675114,20870.697,17086.934,3783.763,421.091389,193.084247,228.007142,755.305,320.662,434.643,13007.428212,3340.662236,245.046999,20870.697,4925.474,338.582
AUS,2020,1954424.0,1897896.408,48206.0,48641.939,369806.0,365237.219,13059.241747,10914.882486,2144.359262,20934.275,17136.781,3797.494,433.933431,194.175152,239.75828,747.966,310.844,437.122,13059.241747,3440.64232,252.431224,20934.275,5035.24,354.602
AUS,2021,2183535.0,2034757.992,62452.0,56421.221,399591.0,384528.209,13509.561278,11318.727694,2190.833584,21496.808,17625.432,3871.376,448.713763,208.558583,240.155179,794.617,339.071,455.546,13509.561278,3589.045878,280.277961,21496.808,5241.226,393.118
AUS,2022,2415307.0,2264834.964,66273.0,65338.645,432221.0,413712.2290000001,14167.575728,11957.276539,2210.299189,23120.869,19064.754,4056.114,443.044786,206.838932,236.205854,806.338,353.275,453.063,14167.575728,3803.901656,312.59125,23120.869,5593.798,441.908
AUS,2023,2511352.0,2452747.419,54556.0,63614.431,473285.0,447450.382,14510.584971,12285.604367,2224.980604,23419.586,19418.676,4000.911,431.078169,212.842094,218.236075,804.789,367.414,437.375,14510.584971,4030.432743,332.551508,23419.586,5857.155,463.487
AUS,2024,2602323.0,2542698.0,62986.0,59409.0,509397.0,485876.0,14821.807214,12588.371327,2233.435887,23877.078,19838.599,4038.479,430.002497,211.118126,218.884371,818.576,376.979,441.597,14821.807214,4250.108385,335.101403,23877.078,6148.098,467.838
AUT,1976,,,,,,,3387.769535,2723.055672,610.368609,,,,,,,,,,,,,,,
AUT,1977,,,,,,,3426.049144,2780.173257,601.67079,,,,,,,,,,,,,,,
AUT,1978,,,,,,,3440.379295,2805.574773,596.035903,,,,,,,,,,,,,,,
AUT,1979,,,,,,,3457.221048,2833.094597,590.794634,,,,,,,,,,,,,,,
AUT,1980,,,,,,,3484.859591,2875.707987,583.701749,,,,,,,,,,,,,,,
AUT,1981,,,,,,,3462.538394,2867.474949,573.934174,,,,,,,,,,,,,,,
AUT,1982,,,,,,,3423.72696,2840.091367,564.685052,,,,,,,,,,,,,,,
AUT,1983,,,,,,,3414.180507,2840.048981,558.448689,,,,,,,,,,,,,,,
AUT,1984,,,,,,,3409.578029,2842.562893,553.942093,,,,,,,,,,,,,,,
AUT,1985,,,,,,,3416.524547,2858.239777,549.219874,,,,,,,,,,,,,,,
AUT,1986,,,,,,,3419.345773,2872.516902,542.620355,,,,,,,,,,,,,,,
AUT,1987,,,,,,,3432.528492,2891.769375,539.872198,,,,,,,,,,,,,,,
AUT,1988,,,,,,,3444.921669,2910.535413,536.894082,,,,313.321989,22.27985,291.190129,,,,666.303401,643.985882,22.626274,,,
AUT,1989,,,,,,,3489.315068,2959.190404,532.193423,,,,305.265571,21.843906,283.547448,,,,674.911699,651.857733,23.504804,,,
AUT,1990,,,,,,,3560.207801,3025.556383,536.498193,,,,304.528673,21.757598,282.901067,,,,691.695733,668.504621,23.518749,,,
AUT,1991,,,,,,,3604.172996,3077.00611,528.440813,,,,299.580083,21.527736,278.163604,,,,698.855971,675.405453,23.787506,,,
AUT,1992,,,,,,,3620.388423,3094.501196,527.012487,,,,296.950001,21.650153,275.368281,,,,715.641958,692.197702,23.613828,,,
AUT,1993,,,,,,,3600.805672,3083.842018,517.825782,,,,291.489045,21.012529,270.575871,,,,715.973948,692.090134,24.18557,,,
AUT,1994,,,,,,,3600.070892,3090.789875,509.822575,,,,283.933123,20.675222,263.326813,,,,722.188991,698.549065,23.805254,,,
AUT,1995,158145.263,154170.579,3843.824,3918.271,28462.988,27577.157,3587.458,3092.724,494.734,6362.111,5095.064,1267.048,271.939,20.293,251.646,710.034,38.627,671.407,724.551,701.372,23.179,1173.88,1121.55,52.331
AUT,1996,162239.972,160922.487,3588.174,3780.478,29301.480000000003,28753.374,3601.443,3088.882,512.561,6503.774,5159.87,1343.904,259.884,20.11,239.774,701.966,38.047,663.919,740.259,711.895,28.364,1234.327,1170.789,63.538
AUT,1997,167234.168,165777.04,3693.657,3720.705,29822.682,29598.981999999996,3627.77,3116.985,510.785,6581.994,5213.753,1368.241,253.484,20.589,232.895,697.482,38.475,659.007,749.286,719.6,29.686,1252.333,1184.834,67.499
AUT,1998,174031.634,173555.946,3590.057,3849.536,30985.403,30680.077,3664.44,3150.681,513.759,6569.488,5210.789,1358.698,243.902,20.012,223.89,671.213,37.816,633.396,759.66,727.23,32.43,1245.118,1172.287,72.831
AUT,1999,180440.933,180081.432,3616.638,3806.431,32344.283000000003,31532.285000000003,3719.983,3205.451,514.532,6682.894,5301.69,1381.204,239.322,20.476,218.846,660.26,39.328,620.932,766.85,733.398,33.452,1260.859,1179.951,80.909
AUT,2000,189418.938,186977.004,3549.097,3416.712,33271.39,32870.994,3755.356,3244.061,511.295,6749.594,5348.596,1400.998,230.748,20.501,210.247,651.097,39.265,611.832,772.901,738.9,34.001,1267.593,1187.05,80.543
AUT,2001,195976.805,192235.069,3747.456,3575.291,34333.313,33454.407,3782.312,3265.368,516.944,6746.731,5356.324,1390.407,229.597,20.511,209.086,632.511,39.92,592.59,778.657,744.427,34.23,1277.933,1197.565,80.368
AUT,2002,200708.378,198689.045,3583.927,3681.448,35218.437,34668.566999999995,3778.835,3258.522,520.313,6730.279,5328.776,1401.503,225.537,20.858,204.679,621.815,39.837,581.978,790.3,755.182,35.118,1296.719,1214.142,82.577
AUT,2003,205864.481,203339.106,3427.998,3432.712,36391.312,35604.494000000006,3803.581,3275.864,527.717,6741.645,5333.909,1407.736,224.92,21.242,203.678,618.583,40.651,577.932,800.088,765.591,34.497,1294.192,1215.548,78.645
AUT,2004,214251.962,211496.011,3591.712,3774.432,37640.565,36651.282,3827.515,3290.796,536.719,6793.307,5379.703,1413.604,217.967,21.339,196.628,602.496,41.101,561.395,809.404,771.283,38.121,1313.643,1228.799,84.845
AUT,2005,224194.68,219524.819,3236.187,3541.507,38693.021,38363.996,3873.583,3329.081,544.502,6779.468,5400.249,1379.219,215.014,21.49,193.524,588.611,41.423,547.188,830.73,788.866,41.864,1330.732,1239.546,91.187
AUT,2006,237133.734,232152.879,3530.317,3186.769,40443.321,39526.39,3941.309,3385.385,555.924,6831.827,5445.311,1386.516,208.438,21.705,186.733,568.592,41.876,526.715,847.875,803.07,44.805,1326.949,1236.293,90.655
AUT,2007,251596.566,246317.114,4125.781,3920.796,42093.077000000005,41166.152,4013.26,3453.743,559.517,6915.056,5546.383,1368.673,206.038,22.835,183.203,550.69,44.786,505.903,855.659,809.844,45.815,1325.935,1242.491,83.444
AUT,2008,260417.838,255854.189,4042.19,4434.047,44391.542,43279.5,4089.451,3519.676,569.775,7018.097,5669.038,1349.059,203.035,22.528,180.507,527.584,43.354,484.23,872.931,823.235,49.696,1359.905,1272.5,87.405
AUT,2009,254814.774,249989.673,3368.167,3758.077,46732.339,45261.872,4067.494,3495.047,572.447,6790.828,5479.549,1311.279,200.339,22.344,177.995,504.012,43.337,460.674,898.132,848.611,49.521,1355.737,1269.192,86.545
AUT,2010,261615.049,259583.684,3801.739,3165.89,47943.018,47068.019,4098.226,3525.48,572.746,6814.81,5530.041,1284.769,198.008,22.748,175.26,487.378,42.364,445.015,915.446,865.271,50.175,1368.223,1281.322,86.901
AUT,2011,274204.282,270132.963,4503.265,4385.264,48944.08900000001,48187.167,4161.953,3589.962,571.991,6946.302,5632.35,1313.952,194.966,24.176,170.79,501.351,46.277,455.074,925.417,873.65,51.767,1402.963,1308.874,94.089
AUT,2012,281072.654,275444.648,4488.229,4206.45,50382.705,49036.915,4205.164,3641.342,563.822,6916.348,5657.334,1259.013,184.142,24.997,159.145,452.804,47.706,405.098,939.067,885.757,53.31,1390.743,1298.229,92.514
AUT,2013,285327.001,280706.357,4104.348,4178.645,51313.147,50369.904,4224.06,3666.586,557.474,6883.846,5659.864,1223.983,181.858,25.658,156.2,434.137,47.385,386.751,947.322,894.354,52.968,1395.222,1309.756,85.466
AUT,2014,293480.301,287451.082,4210.789,4432.308,52666.236,51438.380000000005,4266.237,3701.286,564.951,6916.021,5701.859,1214.162,188.025,27.085,160.94,435.834,49.836,385.998,962.664,908.778,53.886,1412.218,1323.007,89.212
AUT,2015,303845.554,296640.032,3912.165,4033.507,54969.733,53168.14199999999,4291.973,3742.392,549.581,6863.767,5670.837,1192.929,175.989,28.077,147.912,416.177,48.887,367.29,984.488,930.476,54.012,1423.031,1334.446,88.585
AUT,2016,315923.895,310168.17,4087.603,4116.376,57096.691999999995,55624.094,4348.164,3799.41,548.754,7011.041,5807.793,1203.248,171.291,28.187,143.104,413.752,49.434,364.318,1003.103,948.455,54.648,1465.108,1372.857,92.25
AUT,2017,326371.555,323498.643,4407.179,4045.166,58926.682,57932.959,4420.121,3871.194,548.927,7080.96,5870.998,1209.962,166.985,29.122,137.863,406.137,50.085,356.052,1024.866,969.121,55.745,1496.177,1394.441,101.736
AUT,2018,341351.555,335277.279,4250.506,4532.708,61143.525,59380.853,4498.645,3956.421,542.224,7225.844,5999.493,1226.352,156.276,30.186,126.09,393.352,52.747,340.605,1047.024,990.657,56.367,1523.214,1418.144,105.07
AUT,2019,352742.587,347453.064,4133.688,4188.97,63512.299,61744.719,4549.865,4010.572,539.293,7344.462,6120.617,1223.845,148.66,30.478,118.182,380.631,54.632,325.999,1048.745,990.968,57.777,1548.635,1443.466,105.169
AUT,2020,340529.897,331046.709,4074.654,4006.827,64895.092,60996.581000000006,4475.277,3930.55,544.727,6696.917,5542.384,1154.533,151.485,30.09,121.395,403.537,51.346,352.191,1060.587,1000.296,60.291,1471.171,1372.792,98.38
AUT,2021,362536.79,355843.919,4936.683,4313.572,68754.227,67884.725,4565.573,4003.515,562.058,7028.656,5849.014,1179.643,155.353,31.193,124.16,405.195,51.593,353.602,1082.273,1019.551,62.722,1527.99,1430.66,97.33
AUT,2022,402767.134,386007.882,6050.913,5103.216,71741.909,70288.386,4690.417,4123.927,566.49,7209.012,6016.584,1192.428,149.977,30.405,119.572,395.438,49.752,345.686,1101.217,1034.884,66.333,1497.437,1403.856,93.581
AUT,2023,429634.26,398608.747,5933.601,5756.287,77696.042,73736.061,4728.231,4170.135,558.096,7254.303,6078.869,1175.435,138.116,30.243,107.873,361.63,48.674,312.956,1120.202,1052.272,67.93,1537.079,1438.42,98.659
AUT,2024,443546.03,425533.501,6011.236,6065.001,85895.513,80321.58600000001,4731.972,4176.045,555.927,7264.576,6095.247,1169.33,136.5,30.267,106.233,349.165,50.738,298.426,1140.092,1071.921,68.171,1550.651,1452.481,98.17
AUT,2025,,,,,,,4732.51,4174.871,557.639,7304.293,6127.231,1177.062,133.992,30.298,103.694,346.699,50.229,296.47,1160.565,1091.612,68.953,1613.741,1513.714,100.026
BEL,1981,,,,,,,3733.963372,3122.82005,611.820196,,,,,,,,,,,,,,,
BEL,1982,,,,,,,3685.55668,3070.074213,615.999606,,,,,,,,,,,,,,,
BEL,1983,,,,,,,3637.749693,3013.873672,624.184826,,,,,,,,,,,,,,,
BEL,1984,,,,,,,3636.00904,3005.740979,630.494349,,,,,,,,,,,,,,,
BEL,1985,,,,,,,3653.785474,3018.629445,635.361182,,,,,,,,,,,,,,,
BEL,1986,,,,,,,3677.203157,3036.547433,640.8446,,,,,,,,,,,,,,,
BEL,1987,,,,,,,3703.68689,3056.347325,647.50432,,,,,,,,,,,,,,,
BEL,1988,,,,,,,3775.746106,3120.547219,655.425146,,,,,,,,,,,,,,,
BEL,1989,,,,,,,3833.890175,3169.226205,664.901403,,,,,,,,,,,,,,,
BEL,1990,,,,,,,3875.719273,3202.023658,673.913724,,,,,,,,,,,,,,,
BEL,1991,,,,,,,3888.121554,3206.870344,681.403539,,,,,,,,,,,,,,,
BEL,1992,,,,,,,3883.17576,3198.984126,684.2969,,,,,,,,,,,,,,,
BEL,1993,,,,,,,3858.184736,3164.157287,693.956736,,,,,,,,,,,,,,,
BEL,1994,,,,,,,3841.81937,3146.849428,694.851683,,,,,,,,,,,,,,,
BEL,1995,189742.8,,2750.3,,37483.100000000006,,3868.8,3170.5,698.2,6106.248,4587.732,1518.516,89.3,14.7,74.6,150.137,16.462,133.675,1028.7,966.7,62.0,1454.307,1334.309,119.998
BEL,1996,192228.5,191481.2,2846.4,2750.3,38253.2,37803.2,3879.0,3174.6,704.4,6107.723,4577.948,1529.775,86.7,14.4,72.3,145.464,16.073,129.391,1032.7,969.0,63.7,1459.051,1335.61,123.441
BEL,1997,200615.9,199238.8,3004.8,2927.8,39294.3,38735.7,3905.4,3199.7,705.7,6177.692,4636.077,1541.616,84.8,14.7,70.1,143.205,16.579,126.625,1042.0,976.8,65.2,1473.376,1346.982,126.395
BEL,1998,208114.5,204362.6,2921.0,3101.5,40668.6,39995.5,3973.9,3269.0,704.9,6255.707,4720.869,1534.838,84.1,15.4,68.7,140.925,17.161,123.764,1057.7,990.9,66.8,1491.133,1361.994,129.139
BEL,1999,216177.4,215037.7,2607.8,2940.7,43108.3,41847.8,4028.7,3323.7,705.0,6346.742,4809.873,1536.869,82.9,15.9,67.0,149.842,18.751,131.09,1082.3,1013.9,68.5,1516.661,1383.765,132.896
BEL,2000,228625.4,223929.8,3015.0,2780.7,44881.600000000006,44110.0,4109.7,3407.8,701.8,6530.734,4972.572,1558.162,80.6,16.2,64.4,147.086,19.977,127.109,1102.2,1032.8,69.4,1558.141,1423.515,134.625
BEL,2001,236804.2,232101.3,2932.4,2800.6,46968.9,45382.2,4166.0,3470.2,695.8,6587.459,5047.263,1540.196,78.5,16.5,62.0,138.591,19.975,118.616,1124.5,1054.8,69.7,1578.304,1446.769,131.535
BEL,2002,244560.7,240671.0,2823.1,3236.7,49517.3,47659.9,4175.5,3486.5,689.0,6654.267,5091.848,1562.419,76.9,17.2,59.7,146.883,22.294,124.589,1146.1,1076.3,69.8,1613.293,1480.34,132.954
BEL,2003,251865.8,247285.4,2894.8,2730.2,51626.1,50455.4,4171.6,3482.9,688.8,6667.134,5115.718,1551.416,76.1,17.8,58.3,142.865,22.949,119.917,1164.6,1094.9,69.7,1647.871,1514.672,133.2
BEL,2004,264845.4,259854.8,3036.2,3102.8,53519.2,52783.3,4212.8,3521.1,691.7,6689.095,5154.657,1534.438,75.2,17.4,57.8,142.04,23.058,118.982,1189.4,1119.2,70.1,1677.288,1545.583,131.705
BEL,2005,276828.7,271323.3,2606.3,2953.6,56154.7,54162.2,4273.2,3578.7,694.6,6741.727,5208.745,1532.982,74.5,17.4,57.2,142.497,23.116,119.381,1221.1,1149.9,71.1,1714.372,1581.525,132.846
BEL,2006,290022.6,283611.8,2950.0,2837.4,58768.0,56640.6,4321.4,3622.3,699.0,6878.103,5299.569,1578.534,72.7,17.0,55.7,149.123,24.016,125.107,1238.2,1166.6,71.6,1739.511,1603.312,136.2
BEL,2007,306588.9,300838.6,3049.7,2942.0,61493.3,59773.399999999994,4393.4,3687.8,705.7,7001.575,5401.896,1599.68,71.1,17.6,53.5,145.922,25.583,120.34,1256.7,1184.7,71.9,1763.702,1624.679,139.023
BEL,2008,313984.0,309004.9,2505.6,3068.3,65377.0,62541.6,4471.6,3756.0,715.7,7076.33,5469.073,1607.257,69.4,18.1,51.3,138.806,25.668,113.137,1278.7,1206.0,72.7,1790.693,1649.928,140.766
BEL,2009,311073.7,308189.4,2499.1,2628.5,68109.4,65747.3,4465.7,3743.8,721.9,6985.087,5340.199,1644.888,67.2,19.7,47.5,143.176,28.227,114.949,1299.6,1232.2,67.4,1805.986,1678.413,127.574
BEL,2010,324827.0,319571.2,3080.0,2711.6,70249.9,69201.6,4496.8,3769.3,727.5,7096.821,5384.43,1712.392,63.8,20.2,43.6,144.216,29.292,114.925,1319.1,1257.6,61.5,1818.969,1705.01,113.959
BEL,2011,339303.2,332148.8,2750.6,3096.0,73304.7,71213.1,4552.2,3817.3,734.9,7259.376,5494.777,1764.599,61.5,20.7,40.8,145.406,31.616,113.79,1336.2,1274.5,61.7,1839.822,1726.87,112.952
BEL,2012,347256.9,339992.5,3276.4,2804.4,76529.90000000001,74931.1,4563.2,3820.2,743.0,7267.008,5488.274,1778.735,60.7,21.4,39.3,136.503,31.878,104.624,1349.0,1287.1,61.9,1860.525,1745.382,115.143
BEL,2013,353107.0,348062.3,3017.1,2995.3,78702.7,76812.3,4552.7,3802.8,749.9,7245.65,5450.186,1795.464,59.6,21.5,38.2,137.549,33.009,104.541,1361.9,1299.0,62.9,1875.84,1757.588,118.253
BEL,2014,362940.0,359774.2,2901.6,3245.9,80356.2,79781.6,4569.2,3813.0,756.1,7255.526,5455.278,1800.247,59.3,21.9,37.4,141.15,35.038,106.112,1376.1,1311.5,64.6,1886.854,1767.102,119.752
BEL,2015,372548.9,368549.0,3119.1,3339.1,80961.4,79688.9,4607.5,3841.3,766.2,7289.553,5484.316,1805.237,59.7,23.0,36.7,142.077,37.145,104.932,1387.7,1321.5,66.2,1890.437,1770.184,120.253
BEL,2016,382874.7,375786.7,2884.4,2889.6,83221.0,82134.90000000001,4665.2,3886.8,778.4,7381.226,5571.868,1809.357,59.1,23.0,36.1,148.117,38.101,110.017,1403.9,1335.8,68.1,1902.947,1782.537,120.409
BEL,2017,395972.0,388337.6,3234.8,3024.4,85759.1,83600.6,4734.8,3943.6,791.2,7501.742,5667.791,1833.95,58.4,23.0,35.4,149.45,39.151,110.299,1426.4,1356.0,70.3,1933.571,1809.836,123.734
BEL,2018,410351.2,403582.5,3053.9,2939.6,89005.4,87172.3,4804.4,4000.0,804.4,7626.984,5766.679,1860.305,58.8,24.3,34.5,151.377,42.255,109.121,1445.2,1373.2,72.0,1960.478,1833.129,127.348
BEL,2019,429083.2,421067.9,3446.2,3192.3,91944.3,90042.6,4880.3,4061.7,818.7,7747.014,5851.467,1895.546,59.2,25.6,33.6,152.917,44.421,108.496,1470.0,1397.1,72.9,1991.092,1861.699,129.393
BEL,2020,417994.9,411045.7,3305.7,3314.7,92453.2,90001.7,4875.1,4040.6,834.4,7112.7,5462.654,1650.046,59.6,26.8,32.8,154.819,46.294,108.525,1486.1,1412.1,74.0,1968.003,1853.191,114.811
BEL,2021,452406.9,441793.3,3314.1,3274.6,99292.6,97227.9,4957.3,4097.1,860.2,7688.716,5784.26,1904.457,60.3,27.9,32.4,153.845,47.083,106.762,1503.4,1427.3,76.1,2029.557,1891.741,137.816
BEL,2022,505988.0,471749.7,3768.8,3211.8,108119.9,103287.5,5052.8,4175.7,877.2,8036.304,6038.773,1997.531,59.5,28.0,31.6,152.472,48.297,104.175,1521.1,1444.3,76.7,2070.084,1932.779,137.305
BEL,2023,545134.1,515022.7,4665.8,4084.7,118001.2,110825.0,5090.9,4204.3,886.6,8101.525,6082.408,2019.118,58.2,27.9,30.3,145.043,46.855,98.189,1537.2,1461.5,75.7,2089.735,1957.059,132.676
BEL,2024,561429.5,550376.4,4910.3,4815.3,124322.0,120162.9,5103.8,4209.1,894.7,8080.728,6068.983,2011.745,56.6,27.1,29.5,145.524,46.995,98.528,1551.3,1477.2,74.1,2100.184,1973.299,126.885
BEL,2025,,,,,,,5122.5,4213.9,908.6,8127.023,6079.123,2047.9,57.1,28.0,29.1,144.828,48.782,96.045,1561.2,1487.5,73.7,2117.513,1990.307,127.206
BGR,1995,602.581,484.354,60.126,59.005,66.70400000000001,38.341,3518.569,2718.096,800.473,6019.126,4767.939,1251.187,777.678,172.134,605.544,1197.711,307.65,890.061,662.409,655.708,6.701,1171.192,1159.306,11.886
BGR,1996,1025.87,638.417,107.271,57.895,101.332,54.071,3614.976,2740.496,874.48,6175.118,4813.323,1361.795,813.832,148.116,665.716,1247.238,270.419,976.819,687.397,680.869,6.528,1223.657,1212.269,11.387
BGR,1997,8888.649,870.703,1992.621,158.569,699.186,84.996,3503.914,2595.928,907.986,5980.71,4590.348,1390.362,817.64,137.408,680.232,1223.483,249.803,973.68,667.424,658.967,8.457,1216.304,1201.913,14.391
BGR,1998,12059.057,9054.539,1814.424,1610.161,1794.466,847.048,3467.917,2525.24,942.677,5722.002,4315.73,1406.272,844.285,140.452,703.833,1205.22,232.221,972.998,615.985,607.125,8.86,1090.172,1075.475,14.697
BGR,1999,11357.44,10982.982,1659.255,1731.502,1961.114,1709.7990000000002,3318.145,2396.62,921.525,5539.651,4133.361,1406.29,797.701,118.585,679.116,1170.832,209.779,961.053,608.235,598.913,9.322,1070.546,1055.144,15.402
BGR,2000,12606.154,11805.932,1577.559,1477.138,2135.115,2002.577,3239.195,2325.35,913.845,5313.11,3934.009,1379.101,780.356,114.332,666.024,1121.01,201.539,919.471,613.952,607.856,6.096,1017.808,1006.82,10.988
BGR,2001,13953.967,13119.518,1679.898,1587.422,2104.521,2080.42,3214.74,2272.391,942.349,5310.297,3898.358,1411.939,768.317,97.932,670.385,1086.02,171.816,914.204,589.123,578.986,10.137,1017.785,999.446,18.338
BGR,2002,15498.732,15014.356,1691.49,1767.446,2387.98,2178.191,3222.119,2280.612,941.507,5320.556,3902.292,1418.263,765.016,93.311,671.705,1087.824,166.348,921.476,580.693,569.16,11.533,980.313,960.447,19.866
BGR,2003,16347.559,16142.749,1703.854,1664.234,2418.353,2379.7299999999996,3317.39,2364.985,952.405,5442.215,4004.837,1437.378,758.98,91.908,667.072,1114.161,161.753,952.408,591.389,579.746,11.643,996.417,977.492,18.925
BGR,2004,18040.853,17144.857,1780.528,1766.643,2632.629,2404.856,3403.395,2431.897,971.498,5662.198,4138.132,1524.066,753.264,88.497,664.767,1129.436,152.94,976.496,588.436,575.994,12.442,997.846,975.36,22.486
BGR,2005,20444.457,19205.457,1750.964,1629.884,3035.1670000000004,2776.539,3495.268,2522.95,972.318,5797.417,4244.755,1552.662,742.248,88.128,654.12,1112.796,146.685,966.112,599.553,587.107,12.446,1019.624,997.015,22.609
BGR,2006,23135.534,21905.083,1670.964,1736.063,3100.3619999999996,3075.265,3612.042,2631.123,980.919,5974.685,4401.588,1573.096,732.657,84.899,647.758,1097.463,142.655,954.808,610.371,596.625,13.746,1027.592,1002.48,25.112
BGR,2007,27541.064,24650.54,1510.166,1218.648,3451.282,3086.094,3726.742,2740.44,986.302,6165.971,4584.575,1581.396,723.863,81.364,642.499,1084.38,137.707,946.673,612.468,598.181,14.287,1041.46,1015.546,25.913
BGR,2008,31315.208,29235.244,2186.208,1990.317,3915.805,3485.098,3814.647,2806.505,1008.142,6460.476,4844.775,1615.702,736.578,88.333,648.245,1101.162,148.343,952.819,581.283,565.657,15.626,981.923,953.693,28.23
BGR,2009,32514.17,31046.328,1584.908,1992.219,4266.301,3951.914,3749.295,2747.616,1001.679,6172.38,4568.342,1604.038,736.742,93.601,643.141,1101.356,153.92,947.436,574.714,558.832,15.882,964.109,935.63,28.479
BGR,2010,33421.785,33109.129,1544.021,1412.74,4560.521,4387.387,3603.885,2627.526,976.359,5927.815,4364.855,1562.96,710.476,88.946,621.53,1062.482,146.571,915.911,545.974,530.262,15.712,913.95,885.973,27.978
BGR,2011,36203.891,34057.013,1933.5,1632.165,4647.3679999999995,4443.657999999999,3524.552,2587.047,937.505,5792.925,4293.163,1499.762,689.527,91.462,598.065,1030.625,150.616,880.01,536.491,521.675,14.816,898.252,871.788,26.463
BGR,2012,36759.724,36295.462,1871.938,1720.026,4933.716,4789.1,3436.393,2539.926,896.467,5650.971,4216.767,1434.204,648.723,87.714,561.009,966.622,144.483,822.139,544.396,528.822,15.574,912.696,885.028,27.668
BGR,2013,36257.371,36153.954,1898.982,1939.891,5077.932,4661.204,3421.577,2511.053,910.524,5628.429,4170.122,1458.308,656.184,87.612,568.572,978.677,144.264,834.414,547.204,530.555,16.649,917.614,888.164,29.45
BGR,2014,37315.207,36605.974,1961.344,2032.547,5672.8189999999995,5225.127,3434.165,2506.227,927.938,5645.978,4159.906,1486.073,666.476,90.83,575.646,993.181,149.606,843.575,548.236,530.108,18.128,918.942,886.687,32.254
BGR,2015,39553.737,38413.412,1860.268,1807.376,5719.985000000001,5738.149,3446.214,2530.852,915.362,5666.897,4200.309,1466.587,649.028,95.901,553.127,965.831,157.971,807.86,544.827,527.863,16.964,912.704,882.65,30.054
BGR,2016,41978.723,40573.002,1976.818,1999.191,5618.575,5476.616,3463.347,2576.081,887.266,5692.18,4271.29,1420.89,624.981,101.0,523.981,930.491,166.391,764.1,544.088,526.775,17.313,911.101,880.544,30.557
BGR,2017,45146.179,43356.071,2122.707,2144.015,6284.661000000001,5927.708,3525.352,2584.385,940.967,5793.06,4284.96,1508.1,664.906,97.285,567.621,988.592,160.191,828.401,544.125,526.821,17.304,910.628,880.182,30.445
BGR,2018,48490.769,46530.833,1906.575,2084.529,7023.56,6456.294,3521.64,2605.948,915.692,5791.589,4322.918,1468.671,624.411,99.086,525.325,925.656,163.052,762.603,548.729,530.294,18.435,917.676,885.321,32.355
BGR,2019,52787.028,50159.146,1959.48,1944.471,7668.097,7085.51,3467.677,2646.197,821.48,5712.238,4390.383,1321.855,560.048,101.104,458.944,830.766,166.129,664.637,557.985,541.709,16.276,932.163,903.579,28.585
BGR,2020,53687.958,51184.132,2125.357,1907.103,8872.279999999999,7897.897000000001,3406.125,2573.294,832.831,5480.723,4180.063,1300.66,570.218,99.758,470.46,835.149,162.852,672.297,565.197,547.195,18.002,933.512,902.246,31.266
BGR,2021,62431.324,58085.56,3088.442,2764.102,10020.612,8949.452,3408.422,2598.151,810.271,5523.904,4246.03,1277.874,532.613,100.236,432.377,783.686,163.261,620.425,579.383,561.832,17.551,963.147,933.185,29.962
BGR,2022,76531.16,65874.224,3194.675,2865.299,11608.313,10721.33,3444.404,2609.122,835.282,5576.439,4271.629,1304.81,521.839,98.634,423.205,753.642,161.921,591.721,588.728,567.479,21.249,961.641,925.607,36.034
BGR,2023,82858.375,77321.653,2384.345,2705.09,13387.12,11946.347,3481.414,2647.261,834.153,5776.808,4504.957,1271.851,517.022,100.135,416.887,727.019,163.619,563.4,612.827,589.138,23.689,1011.38,971.847,39.533
BGR,2024,91404.513,85168.283,2463.137,2557.505,15652.092,14075.658,3518.677,2671.955,846.722,5718.824,4432.933,1285.89,488.905,96.678,392.227,683.24,158.457,524.783,626.949,606.086,20.863,1040.34,1004.54,35.8
BRA,1995,610785.367,,35381.942,,,,,,,,,,,,,,,,,,,,,
BRA,1996,747297.646,,40758.644,,,,,,,,,,,,,,,,,,,,,
BRA,1997,836742.709,,44605.827,,,,,,,,,,,,,,,,,,,,,
BRA,1998,881942.883,,47612.122,,,,,,,,,,,,,,,,,,,,,
BRA,1999,941917.547,,50534.827,,,,,,,,,,,,,,,,,,,,,
BRA,2000,1031326.378,,56962.389,,201183.559,,78744.515039,,,,,,16728.520632,,,,,,10472.255766,,,,,
BRA,2001,1120421.874,1046931.332,63169.986,59924.627,226503.189,208201.011,79340.589421,,,,,,16046.600571,,,,,,10796.195092,,,,,
BRA,2002,1270214.649,1160527.495,81515.195,68236.327,258779.631,232512.783,82416.556502,,,,,,16470.078109,,,,,,11049.518494,,,,,
BRA,2003,1470717.24,1285796.418,105949.169,88286.126,290305.09699999995,266863.29400000005,83770.061785,,,,,,16721.173305,,,,,,11261.83474,,,,,
BRA,2004,1661982.108,1553911.22,110912.706,108062.985,321105.596,302085.152,87942.470471,,,,,,17920.461806,,,,,,11859.382858,,,,,
BRA,2005,1842818.401,1712074.255,100957.55,112154.996,352908.836,325801.061,90538.825983,,,,,,18041.964485,,,,,,12039.937093,,,,,
BRA,2006,2049289.99,1910748.657,105294.016,105641.397,404262.26600000006,365427.861,93049.796354,,,,,,17480.891422,,,,,,12669.107025,,,,,
BRA,2007,2319528.275,2168132.568,120151.714,108712.914,454239.179,412508.772,94551.693678,,,,,,16748.183397,,,,,,13314.926732,,,,,
BRA,2008,2626477.702,2428003.497,142051.177,127085.63,516636.19600000005,459113.389,95720.196094,,,,,,16282.264635,,,,,,13638.981019,,,,,
BRA,2009,2849762.842,2623933.841,149212.639,136754.544,578604.55,532429.218,96559.172932,,,,,,15796.871429,,,,,,13971.845948,,,,,
BRA,2010,3302840.0,3048567.617,159932.0,159205.324,636859.0,590421.686,98116.218,67180.366,30935.852,,,,15480.934,4764.652,10716.282,,,,14538.925,10492.379,32.116,,,
BRA,2011,3720461.0,3426470.0,190024.0,168950.0,710602.0,651677.0,99560.157,69061.9,30498.257,,,,14378.446,4142.077,10236.369,,,,15162.475,10677.949,23.205,,,
BRA,2012,4094259.0,3780432.0,200695.0,184167.0,790164.0,720229.0,100960.268,70990.855,29969.413,,,,13432.939,4123.176,9309.763,,,,15710.839,10930.317,16.057,,,
BRA,2013,4553760.0,4212000.0,240290.0,217476.0,906996.0,805621.0,102537.398,72510.749,30026.649,,,,13448.116,3974.241,9473.875,,,,16516.451,11565.494,24.11,,,
BRA,2014,4972734.0,4574753.0,249975.0,246996.0,1008049.0,911695.0,105472.678,73473.803,31998.875,,,,14169.748,3951.81,10217.938,,,,16667.927,11385.086,29.574,,,
BRA,2015,5155601.0,4816089.0,258967.0,258260.0,1095526.0,1011151.0,101955.076,70742.096,31212.98,,,,13137.526,3817.399,9320.127,,,,16560.283,11145.473,22.058,,,
BRA,2016,5417699.0,5004310.0,306655.0,245438.0,1170622.0,1097982.0,100362.394,69432.62,30929.774,,,,13106.687,4171.05,8935.637,,,,16675.762,11104.528,18.75,,,
BRA,2017,,,,,,,101617.954,69548.937,32069.017,,,,13077.397,4126.252,8951.145,,,,16840.625,11032.016,19.138,,,
BRA,2018,,,,,,,104340.275,71161.382,33178.893,,,,13380.021,4245.1,9134.921,,,,17552.51,11226.662,19.179,,,
BRA,2019,,,,,,,105995.759,71855.952,34139.807,,,,13187.888,4107.88,9080.008,,,,17854.376,11356.599,19.371,,,
BRA,2020,,,,,,,99254.676,67720.767,31533.909,,,,12560.399,3718.493,8841.906,,,,17943.148,11804.999,9.708,,,
BRA,2021,,,,,,,105065.178,71227.807,33837.371,,,,13143.122,4115.744,9027.378,,,,17891.219,11216.305,9.269,,,
CAN,1970,,,,,,,8520.016547,7537.074214,982.942333,,14145.848,2253.233,,,,,,,,,,,,
CAN,1971,,,,,,,8703.452103,7714.440855,989.011248,,14372.923,2267.795,,,,,,,,,,,,
CAN,1972,,,,,,,8911.687807,7955.102553,956.585254,,14794.089,2175.794,,,,,,,,,,,,
CAN,1973,,,,,,,9327.840043,8394.87944,932.960603,,15597.081,2110.83,,,,,,,,,,,,
CAN,1974,,,,,,,9671.956007,8712.936181,959.019826,,16100.403,2189.303,,,,,,,,,,,,
CAN,1975,,,,,,,9798.161508,8837.432744,960.728764,,16172.31,2174.545,,,,,,,,,,,,
CAN,1976,,,,,,,9852.579384,8924.6898,927.889583,,16229.08,2114.895,,,,,,,,,,,,
CAN,1977,,,,,,,10065.75562,9122.90254,942.853083,,16410.651,2051.709,,,,,,,,,,,,
CAN,1978,,,,,,,10352.58267,9364.855504,987.727167,,16888.938,2113.456,,,,,,,,,,,,
CAN,1979,,,,,,,10812.55995,9775.95578,1036.604167,,17718.118,2185.394,,,,,,,,,,,,
CAN,1980,,,,,,,11160.74901,10120.79134,1039.957667,,18295.231,2097.344,,,,,,,,,,,,
CAN,1981,,,,,,,11489.19488,10418.65996,1070.534917,,18682.077,2132.913,,,,,,,,,,,,
CAN,1982,,,,,,,11110.40545,10030.73078,1079.674667,,17740.77,2136.48,,,,,,,,,,,,
CAN,1983,,,,,,,11202.17996,10076.50238,1125.677583,,17749.56,2181.383,,,,,,,,,,,,
CAN,1984,,,,,,,11484.27879,10314.23954,1170.03925,,18292.18,2257.857,,,,,,,,,,,,
CAN,1985,,,,,,,11885.6674,10651.72507,1233.942333,,18943.849,2388.279,,,,,,,,,,,,
CAN,1986,,,,,,,12228.63834,11003.95876,1224.679583,,19615.492,2361.84,,,,,,,,,,,,
CAN,1987,,,,,,,12599.20343,11349.7056,1249.497833,,20360.771,2406.448,,,,,,,,,,,,
CAN,1988,,,,,,,13021.75867,11742.47625,1279.282417,,21068.924,2476.679,,,,,,,,,,,,
CAN,1989,,,,,,,13334.26132,12027.44049,1306.820833,,21507.669,2525.805,,,,,,,,,,,,
CAN,1990,,,,,,,13410.49204,12090.54154,1319.9505,,21540.68,2559.371,,,,,,,,,,,,
CAN,1991,,,,,,,13179.62762,11835.73329,1343.894333,,20828.394,2563.245,,,,,,,,,,,,
CAN,1992,,,,,,,13050.58652,11678.7716,1371.814917,,20552.628,2576.443,,,,,,,,,,,,
CAN,1993,,,,,,,13156.75541,11697.20133,1459.554083,,20581.411,2692.199,,,,,,,,,,,,
CAN,1994,,,,,,,13413.35755,11916.88363,1496.473917,,21068.39,2777.199,,,,,,,,,,,,
CAN,1995,,,,,,,13626.07563,12136.0228,1490.052833,,21457.537,2735.071,,,,,,,,,,,,
CAN,1996,,,,,,,13766.67369,12180.56036,1586.113333,,21716.376,2922.133,,,,,,,,,,,,
CAN,1997,,,,,,,14036.08,12384.365,1651.715,25286.718,22230.413,3056.305,558.58,223.4,335.18,1178.727,469.929,708.798,3161.29,2986.815,174.475,5259.472,4956.552,302.92
CAN,1998,,,,,,,14352.05,12630.865,1721.185,25785.716,22588.449,3197.267,546.665,219.07,327.595,1160.805,461.541,699.263,3214.52,3027.86,186.66,5313.193,4987.314,325.879
CAN,1999,,,,,,,14729.22,13017.845,1711.375,26438.821,23279.461,3159.36,531.61,220.085,311.525,1112.29,466.815,645.475,3303.07,3124.46,178.61,5475.946,5139.401,336.545
CAN,2000,,,,,,,15065.465,13445.885,1619.58,26945.885,23926.271,3019.614,489.165,217.38,271.785,1028.641,459.236,569.405,3410.44,3231.575,178.865,5607.322,5272.52,334.801
CAN,2001,,,,,,,15204.855,13676.245,1528.61,26994.422,24141.583,2852.84,448.35,218.115,230.235,945.968,458.394,487.574,3486.25,3311.93,174.32,5690.872,5365.187,325.685
CAN,2002,,,,,,,15579.245,14015.505,1563.74,27367.907,24559.282,2808.625,458.515,224.71,233.805,941.315,465.841,475.475,3600.355,3418.605,181.75,5816.656,5487.62,329.036
CAN,2003,,,,,,,15917.695,14326.515,1591.18,27801.744,24950.143,2851.601,453.265,223.065,230.2,937.872,468.676,469.196,3708.345,3519.065,189.28,5965.438,5621.865,343.572
CAN,2004,,,,,,,16179.225,14620.74,1558.485,28423.287,25572.035,2851.252,444.395,219.43,224.965,935.248,466.398,468.85,3734.655,3544.825,189.83,6005.705,5659.968,345.737
CAN,2005,,,,,,,16426.295,14837.86,1588.435,28698.818,25867.694,2831.124,446.51,213.765,232.745,935.006,452.05,482.957,3782.715,3592.84,189.875,6048.025,5718.042,329.983
CAN,2006,,,,,,,16672.89,15103.8,1569.09,29088.551,26300.926,2787.625,428.995,205.445,223.55,888.736,438.034,450.702,3872.525,3687.175,185.35,6214.362,5885.605,328.757
CAN,2007,1473053.0,,25041.0,,264348.0,,17006.56,15408.8,1597.76,29676.57,26825.025,2851.545,419.775,200.615,219.16,868.136,420.817,447.32,3997.61,3801.095,196.515,6449.488,6097.084,352.404
CAN,2008,1555048.0,1489076.595,29301.0,26168.642,283198.0,275354.507,17249.955,15646.98,1602.975,30041.189,27229.785,2811.403,406.255,198.445,207.81,838.782,417.15,421.632,4088.885,3892.785,196.1,6627.01,6285.07,341.94
CAN,2009,1469122.0,1506840.635,24354.0,28132.139,301555.0,293571.387,16999.685,15379.26,1620.425,29066.585,26305.215,2761.37,393.57,190.13,203.44,801.683,393.455,408.227,4183.1,3988.08,195.02,6742.641,6411.905,330.736
CAN,2010,1559055.0,1517684.185,24878.0,24419.707,312036.0,311551.806,17372.215,15757.325,1614.89,29788.36,27063.669,2724.691,383.125,193.465,189.66,773.352,402.006,371.346,4210.705,4008.765,201.94,6775.068,6443.989,331.079
CAN,2011,1662363.0,1611068.774,31324.0,25894.698,327954.0,317353.555,17651.855,16047.56,1604.295,30200.485,27531.98,2668.505,391.11,203.24,187.87,786.248,413.749,372.5,4277.015,4077.01,200.005,6837.04,6517.337,319.704
CAN,2012,1710425.0,1694502.459,33097.0,31731.733,338299.0,330963.33400000003,17873.36,16287.865,1585.495,30758.606,28103.914,2654.692,385.47,206.1,179.37,784.23,430.866,353.364,4292.86,4090.385,202.475,6887.203,6561.553,325.65
CAN,2013,1781916.0,1753899.869,36033.0,38753.766,351820.0,339083.05100000004,18116.63,16509.98,1606.65,31046.226,28371.107,2675.12,405.36,209.27,196.09,822.293,434.06,388.233,4349.53,4143.725,205.805,6925.879,6591.63,334.249
CAN,2014,1867754.0,1833304.375,31650.0,33631.724,362235.0,354473.543,18166.715,16594.85,1571.865,31054.824,28486.546,2568.278,381.62,203.625,177.995,769.307,424.187,345.12,4380.585,4173.17,207.415,6944.277,6620.888,323.389
CAN,2015,1856816.0,1883137.401,37218.0,33028.128,374304.0,366195.949,18329.815,16757.805,1572.01,31350.842,28763.995,2586.847,379.86,206.495,173.365,767.284,436.331,330.953,4465.885,4250.74,215.145,7100.511,6762.166,338.344
CAN,2016,1886105.0,1876605.238,37720.0,38749.399,386309.0,380493.433,18481.83,16904.86,1576.97,31503.244,28958.707,2544.538,388.76,218.265,170.495,775.093,452.171,322.922,4546.525,4329.675,216.85,7235.65,6897.127,338.524
CAN,2017,1991536.0,1944741.082,40458.0,38586.962,400428.0,392299.13,18897.075,17317.04,1580.035,32007.088,29507.244,2499.844,387.915,222.595,165.32,767.795,458.0,309.795,4614.185,4388.26,225.925,7305.873,6954.669,351.205
CAN,2018,2083380.0,2048807.0,38004.0,40302.0,418470.0,413820.0,19249.0,17640.08,1608.92,32795.288,30269.204,2526.084,381.39,221.395,159.995,745.125,456.699,288.426,4726.19,4502.06,224.13,7557.211,7217.63,339.581
CAN,2019,2161925.0,2125259.984,39263.0,38880.029,437276.0,426498.163,19678.055,18051.265,1626.79,33315.702,30783.596,2532.106,388.41,233.535,154.875,768.194,483.681,284.513,4840.07,4613.305,226.765,7673.804,7335.772,338.033
CAN,2020,2083991.0,2056630.574,40853.0,39395.365,446946.0,427553.556,17716.895,16355.995,1360.9,29370.976,27499.731,1871.245,360.68,222.38,138.3,719.852,454.505,265.347,4716.85,4515.255,201.595,7319.881,7060.99,258.891
CAN,2021,2366372.0,2208290.383,40522.0,34703.967,480460.0,472398.111,19179.56,17692.745,1486.815,32426.505,30280.038,2146.467,376.11,245.615,130.495,739.794,497.996,241.798,5006.23,4774.6,231.63,7997.352,7674.008,323.343
CAN,2022,2674953.0,2478195.785,55357.0,50642.123,512999.0,494524.691,20095.405,18601.45,1493.955,34023.093,31798.976,2224.117,370.09,244.45,125.64,724.185,497.097,227.088,5220.895,4990.235,230.66,8272.835,7949.127,323.709
CAN,2023,,2728344.303,,53310.148,,525587.449,20772.775,19299.7,1473.075,35183.99,33013.465,2170.525,383.935,263.78,120.155,739.468,542.587,196.881,5376.595,5143.09,233.505,8594.143,8256.866,337.277
CAN,2024,,,,,,,21151.88,19673.91,1477.97,35903.402,33730.594,2172.808,371.69,259.645,112.045,709.515,532.351,177.165,5651.315,5406.98,244.335,9038.769,8679.212,359.557
CHE,1991,,,,,,,4037.462381,,,6919.295,,,,,,,,,,,,,,
CHE,1992,,,,,,,3978.437671,,,6855.597,,,,,,,,,,,,,,
CHE,1993,,,,,,,3945.842943,,,6784.831,,,,,,,,,,,,,,
CHE,1994,,,,,,,3918.42792,,,6823.195,,,,,,,,,,,,,,
CHE,1995,411098.385,,5851.362,,67107.572,,3915.584152,3412.2926,503.291552,6735.84,5670.379,1065.461,161.640176,35.608791,126.031385,360.918,66.265,294.653,718.669768,671.995651,46.674117,1118.155,1037.556,80.599
CHE,1996,414685.873,412953.763,5163.74,5838.784,68063.992,67493.099,3904.657792,3384.156028,520.501764,6625.708,5568.485,1057.224,171.548457,35.806179,135.742278,383.185,68.229,314.956,730.90194,678.58865,52.31329,1126.969,1050.023,76.946
CHE,1997,420644.921,422260.873,5393.854,5207.099,68062.457,68390.168,3898.966131,3355.976448,542.989684,6579.331,5507.532,1071.799,171.450945,33.696491,137.754454,365.835,64.949,300.886,750.851042,691.835879,59.015163,1130.943,1048.035,82.908
CHE,1998,430677.153,432598.481,5203.106,5458.415,69443.314,69444.71900000001,3950.720893,3396.785418,553.935475,6698.582,5596.736,1101.847,172.886788,34.569223,138.317564,378.616,71.372,307.244,766.091215,701.922285,64.168931,1158.657,1070.909,87.747
CHE,1999,435526.136,435594.492,4937.32,5345.355,70511.884,70370.996,3982.884072,3430.683847,552.200225,6840.202,5752.648,1087.553,176.066838,37.935963,138.130875,383.239,71.294,311.945,775.213468,707.444648,67.76882,1207.735,1116.486,91.25
CHE,2000,456046.574,450126.962,5031.718,5050.534,73487.35399999999,71845.17,4021.787927,3493.412055,528.375872,6888.293,5810.956,1077.337,167.255597,39.434545,127.821052,361.864,73.336,288.527,792.477219,722.185608,70.29161,1220.232,1122.364,97.868
CHE,2001,469830.312,464313.489,4499.217,4638.731,77500.07800000001,75720.246,4088.693574,3560.841465,527.852109,6839.768,5820.111,1019.656,157.15748,34.439392,122.718088,346.684,67.215,279.469,805.475287,731.82387,73.651416,1224.318,1124.624,99.694
CHE,2002,471128.697,472280.473,4545.794,4621.268,80340.74100000001,79451.736,4117.908988,3610.875728,507.03326,6799.733,5836.841,962.892,158.070728,37.123204,120.947524,337.523,65.101,272.421,826.88356,755.439792,71.443768,1263.307,1163.177,100.13
CHE,2003,475524.741,469698.621,4110.599,3867.537,82332.27799999999,81403.66500000001,4103.217459,3621.734641,481.482818,6829.976,5905.339,924.637,155.593183,39.868574,115.724609,325.844,67.489,258.356,853.694989,785.806666,67.888323,1310.97,1213.709,97.262
CHE,2004,489458.206,487160.913,4743.882,4842.374,83962.354,83670.152,4114.564353,3648.510508,466.053845,6973.987,6045.49,928.496,147.939707,38.523258,109.416448,327.793,68.994,258.799,864.992739,797.865906,67.126833,1361.92,1264.003,97.917
CHE,2005,509162.048,503826.573,4306.345,4571.241,85484.155,84662.50200000001,4144.663609,3689.759926,454.903684,7004.352,6088.554,915.798,147.533859,43.087186,104.446673,321.795,68.314,253.48,883.395819,818.764594,64.631224,1373.287,1281.971,91.316
CHE,2006,541222.234,529572.588,4210.722,4120.025,87090.865,85949.955,4234.932106,3763.674277,471.257829,7111.458,6171.875,939.584,148.377998,39.15759,109.220408,339.915,71.662,268.253,900.073558,835.823197,64.250361,1400.689,1308.122,92.567
CHE,2007,576527.328,562249.517,4616.244,4499.737,90450.584,89053.066,4344.274416,3851.840676,492.433741,7250.022,6311.179,938.843,154.033609,37.668505,116.365104,344.889,78.323,266.566,913.885815,844.546842,69.338973,1413.19,1322.904,90.287
CHE,2008,599668.227,591307.024,4866.943,4616.211,95593.411,92604.997,4448.263022,3956.785627,491.477395,7381.705,6482.952,898.753,155.859418,38.540994,117.318423,316.011,78.861,237.15,931.189378,863.429616,67.759762,1464.024,1363.941,100.084
CHE,2009,592004.19,588136.081,4424.631,5122.047,100094.52,97279.223,4469.114985,3998.422599,470.692386,7377.512,6516.404,861.108,148.969913,42.300704,106.669209,311.879,83.005,228.874,953.580406,883.903581,69.676825,1491.347,1398.247,93.1
CHE,2010,613588.702,610809.813,4204.559,4279.842,102285.507,100746.254,4481.711281,4000.40398,481.307301,7221.331,6351.297,870.034,155.517485,55.246627,100.270858,333.857,100.881,232.976,973.556785,905.694559,67.862227,1404.119,1312.968,91.151
CHE,2011,623394.474,623144.855,4365.812,4630.799,105328.326,103582.69,4597.581183,4116.026083,481.5551,7394.332,6542.803,851.53,160.529615,61.840395,98.689221,332.798,112.117,220.681,1016.048881,945.892775,70.156106,1455.117,1358.651,96.466
CHE,2012,633240.08,631158.332,4146.954,4212.434,109499.383,107156.547,4679.467023,4197.835691,481.631332,7452.555,6616.21,836.344,162.13681,61.169574,100.967236,332.907,105.85,227.057,1056.450604,981.912387,74.538217,1490.392,1392.596,97.797
CHE,2013,644826.538,645144.826,4400.283,3881.039,112960.375,112399.393,4736.049807,4244.587909,491.461898,7448.384,6611.97,836.414,164.308844,61.726671,102.582174,334.228,107.64,226.588,1090.220852,1016.055512,74.16534,1528.404,1431.305,97.099
CHE,2014,657498.23,661294.725,4781.679,4879.03,116088.811,116111.029,4825.249884,4334.263687,490.986197,7549.158,6742.188,806.97,169.930674,65.386923,104.54375,337.05,112.177,224.873,1117.036667,1040.357229,76.679438,1563.461,1467.96,95.502
CHE,2015,658546.512,667135.821,4191.83,4287.817,118141.207,117828.295,4899.154814,4429.845155,469.309658,7724.346,6953.437,770.91,165.898362,65.601486,100.296875,329.378,111.439,217.939,1153.054178,1079.656517,73.397661,1619.096,1531.357,87.739
CHE,2016,667994.514,670963.397,4505.074,4279.836,121334.387,120974.012,4967.268179,4497.976074,469.292104,7833.706,7064.354,769.353,164.483269,66.721766,97.761503,326.922,113.577,213.344,1189.407722,1118.041331,71.366392,1674.913,1583.986,90.927
CHE,2017,674735.138,677435.876,4421.488,4434.794,123574.121,124341.586,5012.550006,4543.204518,469.345489,7815.687,7069.334,746.353,155.261177,59.860629,95.400547,313.742,104.249,209.493,1214.303741,1136.095817,78.207924,1691.043,1596.091,94.952
CHE,2018,703877.22,698483.266,4574.025,4696.395,125803.728,125819.218,5064.547984,4594.288698,470.259286,7857.372,7096.45,760.922,152.437181,56.288297,96.148884,303.635,99.72,203.916,1237.265786,1159.151126,78.11466,1704.248,1605.903,98.346
CHE,2019,711779.845,712142.314,4705.042,4450.288,129055.56100000002,128047.88,5101.729559,4651.181183,450.548375,7903.188,7173.169,730.019,132.736027,43.038437,89.69759,270.92,77.605,193.315,1259.719415,1181.143749,78.575665,1730.3,1635.896,94.404
CHE,2020,690804.281,696529.427,4944.525,4653.038,130024.288,129482.062,5076.207495,4636.395918,439.811578,7608.207,6907.858,700.348,132.359462,42.095365,90.264097,276.419,77.817,198.603,1283.733698,1205.368441,78.365257,1772.838,1679.774,93.064
CHE,2021,747160.085,733635.313,4717.152,4638.45,135436.699,134152.565,5108.492842,4660.304904,448.187938,7828.655,7107.728,720.927,121.238542,44.180043,77.058499,256.17,81.389,174.781,1319.123495,1242.098207,77.025288,1834.726,1741.414,93.312
CHE,2022,798087.686,773531.282,4901.647,5243.946,140924.494,139443.428,5185.382,4727.158752,458.223249,7965.499,7235.967,729.531,114.991141,44.784202,70.206939,244.766,82.66,162.106,1326.082432,1247.224395,78.858037,1835.391,1740.605,94.786
CHE,2023,813555.865,805401.694,5083.491,4926.36,146252.35199999998,143365.612,5303.813934,4835.128249,468.685684,8106.017,7358.256,747.761,122.475772,49.001658,73.474115,253.811,87.745,166.066,1350.820171,1267.748105,83.072066,1874.52,1767.553,106.967
CHE,2024,832426.773,825506.454,5204.798,4975.002,152549.134,150699.59,5342.139793,4873.664191,468.475602,8117.327,7400.999,716.328,125.161939,52.774536,72.387402,251.743,93.336,158.407,1380.760485,1296.372961,84.387524,1906.51,1795.035,111.474
CHE,2025,,,,,,,5365.125471,4910.437812,454.687659,8080.899,,,116.879961,51.654134,65.225826,261.446,,,1410.045735,1324.901968,85.143766,1901.214,,
CHL,2013,,,,,,,8039.630944,6208.81079,1830.820153,,,,683.150285,477.973464,205.176822,,,,1451.03668,1389.988781,61.047898,,,
CHL,2014,,,,,,,8153.126289,6243.401478,1909.724811,,,,674.963558,472.714513,202.249045,,,,1543.610378,1457.95204,85.658338,,,
CHL,2015,,,,,,,8293.054376,6347.840682,1945.213694,,,,681.655342,482.369803,199.285539,,,,1622.400125,1516.502973,105.897152,,,
CHL,2016,,,,,,,8389.93036,6364.179352,2025.751008,,,,695.211625,496.693718,198.517908,,,,1601.57924,1498.358241,103.221,,,
CHL,2017,,,,,,,8592.194129,6436.38323,2155.810899,,,,696.036526,487.477683,208.558843,,,,1688.096521,1572.332616,115.763905,,,
CHL,2018,170093998.1,,7439933.036,,29003112.902000003,,8783.603283,6620.912937,2162.690346,,,,697.12292,489.867414,207.255506,,,,1746.644323,1635.948195,110.696127,,,
CHL,2019,175974309.6,171330525.7,7797437.827,7386382.537,31201651.284,29088217.062,8975.909919,6743.749611,2232.160308,,,,687.367127,495.356213,192.010915,,,,1850.683132,1719.591757,131.091375,,,
CHL,2020,181622713.0,165090733.442,8141734.846,7586939.755,32254239.151999995,28572677.33,7891.18626,6136.823524,1754.362736,,,,553.53914,408.817635,144.721505,,,,1757.073582,1667.152447,89.921135,,,
CHL,2021,214091859.9,200165997.148,8393674.69,8448855.304,36799310.39,38517910.489,8286.511459,6291.913193,1994.598266,,,,528.09111,388.717454,139.373655,,,,1772.8812,1671.644183,101.237018,,,
CHL,2022,235700177.0,219101491.251,8509323.315,8379793.739,39943621.92,39418335.28,8828.856745,6723.616812,2105.239933,,,,543.414255,398.255546,145.15871,,,,1840.265842,1731.479688,108.786153,,,
CHL,2023,253479164.1,239269540.855,9565422.3,8535160.37,45035180.44,40778091.914,9044.214571,6887.108484,2157.106087,,,,544.273717,388.001011,156.272706,,,,1980.000173,1858.678675,121.321498,,,
CHL,2024,279796204.0,261489451.297,11884440.39,10346237.65,48629123.97,46497136.243,9265.352482,7107.047825,2158.304657,,,,553.481951,403.15948,150.322471,,,,2064.659027,1943.782258,120.876769,,,
CHL,2025,,,,,,,9361.493961,7197.083067,2164.410894,,,,544.258595,396.023539,148.235056,,,,2065.406892,1928.297758,137.109133,,,
COL,2005,307697000.0,,25439000.0,,43348000.0,,,,,,,,,,,,,,,,,,,
COL,2006,345775000.0,,27425000.0,,47526000.0,,,,,,,,,,,,,,,,,,,
COL,2007,387663000.0,,29715000.0,,52624000.0,,,,,,,,,,,,,,,,,,,
COL,2008,432854000.0,,31869000.0,,57489000.0,,,,,,,,,,,,,,,,,,,
COL,2009,458523000.0,,33554000.0,,63821000.0,,,,,,,,,,,,,,,,,,,
COL,2010,495613000.0,,34411000.0,,69620000.0,,,,,,,,,,,,,,,,,,,
COL,2011,562283000.0,,37709000.0,,75682000.0,,,,,,,,,,,,,,,,,,,
COL,2012,606358000.0,,37209000.0,,84164000.0,,,,,,,,,,,,,,,,,,,
COL,2013,653334000.0,,38509000.0,,93615000.0,,,,,,,,,,,,,,,,,,,
COL,2014,694752000.0,,41555000.0,,102459000.0,,,,,,,,,,,,,,,,,,,
COL,2015,730543000.0,,48124000.0,,112077000.0,,20859.984,10128.092,10731.892,49977.0,24656.0,25321.0,3364.694,1069.609,2295.085,9050.0,2704.0,6346.0,2346.468,1769.274,577.194,4662.0,3566.0,1096.0
COL,2016,787719000.0,,57065000.0,,123511000.0,,20930.863,10173.472,10757.391,50071.0,24734.0,25337.0,3365.884,1053.311,2312.573,9037.0,2669.0,6368.0,2433.203,1816.049,617.155,4753.0,3600.0,1153.0
COL,2017,835906000.0,,58815000.0,,135235000.0,,21127.95,10220.618,10907.332,50209.0,24785.0,25423.0,3546.804,1099.697,2447.107,9270.0,2806.0,6464.0,2414.085,1790.294,623.791,4718.0,3536.0,1182.0
COL,2018,896656000.0,,61497000.0,,147217000.0,,21271.706,10223.671,11048.035,50753.0,25037.0,25716.0,3571.798,1106.509,2465.289,9200.0,2810.0,6390.0,2465.473,1813.354,652.119,4866.0,3609.0,1257.0
COL,2019,959792000.0,,67958000.0,,159762000.0,,21309.813,10657.386,10652.427,50773.0,26061.0,24712.0,3398.711,1200.567,2198.145,8800.0,3068.0,5732.0,2504.45,1846.01,658.44,4945.0,3683.0,1262.0
COL,2020,909303000.0,,74970000.0,,163472000.0,,19049.126,9294.763,9754.363,39421.0,21479.0,17942.0,3173.181,1123.677,2049.504,6732.0,2850.0,3882.0,2206.549,1682.764,523.785,4571.0,3552.0,1019.0
COL,2021,1079574000.0,,92690000.0,,181115000.0,,20391.742,10423.122,9968.62,46647.0,23840.0,22807.0,3129.377,1154.797,1974.58,6667.0,1008.0,5659.0,2507.641,2028.631,479.01,5448.0,4543.0,905.0
COL,2022,1321960000.0,,129919000.0,,197334000.0,,22032.18,11647.486,10384.694,50280.0,26486.0,23794.0,3224.136,1145.423,2078.713,6880.0,1103.0,5777.0,2665.403,1991.395,674.008,5321.0,4085.0,1236.0
COL,2023,1432558000.0,,139608000.0,,228101000.0,,22788.394,12164.667,10623.727,51330.0,27165.0,24165.0,3280.426,1136.987,2143.439,7025.0,1058.0,5967.0,2738.217,2029.851,708.366,5287.0,4004.0,1283.0
COL,2024,1550974000.0,,162691000.0,,259188000.0,,23036.043,12491.57,10544.473,51123.0,27309.0,23814.0,3283.432,1160.596,2122.836,6909.0,977.0,5932.0,2770.97,2012.423,758.547,5290.0,3923.0,1367.0
COL,2025,,,,,,,23827.434,12963.479,10863.955,,,,3386.103,1240.939,2145.164,,,,2883.499,2077.228,806.27,,,
CRI,1987,,,,,,,927.084,688.944,238.14,2198.807,1648.032,550.774,229.656,142.605,87.051,522.356,326.553,195.803,127.49,125.094,2.396,290.18,285.712,4.468
CRI,1988,,,,,,,964.754,715.253,249.501,2268.682,1704.263,564.419,242.701,150.797,91.904,550.993,348.794,202.199,142.821,140.738,2.083,324.299,321.5,2.799
CRI,1989,,,,,,,1009.71,744.824,264.886,2335.563,1751.54,584.023,235.805,145.911,89.894,536.06,334.59,201.471,142.881,141.523,1.358,319.442,317.236,2.206
CRI,1990,,,,,,,1032.072,759.211,272.861,2439.343,1820.479,618.863,234.602,144.787,89.815,542.879,342.091,200.789,153.923,151.316,2.607,349.217,346.837,2.381
CRI,1991,811544.131,,105236.335,,103910.434,,1030.711,749.487,281.224,2348.226,1756.822,591.404,230.062,144.19,85.872,501.893,319.755,182.138,145.016,142.535,2.481,318.401,316.401,2.0
CRI,1992,1050066.609,,137079.945,,126712.078,,1073.051,799.145,273.906,2537.282,1930.007,607.275,228.178,140.769,87.409,526.013,333.077,192.936,151.904,149.346,2.558,340.986,337.246,3.74
CRI,1993,1252733.321,,161149.271,,159065.054,,1134.435,843.158,291.277,2668.666,2030.412,638.254,220.304,141.87,78.434,511.589,335.3,176.289,158.771,155.026,3.745,350.712,347.624,3.088
CRI,1994,1511708.496,,202925.233,,206790.146,,1186.513,880.947,305.566,2819.281,2128.392,690.89,214.903,140.174,74.729,505.711,333.202,172.509,161.307,157.088,4.219,362.496,355.471,7.025
CRI,1995,1904817.934,,265351.558,,262593.181,,1224.317,907.514,316.803,2878.018,2180.569,697.449,221.489,145.431,76.058,515.925,346.681,169.245,172.311,167.77,4.541,385.147,379.205,5.942
CRI,1996,2208915.296,,293573.348,,317536.987,,1214.303,894.079,320.224,2905.307,2170.429,734.878,215.876,137.193,78.683,507.431,326.319,181.112,176.287,172.048,4.239,403.181,396.215,6.965
CRI,1997,2677100.038,,366860.269,,373518.836,,1311.014,946.76,364.254,3108.693,2293.404,815.289,216.657,137.403,79.254,511.717,334.317,177.4,194.097,188.969,5.128,437.468,429.978,7.489
CRI,1998,3221767.112,,444118.777,,461634.389,,1394.695,1023.641,371.054,3294.665,2469.447,825.218,219.976,141.532,78.444,504.341,336.022,168.319,210.398,203.742,6.656,467.179,457.097,10.081
CRI,1999,3708075.465,,452423.382,,571649.1070000001,,1412.329,1035.799,376.53,3355.939,2513.096,842.843,211.516,138.806,72.71,489.695,330.223,159.472,199.876,193.617,6.259,456.057,444.399,11.658
CRI,2000,4191052.552,,427947.722,,678781.199,,1446.217,1055.402,390.815,3424.041,2557.261,866.78,233.523,147.312,86.211,535.757,351.13,184.626,205.359,197.461,7.898,463.571,449.574,13.997
CRI,2001,4743750.182,,440267.913,,795050.707,,1526.546,1079.834,446.712,3564.551,2617.018,947.533,208.042,132.876,75.166,470.436,312.253,158.183,221.55,211.166,10.384,511.271,488.813,22.458
CRI,2002,5395717.447,,502748.279,,941669.406,,1549.701,1091.227,458.474,3661.473,2660.35,1001.123,215.12,130.626,84.494,485.869,313.527,172.342,220.586,210.648,9.938,490.606,473.213,17.393
CRI,2003,6251567.948,,608688.879,,1080655.1090000002,,1598.578,1138.18,460.398,3766.465,2768.305,998.16,207.453,137.038,70.415,477.471,329.133,148.338,226.594,216.657,9.937,499.86,487.563,12.297
CRI,2004,7401978.47,,721483.513,,1236454.241,,1615.32,1135.303,480.017,3837.035,2798.713,1038.322,206.852,128.934,77.918,479.378,318.15,161.228,229.643,219.247,10.396,514.085,500.42,13.665
CRI,2005,8684770.782,,825753.549,,1414121.502,,1722.026,1258.948,463.078,4060.273,3077.109,983.164,218.662,148.185,70.477,508.224,358.847,149.377,252.77,242.291,10.479,579.176,562.171,17.005
CRI,2006,10490019.078,,978982.923,,1660058.631,,1772.217,1280.006,492.211,4192.38,3135.434,1056.946,212.554,137.642,74.912,496.577,336.499,160.078,259.782,248.095,11.687,586.713,569.722,16.991
CRI,2007,12470286.319,,1099361.739,,1937605.151,,1870.739,1389.062,481.677,4475.883,3423.441,1052.442,216.998,146.544,70.454,515.071,364.285,150.786,265.319,257.172,8.147,601.636,589.432,12.204
CRI,2008,14580940.747,,1130893.757,,2368843.207,,1895.33,1402.084,493.246,4544.78,3463.901,1080.879,209.317,142.159,67.158,501.266,356.799,144.468,271.279,262.486,8.793,607.089,594.618,12.47
CRI,2009,16151214.734,,1242578.147,,2968699.329,,1860.854,1375.352,485.502,4380.903,3331.377,1049.526,189.502,126.244,63.258,447.751,309.712,138.039,296.321,286.272,10.049,672.262,657.847,14.416
CRI,2010,18161593.754,,1284197.894,,3533865.3729999997,,1837.449,1438.66,398.789,4132.91,3284.651,848.259,194.872,150.727,44.145,452.187,358.391,93.796,296.758,281.099,15.659,600.266,572.032,28.235
CRI,2011,19757809.843,,1210889.723,,3912257.808,,1798.007,1424.746,373.261,4117.233,3294.978,822.256,189.401,139.451,49.951,448.872,338.159,110.713,294.69,279.321,15.369,605.988,582.223,23.765
CRI,2012,21762808.587,,1218722.136,,4287090.579,,1952.784,1536.537,416.247,4379.311,3496.605,882.706,196.066,146.737,49.329,455.414,350.767,104.647,311.188,296.879,14.309,647.549,624.726,22.824
CRI,2013,23349213.836,,1217982.478,,4755774.748,,1977.879,1509.362,468.518,4265.411,3320.362,945.048,192.046,141.655,50.39,431.523,331.736,99.787,325.464,300.744,24.72,636.736,599.639,37.097
CRI,2014,25733979.096,,1368672.354,,5199572.34,,2016.823,1560.678,456.145,4306.992,3415.157,891.835,218.586,160.959,57.628,474.595,363.988,110.607,301.363,283.543,17.82,592.303,562.522,29.78
CRI,2015,27762675.444,,1432897.745,,5641582.584,,2005.279,1557.109,448.17,4325.207,3446.471,878.736,239.198,171.779,67.419,519.937,391.787,128.15,293.103,276.776,16.327,574.124,550.097,24.027
CRI,2016,29498060.197,,1575360.055,,5972779.539,,1951.623,1527.933,423.69,4317.738,3426.091,891.647,231.343,166.593,64.75,517.107,384.252,132.854,279.597,263.586,16.011,557.397,532.751,24.647
CRI,2017,31718871.592,,1614074.616,,6252067.419,,2010.593,1552.549,458.044,4393.714,3481.251,912.463,241.415,164.825,76.589,533.748,382.808,150.939,306.499,291.142,15.358,592.053,569.905,22.148
CRI,2018,33390175.698,,1614838.163,,6543767.289000001,,2080.256,1585.059,495.197,4426.76,3498.342,928.418,249.802,181.594,68.208,551.233,418.558,132.675,281.406,264.472,16.933,545.745,520.102,25.643
CRI,2019,35047969.186,,1589726.29,,6987482.711999999,,2132.137,1595.623,536.515,4411.915,3439.179,972.735,248.851,179.353,69.498,533.615,406.745,126.87,322.389,301.996,20.393,635.616,605.036,30.58
CRI,2020,33920318.147,,1585435.809,,7007113.91,,1899.543,1410.5,489.043,3665.125,2888.621,776.504,237.859,169.173,68.686,495.241,373.082,122.159,312.447,295.243,17.205,605.905,583.374,22.531
CRI,2021,37121434.154,,1760948.122,,7312831.019,,2007.123,1480.099,527.025,4175.946,3237.079,938.867,229.707,165.304,64.403,491.647,370.907,120.74,295.811,283.61,12.201,598.121,579.052,19.069
CRI,2022,41256416.789,,1855168.255,,7602317.175000001,,2123.218,1583.476,539.742,4577.08,3547.295,1029.785,211.763,156.719,55.044,464.292,357.064,107.228,299.091,281.902,17.189,625.976,603.269,22.707
CRI,2023,43413500.395,,1788476.614,,7829442.821999999,,2071.865,1583.265,488.599,4502.29,3553.366,948.924,215.457,154.835,60.622,487.415,363.274,124.141,307.094,295.621,11.472,637.316,619.838,17.479
CZE,1993,,,,,,,5015.522639,4546.350033,476.366965,,,,285.507472,258.385021,28.458279,,,,894.377428,876.088189,18.873771,,,
CZE,1994,,,,,,,5071.412219,4537.294111,537.871372,,,,283.622891,252.219488,32.187061,,,,893.664695,872.577964,21.368907,,,
CZE,1995,1461630.0,1316779.0,64388.0,52858.0,215440.0,188236.0,5105.543,4503.75,601.793,9350.721,7889.854,1460.867,269.996,233.978,36.018,531.439,432.191,99.248,901.836,877.904,23.932,1596.856,1539.977,56.879
CZE,1996,1671370.0,1517327.0,71212.0,62605.0,247846.0,217720.0,5131.991,4519.916,612.075,9388.222,7888.842,1499.38,268.293,232.281,36.012,527.495,427.704,99.791,900.587,876.148,24.439,1592.198,1534.521,57.677
CZE,1997,1807139.0,1649493.0,68724.0,65355.0,261800.0,239274.0,5095.985,4479.333,616.652,9364.577,7848.254,1516.323,251.124,215.09,36.034,496.939,399.528,97.411,888.066,863.535,24.531,1568.128,1512.603,55.525
CZE,1998,1979764.0,1800445.0,75596.0,71077.0,280885.0,258973.0,5007.586,4336.192,671.394,9318.89,7659.329,1659.561,252.419,213.434,38.985,498.596,397.112,101.484,865.387,839.548,25.839,1511.116,1456.264,54.852
CZE,1999,2060367.0,2007922.0,72476.0,76349.0,293640.0,270868.0,4899.702,4204.46,695.242,9263.628,7529.498,1734.13,231.218,191.378,39.84,462.796,356.771,106.025,861.12,833.456,27.664,1529.519,1468.394,61.125
CZE,2000,2187207.0,2148597.0,77516.0,73728.0,305285.0,297115.0,4859.341,4154.912,704.429,9234.76,7453.727,1781.033,226.422,185.529,40.893,464.549,346.854,117.695,867.681,839.496,28.185,1556.566,1491.236,65.33
CZE,2001,2366279.0,2251468.0,82612.0,77787.0,332639.0,307768.0,4846.39,4141.321,705.069,8836.23,7091.516,1744.714,226.554,187.05,39.504,441.339,331.492,109.847,867.195,841.289,25.906,1472.965,1415.205,57.76
CZE,2002,2474186.0,2412608.0,71567.0,79277.0,371616.0,338041.0,4876.774,4123.204,753.57,8838.481,7018.549,1819.932,192.277,153.152,39.125,372.004,271.174,100.83,873.665,848.459,25.206,1483.001,1429.502,53.499
CZE,2003,2590891.0,2540222.0,68876.0,73085.0,398786.0,374794.0,4838.058,4035.032,803.026,8704.698,6788.103,1916.595,185.966,147.761,38.205,362.085,255.425,106.66,875.238,849.164,26.074,1459.84,1406.726,53.114
CZE,2004,2796513.0,2714451.0,74355.0,77379.0,416009.0,402775.0,4828.886,4052.88,776.006,8757.628,6912.586,1845.042,190.193,151.946,38.247,363.894,265.238,98.656,861.801,838.141,23.66,1452.982,1404.982,48.0
CZE,2005,2974445.0,2979136.0,75019.0,81217.0,444846.0,419281.0,4922.64,4180.301,742.339,8873.944,7157.863,1716.081,181.269,146.85,34.419,349.631,259.001,90.63,877.72,854.64,23.08,1469.667,1420.785,48.882
CZE,2006,3208577.0,3186212.0,76357.0,69467.0,467933.0,440177.0,4988.977,4234.088,754.889,8925.768,7196.991,1728.777,175.723,141.933,33.79,335.725,249.202,86.523,893.263,865.98,27.283,1484.987,1428.656,56.331
CZE,2007,3492426.0,3375358.0,80554.0,58784.0,496562.0,471255.0,5093.143,4329.804,763.339,9038.69,7321.849,1716.841,170.464,132.403,38.061,333.142,233.304,99.838,904.889,871.687,33.202,1492.26,1425.595,66.665
CZE,2008,3662668.0,3614393.0,77536.0,81449.0,522708.0,504551.0,5204.079,4444.992,759.087,9311.575,7601.127,1710.448,170.018,133.224,36.794,332.274,236.911,95.363,913.648,878.965,34.683,1530.882,1463.785,67.097
CZE,2009,3569244.0,3463508.0,69396.0,100601.0,546627.0,524260.0,5110.1,4336.118,773.982,9092.566,7409.001,1683.565,169.621,128.007,41.614,325.802,225.989,99.813,904.643,872.479,32.164,1531.687,1474.554,57.133
CZE,2010,3653610.0,3687470.0,61405.0,55812.0,546157.0,549137.0,5057.241,4251.402,805.839,9097.036,7359.399,1737.637,155.659,112.478,43.181,305.682,203.352,102.33,901.435,871.338,30.097,1536.26,1480.051,56.209
CZE,2011,3701935.0,3718249.0,80430.0,57124.0,540304.0,527317.0,5031.899,4230.926,800.973,9081.465,7362.736,1718.729,164.644,116.994,47.65,326.194,210.585,115.609,903.167,876.731,26.436,1533.649,1483.445,50.204
CZE,2012,3706986.0,3671505.0,91907.0,87266.0,550379.0,545411.0,5058.262,4261.223,797.039,8975.459,7365.729,1609.73,163.143,116.739,46.404,315.195,211.303,103.892,895.195,867.425,27.77,1499.876,1451.686,48.19
CZE,2013,3739215.0,3706554.0,97871.0,90474.0,559945.0,553506.0,5076.924,4303.726,773.198,8941.593,7420.782,1520.811,167.441,120.297,47.144,324.879,216.46,108.419,909.37,883.045,26.325,1510.83,1468.995,41.835
CZE,2014,3962801.0,3845181.0,104752.0,104764.0,582703.0,564705.0,5103.969,4340.585,763.384,9043.221,7521.916,1521.305,166.528,119.909,46.619,323.416,215.491,107.925,923.979,897.481,26.498,1548.764,1507.049,41.715
CZE,2015,4191609.0,4135181.0,105081.0,114204.0,605024.0,583168.0,5175.094,4423.969,751.125,9054.958,7560.365,1494.593,162.174,115.805,46.369,317.333,208.652,108.681,932.61,904.989,27.621,1539.564,1496.052,43.512
CZE,2016,4360876.0,4298337.0,104033.0,110516.0,633000.0,614615.0,5228.533,4462.319,766.214,9271.16,7732.629,1538.531,159.729,112.96,46.769,315.44,206.697,108.743,951.152,923.884,27.268,1593.817,1550.139,43.678
CZE,2017,4661221.0,4587922.0,109049.0,99883.0,678071.0,646284.0,5298.119,4532.857,765.262,9407.578,7843.08,1564.498,161.502,113.828,47.674,319.808,204.83,114.978,969.904,943.801,26.103,1667.845,1625.359,42.486
CZE,2018,4941127.0,4799758.0,107794.0,112703.0,744084.0,693922.0,5359.131,4594.355,764.776,9558.326,7981.225,1577.101,162.536,112.799,49.737,326.152,204.889,121.263,1001.276,974.902,26.374,1718.422,1675.39,43.032
CZE,2019,5330260.0,5118986.0,111389.0,112786.0,818468.0,766918.0,5351.366,4598.007,753.359,9542.315,8020.87,1521.445,155.308,108.354,46.954,304.896,195.983,108.913,1018.374,993.571,24.803,1796.155,1756.117,40.038
CZE,2020,5315366.0,5061043.0,113302.0,119063.0,889486.0,831442.0,5227.234,4496.349,730.885,8744.379,7367.889,1376.49,148.12,106.075,42.045,287.753,190.067,97.686,1039.43,1013.431,25.999,1723.501,1684.293,39.208
CZE,2021,5749003.0,5524224.0,110945.0,97829.0,964683.0,917368.0,5279.24,4541.045,738.195,9088.648,7618.187,1470.461,147.042,103.949,43.093,293.729,189.568,104.161,1067.667,1041.518,26.149,1820.723,1778.465,42.258
CZE,2022,6418123.0,5915930.0,146380.0,112366.0,1013209.0,984376.0,5333.082,4577.739,755.343,9489.719,7907.022,1582.697,154.168,106.702,47.466,304.948,188.65,116.298,1079.995,1053.916,26.079,1885.608,1842.688,42.92
CZE,2023,7036354.0,6454124.0,164010.0,175524.0,1094162.0,1018055.0,5418.487,4639.855,778.632,9658.635,8046.54,1612.095,154.12,108.129,45.991,298.934,190.792,108.142,1091.258,1066.839,24.419,1913.1,1870.751,42.349
CZE,2024,7355682.0,7079512.0,153015.0,166197.0,1154495.0,1106380.0,5450.732,4666.082,784.65,9817.594,8200.204,1617.39,150.009,103.623,46.386,297.13,184.231,112.899,1102.475,1076.352,26.123,1955.333,1911.789,43.544
CZE,2025,,,,,,,5523.02,4732.818,790.202,9901.699,8289.826,1611.873,147.389,103.595,43.794,292.204,183.671,108.533,1119.037,1095.502,23.535,1980.614,1941.879,38.735
DEU,1991,,,,,,,38873.0,35310.0,3563.0,60389.168,52197.725,8191.443,1175.0,510.0,665.0,2395.864,723.716,1672.148,8091.0,7806.0,285.0,12096.511,11447.208,649.303
DEU,1992,,,,,,,38362.0,34754.0,3608.0,60031.652,51767.391,8264.262,1037.0,394.0,643.0,2234.159,623.952,1610.208,8229.0,7930.0,299.0,12179.47,11514.09,665.381
DEU,1993,,,,,,,37865.0,34197.0,3668.0,58262.366,49878.908,8383.459,960.0,351.0,609.0,2085.136,555.943,1529.194,8271.0,7949.0,322.0,12069.486,11379.878,689.608
DEU,1994,,,,,,,37881.0,34135.0,3746.0,58119.029,49524.459,8594.57,921.0,345.0,576.0,2009.883,547.025,1462.858,8409.0,8065.0,344.0,12226.043,11513.708,712.335
DEU,1995,1719432.0,1687725.0,19612.0,19347.0,304890.0,295960.0,38046.0,34249.0,3797.0,58168.38,49464.042,8704.339,865.0,339.0,526.0,1883.387,539.486,1343.901,8546.0,8186.0,360.0,12379.007,11662.342,716.665
DEU,1996,1743857.0,1733332.0,20581.0,20675.0,316592.0,312552.0,38062.0,34206.0,3856.0,57682.821,48913.55,8769.271,810.0,324.0,486.0,1733.157,511.366,1221.791,8714.0,8336.0,378.0,12557.168,11828.58,728.587
DEU,1997,1779970.0,1779902.0,20382.0,20746.0,321261.0,322117.0,38045.0,34130.0,3915.0,57301.714,48402.779,8898.935,786.0,323.0,463.0,1664.396,501.805,1162.591,8738.0,8343.0,395.0,12518.316,11763.179,755.137
DEU,1998,1828375.0,1819997.0,19767.0,20323.0,325969.0,324355.0,38500.0,34537.0,3963.0,57865.88,48862.005,9003.876,778.0,324.0,454.0,1632.508,501.607,1130.901,8782.0,8373.0,409.0,12511.575,11733.051,778.524
DEU,1999,1868803.0,1863476.0,19960.0,21634.0,333848.0,330663.0,39125.0,35134.0,3991.0,58306.738,49210.355,9096.383,773.0,326.0,447.0,1613.972,496.975,1116.997,8926.0,8502.0,424.0,12613.5,11800.86,812.64
DEU,2000,1915279.0,1926862.0,21215.0,19696.0,339843.0,339195.0,39976.0,35963.0,4013.0,58546.226,49487.123,9059.103,765.0,329.0,436.0,1575.3,492.762,1082.538,9062.0,8625.0,437.0,12634.669,11803.257,831.411
DEU,2001,1977509.0,1952827.0,23785.0,19838.0,348960.0,341519.0,39865.0,35837.0,4028.0,58097.389,49145.708,8951.68,734.0,311.0,423.0,1489.48,459.551,1029.929,9078.0,8631.0,447.0,12656.86,11817.571,839.29
DEU,2002,2003527.0,1978555.0,20040.0,23958.0,362543.0,354442.0,39674.0,35612.0,4062.0,57461.348,48579.195,8882.153,716.0,306.0,410.0,1436.177,447.419,988.758,9216.0,8754.0,462.0,12819.833,11967.925,851.908
DEU,2003,2015904.0,1992821.0,18584.0,20378.0,367270.0,363467.0,39246.0,35112.0,4134.0,56634.57,47729.28,8905.29,705.0,306.0,399.0,1391.418,442.254,949.163,9237.0,8748.0,489.0,12851.565,11966.415,885.15
DEU,2004,2069017.0,2047625.0,21758.0,22862.0,372203.0,366408.0,39370.0,35110.0,4260.0,56797.16,47719.977,9077.183,703.0,316.0,387.0,1357.841,447.587,910.253,9253.0,8726.0,527.0,12895.977,11952.953,943.024
DEU,2005,2095171.0,2087243.0,16886.0,16098.0,376956.0,373936.0,39322.0,34941.0,4381.0,56304.911,47132.643,9172.267,679.0,303.0,376.0,1308.21,430.428,877.782,9312.0,8762.0,550.0,12861.647,11894.431,967.216
DEU,2006,2184869.0,2177902.0,17386.0,16653.0,382468.0,377847.0,39608.0,35172.0,4436.0,57527.471,48325.837,9201.634,663.0,297.0,366.0,1277.34,434.585,842.755,9359.0,8797.0,562.0,13195.761,12214.522,981.239
DEU,2007,2275687.0,2258025.0,20899.0,17332.0,388176.0,386845.0,40281.0,35812.0,4469.0,58562.791,49330.222,9232.569,664.0,305.0,359.0,1280.197,446.87,833.327,9425.0,8851.0,574.0,13274.533,12284.514,990.019
DEU,2008,2316889.0,2297482.0,21673.0,23565.0,401583.0,401471.0,40851.0,36372.0,4479.0,59107.021,49878.031,9228.991,659.0,307.0,352.0,1265.949,444.067,821.882,9550.0,8971.0,579.0,13338.046,12342.28,995.766
DEU,2009,2223746.0,2172724.0,16720.0,20930.0,418566.0,408537.0,40903.0,36410.0,4493.0,57541.115,48351.131,9189.984,653.0,312.0,341.0,1242.69,448.31,794.38,9774.0,9180.0,594.0,13417.211,12403.471,1013.74
DEU,2010,2341162.0,2325981.0,20294.0,16483.0,432262.0,425508.0,41099.0,36581.0,4518.0,58581.224,49384.707,9196.517,645.0,310.0,335.0,1225.437,449.202,776.235,9929.0,9322.0,607.0,13837.85,12801.223,1036.627
DEU,2011,2451563.0,2428996.0,25399.0,21070.0,444837.0,437948.0,41570.0,37039.0,4531.0,59328.001,50162.622,9165.378,651.0,322.0,329.0,1226.214,460.467,765.747,9913.0,9296.0,617.0,13783.303,12734.588,1048.715
DEU,2012,2499101.0,2463829.0,25513.0,25438.0,459448.0,447290.0,42065.0,37538.0,4527.0,59143.211,50097.785,9045.426,649.0,330.0,319.0,1199.66,465.258,734.403,10011.0,9383.0,628.0,13757.309,12702.554,1054.755
DEU,2013,2555938.0,2510771.0,26576.0,24828.0,474901.0,454695.0,42378.0,37877.0,4501.0,59148.407,50242.994,8905.412,642.0,335.0,307.0,1169.964,468.649,701.315,10140.0,9500.0,640.0,13867.272,12802.921,1064.352
DEU,2014,2662091.0,2613279.0,27326.0,29722.0,494743.0,480350.0,42756.0,38290.0,4466.0,59858.671,51074.816,8783.855,640.0,347.0,293.0,1144.881,477.332,667.548,10294.0,9645.0,649.0,14123.989,13050.242,1073.747
DEU,2015,2753317.0,2700457.0,21872.0,23862.0,511493.0,502995.0,43137.0,38723.0,4414.0,60460.401,51811.356,8649.045,635.0,354.0,281.0,1127.356,488.002,639.354,10493.0,9832.0,661.0,14425.76,13340.318,1085.441
DEU,2016,2852146.0,2816655.0,23342.0,22708.0,532449.0,524403.0,43686.0,39326.0,4360.0,60978.246,52493.34,8484.906,624.0,354.0,270.0,1103.561,482.23,621.331,10723.0,10057.0,666.0,14698.188,13619.113,1079.074
DEU,2017,2977318.0,2935002.0,28665.0,24383.0,556881.0,541758.0,44290.0,39997.0,4293.0,61483.908,53225.274,8258.634,608.0,353.0,255.0,1060.775,477.409,583.366,10924.0,10257.0,667.0,14905.618,13835.491,1070.127
DEU,2018,3069316.0,3013457.0,25496.0,24859.0,578195.0,560449.0,44878.0,40649.0,4229.0,61964.17,53913.078,8051.092,606.0,356.0,250.0,1047.303,479.668,567.635,11101.0,10440.0,661.0,15032.405,13980.143,1052.262
DEU,2019,3161673.0,3090323.0,29470.0,27789.0,610279.0,589431.0,45291.0,41145.0,4146.0,62141.255,54332.658,7808.597,599.0,359.0,240.0,1016.062,477.259,538.803,11284.0,10634.0,650.0,15201.186,14180.134,1021.053
DEU,2020,3100097.0,3025044.0,25144.0,29417.0,629685.0,605845.0,44966.0,40927.0,4039.0,59065.847,52027.524,7038.323,586.0,359.0,227.0,971.364,469.032,502.332,11465.0,10814.0,651.0,14990.149,14051.783,938.366
DEU,2021,3294085.0,3226090.0,27761.0,29699.0,651072.0,636071.0,45041.0,41097.0,3944.0,60410.139,53378.616,7031.522,579.0,358.0,221.0,980.111,476.398,503.713,11721.0,11075.0,646.0,15526.891,14571.866,955.025
DEU,2022,3591874.0,3365422.0,39680.0,28709.0,691997.0,677892.0,45629.0,41767.0,3862.0,61297.005,54340.469,6956.537,577.0,360.0,217.0,969.462,474.622,494.84,11909.0,11265.0,644.0,15510.799,14563.24,947.558
DEU,2023,3853937.0,3572834.0,39204.0,34922.0,733621.0,693372.0,45935.0,42148.0,3787.0,61496.006,54782.389,6713.617,570.0,355.0,215.0,951.254,468.774,482.48,12020.0,11378.0,642.0,15657.73,14725.232,932.499
DEU,2024,3921311.0,3831687.0,39584.0,39135.0,770504.0,742086.0,45987.0,42283.0,3704.0,61363.951,54874.365,6489.586,565.0,355.0,210.0,937.659,470.075,467.584,12176.0,11542.0,634.0,15878.161,14968.136,910.025
DEU,2025,,,,,,,45977.0,42311.0,3666.0,61241.227,54902.678,6338.549,562.0,354.0,208.0,926.161,468.441,457.72,12381.0,11747.0,634.0,16164.082,15270.379,893.704
DNK,1970,112399.464,102748.729,5896.584,5220.627,21624.923000000003,19248.599,2411.052,2016.579,394.472,4449.231,3608.565,840.666,250.135,76.427,173.708,532.635,157.194,375.44,402.574,395.906,6.668,726.112,712.595,13.517
DNK,1971,125050.389,116454.033,6460.179,6992.722,25274.6,22429.475,2410.041,2022.987,387.054,4361.538,3547.451,814.087,237.01,69.907,167.103,498.586,143.945,354.641,433.517,426.649,6.868,757.009,743.408,13.601
DNK,1972,142103.124,130469.259,7726.667,6670.891,28924.752999999997,26124.487,2457.024,2076.658,380.366,4304.325,3512.92,791.405,229.621,68.16,161.461,488.056,142.154,345.902,475.548,468.54,7.008,790.173,776.802,13.371
DNK,1973,164960.271,146363.923,9808.798,7229.12,33003.815,29663.928,2485.363,2109.241,376.122,4248.746,3475.705,773.04,228.219,68.112,160.107,479.3,140.153,339.148,499.994,493.135,6.858,813.115,800.178,12.937
DNK,1974,185734.936,164431.965,10735.752,11426.797,39492.100000000006,33350.81,2467.816,2096.914,370.902,4174.298,3419.815,754.483,221.546,65.435,156.111,458.161,133.921,324.24,523.069,515.759,7.309,830.934,817.301,13.634
DNK,1975,207776.155,181910.901,10266.494,10168.18,46395.456000000006,39054.058000000005,2444.234,2080.345,363.889,3951.117,3220.158,730.96,217.226,63.866,153.361,439.839,127.885,311.953,558.701,551.458,7.243,832.86,819.82,13.041
DNK,1976,238402.318,218784.093,11578.987,9070.444,52827.912,48555.989,2485.994,2126.508,359.486,4036.1,3315.635,720.465,215.085,62.74,152.345,431.727,129.3,302.427,577.374,570.557,6.818,862.087,849.508,12.579
DNK,1977,262798.33,243097.475,13937.824,13359.524,57780.308000000005,53702.824,2480.333,2125.158,355.175,3964.626,3257.703,706.923,209.505,61.281,148.224,416.153,122.973,293.179,582.911,575.964,6.948,854.916,842.269,12.647
DNK,1978,290288.614,268571.717,15675.276,14410.417,65259.373,60717.634,2501.278,2153.041,348.236,3939.905,3252.034,687.871,202.247,58.93,143.318,400.528,118.229,282.299,613.177,606.132,7.045,884.648,871.867,12.781
DNK,1979,319706.843,302494.996,14709.328,15841.517,73713.081,68479.19,2529.757,2192.747,337.01,3956.147,3301.93,654.217,195.698,54.91,140.787,380.011,114.433,265.577,649.124,641.962,7.162,926.671,913.831,12.839
DNK,1980,344946.791,318451.715,16333.272,14796.343,83061.996,75785.15800000001,2515.24,2191.967,323.273,3967.63,3343.435,624.195,187.854,51.94,135.914,361.081,107.565,253.515,682.996,675.618,7.379,1014.124,1000.998,13.125
DNK,1981,378095.634,343690.97,19083.641,17915.389,94976.465,85620.17,2475.755,2164.549,311.206,3828.505,3235.185,593.32,181.0,50.465,130.534,342.684,101.894,240.79,711.844,704.238,7.607,1039.27,1026.069,13.2
DNK,1982,434677.999,392471.942,23419.885,20746.532,110222.39,98061.339,2486.923,2183.747,303.176,3861.797,3284.732,577.066,179.79,52.332,127.458,333.573,101.92,231.653,735.286,727.614,7.672,1077.153,1063.809,13.343
DNK,1983,476741.117,444801.893,22357.286,21881.927,118678.96899999998,110668.64,2488.7,2193.289,295.411,3847.425,3291.657,555.768,178.228,53.752,124.476,324.95,102.596,222.354,740.739,733.114,7.625,1082.878,1069.741,13.137
DNK,1984,526271.189,497516.822,28484.717,27108.595,123881.287,118260.157,2524.681,2235.776,288.905,3890.12,3349.36,540.76,174.568,53.689,120.879,315.912,100.705,215.207,733.149,725.605,7.544,1069.666,1056.763,12.902
DNK,1985,568684.67,546115.953,28014.698,28083.645,130655.672,126322.093,2583.414,2299.609,283.805,3946.072,3419.518,526.554,170.053,53.563,116.491,305.375,100.797,204.579,739.996,732.624,7.373,1078.651,1066.142,12.508
DNK,1986,602060.076,587832.501,27631.458,27789.622,133540.59399999998,129148.172,2646.555,2365.467,281.088,4051.754,3529.623,522.131,164.239,52.101,112.138,296.111,98.116,197.995,748.124,740.82,7.304,1094.258,1081.927,12.331
DNK,1987,638642.777,608011.569,25832.073,24960.505,146202.023,133533.375,2666.533,2390.698,275.835,3981.2,3474.134,507.066,161.917,52.448,109.469,290.844,96.59,194.254,761.093,754.561,6.532,1082.426,1071.644,10.783
DNK,1988,666051.336,648138.469,24595.119,26157.972,158454.649,149614.263,2653.699,2385.793,267.905,3904.043,3414.805,489.238,148.478,48.264,100.214,264.125,85.769,178.357,783.542,776.039,7.503,1089.812,1077.591,12.22
DNK,1989,708784.12,673963.71,28770.633,28072.698,165547.852,158460.815,2645.218,2388.421,256.797,3848.664,3378.587,470.076,140.826,47.633,93.193,256.279,84.677,171.602,783.472,775.427,8.045,1083.235,1070.423,12.812
DNK,1990,742650.27,722943.162,28062.607,30330.76,168857.684,162408.331,2634.085,2392.697,241.388,3794.406,3352.771,441.635,133.094,45.465,87.63,244.244,79.685,164.559,782.502,774.488,8.015,1066.867,1054.179,12.688
DNK,1991,774148.151,750909.058,26855.802,27627.144,176552.30800000002,169456.682,2608.535,2368.815,239.72,3749.284,3312.731,436.553,130.064,45.219,84.845,240.042,81.118,158.924,780.167,771.033,9.134,1050.216,1035.67,14.545
DNK,1992,803763.277,787471.725,25580.452,27528.529,184419.689,178897.854,2587.473,2344.036,243.437,3757.955,3311.653,446.302,127.46,43.687,83.773,232.429,76.394,156.035,783.475,772.874,10.601,1057.966,1040.876,17.09
DNK,1993,811131.188,808047.51,24744.704,31810.38,190861.396,188440.39400000003,2545.276,2306.854,238.423,3687.905,3249.917,437.988,120.867,40.315,80.552,220.851,70.424,150.427,784.174,774.566,9.608,1060.028,1044.314,15.714
DNK,1994,861184.651,848360.424,25615.491,25613.167,196154.746,193894.017,2595.821,2367.177,228.645,3651.441,3236.791,414.65,112.292,39.227,73.065,202.031,67.381,134.65,812.11,803.04,9.07,1052.405,1037.844,14.561
DNK,1995,896752.223,888169.095,29316.128,26946.359,200523.466,199259.729,2612.018,2389.984,222.034,3706.831,3296.513,410.318,109.395,42.729,66.665,195.921,68.615,127.306,793.766,781.953,11.813,1052.792,1033.843,18.949
DNK,1996,935685.581,919367.321,30068.695,30045.305,210192.996,205474.883,2637.969,2418.485,219.484,3725.51,3311.791,413.719,104.851,41.26,63.592,187.258,65.607,121.651,800.685,788.758,11.927,1049.493,1030.001,19.492
DNK,1997,983183.419,964890.178,29903.912,31081.383,219804.219,213484.754,2674.415,2459.693,214.722,3819.311,3420.801,398.51,101.316,41.298,60.018,175.958,65.944,110.014,819.137,807.22,11.917,1087.394,1067.833,19.561
DNK,1998,1009937.691,1002518.905,25163.902,30394.537,231176.393,224786.499,2712.123,2500.923,211.2,3908.531,3503.885,404.647,97.513,40.527,56.986,174.81,64.935,109.874,832.628,820.289,12.339,1116.251,1095.043,21.208
DNK,1999,1058977.938,1043485.099,23832.264,24857.444,241534.404,234282.982,2734.769,2524.558,210.21,3983.185,3583.266,399.92,92.869,38.846,54.023,166.113,62.197,103.916,837.998,825.439,12.559,1123.575,1100.846,22.729
DNK,2000,1142217.89,1107984.42,28502.395,25754.302,249957.19300000003,246336.918,2755.149,2549.705,205.444,4038.877,3623.677,415.2,89.976,39.132,50.844,163.188,63.479,99.709,841.455,829.052,12.403,1109.022,1087.36,21.662
DNK,2001,1181873.894,1153489.881,31697.037,29393.155,262202.238,252741.638,2782.473,2579.969,202.504,4086.55,3681.211,405.339,86.982,38.878,48.103,159.478,63.238,96.24,849.5,836.988,12.512,1132.645,1111.494,21.151
DNK,2002,1212912.178,1185509.237,24769.28,30172.421,273485.088,266048.097,2784.2,2576.573,207.627,4072.128,3650.006,422.122,86.878,38.758,48.12,159.848,62.432,97.416,858.44,845.323,13.117,1138.392,1116.34,22.052
DNK,2003,1238161.743,1218368.78,22835.288,24855.936,280855.546,271693.53500000003,2758.653,2553.513,205.14,4021.64,3608.176,413.463,83.919,38.791,45.128,147.936,61.54,86.396,855.049,841.742,13.307,1152.209,1128.816,23.393
DNK,2004,1294992.608,1264013.668,24106.831,23373.691,291425.74600000004,282318.61199999996,2744.153,2548.777,195.376,4001.178,3603.6,397.578,79.857,38.067,41.789,146.395,59.469,86.927,857.177,844.238,12.938,1148.712,1128.48,20.231
DNK,2005,1351792.401,1316371.515,17976.854,22733.945,298369.042,290748.00600000005,2783.163,2588.675,194.487,4039.378,3656.705,382.673,77.722,37.159,40.563,137.98,59.33,78.651,864.376,851.04,13.335,1172.635,1151.063,21.571
DNK,2006,1431976.642,1402421.294,19326.488,18710.072,311922.566,304668.164,2845.937,2650.817,195.12,4142.84,3759.98,382.859,75.02,36.114,38.906,129.466,56.989,72.477,871.246,857.397,13.849,1205.348,1184.017,21.33
DNK,2007,1479815.744,1440637.56,20401.477,20854.905,319270.769,309482.418,2912.41,2716.953,195.457,4172.813,3805.482,367.331,73.398,35.959,37.439,127.257,55.78,71.476,865.403,850.778,14.626,1196.21,1173.135,23.075
DNK,2008,1554406.783,1482459.695,15232.11,15182.748,340111.527,326305.005,2948.868,2754.497,194.371,4216.786,3866.905,349.88,73.91,37.353,36.557,121.149,58.077,63.072,869.265,854.385,14.88,1209.965,1185.796,24.17
DNK,2009,1492609.837,1483626.454,13956.364,14505.888,362015.536,345442.995,2856.328,2667.757,188.571,4047.044,3715.826,331.218,72.038,37.195,34.843,112.506,56.153,56.353,894.871,879.719,15.151,1243.763,1219.221,24.542
DNK,2010,1565161.188,1515229.298,21545.167,18479.933,375174.733,369225.265,2789.862,2605.8,184.062,3967.99,3645.794,322.196,70.797,38.158,32.64,109.963,56.981,52.981,903.506,888.162,15.344,1248.826,1223.753,25.072
DNK,2011,1594903.407,1587931.008,23445.439,18655.954,372033.453,377010.464,2786.628,2603.048,183.58,4003.93,3677.561,326.369,69.284,37.414,31.87,108.182,56.111,52.071,889.002,873.339,15.663,1235.861,1210.557,25.304
DNK,2012,1634281.954,1594871.339,30619.828,26303.598,379426.868,371665.223,2767.154,2585.756,181.398,3938.409,3622.619,315.79,68.65,37.238,31.413,106.321,55.807,50.514,881.028,864.882,16.146,1215.448,1190.116,25.332
DNK,2013,1675416.876,1657819.13,24322.969,29145.719,382086.671,380086.428,2768.254,2588.546,179.708,3946.826,3631.323,315.503,67.878,37.145,30.732,105.051,55.485,49.566,881.609,865.336,16.272,1221.817,1196.193,25.624
DNK,2014,1717820.465,1694374.359,26801.394,28819.806,388894.305,391774.837,2786.2,2606.352,179.848,3938.742,3625.254,313.488,69.599,39.355,30.244,106.28,57.727,48.553,883.566,867.408,16.158,1214.542,1188.774,25.768
DNK,2015,1761018.569,1751387.08,18440.727,22885.029,395490.634,397967.897,2827.15,2643.538,183.613,3977.497,3647.137,330.361,71.657,41.283,30.375,107.855,55.816,52.039,888.084,870.748,17.336,1210.862,1182.518,28.344
DNK,2016,1822909.484,1813506.368,19518.874,15666.764,399197.982,392414.823,2873.406,2693.145,180.261,4057.307,3742.892,314.415,70.062,41.203,28.858,101.836,55.712,46.125,889.439,871.779,17.66,1210.208,1182.044,28.164
DNK,2017,1903817.653,1881461.696,27585.719,22509.565,404903.288,399867.577,2916.64,2735.655,180.984,4095.18,3785.312,309.868,70.894,42.666,28.229,102.73,58.354,44.375,889.958,871.833,18.126,1209.88,1181.64,28.24
DNK,2018,1945814.955,1933539.644,22369.123,27470.983,414570.443,405236.453,2961.805,2780.129,181.676,4089.619,3788.313,301.305,70.414,42.639,27.775,100.026,57.707,42.319,897.875,879.262,18.613,1211.743,1183.644,28.1
DNK,2019,2005034.632,1978544.925,28593.37,23131.33,424705.219,421436.281,3004.186,2823.0,181.186,4122.911,3843.317,279.594,68.962,41.905,27.057,94.749,56.349,38.4,908.413,889.465,18.948,1221.9,1195.717,26.182
DNK,2020,2021320.408,1957546.479,31118.639,29309.296,432521.785,407834.691,2970.846,2792.481,178.365,3982.709,3715.338,267.372,68.763,42.663,26.1,95.208,57.806,37.401,914.318,895.293,19.025,1206.371,1179.837,26.534
DNK,2021,2224247.515,2158635.798,27601.543,33053.699,456547.747,450552.747,3038.181,2860.101,178.08,4219.498,3920.103,299.395,65.392,40.072,25.32,97.298,56.416,40.882,944.457,925.242,19.215,1272.731,1242.964,29.767
DNK,2022,2494375.377,2254731.332,28377.4,24811.781,469062.754,449489.674,3161.156,2981.206,179.951,4379.839,4078.475,301.363,65.754,40.948,24.807,94.54,55.79,38.75,958.886,938.424,20.462,1280.027,1247.718,32.309
DNK,2023,2463205.425,2543590.045,32443.99,25233.951,482485.152,472402.323,3194.185,3019.379,174.805,4384.582,4105.972,278.61,63.286,39.289,23.997,90.7,54.379,36.321,969.739,949.043,20.696,1293.023,1261.361,31.663
DNK,2024,2652538.449,2567672.082,30500.125,30273.373,510123.76,477306.758,3215.305,3043.29,172.015,4391.877,4129.282,262.595,62.647,39.486,23.161,86.904,52.598,34.306,978.4,957.48,20.921,1313.463,1282.822,30.641
DNK,2025,2770663.682,2752568.248,43723.676,31286.503,538016.163,515963.16299999994,3244.933,3076.325,168.609,4414.799,4158.584,256.215,61.906,39.709,22.197,86.258,53.477,32.781,985.482,964.346,21.137,1322.442,1291.515,30.927
ESP,1980,,,,,,,12652.907975,9557.697302,3145.76932,,,,,,,,,,,,,,,
ESP,1981,,,,,,,12349.503883,9290.76542,3111.547585,,,,,,,,,,,,,,,
ESP,1982,,,,,,,12243.561351,9248.225975,3044.282284,,,,,,,,,,,,,,,
ESP,1983,,,,,,,12200.775886,9189.825215,3062.119234,,,,,,,,,,,,,,,
ESP,1984,,,,,,,11928.082363,8910.470309,3074.421523,,,,,,,,,,,,,,,
ESP,1985,,,,,,,11805.725121,8868.759066,2988.63429,,,,,,,,,,,,,,,
ESP,1986,,,,,,,12079.337664,9172.558466,2950.631451,,,,,,,,,,,,,,,
ESP,1987,,,,,,,12658.115753,9636.727811,3065.078359,,,,,,,,,,,,,,,
ESP,1988,,,,,,,13101.568213,10053.56418,3085.956632,,,,,,,,,,,,,,,
ESP,1989,,,,,,,13576.114169,10620.229746,2976.633394,,,,,,,,,,,,,,,
ESP,1990,,,,,,,14092.06706,11139.085493,2963.947514,,,,,,,,,,,,,,,
ESP,1991,,,,,,,14261.141129,11389.302761,2872.242031,,,,,,,,,,,,,,,
ESP,1992,,,,,,,14062.683963,11150.680315,2919.752431,,,,,,,,,,,,,,,
ESP,1993,,,,,,,13663.701837,10848.863579,2821.032725,,,,,,,,,,,,,,,
ESP,1994,,,,,,,13599.013072,10813.426589,2790.290702,,,,,,,,,,,,,,,
ESP,1995,426016.0,,17833.0,,70231.0,,13858.1,11071.7,2786.4,24056.454,18459.555,5596.898,990.6,348.0,642.6,2060.69,629.616,1431.073,2708.0,2636.3,71.7,4283.649,4160.578,123.071
ESP,1996,451540.0,437040.0,21414.0,21569.0,74621.0,70911.0,14058.4,11269.6,2788.8,24467.619,18963.514,5504.105,1014.7,357.0,657.7,2091.676,651.658,1440.018,2692.4,2623.4,69.0,4274.109,4161.031,113.078
ESP,1997,477108.0,466829.0,22289.0,22879.0,77627.0,76202.0,14584.0,11879.9,2704.1,25423.0,20088.024,5334.976,993.4,396.4,597.0,2067.128,710.179,1356.949,2761.3,2688.8,72.5,4360.315,4247.062,113.252
ESP,1998,507255.0,495489.0,23027.0,22938.0,82036.0,79198.0,15222.7,12463.7,2759.0,26676.91,21196.548,5480.362,994.5,413.0,581.5,2100.776,767.093,1333.683,2838.2,2761.0,77.2,4507.773,4391.014,116.758
ESP,1999,540843.0,529221.0,22698.0,22855.0,87232.0,84002.0,15915.6,13136.0,2779.6,27985.967,22462.423,5523.545,967.5,408.1,559.4,2034.723,749.929,1284.794,2918.0,2835.6,82.4,4639.1,4514.136,124.964
ESP,2000,588595.0,569547.0,24247.0,24432.0,93605.0,90126.0,16728.3,13883.2,2845.1,29326.206,23685.226,5640.98,991.0,424.2,566.8,1992.409,762.84,1229.568,3003.4,2917.7,85.7,4777.966,4660.788,117.178
ESP,2001,638972.0,611966.0,25755.0,24017.0,100032.0,95920.0,17286.0,14393.0,2893.0,30469.189,24702.502,5766.686,999.8,440.1,559.7,2007.718,793.501,1214.217,3078.7,2990.5,88.2,4870.694,4748.761,121.933
ESP,2002,683365.0,656076.0,26107.0,25986.0,106687.0,102281.0,17732.3,14813.3,2919.0,31248.173,25461.671,5786.501,995.4,439.4,556.0,1982.136,781.344,1200.791,3146.3,3060.0,86.3,4957.098,4836.639,120.459
ESP,2003,728182.0,701562.0,27458.0,26004.0,115532.0,110300.0,18314.0,15393.7,2920.3,32072.816,26266.661,5806.155,990.1,456.4,533.7,1942.432,801.87,1140.563,3257.6,3171.5,86.1,5110.408,4987.001,123.407
ESP,2004,775872.0,748587.0,26815.0,26892.0,124378.0,119088.0,18999.5,15999.5,3000.0,32965.055,27026.823,5938.232,970.4,454.2,516.2,1888.725,795.386,1093.338,3346.5,3256.6,89.9,5208.781,5077.518,131.263
ESP,2005,833031.0,801893.0,25601.0,24740.0,133599.0,127931.0,19808.3,16754.5,3053.8,34029.987,28009.437,6020.55,954.5,455.3,499.2,1831.585,786.163,1045.422,3492.2,3393.9,98.3,5393.32,5247.735,145.586
ESP,2006,898262.0,867874.0,24127.0,27153.0,144053.0,137467.0,20627.1,17544.9,3082.2,35211.548,29102.484,6109.063,905.5,449.6,455.9,1732.928,774.629,958.299,3656.9,3552.4,104.5,5623.337,5466.984,156.354
ESP,2007,970997.0,933926.0,26881.0,25946.0,156599.0,148219.0,21296.7,18193.7,3103.0,36095.061,29908.584,6186.477,888.9,460.2,428.7,1689.664,781.378,908.286,3746.9,3647.5,99.4,5652.652,5501.562,151.089
ESP,2008,1025304.0,981712.0,26183.0,26263.0,171956.0,161669.0,21312.2,18236.8,3075.4,36338.856,30063.083,6275.773,856.9,439.6,417.3,1626.88,737.657,889.223,3850.8,3752.2,98.6,5825.823,5674.004,151.819
ESP,2009,1005567.0,991815.0,24138.0,25330.0,181662.0,175058.0,19967.8,17098.2,2869.6,34168.083,28271.746,5896.337,815.8,433.6,382.2,1555.916,729.593,826.323,3911.6,3814.2,97.4,6004.465,5851.762,152.703
ESP,2010,989756.0,1003804.0,26039.0,24766.0,183087.0,184538.0,19605.8,16799.5,2806.3,33392.886,27615.772,5777.114,826.1,460.9,365.2,1551.831,784.228,767.603,3990.1,3885.1,105.0,6024.848,5858.347,166.501
ESP,2011,984997.0,987267.0,25248.0,27381.0,183072.0,186752.0,19130.2,16382.0,2748.2,32685.721,26963.802,5721.919,803.4,449.4,354.0,1532.619,783.045,749.574,4046.1,3940.7,105.4,6131.831,5958.044,173.787
ESP,2012,953037.0,957542.0,24840.0,22929.0,175163.0,179489.0,18309.5,15549.6,2759.9,31111.891,25367.488,5744.404,778.9,429.0,349.9,1494.593,742.107,752.486,3936.7,3825.4,111.3,6040.34,5860.438,179.902
ESP,2013,937641.0,940872.0,26764.0,28276.0,175537.0,175443.0,17906.9,15127.7,2779.2,30228.796,24388.629,5840.166,770.2,421.9,348.3,1468.367,726.078,742.289,3987.2,3867.2,120.0,6046.148,5854.944,191.204
ESP,2014,946493.0,947778.0,26254.0,26453.0,174734.0,173910.0,18092.6,15293.6,2799.0,30543.0,24622.227,5920.773,777.1,448.5,328.6,1468.763,763.492,705.271,4049.1,3916.4,132.7,6143.408,5925.243,218.165
ESP,2015,987936.0,979973.0,29605.0,27523.0,179838.0,176389.0,18614.8,15772.0,2842.8,31458.249,25451.893,6006.356,784.9,463.8,321.1,1467.63,802.442,665.188,4091.1,3943.5,147.6,6206.734,5962.666,244.068
ESP,2016,1019400.0,1014168.0,31614.0,30938.0,184134.0,181774.0,19012.7,16129.6,2883.1,32261.468,26106.057,6155.411,819.5,492.8,326.7,1527.666,844.875,682.792,4158.2,4002.9,155.3,6371.891,6103.889,268.003
ESP,2017,1061122.0,1050239.0,32801.0,30512.0,188676.0,188258.0,19512.3,16645.6,2866.7,32952.217,26861.152,6091.065,839.0,505.0,334.0,1562.339,874.12,688.22,4226.4,4070.2,156.2,6310.284,6045.863,264.421
ESP,2018,1097845.0,1087158.0,32747.0,34176.0,194134.0,191313.0,19938.4,17063.5,2874.9,33765.616,27593.003,6172.614,838.6,513.6,325.0,1542.424,864.372,678.052,4366.0,4198.0,168.0,6472.318,6180.312,292.006
ESP,2019,1137968.0,1120595.0,31591.0,31840.0,202872.0,196910.0,20467.1,17553.4,2913.7,34348.535,28067.456,6281.079,824.8,501.2,323.6,1506.694,870.048,636.645,4384.2,4208.4,175.8,6389.301,6080.691,308.61
ESP,2020,1030964.0,1014335.0,31445.0,30966.0,204632.0,199848.0,19567.0,16709.1,2857.9,30576.946,25278.861,5298.085,776.8,476.2,300.6,1461.849,837.769,624.08,4436.8,4250.5,186.3,6333.304,6007.582,325.723
ESP,2021,1118595.0,1095737.0,34201.0,33660.0,210316.0,208418.0,20072.5,17145.8,2926.7,32787.923,26867.057,5920.866,804.2,500.4,303.8,1515.257,872.101,643.156,4622.0,4437.5,184.5,6754.105,6426.564,327.541
ESP,2022,1254715.0,1195897.0,32603.0,28432.0,220307.0,213571.0,20827.7,17790.5,3037.2,34448.678,28330.944,6117.734,797.9,503.5,294.4,1478.6,850.056,628.544,4695.2,4493.2,202.0,6922.528,6592.536,329.992
ESP,2023,1366751.0,1287674.0,39035.0,33721.0,234952.0,227521.0,21507.0,18368.9,3138.1,35369.626,29118.788,6250.837,777.0,481.0,296.0,1447.339,820.69,626.65,4789.6,4573.3,216.3,7145.949,6792.219,353.73
ESP,2024,1452583.0,1420159.0,43892.0,43253.0,251424.0,243653.0,22001.4,18849.6,3151.8,36159.4,29825.97,6333.43,769.9,489.8,280.1,1404.833,812.144,592.689,4838.9,4617.4,221.5,7284.688,6922.767,361.921
ESP,2025,,,,,,,22605.0,19374.3,3230.7,36906.993,30517.421,6389.571,782.9,502.8,280.1,1411.591,817.404,594.187,4933.6,4707.0,226.6,7367.577,6992.709,374.868
EST,1990,,,,,,,830.8,804.8,26.0,,,,,,,,,,,,,,,
EST,1991,,,,,,,807.2,772.8,34.4,,,,,,,,,,,,,,,
EST,1992,,,,,,,759.1,712.4,46.7,,,,,,,,,,,,,,,
EST,1993,,,,,,,698.8,641.3,57.5,,,,,,,,,,,,,,,
EST,1994,,,,,,,675.4,614.2,61.2,,,,,,,,,,,,,,,
EST,1995,2534.192,2546.307,118.204,118.204,450.886,450.886,633.6,590.0,43.6,,,,64.9,46.2,18.7,,,,126.1,124.6,,,,
EST,1996,3237.98,2658.706,151.914,121.196,543.624,441.036,618.7,572.3,46.4,,,,60.8,41.3,19.5,,,,123.4,121.7,,,,
EST,1997,4011.585,3626.217,186.978,186.76,604.466,542.593,619.0,570.5,48.5,,,,57.8,40.3,17.5,,,,131.3,130.3,,,,
EST,1998,4544.723,4270.56,257.665,245.239,663.438,607.6239999999999,607.4,555.5,51.9,,,,54.4,37.0,17.4,,,,126.4,125.0,,,,
EST,1999,4863.386,4547.75,196.17,222.23,762.131,660.8779999999999,580.3,530.4,49.9,,,,46.5,31.6,14.9,,,,119.9,118.6,,,,
EST,2000,5512.855,5313.269,239.769,223.731,804.612,761.243,585.3,534.5,50.8,1157.649,1037.623,120.027,38.7,26.4,12.3,90.611,55.15,35.461,116.2,115.2,,207.914,205.998,
EST,2001,6231.975,5816.529,244.126,193.172,876.0419999999999,813.899,588.6,541.1,47.5,1159.834,1051.486,108.348,38.2,24.5,13.7,86.868,51.948,34.919,123.2,122.2,,219.417,217.446,
EST,2002,6964.849,6643.65,277.977,282.602,966.343,898.508,588.5,542.3,46.2,1160.928,1053.19,107.738,39.8,25.4,14.4,87.422,52.052,35.37,125.1,124.3,,218.178,216.201,
EST,2003,7809.926,7499.74,302.574,305.268,1071.081,994.532,601.1,548.1,53.0,1189.177,1071.786,117.391,36.9,23.8,13.1,80.981,49.578,31.403,133.2,131.8,1.4,236.444,234.258,2.185
EST,2004,8666.84,8298.538,353.895,307.529,1183.351,1091.183,598.7,540.9,57.8,1189.294,1063.906,125.387,34.6,21.0,13.6,75.936,43.302,32.634,135.8,133.2,2.6,253.993,248.398,5.595
EST,2005,10054.889,9493.429,372.889,354.377,1342.61,1203.814,612.3,564.1,48.2,1229.727,1125.886,103.841,30.8,20.3,10.5,66.975,43.156,23.819,131.7,130.0,1.7,241.591,237.811,3.78
EST,2006,11937.456,10989.211,426.653,401.195,1506.917,1404.1799999999998,642.2,589.4,52.8,1285.036,1170.687,114.349,30.8,21.8,9.0,65.268,45.258,20.01,136.7,134.8,1.9,250.404,246.764,3.64
EST,2007,14406.6,12776.304,643.841,542.219,1846.775,1554.719,643.4,583.5,59.9,1285.825,1159.693,126.132,29.9,18.8,11.1,62.548,38.923,23.625,130.4,128.9,1.5,243.579,240.32,3.259
EST,2008,14805.248,13973.698,565.253,657.205,2153.296,1876.016,642.1,591.0,51.1,1263.505,1157.299,106.206,25.0,16.4,8.6,51.759,33.177,18.581,130.2,128.5,1.7,241.677,238.266,3.411
EST,2009,12238.429,12544.943,349.222,459.667,2062.779,2139.322,576.6,527.9,48.7,1056.412,963.244,93.168,22.5,16.3,6.2,45.085,33.068,12.016,133.7,131.6,2.1,237.605,234.232,3.373
EST,2010,12844.401,12684.112,467.451,381.664,2002.443,2041.584,548.1,501.0,47.1,1027.524,935.012,92.512,22.8,16.3,6.5,47.802,33.853,13.949,131.5,129.2,2.3,233.387,229.51,3.877
EST,2011,14643.046,13860.862,613.701,506.223,2118.605,2047.252,584.0,532.7,51.3,1120.616,1017.032,103.584,25.7,17.3,8.4,53.877,35.257,18.62,132.2,129.9,2.3,237.976,233.478,4.498
EST,2012,15754.515,15107.292,594.021,623.882,2213.382,2138.005,593.5,539.7,53.8,1119.155,1012.51,106.645,26.5,19.6,6.9,53.799,38.45,15.35,139.0,136.4,2.6,247.43,243.243,4.187
EST,2013,16755.782,16029.638,583.986,564.555,2401.434,2240.307,600.9,544.6,56.3,1121.185,1013.888,107.296,24.9,18.9,6.0,49.708,36.261,13.447,137.6,134.9,2.7,247.101,242.179,4.922
EST,2014,17742.68,17290.289,634.38,655.575,2563.836,2416.699,605.5,549.4,56.1,1125.886,1020.279,105.607,22.6,16.9,5.7,45.178,33.209,11.968,140.9,138.8,2.1,253.322,250.042,3.279
EST,2015,18203.659,18027.626,589.654,652.044,2762.122,2622.205,622.9,564.6,58.3,1153.372,1048.384,104.988,24.3,18.1,6.2,47.958,35.829,12.13,143.8,141.1,2.7,249.686,245.759,3.927
EST,2016,19112.296,18715.399,459.666,449.377,2912.072,2782.1859999999997,624.7,565.2,59.5,1158.943,1044.028,114.915,24.5,17.6,6.9,49.793,34.968,14.825,138.7,135.9,2.8,243.839,239.065,4.774
EST,2017,21075.605,20354.635,568.719,491.055,3151.065,2970.607,641.5,575.5,66.0,1191.062,1068.629,122.432,22.3,16.3,6.0,44.845,31.989,12.856,135.2,133.1,2.1,241.242,237.394,3.848
EST,2018,22991.81,21938.57,541.826,509.168,3438.958,3192.6099999999997,647.360896,579.402748,67.958148,1160.59,1033.977,126.612,22.211365,15.819146,6.392219,44.538,31.518,13.02,138.42775,135.416352,3.011398,239.391,234.454,4.937
EST,2019,24742.432,23712.586,645.077,665.348,3757.124,3472.8720000000003,655.643827,585.588893,70.054934,1166.48,1037.289,129.191,21.542525,15.094688,6.447837,41.611,28.355,13.256,144.246027,140.194074,4.051954,243.608,237.26,6.348
EST,2020,24419.868,24073.797,538.19,564.82,4031.053,3870.12,637.865908,570.155955,67.709954,1096.645,978.551,118.093,19.318034,12.764727,6.553307,36.562,23.268,13.294,144.96948,141.711102,3.258378,246.395,241.615,4.78
EST,2021,27518.857,26339.122,611.307,523.272,4387.398999999999,4172.74,638.750924,568.7277,70.023225,1090.255,968.254,122.001,16.817091,10.568965,6.248126,30.863,18.875,11.988,149.699542,147.134474,2.565068,244.232,240.653,3.578
EST,2022,32031.231,27309.441,888.069,441.265,4848.177,4427.34,668.083348,597.949768,70.13358,1123.668,1006.908,116.76,17.202707,11.415444,5.787263,31.074,19.537,11.536,156.848969,153.474481,3.374488,252.861,248.563,4.298
EST,2023,33826.487,31078.481,657.984,813.112,5622.49,4955.1630000000005,689.516095,612.791521,76.724575,1162.643,1035.626,127.017,17.897926,12.124198,5.773728,31.75,20.899,10.851,161.418199,157.202374,4.215824,267.244,261.184,6.059
EST,2024,34911.456,33547.779,704.049,845.899,6105.792,5681.448,690.871544,608.629134,82.242409,1168.823,1031.198,137.624,21.144689,15.441823,5.702866,37.651,27.403,10.248,157.674281,154.399807,3.274474,257.02,252.137,4.883
EST,2025,,,,,,,687.418236,609.008969,78.409267,1161.955,1029.463,132.493,19.123485,13.803782,5.319703,33.629,23.675,9.954,157.672153,154.597571,3.074582,258.276,253.981,4.295
FIN,1970,,,,,,,2282.865113,1732.747915,561.686238,,,,,,,,,,,,,,,
FIN,1971,,,,,,,2267.544543,1733.538582,544.513529,,,,,,,,,,,,,,,
FIN,1972,,,,,,,2288.372508,1771.292957,525.954204,,,,,,,,,,,,,,,
FIN,1973,,,,,,,2331.330185,1831.38369,506.861565,,,,,,,,,,,,,,,
FIN,1974,,,,,,,2339.140672,1865.382394,478.489264,,,,,,,,,,,,,,,
FIN,1975,,,,,,,2328.526421,1871.608901,460.463253,4280.681,3271.235,1004.624,355.531714,38.487587,320.822386,,70.916,663.586,420.984773,378.682394,42.3,673.998,612.313,61.7
FIN,1976,,,,,,,2307.276901,1860.710173,449.643798,4234.885,3231.442,998.452,344.095886,36.384441,311.852922,,67.828,659.727,441.788963,399.286877,42.5,706.669,644.682,62.0
FIN,1977,,,,,,,2265.379262,1845.253795,421.852651,4139.799,3168.813,966.563,323.164237,36.104021,289.866799,,66.124,635.585,455.191662,413.890054,41.3,726.052,665.762,60.3
FIN,1978,,,,,,,2244.229975,1834.652304,410.82105,4112.923,3158.423,950.572,310.298931,35.122552,277.615825,,65.805,615.661,468.39432,427.893101,40.5,749.231,690.138,59.1
FIN,1979,,,,,,,2293.344432,1882.903947,411.139269,4149.405,3227.718,919.619,312.545254,39.048427,273.896779,,72.619,577.34,484.797623,444.196649,40.6,756.825,697.531,59.3
FIN,1980,30087.0,27541.0,2888.0,2549.0,4851.0,4376.0,2360.1,1947.9,412.2,4224.6,3332.1,892.5,315.2,40.1,275.1,614.1,72.3,541.8,496.6,459.6,37.0,784.3,730.2,54.1
FIN,1981,33909.0,30506.0,2917.0,2564.0,5653.0,5034.0,2398.8,1977.7,421.1,4278.9,3370.9,908.0,321.3,39.3,282.0,626.0,71.4,554.6,516.0,478.2,37.8,811.2,756.4,54.8
FIN,1982,38056.0,34813.0,3326.0,3007.0,6476.0,5842.0,2413.7,1997.1,416.6,4287.7,3384.1,903.6,314.2,38.4,275.8,612.6,70.1,542.5,531.7,495.3,36.4,834.1,781.9,52.2
FIN,1983,42531.0,39418.0,3613.0,3550.0,7424.0,6669.0,2406.3,2008.9,397.4,4249.8,3385.5,864.3,287.9,32.8,255.1,563.0,59.5,503.5,542.9,508.3,34.6,851.3,801.5,49.8
FIN,1984,47231.0,43934.0,3872.0,3758.0,8386.0,7590.0,2414.2,2026.5,387.7,4253.5,3409.0,844.5,278.2,36.0,242.2,545.8,64.6,481.2,552.6,518.4,34.2,862.3,813.4,48.9
FIN,1985,51292.0,48890.0,4006.0,3769.0,9475.0,8618.0,2425.8,2046.4,379.4,4259.4,3432.2,827.2,270.3,35.4,234.9,528.6,63.3,465.3,565.1,531.6,33.5,881.3,833.5,47.8
FIN,1986,55030.0,52550.0,4111.0,3808.0,10336.0,9676.0,2416.5,2046.8,369.7,4203.0,3397.3,805.7,254.5,32.1,222.4,497.3,57.0,440.3,575.7,543.0,32.7,894.2,847.3,46.9
FIN,1987,59190.0,56756.0,3576.0,3424.0,11321.0,10666.0,2440.7,2069.0,371.7,4262.1,3449.1,813.0,252.2,32.7,219.5,490.7,58.5,432.2,587.7,557.3,30.4,912.5,869.3,43.2
FIN,1988,65848.0,62024.0,3986.0,3997.0,12489.0,11628.0,2448.7,2099.1,349.6,4285.0,3498.8,786.2,224.2,31.3,192.9,442.6,55.8,386.8,599.4,571.4,28.0,933.4,893.4,40.0
FIN,1989,73934.0,69124.0,4484.0,3989.0,13880.0,12805.0,2476.7,2133.8,342.9,4334.3,3549.7,784.6,208.6,29.4,179.2,414.3,52.1,362.2,608.6,582.3,26.3,945.0,907.5,37.5
FIN,1990,79038.0,75050.0,4909.0,4920.0,15592.0,14206.0,2468.4,2127.5,340.9,4261.5,3491.6,769.9,202.1,28.2,173.9,402.2,49.8,352.4,611.6,588.5,23.1,953.4,916.2,37.2
FIN,1991,75610.0,74282.0,4193.0,4696.0,17144.0,15756.0,2331.7,2005.2,326.5,3981.0,3251.2,729.8,193.8,25.5,168.3,385.6,44.1,341.5,614.7,593.6,21.1,966.6,930.4,36.2
FIN,1992,73929.0,73316.0,3627.0,4037.0,17232.0,16856.0,2176.1,1859.2,316.9,3713.4,3008.1,705.3,188.2,23.9,164.3,375.0,42.9,332.1,599.4,579.6,19.8,942.3,906.7,35.6
FIN,1993,74835.0,73779.0,3748.0,3933.0,16499.0,16512.0,2051.1,1748.1,303.0,3498.9,2824.4,674.5,179.6,23.7,155.9,362.6,43.8,318.8,572.4,553.8,18.6,899.3,864.2,35.1
FIN,1994,79320.0,78279.0,3799.0,3795.0,16698.0,16503.0,2017.5,1723.6,293.9,3483.9,2815.8,668.1,169.6,23.9,145.7,342.4,44.1,298.3,569.9,551.9,18.0,908.1,873.0,35.1
FIN,1995,86250.0,82690.0,3742.0,3737.0,17559.0,17058.0,2058.7,1763.0,295.7,3566.6,2897.3,669.3,164.9,25.2,139.7,334.5,49.1,285.4,579.2,561.2,18.0,926.2,889.0,37.2
FIN,1996,89088.0,89484.0,3521.0,3550.0,18497.0,18031.0,2093.5,1794.0,299.5,3623.8,2936.2,687.6,161.1,25.5,135.6,324.1,49.9,274.2,589.8,572.0,17.8,935.6,899.4,36.2
FIN,1997,96090.0,94668.0,3793.0,3784.0,19161.0,19073.0,2164.6,1862.0,302.6,3737.8,3045.3,692.5,156.8,25.8,131.0,316.0,51.0,265.0,604.3,586.8,17.5,957.5,922.3,35.2
FIN,1998,104728.0,101184.0,3493.0,3411.0,20050.0,19418.0,2207.8,1918.6,289.2,3789.7,3128.9,660.8,147.7,27.2,120.5,296.6,54.1,242.5,608.0,590.5,17.5,952.2,916.8,35.4
FIN,1999,110400.0,109608.0,3663.0,3500.0,20756.0,20316.0,2253.3,1966.9,286.4,3867.0,3199.9,667.1,140.1,28.9,111.2,285.6,57.7,227.9,615.2,597.5,17.7,967.0,931.5,35.5
FIN,2000,119325.0,117505.0,4030.0,3973.0,21792.0,21149.0,2299.8,2017.5,282.3,3920.5,3263.9,656.6,134.5,30.1,104.4,276.6,60.7,215.9,626.4,609.0,17.4,975.1,940.7,34.4
FIN,2001,127287.0,122642.0,3998.0,3953.0,23166.0,21880.0,2335.5,2056.9,278.6,3946.8,3306.9,639.9,132.4,30.1,102.3,272.4,60.3,212.1,642.5,625.5,17.0,992.6,960.1,32.5
FIN,2002,130172.0,128960.0,3968.0,3995.0,24280.0,23263.0,2364.4,2087.5,276.9,3978.1,3344.7,633.4,129.7,31.0,98.7,268.2,61.8,206.4,656.1,640.1,16.0,1017.1,987.6,29.5
FIN,2003,132388.0,131708.0,3848.0,3834.0,25446.0,24363.0,2370.0,2093.8,276.2,3973.1,3347.7,625.4,129.5,31.8,97.7,267.4,63.5,203.9,665.6,650.2,15.4,1026.4,999.4,27.0
FIN,2004,139016.0,137522.0,3778.0,3815.0,26697.0,25459.0,2382.5,2107.4,275.1,3997.1,3372.0,625.1,125.4,31.2,94.2,259.4,62.3,197.1,672.8,657.4,15.4,1036.2,1009.4,26.8
FIN,2005,143900.0,142603.0,3752.0,3948.0,28089.0,26907.0,2418.9,2142.9,276.0,4032.4,3405.2,627.2,121.3,30.5,90.8,250.4,60.5,189.9,677.1,660.5,16.6,1040.9,1012.4,28.5
FIN,2006,150722.0,149353.0,3460.0,3829.0,29111.0,28051.0,2464.4,2180.4,284.0,4095.2,3458.9,636.3,118.2,30.3,87.9,246.4,60.7,185.7,683.2,666.3,16.9,1050.1,1020.0,30.1
FIN,2007,164129.0,159794.0,4453.0,3698.0,30621.0,29129.0,2518.9,2231.2,287.7,4176.4,3536.5,639.9,116.6,30.6,86.0,239.6,61.0,178.6,686.6,669.0,17.6,1054.3,1023.1,31.2
FIN,2008,170928.0,165632.0,4284.0,4460.0,32724.0,30619.0,2575.1,2281.9,293.2,4258.7,3611.1,647.6,114.0,29.9,84.1,234.6,59.9,174.7,700.1,680.1,20.0,1074.9,1038.7,36.2
FIN,2009,159054.0,156187.0,4096.0,4591.0,33916.0,32534.0,2509.8,2208.8,301.0,4097.3,3444.4,652.9,111.8,28.9,82.9,229.8,57.6,172.2,708.5,687.9,20.6,1082.0,1045.8,36.2
FIN,2010,164666.0,164166.0,4453.0,4032.0,34930.0,33932.0,2491.0,2195.6,295.4,4081.4,3441.5,639.9,109.2,30.8,78.4,225.4,61.5,163.9,712.5,692.7,19.8,1087.9,1052.8,35.1
FIN,2011,171239.0,167513.0,4465.0,4388.0,36504.0,34958.0,2528.7,2224.6,304.1,4122.3,3485.1,637.2,109.2,31.3,77.9,225.4,62.4,163.0,721.7,700.4,21.3,1101.6,1060.9,40.7
FIN,2012,173004.0,167734.0,4385.0,4237.0,38143.0,36316.0,2544.2,2240.5,303.7,4116.8,3487.1,629.7,102.7,31.8,70.9,213.5,63.7,149.8,727.0,704.7,22.3,1106.1,1065.1,41.0
FIN,2013,175160.0,171021.0,4501.0,4397.0,38820.0,37911.0,2523.8,2226.7,297.1,4064.4,3456.7,607.7,99.9,31.3,68.6,208.0,62.9,145.1,730.0,706.7,23.3,1110.4,1067.1,43.3
FIN,2014,177368.0,174393.0,4565.0,4757.0,39079.0,38374.0,2510.0,2211.3,298.7,4031.8,3423.3,608.5,97.8,30.7,67.1,204.4,61.9,142.5,725.5,702.0,23.5,1102.3,1058.6,43.7
FIN,2015,181406.0,177911.0,4331.0,4699.0,39471.0,39095.0,2518.0,2214.8,303.2,4040.5,3428.0,612.5,95.7,30.6,65.1,198.2,60.7,137.5,728.6,703.7,24.9,1105.4,1059.7,45.7
FIN,2016,185593.0,185632.0,4508.0,4333.0,39595.0,39802.0,2532.0,2229.0,303.0,4062.4,3451.3,611.1,94.4,30.8,63.6,195.8,61.4,134.4,730.3,705.5,24.8,1106.2,1061.1,45.1
FIN,2017,194113.0,192559.0,4647.0,4554.0,39210.0,39399.0,2547.3,2257.5,289.8,4070.6,3485.8,584.8,93.7,30.5,63.2,194.3,61.0,133.3,737.6,714.3,23.3,1111.4,1069.2,42.2
FIN,2018,199751.0,195658.0,4903.0,4581.0,40383.0,39721.0,2613.6,2316.7,296.9,4171.7,3572.2,599.5,93.4,30.9,62.5,194.4,62.3,132.1,754.6,727.9,26.7,1138.1,1088.9,49.2
FIN,2019,205950.0,202990.0,5223.0,5468.0,41667.0,40728.0,2652.1,2348.9,303.2,4205.2,3602.7,602.5,92.8,30.1,62.7,192.2,60.5,131.7,767.6,738.8,28.8,1152.7,1100.9,51.8
FIN,2020,204507.0,200950.0,5296.0,5188.0,42394.0,40591.0,2590.0,2298.4,291.6,4086.2,3514.0,572.2,88.6,32.5,56.1,184.8,64.8,120.0,772.2,744.4,27.8,1165.4,1116.6,48.8
FIN,2021,215307.0,210136.0,5371.0,5229.0,44872.0,43963.0,2649.7,2352.4,297.3,4174.9,3587.7,587.2,87.7,31.6,56.1,183.7,63.2,120.5,795.9,767.7,28.2,1199.3,1149.5,49.8
FIN,2022,231139.0,217622.0,5965.0,5590.0,46983.0,45604.0,2742.8,2450.5,292.3,4281.4,3708.9,572.5,87.0,31.4,55.6,183.3,62.8,120.5,818.1,789.1,29.0,1228.4,1176.6,51.8
FIN,2023,239121.0,230397.0,6364.0,5605.0,50410.0,48203.0,2770.0,2490.4,279.6,4288.0,3749.7,538.3,82.9,32.1,50.8,175.7,63.7,112.0,838.6,812.2,26.4,1255.8,1208.9,46.9
FIN,2024,241766.0,241185.0,7151.0,6620.0,52473.0,52172.0,2748.0,2474.7,273.3,4252.0,3729.5,522.5,80.3,31.6,48.7,170.3,63.2,107.1,845.3,820.1,25.2,1268.2,1222.0,46.2
FIN,2025,246054.0,243222.0,7701.0,7333.0,53840.0,53027.0,2732.1,2454.4,277.7,4224.0,3694.3,529.7,78.4,31.7,46.7,171.1,63.7,107.4,842.8,814.6,28.2,1264.8,1213.2,51.6
FRA,1970,,,,,,,21261.0,16937.0,4324.0,41475.938,29477.975,11997.963,2838.0,694.0,2144.0,6518.696,917.075,5601.621,4373.0,4187.0,186.0,6885.941,6514.48,371.461
FRA,1971,,,,,,,21363.0,17167.0,4196.0,41662.294,29929.429,11732.865,2699.0,664.0,2035.0,6250.427,883.025,5367.401,4455.0,4264.0,191.0,7045.34,6661.746,383.594
FRA,1972,,,,,,,21497.0,17432.0,4065.0,40858.284,29696.189,11162.096,2558.0,637.0,1921.0,5819.354,830.302,4989.053,4539.0,4344.0,195.0,7070.41,6683.689,386.72
FRA,1973,,,,,,,21799.0,17831.0,3967.0,41140.9,30233.199,10907.701,2435.0,610.0,1825.0,5563.829,796.931,4766.898,4634.0,4433.0,200.0,7222.98,6825.41,397.57
FRA,1974,,,,,,,22002.0,18117.0,3884.0,40865.43,30292.784,10572.646,2332.0,584.0,1748.0,5289.193,756.871,4532.322,4721.0,4514.0,207.0,7324.741,6917.629,407.111
FRA,1975,,,,,,,21832.0,18036.0,3796.0,39972.506,29768.158,10204.348,2240.0,561.0,1679.0,5044.266,722.962,4321.303,4821.0,4610.0,212.0,7524.03,7106.391,417.64
FRA,1976,,,,,,,22015.0,18286.0,3729.0,40894.054,30697.671,10196.383,2161.0,538.0,1624.0,4977.425,708.89,4268.535,4947.0,4726.0,220.0,7820.888,7377.699,443.189
FRA,1977,,,,,,,22213.0,18540.0,3673.0,40424.721,30544.558,9880.164,2083.0,513.0,1571.0,4735.481,666.538,4068.942,5059.0,4829.0,230.0,7880.007,7416.836,463.171
FRA,1978,307504.8,281041.5,13633.8,14217.0,57953.6,52082.3,22347.0,18722.0,3625.0,39977.555,30342.918,9634.637,2019.0,495.0,1525.0,4567.216,639.977,3927.239,5167.0,4929.0,238.0,7914.017,7442.176,471.841
FRA,1979,349342.0,316957.7,15444.8,14831.9,66406.8,59728.9,22501.0,18906.0,3594.0,40165.939,30617.916,9548.024,1967.0,481.0,1486.0,4452.137,622.545,3829.592,5293.0,5050.0,243.0,8026.837,7547.859,478.978
FRA,1980,398292.9,356966.3,15282.1,15204.2,76746.8,68085.6,22608.0,19052.0,3556.0,40145.098,30740.032,9405.066,1905.0,463.0,1442.0,4318.595,589.182,3729.413,5389.0,5140.0,250.0,8151.489,7661.065,490.424
FRA,1981,449948.7,403369.5,16853.6,15119.6,88613.0,78235.1,22593.0,19085.0,3508.0,39652.423,30433.14,9219.283,1835.0,442.0,1393.0,4162.888,564.033,3598.855,5534.0,5276.0,257.0,8275.97,7775.978,499.992
FRA,1982,515303.5,460404.3,22247.0,19703.1,104543.9,91819.9,22656.0,19218.0,3438.0,38133.115,29258.388,8874.727,1770.0,427.0,1343.0,3974.602,527.564,3447.038,5668.0,5403.0,265.0,8078.106,7573.558,504.548
FRA,1983,572073.1,521995.7,21831.5,20753.2,117083.6,106262.0,22638.0,19244.0,3394.0,37689.254,28963.677,8725.577,1708.0,407.0,1301.0,3845.468,496.178,3349.29,5763.0,5496.0,267.0,8190.733,7673.991,516.742
FRA,1984,622185.0,581682.2,22145.8,22916.0,128337.5,119058.6,22528.0,19198.0,3330.0,37323.62,28764.292,8559.328,1651.0,392.0,1258.0,3692.596,475.603,3216.993,5899.0,5630.0,269.0,8333.582,7806.518,527.065
FRA,1985,665425.5,631693.6,23628.5,23447.6,136709.90000000002,131114.4,22487.0,19226.0,3260.0,36496.099,28292.707,8203.392,1593.0,382.0,1210.0,3466.2,456.001,3010.199,6056.0,5779.0,277.0,8312.76,7791.377,521.383
FRA,1986,719530.6,679569.3,24701.2,23664.2,146816.4,137667.1,22601.0,19377.0,3224.0,36586.142,28465.945,8120.197,1538.0,373.0,1165.0,3311.223,438.492,2872.73,6167.0,5886.0,281.0,8423.63,7881.958,541.672
FRA,1987,755924.5,735110.0,24806.4,25491.0,152522.6,148816.5,22805.0,19619.0,3186.0,37181.322,29070.036,8111.286,1480.0,365.0,1115.0,3195.924,436.37,2759.554,6292.0,6006.0,287.0,8683.872,8114.205,569.667
FRA,1988,816665.4,790230.2,24720.4,24416.6,160810.3,155921.30000000002,23030.0,19876.0,3154.0,37766.285,29655.357,8110.928,1425.0,361.0,1064.0,3094.375,442.181,2652.194,6346.0,6056.0,291.0,8775.194,8210.331,564.863
FRA,1989,882142.0,854872.6,29269.5,25730.0,169231.7,163376.8,23434.0,20330.0,3104.0,38097.787,30105.063,7992.724,1369.0,359.0,1010.0,2928.925,427.454,2501.47,6455.0,6162.0,293.0,8895.798,8310.55,585.248
FRA,1990,933938.3,908136.6,31089.0,31288.0,179712.30000000002,172563.8,23650.0,20616.0,3034.0,38363.51,30558.061,7805.449,1306.0,357.0,950.0,2780.0,434.835,2345.165,6518.0,6224.0,295.0,8857.345,8312.82,544.525
FRA,1991,969973.2,946034.1,26765.2,28178.7,189671.3,183635.9,23711.0,20781.0,2930.0,38281.71,30584.898,7696.813,1251.0,363.0,888.0,2747.732,441.265,2306.467,6644.0,6350.0,294.0,9081.71,8478.869,602.841
FRA,1992,1009419.1,987542.2,27580.5,30744.4,201065.2,193151.8,23571.0,20772.0,2799.0,37969.33,30614.404,7354.926,1202.0,371.0,832.0,2545.847,428.622,2117.225,6756.0,6466.0,289.0,9226.801,8630.918,595.883
FRA,1993,1021961.9,1006372.8,24644.3,25946.0,212207.8,205642.4,23342.0,20672.0,2670.0,37397.789,30330.792,7066.997,1144.0,371.0,773.0,2475.053,442.366,2032.687,6901.0,6609.0,292.0,9422.49,8822.416,600.074
FRA,1994,1049150.1,1043090.6,26634.5,24785.1,221458.9,215818.2,23471.0,20897.0,2573.0,37544.923,30633.545,6911.377,1093.0,374.0,720.0,2402.997,458.546,1944.451,7036.0,6735.0,301.0,9618.019,8989.529,628.49
FRA,1995,1085115.5,1075019.2,28079.9,27837.1,231380.99999999997,226285.4,23712.0,21219.0,2492.0,37443.134,30738.132,6705.003,1060.0,385.0,675.0,2293.827,459.879,1833.947,7144.0,6838.0,306.0,9631.755,8996.732,635.023
FRA,1996,1110431.3,1101029.1,28371.9,29984.2,240589.0,231469.2,23852.0,21431.0,2421.0,37569.075,30967.561,6601.514,1033.0,397.0,636.0,2263.307,472.552,1790.755,7252.0,6942.0,310.0,9801.344,9164.23,637.114
FRA,1997,1149286.3,1138347.4,28572.1,28399.5,248196.8,242704.0,24040.0,21673.0,2368.0,37836.247,31245.141,6591.106,1013.0,409.0,604.0,2263.852,482.37,1781.482,7329.0,7016.0,313.0,9890.184,9228.741,661.443
FRA,1998,1199979.9,1189747.0,30097.7,29467.8,254000.6,248398.7,24463.0,22141.0,2322.0,38282.8,31765.894,6516.906,997.0,423.0,575.0,2210.837,486.187,1724.65,7400.0,7085.0,315.0,9901.081,9262.553,638.528
FRA,1999,1243960.6,1240989.7,29531.4,31645.7,262760.0,256036.2,25058.0,22753.0,2305.0,39107.296,32625.627,6481.669,975.0,423.0,552.0,2159.714,503.692,1656.022,7502.0,7183.0,320.0,10054.906,9406.076,648.83
FRA,2000,1319254.3,1295327.3,29241.9,29413.2,270662.0,262736.4,25690.0,23398.0,2292.0,39617.701,33092.256,6525.445,939.0,402.0,537.0,2207.802,506.595,1701.207,7614.0,7295.0,320.0,9972.77,9354.477,618.293
FRA,2001,1373817.1,1344081.0,30636.0,28498.0,280806.6,274518.19999999995,26059.0,23796.0,2263.0,39691.245,33280.363,6410.882,915.0,387.0,528.0,2151.837,500.755,1651.082,7653.0,7340.0,314.0,9846.416,9236.062,610.354
FRA,2002,1417481.7,1387947.9,30048.0,32272.2,294807.0,281758.19999999995,26188.0,23934.0,2254.0,39012.782,32776.707,6236.076,888.0,368.0,520.0,2035.136,482.215,1552.921,7709.0,7397.0,312.0,9570.467,8960.819,609.648
FRA,2003,1457776.7,1430159.0,28319.2,25420.2,306776.5,296871.6,26197.0,23944.0,2254.0,39121.543,32845.836,6275.707,867.0,362.0,505.0,2015.997,478.331,1537.665,7790.0,7474.0,316.0,9734.143,9108.373,625.771
FRA,2004,1521910.0,1502590.8,29176.2,34381.4,319212.39999999997,312684.80000000005,26232.0,23958.0,2274.0,39800.789,33390.98,6409.809,868.0,373.0,495.0,2001.561,493.588,1507.973,7823.0,7499.0,324.0,9972.314,9330.009,642.304
FRA,2005,1579667.7,1548406.2,27888.0,27517.2,333102.1,323349.2,26413.0,24103.0,2311.0,40110.465,33640.505,6469.96,856.0,370.0,486.0,1984.228,497.49,1486.739,7904.0,7570.0,334.0,10089.279,9429.043,660.235
FRA,2006,1649439.9,1622810.2,26343.9,28048.6,345043.5,338571.7,26702.0,24365.0,2338.0,40142.836,33641.128,6501.708,829.0,358.0,471.0,1964.584,492.188,1472.396,7993.0,7651.0,342.0,10104.705,9435.087,669.618
FRA,2007,1736159.9,1693151.2,29392.3,26144.0,359300.7,348138.0,27089.0,24729.0,2360.0,41320.197,34714.682,6605.515,806.0,351.0,454.0,1910.292,489.655,1420.637,8102.0,7754.0,348.0,10464.441,9774.902,689.539
FRA,2008,1787460.6,1747146.5,28264.1,30611.1,372404.8,363536.0,27228.0,24848.0,2380.0,41711.103,35093.129,6617.974,781.0,338.0,443.0,1812.756,486.967,1325.79,8143.0,7788.0,355.0,10547.971,9855.532,692.44
FRA,2009,1743573.3,1740636.5,23857.6,30017.3,386530.3,379148.2,26922.0,24529.0,2394.0,40922.261,34301.233,6621.027,761.0,326.0,435.0,1787.043,467.383,1319.661,8220.0,7848.0,372.0,10596.174,9871.533,724.642
FRA,2010,1792597.6,1774862.4,29958.7,23157.9,395479.5,389627.0,26948.0,24489.0,2459.0,41177.446,34449.877,6727.569,745.0,320.0,426.0,1756.774,465.188,1291.586,8259.0,7864.0,395.0,10691.952,9923.923,768.029
FRA,2011,1845782.1,1838030.5,31991.5,31281.5,408022.0,402925.6,27156.0,24601.0,2555.0,41649.168,34752.011,6897.158,740.0,321.0,419.0,1716.207,466.876,1249.331,8247.0,7842.0,405.0,10722.791,9932.223,790.568
FRA,2012,1866716.6,1853109.2,31866.1,29232.9,416840.4,413819.1999999999,27253.0,24611.0,2642.0,41639.912,34620.535,7019.377,736.0,321.0,414.0,1706.963,471.941,1235.022,8251.0,7834.0,417.0,10687.711,9889.218,798.492
FRA,2013,1894345.0,1882106.8,28866.5,31291.5,426695.1,422317.8,27305.0,24558.0,2748.0,41306.925,34240.733,7066.192,739.0,322.0,417.0,1682.531,474.977,1207.554,8326.0,7884.0,441.0,10666.499,9856.133,810.366
FRA,2014,1921806.4,1917070.4,31477.8,33174.0,434009.4,431699.5,27452.0,24653.0,2799.0,41292.763,34241.027,7051.736,743.0,327.0,416.0,1651.928,473.795,1178.132,8420.0,7958.0,462.0,10764.818,9932.014,832.804
FRA,2015,1960327.3,1937554.6,33100.3,31440.3,437895.0,435531.0,27521.0,24721.0,2800.0,41400.748,34334.533,7066.214,740.0,334.0,406.0,1622.044,472.935,1149.109,8478.0,7996.0,482.0,10824.641,9923.641,901.0
FRA,2016,1983737.7,1973652.0,29861.4,28833.0,443863.3000000001,442050.6,27720.0,24920.0,2800.0,41784.943,34735.658,7049.286,734.0,336.0,397.0,1610.016,480.238,1129.779,8524.0,8022.0,502.0,10906.085,9960.954,945.131
FRA,2017,2029705.8,2022521.8,32884.7,32237.5,454297.7,448000.29999999993,28047.0,25222.0,2824.0,41847.29,34865.325,6981.965,730.0,337.0,393.0,1578.557,478.996,1099.561,8566.0,8046.0,519.0,10819.49,9868.21,951.28
FRA,2018,2081977.9,2062644.4,36063.0,34114.9,459589.49999999994,456409.9,28328.0,25463.0,2865.0,42482.169,35403.374,7078.795,731.0,347.0,385.0,1570.17,484.545,1085.626,8551.0,8018.0,533.0,10762.998,9794.671,968.327
FRA,2019,2150689.8,2125822.9,34252.4,35210.1,467691.3,463429.1999999999,28662.0,25704.0,2958.0,43118.594,35846.958,7271.636,730.0,353.0,377.0,1541.248,482.271,1058.977,8576.0,8025.0,551.0,10846.345,9838.395,1007.95
FRA,2020,2056545.2,1993755.6,33856.9,31850.0,471588.3000000001,444455.1,28645.0,25610.0,3036.0,39840.947,32967.112,6873.835,724.0,359.0,365.0,1479.761,469.417,1010.344,8605.0,8050.0,555.0,10552.679,9575.86,976.818
FRA,2021,2212764.4,2191102.5,36702.2,32231.3,501978.3,501013.6999999999,29395.0,26248.0,3148.0,43169.828,35813.019,7356.809,711.0,355.0,356.0,1465.276,488.604,976.672,8728.0,8161.0,567.0,10949.607,9941.692,1007.915
FRA,2022,2368609.4,2278574.8,45653.3,39223.0,521099.8,511200.7,30064.0,26808.0,3256.0,45035.896,37319.729,7716.167,713.0,363.0,349.0,1450.151,503.397,946.754,8770.0,8181.0,589.0,10991.477,9950.822,1040.655
FRA,2023,2538450.4,2415865.2,41967.3,46294.6,540282.9,522231.00000000006,30376.0,27055.0,3321.0,45599.31,37789.071,7810.24,706.0,365.0,342.0,1415.06,506.978,908.083,8820.0,8216.0,604.0,11087.905,10027.812,1060.093
FRA,2024,2611095.0,2577469.9,37952.7,35761.9,564608.9,548489.8999999999,30592.0,27182.0,3410.0,46271.435,38269.664,8001.772,700.0,367.0,334.0,1407.764,519.741,888.023,8934.0,8312.0,622.0,11299.281,10210.898,1088.383
FRA,2025,,,,,,,30638.0,27133.0,3505.0,45954.911,37882.49,8072.421,691.0,365.0,326.0,1374.259,516.772,857.488,8960.0,8319.0,640.0,11221.403,10124.679,1096.724
GBR,1980,,,,,,,24994.514471,22771.125104,2233.453814,,,,,,,,,,,,,,,
GBR,1981,,,,,,,24177.959875,21833.931355,2352.15741,,,,,,,,,,,,,,,
GBR,1982,,,,,,,23739.200336,21331.565901,2412.422312,,,,,,,,,,,,,,,
GBR,1983,,,,,,,23693.015121,21184.464414,2512.863816,,,,,,,,,,,,,,,
GBR,1984,,,,,,,24225.992499,21463.864722,2764.880682,,,,,,,,,,,,,,,
GBR,1985,,,,,,,24480.011179,21611.891375,2868.974604,,,,,,,,,,,,,,,
GBR,1986,,,,,,,24561.297157,21617.442375,2942.936076,,,,,,,,,,,,,,,
GBR,1987,,,,,,,25119.21455,21970.856009,3146.558398,,,,,,,,,,,,,,,
GBR,1988,,,,,,,26017.978827,22641.601782,3373.008335,,,,,,,,,,,,,,,
GBR,1989,,,,,,,26757.865966,23130.089738,3623.198991,,,,,,,,,,,,,,,
GBR,1990,,,,,,,26881.642342,23230.932895,3644.200397,,,,,,,,,,,,,,,
GBR,1991,,,,,,,26103.883327,22579.615621,3519.105069,,,,,,,,,,,,,,,
GBR,1992,,,,,,,25521.949622,22082.801166,3435.099447,,,,,,,,,,,,,,,
GBR,1993,,,,,,,25329.819129,21874.638685,3449.70912,,,,,,,,,,,,,,,
GBR,1994,,,,,,,25529.339256,21969.930843,3552.889938,43951.088,36672.529,7268.499,476.952991,245.318425,229.803425,1118.12,493.249,653.0,6054.125007,5697.366741,350.114808,9164.006,8591.904,561.141
GBR,1995,775590.0,,10516.0,,124667.0,,25814.339,22133.085,3681.255,44547.982,37028.687,7519.295,476.771,228.053,248.718,1141.657,460.958,680.7,6024.778,5644.022,380.757,9136.416,8526.417,610.0
GBR,1996,830293.0,798140.0,9782.0,10137.0,130143.0,125314.0,26056.249,22429.81,3626.439,45025.049,37641.901,7383.148,464.679,232.143,232.536,1093.326,461.951,631.375,6073.144,5674.03,399.113,9302.821,8648.278,654.543
GBR,1997,867029.0,864808.0,9068.0,10010.0,131837.0,130114.0,26522.786,22956.049,3566.738,45224.437,38124.668,7099.77,476.673,256.112,220.561,1110.172,517.803,592.369,6071.883,5676.371,395.512,9097.074,8479.63,617.444
GBR,1998,904094.0,895691.0,9375.0,10556.0,136781.0,133568.0,26793.53,23348.302,3445.228,46097.515,39339.423,6758.091,451.704,255.2,196.505,1036.907,512.4,524.505,6026.663,5642.538,384.125,9151.289,8577.518,573.772
GBR,1999,939664.0,931365.0,8968.0,10705.0,144031.0,137207.0,27167.078,23762.955,3404.123,46515.69,39911.549,6604.142,408.603,238.832,169.772,937.846,484.888,452.958,6175.408,5778.141,397.267,9425.31,8826.002,599.309
GBR,2000,991522.0,982791.0,8895.0,9687.0,153699.0,145509.0,27483.293,24118.978,3364.316,46697.398,40196.959,6500.439,375.335,220.663,154.672,871.115,441.418,429.696,6321.887,5915.262,406.625,9532.028,8925.306,606.724
GBR,2001,1035524.0,1015510.0,8726.0,9031.0,168797.0,161242.0,27711.393,24316.507,3394.886,47074.508,40513.575,6560.932,348.251,203.191,145.059,788.355,396.384,391.972,6397.576,6001.173,396.403,9678.705,9079.694,599.01
GBR,2002,1075364.0,1051293.0,10749.0,10756.0,180056.0,167621.0,27943.903,24508.161,3435.743,46982.889,40493.207,6489.681,343.367,203.508,139.859,759.308,400.822,358.486,6580.277,6191.11,389.167,9973.758,9388.418,585.34
GBR,2003,1137060.0,1109466.0,10494.0,10386.0,195127.0,182250.0,28223.073,24558.255,3664.818,47113.494,40328.598,6784.896,347.577,193.512,154.065,778.136,382.636,395.499,6795.189,6378.292,416.896,10221.312,9613.042,608.27
GBR,2004,1193919.0,1160794.0,9840.0,9396.0,210929.0,199228.0,28533.454,24811.515,3721.939,47212.418,40364.962,6847.455,357.511,206.651,150.86,803.472,406.819,396.654,7018.764,6589.316,429.448,10449.713,9831.687,618.027
GBR,2005,1264406.0,1230298.0,7678.0,10695.0,227183.0,214431.0,28853.15,25112.583,3740.567,48249.271,41334.222,6915.051,371.933,215.615,156.319,820.263,411.605,408.658,7172.447,6737.627,434.82,10873.409,10221.318,652.091
GBR,2006,1331969.0,1294101.0,8500.0,7654.0,238833.0,226136.0,29140.451,25294.53,3845.92,48565.806,41510.664,7055.142,365.377,213.526,151.85,816.548,414.959,401.589,7304.192,6819.762,484.431,10983.39,10270.268,713.122
GBR,2007,1397250.0,1371015.0,8586.0,7613.0,249160.0,238671.0,29378.747,25454.971,3923.775,49025.09,41913.126,7111.963,361.29,206.919,154.371,794.712,399.559,395.152,7299.623,6819.307,480.315,10976.563,10279.732,696.832
GBR,2008,1450640.0,1399792.0,10732.0,10704.0,260299.0,247493.0,29627.564,25681.438,3946.127,48798.582,41756.789,7041.793,374.21,204.829,169.381,821.064,391.048,430.016,7378.303,6874.886,503.418,10967.558,10240.416,727.142
GBR,2009,1420781.0,1384760.0,10618.0,9982.0,272518.0,259098.0,29154.264,25197.143,3957.121,47854.656,40868.966,6985.689,390.013,192.929,197.085,927.252,390.802,536.452,7556.619,7046.27,510.349,11253.163,10538.671,714.489
GBR,2010,1456269.0,1455133.0,9141.0,9084.0,282374.0,274003.0,29226.867,25143.316,4083.551,47643.888,40484.633,7159.257,416.68,196.487,220.192,996.916,404.362,592.553,7745.131,7204.396,540.735,11375.162,10628.756,746.405
GBR,2011,1491648.0,1469177.0,11760.0,11363.0,288794.0,285724.0,29374.489,25215.811,4158.678,48274.745,41011.456,7263.29,410.707,190.813,219.894,971.28,387.612,583.667,7722.467,7170.689,551.777,11439.227,10674.104,765.123
GBR,2012,1539594.0,1517232.0,10757.0,10358.0,294858.0,291652.0,29694.324,25362.589,4331.735,49233.128,41701.121,7532.006,410.114,203.566,206.548,925.806,408.344,517.462,7697.609,7144.09,553.518,11623.319,10874.455,748.864
GBR,2013,1597544.0,1564949.0,11466.0,10176.0,296233.0,291822.0,30041.77,25669.109,4372.661,50113.903,42449.759,7664.144,374.475,191.626,182.849,872.454,393.47,478.984,7811.362,7233.309,578.053,11839.652,11028.033,811.619
GBR,2014,1673299.0,1649218.0,13837.0,15756.0,303346.0,295716.0,30752.516,26078.556,4673.96,51506.655,43305.184,8201.471,436.462,206.563,229.9,1017.154,418.959,598.194,7842.969,7210.259,632.71,11938.609,11065.908,872.699
GBR,2015,1720591.0,1704887.0,12215.0,12605.0,311723.0,306603.0,31285.035,26606.635,4678.401,51854.295,43792.86,8061.436,398.74,202.774,195.966,911.683,414.69,496.993,7890.799,7238.562,652.237,11886.847,10958.065,928.783
GBR,2016,1787743.0,1761321.0,11838.0,11677.0,322405.0,317066.0,31745.325,26853.889,4891.435,53094.753,44579.35,8515.402,396.315,199.538,196.777,922.318,409.322,512.993,7913.827,7213.675,700.152,11952.107,10983.036,969.073
GBR,2017,1871505.0,1843824.0,12712.0,12441.0,333960.0,332597.0,32060.17,27145.621,4914.55,53567.554,45056.23,8511.324,416.295,200.197,216.098,968.63,430.421,538.21,7928.316,7279.745,648.571,11990.493,11094.799,895.693
GBR,2018,1939546.0,1899136.0,12228.0,10958.0,346085.0,338853.0,32442.967,27548.023,4894.944,54028.652,45673.117,8355.533,405.185,204.86,200.326,947.541,438.484,509.057,8021.085,7332.239,688.846,12125.692,11184.473,941.217
GBR,2019,2014747.0,1965867.0,12998.0,14212.0,366370.0,348746.0,32918.729,27828.853,5089.876,54872.596,46208.828,8663.766,399.017,200.274,198.744,910.297,402.909,507.387,8126.4,7394.784,731.616,12363.732,11361.807,1001.924
GBR,2020,1918391.0,1821942.0,14528.0,12876.0,379435.0,300804.0,32554.923,27879.982,4674.941,48471.039,41902.075,6568.965,395.112,216.083,179.029,877.083,421.641,455.443,8280.247,7565.409,714.838,11988.811,11182.727,806.084
GBR,2021,2086257.0,2084224.0,16217.0,14942.0,406519.0,438577.0,32551.369,28232.605,4318.764,52527.025,45803.314,6723.71,365.674,212.437,153.237,826.291,435.584,390.706,8402.95,7770.524,632.426,12970.167,12179.816,790.353
GBR,2022,2322457.0,2185096.0,17579.0,17454.0,434926.0,427263.0,32955.659,28631.155,4324.505,54526.677,47461.986,7064.692,349.917,201.539,148.378,751.658,398.069,353.59,8441.549,7771.241,670.309,13021.485,12130.712,890.774
GBR,2023,2497390.0,2331267.0,17839.0,16586.0,473216.0,450587.0,33348.734,28881.034,4467.7,54893.138,47586.455,7306.683,364.929,189.827,175.102,795.374,362.856,432.518,8605.844,7959.145,646.699,13279.236,12421.622,857.614
GBR,2024,,,,,,,33612.74,29175.132,4437.608,55890.803,48548.66,7342.144,358.009,186.474,171.535,804.898,369.916,434.982,8836.709,8170.212,666.496,13805.813,12891.622,914.192
GBR,2025,,,,,,,34160.08,29648.669,4511.411,56534.537,49134.373,7400.165,363.302,196.728,166.574,786.404,398.069,388.335,9103.745,8386.641,717.103,14091.796,13103.502,988.295
GRC,1995,83382.065,,6304.532,,12641.803,,4152.507,2461.262,1691.245,8984.63,4862.575,4122.055,767.528,142.311,625.217,1772.386,338.938,1433.449,759.704,702.658,57.046,1279.954,1136.38,143.575
GRC,1996,90907.459,84078.956,6205.166,6166.051,13514.673,13056.014,4132.133,2457.397,1674.736,8930.7,4845.756,4084.944,755.338,140.294,615.044,1744.243,334.136,1410.107,777.103,718.149,58.954,1310.864,1162.053,148.811
GRC,1997,99918.231,93911.288,6774.133,6470.108,15575.077,13832.953,4120.746,2465.784,1654.962,8891.189,4855.523,4035.666,727.592,135.468,592.124,1679.728,322.626,1357.101,778.616,719.641,58.975,1307.643,1158.985,148.658
GRC,1998,109247.337,104151.2,7388.175,7167.878,17467.177,16184.057,4298.7,2579.072,1719.628,9272.884,5085.85,4187.034,726.916,138.633,588.283,1678.072,330.116,1347.956,798.267,735.878,62.389,1341.255,1183.374,157.881
GRC,1999,114840.158,110814.103,7427.327,7530.45,18352.578,16856.136,4308.051,2642.41,1665.641,9270.34,5220.442,4049.897,728.893,133.745,595.148,1681.933,318.364,1363.569,804.769,748.852,55.917,1345.812,1203.71,142.102
GRC,2000,121095.289,119409.569,7492.287,7338.908,19625.167,19072.011,4324.316,2682.613,1641.703,9299.219,5285.272,4013.947,698.457,134.745,563.712,1612.406,320.811,1291.595,833.299,776.844,56.455,1397.645,1254.238,143.407
GRC,2001,130715.176,125868.553,7905.988,7580.448,22317.615,21012.961000000003,4334.453,2734.331,1600.122,9284.608,5386.88,3897.728,648.569,126.1,522.469,1497.118,300.059,1197.059,838.023,776.188,61.835,1405.236,1257.295,147.942
GRC,2002,141238.877,136874.092,8296.337,7885.819,24700.911,22539.527,4440.866,2846.975,1593.891,9465.217,5593.868,3871.35,637.918,123.136,514.782,1472.586,293.154,1179.432,867.109,814.548,52.561,1439.956,1308.654,131.302
GRC,2003,155704.469,149932.449,9268.966,8426.699,26375.956,25461.131,4491.122,2899.447,1591.675,9564.337,5696.604,3867.733,621.412,119.939,501.473,1434.41,285.537,1148.873,879.102,825.364,53.738,1457.069,1323.078,133.991
GRC,2004,169962.406,165354.317,8594.63,9424.303,30501.013999999996,28609.713000000003,4606.833,3005.567,1601.266,9735.132,5850.729,3884.403,551.546,106.171,445.375,1273.476,252.841,1020.634,973.136,911.033,62.103,1615.9,1461.03,154.87
GRC,2005,174351.582,171775.777,8720.357,8850.485,32488.843,31286.873,4652.092,2983.529,1668.563,10071.111,6013.534,4057.577,557.868,75.543,482.325,1286.938,102.663,1184.275,956.641,896.903,59.738,1721.277,1575.317,145.959
GRC,2006,189484.433,183495.387,7040.954,7464.06,34944.981,34038.399999999994,4742.951,3070.723,1672.228,10190.83,6218.055,3972.775,550.486,85.937,464.549,1287.046,205.814,1081.232,997.097,933.748,63.349,1794.339,1640.786,153.552
GRC,2007,201855.134,195090.589,7233.282,6488.491,37743.888,36203.994,4806.731,3151.036,1655.695,10270.706,6407.043,3863.663,539.812,84.771,455.041,1229.375,202.468,1026.906,1021.932,955.307,66.625,1821.6,1663.884,157.716
GRC,2008,210563.872,202447.554,6911.53,7416.242,40253.771,36936.339,4867.126,3212.391,1654.735,10336.126,6503.144,3832.982,537.84,84.428,453.412,1176.717,198.243,978.474,1014.094,951.81,62.284,1822.775,1664.486,158.289
GRC,2009,209179.254,203645.271,6855.867,6862.616,43811.34,39569.715,4835.998,3186.538,1649.46,10148.379,6394.386,3753.993,551.452,86.599,464.853,1203.87,206.808,997.062,1009.417,945.636,63.781,1800.74,1653.932,146.808
GRC,2010,197195.619,196976.684,6515.897,6566.674,42086.350999999995,44397.895,4706.437,3138.25,1568.187,9587.642,6030.384,3557.258,544.208,109.817,434.391,1187.842,243.542,944.3,1015.605,948.713,66.892,1680.828,1558.272,122.556
GRC,2011,178347.308,179695.0,6230.09,6691.191,38155.824,39678.547999999995,4505.137,3001.991,1503.146,9268.543,5816.847,3451.696,532.636,110.202,422.434,1175.813,239.562,936.251,995.288,924.502,70.786,1703.894,1568.585,135.309
GRC,2012,163766.192,165509.121,6356.045,6578.392,35532.212,36382.185,4325.833,2850.294,1475.539,9080.87,5557.5,3523.37,529.996,112.327,417.669,1258.211,234.399,1023.811,964.282,894.396,69.886,1682.427,1541.338,141.089
GRC,2013,157795.283,161039.315,5969.42,5813.53,32475.811,34452.204,4300.666,2852.695,1447.971,9058.323,5558.607,3499.716,527.581,110.87,416.711,1317.532,237.081,1080.451,961.303,888.825,72.478,1700.695,1561.343,139.352
GRC,2014,155355.365,157977.624,6221.43,6294.335,31764.957,32140.951,4453.731,2998.741,1454.99,9158.616,5746.849,3411.768,530.276,126.416,403.86,1285.111,261.106,1024.005,981.692,902.699,78.993,1714.744,1569.38,145.365
GRC,2015,154780.625,155366.32,6701.559,6084.692,31587.264,32436.96,4322.573,2978.989,1343.584,8823.481,5704.956,3118.525,511.749,147.912,363.837,1163.589,304.342,859.247,975.924,898.489,77.435,1707.16,1553.404,153.756
GRC,2016,152015.611,154243.709,6032.644,6152.212,31104.325999999997,31455.872,4469.514,3154.022,1315.492,9159.918,6113.23,3046.688,499.829,146.466,353.363,1158.644,319.905,838.739,991.06,913.742,77.318,1718.792,1574.608,144.184
GRC,2017,154782.296,155429.897,6655.719,6742.759,31014.514000000003,30584.95,4446.627,3149.11,1297.517,9132.782,6062.064,3070.717,503.293,141.795,361.498,1202.252,298.409,903.843,992.365,911.695,80.67,1721.688,1575.598,146.09
GRC,2018,156634.919,157453.964,6368.022,6475.343,31186.956,30889.725,4650.344,3377.196,1273.148,9620.558,6574.035,3046.523,507.274,147.367,359.907,1202.158,319.035,883.122,1013.398,934.114,79.284,1779.335,1611.678,167.657
GRC,2019,160732.626,159410.158,6780.446,6665.738,31453.315,31020.587,4751.956,3478.726,1273.23,9612.781,6669.75,2943.031,498.653,150.287,348.366,1070.516,311.31,759.206,1031.081,950.274,80.807,1801.08,1638.456,162.625
GRC,2020,147236.264,146108.252,6573.965,6222.234,31207.292,31243.668,4629.794,3344.697,1285.097,8475.969,5783.748,2692.221,481.101,139.111,341.99,1071.808,274.837,796.971,1047.39,963.87,83.52,1703.875,1572.978,130.897
GRC,2021,161015.426,159199.441,6518.685,6384.15,32161.588,31714.249,4865.559,3534.673,1330.886,9515.148,6530.747,2984.401,504.551,114.841,389.71,1164.126,246.898,917.228,1064.189,974.535,89.654,1818.174,1650.193,167.981
GRC,2022,182631.289,169148.25,7835.086,7468.923,33515.878,32648.53,5037.386,3687.295,1350.091,10054.494,6954.672,3099.821,508.285,116.314,391.971,1191.382,237.059,954.323,1076.053,984.424,91.629,1825.802,1659.072,166.73
GRC,2023,196050.866,186763.174,8408.254,6734.226,34337.228,33382.949,5135.815,3760.378,1375.437,10260.971,7176.964,3084.007,518.675,120.133,398.542,1161.92,236.622,925.298,1079.415,987.642,91.773,1869.059,1694.755,174.304
GRC,2024,205426.491,199339.922,8914.322,8449.5,36208.237,34667.986999999994,5183.478,3815.117,1368.361,10391.466,7247.268,3144.198,508.365,116.677,391.688,1215.86,241.036,974.824,1086.323,992.891,93.432,1857.102,1682.869,174.233
GRC,2025,,,,,,,5225.997,3927.774,1298.223,10333.141,7401.633,2931.508,453.96,110.516,343.444,1083.835,226.696,857.139,1083.516,999.089,84.427,1845.119,1696.894,148.225
HRV,1995,12981.486,,888.2,,1847.142,,1557.177,1182.727,374.45,2994.849,2312.424,682.425,228.059,36.439,191.62,387.471,66.643,320.828,279.099,269.899,9.2,520.392,503.438,16.953
HRV,1996,14488.875,13773.613,968.324,910.714,2255.295,1907.205,1555.701,1181.201,374.5,2991.927,2309.404,682.523,228.062,36.42,191.643,387.482,66.61,320.873,278.815,269.615,9.2,519.857,502.901,16.956
HRV,1997,16512.623,15500.42,1029.998,983.604,2642.615,2314.036,1556.089,1180.884,375.205,2992.653,2308.848,683.805,228.404,36.399,192.005,388.055,66.575,321.48,278.538,269.321,9.218,519.343,502.356,16.987
HRV,1998,17971.117,16885.707,1155.853,1081.978,3281.094,2683.6270000000004,1551.395,1177.763,373.633,2983.495,2302.549,680.946,227.761,36.559,191.203,387.002,66.87,320.132,278.282,269.107,9.175,518.881,501.964,16.917
HRV,1999,18564.288,17918.128,1205.276,1105.937,3632.484,3379.872,1552.161,1177.496,374.665,2985.015,2302.196,682.819,228.103,36.373,191.73,387.514,66.507,321.007,277.807,268.605,9.203,517.983,501.02,16.964
HRV,2000,19829.2,18982.505,1190.473,1219.099,3832.333,3670.197,1549.241,1167.501,381.74,2976.888,2281.171,695.717,233.151,37.813,195.338,396.178,69.084,327.094,279.043,269.666,9.378,520.264,502.981,17.283
HRV,2001,21391.438,20538.257,1278.195,1211.962,3758.837,3819.213,1537.616,1168.691,368.925,2956.398,2284.029,672.369,225.808,37.011,188.798,383.779,67.689,316.09,278.505,269.445,9.06,519.314,502.609,16.705
HRV,2002,23456.491,22526.397,1370.198,1336.354,3995.193,3792.038000000001,1548.764,1171.004,377.76,2978.169,2289.731,688.439,228.599,35.291,193.308,388.12,64.488,323.632,276.902,267.624,9.278,516.279,499.174,17.104
HRV,2003,26033.018,24844.03,1226.387,1270.49,4294.217,4031.222,1585.571,1200.296,385.275,3050.461,2348.319,702.142,233.356,36.208,197.148,396.54,66.364,330.176,277.526,268.061,9.465,517.401,499.964,17.437
HRV,2004,28317.325,27135.319,1485.798,1398.669,4726.754,4468.901,1597.565,1215.372,382.193,3076.415,2379.789,696.626,229.177,33.59,195.588,388.68,61.439,327.241,271.612,262.237,9.375,506.491,489.16,17.331
HRV,2005,30492.027,29514.267,1398.95,1421.193,4933.909,4748.38,1612.28,1222.882,389.398,3104.539,2394.828,709.711,231.765,32.527,199.238,393.309,59.607,333.703,273.09,263.523,9.568,509.136,491.505,17.631
HRV,2006,33173.1,31924.897,1570.981,1521.491,5260.805,5008.698,1661.877,1273.109,388.768,3203.55,2495.057,708.494,230.96,32.064,198.895,391.783,58.668,333.115,277.197,267.64,9.558,516.792,499.192,17.601
HRV,2007,36511.993,34807.574,1596.564,1495.069,5808.052,5310.590999999999,1712.883,1328.01,384.873,3305.289,2603.878,701.411,229.44,32.525,196.913,389.269,59.481,329.788,281.719,272.259,9.46,525.232,507.808,17.424
HRV,2008,39305.407,37239.607,1806.627,1711.904,6124.838000000001,5790.236,1747.905,1368.99,378.915,3375.52,2684.859,690.661,227.18,33.26,193.923,385.246,60.819,324.427,289.088,279.793,9.295,539.032,521.849,17.183
HRV,2009,38164.847,37079.234,1780.762,1768.723,6521.46,6216.456,1736.658,1360.658,376.0,3348.213,2668.207,680.006,234.367,31.562,202.805,391.859,55.727,336.133,308.788,301.335,7.453,583.643,569.707,13.936
HRV,2010,37745.833,37465.207,1621.29,1619.071,6639.359,6624.109,1670.308,1291.445,378.863,3243.477,2557.777,685.7,241.197,29.762,211.435,403.613,53.9,349.713,300.485,294.648,5.838,573.018,561.847,11.172
HRV,2011,38548.012,37831.525,1637.597,1577.416,6699.0960000000005,6677.74,1604.284,1240.722,363.563,3111.101,2453.66,657.441,237.249,33.562,203.688,400.395,60.925,339.469,276.032,269.225,6.808,535.03,521.718,13.311
HRV,2012,37689.36,37271.906,1470.912,1334.392,6634.126,6800.71,1551.875659,1238.305917,313.569741,3155.517,2581.371,574.147,185.183283,31.926644,153.256639,321.121,66.034,255.087,286.173938,273.969354,12.204583,588.123,564.494,23.629
HRV,2013,37546.902,37506.682,1549.07,1546.354,6521.277,6622.873,1503.520277,1221.843539,281.676738,3044.915,2527.751,517.164,156.580155,27.651321,128.928834,269.613,56.9,212.713,304.449334,292.391501,12.057833,621.55,595.75,25.8
HRV,2014,37293.517,37303.755,1318.573,1333.63,6464.508000000001,6451.039,1543.221619,1290.638956,252.582664,3109.937,2650.743,459.195,143.994825,38.701087,105.293738,234.887,79.023,155.864,333.338761,321.431595,11.907167,677.061,651.484,25.577
HRV,2015,37982.494,38134.78,1362.345,1350.202,6515.964,6506.674000000001,1559.409299,1303.044955,256.364343,3078.927,2614.411,464.517,142.274058,37.722808,104.55125,229.405,72.815,156.59,331.763372,319.829122,11.93425,657.096,631.084,26.013
HRV,2016,39278.007,39314.444,1455.426,1450.554,6717.450000000001,6606.789000000001,1550.899827,1321.351704,229.548123,3086.438,2651.521,434.917,115.779057,33.322057,82.457,199.008,63.753,135.256,323.146522,311.066022,12.0805,643.471,616.888,26.584
HRV,2017,40947.292,40379.136,1437.374,1423.723,6938.441,6817.4490000000005,1569.534101,1357.872294,211.661807,3158.511,2743.878,414.633,109.830652,34.422405,75.408247,206.833,69.693,137.14,334.428469,322.294969,12.1335,668.687,641.833,26.854
HRV,2018,42688.718,41968.633,1540.846,1526.147,7304.492,7041.546,1581.673391,1375.746883,205.926508,3162.446,2755.184,407.262,97.296983,33.279686,64.017297,185.276,66.666,118.611,337.892709,325.873375,12.019333,675.522,649.546,25.976
HRV,2019,44803.124,44067.996,1568.571,1560.823,7736.802,7479.304,1609.981936,1400.767658,209.214278,3210.473,2790.563,419.91,97.716175,33.089385,64.62679,190.391,64.014,126.377,360.507087,348.445003,12.062083,714.412,691.224,23.188
HRV,2020,41998.175,41544.227,1587.594,1599.178,8067.757,7681.051,1587.760126,1380.437497,207.322629,3138.502,2727.397,411.105,98.527548,36.51459,62.012958,192.102,72.613,119.489,354.752263,342.553763,12.1985,703.528,678.329,25.199
HRV,2021,47837.746,46909.714,1960.172,1733.188,8673.02,8496.811,1612.573486,1388.36994,224.203547,3182.378,2745.489,436.889,107.28575,38.06075,69.225,203.04,74.364,128.676,353.840906,341.581322,12.259583,695.054,667.729,27.325
HRV,2022,56304.423,51846.88,2294.262,1985.701,9247.17,8976.633,1642.523819,1414.409911,228.113908,3222.202,2779.443,442.759,94.5775,36.8275,57.75,179.846,71.667,108.18,358.420822,346.312572,12.10825,700.807,677.623,23.183
HRV,2023,66251.024,58565.887,2125.324,2292.966,10661.327,9499.671,1670.622891,1443.516422,227.106469,3296.599,2845.22,451.379,77.1515,33.3015,43.85,152.031,67.637,84.394,377.464446,365.524612,11.939833,741.358,717.036,24.322
HRV,2024,71236.831,68388.499,2487.721,2111.069,12433.806,11013.235,1763.838293,1534.56812,229.270173,3448.053,2994.98,453.073,78.294117,36.769117,41.525,158.226,72.788,85.438,380.807644,368.936894,11.87075,739.071,715.366,23.704
HRV,2025,,,,,,,1789.794632,1558.134818,231.659814,3482.46,3025.928,456.532,77.626476,36.346184,41.280292,155.941,70.144,85.797,397.682361,385.923694,11.758667,774.846,750.469,24.377
HUN,1992,,,,,,,4407.871295,,,,,,,,,,,,,,,,,
HUN,1993,,,,,,,4131.481883,,,,,,,,,,,,,,,,,
HUN,1994,,,,,,,4050.292494,,,,,,,,,,,,,,,,,
HUN,1995,4961823.0,,426297.0,,929051.0,,3911.45,3485.685,425.765,7625.271,6184.61,1440.661,330.938,236.666,94.272,1175.428,488.801,686.627,900.286,892.04,8.246,1663.222,1645.82,17.402
HUN,1996,6102953.0,5030666.0,528467.0,446949.0,1090124.0,934798.0,3904.379,3455.469,448.91,7603.972,6074.594,1529.378,341.384,240.265,101.119,1237.534,500.912,736.622,864.993,854.933,10.06,1565.384,1545.679,19.705
HUN,1997,7648826.0,6277074.0,575288.0,510516.0,1292202.0,1064897.0,3945.081,3494.368,450.713,7715.629,6201.475,1514.154,328.182,224.38,103.802,1193.524,463.816,729.708,851.707,842.795,8.912,1535.669,1517.885,17.784
HUN,1998,9026220.0,7939114.0,645736.0,598546.0,1519990.0,1315038.0,3980.964,3545.627,435.337,7748.569,6305.649,1442.92,311.754,215.805,95.949,1135.8,452.261,683.539,863.467,852.691,10.776,1564.567,1542.648,21.919
HUN,1999,10004943.0,9289523.0,634857.0,663232.0,1741930.0,1542791.0,4058.999,3585.647,473.352,7930.721,6406.493,1524.228,308.304,202.02,106.284,1117.014,416.741,700.273,852.492,839.828,12.664,1544.097,1517.827,26.27
HUN,2000,11373997.0,10437060.0,675786.0,571319.0,1994352.0,1847206.0,4085.74,3637.373,448.367,7900.315,6462.359,1437.956,287.258,182.571,104.687,1040.493,371.355,669.138,851.919,836.122,15.797,1528.74,1497.042,31.698
HUN,2001,13322203.0,11856298.0,775192.0,759986.0,2317931.0,2049827.0,4094.877,3661.235,433.642,7775.515,6436.841,1338.674,272.854,178.609,94.245,951.328,353.869,597.459,855.649,841.866,13.783,1536.758,1510.19,26.568
HUN,2002,15141593.0,13965914.0,762136.0,655937.0,2747333.0,2381232.0,4089.888,3660.694,429.194,7707.949,6388.0,1319.949,264.035,169.447,94.588,925.062,335.858,589.204,861.467,850.232,11.235,1516.455,1495.695,20.76
HUN,2003,16421119.0,15761867.0,746442.0,761716.0,3185176.0,2863389.0,4169.905,3750.634,419.271,7743.902,6522.928,1220.974,235.11,161.207,73.903,784.8,314.868,469.932,911.04,897.674,13.366,1605.489,1580.521,24.968
HUN,2004,18049858.0,17232775.0,918799.0,1120468.0,3361385.0,3203470.0,4131.146,3697.575,433.571,7680.649,6467.884,1212.765,218.761,143.378,75.383,723.175,280.22,442.955,900.313,883.308,17.005,1595.524,1561.267,34.257
HUN,2005,19450743.0,18813070.0,840855.0,865876.0,3589209.0,3425791.0,4101.892,3712.834,389.058,7525.227,6449.479,1075.748,209.724,141.683,68.041,674.509,274.999,399.51,870.622,856.296,14.326,1524.271,1495.924,28.347
HUN,2006,21117353.0,20206537.0,860692.0,787264.0,3782251.0,3626332.0,4138.551,3758.908,379.643,7508.804,6458.705,1050.099,204.642,137.744,66.898,653.222,266.122,387.1,875.854,861.604,14.25,1499.419,1471.613,27.806
HUN,2007,22130723.0,21175301.0,897437.0,688274.0,3867091.0,3777507.0,4113.912,3746.377,367.535,7356.128,6357.395,998.733,194.215,137.117,57.098,616.303,268.639,347.664,832.113,819.033,13.08,1406.58,1382.21,24.37
HUN,2008,23329414.0,22312909.0,947211.0,1394596.0,4110938.0,3875392.0,4032.228,3644.214,388.014,7224.384,6210.141,1014.243,180.282,124.707,55.575,576.349,247.215,329.134,802.642,787.369,15.273,1356.565,1328.276,28.289
HUN,2009,22495168.0,21739381.0,792784.0,818080.0,4032884.0,4089289.0,3957.494,3638.124,319.37,6959.856,6091.577,868.279,163.597,112.767,50.83,536.323,217.44,318.883,856.249,840.634,15.615,1426.215,1397.133,29.082
HUN,2010,23275263.0,22784242.0,824777.0,617009.0,4045393.0,4073378.0,3925.603,3603.976,321.627,6936.071,6077.497,858.574,163.125,113.795,49.33,530.217,220.859,309.358,880.946,865.956,14.99,1490.023,1462.816,27.207
HUN,2011,24239026.0,23743539.0,1131996.0,961757.0,4033254.0,4127392.0,3921.944,3588.446,333.498,6879.959,6021.03,858.929,170.032,111.578,58.454,527.923,212.747,315.176,856.003,841.154,14.849,1428.288,1400.722,27.566
HUN,2012,24331977.0,23914155.0,1124525.0,890662.0,4125396.0,4105066.0,3958.722,3622.895,335.827,6883.326,6040.99,842.336,191.23,121.267,69.963,557.359,230.156,327.203,874.107,858.612,15.495,1457.176,1429.828,27.348
HUN,2013,25623570.0,24989824.0,1190229.0,1291613.0,4350300.0,4342325.0,4017.937,3728.7,289.237,6966.856,6202.954,763.902,171.373,116.421,54.952,533.129,225.233,307.896,923.595,911.539,12.056,1531.52,1510.687,20.833
HUN,2014,27740776.0,26799809.0,1295114.0,1370678.0,4663851.0,4372965.0,4196.247,3900.963,295.284,7338.997,6560.251,778.746,173.304,116.307,56.997,535.819,221.813,314.006,962.47,949.855,12.615,1619.069,1596.532,22.537
HUN,2015,29479307.0,28748333.0,1315901.0,1279551.0,4951574.0,4721413.0,4299.169,3999.439,299.73,7507.1,6738.373,768.727,174.635,117.169,57.466,516.846,218.111,298.735,1005.735,992.515,13.22,1704.284,1679.829,24.455
HUN,2016,30819577.0,30239735.0,1404444.0,1487622.0,5376724.0,5041862.0,4441.587,4130.306,311.281,7820.399,7035.632,784.767,187.986,125.571,62.415,534.355,238.653,295.702,1031.596,1017.588,14.008,1797.968,1772.625,25.343
HUN,2017,33370173.0,32059532.0,1474683.0,1314397.0,5752540.0,5344996.0,4519.53,4191.314,328.216,7892.955,7096.474,796.481,193.419,129.374,64.045,520.641,239.875,280.766,995.679,980.354,15.325,1694.608,1666.683,27.925
HUN,2018,36809440.0,35322723.0,1512032.0,1550629.0,6202602.0,5806650.0,4607.871,4262.299,345.572,7967.149,7169.669,797.48,192.12,128.307,63.813,499.248,240.075,259.173,986.868,969.709,17.159,1670.204,1636.656,33.548
HUN,2019,40533359.0,38616881.0,1594046.0,1488112.0,6745736.0,6260539.0,4663.102,4297.791,365.311,8023.738,7224.312,799.426,187.081,127.111,59.97,470.514,237.621,232.893,971.485,953.029,18.456,1625.378,1594.329,31.049
HUN,2020,41249705.0,38665183.0,1641184.0,1460789.0,7138561.0,6458951.0,4568.52,4191.056,377.464,7575.419,6813.474,761.945,185.301,125.776,59.525,441.848,231.326,210.522,970.083,950.566,19.517,1623.885,1596.739,27.146
HUN,2021,47072358.0,44396639.0,1921036.0,1666879.0,7907749.0,7293236.0,4679.593,4281.647,397.946,7904.131,7082.585,821.546,175.553,120.263,55.29,398.821,205.76,193.061,986.547,965.241,21.306,1630.507,1597.837,32.67
HUN,2022,56052434.0,49153101.0,2073490.0,1411946.0,9331712.0,8209926.0,4754.85,4347.812,407.038,8075.242,7221.549,853.693,160.937,113.842,47.095,355.634,197.825,157.809,972.499,950.957,21.542,1608.183,1570.119,38.064
HUN,2023,65082720.0,55930819.0,2202037.0,2896801.0,10318887.0,9255498.0,4784.368,4397.178,387.19,7984.708,7201.76,782.948,160.743,115.612,45.131,333.234,195.803,137.431,965.021,942.608,22.413,1590.535,1551.118,39.417
HUN,2024,70032921.0,65303248.0,2210300.0,2005344.0,11698612.0,10244388.0,4792.272,4401.693,390.579,8009.263,7247.415,761.848,158.448,113.454,44.994,322.118,195.212,126.906,965.171,941.048,24.123,1601.9,1560.645,41.255
HUN,2025,,,,,,,4811.31,4410.28,401.03,8038.227,7281.696,756.532,150.279,110.618,39.661,293.943,188.051,105.892,987.769,961.152,26.616,1628.192,1584.277,43.916
IDN,1986,,,,,,,65384.391,17341.354,14785.885,,,,,,,,,,,,,,,
IDN,1987,,,,,,,67578.96,18465.259,13781.025,,,,,,,,,,,,,,,
IDN,1988,,,,,,,69518.618,18929.823,14178.037,,,,,,,,,,,,,,,
IDN,1989,,,,,,,70426.724,19492.189,14209.019,,,,,,,,,,,,,,,
IDN,1990,,,,,,,73104.538,20798.44,14769.42,,,,,,,,,,,,,,,
IDN,1991,,,,,,,73911.624,22044.477,15278.35,,,,,,,,,,,,,,,
IDN,1992,,,,,,,75891.561,22729.472,15596.879,,,,,,,,,,,,,,,
IDN,1993,,,,,,,76718.265,24123.058,16298.867,,,,,,,,,,,,,,,
IDN,1994,,,,,,,79687.23,26739.373,16445.278,,,,,,,,,,,,,,,
IDN,1996,,,,,,,83552.361,28650.07,18203.239,,,,,,,,,,,,,,,
IDN,1997,,,,,,,85047.007,30208.924,19808.124,,,,,,,,,,,,,,,
IDN,1998,,,,,,,87292.541,28745.471,20457.274,,,,,,,,,,,,,,,
IDN,1999,,,,,,,88816.859,29383.548,21707.778,,,,,,,,,,,,,,,
IDN,2000,,,,,,,89837.73,29498.039,19501.33,,,,,,,,,,,,,,,
IDN,2001,,,,,,,90807.417,26579.0,17451.704,,,,,,,,,,,,,,,
IDN,2002,,,,,,,91647.166,25049.793,17632.909,,,,,,,,,,,,,,,
IDN,2003,,,,,,,92810.791,24149.886,16901.123,,,,,,,,,,,,,,,
IDN,2004,,,,,,,93722.036,25459.554,18309.288,,,,,,,,,,,,,,,
IDN,2005,,,,,,,93958.387,26027.953,17296.006,,,,,,,,,,,,,,,
IDN,2006,,,,,,,95456.935,26821.889,19504.632,,,,,,,,,,,,,,,
IDN,2007,,,,,,,99930.217,28042.39,20324.527,,,,,,,,,,,,,,,
IDN,2008,,,,,,,102552.75,28183.773,20921.567,,,,,,,,,,,,,,,
IDN,2009,,,,,,,104870.663,29114.041,21046.007,,,,,,,,,,,,,,,
IDN,2010,,,,,,,108207.767,32521.517,21030.571,,,,,,,,,,,,,,,
IDN,2011,,,,,,,107416.309,36912.535,18752.556,,,,39089.827,2862.14,4864.157,,,,9740.573,9462.505,182.194,,,
IDN,2012,,,,,,,112504.868,40868.63,18746.535,,,,39592.105,3332.883,4821.754,,,,9878.478,9546.892,183.247,,,
IDN,2013,,,,,,,112761.072,41123.849,19206.574,,,,39220.261,3262.768,5343.636,,,,9989.683,9709.917,173.11,,,
IDN,2014,,,,,,,114628.026,42382.148,20486.56,,,,38973.033,3360.254,5422.221,,,,10421.183,10113.248,197.518,,,
IDN,2015,,,,,,,114819.199,44434.39,19529.747,,,,37750.317,3579.929,5017.403,,,,11095.554,10798.459,183.735,,,
IDN,2016,,,,,,,118411.973,45827.785,20015.291,,,,37773.525,3225.217,5482.108,,,,12825.12,12534.213,169.888,,,
IDN,2017,,,,,,,121022.423,48047.068,23147.482,,,,35924.541,3271.699,5792.504,,,,12341.893,12014.209,168.537,,,
IRL,1995,49450.811,,3055.642,,8502.7,,1482.029,1167.136,314.893,2938.906,2179.601,759.305,139.186,25.448,113.738,395.558,80.555,315.003,236.976,226.816,10.16,386.501,366.0,20.501
IRL,1996,53516.197,52420.935,2820.99,3058.506,9217.402,8778.634,1507.766,1197.527,310.239,2962.348,2211.974,750.375,138.043,25.514,112.528,391.195,79.912,311.282,253.608,243.238,10.37,406.362,385.592,20.771
IRL,1997,61844.904,59114.394,2711.309,2945.437,9853.299,9254.056,1537.721,1231.076,306.645,2983.693,2250.665,733.028,137.393,25.739,111.655,384.306,79.964,304.341,270.889,259.341,11.548,427.356,406.124,21.232
IRL,1998,72754.141,67356.141,2795.256,2722.75,10292.525,10060.322,1590.097,1286.658,303.439,3049.771,2316.428,733.342,136.761,26.323,110.438,383.998,82.148,301.85,284.941,272.524,12.416,444.39,422.964,21.426
IRL,1999,82670.786,78847.151,2386.843,2430.518,11165.074,10750.016,1694.782,1381.09,313.692,3230.53,2473.129,757.401,140.954,27.32,113.635,399.198,86.574,312.624,303.803,291.487,12.316,468.781,448.527,20.254
IRL,2000,96721.759,89418.836,2717.73,2404.287,12854.771,11652.345,1769.159,1453.775,315.384,3350.33,2594.811,755.519,129.304,26.288,103.017,366.821,77.389,289.432,321.739,306.64,15.098,497.784,473.115,24.67
IRL,2001,108813.82,100406.452,2434.287,2374.485,14860.362,13187.847,1819.156,1502.511,316.644,3404.597,2657.926,746.671,124.828,23.569,101.259,348.294,70.377,277.917,338.162,324.496,13.666,524.351,502.507,21.844
IRL,2002,120604.618,115443.158,2359.983,2429.18,16861.566,15352.431,1847.083,1530.637,316.446,3427.607,2686.756,740.851,121.017,23.502,97.515,333.548,67.064,266.484,365.511,351.649,13.862,565.302,543.047,22.255
IRL,2003,128986.895,122169.223,2154.543,2478.513,19032.691,17229.809,1883.172,1565.234,317.938,3434.144,2709.609,724.535,116.959,23.33,93.629,318.837,65.842,252.995,386.056,371.349,14.707,586.086,563.401,22.685
IRL,2004,137429.175,135692.996,2459.668,2582.718,20970.917,19878.14,1945.187,1614.423,330.764,3519.733,2762.944,756.788,115.441,22.794,92.647,319.618,62.065,257.554,397.204,379.654,17.55,595.344,568.002,27.342
IRL,2005,149522.682,145800.7,1760.205,1900.165,22685.684,21791.637,2036.66,1702.092,334.567,3687.906,2921.417,766.49,112.708,21.635,91.073,315.152,58.024,257.128,423.756,406.468,17.288,633.832,606.497,27.336
IRL,2006,162578.076,156386.554,1703.361,1507.292,24857.259,23858.794,2128.51,1795.237,333.274,3810.58,3049.583,760.998,112.873,24.967,87.905,311.971,61.299,250.672,451.268,433.899,17.369,660.384,634.247,26.136
IRL,2007,175065.932,175290.291,2055.873,1848.672,27246.305,26278.506,2218.571,1857.45,361.121,3915.783,3119.303,796.48,112.188,23.598,88.59,305.916,59.202,246.715,468.691,449.527,19.164,682.833,654.716,28.117
IRL,2008,167334.953,171136.037,1591.959,2168.268,29536.688,27966.768,2196.056,1827.508,368.549,3800.642,3026.188,774.454,116.165,24.466,91.699,306.284,62.104,244.18,481.571,462.286,19.285,696.107,669.472,26.635
IRL,2009,152335.859,156669.366,945.846,1341.176,29486.82,29360.048,2012.283,1659.669,352.614,3376.814,2661.266,715.548,112.473,21.912,90.561,287.436,54.407,233.029,485.597,462.815,22.782,698.346,665.283,33.063
IRL,2010,152323.745,155075.209,1598.005,1121.611,27923.284,29650.852,1921.132,1589.859,331.273,3229.236,2557.17,672.066,110.49,24.46,86.029,283.574,62.498,221.076,487.707,464.422,23.285,704.094,670.959,33.134
IRL,2011,158278.78,155985.822,2085.775,1872.937,28077.004999999997,28492.967,1881.329,1563.919,317.41,3167.438,2512.73,654.708,107.799,26.327,81.472,275.698,62.636,213.061,480.034,458.054,21.981,692.57,662.629,29.941
IRL,2012,161459.832,153864.417,1741.996,1704.78,28202.489,27910.78,1873.992,1557.544,316.448,3145.526,2508.359,637.167,108.726,25.019,83.707,274.582,62.043,212.539,480.767,456.811,23.956,698.781,666.208,32.572
IRL,2013,169095.016,164983.08,1957.132,1777.539,27853.093999999997,28477.123,1929.378,1599.781,329.597,3273.786,2598.439,675.348,111.87,27.588,84.281,287.945,65.274,222.671,486.71,462.871,23.839,719.565,685.57,33.995
IRL,2014,186167.997,183690.931,2441.891,2479.159,28386.644,28127.949,1981.308,1647.203,334.105,3383.452,2692.935,690.517,108.149,27.221,80.928,279.797,62.643,217.155,497.48,472.758,24.722,743.997,708.874,35.124
IRL,2015,254663.652,228056.571,2365.307,2579.995,29210.362,29308.244,2051.926,1713.299,338.627,3487.138,2786.542,700.596,109.398,26.332,83.066,286.129,63.182,222.947,510.124,485.586,24.538,748.814,713.014,35.8
IRL,2016,257066.128,257164.239,2554.979,2599.515,30142.101,29678.081,2130.402,1784.846,345.555,3670.488,2947.087,723.402,112.441,27.443,84.997,294.483,68.025,226.458,518.301,493.537,24.764,770.255,734.839,35.417
IRL,2017,286712.852,276910.371,3453.131,2800.95,32006.267,31295.671,2197.567,1858.09,339.477,3835.919,3107.515,728.404,111.311,27.735,83.576,291.586,64.879,226.707,540.221,514.444,25.776,818.972,779.464,39.509
IRL,2018,315068.166,313513.312,3110.628,3298.016,33683.706999999995,33095.117999999995,2264.436,1923.018,341.419,3982.303,3250.464,731.839,108.317,26.814,81.504,285.346,62.908,222.438,562.643,536.382,26.26,869.88,832.413,37.467
IRL,2019,343049.328,331689.703,3469.824,3830.867,35945.633,35117.465,2336.252,1999.201,337.051,4112.196,3386.311,725.885,104.145,26.856,77.289,277.755,63.615,214.14,592.874,568.675,24.199,921.01,887.065,33.944
IRL,2020,358665.228,369445.05,3851.537,3481.876,36532.515,35396.888999999996,2278.708,1941.244,337.463,3727.341,3123.848,603.492,104.337,26.13,78.207,263.784,59.362,204.422,600.664,571.399,29.265,893.986,860.215,33.771
IRL,2021,422643.383,417766.854,4632.996,3984.387,39731.547000000006,38056.436,2430.329,2088.214,342.115,4011.252,3364.965,646.287,109.687,25.44,84.247,271.822,65.101,206.721,659.351,629.356,29.995,980.465,942.788,37.677
IRL,2022,496977.934,459764.865,6107.065,5110.288,43440.895,42164.281,2598.225,2233.83,364.396,4372.008,3657.282,714.727,104.245,24.548,79.697,262.179,60.047,202.133,694.792,663.355,31.437,1031.382,991.461,39.921
IRL,2023,499273.895,486648.48,4443.984,6695.612,47771.058999999994,45598.543999999994,2688.043,2318.956,369.087,4446.57,3741.772,704.797,108.225,27.331,80.894,262.551,61.399,201.152,727.982,692.89,35.092,1072.602,1028.138,44.463
IRL,2024,535877.385,512323.917,5746.942,4500.686,50720.407,48374.565,2760.205,2389.649,370.556,4539.629,3836.133,703.495,108.931,29.168,79.763,264.418,67.545,196.874,759.199,724.607,34.591,1107.266,1063.822,43.443
IRL,2025,,,,,,,2815.354,2429.701,385.653,4614.688,3873.447,741.241,109.27,30.732,78.538,266.255,70.799,195.456,781.994,745.611,36.384,1140.157,1090.5,49.657
ISL,1991,,,,,,,131.3,118.9,12.3,229.489,213.445,16.044,11.8,6.9,4.9,21.967,17.642,4.325,36.8,35.5,1.3,65.57,63.484,2.086
ISL,1992,,,,,,,132.0,119.5,12.4,231.355,215.367,15.988,12.0,7.2,4.8,22.175,18.084,4.091,38.4,37.1,1.4,67.458,65.264,2.193
ISL,1993,,,,,,,131.8,119.4,12.3,231.498,215.507,15.991,11.5,7.2,4.3,21.771,17.996,3.776,39.1,37.6,1.5,68.612,66.289,2.323
ISL,1994,,,,,,,131.7,119.0,12.7,232.348,216.126,16.222,11.5,7.2,4.3,21.277,17.692,3.586,39.7,38.1,1.6,68.942,66.516,2.426
ISL,1995,377738.997,363795.152,40496.301,37844.441,65536.604,60983.305,135.7,122.9,12.8,235.261,218.662,16.599,11.7,7.3,4.3,20.926,17.38,3.546,40.5,38.8,1.6,69.415,66.921,2.494
ISL,1996,402997.13,400499.347,42371.134,41977.609,72317.527,66996.882,135.5,122.7,12.8,238.315,221.459,16.856,11.5,7.3,4.2,20.198,16.69,3.508,40.6,38.9,1.6,70.141,67.626,2.515
ISL,1997,463988.122,421891.212,43184.095,41623.961,83173.88200000001,74714.475,138.7,125.9,12.8,240.916,224.018,16.898,11.1,7.1,4.0,19.256,15.815,3.441,40.3,38.7,1.6,70.815,68.343,2.473
ISL,1998,523616.124,500609.862,48931.439,41760.308,99441.288,95998.027,140.8,128.4,12.5,245.15,228.276,16.874,10.9,7.0,3.9,18.912,15.46,3.453,41.0,39.5,1.5,71.556,69.154,2.402
ISL,1999,556524.656,550080.905,49383.337,47670.357,108310.697,102390.712,144.3,132.0,12.3,251.424,234.606,16.818,10.8,6.9,3.9,19.016,15.476,3.54,41.2,39.8,1.4,72.272,69.91,2.362
ISL,2000,614067.939,586017.139,49520.276,48383.551,118159.499,109198.762,148.4,136.2,12.2,256.541,239.974,16.567,10.3,6.4,3.8,18.564,15.001,3.563,41.4,39.9,1.5,73.221,70.855,2.366
ISL,2001,710572.633,635902.491,59916.76,50235.114,138512.816,127723.99599999998,150.0,138.2,11.8,257.164,241.12,16.044,9.7,6.2,3.5,17.164,13.734,3.43,43.4,41.9,1.5,74.977,72.592,2.386
ISL,2002,755784.793,709791.612,64009.35,61365.055,155896.048,140211.045,148.0,136.9,11.1,253.741,238.397,15.344,9.2,6.0,3.1,15.466,12.283,3.183,44.6,43.1,1.5,76.621,74.233,2.388
ISL,2003,768813.885,779354.585,56317.055,61994.778,167676.87099999998,157415.144,149.1,138.3,10.8,250.851,236.239,14.612,8.8,5.8,2.9,14.362,11.445,2.917,46.7,45.2,1.5,76.713,74.359,2.354
ISL,2004,840891.423,818783.284,51276.407,58381.11,175722.74599999998,168108.532,150.1,139.6,10.5,253.197,239.229,13.967,8.3,5.6,2.7,14.096,11.363,2.734,45.7,44.3,1.5,75.925,73.629,2.295
ISL,2005,904946.622,880815.054,49927.136,50901.204,185106.371,179344.227,161.6,151.3,10.4,260.959,247.461,13.499,8.7,6.0,2.8,14.235,11.541,2.694,46.4,44.9,1.5,76.194,73.945,2.249
ISL,2006,1046628.844,941648.382,58266.904,48499.448,206832.118,189611.076,170.3,160.0,10.3,270.496,257.268,13.228,8.6,5.9,2.7,14.185,11.501,2.684,47.7,46.3,1.5,78.006,75.769,2.236
ISL,2007,1197381.534,1135180.485,57282.57,57425.422,222761.252,194795.714,178.1,167.9,10.2,276.745,263.651,13.094,8.2,5.7,2.5,13.757,11.211,2.546,49.1,47.6,1.5,80.257,78.007,2.249
ISL,2008,1413719.473,1227950.984,76013.82,58407.323,288576.278,234765.973,179.3,169.4,10.0,291.399,277.725,13.674,7.5,5.3,2.2,13.293,10.94,2.353,50.7,49.3,1.5,83.813,81.463,2.35
ISL,2009,1469049.733,1319731.637,91906.832,76547.761,298453.81700000004,279812.628,164.6,154.5,10.1,252.889,240.326,12.563,7.8,5.5,2.3,13.906,11.478,2.428,51.4,49.8,1.5,81.118,78.791,2.326
ISL,2010,1514177.063,1426652.68,105634.847,82083.19,297250.738,288226.423,162.5,152.6,9.9,248.276,236.257,12.019,7.9,5.6,2.2,14.232,11.89,2.342,50.7,49.2,1.5,78.829,76.61,2.219
ISL,2011,1586747.795,1539414.114,113277.319,99568.801,311987.308,296897.484,164.3,154.1,10.1,252.641,240.099,12.542,8.0,5.7,2.2,14.539,12.068,2.471,50.4,48.8,1.6,78.457,76.192,2.266
ISL,2012,1651238.938,1608697.817,120821.983,125530.081,328632.181,306960.671,167.4,156.9,10.5,254.961,241.896,13.066,8.1,5.8,2.3,14.758,12.089,2.67,50.5,48.9,1.6,77.853,75.576,2.277
ISL,2013,1767569.682,1712931.105,115129.745,123345.91,353823.034,331558.93,171.3,161.0,10.4,261.084,248.029,13.055,8.0,5.8,2.2,14.524,11.956,2.568,51.3,49.7,1.6,78.57,76.299,2.271
ISL,2014,1871009.66,1800695.129,109892.168,114037.133,369311.727,352922.73600000003,175.5,165.0,10.5,265.608,252.376,13.233,7.8,5.6,2.2,13.81,11.241,2.568,52.0,50.4,1.7,79.524,77.17,2.355
ISL,2015,2073631.662,1951155.187,122258.278,115038.058,406507.174,368999.345,180.5,170.2,10.3,272.808,259.656,13.152,7.7,5.6,2.1,13.702,11.214,2.488,52.6,50.9,1.7,80.677,78.276,2.401
ISL,2016,2248396.222,2200805.018,114918.386,123591.281,436930.853,410044.727,188.7,178.5,10.2,286.823,273.64,13.183,7.4,5.4,2.1,12.733,10.351,2.382,52.4,50.7,1.7,80.848,78.416,2.433
ISL,2017,2344447.334,2348842.772,99766.315,114972.308,468312.3,449699.38,196.7,186.9,9.8,296.442,283.656,12.785,7.0,5.1,1.9,11.551,9.357,2.194,53.2,51.6,1.6,82.052,79.65,2.403
ISL,2018,2532865.11,2461661.91,111010.4,106379.787,503906.838,490550.014,202.6,192.8,9.8,303.182,290.625,12.557,7.1,5.3,1.8,11.996,9.921,2.076,55.1,53.5,1.6,84.106,81.677,2.43
ISL,2019,2717784.44,2581396.573,132541.814,122159.359,551388.757,523561.48,202.4,192.3,10.1,299.582,287.046,12.536,7.1,5.2,1.8,11.868,9.844,2.024,57.3,55.6,1.7,86.434,83.857,2.577
ISL,2020,2625953.168,2534849.696,135424.786,132340.443,611475.9890000001,579519.747,192.8,182.9,9.9,282.341,270.571,11.77,6.9,5.1,1.8,12.046,9.997,2.049,60.8,59.0,1.8,89.956,87.376,2.581
ISL,2021,2904485.46,2742320.907,140387.88,147264.238,634689.804,626353.54,195.5,185.7,9.8,285.506,273.402,12.105,7.0,5.3,1.7,12.155,10.22,1.935,62.0,60.2,1.9,90.851,88.164,2.688
ISL,2022,3382518.719,3086691.903,153302.194,139388.152,699317.329,644875.314,209.4,199.1,10.2,305.701,292.866,12.835,7.0,5.3,1.7,12.269,10.318,1.951,62.9,61.1,1.8,91.737,89.115,2.622
ISL,2023,,,,,,,218.3,208.1,10.1,317.959,304.823,13.137,6.9,5.2,1.7,12.14,10.159,1.982,64.4,62.6,1.8,93.335,90.625,2.71
ISL,2024,,,,,,,222.1,211.8,10.2,321.297,307.399,13.899,6.9,5.2,1.6,12.015,9.955,2.06,65.8,64.0,1.8,94.518,91.688,2.829
ISL,2025,,,,,,,224.6,214.3,10.3,319.12,305.321,13.799,6.9,5.3,1.6,11.969,9.949,2.02,67.1,65.4,1.8,94.798,92.027,2.771
ISR,1995,,,,,,,2310.443731,2005.812133,304.631598,4666.108,4019.641,646.467,70.565552,41.45692,29.108632,159.189,95.309,63.88,700.073364,658.761619,41.311745,1274.088,1203.673,70.415
ISR,1996,,,,,,,2408.661591,2087.855091,320.8065,4908.274,4222.479,685.795,68.296811,41.757498,26.539313,157.921,99.989,57.932,722.992789,679.122345,43.870444,1325.29,1250.933,74.357
ISR,1997,,,,,,,2452.774236,2136.736236,316.038,5006.352,4337.899,668.453,69.073136,44.120054,24.953081,161.334,107.062,54.272,734.624579,691.21139,43.413189,1351.839,1278.592,73.247
ISR,1998,,,,,,,2516.879771,2202.755138,314.124633,5074.792,4425.905,648.888,72.241296,49.248175,22.993122,168.245,118.701,49.544,755.344995,712.382585,42.96241,1352.674,1280.856,71.818
ISR,1999,,,,,,,2590.18309,2264.10036,326.08273,5240.349,4566.172,674.178,73.085497,49.282386,23.803111,175.282,121.655,53.627,783.438749,734.888808,48.54994,1415.64,1335.35,80.29
ISR,2000,,,,,,,2684.366346,2365.329364,319.036982,5457.357,4778.723,678.634,71.821797,46.71365,25.108147,169.741,113.288,56.453,799.574854,754.649943,44.92491,1431.501,1355.159,76.341
ISR,2001,,,,,,,2684.285722,2376.801755,307.483966,5347.487,4704.99,642.497,62.410516,41.312056,21.09846,153.101,103.813,49.288,837.410609,795.933449,41.47716,1477.68,1407.703,69.977
ISR,2002,,,,,,,2688.318287,2378.410314,309.907974,5399.451,4745.898,653.553,61.955976,41.920962,20.035014,149.315,104.205,45.11,864.75392,824.555423,40.198497,1544.307,1475.662,68.645
ISR,2003,,,,,,,2716.23879,2392.872866,323.365924,5402.68,4728.757,673.922,61.808794,42.16379,19.645004,154.217,105.787,48.43,884.808321,841.920307,42.888014,1565.989,1497.296,68.692
ISR,2004,,,,,,,2774.493352,2456.706137,317.787215,5455.264,4801.538,653.726,65.713504,45.882113,19.831391,159.619,113.443,46.176,891.789443,849.624109,42.165335,1561.829,1495.844,65.986
ISR,2005,,,,,,,2869.994749,2540.689059,329.30569,5616.868,4951.482,665.386,67.887579,50.993655,16.893924,164.096,126.15,37.947,921.850437,878.353265,43.497172,1615.701,1552.65,63.051
ISR,2006,,,,,,,2960.9174,2616.570452,344.346948,5759.002,5068.981,690.02,64.788008,46.628898,18.15911,152.918,113.679,39.24,928.339058,881.481776,46.857282,1608.08,1536.413,71.667
ISR,2007,,,,,,,3090.966947,2744.721811,346.245136,6051.745,5343.152,708.593,66.559626,51.608318,14.951308,162.859,126.111,36.748,954.657966,911.395361,43.262605,1652.242,1586.039,66.202
ISR,2008,,,,,,,3208.376335,2851.54202,356.834316,6274.515,5542.952,731.563,70.929949,52.659984,18.269964,170.636,128.841,41.795,973.947319,924.724376,49.222943,1680.782,1605.987,74.796
ISR,2009,,,,,,,3264.856484,2898.213209,366.643275,6386.144,5645.488,740.656,66.851382,52.30607,14.545312,159.947,126.448,33.498,993.909051,948.571973,45.337078,1737.498,1669.367,68.131
ISR,2010,,,,,,,3365.634874,2986.373763,379.261111,6563.966,5801.944,762.022,64.093538,49.891658,14.201879,149.569,117.855,31.714,1021.408561,975.129043,46.279518,1785.77,1719.901,65.869
ISR,2011,,,,,,,3480.578609,3092.73834,387.840269,6759.099,5995.563,763.536,61.822785,48.398249,13.424536,146.51,114.781,31.729,1072.535871,1018.656612,53.879259,1891.739,1809.79,81.95
ISR,2012,,,,,,,3631.653212,3203.165529,428.487683,6960.361,6130.024,830.338,68.570622,52.428248,16.142374,160.953,122.952,38.001,1139.863503,1072.982383,66.881121,1989.297,1887.806,101.491
ISR,2013,,,,,,,3738.399184,3301.332393,437.066791,7128.323,6296.656,831.667,73.671574,56.135817,17.535756,169.968,129.845,40.123,1164.927595,1097.677024,67.250571,2027.065,1927.97,99.095
ISR,2014,,,,,,,3853.521531,3405.337893,448.183638,7295.869,6470.334,825.536,71.825332,54.825785,16.999547,165.995,128.041,37.954,1222.822528,1148.245378,74.577151,2127.844,2018.008,109.835
ISR,2015,,,,,,,3937.457752,3473.717214,463.740539,7459.152,6592.829,866.322,68.516258,52.348022,16.168237,158.446,121.497,36.948,1264.019231,1188.904433,75.114797,2182.91,2073.51,109.4
ISR,2016,,,,,,,4031.96933,3551.264735,480.704595,7735.454,6818.884,916.571,70.582101,54.89666,15.685441,165.674,129.361,36.313,1277.729976,1201.573602,76.156373,2229.968,2120.15,109.818
ISR,2017,,,,,,,4129.006107,3650.129507,478.8766,7919.492,7010.599,908.893,72.092589,58.485781,13.606809,167.625,137.454,30.171,1312.384242,1237.180846,75.203396,2295.825,2189.727,106.098
ISR,2018,,,,,,,4205.127361,3717.33999,487.787371,8034.802,7121.447,913.356,71.641039,59.12938,12.511659,166.945,137.612,29.332,1363.492717,1282.987837,80.50488,2365.402,2252.498,112.904
ISR,2019,,,,,,,4266.621017,3774.452941,492.168075,8085.044,7155.921,929.123,70.984691,58.805817,12.178874,165.717,136.228,29.489,1372.952984,1296.222209,76.730774,2361.266,2253.664,107.602
ISR,2020,,,,,,,4164.609366,3674.860564,489.748802,7406.477,6609.859,796.618,68.120906,54.748479,13.372427,161.099,128.57,32.528,1400.488471,1330.16661,70.321861,2324.896,2247.097,77.799
ISR,2021,,,,,,,4221.305423,3724.740747,496.564676,7925.007,7038.127,886.88,65.371926,53.954479,11.417447,153.537,126.73,26.807,1428.914826,1355.352043,73.562783,2477.782,2384.139,93.643
ISR,2022,,,,,,,4486.958659,3946.480549,540.47811,8484.173,7503.832,980.341,68.016871,57.687567,10.329304,159.142,135.81,23.332,1468.249483,1381.820722,86.428762,2524.439,2408.251,116.187
ISR,2023,,,,,,,4621.256356,4065.045566,556.21079,8690.938,7732.795,958.143,70.601516,59.117119,11.484397,165.376,139.892,25.484,1577.795563,1496.645498,81.150065,2757.813,2648.67,109.143
ISR,2024,,,,,,,4651.267459,4084.475149,566.79231,8733.551,7758.835,974.716,71.724631,59.55031,12.174321,172.382,144.553,27.829,1680.861738,1588.130877,92.730862,2984.364,2855.116,129.249
ITA,1970,,,,,,,19775.807138,13731.03094,6078.452427,,,,,,,,,,,,,,,
ITA,1971,,,,,,,19782.057958,13894.614494,5907.397535,,,,,,,,,,,,,,,
ITA,1972,,,,,,,19730.959988,14117.347999,5611.211356,,,,,,,,,,,,,,,
ITA,1973,,,,,,,20010.3617,14356.565918,5647.971305,,,,,,,,,,,,,,,
ITA,1974,,,,,,,20321.215949,14579.881226,5735.394679,,,,,,,,,,,,,,,
ITA,1975,,,,,,,20336.793389,14610.134972,5719.068627,,,,,,,,,,,,,,,
ITA,1976,,,,,,,20542.574337,14761.888536,5772.681275,,,,,,,,,,,,,,,
ITA,1977,,,,,,,20605.677849,14845.474205,5748.876838,,,,,,,,,,,,,,,
ITA,1978,,,,,,,20674.039987,14779.924423,5892.651424,,,,,,,,,,,,,,,
ITA,1979,,,,,,,20903.931239,14935.750606,5967.435274,,,,,,,,,,,,,,,
ITA,1980,,,,,,,21206.153404,15077.128687,6134.698309,38858.812,25753.678,13095.439,,,,,,,,,,,,
ITA,1981,,,,,,,21188.988455,15010.997102,6188.310956,38958.679,25589.28,13344.245,,,,,,,,,,,,
ITA,1982,,,,,,,21232.347315,15020.015045,6224.544258,39277.483,25742.355,13505.998,,,,,,,,,,,,
ITA,1983,,,,,,,21300.808672,14909.278579,6417.507658,39388.837,25372.815,13957.188,,,,,,,,,,,,
ITA,1984,,,,,,,21299.618039,14880.091472,6447.947845,39168.656,25163.324,13942.298,,,,,,,,,,,,
ITA,1985,,,,,,,21501.231775,15114.558,6407.29071,39465.134,25516.628,13895.895,,,,,,,,,,,,
ITA,1986,,,,,,,21649.167838,15194.943754,6477.018751,39916.971,25852.293,14014.378,,,,,,,,,,,,
ITA,1987,,,,,,,21698.579078,15262.141978,6456.479524,40417.795,26174.066,14192.624,,,,,,,,,,,,
ITA,1988,,,,,,,21931.446912,15466.257794,6481.969231,40930.915,26525.65,14354.803,,,,,,,,,,,,
ITA,1989,,,,,,,22081.168923,15617.235621,6476.913421,40864.512,26651.61,14173.834,,,,,,,,,,,,
ITA,1990,,,,,,,22433.000767,15908.137021,6534.423255,41278.403,27047.932,14199.468,,,,,,,,,,,,
ITA,1991,,,,,,,22852.797871,16200.202027,6662.819754,41894.068,27508.917,14357.538,,,,,,,,,,,,
ITA,1992,,,,,,,22686.803885,16112.349804,6582.032129,41660.557,27364.09,14269.578,1491.859018,582.924696,906.686334,3299.576,959.742,2333.108,4491.63196,4190.384828,295.703486,6425.216,5962.351,461.79
ITA,1993,,,,,,,22077.398588,15805.933662,6267.939958,40538.501,26950.924,13583.089,1376.230197,536.046956,838.806074,3119.966,898.556,2218.166,4455.9,4146.129259,305.767,6365.49,5880.04,484.773
ITA,1994,,,,,,,21714.156518,15548.098054,6162.399932,39741.178,26513.257,13229.707,1298.542084,497.919727,802.551844,2896.709,822.959,2074.671,4430.65911,4113.194883,314.777356,6345.938,5841.801,503.753
ITA,1995,895283.9,,29460.2,,141541.2,,21670.5,15474.5,6196.0,39711.156,26466.576,13244.58,1243.2,481.2,762.0,2778.324,791.864,1986.459,4455.9,4116.9,339.0,6390.424,5856.056,534.367
ITA,1996,949523.4,907510.6,31142.4,29821.4,153210.4,143218.3,21802.9,15540.1,6262.8,40148.671,26717.8,13430.871,1193.2,450.5,742.7,2737.412,753.102,1984.309,4475.3,4137.2,338.1,6425.446,5897.591,527.855
ITA,1997,987242.7,965191.0,31305.9,31863.1,163091.8,154004.0,21879.4,15603.9,6275.5,40155.761,26797.187,13358.574,1176.7,436.0,740.7,2739.089,745.372,1993.718,4491.2,4153.5,337.7,6410.868,5886.733,524.135
ITA,1998,1023890.8,1003446.1,31560.3,32115.7,166751.3,163257.6,22107.7,15750.7,6357.0,40891.906,27235.338,13656.568,1120.2,426.4,693.8,2675.42,736.63,1938.79,4515.2,4157.3,357.9,6517.755,5956.596,561.159
ITA,1999,1054253.7,1040172.3,32007.3,33318.9,171445.6,167069.5,22362.1,15980.2,6381.9,41305.385,27614.008,13691.377,1058.9,411.4,647.5,2571.098,724.264,1846.833,4554.3,4191.8,362.5,6589.744,6027.544,562.199
ITA,2000,1115546.2,1095215.7,31836.0,32269.3,181170.3,174629.4,22807.9,16272.9,6535.0,41686.015,28074.286,13611.729,1047.3,414.7,632.6,2389.251,702.487,1686.764,4611.4,4228.7,382.7,6673.479,6088.01,585.47
ITA,2001,1178148.1,1136939.1,32478.6,30933.1,191648.4,183937.1,23242.9,16632.1,6610.8,42259.453,28548.213,13711.24,1053.7,421.1,632.6,2462.641,733.134,1729.507,4663.2,4265.5,397.7,6585.711,5979.176,606.535
ITA,2002,1220342.3,1182592.9,32062.5,30948.2,200593.4,193739.2,23663.6,17031.5,6632.1,42618.245,28880.563,13737.682,1030.1,416.3,613.8,2408.179,695.793,1712.386,4703.2,4287.2,416.0,6606.451,5994.767,611.684
ITA,2003,1264275.0,1220838.0,32918.9,30815.3,211207.8,200503.0,24048.9,17269.4,6779.5,42911.627,28824.577,14087.05,992.5,374.1,618.4,2354.689,640.276,1714.414,4707.3,4285.7,421.6,6534.526,5911.025,623.501
ITA,2004,1312780.2,1285217.9,34135.6,36771.0,220177.7,212123.9,24183.1,17299.2,6883.9,43132.075,28937.272,14194.802,999.5,391.4,608.1,2397.511,674.479,1723.033,4697.0,4277.5,419.5,6577.157,5961.543,615.614
ITA,2005,1348360.1,1323081.7,30432.1,32441.4,230063.3,220066.7,24306.5,17589.3,6717.2,43262.191,29216.038,14046.153,982.3,417.1,565.2,2350.84,727.852,1622.989,4691.6,4299.9,391.7,6587.824,6005.62,582.203
ITA,2006,1394329.2,1374453.2,30286.1,30202.9,239406.3,230106.6,24788.7,17978.7,6810.0,44151.296,29952.395,14198.901,1000.6,433.3,567.3,2379.722,747.875,1631.847,4718.2,4333.5,384.7,6606.946,6023.862,583.085
ITA,2007,1453436.5,1416542.9,30717.7,30615.4,242947.3,238137.2,25102.2,18265.7,6836.5,44837.91,30402.773,14435.136,968.2,423.4,544.8,2348.824,725.973,1622.851,4709.9,4329.3,380.6,6578.308,5994.147,584.161
ITA,2008,1479747.8,1441442.6,30787.0,31364.3,251931.1,243505.7,25158.3,18400.1,6758.2,44665.457,30614.752,14050.706,946.1,412.0,534.1,2247.755,717.607,1530.148,4721.2,4332.1,389.1,6630.988,6037.282,593.707
ITA,2009,1425773.8,1397930.7,28546.9,30473.6,257244.8,253875.1,24736.5,18182.3,6554.2,43104.919,29546.825,13558.094,924.7,398.7,526.0,2199.1,681.922,1517.178,4687.2,4307.2,380.0,6662.053,6060.508,601.546
ITA,2010,1449486.7,1451544.7,28626.0,28617.7,260216.9,255443.50000000003,24594.3,17988.3,6606.0,42873.727,29210.064,13663.663,942.0,406.5,535.5,2176.816,698.659,1478.156,4658.1,4271.2,386.9,6554.552,5942.451,612.101
ITA,2011,1480015.2,1460826.0,30646.3,28847.8,261111.2,258367.9,24654.3,18050.8,6603.5,42874.627,29278.182,13596.446,925.0,410.5,514.5,2110.673,715.183,1395.49,4654.0,4262.6,391.4,6559.604,5936.871,622.733
ITA,2012,1455350.5,1438222.6,31169.9,29431.5,258329.0,253636.0,24592.6,18033.7,6558.9,41822.83,28556.181,13266.649,912.7,418.2,494.5,2038.89,698.73,1340.16,4619.9,4218.2,401.7,6441.084,5785.518,655.566
ITA,2013,1445573.7,1433431.1,33362.2,31564.8,257133.6,256130.9,24144.0,17717.8,6426.2,40742.474,27849.762,12892.712,895.0,408.1,486.9,2033.258,683.837,1349.421,4599.4,4199.6,399.8,6379.851,5746.405,633.446
ITA,2014,1453767.7,1444568.4,31220.3,32650.9,257870.2,257921.2,24145.4,17724.3,6421.1,40698.993,27851.975,12847.019,903.2,415.7,487.5,2071.195,697.193,1374.003,4635.9,4213.1,422.8,6418.786,5762.036,656.751
ITA,2015,1479703.7,1467318.6,33124.6,32696.8,257408.4,256754.9,24303.2,17907.8,6395.4,41025.829,28233.072,12792.756,921.5,422.2,499.3,2111.655,710.548,1401.107,4665.0,4233.2,431.8,6443.183,5763.869,679.314
ITA,2016,1515428.7,1499932.3,31525.4,33016.0,260119.5,256106.0,24650.9,18294.3,6356.6,41712.758,29031.417,12681.342,952.0,439.7,512.3,2165.795,745.17,1420.625,4707.7,4283.0,424.7,6517.247,5840.747,676.5
ITA,2017,1552004.0,1543352.2,33030.8,30264.9,263715.9,259439.7,24940.8,18682.6,6258.2,42167.316,29683.385,12483.931,940.9,444.9,496.0,2122.186,757.439,1364.747,4713.1,4284.3,428.8,6511.711,5833.247,678.464
ITA,2018,1582453.4,1567391.9,33022.6,33996.9,266829.2,262797.1,25194.0,18947.1,6246.9,42583.84,30186.5,12397.34,964.4,452.2,512.2,2182.36,780.32,1402.041,4759.8,4310.6,449.2,6566.989,5865.387,701.602
ITA,2019,1604269.8,1593573.0,32810.0,32359.6,267841.19999999995,264319.5,25349.0,19112.9,6236.1,42598.804,30260.758,12338.046,959.3,442.4,516.9,2156.449,757.751,1398.698,4797.1,4345.8,451.3,6613.282,5907.844,705.438
ITA,2020,1496321.9,1471141.9,32198.1,31441.6,265914.2,256903.3,24830.1,18778.8,6051.3,37590.976,27114.747,10476.229,939.6,443.7,495.9,2060.593,732.286,1328.307,4794.4,4336.0,458.4,6352.921,5707.711,645.209
ITA,2021,1644016.4,1630469.8,33780.4,32109.5,281129.6,277854.1,25069.4,19147.9,5921.5,41440.389,29853.207,11587.182,937.8,441.8,496.0,2127.658,753.508,1374.15,4856.5,4402.7,453.8,6662.702,5943.91,718.793
ITA,2022,1793606.6,1725226.2,37771.0,34678.4,287943.2,284771.3,25550.4,19594.6,5955.8,43212.191,31272.737,11939.454,940.2,444.8,495.4,2140.535,759.092,1381.443,4928.3,4445.4,482.9,6788.695,6026.096,762.598
ITA,2023,1924940.4,1810259.0,39847.4,35819.2,297371.6,289695.5,26077.7,20052.8,6024.9,44560.823,32481.527,12079.296,942.9,452.7,490.2,2175.82,799.496,1376.324,5003.2,4499.4,503.8,6940.343,6141.597,798.746
ITA,2024,1968743.2,1935031.4,44214.5,41001.9,310189.9,300861.19999999995,26544.6,20443.3,6101.3,45531.877,33291.2,12240.677,945.3,459.4,485.9,2187.569,823.654,1363.915,5113.2,4578.3,534.9,7134.238,6259.586,874.652
ITA,2025,2014632.8,1976737.7,46639.9,44151.3,317339.1,307456.80000000005,26835.1,20616.9,6218.2,46041.658,33616.625,12425.033,951.0,462.9,488.1,2181.037,843.2,1337.837,5193.5,4626.1,567.4,7322.469,6374.787,947.683
JPN,1970,,,,,,,54710.891033,,,,,,,,,,,,,,,,,
JPN,1971,,,,,,,55096.844337,,,,,,,,,,,,,,,,,
JPN,1972,,,,,,,55383.294055,,,,,,,,,,,,,,,,,
JPN,1973,,,,,,,56634.627033,,,,,,,,,,,,,,,,,
JPN,1974,,,,,,,56396.421478,,,,,,,,,,,,,,,,,
JPN,1975,,,,,,,56257.71951,,,,,,,,,,,,,,,,,
JPN,1976,,,,,,,56718.049232,,,,,,,,,,,,,,,,,
JPN,1977,,,,,,,57398.492948,,,,,,,,,,,,,,,,,
JPN,1978,,,,,,,57958.326256,,,,,,,,,,,,,,,,,
JPN,1979,,,,,,,58554.342687,,,,,,,,,,,,,,,,,
JPN,1980,,,,,,,58959.392638,41919.292578,18031.884403,,89458.241,,,,,,,,,,,,,
JPN,1981,,,,,,,59408.666407,42724.927614,17590.868357,,90758.7,,,,,,,,,,,,,
JPN,1982,,,,,,,59894.123297,43487.751126,17242.454106,,92152.937,,,,,,,,,,,,,
JPN,1983,,,,,,,60800.711527,44763.339933,16769.027433,,94694.789,,,,,,,,,,,,,
JPN,1984,,,,,,,61007.759393,45496.97377,16134.705141,,96824.721,,,,,,,,,,,,,
JPN,1985,,,,,,,61338.432927,46275.365109,15589.512077,,97675.858,,,,,,,,,,,,,
JPN,1986,,,,,,,61652.019987,46751.156815,15384.630607,,98581.933,,,,,,,,,,,,,
JPN,1987,,,,,,,61896.256062,46861.104592,15535.108523,,99066.891,,,,,,,,,,,,,
JPN,1988,,,,,,,62614.893074,47657.982725,15414.72619,,100856.41,,,,,,,,,,,,,
JPN,1989,,,,,,,63537.562691,48738.973698,15191.324362,,101861.891,,,,,,,,,,,,,
JPN,1990,,,,,,,64597.929191,50097.266584,14796.609213,,103307.582,,,,,,,,,,,,,
JPN,1991,,,,,,,65911.577546,51565.507248,14562.789683,,103942.033,,,,,,,,,,,,,
JPN,1992,,,,,,,66655.341726,52555.037238,14242.15597,,103681.455,,,,,,,,,,,,,
JPN,1993,,,,,,,66907.618495,53285.752107,13663.394755,,102212.858,,,,,,,,,,,,,
JPN,1994,520863500.0,,9383200.0,,63854200.0,,66983.0,53565.0,13418.0,,102260.942,,4857.0,842.0,4015.0,,1522.589,,8160.0,7525.0,635.0,,13472.705,
JPN,1995,529498600.0,533479308.983,8368300.0,8716760.484,66521700.0,65777148.323,67214.0,53795.0,13419.0,,102834.522,,4754.0,820.0,3934.0,,1508.636,,8324.0,7685.0,639.0,,13788.878,
JPN,1996,545269100.0,546646642.897,8619700.0,8938552.538,69211000.0,68026093.569,67281.0,54190.0,13091.0,,103763.012,,4540.0,825.0,3715.0,,1516.928,,8496.0,7860.0,636.0,,14044.302,
JPN,1997,553919900.0,552582656.981,7973800.0,8374540.37,71251700.0,70580906.022,67765.0,54697.0,13068.0,,103218.709,,4378.0,781.0,3597.0,,1423.451,,8656.0,8011.0,645.0,,14077.85,
JPN,1998,543436600.0,543307007.452,8169300.0,8016863.159,72569200.0,72221695.302,66989.0,54255.0,12734.0,,101266.958,,4204.0,744.0,3460.0,,1342.771,,8814.0,8153.0,661.0,,14218.848,
JPN,1999,533823400.0,540839188.015,7770500.0,7995184.572,73092700.0,74107066.87200001,66091.0,53687.0,12404.0,,99369.268,,4018.0,752.0,3266.0,,1356.232,,8955.0,8297.0,658.0,,14309.336,
JPN,2000,543161900.0,550181234.832,7538000.0,8361451.174,75483100.0,75885756.05499999,65610.0,53746.0,11864.0,,99886.941,,3848.0,774.0,3074.0,,1398.541,,9277.0,8611.0,666.0,,15094.027,
JPN,2001,539098700.0,544697011.513,6835900.0,7064239.905,77135500.0,77167789.108,65370.0,53919.0,11451.0,,99378.109,,3746.0,773.0,2973.0,,1408.947,,9540.0,8877.0,663.0,,15367.643,
JPN,2002,531840100.0,538583332.639,6786900.0,7258178.643,77161000.0,77787218.466,64607.0,53524.0,11083.0,,97981.034,,3580.0,774.0,2806.0,,1423.076,,9714.0,9041.0,673.0,,15444.622,
JPN,2003,529383300.0,537805718.176,6402900.0,6110136.145,77063300.0,78721445.219,64641.0,53696.0,10945.0,,98489.203,,3601.0,772.0,2829.0,,1397.474,,9942.0,9259.0,683.0,,15760.629,
JPN,2004,533879900.0,539758545.233,6168800.0,5762398.768,77236800.0,78032759.25299999,65010.0,54043.0,10967.0,,99585.036,,3585.0,734.0,2851.0,,1331.256,,10143.0,9448.0,695.0,,16038.409,
JPN,2005,535742500.0,543081081.401,5637700.0,6220977.18,77726000.0,78034675.953,65531.0,54668.0,10863.0,,100069.774,,3629.0,774.0,2855.0,,1421.993,,10525.0,9783.0,742.0,,16377.864,
JPN,2006,538356000.0,544111394.349,5587100.0,5637700.0,78032200.0,78672896.83700001,65989.0,55705.0,10284.0,,102346.797,,3470.0,849.0,2621.0,,1565.981,,10723.0,10021.0,702.0,,16859.693,
JPN,2007,542862400.0,547325219.304,5536400.0,6003881.609,78630700.0,79279413.575,66513.0,56435.0,10078.0,,103089.815,,3419.0,852.0,2567.0,,1562.909,,10764.0,10107.0,657.0,,17033.653,
JPN,2008,531130000.0,537274834.681,5494500.0,6062781.102,78618900.0,78731757.613,66411.0,56651.0,9760.0,,102272.05,,3322.0,847.0,2475.0,,1553.229,,10917.0,10260.0,657.0,,17115.009,
JPN,2009,497758700.0,496680331.847,5367100.0,5089998.089,78782700.0,79479465.61,65646.0,56256.0,9390.0,,98830.541,,3177.0,861.0,2316.0,,1549.886,,11181.0,10534.0,647.0,,17295.993,
JPN,2010,508371400.0,517192607.222,5669700.0,5133589.326,79092700.0,79126009.116,65560.0,56470.0,9090.0,,100245.544,,3009.0,834.0,2175.0,,1488.69,,11509.0,10851.0,658.0,,17827.22,
JPN,2011,498640600.0,506967361.379,5542400.0,5839020.165,79857700.0,80037077.231,65354.0,56477.0,8877.0,,99975.585,,2925.0,839.0,2086.0,,1498.286,,11714.0,11067.0,647.0,,18198.38,
JPN,2012,502696000.0,505713666.158,5744200.0,5441507.808,81122300.0,81405691.791,64897.0,56293.0,8604.0,,100331.014,,2817.0,824.0,1993.0,,1466.39,,12005.0,11375.0,630.0,,18814.608,
JPN,2013,511324200.0,512240560.491,5534500.0,5632707.713,81490200.0,81702706.435,65162.0,56688.0,8474.0,,99940.944,,2734.0,816.0,1918.0,,1408.661,,12219.0,11589.0,630.0,,18797.686,
JPN,2014,524394400.0,516183406.905,5234900.0,5179620.872,82698200.0,81697763.011,65428.0,57018.0,8410.0,,100260.451,,2709.0,843.0,1866.0,,1443.3,,12488.0,11853.0,635.0,,19156.945,
JPN,2015,546381200.0,534325690.38,5600200.0,5008584.612,85049000.0,84854154.798,65515.0,57339.0,8176.0,,100480.864,,2684.0,852.0,1832.0,,1457.09,,12788.0,12153.0,635.0,,19701.861,
JPN,2016,554525000.0,550186628.72,6140000.0,5074883.469,87244000.0,86644521.294,66057.0,58124.0,7933.0,,101362.444,,2611.0,853.0,1758.0,,1426.387,,13119.0,12482.0,637.0,,20171.514,
JPN,2017,563172600.0,565240701.315,6262300.0,6145813.741,87346800.0,87069178.502,66655.0,58760.0,7895.0,,102542.076,,2598.0,879.0,1719.0,,1470.303,,13237.0,12616.0,621.0,,20501.416,
JPN,2018,566749700.0,567824283.692,5755600.0,5788184.55,88922300.0,88638365.85300002,67877.0,59895.0,7982.0,,103486.581,,2673.0,901.0,1772.0,,1490.164,,13466.0,12828.0,638.0,,20722.618,
JPN,2019,569641600.0,564560790.935,5610600.0,5858136.102,89804200.0,89463002.311,68471.0,60586.0,7885.0,,102790.208,,2612.0,917.0,1695.0,,1487.924,,13694.0,13028.0,666.0,,20604.393,
JPN,2020,552814300.0,543562578.676,5566100.0,5322396.363,89229700.0,88992392.47,68135.0,60333.0,7802.0,,100134.68,,2504.0,892.0,1612.0,,1434.96,,13983.0,13281.0,702.0,,20924.195,
JPN,2021,570435000.0,574531600.0,5383800.0,5881300.0,90506900.0,90592000.0,68281.0,60512.0,7769.0,,101563.341,,2419.0,870.0,1549.0,,1409.313,,14275.0,13530.0,745.0,,21436.224,
JPN,2022,579200000.0,582640247.564,4963800.0,5573656.005,90817200.0,91323995.093,68502.0,60863.0,7639.0,,101975.957,,2362.0,865.0,1497.0,,1403.29,,14483.0,13756.0,727.0,,21523.915,
JPN,2023,611531600.0,583884928.322,5084400.0,4766183.905,93684700.0,92117791.479,68861.0,61293.0,7568.0,,102843.525,,2280.0,868.0,1412.0,,1381.943,,14548.0,13832.0,716.0,,21703.106,
JPN,2024,628936000.0,607403973.539,6077600.0,5131014.755,96474300.0,95211573.717,69284.0,61842.0,7442.0,,102750.483,,2179.0,863.0,1316.0,,1362.073,,14696.0,13978.0,718.0,,21722.566,
KOR,1970,2575800.0,,740700.0,,283300.0,,,,,,,,,,,,,,,,,,,
KOR,1971,3183800.0,2846506.872,932900.0,781556.99,349600.0,308642.164,,,,,,,,,,,,,,,,,,
KOR,1972,4007000.0,3422351.498,1131000.0,961062.276,430100.0,368903.616,,,,,,,,,,,,,,,,,,
KOR,1973,5196500.0,4587185.94,1359900.0,1205511.578,483400.0,454057.35,,,,,,,,,,,,,,,,,,
KOR,1974,7372400.0,5682950.961,1910400.0,1445548.994,662800.0,508912.36399999994,,,,,,,,,,,,,,,,,,
KOR,1975,9734000.0,7982697.628,2581000.0,2011613.55,962100.0,703937.76,,,,,,,,,,,,,,,,,,
KOR,1976,13233900.0,10908836.793,3334500.0,2812130.138,1440100.0,1012014.402,,,,,,,,,,,,,,,,,,
KOR,1977,16970000.0,14663869.01,4053400.0,3435742.977,1858000.0,1527559.401,,,,,,,,,,,,,,,,,,
KOR,1978,22844400.0,18707520.895,5007700.0,3651863.68,2386900.0,1988478.79,,,,,,,,,,,,,,,,,,
KOR,1979,29483800.0,24888950.786,6003100.0,5579916.241,3058400.0,2531578.588,,,,,,,,,,,,,,,,,,
KOR,1980,36129500.0,29161025.325,5664700.0,5033476.843,4147500.0,3294908.7320000003,,,,,,,,,,,,,,,,,,
KOR,1981,45294200.0,38901748.381,7457200.0,6555103.471,5314000.0,4501071.359,,,,,,,,,,,,,,,,,,
KOR,1982,52308200.0,49060800.443,8014000.0,8039123.278,6587400.0,5756928.113,,,,,,,,,,,,,,,,,,
KOR,1983,61789900.0,59046220.957,8585100.0,8760226.999,7641800.0,7123192.754,,,,,,,,,,,,,,,,,,
KOR,1984,72097200.0,68286221.468,9319300.0,8359855.893,8554300.0,8163255.33,,,,,,,,,,,,,,,,,,
KOR,1985,81385900.0,77922070.571,10345500.0,9873282.17,9913700.0,9236003.645,,,,,,,,,,,,,,,,,,
KOR,1986,95558400.0,90751066.079,10724800.0,10885298.15,11220300.0,10536082.479,,,,,,,,,,,,,,,,,,
KOR,1987,113398700.0,107412096.026,11312800.0,10257317.16,12830600.0,11865243.586,,,,,,,,,,,,,,,,,,
KOR,1988,136548100.0,127180652.779,13446000.0,12374524.891,15027800.0,13725337.74,,,,,,,,,,,,,,,,,,
KOR,1989,155823600.0,146244414.463,14144600.0,13426061.295,18146600.0,16028281.395999998,,,,,,,,,,,,,,,,,,
KOR,1990,187488800.0,171005884.229,15235400.0,13347599.35,22151100.0,19412454.674,,,,,,,,,,,,,,,,,,
KOR,1991,228434800.0,208249391.89,16524800.0,15722146.313,26759900.0,23637406.622,,,,,,,,,,,,,,,,,,
KOR,1992,261451400.0,243615596.87,18313200.0,18010183.499,31823100.0,28437026.125,,,,,,,,,,,,,,,,,,
KOR,1993,298073400.0,280498172.874,18614600.0,17538912.395,36419000.0,33699040.773,,,,,,,,,,,,,,,,,,
KOR,1994,351681200.0,325361927.592,21044800.0,18635122.868,42215300.0,38567712.383,,,,,,,,,,,,,,,,,,
KOR,1995,413209800.0,385871519.848,23253600.0,22484831.483,49101700.0,44271511.363,,,,,,,,,,,,,,,,,,
KOR,1996,462056400.0,446039824.814,24312400.0,24156630.458,56609500.0,51627153.745000005,,,,,,,,,,,,,,,,,,
KOR,1997,509717300.0,491493582.179,24214500.0,25359247.384,63220400.0,59586706.365,,,,,,,,,,,,,,,,,,
KOR,1998,512366200.0,486658941.085,22657900.0,22379700.867,66701600.0,63751654.738,,,,,,,,,,,,,,,,,,
KOR,1999,557271600.0,569661918.166,25091600.0,23828760.934,71583700.0,69874189.675,,,,,,,,,,,,,,,,,,
KOR,2000,612078100.0,607904415.759,25045000.0,25129036.437,76754800.0,72828281.427,,,,,,,,,,,,,,,,,,
KOR,2001,661107000.0,640509936.121,25107400.0,25137251.19,88873300.0,78448393.085,,,,,,,,,,,,,,,,,,
KOR,2002,731822500.0,713968811.125,25050700.0,24324196.068,97634300.0,93528349.749,,,,,,,,,,,,,,,,,,
KOR,2003,783931400.0,755235131.107,24700900.0,23512242.762,108378300.0,102497552.468,,,,,,,,,,,,,,,,,,
KOR,2004,859216400.0,825170944.772,26738100.0,26617316.452,119484300.0,113104718.829,22681.9,14936.1,7745.8,,,,1904.8,174.7,1730.0,,,,2925.263458,2574.074836,351.0,,,
KOR,2005,905646800.0,896691248.634,24938500.0,26900949.135,130708900.0,124788970.915,22831.0,15186.3,7644.7,,,,1816.9,158.7,1658.2,,,,3050.961124,2683.052766,367.7,,,
KOR,2006,952282300.0,953788454.114,24968400.0,25536520.368,141569000.0,137297102.243,23188.1,15608.4,7579.7,,,,1773.5,159.7,1613.7,,,,3214.297643,2805.224883,408.7,,,
KOR,2007,1034465300.0,1011191422.469,24723100.0,26248055.656,154499200.0,148243894.68400002,23561.1,16094.5,7466.6,,,,1720.0,170.8,1549.2,,,,3326.207815,2895.569803,430.2,,,
KOR,2008,1097243400.0,1069140760.73,24562200.0,26353207.579,169634500.0,159716045.151,23774.8,16356.9,7417.9,,,,1698.2,166.1,1532.1,,,,3521.044229,3086.734417,434.0,,,
KOR,2009,1148565800.0,1106813595.356,26839000.0,25694687.951,182223700.0,176368202.537,23687.6,16585.9,7101.7,,,,1659.6,174.2,1485.3,,,,3917.862401,3474.603188,443.2,,,
KOR,2010,1259884900.0,1228217037.616,28202000.0,25863783.237,190747000.0,189000230.699,24032.8,17110.9,6921.9,,,,1586.3,176.5,1409.8,,,,3966.974059,3527.581369,439.4,,,
KOR,2011,1327877200.0,1305778663.165,30531000.0,27910012.169,200929800.0,198312054.802,24526.5,17596.1,6930.4,52244.976,36815.382,15426.271,1562.7,175.7,1387.0,,,,4016.387634,3606.343607,410.2,,,
KOR,2012,1380739400.0,1362371381.426,31329600.0,30379953.553,212470100.0,209052201.59499997,24954.8,17920.7,7034.1,52734.315,37172.848,15551.932,1530.5,154.5,1376.0,,,,4167.144322,3740.602001,426.8,,,
KOR,2013,1447277800.0,1428912681.791,31341500.0,32648499.102,223809000.0,220027739.917,25299.4,18364.9,6934.4,53109.278,37783.084,15331.507,1513.1,147.2,1365.9,,,,4333.5,3866.4,467.2,,,
KOR,2014,1510220500.0,1492369917.307,31979400.0,32940856.638,235975800.0,231325241.238,25897.2,18958.5,6938.7,53589.512,38456.004,15133.342,1446.1,140.7,1305.4,,,,4531.1,4046.0,485.1,,,
KOR,2015,1603663400.0,1553275125.813,33050100.0,31898229.966,248376100.0,242227279.967,26177.7,19402.1,6775.6,54352.672,39433.188,14926.272,1337.4,135.9,1201.5,,,,4591.0,4125.4,465.6,,,
KOR,2016,1685329900.0,1652870080.288,31884700.0,30876310.043,262063100.0,257048283.769,26409.1,19669.3,6739.8,54464.406,39583.85,14867.663,1272.5,132.6,1139.9,,,,4750.8,4312.6,438.2,,,
KOR,2017,1777761500.0,1744344003.389,33171000.0,32283044.472,278050500.0,270796658.827,26724.8,19933.9,6791.0,53782.974,39082.595,14682.515,1278.6,129.5,1149.1,,,,4909.9,4467.9,442.0,,,
KOR,2018,1845640300.0,1837269443.808,32098100.0,32914092.056,296561900.0,290926699.099,26822.1,20083.5,6738.6,53283.199,38815.161,14488.603,1340.2,131.0,1209.1,,,,5038.4,4591.4,447.0,,,
KOR,2019,1879186500.0,1890989054.014,30749600.0,33033729.527,317089300.0,311774543.327,27122.7,20440.0,6682.7,53177.149,38892.706,14281.765,1394.9,127.0,1267.9,,,,5198.4,4761.7,436.7,,,
KOR,2020,1890776200.0,1863045355.854,32481600.0,28693949.408,326321600.0,320835184.05799997,26904.3,20331.8,6572.5,51165.993,37693.289,13469.518,1445.1,125.6,1319.5,,,,5279.8,4874.9,404.9,,,
KOR,2021,2037896300.0,1977192500.0,36998400.0,33598500.0,349891200.0,342722900.0,27272.8,20752.9,6519.9,51948.312,38453.22,13472.229,1458.3,121.2,1337.0,,,,5557.4,5168.3,389.1,,,
KOR,2022,2138601400.0,2102777652.129,33656400.0,37293299.222,374179400.0,364419235.935,28089.1,21501.6,6587.5,53223.101,39561.841,13664.406,1525.7,119.5,1406.3,,,,5874.4,5469.5,404.9,,,
KOR,2023,2236606700.0,2182019656.034,34871500.0,33033882.366,391477900.0,381872927.069,28416.3,21828.4,6587.9,53049.566,39684.176,13349.901,1513.0,101.4,1411.5,,,,6023.1,5625.6,397.4,,,
KOR,2024,,,,,,,28575.5,22042.8,6532.7,53147.332,39832.136,13316.28,1485.0,105.0,1380.0,,,,6148.4,5744.4,404.0,,,
LTU,1995,6985.59,,766.743,,1111.783,,1483.176,1205.241,277.935,2607.136,2107.854,499.283,275.932,77.613,198.319,467.306,138.886,328.42,355.988,350.846,5.142,568.695,555.469,13.226
LTU,1996,8786.059,7336.751,1062.633,852.643,1437.877,1215.015,1497.106,1152.792,344.314,2627.761,2008.552,619.21,308.449,62.515,245.934,522.423,114.864,407.559,354.322,347.946,6.376,564.738,548.326,16.413
LTU,1997,10330.757,9515.357,1104.476,1127.099,1758.784,1581.711,1506.2,1152.253,353.947,2651.707,2017.972,633.735,310.329,57.287,253.042,527.132,109.463,417.669,356.481,349.921,6.56,570.003,553.185,16.818
LTU,1998,11469.663,11101.735,997.687,1029.927,2114.294,1900.145,1494.427,1190.69,303.737,2701.374,2096.677,604.697,278.768,61.82,216.948,484.717,86.46,398.257,358.682,353.058,5.624,589.611,573.571,16.04
LTU,1999,11230.731,11343.84,811.302,839.022,2170.943,2241.692,1461.517,1169.274,292.243,2564.765,2037.093,527.672,271.897,63.172,208.725,459.623,112.197,347.426,350.782,345.371,5.411,559.466,545.478,13.988
LTU,2000,11894.189,11614.667,745.819,846.107,2083.828,2171.115,1400.218,1124.527,275.691,2625.578,2100.574,525.004,260.308,63.596,196.712,470.407,124.37,346.037,336.258,330.732,5.526,572.056,558.824,13.232
LTU,2001,12644.082,12665.423,691.03,696.757,2145.966,2134.562,1348.316,1079.612,268.704,2508.212,2003.787,504.425,231.352,47.333,184.019,411.011,94.513,316.498,332.42,329.323,3.097,556.428,545.216,11.211
LTU,2002,13528.108,13493.744,724.979,733.518,2216.703,2225.654,1396.729,1114.458,282.271,2557.915,2041.803,516.112,246.508,50.257,196.251,425.947,96.811,329.136,320.234,317.066,3.168,537.628,527.439,10.189
LTU,2003,14942.93,14955.581,736.405,764.705,2310.078,2297.017,1428.916,1134.719,294.197,2591.16,2076.587,514.573,251.844,49.799,202.045,428.763,103.715,325.048,313.819,310.289,3.53,520.841,511.196,9.645
LTU,2004,16498.578,15914.525,760.288,710.903,2503.268,2397.241,1413.22,1148.769,264.451,2693.63,2194.918,498.712,220.387,48.361,172.026,397.082,86.193,310.889,319.17,316.433,2.737,551.457,546.193,5.264
LTU,2005,19006.627,17774.157,908.12,773.605,2711.772,2596.609,1423.965,1173.232,250.733,2715.952,2244.681,471.271,199.709,46.188,153.521,364.02,90.947,273.073,321.408,317.654,3.754,558.776,546.103,12.674
LTU,2006,21725.411,20412.258,929.478,809.384,3124.683,2772.074,1420.03,1172.428,247.602,2694.363,2229.475,464.888,195.238,47.954,147.284,367.12,111.452,255.668,294.723,291.025,3.698,505.943,493.581,12.361
LTU,2007,26061.866,24132.136,1008.259,1043.71,3565.3100000000004,3207.0469999999996,1448.962,1232.874,216.088,2792.975,2375.083,417.892,146.521,46.388,100.133,260.293,94.317,165.976,319.627,314.074,5.553,570.37,551.917,18.453
LTU,2008,29312.997,26739.334,1072.523,1033.02,4281.653,3605.662,1429.997,1262.095,167.902,2804.311,2445.163,359.148,114.603,49.542,65.061,233.671,97.77,135.901,313.865,311.574,2.291,585.453,580.364,5.089
LTU,2009,24262.555,24963.356,682.235,1087.543,4259.485000000001,4196.023999999999,1320.688,1161.632,159.056,2496.693,2168.91,327.783,118.054,45.909,72.145,229.893,84.183,145.711,309.725,307.295,2.43,557.762,553.003,4.758
LTU,2010,24707.511,24366.204,848.912,639.42,3985.629,4158.356,1250.516,1113.668,136.848,2401.763,2118.127,283.636,110.009,43.205,66.804,217.894,82.057,135.837,305.402,303.344,2.058,555.987,551.832,4.155
LTU,2011,27803.807,26269.924,1093.219,904.257,4149.892,3981.037,1257.37,1123.545,133.825,2383.112,2103.691,279.42,106.233,42.45,63.783,215.886,81.75,134.136,301.861,299.457,2.404,536.347,531.415,4.932
LTU,2012,29870.68,29022.421,1329.642,1224.388,4288.691,4210.869,1281.19,1138.976,142.214,2425.306,2131.121,294.185,112.039,46.451,65.588,227.757,90.121,137.637,295.826,293.11,2.716,521.752,516.494,5.258
LTU,2013,31414.942,31079.521,1232.573,1288.546,4466.815,4331.468,1298.742,1145.343,153.399,2436.842,2125.681,311.161,108.674,45.411,63.263,215.973,86.72,129.253,293.584,291.271,2.313,519.177,514.84,4.337
LTU,2014,32737.95,32600.084,1252.567,1288.631,4651.162,4493.419,1325.234,1164.339,160.895,2475.161,2155.046,320.115,120.654,51.077,69.577,234.0,94.847,139.152,295.739,293.196,2.543,517.092,513.01,4.081
LTU,2015,33547.774,33665.353,1286.732,1318.098,4851.016,4681.869,1343.869,1178.772,165.097,2545.302,2209.081,336.221,120.906,52.915,67.991,239.29,98.456,140.834,307.571,303.705,3.866,549.118,541.743,7.375
LTU,2016,34789.713,34444.144,1211.446,1235.693,5091.936000000001,4882.85,1374.294,1205.136,169.158,2635.787,2294.151,341.636,108.422,51.091,57.331,215.981,99.846,116.135,317.568,312.831,4.737,575.006,567.066,7.94
LTU,2017,37823.819,36394.299,1500.466,1218.334,5369.201,5121.19,1364.44,1200.512,163.928,2559.135,2234.448,324.687,105.183,49.574,55.609,205.21,94.448,110.762,313.961,310.171,3.79,552.131,544.904,7.228
LTU,2018,41189.133,39684.133,1326.436,1335.937,5881.852,5383.735000000001,1383.184,1221.544,161.64,2605.497,2283.639,321.858,98.578,48.728,49.85,193.901,91.914,101.987,313.781,309.725,4.056,554.221,546.232,7.989
LTU,2019,44098.426,43115.693,1538.257,1466.714,6572.662,5925.179,1390.436,1227.537,162.899,2621.643,2298.641,323.002,88.888,44.832,44.056,179.431,87.324,92.106,319.591,316.728,2.863,566.912,561.468,5.444
LTU,2020,44904.952,44117.307,1775.557,1814.767,7236.762,6458.843,1368.884,1211.489,157.395,2472.351,2189.377,282.974,78.493,36.297,42.196,158.191,70.848,87.343,321.177,317.364,3.813,551.075,545.511,5.564
LTU,2021,50516.886,47776.542,1924.74,1626.411,8061.687,7506.596,1386.615,1226.588,160.027,2541.613,2251.785,289.828,74.365,33.638,40.727,146.651,66.003,80.648,316.829,311.979,4.85,548.825,542.004,6.822
LTU,2022,60696.144,51762.289,2649.316,1905.215,9114.821,8209.628,1455.474,1280.153,175.321,2677.187,2346.241,330.946,78.279,38.297,39.982,153.622,72.734,80.888,333.122,327.659,5.463,584.155,576.16,7.995
LTU,2023,67012.128,61145.014,1855.844,2598.578,10355.287,9177.006,1476.289,1303.406,172.883,2741.218,2425.097,316.121,73.319,40.306,33.013,143.857,76.014,67.843,333.155,327.738,5.417,603.525,595.517,8.008
LTU,2024,70747.696,69042.727,1908.614,1943.901,12128.592,10484.52,1498.35,1325.098,173.252,2815.375,2493.484,321.89,71.454,36.683,34.771,145.397,70.797,74.6,348.065,339.558,8.507,638.029,624.404,13.625
LTU,2025,,,,,,,1487.538,1321.233,166.305,2817.167,2506.293,310.874,69.855,40.482,29.373,139.806,76.742,63.064,353.723,344.553,9.17,643.801,629.574,14.227
LUX,1985,,,,,,,162.068691,,,,,,,,,,,,,,,,,
LUX,1986,,,,,,,165.891541,,,,,,,,,,,,,,,,,
LUX,1987,,,,,,,170.418599,,,,,,,,,,,,,,,,,
LUX,1988,,,,,,,175.549265,,,,,,,,,,,,,,,,,
LUX,1989,,,,,,,181.585343,,,,,,,,,,,,,,,,,
LUX,1990,,,,,,,189.231042,,,,,,,,,,,,,,,,,
LUX,1991,,,,,,,196.776139,,,,,,,,,,,,,,,,,
LUX,1992,,,,,,,202.208609,,,,,,,,,,,,,,,,,
LUX,1993,,,,,,,205.830256,,,,,,,,,,,,,,,,,
LUX,1994,,,,,,,211.363327,,,,,,,,,,,,,,,,,
LUX,1995,13722.304,17492.943,142.432,132.7,1917.951,2299.483,216.997,199.569,17.428,350.544,320.987,29.556,5.697,1.383,4.314,9.33,2.211,7.119,35.657,34.594,1.062,53.533,52.303,1.23
LUX,1996,14470.954,13871.116,130.684,140.309,2034.734,1987.711,222.6,204.787,17.813,354.525,324.743,29.782,5.444,1.343,4.101,8.875,2.127,6.748,36.963,35.743,1.22,54.748,53.343,1.405
LUX,1997,15592.672,15146.734,123.441,113.365,2197.444,2143.66,229.85,211.834,18.016,367.848,338.184,29.664,5.385,1.36,4.026,8.678,2.133,6.545,38.383,37.098,1.285,57.293,55.832,1.461
LUX,1998,16229.234,16621.468,140.933,141.455,2270.76,2298.833,239.929,221.834,18.095,383.538,353.895,29.642,5.217,1.342,3.875,8.447,2.113,6.335,40.859,39.402,1.457,60.137,58.47,1.667
LUX,1999,18373.944,17497.583,146.62,161.434,2554.2039999999997,2396.84,250.879,232.662,18.218,400.932,371.529,29.403,5.139,1.356,3.783,8.358,2.151,6.207,41.485,40.002,1.483,61.025,59.33,1.695
LUX,2000,20502.108,19502.834,137.196,126.864,2767.351,2703.81,263.951,245.73,18.222,423.638,394.111,29.527,4.894,1.38,3.514,7.963,2.206,5.757,44.091,42.329,1.762,64.953,62.831,2.122
LUX,2001,21424.213,21247.425,133.796,114.568,3013.625,2882.6549999999997,279.093,260.132,18.961,444.537,414.091,30.446,4.635,1.413,3.222,7.495,2.238,5.256,46.419,44.745,1.674,68.31,66.221,2.089
LUX,2002,22423.919,22086.96,172.742,181.381,3312.3320000000003,3167.9489999999996,286.814,267.77,19.043,455.394,425.447,29.948,4.509,1.351,3.158,7.278,2.138,5.14,49.059,47.246,1.813,71.955,69.695,2.26
LUX,2003,23474.634,22987.989,121.757,102.046,3582.569,3358.134,292.537,273.181,19.356,463.931,432.973,30.958,4.433,1.326,3.108,7.109,2.088,5.021,52.07,49.921,2.148,76.22,73.509,2.711
LUX,2004,25053.304,24337.674,150.935,138.603,3931.202,3745.733,299.305,279.427,19.878,474.752,442.885,31.867,4.096,1.01,3.086,6.563,1.596,4.966,54.571,52.251,2.32,80.827,77.857,2.971
LUX,2005,26894.032,25594.24,107.952,118.989,4158.141,3968.13,307.523,287.18,20.343,481.751,449.394,32.357,4.05,0.943,3.106,6.153,1.435,4.718,56.669,53.997,2.672,82.229,78.801,3.428
LUX,2006,30683.877,28728.638,106.543,112.881,4399.817,4257.707,319.273,298.995,20.278,500.338,467.532,32.806,4.065,1.007,3.058,6.147,1.528,4.619,58.57,55.608,2.963,84.416,80.656,3.76
LUX,2007,33658.394,33180.481,136.724,114.308,4648.904,4514.316000000001,333.255,312.602,20.653,526.874,492.089,34.785,4.041,1.04,3.001,6.154,1.596,4.557,60.362,57.085,3.277,86.975,82.898,4.077
LUX,2008,35998.314,33505.244,123.141,115.489,4948.911,4837.327,349.058,327.802,21.256,551.943,515.81,36.133,4.012,1.062,2.95,6.179,1.638,4.54,62.683,59.251,3.432,90.342,86.121,4.221
LUX,2009,35116.859,34809.168,91.119,124.496,5357.077,5224.418,352.518,330.918,21.601,535.146,501.008,34.137,3.925,1.098,2.827,5.85,1.615,4.235,65.881,61.989,3.893,92.522,88.071,4.45
LUX,2010,38235.934,36399.229,113.814,104.736,5692.573,5525.976000000001,359.016,337.008,22.009,546.073,512.192,33.882,3.926,1.187,2.739,5.777,1.724,4.053,68.521,64.303,4.218,96.603,91.808,4.796
LUX,2011,39801.076,38378.251,111.303,87.371,6054.384,5850.384,369.628,347.022,22.606,561.666,527.31,34.355,3.914,1.207,2.707,5.756,1.776,3.98,71.827,67.391,4.436,101.068,96.03,5.039
LUX,2012,41682.682,40349.111,133.973,131.396,6449.027,6251.445,378.659,355.62,23.039,573.176,537.987,35.189,3.9,1.26,2.639,5.726,1.847,3.879,75.299,70.735,4.564,106.204,100.987,5.217
LUX,2013,44019.418,42975.854,128.582,110.892,6862.438,6706.327,385.538,361.977,23.561,580.732,544.309,36.423,3.757,1.219,2.538,5.538,1.797,3.741,78.679,73.611,5.068,110.458,104.668,5.79
LUX,2014,46254.988,44920.397,149.962,146.768,7186.137,6970.184,395.12,371.04,24.08,597.449,559.566,37.884,3.732,1.294,2.438,5.525,1.931,3.594,81.173,76.069,5.103,113.471,107.658,5.813
LUX,2015,49537.301,48392.196,121.134,152.36,7483.305,7279.596,405.239,380.579,24.66,615.741,577.08,38.661,3.724,1.336,2.388,5.533,1.998,3.535,83.63,78.128,5.502,117.5,111.194,6.306
LUX,2016,51386.241,52052.311,120.396,120.621,7698.157999999999,7596.653,417.52,392.198,25.323,633.782,593.964,39.818,3.726,1.392,2.334,5.536,2.08,3.457,85.471,79.779,5.691,119.566,113.018,6.548
LUX,2017,53011.49,51853.054,136.448,112.093,8256.862,7973.126,432.185,406.338,25.846,651.779,612.014,39.766,3.702,1.442,2.26,5.467,2.14,3.327,88.997,82.771,6.226,124.26,117.005,7.255
LUX,2018,54533.051,53669.007,140.695,146.968,8919.452,8779.104,447.353,421.072,26.281,670.51,634.69,35.82,3.681,1.5,2.181,5.437,2.233,3.204,91.752,85.708,6.044,128.404,121.36,7.044
LUX,2019,56495.174,56074.968,134.085,127.925,9582.074,9129.759,463.326,436.341,26.984,691.879,655.031,36.848,3.651,1.543,2.108,5.413,2.302,3.111,96.085,89.439,6.646,133.994,126.228,7.766
LUX,2020,58593.313,55994.731,129.267,121.961,10377.75,9798.052,471.583,443.84,27.743,654.552,620.626,33.926,4.43,1.581,2.849,6.007,2.145,3.861,101.446,93.771,7.674,140.375,131.902,8.474
LUX,2021,66274.078,62842.215,142.326,146.579,11281.001,11439.575,485.132,456.908,28.223,715.85,678.356,37.494,4.511,1.645,2.866,6.63,2.438,4.192,106.621,98.575,8.046,148.306,138.869,9.437
LUX,2022,69430.32,65289.855,185.818,131.326,12262.543,11878.85,501.248,472.316,28.933,737.629,699.619,38.011,4.458,1.668,2.79,6.457,2.449,4.008,111.697,102.932,8.764,153.1,143.057,10.043
LUX,2023,74961.732,69328.644,153.763,159.593,13570.665,12524.007,510.99,481.314,29.676,749.34,711.283,38.057,4.353,1.669,2.683,6.204,2.41,3.794,115.416,106.372,9.044,158.681,148.213,10.469
LUX,2024,78467.399,75013.26,180.538,205.829,14750.971,14123.889,516.026,485.546,30.48,757.119,718.002,39.117,4.313,1.703,2.61,6.188,2.462,3.726,118.744,109.037,9.707,163.718,152.607,11.111
LUX,2025,,,,,,,522.173,490.868,31.304,761.953,721.809,40.143,4.256,1.731,2.525,6.087,2.48,3.606,123.329,113.411,9.918,170.239,158.885,11.354
LVA,1995,3479.595,2944.836,316.749,298.378,596.453,427.71400000000006,930.19,788.061,142.129,1985.922,1675.495,310.427,135.838,50.2,85.638,263.768,85.997,177.771,204.388,200.16,4.228,417.71,406.768,10.942
LVA,1996,4027.285,3551.233,314.845,288.429,660.857,589.019,935.355,792.437,142.918,1995.183,1683.124,312.059,136.59,50.476,86.114,265.234,86.475,178.759,205.45,201.272,4.178,419.869,409.027,10.842
LVA,1997,4645.978,4411.694,266.185,338.971,750.393,676.796,976.994,827.714,149.28,2079.214,1753.754,325.46,142.672,52.724,89.948,277.04,90.324,186.716,214.656,210.231,4.425,438.688,427.235,11.453
LVA,1998,5146.883,4966.841,227.746,252.389,851.615,745.513,973.379,824.651,148.728,2070.219,1746.099,324.12,142.146,52.529,89.617,276.015,89.99,186.025,213.241,209.454,3.787,435.69,425.655,10.035
LVA,1999,5420.964,5310.655,227.4,211.049,938.998,877.703,955.917,809.857,146.06,2034.661,1715.568,319.093,139.597,51.589,88.008,271.064,88.376,182.688,209.481,205.696,3.785,428.035,418.019,10.016
LVA,2000,5976.889,5726.609,304.729,265.868,986.784,961.378,923.688,782.547,141.141,1969.402,1658.956,310.446,134.974,49.889,85.085,262.074,85.423,176.651,202.435,198.755,3.68,413.526,403.879,9.647
LVA,2001,6567.387,6370.037,327.907,333.014,1041.427,1020.193,938.697,795.056,143.641,2009.85,1690.703,319.147,141.504,57.107,84.397,283.183,106.3,176.883,196.453,193.08,3.373,406.392,397.445,8.947
LVA,2002,7308.331,7085.988,376.48,350.186,1110.801,1069.29,952.321,814.863,137.458,2005.44,1723.203,282.238,141.15,58.142,83.008,281.153,121.275,159.878,193.498,189.367,4.131,387.888,378.37,9.518
LVA,2003,8155.25,7919.318,375.074,367.984,1287.24,1188.428,958.281,829.815,128.466,2011.766,1746.611,265.155,124.871,55.49,69.381,251.643,118.614,133.029,195.034,189.833,5.201,383.702,374.012,9.69
LVA,2004,9497.324,8868.696,463.955,387.226,1426.82,1343.581,960.619,833.382,127.237,1979.501,1720.731,258.771,103.444,37.902,65.542,201.345,79.691,121.654,196.774,192.362,4.412,386.189,376.497,9.692
LVA,2005,11590.101,10627.18,506.775,504.186,1706.284,1478.449,969.15,853.862,115.288,2041.381,1793.705,247.676,92.391,38.722,53.669,192.165,81.558,110.607,199.925,193.934,5.991,405.891,394.193,11.698
LVA,2006,14323.935,13020.67,557.796,487.987,2149.691,1850.411,1024.945,900.299,124.646,2143.518,1869.944,273.573,105.735,45.794,59.941,216.928,95.143,121.785,201.695,195.42,6.275,408.7,393.603,15.097
LVA,2007,18990.329,15688.028,742.927,597.92,2949.0689999999995,2258.64,1064.074,943.802,120.272,2182.306,1924.852,257.453,86.595,33.74,52.855,178.802,69.708,109.094,205.258,199.465,5.793,420.619,405.092,15.527
LVA,2008,20901.515,18641.647,721.874,705.839,3569.1320000000005,2987.182,1055.068,943.473,111.595,2112.513,1875.62,236.893,79.716,34.778,44.938,166.083,70.925,95.158,205.77,200.182,5.588,407.902,394.466,13.436
LVA,2009,16574.77,18032.055,607.49,804.154,2946.296,3205.3689999999997,903.723,796.5,107.223,1764.264,1545.132,219.132,76.331,33.608,42.723,156.866,68.248,88.618,203.831,198.478,5.353,398.17,385.766,12.404
LVA,2010,15717.95,15865.462,729.32,563.707,2566.34,2732.2119999999995,843.505,743.905,99.6,1632.306,1433.813,198.493,66.163,28.149,38.014,135.29,55.778,79.512,193.629,190.183,3.447,373.136,365.211,7.925
LVA,2011,16839.262,16132.366,722.212,758.246,2683.9860000000003,2607.094,856.224,756.388,99.836,1671.254,1467.832,203.422,68.563,30.56,38.003,141.782,60.047,81.735,199.251,194.541,4.711,386.223,375.67,10.553
LVA,2012,18570.121,18003.965,745.585,773.993,2845.887,2714.0440000000003,868.633,766.72,101.913,1680.177,1479.881,200.296,67.966,32.126,35.84,139.192,64.118,75.074,199.869,194.048,5.821,384.512,372.352,12.16
LVA,2013,19227.752,18833.574,705.252,697.964,3027.768,2880.718,888.632,782.976,105.656,1713.053,1506.184,206.869,67.763,34.002,33.761,136.685,68.629,68.056,202.25,197.154,5.096,389.11,376.95,12.159
LVA,2014,19950.471,19577.497,824.195,779.718,3210.2129999999997,3153.621,876.632,772.764,103.868,1699.326,1495.43,203.896,65.164,32.822,32.342,134.25,66.766,67.484,195.6,191.82,3.78,375.581,368.326,7.255
LVA,2015,20768.494,20656.151,843.978,844.666,3370.96,3317.8689999999997,889.0,774.475,114.525,1690.648,1465.71,224.938,69.84,33.777,36.063,144.427,66.417,78.01,197.022,191.859,5.164,372.997,361.641,11.356
LVA,2016,21279.983,21183.984,814.644,809.741,3501.623,3434.018,886.298,769.006,117.292,1686.172,1454.44,231.732,67.44,32.683,34.757,136.221,64.268,71.953,196.574,192.006,4.568,370.439,359.886,10.553
LVA,2017,22589.667,22003.074,943.059,826.851,3763.493,3649.458,885.986,772.242,113.744,1671.429,1448.126,223.303,65.149,36.196,28.953,134.692,72.541,62.151,197.955,192.28,5.676,365.662,354.941,10.721
LVA,2018,24287.928,23423.23,1030.711,905.937,4095.642,3920.699,903.88,798.67,105.21,1716.871,1515.589,201.282,65.114,36.898,28.216,134.611,74.726,59.885,202.021,196.184,5.838,375.427,366.589,8.838
LVA,2019,25590.537,24439.987,1139.345,1249.778,4448.478999999999,4086.319,922.191,816.974,105.217,1751.075,1549.219,201.856,63.566,36.0,27.566,127.938,69.829,58.109,209.222,204.421,4.801,389.211,381.447,7.764
LVA,2020,25367.016,24698.282,1192.114,1136.967,4663.473,4494.817999999999,915.93,799.507,116.423,1644.981,1442.205,202.776,70.208,40.791,29.417,137.953,75.442,62.512,210.717,206.199,4.519,374.054,367.194,6.86
LVA,2021,28062.189,27219.006,1358.089,1196.375,5337.081,4752.849999999999,904.312,785.538,118.774,1651.803,1442.138,209.664,71.298,39.371,31.927,140.843,73.557,67.286,211.213,205.958,5.255,386.097,376.727,9.37
LVA,2022,31521.384,28542.042,1845.618,1176.903,5731.373,5539.677,906.068,782.268,123.8,1689.057,1464.537,224.52,69.998,36.658,33.34,136.998,68.961,68.037,212.371,204.466,7.905,385.497,374.949,10.548
LVA,2023,34788.163,31356.406,1556.236,1771.761,6485.450000000001,5838.2970000000005,922.172,813.973,108.199,1690.149,1489.725,200.424,75.238,47.076,28.162,126.162,67.417,58.744,214.909,207.99,6.919,388.872,378.304,10.568
LVA,2024,35457.976,34748.751,1605.049,1618.65,7238.672,6826.619,908.764,797.599,111.165,1674.019,1470.823,203.196,71.18,40.905,30.275,124.992,59.5,65.492,216.128,209.112,7.016,391.653,383.135,8.518
LVA,2025,,,,,,,903.794,782.631,121.163,1641.241,1434.873,206.367,72.941,47.817,25.124,120.15,69.875,50.275,216.972,208.307,8.665,385.24,371.347,13.893
MEX,1993,1585848.139,,79188.712,,130021.85,,,,,,,,,,,,,,,,,,,
MEX,1994,1786148.36,1653018.402,81539.663,79050.854,154488.26299999998,132376.973,,,,,,,,,,,,,,,,,,
MEX,1995,2347339.368,1682478.738,100802.161,82534.598,185626.078,156666.502,,,,,,,,,,,,,,,,,,
MEX,1996,3162149.56,2495645.187,150412.78,104636.956,235636.533,188217.126,,,,,,,,,,,,,,,,,,
MEX,1997,3969264.756,3388234.64,174869.372,150335.449,302260.087,246772.794,,,,,,,,,,,,,,,,,,
MEX,1998,4854757.577,4212666.11,199016.018,180476.533,380162.537,305850.91099999996,,,,,,,,,,,,,,,,,,
MEX,1999,5739019.254,4986195.875,210632.044,201467.855,475046.244,388878.8490000001,,,,,,,,,,,,,,,,,,
MEX,2000,6705659.784,6033465.831,221673.122,213014.154,578812.611,485427.309,,,,,,,,,,,,,,,,,,
MEX,2001,7085856.551,6652165.369,239883.19,233212.271,658384.476,570094.145,,,,,,,,,,,,,,,,,,
MEX,2002,7444100.098,7062072.88,243471.588,237171.465,739293.0819999999,663310.047,,,,,,,,,,,,,,,,,,
MEX,2003,7866314.954,7525751.943,264912.583,252500.169,815544.358,737011.9839999999,,,,,,,,,,,,,,,,,,
MEX,2004,8858030.5,8149406.853,294648.796,271547.086,866030.9060000001,820859.3539999999,,,,,,,,,,,,,,,,,,
MEX,2005,9603894.589,9037494.195,294555.414,285548.018,933673.169,878294.0669999999,40853.6015,26173.18,14680.4215,93276.433,61499.904,31776.529,6225.7745,2128.91375,4096.86075,13599.552,4905.302,8694.25,5292.273,5045.42075,246.85225,10811.877,10347.74,464.137
MEX,2006,10719324.856,10061009.895,327260.021,312243.479,1018000.01,955114.369,42204.32825,27428.101,14776.22725,95832.262,64382.351,31449.91,6108.629,2187.85125,3920.77775,13083.524,4918.511,8165.013,5508.373,5240.86825,267.50475,11189.086,10714.81,474.276
MEX,2007,11609423.452,10959842.447,366446.048,341547.171,1105653.334,1031556.597,43109.48625,28163.8745,14945.61175,97064.396,65674.572,31389.824,5990.97775,2123.843,3867.13475,12526.597,4649.431,7877.166,5641.4495,5378.62,262.8295,11388.154,10934.364,453.79
MEX,2008,12612095.832,11694134.785,391550.731,369364.892,1211796.385,1121754.414,43797.59525,28993.78575,14803.8095,98807.621,67829.28,30978.341,6017.1605,2223.91475,3793.24575,12557.444,4869.205,7688.239,5795.5465,5513.159,282.3875,11846.931,11348.103,498.828
MEX,2009,12245032.57,11866809.744,395298.949,380662.607,1310230.532,1233021.975,44347.016,29075.815,15271.201,99567.915,67648.448,31919.466,6066.6,2314.0825,3752.5175,12605.456,4949.397,7656.06,6051.22,5752.39625,298.82375,12387.26,11864.456,522.804
MEX,2010,13424766.786,12895783.303,431896.355,404866.715,1410275.4009999998,1326506.502,45063.02975,29983.99775,15079.032,101121.764,69892.86,31228.903,6198.64275,2360.10875,3838.534,12687.251,4956.596,7730.654,6091.96925,5780.5385,311.43075,12483.048,11940.329,542.719
MEX,2011,14762356.071,13909025.253,454342.082,421444.574,1524291.8309999998,1432625.86,46050.452,30508.843,15541.609,103019.325,70843.502,32175.822,6210.48525,2470.291,3740.19425,12648.628,5139.97,7508.658,6167.32525,5848.60575,318.7195,12610.509,12070.308,540.201
MEX,2012,16046850.324,15305327.916,503928.259,481849.822,1661950.765,1563445.003,47554.4995,31832.4735,15722.026,105882.412,73752.691,32129.721,6427.84,2581.81275,3846.02725,12957.264,5314.847,7642.417,6350.46125,6005.1155,345.34575,12932.48,12354.244,578.236
MEX,2013,16319823.4,16199011.331,512781.154,519122.493,1739608.161,1659024.5129999998,48127.65575,32262.58875,15865.067,107379.298,75000.95,32378.347,6466.45325,2581.75825,3884.695,13024.084,5370.966,7653.118,6340.342,6009.141,331.201,12897.495,12342.6,554.894
MEX,2014,17234932.702,16728843.734,549051.445,528960.71,1845711.07,1754301.8110000002,48337.28425,32772.08775,15565.1965,107765.505,76314.632,31450.874,6548.816,2690.99875,3857.81725,13193.84,5628.966,7564.874,6239.5655,5924.87025,314.69525,12764.632,12265.167,499.465
MEX,2015,18157883.864,17675536.601,593238.594,559224.71,1961581.458,1850317.755,49541.84575,33645.0555,15896.79025,110678.875,78639.561,32039.313,6538.1925,2743.555,3794.6375,13205.236,5782.461,7422.774,6250.51525,5902.52675,347.9885,12817.001,12257.168,559.833
MEX,2016,19500423.526,18474870.194,673890.349,610533.856,2037046.158,1982347.475,50589.568,34581.033,16008.535,113216.392,80782.838,32433.554,6506.00275,2887.5715,3618.43125,13210.322,6123.921,7086.401,6274.684,5921.41125,353.27275,12839.892,12269.091,570.801
MEX,2017,21324106.38,19864579.049,743134.187,695911.692,2138444.918,2043174.712,51375.85775,35227.66075,16148.197,114965.874,82244.152,32721.722,6621.433,2906.7095,3714.7235,13544.706,6252.994,7291.712,6382.38075,6002.39825,379.9825,13058.109,12432.991,625.118
MEX,2018,22873645.541,21739478.675,797095.019,761410.287,2280974.916,2177592.45,52849.79175,36138.023,16711.76875,118274.947,84256.519,34018.428,6653.4495,2954.9745,3698.475,13679.839,6343.89,7335.949,6511.18375,6110.3185,400.86525,13259.097,12613.269,645.828
MEX,2019,23692121.133,22773432.947,832794.573,799476.895,2381912.451,2271527.926,54304.286,36953.21575,17351.07025,120963.715,85835.848,35127.867,6667.56925,3034.14175,3633.4275,13714.768,6520.407,7194.361,6575.36575,6149.58275,425.783,13408.994,12723.989,685.005
MEX,2020,22617653.555,21787701.964,893895.455,842120.668,2481922.3880000003,2350395.865,50656.07808,35179.17543,15476.90268,111819.552,81347.782,30471.77,6311.139,2843.554175,3467.584825,13004.73,6204.472,6800.258,6806.650925,6448.1845,358.466425,14090.334,13528.539,561.795
MEX,2021,25109421.266,23920891.905,1009594.628,914659.638,2617634.762,2506038.008,54825.4535,37294.37775,17531.07575,121507.719,86353.213,35154.506,6751.95925,3157.8585,3594.10075,13818.259,6771.628,7046.631,7098.76675,6635.45525,463.3115,14393.084,13680.29,712.794
MEX,2022,28106075.258,26005043.874,1150923.728,1025402.813,2766522.337,2622911.0330000003,56966.51025,38743.89275,18222.6175,126829.319,89990.874,36838.445,6781.0965,3090.8185,3690.278,13899.942,6712.242,7187.7,7004.13,6503.4735,500.6565,14139.052,13347.193,791.858
MEX,2023,29952317.519,28962010.653,1225486.358,1137965.41,2995532.1969999997,2791364.525,58520.115,40082.322,18437.793,129132.145,92566.396,36565.749,6575.0725,3036.30725,3538.76525,13342.248,6583.213,6759.036,7079.7465,6547.3995,532.347,14262.517,13427.807,834.71
MEX,2024,31331232.226,30354201.634,1296530.173,1230224.04,3181598.773,3022044.091,58986.8225,40711.51025,18275.31225,129249.324,93332.647,35916.677,6422.735,3050.003,3372.732,12761.189,6449.384,6311.805,7219.7895,6684.897,534.8925,14549.349,13712.375,836.975
NLD,1970,,,,,,,5601.408991,4608.185099,988.595375,,,,,,,,,,,,,,,
NLD,1971,,,,,,,5659.088788,4658.815539,995.064852,,,,,,,,,,,,,,,
NLD,1972,,,,,,,5626.854622,4622.721671,1000.554643,,,,,,,,,,,,,,,
NLD,1973,,,,,,,5665.167763,4661.358889,999.007014,,,,,,,,,,,,,,,
NLD,1974,,,,,,,5703.285893,4694.673728,1003.451316,,,,,,,,,,,,,,,
NLD,1975,,,,,,,5699.330227,4693.984603,999.758494,,,,,,,,,,,,,,,
NLD,1976,,,,,,,5743.743597,4736.164878,1001.01008,,,,,,,,,,,,,,,
NLD,1977,,,,,,,5749.475151,4756.96364,983.244852,,,,,,,,,,,,,,,
NLD,1978,,,,,,,5825.196766,4825.792647,988.980713,,,,,,,,,,,,,,,
NLD,1979,,,,,,,5948.85773,4932.196948,1005.353089,,,,,,,,,,,,,,,
NLD,1980,,,,,,,6060.232175,4996.721991,1056.648665,,,,,,,,,,,,,,,
NLD,1981,,,,,,,6033.140822,4959.29397,1069.543076,,,,,,,,,,,,,,,
NLD,1982,,,,,,,5942.816685,4865.761805,1076.044921,,,,,,,,,,,,,,,
NLD,1983,,,,,,,5890.157271,4806.127708,1085.794676,,,,,,,,,,,,,,,
NLD,1984,,,,,,,5938.373735,4841.349337,1099.494053,,,,,,,,,,,,,,,
NLD,1985,,,,,,,6049.566954,4933.844581,1117.929602,,,,,,,,,,,,,,,
NLD,1986,,,,,,,6192.157353,5053.701439,1140.118284,,,,,,,,,,,,,,,
NLD,1987,,,,,,,6324.711853,5160.849428,1165.733828,,,,,,,,,,,,,,,
NLD,1988,,,,,,,6439.060966,5264.785473,1174.400795,,,,,,,,,,,,,,,
NLD,1989,,,,,,,6611.938052,5420.263904,1189.436908,,,,,,,,,,,,,,,
NLD,1990,,,,,,,6813.649732,5609.099943,1198.312593,,,,,,,,,,,,,,,
NLD,1991,,,,,,,6944.424488,5727.623098,1208.624671,,,,,,,,,,,,,,,
NLD,1992,,,,,,,7042.105227,5801.544594,1233.381417,,,,,,,,,,,,,,,
NLD,1993,,,,,,,7071.710386,5804.953313,1263.061091,,,,,,,,,,,,,,,
NLD,1994,,,,,,,7120.758046,5826.544888,1293.617977,,,,,,,,,,,,,,,
NLD,1995,299747.0,,10260.0,,60035.0,,7281.0,5960.0,1320.0,10855.737,8541.573,2314.164,234.0,98.0,136.0,435.86,125.586,310.274,1853.0,1697.0,156.0,2496.227,2272.967,223.26
NLD,1996,311993.0,309095.0,9952.0,9795.0,60894.0,60092.0,7434.0,6104.0,1330.0,11196.053,8794.125,2401.928,237.0,99.0,138.0,446.058,127.56,318.498,1868.0,1708.0,160.0,2521.811,2292.155,229.656
NLD,1997,333529.0,325657.0,10995.0,10673.0,63532.0,61948.0,7661.0,6307.0,1353.0,11428.754,9013.441,2415.313,241.0,103.0,138.0,445.605,129.202,316.403,1908.0,1740.0,168.0,2563.478,2320.901,242.577
NLD,1998,355882.0,348891.0,10130.0,10491.0,66459.0,64492.0,7840.0,6523.0,1317.0,11670.319,9299.342,2370.977,232.0,104.0,128.0,409.138,133.451,275.687,1946.0,1779.0,168.0,2596.005,2347.212,248.793
NLD,1999,376540.0,372873.0,9827.0,10815.0,69892.0,67551.0,8066.0,6768.0,1298.0,11992.987,9612.568,2380.419,234.0,108.0,126.0,439.764,139.29,300.475,1996.0,1828.0,168.0,2639.245,2388.963,250.282
NLD,2000,405973.0,393266.0,10449.0,9933.0,74184.0,71188.0,8214.0,6947.0,1267.0,12103.363,9750.884,2352.479,233.0,107.0,125.0,473.226,139.338,333.888,2026.0,1865.0,161.0,2650.174,2410.366,239.808
NLD,2001,430475.0,415536.0,10796.0,9931.0,80654.0,76244.0,8377.0,7118.0,1259.0,12260.221,9959.589,2300.632,237.0,118.0,119.0,455.421,144.851,310.57,2093.0,1933.0,160.0,2740.079,2500.086,239.993
NLD,2002,449144.0,431419.0,10498.0,10893.0,88798.0,83617.0,8436.0,7172.0,1264.0,12197.711,9943.373,2254.338,236.0,117.0,119.0,452.433,145.406,307.027,2178.0,2019.0,160.0,2855.104,2618.565,236.539
NLD,2003,459576.0,449417.0,10647.0,10775.0,94211.0,90918.0,8388.0,7137.0,1251.0,12054.997,9850.872,2204.125,230.0,114.0,117.0,426.488,141.327,285.161,2250.0,2093.0,156.0,2958.706,2718.729,239.977
NLD,2004,473572.0,469247.0,9965.0,11238.0,97381.0,95427.0,8293.0,7026.0,1267.0,12092.734,9825.345,2267.389,224.0,112.0,112.0,424.273,139.264,285.009,2255.0,2107.0,148.0,2962.517,2721.968,240.549
NLD,2005,492241.0,483364.0,10350.0,10023.0,100056.0,98326.0,8346.0,7059.0,1288.0,12053.974,9733.132,2320.842,218.0,109.0,110.0,418.057,137.853,280.205,2285.0,2115.0,170.0,2969.503,2691.892,277.611
NLD,2006,522057.0,509225.0,11513.0,10421.0,103804.0,101394.0,8527.0,7191.0,1336.0,12283.167,9857.402,2425.766,215.0,109.0,106.0,407.102,138.297,268.805,2309.0,2127.0,182.0,2986.868,2695.165,291.703
NLD,2007,554653.0,542841.0,11408.0,11822.0,107946.0,105043.0,8777.0,7396.0,1380.0,12634.571,10110.03,2524.541,213.0,110.0,103.0,401.379,140.377,261.002,2361.0,2160.0,201.0,3041.929,2723.272,318.657
NLD,2008,580170.0,568196.0,10762.0,11703.0,114815.0,110729.0,8919.0,7528.0,1390.0,12834.608,10310.931,2523.677,209.0,107.0,102.0,399.653,138.308,261.345,2420.0,2201.0,219.0,3127.789,2784.508,343.28
NLD,2009,564180.0,560929.0,9868.0,11099.0,122211.0,118551.0,8840.0,7453.0,1387.0,12646.511,10141.978,2504.533,204.0,104.0,100.0,396.055,139.247,256.808,2478.0,2249.0,228.0,3205.599,2852.557,353.042
NLD,2010,575705.0,572577.0,11496.0,9851.0,126482.0,125110.0,8779.0,7391.0,1388.0,12555.25,10031.574,2523.676,202.0,102.0,101.0,389.735,135.9,253.835,2543.0,2321.0,222.0,3245.288,2895.73,349.558
NLD,2011,589169.0,587915.0,10486.0,11472.0,128349.0,129005.0,8850.0,7437.0,1412.0,12661.903,10104.326,2557.577,200.0,101.0,100.0,386.319,135.897,250.422,2554.0,2332.0,222.0,3254.339,2895.889,358.45
NLD,2012,593115.0,584801.0,11170.0,10479.0,131202.0,127951.0,8827.0,7392.0,1435.0,12549.475,9969.577,2579.898,198.0,100.0,97.0,380.057,134.68,245.377,2558.0,2323.0,235.0,3253.156,2874.381,378.776
NLD,2013,598320.0,595307.0,12278.0,11331.0,133077.0,131797.0,8719.0,7277.0,1442.0,12439.253,9847.397,2591.856,195.0,99.0,95.0,378.874,136.552,242.322,2537.0,2296.0,241.0,3235.095,2844.64,390.455
NLD,2014,609309.0,608214.0,12222.0,12901.0,134807.0,134155.0,8706.0,7234.0,1472.0,12523.791,9859.486,2664.305,194.0,98.0,96.0,382.764,135.741,247.022,2498.0,2256.0,242.0,3222.819,2826.262,396.557
NLD,2015,627626.0,621078.0,12627.0,12616.0,135300.0,134718.0,8776.0,7296.0,1480.0,12623.528,9895.926,2727.601,193.0,96.0,97.0,378.509,133.172,245.337,2474.0,2230.0,244.0,3187.251,2785.256,401.995
NLD,2016,644312.0,641713.0,13424.0,13000.0,138906.0,135850.0,8909.0,7408.0,1500.0,12927.763,10122.168,2805.596,195.0,98.0,97.0,389.738,137.072,252.666,2470.0,2218.0,252.0,3206.619,2790.857,415.762
NLD,2017,671934.0,662265.0,14776.0,13591.0,142308.0,140527.0,9116.0,7597.0,1519.0,13228.217,10366.935,2861.281,197.0,99.0,98.0,397.857,142.174,255.683,2507.0,2248.0,258.0,3250.547,2813.959,436.588
NLD,2018,703557.0,686795.0,13855.0,14696.0,148427.0,143440.0,9361.0,7816.0,1546.0,13583.155,10664.522,2918.633,199.0,101.0,97.0,401.167,147.574,253.592,2556.0,2291.0,265.0,3323.386,2866.984,456.402
NLD,2019,739508.0,720377.0,14594.0,14235.0,155795.0,151034.0,9573.0,7993.0,1580.0,13943.543,10937.98,3005.562,199.0,103.0,97.0,409.046,152.397,256.649,2633.0,2360.0,272.0,3436.702,2963.165,473.537
NLD,2020,726149.0,709755.0,14185.0,14837.0,157030.0,152934.0,9524.0,7936.0,1588.0,13353.961,10542.266,2811.694,200.0,105.0,95.0,400.406,154.394,246.012,2700.0,2421.0,279.0,3452.781,2999.836,452.945
NLD,2021,791730.0,774694.0,14752.0,14535.0,169077.0,163349.0,9690.0,8056.0,1634.0,13974.568,10983.876,2990.692,201.0,106.0,96.0,397.606,156.629,240.977,2769.0,2479.0,290.0,3615.227,3119.652,495.576
NLD,2022,888174.0,836696.0,16318.0,14638.0,181780.0,175439.0,10000.0,8340.0,1660.0,14511.19,11361.989,3149.201,197.0,104.0,94.0,386.547,155.733,230.814,2831.0,2531.0,301.0,3673.88,3149.572,524.308
NLD,2023,944801.0,883231.0,18393.0,16109.0,196934.0,184310.0,10184.0,8474.0,1710.0,14690.222,11479.276,3210.946,196.0,102.0,94.0,396.035,154.181,241.854,2896.0,2583.0,313.0,3722.814,3199.886,522.929
NLD,2024,1000017.0,955469.0,19553.0,18085.0,214878.0,200852.0,10284.0,8538.0,1746.0,14941.055,11685.78,3255.275,195.0,102.0,93.0,396.115,155.019,241.096,2961.0,2639.0,322.0,3830.108,3296.479,533.629
NLD,2025,1049834.0,1017110.0,19802.0,19677.0,227132.0,219811.0,10362.0,8659.0,1702.0,14856.822,11736.211,3120.612,197.0,104.0,93.0,399.694,158.486,241.208,3007.0,2702.0,305.0,3837.251,3349.619,487.632
NOR,1970,79451.0,78254.0,4669.0,4669.0,12351.0,12351.0,1622.0,1350.0,273.0,2951.0,2369.0,582.0,213.0,44.0,169.0,460.0,80.0,380.0,330.0,319.0,11.0,560.0,537.0,23.0
NOR,1971,88373.0,83048.0,5222.0,4914.0,14672.0,13055.0,1637.0,1374.0,263.0,2943.0,2387.0,556.0,198.0,39.0,159.0,425.0,70.0,355.0,346.0,335.0,12.0,579.0,554.0,25.0
NOR,1972,98472.0,92607.0,5246.0,5218.0,16909.0,15211.0,1656.0,1402.0,254.0,2924.0,2394.0,529.0,183.0,33.0,150.0,388.0,59.0,329.0,365.0,352.0,13.0,593.0,566.0,27.0
NOR,1973,112165.0,101787.0,5776.0,5047.0,19456.0,17486.0,1668.0,1416.0,251.0,2921.0,2398.0,522.0,178.0,32.0,146.0,379.0,57.0,322.0,378.0,364.0,14.0,608.0,579.0,29.0
NOR,1974,131528.0,118448.0,6607.0,6354.0,22481.0,20074.0,1690.0,1442.0,248.0,2925.0,2413.0,511.0,174.0,32.0,142.0,368.0,56.0,313.0,388.0,374.0,15.0,616.0,586.0,30.0
NOR,1975,150588.0,138861.0,7073.0,6699.0,27098.0,23757.0,1719.0,1475.0,244.0,2948.0,2446.0,502.0,169.0,32.0,138.0,361.0,55.0,306.0,412.0,396.0,16.0,649.0,617.0,32.0
NOR,1976,171973.0,160379.0,8637.0,7181.0,32437.0,28715.0,1778.0,1538.0,239.0,2956.0,2475.0,481.0,165.0,31.0,133.0,347.0,52.0,295.0,442.0,425.0,16.0,676.0,644.0,31.0
NOR,1977,193405.0,178019.0,9799.0,8440.0,36934.0,33262.0,1829.0,1592.0,237.0,2977.0,2499.0,478.0,164.0,32.0,132.0,347.0,53.0,294.0,461.0,445.0,16.0,687.0,656.0,31.0
NOR,1978,215158.0,202090.0,10314.0,9713.0,41444.0,38005.0,1862.0,1625.0,237.0,2963.0,2490.0,474.0,163.0,32.0,132.0,344.0,53.0,292.0,484.0,467.0,16.0,699.0,668.0,31.0
NOR,1979,237766.0,224026.0,10171.0,9630.0,44469.0,43208.0,1888.0,1649.0,239.0,2963.0,2497.0,466.0,164.0,32.0,132.0,339.0,54.0,286.0,504.0,487.0,16.0,721.0,690.0,30.0
NOR,1980,283271.0,250321.0,11541.0,11005.0,50348.0,45986.0,1935.0,1694.0,240.0,3036.0,2566.0,470.0,165.0,33.0,131.0,338.0,55.0,284.0,524.0,506.0,17.0,747.0,714.0,33.0
NOR,1981,323212.0,286980.0,13211.0,12441.0,58126.0,52747.0,1960.0,1722.0,237.0,3058.0,2592.0,466.0,160.0,33.0,127.0,332.0,54.0,278.0,545.0,527.0,17.0,771.0,739.0,33.0
NOR,1982,358887.0,324762.0,13823.0,13068.0,66064.0,59469.0,1961.0,1727.0,233.0,3038.0,2585.0,453.0,155.0,32.0,123.0,318.0,51.0,267.0,551.0,534.0,16.0,778.0,747.0,31.0
NOR,1983,397880.0,372705.0,13308.0,13385.0,72846.0,67907.0,1957.0,1727.0,230.0,3019.0,2576.0,442.0,152.0,32.0,119.0,303.0,50.0,254.0,560.0,545.0,15.0,790.0,760.0,29.0
NOR,1984,449467.0,425373.0,15554.0,14708.0,79489.0,74297.0,1972.0,1744.0,228.0,3032.0,2594.0,438.0,150.0,32.0,117.0,303.0,52.0,251.0,567.0,552.0,15.0,796.0,768.0,28.0
NOR,1985,493162.0,471108.0,16082.0,14103.0,86968.0,81612.0,2026.0,1798.0,228.0,3104.0,2667.0,437.0,148.0,34.0,114.0,298.0,52.0,246.0,578.0,562.0,15.0,810.0,782.0,29.0
NOR,1986,499319.0,510274.0,18206.0,14962.0,96599.0,88979.0,2093.0,1861.0,232.0,3197.0,2758.0,440.0,145.0,33.0,112.0,293.0,52.0,241.0,589.0,574.0,16.0,822.0,793.0,29.0
NOR,1987,548564.0,512825.0,20294.0,19064.0,109608.0,99984.0,2136.0,1909.0,227.0,3206.0,2778.0,428.0,142.0,33.0,109.0,284.0,52.0,232.0,607.0,591.0,15.0,836.0,807.0,29.0
NOR,1988,578881.0,553328.0,20493.0,20480.0,118082.0,111723.0,2125.0,1899.0,226.0,3195.0,2765.0,430.0,139.0,33.0,106.0,280.0,52.0,229.0,622.0,605.0,16.0,849.0,819.0,30.0
NOR,1989,624949.0,590759.0,20587.0,21259.0,124994.0,120157.0,2065.0,1847.0,217.0,3098.0,2684.0,414.0,135.0,33.0,101.0,270.0,51.0,220.0,629.0,612.0,17.0,856.0,825.0,31.0
NOR,1990,663620.0,636718.0,22376.0,21571.0,134000.0,130064.0,2046.0,1838.0,209.0,3055.0,2658.0,397.0,128.0,32.0,96.0,255.0,47.0,208.0,648.0,631.0,17.0,879.0,848.0,31.0
NOR,1991,696285.0,684269.0,22997.0,24671.0,144817.0,138308.0,2027.0,1829.0,199.0,3021.0,2644.0,378.0,120.0,29.0,91.0,239.0,43.0,196.0,668.0,651.0,16.0,902.0,871.0,31.0
NOR,1992,713191.0,721460.0,21366.0,21802.0,153957.0,149961.0,2023.0,1829.0,194.0,3034.0,2663.0,371.0,114.0,28.0,87.0,228.0,41.0,187.0,683.0,667.0,16.0,929.0,898.0,31.0
NOR,1993,746329.0,731998.0,22321.0,24549.0,160107.0,157567.0,2039.0,1850.0,189.0,3052.0,2689.0,363.0,111.0,28.0,83.0,223.0,42.0,181.0,699.0,683.0,16.0,947.0,917.0,30.0
NOR,1994,776744.0,785717.0,23361.0,22950.0,166649.0,162945.0,2067.0,1882.0,185.0,3090.0,2737.0,354.0,109.0,29.0,80.0,218.0,44.0,174.0,706.0,691.0,16.0,953.0,923.0,30.0
NOR,1995,829224.0,806951.0,24941.0,24931.0,175119.0,166632.0,2111.0,1930.0,181.0,3121.0,2775.0,346.0,108.0,30.0,78.0,216.0,44.0,172.0,717.0,701.0,16.0,952.0,922.0,31.0
NOR,1996,907982.0,866960.0,23489.0,24844.0,186998.0,180446.0,2155.0,1980.0,175.0,3176.0,2840.0,336.0,106.0,31.0,76.0,211.0,44.0,167.0,731.0,716.0,15.0,969.0,939.0,30.0
NOR,1997,980621.0,953508.0,23532.0,23164.0,197264.0,190257.0,2220.0,2045.0,174.0,3259.0,2927.0,332.0,104.0,30.0,75.0,207.0,43.0,164.0,742.0,727.0,15.0,977.0,947.0,29.0
NOR,1998,996172.0,1004221.0,25631.0,23280.0,213655.0,201051.0,2279.0,2102.0,177.0,3342.0,3007.0,335.0,102.0,29.0,73.0,203.0,42.0,161.0,756.0,740.0,16.0,991.0,960.0,31.0
NOR,1999,1090685.0,1017549.0,25259.0,25640.0,228875.0,218163.0,2300.0,2129.0,171.0,3370.0,3047.0,323.0,99.0,29.0,70.0,196.0,43.0,153.0,769.0,754.0,15.0,1006.0,976.0,30.0
NOR,2000,1323917.0,1129125.0,26243.0,24028.0,241937.0,230532.0,2314.0,2147.0,167.0,3350.0,3037.0,313.0,96.0,29.0,68.0,189.0,42.0,148.0,773.0,758.0,15.0,997.0,968.0,29.0
NOR,2001,1378483.0,1349821.0,23457.0,25460.0,260522.0,243368.0,2315.0,2150.0,165.0,3294.0,2990.0,304.0,91.0,26.0,64.0,177.0,38.0,140.0,790.0,774.0,16.0,998.0,968.0,30.0
NOR,2002,1376162.0,1394227.0,22015.0,25295.0,276051.0,261396.0,2316.0,2153.0,164.0,3265.0,2963.0,303.0,86.0,25.0,62.0,170.0,36.0,134.0,792.0,776.0,16.0,1003.0,973.0,30.0
NOR,2003,1438308.0,1390530.0,19249.0,21474.0,291184.0,278569.0,2283.0,2118.0,164.0,3190.0,2892.0,298.0,81.0,23.0,58.0,160.0,33.0,127.0,794.0,777.0,18.0,997.0,965.0,32.0
NOR,2004,1591205.0,1497847.0,22669.0,21628.0,308974.0,296941.0,2290.0,2126.0,164.0,3249.0,2951.0,298.0,77.0,22.0,55.0,154.0,32.0,122.0,805.0,786.0,19.0,1029.0,995.0,34.0
NOR,2005,1791921.0,1636539.0,26053.0,23370.0,324361.0,316217.0,2317.0,2155.0,162.0,3297.0,3003.0,295.0,73.0,22.0,52.0,144.0,31.0,113.0,807.0,787.0,20.0,1043.0,1004.0,38.0
NOR,2006,2004433.0,1835644.0,29222.0,27014.0,348531.0,331183.0,2394.0,2230.0,164.0,3399.0,3101.0,298.0,71.0,22.0,49.0,139.0,31.0,108.0,829.0,808.0,21.0,1067.0,1028.0,40.0
NOR,2007,2125827.0,2064357.0,26969.0,31257.0,379533.0,364352.0,2488.0,2327.0,161.0,3560.0,3261.0,299.0,69.0,23.0,46.0,134.0,31.0,104.0,847.0,826.0,22.0,1110.0,1068.0,42.0
NOR,2008,2401972.0,2148806.0,27011.0,28138.0,416104.0,391674.0,2569.0,2408.0,161.0,3687.0,3385.0,302.0,67.0,23.0,44.0,131.0,31.0,100.0,869.0,848.0,21.0,1147.0,1105.0,42.0
NOR,2009,2226967.0,2360139.0,28810.0,27372.0,448014.0,423661.0,2559.0,2400.0,160.0,3617.0,3325.0,291.0,65.0,23.0,42.0,123.0,32.0,91.0,890.0,868.0,22.0,1177.0,1132.0,45.0
NOR,2010,2376786.0,2243843.0,38237.0,31816.0,473508.0,459289.0,2555.0,2402.0,154.0,3629.0,3341.0,288.0,66.0,25.0,40.0,123.0,35.0,89.0,903.0,880.0,22.0,1196.0,1153.0,43.0
NOR,2011,2579572.0,2404260.0,34897.0,39674.0,504632.0,480980.0,2592.0,2440.0,152.0,3691.0,3406.0,285.0,66.0,27.0,39.0,120.0,35.0,85.0,923.0,901.0,22.0,1228.0,1182.0,46.0
NOR,2012,2745949.0,2650575.0,30293.0,36397.0,537226.0,514565.0,2645.0,2494.0,152.0,3755.0,3471.0,284.0,66.0,27.0,39.0,119.0,36.0,84.0,937.0,916.0,22.0,1239.0,1194.0,45.0
NOR,2013,2851403.0,2779838.0,36627.0,28518.0,565713.0,542138.0,2676.0,2528.0,147.0,3769.0,3492.0,277.0,64.0,27.0,37.0,117.0,36.0,81.0,950.0,929.0,22.0,1247.0,1203.0,44.0
NOR,2014,2918347.0,2911458.0,41688.0,39658.0,595145.0,574266.0,2702.0,2557.0,144.0,3809.0,3535.0,274.0,64.0,28.0,36.0,116.0,37.0,79.0,963.0,941.0,22.0,1268.0,1223.0,45.0
NOR,2015,2888741.0,2977261.0,44029.0,39103.0,626789.0,610649.0,2712.0,2568.0,144.0,3828.0,3553.0,275.0,64.0,28.0,36.0,116.0,38.0,78.0,977.0,954.0,22.0,1291.0,1245.0,46.0
NOR,2016,2861124.0,2922932.0,60788.0,41211.0,652947.0,641646.0,2720.0,2577.0,143.0,3846.0,3572.0,274.0,65.0,30.0,35.0,117.0,39.0,77.0,991.0,968.0,23.0,1320.0,1274.0,46.0
NOR,2017,3062742.0,2936823.0,60929.0,63335.0,682952.0,662690.0,2751.0,2612.0,140.0,3859.0,3591.0,267.0,65.0,31.0,34.0,116.0,41.0,75.0,1004.0,980.0,23.0,1331.0,1285.0,46.0
NOR,2018,3304588.0,3095249.0,61389.0,59897.0,716342.0,688200.0,2797.0,2660.0,136.0,3918.0,3656.0,262.0,65.0,32.0,34.0,118.0,42.0,76.0,1011.0,988.0,23.0,1346.0,1300.0,46.0
NOR,2019,3334714.0,3358059.0,60330.0,61838.0,753922.0,723637.0,2841.0,2707.0,134.0,3975.0,3717.0,257.0,66.0,33.0,33.0,115.0,43.0,72.0,1021.0,998.0,23.0,1360.0,1314.0,46.0
NOR,2020,3195302.0,3290181.0,60020.0,64469.0,774873.0,738861.0,2799.0,2669.0,130.0,3891.0,3642.0,249.0,66.0,33.0,33.0,116.0,44.0,72.0,1023.0,1000.0,23.0,1359.0,1315.0,44.0
NOR,2021,4051026.0,3325925.0,65328.0,64884.0,823449.0,796740.0,2829.0,2699.0,130.0,3981.0,3727.0,254.0,66.0,34.0,33.0,116.0,44.0,72.0,1043.0,1020.0,23.0,1401.0,1355.0,45.0
NOR,2022,5510086.0,4233094.0,90068.0,69495.0,880533.0,859799.0,2938.0,2807.0,131.0,4122.0,3864.0,258.0,68.0,35.0,33.0,118.0,46.0,72.0,1055.0,1032.0,23.0,1419.0,1371.0,48.0
NOR,2023,4852002.0,5530303.0,87221.0,73035.0,945723.0,910241.0,2973.0,2844.0,129.0,4136.0,3884.0,252.0,68.0,36.0,32.0,117.0,47.0,70.0,1064.0,1040.0,24.0,1424.0,1376.0,48.0
NOR,2024,4908169.0,4929050.0,91467.0,88504.0,1002346.0,961018.0,2993.0,2864.0,129.0,4155.0,3903.0,252.0,69.0,37.0,32.0,118.0,48.0,71.0,1078.0,1054.0,24.0,1444.0,1396.0,48.0
NOR,2025,5029177.0,4979329.0,90600.0,92610.0,1050778.0,972405.0,3013.0,2884.0,129.0,4175.0,3925.0,250.0,70.0,38.0,32.0,117.0,49.0,69.0,1086.0,1061.0,24.0,1456.0,1408.0,49.0
NZL,1971,6768.0,,782.0,,746.0,,,,,,,,,,,,,,,,,,,
NZL,1972,7770.0,,1037.0,,846.0,,,,,,,,,,,,,,,,,,,
NZL,1973,9058.0,,1095.0,,1001.0,,,,,,,,,,,,,,,,,,,
NZL,1974,9949.0,,833.0,,1196.0,,,,,,,,,,,,,,,,,,,
NZL,1975,11245.0,,1130.0,,1448.0,,,,,,,,,,,,,,,,,,,
NZL,1976,13790.0,,1506.0,,1614.0,,,,,,,,,,,,,,,,,,,
NZL,1977,15469.0,,1479.0,,1924.0,,,,,,,,,,,,,,,,,,,
NZL,1978,17540.0,,1588.0,,2363.0,,,,,,,,,,,,,,,,,,,
NZL,1979,20455.0,,2363.0,,2758.0,,,,,,,,,,,,,,,,,,,
NZL,1980,23818.0,,2399.0,,3417.0,,,,,,,,,,,,,,,,,,,
NZL,1981,28935.0,,2499.0,,4110.0,,,,,,,,,,,,,,,,,,,
NZL,1982,32765.0,,2381.0,,4593.0,,,,,,,,,,,,,,,,,,,
NZL,1983,36495.0,,2749.0,,4736.0,,,,,,,,,,,,,,,,,,,
NZL,1984,41100.0,,3474.0,,5040.0,,,,,,,,,,,,,,,,,,,
NZL,1985,47612.0,,3523.0,,5924.0,,,,,,,,,,,,,,,,,,,
NZL,1986,55715.0,,3448.0,,7304.0,,,,,,,,,,,,,,,,,,,
NZL,1987,57529.0,,715.0,,8124.0,,,,,,,,,,,,,,,,,,,
NZL,1988,62419.0,,974.0,,8953.0,,,,,,,,,,,,,,,,,,,
NZL,1989,65101.0,,1061.0,,9457.0,,1517.468447,1257.224572,280.80299,,,,,,,,,,,,,,,
NZL,1990,70693.0,,4559.0,,9774.0,,1484.197213,1225.133938,285.206726,,,,,,,,,,,,,,,
NZL,1991,70606.0,,5233.0,,10061.0,,1500.582671,1240.837865,283.13438,,,,,,,,,,,,,,,
NZL,1992,72798.0,,5262.0,,10278.0,,1458.806009,1201.009063,287.279073,,,,,,,,,,,,,,,
NZL,1993,78606.0,,6196.0,,10754.0,,1473.565428,1211.705942,293.496114,,,,,,,,,,,,,,,
NZL,1994,83910.0,,5896.0,,10963.0,,1549.864122,1264.052367,332.352616,,,,,,,,,,,,,,,
NZL,1995,89119.0,,6208.0,,11642.0,,1610.152598,1320.154079,329.503139,,,,,,,,,,,,,,,
NZL,1996,93562.0,,6509.0,,12334.0,,1665.437881,1367.834844,335.461136,,,,,,,,,,,,,,,
NZL,1997,97128.0,,6370.0,,12960.0,,1667.564238,1372.6143,328.985052,,,,,,,,,,,,,,,
NZL,1998,99373.0,,6353.0,,13936.0,,1709.841219,1410.963746,328.985052,,,,,,,,,,,,,,,
NZL,1999,105342.0,,7107.0,,14495.0,,1763.875704,1454.547835,342.196263,,,,,,,,,,,,,,,
NZL,2000,111636.0,,9291.0,,15283.0,,1759.74807,1479.355488,276.917339,,,,,,,,,,,,,,,
NZL,2001,119971.0,,10273.0,,16171.0,,1806.027605,1524.874119,269.146039,,,,,,,,,,,,,,,
NZL,2002,125606.0,,7913.0,,17177.0,,1860.18717,1566.068479,287.538117,,,,,,,,,,,,,,,
NZL,2003,134231.0,,8278.0,,18549.0,,1911.720058,1612.497482,288.57429,,,,,,,,,,,,,,,
NZL,2004,143445.0,,8294.0,,20253.0,,1973.884731,1658.812689,311.629148,,,,,,,,,,,,,,,
NZL,2005,151152.0,,7361.0,,22056.0,,2058.688853,1723.107754,341.16009,,,,,,,,,,,,,,,
NZL,2006,158778.0,,8573.0,,23969.0,,2104.843309,1769.76435,330.280269,,,,,,,,,,,,,,,
NZL,2007,172566.0,,11330.0,,26075.0,,2126.982438,1791.499496,326.912706,,,,,,,,,,,,,,,
NZL,2008,175796.0,,9493.0,,28385.0,,2178.265167,1839.863041,323.027055,,,,,,,,,,,,,,,
NZL,2009,180582.0,,11174.0,,29894.0,,2135.8,1788.5,347.3,,3072.888,681.002,139.8,81.2,58.6,,167.887,125.819,514.2,488.8,25.4,,783.073,34.362
NZL,2010,187917.0,,13396.0,,30768.0,,2155.5,1801.2,354.3,71.449,59.105,12.344,147.9,84.7,63.3,5.795,3.318,2.477,526.5,498.6,28.0,15.706,14.998,0.708
NZL,2011,195443.0,,13388.0,,31693.0,,2181.9,1817.4,364.5,72.172,59.552,12.619,148.9,82.0,66.8,5.764,3.146,2.618,538.1,508.8,29.3,15.893,15.189,0.704
NZL,2012,199535.0,,11999.0,,32436.0,,2172.7,1818.4,354.4,71.967,59.799,12.168,145.6,80.7,64.9,5.686,3.18,2.506,531.0,501.7,29.3,15.658,14.962,0.696
NZL,2013,213737.0,,16375.0,,33379.0,,2235.8,1892.0,343.9,74.511,62.969,11.542,145.4,84.5,60.9,5.603,3.301,2.302,544.9,515.8,29.0,16.394,15.687,0.707
NZL,2014,222753.0,,11593.0,,35088.0,,2317.0,1968.5,348.5,77.128,65.429,11.699,142.6,84.0,58.5,5.631,3.356,2.275,567.5,536.4,31.1,17.145,16.364,0.781
NZL,2015,234090.0,,11417.0,,36914.0,,2367.7,2015.4,352.3,78.397,66.572,11.825,149.3,94.5,54.9,5.767,3.597,2.17,578.2,546.1,32.1,17.254,16.439,0.815
NZL,2016,248060.0,,15062.0,,38730.0,,2480.5,2032.4,448.1,82.23,67.374,14.856,163.3,89.8,73.6,6.117,3.357,2.76,608.0,574.6,33.4,18.54,17.665,0.875
NZL,2017,266039.0,,17197.0,,40503.0,,2582.0,2101.9,480.1,85.216,69.654,15.562,160.5,85.9,74.6,6.008,3.251,2.757,628.8,590.5,38.3,19.064,18.04,1.025
NZL,2018,280170.0,,17345.0,,43366.0,,2623.1,2141.4,481.7,87.1,71.463,15.637,155.8,86.9,68.9,5.878,3.334,2.544,646.0,605.7,40.3,19.723,18.706,1.016
NZL,2019,295755.0,,18397.0,,46652.0,,2663.5,2165.7,497.8,88.759,72.249,16.51,157.9,88.3,69.5,5.951,3.322,2.629,640.5,600.2,40.3,19.623,18.602,1.022
NZL,2020,301848.0,,18742.0,,50037.0,,2678.1,2142.0,536.1,87.081,70.319,16.762,166.2,90.9,75.3,6.147,3.41,2.737,661.7,615.3,46.4,20.217,19.064,1.153
NZL,2021,328459.0,,20716.0,,54572.0,,2739.1,2190.7,548.4,88.574,71.129,17.445,168.1,88.6,79.4,6.268,3.312,2.956,674.3,628.1,46.2,20.205,19.016,1.189
NZL,2022,360818.0,,18025.0,,59264.0,,2804.7,2262.1,542.6,92.569,74.985,17.584,166.6,91.6,75.1,6.128,3.417,2.711,674.0,629.0,45.0,20.856,19.641,1.215
NZL,2023,382742.0,,16735.0,,65353.0,,2882.3,2340.5,541.8,94.413,77.034,17.378,162.4,90.4,72.0,5.989,3.358,2.631,703.1,662.4,40.7,21.676,20.583,1.093
NZL,2024,,,,,,,2863.5,2329.2,534.3,93.217,76.509,16.708,158.0,88.0,70.0,5.769,3.205,2.564,719.6,676.6,43.0,22.103,21.004,1.1
POL,1995,305683.0,,19868.0,,44171.0,,14786.9,10376.4,4410.5,30784.73,21501.871,9282.86,3264.2,352.2,2912.0,6284.988,741.907,5543.081,3375.8,3354.3,21.5,6305.378,6263.644,41.735
POL,1996,381615.0,322640.0,22980.0,19349.0,54863.0,46792.0,14964.1,10526.6,4437.5,31156.097,21813.536,9342.561,3169.3,250.1,2919.2,6090.159,523.949,5566.21,3317.0,3288.1,28.9,6180.809,6124.736,56.073
POL,1997,462705.0,403389.0,24242.0,21021.0,65879.0,58218.0,15177.1,10861.1,4316.0,31596.516,22507.212,9089.304,3127.3,265.9,2861.4,6031.422,557.383,5474.038,3239.6,3206.9,32.7,6018.55,5954.988,63.562
POL,1998,540613.0,483244.0,24479.0,21720.0,75873.0,68665.0,15354.4,11173.6,4180.8,31964.724,23154.727,8809.997,3083.9,293.9,2790.0,5971.576,615.357,5356.219,3165.2,3128.8,36.4,5868.863,5798.032,70.831
POL,1999,595994.0,564715.0,22724.0,21609.0,83193.0,78484.0,14853.6,10758.0,4095.6,31197.575,22218.076,8979.498,2970.3,262.8,2707.5,5959.022,549.021,5410.002,3026.0,2985.1,40.9,5601.398,5518.42,82.978
POL,2000,667508.0,622332.0,23982.0,22459.0,96274.0,88818.0,14516.6,10534.8,3981.8,30219.168,21830.572,8388.596,2935.5,245.1,2690.4,5293.861,446.092,4847.769,3074.4,3027.0,47.4,5371.867,5258.139,113.728
POL,2001,698576.0,676390.0,26111.0,25938.0,108781.0,101161.0,14194.8,10206.6,3988.2,29577.575,21182.479,8395.096,2717.6,200.3,2517.3,5344.988,435.122,4909.866,2734.1,2676.5,57.6,5126.963,5032.775,94.188
POL,2002,719112.0,711262.0,22890.0,26711.0,117148.0,113321.0,13766.3,9879.5,3886.8,28612.913,20375.334,8237.579,2661.1,205.0,2456.1,5225.62,446.08,4779.54,2781.1,2726.6,54.5,5226.313,5131.785,94.528
POL,2003,749286.0,743149.0,22880.0,23600.0,122846.0,120907.0,13606.1,9890.8,3715.3,28357.454,20389.411,7968.042,2505.6,206.0,2299.6,4977.383,442.15,4535.233,2849.9,2789.8,60.1,5340.774,5224.465,116.308
POL,2004,829566.0,789922.0,31247.0,24505.0,127772.0,125070.0,13760.3,10077.0,3683.3,28683.797,20792.899,7890.897,2469.3,203.5,2265.8,4907.792,442.451,4465.34,2743.0,2680.2,62.8,5124.676,5001.729,122.948
POL,2005,873226.0,855419.0,29477.0,30731.0,132884.0,130120.0,14057.0,10433.7,3623.3,29225.184,21476.748,7748.435,2426.6,198.6,2228.0,4806.09,427.477,4378.613,2813.4,2745.4,68.0,5230.497,5097.584,132.913
POL,2006,941223.0,927180.0,29474.0,28047.0,142313.0,136495.0,14503.9,10947.4,3556.5,30176.517,22534.862,7641.655,2276.3,192.8,2083.5,4499.606,411.002,4088.604,2920.7,2841.9,78.8,5430.908,5273.888,157.019
POL,2007,1038360.0,1005217.0,36802.0,30935.0,153599.0,145007.0,15155.9,11592.4,3563.5,31488.117,23851.602,7636.515,2218.6,202.6,2016.0,4323.54,424.702,3898.838,2927.5,2848.6,78.9,5455.888,5299.29,156.598
POL,2008,1126401.0,1081485.0,34107.0,36339.0,169490.0,155973.0,15731.9,12151.4,3580.5,32558.74,24847.335,7711.405,2196.4,214.7,1981.7,4349.806,456.821,3892.984,3018.6,2944.7,73.9,5661.839,5511.65,150.188
POL,2009,1221462.0,1158917.0,36130.0,38037.0,184151.0,177249.0,15789.4,12218.1,3571.3,32431.428,24822.459,7608.968,2095.4,201.9,1893.5,4132.503,417.557,3714.946,3125.3,3038.1,87.2,5871.316,5698.507,172.809
POL,2010,1267828.0,1259509.0,42032.0,36156.0,197260.0,188226.0,15370.3,11876.4,3493.9,31490.671,24134.193,7356.478,2003.9,204.0,1799.9,3890.423,427.672,3462.751,3113.3,3005.8,107.5,5859.74,5648.753,210.987
POL,2011,1374078.0,1333698.0,49605.0,42366.0,209441.0,201027.0,15457.3,11953.8,3503.5,31588.538,24194.954,7393.585,1994.7,210.3,1784.4,3900.58,433.913,3466.667,3086.0,2981.1,104.9,5817.918,5614.03,203.888
POL,2012,1436474.0,1392518.0,48434.0,45049.0,208286.0,202347.0,15474.9,12055.0,3419.9,31544.036,24282.421,7261.615,1945.9,205.9,1740.0,3864.148,425.411,3438.736,3120.9,3013.0,107.9,5895.449,5680.326,215.123
POL,2013,1451790.0,1445196.0,52843.0,52747.0,220853.0,215133.0,15463.8,12100.5,3363.3,31465.038,24310.031,7155.006,1852.7,208.3,1644.4,3737.829,437.564,3300.266,3203.9,3080.8,123.1,6074.841,5828.733,246.108
POL,2014,1515422.0,1507395.0,50813.0,53789.0,230759.0,227766.0,15731.0,12371.9,3359.1,32112.035,24929.255,7182.78,1804.3,208.0,1596.3,3673.023,430.208,3242.815,3247.7,3126.5,121.2,6192.268,5959.323,232.945
POL,2015,1606480.0,1584640.0,44943.0,46486.0,233043.0,229939.0,15970.0,12575.1,3394.9,32722.676,25436.508,7286.168,1841.9,204.2,1637.7,3779.107,422.986,3356.12,3261.6,3127.5,134.1,6281.567,6011.866,269.7
POL,2016,1648760.0,1653031.0,48959.0,45156.0,239381.0,235426.0,16099.7,12773.6,3326.1,33028.202,25845.553,7182.648,1701.0,204.7,1496.3,3523.603,421.9,3101.704,3254.7,3119.7,135.0,6290.774,6024.903,265.871
POL,2017,1754526.0,1731330.0,59613.0,49696.0,252597.0,246224.0,16315.0,12999.5,3315.5,33108.98,26058.788,7050.192,1659.9,217.9,1442.0,3368.691,440.178,2928.513,3305.2,3157.8,147.4,6373.704,6081.217,292.487
POL,2018,1883514.0,1864042.0,51878.0,54451.0,277796.0,266645.0,16403.7,13088.8,3314.9,32842.692,25921.895,6920.797,1567.2,195.1,1372.1,3158.023,388.067,2769.956,3354.3,3190.9,163.4,6416.445,6101.261,315.184
POL,2019,2036872.0,1967902.0,54847.0,50797.0,298292.0,285435.0,16798.9,13518.1,3280.8,33806.733,26842.714,6964.019,1427.0,182.6,1244.4,2966.521,365.716,2600.805,3414.2,3243.9,170.3,6560.159,6232.125,328.034
POL,2020,2084829.0,1994907.0,60690.0,63103.0,318970.0,308583.0,16831.9,13470.6,3361.3,33546.957,26603.604,6943.353,1494.3,188.5,1305.8,3062.708,372.526,2690.182,3444.4,3276.9,167.5,6611.336,6298.063,313.273
POL,2021,2320410.0,2223039.0,59765.0,53896.0,365805.0,345182.0,17317.5,13864.2,3453.3,35459.696,27917.423,7542.273,1505.6,135.6,1370.0,3238.117,277.313,2960.804,3608.6,3440.0,168.6,7075.541,6737.304,338.237
POL,2022,2766246.0,2447011.0,87012.0,60359.0,402638.0,362056.0,17512.0,14022.1,3489.9,35672.052,28034.551,7637.5,1486.1,126.2,1359.9,3239.728,255.253,2984.475,3667.4,3472.0,195.4,7149.486,6767.367,382.12
POL,2023,3085935.0,2802313.0,94445.0,99551.0,460839.0,410771.0,17528.9,13986.1,3542.8,35480.177,27852.175,7628.002,1424.4,150.8,1273.6,3006.343,310.64,2695.703,3781.2,3568.0,213.2,7343.074,6928.678,414.397
POL,2024,3249214.0,3149859.0,92809.0,93211.0,546644.0,498081.0,17420.0,14064.3,3355.7,34852.702,27752.385,7100.317,1204.9,125.0,1079.9,2480.989,244.643,2236.346,3810.1,3596.0,214.1,7314.436,6905.919,408.517
POL,2025,,,,,,,17432.03,14087.77,3344.25,34680.228,27652.559,7027.669,1136.6,115.85,1020.75,2331.341,222.572,2108.769,3830.4,3612.4,218.0,7349.84,6935.899,413.941
PRT,1995,78452.644,,4273.764,,14831.228,,4528.984,3592.314,936.67,8594.726,6766.936,1827.791,655.315,107.011,548.304,1132.833,226.132,906.701,790.142,770.392,19.75,1446.316,1378.842,67.474
PRT,1996,82876.807,80912.576,4331.442,4468.544,15795.561000000002,14883.601,4604.874,3636.763,968.111,8743.595,6848.405,1895.19,665.031,102.135,562.896,1151.52,213.858,937.663,807.611,787.383,20.228,1473.597,1404.326,69.271
PRT,1997,90046.335,86461.377,3920.364,3969.902,17089.371,16022.506,4725.552,3735.357,990.195,8948.871,7032.541,1916.329,669.607,103.518,566.089,1157.483,219.577,937.907,821.345,801.008,20.337,1501.093,1428.572,72.521
PRT,1998,97354.454,93662.187,3943.821,3755.704,18734.216,17904.746,4858.132,3856.25,1001.882,9275.077,7285.239,1989.839,643.776,101.144,542.632,1115.357,209.9,905.457,850.574,829.458,21.116,1566.061,1490.028,76.033
PRT,1999,104186.739,100567.889,3933.959,4164.264,20305.478,19006.639,4933.24,3941.864,991.376,9427.196,7433.85,1993.345,620.362,95.303,525.059,1075.004,197.961,877.043,881.079,859.674,21.405,1623.427,1546.852,76.575
PRT,2000,112482.761,108050.072,3993.366,3742.443,22715.9,21014.791,5041.861,4028.61,1013.251,9683.202,7635.083,2048.118,634.636,94.341,540.295,1106.379,191.641,914.738,902.573,880.238,22.335,1667.515,1589.551,77.964
PRT,2001,119058.975,114992.354,4019.958,3881.294,24558.377999999997,23313.254999999997,5130.092,4090.764,1039.328,9767.341,7710.441,2056.9,651.803,95.481,556.322,1105.19,193.246,911.944,918.289,894.824,23.465,1687.354,1606.84,80.514
PRT,2002,124675.02,119852.303,3881.597,4170.035,26298.51,24986.612,5149.933,4132.885,1017.048,9769.342,7764.535,2004.807,634.033,94.923,539.11,1053.778,188.433,865.344,953.409,928.852,24.557,1750.501,1667.851,82.649
PRT,2003,127682.55,123641.611,3872.523,3794.598,27523.642,26293.712,5100.191,4088.213,1011.978,9639.132,7666.663,1972.468,637.563,95.947,541.616,1047.143,189.786,857.358,945.783,920.622,25.161,1741.068,1659.284,81.784
PRT,2004,133071.726,129797.12,3961.718,4092.742,28891.806,27630.288,5064.184,4102.182,962.002,9602.129,7717.118,1885.011,610.487,97.162,513.325,996.113,192.458,803.656,956.776,931.864,24.912,1763.935,1682.435,81.5
PRT,2005,137401.037,133720.407,3652.251,3745.613,30710.875,29437.815,5040.959,4103.311,937.648,9568.468,7726.632,1841.836,598.186,97.214,500.972,969.704,189.947,779.756,963.771,938.121,25.65,1780.588,1696.879,83.708
PRT,2006,143475.042,139639.794,3746.077,3747.876,31037.32,30386.899,5060.864,4141.608,919.256,9546.496,7782.442,1764.054,596.786,98.302,498.484,923.523,189.001,734.522,963.058,936.695,26.363,1778.551,1694.338,84.213
PRT,2007,152061.797,147527.998,3506.432,3578.33,31724.612,31338.867,5061.579,4166.573,895.006,9634.638,7849.098,1785.54,586.118,95.859,490.259,925.962,181.873,744.089,958.433,932.158,26.275,1777.206,1686.753,90.453
PRT,2008,156036.81,153041.799,3517.17,3632.646,32808.004,31984.766000000003,5080.126,4190.806,889.32,9603.284,7857.024,1746.26,580.379,96.881,483.498,898.947,178.028,720.918,968.868,941.127,27.741,1800.075,1704.056,96.019
PRT,2009,155410.323,151967.931,3421.719,3402.458,34128.19,32650.543,4941.686,4091.674,850.012,9343.718,7698.422,1645.296,571.291,95.105,476.186,872.224,175.143,697.081,983.655,951.747,31.908,1832.653,1731.095,101.558
PRT,2010,158032.302,157814.694,3489.918,3444.583,33988.88,33928.244999999995,4871.325,4066.189,805.136,9224.524,7686.107,1538.417,543.18,94.493,448.687,797.923,174.089,623.833,986.162,953.643,32.519,1838.408,1738.858,99.55
PRT,2011,154177.966,156430.408,3241.499,3523.849,32130.892,32854.011,4779.124,3984.188,794.936,8918.626,7441.956,1476.67,512.357,90.249,422.108,723.89,166.769,557.121,977.04,945.224,31.816,1800.862,1709.093,91.769
PRT,2012,147300.542,149190.706,3236.023,3215.414,29297.904,31655.517,4585.323,3793.446,791.877,8453.116,7038.655,1414.461,507.089,93.566,413.523,685.832,169.306,516.525,968.563,936.525,32.038,1783.007,1691.082,91.925
PRT,2013,149851.516,146363.371,3485.004,3256.51,30647.214,28751.415999999997,4452.545,3706.177,746.368,8257.205,6933.534,1323.672,469.028,94.901,374.127,643.402,176.758,466.644,955.455,923.515,31.94,1777.418,1690.352,87.066
PRT,2014,151138.891,150267.724,3423.192,3399.791,30139.311,30249.215,4521.48,3782.211,739.269,8421.756,7110.99,1310.766,437.865,98.144,339.721,601.989,181.25,420.739,955.657,922.735,32.922,1806.761,1719.436,87.326
PRT,2015,156080.656,153188.557,3543.746,3509.878,30632.559,30689.815,4590.785,3869.452,721.333,8577.921,7269.144,1308.777,408.078,101.165,306.913,581.026,188.239,392.787,960.894,926.094,34.8,1818.445,1726.571,91.874
PRT,2016,161745.03,158776.381,3582.906,3536.523,31391.913,30832.634,4671.44,3955.554,715.886,8757.435,7450.2,1307.235,382.768,102.604,280.164,548.468,195.659,352.809,978.281,942.496,35.785,1830.655,1739.379,91.276
PRT,2017,169071.37,166860.944,3839.161,3650.359,32490.604999999996,31804.212,4826.186,4093.346,732.84,8993.236,7676.903,1316.333,371.531,105.888,265.643,530.242,200.012,330.229,998.252,959.753,38.499,1838.556,1746.579,91.977
PRT,2018,177157.334,173949.937,3932.213,3829.67,33750.425,32907.001,4942.323,4180.242,762.081,9261.851,7887.243,1374.608,356.195,106.238,249.957,526.561,199.274,327.287,1012.663,970.732,41.931,1862.568,1768.201,94.368
PRT,2019,185473.874,181966.26,4289.623,4094.513,35169.901,34387.972,4983.272,4208.355,774.917,9362.594,7963.374,1399.22,324.812,96.996,227.816,494.151,188.978,305.173,1025.766,980.419,45.347,1884.557,1784.769,99.789
PRT,2020,175104.287,171262.23,4303.903,4228.953,35388.433000000005,33977.375,4884.37,4130.109,754.261,8594.651,7377.539,1217.111,319.813,96.019,223.794,476.01,181.295,294.714,1044.143,998.1,46.043,1833.909,1745.805,88.105
PRT,2021,187361.458,184411.884,4680.695,4509.066,37509.34,36963.636,4952.928,4176.799,776.129,8980.701,7742.1,1238.601,311.034,98.536,212.498,456.942,188.792,268.149,1084.85,1035.012,49.838,1918.061,1828.541,89.519
PRT,2022,211027.884,200315.626,4648.448,4314.121,39696.267,39083.317,5137.904,4331.777,806.127,9536.365,8204.778,1331.587,300.691,101.046,199.645,425.051,189.874,235.177,1116.934,1065.61,51.324,1990.228,1894.052,96.176
PRT,2023,235589.27,217536.133,5778.005,4561.052,42603.805,40692.186,5238.183,4429.324,808.859,9998.768,8593.865,1404.904,301.121,107.465,193.656,443.515,200.576,242.939,1131.385,1079.818,51.567,2035.109,1937.61,97.499
PRT,2024,252124.811,240475.798,5851.282,6051.941,45806.145,43143.411,5275.314,4473.536,801.778,10086.102,8710.706,1375.396,280.451,104.009,176.442,390.834,180.023,210.811,1143.272,1089.97,53.302,2052.397,1949.68,102.717
PRT,2025,,,,,,,5396.958,4567.324,829.634,10275.399,8823.5,1451.9,260.803,93.463,167.34,376.678,167.313,209.365,1174.884,1121.094,53.79,2096.821,1986.544,110.277
ROU,1995,7216.6,,1382.3,,440.1,,11617.5,6752.2,4865.3,21174.583,13055.329,8119.254,4928.9,556.3,4372.6,8258.596,1062.247,7196.348,850.5,839.6,10.9,1629.079,1609.295,19.784
ROU,1996,10838.2,7475.3,1997.3,1341.4,625.3,449.2999999999999,11236.4,6716.0,4520.4,20916.149,12993.53,7922.619,4600.6,552.9,4047.7,8115.386,1061.715,7053.671,812.2,802.1,10.1,1542.461,1524.66,17.802
ROU,1997,23850.6,10159.6,4465.2,1995.5,1489.1,613.4,11331.9,6689.7,4642.2,21083.271,12949.686,8133.585,4711.8,549.9,4161.9,8307.124,1053.283,7253.841,812.0,801.4,10.6,1547.495,1528.905,18.59
ROU,1998,33374.5,22554.5,5321.5,3953.3,2276.6,1444.9,10990.1,6227.4,4762.7,20432.237,12046.89,8385.347,4759.5,487.7,4271.8,8409.694,924.528,7485.166,777.2,766.3,10.9,1482.314,1463.139,19.175
ROU,1999,49415.8,33567.8,6973.0,5435.1,4608.9,2495.4,10855.5,5971.0,4884.5,20083.16,11606.432,8476.729,4856.1,466.3,4389.8,8460.824,886.73,7574.094,775.2,764.2,11.0,1469.95,1450.539,19.411
ROU,2000,73027.0,50776.5,8777.9,5777.6,7600.7,5095.2,10771.6,5881.8,4889.8,19959.764,11478.275,8481.49,4836.3,444.4,4391.9,8416.098,848.056,7568.043,780.9,769.9,11.0,1491.548,1472.132,19.416
ROU,2001,106501.2,77234.9,15436.5,11251.2,10415.8,7192.0,10657.3,5786.3,4871.0,19742.44,11318.911,8423.529,4723.9,348.0,4375.9,8190.462,668.53,7521.932,784.5,773.7,10.8,1496.147,1477.158,18.99
ROU,2002,137534.2,111885.7,17271.3,14552.1,14391.9,11158.8,9573.9,6137.6,3436.3,17876.158,11929.3,5946.858,3407.4,364.6,3042.8,5902.753,672.528,5230.225,826.9,818.4,8.5,1568.695,1553.663,15.032
ROU,2003,171229.7,140668.7,22865.8,18189.4,17721.2,10770.399999999998,9569.4,5900.1,3669.3,17579.561,11555.4,6024.161,3535.5,289.6,3245.9,5811.056,561.029,5250.027,825.3,816.2,9.1,1578.274,1562.229,16.045
ROU,2004,219488.8,189395.8,31088.9,27133.3,23359.6,19843.9,9187.5,6209.5,2978.0,17332.959,12206.255,5126.705,3088.4,387.6,2700.8,5047.966,470.355,4577.611,1225.0,1218.1,6.9,2372.395,2358.797,13.598
ROU,2005,254390.8,228307.5,24343.4,25760.1,29804.0,24853.7,9159.14,6078.2,3080.94,17191.595,11805.515,5386.08,3109.2,353.2,2756.0,5188.206,430.617,4757.589,1215.1,1207.9,7.2,2301.011,2287.853,13.158
ROU,2006,305239.0,276000.8,26806.8,25161.2,34147.3,26951.9,9353.27,6336.0,3017.27,17173.356,12039.771,5133.585,3014.4,345.0,2669.4,4898.394,421.006,4477.388,1245.2,1237.6,7.6,2320.314,2306.377,13.936
ROU,2007,379419.2,326666.0,23419.4,19690.2,37464.8,30726.1,9488.43,6437.0,3051.43,17458.094,12302.947,5155.147,3004.6,368.5,2636.1,4818.029,440.596,4377.433,1183.7,1175.7,8.0,2239.401,2225.436,13.965
ROU,2008,484248.8,415433.6,34019.8,28925.2,50224.6,40118.2,9359.13,6395.1,2964.03,17176.308,12220.379,4955.929,2908.3,333.2,2575.1,4631.331,411.433,4219.898,1178.6,1169.9,8.7,2205.642,2188.737,16.904
ROU,2009,482718.723,462739.8,32471.8,33294.1,47274.9,47575.8,9017.12,6156.3,2860.82,16370.519,11609.252,4761.267,2822.2,316.9,2505.3,4491.728,388.588,4103.139,1191.6,1181.9,9.7,2221.629,2203.725,17.904
ROU,2010,483596.6,457717.7,27980.3,27851.6,61734.1,63549.100000000006,8725.05,5801.3,2923.75,16060.021,11123.467,4936.553,2819.2,284.1,2535.1,4566.709,357.103,4209.606,1146.5,1137.9,8.6,2176.809,2160.267,16.542
ROU,2011,519675.5,504339.2,34945.7,32626.0,57671.3,57265.7,8522.69,5829.0,2693.69,15760.767,11284.039,4476.728,2572.6,269.0,2303.6,4090.122,336.268,3753.854,1142.2,1132.5,9.7,2180.23,2163.021,17.209
ROU,2012,549171.4,530076.4,28208.1,26525.7,62529.4,59200.90000000001,8645.3,5906.7,2738.6,15661.331,11214.459,4446.872,2649.4,298.9,2350.5,4098.605,367.207,3731.399,1112.9,1101.8,11.1,2087.419,2067.958,19.461
ROU,2013,556693.3,551391.3,34801.3,37584.7,67207.5,61150.5,8569.4,5897.4,2672.0,15480.252,11156.449,4323.803,2591.4,291.1,2300.3,4011.467,355.546,3655.921,1077.7,1067.5,10.2,2018.724,2000.626,18.098
ROU,2014,591543.6,579890.7,33099.7,37686.8,76946.9,68250.5,8634.6,5991.5,2643.1,15477.81,11206.855,4270.955,2528.4,288.3,2240.1,3907.336,351.108,3556.228,1048.8,1039.7,9.1,1945.364,1929.252,16.112
ROU,2015,625929.403,607347.1,31536.9,29773.0,69938.4,66534.2,8525.7,6167.4,2358.3,15224.096,11516.723,3707.373,2251.1,266.6,1984.5,3384.227,336.479,3047.748,1159.6,1147.4,12.2,2147.479,2124.703,22.776
ROU,2016,673373.2,643548.6,32282.7,32233.7,84865.1,68417.7,8429.6,6286.1,2143.5,15249.386,11801.042,3448.344,2009.5,270.3,1739.2,3052.995,335.537,2717.458,1144.5,1131.8,12.7,2142.591,2119.891,22.7
ROU,2017,770408.7,729965.7,37802.1,36338.4,104845.6,89994.7,8631.0,6464.2,2166.8,15413.569,12003.499,3410.07,2015.7,268.3,1747.4,3007.861,339.995,2667.866,1184.3,1169.0,15.3,2154.233,2126.832,27.401
ROU,2018,861471.1,808482.6,42950.2,41826.8,125951.4,106388.2,8638.8,6562.5,2076.3,15437.386,12229.8,3207.585,2012.8,301.3,1711.5,2940.171,380.015,2560.155,1151.0,1142.8,8.2,2108.668,2094.51,14.158
ROU,2019,958585.6,894187.2,45694.0,42718.9,147537.19999999998,132824.2,8649.5,6665.5,1984.0,15596.019,12489.805,3106.215,1928.1,312.6,1615.5,2845.227,403.278,2441.948,1173.6,1165.2,8.4,2166.168,2151.56,14.608
ROU,2020,963798.7,926141.9,43310.2,38689.2,155492.6,144138.7,8472.1,6564.2,1907.9,14879.402,11933.383,2946.019,1827.3,301.2,1526.1,2684.688,384.09,2300.597,1177.8,1166.9,10.9,2087.703,2069.216,18.487
ROU,2021,1071508.9,1013893.9,54750.5,50155.3,155378.9,151867.59999999998,8535.8,6589.0,1946.8,15565.325,12406.956,3158.369,1828.3,235.0,1593.3,2820.207,309.197,2511.01,1179.9,1168.1,11.8,2185.895,2164.614,21.281
ROU,2022,1271213.1,1107837.0,52864.4,47049.8,168025.3,161897.8,8599.5,6688.7,1910.8,15500.263,12406.492,3093.771,1792.1,233.1,1559.0,2767.383,313.234,2454.149,1214.4,1197.3,17.1,2203.954,2171.91,32.044
ROU,2023,1452697.1,1296237.6,52879.2,57577.6,190537.3,167710.09999999998,8493.2,6625.4,1867.8,15181.085,12216.263,2964.823,1816.3,249.9,1566.4,2831.12,398.657,2432.463,1138.4,1128.0,10.4,2018.62,2000.748,17.871
ROU,2024,1594116.0,1454978.6,49458.3,49847.6,227747.4,192523.3,8627.3,6722.8,1904.5,15778.648,12682.845,3095.803,1729.8,217.2,1512.6,2667.667,287.447,2380.22,1200.8,1176.0,24.8,2224.277,2179.836,44.442
ROU,2025,,,,,,,8329.1,6714.2,1614.9,15290.527,12658.707,2631.82,1476.4,230.2,1246.2,2259.514,303.733,1955.78,1226.5,1209.1,17.4,2272.833,2241.602,31.231
RUS,2011,51915591.8,,1894027.3,,6784324.9,,,,,,,,,,,,,,,,,,,
RUS,2012,58935692.2,,1992726.5,,8037304.399999999,,,,,,,,,,,,,,,,,,,
RUS,2013,63721255.8,,2184900.3,,9221105.0,,,,,,,,,,,,,,,,,,,
RUS,2014,68737893.9,,2655886.5,,10042903.7,,,,,,,,,,,,,,,,,,,
RUS,2015,74620507.3,,3218061.8,,10436990.8,,72424.9,67786.0,4638.9,,,,,,,,,,,,,,,
RUS,2016,77077133.6,,3287844.3,,11032016.2,,72065.2,66984.2,5081.1,,,,,,,,,,,,,,,
RUS,2017,82897394.3,,3263769.5,,11693052.8,,71842.7,67374.4,4468.3,150111.635,129026.331,21085.304,5074.5,3553.6,1520.9,20514.97,6967.447,13547.523,13678.0,13594.3,83.7,24897.991,24714.247,183.744
RUS,2018,92828842.2,,3525329.3,,12955829.6,,71561.7,67076.5,4485.2,149761.5,128431.352,21330.149,4936.6,3448.7,1488.0,20451.629,6802.361,13649.268,13511.0,13424.4,86.6,24706.559,24526.554,180.005
RUS,2019,98026288.1,,3818610.6,,13890054.0,,71064.5,66560.1,4504.4,148814.379,127142.856,21671.523,4781.0,3323.5,1457.5,19968.934,6544.491,13424.443,13419.8,13329.9,90.0,24594.44,24397.509,196.931
RUS,2020,96221698.0,,3958005.8,,15075448.9,,,,,,,,,,,,,,,,,,,
SAU,2018,3239875.191,,80255.536,,598100.324,,,,,,,,,,,,,,,,,,,
SAU,2019,3241384.503,,81795.209,,627142.187,,,,,,,,,,,,,,,,,,,
SAU,2020,2760116.594,,85115.848,,620044.7289999999,,,,,,,,,,,,,,,,,,,
SAU,2021,3471520.472,,90213.547,,622878.316,,,,,,,,,,,,,,,,,,,
SAU,2022,4439541.484,,102911.509,,656144.216,,,,,,,,,,,,,,,,,,,
SAU,2023,4332889.198,,112308.477,,680898.16,,,,,,,,,,,,,,,,,,,
SVK,1994,,,,,,,2103.093817,1942.647696,159.240383,,,,,,,,,,,,,,,
SVK,1995,17377.385,15729.68,426.504,378.834,3221.582,2896.058,2107.194,1940.87,166.324,3904.725,3493.641,411.084,203.816,194.02,9.796,411.009,386.872,24.137,469.655,464.599,5.056,860.125,848.325,11.8
SVK,1996,19508.982,18709.211,477.454,444.114,3040.461,3026.4889999999996,2151.114,1979.919,171.195,3914.229,3492.002,422.227,188.36,177.753,10.607,383.907,357.821,26.086,450.273,444.784,5.489,775.182,762.426,12.756
SVK,1997,21626.638,20585.465,477.156,498.343,3879.803,3780.5,2128.906,1949.667,179.239,3895.901,3445.189,450.712,177.432,166.631,10.801,349.14,322.048,27.092,448.966,442.873,6.093,807.996,793.586,14.41
SVK,1998,23605.439,22325.627,537.325,477.468,3943.825,3673.49,2118.874,1926.786,192.088,3860.286,3375.333,484.953,161.1,149.987,11.113,311.693,283.707,27.986,452.35,446.015,6.335,820.382,805.323,15.059
SVK,1999,25311.183,23573.042,434.762,400.12,4334.977999999999,4134.352,2065.188,1863.823,201.365,3750.882,3244.349,506.533,142.354,131.517,10.837,272.27,245.088,27.182,457.483,450.847,6.636,817.212,801.477,15.735
SVK,2000,27937.985,25467.44,501.882,500.933,4647.512,4259.953,2024.848,1822.626,202.222,3676.33,3167.642,508.688,127.114,117.326,9.788,242.092,217.552,24.54,450.207,443.294,6.913,794.193,777.795,16.398
SVK,2001,30677.476,29091.925,681.088,669.296,5005.675,4886.572,2036.513,1827.841,208.672,3667.216,3148.378,518.838,120.583,111.359,9.224,228.308,206.799,21.509,448.205,440.951,7.254,787.774,771.396,16.378
SVK,2002,33327.927,31932.927,711.533,715.883,5440.485999999999,4857.126,2038.414,1820.99,217.424,3575.522,3045.613,529.909,110.985,102.275,8.71,202.198,181.334,20.864,448.333,440.72,7.613,768.534,751.707,16.827
SVK,2003,36612.897,34696.997,688.436,729.106,5887.111000000001,5435.584000000001,2060.466,1825.018,235.448,3497.782,2952.162,545.62,101.272,91.441,9.831,181.875,159.37,22.505,451.152,442.76,8.392,711.268,693.732,17.536
SVK,2004,40732.523,38314.89,692.929,683.838,5958.064,5540.892,2055.726,1783.015,272.711,3581.07,2955.371,625.699,97.41,86.58,10.83,179.072,154.578,24.494,446.249,436.68,9.569,717.642,697.174,20.468
SVK,2005,44412.393,43161.831,739.689,740.88,6212.028,6124.546,2088.909,1802.53,286.379,3696.301,3045.567,650.734,95.861,84.221,11.64,178.302,152.454,25.848,437.768,427.882,9.886,712.706,691.973,20.733
SVK,2006,50452.608,48997.738,953.208,914.004,6947.151,6589.014000000001,2132.387,1834.448,297.939,3783.828,3100.225,683.603,86.745,73.699,13.046,161.119,130.986,30.133,440.837,431.454,9.383,732.845,712.701,20.144
SVK,2007,56585.46,56051.214,1348.63,1222.823,7506.416,7237.979,2176.968,1861.892,315.076,3899.391,3161.706,737.685,83.497,68.763,14.734,155.665,121.862,33.803,442.229,433.134,9.095,733.778,714.137,19.641
SVK,2008,61779.632,59975.336,1618.262,1621.39,7975.816,7640.672,2247.139,1899.688,347.451,4029.924,3233.451,796.473,82.531,66.262,16.269,157.174,120.64,36.534,445.557,435.884,9.673,719.035,698.952,20.083
SVK,2009,57953.185,58611.913,1223.088,1532.944,8628.81,8431.605,2203.158,1837.584,365.574,3922.37,3093.648,828.722,78.176,61.854,16.322,146.64,109.604,37.036,446.507,436.623,9.884,721.247,700.935,20.312
SVK,2010,62293.102,62002.895,1029.935,987.515,8999.845,8919.204,2169.822,1808.697,361.125,3916.851,3100.701,816.15,73.738,58.083,15.655,138.983,104.192,34.791,449.919,440.261,9.658,723.165,703.554,19.611
SVK,2011,64503.484,63427.848,1284.841,1207.096,8764.512,8506.557999999999,2208.313,1854.192,354.121,3959.528,3160.608,798.92,73.606,58.253,15.353,140.065,105.982,34.083,449.694,440.28,9.414,722.802,703.711,19.091
SVK,2012,67018.937,66086.712,1323.14,1257.985,9222.783,8978.285,2209.432,1864.168,345.264,3952.764,3171.328,781.436,71.126,55.95,15.176,135.039,101.522,33.517,446.88,437.577,9.303,717.788,698.147,19.641
SVK,2013,67552.631,67185.148,1548.332,1603.613,9597.19,9491.107,2192.251,1854.61,337.641,3883.821,3127.065,756.756,74.392,59.132,15.26,140.3,105.943,34.357,446.167,436.775,9.392,710.901,691.129,19.772
SVK,2014,69149.608,69343.338,2002.049,2096.571,9303.897,9133.226,2223.149,1895.524,327.625,3911.884,3177.458,734.426,72.564,57.234,15.33,138.037,103.113,34.924,458.868,449.428,9.44,726.425,706.409,20.016
SVK,2015,72394.938,72551.828,1644.475,1642.384,9664.033,9542.243,2267.097,1942.822,324.275,3976.689,3248.499,728.19,73.509,57.93,15.579,138.627,103.576,35.051,465.488,455.873,9.615,740.282,719.828,20.454
SVK,2016,73592.147,73897.493,1683.561,1762.786,10894.434,10721.522,2321.049,1997.799,323.25,4038.652,3311.962,726.69,72.493,56.678,15.815,137.561,101.853,35.708,470.567,461.13,9.437,747.438,727.355,20.083
SVK,2017,76152.415,75235.99,1570.188,1522.923,11478.055,11192.622,2372.256,2049.756,322.5,4065.534,3342.011,723.523,72.283,56.511,15.772,133.94,98.204,35.736,476.062,466.861,9.201,747.183,727.525,19.658
SVK,2018,80918.525,79173.841,1813.939,1890.139,12140.077,11863.41,2419.902,2097.442,322.46,4123.329,3399.503,723.826,72.067,56.491,15.576,133.561,98.014,35.547,479.939,470.994,8.945,747.79,728.578,19.212
SVK,2019,84543.597,82402.532,1528.842,1527.95,13322.213,12721.544999999998,2445.19,2114.975,330.215,4137.228,3397.413,739.815,72.303,56.288,16.015,133.072,96.581,36.491,487.233,478.549,8.684,755.481,736.946,18.535
SVK,2020,84654.95,82542.444,1630.971,1675.538,14114.217,13953.706,2399.07,2075.477,323.593,3771.291,3115.098,656.193,70.651,54.934,15.717,125.607,91.16,34.447,489.778,481.734,8.044,720.967,705.809,15.158
SVK,2021,91101.28,88941.52,1906.761,1708.545,15343.443,15123.29,2385.118,2054.328,330.79,3772.064,3111.003,661.061,68.387,52.666,15.721,121.119,87.625,33.494,490.849,483.015,7.834,727.478,712.575,14.903
SVK,2022,97975.263,91187.394,2122.659,1595.909,16182.642,15948.039,2427.297,2085.372,341.925,3908.108,3208.988,699.12,69.668,53.677,15.991,122.425,88.098,34.327,500.39,492.597,7.793,745.576,730.607,14.969
SVK,2023,112863.793,102340.161,2626.064,2725.924,18108.293,16472.12,2434.058,2087.738,346.32,3953.967,3227.849,726.118,67.78,51.754,16.026,120.433,85.139,35.294,502.853,495.129,7.724,751.305,735.849,15.456
SVK,2024,117813.39,114188.292,2060.902,2057.723,19382.353,18106.526,2430.29,2080.272,350.018,3961.324,3229.04,732.284,66.926,51.181,15.745,120.161,85.454,34.707,509.288,501.506,7.782,769.93,754.141,15.789
SVK,2025,,,,,,,2427.057,2082.657,344.4,3929.128,3212.721,716.407,66.53,50.947,15.583,117.782,83.867,33.915,517.249,509.711,7.538,774.768,759.688,15.08
SVN,1995,9076.962,,404.587,,1457.5220000000002,,922.449,745.655,176.794,1619.189,1191.551,427.638,129.244,14.282,114.962,332.231,23.079,309.153,127.874,126.384,1.49,208.565,205.619,2.946
SVN,1996,10435.311,9313.864,437.26,427.676,1679.6149999999998,1503.123,904.166,735.263,168.903,1561.899,1170.728,391.17,121.02,14.179,106.842,299.034,22.903,276.131,130.961,129.216,1.745,211.815,208.485,3.33
SVN,1997,12028.548,10953.923,505.925,467.76,1923.801,1727.616,887.682,718.253,169.428,1522.34,1146.737,375.602,117.902,14.205,103.696,272.282,22.964,249.319,135.011,132.913,2.098,219.348,215.192,4.155
SVN,1998,13252.234,12357.042,532.414,494.829,2076.594,1989.055,886.742,718.946,167.796,1532.456,1160.983,371.474,113.835,13.802,100.033,262.242,22.773,239.47,135.659,133.294,2.365,222.963,218.199,4.764
SVN,1999,14786.62,13865.273,503.429,507.757,2344.549,2147.9,900.398,730.293,170.105,1560.5,1178.316,382.184,109.864,11.977,97.887,265.478,19.691,245.787,139.598,136.923,2.675,228.825,223.631,5.194
SVN,2000,16343.0,15360.5,562.459,505.302,2690.2870000000003,2453.31,914.743,747.85,166.893,1564.272,1201.372,362.899,106.672,11.631,95.041,253.829,19.334,234.495,142.46,139.678,2.782,229.639,224.604,5.035
SVN,2001,18345.659,16903.292,569.898,565.374,3118.2580000000003,2765.186,919.972,756.231,163.74,1560.136,1197.613,362.523,102.528,10.364,92.164,244.482,16.577,227.906,145.643,142.787,2.856,231.957,226.489,5.468
SVN,2002,20290.083,19009.128,673.575,649.04,3423.1369999999997,3209.1800000000003,932.641,766.74,165.901,1604.302,1244.176,360.126,98.71,9.931,88.779,231.769,15.937,215.832,149.151,146.15,3.001,240.647,234.998,5.649
SVN,2003,22182.135,20977.834,562.377,504.191,3765.111,3507.9039999999995,929.248,767.704,161.545,1601.414,1256.454,344.961,95.229,9.332,85.897,216.291,14.976,201.315,152.977,149.872,3.105,247.514,241.667,5.848
SVN,2004,24033.566,23193.205,658.687,719.934,4040.861,3847.719,934.366,772.078,162.288,1622.557,1285.427,337.13,92.857,8.551,84.306,198.071,14.046,184.024,156.758,153.531,3.227,257.465,251.217,6.247
SVN,2005,25371.752,24920.297,700.713,629.853,4278.507,4167.198,929.843,770.374,159.469,1577.524,1252.866,324.658,90.192,8.14,82.052,191.468,13.202,178.266,159.812,156.406,3.406,255.452,249.015,6.437
SVN,2006,27484.663,26932.9,654.698,687.62,4483.025,4315.496,944.458,782.885,161.573,1574.799,1255.804,318.995,87.009,7.0,80.01,176.435,11.097,165.338,162.143,158.44,3.703,256.158,249.158,6.999
SVN,2007,30604.36,29503.398,710.209,691.423,4712.117,4540.7390000000005,976.107,811.052,165.055,1615.361,1292.109,323.252,84.983,6.569,78.414,172.883,10.316,162.567,163.321,159.319,4.003,257.958,250.419,7.539
SVN,2008,33037.705,31525.831,663.775,685.805,5174.284,4719.828,1000.516,833.171,167.345,1674.345,1337.988,336.357,83.174,6.45,76.725,175.305,10.36,164.945,166.313,161.961,4.351,267.783,259.352,8.431
SVN,2009,31274.364,30691.828,631.109,605.061,5463.323,5236.083,984.12,810.919,173.201,1652.349,1313.603,338.746,81.684,6.227,75.457,166.123,10.108,156.015,170.063,165.116,4.948,277.3,267.957,9.344
SVN,2010,31296.875,31642.072,655.917,643.529,5631.097,5571.309,963.411,789.978,173.432,1618.844,1292.774,326.069,80.009,6.121,73.889,153.959,10.278,143.681,173.731,168.332,5.399,280.865,271.04,9.825
SVN,2011,31911.217,31398.696,750.678,687.574,5694.688,5654.540000000001,947.238,773.92,173.318,1575.597,1255.123,320.473,78.045,5.276,72.77,150.211,8.731,141.479,175.383,169.535,5.848,283.679,273.31,10.369
SVN,2012,31113.776,31093.112,656.152,684.267,5620.627,5758.034,938.58,763.551,175.03,1543.376,1221.765,321.611,77.276,5.17,72.106,152.909,8.114,144.795,177.121,170.762,6.358,278.11,267.331,10.779
SVN,2013,30975.268,30969.271,659.833,646.989,5437.49,5575.575,928.02,742.847,185.174,1542.634,1202.429,340.205,77.243,4.995,72.248,151.672,7.895,143.777,176.091,168.968,7.123,279.89,267.757,12.133
SVN,2014,32050.294,32053.603,678.836,651.677,5388.085,5457.117,931.892,747.329,184.564,1567.244,1220.744,346.499,75.924,5.196,70.728,149.979,8.268,141.711,176.736,169.52,7.216,288.597,275.582,13.015
SVN,2015,33058.461,32805.707,759.72,793.71,5462.351,5404.608,944.092,757.333,186.76,1592.998,1245.183,347.816,75.235,5.298,69.938,147.797,8.506,139.291,178.113,170.476,7.637,294.776,281.002,13.773
SVN,2016,34438.49,34102.15,740.762,743.478,5807.433,5585.246999999999,961.588,774.212,187.377,1588.934,1241.134,347.8,74.256,5.135,69.121,148.002,8.054,139.948,181.941,173.932,8.009,295.208,280.873,14.335
SVN,2017,36789.791,36324.359,721.665,696.501,6091.444,5918.055,989.529,799.488,190.04,1604.529,1259.702,344.827,73.478,4.973,68.504,144.005,7.695,136.31,186.507,177.883,8.624,295.655,280.722,14.934
SVN,2018,39355.389,38405.758,905.313,845.675,6425.280000000001,6211.554999999999,1020.881,826.45,194.431,1636.416,1288.126,348.289,73.175,5.18,67.995,147.362,7.837,139.525,190.591,181.35,9.241,300.86,285.291,15.569
SVN,2019,41821.075,40791.395,852.565,866.046,6903.254999999999,6532.5019999999995,1045.706,848.124,197.582,1674.621,1320.704,353.917,72.757,5.284,67.473,148.085,8.075,140.01,194.015,183.955,10.059,304.832,288.089,16.743
SVN,2020,41139.232,40541.86,886.772,913.162,7542.870999999999,7070.063,1038.441,841.203,197.238,1591.772,1259.026,332.746,70.561,5.058,65.503,146.073,7.728,138.345,198.202,187.796,10.406,304.653,289.159,15.494
SVN,2021,45539.489,44383.643,786.458,760.15,8383.096,7862.498,1051.921,850.87,201.051,1676.285,1329.531,346.754,69.72,4.69,65.03,140.209,7.241,132.968,203.615,192.597,11.019,324.511,306.929,17.582
SVN,2022,49934.245,46750.259,924.214,815.636,8554.973,8523.463,1082.59,872.89,209.699,1743.217,1367.476,375.74,69.188,4.401,64.787,140.411,6.846,133.565,207.717,195.699,12.018,324.151,304.05,20.101
SVN,2023,56995.106,51239.788,981.227,923.55,9431.476,8624.126,1098.666,881.85,216.816,1744.081,1372.414,371.668,68.493,4.355,64.138,128.049,6.464,121.585,210.947,198.201,12.746,329.632,308.656,20.976
SVN,2024,59694.202,57996.706,1036.421,1048.593,10041.111,9596.633,1103.879,882.233,221.647,1787.387,1395.071,392.316,67.544,4.371,63.173,126.048,6.771,119.277,215.352,201.467,13.885,341.397,317.536,23.861
SVN,2025,,,,,,,1099.016,875.294,223.722,1757.803,1375.222,382.581,66.237,4.23,62.007,122.278,6.518,115.76,219.392,204.593,14.798,345.377,320.906,24.472
SWE,1980,,,,,,,4330.257284,,,6603.439,,,,,,,,,,,,,,
SWE,1981,,,,,,,4337.178855,,,6577.385,,,,,,,,,,,,,,
SWE,1982,,,,,,,4329.03583,,,6626.536,,,,,,,,,,,,,,
SWE,1983,,,,,,,4338.909248,,,6682.206,,,,,,,,,,,,,,
SWE,1984,,,,,,,4375.043923,,,6747.434,,,,,,,,,,,,,,
SWE,1985,,,,,,,4420.135926,,,6834.92,,,,,,,,,,,,,,
SWE,1986,,,,,,,4447.41506,,,6868.24,,,,,,,,,,,,,,
SWE,1987,,,,,,,4482.939008,,,6968.702,,,,,,,,,,,,,,
SWE,1988,,,,,,,4544.520637,,,7153.845,,,,,,,,,,,,,,
SWE,1989,,,,,,,4610.784506,,,7252.834,,,,,,,,,,,,,,
SWE,1990,,,,,,,4653.331813,,,7302.568,,,,,,,,,,,,,,
SWE,1991,,,,,,,4583.607159,,,7132.017,,,,,,,,,,,,,,
SWE,1992,,,,,,,4379.624375,,,6892.156,,,,,,,,,,,,,,
SWE,1993,1436086.0,,44414.0,,325879.0,,4150.5,3814.5,336.0,6602.59,6009.32,593.27,171.7,34.5,137.2,334.87,66.31,268.56,1505.7,1500.4,5.3,2091.98,2084.48,7.5
SWE,1994,1535182.0,1497673.0,47282.0,41814.0,333014.0,324087.0,4111.3,3771.6,339.7,6696.54,6082.84,613.7,167.6,33.7,133.9,335.14,66.71,268.43,1487.2,1480.7,6.5,2083.58,2074.38,9.2
SWE,1995,1673810.0,1609699.0,50604.0,46846.0,345900.0,334757.0,4177.1,3832.7,344.4,6827.49,6197.71,629.78,163.4,33.9,129.5,335.89,67.34,268.55,1472.7,1465.3,7.4,2088.15,2077.41,10.74
SWE,1996,1729704.0,1705752.0,45799.0,49646.0,363537.0,343725.0,4143.1,3803.4,339.7,6825.41,6207.26,618.15,156.1,33.8,122.3,320.11,67.77,252.34,1450.3,1441.9,8.4,2078.11,2065.52,12.59
SWE,1997,1811655.0,1785899.0,46414.0,47059.0,375232.0,361494.0,4090.0,3752.3,337.7,6756.94,6137.93,619.01,144.6,31.4,113.2,303.51,64.57,238.94,1431.5,1419.8,11.7,2052.47,2034.25,18.22
SWE,1998,1903246.0,1888891.0,45726.0,43225.0,388543.0,380690.0,4158.4,3820.1,338.3,6866.18,6243.77,622.41,140.4,31.5,108.9,290.61,64.32,226.29,1435.1,1424.1,11.0,2072.7,2054.74,17.96
SWE,1999,2004986.0,1984575.0,44191.0,46506.0,411888.0,393892.0,4245.0,3901.0,344.0,7052.7,6415.23,637.47,138.8,31.7,107.1,294.35,65.17,229.18,1461.6,1449.6,12.0,2108.0,2089.99,18.01
SWE,2000,2141288.0,2111330.0,42991.0,46049.0,431114.0,409583.0,4347.5,4002.9,344.6,7142.44,6527.14,615.3,141.8,34.0,107.8,290.0,67.13,222.87,1455.7,1443.4,12.3,2074.83,2056.57,18.26
SWE,2001,2225546.0,2169738.0,44880.0,44724.0,449189.0,427986.0,4437.5,4102.8,334.7,7189.45,6601.74,587.71,132.4,34.2,98.2,282.06,66.09,215.97,1481.9,1468.1,13.8,2084.06,2064.27,19.79
SWE,2002,2309636.0,2275027.0,45612.0,46261.0,478742.0,458548.0,4442.6,4113.6,329.0,7090.63,6517.88,572.75,130.8,34.6,96.2,278.87,67.04,211.83,1513.8,1500.1,13.7,2113.5,2095.01,18.49
SWE,2003,2396191.0,2354343.0,46236.0,45538.0,507394.0,480138.0,4421.6,4108.3,313.3,6991.6,6433.69,557.91,125.7,34.0,91.7,259.31,64.73,194.58,1533.4,1520.2,13.2,2123.4,2105.11,18.29
SWE,2004,2511042.0,2504206.0,47494.0,51015.0,520630.0,505295.0,4402.6,4073.3,329.3,7055.7,6477.09,578.61,127.4,33.5,93.9,261.64,65.85,195.79,1538.1,1524.9,13.2,2160.47,2141.71,18.76
SWE,2005,2590823.0,2577114.0,33964.0,47307.0,537059.0,521589.0,4400.8,4077.6,323.2,7048.85,6459.2,589.65,118.2,33.7,84.5,245.85,65.95,179.9,1537.0,1522.4,14.6,2156.53,2135.14,21.39
SWE,2006,2763937.0,2717385.0,38667.0,34996.0,562755.0,538661.0,4484.7,4150.5,334.2,7175.16,6587.23,587.93,118.9,33.4,85.5,237.95,65.63,172.32,1562.5,1546.8,15.7,2190.83,2168.42,22.41
SWE,2007,2936583.0,2852676.0,47656.0,40191.0,590185.0,563268.0,4588.0,4249.0,339.0,7398.49,6796.2,602.29,116.6,33.6,83.0,240.37,68.3,172.07,1573.0,1556.8,16.2,2251.68,2227.85,23.83
SWE,2008,3001336.0,2908450.0,42723.0,40276.0,611802.0,592577.0,4611.1,4290.4,320.7,7500.61,6938.6,562.01,112.3,35.6,76.7,235.15,73.51,161.64,1553.4,1537.5,15.9,2246.19,2224.37,21.82
SWE,2009,2930639.0,2864113.0,37873.0,44633.0,628056.0,623688.0,4517.4,4193.0,324.4,7279.03,6717.7,561.33,112.5,37.0,75.5,235.16,75.23,159.93,1537.8,1522.1,15.7,2243.67,2222.13,21.54
SWE,2010,3131175.0,3104039.0,48358.0,38027.0,646217.0,634110.0,4547.6,4215.2,332.4,7453.13,6882.23,570.9,116.8,39.2,77.6,236.38,77.84,158.54,1542.9,1526.7,16.2,2277.53,2256.03,21.5
SWE,2011,3280377.0,3245187.0,52300.0,50662.0,670636.0,645675.0,4652.2,4328.8,323.4,7629.4,7074.14,555.26,127.8,41.2,86.6,254.01,78.19,175.82,1567.4,1551.9,15.5,2315.25,2293.55,21.7
SWE,2012,3302118.0,3267309.0,46651.0,52854.0,690483.0,667103.0,4688.2,4368.2,320.0,7620.57,7079.37,541.2,131.7,40.5,91.2,257.0,82.22,174.78,1575.9,1560.6,15.3,2346.9,2322.01,24.89
SWE,2013,3372723.0,3338527.0,46825.0,49704.0,714401.0,690420.0,4736.0,4416.4,319.6,7652.91,7125.89,527.02,132.7,40.5,92.2,264.35,88.63,175.72,1600.9,1585.3,15.6,2372.37,2350.75,21.62
SWE,2014,3518784.0,3451894.0,49609.0,51533.0,745966.0,718274.0,4805.3,4488.5,316.8,7769.28,7239.25,530.03,133.4,40.8,92.6,270.09,87.76,182.33,1633.5,1617.9,15.6,2425.17,2404.84,20.33
SWE,2015,3756059.0,3669400.0,55134.0,51295.0,784078.0,759942.0,4877.7,4565.5,312.2,7894.41,7376.19,518.22,132.4,40.2,92.2,264.44,87.08,177.36,1675.3,1659.8,15.5,2475.94,2454.75,21.19
SWE,2016,3885378.0,3822365.0,56280.0,54970.0,835122.0,806803.0,4975.1,4678.2,296.9,8112.15,7623.01,489.14,128.8,41.5,87.3,250.23,87.08,163.15,1742.2,1727.2,15.0,2588.59,2566.63,21.96
SWE,2017,4047009.0,3963538.0,60438.0,58355.0,873189.0,840125.0,5099.9,4805.4,294.5,8247.07,7759.8,487.27,131.4,41.2,90.2,249.55,81.51,168.04,1759.8,1745.2,14.6,2629.7,2608.62,21.08
SWE,2018,4224647.0,4120808.0,59727.0,53008.0,908475.0,873607.0,5186.1,4892.0,294.1,8380.67,7899.14,481.53,130.8,40.0,90.8,259.56,88.58,170.98,1776.6,1762.0,14.6,2652.07,2632.62,19.45
SWE,2019,4452618.0,4343419.0,63128.0,64529.0,936663.0,905256.0,5219.4,4926.3,293.1,8356.43,7881.33,475.1,134.3,40.4,93.9,248.53,77.39,171.14,1781.2,1767.0,14.2,2614.05,2596.58,17.47
SWE,2020,4444511.0,4351779.0,59965.0,61557.0,952843.0,901214.0,5152.7,4857.7,295.0,8085.97,7629.36,456.61,137.5,41.0,96.5,252.57,78.89,173.68,1783.2,1769.0,14.2,2595.46,2577.5,17.96
SWE,2021,4802076.0,4682960.0,62815.0,59278.0,1007269.0,987359.0,5217.9,4924.6,293.3,8296.4,7870.71,425.69,138.1,42.0,96.1,234.36,80.54,153.82,1808.4,1794.3,14.1,2675.49,2655.75,19.74
SWE,2022,5158193.0,4871528.0,72052.0,67849.0,1046162.0,999980.0,5400.1,5108.8,291.3,8554.59,8133.34,421.25,138.3,42.0,96.3,241.48,82.65,158.83,1833.2,1819.2,14.0,2667.48,2651.15,16.33
SWE,2023,5487968.0,5174940.0,78773.0,67828.0,1140694.0,1055154.0,5466.0,5176.0,290.0,8644.86,8234.62,410.24,138.6,42.8,95.8,233.79,82.71,151.08,1853.0,1839.3,13.7,2693.02,2678.36,14.66
SWE,2024,5712306.0,5535368.0,90740.0,76052.0,1206339.0,1164005.0,5441.3,5186.0,255.3,8597.62,8237.13,360.49,128.8,44.3,84.5,215.64,84.47,131.17,1867.5,1855.6,11.9,2734.85,2719.86,14.99
SWE,2025,,,,,,,5435.4,5182.2,253.2,8514.67,8172.79,341.88,131.2,46.0,85.2,210.23,86.8,123.43,1871.5,1859.9,11.6,2728.04,2713.3,14.74
TUR,1995,9723.794,,1236.648,,778.377,,,,,,,,,,,,,,,,,,,
TUR,1996,18661.978,10318.098,2476.141,1294.899,1570.9,777.613,,,,,,,,,,,,,,,,,,
TUR,1997,36423.275,19964.344,4243.437,2445.852,3243.006,1574.2379999999998,,,,,,,,,,,,,,,,,,
TUR,1998,66286.604,37551.579,8959.04,4486.212,6186.045,3437.087,,,,,,,,,,,,,,,,,,
TUR,1999,98107.441,64346.708,11232.094,8541.105,11032.791,6339.219,,,,,,,,,,,,,,,,,,
TUR,2000,153924.024,104885.587,17209.365,11951.521,16412.408,11118.081,,,,,,,,,,,,,,,,,,
TUR,2001,221260.04,145480.335,21738.052,15675.551,24660.726,16938.85,,,,,,,,,,,,,,,,,,
TUR,2002,320747.871,235322.736,36912.234,23620.031,37311.885,25438.185,,,,,,,,,,,,,,,,,,
TUR,2003,415438.911,338779.137,46268.265,36332.608,50097.492000000006,37685.499,,,,,,,,,,,,,,,,,,
TUR,2004,511928.633,456578.196,54396.053,48121.638,60751.155999999995,51541.774000000005,,,,,,,,,,,,,,,,,,
TUR,2005,597569.759,556959.86,62388.436,58771.511,69184.369,63087.204,,,,,,,,,,,,,,,,,,
TUR,2006,700486.364,639627.743,64452.247,63385.14,81485.421,71483.348,,,,,,,,,,,,,,,,,,
TUR,2007,792601.246,735394.026,66230.551,60454.392,93744.248,84232.7,,,,,,,,,,,,,,,,,,
TUR,2008,900077.033,801308.236,74482.764,69234.424,105979.975,95684.346,,,,,,,,,,,,,,,,,,
TUR,2009,905540.354,859962.224,81278.724,77677.848,118485.361,108291.047,,,,,,,,,,,,,,,,,,
TUR,2010,1035795.841,970467.895,104755.057,87464.591,133964.463,120243.75,,,,,,,,,,,,,,,,,,
TUR,2011,1246434.912,1153325.128,114908.644,108426.135,153551.367,140008.269,,,,,,,,,,,,,,,,,,
TUR,2012,1406114.919,1310671.654,121771.46,117434.238,177179.72499999998,159777.122,,,,,,,,,,,,,,,,,,
TUR,2013,1607642.686,1517331.023,121810.472,124651.104,199551.194,188591.973,,,,,,,,,,,,,,,,,,
TUR,2014,1826528.161,1693083.408,134842.761,122491.999,228937.927,208908.197,,,,,,,,,,,,,,,,,,
TUR,2015,2076445.501,1923279.062,161886.253,147580.642,253087.32,232254.733,,,,,,,,,,,,,,,,,,
TUR,2016,2320923.957,2144528.209,164783.526,159627.849,296710.994,265246.886,,,,,,,,,,,,,,,,,,
TUR,2017,2798333.824,2513841.962,195282.085,174264.051,335394.312,307504.62899999996,,,,,,,,,,,,,,,,,,
TUR,2018,3418365.42,2907224.34,228548.107,201331.719,424149.567,368705.843,,,,,,,,,,,,,,,,,,
TUR,2019,3973075.955,3467418.702,292919.188,237227.732,533232.8840000001,451457.4740000001,,,,,,,,,,,,,,,,,,
TUR,2020,4589619.499,4011493.856,354326.893,308586.766,619344.674,550122.309,,,,,,,,,,,,,,,,,,
TUR,2021,6669664.908,5184499.85,424089.492,345380.057,782386.554,665563.668,,,,,,,,,,,,,,,,,,
TUR,2022,13756824.413,7069338.965,1025853.071,429218.566,1371008.361,801247.0129999999,,,,,,,,,,,,,,,,,,
TUR,2023,24093827.395,14331812.26,1731103.146,1029556.189,2731536.38,1411790.163,,,,,,,,,,,,,,,,,,
TUR,2024,39613640.954,24802703.014,2595165.873,1820070.62,5175787.356,2767261.349,,,,,,,,,,,,,,,,,,
USA,1970,,,,,,,82853.0,75756.0,7097.0,,140865.0,,,,,,,,,,,,,
USA,1971,,,,,,,83172.0,76030.0,7142.0,,140083.0,,,,,,,,,,,,,
USA,1972,,,,,,,85563.0,78329.0,7234.0,,144171.0,,,,,,,,,,,,,
USA,1973,,,,,,,88356.0,81040.0,7316.0,,150364.0,,,,,,,,,,,,,
USA,1974,,,,,,,89996.0,82469.0,7527.0,,150591.0,,,,,,,,,,,,,
USA,1975,,,,,,,88954.0,81448.0,7506.0,,146515.0,,,,,,,,,,,,,
USA,1976,,,,,,,91747.0,84252.0,7495.0,,150739.0,,,,,,,,,,,,,
USA,1977,,,,,,,94954.0,87196.0,7758.0,,155828.0,,,,,,,,,,,,,
USA,1978,,,,,,,98962.0,90844.0,8118.0,,162999.0,,,,,,,,,,,,,
USA,1979,,,,,,,101714.0,93298.0,8416.0,,167679.0,,,,,,,,,,,,,
USA,1980,,,,,,,102222.0,93564.0,8658.0,,166683.0,,,,,,,,,,,,,
USA,1981,,,,,,,103399.0,94646.0,8753.0,,167896.0,,,,,,,,,,,,,
USA,1982,,,,,,,102620.0,93697.0,8923.0,,163912.0,,,,,,,,,,,,,
USA,1983,,,,,,,103963.0,94750.0,9213.0,,166223.0,,,,,,,,,,,,,
USA,1984,,,,,,,108178.0,98766.0,9412.0,,174363.0,,,,,,,,,,,,,
USA,1985,,,,,,,110371.0,101044.0,9327.0,,177755.0,,,,,,,,,,,,,
USA,1986,,,,,,,112860.0,103491.0,9369.0,,179712.0,,,,,,,,,,,,,
USA,1987,,,,,,,115743.0,106078.0,9665.0,,184922.0,,,,,,,,,,,,,
USA,1988,,,,,,,118241.0,108285.0,9956.0,,189823.0,,,,,,,,,,,,,
USA,1989,,,,,,,120606.0,110536.0,10070.0,,195094.0,,,,,,,,,,,,,
USA,1990,,,,,,,121998.0,111866.0,10132.0,,196609.0,,,,,,,,,,,,,
USA,1991,,,,,,,120863.0,110490.0,10373.0,,192453.0,,,,,,,,,,,,,
USA,1992,,,,,,,121472.0,111432.0,10040.0,,193475.0,,,,,,,,,,,,,
USA,1993,,,,,,,123059.0,112554.0,10505.0,,197567.0,,,,,,,,,,,,,
USA,1994,,,,,,,125708.0,115144.0,10564.0,,203043.0,,,,,,,,,,,,,
USA,1995,,,,,,,127444.0,116930.0,10514.0,,208435.0,,,,,,,,,,,,,
USA,1996,,,,,,,129154.0,118630.0,10524.0,,211058.0,,,,,,,,,,,,,
USA,1997,8258300.0,,114670.0,,1702560.0,,131934.0,121390.0,10544.0,,217558.0,,,,,,,,,,,,,
USA,1998,8727890.0,8627381.417,111010.0,117462.645,1768210.0,1713173.681,133785.0,123444.0,10341.0,244778.0,223300.0,21478.0,,,1007.0,,2396.0,,,,1124.0,,56114.0,
USA,1999,9284420.0,9154685.638,111600.0,121882.206,1869270.0,1806474.686,135779.0,125658.0,10121.0,249154.0,227942.0,21212.0,,,985.0,,2554.0,,,,1100.0,,56585.0,
USA,2000,9884030.0,9661311.267,118560.0,125654.128,1977350.0,1913094.052,139175.0,128942.0,10233.0,252381.0,231552.0,20829.0,2464.0,1468.0,996.0,,2498.0,,34585.0,33473.0,1112.0,,57966.0,
USA,2001,10223810.0,9992217.09,120430.0,116412.146,2104090.0,2014154.454,139222.0,129089.0,10133.0,249238.0,229013.0,20225.0,2299.0,1324.0,975.0,,2468.0,,35363.0,34268.0,1095.0,,59261.0,
USA,2002,10545480.0,10389076.214,107170.0,114271.236,2243840.0,2161649.385,138807.0,128844.0,9963.0,246602.0,226949.0,19653.0,2311.0,1321.0,990.0,,2481.0,,36254.0,35129.0,1125.0,,61094.0,
USA,2003,11051420.0,10847602.664,129100.0,117891.53,2377820.0,2296686.676,140084.0,129787.0,10297.0,246070.0,225857.0,20213.0,2274.0,1323.0,951.0,,2357.0,,36849.0,35711.0,1138.0,,62151.0,
USA,2004,11774850.0,11473884.327,155290.0,136003.964,2519250.0,2430459.472,141569.0,131140.0,10429.0,249013.0,228646.0,20368.0,2233.0,1269.0,964.0,,2178.0,,37401.0,36296.0,1105.0,,63040.0,
USA,2005,12567500.0,12198256.623,150760.0,171631.844,2643020.0,2553870.921,143980.0,133527.0,10453.0,252385.0,231956.0,20429.0,2197.0,1242.0,955.0,,2162.0,,37956.0,36887.0,1069.0,,63804.0,
USA,2006,13304110.0,12912146.839,140250.0,144988.33,2788650.0,2693261.5,146678.0,136089.0,10589.0,257068.0,236365.0,20702.0,2206.0,1305.0,901.0,,2358.0,,38713.0,37554.0,1159.0,,64539.0,
USA,2007,13956210.0,13579507.677,156380.0,123974.133,2936950.0,2820410.851,148295.0,137876.0,10419.0,258275.0,238333.0,19942.0,2094.0,1238.0,856.0,,2527.0,,39655.0,38553.0,1102.0,,65724.0,
USA,2008,14247900.0,13975293.886,156110.0,155621.119,3133360.0,3051670.2350000003,147643.0,137580.0,10063.0,255571.0,236652.0,18918.0,2168.0,1307.0,861.0,,2453.0,,40448.0,39379.0,1069.0,,67114.0,
USA,2009,14006530.0,13913659.328,139290.0,172167.609,3285660.0,3182855.422,142183.0,132354.0,9829.0,241081.0,223477.0,17604.0,2103.0,1267.0,836.0,,2303.0,,41000.0,39898.0,1102.0,,67631.0,
USA,2010,14539850.0,14376847.34,155730.0,136210.543,3392960.0,3314814.058,141386.0,131705.0,9681.0,241331.0,224005.0,17326.0,2206.0,1385.0,821.0,,2504.0,,41368.0,40268.0,1100.0,,68375.0,
USA,2011,15055230.0,14760212.547,188020.0,148735.435,3474840.0,3418331.245,142183.0,132734.0,9449.0,244851.0,227979.0,16871.0,2254.0,1408.0,846.0,,2448.0,,41035.0,39959.0,1076.0,,68569.0,
USA,2012,15681130.0,15402537.358,187580.0,182607.986,3553190.0,3482661.518,144750.0,135221.0,9529.0,249452.0,232383.0,17070.0,2187.0,1411.0,776.0,,2448.0,,41350.0,40250.0,1100.0,,69378.0,
USA,2013,16271920.0,16009179.675,224070.0,205916.171,3647200.0,3569428.767,146187.0,136779.0,9408.0,253010.0,236137.0,16873.0,2130.0,1341.0,789.0,,2530.0,,41502.0,40430.0,1072.0,,69747.0,
USA,2014,16965380.0,16672142.464,208010.0,221297.316,3746410.0,3673743.082,148507.0,139149.0,9358.0,257835.0,241150.0,16686.0,2237.0,1480.0,757.0,,2588.0,,41788.0,40714.0,1074.0,,70294.0,
USA,2015,17633970.0,17462274.78,190880.0,224919.152,3885880.0,3793851.314,151006.0,141498.0,9508.0,263197.0,245779.0,17419.0,2422.0,1579.0,843.0,,2709.0,,42777.0,41708.0,1069.0,,71187.0,
USA,2016,18138280.0,17951766.537,178510.0,203759.135,4013860.0,3948060.27,153588.0,143984.0,9604.0,266948.0,249557.0,17390.0,2459.0,1607.0,852.0,,2771.0,,43272.0,42234.0,1038.0,,72744.0,
USA,2017,18916540.0,18580250.645,186470.0,172882.309,4132520.0,4067524.123,155493.0,145968.0,9525.0,270452.0,253162.0,17290.0,2454.0,1664.0,790.0,,2846.0,,43720.0,42735.0,985.0,,73716.0,
USA,2018,19894230.0,19482130.0,188920.0,196140.0,4310110.0,4208810.0,157916.0,148209.0,9707.0,274913.0,257218.0,17695.0,2425.0,1659.0,766.0,,2859.0,,44617.0,43545.0,1072.0,,75313.0,
USA,2019,20747660.0,20419837.727,184710.0,186434.971,4474380.0,4385473.729,159720.0,150181.0,9539.0,278225.0,260633.0,17592.0,2424.0,1683.0,741.0,,2962.0,,45301.0,44267.0,1034.0,,76699.0,
USA,2020,20663820.0,20416371.43,202550.0,207736.722,4556680.0,4397525.033,149978.0,140725.0,9253.0,260316.0,245026.0,15289.0,2349.0,1608.0,741.0,,2801.0,,43791.0,42791.0,1000.0,,74550.0,
USA,2021,22861690.0,21908760.142,247200.0,193729.319,4787060.0,4666051.541,154764.0,144808.0,9956.0,272156.0,254820.0,17336.0,2290.0,1553.0,737.0,,2756.0,,44317.0,43258.0,1059.0,,75423.0,
USA,2022,25082300.0,23443996.538,306700.0,245217.271,5069870.0,4950315.952,160415.0,150541.0,9874.0,282005.0,264234.0,17771.0,2290.0,1546.0,744.0,,2954.0,,45175.0,44210.0,965.0,,76973.0,
USA,2023,26837240.0,25808948.539,279470.0,310709.344,5427240.0,5183017.749,163124.0,153396.0,9728.0,285643.0,268319.0,17324.0,2263.0,1564.0,699.0,,3004.0,,46449.0,45458.0,991.0,,79866.0,
USA,2024,28287690.0,27572261.864,275790.0,290969.889,5801480.0,5593911.731000001,,,,,,,,,,,,,,,,,,
ZAF,2001,,,,,,,12076.45904,,,,,,,,,,,,,,,,,
ZAF,2002,,,,,,,11965.04144,,,,,,,,,,,,,,,,,
ZAF,2003,,,,,,,11812.42975,,,,,,,,,,,,,,,,,
ZAF,2004,,,,,,,12043.8375,,,,,,,,,,,,,,,,,
ZAF,2005,,,,,,,12768.85871,,,,,,,,,,,,,,,,,
ZAF,2006,,,,,,,13418.80723,,,,,,,,,,,,,,,,,
ZAF,2007,,,,,,,13467.26083,,,,,,,,,,,,,,,,,
ZAF,2008,,,,,,,14584.861037,12315.563526,2269.297511,,,,818.61495,741.127283,77.487667,,,,2348.870822,2218.172466,130.698356,,,
ZAF,2009,,,,,,,14193.824214,12029.588316,2164.235898,,,,714.648095,646.301306,68.346789,,,,2417.307849,2289.407228,127.900621,,,
ZAF,2010,,,,,,,13787.976154,11651.686135,2136.290019,,,,665.29209,595.804285,69.487806,,,,2444.907653,2327.405406,117.502247,,,
ZAF,2011,,,,,,,14070.050141,11901.193456,2168.856685,,,,644.134342,584.339724,59.794617,,,,2538.013128,2417.174147,120.838982,,,
ZAF,2012,,,,,,,14424.889214,12239.707147,2185.182068,,,,696.242442,644.846952,51.39549,,,,2694.875799,2565.844085,129.031714,,,
ZAF,2013,,,,,,,14865.627835,12711.972808,2153.655027,,,,739.956019,688.093339,51.86268,,,,2769.60636,2618.93842,150.667941,,,
ZAF,2014,,,,,,,15146.303543,13064.758758,2081.544785,,,,701.50575,652.89339,48.61236,,,,2779.526682,2651.512514,128.014168,,,
ZAF,2015,,,,,,,15740.732505,13498.566838,2242.165668,,,,879.561658,827.964828,51.596829,,,,2759.257974,2617.829319,141.428655,,,
ZAF,2016,,,,,,,15780.441971,13459.495369,2320.946602,,,,873.879461,808.434493,65.444968,,,,2748.080959,2612.74433,135.336629,,,
ZAF,2017,,,,,,,16168.663493,13774.361069,2394.302423,,,,842.558875,780.636437,61.922437,,,,2774.715863,2628.086108,146.629755,,,
ZAF,2018,,,,,,,16393.524966,13914.1196,2479.405366,,,,845.376686,786.022294,59.354393,,,,2801.377048,2648.014099,153.362949,,,
ZAF,2019,,,,,,,16349.854756,13748.928942,2600.925814,,,,861.040566,804.860549,56.180016,,,,2795.694483,2631.581491,164.112991,,,
ZAF,2020,,,,,,,15061.297811,12611.692809,2449.605002,,,,820.455443,724.508778,95.946666,,,,2744.341017,2598.696754,145.644263,,,
ZAF,2021,,,,,,,14690.76,12258.618749,2432.145191,,,,837.703709,763.0,74.47691,,,,2612.947372,2463.137605,149.809767,,,
ZAF,2022,,,,,,,15543.990587,12973.176525,2570.814062,,,,862.765148,802.779768,59.98538,,,,2897.672539,2745.806675,151.865864,,,
ZAF,2023,,,,,,,16501.611811,13879.216137,2622.395674,,,,914.499667,860.167608,54.332059,,,,3012.510202,2821.090346,191.419855,,,
ZAF,2024,,,,,,,16855.27449,14031.22731,2824.047174,,,,924.054843,858.72538,65.329463,,,,2881.728746,2696.681496,185.04725,,,
ZAF,2025,,,,,,,16936.875032,13998.969357,2937.905676,,,,926.569823,841.109223,85.4606,,,,2879.516024,2694.810336,184.705688,,,
