code,date,e
ARG,1995-01-01,1.0002879701183807
ARG,1995-04-01,1.0006169121103865
ARG,1995-07-01,1.0007789687887432
ARG,1995-10-01,1.0004888397132035
ARG,1996-01-01,1.0002417976478466
ARG,1996-04-01,1.0
ARG,1996-07-01,1.0
ARG,1996-10-01,1.0
ARG,1997-01-01,0.9999394849136906
ARG,1997-04-01,1.0
ARG,1997-07-01,1.0
ARG,1997-10-01,1.0
ARG,1998-01-01,0.999869786754762
ARG,1998-04-01,0.9998848389393941
ARG,1998-07-01,0.999848602288067
ARG,1998-10-01,0.9997639999119766
ARG,1999-01-01,0.9995603618724637
ARG,1999-04-01,0.9994535499896827
ARG,1999-07-01,0.9994484872121213
ARG,1999-10-01,0.9997904846507937
ARG,2000-01-01,0.999664144850828
ARG,2000-04-01,0.9996265117874836
ARG,2000-07-01,0.9997209894740854
ARG,2000-10-01,0.9996477414075761
ARG,2001-01-01,0.999803941622727
ARG,2001-04-01,0.9996362306761214
ARG,2001-07-01,0.9993400523698946
ARG,2001-10-01,1.0019037393252823
ARG,2002-01-01,1.9985904731672468
ARG,2002-04-01,3.2755783941731202
ARG,2002-07-01,3.6246255483969203
ARG,2002-10-01,3.5562140291592734
ARG,2003-01-01,3.14816463086717
ARG,2003-04-01,2.83724855118326
ARG,2003-07-01,2.8571846291962797
ARG,2003-10-01,2.87590267738544
ARG,2004-01-01,2.88651457776867
ARG,2004-04-01,2.88927129149423
ARG,2004-07-01,2.96803033359091
ARG,2004-10-01,2.9485030920756934
ARG,2005-01-01,2.9144441809025565
ARG,2005-04-01,2.88556456098557
ARG,2005-07-01,2.888886178061733
ARG,2005-10-01,2.980644299305197
ARG,2006-01-01,3.0646093572586963
ARG,2006-04-01,3.0681849052143604
ARG,2006-07-01,3.0871980743147005
ARG,2006-10-01,3.0775389626132768
ARG,2007-01-01,3.096456650980367
ARG,2007-04-01,3.0835852280096603
ARG,2007-07-01,3.13763426429888
ARG,2007-10-01,3.14509835046456
ARG,2008-01-01,3.1534271739413398
ARG,2008-04-01,3.119874464198413
ARG,2008-07-01,3.0461603132761765
ARG,2008-10-01,3.3303086961427533
ARG,2009-01-01,3.5435454592893936
ARG,2009-04-01,3.726662122061327
ARG,2009-07-01,3.8288583626019803
ARG,2009-10-01,3.81259925263972
ARG,2010-01-01,3.83668804663875
ARG,2010-04-01,3.89793073211111
ARG,2010-07-01,3.9387121344545464
ARG,2010-10-01,3.9647068948598103
ARG,2011-01-01,4.01098078360176
ARG,2011-04-01,4.079137149583697
ARG,2011-07-01,4.16027180429958
ARG,2011-10-01,4.253801565738817
ARG,2012-01-01,4.33791773698196
ARG,2012-04-01,4.443887483496897
ARG,2012-07-01,4.60843100235942
ARG,2012-10-01,4.801118348974153
ARG,2013-01-01,5.014805702604764
ARG,2013-04-01,5.2408308326749635
ARG,2013-07-01,5.586158330964364
ARG,2013-10-01,6.069102311270626
ARG,2014-01-01,7.62412864980238
ARG,2014-04-01,8.054938748309523
ARG,2014-07-01,8.297356338220057
ARG,2014-10-01,8.513241036086956
ARG,2015-01-01,8.68915533444394
ARG,2015-04-01,8.950955681277053
ARG,2015-07-01,9.249220973941373
ARG,2015-10-01,10.142226464702107
ARG,2016-01-01,14.447352191200833
ARG,2016-04-01,14.2197767106205
ARG,2016-07-01,14.940033518407068
ARG,2016-10-01,15.458995330454533
ARG,2017-01-01,15.671608653156133
ARG,2017-04-01,15.725566724520434
ARG,2017-07-01,17.283293471359567
ARG,2017-10-01,17.5552810894661
ARG,2018-01-01,19.696124201581032
ARG,2018-04-01,23.485030448585235
ARG,2018-07-01,32.1298519505929
ARG,2018-10-01,37.1151474816488
ARG,2019-01-01,39.09094805175983
ARG,2019-04-01,43.894774190382066
ARG,2019-07-01,50.57382162180817
ARG,2019-10-01,59.3744958560763
ARG,2020-01-01,61.54672117918313
ARG,2020-04-01,67.6482623737374
ARG,2020-07-01,73.30436417497963
ARG,2020-10-01,80.05365157600853
ARG,2021-01-01,88.54638550448585
ARG,2021-04-01,94.05623100288601
ARG,2021-07-01,97.2382574242424
ARG,2021-10-01,100.4874372501413
ARG,2022-01-01,106.58288371290534
ARG,2022-04-01,117.97119769119801
ARG,2022-07-01,135.71314182194632
ARG,2022-10-01,162.35337662337668
ARG,2023-01-01,193.14850757575766
ARG,2023-04-01,231.59601581027667
ARG,2023-07-01,312.9731636991027
ARG,2023-10-01,446.7288438672437
ARG,2024-01-01,834.523483298827
ARG,2024-04-01,886.0449604743084
ARG,2024-07-01,941.5044074283204
ARG,2024-10-01,1000.0835137085134
ARG,2025-01-01,1055.6521652864033
ARG,2025-04-01,1150.4659992785
ARG,2025-07-01,1332.1941699604768
ARG,2025-10-01,1437.1980072463766
ARG,2026-01-01,1417.5871212121235
ARG,2026-04-01,1410.4119769119768
ARG,2026-07-01,1486.22826086957
AUS,1995-01-01,1.3377493078537268
AUS,1995-04-01,1.3751453086228065
AUS,1995-07-01,1.3487807259218434
AUS,1995-10-01,1.3365291237020198
AUS,1996-01-01,1.3219212577691166
AUS,1996-04-01,1.26242219176775
AUS,1996-07-01,1.2664788516614565
AUS,1996-10-01,1.2567746721877169
AUS,1997-01-01,1.2851926695526699
AUS,1997-04-01,1.3007120779220767
AUS,1997-07-01,1.36060270531401
AUS,1997-10-01,1.4456282570556833
AUS,1998-01-01,1.5004342135642166
AUS,1998-04-01,1.5921218181818169
AUS,1998-07-01,1.6727556873078633
AUS,1998-10-01,1.6038487012987035
AUS,1999-01-01,1.5749204919908468
AUS,1999-04-01,1.5324114574314567
AUS,1999-07-01,1.5370378787878802
AUS,1999-10-01,1.5542746031746002
AUS,2000-01-01,1.58553097653554
AUS,2000-04-01,1.6974553623188402
AUS,2000-07-01,1.7443247342995167
AUS,2000-10-01,1.8787566666666666
AUS,2001-01-01,1.8872718181818167
AUS,2001-04-01,1.9502150379572134
AUS,2001-07-01,1.9503921870882734
AUS,2001-10-01,1.9536185697555233
AUS,2002-01-01,1.92973652958153
AUS,2002-04-01,1.8149827470355733
AUS,2002-07-01,1.8275803343998966
AUS,2002-10-01,1.7928874614071397
AUS,2003-01-01,1.6863938023087999
AUS,2003-04-01,1.5632835127619034
AUS,2003-07-01,1.5193313978292233
AUS,2003-10-01,1.3971307591442368
AUS,2004-01-01,1.30544591442374
AUS,2004-04-01,1.3999230880230897
AUS,2004-07-01,1.40975
AUS,2004-10-01,1.32185319656189
AUS,2005-01-01,1.28702949620428
AUS,2005-04-01,1.30137323232323
AUS,2005-07-01,1.31716628395759
AUS,2005-10-01,1.3455867243867232
AUS,2006-01-01,1.3527254281949934
AUS,2006-04-01,1.3394199604743067
AUS,2006-07-01,1.3215555555555534
AUS,2006-10-01,1.2979329004328999
AUS,2007-01-01,1.2717527667984199
AUS,2007-04-01,1.2031739130434767
AUS,2007-07-01,1.1805835309617934
AUS,2007-10-01,1.1252210144927532
AUS,2008-01-01,1.10485686742098
AUS,2008-04-01,1.06033116883117
AUS,2008-07-01,1.1320527322918632
AUS,2008-10-01,1.4927615942029
AUS,2009-01-01,1.51049090909091
AUS,2009-04-01,1.3169572150072133
AUS,2009-07-01,1.2004918752744833
AUS,2009-10-01,1.1006954639563333
AUS,2010-01-01,1.1070594202898567
AUS,2010-04-01,1.13473593073593
AUS,2010-07-01,1.1061515151515167
AUS,2010-10-01,1.0127557249513799
AUS,2011-01-01,0.9945632850241534
AUS,2011-04-01,0.9413744588744587
AUS,2011-07-01,0.9531009787314133
AUS,2011-10-01,0.9877142857142857
AUS,2012-01-01,0.9477568542568543
AUS,2012-04-01,0.9905900621117997
AUS,2012-07-01,0.9627025691699607
AUS,2012-10-01,0.9628107472237907
AUS,2013-01-01,0.963294927536232
AUS,2013-04-01,1.0117802020923528
AUS,2013-07-01,1.0916830503482033
AUS,2013-10-01,1.07886342687747
AUS,2014-01-01,1.11549650590062
AUS,2014-04-01,1.0717319350649335
AUS,2014-07-01,1.08125708711337
AUS,2014-10-01,1.1692908434782634
AUS,2015-01-01,1.2711633015151533
AUS,2015-04-01,1.2848568037518067
AUS,2015-07-01,1.378818662086707
AUS,2015-10-01,1.3886823683731766
AUS,2016-01-01,1.3875539841269833
AUS,2016-04-01,1.3408519531024534
AUS,2016-07-01,1.31905739180626
AUS,2016-10-01,1.3338860577200602
AUS,2017-01-01,1.3197166211462468
AUS,2017-04-01,1.3316265268774699
AUS,2017-07-01,1.2670474536542433
AUS,2017-10-01,1.3011423196219334
AUS,2018-01-01,1.2722761023211466
AUS,2018-04-01,1.3208383095148368
AUS,2018-07-01,1.3678335430524367
AUS,2018-10-01,1.3936717759814268
AUS,2019-01-01,1.40440066895614
AUS,2019-04-01,1.4281355126824768
AUS,2019-07-01,1.4588612428634165
AUS,2019-10-01,1.4632798387602766
AUS,2020-01-01,1.5208578656126501
AUS,2020-04-01,1.5257134199134201
AUS,2020-07-01,1.3979793556684867
AUS,2020-10-01,1.3695764696655999
AUS,2021-01-01,1.2937532677708765
AUS,2021-04-01,1.2989725829725833
AUS,2021-07-01,1.36065606060606
AUS,2021-10-01,1.3725554238032498
AUS,2022-01-01,1.3824181262939967
AUS,2022-04-01,1.3973460317460333
AUS,2022-07-01,1.4638855386159768
AUS,2022-10-01,1.5235378066378065
AUS,2023-01-01,1.4605529249011866
AUS,2023-04-01,1.4962762779973635
AUS,2023-07-01,1.52717225672878
AUS,2023-10-01,1.53632619047619
AUS,2024-01-01,1.5195957902001365
AUS,2024-04-01,1.5169164558629766
AUS,2024-07-01,1.4931528671811265
AUS,2024-10-01,1.5328725735617033
AUS,2025-01-01,1.5939050034506568
AUS,2025-04-01,1.5611131313131335
AUS,2025-07-01,1.5287131846414432
AUS,2025-10-01,1.5232505072463767
AUS,2026-01-01,1.4390693939393933
AUS,2026-04-01,1.40994199134199
AUS,2026-07-01,1.43611739130435
AUT,1995-01-01,0.7569666666666667
AUT,1995-04-01,0.7137666666666668
AUT,1995-07-01,0.7321
AUT,1995-10-01,0.7282333333333334
AUT,1996-01-01,0.7502
AUT,1996-04-01,0.7772
AUT,1996-07-01,0.7654000000000001
AUT,1996-10-01,0.7823666666666668
AUT,1997-01-01,0.8476333333333333
AUT,1997-04-01,0.8764333333333334
AUT,1997-07-01,0.9238
AUT,1997-10-01,0.8977333333333334
AUT,1998-01-01,0.9295333333333334
AUT,1998-04-01,0.9166666666666666
AUT,1998-07-01,0.9013666666666666
AUT,1998-10-01,0.8499666666666666
AUT,1999-01-01,0.8908650354333334
AUT,1999-04-01,0.9462974242666666
AUT,1999-07-01,0.9535907950333332
AUT,1999-10-01,0.9634983377666666
AUT,2000-01-01,1.0128999099666667
AUT,2000-04-01,1.0707995252666667
AUT,2000-07-01,1.1065821814
AUT,2000-10-01,1.1501026639333334
AUT,2001-01-01,1.0838351025666668
AUT,2001-04-01,1.1444160384
AUT,2001-07-01,1.121785947
AUT,2001-10-01,1.1164872653666666
AUT,2002-01-01,1.1407329854666666
AUT,2002-04-01,1.0874121115
AUT,2002-07-01,1.0165822042666666
AUT,2002-10-01,0.9995332300666666
AUT,2003-01-01,0.9315119056
AUT,2003-04-01,0.8803657411666667
AUT,2003-07-01,0.8883700632666667
AUT,2003-10-01,0.8404051568666667
AUT,2004-01-01,0.7999041188000001
AUT,2004-04-01,0.8297059866000001
AUT,2004-07-01,0.8178773148333334
AUT,2004-10-01,0.7719609567000001
AUT,2005-01-01,0.7630914823666667
AUT,2005-04-01,0.7945898260333334
AUT,2005-07-01,0.8200075984333334
AUT,2005-10-01,0.8407887535
AUT,2006-01-01,0.8313259251333333
AUT,2006-04-01,0.7956177087666667
AUT,2006-07-01,0.7845937593333333
AUT,2006-10-01,0.7752514898
AUT,2007-01-01,0.7627094231
AUT,2007-04-01,0.7417964550999999
AUT,2007-07-01,0.7273385733333333
AUT,2007-10-01,0.6900972570333334
AUT,2008-01-01,0.6674643105000001
AUT,2008-04-01,0.6401810566666667
AUT,2008-07-01,0.6668847167333333
AUT,2008-10-01,0.7613992753666666
AUT,2009-01-01,0.7686045454666667
AUT,2009-04-01,0.7343098845666667
AUT,2009-07-01,0.6990935441666667
AUT,2009-10-01,0.6771937198
AUT,2010-01-01,0.7226642857
AUT,2010-04-01,0.7869761904666667
AUT,2010-07-01,0.7737878787666667
AUT,2010-10-01,0.7367457180666667
AUT,2011-01-01,0.7314082470666667
AUT,2011-04-01,0.6947835498
AUT,2011-07-01,0.7082332643
AUT,2011-10-01,0.7422099567
AUT,2012-01-01,0.7625375180333333
AUT,2012-04-01,0.7798164251333333
AUT,2012-07-01,0.7991382740333334
AUT,2012-10-01,0.7705326244
AUT,2013-01-01,0.7578658730000001
AUT,2013-04-01,0.7656910043333333
AUT,2013-07-01,0.7549412729666667
AUT,2013-10-01,0.7346924829
AUT,2014-01-01,0.7296647467333334
AUT,2014-04-01,0.7292575036
AUT,2014-07-01,0.754988834
AUT,2014-10-01,0.8008694782666667
AUT,2015-01-01,0.8883128181999999
AUT,2015-04-01,0.9041201082333333
AUT,2015-07-01,0.8995253356666667
AUT,2015-10-01,0.9138483135666666
AUT,2016-01-01,0.9073307108666667
AUT,2016-04-01,0.8855690548
AUT,2016-07-01,0.8961600216666668
AUT,2016-10-01,0.9280663203333334
AUT,2017-01-01,0.9384762213333334
AUT,2017-04-01,0.9092752852333333
AUT,2017-07-01,0.8514329537666666
AUT,2017-10-01,0.8492442352
AUT,2018-01-01,0.8137506824666666
AUT,2018-04-01,0.8394843822999999
AUT,2018-07-01,0.8595732569333334
AUT,2018-10-01,0.8764896188666667
AUT,2019-01-01,0.8807720627999999
AUT,2019-04-01,0.8897470678333333
AUT,2019-07-01,0.8996656860666666
AUT,2019-10-01,0.9032086680333333
AUT,2020-01-01,0.9078426877333333
AUT,2020-04-01,0.908271645
AUT,2020-07-01,0.8551811459333334
AUT,2020-10-01,0.8388708030333333
AUT,2021-01-01,0.8296439075
AUT,2021-04-01,0.8296618398333333
AUT,2021-07-01,0.848374697
AUT,2021-10-01,0.8745331265999999
AUT,2022-01-01,0.8907364831
AUT,2022-04-01,0.9392376768
AUT,2022-07-01,0.993248951
AUT,2022-10-01,0.9803069841333333
AUT,2023-01-01,0.9321337562666666
AUT,2023-04-01,0.9185379611333334
AUT,2023-07-01,0.9193362111666668
AUT,2023-10-01,0.9293334415666666
AUT,2024-01-01,0.9213149068333334
AUT,2024-04-01,0.9289777437333333
AUT,2024-07-01,0.9099683138666667
AUT,2024-10-01,0.938207141
AUT,2025-01-01,0.9500645928333333
AUT,2025-04-01,0.8813586147
AUT,2025-07-01,0.8557902660333333
AUT,2025-10-01,0.8592611594333333
AUT,2026-01-01,0.8544349091000001
AUT,2026-04-01,0.8597848124030304
AUT,2026-07-01,0.875590869565217
BEL,1995-01-01,0.7566330109891201
BEL,1995-04-01,0.7120848919638704
BEL,1995-07-01,0.7298390262081297
BEL,1995-10-01,0.7263106750388574
BEL,1996-01-01,0.7483252726622194
BEL,1996-04-01,0.775881943187762
BEL,1996-07-01,0.7652621845864763
BEL,1996-10-01,0.7819768186501866
BEL,1997-01-01,0.8479925169207988
BEL,1997-04-01,0.876089595330347
BEL,1997-07-01,0.9238132304079417
BEL,1997-10-01,0.8978133312179754
BEL,1998-01-01,0.9304683452363541
BEL,1998-04-01,0.9176638183700669
BEL,1998-07-01,0.9006781540526045
BEL,1998-10-01,0.8503673368881265
BEL,1999-01-01,0.8908650354333334
BEL,1999-04-01,0.9462974242666666
BEL,1999-07-01,0.9535907950333332
BEL,1999-10-01,0.9634983377666666
BEL,2000-01-01,1.0128999099666667
BEL,2000-04-01,1.0707995252666667
BEL,2000-07-01,1.1065821814
BEL,2000-10-01,1.1501026639333334
BEL,2001-01-01,1.0838351025666668
BEL,2001-04-01,1.1444160384
BEL,2001-07-01,1.121785947
BEL,2001-10-01,1.1164872653666666
BEL,2002-01-01,1.1407329854666666
BEL,2002-04-01,1.0874121115
BEL,2002-07-01,1.0165822042666666
BEL,2002-10-01,0.9995332300666666
BEL,2003-01-01,0.9315119056
BEL,2003-04-01,0.8803657411666667
BEL,2003-07-01,0.8883700632666667
BEL,2003-10-01,0.8404051568666667
BEL,2004-01-01,0.7999041188000001
BEL,2004-04-01,0.8297059866000001
BEL,2004-07-01,0.8178773148333334
BEL,2004-10-01,0.7719609567000001
BEL,2005-01-01,0.7630914823666667
BEL,2005-04-01,0.7945898260333334
BEL,2005-07-01,0.8200075984333334
BEL,2005-10-01,0.8407887535
BEL,2006-01-01,0.8313259251333333
BEL,2006-04-01,0.7956177087666667
BEL,2006-07-01,0.7845937593333333
BEL,2006-10-01,0.7752514898
BEL,2007-01-01,0.7627094231
BEL,2007-04-01,0.7417964550999999
BEL,2007-07-01,0.7273385733333333
BEL,2007-10-01,0.6900972570333334
BEL,2008-01-01,0.6674643105000001
BEL,2008-04-01,0.6401810566666667
BEL,2008-07-01,0.6668847167333333
BEL,2008-10-01,0.7613992753666666
BEL,2009-01-01,0.7686045454666667
BEL,2009-04-01,0.7343098845666667
BEL,2009-07-01,0.6990935441666667
BEL,2009-10-01,0.6771937198
BEL,2010-01-01,0.7226642857
BEL,2010-04-01,0.7869761904666667
BEL,2010-07-01,0.7737878787666667
BEL,2010-10-01,0.7367457180666667
BEL,2011-01-01,0.7314082470666667
BEL,2011-04-01,0.6947835498
BEL,2011-07-01,0.7082332643
BEL,2011-10-01,0.7422099567
BEL,2012-01-01,0.7625375180333333
BEL,2012-04-01,0.7798164251333333
BEL,2012-07-01,0.7991382740333334
BEL,2012-10-01,0.7705326244
BEL,2013-01-01,0.7578658730000001
BEL,2013-04-01,0.7656910043333333
BEL,2013-07-01,0.7549412729666667
BEL,2013-10-01,0.7346924829
BEL,2014-01-01,0.7296647467333334
BEL,2014-04-01,0.7292575036
BEL,2014-07-01,0.754988834
BEL,2014-10-01,0.8008694782666667
BEL,2015-01-01,0.8883128181999999
BEL,2015-04-01,0.9041201082333333
BEL,2015-07-01,0.8995253356666667
BEL,2015-10-01,0.9138483135666666
BEL,2016-01-01,0.9073307108666667
BEL,2016-04-01,0.8855690548
BEL,2016-07-01,0.8961600216666668
BEL,2016-10-01,0.9280663203333334
BEL,2017-01-01,0.9384762213333334
BEL,2017-04-01,0.9092752852333333
BEL,2017-07-01,0.8514329537666666
BEL,2017-10-01,0.8492442352
BEL,2018-01-01,0.8137506824666666
BEL,2018-04-01,0.8394843822999999
BEL,2018-07-01,0.8595732569333334
BEL,2018-10-01,0.8764896188666667
BEL,2019-01-01,0.8807720627999999
BEL,2019-04-01,0.8897470678333333
BEL,2019-07-01,0.8996656860666666
BEL,2019-10-01,0.9032086680333333
BEL,2020-01-01,0.9078426877333333
BEL,2020-04-01,0.908271645
BEL,2020-07-01,0.8551811459333334
BEL,2020-10-01,0.8388708030333333
BEL,2021-01-01,0.8296439075
BEL,2021-04-01,0.8296618398333333
BEL,2021-07-01,0.848374697
BEL,2021-10-01,0.8745331265999999
BEL,2022-01-01,0.8907364831
BEL,2022-04-01,0.9392376768
BEL,2022-07-01,0.993248951
BEL,2022-10-01,0.9803069841333333
BEL,2023-01-01,0.9321337562666666
BEL,2023-04-01,0.9185379611333334
BEL,2023-07-01,0.9193362111666668
BEL,2023-10-01,0.9293334415666666
BEL,2024-01-01,0.9213149068333334
BEL,2024-04-01,0.9289777437333333
BEL,2024-07-01,0.9099683138666667
BEL,2024-10-01,0.938207141
BEL,2025-01-01,0.9500645928333333
BEL,2025-04-01,0.8813586147
BEL,2025-07-01,0.8557902660333333
BEL,2025-10-01,0.8592611594333333
BEL,2026-01-01,0.8544349091000001
BEL,2026-04-01,0.8597848124030304
BEL,2026-07-01,0.875590869565217
BRA,1995-01-01,0.85809255795923
BRA,1995-04-01,0.9053135548543843
BRA,1995-07-01,0.9401561446740853
BRA,1995-10-01,0.9632803160222223
BRA,1996-01-01,0.9800917556307813
BRA,1996-04-01,0.9951755218373197
BRA,1996-07-01,1.0125639917285565
BRA,1996-10-01,1.0303305464380965
BRA,1997-01-01,1.04919583071478
BRA,1997-04-01,1.06752174396984
BRA,1997-07-01,1.0869699127651367
BRA,1997-10-01,1.1065829316879434
BRA,1998-01-01,1.1258538944905467
BRA,1998-04-01,1.1467777472589467
BRA,1998-07-01,1.1698290206296833
BRA,1998-10-01,1.19396702666739
BRA,1999-01-01,1.7686940228648733
BRA,1999-04-01,1.7129505379743133
BRA,1999-07-01,1.8586363611363634
BRA,1999-10-01,1.9151825432222234
BRA,2000-01-01,1.7760098646804001
BRA,2000-04-01,1.80108692868004
BRA,2000-07-01,1.8144738151761566
BRA,2000-10-01,1.9299522737772732
BRA,2001-01-01,2.01578045665303
BRA,2001-04-01,2.287828332857833
BRA,2001-07-01,2.5409958186878803
BRA,2001-10-01,2.5531749966737665
BRA,2002-01-01,2.3819259768012966
BRA,2002-04-01,2.5000704192540835
BRA,2002-07-01,3.12232011534309
BRA,2002-10-01,3.6647552491975564
BRA,2003-01-01,3.49354086987316
BRA,2003-04-01,2.9902110374776334
BRA,2003-07-01,2.930621905111457
BRA,2003-10-01,2.8986753479212535
BRA,2004-01-01,2.89763662125359
BRA,2004-04-01,3.040039527088023
BRA,2004-07-01,2.983468174909093
BRA,2004-10-01,2.787078911368027
BRA,2005-01-01,2.6658925982365402
BRA,2005-04-01,2.4821000711890333
BRA,2005-07-01,2.3452125988863166
BRA,2005-10-01,2.2485656531926437
BRA,2006-01-01,2.1943743205461765
BRA,2006-04-01,2.18404775304519
BRA,2006-07-01,2.1710379618875097
BRA,2006-10-01,2.1510627522539667
BRA,2007-01-01,2.107405667658497
BRA,2007-04-01,1.9824858605997235
BRA,2007-07-01,1.91562022166232
BRA,2007-10-01,1.78398030697925
BRA,2008-01-01,1.7381387187149766
BRA,2008-04-01,1.6549379490281366
BRA,2008-07-01,1.6662307798283467
BRA,2008-10-01,2.28092826103116
BRA,2009-01-01,2.3165712056954533
BRA,2009-04-01,2.0758388158542567
BRA,2009-07-01,1.8660216808785701
BRA,2009-10-01,1.7397169500036103
BRA,2010-01-01,1.8024639820722932
BRA,2010-04-01,1.79284415863997
BRA,2010-07-01,1.7485909100151502
BRA,2010-10-01,1.6968595544149265
BRA,2011-01-01,1.6662560016555565
BRA,2011-04-01,1.5943968276984133
BRA,2011-07-01,1.6359772539199764
BRA,2011-10-01,1.7987013046883102
BRA,2012-01-01,1.7661608956341965
BRA,2012-04-01,1.9610683264161466
BRA,2012-07-01,2.027380103096507
BRA,2012-10-01,2.05738788101876
BRA,2013-01-01,1.9956129059250534
BRA,2013-04-01,2.071100720870563
BRA,2013-07-01,2.2879810167705936
BRA,2013-10-01,2.27685871066042
BRA,2014-01-01,2.36334155452074
BRA,2014-04-01,2.2303866569401163
BRA,2014-07-01,2.274869589941053
BRA,2014-10-01,2.5456423041586933
BRA,2015-01-01,2.8641606012606062
BRA,2015-04-01,3.0725868793383833
BRA,2015-07-01,3.5460072448880733
BRA,2015-10-01,3.842577372967877
BRA,2016-01-01,3.90479006642374
BRA,2016-04-01,3.509943943639973
BRA,2016-07-01,3.246728930373177
BRA,2016-10-01,3.29300404171501
BRA,2017-01-01,3.142441955623583
BRA,2017-04-01,3.2130076382598833
BRA,2017-07-01,3.1633059351276764
BRA,2017-10-01,3.247824098124097
BRA,2018-01-01,3.2469089986824766
BRA,2018-04-01,3.6044917874396134
BRA,2018-07-01,3.9585421739130435
BRA,2018-10-01,3.8082767174854104
BRA,2019-01-01,3.7702114389233934
BRA,2019-04-01,3.91856251646904
BRA,2019-07-01,3.973302635046114
BRA,2019-10-01,4.1169935535479
BRA,2020-01-01,4.45779393939394
BRA,2020-04-01,5.375765800865803
BRA,2020-07-01,5.378265722441807
BRA,2020-10-01,5.400897747662967
BRA,2021-01-01,5.468957132505177
BRA,2021-04-01,5.2973068542568535
BRA,2021-07-01,5.22750606060606
BRA,2021-10-01,5.581662836438923
BRA,2022-01-01,5.234247384403036
BRA,2022-04-01,4.918860173160173
BRA,2022-07-01,5.2489269057029935
BRA,2022-10-01,5.253317099567097
BRA,2023-01-01,5.195294229249014
BRA,2023-04-01,4.95356071146245
BRA,2023-07-01,4.88077653554175
BRA,2023-10-01,4.953760028860031
BRA,2024-01-01,4.952101035196686
BRA,2024-04-01,5.218227549407113
BRA,2024-07-01,5.545109376372423
BRA,2024-10-01,5.8424697816676066
BRA,2025-01-01,5.850151922015184
BRA,2025-04-01,5.66688997113997
BRA,2025-07-01,5.447308068260244
BRA,2025-10-01,5.393936521739129
BRA,2026-01-01,5.2598692424242435
BRA,2026-04-01,5.04785808080808
BRA,2026-07-01,5.11364782608696
CAN,1995-01-01,1.4066736993630433
CAN,1995-04-01,1.3713696990430633
CAN,1995-07-01,1.3556624685753633
CAN,1995-10-01,1.3562557386429266
CAN,1996-01-01,1.36941738476984
CAN,1996-04-01,1.3647362112924233
CAN,1996-07-01,1.3702623322621867
CAN,1996-10-01,1.3507252587991736
CAN,1997-01-01,1.3593592352092332
CAN,1997-04-01,1.38644992784993
CAN,1997-07-01,1.38512270258981
CAN,1997-10-01,1.40907171957672
CAN,1998-01-01,1.4309138791423
CAN,1998-04-01,1.4470510025062666
CAN,1998-07-01,1.5140519328624633
CAN,1998-10-01,1.5419569841269867
CAN,1999-01-01,1.5111867230273768
CAN,1999-04-01,1.4730151370851365
CAN,1999-07-01,1.4856114646190466
CAN,1999-10-01,1.4723361805555566
CAN,2000-01-01,1.4529737230445834
CAN,2000-04-01,1.47992881768182
CAN,2000-07-01,1.4818253343310233
CAN,2000-10-01,1.5256963786359299
CAN,2001-01-01,1.52809866673788
CAN,2001-04-01,1.5412242027353
CAN,2001-07-01,1.5449889515929531
CAN,2001-10-01,1.57930370995191
CAN,2002-01-01,1.5938500684301566
CAN,2002-04-01,1.5539821588160099
CAN,2002-07-01,1.5628998375892766
CAN,2002-10-01,1.5694145065502167
CAN,2003-01-01,1.50904486827482
CAN,2003-04-01,1.3973306178888898
CAN,2003-07-01,1.3794479799411798
CAN,2003-10-01,1.3156079022855767
CAN,2004-01-01,1.3175452707149067
CAN,2004-04-01,1.3588588500158734
CAN,2004-07-01,1.3075466073939432
CAN,2004-10-01,1.2204255102082
CAN,2005-01-01,1.2260236642504834
CAN,2005-04-01,1.2436201503860034
CAN,2005-07-01,1.20339566289209
CAN,2005-10-01,1.17378876871212
CAN,2006-01-01,1.1544556269251
CAN,2006-04-01,1.12238738079328
CAN,2006-07-01,1.12124238299379
CAN,2006-10-01,1.13918623923016
CAN,2007-01-01,1.17158821187154
CAN,2007-04-01,1.0986416590338166
CAN,2007-07-01,1.0453154448210134
CAN,2007-10-01,0.981721565928722
CAN,2008-01-01,1.0049289296363
CAN,2008-04-01,1.0106327644603172
CAN,2008-07-01,1.04246536796537
CAN,2008-10-01,1.21220724637681
CAN,2009-01-01,1.2454454545454534
CAN,2009-04-01,1.1670402597402598
CAN,2009-07-01,1.0971828533785033
CAN,2009-10-01,1.05583433716042
CAN,2010-01-01,1.0407692546583867
CAN,2010-04-01,1.0279278499278535
CAN,2010-07-01,1.0390303030303067
CAN,2010-10-01,1.01320230252839
CAN,2011-01-01,0.9861175983436853
CAN,2011-04-01,0.9678455988455991
CAN,2011-07-01,0.9797599598469157
CAN,2011-10-01,1.0227806637806633
CAN,2012-01-01,1.0009285714285696
CAN,2012-04-01,1.010145617667355
CAN,2012-07-01,0.9949096179183146
CAN,2012-10-01,0.9909711086015434
CAN,2013-01-01,1.0086259489302973
CAN,2013-04-01,1.0234950577200568
CAN,2013-07-01,1.0386554332141267
CAN,2013-10-01,1.0497271629336866
CAN,2014-01-01,1.1032825569358167
CAN,2014-04-01,1.09013759018759
CAN,2014-07-01,1.0888875682288768
CAN,2014-10-01,1.13646804347826
CAN,2015-01-01,1.2402801515151534
CAN,2015-04-01,1.2291999999999998
CAN,2015-07-01,1.3084866522366534
CAN,2015-10-01,1.3351281448020567
CAN,2016-01-01,1.3736898550724632
CAN,2016-04-01,1.2885130591630567
CAN,2016-07-01,1.3044267614028466
CAN,2016-10-01,1.3350069264069233
CAN,2017-01-01,1.32329442687747
CAN,2017-04-01,1.3446716600790534
CAN,2017-07-01,1.25321994478951
CAN,2017-10-01,1.2712158008658
CAN,2018-01-01,1.26488072463768
CAN,2018-04-01,1.2909274672187734
CAN,2018-07-01,1.3069306785243733
CAN,2018-10-01,1.32179312378443
CAN,2019-01-01,1.3297538854382334
CAN,2019-04-01,1.3374881291172598
CAN,2019-07-01,1.3206206976598267
CAN,2019-10-01,1.3199513896731265
CAN,2020-01-01,1.3439644927536234
CAN,2020-04-01,1.38609033189033
CAN,2020-07-01,1.3318872482589867
CAN,2020-10-01,1.3028995074973333
CAN,2021-01-01,1.2665789233954465
CAN,2021-04-01,1.2280338383838398
CAN,2021-07-01,1.2595636363636333
CAN,2021-10-01,1.2599745718050066
CAN,2022-01-01,1.2664365251897867
CAN,2022-04-01,1.2763859307359333
CAN,2022-07-01,1.3061427034318334
CAN,2022-10-01,1.3579455988455968
CAN,2023-01-01,1.35204859025033
CAN,2023-04-01,1.3430636495388668
CAN,2023-07-01,1.3410850931677
CAN,2023-10-01,1.3611703463203468
CAN,2024-01-01,1.34852739820566
CAN,2024-04-01,1.36828597496706
CAN,2024-07-01,1.3637690821256034
CAN,2024-10-01,1.3993572338289735
CAN,2025-01-01,1.4347650138026233
CAN,2025-04-01,1.3840510822510834
CAN,2025-07-01,1.3774572808833667
CAN,2025-10-01,1.3945717391304366
CAN,2026-01-01,1.3713633333333333
CAN,2026-04-01,1.3840945887445901
CAN,2026-07-01,1.41116086956522
CHE,1995-01-01,1.2432227330543466
CHE,1995-04-01,1.1542634248716868
CHE,1995-07-01,1.1804245309350667
CHE,1995-10-01,1.1504109086318166
CHE,1996-01-01,1.1907959688419933
CHE,1996-04-01,1.2438283326222235
CHE,1996-07-01,1.2226475531214633
CHE,1996-10-01,1.28725563837129
CHE,1997-01-01,1.43691145021645
CHE,1997-04-01,1.4447279076479067
CHE,1997-07-01,1.48401674987865
CHE,1997-10-01,1.43441284515637
CHE,1998-01-01,1.4761212121212133
CHE,1998-04-01,1.49210015873016
CHE,1998-07-01,1.46929329631721
CHE,1998-10-01,1.3610995670995667
CHE,1999-01-01,1.4263635869565234
CHE,1999-04-01,1.5144322871572866
CHE,1999-07-01,1.5274719677575765
CHE,1999-10-01,1.5426639869365066
CHE,2000-01-01,1.6280028641461366
CHE,2000-04-01,1.6734838441696966
CHE,2000-07-01,1.7075693167590769
CHE,2000-10-01,1.7427174963544034
CHE,2001-01-01,1.6625032858909101
CHE,2001-04-01,1.7496774145553797
CHE,2001-07-01,1.6902209796534933
CHE,2001-10-01,1.6453881967410335
CHE,2002-01-01,1.6808083170246035
CHE,2002-04-01,1.59270224208801
CHE,2002-07-01,1.4875381771448335
CHE,2002-10-01,1.46603695195111
CHE,2003-01-01,1.3657824348462466
CHE,2003-04-01,1.335404611501443
CHE,2003-07-01,1.3719559079280668
CHE,2003-10-01,1.3061218654577302
CHE,2004-01-01,1.2546901290391634
CHE,2004-04-01,1.2764553451551233
CHE,2004-07-01,1.2567817100606034
CHE,2004-10-01,1.1830437435368266
CHE,2005-01-01,1.18192071311156
CHE,2005-04-01,1.2269358891594535
CHE,2005-07-01,1.2739059371765167
CHE,2005-10-01,1.3009917718802333
CHE,2006-01-01,1.2961512587059965
CHE,2006-04-01,1.2441567312223967
CHE,2006-07-01,1.2373590129282268
CHE,2006-10-01,1.2351498165223667
CHE,2007-01-01,1.2328593114211468
CHE,2007-04-01,1.2225725912353367
CHE,2007-07-01,1.1986718829085634
CHE,2007-10-01,1.14538318997793
CHE,2008-01-01,1.06829131310835
CHE,2008-04-01,1.0321524448181834
CHE,2008-07-01,1.07373850304285
CHE,2008-10-01,1.16033768115942
CHE,2009-01-01,1.1498545454545466
CHE,2009-04-01,1.1114069264069233
CHE,2009-07-01,1.0617952820126733
CHE,2009-10-01,1.0213389798607166
CHE,2010-01-01,1.0570363354037267
CHE,2010-04-01,1.1086608946608933
CHE,2010-07-01,1.0312121212121201
CHE,2010-10-01,0.973926846100759
CHE,2011-01-01,0.9415074879227053
CHE,2011-04-01,0.8700577200577199
CHE,2011-07-01,0.8251416023589937
CHE,2011-10-01,0.9121522366522367
CHE,2012-01-01,0.920890331890332
CHE,2012-04-01,0.936559696342305
CHE,2012-07-01,0.9619352437417653
CHE,2012-10-01,0.9305348829914046
CHE,2013-01-01,0.9303653899240855
CHE,2013-04-01,0.9424777922077924
CHE,2013-07-01,0.9319968128489866
CHE,2013-10-01,0.903225974025974
CHE,2014-01-01,0.8929399206349206
CHE,2014-04-01,0.8888533910533912
CHE,2014-07-01,0.914034117573248
CHE,2014-10-01,0.9643614492753624
CHE,2015-01-01,0.952415303030303
CHE,2015-04-01,0.9418404761904764
CHE,2015-07-01,0.9642443064182192
CHE,2015-10-01,0.990868511198946
CHE,2016-01-01,0.9939097998619729
CHE,2016-04-01,0.9703903318903321
CHE,2016-07-01,0.9755797760210804
CHE,2016-10-01,1.0006189033189046
CHE,2017-01-01,1.0041657509881434
CHE,2017-04-01,0.9853740645586301
CHE,2017-07-01,0.9626165631469976
CHE,2017-10-01,0.9868296536796537
CHE,2018-01-01,0.9473629117259553
CHE,2018-04-01,0.9847195307108354
CHE,2018-07-01,0.9838094268774703
CHE,2018-10-01,0.995724367902629
CHE,2019-01-01,0.9970260835058656
CHE,2019-04-01,1.0023012779973632
CHE,2019-07-01,0.9857186805947674
CHE,2019-10-01,0.990076482213439
CHE,2020-01-01,0.9677254677206854
CHE,2020-04-01,0.9643959595959594
CHE,2020-07-01,0.9197173379760337
CHE,2020-10-01,0.9041517065060543
CHE,2021-01-01,0.904386166321601
CHE,2021-04-01,0.9113733766233767
CHE,2021-07-01,0.9182121212121209
CHE,2021-10-01,0.9221325898738945
CHE,2022-01-01,0.9236949999999999
CHE,2022-04-01,0.9638953102453099
CHE,2022-07-01,0.9664936915741263
CHE,2022-10-01,0.9645434343434344
CHE,2023-01-01,0.9246489064558627
CHE,2023-04-01,0.8988901910408433
CHE,2023-07-01,0.8835013802622497
CHE,2023-10-01,0.8869083694083694
CHE,2024-01-01,0.8742522429261558
CHE,2024-04-01,0.9042516798418974
CHE,2024-07-01,0.8660204153334586
CHE,2024-10-01,0.877660028860029
CHE,2025-01-01,0.8987812836438923
CHE,2025-04-01,0.8260948773448774
CHE,2025-07-01,0.8003989397076353
CHE,2025-10-01,0.799315072463768
CHE,2026-01-01,0.7832695454545453
CHE,2026-04-01,0.7904927849927853
CHE,2026-07-01,0.810008695652174
CHL,1995-01-01,409.45835770751
CHL,1995-04-01,381.83898682476934
CHL,1995-07-01,386.6159489302966
CHL,1995-10-01,409.3372366522367
CHL,1996-01-01,410.32775017253266
CHL,1996-04-01,408.2392266139657
CHL,1996-07-01,411.19648346822265
CHL,1996-10-01,419.39009755944534
CHL,1997-01-01,418.04909213250534
CHL,1997-04-01,417.88720057720064
CHL,1997-07-01,415.39032216575697
CHL,1997-10-01,425.87249999999995
CHL,1998-01-01,451.2780606060607
CHL,1998-04-01,454.48395382395364
CHL,1998-07-01,468.754908087082
CHL,1998-10-01,466.49132567915166
CHL,1999-01-01,487.17444133885436
CHL,1999-04-01,489.9959090909094
CHL,1999-07-01,518.0315151515154
CHL,1999-10-01,539.8374195369851
CHL,2000-01-01,512.55966873706
CHL,2000-04-01,519.8445757575756
CHL,2000-07-01,553.007867494824
CHL,2000-10-01,572.1398268398267
CHL,2001-01-01,574.0330856389986
CHL,2001-04-01,606.1751759834369
CHL,2001-07-01,670.0767523056653
CHL,2001-10-01,689.0640934186587
CHL,2002-01-01,669.6516666666666
CHL,2002-04-01,659.4414861660076
CHL,2002-07-01,708.4653525942657
CHL,2002-10-01,718.4569803626327
CHL,2003-01-01,736.8451763285024
CHL,2003-04-01,710.399588744589
CHL,2003-07-01,693.2253830227743
CHL,2003-10-01,624.724652173913
CHL,2004-01-01,587.677118577075
CHL,2004-04-01,628.9762481962483
CHL,2004-07-01,628.2710606060604
CHL,2004-10-01,593.403216011042
CHL,2005-01-01,578.0277977915804
CHL,2005-04-01,581.3928138528137
CHL,2005-07-01,552.8775425058034
CHL,2005-10-01,526.5230880230883
CHL,2006-01-01,526.3368451910407
CHL,2006-04-01,526.745708168643
CHL,2006-07-01,539.3228640441683
CHL,2006-10-01,528.7056565656563
CHL,2007-01-01,540.3923932806323
CHL,2007-04-01,526.9448585231193
CHL,2007-07-01,519.5146192358367
CHL,2007-10-01,502.06099378882
CHL,2008-01-01,463.685168831169
CHL,2008-04-01,471.18184704184705
CHL,2008-07-01,516.584384057971
CHL,2008-10-01,642.7182101449276
CHL,2009-01-01,606.4268939393941
CHL,2009-04-01,566.065836940837
CHL,2009-07-01,545.4635187276493
CHL,2009-10-01,517.8121086642824
CHL,2010-01-01,518.9338716356107
CHL,2010-04-01,530.204797979798
CHL,2010-07-01,510.54545454545433
CHL,2010-10-01,480.2422783738
CHL,2011-01-01,481.4473050379573
CHL,2011-04-01,469.0304473304477
CHL,2011-07-01,471.63078925905035
CHL,2011-10-01,511.5748917748917
CHL,2012-01-01,488.742712842713
CHL,2012-04-01,496.01901311249134
CHL,2012-07-01,481.8007476943347
CHL,2012-10-01,477.37242079176866
CHL,2013-01-01,471.95932643202195
CHL,2013-04-01,485.39942640692635
CHL,2013-07-01,506.92170462387867
CHL,2013-10-01,516.8459937888197
CHL,2014-01-01,552.1234992784994
CHL,2014-04-01,554.408366955267
CHL,2014-07-01,577.7731026130873
CHL,2014-10-01,598.239247173913
CHL,2015-01-01,624.4121653030303
CHL,2015-04-01,617.8780388167389
CHL,2015-07-01,677.2092120208296
CHL,2015-10-01,697.7897274578082
CHL,2016-01-01,701.6737913043477
CHL,2016-04-01,677.5369752525254
CHL,2016-07-01,661.401260872702
CHL,2016-10-01,665.5499694805197
CHL,2017-01-01,655.287992516469
CHL,2017-04-01,663.7629906258234
CHL,2017-07-01,642.3747396825396
CHL,2017-10-01,633.281567171717
CHL,2018-01-01,601.9941559749669
CHL,2018-04-01,621.9054868875087
CHL,2018-07-01,663.5253153886694
CHL,2018-10-01,680.1592988957904
CHL,2019-01-01,666.9585813492063
CHL,2019-04-01,683.8282019499344
CHL,2019-07-01,706.7118206662904
CHL,2019-10-01,755.7316919662463
CHL,2020-01-01,804.0742779314887
CHL,2020-04-01,822.6627285714286
CHL,2020-07-01,779.9237376686114
CHL,2020-10-01,760.200096423866
CHL,2021-01-01,724.0842481400967
CHL,2021-04-01,716.6117614718618
CHL,2021-07-01,772.7385712121213
CHL,2021-10-01,825.8439729625446
CHL,2022-01-01,808.3764524292616
CHL,2022-04-01,844.8408906926406
CHL,2022-07-01,926.1014252807577
CHL,2022-10-01,913.6963018037519
CHL,2023-01-01,811.270744400527
CHL,2023-04-01,801.2794279051383
CHL,2023-07-01,852.722004416839
CHL,2023-10-01,895.3634744588744
CHL,2024-01-01,948.5436191166324
CHL,2024-04-01,934.4885408629776
CHL,2024-07-01,929.8637668611583
CHL,2024-10-01,964.9332138183073
CHL,2025-01-01,962.426357139408
CHL,2025-04-01,946.9031097402598
CHL,2025-07-01,959.7241961478136
CHL,2025-10-01,933.80362
CHL,2026-01-01,886.0480768181816
CHL,2026-04-01,900.2671176767676
CHL,2026-07-01,931.3202
CHN,1995-01-01,8.4547882262373
CHN,1995-04-01,8.366570085465154
CHN,1995-07-01,8.3278195989
CHN,1995-10-01,8.33460189883016
CHN,1996-01-01,8.340564338735717
CHN,1996-04-01,8.347224508604546
CHN,1996-07-01,8.33765491866818
CHN,1996-10-01,8.32943787640518
CHN,1997-01-01,8.3248203225213
CHN,1997-04-01,8.323627575165224
CHN,1997-07-01,8.317310898749058
CHN,1997-10-01,8.311427066754213
CHN,1998-01-01,8.300137523444157
CHN,1998-04-01,8.279226181255197
CHN,1998-07-01,8.279543427680627
CHN,1998-10-01,8.277796708784992
CHN,1999-01-01,8.27873021550797
CHN,1999-04-01,8.278491521954978
CHN,1999-07-01,8.277427312045454
CHN,1999-10-01,8.277709461380953
CHN,2000-01-01,8.278636521121909
CHN,2000-04-01,8.278233959362451
CHN,2000-07-01,8.279132161029333
CHN,2000-10-01,8.277720090063637
CHN,2001-01-01,8.277407527584847
CHN,2001-04-01,8.277017734176086
CHN,2001-07-01,8.276880802168577
CHN,2001-10-01,8.27940915994386
CHN,2002-01-01,8.276792309190546
CHN,2002-04-01,8.277135830899608
CHN,2002-07-01,8.27660008574829
CHN,2002-10-01,8.277973171355923
CHN,2003-01-01,8.277899956895597
CHN,2003-04-01,8.278064223681817
CHN,2003-07-01,8.278100014
CHN,2003-10-01,8.278045034649999
CHN,2004-01-01,8.27808551537681
CHN,2004-04-01,8.278060322968253
CHN,2004-07-01,8.277972770681819
CHN,2004-10-01,8.278575358405796
CHN,2005-01-01,8.277534115914493
CHN,2005-04-01,8.27645051879726
CHN,2005-07-01,8.140784770934593
CHN,2005-10-01,8.081877664382397
CHN,2006-01-01,8.050176286252567
CHN,2006-04-01,8.011373964894663
CHN,2006-07-01,7.965574195519667
CHN,2006-10-01,7.862549775505049
CHN,2007-01-01,7.759465148017917
CHN,2007-04-01,7.6800345173719835
CHN,2007-07-01,7.55847500523004
CHN,2007-10-01,7.431525348190316
CHN,2008-01-01,7.160965526208417
CHN,2008-04-01,6.956847737554834
CHN,2008-07-01,6.8421250258809865
CHN,2008-10-01,6.84090485818768
CHN,2009-01-01,6.83619240645303
CHN,2009-04-01,6.829313715203464
CHN,2009-07-01,6.83059982449479
CHN,2009-10-01,6.827025990703624
CHN,2010-01-01,6.827433932486854
CHN,2010-04-01,6.824054126998557
CHN,2010-07-01,6.7683939499697
CHN,2010-10-01,6.6559666472077295
CHN,2011-01-01,6.579466366109902
CHN,2011-04-01,6.49881385967316
CHN,2011-07-01,6.416654797555654
CHN,2011-10-01,6.35774314120707
CHN,2012-01-01,6.30961907996248
CHN,2012-04-01,6.3313740200565904
CHN,2012-07-01,6.35048264325448
CHN,2012-10-01,6.2434842163297235
CHN,2013-01-01,6.2233549015371965
CHN,2013-04-01,6.152798668934056
CHN,2013-07-01,6.1244616830933865
CHN,2013-10-01,6.089428148641919
CHN,2014-01-01,6.100671970280231
CHN,2014-04-01,6.2300665378658
CHN,2014-07-01,6.1629795681088195
CHN,2014-10-01,6.146639573644927
CHN,2015-01-01,6.236121837928789
CHN,2015-04-01,6.20316831650072
CHN,2015-07-01,6.305071447059383
CHN,2015-10-01,6.391435250425623
CHN,2016-01-01,6.5415750992098
CHN,2016-04-01,6.533740995569263
CHN,2016-07-01,6.667272860064339
CHN,2016-10-01,6.836348296628427
CHN,2017-01-01,6.8919169663494735
CHN,2017-04-01,6.863802582487087
CHN,2017-07-01,6.6730354382332635
CHN,2017-10-01,6.614717063492063
CHN,2018-01-01,6.359501024374176
CHN,2018-04-01,6.38079451345756
CHN,2018-07-01,6.80785671607378
CHN,2018-10-01,6.916419922830793
CHN,2019-01-01,6.74942363699103
CHN,2019-04-01,6.825212605401844
CHN,2019-07-01,7.021117596775203
CHN,2019-10-01,7.0469243882928625
CHN,2020-01-01,6.984174693675887
CHN,2020-04-01,7.087898196248194
CHN,2020-07-01,6.917246811280504
CHN,2020-10-01,6.624579374490243
CHN,2021-01-01,6.482161069703243
CHN,2021-04-01,6.459041738816739
CHN,2021-07-01,6.470653787878786
CHN,2021-10-01,6.39387491843905
CHN,2022-01-01,6.34850682194617
CHN,2022-04-01,6.60962831890332
CHN,2022-07-01,6.853444739318654
CHN,2022-10-01,7.114948124098123
CHN,2023-01-01,6.845135912384717
CHN,2023-04-01,7.017443955862976
CHN,2023-07-01,7.248631918564527
CHN,2023-10-01,7.227709920634919
CHN,2024-01-01,7.1924354037267095
CHN,2024-04-01,7.2449286231884065
CHN,2024-07-01,7.165817254846604
CHN,2024-10-01,7.197925600727777
CHN,2025-01-01,7.279433343685301
CHN,2025-04-01,7.234238528138526
CHN,2025-07-01,7.160070112616854
CHN,2025-10-01,7.093469057971014
CHN,2026-01-01,6.927494621212119
CHN,2026-04-01,6.8082927849927835
CHN,2026-07-01,6.77867391304348
COL,1995-01-01,854.2803998682476
COL,1995-04-01,874.7468544137023
COL,1995-07-01,930.5444237405108
COL,1995-10-01,990.9440836940834
COL,1996-01-01,1028.1052864044166
COL,1996-04-01,1062.86694466403
COL,1996-07-01,1050.1133145115734
COL,1996-10-01,1005.0268269653056
COL,1997-01-01,1053.9183695652166
COL,1997-04-01,1072.5156565656569
COL,1997-07-01,1152.19438107786
COL,1997-10-01,1284.2616449275367
COL,1998-01-01,1341.63590909091
COL,1998-04-01,1377.18901875902
COL,1998-07-01,1427.17530177552
COL,1998-10-01,1557.9502716607067
COL,1999-01-01,1561.3767857142866
COL,1999-04-01,1634.6043290043265
COL,1999-07-01,1889.4783333333335
COL,1999-10-01,1937.7077059413998
COL,2000-01-01,1943.0700897170434
COL,2000-04-01,2053.8111587615263
COL,2000-07-01,2187.0762249827467
COL,2000-10-01,2166.3902886002866
COL,2001-01-01,2254.447606719367
COL,2001-04-01,2324.60988957902
COL,2001-07-01,2306.9963603425535
COL,2001-10-01,2312.31998588368
COL,2002-01-01,2281.0697874396133
COL,2002-04-01,2310.5823333333333
COL,2002-07-01,2634.0968573938135
COL,2002-10-01,2791.51914549219
COL,2003-01-01,2939.5095969634235
COL,2003-04-01,2870.9748268398266
COL,2003-07-01,2855.6173806386832
COL,2003-10-01,2842.9339999999997
COL,2004-01-01,2713.12739657444
COL,2004-04-01,2693.39567821068
COL,2004-07-01,2601.7365151515164
COL,2004-10-01,2508.626252274297
COL,2005-01-01,2353.4020710835066
COL,2005-04-01,2340.2266522366535
COL,2005-07-01,2307.9125478386336
COL,2005-10-01,2283.7808946608934
COL,2006-01-01,2264.0811370223964
COL,2006-04-01,2432.9883036890633
COL,2006-07-01,2434.3654589371968
COL,2006-10-01,2304.994040404043
COL,2007-01-01,2221.96402700922
COL,2007-04-01,2027.15690821256
COL,2007-07-01,2041.3848952569167
COL,2007-10-01,2020.4463106217465
COL,2008-01-01,1909.7474603174599
COL,2008-04-01,1765.4936796536801
COL,2008-07-01,1897.432867494823
COL,2008-10-01,2291.86445652174
COL,2009-01-01,2411.8802878787865
COL,2009-04-01,2234.0459740259766
COL,2009-07-01,2016.4129220779232
COL,2009-10-01,1964.9966676077531
COL,2010-01-01,1947.58638888889
COL,2010-04-01,1949.9822005772
COL,2010-07-01,1833.5687878787867
COL,2010-10-01,1868.03472457494
COL,2011-01-01,1876.67629227053
COL,2011-04-01,1796.8418037518068
COL,2011-07-01,1796.63893782546
COL,2011-10-01,1921.6144588744635
COL,2012-01-01,1800.6174747474734
COL,2012-04-01,1786.2257971014499
COL,2012-07-01,1798.3479519104067
COL,2012-10-01,1805.5585209235198
COL,2013-01-01,1792.5585741890966
COL,2013-04-01,1864.667045454543
COL,2013-07-01,1907.4995504736798
COL,2013-10-01,1913.8800621118
COL,2014-01-01,2007.92127128427
COL,2014-04-01,1912.9832828282833
COL,2014-07-01,1911.3100523872265
COL,2014-10-01,2178.0178333333333
COL,2015-01-01,2472.2092272727264
COL,2015-04-01,2499.5828823953834
COL,2015-07-01,2948.3865698914633
COL,2015-10-01,3057.859233483907
COL,2016-01-01,3255.8575017253265
COL,2016-04-01,2993.2557575757564
COL,2016-07-01,2949.0493795093803
COL,2016-10-01,3017.36821789322
COL,2017-01-01,2921.539734519103
COL,2017-04-01,2921.04874637681
COL,2017-07-01,2974.417946859903
COL,2017-10-01,2988.1461507936497
COL,2018-01-01,2856.46920652174
COL,2018-04-01,2840.6279606625235
COL,2018-07-01,2961.421768115943
COL,2018-10-01,3169.069818213187
COL,2019-01-01,3134.9214044168402
COL,2019-04-01,3240.4628250988135
COL,2019-07-01,3345.181156597027
COL,2019-10-01,3403.6960115126435
COL,2020-01-01,3548.4337974308296
COL,2020-04-01,3842.820111832613
COL,2020-07-01,3735.015119518163
COL,2020-10-01,3656.1769833427466
COL,2021-01-01,3555.0692030710834
COL,2021-04-01,3693.1954004329
COL,2021-07-01,3847.24765151515
COL,2021-10-01,3881.76197204969
COL,2022-01-01,3912.3130315734966
COL,2022-04-01,3922.1926313131335
COL,2022-07-01,4386.359712403537
COL,2022-10-01,4813.57229148629
COL,2023-01-01,4765.549551054017
COL,2023-04-01,4424.011926284584
COL,2023-07-01,4046.56667425811
COL,2023-10-01,4070.6391955266936
COL,2024-01-01,3917.901024844717
COL,2024-04-01,3932.9532757575766
COL,2024-07-01,4100.092538459124
COL,2024-10-01,4354.9295095990965
COL,2025-01-01,4187.221068461006
COL,2025-04-01,4199.893863636364
COL,2025-07-01,4005.228813005833
COL,2025-10-01,3816.7092717391333
COL,2026-01-01,3695.485424242423
COL,2026-04-01,3609.352929292927
COL,2026-07-01,3259.16
CRI,1995-01-01,168.032381422925
CRI,1995-04-01,175.44124110671933
CRI,1995-07-01,182.87503105590065
CRI,1995-10-01,189.70712121212134
CRI,1996-01-01,196.9892512077297
CRI,1996-04-01,204.04660013175234
CRI,1996-07-01,210.26280114812698
CRI,1996-10-01,216.73751035196668
CRI,1997-01-01,222.029647515528
CRI,1997-04-01,229.22287878787867
CRI,1997-07-01,235.42994118200633
CRI,1997-10-01,241.21944565217368
CRI,1998-01-01,246.665
CRI,1998-04-01,252.96543917748932
CRI,1998-07-01,260.09867284334035
CRI,1998-10-01,266.5588449118517
CRI,1999-01-01,273.23732167701866
CRI,1999-04-01,281.837073953824
CRI,1999-07-01,287.08682424242403
CRI,1999-10-01,294.4765468285337
CRI,2000-01-01,299.6800878536923
CRI,2000-04-01,305.07033255599464
CRI,2000-07-01,309.35185831607964
CRI,2000-10-01,315.3261891053393
CRI,2001-01-01,320.26812184453235
CRI,2001-04-01,325.09386452726
CRI,2001-07-01,330.789542826087
CRI,2001-10-01,337.7342202051573
CRI,2002-01-01,345.65294020358897
CRI,2002-04-01,354.57177202239797
CRI,2002-07-01,363.942168501788
CRI,2002-10-01,373.75188489867634
CRI,2003-01-01,383.4541087060043
CRI,2003-04-01,393.20035743145735
CRI,2003-07-01,403.3341189817427
CRI,2003-10-01,413.55764659420305
CRI,2004-01-01,422.90777806324104
CRI,2004-04-01,432.45563744588736
CRI,2004-07-01,442.40762121212134
CRI,2004-10-01,453.0631844061733
CRI,2005-01-01,463.4727966597654
CRI,2005-04-01,473.12908968253964
CRI,2005-07-01,482.7933212466276
CRI,2005-10-01,492.1853187590187
CRI,2006-01-01,501.21532935441365
CRI,2006-04-01,509.3472653886693
CRI,2006-07-01,517.537029330573
CRI,2006-10-01,518.079775829726
CRI,2007-01-01,519.5877478260869
CRI,2007-04-01,519.5205743271221
CRI,2007-07-01,519.2172137747034
CRI,2007-10-01,510.6364688060733
CRI,2008-01-01,495.3301740510694
CRI,2008-04-01,508.23753881673866
CRI,2008-07-01,549.3338042694023
CRI,2008-10-01,553.2132199275363
CRI,2009-01-01,559.7360974242428
CRI,2009-04-01,570.2903676046177
CRI,2009-07-01,583.291830701424
CRI,2009-10-01,568.9169820471799
CRI,2010-01-01,547.7416946721877
CRI,2010-04-01,521.9793823232322
CRI,2010-07-01,511.8969500000003
CRI,2010-10-01,505.9375218112803
CRI,2011-01-01,499.640105541753
CRI,2011-04-01,499.0524503607503
CRI,2011-07-01,504.66583443126905
CRI,2011-10-01,506.21023989899004
CRI,2012-01-01,509.0315778499277
CRI,2012-04-01,503.407122153209
CRI,2012-07-01,499.91629117259566
CRI,2012-10-01,500.17393077043766
CRI,2013-01-01,499.880993664596
CRI,2013-04-01,499.941104967062
CRI,2013-07-01,503.4353872200263
CRI,2013-10-01,500.5655868906453
CRI,2014-01-01,518.468110821256
CRI,2014-04-01,551.2665972582973
CRI,2014-07-01,540.4792635202961
CRI,2014-10-01,538.6593652173914
CRI,2015-01-01,537.9265006060607
CRI,2015-04-01,532.9690645743146
CRI,2015-07-01,534.1982101355167
CRI,2015-10-01,533.2569430861407
CRI,2016-01-01,535.1400276742584
CRI,2016-04-01,538.3033655122654
CRI,2016-07-01,549.829500075287
CRI,2016-10-01,552.5653018037516
CRI,2017-01-01,557.3732569104083
CRI,2017-04-01,567.4257185177867
CRI,2017-07-01,576.192744720497
CRI,2017-10-01,570.1323077922076
CRI,2018-01-01,570.067063115942
CRI,2018-04-01,566.382315873016
CRI,2018-07-01,571.6895201844533
CRI,2018-10-01,600.6119315076227
CRI,2019-01-01,605.5208486818497
CRI,2019-04-01,592.4146420421606
CRI,2019-07-01,574.7407657098939
CRI,2019-10-01,575.4138217705004
CRI,2020-01-01,569.484194433465
CRI,2020-04-01,571.893317243867
CRI,2020-07-01,591.3329381705249
CRI,2020-10-01,606.0074623439364
CRI,2021-01-01,611.7834459903384
CRI,2021-04-01,616.5021924963927
CRI,2021-07-01,621.890312121212
CRI,2021-10-01,635.2252661333837
CRI,2022-01-01,642.6435901345753
CRI,2022-04-01,670.9029686147187
CRI,2022-07-01,658.003926755129
CRI,2022-10-01,607.5095662337659
CRI,2023-01-01,561.0970852503293
CRI,2023-04-01,538.0611986561263
CRI,2023-07-01,538.1064636300897
CRI,2023-10-01,529.1693995670993
CRI,2024-01-01,513.3725456866804
CRI,2024-04-01,514.7831240645584
CRI,2024-07-01,524.1364323012737
CRI,2024-10-01,510.819682404793
CRI,2025-01-01,504.45519608005526
CRI,2025-04-01,506.56180995671
CRI,2025-07-01,504.88111174164004
CRI,2025-10-01,499.5075236231883
CRI,2026-01-01,483.206121969697
CRI,2026-04-01,456.78870656565635
CRI,2026-07-01,454.691126086957
CZE,1995-01-01,27.127130468671936
CZE,1995-04-01,26.076321968196268
CZE,1995-07-01,26.52556919734663
CZE,1995-10-01,26.431375448700134
CZE,1996-01-01,27.0998607419625
CZE,1996-04-01,27.671216621753967
CZE,1996-07-01,26.737642211859598
CZE,1996-10-01,27.08683333333333
CZE,1997-01-01,28.311652236652236
CZE,1997-04-01,31.10598412698413
CZE,1997-07-01,33.7994851621808
CZE,1997-10-01,33.601385202135766
CZE,1998-01-01,34.61933477633477
CZE,1998-04-01,33.20172727272726
CZE,1998-07-01,31.603157663592466
CZE,1998-10-01,29.6987445887446
CZE,1999-01-01,33.0745634057971
CZE,1999-04-01,35.5574090909091
CZE,1999-07-01,34.73575757575757
CZE,1999-10-01,34.985714285714266
CZE,2000-01-01,36.226336783988934
CZE,2000-04-01,38.8947740447958
CZE,2000-07-01,39.20790407177363
CZE,2000-10-01,40.217378787878765
CZE,2001-01-01,37.67189393939393
CZE,2001-04-01,39.2557739820566
CZE,2001-07-01,38.199829380764164
CZE,2001-10-01,36.986013028839096
CZE,2002-01-01,36.1803246753247
CZE,2002-04-01,33.16023320158103
CZE,2002-07-01,30.73271911663217
CZE,2002-10-01,30.857939413751765
CZE,2003-01-01,29.476531746031736
CZE,2003-04-01,27.762669552669564
CZE,2003-07-01,28.586924838446603
CZE,2003-10-01,27.006944099378867
CZE,2004-01-01,26.24428329882677
CZE,2004-04-01,26.5940331890332
CZE,2004-07-01,25.86136363636363
CZE,2004-10-01,24.078631030804967
CZE,2005-01-01,22.90420841959973
CZE,2005-04-01,23.925981240981233
CZE,2005-07-01,24.34363385406863
CZE,2005-10-01,24.644374458874466
CZE,2006-01-01,23.771841304347834
CZE,2006-04-01,22.594894005270096
CZE,2006-07-01,22.244091787439633
CZE,2006-10-01,21.7291984126984
CZE,2007-01-01,21.3913637022398
CZE,2007-04-01,20.965911663216033
CZE,2007-07-01,20.313815744400532
CZE,2007-10-01,18.484771870882735
CZE,2008-01-01,17.057656314699766
CZE,2008-04-01,15.892082972583
CZE,2008-07-01,16.071758077671166
CZE,2008-10-01,19.289976086956532
CZE,2009-01-01,21.228096969696967
CZE,2009-04-01,19.546108225108267
CZE,2009-07-01,17.876793870380798
CZE,2009-10-01,17.550741012610565
CZE,2010-01-01,18.678523464458234
CZE,2010-04-01,20.126246753246765
CZE,2010-07-01,19.262893939393933
CZE,2010-10-01,18.250362224731802
CZE,2011-01-01,17.806725258799165
CZE,2011-04-01,16.8763499278499
CZE,2011-07-01,17.2590053955706
CZE,2011-10-01,18.746824675324667
CZE,2012-01-01,19.103614718614732
CZE,2012-04-01,19.669316080055236
CZE,2012-07-01,20.0127233201581
CZE,2012-10-01,19.3675617667357
CZE,2013-01-01,19.3459868184955
CZE,2013-04-01,19.756902164502165
CZE,2013-07-01,19.519041188280333
CZE,2013-10-01,19.619980519480535
CZE,2014-01-01,20.031536093857834
CZE,2014-04-01,20.015585137085136
CZE,2014-07-01,20.8542034318339
CZE,2014-10-01,22.12976811594203
CZE,2015-01-01,24.51733333333333
CZE,2015-04-01,24.784497835497802
CZE,2015-07-01,24.349505113244266
CZE,2015-10-01,24.720587427065666
CZE,2016-01-01,24.542654934437564
CZE,2016-04-01,23.943560606060633
CZE,2016-07-01,24.209677802873433
CZE,2016-10-01,25.06650577200577
CZE,2017-01-01,25.379562779973636
CZE,2017-04-01,24.160310935441363
CZE,2017-07-01,22.21766114561767
CZE,2017-10-01,21.784344155844167
CZE,2018-01-01,20.6694509881423
CZE,2018-04-01,21.472715665976498
CZE,2018-07-01,22.113919038208167
CZE,2018-10-01,22.6631388732041
CZE,2019-01-01,22.61679309868873
CZE,2019-04-01,22.849338801054035
CZE,2019-07-01,23.1561203024029
CZE,2019-10-01,23.102260806826035
CZE,2020-01-01,23.242777733860333
CZE,2020-04-01,24.596172438672436
CZE,2020-07-01,22.649096681096697
CZE,2020-10-01,22.361789917811667
CZE,2021-01-01,21.621619254658402
CZE,2021-04-01,21.2899033189033
CZE,2021-07-01,21.6320303030303
CZE,2021-10-01,22.18533891712153
CZE,2022-01-01,21.9589930641822
CZE,2022-04-01,23.12623593073593
CZE,2022-07-01,24.39499494949497
CZE,2022-10-01,23.922068542568535
CZE,2023-01-01,22.16805579710143
CZE,2023-04-01,21.646811330698267
CZE,2023-07-01,22.1782601794341
CZE,2023-10-01,22.794540404040433
CZE,2024-01-01,23.098025534851633
CZE,2024-04-01,23.186407048748368
CZE,2024-07-01,22.93280023840893
CZE,2024-10-01,23.67046982244807
CZE,2025-01-01,23.839839889579036
CZE,2025-04-01,21.977719336219334
CZE,2025-07-01,20.973344500909732
CZE,2025-10-01,20.859079710144936
CZE,2026-01-01,20.779700000000002
CZE,2026-04-01,20.9046767676768
CZE,2026-07-01,21.2003913043478
DEU,1995-01-01,0.7565926827314576
DEU,1995-04-01,0.7138657245261603
DEU,1995-07-01,0.7323063183746372
DEU,1995-10-01,0.7279944235098824
DEU,1996-01-01,0.7508321275366469
DEU,1996-04-01,0.7781351139925249
DEU,1996-07-01,0.7658470657811091
DEU,1996-10-01,0.7825322241708124
DEU,1997-01-01,0.8478071543368629
DEU,1997-04-01,0.8758941216772419
DEU,1997-07-01,0.9245179795790023
DEU,1997-10-01,0.8984080075125821
DEU,1998-01-01,0.929937673519682
DEU,1998-04-01,0.9170872042389506
DEU,1998-07-01,0.9014587157370529
DEU,1998-10-01,0.8497330204227023
DEU,1999-01-01,0.8908650354333334
DEU,1999-04-01,0.9462974242666666
DEU,1999-07-01,0.9535907950333332
DEU,1999-10-01,0.9634983377666666
DEU,2000-01-01,1.0128999099666667
DEU,2000-04-01,1.0707995252666667
DEU,2000-07-01,1.1065821814
DEU,2000-10-01,1.1501026639333334
DEU,2001-01-01,1.0838351025666668
DEU,2001-04-01,1.1444160384
DEU,2001-07-01,1.121785947
DEU,2001-10-01,1.1164872653666666
DEU,2002-01-01,1.1407329854666666
DEU,2002-04-01,1.0874121115
DEU,2002-07-01,1.0165822042666666
DEU,2002-10-01,0.9995332300666666
DEU,2003-01-01,0.9315119056
DEU,2003-04-01,0.8803657411666667
DEU,2003-07-01,0.8883700632666667
DEU,2003-10-01,0.8404051568666667
DEU,2004-01-01,0.7999041188000001
DEU,2004-04-01,0.8297059866000001
DEU,2004-07-01,0.8178773148333334
DEU,2004-10-01,0.7719609567000001
DEU,2005-01-01,0.7630914823666667
DEU,2005-04-01,0.7945898260333334
DEU,2005-07-01,0.8200075984333334
DEU,2005-10-01,0.8407887535
DEU,2006-01-01,0.8313259251333333
DEU,2006-04-01,0.7956177087666667
DEU,2006-07-01,0.7845937593333333
DEU,2006-10-01,0.7752514898
DEU,2007-01-01,0.7627094231
DEU,2007-04-01,0.7417964550999999
DEU,2007-07-01,0.7273385733333333
DEU,2007-10-01,0.6900972570333334
DEU,2008-01-01,0.6674643105000001
DEU,2008-04-01,0.6401810566666667
DEU,2008-07-01,0.6668847167333333
DEU,2008-10-01,0.7613992753666666
DEU,2009-01-01,0.7686045454666667
DEU,2009-04-01,0.7343098845666667
DEU,2009-07-01,0.6990935441666667
DEU,2009-10-01,0.6771937198
DEU,2010-01-01,0.7226642857
DEU,2010-04-01,0.7869761904666667
DEU,2010-07-01,0.7737878787666667
DEU,2010-10-01,0.7367457180666667
DEU,2011-01-01,0.7314082470666667
DEU,2011-04-01,0.6947835498
DEU,2011-07-01,0.7082332643
DEU,2011-10-01,0.7422099567
DEU,2012-01-01,0.7625375180333333
DEU,2012-04-01,0.7798164251333333
DEU,2012-07-01,0.7991382740333334
DEU,2012-10-01,0.7705326244
DEU,2013-01-01,0.7578658730000001
DEU,2013-04-01,0.7656910043333333
DEU,2013-07-01,0.7549412729666667
DEU,2013-10-01,0.7346924829
DEU,2014-01-01,0.7296647467333334
DEU,2014-04-01,0.7292575036
DEU,2014-07-01,0.754988834
DEU,2014-10-01,0.8008694782666667
DEU,2015-01-01,0.8883128181999999
DEU,2015-04-01,0.9041201082333333
DEU,2015-07-01,0.8995253356666667
DEU,2015-10-01,0.9138483135666666
DEU,2016-01-01,0.9073307108666667
DEU,2016-04-01,0.8855690548
DEU,2016-07-01,0.8961600216666668
DEU,2016-10-01,0.9280663203333334
DEU,2017-01-01,0.9384762213333334
DEU,2017-04-01,0.9092752852333333
DEU,2017-07-01,0.8514329537666666
DEU,2017-10-01,0.8492442352
DEU,2018-01-01,0.8137506824666666
DEU,2018-04-01,0.8394843822999999
DEU,2018-07-01,0.8595732569333334
DEU,2018-10-01,0.8764896188666667
DEU,2019-01-01,0.8807720627999999
DEU,2019-04-01,0.8897470678333333
DEU,2019-07-01,0.8996656860666666
DEU,2019-10-01,0.9032086680333333
DEU,2020-01-01,0.9078426877333333
DEU,2020-04-01,0.908271645
DEU,2020-07-01,0.8551811459333334
DEU,2020-10-01,0.8388708030333333
DEU,2021-01-01,0.8296439075
DEU,2021-04-01,0.8296618398333333
DEU,2021-07-01,0.848374697
DEU,2021-10-01,0.8745331265999999
DEU,2022-01-01,0.8907364831
DEU,2022-04-01,0.9392376768
DEU,2022-07-01,0.993248951
DEU,2022-10-01,0.9803069841333333
DEU,2023-01-01,0.9321337562666666
DEU,2023-04-01,0.9185379611333334
DEU,2023-07-01,0.9193362111666668
DEU,2023-10-01,0.9293334415666666
DEU,2024-01-01,0.9213149068333334
DEU,2024-04-01,0.9289777437333333
DEU,2024-07-01,0.9099683138666667
DEU,2024-10-01,0.938207141
DEU,2025-01-01,0.9500645928333333
DEU,2025-04-01,0.8813586147
DEU,2025-07-01,0.8557902660333333
DEU,2025-10-01,0.8592611594333333
DEU,2026-01-01,0.8544349091000001
DEU,2026-04-01,0.8597848124030304
DEU,2026-07-01,0.875590869565217
DNK,1995-01-01,5.861634198498827
DNK,1995-04-01,5.4708353096510605
DNK,1995-07-01,5.561500686550033
DNK,1995-10-01,5.520999910674643
DNK,1996-01-01,5.677736864809524
DNK,1996-04-01,5.8712904646
DNK,1996-07-01,5.778398498613714
DNK,1996-10-01,5.865571449275364
DNK,1997-01-01,6.32221466089466
DNK,1997-04-01,6.52754126984127
DNK,1997-07-01,6.881977967563837
DNK,1997-10-01,6.684564157131963
DNK,1998-01-01,6.927831414141413
DNK,1998-04-01,6.831002272727273
DNK,1998-07-01,6.715580130497524
DNK,1998-10-01,6.322879148629146
DNK,1999-01-01,6.62664775362319
DNK,1999-04-01,7.033066089466087
DNK,1999-07-01,7.094405194805197
DNK,1999-10-01,7.165536507936511
DNK,2000-01-01,7.5448307073844
DNK,2000-04-01,7.984078781291174
DNK,2000-07-01,8.245901690821254
DNK,2000-10-01,8.577301060606063
DNK,2001-01-01,8.072017727272728
DNK,2001-04-01,8.541206559696343
DNK,2001-07-01,8.362375480895915
DNK,2001-10-01,8.30765398184746
DNK,2002-01-01,8.47564104739127
DNK,2002-04-01,8.08593847439697
DNK,2002-07-01,7.5503312477385025
DNK,2002-10-01,7.425191069536883
DNK,2003-01-01,6.919627024524387
DNK,2003-04-01,6.537246848709237
DNK,2003-07-01,6.6012322137328825
DNK,2003-10-01,6.249901048552107
DNK,2004-01-01,5.959202543667357
DNK,2004-04-01,6.172521161554837
DNK,2004-07-01,6.082989460469697
DNK,2004-10-01,5.735532247390236
DNK,2005-01-01,5.67984508236173
DNK,2005-04-01,5.917365605883837
DNK,2005-07-01,6.115836460589843
DNK,2005-10-01,6.271323191227993
DNK,2006-01-01,6.2041049160359
DNK,2006-04-01,5.93428844167622
DNK,2006-07-01,5.853516821416147
DNK,2006-10-01,5.780133589130593
DNK,2007-01-01,5.68419084616838
DNK,2007-04-01,5.526407063277433
DNK,2007-07-01,5.415029395613243
DNK,2007-10-01,5.145394220881424
DNK,2008-01-01,4.975131292963421
DNK,2008-04-01,4.77688738507648
DNK,2008-07-01,4.97262359621055
DNK,2008-10-01,5.671145652173913
DNK,2009-01-01,5.727878787878787
DNK,2009-04-01,5.467151226551223
DNK,2009-07-01,5.203194522868436
DNK,2009-10-01,5.039443911161303
DNK,2010-01-01,5.377451828847484
DNK,2010-04-01,5.85484054834055
DNK,2010-07-01,5.76312121212121
DNK,2010-10-01,5.491612460003764
DNK,2011-01-01,5.451189924085576
DNK,2011-04-01,5.179721500721503
DNK,2011-07-01,5.276441238471674
DNK,2011-10-01,5.52035209235209
DNK,2012-01-01,5.668075036075034
DNK,2012-04-01,5.795887508626639
DNK,2012-07-01,5.949170816864293
DNK,2012-10-01,5.746641602358994
DNK,2013-01-01,5.651751345755694
DNK,2013-04-01,5.706932554112552
DNK,2013-07-01,5.631322366522366
DNK,2013-10-01,5.48100845410628
DNK,2014-01-01,5.4476074120082805
DNK,2014-04-01,5.441360317460316
DNK,2014-07-01,5.62585221469352
DNK,2014-10-01,5.960091014492754
DNK,2015-01-01,6.613972272727273
DNK,2015-04-01,6.75880627705628
DNK,2015-07-01,6.712292628144804
DNK,2015-10-01,6.8165628176171635
DNK,2016-01-01,6.770954451345756
DNK,2016-04-01,6.586045454545453
DNK,2016-07-01,6.666797079490557
DNK,2016-10-01,6.89933556998557
DNK,2017-01-01,6.983918353096176
DNK,2017-04-01,6.767892885375493
DNK,2017-07-01,6.335352311939267
DNK,2017-10-01,6.320008802308803
DNK,2018-01-01,6.058128814229249
DNK,2018-04-01,6.246896273291924
DNK,2018-07-01,6.410412648221343
DNK,2018-10-01,6.53871525189786
DNK,2019-01-01,6.5719669737750195
DNK,2019-04-01,6.641744459815546
DNK,2019-07-01,6.71428962607441
DNK,2019-10-01,6.74892014241797
DNK,2020-01-01,6.778701482213436
DNK,2020-04-01,6.779378427128427
DNK,2020-07-01,6.368058513708516
DNK,2020-10-01,6.241888967312879
DNK,2021-01-01,6.168860158730159
DNK,2021-04-01,6.1720193362193365
DNK,2021-07-01,6.308933333333333
DNK,2021-10-01,6.502736090720877
DNK,2022-01-01,6.63011261904762
DNK,2022-04-01,6.985508802308804
DNK,2022-07-01,7.389825305853567
DNK,2022-10-01,7.2967071428571435
DNK,2023-01-01,6.93735167325428
DNK,2023-04-01,6.837924861660077
DNK,2023-07-01,6.849959765355417
DNK,2023-10-01,6.931470923520919
DNK,2024-01-01,6.866883367839893
DNK,2024-04-01,6.929560566534914
DNK,2024-07-01,6.7911742926155965
DNK,2024-10-01,6.993499893343373
DNK,2025-01-01,7.0903566563147
DNK,2025-04-01,6.580986724386723
DNK,2025-07-01,6.390242154463894
DNK,2025-10-01,6.4191149275362305
DNK,2026-01-01,6.382187575757577
DNK,2026-04-01,6.425482323232323
DNK,2026-07-01,6.54717826086957
ESP,1995-01-01,0.7846259100324947
ESP,1995-04-01,0.7396008878952155
ESP,1995-07-01,0.7384759935731773
ESP,1995-10-01,0.7348008045548705
ESP,1996-01-01,0.7435190861410615
ESP,1996-04-01,0.7670288766282422
ESP,1996-07-01,0.760667764515444
ESP,1996-10-01,0.7744944486515292
ESP,1997-01-01,0.8423392993801562
ESP,1997-04-01,0.8701190805316154
ESP,1997-07-01,0.9161796465247476
ESP,1997-10-01,0.8911833527660581
ESP,1998-01-01,0.9265146506717312
ESP,1998-04-01,0.9151677424783337
ESP,1998-07-01,0.8996057360595242
ESP,1998-10-01,0.8498547554081073
ESP,1999-01-01,0.8908650354333334
ESP,1999-04-01,0.9462974242666666
ESP,1999-07-01,0.9535907950333332
ESP,1999-10-01,0.9634983377666666
ESP,2000-01-01,1.0128999099666667
ESP,2000-04-01,1.0707995252666667
ESP,2000-07-01,1.1065821814
ESP,2000-10-01,1.1501026639333334
ESP,2001-01-01,1.0838351025666668
ESP,2001-04-01,1.1444160384
ESP,2001-07-01,1.121785947
ESP,2001-10-01,1.1164872653666666
ESP,2002-01-01,1.1407329854666666
ESP,2002-04-01,1.0874121115
ESP,2002-07-01,1.0165822042666666
ESP,2002-10-01,0.9995332300666666
ESP,2003-01-01,0.9315119056
ESP,2003-04-01,0.8803657411666667
ESP,2003-07-01,0.8883700632666667
ESP,2003-10-01,0.8404051568666667
ESP,2004-01-01,0.7999041188000001
ESP,2004-04-01,0.8297059866000001
ESP,2004-07-01,0.8178773148333334
ESP,2004-10-01,0.7719609567000001
ESP,2005-01-01,0.7630914823666667
ESP,2005-04-01,0.7945898260333334
ESP,2005-07-01,0.8200075984333334
ESP,2005-10-01,0.8407887535
ESP,2006-01-01,0.8313259251333333
ESP,2006-04-01,0.7956177087666667
ESP,2006-07-01,0.7845937593333333
ESP,2006-10-01,0.7752514898
ESP,2007-01-01,0.7627094231
ESP,2007-04-01,0.7417964550999999
ESP,2007-07-01,0.7273385733333333
ESP,2007-10-01,0.6900972570333334
ESP,2008-01-01,0.6674643105000001
ESP,2008-04-01,0.6401810566666667
ESP,2008-07-01,0.6668847167333333
ESP,2008-10-01,0.7613992753666666
ESP,2009-01-01,0.7686045454666667
ESP,2009-04-01,0.7343098845666667
ESP,2009-07-01,0.6990935441666667
ESP,2009-10-01,0.6771937198
ESP,2010-01-01,0.7226642857
ESP,2010-04-01,0.7869761904666667
ESP,2010-07-01,0.7737878787666667
ESP,2010-10-01,0.7367457180666667
ESP,2011-01-01,0.7314082470666667
ESP,2011-04-01,0.6947835498
ESP,2011-07-01,0.7082332643
ESP,2011-10-01,0.7422099567
ESP,2012-01-01,0.7625375180333333
ESP,2012-04-01,0.7798164251333333
ESP,2012-07-01,0.7991382740333334
ESP,2012-10-01,0.7705326244
ESP,2013-01-01,0.7578658730000001
ESP,2013-04-01,0.7656910043333333
ESP,2013-07-01,0.7549412729666667
ESP,2013-10-01,0.7346924829
ESP,2014-01-01,0.7296647467333334
ESP,2014-04-01,0.7292575036
ESP,2014-07-01,0.754988834
ESP,2014-10-01,0.8008694782666667
ESP,2015-01-01,0.8883128181999999
ESP,2015-04-01,0.9041201082333333
ESP,2015-07-01,0.8995253356666667
ESP,2015-10-01,0.9138483135666666
ESP,2016-01-01,0.9073307108666667
ESP,2016-04-01,0.8855690548
ESP,2016-07-01,0.8961600216666668
ESP,2016-10-01,0.9280663203333334
ESP,2017-01-01,0.9384762213333334
ESP,2017-04-01,0.9092752852333333
ESP,2017-07-01,0.8514329537666666
ESP,2017-10-01,0.8492442352
ESP,2018-01-01,0.8137506824666666
ESP,2018-04-01,0.8394843822999999
ESP,2018-07-01,0.8595732569333334
ESP,2018-10-01,0.8764896188666667
ESP,2019-01-01,0.8807720627999999
ESP,2019-04-01,0.8897470678333333
ESP,2019-07-01,0.8996656860666666
ESP,2019-10-01,0.9032086680333333
ESP,2020-01-01,0.9078426877333333
ESP,2020-04-01,0.908271645
ESP,2020-07-01,0.8551811459333334
ESP,2020-10-01,0.8388708030333333
ESP,2021-01-01,0.8296439075
ESP,2021-04-01,0.8296618398333333
ESP,2021-07-01,0.848374697
ESP,2021-10-01,0.8745331265999999
ESP,2022-01-01,0.8907364831
ESP,2022-04-01,0.9392376768
ESP,2022-07-01,0.993248951
ESP,2022-10-01,0.9803069841333333
ESP,2023-01-01,0.9321337562666666
ESP,2023-04-01,0.9185379611333334
ESP,2023-07-01,0.9193362111666668
ESP,2023-10-01,0.9293334415666666
ESP,2024-01-01,0.9213149068333334
ESP,2024-04-01,0.9289777437333333
ESP,2024-07-01,0.9099683138666667
ESP,2024-10-01,0.938207141
ESP,2025-01-01,0.9500645928333333
ESP,2025-04-01,0.8813586147
ESP,2025-07-01,0.8557902660333333
ESP,2025-10-01,0.8592611594333333
ESP,2026-01-01,0.8544349091000001
ESP,2026-04-01,0.8597848124030304
ESP,2026-07-01,0.875590869565217
EST,1995-01-01,0.7569482613333335
EST,1995-04-01,0.713914418
EST,1995-07-01,0.7321079340000001
EST,1995-10-01,0.7279536766666667
EST,1996-01-01,0.750791439
EST,1996-04-01,0.7777195473333333
EST,1996-07-01,0.7655976376666667
EST,1996-10-01,0.7833650759999999
EST,1997-01-01,0.8514948936666666
EST,1997-04-01,0.8757813200000001
EST,1997-07-01,0.9238428793333333
EST,1997-10-01,0.8977030156666667
EST,1998-01-01,0.9300210053333333
EST,1998-04-01,0.9167486866666666
EST,1998-07-01,0.901409891
EST,1998-10-01,0.8499610140000001
EST,1999-01-01,0.890097529
EST,1999-04-01,0.9456197086666668
EST,1999-07-01,0.9537705743333333
EST,1999-10-01,0.9627863776666666
EST,2000-01-01,1.012302992
EST,2000-04-01,1.0700684710000001
EST,2000-07-01,1.1050387943333335
EST,2000-10-01,1.1505630616666667
EST,2001-01-01,1.082855061
EST,2001-04-01,1.1451348323333332
EST,2001-07-01,1.1239182953333333
EST,2001-10-01,1.116302157
EST,2002-01-01,1.1406311916666667
EST,2002-04-01,1.0894741776666665
EST,2002-07-01,1.017002629
EST,2002-10-01,0.9996399643333334
EST,2003-01-01,0.9316635349999999
EST,2003-04-01,0.8803488723333333
EST,2003-07-01,0.8891303326666667
EST,2003-10-01,0.8412008573333334
EST,2004-01-01,0.79946229
EST,2004-04-01,0.8299055386666666
EST,2004-07-01,0.8184227456666666
EST,2004-10-01,0.772225276
EST,2005-01-01,0.7628260026666666
EST,2005-04-01,0.7936931986666668
EST,2005-07-01,0.8197350646666667
EST,2005-10-01,0.8407470846666666
EST,2006-01-01,0.8313925493333333
EST,2006-04-01,0.795616939
EST,2006-07-01,0.7845730063333334
EST,2006-10-01,0.7751737329999999
EST,2007-01-01,0.7631924293333334
EST,2007-04-01,0.7419865443333333
EST,2007-07-01,0.7276660743333334
EST,2007-10-01,0.690184023
EST,2008-01-01,0.6675017786666667
EST,2008-04-01,0.63990899
EST,2008-07-01,0.665784686
EST,2008-10-01,0.7608021336666667
EST,2009-01-01,0.7676811573333334
EST,2009-04-01,0.7346473566666667
EST,2009-07-01,0.699342562
EST,2009-10-01,0.6762491533333334
EST,2010-01-01,0.7222250626666668
EST,2010-04-01,0.7862794473333334
EST,2010-07-01,0.7743471423333333
EST,2010-10-01,0.735531468
EST,2011-01-01,0.7314082470666667
EST,2011-04-01,0.6947835498
EST,2011-07-01,0.7082332643
EST,2011-10-01,0.7422099567
EST,2012-01-01,0.7625375180333333
EST,2012-04-01,0.7798164251333333
EST,2012-07-01,0.7991382740333334
EST,2012-10-01,0.7705326244
EST,2013-01-01,0.7578658730000001
EST,2013-04-01,0.7656910043333333
EST,2013-07-01,0.7549412729666667
EST,2013-10-01,0.7346924829
EST,2014-01-01,0.7296647467333334
EST,2014-04-01,0.7292575036
EST,2014-07-01,0.754988834
EST,2014-10-01,0.8008694782666667
EST,2015-01-01,0.8883128181999999
EST,2015-04-01,0.9041201082333333
EST,2015-07-01,0.8995253356666667
EST,2015-10-01,0.9138483135666666
EST,2016-01-01,0.9073307108666667
EST,2016-04-01,0.8855690548
EST,2016-07-01,0.8961600216666668
EST,2016-10-01,0.9280663203333334
EST,2017-01-01,0.9384762213333334
EST,2017-04-01,0.9092752852333333
EST,2017-07-01,0.8514329537666666
EST,2017-10-01,0.8492442352
EST,2018-01-01,0.8137506824666666
EST,2018-04-01,0.8394843822999999
EST,2018-07-01,0.8595732569333334
EST,2018-10-01,0.8764896188666667
EST,2019-01-01,0.8807720627999999
EST,2019-04-01,0.8897470678333333
EST,2019-07-01,0.8996656860666666
EST,2019-10-01,0.9032086680333333
EST,2020-01-01,0.9078426877333333
EST,2020-04-01,0.908271645
EST,2020-07-01,0.8551811459333334
EST,2020-10-01,0.8388708030333333
EST,2021-01-01,0.8296439075
EST,2021-04-01,0.8296618398333333
EST,2021-07-01,0.848374697
EST,2021-10-01,0.8745331265999999
EST,2022-01-01,0.8907364831
EST,2022-04-01,0.9392376768
EST,2022-07-01,0.993248951
EST,2022-10-01,0.9803069841333333
EST,2023-01-01,0.9321337562666666
EST,2023-04-01,0.9185379611333334
EST,2023-07-01,0.9193362111666668
EST,2023-10-01,0.9293334415666666
EST,2024-01-01,0.9213149068333334
EST,2024-04-01,0.9289777437333333
EST,2024-07-01,0.9099683138666667
EST,2024-10-01,0.938207141
EST,2025-01-01,0.9500645928333333
EST,2025-04-01,0.8813586147
EST,2025-07-01,0.8557902660333333
EST,2025-10-01,0.8592611594333333
EST,2026-01-01,0.8544349091000001
EST,2026-04-01,0.8597848124030304
EST,2026-07-01,0.875590869565217
FIN,1995-01-01,0.7710407300701512
FIN,1995-04-01,0.7228100390252052
FIN,1995-07-01,0.7243910055339434
FIN,1995-10-01,0.7197434124993903
FIN,1996-01-01,0.7623678393289527
FIN,1996-04-01,0.7934545744032553
FIN,1996-07-01,0.7627042151818756
FIN,1996-10-01,0.7709117859931972
FIN,1997-01-01,0.8297607414620801
FIN,1997-04-01,0.8652764252665358
FIN,1997-07-01,0.9060563911692369
FIN,1997-10-01,0.8885928781383167
FIN,1998-01-01,0.9269901817494796
FIN,1998-04-01,0.915760834526066
FIN,1998-07-01,0.9029673395865604
FIN,1998-10-01,0.8503133060756766
FIN,1999-01-01,0.8908650354333334
FIN,1999-04-01,0.9462974242666666
FIN,1999-07-01,0.9535907950333332
FIN,1999-10-01,0.9634983377666666
FIN,2000-01-01,1.0128999099666667
FIN,2000-04-01,1.0707995252666667
FIN,2000-07-01,1.1065821814
FIN,2000-10-01,1.1501026639333334
FIN,2001-01-01,1.0838351025666668
FIN,2001-04-01,1.1444160384
FIN,2001-07-01,1.121785947
FIN,2001-10-01,1.1164872653666666
FIN,2002-01-01,1.1407329854666666
FIN,2002-04-01,1.0874121115
FIN,2002-07-01,1.0165822042666666
FIN,2002-10-01,0.9995332300666666
FIN,2003-01-01,0.9315119056
FIN,2003-04-01,0.8803657411666667
FIN,2003-07-01,0.8883700632666667
FIN,2003-10-01,0.8404051568666667
FIN,2004-01-01,0.7999041188000001
FIN,2004-04-01,0.8297059866000001
FIN,2004-07-01,0.8178773148333334
FIN,2004-10-01,0.7719609567000001
FIN,2005-01-01,0.7630914823666667
FIN,2005-04-01,0.7945898260333334
FIN,2005-07-01,0.8200075984333334
FIN,2005-10-01,0.8407887535
FIN,2006-01-01,0.8313259251333333
FIN,2006-04-01,0.7956177087666667
FIN,2006-07-01,0.7845937593333333
FIN,2006-10-01,0.7752514898
FIN,2007-01-01,0.7627094231
FIN,2007-04-01,0.7417964550999999
FIN,2007-07-01,0.7273385733333333
FIN,2007-10-01,0.6900972570333334
FIN,2008-01-01,0.6674643105000001
FIN,2008-04-01,0.6401810566666667
FIN,2008-07-01,0.6668847167333333
FIN,2008-10-01,0.7613992753666666
FIN,2009-01-01,0.7686045454666667
FIN,2009-04-01,0.7343098845666667
FIN,2009-07-01,0.6990935441666667
FIN,2009-10-01,0.6771937198
FIN,2010-01-01,0.7226642857
FIN,2010-04-01,0.7869761904666667
FIN,2010-07-01,0.7737878787666667
FIN,2010-10-01,0.7367457180666667
FIN,2011-01-01,0.7314082470666667
FIN,2011-04-01,0.6947835498
FIN,2011-07-01,0.7082332643
FIN,2011-10-01,0.7422099567
FIN,2012-01-01,0.7625375180333333
FIN,2012-04-01,0.7798164251333333
FIN,2012-07-01,0.7991382740333334
FIN,2012-10-01,0.7705326244
FIN,2013-01-01,0.7578658730000001
FIN,2013-04-01,0.7656910043333333
FIN,2013-07-01,0.7549412729666667
FIN,2013-10-01,0.7346924829
FIN,2014-01-01,0.7296647467333334
FIN,2014-04-01,0.7292575036
FIN,2014-07-01,0.754988834
FIN,2014-10-01,0.8008694782666667
FIN,2015-01-01,0.8883128181999999
FIN,2015-04-01,0.9041201082333333
FIN,2015-07-01,0.8995253356666667
FIN,2015-10-01,0.9138483135666666
FIN,2016-01-01,0.9073307108666667
FIN,2016-04-01,0.8855690548
FIN,2016-07-01,0.8961600216666668
FIN,2016-10-01,0.9280663203333334
FIN,2017-01-01,0.9384762213333334
FIN,2017-04-01,0.9092752852333333
FIN,2017-07-01,0.8514329537666666
FIN,2017-10-01,0.8492442352
FIN,2018-01-01,0.8137506824666666
FIN,2018-04-01,0.8394843822999999
FIN,2018-07-01,0.8595732569333334
FIN,2018-10-01,0.8764896188666667
FIN,2019-01-01,0.8807720627999999
FIN,2019-04-01,0.8897470678333333
FIN,2019-07-01,0.8996656860666666
FIN,2019-10-01,0.9032086680333333
FIN,2020-01-01,0.9078426877333333
FIN,2020-04-01,0.908271645
FIN,2020-07-01,0.8551811459333334
FIN,2020-10-01,0.8388708030333333
FIN,2021-01-01,0.8296439075
FIN,2021-04-01,0.8296618398333333
FIN,2021-07-01,0.848374697
FIN,2021-10-01,0.8745331265999999
FIN,2022-01-01,0.8907364831
FIN,2022-04-01,0.9392376768
FIN,2022-07-01,0.993248951
FIN,2022-10-01,0.9803069841333333
FIN,2023-01-01,0.9321337562666666
FIN,2023-04-01,0.9185379611333334
FIN,2023-07-01,0.9193362111666668
FIN,2023-10-01,0.9293334415666666
FIN,2024-01-01,0.9213149068333334
FIN,2024-04-01,0.9289777437333333
FIN,2024-07-01,0.9099683138666667
FIN,2024-10-01,0.938207141
FIN,2025-01-01,0.9500645928333333
FIN,2025-04-01,0.8813586147
FIN,2025-07-01,0.8557902660333333
FIN,2025-10-01,0.8592611594333333
FIN,2026-01-01,0.8544349091000001
FIN,2026-04-01,0.8597848124030304
FIN,2026-07-01,0.875590869565217
FRA,1995-01-01,0.7877345618691468
FRA,1995-04-01,0.7496019810241626
FRA,1995-07-01,0.7544905128435757
FRA,1995-10-01,0.7515533284448015
FRA,1996-01-01,0.7676621079328879
FRA,1996-04-01,0.7863523574461944
FRA,1996-07-01,0.7765600489056448
FRA,1996-10-01,0.789020215247849
FRA,1997-01-01,0.8530386392197457
FRA,1997-04-01,0.8811146665609687
FRA,1997-07-01,0.9281248618430782
FRA,1997-10-01,0.8972945889237658
FRA,1998-01-01,0.9293495356148854
FRA,1998-04-01,0.9168639611031414
FRA,1998-07-01,0.9008364877575817
FRA,1998-10-01,0.8503758630519989
FRA,1999-01-01,0.8908650354333334
FRA,1999-04-01,0.9462974242666666
FRA,1999-07-01,0.9535907950333332
FRA,1999-10-01,0.9634983377666666
FRA,2000-01-01,1.0128999099666667
FRA,2000-04-01,1.0707995252666667
FRA,2000-07-01,1.1065821814
FRA,2000-10-01,1.1501026639333334
FRA,2001-01-01,1.0838351025666668
FRA,2001-04-01,1.1444160384
FRA,2001-07-01,1.121785947
FRA,2001-10-01,1.1164872653666666
FRA,2002-01-01,1.1407329854666666
FRA,2002-04-01,1.0874121115
FRA,2002-07-01,1.0165822042666666
FRA,2002-10-01,0.9995332300666666
FRA,2003-01-01,0.9315119056
FRA,2003-04-01,0.8803657411666667
FRA,2003-07-01,0.8883700632666667
FRA,2003-10-01,0.8404051568666667
FRA,2004-01-01,0.7999041188000001
FRA,2004-04-01,0.8297059866000001
FRA,2004-07-01,0.8178773148333334
FRA,2004-10-01,0.7719609567000001
FRA,2005-01-01,0.7630914823666667
FRA,2005-04-01,0.7945898260333334
FRA,2005-07-01,0.8200075984333334
FRA,2005-10-01,0.8407887535
FRA,2006-01-01,0.8313259251333333
FRA,2006-04-01,0.7956177087666667
FRA,2006-07-01,0.7845937593333333
FRA,2006-10-01,0.7752514898
FRA,2007-01-01,0.7627094231
FRA,2007-04-01,0.7417964550999999
FRA,2007-07-01,0.7273385733333333
FRA,2007-10-01,0.6900972570333334
FRA,2008-01-01,0.6674643105000001
FRA,2008-04-01,0.6401810566666667
FRA,2008-07-01,0.6668847167333333
FRA,2008-10-01,0.7613992753666666
FRA,2009-01-01,0.7686045454666667
FRA,2009-04-01,0.7343098845666667
FRA,2009-07-01,0.6990935441666667
FRA,2009-10-01,0.6771937198
FRA,2010-01-01,0.7226642857
FRA,2010-04-01,0.7869761904666667
FRA,2010-07-01,0.7737878787666667
FRA,2010-10-01,0.7367457180666667
FRA,2011-01-01,0.7314082470666667
FRA,2011-04-01,0.6947835498
FRA,2011-07-01,0.7082332643
FRA,2011-10-01,0.7422099567
FRA,2012-01-01,0.7625375180333333
FRA,2012-04-01,0.7798164251333333
FRA,2012-07-01,0.7991382740333334
FRA,2012-10-01,0.7705326244
FRA,2013-01-01,0.7578658730000001
FRA,2013-04-01,0.7656910043333333
FRA,2013-07-01,0.7549412729666667
FRA,2013-10-01,0.7346924829
FRA,2014-01-01,0.7296647467333334
FRA,2014-04-01,0.7292575036
FRA,2014-07-01,0.754988834
FRA,2014-10-01,0.8008694782666667
FRA,2015-01-01,0.8883128181999999
FRA,2015-04-01,0.9041201082333333
FRA,2015-07-01,0.8995253356666667
FRA,2015-10-01,0.9138483135666666
FRA,2016-01-01,0.9073307108666667
FRA,2016-04-01,0.8855690548
FRA,2016-07-01,0.8961600216666668
FRA,2016-10-01,0.9280663203333334
FRA,2017-01-01,0.9384762213333334
FRA,2017-04-01,0.9092752852333333
FRA,2017-07-01,0.8514329537666666
FRA,2017-10-01,0.8492442352
FRA,2018-01-01,0.8137506824666666
FRA,2018-04-01,0.8394843822999999
FRA,2018-07-01,0.8595732569333334
FRA,2018-10-01,0.8764896188666667
FRA,2019-01-01,0.8807720627999999
FRA,2019-04-01,0.8897470678333333
FRA,2019-07-01,0.8996656860666666
FRA,2019-10-01,0.9032086680333333
FRA,2020-01-01,0.9078426877333333
FRA,2020-04-01,0.908271645
FRA,2020-07-01,0.8551811459333334
FRA,2020-10-01,0.8388708030333333
FRA,2021-01-01,0.8296439075
FRA,2021-04-01,0.8296618398333333
FRA,2021-07-01,0.848374697
FRA,2021-10-01,0.8745331265999999
FRA,2022-01-01,0.8907364831
FRA,2022-04-01,0.9392376768
FRA,2022-07-01,0.993248951
FRA,2022-10-01,0.9803069841333333
FRA,2023-01-01,0.9321337562666666
FRA,2023-04-01,0.9185379611333334
FRA,2023-07-01,0.9193362111666668
FRA,2023-10-01,0.9293334415666666
FRA,2024-01-01,0.9213149068333334
FRA,2024-04-01,0.9289777437333333
FRA,2024-07-01,0.9099683138666667
FRA,2024-10-01,0.938207141
FRA,2025-01-01,0.9500645928333333
FRA,2025-04-01,0.8813586147
FRA,2025-07-01,0.8557902660333333
FRA,2025-10-01,0.8592611594333333
FRA,2026-01-01,0.8544349091000001
FRA,2026-04-01,0.8597848124030304
FRA,2026-07-01,0.875590869565217
GBR,1995-01-01,0.6319329639037957
GBR,1995-04-01,0.6266368566901344
GBR,1995-07-01,0.6353893053816423
GBR,1995-10-01,0.640831657122807
GBR,1996-01-01,0.6530058431118323
GBR,1996-04-01,0.656071192765873
GBR,1996-07-01,0.6432978612022087
GBR,1996-10-01,0.6109010248447203
GBR,1997-01-01,0.6130219242424243
GBR,1997-04-01,0.6109527417027416
GBR,1997-07-01,0.6156164762845849
GBR,1997-10-01,0.602413916857361
GBR,1998-01-01,0.607262142857143
GBR,1998-04-01,0.6050570707070707
GBR,1998-07-01,0.6051278593387287
GBR,1998-10-01,0.5967575036075037
GBR,1999-01-01,0.6122052229130434
GBR,1999-04-01,0.6224076893257577
GBR,1999-07-01,0.6243056627272724
GBR,1999-10-01,0.6134292335079367
GBR,2000-01-01,0.622247505398585
GBR,2000-04-01,0.652231868237879
GBR,2000-07-01,0.6773789019544859
GBR,2000-10-01,0.690425562086436
GBR,2001-01-01,0.6859183933348486
GBR,2001-04-01,0.7034084548738786
GBR,2001-07-01,0.6948214422159419
GBR,2001-10-01,0.6930085111823306
GBR,2002-01-01,0.7011178956436511
GBR,2002-04-01,0.683688162038867
GBR,2002-07-01,0.645089133721501
GBR,2002-10-01,0.636273941418982
GBR,2003-01-01,0.6238802456017316
GBR,2003-04-01,0.617835732978355
GBR,2003-07-01,0.6211762619611646
GBR,2003-10-01,0.5862231620195307
GBR,2004-01-01,0.543516707158868
GBR,2004-04-01,0.5532743485007213
GBR,2004-07-01,0.5499641765303029
GBR,2004-10-01,0.536233511403978
GBR,2005-01-01,0.5290463790589026
GBR,2005-04-01,0.539009120007215
GBR,2005-07-01,0.5604419022277743
GBR,2005-10-01,0.5719146296507936
GBR,2006-01-01,0.570535208376548
GBR,2006-04-01,0.547641992997299
GBR,2006-07-01,0.5335240376977223
GBR,2006-10-01,0.5218271058492063
GBR,2007-01-01,0.5114694241970357
GBR,2007-04-01,0.503522758268461
GBR,2007-07-01,0.49473817635955203
GBR,2007-10-01,0.48926210301324097
GBR,2008-01-01,0.5055754753077987
GBR,2008-04-01,0.5073727419083693
GBR,2008-07-01,0.5301120835686054
GBR,2008-10-01,0.6397253623188407
GBR,2009-01-01,0.697240909090909
GBR,2009-04-01,0.646173520923521
GBR,2009-07-01,0.6095204216073781
GBR,2009-10-01,0.6123212874082437
GBR,2010-01-01,0.6407208764665286
GBR,2010-04-01,0.670497113997114
GBR,2010-07-01,0.645378787878788
GBR,2010-10-01,0.6332525252525253
GBR,2011-01-01,0.6242651138716356
GBR,2011-04-01,0.6132070707070707
GBR,2011-07-01,0.6214508438421483
GBR,2011-10-01,0.6363145743145746
GBR,2012-01-01,0.636527417027417
GBR,2012-04-01,0.6322981366459627
GBR,2012-07-01,0.6328064558629777
GBR,2012-10-01,0.6226752619361313
GBR,2013-01-01,0.6452881297446513
GBR,2013-04-01,0.6512403095238097
GBR,2013-07-01,0.6447993744902439
GBR,2013-10-01,0.617654801116758
GBR,2014-01-01,0.6041124071773637
GBR,2014-04-01,0.5940824675324673
GBR,2014-07-01,0.5993156807202461
GBR,2014-10-01,0.6319452898550727
GBR,2015-01-01,0.6601361212121214
GBR,2015-04-01,0.6527189826839827
GBR,2015-07-01,0.6457540962419223
GBR,2015-10-01,0.6593752042160737
GBR,2016-01-01,0.6987950724637679
GBR,2016-04-01,0.6972512770562774
GBR,2016-07-01,0.7617920995670993
GBR,2016-10-01,0.8059724819624821
GBR,2017-01-01,0.8068141521739131
GBR,2017-04-01,0.7817337832674572
GBR,2017-07-01,0.7641399999999999
GBR,2017-10-01,0.7535695887445887
GBR,2018-01-01,0.7186830803689063
GBR,2018-04-01,0.7353385507246376
GBR,2018-07-01,0.7671614703557313
GBR,2018-10-01,0.7777921218395134
GBR,2019-01-01,0.7678725690131127
GBR,2019-04-01,0.778235743083004
GBR,2019-07-01,0.8114064687245124
GBR,2019-10-01,0.7769208240793023
GBR,2020-01-01,0.782191326745718
GBR,2020-04-01,0.8056148701298701
GBR,2020-07-01,0.7738317620302403
GBR,2020-10-01,0.7572335196687373
GBR,2021-01-01,0.7253705414078677
GBR,2021-04-01,0.715069502164502
GBR,2021-07-01,0.7257750000000001
GBR,2021-10-01,0.7416635984064243
GBR,2022-01-01,0.7451642046238787
GBR,2022-04-01,0.7964141991341993
GBR,2022-07-01,0.850611038647343
GBR,2022-10-01,0.8526919552669554
GBR,2023-01-01,0.823260381422925
GBR,2023-04-01,0.7989938550724637
GBR,2023-07-01,0.790314706694272
GBR,2023-10-01,0.8055164862914861
GBR,2024-01-01,0.7887026293995857
GBR,2024-04-01,0.7924036106719367
GBR,2024-07-01,0.7689032922391617
GBR,2024-10-01,0.7808152443691574
GBR,2025-01-01,0.7937161293995857
GBR,2025-04-01,0.7485905772005773
GBR,2025-07-01,0.7416975569358177
GBR,2025-10-01,0.7521610289855074
GBR,2026-01-01,0.7420272575757577
GBR,2026-04-01,0.7447144733044734
GBR,2026-07-01,0.747494347826087
GRC,1995-01-01,0.68734800684764
GRC,1995-04-01,0.6642239178283199
GRC,1995-07-01,0.6781962337979947
GRC,1995-10-01,0.6886846661775495
GRC,1996-01-01,0.7087178283198826
GRC,1996-04-01,0.7105370506236243
GRC,1996-07-01,0.6982269503546098
GRC,1996-10-01,0.7075686965028124
GRC,1997-01-01,0.7634385913426266
GRC,1997-04-01,0.7976709219858157
GRC,1997-07-01,0.8329822450476888
GRC,1997-10-01,0.8099783810222547
GRC,1998-01-01,0.8600715089263878
GRC,1998-04-01,0.9059937393005625
GRC,1998-07-01,0.8739985326485694
GRC,1998-10-01,0.8260649547566642
GRC,1999-01-01,0.8439975544142823
GRC,1999-04-01,0.9020509660063585
GRC,1999-07-01,0.9116260210320372
GRC,1999-10-01,0.9307931523599903
GRC,2000-01-01,0.9890392761066275
GRC,2000-04-01,1.0562427977500612
GRC,2000-07-01,1.0802998288089998
GRC,2000-10-01,1.1488049889948646
GRC,2001-01-01,1.083835069699193
GRC,2001-04-01,1.1444160430423087
GRC,2001-07-01,1.12178596233798
GRC,2001-10-01,1.1164872584984105
GRC,2002-01-01,1.1407329854666666
GRC,2002-04-01,1.0874121115
GRC,2002-07-01,1.0165822042666666
GRC,2002-10-01,0.9995332300666666
GRC,2003-01-01,0.9315119056
GRC,2003-04-01,0.8803657411666667
GRC,2003-07-01,0.8883700632666667
GRC,2003-10-01,0.8404051568666667
GRC,2004-01-01,0.7999041188000001
GRC,2004-04-01,0.8297059866000001
GRC,2004-07-01,0.8178773148333334
GRC,2004-10-01,0.7719609567000001
GRC,2005-01-01,0.7630914823666667
GRC,2005-04-01,0.7945898260333334
GRC,2005-07-01,0.8200075984333334
GRC,2005-10-01,0.8407887535
GRC,2006-01-01,0.8313259251333333
GRC,2006-04-01,0.7956177087666667
GRC,2006-07-01,0.7845937593333333
GRC,2006-10-01,0.7752514898
GRC,2007-01-01,0.7627094231
GRC,2007-04-01,0.7417964550999999
GRC,2007-07-01,0.7273385733333333
GRC,2007-10-01,0.6900972570333334
GRC,2008-01-01,0.6674643105000001
GRC,2008-04-01,0.6401810566666667
GRC,2008-07-01,0.6668847167333333
GRC,2008-10-01,0.7613992753666666
GRC,2009-01-01,0.7686045454666667
GRC,2009-04-01,0.7343098845666667
GRC,2009-07-01,0.6990935441666667
GRC,2009-10-01,0.6771937198
GRC,2010-01-01,0.7226642857
GRC,2010-04-01,0.7869761904666667
GRC,2010-07-01,0.7737878787666667
GRC,2010-10-01,0.7367457180666667
GRC,2011-01-01,0.7314082470666667
GRC,2011-04-01,0.6947835498
GRC,2011-07-01,0.7082332643
GRC,2011-10-01,0.7422099567
GRC,2012-01-01,0.7625375180333333
GRC,2012-04-01,0.7798164251333333
GRC,2012-07-01,0.7991382740333334
GRC,2012-10-01,0.7705326244
GRC,2013-01-01,0.7578658730000001
GRC,2013-04-01,0.7656910043333333
GRC,2013-07-01,0.7549412729666667
GRC,2013-10-01,0.7346924829
GRC,2014-01-01,0.7296647467333334
GRC,2014-04-01,0.7292575036
GRC,2014-07-01,0.754988834
GRC,2014-10-01,0.8008694782666667
GRC,2015-01-01,0.8883128181999999
GRC,2015-04-01,0.9041201082333333
GRC,2015-07-01,0.8995253356666667
GRC,2015-10-01,0.9138483135666666
GRC,2016-01-01,0.9073307108666667
GRC,2016-04-01,0.8855690548
GRC,2016-07-01,0.8961600216666668
GRC,2016-10-01,0.9280663203333334
GRC,2017-01-01,0.9384762213333334
GRC,2017-04-01,0.9092752852333333
GRC,2017-07-01,0.8514329537666666
GRC,2017-10-01,0.8492442352
GRC,2018-01-01,0.8137506824666666
GRC,2018-04-01,0.8394843822999999
GRC,2018-07-01,0.8595732569333334
GRC,2018-10-01,0.8764896188666667
GRC,2019-01-01,0.8807720627999999
GRC,2019-04-01,0.8897470678333333
GRC,2019-07-01,0.8996656860666666
GRC,2019-10-01,0.9032086680333333
GRC,2020-01-01,0.9078426877333333
GRC,2020-04-01,0.908271645
GRC,2020-07-01,0.8551811459333334
GRC,2020-10-01,0.8388708030333333
GRC,2021-01-01,0.8296439075
GRC,2021-04-01,0.8296618398333333
GRC,2021-07-01,0.848374697
GRC,2021-10-01,0.8745331265999999
GRC,2022-01-01,0.8907364831
GRC,2022-04-01,0.9392376768
GRC,2022-07-01,0.993248951
GRC,2022-10-01,0.9803069841333333
GRC,2023-01-01,0.9321337562666666
GRC,2023-04-01,0.9185379611333334
GRC,2023-07-01,0.9193362111666668
GRC,2023-10-01,0.9293334415666666
GRC,2024-01-01,0.9213149068333334
GRC,2024-04-01,0.9289777437333333
GRC,2024-07-01,0.9099683138666667
GRC,2024-10-01,0.938207141
GRC,2025-01-01,0.9500645928333333
GRC,2025-04-01,0.8813586147
GRC,2025-07-01,0.8557902660333333
GRC,2025-10-01,0.8592611594333333
GRC,2026-01-01,0.8544349091000001
GRC,2026-04-01,0.8597848124030304
GRC,2026-07-01,0.875590869565217
HRV,2000-01-01,1.0128999099666667
HRV,2000-04-01,1.0707995252666667
HRV,2000-07-01,1.1065821814
HRV,2000-10-01,1.1501026639333334
HRV,2001-01-01,1.0838351025666668
HRV,2001-04-01,1.1444160384
HRV,2001-07-01,1.121785947
HRV,2001-10-01,1.1164872653666666
HRV,2002-01-01,1.1407329854666666
HRV,2002-04-01,1.0874121115
HRV,2002-07-01,1.0165822042666666
HRV,2002-10-01,0.9995332300666666
HRV,2003-01-01,0.9315119056
HRV,2003-04-01,0.8803657411666667
HRV,2003-07-01,0.8883700632666667
HRV,2003-10-01,0.8404051568666667
HRV,2004-01-01,0.7999041188000001
HRV,2004-04-01,0.8297059866000001
HRV,2004-07-01,0.8178773148333334
HRV,2004-10-01,0.7719609567000001
HRV,2005-01-01,0.7630914823666667
HRV,2005-04-01,0.7945898260333334
HRV,2005-07-01,0.8200075984333334
HRV,2005-10-01,0.8407887535
HRV,2006-01-01,0.8313259251333333
HRV,2006-04-01,0.7956177087666667
HRV,2006-07-01,0.7845937593333333
HRV,2006-10-01,0.7752514898
HRV,2007-01-01,0.7627094231
HRV,2007-04-01,0.7417964550999999
HRV,2007-07-01,0.7273385733333333
HRV,2007-10-01,0.6900972570333334
HRV,2008-01-01,0.6674643105000001
HRV,2008-04-01,0.6401810566666667
HRV,2008-07-01,0.6668847167333333
HRV,2008-10-01,0.7613992753666666
HRV,2009-01-01,0.7686045454666667
HRV,2009-04-01,0.7343098845666667
HRV,2009-07-01,0.6990935441666667
HRV,2009-10-01,0.6771937198
HRV,2010-01-01,0.7226642857
HRV,2010-04-01,0.7869761904666667
HRV,2010-07-01,0.7737878787666667
HRV,2010-10-01,0.7367457180666667
HRV,2011-01-01,0.7314082470666667
HRV,2011-04-01,0.6947835498
HRV,2011-07-01,0.7082332643
HRV,2011-10-01,0.7422099567
HRV,2012-01-01,0.7625375180333333
HRV,2012-04-01,0.7798164251333333
HRV,2012-07-01,0.7991382740333334
HRV,2012-10-01,0.7705326244
HRV,2013-01-01,0.7578658730000001
HRV,2013-04-01,0.7656910043333333
HRV,2013-07-01,0.7549412729666667
HRV,2013-10-01,0.7346924829
HRV,2014-01-01,0.7296647467333334
HRV,2014-04-01,0.7292575036
HRV,2014-07-01,0.754988834
HRV,2014-10-01,0.8008694782666667
HRV,2015-01-01,0.8883128181999999
HRV,2015-04-01,0.9041201082333333
HRV,2015-07-01,0.8995253356666667
HRV,2015-10-01,0.9138483135666666
HRV,2016-01-01,0.9073307108666667
HRV,2016-04-01,0.8855690548
HRV,2016-07-01,0.8961600216666668
HRV,2016-10-01,0.9280663203333334
HRV,2017-01-01,0.9384762213333334
HRV,2017-04-01,0.9092752852333333
HRV,2017-07-01,0.8514329537666666
HRV,2017-10-01,0.8492442352
HRV,2018-01-01,0.8137506824666666
HRV,2018-04-01,0.8394843822999999
HRV,2018-07-01,0.8595732569333334
HRV,2018-10-01,0.8764896188666667
HRV,2019-01-01,0.8807720627999999
HRV,2019-04-01,0.8897470678333333
HRV,2019-07-01,0.8996656860666666
HRV,2019-10-01,0.9032086680333333
HRV,2020-01-01,0.9078426877333333
HRV,2020-04-01,0.908271645
HRV,2020-07-01,0.8551811459333334
HRV,2020-10-01,0.8388708030333333
HRV,2021-01-01,0.8296439075
HRV,2021-04-01,0.8296618398333333
HRV,2021-07-01,0.848374697
HRV,2021-10-01,0.8745331265999999
HRV,2022-01-01,0.8907364831
HRV,2022-04-01,0.9392376768
HRV,2022-07-01,0.993248951
HRV,2022-10-01,0.9803069841333333
HRV,2023-01-01,0.9321337562666666
HRV,2023-04-01,0.9185379611333334
HRV,2023-07-01,0.9193362111666668
HRV,2023-10-01,0.9293334415666666
HRV,2024-01-01,0.9213149068333334
HRV,2024-04-01,0.9289777437333333
HRV,2024-07-01,0.9099683138666667
HRV,2024-10-01,0.938207141
HRV,2025-01-01,0.9500645928333333
HRV,2025-04-01,0.8813586147
HRV,2025-07-01,0.8557902660333333
HRV,2025-10-01,0.8592611594333333
HRV,2026-01-01,0.8544349091000001
HRV,2026-04-01,0.8597848124030304
HRV,2026-07-01,0.875590869565217
HUN,1995-01-01,113.23777225378767
HUN,1995-04-01,123.21184035737866
HUN,1995-07-01,130.205631508627
HUN,1995-10-01,136.22605381267965
HUN,1996-01-01,144.12181844958167
HUN,1996-04-01,151.15636552063498
HUN,1996-07-01,154.50630625449534
HUN,1996-10-01,160.65162870945468
HUN,1997-01-01,171.79404761904766
HUN,1997-04-01,181.93942857142835
HUN,1997-07-01,195.03262456866833
HUN,1997-10-01,197.74844851258567
HUN,1998-01-01,207.99365440115434
HUN,1998-04-01,212.58757575757568
HUN,1998-07-01,219.65551163811998
HUN,1998-10-01,216.80779942279935
HUN,1999-01-01,223.8709782608697
HUN,1999-04-01,236.96865873015864
HUN,1999-07-01,241.30151515151533
HUN,1999-10-01,246.11158730158732
HUN,2000-01-01,259.15747515527966
HUN,2000-04-01,277.2417700922263
HUN,2000-07-01,288.7066373360937
HUN,2000-10-01,304.0387424242427
HUN,2001-01-01,287.7678484848487
HUN,2001-04-01,294.9047694962043
HUN,2001-07-01,282.7085296442687
HUN,2001-10-01,280.58451910408434
HUN,2002-01-01,278.2197972582973
HUN,2002-04-01,264.649188405797
HUN,2002-07-01,249.20123219775368
HUN,2002-10-01,239.46602084922435
HUN,2003-01-01,227.283733766234
HUN,2003-04-01,220.716803751804
HUN,2003-07-01,230.61296630905335
HUN,2003-10-01,218.57547998619768
HUN,2004-01-01,207.89868081435466
HUN,2004-04-01,208.94175324675302
HUN,2004-07-01,203.5350000000003
HUN,2004-10-01,190.06200138026233
HUN,2005-01-01,186.92174810213965
HUN,2005-04-01,198.20784271284265
HUN,2005-07-01,201.29122780601037
HUN,2005-10-01,211.68632756132766
HUN,2006-01-01,211.63539723320164
HUN,2006-04-01,212.39240118577064
HUN,2006-07-01,216.113043478261
HUN,2006-10-01,201.46551948051967
HUN,2007-01-01,192.42700461133066
HUN,2007-04-01,184.15833678398897
HUN,2007-07-01,183.24926218708833
HUN,2007-10-01,174.54416007905135
HUN,2008-01-01,173.0991863354037
HUN,2008-04-01,158.749538961039
HUN,2008-07-01,157.49404219210768
HUN,2008-10-01,200.5151
HUN,2009-01-01,226.29854545454532
HUN,2009-04-01,209.28653030303
HUN,2009-07-01,189.36634512830133
HUN,2009-10-01,183.297224104398
HUN,2010-01-01,193.92755935127698
HUN,2010-04-01,216.08492063492068
HUN,2010-07-01,218.05272727272734
HUN,2010-10-01,202.99153397327333
HUN,2011-01-01,199.070069358178
HUN,2011-04-01,184.85887445887434
HUN,2011-07-01,194.61592759897133
HUN,2011-10-01,225.08234487734498
HUN,2012-01-01,226.069098124098
HUN,2012-04-01,228.9583160800553
HUN,2012-07-01,225.95160540184466
HUN,2012-10-01,218.31223006462133
HUN,2013-01-01,224.49101552795034
HUN,2013-04-01,226.24645670995665
HUN,2013-07-01,224.93465085639
HUN,2013-10-01,218.65476598280966
HUN,2014-01-01,224.72967391304334
HUN,2014-04-01,223.09411255411268
HUN,2014-07-01,235.64042850868933
HUN,2014-10-01,247.01235507246398
HUN,2015-01-01,273.959803030303
HUN,2015-04-01,276.796233766234
HUN,2015-07-01,280.4954642700297
HUN,2015-10-01,285.52442123094266
HUN,2016-01-01,283.1119599723947
HUN,2016-04-01,277.38076479076466
HUN,2016-07-01,278.854134199134
HUN,2016-10-01,286.73709956709934
HUN,2017-01-01,290.30196376811597
HUN,2017-04-01,281.99822332015805
HUN,2017-07-01,260.985210489993
HUN,2017-10-01,264.62039682539665
HUN,2018-01-01,253.08334255599468
HUN,2018-04-01,265.8805521049
HUN,2018-07-01,278.7718787878787
HUN,2018-10-01,283.1489124160864
HUN,2019-01-01,279.9535238095237
HUN,2019-04-01,287.344723320158
HUN,2019-07-01,295.186312190225
HUN,2019-10-01,299.92587834870466
HUN,2020-01-01,307.430710803689
HUN,2020-04-01,319.6764213564217
HUN,2020-07-01,302.26957274609435
HUN,2020-10-01,302.58852688374435
HUN,2021-01-01,299.441813664596
HUN,2021-04-01,294.536147186147
HUN,2021-07-01,300.144090909091
HUN,2021-10-01,318.5071450530143
HUN,2022-01-01,324.66488612836434
HUN,2022-04-01,361.762893217893
HUN,2022-07-01,400.63664721751667
HUN,2022-10-01,403.23265512265533
HUN,2023-01-01,362.14441040843195
HUN,2023-04-01,342.651364295125
HUN,2023-07-01,352.647342995169
HUN,2023-10-01,355.161847041847
HUN,2024-01-01,357.836866804693
HUN,2024-04-01,363.816125823452
HUN,2024-07-01,358.9365590689503
HUN,2024-10-01,382.484760336282
HUN,2025-01-01,384.93546031746035
HUN,2025-04-01,356.4705555555557
HUN,2025-07-01,338.7767350523873
HUN,2025-10-01,332.2833260869563
HUN,2026-01-01,328.08984848484835
HUN,2026-04-01,310.52533189033164
HUN,2026-07-01,314.433043478261
IDN,1995-01-01,2217.3857604424234
IDN,1995-04-01,2228.2839210242437
IDN,1995-07-01,2250.48980253485
IDN,1995-10-01,2277.8045439696966
IDN,1996-01-01,2306.6735209235235
IDN,1996-04-01,2329.4746953227937
IDN,1996-07-01,2333.846947738253
IDN,1996-10-01,2338.371780386163
IDN,1997-01-01,2383.835872512627
IDN,1997-04-01,2425.746075280667
IDN,1997-07-01,2741.997129533723
IDN,1997-10-01,3982.4423913043465
IDN,1998-01-01,9534.32178932179
IDN,1998-04-01,10747.393037518026
IDN,1998-07-01,12595.658447832366
IDN,1998-10-01,8119.549062049064
IDN,1999-01-01,8694.771594768115
IDN,1999-04-01,7981.054076479078
IDN,1999-07-01,7489.166666666667
IDN,1999-10-01,7230.76984126984
IDN,2000-01-01,7358.976744136647
IDN,2000-04-01,8245.664822134388
IDN,2000-07-01,8733.95781573499
IDN,2000-10-01,9239.519696969697
IDN,2001-01-01,9767.518939393953
IDN,2001-04-01,11228.381728778468
IDN,2001-07-01,9712.929249011862
IDN,2001-10-01,10303.0674498609
IDN,2002-01-01,10173.209163059153
IDN,2002-04-01,9101.518412384716
IDN,2002-07-01,8954.258767802245
IDN,2002-10-01,9045.915259162395
IDN,2003-01-01,8904.1465007215
IDN,2003-04-01,8491.212121212122
IDN,2003-07-01,8429.65929481147
IDN,2003-10-01,8469.883298826777
IDN,2004-01-01,8463.976535541753
IDN,2004-04-01,8999.58297258297
IDN,2004-07-01,9148.575757575758
IDN,2004-10-01,9113.932649476126
IDN,2005-01-01,9266.62553485162
IDN,2005-04-01,9550.921717171717
IDN,2005-07-01,9998.132787502347
IDN,2005-10-01,9989.466089466076
IDN,2006-01-01,9296.04347826087
IDN,2006-04-01,9105.065019762844
IDN,2006-07-01,9124.329882677708
IDN,2006-10-01,9130.670995670996
IDN,2007-01-01,9103.003096179184
IDN,2007-04-01,8970.12767425811
IDN,2007-07-01,9244.31021080369
IDN,2007-10-01,9240.189459815547
IDN,2008-01-01,9255.1911663216
IDN,2008-04-01,9254.340187590185
IDN,2008-07-01,9217.703165192297
IDN,2008-10-01,10928.262681159418
IDN,2009-01-01,11581.136363636368
IDN,2009-04-01,10511.392496392533
IDN,2009-07-01,9962.58046301524
IDN,2009-10-01,9452.225672877847
IDN,2010-01-01,9252.445652173914
IDN,2010-04-01,9105.730880230882
IDN,2010-07-01,8992.893939393936
IDN,2010-10-01,8961.03566723132
IDN,2011-01-01,8900.270979986197
IDN,2011-04-01,8586.798701298703
IDN,2011-07-01,8588.474402409187
IDN,2011-10-01,8967.844877344874
IDN,2012-01-01,9055.966089466086
IDN,2012-04-01,9267.140786749484
IDN,2012-07-01,9486.974967061922
IDN,2012-10-01,9610.23555430077
IDN,2013-01-01,9676.032470669428
IDN,2013-04-01,9784.529292929294
IDN,2013-07-01,10646.800708952867
IDN,2013-10-01,11692.486730660667
IDN,2014-01-01,11845.785576259499
IDN,2014-04-01,11618.357864357835
IDN,2014-07-01,11755.7841458059
IDN,2014-10-01,12245.447826086966
IDN,2015-01-01,12797.3803030303
IDN,2015-04-01,13130.895382395369
IDN,2015-07-01,13851.364106907567
IDN,2015-10-01,13764.5962732919
IDN,2016-01-01,13533.197377501734
IDN,2016-04-01,13312.922077922065
IDN,2016-07-01,13135.910345692966
IDN,2016-10-01,13248.443001443002
IDN,2017-01-01,13348.8859025033
IDN,2017-04-01,13311.171739130434
IDN,2017-07-01,13329.818495514133
IDN,2017-10-01,13536.041847041832
IDN,2018-01-01,13578.2946640316
IDN,2018-04-01,13949.774327122164
IDN,2018-07-01,14614.777536231899
IDN,2018-10-01,14788.6736934563
IDN,2019-01-01,14138.7672532781
IDN,2019-04-01,14263.305599473
IDN,2019-07-01,14132.351245373
IDN,2019-10-01,14066.714379823068
IDN,2020-01-01,14256.329314887998
IDN,2020-04-01,15005.368686868665
IDN,2020-07-01,14724.3188719493
IDN,2020-10-01,14386.344281322534
IDN,2021-01-01,14174.481228433398
IDN,2021-04-01,14406.5331890332
IDN,2021-07-01,14388.257575757534
IDN,2021-10-01,14261.994824016567
IDN,2022-01-01,14345.827915804
IDN,2022-04-01,14539.479076479067
IDN,2022-07-01,14933.804849739632
IDN,2022-10-01,15563.7344877345
IDN,2023-01-01,15239.9558629776
IDN,2023-04-01,14867.666403162033
IDN,2023-07-01,15215.713595583167
IDN,2023-10-01,15624.624819624834
IDN,2024-01-01,15659.068322981366
IDN,2024-04-01,16151.905994729901
IDN,2024-07-01,15799.960537047467
IDN,2024-10-01,15797.325177238234
IDN,2025-01-01,16355.364182194635
IDN,2025-04-01,16507.41125541127
IDN,2025-07-01,16361.300771692067
IDN,2025-10-01,16672.509420289865
IDN,2026-01-01,16861.006060606032
IDN,2026-04-01,17534.134199134165
IDN,2026-07-01,18007.5652173913
IND,1995-01-01,31.44656720283753
IND,1995-04-01,31.409605934621197
IND,1995-07-01,32.095782538427535
IND,1995-10-01,34.7775594069365
IND,1996-01-01,35.630467946968274
IND,1996-04-01,34.81468161907576
IND,1996-07-01,35.7639390361212
IND,1996-10-01,35.84143921655653
IND,1997-01-01,35.89298561076857
IND,1997-04-01,35.82437896706347
IND,1997-07-01,36.07713724069263
IND,1997-10-01,37.6506749675926
IND,1998-01-01,39.2113349252785
IND,1998-04-01,40.7345658819697
IND,1998-07-01,42.56038804686713
IND,1998-10-01,42.4087478625902
IND,1999-01-01,42.46040662968117
IND,1999-04-01,42.87736187429366
IND,1999-07-01,43.42559080439393
IND,1999-10-01,43.4333807933333
IND,2000-01-01,43.57547473864664
IND,2000-04-01,44.08545134167653
IND,2000-07-01,45.44854472118944
IND,2000-10-01,46.610020984363636
IND,2001-01-01,46.5509303766212
IND,2001-04-01,46.88514308726641
IND,2001-07-01,47.287537746396566
IND,2001-10-01,47.961069977709734
IND,2002-01-01,48.57643600766306
IND,2002-04-01,48.9503749221515
IND,2002-07-01,48.589612083810174
IND,2002-10-01,48.24538243332133
IND,2003-01-01,47.762853258030304
IND,2003-04-01,47.04141979214287
IND,2003-07-01,45.98683731219273
IND,2003-10-01,45.44251268658524
IND,2004-01-01,45.19279197505313
IND,2004-04-01,44.83602668320347
IND,2004-07-01,46.09618192787877
IND,2004-10-01,44.8915768356434
IND,2005-01-01,43.637785712636294
IND,2005-04-01,43.5856215021573
IND,2005-07-01,43.67625801351277
IND,2005-10-01,45.36936946554834
IND,2006-01-01,44.40232255421807
IND,2006-04-01,45.449982762351134
IND,2006-07-01,46.36775886481714
IND,2006-10-01,44.941746770620504
IND,2007-01-01,44.13294181746377
IND,2007-04-01,41.26359507788127
IND,2007-07-01,40.5151259881581
IND,2007-10-01,39.4808437555619
IND,2008-01-01,39.823655551566596
IND,2008-04-01,41.65828100948053
IND,2008-07-01,43.825956950059634
IND,2008-10-01,48.81020538508697
IND,2009-01-01,49.74194701242423
IND,2009-04-01,48.6866163835065
IND,2009-07-01,48.3026367709825
IND,2009-10-01,46.561111013658966
IND,2010-01-01,45.8803485971018
IND,2010-04-01,45.5674641465873
IND,2010-07-01,46.3827725028788
IND,2010-10-01,44.792815265061165
IND,2011-01-01,45.2157956356149
IND,2011-04-01,44.66769687199136
IND,2011-07-01,45.77267026358273
IND,2011-10-01,50.759375625396835
IND,2012-01-01,50.20914480177493
IND,2012-04-01,53.98157009174603
IND,2012-07-01,55.11200082773846
IND,2012-10-01,54.161211617998
IND,2013-01-01,54.15817171879917
IND,2013-04-01,55.92343473192063
IND,2013-07-01,62.14041978603206
IND,2013-10-01,61.99301931488613
IND,2014-01-01,61.76021996978227
IND,2014-04-01,59.820788539415595
IND,2014-07-01,60.605455465033266
IND,2014-10-01,61.959808372195674
IND,2015-01-01,62.249678513409094
IND,2015-04-01,63.450362616847066
IND,2015-07-01,64.99021668044357
IND,2015-10-01,65.94531821283643
IND,2016-01-01,67.5022726011042
IND,2016-04-01,66.90267030601733
IND,2016-07-01,66.96485420913955
IND,2016-10-01,67.39498604110388
IND,2017-01-01,66.99756921102373
IND,2017-04-01,64.47356132758433
IND,2017-07-01,64.29779861973778
IND,2017-10-01,64.73029235209233
IND,2018-01-01,64.3742117588933
IND,2018-04-01,67.00881849551413
IND,2018-07-01,70.19712070487482
IND,2018-10-01,72.05828645460822
IND,2019-01-01,70.4971133195307
IND,2019-04-01,69.5502455204216
IND,2019-07-01,70.42570675387414
IND,2019-10-01,71.23770054896796
IND,2020-01-01,72.42922231884056
IND,2020-04-01,75.86887655122656
IND,2020-07-01,74.3693011794968
IND,2020-10-01,73.79506822887261
IND,2021-01-01,72.89730634230504
IND,2021-04-01,73.7384217893218
IND,2021-07-01,74.09084545454543
IND,2021-10-01,74.94403211619296
IND,2022-01-01,75.20638075224294
IND,2022-04-01,77.1779015151515
IND,2022-07-01,79.80859068950373
IND,2022-10-01,82.22942965367967
IND,2023-01-01,82.26398627140973
IND,2023-04-01,82.18113161396577
IND,2023-07-01,82.6711751552795
IND,2023-10-01,83.2657861832612
IND,2024-01-01,83.0433323326432
IND,2024-04-01,83.42153101119897
IND,2024-07-01,83.7773652628772
IND,2024-10-01,84.46013295689816
IND,2025-01-01,86.62865866804691
IND,2025-04-01,85.58868019480524
IND,2025-07-01,87.34429732574188
IND,2025-10-01,89.09171786231883
IND,2026-01-01,91.49713045454547
IND,2026-04-01,94.67455432900431
IND,2026-07-01,95.8315239130435
IRL,1995-01-01,0.80844223453586
IRL,1995-04-01,0.7819470332993044
IRL,1995-07-01,0.789099891141122
IRL,1995-10-01,0.7921049379267378
IRL,1996-01-01,0.8046330203005724
IRL,1996-04-01,0.80873850675416
IRL,1996-07-01,0.7899887077960225
IRL,1996-10-01,0.7729742175450713
IRL,1997-01-01,0.7972262148430689
IRL,1997-04-01,0.8342179175279724
IRL,1997-07-01,0.8614749616115853
IRL,1997-10-01,0.8613479878037426
IRL,1998-01-01,0.9238614258650726
IRL,1998-04-01,0.9042228102520345
IRL,1998-07-01,0.8929221413540147
IRL,1998-10-01,0.8492854760586651
IRL,1999-01-01,0.8908650354333334
IRL,1999-04-01,0.9462974242666666
IRL,1999-07-01,0.9535907950333332
IRL,1999-10-01,0.9634983377666666
IRL,2000-01-01,1.0128999099666667
IRL,2000-04-01,1.0707995252666667
IRL,2000-07-01,1.1065821814
IRL,2000-10-01,1.1501026639333334
IRL,2001-01-01,1.0838351025666668
IRL,2001-04-01,1.1444160384
IRL,2001-07-01,1.121785947
IRL,2001-10-01,1.1164872653666666
IRL,2002-01-01,1.1407329854666666
IRL,2002-04-01,1.0874121115
IRL,2002-07-01,1.0165822042666666
IRL,2002-10-01,0.9995332300666666
IRL,2003-01-01,0.9315119056
IRL,2003-04-01,0.8803657411666667
IRL,2003-07-01,0.8883700632666667
IRL,2003-10-01,0.8404051568666667
IRL,2004-01-01,0.7999041188000001
IRL,2004-04-01,0.8297059866000001
IRL,2004-07-01,0.8178773148333334
IRL,2004-10-01,0.7719609567000001
IRL,2005-01-01,0.7630914823666667
IRL,2005-04-01,0.7945898260333334
IRL,2005-07-01,0.8200075984333334
IRL,2005-10-01,0.8407887535
IRL,2006-01-01,0.8313259251333333
IRL,2006-04-01,0.7956177087666667
IRL,2006-07-01,0.7845937593333333
IRL,2006-10-01,0.7752514898
IRL,2007-01-01,0.7627094231
IRL,2007-04-01,0.7417964550999999
IRL,2007-07-01,0.7273385733333333
IRL,2007-10-01,0.6900972570333334
IRL,2008-01-01,0.6674643105000001
IRL,2008-04-01,0.6401810566666667
IRL,2008-07-01,0.6668847167333333
IRL,2008-10-01,0.7613992753666666
IRL,2009-01-01,0.7686045454666667
IRL,2009-04-01,0.7343098845666667
IRL,2009-07-01,0.6990935441666667
IRL,2009-10-01,0.6771937198
IRL,2010-01-01,0.7226642857
IRL,2010-04-01,0.7869761904666667
IRL,2010-07-01,0.7737878787666667
IRL,2010-10-01,0.7367457180666667
IRL,2011-01-01,0.7314082470666667
IRL,2011-04-01,0.6947835498
IRL,2011-07-01,0.7082332643
IRL,2011-10-01,0.7422099567
IRL,2012-01-01,0.7625375180333333
IRL,2012-04-01,0.7798164251333333
IRL,2012-07-01,0.7991382740333334
IRL,2012-10-01,0.7705326244
IRL,2013-01-01,0.7578658730000001
IRL,2013-04-01,0.7656910043333333
IRL,2013-07-01,0.7549412729666667
IRL,2013-10-01,0.7346924829
IRL,2014-01-01,0.7296647467333334
IRL,2014-04-01,0.7292575036
IRL,2014-07-01,0.754988834
IRL,2014-10-01,0.8008694782666667
IRL,2015-01-01,0.8883128181999999
IRL,2015-04-01,0.9041201082333333
IRL,2015-07-01,0.8995253356666667
IRL,2015-10-01,0.9138483135666666
IRL,2016-01-01,0.9073307108666667
IRL,2016-04-01,0.8855690548
IRL,2016-07-01,0.8961600216666668
IRL,2016-10-01,0.9280663203333334
IRL,2017-01-01,0.9384762213333334
IRL,2017-04-01,0.9092752852333333
IRL,2017-07-01,0.8514329537666666
IRL,2017-10-01,0.8492442352
IRL,2018-01-01,0.8137506824666666
IRL,2018-04-01,0.8394843822999999
IRL,2018-07-01,0.8595732569333334
IRL,2018-10-01,0.8764896188666667
IRL,2019-01-01,0.8807720627999999
IRL,2019-04-01,0.8897470678333333
IRL,2019-07-01,0.8996656860666666
IRL,2019-10-01,0.9032086680333333
IRL,2020-01-01,0.9078426877333333
IRL,2020-04-01,0.908271645
IRL,2020-07-01,0.8551811459333334
IRL,2020-10-01,0.8388708030333333
IRL,2021-01-01,0.8296439075
IRL,2021-04-01,0.8296618398333333
IRL,2021-07-01,0.848374697
IRL,2021-10-01,0.8745331265999999
IRL,2022-01-01,0.8907364831
IRL,2022-04-01,0.9392376768
IRL,2022-07-01,0.993248951
IRL,2022-10-01,0.9803069841333333
IRL,2023-01-01,0.9321337562666666
IRL,2023-04-01,0.9185379611333334
IRL,2023-07-01,0.9193362111666668
IRL,2023-10-01,0.9293334415666666
IRL,2024-01-01,0.9213149068333334
IRL,2024-04-01,0.9289777437333333
IRL,2024-07-01,0.9099683138666667
IRL,2024-10-01,0.938207141
IRL,2025-01-01,0.9500645928333333
IRL,2025-04-01,0.8813586147
IRL,2025-07-01,0.8557902660333333
IRL,2025-10-01,0.8592611594333333
IRL,2026-01-01,0.8544349091000001
IRL,2026-04-01,0.8597848124030304
IRL,2026-07-01,0.875590869565217
ISL,1995-01-01,66.213106707019
ISL,1995-04-01,63.401398832876964
ISL,1995-07-01,64.54719316958874
ISL,1995-10-01,64.90212908088517
ISL,1996-01-01,66.2438094122222
ISL,1996-04-01,67.12796011327289
ISL,1996-07-01,66.61022758819873
ISL,1996-10-01,66.78366553741894
ISL,1997-01-01,69.96646296296296
ISL,1997-04-01,70.68330952380954
ISL,1997-07-01,71.79449209486164
ISL,1997-10-01,71.43279089026913
ISL,1998-01-01,72.5480303030303
ISL,1998-04-01,71.55167056530213
ISL,1998-07-01,71.17931027667983
ISL,1998-10-01,69.41687590187591
ISL,1999-01-01,70.91601449275363
ISL,1999-04-01,73.78711695906433
ISL,1999-07-01,73.31467243867245
ISL,1999-10-01,71.70073953823953
ISL,2000-01-01,73.07012277069487
ISL,2000-04-01,75.54639483065954
ISL,2000-07-01,80.45763347763351
ISL,2000-10-01,86.30387121212124
ISL,2001-01-01,86.12980303030304
ISL,2001-04-01,99.512934437543
ISL,2001-07-01,100.20976482213446
ISL,2001-10-01,104.83071365832234
ISL,2002-01-01,101.352484126984
ISL,2002-04-01,92.8442885375494
ISL,2002-07-01,86.39525691699606
ISL,2002-10-01,85.74980745341612
ISL,2003-01-01,78.4124523809524
ISL,2003-04-01,74.64276334776336
ISL,2003-07-01,78.68331168831166
ISL,2003-10-01,75.03451242236027
ISL,2004-01-01,69.69764492753625
ISL,2004-04-01,72.82080086580083
ISL,2004-07-01,71.59136363636362
ISL,2004-10-01,66.65876341050257
ISL,2005-01-01,61.59752380952381
ISL,2005-04-01,64.11577922077923
ISL,2005-07-01,63.65907083254907
ISL,2005-10-01,62.128354978355
ISL,2006-01-01,65.09989920948617
ISL,2006-04-01,73.77060276679843
ISL,2006-07-01,71.64416149068323
ISL,2006-10-01,69.08042568542567
ISL,2007-01-01,68.13100065876154
ISL,2007-04-01,63.7702553485162
ISL,2007-07-01,63.10604281949933
ISL,2007-10-01,61.29176943346507
ISL,2008-01-01,67.64750862663907
ISL,2008-04-01,76.15694805194804
ISL,2008-07-01,83.72367683041597
ISL,2008-10-01,124.46826086956533
ISL,2009-01-01,117.408865079365
ISL,2009-04-01,126.58515873015865
ISL,2009-07-01,126.34335654683501
ISL,2009-10-01,124.32191605495967
ISL,2010-01-01,127.12452449965501
ISL,2010-04-01,128.630909090909
ISL,2010-07-01,119.90939393939401
ISL,2010-10-01,113.30400150574066
ISL,2011-01-01,116.18320669427199
ISL,2011-04-01,114.215367965368
ISL,2011-07-01,115.76899868247699
ISL,2011-10-01,118.06428571428567
ISL,2012-01-01,124.43585858585867
ISL,2012-04-01,127.193664596273
ISL,2012-07-01,122.94966205533599
ISL,2012-10-01,125.89380481837001
ISL,2013-01-01,127.205545548654
ISL,2013-04-01,120.518712121212
ISL,2013-07-01,121.06591505113266
ISL,2013-10-01,119.87945260053966
ISL,2014-01-01,114.256423395445
ISL,2014-04-01,112.88305916305933
ISL,2014-07-01,116.41520484346567
ISL,2014-10-01,123.19736956521733
ISL,2015-01-01,133.40216666666666
ISL,2015-04-01,133.654401154401
ISL,2015-07-01,131.35439739004968
ISL,2015-10-01,129.17338070142435
ISL,2016-01-01,128.43539682539668
ISL,2016-04-01,123.57202020202033
ISL,2016-07-01,118.27062550975602
ISL,2016-10-01,113.063492063492
ISL,2017-01-01,111.80744400527
ISL,2017-04-01,104.94308300395232
ISL,2017-07-01,105.60455486542433
ISL,2017-10-01,104.93867243867267
ISL,2018-01-01,101.10566534914369
ISL,2018-04-01,103.43271221532086
ISL,2018-07-01,108.28339920948599
ISL,2018-10-01,120.255348516218
ISL,2019-01-01,119.85151828847467
ISL,2019-04-01,122.74868247694333
ISL,2019-07-01,124.49084007779634
ISL,2019-10-01,123.45476504172166
ISL,2020-01-01,128.27503293807666
ISL,2020-04-01,141.241702741703
ISL,2020-07-01,137.53770625509767
ISL,2020-10-01,134.4741200828157
ISL,2021-01-01,128.02605244996565
ISL,2021-04-01,123.59163059163033
ISL,2021-07-01,126.27272727272732
ISL,2021-10-01,129.90987514900567
ISL,2022-01-01,128.10935127674267
ISL,2022-04-01,130.52236652236635
ISL,2022-07-01,138.92835184139565
ISL,2022-10-01,143.53246753246734
ISL,2023-01-01,142.05408432147567
ISL,2023-04-01,137.52351778656134
ISL,2023-07-01,133.29123533471366
ISL,2023-10-01,138.93867243867234
ISL,2024-01-01,137.36231884057966
ISL,2024-04-01,139.241831357049
ISL,2024-07-01,137.59150511324432
ISL,2024-10-01,137.8690319342493
ISL,2025-01-01,138.41235334713568
ISL,2025-04-01,127.55411255411268
ISL,2025-07-01,122.29208231382133
ISL,2025-10-01,125.37101449275333
ISL,2026-01-01,123.96666666666665
ISL,2026-04-01,123.606782106782
ISL,2026-07-01,125.434782608696
ISR,1995-01-01,2.9989659420289865
ISR,1995-04-01,2.98094927536232
ISR,1995-07-01,3.0069606625258767
ISR,1995-10-01,3.058651515151517
ISR,1996-01-01,3.1140386473429964
ISR,1996-04-01,3.222555204216073
ISR,1996-07-01,3.16414207290294
ISR,1996-10-01,3.2481823200953635
ISR,1997-01-01,3.3264930641821935
ISR,1997-04-01,3.413613997113997
ISR,1997-07-01,3.5273189033189034
ISR,1997-10-01,3.5281601449275364
ISR,1998-01-01,3.585372727272727
ISR,1998-04-01,3.6785202020202
ISR,1998-07-01,3.7374170901562196
ISR,1998-10-01,4.196053798858143
ISR,1999-01-01,4.061220117322294
ISR,1999-04-01,4.086911976911977
ISR,1999-07-01,4.18112121212121
ISR,1999-10-01,4.22696119580902
ISR,2000-01-01,4.0536356107660465
ISR,2000-04-01,4.09704677206851
ISR,2000-07-01,4.058412008281573
ISR,2000-10-01,4.097262626262626
ISR,2001-01-01,4.13229677206851
ISR,2001-04-01,4.15876121463078
ISR,2001-07-01,4.255032608695654
ISR,2001-10-01,4.27808429010603
ISR,2002-01-01,4.61891028295376
ISR,2002-04-01,4.877988076416337
ISR,2002-07-01,4.721986071899116
ISR,2002-10-01,4.72697584541063
ISR,2003-01-01,4.827522912353349
ISR,2003-04-01,4.488843434343437
ISR,2003-07-01,4.428636740071523
ISR,2003-10-01,4.44297028985507
ISR,2004-01-01,4.4628079710144934
ISR,2004-04-01,4.551369408369407
ISR,2004-07-01,4.506530303030304
ISR,2004-10-01,4.402303500846977
ISR,2005-01-01,4.35955193236715
ISR,2005-04-01,4.409367965367963
ISR,2005-07-01,4.53603356546835
ISR,2005-10-01,4.643981962481964
ISR,2006-01-01,4.670862911725957
ISR,2006-04-01,4.5117555335968405
ISR,2006-07-01,4.3882360248447165
ISR,2006-10-01,4.258512987012987
ISR,2007-01-01,4.21554347826087
ISR,2007-04-01,4.08916287094548
ISR,2007-07-01,4.187787351778657
ISR,2007-10-01,3.943305477131563
ISR,2008-01-01,3.62299861973775
ISR,2008-04-01,3.41965367965368
ISR,2008-07-01,3.4852624066754534
ISR,2008-10-01,3.8112043478260866
ISR,2009-01-01,4.0627742424242435
ISR,2009-04-01,4.060444805194806
ISR,2009-07-01,3.823506022962546
ISR,2009-10-01,3.7602758987389433
ISR,2010-01-01,3.73195890269151
ISR,2010-04-01,3.784828282828283
ISR,2010-07-01,3.7899393939393935
ISR,2010-10-01,3.615431708388234
ISR,2011-01-01,3.597252139406487
ISR,2011-04-01,3.4332965367965365
ISR,2011-07-01,3.5475404667796
ISR,2011-10-01,3.718497835497837
ISR,2012-01-01,3.765725108225107
ISR,2012-04-01,3.8188385093167696
ISR,2012-07-01,3.9773611989459834
ISR,2012-10-01,3.838268806073153
ISR,2013-01-01,3.6998286059351266
ISR,2013-04-01,3.6264248917748936
ISR,2013-07-01,3.5841065625196067
ISR,2013-10-01,3.5260929794842863
ISR,2014-01-01,3.496805831608006
ISR,2014-04-01,3.4650569985569963
ISR,2014-07-01,3.51634274421231
ISR,2014-10-01,3.8302028985507266
ISR,2015-01-01,3.9447227272727265
ISR,2015-04-01,3.8757388167388167
ISR,2015-07-01,3.84836147186147
ISR,2015-10-01,3.8789622310057066
ISR,2016-01-01,3.90733678398896
ISR,2016-04-01,3.8160995670995668
ISR,2016-07-01,3.8061823828345567
ISR,2016-10-01,3.82826767676768
ISR,2017-01-01,3.7330081027667963
ISR,2017-04-01,3.592636429512517
ISR,2017-07-01,3.56130917874396
ISR,2017-10-01,3.5107813852813834
ISR,2018-01-01,3.4639646903820833
ISR,2018-04-01,3.576982746721877
ISR,2018-07-01,3.6337343214756266
ISR,2018-10-01,3.705380638684987
ISR,2019-01-01,3.64453823326432
ISR,2019-04-01,3.5952007905138363
ISR,2019-07-01,3.5261979107848664
ISR,2019-10-01,3.4910469289164934
ISR,2020-01-01,3.4982318181818166
ISR,2020-04-01,3.5157763347763367
ISR,2020-07-01,3.41766324738064
ISR,2020-10-01,3.333547932743583
ISR,2021-01-01,3.2676271566597634
ISR,2021-04-01,3.2643759018759
ISR,2021-07-01,3.233924242424243
ISR,2021-10-01,3.1560079365079368
ISR,2022-01-01,3.197727777777777
ISR,2022-04-01,3.3428015873015866
ISR,2022-07-01,3.40360148064496
ISR,2022-10-01,3.4951536796536833
ISR,2023-01-01,3.5363490777338598
ISR,2023-04-01,3.6445367588932798
ISR,2023-07-01,3.7454803312629372
ISR,2023-10-01,3.8167453102453135
ISR,2024-01-01,3.6618868184955136
ISR,2024-04-01,3.7272212779973635
ISR,2024-07-01,3.715914768806073
ISR,2024-10-01,3.69645429449777
ISR,2025-01-01,3.6131665976535534
ISR,2025-04-01,3.58312554112554
ISR,2025-07-01,3.363387696844217
ISR,2025-10-01,3.2501217391304333
ISR,2026-01-01,3.1206560606060605
ISR,2026-04-01,2.96136940836941
ISR,2026-07-01,3.03265217391304
ITA,1995-01-01,0.8468610093977941
ITA,1995-04-01,0.8615118414959345
ITA,1995-07-01,0.83161661338553
ITA,1995-10-01,0.8253156670643386
ITA,1996-01-01,0.8127701543001061
ITA,1996-04-01,0.8032387012141902
ITA,1996-07-01,0.7856361974311433
ITA,1996-10-01,0.7860182894603197
ITA,1997-01-01,0.8463550021432962
ITA,1997-04-01,0.873099825954025
ITA,1997-07-01,0.9104598876534092
ITA,1997-10-01,0.8876968088128206
ITA,1998-01-01,0.9247258216398885
ITA,1998-04-01,0.9134383118056881
ITA,1998-07-01,0.8986821569305933
ITA,1998-10-01,0.8502469696891445
ITA,1999-01-01,0.8908650354333334
ITA,1999-04-01,0.9462974242666666
ITA,1999-07-01,0.9535907950333332
ITA,1999-10-01,0.9634983377666666
ITA,2000-01-01,1.0128999099666667
ITA,2000-04-01,1.0707995252666667
ITA,2000-07-01,1.1065821814
ITA,2000-10-01,1.1501026639333334
ITA,2001-01-01,1.0838351025666668
ITA,2001-04-01,1.1444160384
ITA,2001-07-01,1.121785947
ITA,2001-10-01,1.1164872653666666
ITA,2002-01-01,1.1407329854666666
ITA,2002-04-01,1.0874121115
ITA,2002-07-01,1.0165822042666666
ITA,2002-10-01,0.9995332300666666
ITA,2003-01-01,0.9315119056
ITA,2003-04-01,0.8803657411666667
ITA,2003-07-01,0.8883700632666667
ITA,2003-10-01,0.8404051568666667
ITA,2004-01-01,0.7999041188000001
ITA,2004-04-01,0.8297059866000001
ITA,2004-07-01,0.8178773148333334
ITA,2004-10-01,0.7719609567000001
ITA,2005-01-01,0.7630914823666667
ITA,2005-04-01,0.7945898260333334
ITA,2005-07-01,0.8200075984333334
ITA,2005-10-01,0.8407887535
ITA,2006-01-01,0.8313259251333333
ITA,2006-04-01,0.7956177087666667
ITA,2006-07-01,0.7845937593333333
ITA,2006-10-01,0.7752514898
ITA,2007-01-01,0.7627094231
ITA,2007-04-01,0.7417964550999999
ITA,2007-07-01,0.7273385733333333
ITA,2007-10-01,0.6900972570333334
ITA,2008-01-01,0.6674643105000001
ITA,2008-04-01,0.6401810566666667
ITA,2008-07-01,0.6668847167333333
ITA,2008-10-01,0.7613992753666666
ITA,2009-01-01,0.7686045454666667
ITA,2009-04-01,0.7343098845666667
ITA,2009-07-01,0.6990935441666667
ITA,2009-10-01,0.6771937198
ITA,2010-01-01,0.7226642857
ITA,2010-04-01,0.7869761904666667
ITA,2010-07-01,0.7737878787666667
ITA,2010-10-01,0.7367457180666667
ITA,2011-01-01,0.7314082470666667
ITA,2011-04-01,0.6947835498
ITA,2011-07-01,0.7082332643
ITA,2011-10-01,0.7422099567
ITA,2012-01-01,0.7625375180333333
ITA,2012-04-01,0.7798164251333333
ITA,2012-07-01,0.7991382740333334
ITA,2012-10-01,0.7705326244
ITA,2013-01-01,0.7578658730000001
ITA,2013-04-01,0.7656910043333333
ITA,2013-07-01,0.7549412729666667
ITA,2013-10-01,0.7346924829
ITA,2014-01-01,0.7296647467333334
ITA,2014-04-01,0.7292575036
ITA,2014-07-01,0.754988834
ITA,2014-10-01,0.8008694782666667
ITA,2015-01-01,0.8883128181999999
ITA,2015-04-01,0.9041201082333333
ITA,2015-07-01,0.8995253356666667
ITA,2015-10-01,0.9138483135666666
ITA,2016-01-01,0.9073307108666667
ITA,2016-04-01,0.8855690548
ITA,2016-07-01,0.8961600216666668
ITA,2016-10-01,0.9280663203333334
ITA,2017-01-01,0.9384762213333334
ITA,2017-04-01,0.9092752852333333
ITA,2017-07-01,0.8514329537666666
ITA,2017-10-01,0.8492442352
ITA,2018-01-01,0.8137506824666666
ITA,2018-04-01,0.8394843822999999
ITA,2018-07-01,0.8595732569333334
ITA,2018-10-01,0.8764896188666667
ITA,2019-01-01,0.8807720627999999
ITA,2019-04-01,0.8897470678333333
ITA,2019-07-01,0.8996656860666666
ITA,2019-10-01,0.9032086680333333
ITA,2020-01-01,0.9078426877333333
ITA,2020-04-01,0.908271645
ITA,2020-07-01,0.8551811459333334
ITA,2020-10-01,0.8388708030333333
ITA,2021-01-01,0.8296439075
ITA,2021-04-01,0.8296618398333333
ITA,2021-07-01,0.848374697
ITA,2021-10-01,0.8745331265999999
ITA,2022-01-01,0.8907364831
ITA,2022-04-01,0.9392376768
ITA,2022-07-01,0.993248951
ITA,2022-10-01,0.9803069841333333
ITA,2023-01-01,0.9321337562666666
ITA,2023-04-01,0.9185379611333334
ITA,2023-07-01,0.9193362111666668
ITA,2023-10-01,0.9293334415666666
ITA,2024-01-01,0.9213149068333334
ITA,2024-04-01,0.9289777437333333
ITA,2024-07-01,0.9099683138666667
ITA,2024-10-01,0.938207141
ITA,2025-01-01,0.9500645928333333
ITA,2025-04-01,0.8813586147
ITA,2025-07-01,0.8557902660333333
ITA,2025-10-01,0.8592611594333333
ITA,2026-01-01,0.8544349091000001
ITA,2026-04-01,0.8597848124030304
ITA,2026-07-01,0.875590869565217
JPN,1995-01-01,96.2904171883102
JPN,1995-04-01,84.45040786111167
JPN,1995-07-01,94.07032780092463
JPN,1995-10-01,101.450388977381
JPN,1996-01-01,105.78931194736833
JPN,1996-04-01,107.65334644210533
JPN,1996-07-01,108.97347674791634
JPN,1996-10-01,112.85201418951435
JPN,1997-01-01,121.24790350877201
JPN,1997-04-01,119.55494444444467
JPN,1997-07-01,117.95740079365066
JPN,1997-10-01,125.22602870813432
JPN,1998-01-01,128.03862440191367
JPN,1998-04-01,135.75289074960133
JPN,1998-07-01,139.95384884559903
JPN,1998-10-01,119.832600079745
JPN,1999-01-01,116.52342105263135
JPN,1999-04-01,120.90240607832699
JPN,1999-07-01,113.59886363636366
JPN,1999-10-01,104.52734286803967
JPN,2000-01-01,107.12812090007634
JPN,2000-04-01,106.69340909090901
JPN,2000-07-01,107.69306418219468
JPN,2000-10-01,109.82427849927866
JPN,2001-01-01,118.00078624591767
JPN,2001-04-01,122.64292063492066
JPN,2001-07-01,121.722214957684
JPN,2001-10-01,123.56932178932168
JPN,2002-01-01,132.49833333333333
JPN,2002-04-01,126.79040184453233
JPN,2002-07-01,119.27694115063667
JPN,2002-10-01,122.454104899931
JPN,2003-01-01,118.960642135642
JPN,2003-04-01,118.53528860028867
JPN,2003-07-01,117.42933057280901
JPN,2003-10-01,108.82007936507934
JPN,2004-01-01,107.15289544513466
JPN,2004-04-01,109.72730158730167
JPN,2004-07-01,109.92833333333333
JPN,2004-10-01,105.77909969257799
JPN,2005-01-01,104.54278709454799
JPN,2005-04-01,107.52961760461767
JPN,2005-07-01,111.23546270154934
JPN,2005-10-01,117.22541125541132
JPN,2006-01-01,116.88685111989467
JPN,2006-04-01,114.49908300395232
JPN,2006-07-01,116.25355417529333
JPN,2006-10-01,117.778051948052
JPN,2007-01-01,119.381001317523
JPN,2007-04-01,120.805204968944
JPN,2007-07-01,117.74280566534934
JPN,2007-10-01,113.091448616601
JPN,2008-01-01,105.23552795031067
JPN,2008-04-01,104.62952380952368
JPN,2008-07-01,107.60648409561468
JPN,2008-10-01,96.08105797101433
JPN,2009-01-01,93.63293181818183
JPN,2009-04-01,97.35265873015874
JPN,2009-07-01,93.51322291235336
JPN,2009-10-01,89.78736997302212
JPN,2010-01-01,90.64698723257418
JPN,2010-04-01,92.10469696969699
JPN,2010-07-01,85.74919696969697
JPN,2010-10-01,82.54170995670994
JPN,2011-01-01,82.25770634920637
JPN,2011-04-01,81.5485642135642
JPN,2011-07-01,77.69717893217893
JPN,2011-10-01,77.323556998557
JPN,2012-01-01,79.30270562770563
JPN,2012-04-01,80.08048309178743
JPN,2012-07-01,78.60487351778657
JPN,2012-10-01,81.2662353347136
JPN,2013-01-01,92.30057591442376
JPN,2013-04-01,98.75445382395371
JPN,2013-07-01,98.9234268147312
JPN,2013-10-01,100.41382458121593
JPN,2014-01-01,102.83010489993099
JPN,2014-04-01,102.130901875902
JPN,2014-07-01,103.963406738189
JPN,2014-10-01,114.46559420289867
JPN,2015-01-01,119.13325757575734
JPN,2015-04-01,121.30145743145734
JPN,2015-07-01,122.182267394441
JPN,2015-10-01,121.39221500721499
JPN,2016-01-01,115.41712905452033
JPN,2016-04-01,107.98052669552668
JPN,2016-07-01,102.43719838132866
JPN,2016-10-01,109.37597402597434
JPN,2017-01-01,113.70923122529666
JPN,2017-04-01,111.05957707509867
JPN,2017-07-01,111.03217391304332
JPN,2017-10-01,112.93124098124133
JPN,2018-01-01,108.35504413702233
JPN,2018-04-01,109.10730158730166
JPN,2018-07-01,111.48398221343867
JPN,2018-10-01,112.80489428445968
JPN,2019-01-01,110.22743754313301
JPN,2019-04-01,109.925018445323
JPN,2019-07-01,107.33096022335167
JPN,2019-10-01,108.700035447644
JPN,2020-01-01,108.951750329381
JPN,2020-04-01,107.538852813853
JPN,2020-07-01,106.09915835372334
JPN,2020-10-01,104.45984911224032
JPN,2021-01-01,105.90927225672867
JPN,2021-04-01,109.41638528138533
JPN,2021-07-01,110.06151515151532
JPN,2021-10-01,113.67393719806766
JPN,2022-01-01,116.19728122843333
JPN,2022-04-01,129.680851370851
JPN,2022-07-01,138.419733044733
JPN,2022-10-01,141.41531024531
JPN,2023-01-01,132.373867588933
JPN,2023-04-01,137.3705138339923
JPN,2023-07-01,144.45743961352633
JPN,2023-10-01,147.82261183261167
JPN,2024-01-01,148.32657004830935
JPN,2024-04-01,155.90887615283268
JPN,2024-07-01,149.12718238283466
JPN,2024-10-01,152.39623690319334
JPN,2025-01-01,152.59309489302967
JPN,2025-04-01,144.493795093795
JPN,2025-07-01,147.46146339168067
JPN,2025-10-01,154.1120434782607
JPN,2026-01-01,156.87881818181833
JPN,2026-04-01,159.34941558441565
JPN,2026-07-01,162.437391304348
KOR,1995-01-01,787.3794198390852
KOR,1995-04-01,763.1302329113237
KOR,1995-07-01,765.8047660594513
KOR,1995-10-01,769.2775456502394
KOR,1996-01-01,782.5082926323233
KOR,1996-04-01,786.3147778735839
KOR,1996-07-01,817.150408512002
KOR,1996-10-01,831.7071618357487
KOR,1997-01-01,866.1746356421357
KOR,1997-04-01,891.603968253968
KOR,1997-07-01,898.8542574189096
KOR,1997-10-01,1145.396847063312
KOR,1998-01-01,1604.5717171717167
KOR,1998-04-01,1392.086363636363
KOR,1998-07-01,1324.59920321225
KOR,1998-10-01,1280.6506493506502
KOR,1999-01-01,1192.0540579710134
KOR,1999-04-01,1187.39287157287
KOR,1999-07-01,1195.1612121212133
KOR,1999-10-01,1172.21507936508
KOR,2000-01-01,1125.5498757763967
KOR,2000-04-01,1115.7340645586266
KOR,2000-07-01,1115.2311318150466
KOR,2000-10-01,1166.04409090909
KOR,2001-01-01,1271.02893939394
KOR,2001-04-01,1306.58001725328
KOR,2001-07-01,1293.2492490118566
KOR,2001-10-01,1290.7801785975735
KOR,2002-01-01,1319.6482467532467
KOR,2002-04-01,1267.78900527009
KOR,2002-07-01,1196.7500298011166
KOR,2002-10-01,1219.99322908721
KOR,2003-01-01,1202.2997655122633
KOR,2003-04-01,1205.37873015873
KOR,2003-07-01,1174.65776522994
KOR,2003-10-01,1181.4987004830934
KOR,2004-01-01,1171.10310559006
KOR,2004-04-01,1162.16145021645
KOR,2004-07-01,1154.15409090909
KOR,2004-10-01,1093.3674634544166
KOR,2005-01-01,1022.6233612836435
KOR,2005-04-01,1007.7969408369432
KOR,2005-07-01,1030.06967501098
KOR,2005-10-01,1036.4128427128433
KOR,2006-01-01,975.7623188405796
KOR,2006-04-01,949.753162055336
KOR,2006-07-01,955.1635610766047
KOR,2006-10-01,938.3131313131313
KOR,2007-01-01,939.1422266139657
KOR,2007-04-01,929.215320910973
KOR,2007-07-01,927.3939393939394
KOR,2007-10-01,922.0499341238474
KOR,2008-01-01,956.5074879227053
KOR,2008-04-01,1017.407647907646
KOR,2008-07-01,1066.7285980927265
KOR,2008-10-01,1362.8036231884068
KOR,2009-01-01,1415.16515151515
KOR,2009-04-01,1281.3816017316
KOR,2009-07-01,1237.07616538051
KOR,2009-10-01,1166.1642781855833
KOR,2010-01-01,1142.9511559696332
KOR,2010-04-01,1165.4508874458868
KOR,2010-07-01,1181.3227272727265
KOR,2010-10-01,1132.0002801304965
KOR,2011-01-01,1118.4082384403034
KOR,2011-04-01,1082.3474747474731
KOR,2011-07-01,1083.7155844155834
KOR,2011-10-01,1144.7381673881666
KOR,2012-01-01,1130.0863997114
KOR,2012-04-01,1152.0617736369902
KOR,2012-07-01,1132.3256264822132
KOR,2012-10-01,1089.2655753184001
KOR,2013-01-01,1085.4259810213966
KOR,2013-04-01,1122.8960966810967
KOR,2013-07-01,1109.2938139155533
KOR,2013-10-01,1062.0865298952233
KOR,2014-01-01,1069.17140441684
KOR,2014-04-01,1029.2371572871566
KOR,2014-07-01,1026.3483970136133
KOR,2014-10-01,1087.50043478261
KOR,2015-01-01,1100.5383333333334
KOR,2015-04-01,1097.10324675325
KOR,2015-07-01,1170.2566064370433
KOR,2015-10-01,1157.33896731288
KOR,2016-01-01,1201.3392684610067
KOR,2016-04-01,1162.9450216450234
KOR,2016-07-01,1120.40217705
KOR,2016-10-01,1157.67113997114
KOR,2017-01-01,1152.6715810276667
KOR,2017-04-01,1129.97258234519
KOR,2017-07-01,1132.3895790200165
KOR,2017-10-01,1107.5062049062033
KOR,2018-01-01,1072.8641370223968
KOR,2018-04-01,1079.1420289855066
KOR,2018-07-01,1121.3676350461135
KOR,2018-10-01,1127.3698945981566
KOR,2019-01-01,1124.8463388543832
KOR,2019-04-01,1166.4415085639
KOR,2019-07-01,1194.4143829600368
KOR,2019-10-01,1175.4731068448466
KOR,2020-01-01,1193.6723913043468
KOR,2020-04-01,1220.5841991342002
KOR,2020-07-01,1187.58678398896
KOR,2020-10-01,1118.6678493004567
KOR,2021-01-01,1113.7668426501034
KOR,2021-04-01,1121.40505050505
KOR,2021-07-01,1159.2772727272734
KOR,2021-10-01,1183.3755473994634
KOR,2022-01-01,1205.2530089717034
KOR,2022-04-01,1259.9824675324667
KOR,2022-07-01,1340.5779158040034
KOR,2022-10-01,1359.8207070707067
KOR,2023-01-01,1274.9536627141
KOR,2023-04-01,1315.674071146247
KOR,2023-07-01,1312.73526570048
KOR,2023-10-01,1320.6799422799434
KOR,2024-01-01,1328.94126984127
KOR,2024-04-01,1371.5308563899864
KOR,2024-07-01,1356.2145492188968
KOR,2024-10-01,1397.4240165631466
KOR,2025-01-01,1450.9221429288466
KOR,2025-04-01,1401.6240981240999
KOR,2025-07-01,1386.1765825961465
KOR,2025-10-01,1448.3983333333333
KOR,2026-01-01,1464.1886363636368
KOR,2026-04-01,1501.67878787879
KOR,2026-07-01,1491.8652173913
LTU,1995-01-01,1.158480074
LTU,1995-04-01,1.158480074
LTU,1995-07-01,1.158480074
LTU,1995-10-01,1.158480074
LTU,1996-01-01,1.158480074
LTU,1996-04-01,1.158480074
LTU,1996-07-01,1.158480074
LTU,1996-10-01,1.158480074
LTU,1997-01-01,1.158480074
LTU,1997-04-01,1.158480074
LTU,1997-07-01,1.158480074
LTU,1997-10-01,1.158480074
LTU,1998-01-01,1.158480074
LTU,1998-04-01,1.158480074
LTU,1998-07-01,1.158480074
LTU,1998-10-01,1.158480074
LTU,1999-01-01,1.158480074
LTU,1999-04-01,1.158480074
LTU,1999-07-01,1.158480074
LTU,1999-10-01,1.158480074
LTU,2000-01-01,1.158480074
LTU,2000-04-01,1.158480074
LTU,2000-07-01,1.158480074
LTU,2000-10-01,1.158480074
LTU,2001-01-01,1.158480074
LTU,2001-04-01,1.158480074
LTU,2001-07-01,1.158480074
LTU,2001-10-01,1.158480074
LTU,2002-01-01,1.1498687056666668
LTU,2002-04-01,1.0921957056666667
LTU,2002-07-01,1.016643497
LTU,2002-10-01,1.000975054
LTU,2003-01-01,0.9326343833333333
LTU,2003-04-01,0.8827907786666667
LTU,2003-07-01,0.8893072286666667
LTU,2003-10-01,0.841220652
LTU,2004-01-01,0.7995057153333334
LTU,2004-04-01,0.829761353
LTU,2004-07-01,0.8185434043333334
LTU,2004-10-01,0.7734495673333334
LTU,2005-01-01,0.7614303366666667
LTU,2005-04-01,0.7927865306666666
LTU,2005-07-01,0.8191902223333334
LTU,2005-10-01,0.8402455976666667
LTU,2006-01-01,0.831547343
LTU,2006-04-01,0.7971211766666667
LTU,2006-07-01,0.78385658
LTU,2006-10-01,0.7758727216666667
LTU,2007-01-01,0.7629267066666667
LTU,2007-04-01,0.7419775253333333
LTU,2007-07-01,0.7283267686666667
LTU,2007-10-01,0.6904541243333333
LTU,2008-01-01,0.6688774326666667
LTU,2008-04-01,0.639616157
LTU,2008-07-01,0.6639249303333333
LTU,2008-10-01,0.7582059006666667
LTU,2009-01-01,0.765060241
LTU,2009-04-01,0.7363299353333334
LTU,2009-07-01,0.6995964626666668
LTU,2009-10-01,0.6767164813333334
LTU,2010-01-01,0.7220323603333334
LTU,2010-04-01,0.7843296263333333
LTU,2010-07-01,0.7774270156666666
LTU,2010-10-01,0.735596231
LTU,2011-01-01,0.7327289929999999
LTU,2011-04-01,0.69440261
LTU,2011-07-01,0.7061418753333334
LTU,2011-10-01,0.7410314336666666
LTU,2012-01-01,0.7627529346666666
LTU,2012-04-01,0.7783151839999999
LTU,2012-07-01,0.7998725673333333
LTU,2012-10-01,0.7710746833333334
LTU,2013-01-01,0.7573660023333333
LTU,2013-04-01,0.765967717
LTU,2013-07-01,0.7550876583333332
LTU,2013-10-01,0.734794949
LTU,2014-01-01,0.7301706826666666
LTU,2014-04-01,0.7288384306666668
LTU,2014-07-01,0.7537843683333333
LTU,2014-10-01,0.799592601
LTU,2015-01-01,0.8883128181999999
LTU,2015-04-01,0.9041201082333333
LTU,2015-07-01,0.8995253356666667
LTU,2015-10-01,0.9138483135666666
LTU,2016-01-01,0.9073307108666667
LTU,2016-04-01,0.8855690548
LTU,2016-07-01,0.8961600216666668
LTU,2016-10-01,0.9280663203333334
LTU,2017-01-01,0.9384762213333334
LTU,2017-04-01,0.9092752852333333
LTU,2017-07-01,0.8514329537666666
LTU,2017-10-01,0.8492442352
LTU,2018-01-01,0.8137506824666666
LTU,2018-04-01,0.8394843822999999
LTU,2018-07-01,0.8595732569333334
LTU,2018-10-01,0.8764896188666667
LTU,2019-01-01,0.8807720627999999
LTU,2019-04-01,0.8897470678333333
LTU,2019-07-01,0.8996656860666666
LTU,2019-10-01,0.9032086680333333
LTU,2020-01-01,0.9078426877333333
LTU,2020-04-01,0.908271645
LTU,2020-07-01,0.8551811459333334
LTU,2020-10-01,0.8388708030333333
LTU,2021-01-01,0.8296439075
LTU,2021-04-01,0.8296618398333333
LTU,2021-07-01,0.848374697
LTU,2021-10-01,0.8745331265999999
LTU,2022-01-01,0.8907364831
LTU,2022-04-01,0.9392376768
LTU,2022-07-01,0.993248951
LTU,2022-10-01,0.9803069841333333
LTU,2023-01-01,0.9321337562666666
LTU,2023-04-01,0.9185379611333334
LTU,2023-07-01,0.9193362111666668
LTU,2023-10-01,0.9293334415666666
LTU,2024-01-01,0.9213149068333334
LTU,2024-04-01,0.9289777437333333
LTU,2024-07-01,0.9099683138666667
LTU,2024-10-01,0.938207141
LTU,2025-01-01,0.9500645928333333
LTU,2025-04-01,0.8813586147
LTU,2025-07-01,0.8557902660333333
LTU,2025-10-01,0.8592611594333333
LTU,2026-01-01,0.8544349091000001
LTU,2026-04-01,0.8597848124030304
LTU,2026-07-01,0.875590869565217
LUX,1995-01-01,0.7566330109666666
LUX,1995-04-01,0.7120848919666667
LUX,1995-07-01,0.7298390262333333
LUX,1995-10-01,0.7263106750666667
LUX,1996-01-01,0.7483252726666666
LUX,1996-04-01,0.7758819431999999
LUX,1996-07-01,0.7652621846000001
LUX,1996-10-01,0.7819768186666667
LUX,1997-01-01,0.8479925169333334
LUX,1997-04-01,0.8760895953666666
LUX,1997-07-01,0.9238132303666666
LUX,1997-10-01,0.8978133312000001
LUX,1998-01-01,0.9304683452333333
LUX,1998-04-01,0.9176638183666667
LUX,1998-07-01,0.9006781540333333
LUX,1998-10-01,0.8503673368666668
LUX,1999-01-01,0.8908650354333334
LUX,1999-04-01,0.9462974242666666
LUX,1999-07-01,0.9535907950333332
LUX,1999-10-01,0.9634983377666666
LUX,2000-01-01,1.0128999099666667
LUX,2000-04-01,1.0707995252666667
LUX,2000-07-01,1.1065821814
LUX,2000-10-01,1.1501026639333334
LUX,2001-01-01,1.0838351025666668
LUX,2001-04-01,1.1444160384
LUX,2001-07-01,1.121785947
LUX,2001-10-01,1.1164872653666666
LUX,2002-01-01,1.1407329854666666
LUX,2002-04-01,1.0874121115
LUX,2002-07-01,1.0165822042666666
LUX,2002-10-01,0.9995332300666666
LUX,2003-01-01,0.9315119056
LUX,2003-04-01,0.8803657411666667
LUX,2003-07-01,0.8883700632666667
LUX,2003-10-01,0.8404051568666667
LUX,2004-01-01,0.7999041188000001
LUX,2004-04-01,0.8297059866000001
LUX,2004-07-01,0.8178773148333334
LUX,2004-10-01,0.7719609567000001
LUX,2005-01-01,0.7630914823666667
LUX,2005-04-01,0.7945898260333334
LUX,2005-07-01,0.8200075984333334
LUX,2005-10-01,0.8407887535
LUX,2006-01-01,0.8313259251333333
LUX,2006-04-01,0.7956177087666667
LUX,2006-07-01,0.7845937593333333
LUX,2006-10-01,0.7752514898
LUX,2007-01-01,0.7627094231
LUX,2007-04-01,0.7417964550999999
LUX,2007-07-01,0.7273385733333333
LUX,2007-10-01,0.6900972570333334
LUX,2008-01-01,0.6674643105000001
LUX,2008-04-01,0.6401810566666667
LUX,2008-07-01,0.6668847167333333
LUX,2008-10-01,0.7613992753666666
LUX,2009-01-01,0.7686045454666667
LUX,2009-04-01,0.7343098845666667
LUX,2009-07-01,0.6990935441666667
LUX,2009-10-01,0.6771937198
LUX,2010-01-01,0.7226642857
LUX,2010-04-01,0.7869761904666667
LUX,2010-07-01,0.7737878787666667
LUX,2010-10-01,0.7367457180666667
LUX,2011-01-01,0.7314082470666667
LUX,2011-04-01,0.6947835498
LUX,2011-07-01,0.7082332643
LUX,2011-10-01,0.7422099567
LUX,2012-01-01,0.7625375180333333
LUX,2012-04-01,0.7798164251333333
LUX,2012-07-01,0.7991382740333334
LUX,2012-10-01,0.7705326244
LUX,2013-01-01,0.7578658730000001
LUX,2013-04-01,0.7656910043333333
LUX,2013-07-01,0.7549412729666667
LUX,2013-10-01,0.7346924829
LUX,2014-01-01,0.7296647467333334
LUX,2014-04-01,0.7292575036
LUX,2014-07-01,0.754988834
LUX,2014-10-01,0.8008694782666667
LUX,2015-01-01,0.8883128181999999
LUX,2015-04-01,0.9041201082333333
LUX,2015-07-01,0.8995253356666667
LUX,2015-10-01,0.9138483135666666
LUX,2016-01-01,0.9073307108666667
LUX,2016-04-01,0.8855690548
LUX,2016-07-01,0.8961600216666668
LUX,2016-10-01,0.9280663203333334
LUX,2017-01-01,0.9384762213333334
LUX,2017-04-01,0.9092752852333333
LUX,2017-07-01,0.8514329537666666
LUX,2017-10-01,0.8492442352
LUX,2018-01-01,0.8137506824666666
LUX,2018-04-01,0.8394843822999999
LUX,2018-07-01,0.8595732569333334
LUX,2018-10-01,0.8764896188666667
LUX,2019-01-01,0.8807720627999999
LUX,2019-04-01,0.8897470678333333
LUX,2019-07-01,0.8996656860666666
LUX,2019-10-01,0.9032086680333333
LUX,2020-01-01,0.9078426877333333
LUX,2020-04-01,0.908271645
LUX,2020-07-01,0.8551811459333334
LUX,2020-10-01,0.8388708030333333
LUX,2021-01-01,0.8296439075
LUX,2021-04-01,0.8296618398333333
LUX,2021-07-01,0.848374697
LUX,2021-10-01,0.8745331265999999
LUX,2022-01-01,0.8907364831
LUX,2022-04-01,0.9392376768
LUX,2022-07-01,0.993248951
LUX,2022-10-01,0.9803069841333333
LUX,2023-01-01,0.9321337562666666
LUX,2023-04-01,0.9185379611333334
LUX,2023-07-01,0.9193362111666668
LUX,2023-10-01,0.9293334415666666
LUX,2024-01-01,0.9213149068333334
LUX,2024-04-01,0.9289777437333333
LUX,2024-07-01,0.9099683138666667
LUX,2024-10-01,0.938207141
LUX,2025-01-01,0.9500645928333333
LUX,2025-04-01,0.8813586147
LUX,2025-07-01,0.8557902660333333
LUX,2025-10-01,0.8592611594333333
LUX,2026-01-01,0.8544349091000001
LUX,2026-04-01,0.8597848124030304
LUX,2026-07-01,0.875590869565217
LVA,1995-01-01,0.7631335813333333
LVA,1995-04-01,0.727561786
LVA,1995-07-01,0.7498534443333332
LVA,1995-10-01,0.762185
LVA,1996-01-01,0.776413718
LVA,1996-04-01,0.7863738206666667
LVA,1996-07-01,0.7835280766666667
LVA,1996-10-01,0.7882709833333333
LVA,1997-01-01,0.8162541286666666
LVA,1997-04-01,0.823368488
LVA,1997-07-01,0.8342771716666667
LVA,1997-10-01,0.832380009
LVA,1998-01-01,0.844711565
LVA,1998-04-01,0.8494544706666667
LVA,1998-07-01,0.849454471
LVA,1998-10-01,0.8134083850000001
LVA,1999-01-01,0.8233684876666668
LVA,1999-04-01,0.8442372743333334
LVA,1999-07-01,0.837597206
LVA,1999-10-01,0.8252656503333333
LVA,2000-01-01,0.8409172403333334
LVA,2000-04-01,0.857517411
LVA,2000-07-01,0.8693746763333333
LVA,2000-10-01,0.884077685
LVA,2001-01-01,0.8802833603333333
LVA,2001-04-01,0.9021007280000001
LVA,2001-07-01,0.89593495
LVA,2001-10-01,0.8954606596666667
LVA,2002-01-01,0.9111122493333333
LVA,2002-04-01,0.8916663343333333
LVA,2002-07-01,0.8589402826666667
LVA,2002-10-01,0.856711117
LVA,2003-01-01,0.8319057186666666
LVA,2003-04-01,0.8153055473333334
LVA,2003-07-01,0.8170604226666667
LVA,2003-10-01,0.788270983
LVA,2004-01-01,0.7659793246666666
LVA,2004-04-01,0.7793068910000001
LVA,2004-07-01,0.7753228496666665
LVA,2004-10-01,0.7541220596666666
LVA,2005-01-01,0.7612364183333332
LVA,2005-04-01,0.7932036053333333
LVA,2005-07-01,0.8190998726666666
LVA,2005-10-01,0.8405378076666666
LVA,2006-01-01,0.8317160023333333
LVA,2006-04-01,0.7970453593333334
LVA,2006-07-01,0.784429229
LVA,2006-10-01,0.7763662886666666
LVA,2007-01-01,0.762896436
LVA,2007-04-01,0.7420750783333333
LVA,2007-07-01,0.7286052249999999
LVA,2007-10-01,0.6906619766666666
LVA,2008-01-01,0.6683228893333334
LVA,2008-04-01,0.6396283076666667
LVA,2008-07-01,0.6700303356666666
LVA,2008-10-01,0.7585803913333334
LVA,2009-01-01,0.7646987403333334
LVA,2009-04-01,0.7363361616666667
LVA,2009-07-01,0.6998632146666667
LVA,2009-10-01,0.676433259
LVA,2010-01-01,0.7219651566666667
LVA,2010-04-01,0.7841920836666666
LVA,2010-07-01,0.7770777246666666
LVA,2010-10-01,0.7359567296666666
LVA,2011-01-01,0.7327315533333333
LVA,2011-04-01,0.6949305923333333
LVA,2011-07-01,0.7069775736666667
LVA,2011-10-01,0.7181234026666666
LVA,2012-01-01,0.7630387230000001
LVA,2012-04-01,0.778073735
LVA,2012-07-01,0.8002231063333333
LVA,2012-10-01,0.7711965216666666
LVA,2013-01-01,0.7570626613333333
LVA,2013-04-01,0.7658844666666665
LVA,2013-07-01,0.7548334953333334
LVA,2013-10-01,0.7352452933333332
LVA,2014-01-01,0.7296647467333334
LVA,2014-04-01,0.7292575036
LVA,2014-07-01,0.754988834
LVA,2014-10-01,0.8008694782666667
LVA,2015-01-01,0.8883128181999999
LVA,2015-04-01,0.9041201082333333
LVA,2015-07-01,0.8995253356666667
LVA,2015-10-01,0.9138483135666666
LVA,2016-01-01,0.9073307108666667
LVA,2016-04-01,0.8855690548
LVA,2016-07-01,0.8961600216666668
LVA,2016-10-01,0.9280663203333334
LVA,2017-01-01,0.9384762213333334
LVA,2017-04-01,0.9092752852333333
LVA,2017-07-01,0.8514329537666666
LVA,2017-10-01,0.8492442352
LVA,2018-01-01,0.8137506824666666
LVA,2018-04-01,0.8394843822999999
LVA,2018-07-01,0.8595732569333334
LVA,2018-10-01,0.8764896188666667
LVA,2019-01-01,0.8807720627999999
LVA,2019-04-01,0.8897470678333333
LVA,2019-07-01,0.8996656860666666
LVA,2019-10-01,0.9032086680333333
LVA,2020-01-01,0.9078426877333333
LVA,2020-04-01,0.908271645
LVA,2020-07-01,0.8551811459333334
LVA,2020-10-01,0.8388708030333333
LVA,2021-01-01,0.8296439075
LVA,2021-04-01,0.8296618398333333
LVA,2021-07-01,0.848374697
LVA,2021-10-01,0.8745331265999999
LVA,2022-01-01,0.8907364831
LVA,2022-04-01,0.9392376768
LVA,2022-07-01,0.993248951
LVA,2022-10-01,0.9803069841333333
LVA,2023-01-01,0.9321337562666666
LVA,2023-04-01,0.9185379611333334
LVA,2023-07-01,0.9193362111666668
LVA,2023-10-01,0.9293334415666666
LVA,2024-01-01,0.9213149068333334
LVA,2024-04-01,0.9289777437333333
LVA,2024-07-01,0.9099683138666667
LVA,2024-10-01,0.938207141
LVA,2025-01-01,0.9500645928333333
LVA,2025-04-01,0.8813586147
LVA,2025-07-01,0.8557902660333333
LVA,2025-10-01,0.8592611594333333
LVA,2026-01-01,0.8544349091000001
LVA,2026-04-01,0.8597848124030304
LVA,2026-07-01,0.875590869565217
MEX,1995-01-01,6.0069393996287905
MEX,1995-04-01,6.122098365171233
MEX,1995-07-01,6.214609014004346
MEX,1995-10-01,7.3416685673982265
MEX,1996-01-01,7.52180091830303
MEX,1996-04-01,7.486187906007577
MEX,1996-07-01,7.559292418952566
MEX,1996-10-01,7.835559420289857
MEX,1997-01-01,7.865393452064503
MEX,1997-04-01,7.919748556998556
MEX,1997-07-01,7.812571501216813
MEX,1997-10-01,8.096546671025386
MEX,1998-01-01,8.432109744057117
MEX,1998-04-01,8.670730542264753
MEX,1998-07-01,9.499641849551416
MEX,1998-10-01,10.010858074352553
MEX,1999-01-01,9.954807463768118
MEX,1999-04-01,9.43971821219716
MEX,1999-07-01,9.36321818181818
MEX,1999-10-01,9.454123809523809
MEX,2000-01-01,9.399619254658386
MEX,2000-04-01,9.565713965744402
MEX,2000-07-01,9.350812801932365
MEX,2000-10-01,9.496128787878787
MEX,2001-01-01,9.68074318181818
MEX,2001-04-01,9.212352308488613
MEX,2001-07-01,9.240134868247694
MEX,2001-10-01,9.243798784950961
MEX,2002-01-01,9.108240086580087
MEX,2002-04-01,9.47754311594203
MEX,2002-07-01,9.893427592697174
MEX,2002-10-01,10.1627460971269
MEX,2003-01-01,10.826341890331898
MEX,2003-04-01,10.449679653679633
MEX,2003-07-01,10.718996157224401
MEX,2003-10-01,11.1838480641822
MEX,2004-01-01,10.986429554865401
MEX,2004-04-01,11.380324098124134
MEX,2004-07-01,11.447387878787866
MEX,2004-10-01,11.319802142543466
MEX,2005-01-01,11.168496149068298
MEX,2005-04-01,10.970753318903334
MEX,2005-07-01,10.712954325867367
MEX,2005-10-01,10.7064974025974
MEX,2006-01-01,10.597540843214766
MEX,2006-04-01,11.177796706192332
MEX,2006-07-01,10.9477453416149
MEX,2006-10-01,10.889435786435799
MEX,2007-01-01,11.0198329380764
MEX,2007-04-01,10.880889579020034
MEX,2007-07-01,10.9627971673254
MEX,2007-10-01,10.8510488801054
MEX,2008-01-01,10.804300207039333
MEX,2008-04-01,10.427835497835533
MEX,2008-07-01,10.3244165568731
MEX,2008-10-01,13.056389855072467
MEX,2009-01-01,14.386783333333334
MEX,2009-04-01,13.309538961038967
MEX,2009-07-01,13.258074596900668
MEX,2009-10-01,13.062548058221966
MEX,2010-01-01,12.772530296756367
MEX,2010-04-01,12.5683217893218
MEX,2010-07-01,12.797378787878799
MEX,2010-10-01,12.389287941527067
MEX,2011-01-01,12.062356142167
MEX,2011-04-01,11.7194155844156
MEX,2011-07-01,12.3180909090909
MEX,2011-10-01,13.635082972582966
MEX,2012-01-01,12.973735209235201
MEX,2012-04-01,13.5320303657695
MEX,2012-07-01,13.156193939393935
MEX,2012-10-01,12.938863950059599
MEX,2013-01-01,12.637585748792267
MEX,2013-04-01,12.494699534632034
MEX,2013-07-01,12.921574142041534
MEX,2013-10-01,13.025610624882367
MEX,2014-01-01,13.2314536231884
MEX,2014-04-01,12.995092352092334
MEX,2014-07-01,13.116366365518532
MEX,2014-10-01,13.878971014492768
MEX,2015-01-01,14.952472727272701
MEX,2015-04-01,15.333161969696967
MEX,2015-07-01,16.4454485293933
MEX,2015-10-01,16.765725332831398
MEX,2016-01-01,18.044768688750867
MEX,2016-04-01,18.040329480519464
MEX,2016-07-01,18.663787836125234
MEX,2016-10-01,19.760693874458898
MEX,2017-01-01,20.239589788537533
MEX,2017-04-01,18.542176848484832
MEX,2017-07-01,17.788075983436833
MEX,2017-10-01,18.916127186147197
MEX,2018-01-01,18.700140471014503
MEX,2018-04-01,19.337669634230497
MEX,2018-07-01,18.9005374677207
MEX,2018-10-01,19.7743032577326
MEX,2019-01-01,19.16358616977227
MEX,2019-04-01,19.07766278524373
MEX,2019-07-01,19.404071725955202
MEX,2019-10-01,19.221658690005633
MEX,2020-01-01,19.906561036890633
MEX,2020-04-01,23.203523867243863
MEX,2020-07-01,22.007807838634765
MEX,2020-10-01,20.4855617140348
MEX,2021-01-01,20.252649232919268
MEX,2021-04-01,19.963822005772002
MEX,2021-07-01,19.9829406060606
MEX,2021-10-01,20.693954941966265
MEX,2022-01-01,20.4522355821256
MEX,2022-04-01,19.98024305916307
MEX,2022-07-01,20.186698003638867
MEX,2022-10-01,19.642292005772035
MEX,2023-01-01,18.6084495428195
MEX,2023-04-01,17.65403417918313
MEX,2023-07-01,17.019852097998633
MEX,2023-10-01,17.491422453102434
MEX,2024-01-01,16.9493280883368
MEX,2024-04-01,17.222375038537532
MEX,2024-07-01,18.8866050479955
MEX,2024-10-01,20.034005702992665
MEX,2025-01-01,20.356675224292598
MEX,2025-04-01,19.452571933621936
MEX,2025-07-01,18.595022769621664
MEX,2025-10-01,18.27497236231883
MEX,2026-01-01,17.502665545454533
MEX,2026-04-01,17.353705930735934
MEX,2026-07-01,17.4360430434783
NLD,1995-01-01,0.7529575125583675
NLD,1995-04-01,0.7093189817776991
NLD,1995-07-01,0.7278180885869738
NLD,1995-10-01,0.7237189406349595
NLD,1996-01-01,0.7461508093170154
NLD,1996-04-01,0.7728028340087095
NLD,1996-07-01,0.7622146289666064
NLD,1996-10-01,0.7793070171060016
NLD,1997-01-01,0.8456043066767709
NLD,1997-04-01,0.8738445621247805
NLD,1997-07-01,0.9231402195993725
NLD,1997-10-01,0.8984697018512721
NLD,1998-01-01,0.9302645689919876
NLD,1998-04-01,0.9202662782308016
NLD,1998-07-01,0.9012680131838279
NLD,1998-10-01,0.8503084949169052
NLD,1999-01-01,0.8908650354333334
NLD,1999-04-01,0.9462974242666666
NLD,1999-07-01,0.9535907950333332
NLD,1999-10-01,0.9634983377666666
NLD,2000-01-01,1.0128999099666667
NLD,2000-04-01,1.0707995252666667
NLD,2000-07-01,1.1065821814
NLD,2000-10-01,1.1501026639333334
NLD,2001-01-01,1.0838351025666668
NLD,2001-04-01,1.1444160384
NLD,2001-07-01,1.121785947
NLD,2001-10-01,1.1164872653666666
NLD,2002-01-01,1.1407329854666666
NLD,2002-04-01,1.0874121115
NLD,2002-07-01,1.0165822042666666
NLD,2002-10-01,0.9995332300666666
NLD,2003-01-01,0.9315119056
NLD,2003-04-01,0.8803657411666667
NLD,2003-07-01,0.8883700632666667
NLD,2003-10-01,0.8404051568666667
NLD,2004-01-01,0.7999041188000001
NLD,2004-04-01,0.8297059866000001
NLD,2004-07-01,0.8178773148333334
NLD,2004-10-01,0.7719609567000001
NLD,2005-01-01,0.7630914823666667
NLD,2005-04-01,0.7945898260333334
NLD,2005-07-01,0.8200075984333334
NLD,2005-10-01,0.8407887535
NLD,2006-01-01,0.8313259251333333
NLD,2006-04-01,0.7956177087666667
NLD,2006-07-01,0.7845937593333333
NLD,2006-10-01,0.7752514898
NLD,2007-01-01,0.7627094231
NLD,2007-04-01,0.7417964550999999
NLD,2007-07-01,0.7273385733333333
NLD,2007-10-01,0.6900972570333334
NLD,2008-01-01,0.6674643105000001
NLD,2008-04-01,0.6401810566666667
NLD,2008-07-01,0.6668847167333333
NLD,2008-10-01,0.7613992753666666
NLD,2009-01-01,0.7686045454666667
NLD,2009-04-01,0.7343098845666667
NLD,2009-07-01,0.6990935441666667
NLD,2009-10-01,0.6771937198
NLD,2010-01-01,0.7226642857
NLD,2010-04-01,0.7869761904666667
NLD,2010-07-01,0.7737878787666667
NLD,2010-10-01,0.7367457180666667
NLD,2011-01-01,0.7314082470666667
NLD,2011-04-01,0.6947835498
NLD,2011-07-01,0.7082332643
NLD,2011-10-01,0.7422099567
NLD,2012-01-01,0.7625375180333333
NLD,2012-04-01,0.7798164251333333
NLD,2012-07-01,0.7991382740333334
NLD,2012-10-01,0.7705326244
NLD,2013-01-01,0.7578658730000001
NLD,2013-04-01,0.7656910043333333
NLD,2013-07-01,0.7549412729666667
NLD,2013-10-01,0.7346924829
NLD,2014-01-01,0.7296647467333334
NLD,2014-04-01,0.7292575036
NLD,2014-07-01,0.754988834
NLD,2014-10-01,0.8008694782666667
NLD,2015-01-01,0.8883128181999999
NLD,2015-04-01,0.9041201082333333
NLD,2015-07-01,0.8995253356666667
NLD,2015-10-01,0.9138483135666666
NLD,2016-01-01,0.9073307108666667
NLD,2016-04-01,0.8855690548
NLD,2016-07-01,0.8961600216666668
NLD,2016-10-01,0.9280663203333334
NLD,2017-01-01,0.9384762213333334
NLD,2017-04-01,0.9092752852333333
NLD,2017-07-01,0.8514329537666666
NLD,2017-10-01,0.8492442352
NLD,2018-01-01,0.8137506824666666
NLD,2018-04-01,0.8394843822999999
NLD,2018-07-01,0.8595732569333334
NLD,2018-10-01,0.8764896188666667
NLD,2019-01-01,0.8807720627999999
NLD,2019-04-01,0.8897470678333333
NLD,2019-07-01,0.8996656860666666
NLD,2019-10-01,0.9032086680333333
NLD,2020-01-01,0.9078426877333333
NLD,2020-04-01,0.908271645
NLD,2020-07-01,0.8551811459333334
NLD,2020-10-01,0.8388708030333333
NLD,2021-01-01,0.8296439075
NLD,2021-04-01,0.8296618398333333
NLD,2021-07-01,0.848374697
NLD,2021-10-01,0.8745331265999999
NLD,2022-01-01,0.8907364831
NLD,2022-04-01,0.9392376768
NLD,2022-07-01,0.993248951
NLD,2022-10-01,0.9803069841333333
NLD,2023-01-01,0.9321337562666666
NLD,2023-04-01,0.9185379611333334
NLD,2023-07-01,0.9193362111666668
NLD,2023-10-01,0.9293334415666666
NLD,2024-01-01,0.9213149068333334
NLD,2024-04-01,0.9289777437333333
NLD,2024-07-01,0.9099683138666667
NLD,2024-10-01,0.938207141
NLD,2025-01-01,0.9500645928333333
NLD,2025-04-01,0.8813586147
NLD,2025-07-01,0.8557902660333333
NLD,2025-10-01,0.8592611594333333
NLD,2026-01-01,0.8544349091000001
NLD,2026-04-01,0.8597848124030304
NLD,2026-07-01,0.875590869565217
NOR,1995-01-01,6.522295565916529
NOR,1995-04-01,6.240575120744974
NOR,1995-07-01,6.305328019922013
NOR,1995-10-01,6.280527335451357
NOR,1996-01-01,6.416654311213563
NOR,1996-04-01,6.53674748561508
NOR,1996-07-01,6.4409954940889635
NOR,1996-10-01,6.43501011042098
NOR,1997-01-01,6.621715432900433
NOR,1997-04-01,7.083147857142859
NOR,1997-07-01,7.458226708074534
NOR,1997-10-01,7.126175568268497
NOR,1998-01-01,7.544082460317459
NOR,1998-04-01,7.514833636363637
NOR,1998-07-01,7.630088713219149
NOR,1998-10-01,7.491987878787881
NOR,1999-01-01,7.66166920289855
NOR,1999-04-01,7.795003759018759
NOR,1999-07-01,7.841627272727274
NOR,1999-10-01,7.88931253968254
NOR,2000-01-01,8.218042149758455
NOR,2000-04-01,8.776723010540186
NOR,2000-07-01,8.956215665976536
NOR,2000-10-01,9.23576787878788
NOR,2001-01-01,8.886012424242423
NOR,2001-04-01,9.17485898205659
NOR,2001-07-01,8.991093386034256
NOR,2001-10-01,8.901471636656419
NOR,2002-01-01,8.906819054834058
NOR,2002-04-01,8.190778913043475
NOR,2002-07-01,7.523170158102768
NOR,2002-10-01,7.321453688569247
NOR,2003-01-01,7.053376291486294
NOR,2003-04-01,7.005678643578647
NOR,2003-07-01,7.334876808457243
NOR,2003-10-01,6.916171590752243
NOR,2004-01-01,6.902264423740509
NOR,2004-04-01,6.856952741702741
NOR,2004-07-01,6.86592878787879
NOR,2004-10-01,6.332174766296506
NOR,2005-01-01,6.284006542443064
NOR,2005-04-01,6.389549783549779
NOR,2005-07-01,6.46377020515716
NOR,2005-10-01,6.62829963924964
NOR,2006-01-01,6.673191106719366
NOR,2006-04-01,6.2343632411067205
NOR,2006-07-01,6.335403726708074
NOR,2006-10-01,6.4161645021644995
NOR,2007-01-01,6.228670816864294
NOR,2007-04-01,6.013100069013113
NOR,2007-07-01,5.754858234519102
NOR,2007-10-01,5.437185177865611
NOR,2008-01-01,5.317360248447204
NOR,2008-04-01,5.08632034632035
NOR,2008-07-01,5.375553642010167
NOR,2008-10-01,6.812041304347827
NOR,2009-01-01,6.873069696969696
NOR,2009-04-01,6.4944362914862905
NOR,2009-07-01,6.108625572495133
NOR,2009-10-01,5.6842697785306475
NOR,2010-01-01,5.855649102829537
NOR,2010-04-01,6.231621933621933
NOR,2010-07-01,6.153924242424247
NOR,2010-10-01,5.926191385908777
NOR,2011-01-01,5.723086197377504
NOR,2011-04-01,5.436862914862914
NOR,2011-07-01,5.5015764163372864
NOR,2011-10-01,5.7567741702741735
NOR,2012-01-01,5.78424386724387
NOR,2012-04-01,5.893899240855763
NOR,2012-07-01,5.90464980237154
NOR,2012-10-01,5.676891963109353
NOR,2013-01-01,5.631920496894409
NOR,2013-04-01,5.828269516594517
NOR,2013-07-01,5.9887324267519935
NOR,2013-10-01,6.057160248447204
NOR,2014-01-01,6.093592425810904
NOR,2014-04-01,5.98409393939394
NOR,2014-07-01,6.244483631344501
NOR,2014-10-01,6.88538079710145
NOR,2015-01-01,7.749423484848488
NOR,2015-04-01,7.754147835497833
NOR,2015-07-01,8.221564317083883
NOR,2015-10-01,8.53213766233766
NOR,2016-01-01,8.645774258109041
NOR,2016-04-01,8.25173015873016
NOR,2016-07-01,8.32196993224167
NOR,2016-10-01,8.381428787878788
NOR,2017-01-01,8.43800740447958
NOR,2017-04-01,8.516761389986824
NOR,2017-07-01,7.96338226363009
NOR,2017-10-01,8.165885497835497
NOR,2018-01-01,7.840447180500656
NOR,2018-04-01,8.015041200828158
NOR,2018-07-01,8.235661903820818
NOR,2018-10-01,8.448146194867933
NOR,2019-01-01,8.580412936507937
NOR,2019-04-01,8.64008359025033
NOR,2019-07-01,8.863418250831293
NOR,2019-10-01,9.110306277056276
NOR,2020-01-01,9.48641817523057
NOR,2020-04-01,10.01533852813854
NOR,2020-07-01,9.127457845536107
NOR,2020-10-01,9.02360869878913
NOR,2021-01-01,8.514186124913733
NOR,2021-04-01,8.371820490620491
NOR,2021-07-01,8.761193939393939
NOR,2021-10-01,8.718789390802437
NOR,2022-01-01,8.848919375431331
NOR,2022-04-01,9.41500930735931
NOR,2022-07-01,9.994844121337607
NOR,2022-10-01,10.1928878066378
NOR,2023-01-01,10.238744822134377
NOR,2023-04-01,10.692840158102767
NOR,2023-07-01,10.482344858523101
NOR,2023-10-01,10.8240113275613
NOR,2024-01-01,10.5168380952381
NOR,2024-04-01,10.747279565217399
NOR,2024-07-01,10.707754234895532
NOR,2024-10-01,11.026760580964966
NOR,2025-01-01,11.0759759730849
NOR,2025-04-01,10.305130447330432
NOR,2025-07-01,10.100225525440747
NOR,2025-10-01,10.098431956521734
NOR,2026-01-01,9.72738515151515
NOR,2026-04-01,9.424043001443
NOR,2026-07-01,9.70641304347826
NZL,1995-01-01,1.562287215133643
NZL,1995-04-01,1.4959719184888334
NZL,1995-07-01,1.5099906646183232
NZL,1995-10-01,1.5275684563943
NZL,1996-01-01,1.4859430028571434
NZL,1996-04-01,1.4658522123330435
NZL,1996-07-01,1.4461890360941068
NZL,1996-10-01,1.4165687370600433
NZL,1997-01-01,1.4340383333333335
NZL,1997-04-01,1.4487428066378065
NZL,1997-07-01,1.5456625914423734
NZL,1997-10-01,1.62173361174676
NZL,1998-01-01,1.7290095382395367
NZL,1998-04-01,1.87211984848485
NZL,1998-07-01,1.9713596367400734
NZL,1998-10-01,1.9016113275613267
NZL,1999-01-01,1.8627062547673532
NZL,1999-04-01,1.84340642857143
NZL,1999-07-01,1.90490606060606
NZL,1999-10-01,1.9559063492063469
NZL,2000-01-01,2.00993266390614
NZL,2000-04-01,2.0930997299077734
NZL,2000-07-01,2.2710381642512103
NZL,2000-10-01,2.4446818181818197
NZL,2001-01-01,2.3151878787878797
NZL,2001-04-01,2.4166016563147
NZL,2001-07-01,2.3876072002635067
NZL,2001-10-01,2.4074411579563733
NZL,2002-01-01,2.35380204184704
NZL,2002-04-01,2.1611989591567835
NZL,2002-07-01,2.11931638747726
NZL,2002-10-01,2.0189677418183165
NZL,2003-01-01,1.821534862914863
NZL,2003-04-01,1.75833229389033
NZL,2003-07-01,1.71310671309367
NZL,2003-10-01,1.6010837474120099
NZL,2004-01-01,1.4818229848171167
NZL,2004-04-01,1.5903884559884567
NZL,2004-07-01,1.5325787878787864
NZL,2004-10-01,1.4312640090344466
NZL,2005-01-01,1.3961428226363
NZL,2005-04-01,1.39770606060606
NZL,2005-07-01,1.4477088117196832
NZL,2005-10-01,1.4417345598845568
NZL,2006-01-01,1.5061222661396567
NZL,2006-04-01,1.60298471673254
NZL,2006-07-01,1.5752505175983433
NZL,2006-10-01,1.4821948051948033
NZL,2007-01-01,1.4369208168642933
NZL,2007-04-01,1.3493850931677034
NZL,2007-07-01,1.3480534255599466
NZL,2007-10-01,1.3095328722002633
NZL,2008-01-01,1.2670133097204967
NZL,2008-04-01,1.28898271039466
NZL,2008-07-01,1.40593611318693
NZL,2008-10-01,1.7399673913043465
NZL,2009-01-01,1.88217664320909
NZL,2009-04-01,1.65961544011544
NZL,2009-07-01,1.484192603049123
NZL,2009-10-01,1.3740549689441
NZL,2010-01-01,1.41061967563837
NZL,2010-04-01,1.4290170274170266
NZL,2010-07-01,1.3916318181818201
NZL,2010-10-01,1.31900676642198
NZL,2011-01-01,1.3226414320220832
NZL,2011-04-01,1.2502160173160168
NZL,2011-07-01,1.2025861503231068
NZL,2011-10-01,1.29034126984127
NZL,2012-01-01,1.2225588744588733
NZL,2012-04-01,1.2658198757763968
NZL,2012-07-01,1.23625826745718
NZL,2012-10-01,1.2149564527260166
NZL,2013-01-01,1.1983188026224967
NZL,2013-04-01,1.2206427878787898
NZL,2013-07-01,1.2536873938139133
NZL,2013-10-01,1.2089047666102033
NZL,2014-01-01,1.1950231321601101
NZL,2014-04-01,1.1617314357864368
NZL,2014-07-01,1.1882051276742567
NZL,2014-10-01,1.2783664275362299
NZL,2015-01-01,1.3305650151515167
NZL,2015-04-01,1.36872018037518
NZL,2015-07-01,1.5369805759457902
NZL,2015-10-01,1.5007142618733933
NZL,2016-01-01,1.5072959420289866
NZL,2016-04-01,1.4474614502164498
NZL,2016-07-01,1.3839877802873435
NZL,2016-10-01,1.40735787878788
NZL,2017-01-01,1.4054037661396566
NZL,2017-04-01,1.41869250461133
NZL,2017-07-01,1.36935812284334
NZL,2017-10-01,1.43615127705628
NZL,2018-01-01,1.3749406515151499
NZL,2018-04-01,1.4200392132505197
NZL,2018-07-01,1.4960754578392634
NZL,2018-10-01,1.4914336533032166
NZL,2019-01-01,1.4674079761904766
NZL,2019-04-01,1.5095850882740434
NZL,2019-07-01,1.5425959068950368
NZL,2019-10-01,1.5524868997427665
NZL,2020-01-01,1.5774293899868266
NZL,2020-04-01,1.6189669336219332
NZL,2020-07-01,1.5111155734362267
NZL,2020-10-01,1.45748535541753
NZL,2021-01-01,1.3912869568668034
NZL,2021-04-01,1.3981284199134167
NZL,2021-07-01,1.4279810606060568
NZL,2021-10-01,1.4387456217454033
NZL,2022-01-01,1.4789684689441003
NZL,2022-04-01,1.5394692279942266
NZL,2022-07-01,1.6328141448647966
NZL,2022-10-01,1.65993064935065
NZL,2023-01-01,1.5882765191040835
NZL,2023-04-01,1.61698437417655
NZL,2023-07-01,1.6533476328502434
NZL,2023-10-01,1.6566847907647932
NZL,2024-01-01,1.6327288129744666
NZL,2024-04-01,1.65256043478261
NZL,2024-07-01,1.6357724126356734
NZL,2024-10-01,1.69314993851559
NZL,2025-01-01,1.7608192674258134
NZL,2025-04-01,1.6847988816738833
NZL,2025-07-01,1.6876496825396832
NZL,2025-10-01,1.7439536739130432
NZL,2026-01-01,1.6959273030303
NZL,2026-04-01,1.7113991125541135
NZL,2026-07-01,1.73077869565217
POL,1995-01-01,2.4233726683696966
POL,1995-04-01,2.375598404767753
POL,1995-07-01,2.4231904764127
POL,1995-10-01,2.4779616591295666
POL,1996-01-01,2.543061767435473
POL,1996-04-01,2.6698174777373036
POL,1996-07-01,2.7390360228041266
POL,1996-10-01,2.8300807453416135
POL,1997-01-01,3.01045598845599
POL,1997-04-01,3.1752857142857134
POL,1997-07-01,3.4413033126293997
POL,1997-10-01,3.4803996948893996
POL,1998-01-01,3.5088318903318902
POL,1998-04-01,3.437121212121214
POL,1998-07-01,3.5456925152142538
POL,1998-10-01,3.4763059163059165
POL,1999-01-01,3.75026811594203
POL,1999-04-01,3.958192640692643
POL,1999-07-01,3.970757575757577
POL,1999-10-01,4.1782539682539666
POL,2000-01-01,4.114803657694964
POL,2000-04-01,4.37146903820817
POL,2000-07-01,4.385298481711526
POL,2000-10-01,4.511121212121213
POL,2001-01-01,4.0888333333333335
POL,2001-04-01,3.9927049689441
POL,2001-07-01,4.22272068511199
POL,2001-10-01,4.08453447518665
POL,2002-01-01,4.13140909090909
POL,2002-04-01,4.045472990777337
POL,2002-07-01,4.14749670619236
POL,2002-10-01,4.002115070284407
POL,2003-01-01,3.901334054834057
POL,2003-04-01,3.83547619047619
POL,2003-07-01,3.928243616287093
POL,2003-10-01,3.8885931677018633
POL,2004-01-01,3.8134351276742566
POL,2004-04-01,3.89095238095238
POL,2004-07-01,3.620151515151514
POL,2004-10-01,3.278926218708827
POL,2005-01-01,3.0734385783298834
POL,2005-04-01,3.27962481962482
POL,2005-07-01,3.29511700859527
POL,2005-10-01,3.2879451659451635
POL,2006-01-01,3.1861323451910395
POL,2006-04-01,3.141663702239787
POL,2006-07-01,3.104381642512077
POL,2006-10-01,2.9817243867243834
POL,2007-01-01,2.9644019104084336
POL,2007-04-01,2.8186970324361638
POL,2007-07-01,2.756814690382083
POL,2007-10-01,2.5212001976284597
POL,2008-01-01,2.38549275362319
POL,2008-04-01,2.18167316017316
POL,2008-07-01,2.20514345316519
POL,2008-10-01,2.8680384057971
POL,2009-01-01,3.4646030303030297
POL,2009-04-01,3.258089826839827
POL,2009-07-01,2.929557751427313
POL,2009-10-01,2.8243008658008635
POL,2010-01-01,2.8794894064872296
POL,2010-04-01,3.160710678210677
POL,2010-07-01,3.09652121212121
POL,2010-10-01,2.92133317648535
POL,2011-01-01,2.880904071773637
POL,2011-04-01,2.74806204906205
POL,2011-07-01,2.9399651170085934
POL,2011-10-01,3.27947748917749
POL,2012-01-01,3.2231666666666663
POL,2012-04-01,3.3173533471359566
POL,2012-07-01,3.301607575757577
POL,2012-10-01,3.1652368404542304
POL,2013-01-01,3.1462197377501737
POL,2013-04-01,3.214198354978357
POL,2013-07-01,3.20668391367087
POL,2013-10-01,3.0740213595583135
POL,2014-01-01,3.0540533954451328
POL,2014-04-01,3.0384618326118336
POL,2014-07-01,3.1507502007654167
POL,2014-10-01,3.37379804347826
POL,2015-01-01,3.7209004545454563
POL,2015-04-01,3.700689033189033
POL,2015-07-01,3.765176943346507
POL,2015-10-01,3.894184917497963
POL,2016-01-01,3.9585935127674268
POL,2016-04-01,3.870722150072147
POL,2016-07-01,3.890155150887757
POL,2016-10-01,4.056961038961039
POL,2017-01-01,4.060520592885376
POL,2017-04-01,3.83725431488801
POL,2017-07-01,3.625549689440993
POL,2017-10-01,3.5939883116883102
POL,2018-01-01,3.400926561264823
POL,2018-04-01,3.57431801242236
POL,2018-07-01,3.7023645388669295
POL,2018-10-01,3.7679904824643966
POL,2019-01-01,3.7889416356107666
POL,2019-04-01,3.81129180500659
POL,2019-07-01,3.885624505928854
POL,2019-10-01,3.8720454514084963
POL,2020-01-01,3.9215696903820834
POL,2020-04-01,4.095040187590187
POL,2020-07-01,3.7996925685425667
POL,2020-10-01,3.781489845661587
POL,2021-01-01,3.7700852657004837
POL,2021-04-01,3.761449206349207
POL,2021-07-01,3.873956060606057
POL,2021-10-01,4.0379990745969
POL,2022-01-01,4.116787691511387
POL,2022-04-01,4.36017626262626
POL,2022-07-01,4.711801217140347
POL,2022-10-01,4.642221861471863
POL,2023-01-01,4.3893379314888
POL,2023-04-01,4.17650448616601
POL,2023-07-01,4.136244168391993
POL,2023-10-01,4.104660317460317
POL,2024-01-01,3.9910223602484467
POL,2024-04-01,3.9964911923583664
POL,2024-07-01,3.8994441621180767
POL,2024-10-01,4.038342957525567
POL,2025-01-01,3.99410967563837
POL,2025-04-01,3.7579978354978336
POL,2025-07-01,3.6454198099002433
POL,2025-10-01,3.6420465942029003
POL,2026-01-01,3.617732727272727
POL,2026-04-01,3.6566046176046165
POL,2026-07-01,3.77971739130435
PRT,1995-01-01,0.7669287018285931
PRT,1995-04-01,0.7339342185333346
PRT,1995-07-01,0.7449584833883675
PRT,1995-10-01,0.7456639498807873
PRT,1996-01-01,0.7598846779261978
PRT,1996-04-01,0.780114091705656
PRT,1996-07-01,0.7659986100165268
PRT,1996-10-01,0.77085573767221
PRT,1997-01-01,0.829312856016999
PRT,1997-04-01,0.8600655752968679
PRT,1997-07-01,0.9125148392374377
PRT,1997-10-01,0.8928914649029173
PRT,1998-01-01,0.9280374297941959
PRT,1998-04-01,0.9157698280477383
PRT,1998-07-01,0.900208830052906
PRT,1998-10-01,0.8503044329831771
PRT,1999-01-01,0.8908650354333334
PRT,1999-04-01,0.9462974242666666
PRT,1999-07-01,0.9535907950333332
PRT,1999-10-01,0.9634983377666666
PRT,2000-01-01,1.0128999099666667
PRT,2000-04-01,1.0707995252666667
PRT,2000-07-01,1.1065821814
PRT,2000-10-01,1.1501026639333334
PRT,2001-01-01,1.0838351025666668
PRT,2001-04-01,1.1444160384
PRT,2001-07-01,1.121785947
PRT,2001-10-01,1.1164872653666666
PRT,2002-01-01,1.1407329854666666
PRT,2002-04-01,1.0874121115
PRT,2002-07-01,1.0165822042666666
PRT,2002-10-01,0.9995332300666666
PRT,2003-01-01,0.9315119056
PRT,2003-04-01,0.8803657411666667
PRT,2003-07-01,0.8883700632666667
PRT,2003-10-01,0.8404051568666667
PRT,2004-01-01,0.7999041188000001
PRT,2004-04-01,0.8297059866000001
PRT,2004-07-01,0.8178773148333334
PRT,2004-10-01,0.7719609567000001
PRT,2005-01-01,0.7630914823666667
PRT,2005-04-01,0.7945898260333334
PRT,2005-07-01,0.8200075984333334
PRT,2005-10-01,0.8407887535
PRT,2006-01-01,0.8313259251333333
PRT,2006-04-01,0.7956177087666667
PRT,2006-07-01,0.7845937593333333
PRT,2006-10-01,0.7752514898
PRT,2007-01-01,0.7627094231
PRT,2007-04-01,0.7417964550999999
PRT,2007-07-01,0.7273385733333333
PRT,2007-10-01,0.6900972570333334
PRT,2008-01-01,0.6674643105000001
PRT,2008-04-01,0.6401810566666667
PRT,2008-07-01,0.6668847167333333
PRT,2008-10-01,0.7613992753666666
PRT,2009-01-01,0.7686045454666667
PRT,2009-04-01,0.7343098845666667
PRT,2009-07-01,0.6990935441666667
PRT,2009-10-01,0.6771937198
PRT,2010-01-01,0.7226642857
PRT,2010-04-01,0.7869761904666667
PRT,2010-07-01,0.7737878787666667
PRT,2010-10-01,0.7367457180666667
PRT,2011-01-01,0.7314082470666667
PRT,2011-04-01,0.6947835498
PRT,2011-07-01,0.7082332643
PRT,2011-10-01,0.7422099567
PRT,2012-01-01,0.7625375180333333
PRT,2012-04-01,0.7798164251333333
PRT,2012-07-01,0.7991382740333334
PRT,2012-10-01,0.7705326244
PRT,2013-01-01,0.7578658730000001
PRT,2013-04-01,0.7656910043333333
PRT,2013-07-01,0.7549412729666667
PRT,2013-10-01,0.7346924829
PRT,2014-01-01,0.7296647467333334
PRT,2014-04-01,0.7292575036
PRT,2014-07-01,0.754988834
PRT,2014-10-01,0.8008694782666667
PRT,2015-01-01,0.8883128181999999
PRT,2015-04-01,0.9041201082333333
PRT,2015-07-01,0.8995253356666667
PRT,2015-10-01,0.9138483135666666
PRT,2016-01-01,0.9073307108666667
PRT,2016-04-01,0.8855690548
PRT,2016-07-01,0.8961600216666668
PRT,2016-10-01,0.9280663203333334
PRT,2017-01-01,0.9384762213333334
PRT,2017-04-01,0.9092752852333333
PRT,2017-07-01,0.8514329537666666
PRT,2017-10-01,0.8492442352
PRT,2018-01-01,0.8137506824666666
PRT,2018-04-01,0.8394843822999999
PRT,2018-07-01,0.8595732569333334
PRT,2018-10-01,0.8764896188666667
PRT,2019-01-01,0.8807720627999999
PRT,2019-04-01,0.8897470678333333
PRT,2019-07-01,0.8996656860666666
PRT,2019-10-01,0.9032086680333333
PRT,2020-01-01,0.9078426877333333
PRT,2020-04-01,0.908271645
PRT,2020-07-01,0.8551811459333334
PRT,2020-10-01,0.8388708030333333
PRT,2021-01-01,0.8296439075
PRT,2021-04-01,0.8296618398333333
PRT,2021-07-01,0.848374697
PRT,2021-10-01,0.8745331265999999
PRT,2022-01-01,0.8907364831
PRT,2022-04-01,0.9392376768
PRT,2022-07-01,0.993248951
PRT,2022-10-01,0.9803069841333333
PRT,2023-01-01,0.9321337562666666
PRT,2023-04-01,0.9185379611333334
PRT,2023-07-01,0.9193362111666668
PRT,2023-10-01,0.9293334415666666
PRT,2024-01-01,0.9213149068333334
PRT,2024-04-01,0.9289777437333333
PRT,2024-07-01,0.9099683138666667
PRT,2024-10-01,0.938207141
PRT,2025-01-01,0.9500645928333333
PRT,2025-04-01,0.8813586147
PRT,2025-07-01,0.8557902660333333
PRT,2025-10-01,0.8592611594333333
PRT,2026-01-01,0.8544349091000001
PRT,2026-04-01,0.8597848124030304
PRT,2026-07-01,0.875590869565217
RUS,1995-01-01,4.2847664886331565
RUS,1995-04-01,4.932899112386839
RUS,1995-07-01,4.470276937708618
RUS,1995-10-01,4.554058415019747
RUS,1996-01-01,4.763660316498957
RUS,1996-04-01,4.985481835500466
RUS,1996-07-01,5.272229633596297
RUS,1996-10-01,5.480517688206554
RUS,1997-01-01,5.651629087401587
RUS,1997-04-01,5.764438589205846
RUS,1997-07-01,5.81411468036172
RUS,1997-10-01,5.90396969487626
RUS,1998-01-01,6.045023207260823
RUS,1998-04-01,6.1481032818316
RUS,1998-07-01,9.12854120893355
RUS,1998-10-01,17.4454949113564
RUS,1999-01-01,22.949808031159435
RUS,1999-04-01,24.48696440113493
RUS,1999-07-01,24.801805804011536
RUS,1999-10-01,26.2374602726984
RUS,2000-01-01,28.443071838880233
RUS,2000-04-01,28.386121624278
RUS,2000-07-01,27.779022164407866
RUS,2000-10-01,27.8600636305606
RUS,2001-01-01,28.532921300060597
RUS,2001-04-01,28.99892725483643
RUS,2001-07-01,29.33060892382677
RUS,2001-10-01,29.838631579478832
RUS,2002-01-01,30.8405346558622
RUS,2002-04-01,31.286931859826097
RUS,2002-07-01,31.57404212613213
RUS,2002-10-01,31.800661408500233
RUS,2003-01-01,31.6607538676717
RUS,2003-04-01,30.876893693326135
RUS,2003-07-01,30.4283396154994
RUS,2003-10-01,29.800051803883367
RUS,2004-01-01,28.630306195020705
RUS,2004-04-01,28.8730739704401
RUS,2004-07-01,29.1663483972727
RUS,2004-10-01,28.526925299481167
RUS,2005-01-01,27.819798438438237
RUS,2005-04-01,28.0683624191342
RUS,2005-07-01,28.4165126015647
RUS,2005-10-01,28.673790653982667
RUS,2006-01-01,28.127950467629134
RUS,2006-04-01,27.182550582550068
RUS,2006-07-01,26.806153296135268
RUS,2006-10-01,26.583997852200564
RUS,2007-01-01,26.2984430152365
RUS,2007-04-01,25.8605769730918
RUS,2007-07-01,25.485031788951265
RUS,2007-10-01,24.6399929127523
RUS,2008-01-01,24.236065453830197
RUS,2008-04-01,23.631284190743134
RUS,2008-07-01,24.30615722882803
RUS,2008-10-01,27.294091999971
RUS,2009-01-01,34.14206383777273
RUS,2009-04-01,32.16822126192643
RUS,2009-07-01,31.30458722347667
RUS,2009-10-01,29.480113140537966
RUS,2010-01-01,29.865263295979968
RUS,2010-04-01,30.329269209870134
RUS,2010-07-01,30.588121356969697
RUS,2010-10-01,30.7087899427768
RUS,2011-01-01,29.2594949311584
RUS,2011-04-01,27.978752484415597
RUS,2011-07-01,29.165553844238662
RUS,2011-10-01,31.206656545476203
RUS,2012-01-01,30.13862559934343
RUS,2012-04-01,31.07281900972397
RUS,2012-07-01,31.9238183868149
RUS,2012-10-01,31.0577812090602
RUS,2013-01-01,30.41568151862113
RUS,2013-04-01,31.675032373207802
RUS,2013-07-01,32.78744864580967
RUS,2013-10-01,32.55775487192546
RUS,2014-01-01,35.09214703266087
RUS,2014-04-01,34.96119474678934
RUS,2014-07-01,36.31803373809337
RUS,2014-10-01,48.005226361557966
RUS,2015-01-01,62.93336009934847
RUS,2015-04-01,52.7451939271212
RUS,2015-07-01,63.294638827260165
RUS,2015-10-01,66.07680281305603
RUS,2016-01-01,74.76468731207727
RUS,2016-04-01,65.8382117924603
RUS,2016-07-01,64.57738015281608
RUS,2016-10-01,63.01869000970421
RUS,2017-01-01,58.7224433530975
RUS,2017-04-01,57.20022913197827
RUS,2017-07-01,58.94418257418911
RUS,2017-10-01,58.434954581529574
RUS,2018-01-01,56.910847561923596
RUS,2018-04-01,62.06884021394063
RUS,2018-07-01,65.61669085573119
RUS,2018-10-01,66.62509482150698
RUS,2019-01-01,65.95617610282956
RUS,2019-04-01,64.53699074901186
RUS,2019-07-01,64.66357369565218
RUS,2019-10-01,63.686968282200894
RUS,2020-01-01,66.92493269762844
RUS,2020-04-01,72.38224376623377
RUS,2020-07-01,73.82744972081058
RUS,2020-10-01,76.16256869973023
RUS,2021-01-01,74.4204730189786
RUS,2021-04-01,74.1828732972583
RUS,2021-07-01,73.50749469696973
RUS,2021-10-01,72.7117313137587
RUS,2022-01-01,88.59563804692887
RUS,2022-04-01,67.478189018759
RUS,2022-07-01,60.29624779252146
RUS,2022-10-01,63.2974856926407
RUS,2023-01-01,73.33369574901187
RUS,2023-04-01,81.52637413241108
RUS,2023-07-01,94.38551830917878
RUS,2023-10-01,92.8969384199134
RUS,2024-01-01,91.04805266390615
RUS,2024-04-01,90.70209450131752
RUS,2024-07-01,89.40888581278627
RUS,2024-10-01,100.3760148202522
RUS,2025-01-01,93.62850187025549
RUS,2025-04-01,80.9716632106782
RUS,2025-07-01,80.66252032342057
RUS,2025-10-01,79.86808028985507
RUS,2026-01-01,78.49189487878787
RUS,2026-04-01,74.47455014430012
RUS,2026-07-01,77.9293460869565
SAU,1995-01-01,3.7505677140974965
SAU,1995-04-01,3.7505689459815534
SAU,1995-07-01,3.7505987577639766
SAU,1995-10-01,3.7505852092352066
SAU,1996-01-01,3.750449592822637
SAU,1996-04-01,3.7503275915678533
SAU,1996-07-01,3.7505204730535198
SAU,1996-10-01,3.7505061264822133
SAU,1997-01-01,3.751
SAU,1997-04-01,3.751
SAU,1997-07-01,3.751
SAU,1997-10-01,3.751
SAU,1998-01-01,3.751
SAU,1998-04-01,3.751
SAU,1998-07-01,3.751
SAU,1998-10-01,3.751
SAU,1999-01-01,3.751
SAU,1999-04-01,3.751
SAU,1999-07-01,3.751
SAU,1999-10-01,3.751
SAU,2000-01-01,3.751
SAU,2000-04-01,3.751
SAU,2000-07-01,3.751
SAU,2000-10-01,3.751
SAU,2001-01-01,3.751
SAU,2001-04-01,3.751
SAU,2001-07-01,3.751
SAU,2001-10-01,3.751
SAU,2002-01-01,3.751
SAU,2002-04-01,3.751
SAU,2002-07-01,3.751
SAU,2002-10-01,3.751
SAU,2003-01-01,3.751
SAU,2003-04-01,3.751
SAU,2003-07-01,3.751
SAU,2003-10-01,3.751
SAU,2004-01-01,3.751
SAU,2004-04-01,3.751
SAU,2004-07-01,3.751
SAU,2004-10-01,3.751
SAU,2005-01-01,3.751
SAU,2005-04-01,3.751
SAU,2005-07-01,3.751
SAU,2005-10-01,3.751
SAU,2006-01-01,3.751
SAU,2006-04-01,3.751
SAU,2006-07-01,3.751
SAU,2006-10-01,3.751
SAU,2007-01-01,3.751
SAU,2007-04-01,3.751
SAU,2007-07-01,3.751
SAU,2007-10-01,3.751
SAU,2008-01-01,3.751
SAU,2008-04-01,3.751
SAU,2008-07-01,3.751
SAU,2008-10-01,3.751
SAU,2009-01-01,3.751
SAU,2009-04-01,3.751
SAU,2009-07-01,3.751
SAU,2009-10-01,3.751
SAU,2010-01-01,3.7499515873015867
SAU,2010-04-01,3.7499841269841263
SAU,2010-07-01,3.75
SAU,2010-10-01,3.75
SAU,2011-01-01,3.75
SAU,2011-04-01,3.75
SAU,2011-07-01,3.75
SAU,2011-10-01,3.75
SAU,2012-01-01,3.75
SAU,2012-04-01,3.75
SAU,2012-07-01,3.75
SAU,2012-10-01,3.75
SAU,2013-01-01,3.75
SAU,2013-04-01,3.750090833333333
SAU,2013-07-01,3.75037351935504
SAU,2013-10-01,3.7504001850806232
SAU,2014-01-01,3.750386732229123
SAU,2014-04-01,3.75049971139971
SAU,2014-07-01,3.7504888214442595
SAU,2014-10-01,3.752283079710143
SAU,2015-01-01,3.752670681818183
SAU,2015-04-01,3.7502842352092363
SAU,2015-07-01,3.750473045674133
SAU,2015-10-01,3.7511626686115833
SAU,2016-01-01,3.751077467218773
SAU,2016-04-01,3.750348196248197
SAU,2016-07-01,3.75070312284334
SAU,2016-10-01,3.7509322871572865
SAU,2017-01-01,3.75040884387352
SAU,2017-04-01,3.7504188537549403
SAU,2017-07-01,3.75020738440304
SAU,2017-10-01,3.7503240981241
SAU,2018-01-01,3.7502813570487503
SAU,2018-04-01,3.750264354727397
SAU,2018-07-01,3.7504828162055333
SAU,2018-10-01,3.7514864295125165
SAU,2019-01-01,3.7505234316770166
SAU,2019-04-01,3.75029250329381
SAU,2019-07-01,3.7507673019009964
SAU,2019-10-01,3.7505784867306633
SAU,2020-01-01,3.752373820816867
SAU,2020-04-01,3.7555042568542567
SAU,2020-07-01,3.7506430061484433
SAU,2020-10-01,3.7509637273354666
SAU,2021-01-01,3.751039851621807
SAU,2021-04-01,3.750304653679654
SAU,2021-07-01,3.750548484848487
SAU,2021-10-01,3.7515620067130935
SAU,2022-01-01,3.7520908643892334
SAU,2022-04-01,3.75112139249639
SAU,2022-07-01,3.7572059727711866
SAU,2022-10-01,3.7590289682539666
SAU,2023-01-01,3.7542702700922264
SAU,2023-04-01,3.750571574440053
SAU,2023-07-01,3.7510850931677004
SAU,2023-10-01,3.7509429653679636
SAU,2024-01-01,3.7503328157349896
SAU,2024-04-01,3.7508848122529663
SAU,2024-07-01,3.75221069389548
SAU,2024-10-01,3.7559334964552367
SAU,2025-01-01,3.751400067287783
SAU,2025-04-01,3.7514295454545468
SAU,2025-07-01,3.75151370537675
SAU,2025-10-01,3.750868405797103
SAU,2026-01-01,3.751322348484847
SAU,2026-04-01,3.7527414862914896
SAU,2026-07-01,3.7546847826087
SVK,1995-01-01,1.0067715596666666
SVK,1995-04-01,0.9732457013333334
SVK,1995-07-01,0.9873973756666667
SVK,1995-10-01,0.9807917856666667
SVK,1996-01-01,0.9957069199999999
SVK,1996-04-01,1.0216534996666666
SVK,1996-07-01,1.0159330813333334
SVK,1996-10-01,1.036778862
SVK,1997-01-01,1.086868486
SVK,1997-04-01,1.1063201223333332
SVK,1997-07-01,1.1441279956666666
SVK,1997-10-01,1.1260926333333332
SVK,1998-01-01,1.16731948
SVK,1998-04-01,1.1509327489999999
SVK,1998-07-01,1.1622518753333333
SVK,1998-10-01,1.1976365930000001
SVK,1999-01-01,1.2821483103333333
SVK,1999-04-01,1.4246608686666666
SVK,1999-07-01,1.407731970333333
SVK,1999-10-01,1.377436987
SVK,2000-01-01,1.4126889286666666
SVK,2000-04-01,1.5000442583333333
SVK,2000-07-01,1.5649051763333333
SVK,2000-10-01,1.6568412666666668
SVK,2001-01-01,1.569729359
SVK,2001-04-01,1.6396800106666667
SVK,2001-07-01,1.6080683353333332
SVK,2001-10-01,1.6028679546666666
SVK,2002-01-01,1.5990949123333333
SVK,2002-04-01,1.5553674566666666
SVK,2002-07-01,1.478468211
SVK,2002-10-01,1.385359269
SVK,2003-01-01,1.2931023036666667
SVK,2003-04-01,1.205625263
SVK,2003-07-01,1.2318816526666667
SVK,2003-10-01,1.151950696
SVK,2004-01-01,1.0766115646666667
SVK,2004-04-01,1.1044612626666666
SVK,2004-07-01,1.0873885236666667
SVK,2004-10-01,1.0144836130000001
SVK,2005-01-01,0.9680674499999999
SVK,2005-04-01,1.024165173
SVK,2005-07-01,1.0518931596666665
SVK,2005-10-01,1.0743433133333333
SVK,2006-01-01,1.0346876453333334
SVK,2006-04-01,0.9963707983333334
SVK,2006-07-01,0.9865232690000001
SVK,2006-10-01,0.9254907166666667
SVK,2007-01-01,0.8709088496666667
SVK,2007-04-01,0.830921242
SVK,2007-07-01,0.8114364113333333
SVK,2007-10-01,0.7655402866666666
SVK,2008-01-01,0.7332426033333334
SVK,2008-04-01,0.6673637390000001
SVK,2008-07-01,0.6689459826666667
SVK,2008-10-01,0.7667242026666666
SVK,2009-01-01,0.7686045454666667
SVK,2009-04-01,0.7343098845666667
SVK,2009-07-01,0.6990935441666667
SVK,2009-10-01,0.6771937198
SVK,2010-01-01,0.7226642857
SVK,2010-04-01,0.7869761904666667
SVK,2010-07-01,0.7737878787666667
SVK,2010-10-01,0.7367457180666667
SVK,2011-01-01,0.7314082470666667
SVK,2011-04-01,0.6947835498
SVK,2011-07-01,0.7082332643
SVK,2011-10-01,0.7422099567
SVK,2012-01-01,0.7625375180333333
SVK,2012-04-01,0.7798164251333333
SVK,2012-07-01,0.7991382740333334
SVK,2012-10-01,0.7705326244
SVK,2013-01-01,0.7578658730000001
SVK,2013-04-01,0.7656910043333333
SVK,2013-07-01,0.7549412729666667
SVK,2013-10-01,0.7346924829
SVK,2014-01-01,0.7296647467333334
SVK,2014-04-01,0.7292575036
SVK,2014-07-01,0.754988834
SVK,2014-10-01,0.8008694782666667
SVK,2015-01-01,0.8883128181999999
SVK,2015-04-01,0.9041201082333333
SVK,2015-07-01,0.8995253356666667
SVK,2015-10-01,0.9138483135666666
SVK,2016-01-01,0.9073307108666667
SVK,2016-04-01,0.8855690548
SVK,2016-07-01,0.8961600216666668
SVK,2016-10-01,0.9280663203333334
SVK,2017-01-01,0.9384762213333334
SVK,2017-04-01,0.9092752852333333
SVK,2017-07-01,0.8514329537666666
SVK,2017-10-01,0.8492442352
SVK,2018-01-01,0.8137506824666666
SVK,2018-04-01,0.8394843822999999
SVK,2018-07-01,0.8595732569333334
SVK,2018-10-01,0.8764896188666667
SVK,2019-01-01,0.8807720627999999
SVK,2019-04-01,0.8897470678333333
SVK,2019-07-01,0.8996656860666666
SVK,2019-10-01,0.9032086680333333
SVK,2020-01-01,0.9078426877333333
SVK,2020-04-01,0.908271645
SVK,2020-07-01,0.8551811459333334
SVK,2020-10-01,0.8388708030333333
SVK,2021-01-01,0.8296439075
SVK,2021-04-01,0.8296618398333333
SVK,2021-07-01,0.848374697
SVK,2021-10-01,0.8745331265999999
SVK,2022-01-01,0.8907364831
SVK,2022-04-01,0.9392376768
SVK,2022-07-01,0.993248951
SVK,2022-10-01,0.9803069841333333
SVK,2023-01-01,0.9321337562666666
SVK,2023-04-01,0.9185379611333334
SVK,2023-07-01,0.9193362111666668
SVK,2023-10-01,0.9293334415666666
SVK,2024-01-01,0.9213149068333334
SVK,2024-04-01,0.9289777437333333
SVK,2024-07-01,0.9099683138666667
SVK,2024-10-01,0.938207141
SVK,2025-01-01,0.9500645928333333
SVK,2025-04-01,0.8813586147
SVK,2025-07-01,0.8557902660333333
SVK,2025-10-01,0.8592611594333333
SVK,2026-01-01,0.8544349091000001
SVK,2026-04-01,0.8597848124030304
SVK,2026-07-01,0.875590869565217
SVN,1995-01-01,0.5061342013019529
SVN,1995-04-01,0.4749763534190174
SVN,1995-07-01,0.4884270850720525
SVN,1995-10-01,0.5087770544705948
SVN,1996-01-01,0.5494491737606411
SVN,1996-04-01,0.5724002670672675
SVN,1996-07-01,0.5582818672453125
SVN,1996-10-01,0.5793412340733323
SVN,1997-01-01,0.6295554442775274
SVN,1997-04-01,0.6508512769153731
SVN,1997-07-01,0.6939993323318311
SVN,1997-10-01,0.6910643743392869
SVN,1998-01-01,0.7161714794413844
SVN,1998-04-01,0.7014688699716242
SVN,1998-07-01,0.6939576030712736
SVN,1998-10-01,0.661464418850498
SVN,1999-01-01,0.7032632281755967
SVN,1999-04-01,0.7587214154565182
SVN,1999-07-01,0.7812413064040505
SVN,1999-10-01,0.7908112168252379
SVN,2000-01-01,0.842833694986925
SVN,2000-04-01,0.9107272019139822
SVN,2000-07-01,0.9552523229288378
SVN,2000-10-01,1.0077199132031383
SVN,2001-01-01,0.9642658432092585
SVN,2001-04-01,1.0341206253825186
SVN,2001-07-01,1.0259834195738051
SVN,2001-10-01,1.027541311967952
SVN,2002-01-01,1.062301786012352
SVN,2002-04-01,1.0254409391865575
SVN,2002-07-01,0.9646274968007567
SVN,2002-10-01,0.9578256273298837
SVN,2003-01-01,0.899849774661993
SVN,2003-04-01,0.8567434485060925
SVN,2003-07-01,0.8715295164969677
SVN,2003-10-01,0.828979580481834
SVN,2004-01-01,0.7922021921771547
SVN,2004-04-01,0.8258777054470595
SVN,2004-07-01,0.8192427530184165
SVN,2004-10-01,0.7738691370388917
SVN,2005-01-01,0.762518778167251
SVN,2005-04-01,0.7935375285149947
SVN,2005-07-01,0.8194792188282424
SVN,2005-10-01,0.8410532465364714
SVN,2006-01-01,0.831650253157514
SVN,2006-04-01,0.7967089523173648
SVN,2006-07-01,0.7845518277416125
SVN,2006-10-01,0.7757052245034218
SVN,2007-01-01,0.7627094231
SVN,2007-04-01,0.7417964550999999
SVN,2007-07-01,0.7273385733333333
SVN,2007-10-01,0.6900972570333334
SVN,2008-01-01,0.6674643105000001
SVN,2008-04-01,0.6401810566666667
SVN,2008-07-01,0.6668847167333333
SVN,2008-10-01,0.7613992753666666
SVN,2009-01-01,0.7686045454666667
SVN,2009-04-01,0.7343098845666667
SVN,2009-07-01,0.6990935441666667
SVN,2009-10-01,0.6771937198
SVN,2010-01-01,0.7226642857
SVN,2010-04-01,0.7869761904666667
SVN,2010-07-01,0.7737878787666667
SVN,2010-10-01,0.7367457180666667
SVN,2011-01-01,0.7314082470666667
SVN,2011-04-01,0.6947835498
SVN,2011-07-01,0.7082332643
SVN,2011-10-01,0.7422099567
SVN,2012-01-01,0.7625375180333333
SVN,2012-04-01,0.7798164251333333
SVN,2012-07-01,0.7991382740333334
SVN,2012-10-01,0.7705326244
SVN,2013-01-01,0.7578658730000001
SVN,2013-04-01,0.7656910043333333
SVN,2013-07-01,0.7549412729666667
SVN,2013-10-01,0.7346924829
SVN,2014-01-01,0.7296647467333334
SVN,2014-04-01,0.7292575036
SVN,2014-07-01,0.754988834
SVN,2014-10-01,0.8008694782666667
SVN,2015-01-01,0.8883128181999999
SVN,2015-04-01,0.9041201082333333
SVN,2015-07-01,0.8995253356666667
SVN,2015-10-01,0.9138483135666666
SVN,2016-01-01,0.9073307108666667
SVN,2016-04-01,0.8855690548
SVN,2016-07-01,0.8961600216666668
SVN,2016-10-01,0.9280663203333334
SVN,2017-01-01,0.9384762213333334
SVN,2017-04-01,0.9092752852333333
SVN,2017-07-01,0.8514329537666666
SVN,2017-10-01,0.8492442352
SVN,2018-01-01,0.8137506824666666
SVN,2018-04-01,0.8394843822999999
SVN,2018-07-01,0.8595732569333334
SVN,2018-10-01,0.8764896188666667
SVN,2019-01-01,0.8807720627999999
SVN,2019-04-01,0.8897470678333333
SVN,2019-07-01,0.8996656860666666
SVN,2019-10-01,0.9032086680333333
SVN,2020-01-01,0.9078426877333333
SVN,2020-04-01,0.908271645
SVN,2020-07-01,0.8551811459333334
SVN,2020-10-01,0.8388708030333333
SVN,2021-01-01,0.8296439075
SVN,2021-04-01,0.8296618398333333
SVN,2021-07-01,0.848374697
SVN,2021-10-01,0.8745331265999999
SVN,2022-01-01,0.8907364831
SVN,2022-04-01,0.9392376768
SVN,2022-07-01,0.993248951
SVN,2022-10-01,0.9803069841333333
SVN,2023-01-01,0.9321337562666666
SVN,2023-04-01,0.9185379611333334
SVN,2023-07-01,0.9193362111666668
SVN,2023-10-01,0.9293334415666666
SVN,2024-01-01,0.9213149068333334
SVN,2024-04-01,0.9289777437333333
SVN,2024-07-01,0.9099683138666667
SVN,2024-10-01,0.938207141
SVN,2025-01-01,0.9500645928333333
SVN,2025-04-01,0.8813586147
SVN,2025-07-01,0.8557902660333333
SVN,2025-10-01,0.8592611594333333
SVN,2026-01-01,0.8544349091000001
SVN,2026-04-01,0.8597848124030304
SVN,2026-07-01,0.875590869565217
SWE,1995-01-01,7.374347071824293
SWE,1995-04-01,7.29622169195979
SWE,1995-07-01,7.183020073799863
SWE,1995-10-01,6.68088605294657
SWE,1996-01-01,6.781115546800144
SWE,1996-04-01,6.732392652100793
SWE,1996-07-01,6.6344945167974165
SWE,1996-10-01,6.680314872325744
SWE,1997-01-01,7.3671647979798
SWE,1997-04-01,7.698261825396827
SWE,1997-07-01,7.83317954451346
SWE,1997-10-01,7.639861186117471
SWE,1998-01-01,8.023817301587304
SWE,1998-04-01,7.80546803030303
SWE,1998-07-01,7.996278652989524
SWE,1998-10-01,7.9627487734487765
SWE,1999-01-01,7.993922246376811
SWE,1999-04-01,8.421679942279942
SWE,1999-07-01,8.305532707841992
SWE,1999-10-01,8.328238724095241
SWE,2000-01-01,8.59993773822802
SWE,2000-04-01,8.853238013351516
SWE,2000-07-01,9.301321593540477
SWE,2000-10-01,9.887875665699337
SWE,2001-01-01,9.754729286186377
SWE,2001-04-01,10.444056704812633
SWE,2001-07-01,10.565751663391966
SWE,2001-10-01,10.588969504228533
SWE,2002-01-01,10.446070380285699
SWE,2002-04-01,9.959642523232933
SWE,2002-07-01,9.38221244464314
SWE,2002-10-01,9.096241591669864
SWE,2003-01-01,8.553930837067604
SWE,2003-04-01,8.047938524646467
SWE,2003-07-01,8.141637656114094
SWE,2003-10-01,7.5693852606365395
SWE,2004-01-01,7.34946306611132
SWE,2004-04-01,7.590959643945166
SWE,2004-07-01,7.490421265136363
SWE,2004-10-01,6.95313946738023
SWE,2005-01-01,6.927667788692857
SWE,2005-04-01,7.319842194430013
SWE,2005-07-01,7.679086530597403
SWE,2005-10-01,7.968887703051947
SWE,2006-01-01,7.77200262909717
SWE,2006-04-01,7.397458267296177
SWE,2006-07-01,7.24306740852174
SWE,2006-10-01,7.080700322191199
SWE,2007-01-01,7.00754884681087
SWE,2007-04-01,6.868821277538994
SWE,2007-07-01,6.738509463274707
SWE,2007-10-01,6.416041095843146
SWE,2008-01-01,6.27440289363837
SWE,2008-04-01,5.99063535388528
SWE,2008-07-01,6.3179426250078405
SWE,2008-10-01,7.805439130434784
SWE,2009-01-01,8.41408787878788
SWE,2009-04-01,7.9114315295815265
SWE,2009-07-01,7.27851976284585
SWE,2009-10-01,7.006379634857897
SWE,2010-01-01,7.1877438233264295
SWE,2010-04-01,7.58069437229437
SWE,2010-07-01,7.2547727272727265
SWE,2010-10-01,6.785556026099504
SWE,2011-01-01,6.481474603174604
SWE,2011-04-01,6.257388167388167
SWE,2011-07-01,6.475761214630777
SWE,2011-10-01,6.742128427128427
SWE,2012-01-01,6.746642424242423
SWE,2012-04-01,6.94453968253968
SWE,2012-07-01,6.740568445322793
SWE,2012-10-01,6.643986605182256
SWE,2013-01-01,6.43279641131815
SWE,2013-04-01,6.554040591630593
SWE,2013-07-01,6.552056095112616
SWE,2013-10-01,6.513128336156597
SWE,2014-01-01,6.465947339544513
SWE,2014-04-01,6.59864567099567
SWE,2014-07-01,6.9460266923897365
SWE,2014-10-01,7.428900144927536
SWE,2015-01-01,8.322769545454547
SWE,2015-04-01,8.41710642135642
SWE,2015-07-01,8.479293067319153
SWE,2015-10-01,8.498131858962294
SWE,2016-01-01,8.453583643892339
SWE,2016-04-01,8.20936847041847
SWE,2016-07-01,8.52178310433528
SWE,2016-10-01,9.041077633477633
SWE,2017-01-01,8.924442733860344
SWE,2017-04-01,8.806151613965744
SWE,2017-07-01,8.13874403036577
SWE,2017-10-01,8.318784343434343
SWE,2018-01-01,8.110908188405796
SWE,2018-04-01,8.666811801242238
SWE,2018-07-01,8.947330026350464
SWE,2018-10-01,9.036598070769811
SWE,2019-01-01,9.174598737060043
SWE,2019-04-01,9.442934960474306
SWE,2019-07-01,9.589957964740574
SWE,2019-10-01,9.616046979107846
SWE,2020-01-01,9.66311238471673
SWE,2020-04-01,9.691110317460312
SWE,2020-07-01,8.86730283267457
SWE,2020-10-01,8.617394394253095
SWE,2021-01-01,8.387666953071083
SWE,2021-04-01,8.417237590187588
SWE,2021-07-01,8.648107575757573
SWE,2021-10-01,8.854772554739947
SWE,2022-01-01,9.332508019323674
SWE,2022-04-01,9.824395310245302
SWE,2022-07-01,10.547050285463365
SWE,2022-10-01,10.726845382395368
SWE,2023-01-01,10.4285917588933
SWE,2023-04-01,10.514909189723333
SWE,2023-07-01,10.809534506556233
SWE,2023-10-01,10.659504689754668
SWE,2024-01-01,10.3879768806073
SWE,2024-04-01,10.680246258234499
SWE,2024-07-01,10.423274888637968
SWE,2024-10-01,10.781856192358367
SWE,2025-01-01,10.684026083505865
SWE,2025-04-01,9.6670329004329
SWE,2025-07-01,9.516382916117701
SWE,2025-10-01,9.408825036231883
SWE,2026-01-01,9.134856742424242
SWE,2026-04-01,9.369228787878788
SWE,2026-07-01,9.66778913043478
TUR,1995-01-01,0.04086524599723947
TUR,1995-04-01,0.04284440350877194
TUR,1995-07-01,0.04629841147186147
TUR,1995-10-01,0.05294569714057873
TUR,1996-01-01,0.06431720310245306
TUR,1996-04-01,0.07638731727234753
TUR,1996-07-01,0.08549278470104776
TUR,1996-10-01,0.09892671171497587
TUR,1997-01-01,0.11866018145743133
TUR,1997-04-01,0.13745720238095235
TUR,1997-07-01,0.162193589717046
TUR,1997-10-01,0.18806868306636168
TUR,1998-01-01,0.22350047655122632
TUR,1998-04-01,0.2528364106060607
TUR,1998-07-01,0.27228110734675964
TUR,1998-10-01,0.29327240909090896
TUR,1999-01-01,0.34168861884057966
TUR,1999-04-01,0.39596841233766233
TUR,1999-07-01,0.43935201515151534
TUR,1999-10-01,0.49892706349206367
TUR,2000-01-01,0.5626369064872326
TUR,2000-04-01,0.6095470800395256
TUR,2000-07-01,0.6456283338509317
TUR,2000-10-01,0.6794888863636364
TUR,2001-01-01,0.7942707651515154
TUR,2001-04-01,1.19082451690821
TUR,2001-07-01,1.3989597826086966
TUR,2001-10-01,1.52901936026936
TUR,2002-01-01,1.3654119408369434
TUR,2002-04-01,1.4171319499341266
TUR,2002-07-01,1.6519144865424433
TUR,2002-10-01,1.6149104482946501
TUR,2003-01-01,1.65261538780664
TUR,2003-04-01,1.51609827922078
TUR,2003-07-01,1.3950735884308934
TUR,2003-10-01,1.4463790861628734
TUR,2004-01-01,1.3326655982056599
TUR,2004-04-01,1.454796748196247
TUR,2004-07-01,1.4779442424242433
TUR,2004-10-01,1.4385750078424
TUR,2005-01-01,1.3213080158730166
TUR,2005-04-01,1.3575296536796533
TUR,2005-07-01,1.3364759881422934
TUR,2005-10-01,1.34987691197691
TUR,2006-01-01,1.3255289657444032
TUR,2006-04-01,1.4515580105401866
TUR,2006-07-01,1.49372325741891
TUR,2006-10-01,1.4490074314574333
TUR,2007-01-01,1.40342511198946
TUR,2007-04-01,1.3329574879227033
TUR,2007-07-01,1.2791975955204198
TUR,2007-10-01,1.1839617385030434
TUR,2008-01-01,1.1992040027605266
TUR,2008-04-01,1.2555328282828266
TUR,2008-07-01,1.20436644707949
TUR,2008-10-01,1.5360096376811567
TUR,2009-01-01,1.6512529653679635
TUR,2009-04-01,1.5636049062049067
TUR,2009-07-01,1.4915319969885168
TUR,2009-10-01,1.481087157287157
TUR,2010-01-01,1.5009183781918567
TUR,2010-04-01,1.5320351370851366
TUR,2010-07-01,1.5077060606060602
TUR,2010-10-01,1.4551963517159134
TUR,2011-01-01,1.5704918875086264
TUR,2011-04-01,1.5592600288600267
TUR,2011-07-01,1.7276183822699034
TUR,2011-10-01,1.8292600288600267
TUR,2012-01-01,1.7879974025974033
TUR,2012-04-01,1.7973696342305034
TUR,2012-07-01,1.7950246772068532
TUR,2012-10-01,1.7860230566534934
TUR,2013-01-01,1.7809844582470664
TUR,2013-04-01,1.8403812121212135
TUR,2013-07-01,1.97106587615283
TUR,2013-10-01,2.0256848171152533
TUR,2014-01-01,2.2166865113871634
TUR,2014-04-01,2.11336810966811
TUR,2014-07-01,2.1632836846728165
TUR,2014-10-01,2.2627005072463766
TUR,2015-01-01,2.4624524242424233
TUR,2015-04-01,2.6682855699855703
TUR,2015-07-01,2.8546582752995797
TUR,2015-10-01,2.906466958403913
TUR,2016-01-01,2.94637170462388
TUR,2016-04-01,2.8970158008658
TUR,2016-07-01,2.96079791392183
TUR,2016-10-01,3.2856418470418465
TUR,2017-01-01,3.6958498814229266
TUR,2017-04-01,3.580103906455863
TUR,2017-07-01,3.5153888198757763
TUR,2017-10-01,3.8029388167388163
TUR,2018-01-01,3.8165787220026366
TUR,2018-04-01,4.37304154589372
TUR,2018-07-01,5.664934947299076
TUR,2018-10-01,5.5041038019951065
TUR,2019-01-01,5.367017204968943
TUR,2019-04-01,5.8752740513834
TUR,2019-07-01,5.669945724323983
TUR,2019-10-01,5.793742352092354
TUR,2020-01-01,6.108061225296443
TUR,2020-04-01,6.866177922077924
TUR,2020-07-01,7.220443450028234
TUR,2020-10-01,7.871746712466276
TUR,2021-01-01,7.38503144237405
TUR,2021-04-01,8.377497979797983
TUR,2021-07-01,8.536416666666662
TUR,2021-10-01,11.146957814166518
TUR,2022-01-01,13.934528933747401
TUR,2022-04-01,15.768734199134165
TUR,2022-07-01,17.932472131250364
TUR,2022-10-01,18.617028932178936
TUR,2023-01-01,18.87387412384717
TUR,2023-04-01,20.927166007905132
TUR,2023-07-01,26.813853071083532
TUR,2023-10-01,28.52541565656563
TUR,2024-01-01,30.9414132505176
TUR,2024-04-01,32.3393437549407
TUR,2024-07-01,33.51140985632727
TUR,2024-10-01,34.529003889829966
TUR,2025-01-01,36.2555354899931
TUR,2025-04-01,38.73004451659454
TUR,2025-07-01,40.747518395131465
TUR,2025-10-01,42.22561079710143
TUR,2026-01-01,43.6509518181818
TUR,2026-04-01,45.45524805194807
TUR,2026-07-01,47.0242086956522
ZAF,1995-01-01,3.5656217748917736
ZAF,1995-04-01,3.6402534122740033
ZAF,1995-07-01,3.647846233766233
ZAF,1995-10-01,3.6544847687400335
ZAF,1996-01-01,3.770943773448773
ZAF,1996-04-01,4.310797615629987
ZAF,1996-07-01,4.470097639751553
ZAF,1996-10-01,4.637085754240677
ZAF,1997-01-01,4.511330286195286
ZAF,1997-04-01,4.469244126984126
ZAF,1997-07-01,4.644003795721186
ZAF,1997-10-01,4.8055410144927535
ZAF,1998-01-01,4.94871274170274
ZAF,1998-04-01,5.170242055137847
ZAF,1998-07-01,6.230551193926846
ZAF,1998-10-01,5.7861284992785
ZAF,1999-01-01,6.1025648484848505
ZAF,1999-04-01,6.12826626566416
ZAF,1999-07-01,6.09857626262626
ZAF,1999-10-01,6.1255881890331905
ZAF,2000-01-01,6.29869126262626
ZAF,2000-04-01,6.85445145573381
ZAF,2000-07-01,6.997162546897546
ZAF,2000-10-01,7.595148316498314
ZAF,2001-01-01,7.824989105339103
ZAF,2001-04-01,8.03474276094276
ZAF,2001-07-01,8.378201834130783
ZAF,2001-10-01,10.19741689357341
ZAF,2002-01-01,11.533685661881966
ZAF,2002-04-01,10.459980622009567
ZAF,2002-07-01,10.437416480331267
ZAF,2002-10-01,9.661970579710134
ZAF,2003-01-01,8.345481666666666
ZAF,2003-04-01,7.76736665831245
ZAF,2003-07-01,7.423423740510697
ZAF,2003-10-01,6.7407734057971
ZAF,2004-01-01,6.78048906926407
ZAF,2004-04-01,6.594256084656084
ZAF,2004-07-01,6.380702525252526
ZAF,2004-10-01,6.061199206349207
ZAF,2005-01-01,6.002375238095237
ZAF,2005-04-01,6.4142979365079364
ZAF,2005-07-01,6.509604184704183
ZAF,2005-10-01,6.531618333333333
ZAF,2006-01-01,6.154355873015874
ZAF,2006-04-01,6.45500980816569
ZAF,2006-07-01,7.152420815295817
ZAF,2006-10-01,7.317479106858056
ZAF,2007-01-01,7.2361373665223665
ZAF,2007-04-01,7.1047207551707565
ZAF,2007-07-01,7.113225598086127
ZAF,2007-10-01,6.769582271995316
ZAF,2008-01-01,7.538045367205894
ZAF,2008-04-01,7.780064603174604
ZAF,2008-07-01,7.784944789510007
ZAF,2008-10-01,9.948168188405797
ZAF,2009-01-01,9.973300454545466
ZAF,2009-04-01,8.450386464646467
ZAF,2009-07-01,7.77802776209298
ZAF,2009-10-01,7.4678815484032866
ZAF,2010-01-01,7.495132436162873
ZAF,2010-04-01,7.53982106782107
ZAF,2010-07-01,7.299242424242423
ZAF,2010-10-01,6.886422579835627
ZAF,2011-01-01,6.993200793650793
ZAF,2011-04-01,6.779261904761904
ZAF,2011-07-01,7.13923749921576
ZAF,2011-10-01,8.084601010101009
ZAF,2012-01-01,7.7455584415584395
ZAF,2012-04-01,8.119938578329883
ZAF,2012-07-01,8.259526877470357
ZAF,2012-10-01,8.684545203588682
ZAF,2013-01-01,8.94937684610076
ZAF,2013-04-01,9.492488892496395
ZAF,2013-07-01,9.98694814291988
ZAF,2013-10-01,10.162093125352905
ZAF,2014-01-01,10.855483295376134
ZAF,2014-04-01,10.544908802308834
ZAF,2014-07-01,10.765763713219135
ZAF,2014-10-01,11.218559710144932
ZAF,2015-01-01,11.742898636363634
ZAF,2015-04-01,12.088088708513732
ZAF,2015-07-01,13.005984086203632
ZAF,2015-10-01,14.221892143484533
ZAF,2016-01-01,15.8257419599724
ZAF,2016-04-01,15.001632287157333
ZAF,2016-07-01,14.067303668674299
ZAF,2016-10-01,13.9185395021645
ZAF,2017-01-01,13.224084986824765
ZAF,2017-04-01,13.1963940612648
ZAF,2017-07-01,13.1854643547274
ZAF,2017-10-01,13.617282828282832
ZAF,2018-01-01,11.963801712779967
ZAF,2018-04-01,12.664313595583133
ZAF,2018-07-01,14.0784121113307
ZAF,2018-10-01,14.2838866098877
ZAF,2019-01-01,14.025132876121466
ZAF,2019-04-01,14.383227526350467
ZAF,2019-07-01,14.682488230127367
ZAF,2019-10-01,14.697930003450631
ZAF,2020-01-01,15.377192038866932
ZAF,2020-04-01,17.943837821067834
ZAF,2020-07-01,16.911776832298134
ZAF,2020-10-01,15.612741011669499
ZAF,2021-01-01,14.954612938233266
ZAF,2021-04-01,14.122360353535333
ZAF,2021-07-01,14.629113636363634
ZAF,2021-10-01,15.426201915113866
ZAF,2022-01-01,15.220068509316766
ZAF,2022-04-01,15.591192027417
ZAF,2022-07-01,17.04172257826713
ZAF,2022-10-01,17.611687878787865
ZAF,2023-01-01,17.760284387351767
ZAF,2023-04-01,18.658863903162032
ZAF,2023-07-01,18.639786576949632
ZAF,2023-10-01,18.742338924963935
ZAF,2024-01-01,18.885091856452732
ZAF,2024-04-01,18.5754244400527
ZAF,2024-07-01,17.9636805586925
ZAF,2024-10-01,17.926828295376136
ZAF,2025-01-01,18.486581021394066
ZAF,2025-04-01,18.288179148629133
ZAF,2025-07-01,17.639328464771932
ZAF,2025-10-01,17.1093584057971
ZAF,2026-01-01,16.349624318181835
ZAF,2026-04-01,16.47197124819627
ZAF,2026-07-01,16.4681739130435
