code,date,emp,emp_employees,emp_selfemp,hours,hours_employees,hours_selfemp,hours_factor,hours_week,self_emp_share,emp_agri,emp_employees_agri,emp_selfemp_agri,hours_agri,hours_employees_agri,hours_selfemp_agri,emp_public,emp_employees_public,emp_selfemp_public,hours_public,hours_employees_public,hours_selfemp_public,urate,vrate,uv_source,theta
AUS,1995-01-01,8066.754787659646,6854.261534677387,1213.4542708452334,,,,,,15.042657212,386.09131718060553,145.583949771663,240.8440907538044,,,,1742.9014873807653,1671.2010871458249,73.88500418843678,,,,,,,
AUS,1995-04-01,8148.058671839316,6902.6760099225385,1244.8833597405255,,,,,,15.278281734,378.2079336692288,138.29143394435633,239.3400873538527,,,,1777.865174126393,1704.0122519306854,75.4225447936392,,,,,,,
AUS,1995-07-01,8201.717610741542,6936.433190242308,1264.8799012982308,,,,,,15.422134257,386.659729350276,147.62913404151791,240.4475867660632,,,,1830.0798228870417,1743.3188103289312,82.76423477152059,,,,,,,
AUS,1995-10-01,8264.788387370116,7010.99419780987,1252.322228545136,,,,,,15.152502035,409.1615241596622,165.74008738944192,242.03045497271808,,,,1818.8210293798445,1737.7167522338757,81.20650068067168,,,,,,,
AUS,1996-01-01,8262.757078634575,6981.099783261873,1284.0933857201,,,,,,15.540737474,400.3516979510287,154.38347194936816,246.17965414653747,,,,1825.6133700044088,1746.8802669858003,81.03188819011831,,,,,,,
AUS,1996-04-01,8279.9222536305,7008.751677792885,1269.884532942226,,,,,,15.33691373,406.11433909514614,161.82686487072013,243.97042601700977,,,,1820.724674681864,1742.4947010492494,79.27360935392146,,,,,,,
AUS,1996-07-01,8302.77831555445,7104.9273095828585,1198.4171707369776,,,,,,14.433929526,402.3604057320024,161.9517719774894,241.9783500558938,,,,1827.7450018814095,1750.824672885707,74.13624614352788,,,,,,,
AUS,1996-10-01,8278.840138091458,7068.112412229207,1210.582924922337,,,,,,14.622615061,395.4099291755026,160.60173922020493,233.2531866111432,,,,1830.5080116428096,1759.6280535286196,71.14013813917364,,,,,,,
AUS,1997-01-01,8306.662166962587,7095.378548894563,1212.9029073456163,,,,,,14.601567789,407.7336824062733,169.07046860701556,238.77967159285345,,,,1816.7301386359752,1746.733905427349,72.08598066676427,,,,,,,
AUS,1997-04-01,8313.513204781697,7082.855334555301,1230.329911706498,,,,,,14.799157485,404.2849921417561,160.1003171749142,244.25408348442411,,,,1820.5287198797976,1743.7181640660867,75.92185455946822,,,,,,,
AUS,1997-07-01,8286.671120772971,6996.413272964626,1285.912417768572,,,,,,15.517840627,395.479582573816,152.96023441483177,243.89811664600904,,,,1820.5046153904664,1740.8321585391066,78.74322984458671,,,,,,,
AUS,1997-10-01,8427.339681438249,7164.282208918432,1262.7102772505446,,,,,,14.983498055,428.90525188619773,179.09971462406656,247.0995957645545,,,,1843.8155224491804,1759.5891968896492,84.49585511967481,,,,,,,
AUS,1998-01-01,8427.208818145917,7178.35917399614,1250.0738832352863,,,,,,14.833783168,414.30349651669593,170.0338491076857,244.7587387301536,,,,1834.8173121737996,1754.1061440843505,82.72894585334052,,,,,,,
AUS,1998-04-01,8465.199375911296,7222.078906722365,1248.3109666879616,,,,,,14.746385894,414.6941961087692,178.24223304125442,236.97968037981437,,,,1860.444102181068,1773.5078880089925,84.41530167673105,,,,,,,
AUS,1998-07-01,8492.63905301938,7284.382127253188,1201.0084641670724,,,,,,14.141758017,410.0703522633375,186.75876559858503,225.4800942196215,,,,1857.10868947187,1783.8228765243466,73.73667935519362,,,,,,,
AUS,1998-10-01,8520.946650558748,7273.436076158441,1249.3461850166643,,,,,,14.662058528,404.2446887848919,172.5742220510975,229.09078478924457,,,,1871.499981298206,1787.9587335611616,84.47290671460267,,,,,,,
AUS,1999-01-01,8569.315483073786,7355.503850874863,1213.528776676946,,,,,,14.161326877,416.9451737980779,185.7739474198589,231.13195927686672,,,,1915.3631068644015,1829.1694484231996,87.29054430096244,,,,,,,
AUS,1999-04-01,8588.734079236157,7374.635889100861,1221.036308729549,,,,,,14.216720386,427.4653479702519,194.27749010836135,233.71022743418524,,,,1909.0126650345303,1828.321673526412,77.97927854866258,,,,,,,
AUS,1999-07-01,8640.890850148597,7330.350759985377,1297.4086197047368,,,,,,15.014755333,427.0810545192465,183.86766303229425,244.9987558575221,,,,1892.411093550959,1808.760513625948,83.28007259360258,,,,,,,
AUS,1999-10-01,8733.54289166373,7497.90377887108,1238.158239156126,,,,,,14.177044236,431.3015379908581,184.82907889959685,244.03116227096484,,,,1905.557549050843,1827.4151543855496,81.01902098432764,,,,,,,
AUS,2000-01-01,8764.018980033883,7519.012393199883,1245.82541449529,,,,,,14.215229535,436.1377821792088,199.06753383558535,236.36477281034,,,,1901.1832664719984,1815.530257148519,83.8071902059862,,,,,,,
AUS,2000-04-01,8846.31716012655,7642.293278403441,1209.9423823246914,,,,,,13.677357034,427.7838098129516,192.5330984421984,236.534329987603,,,,1941.0803159445145,1857.3022947452396,84.13219068324021,,,,,,,
AUS,2000-07-01,8951.024428693758,7696.469646481707,1240.8415374294584,,,,,,13.862564529,430.9007431015259,203.01419332878,229.27029209928165,,,,1974.3526778302355,1887.6670031396452,85.54303252755949,,,,,,,
AUS,2000-10-01,8884.78392153962,7631.458525053691,1260.364025076036,,,,,,14.185646339,426.20791036529175,195.60685398537353,229.06046404797243,,,,1959.5516256428891,1875.4311640533651,86.2735764920797,,,,,,,
AUS,2001-01-01,8927.697004399604,7695.122520441571,1233.511682300848,,,,,,13.816683986,409.76885791892994,181.60481004766484,227.60161066351685,,,,2006.472250713871,1918.9865496634925,83.86407262575044,,,,,,,
AUS,2001-04-01,8985.33416957841,7752.534905767166,1236.4019691996375,,,,,,13.760222445,420.70390939896606,203.16501423523343,218.86178684269024,,,,2023.8654024822165,1939.966395546906,87.94020076952116,,,,,,,
AUS,2001-07-01,9011.240742792435,7780.958493629449,1216.594432054931,,,,,,13.500853731,437.90663933164103,216.22053439811705,222.2333401692653,,,,2053.1725929760178,1961.1213744239085,89.74610320559913,,,,,,,
AUS,2001-10-01,9031.61646239928,7840.008085951453,1201.288772683241,,,,,,13.300927665,440.904608738026,223.8038968316579,216.7429608207699,,,,2063.8541011425827,1977.5941026356556,86.60642478210652,,,,,,,
AUS,2002-01-01,9095.512595513506,7853.280720367926,1244.7939775656291,,,,,,13.685803461,431.57304179310506,208.24388363380123,222.2813098907126,,,,2093.7911155588786,2009.97422777946,79.88429458228121,,,,,,,
AUS,2002-04-01,9114.704314156828,7838.73023266746,1277.1001311691896,,,,,,14.011426889,422.8642011245569,197.6197203389748,227.15752021663363,,,,2099.2049763745413,2013.7027848226664,92.52198632004942,,,,,,,
AUS,2002-07-01,9189.92959600902,7925.96031502561,1248.1495294495376,,,,,,13.581709374,389.8100584201589,178.05099185642237,210.26997909819508,,,,2156.6175988981863,2058.2075413572006,95.46968156721212,,,,,,,
AUS,2002-10-01,9266.216202296731,8019.878385961672,1259.153237083866,,,,,,13.588645134,362.6404459460786,172.06915081403773,190.27139585866175,,,,2195.108079271121,2093.7106284648335,99.27980682806472,,,,,,,
AUS,2003-01-01,9373.558576484864,8132.839485551081,1243.0101334045853,,,,,,13.260813631,351.47056555079763,178.7324951921116,173.0362946963882,,,,2196.82575836295,2092.823776638114,101.84280079371592,,,,,,,
AUS,2003-04-01,9358.90288445348,8102.091812373296,1255.7641547245453,,,,,,13.417856454,374.80394336697015,192.9060486567319,182.5526639022348,,,,2158.089798498675,2058.092881951261,107.36381886928592,,,,,,,
AUS,2003-07-01,9365.17886752958,8165.817505224414,1186.0110513003333,,,,,,12.664051249,368.9760971347396,198.22950317466444,170.08080339766715,,,,2188.6400464272183,2085.856058104621,100.57085532445603,,,,,,,
AUS,2003-10-01,9411.787730702246,8131.707233408293,1294.6517734915303,,,,,,13.755641442,373.2621619224651,177.00464417309578,195.1828152208842,,,,2222.490473841504,2117.295625045631,101.79949309188368,,,,,,,
AUS,2004-01-01,9434.41873246283,8194.041185610984,1240.8655905282928,,,,,,13.152538866,364.0733515586564,182.38763958170497,184.15382313731797,,,,2241.1540456632133,2134.86248735461,105.34705415787074,,,,,,,
AUS,2004-04-01,9510.22212998797,8279.582944599655,1230.1146455841886,,,,,,12.934657348,357.4177171229063,181.18272733073815,175.88847320317083,,,,2274.1617373588515,2176.772370010624,102.4514409180084,,,,,,,
AUS,2004-07-01,9498.975373503084,8221.0781150321,1262.413108952645,,,,,,13.289992439,349.1010639347176,177.62871913880943,170.0998014120391,,,,2245.788094676774,2136.3999849687275,108.24575962120952,,,,,,,
AUS,2004-10-01,9639.86148932727,8403.345477525187,1249.4454763441363,,,,,,12.96123889,353.03469984237125,178.6553080889981,172.82224564179452,,,,2259.649232465533,2143.0149943772108,113.7731893701648,,,,,,,
AUS,2005-01-01,9745.559004044308,8476.610279970864,1265.5525554247604,,,,,,12.985941134,361.074922941028,187.18942932629503,178.58850702754967,,,,2249.740138491496,2139.4398637807376,110.34247286487285,,,,,,,
AUS,2005-04-01,9824.942214084123,8559.278520541855,1270.6795718846463,,,,,,12.93320148,356.1037124476566,177.39127344605996,176.63638510799348,,,,2283.6132508850933,2174.3165422609736,110.6691419505453,,,,,,,
AUS,2005-07-01,9905.965072327252,8627.99608648704,1264.4736374673705,,,,,,12.764769795,349.3332928832787,178.45052058897758,169.19192106436407,,,,2350.384906950505,2234.64309583219,116.18370952592456,,,,,,,
AUS,2005-10-01,9935.357639166215,8696.414689870184,1248.713836411064,,,,,,12.568383361,343.94547739822247,179.72315471716269,163.3517861101638,,,,2351.643465344117,2245.4892868177826,105.5270556136276,,,,,,,
AUS,2006-01-01,9962.219736751482,8689.576950069635,1267.8060205010006,,,,,,12.726139897,349.3166667560608,173.27751280236362,181.92027045436768,,,,2388.8873832649924,2277.25140545913,111.77574003788378,,,,,,,
AUS,2006-04-01,10054.14815455885,8814.016174843939,1246.5447980864196,,,,,,12.398313402,339.8185213335317,171.4186570368873,164.1906193340384,,,,2409.771152422442,2307.4013021833352,100.018666793441,,,,,,,
AUS,2006-07-01,10141.380440849944,8912.419163757633,1220.3144706710975,,,,,,12.033021321,340.2536336758803,176.20769964795826,163.27392208387047,,,,2391.5494646540774,2300.997727532335,91.3493742024895,,,,,,,
AUS,2006-10-01,10194.201929480769,8952.519568198062,1246.7581315730438,,,,,,12.230070978,346.22219896433,170.2595555892371,176.23083853668413,,,,2417.679261555823,2327.1448530889775,94.42239112410113,,,,,,,
AUS,2007-01-01,10275.795882436203,9077.992700716915,1194.9350364154748,,,,,,11.628637335,345.8432869447494,182.62971341575857,168.35538066355932,,,,2447.98648494212,2357.6021301721184,88.46627643479039,,,,,,,
AUS,2007-04-01,10384.1946395892,9164.863393396474,1221.9880656323323,,,,,,11.767769269,341.2827259497347,164.9786921434289,171.149385365359,,,,2474.763785717545,2368.242156413431,103.8472671880895,,,,,,,
AUS,2007-07-01,10444.065657982235,9194.39858421937,1242.3461712951853,,,,,,11.89523517,352.15862637199916,169.83710973066653,181.6539768817929,,,,2459.9856664658623,2369.0246867880937,91.18657623265894,,,,,,,
AUS,2007-10-01,10527.594426796162,9263.49192360903,1265.6375247231645,,,,,,12.022096154,341.4273214861105,170.5239216618793,172.45123352055074,,,,2491.200007185134,2394.1412484784705,101.80627503870276,,,,,,,
AUS,2008-01-01,10618.081117333271,9368.34252501396,1254.627738314775,,,,,,11.815955486,319.94617950625945,164.79401699906845,157.59249240031193,,,,2525.132208928581,2415.9073206198873,106.89158669540704,,,,,,,
AUS,2008-04-01,10662.734528833247,9423.349727912857,1237.0820056223097,,,,,,11.601920711,359.36562117191426,176.19545332599557,178.41367575088483,,,,2528.590511264581,2424.1484774954174,103.28801655297156,,,,,,,
AUS,2008-07-01,10754.346074027411,9502.980086545413,1244.8295721137235,,,,,,11.575130311,345.62426601454223,158.1819747727822,186.6955071081568,,,,2566.112931303312,2460.4774345752808,104.42025300596134,,,,,,,
AUS,2008-10-01,10746.0370512577,9515.44078982521,1231.6550548116295,,,,,,11.461481558,352.9335004556897,179.96684146328147,175.327012507267,,,,2556.6088750246354,2448.005604837382,110.9858108281302,,,,,,,
AUS,2009-01-01,10769.581316156708,9497.679919750395,1281.2335404981454,,,,,,11.896781341,358.2579514965375,173.05595345229122,184.44192293072365,,,,2616.0447620854156,2505.3523630469354,110.37896033033444,,,,,,,
AUS,2009-04-01,10759.19701236898,9522.931616976635,1231.2431400817136,,,,,,11.443634118,341.52128722406894,164.56882470310126,175.69022724290002,,,,2675.4866226465106,2560.0347362635716,116.63557273123465,,,,,,,
AUS,2009-07-01,10756.765660660902,9476.99753998658,1269.9418932835722,,,,,,11.805982703,349.40221051100934,185.5361794895,164.34262007721438,,,,2671.728183896689,2549.4742695726627,119.19469032896212,,,,,,,
AUS,2009-10-01,10814.31992698136,9552.838036847195,1265.213137375869,,,,,,11.699423967,343.86269660208,172.1957150653172,175.2989103682982,,,,2681.733542089101,2569.4765869094313,111.68784217833804,,,,,,,
AUS,2010-01-01,10881.20178770196,9628.427962325086,1259.801068511226,,,,,,11.577775076,349.83554393226456,174.62829712175844,170.87777875704955,,,,2689.1911873936265,2577.430041612057,114.40457665237967,,,,,,,
AUS,2010-04-01,10926.786092233477,9646.480556000768,1277.8012796861972,,,,,,11.694209705,358.5869367468033,184.14867422459577,176.62883107457492,,,,2716.6069166671564,2596.7924063927194,120.87633945387918,,,,,,,
AUS,2010-07-01,11030.862620400989,9718.322771121884,1301.0958871556015,,,,,,11.795051139,362.1272674972792,182.129072505859,178.05491679068857,,,,2812.5528648487143,2681.9120780309136,128.48416664847596,,,,,,,
AUS,2010-10-01,11126.173043500316,9827.063532105138,1304.9907410436945,,,,,,11.72901712,349.6518328343116,178.7824424484935,174.6242247121172,,,,2819.2981969622415,2694.0430583482266,122.34276116262274,,,,,,,
AUS,2011-01-01,11138.759584565669,9860.063081309414,1281.5164723225917,,,,,,11.50501959,319.1831642738436,175.36832926677008,138.73073125654517,,,,2790.541458073562,2668.8854817367323,123.71853812034792,,,,,,,
AUS,2011-04-01,11160.992559322878,9897.65366468198,1263.3242789269673,,,,,,11.319103316,316.31161413451815,187.88779817947756,131.67251813233338,,,,2830.7009067045183,2718.7949433416607,114.16365296303276,,,,,,,
AUS,2011-07-01,11189.703063243229,9950.31953207656,1232.9615101660245,,,,,,11.018715181,304.9540029654581,168.8204609290812,134.2408085100555,,,,2873.026109456012,2749.4962593507435,122.61050093885648,,,,,,,
AUS,2011-10-01,11219.706912017167,9979.54655032956,1245.182500500363,,,,,,11.098173154,320.7363274631121,181.89673319230417,141.39845305138786,,,,2915.580571375859,2782.093752576733,131.9387599779209,,,,,,,
AUS,2012-01-01,11231.556790999384,9995.77577316702,1233.829774602182,,,,,,10.985385175,322.32989757305427,180.4039261699615,136.81312477156828,,,,2905.4993608898735,2771.572166607962,131.21035847522984,,,,,,,
AUS,2012-04-01,11351.779394965744,10158.653429077773,1195.075837128776,,,,,,10.527652058,334.2744741015315,206.8928331062739,131.74132199323134,,,,2914.494970118724,2795.538830220792,123.19238525989982,,,,,,,
AUS,2012-07-01,11332.9881025841,10147.818817332907,1183.464171928262,,,,,,10.442649028,315.37414263065,184.35101257513787,128.5842167117396,,,,2918.920689930275,2804.971797503815,115.19724372104112,,,,,,,
AUS,2012-10-01,11357.29722790164,10208.775103024049,1149.8978288700189,,,,,,10.124748924,297.27666782143837,178.57534668354214,120.45375334853338,,,,2935.8674416606727,2818.20760138917,118.38179345205178,,,,,,,
AUS,2013-01-01,11418.810728364226,10252.138954889657,1161.6216196339276,,,,,,10.172877432,297.6525527120934,175.76371064582494,118.51697925899964,,,,2989.003653023593,2860.4656486219696,120.287781411023,,,,,,,
AUS,2013-04-01,11447.12595392538,10276.74302847844,1174.0681914160316,,,,,,10.256445121,294.8028572959298,163.1342490788422,136.04276930826398,,,,3005.84919791566,2877.345865633921,133.6944483223121,,,,,,,
AUS,2013-07-01,11434.605418158337,10248.78986870664,1184.806978958158,,,,,,10.361590415,285.83374097665717,172.1823526604594,111.29458929673198,,,,2999.82720796438,2865.7949986705803,134.98096171008137,,,,,,,
AUS,2013-10-01,11423.964193765903,10252.177425102813,1172.9048001090664,,,,,,10.267055991,319.8095933475428,189.4751880753141,131.4838664168211,,,,3039.257861352989,2911.451235314046,131.9261289052368,,,,,,,
AUS,2014-01-01,11457.101345273082,10285.989222140724,1166.1322345386875,,,,,,10.178248402,317.8883311634693,183.56026523790965,132.46526582277542,,,,3080.720732930618,2938.0951130399003,132.36461519869715,,,,,,,
AUS,2014-04-01,11507.43846767368,10320.898566220883,1189.9825518418156,,,,,,10.340985574,322.7432226852327,180.08791897399283,145.9533542148927,,,,3022.09327390331,2896.777897783535,128.518085291375,,,,,,,
AUS,2014-07-01,11650.977157287203,10468.084469638732,1182.150971362369,,,,,,10.1463676,332.5578459745081,176.13470242007924,152.66640621772257,,,,3060.7879583930107,2933.821689810259,128.55567319451418,,,,,,,
AUS,2014-10-01,11557.456686317746,10370.924269912555,1189.950782367034,,,,,,10.295957101,321.35358762740714,170.55472502526584,151.90268582586518,,,,3014.466238584073,2895.617440229556,123.3460419779601,,,,,,,
AUS,2015-01-01,11714.400463984342,10499.928593470988,1209.438040938221,,,,,,10.324369947,321.2430923754592,175.17650828833578,145.4469291743871,,,,3129.5979434927017,2977.385487393469,145.23799840971589,,,,,,,
AUS,2015-04-01,11737.623871722431,10515.068367166594,1222.8421262886327,,,,,,10.418140329,294.4767211224738,162.59457237592915,133.87231804493933,,,,3140.1498445264574,2991.782085985696,149.31786856341216,,,,,,,
AUS,2015-07-01,11782.154508563422,10558.568429783949,1224.372492058194,,,,,,10.391753827,310.50111359164066,171.08046716164986,137.53660234094409,,,,3195.2171483371935,3046.1951524532737,149.47033554889293,,,,,,,
AUS,2015-10-01,11907.983537609864,10657.438729764355,1256.2111908018867,,,,,,10.549319176,319.10662827400637,181.71097898363564,136.72175695627703,,,,3203.62370935585,3051.303214691453,154.77308293113316,,,,,,,
AUS,2016-01-01,11964.79542311006,10701.965147602392,1256.1266894366129,,,,,,10.498522081,323.62830150068834,185.81954977548796,137.5116008481718,,,,3203.631297124523,3054.166673682219,147.21269341249123,,,,,,,
AUS,2016-04-01,11958.937207884544,10723.499447681355,1232.7518728547948,,,,,,10.308205917,329.7014098851137,203.19129509200764,128.19515929385014,,,,3265.603316113757,3106.1989896099885,160.40127921091724,,,,,,,
AUS,2016-07-01,11975.394469745435,10778.203909706948,1203.5987341067582,,,,,,10.050597808,305.75053839963255,192.2369837052134,113.7497714146896,,,,3256.782810952733,3099.534698742968,155.73729082313764,,,,,,,
AUS,2016-10-01,12004.567445316812,10804.410253723789,1205.4115546013918,,,,,,10.041274374,299.7913274780901,182.7553327328157,115.20607191132378,,,,3308.6164768731423,3150.788415580017,156.160650580955,,,,,,,
AUS,2017-01-01,12049.402672412123,10846.232948384952,1191.6777025907493,,,,,,9.889931767,305.4683284484887,192.38740230112305,112.6536447571418,,,,3325.725210786333,3184.1717755383866,144.40022630284136,,,,,,,
AUS,2017-04-01,12190.74513064453,10943.078874947225,1246.7472892156893,,,,,,10.226998234,318.73070960920745,193.6798459176461,127.70065130641916,,,,3391.4527028066836,3239.198174909389,153.49820197003243,,,,,,,
AUS,2017-07-01,12302.95700261891,11043.600574115904,1268.6650830553954,,,,,,10.311871226,337.68496449543494,202.9028650135939,134.83612265996663,,,,3429.291359185324,3254.5045005310662,172.4380649984565,,,,,,,
AUS,2017-10-01,12390.808204942505,11142.983418573418,1249.733296780232,,,,,,10.085970795,335.87626553599074,201.2060767081999,132.15441688366843,,,,3427.3069862602956,3264.584826840358,157.78813052217055,,,,,,,
AUS,2018-01-01,12455.818845128351,11202.430868222937,1239.4019850555935,,,,,,9.950385442,334.34301690522,200.14062640535664,133.61035181192668,,,,3418.787289572737,3263.032596772046,161.07998005451128,,,,,,,
AUS,2018-04-01,12485.21667744983,11278.98565868892,1210.1597259154255,,,,,,9.692741081,332.0030454937762,210.1067965871427,124.51802066162362,,,,3447.256298088684,3291.1311116634183,158.4275522694769,,,,,,,
AUS,2018-07-01,12609.058494654044,11399.34134804248,1220.428466234912,,,,,,9.678981716,331.24421089420537,199.09283381567045,132.61490688443465,,,,3514.9063017863596,3351.809022230275,160.728655352552,,,,,,,
AUS,2018-10-01,12673.004928891034,11439.452853378296,1229.6608972993113,,,,,,9.702993917,338.76807804136286,200.55387419810367,135.68928356873496,,,,3577.0040730683045,3409.055491101261,163.31840054791888,,,,,,,
AUS,2019-01-01,12757.55844960392,11504.327155651064,1241.3588802324384,,,,,,9.730379721,342.0102699821529,191.78227074305775,149.5357358425408,,,,3591.641132826568,3425.0902375961546,168.99581654268874,,,,,,,
AUS,2019-04-01,12829.883630928143,11581.348385097122,1256.995098711979,,,,,,9.797400622,329.2827156807513,183.21355316419024,148.08646392430057,,,,3566.717524766524,3413.6717176138804,157.28118336513035,,,,,,,
AUS,2019-07-01,12912.384160975422,11652.170078836803,1267.4591702816977,,,,,,9.815841556,319.9490273225045,183.4773977371305,136.83935357493567,,,,3650.418722285705,3491.0154173610636,157.5162526712364,,,,,,,
AUS,2019-10-01,12910.445898101383,11642.010307307231,1261.532388027729,,,,,,9.771408346,319.10954201964523,176.67025155645462,141.2714092215484,,,,3692.665236530562,3534.9661400448163,155.8386432106997,,,,,,,
AUS,2020-01-01,12958.182565963509,11724.219404242564,1225.9506731919382,,,,,,9.460822665,328.3680165628587,199.19246716391257,129.05542476367094,,,,3741.681975550484,3576.750923589421,162.2529291756523,,,,,,,
AUS,2020-04-01,12084.832160509017,10922.54372829378,1170.1394616785876,,,,,,9.682711734,349.9502385977977,208.2101111927411,142.652685977939,,,,3574.8160926390738,3419.933874112087,159.44254263753712,,,,,,,
AUS,2020-07-01,12589.70999494899,11392.19108564374,1202.7767647346138,,,,,,9.55364949,360.95302320900026,209.89145467023965,151.6460520041309,,,,3742.86050307492,3578.6882352072457,164.4109572528354,,,,,,,
AUS,2020-10-01,12781.335864731396,11554.924483028642,1219.2185390630125,,,,,,9.53905407,346.30190902366803,194.9686479770014,150.27799925204047,,,,3731.1987682432546,3566.8898200568756,164.78443635942688,,,,,,,
AUS,2021-01-01,12922.41319283692,11659.39793133068,1259.0775463384098,,,,,,9.743362386,337.63074850929667,178.99698039089364,158.47715356786793,,,,3740.7647794302375,3571.078314845334,163.4730033416984,,,,,,,
AUS,2021-04-01,13077.616940196674,11846.666150327905,1235.54556349129,,,,,,9.447788302,315.63476489057695,174.4106929289949,141.70481402173328,,,,3831.459247294398,3647.763388075003,186.91437089375717,,,,,,,
AUS,2021-07-01,12992.22428731474,11757.238572740756,1239.0108840202067,,,,,,9.536557072,322.72522252884824,188.35032359559443,134.36946867073155,,,,3872.0378020486182,3701.692622256812,173.75544633469912,,,,,,,
AUS,2021-10-01,13180.977646180803,11913.858775049566,1264.4450294041794,,,,,,9.592953295,336.7127150345852,205.2840675539594,130.46360275804548,,,,3944.363381879428,3752.5674436765503,191.4145325731631,,,,,,,
AUS,2022-01-01,13415.343818210416,12167.141469145778,1243.6438588915382,,,,,,9.27030925,308.7016359212941,186.97962608976096,122.10311257542426,,,,4059.8041862065616,3862.7360878317554,191.56369466377063,,,,,,,
AUS,2022-04-01,13522.24691108607,12278.47140202042,1244.159815748248,,,,,,9.200836399,289.7651952138762,165.048514265098,125.42998810183572,,,,4054.5182957897823,3871.653776323337,183.61743227211235,,,,,,,
AUS,2022-07-01,13703.31758481087,12473.26856079157,1236.433493026139,,,,,,9.022877018,298.50818650362316,171.72131002469663,126.03100566884768,,,,4045.993791822519,3861.9764459884505,189.8584410873937,,,,,,,
AUS,2022-10-01,13816.700807611463,12603.983645018305,1212.5479455348495,,,,,,8.77595862,305.5920287314237,174.76823059028396,130.1180694897555,,,,4096.78478365842,3898.691156373063,195.885440286988,,,,,,,
AUS,2023-01-01,13896.655518556649,12650.021234570471,1241.8651493632733,,,,,,8.936431847,304.64043675611885,178.73817134514198,126.70641453829536,,,,4181.723089433531,3969.416967267493,208.30436369726604,,,,,,,
AUS,2023-04-01,14050.34567911303,12798.85852667406,1246.4031358320071,,,,,,8.870978439,298.30377267531117,185.02852950616565,114.4976438240717,,,,4246.526920445171,4028.318125396088,219.4353333250971,,,,,,,
AUS,2023-07-01,14131.08104879338,12917.645597602035,1223.4152234628727,,,,,,8.657619465,296.9585660243366,184.0432292475849,111.64777040497287,,,,4235.674983187242,4032.493566772247,208.933408895122,,,,,,,
AUS,2023-10-01,14237.68011129298,13018.751860952949,1221.3572817374832,,,,,,8.578344732,310.4783399810475,195.5115529702924,113.74369348631816,,,,4388.37345234819,4160.955724643071,221.8596113622362,,,,,,,
AUS,2024-01-01,14314.15189889997,13084.515710955062,1221.4645231470429,,,,,,8.533265064,323.44002373742245,205.69919908007623,118.76179707848485,,,,4386.552728046459,4169.568133111868,215.19121803190808,,,,,,,
AUS,2024-04-01,14330.669796229637,13062.90076346928,1262.2993106156744,,,,,,8.808376221,331.9578169629802,208.52408325502793,125.8075846416862,,,,4398.082909202407,4173.424745269855,227.3984124004066,,,,,,,
AUS,2024-07-01,14437.01744165363,13235.807401469994,1212.5810387914564,,,,,,8.399110437,327.0639319643598,205.51742062108377,119.4631310730511,,,,4479.761180331582,4267.120352830596,217.8587804154608,,,,,,,
AUS,2024-10-01,14505.662080072496,13253.258809483745,1254.272112622281,,,,,,8.646776036,307.28445060304534,196.89074181018617,108.7983296473014,,,,4515.634191492575,4292.51164325635,214.3961560376563,,,,,,,
AUS,2025-01-01,14520.921288360942,13288.931820979557,1223.8884347134208,,,,,,8.428448928,296.0032195613587,194.49247484607295,102.6369622616652,,,,4560.856620278173,4337.639889660133,223.7392310032355,,,,,,,
AUS,2025-04-01,14628.454054032352,13394.585945939523,1230.68886680658,,,,,,8.412979678,300.40732921354277,199.8152018467297,102.85102658907554,,,,4629.350609764202,4415.933075926735,217.82879816846997,,,,,,,
AUS,2025-07-01,14624.07573409731,13373.216446354883,1259.2342237917676,,,,,,8.610692714,300.18402378335185,194.07743953328804,104.27936967023906,,,,4668.1270267464915,4428.123696841192,244.6348296235779,,,,,,,
AUS,2025-10-01,14650.681527561312,13438.696715083071,1213.696764140567,,,,,,8.284234162,273.3613208266888,171.32029937245332,100.84087956542552,,,,4690.086658442348,4438.383101594083,240.25389477550428,,,,,,,
AUS,2026-01-01,14786.938436162174,13535.11618187362,1245.8191833269052,,,,,,8.425132685,296.06842073411167,199.6377997297712,97.5970345262618,,,,4692.025437005632,4461.23220284087,233.86541562987688,,,,,,,
AUT,1995-01-01,3578.9,3089.1,486.5,1581.2,1269.6,311.6,1.0,33.985517682,13.593562268,275.5,20.6,254.9,181.1,10.1,171.0,720.8,698.2,22.6,288.9,276.5,12.3,,,,
AUT,1995-04-01,3586.4,3092.3,492.5,1586.5,1274.3,312.2,1.0,34.028123338,13.732433638,271.8,20.4,251.4,175.0,9.6,165.4,723.3,700.4,23.0,295.1,282.4,12.7,,,,
AUT,1995-07-01,3589.2,3093.9,496.0,1595.8,1278.6,317.2,1.0,34.200893278,13.819235484,272.1,20.4,251.7,177.5,9.8,167.6,725.8,702.3,23.4,293.7,280.0,13.7,,,,
AUT,1995-10-01,3594.7,3095.4,504.6,1607.2,1279.5,327.7,1.0,34.392513765,14.03733274,269.3,20.3,249.0,177.5,9.3,168.2,728.3,704.6,23.7,299.8,286.0,13.7,,,,
AUT,1996-01-01,3596.7,3079.8,515.3,1609.5,1280.1,329.4,1.0,34.422579672,14.327021992,264.6,20.1,244.6,171.3,9.3,162.0,736.6,708.8,27.9,304.4,288.5,15.9,,,,
AUT,1996-04-01,3599.0,3085.2,512.1,1616.7,1277.9,338.8,1.0,34.554470259,14.228952487,263.2,20.2,243.0,180.8,9.5,171.3,739.0,710.9,28.2,306.3,290.6,15.7,,,,
AUT,1996-07-01,3604.8,3094.5,510.6,1633.5,1298.7,334.8,1.0,34.857369661,14.164447403,257.5,20.3,237.1,175.4,9.4,166.0,741.4,712.8,28.6,313.2,297.9,15.3,,,,
AUT,1996-10-01,3607.5,3096.5,512.9,1639.3,1298.0,341.3,1.0,34.954954955,14.217602218,255.5,20.5,235.0,174.9,9.9,165.0,743.8,715.1,28.7,308.3,291.6,16.7,,,,
AUT,1997-01-01,3618.1,3107.5,510.2,1659.3,1310.8,348.5,1.0,35.27775947,14.101323899,255.1,20.7,234.3,177.5,10.0,167.5,745.6,716.8,28.9,317.7,301.1,16.6,,,,
AUT,1997-04-01,3622.0,3112.7,508.8,1643.3,1304.0,339.3,1.0,34.899970267,14.047487576,255.1,21.0,234.1,174.7,9.6,165.0,748.1,718.8,29.3,310.5,294.2,16.3,,,,
AUT,1997-07-01,3630.8,3120.6,511.3,1640.7,1298.5,342.2,1.0,34.760298642,14.082295913,253.1,20.6,232.5,173.6,9.2,164.4,750.8,720.8,30.1,311.6,294.1,17.5,,,,
AUT,1997-10-01,3642.7,3128.7,513.3,1638.4,1299.7,338.7,1.0,34.59817422,14.091196091,251.3,20.5,230.7,172.8,10.0,162.8,752.9,722.0,31.0,311.7,294.4,17.3,,,,
AUT,1998-01-01,3648.3,3135.9,513.4,1638.3,1296.0,342.4,1.0,34.542958891,14.07230765,246.9,20.3,226.6,170.3,9.4,160.8,756.2,724.3,31.9,314.3,295.4,18.8,,,,
AUT,1998-04-01,3662.7,3147.9,515.6,1632.3,1294.1,338.1,1.0,34.281141907,14.077046987,244.8,20.0,224.8,167.6,9.3,158.3,758.7,726.3,32.4,307.8,290.0,17.8,,,,
AUT,1998-07-01,3670.7,3155.2,515.5,1649.7,1308.4,341.2,1.0,34.57106274,14.043642902,243.6,20.2,223.5,169.3,9.8,159.5,760.6,728.1,32.6,309.5,292.1,17.4,,,,
AUT,1998-10-01,3678.0,3164.7,511.4,1649.5,1312.3,337.2,1.0,34.498264107,13.904295813,241.7,20.2,221.5,164.7,9.3,155.4,763.0,730.2,32.8,314.3,295.7,18.7,,,,
AUT,1999-01-01,3707.4,3191.8,517.5,1657.2,1313.4,343.7,1.0,34.384453546,13.958569348,242.0,20.4,221.6,165.0,9.6,155.3,763.7,730.6,33.1,312.4,292.5,19.9,,,,
AUT,1999-04-01,3715.9,3201.9,516.0,1671.2,1325.0,346.3,1.0,34.595615101,13.886272505,239.9,20.6,219.4,165.9,9.8,156.1,765.7,732.5,33.2,316.9,296.4,20.5,,,,
AUT,1999-07-01,3723.5,3209.5,513.3,1668.3,1324.9,343.3,1.0,34.465091777,13.785416946,240.0,20.6,219.3,165.9,9.8,156.1,767.7,734.2,33.5,313.3,292.8,20.6,,,,
AUT,1999-10-01,3730.2,3218.5,511.4,1679.0,1331.3,347.7,1.0,34.623839514,13.709720658,236.8,20.7,216.1,164.2,10.2,154.0,769.9,736.4,33.5,316.0,296.1,19.9,,,,
AUT,2000-01-01,3741.5,3231.8,510.0,1681.2,1331.1,350.2,1.0,34.564500046,13.630896699,233.7,20.6,213.1,165.0,9.6,155.4,769.8,736.2,33.6,314.7,295.6,19.1,,,,
AUT,2000-04-01,3752.4,3244.0,509.5,1686.6,1336.6,350.0,1.0,34.574795208,13.577976762,231.2,20.7,210.5,163.4,9.8,153.6,772.0,738.2,33.8,316.8,296.9,19.9,,,,
AUT,2000-07-01,3758.0,3246.8,509.2,1691.8,1346.0,345.8,1.0,34.629713022,13.549760511,229.3,20.6,208.6,159.9,9.8,150.1,773.7,739.7,34.1,322.1,301.6,20.4,,,,
AUT,2000-10-01,3768.3,3251.7,517.2,1707.6,1350.8,356.9,1.0,34.857587282,13.725021893,230.7,20.6,210.1,163.6,10.1,153.6,775.9,741.6,34.3,321.5,300.3,21.2,,,,
AUT,2001-01-01,3777.3,3260.3,518.1,1703.3,1344.2,359.1,1.0,34.686966067,13.716146454,232.7,20.6,212.1,166.4,9.9,156.5,776.0,741.9,34.1,318.7,297.9,20.8,,,,
AUT,2001-04-01,3781.5,3265.0,518.9,1683.5,1338.6,344.8,1.0,34.245669708,13.722067962,230.8,20.6,210.2,157.8,10.1,147.7,777.8,743.7,34.1,320.0,301.0,19.0,,,,
AUT,2001-07-01,3781.3,3266.1,513.6,1682.8,1342.6,340.2,1.0,34.233240908,13.582630312,227.8,20.6,207.2,154.6,10.3,144.3,779.4,745.1,34.3,324.8,305.2,19.6,,,,
AUT,2001-10-01,3786.7,3268.6,517.7,1687.3,1339.8,347.5,1.0,34.275835871,13.671534582,227.4,20.7,206.7,154.2,9.6,144.6,781.8,747.3,34.6,319.7,298.8,20.9,,,,
AUT,2002-01-01,3776.9,3257.4,519.6,1691.0,1334.3,356.8,1.0,34.440128962,13.757314199,226.0,20.8,205.2,160.6,10.1,150.5,786.6,752.0,34.7,326.6,305.1,21.6,,,,
AUT,2002-04-01,3774.3,3257.2,518.3,1674.7,1326.0,348.7,1.0,34.131647437,13.73234772,225.9,20.9,205.0,157.1,10.0,147.2,789.2,754.2,34.9,323.4,302.8,20.6,,,,
AUT,2002-07-01,3779.6,3258.6,521.4,1685.1,1335.8,349.4,1.0,34.29544844,13.795110594,225.2,20.9,204.3,153.8,9.6,144.1,791.5,755.9,35.5,322.7,302.9,19.8,,,,
AUT,2002-10-01,3780.9,3261.4,520.0,1674.8,1329.5,345.3,1.0,34.074101201,13.753339152,223.9,21.1,202.8,149.7,10.2,139.5,794.3,758.6,35.7,321.0,300.5,20.5,,,,
AUT,2003-01-01,3794.1,3270.6,523.1,1686.1,1335.3,350.8,1.0,34.184655122,13.787195909,225.3,21.2,204.0,158.1,9.9,148.1,797.4,763.6,33.7,320.2,302.5,17.7,,,,
AUT,2003-04-01,3799.4,3274.7,524.7,1653.0,1307.0,346.0,1.0,33.466822697,13.810075275,223.9,21.2,202.7,153.1,9.7,143.4,800.3,766.2,34.2,311.6,292.5,19.1,,,,
AUT,2003-07-01,3806.1,3277.8,528.0,1692.6,1346.7,345.8,1.0,34.20824466,13.872467881,225.0,21.4,203.7,150.2,10.6,139.6,802.0,767.3,34.7,332.3,312.9,19.5,,,,
AUT,2003-10-01,3810.6,3279.1,533.4,1708.3,1344.4,363.9,1.0,34.484777281,13.997795623,223.7,21.1,202.6,156.0,10.4,145.7,800.8,765.1,35.7,330.1,307.6,22.5,,,,
AUT,2004-01-01,3807.9,3273.5,532.8,1673.4,1335.3,338.1,1.0,33.80421674,13.991964075,220.7,21.3,199.4,145.7,10.0,135.6,799.9,763.2,36.6,323.7,306.8,17.0,,,,
AUT,2004-04-01,3822.6,3286.0,537.2,1724.7,1369.2,355.5,1.0,34.706542869,14.053262178,220.1,21.2,198.9,148.9,10.4,138.5,806.6,768.8,37.8,334.4,312.6,21.8,,,,
AUT,2004-07-01,3832.9,3297.0,537.8,1695.0,1337.1,357.9,1.0,34.017223352,14.031151348,216.3,21.2,195.1,154.3,10.1,144.2,812.9,774.2,38.7,326.2,303.9,22.2,,,,
AUT,2004-10-01,3842.9,3306.8,538.0,1698.7,1338.8,359.9,1.0,34.00276634,13.999843868,213.5,21.5,192.0,151.9,10.6,141.3,818.6,779.0,39.6,331.3,307.1,24.2,,,,
AUT,2005-01-01,3850.5,3310.5,535.5,1689.4,1347.3,342.0,1.0,33.749862655,13.907284768,212.5,21.2,191.3,145.0,10.1,134.9,823.6,782.8,40.8,332.3,309.6,22.7,,,,
AUT,2005-04-01,3863.1,3323.0,539.1,1713.9,1363.9,350.0,1.0,34.127633646,13.955113769,212.0,21.6,190.4,146.4,10.6,135.7,827.4,785.9,41.5,338.1,314.4,23.6,,,,
AUT,2005-07-01,3883.0,3335.6,550.0,1678.9,1336.5,342.5,1.0,33.259375186,14.164305949,215.7,21.5,194.2,146.6,10.7,136.0,834.3,792.2,42.1,325.5,301.8,23.6,,,,
AUT,2005-10-01,3899.2,3347.6,554.3,1694.4,1350.8,343.6,1.0,33.426975159,14.215736561,220.2,21.4,198.7,149.9,9.8,140.1,837.8,794.7,43.0,334.2,313.0,21.2,,,,
AUT,2006-01-01,3914.0,3351.4,559.7,1700.2,1359.1,341.1,1.0,33.414567037,14.299948901,216.0,21.4,194.6,143.0,10.9,132.0,842.9,798.9,44.0,333.6,311.3,22.3,,,,
AUT,2006-04-01,3933.9,3379.4,555.7,1708.2,1358.0,350.3,1.0,33.401967513,14.12593101,210.6,21.5,189.1,143.6,10.0,133.6,847.2,802.7,44.6,334.4,311.8,22.6,,,,
AUT,2006-07-01,3950.9,3397.2,555.3,1705.6,1357.8,347.9,1.0,33.207623579,14.055025437,206.4,21.8,184.6,142.5,10.5,132.1,849.5,804.6,44.9,328.1,304.6,23.5,,,,
AUT,2006-10-01,3966.7,3414.5,553.3,1725.1,1377.5,347.7,1.0,33.453500391,13.94862228,202.2,22.3,179.9,139.3,10.6,128.8,851.6,806.3,45.3,331.8,309.5,22.3,,,,
AUT,2007-01-01,3986.2,3428.8,552.3,1731.8,1382.7,349.1,1.0,33.419142194,13.855300788,203.4,22.6,180.7,141.2,11.7,129.5,851.2,806.1,45.1,330.9,309.5,21.4,,,,
AUT,2007-04-01,4000.3,3442.8,559.4,1726.2,1381.9,344.3,1.0,33.193664321,13.983951204,206.4,22.9,183.5,140.1,11.4,128.7,852.9,807.3,45.5,330.3,309.4,20.9,,,,
AUT,2007-07-01,4023.6,3460.4,565.4,1739.0,1391.6,347.4,1.0,33.246155376,14.052092653,209.5,22.9,186.6,137.0,11.0,126.1,856.7,810.6,46.1,335.8,315.6,20.2,,,,
AUT,2007-10-01,4042.2,3482.9,561.3,1727.7,1398.9,328.7,1.0,32.878135669,13.886002672,204.6,22.6,182.0,131.9,10.6,121.3,862.4,815.7,46.7,332.4,311.5,20.9,,,,
AUT,2008-01-01,4081.9,3511.4,564.8,1745.8,1404.3,341.5,1.0,32.89946047,13.836693697,204.1,22.7,181.3,135.1,11.3,123.8,867.0,819.3,47.7,334.0,312.3,21.7,,,,
AUT,2008-04-01,4087.2,3517.4,571.7,1767.2,1428.0,339.3,1.0,33.259557041,13.987570953,205.4,22.4,183.0,132.6,10.8,121.8,869.0,820.6,48.3,342.3,317.9,24.4,,,,
AUT,2008-07-01,4093.6,3524.2,570.4,1749.5,1408.2,341.3,1.0,32.874956781,13.933945671,200.2,22.3,177.8,131.4,10.5,120.9,876.0,825.0,51.1,334.9,312.6,22.3,,,,
AUT,2008-10-01,4094.0,3525.6,571.9,1736.1,1411.6,324.5,1.0,32.619969186,13.969223254,202.3,22.5,179.8,127.7,10.7,117.0,879.9,828.4,51.4,339.8,320.8,18.9,,,,
AUT,2009-01-01,4088.5,3511.5,573.2,1694.9,1367.5,327.4,1.0,31.888693427,14.019811667,200.2,20.7,179.5,123.3,9.8,113.5,886.0,837.3,48.7,336.7,311.0,25.6,,,,
AUT,2009-04-01,4059.9,3489.3,570.0,1702.0,1369.2,332.7,1.0,32.247857564,14.039754674,200.3,22.2,178.1,125.9,11.0,114.9,891.2,842.1,49.1,339.4,316.7,22.7,,,,
AUT,2009-07-01,4056.2,3482.0,572.4,1711.5,1383.8,327.7,1.0,32.457434583,14.111730191,201.8,23.2,178.5,126.9,11.1,115.8,899.8,849.8,49.9,343.2,322.6,20.7,,,,
AUT,2009-10-01,4066.7,3496.6,573.3,1682.9,1360.9,322.0,1.0,31.832652065,14.097425431,197.6,22.1,175.5,126.3,10.7,115.5,915.6,865.4,50.2,338.1,320.9,17.2,,,,
AUT,2010-01-01,4077.0,3502.6,573.9,1692.5,1372.8,319.8,1.0,31.933359748,14.076526858,197.6,22.0,175.6,120.2,9.6,110.6,909.1,858.8,50.3,335.8,317.0,18.7,5.4,1.6,eurostat,0.296296296
AUT,2010-04-01,4089.9,3516.3,573.3,1705.7,1383.6,322.2,1.0,32.080904743,14.01745764,196.2,22.4,173.9,122.4,10.8,111.6,916.7,865.5,51.2,344.3,323.2,21.1,5.366666667,1.7,eurostat,0.316770186
AUT,2010-07-01,4102.8,3530.0,570.6,1708.5,1387.4,321.1,1.0,32.032533129,13.907575314,196.8,22.8,174.0,122.9,10.7,112.2,918.3,867.5,50.8,346.0,323.0,23.0,5.166666667,2.1,eurostat,0.406451613
AUT,2010-10-01,4123.7,3551.8,573.8,1701.2,1380.3,320.9,1.0,31.734010345,13.914688265,201.1,23.0,178.1,120.9,10.8,110.1,917.9,869.3,48.6,340.9,316.6,24.3,4.866666667,2.3,eurostat,0.47260274
AUT,2011-01-01,4138.6,3565.2,574.1,1745.9,1409.8,336.1,1.0,32.450587155,13.871840719,197.3,23.4,174.0,132.5,11.2,121.3,924.7,873.2,51.5,357.1,333.4,23.7,5.133333333,2.2,eurostat,0.428571429
AUT,2011-04-01,4154.2,3580.0,573.9,1735.9,1403.4,332.5,1.0,32.143558141,13.814934283,196.8,23.9,173.0,126.6,10.7,115.9,922.0,870.5,51.6,346.6,322.3,24.3,4.8,2.0,eurostat,0.416666667
AUT,2011-07-01,4172.2,3597.0,571.7,1723.4,1401.6,321.9,1.0,31.774418956,13.702602943,194.5,24.2,170.3,121.0,11.7,109.3,923.5,871.8,51.8,349.1,326.0,23.1,4.333333333,1.9,eurostat,0.438461538
AUT,2011-10-01,4183.0,3614.7,569.4,1738.3,1414.3,323.9,1.0,31.966384082,13.612240019,191.4,24.4,167.0,122.2,12.5,109.7,931.6,879.3,52.3,350.4,327.5,22.8,5.233333333,1.9,eurostat,0.363057325
AUT,2012-01-01,4198.3,3628.7,572.1,1744.6,1419.8,324.8,1.0,31.965319296,13.626944239,190.5,24.8,165.7,118.5,11.9,106.6,936.7,883.6,53.1,349.8,325.2,24.5,4.866666667,1.9,eurostat,0.390410959
AUT,2012-04-01,4202.0,3636.5,565.1,1727.2,1411.5,315.8,1.0,31.618643137,13.448357925,185.6,24.8,160.8,114.7,12.1,102.6,940.0,887.0,53.1,347.7,325.1,22.7,5.2,2.0,eurostat,0.384615385
AUT,2012-07-01,4207.0,3644.8,560.3,1728.3,1414.7,313.5,1.0,31.601177525,13.318279059,181.9,24.8,157.2,111.8,11.8,100.0,940.4,887.2,53.2,349.1,325.3,23.8,5.5,1.9,eurostat,0.345454545
AUT,2012-10-01,4211.6,3656.1,557.4,1720.2,1414.1,306.1,1.0,31.418718996,13.234875107,178.4,24.9,153.6,108.2,11.8,96.4,938.3,885.1,53.3,344.3,322.7,21.6,5.4,1.6,eurostat,0.296296296
AUT,2013-01-01,4207.7,3655.0,553.2,1716.6,1407.5,309.1,1.0,31.382026724,13.147325142,177.0,24.8,152.2,105.7,11.6,94.1,950.1,897.5,52.7,346.6,325.9,20.7,5.833333333,1.8,eurostat,0.308571429
AUT,2013-04-01,4219.3,3661.7,555.3,1728.9,1416.9,312.0,1.0,31.519993291,13.160950869,180.2,25.2,154.9,109.5,11.5,97.9,944.9,892.1,52.8,352.2,329.9,22.3,5.433333333,1.8,eurostat,0.331288344
AUT,2013-07-01,4232.0,3670.8,559.3,1710.7,1408.9,301.8,1.0,31.094590665,13.215973535,183.4,25.7,157.7,109.9,12.2,97.7,945.7,892.5,53.2,347.2,325.1,22.1,5.7,1.6,eurostat,0.280701754
AUT,2013-10-01,4238.5,3678.7,562.7,1719.3,1419.6,299.6,1.0,31.202983639,13.275923086,186.7,26.4,160.3,108.5,11.8,96.7,948.5,895.0,53.4,344.1,323.6,20.5,5.866666667,1.8,eurostat,0.306818182
AUT,2014-01-01,4255.4,3687.4,567.9,1727.8,1428.2,299.6,1.0,31.232714271,13.345396437,190.0,26.7,163.3,112.5,12.2,100.3,952.6,898.8,53.8,352.0,330.9,21.0,6.1,1.8,eurostat,0.295081967
AUT,2014-04-01,4263.4,3696.3,566.5,1714.6,1413.7,300.8,1.0,30.935944948,13.287517005,189.6,27.0,162.5,106.5,12.4,94.1,958.8,904.8,54.0,346.9,324.9,22.0,5.866666667,1.7,eurostat,0.289772727
AUT,2014-07-01,4270.7,3705.6,564.9,1724.9,1418.6,306.4,1.0,31.068587207,13.22733978,188.0,27.1,160.9,107.3,12.4,94.8,966.1,912.3,53.8,348.3,324.2,24.1,6.066666667,1.8,eurostat,0.296703297
AUT,2014-10-01,4274.3,3716.1,560.1,1745.3,1437.2,308.1,1.0,31.409551542,13.103900054,183.9,27.1,156.8,110.1,12.7,97.3,973.2,919.0,54.2,361.2,339.0,22.2,6.1,1.9,eurostat,0.31147541
AUT,2015-01-01,4280.8,3726.1,553.4,1705.0,1404.4,300.6,1.0,30.637695327,12.927490189,180.2,27.6,152.6,107.2,12.9,94.3,978.7,924.6,54.2,352.3,330.0,22.4,6.0,1.9,eurostat,0.316666667
AUT,2015-04-01,4287.4,3734.8,552.1,1723.3,1419.8,303.5,1.0,30.918864221,12.877268274,177.3,27.8,149.5,105.2,12.3,92.9,982.3,928.2,54.1,357.0,333.8,23.1,6.266666667,1.9,eurostat,0.303191489
AUT,2015-07-01,4294.4,3746.7,548.0,1737.9,1436.9,301.0,1.0,31.129986816,12.760804769,173.5,28.2,145.3,105.7,12.4,93.3,986.1,932.0,54.1,362.3,339.6,22.7,6.066666667,2.0,eurostat,0.32967033
AUT,2015-10-01,4304.4,3760.9,544.3,1699.5,1411.9,287.6,1.0,30.371426733,12.64520026,172.2,28.2,144.0,98.0,11.2,86.8,990.5,936.8,53.8,352.3,331.9,20.4,6.3,2.0,eurostat,0.317460317
AUT,2016-01-01,4318.8,3773.2,543.9,1729.5,1437.6,291.9,1.0,30.804496976,12.593776049,170.0,28.1,141.9,101.8,11.6,90.2,995.1,941.0,54.1,358.4,337.2,21.2,6.466666667,2.1,eurostat,0.324742268
AUT,2016-04-01,4334.9,3788.7,545.8,1761.3,1462.0,299.4,1.0,31.254380813,12.590832545,172.1,28.2,143.9,102.4,12.1,90.3,999.8,945.5,54.3,367.0,344.1,22.8,6.6,2.2,eurostat,0.333333333
AUT,2016-07-01,4359.4,3808.6,552.0,1760.9,1454.1,306.8,1.0,31.071671825,12.662292976,172.3,28.1,144.2,104.3,12.4,91.9,1005.8,950.9,54.9,368.2,344.0,24.2,6.633333333,2.1,eurostat,0.316582915
AUT,2016-10-01,4378.9,3826.9,552.9,1760.3,1455.4,304.9,1.0,30.922764235,12.6264587,170.4,28.3,142.1,104.8,13.3,91.6,1011.5,956.2,55.3,371.3,347.0,24.2,6.2,2.1,eurostat,0.338709677
AUT,2017-01-01,4388.1,3835.5,553.1,1783.2,1469.5,313.7,1.0,31.259367555,12.604544108,172.3,28.8,143.6,110.6,12.6,98.0,1014.3,958.7,55.6,375.2,351.1,24.1,6.166666667,2.4,eurostat,0.389189189
AUT,2017-04-01,4411.1,3861.3,549.0,1761.3,1459.6,301.7,1.0,30.714473801,12.445875179,165.2,28.8,136.5,100.8,12.7,88.1,1021.9,966.1,55.9,372.3,345.8,26.5,5.9,2.8,eurostat,0.474576271
AUT,2017-07-01,4430.7,3883.0,547.3,1755.5,1462.9,292.5,1.0,30.477906773,12.352449951,165.6,29.2,136.5,97.2,12.8,84.5,1028.4,972.8,55.7,369.4,345.1,24.2,5.866666667,2.8,eurostat,0.477272727
AUT,2017-10-01,4452.7,3906.1,546.3,1786.9,1483.4,303.5,1.0,30.869774778,12.268960406,164.8,29.6,135.2,98.6,11.9,86.7,1034.4,978.9,55.6,380.0,353.1,26.9,5.833333333,2.8,eurostat,0.48
AUT,2018-01-01,4476.3,3932.3,544.0,1785.4,1484.3,301.1,1.0,30.681246015,12.152894131,158.6,29.6,128.9,98.8,13.4,85.4,1042.7,986.9,55.7,374.4,348.6,25.8,5.433333333,3.1,eurostat,0.570552147
AUT,2018-04-01,4494.4,3950.2,544.8,1812.2,1499.1,313.0,1.0,31.016375934,12.121751513,159.6,30.2,129.4,99.8,13.6,86.2,1046.9,990.7,56.2,384.4,358.0,26.4,5.0,3.0,eurostat,0.6
AUT,2018-07-01,4504.5,3965.7,539.4,1808.2,1504.7,303.5,1.0,30.878523186,11.974691975,154.1,30.2,123.9,96.9,12.6,84.3,1048.5,992.3,56.2,381.8,355.3,26.5,5.366666667,3.3,eurostat,0.614906832
AUT,2018-10-01,4519.8,3979.1,541.0,1828.2,1518.4,309.7,1.0,31.114378785,11.969556175,153.1,30.1,123.0,98.0,13.2,84.8,1049.4,992.4,56.9,386.0,359.7,26.3,5.1,3.6,eurostat,0.705882353
AUT,2019-01-01,4536.3,3994.4,540.0,1839.9,1531.3,308.7,1.0,31.199605236,11.903974605,152.0,30.2,121.7,96.5,13.2,83.2,1047.8,990.9,56.9,392.2,366.8,25.4,5.066666667,3.4,eurostat,0.671052632
AUT,2019-04-01,4544.1,4007.8,536.2,1821.5,1513.5,308.1,1.0,30.834573318,11.799916375,147.3,30.3,117.0,95.0,13.5,81.5,1049.0,991.6,57.4,383.7,355.7,28.0,4.866666667,3.4,eurostat,0.698630137
AUT,2019-07-01,4554.1,4017.5,538.5,1822.7,1523.2,299.4,1.0,30.787135177,11.824509782,148.1,30.5,117.6,94.9,14.1,80.7,1048.9,990.8,58.1,378.3,353.2,25.1,4.8,3.3,eurostat,0.6875
AUT,2019-10-01,4566.4,4023.8,543.3,1853.2,1545.8,307.4,1.0,31.217993639,11.897775053,147.8,30.5,117.3,94.5,13.7,80.9,1049.2,990.3,58.9,388.3,361.6,26.6,4.533333333,3.3,eurostat,0.727941177
AUT,2020-01-01,4542.8,3993.4,545.3,1745.6,1448.2,297.4,1.0,29.558185057,12.003610108,149.1,30.5,118.7,100.3,13.6,86.8,1049.6,990.1,59.6,371.9,346.5,25.4,4.7,3.2,eurostat,0.680851064
AUT,2020-04-01,4364.7,3823.4,541.8,1521.0,1246.6,274.4,1.0,26.805966046,12.413224277,151.4,29.1,122.3,101.2,12.2,89.0,1051.9,991.9,60.1,347.8,326.5,21.3,7.0,2.4,eurostat,0.342857143
AUT,2020-07-01,4496.7,3955.8,545.4,1752.7,1449.2,303.6,1.0,29.982671053,12.128894523,152.0,30.4,121.6,104.0,13.0,91.0,1063.3,1002.7,60.6,381.1,354.2,26.9,6.433333333,2.7,eurostat,0.419689119
AUT,2020-10-01,4498.6,3951.1,546.8,1680.4,1401.1,279.3,1.0,28.733725706,12.154892633,153.5,30.6,122.9,98.3,12.9,85.4,1078.0,1016.8,61.2,372.5,347.4,25.1,6.266666667,2.9,eurostat,0.462765957
AUT,2021-01-01,4458.5,3903.1,551.4,1693.6,1401.9,291.7,1.0,29.219899759,12.367388135,154.7,31.0,123.6,102.1,12.8,89.3,1062.8,1001.0,61.8,382.0,358.8,23.1,7.166666667,3.1,eurostat,0.43255814
AUT,2021-04-01,4549.1,3991.1,561.1,1768.2,1470.2,298.0,1.0,29.899405292,12.334307885,154.1,30.9,123.2,101.6,13.3,88.3,1083.7,1021.5,62.2,385.3,359.1,26.2,6.733333333,3.6,eurostat,0.534653465
AUT,2021-07-01,4617.1,4052.1,568.8,1812.7,1507.7,305.0,1.0,30.200442169,12.319421282,157.3,31.3,126.0,102.3,12.4,89.9,1090.7,1027.5,63.3,384.1,358.8,25.3,5.566666667,4.2,eurostat,0.754491018
AUT,2021-10-01,4636.2,4068.0,567.0,1748.5,1464.0,284.6,1.0,29.010827833,12.229843406,155.1,31.5,123.6,99.6,13.3,86.3,1092.5,1028.7,63.8,372.9,350.1,22.9,5.2,4.6,eurostat,0.884615385
AUT,2022-01-01,4665.2,4089.0,572.2,1787.6,1487.8,299.8,1.0,29.475197699,12.265283375,154.5,30.7,123.7,101.7,12.1,89.6,1104.7,1039.9,64.8,370.7,348.2,22.5,4.633333333,5.2,eurostat,1.122302158
AUT,2022-04-01,4685.9,4121.0,567.2,1808.7,1509.4,299.3,1.0,29.691365422,12.104398301,152.8,30.8,122.0,100.1,12.4,87.7,1100.0,1034.3,65.7,369.2,347.4,21.8,4.466666667,5.3,eurostat,1.186567164
AUT,2022-07-01,4697.5,4134.0,564.0,1802.1,1509.9,292.2,1.0,29.509968478,12.006386376,148.0,30.5,117.6,96.1,12.9,83.3,1096.7,1030.8,65.9,379.5,355.6,23.9,4.9,5.4,eurostat,1.102040816
AUT,2022-10-01,4713.6,4151.5,562.4,1810.8,1509.3,301.5,1.0,29.551151496,11.931432451,144.8,30.1,114.8,98.0,12.5,85.6,1103.5,1034.7,68.8,380.0,354.5,25.5,4.933333333,5.3,eurostat,1.074324324
AUT,2023-01-01,4722.8,4162.5,557.9,1822.9,1529.3,293.6,1.0,29.690665902,11.812907597,139.7,30.4,109.3,92.9,13.2,79.7,1109.3,1042.4,66.9,381.2,356.0,25.3,4.966666667,5.1,eurostat,1.026845638
AUT,2023-04-01,4730.2,4170.9,560.6,1815.8,1514.9,300.8,1.0,29.528756306,11.851507336,138.9,30.2,108.7,95.0,12.5,82.5,1119.8,1050.1,69.7,382.4,358.1,24.3,5.0,4.8,eurostat,0.96
AUT,2023-07-01,4727.9,4171.8,556.1,1828.7,1535.3,293.4,1.0,29.753004668,11.762093107,136.7,30.3,106.4,86.6,11.4,75.2,1123.0,1055.5,67.5,397.5,372.7,24.8,5.433333333,4.6,eurostat,0.846625767
AUT,2023-10-01,4732.7,4175.7,557.8,1795.2,1506.7,288.5,1.0,29.178335346,11.786084054,138.2,30.6,107.6,88.0,12.1,75.8,1128.4,1061.0,67.4,380.5,356.2,24.3,5.166666667,4.3,eurostat,0.832258064
AUT,2024-01-01,4731.5,4172.5,557.1,1812.5,1518.0,294.5,1.0,29.466992904,11.77427877,138.1,30.4,107.7,89.8,13.6,76.3,1129.8,1062.4,67.4,381.7,356.9,24.8,4.866666667,4.4,eurostat,0.904109589
AUT,2024-04-01,4730.7,4176.4,556.3,1815.2,1522.3,292.9,1.0,29.515879094,11.75935908,137.6,30.5,107.0,85.0,12.1,72.8,1136.3,1068.8,67.5,389.9,365.2,24.7,5.133333333,4.0,eurostat,0.779220779
AUT,2024-07-01,4734.0,4179.0,556.2,1788.9,1504.4,284.4,1.0,29.067953593,11.74904943,137.2,30.3,106.8,86.6,12.6,74.0,1143.3,1075.4,67.9,378.1,355.1,23.0,5.333333333,3.8,eurostat,0.7125
AUT,2024-10-01,4731.4,4178.0,554.1,1838.0,1540.3,297.7,1.0,29.882194569,11.711121444,133.8,30.1,103.7,88.6,12.9,75.7,1151.1,1081.3,69.8,395.5,370.0,25.5,5.366666667,3.8,eurostat,0.708074534
AUT,2025-01-01,4738.1,4183.3,551.2,1827.2,1534.1,293.0,1.0,29.664601033,11.633355142,134.1,30.4,103.7,86.8,11.9,74.8,1156.6,1088.1,68.5,404.0,378.9,25.1,5.466666667,3.4,eurostat,0.621951219
AUT,2025-04-01,4732.6,4177.7,555.8,1817.1,1524.3,292.9,1.0,29.534911693,11.744073025,132.5,30.3,102.2,85.7,12.9,72.8,1160.2,1091.4,68.8,398.7,375.0,23.7,5.733333333,3.4,eurostat,0.593023256
AUT,2025-07-01,4729.4,4170.6,560.0,1821.1,1527.9,293.2,1.0,29.619955044,11.840825475,133.9,30.3,103.7,88.6,12.9,75.7,1162.3,1093.3,69.0,399.7,375.9,23.8,5.7,3.2,eurostat,0.561403509
AUT,2025-10-01,4730.5,4167.5,564.0,1833.6,1535.3,298.3,1.0,29.816331011,11.922629743,136.0,30.3,105.6,85.8,12.4,73.4,1163.2,1093.6,69.5,408.7,381.3,27.4,5.833333333,2.9,eurostat,0.497142857
AUT,2026-01-01,4725.6,4161.9,563.2,1812.1,1515.7,296.4,1.0,29.497271816,11.918063315,137.3,30.2,107.1,85.3,12.1,73.2,1166.4,1096.7,69.7,404.4,376.8,27.6,,,,
AUT,2026-04-01,4723.3,,,,,,1.0,,,,,,,,,,,,,,,,,,
BEL,1995-01-01,3856.0,3159.9,696.1,1524.0,1146.9,377.1,1.0,30.402170444,18.052385892,90.5,15.1,75.4,37.0,4.1,32.9,1022.1,960.7,61.5,362.6,332.9,29.7,,,,
BEL,1995-04-01,3870.1,3172.6,697.5,1527.0,1147.7,379.3,1.0,30.351034459,18.022790109,89.5,14.6,74.9,37.4,4.1,33.3,1028.5,966.7,61.8,363.3,333.4,29.9,,,,
BEL,1995-07-01,3873.3,3174.3,699.0,1527.9,1146.9,381.0,1.0,30.343833225,18.046626907,88.9,14.5,74.3,37.8,4.1,33.7,1030.9,968.7,62.2,363.6,333.5,30.1,,,,
BEL,1995-10-01,3875.7,3175.2,700.4,1527.4,1146.3,381.1,1.0,30.315119254,18.071574167,88.4,14.6,73.8,38.0,4.2,33.8,1033.1,970.5,62.6,364.8,334.5,30.3,,,,
BEL,1996-01-01,3876.0,3174.0,702.0,1517.8,1139.1,378.7,1.0,30.12225133,18.111455108,87.6,14.4,73.2,36.4,4.0,32.4,1032.5,969.4,63.1,364.3,333.9,30.4,,,,
BEL,1996-04-01,3877.7,3174.1,703.6,1529.6,1145.6,384.0,1.0,30.343125683,18.144776543,87.1,14.5,72.6,37.2,4.1,33.1,1032.1,968.6,63.5,364.9,334.1,30.8,,,,
BEL,1996-07-01,3880.4,3175.2,705.2,1527.4,1145.5,381.8,1.0,30.278401116,18.173384187,86.5,14.4,72.1,35.5,4.0,31.5,1032.5,968.6,63.9,364.6,333.6,31.0,,,,
BEL,1996-10-01,3882.0,3175.1,706.9,1532.9,1147.7,385.3,1.0,30.374905877,18.209685729,85.7,14.3,71.5,36.4,3.9,32.4,1033.6,969.2,64.4,365.2,334.0,31.2,,,,
BEL,1997-01-01,3891.9,3184.7,707.2,1545.6,1155.6,390.0,1.0,30.548654306,18.171073255,85.3,14.4,70.8,36.3,4.1,32.2,1037.6,972.8,64.8,367.5,335.7,31.8,,,,
BEL,1997-04-01,3899.2,3193.0,706.2,1536.0,1154.1,381.9,1.0,30.302073798,18.111407468,84.9,14.7,70.2,34.9,4.1,30.8,1040.8,975.8,65.1,367.1,335.9,31.1,,,,
BEL,1997-07-01,3906.3,3201.2,705.2,1545.0,1160.7,384.4,1.0,30.424225955,18.052888923,84.5,14.8,69.8,35.7,4.2,31.6,1043.0,977.6,65.4,369.1,337.4,31.7,,,,
BEL,1997-10-01,3924.1,3220.0,704.2,1551.1,1165.7,385.4,1.0,30.405796136,17.945516169,84.4,15.0,69.4,36.3,4.2,32.1,1046.8,981.1,65.7,369.7,337.9,31.8,,,,
BEL,1998-01-01,3941.5,3237.5,704.0,1557.0,1172.4,384.6,1.0,30.386713375,17.861220348,84.3,15.2,69.1,35.7,4.3,31.4,1050.1,984.1,66.0,371.2,339.2,31.9,,,,
BEL,1998-04-01,3961.5,3256.9,704.6,1561.0,1177.1,383.9,1.0,30.310973893,17.786192099,84.2,15.3,68.9,35.0,4.3,30.8,1053.6,987.0,66.5,371.7,339.5,32.2,,,,
BEL,1998-07-01,3987.7,3282.5,705.3,1565.4,1183.4,382.0,1.0,30.196701009,17.686887178,84.0,15.4,68.6,34.8,4.3,30.5,1060.1,993.1,67.0,373.0,340.6,32.4,,,,
BEL,1998-10-01,4004.9,3299.0,705.9,1572.3,1187.9,384.4,1.0,30.19954402,17.625908262,83.8,15.5,68.3,35.4,4.3,31.1,1067.0,999.5,67.5,375.2,342.6,32.6,,,,
BEL,1999-01-01,4010.6,3304.7,705.9,1574.2,1192.5,381.7,1.0,30.1930653,17.600857727,83.5,15.6,67.9,36.9,4.5,32.4,1073.0,1005.1,67.9,376.1,343.3,32.8,,,,
BEL,1999-04-01,4016.2,3310.9,705.3,1580.3,1196.9,383.4,1.0,30.267800025,17.561376425,83.2,15.8,67.4,37.4,4.7,32.8,1078.9,1010.7,68.3,377.3,344.2,33.1,,,,
BEL,1999-07-01,4032.2,3327.5,704.7,1586.2,1203.0,383.2,1.0,30.260251132,17.476811666,82.8,16.0,66.8,37.9,4.8,33.1,1086.3,1017.7,68.6,379.8,346.5,33.3,,,,
BEL,1999-10-01,4055.6,3351.5,704.1,1606.0,1217.5,388.5,1.0,30.46120464,17.361179604,82.2,16.1,66.1,37.6,4.9,32.8,1091.0,1022.1,69.0,383.5,349.8,33.7,,,,
BEL,2000-01-01,4078.3,3375.0,703.3,1615.1,1227.4,387.7,1.0,30.463296358,17.244930486,81.5,16.2,65.4,37.1,5.0,32.2,1093.9,1024.7,69.2,385.4,351.9,33.5,,,,
BEL,2000-04-01,4096.5,3394.1,702.3,1627.1,1237.8,389.3,1.0,30.553286577,17.143903332,80.7,16.1,64.6,36.7,4.9,31.7,1099.3,1030.0,69.3,388.2,354.7,33.6,,,,
BEL,2000-07-01,4121.1,3419.7,701.3,1638.9,1247.6,391.3,1.0,30.591160314,17.017301206,80.3,16.3,64.0,37.1,5.1,32.1,1105.1,1035.6,69.5,391.5,357.7,33.8,,,,
BEL,2000-10-01,4142.9,3442.6,700.4,1649.6,1259.8,389.9,1.0,30.628860869,16.906032007,79.8,16.4,63.5,36.2,5.0,31.1,1110.5,1040.8,69.6,393.1,359.3,33.8,,,,
BEL,2001-01-01,4156.5,3457.6,698.9,1640.1,1255.0,385.1,1.0,30.352830136,16.814627692,79.1,16.2,62.9,34.9,5.0,29.9,1116.8,1047.1,69.7,391.0,358.0,33.0,,,,
BEL,2001-04-01,4162.3,3465.5,696.8,1646.9,1260.1,386.7,1.0,30.436204835,16.7407443,78.8,16.5,62.3,35.1,5.0,30.1,1120.7,1050.9,69.7,394.5,361.1,33.4,,,,
BEL,2001-07-01,4173.7,3478.9,694.8,1654.3,1268.0,386.3,1.0,30.489456874,16.647099696,78.1,16.5,61.7,35.3,4.9,30.4,1127.3,1057.6,69.7,395.5,363.0,32.5,,,,
BEL,2001-10-01,4171.7,3478.9,692.7,1646.2,1264.2,382.0,1.0,30.354716118,16.604741472,77.8,16.8,61.0,33.3,5.1,28.2,1133.3,1063.5,69.8,397.3,364.7,32.6,,,,
BEL,2002-01-01,4174.8,3483.8,691.0,1667.1,1275.7,391.4,1.0,30.717270657,16.551691099,77.5,17.1,60.5,36.3,5.4,31.0,1139.0,1069.2,69.8,402.3,369.2,33.1,,,,
BEL,2002-04-01,4181.6,3491.9,689.7,1666.8,1276.1,390.7,1.0,30.661800415,16.493686627,77.0,17.1,60.0,36.8,5.5,31.3,1144.7,1074.9,69.8,403.8,370.6,33.2,,,,
BEL,2002-07-01,4173.2,3484.8,688.4,1663.3,1271.4,391.9,1.0,30.659003605,16.495734688,76.6,17.1,59.4,36.3,5.7,30.6,1147.9,1078.0,69.8,404.2,370.7,33.5,,,,
BEL,2002-10-01,4172.4,3485.4,687.0,1657.1,1268.7,388.4,1.0,30.55057779,16.465343687,76.5,17.6,58.9,37.4,5.7,31.7,1152.8,1083.0,69.8,403.0,369.8,33.2,,,,
BEL,2003-01-01,4153.5,3466.6,686.9,1671.9,1280.4,391.5,1.0,30.963691419,16.537859636,76.2,17.6,58.5,37.0,6.6,30.4,1155.2,1085.5,69.8,409.9,376.5,33.4,,,,
BEL,2003-04-01,4168.8,3480.8,688.1,1665.3,1277.0,388.3,1.0,30.728267127,16.505948954,76.2,17.9,58.4,35.4,5.5,30.0,1161.6,1091.9,69.7,411.8,378.5,33.4,,,,
BEL,2003-07-01,4176.5,3487.1,689.4,1665.8,1278.9,387.0,1.0,30.680824025,16.506644319,76.0,17.8,58.2,36.1,5.6,30.4,1167.1,1097.5,69.7,411.4,378.1,33.3,,,,
BEL,2003-10-01,4187.7,3497.0,690.7,1664.0,1279.4,384.6,1.0,30.565704325,16.493540607,76.0,18.0,58.1,34.4,5.3,29.1,1174.6,1104.9,69.8,414.7,381.6,33.1,,,,
BEL,2004-01-01,4195.3,3503.9,691.5,1670.3,1284.7,385.5,1.0,30.625846873,16.482730675,75.2,17.2,57.9,35.8,5.8,30.0,1180.5,1110.7,69.8,416.4,383.4,33.0,,,,
BEL,2004-04-01,4202.9,3511.3,691.6,1669.8,1285.4,384.4,1.0,30.561315722,16.455304671,75.1,17.3,57.9,35.3,5.6,29.6,1184.9,1114.9,70.0,417.2,384.3,32.9,,,,
BEL,2004-07-01,4217.9,3526.2,691.7,1673.9,1290.8,383.1,1.0,30.527404268,16.399155978,75.2,17.5,57.8,35.4,5.7,29.7,1190.8,1120.6,70.2,421.4,388.5,32.9,,,,
BEL,2004-10-01,4235.1,3543.2,691.9,1675.2,1293.8,381.5,1.0,30.427035598,16.33727657,75.3,17.6,57.7,35.5,5.9,29.6,1201.1,1130.7,70.4,422.3,389.4,32.9,,,,
BEL,2005-01-01,4260.0,3567.2,692.8,1674.3,1294.3,380.1,1.0,30.232936078,16.262910798,75.0,17.5,57.5,35.0,5.8,29.2,1213.9,1143.1,70.8,425.9,392.9,33.0,,,,
BEL,2005-04-01,4268.9,3574.7,694.2,1684.4,1302.0,382.5,1.0,30.351901138,16.261800464,74.7,17.4,57.3,36.1,5.8,30.4,1219.3,1148.1,71.2,428.0,394.9,33.1,,,,
BEL,2005-07-01,4278.6,3583.5,695.1,1685.9,1303.1,382.9,1.0,30.310058286,16.245968307,74.4,17.3,57.1,35.4,5.7,29.7,1224.0,1152.8,71.2,429.4,396.2,33.3,,,,
BEL,2005-10-01,4285.4,3589.2,696.2,1697.0,1309.4,387.5,1.0,30.461208181,16.24585803,74.2,17.3,56.8,36.0,5.9,30.1,1227.0,1155.7,71.2,431.1,397.6,33.5,,,,
BEL,2006-01-01,4294.3,3596.9,697.4,1700.8,1311.5,389.3,1.0,30.466145642,16.240132268,73.6,17.1,56.5,35.5,5.7,29.8,1230.0,1158.5,71.5,432.2,398.5,33.7,,,,
BEL,2006-04-01,4313.8,3615.3,698.5,1714.6,1321.3,393.3,1.0,30.57450686,16.192220316,72.8,16.9,56.0,37.3,5.9,31.4,1237.1,1165.4,71.6,434.2,400.2,34.0,,,,
BEL,2006-07-01,4330.4,3630.9,699.5,1725.6,1328.8,396.8,1.0,30.652702184,16.153242195,72.4,17.0,55.4,37.0,6.0,31.0,1241.6,1170.0,71.6,435.8,401.6,34.2,,,,
BEL,2006-10-01,4347.0,3646.3,700.7,1737.1,1338.0,399.1,1.0,30.73914813,16.119162641,71.8,17.0,54.9,39.4,6.5,32.9,1244.1,1172.4,71.7,437.4,403.0,34.4,,,,
BEL,2007-01-01,4361.7,3659.6,702.2,1741.5,1343.0,398.5,1.0,30.71314819,16.099227365,71.4,17.1,54.3,37.3,6.2,31.1,1247.7,1175.8,71.9,438.6,404.0,34.6,,,,
BEL,2007-04-01,4382.1,3677.7,704.3,1743.8,1345.2,398.6,1.0,30.610543241,16.072202825,71.5,17.7,53.8,36.1,6.4,29.7,1254.1,1182.2,71.9,439.5,404.8,34.7,,,,
BEL,2007-07-01,4401.7,3694.9,706.8,1754.9,1353.1,401.8,1.0,30.668220845,16.057432356,71.0,17.7,53.3,37.4,6.7,30.8,1259.6,1187.6,71.9,442.0,407.2,34.8,,,,
BEL,2007-10-01,4428.3,3718.9,709.4,1761.4,1360.7,400.8,1.0,30.596912515,16.019691529,70.5,17.7,52.8,35.1,6.3,28.7,1265.3,1193.3,72.0,443.6,408.7,35.0,,,,
BEL,2008-01-01,4448.0,3736.0,712.0,1769.8,1367.0,402.7,1.0,30.606668511,16.007194245,70.1,17.9,52.2,36.1,6.4,29.6,1270.6,1198.2,72.4,444.7,409.6,35.0,,,,
BEL,2008-04-01,4463.7,3749.2,714.5,1773.2,1370.6,402.6,1.0,30.557609158,16.006900105,69.6,18.0,51.6,34.9,6.5,28.4,1275.0,1202.4,72.6,447.5,412.3,35.2,,,,
BEL,2008-07-01,4482.5,3765.6,716.8,1768.9,1368.5,400.5,1.0,30.355656613,15.991076408,69.1,18.2,51.0,33.6,6.3,27.3,1282.3,1209.6,72.7,448.5,413.3,35.2,,,,
BEL,2008-10-01,4492.4,3773.0,719.3,1764.5,1363.0,401.5,1.0,30.213420272,16.011486065,68.7,18.4,50.3,34.2,6.4,27.8,1286.7,1213.8,72.9,450.0,414.7,35.3,,,,
BEL,2009-01-01,4473.9,3753.1,720.7,1750.3,1342.5,407.8,1.0,30.094204506,16.108987684,68.9,19.6,49.3,35.1,6.8,28.3,1292.5,1220.7,71.9,451.0,416.6,34.4,,,,
BEL,2009-04-01,4462.2,3740.9,721.3,1740.9,1331.8,409.1,1.0,30.011067325,16.164672135,67.8,19.6,48.1,35.6,7.0,28.6,1297.6,1228.6,69.1,451.3,418.6,32.7,,,,
BEL,2009-07-01,4460.6,3738.3,722.3,1744.7,1332.0,412.7,1.0,30.087363204,16.192888849,66.7,19.8,46.9,36.3,7.2,29.2,1302.1,1236.2,65.9,451.8,420.7,31.0,,,,
BEL,2009-10-01,4466.3,3743.0,723.2,1749.2,1334.0,415.3,1.0,30.126468476,16.192374001,65.5,19.8,45.7,36.2,7.3,28.9,1306.2,1243.4,62.8,452.0,422.5,29.4,,,,
BEL,2010-01-01,4474.7,3750.1,724.7,1755.2,1334.7,420.5,1.0,30.173058443,16.19549914,64.7,20.0,44.7,35.4,7.0,28.4,1311.7,1250.4,61.3,452.9,424.3,28.7,,,,
BEL,2010-04-01,4487.9,3761.4,726.5,1772.8,1345.6,427.2,1.0,30.385978023,16.187972103,63.9,19.9,44.0,36.5,7.3,29.3,1316.9,1255.5,61.4,454.2,425.7,28.5,,,,
BEL,2010-07-01,4505.7,3777.3,728.4,1781.9,1350.8,431.1,1.0,30.421295419,16.166189493,63.5,20.3,43.2,36.1,7.4,28.7,1321.7,1260.2,61.5,456.1,427.7,28.4,,,,
BEL,2010-10-01,4519.0,3788.6,730.4,1787.0,1353.4,433.6,1.0,30.418574566,16.162867891,63.0,20.6,42.4,36.1,7.6,28.5,1326.2,1264.6,61.6,455.8,427.4,28.4,,,,
BEL,2011-01-01,4537.1,3805.0,732.2,1813.8,1374.7,439.2,1.0,30.751598361,16.138061758,62.1,20.5,41.6,37.4,7.9,29.6,1330.8,1269.1,61.7,458.7,430.4,28.3,,,,
BEL,2011-04-01,4550.0,3816.1,734.0,1810.1,1369.7,440.5,1.0,30.601859679,16.131868132,61.7,20.7,41.0,37.3,8.0,29.2,1334.5,1272.9,61.7,459.0,430.9,28.1,,,,
BEL,2011-07-01,4557.8,3822.0,735.8,1812.2,1370.8,441.4,1.0,30.584931327,16.143753565,61.3,20.8,40.5,36.7,8.1,28.6,1338.3,1276.6,61.6,459.5,431.4,28.1,,,,
BEL,2011-10-01,4563.7,3826.0,737.6,1823.2,1379.6,443.5,1.0,30.730800413,16.16232443,61.0,20.9,40.1,34.1,7.6,26.5,1341.0,1279.4,61.6,462.6,434.2,28.4,,,,
BEL,2012-01-01,4564.7,3825.0,739.7,1817.0,1373.9,443.0,1.0,30.619587436,16.204788924,61.1,21.3,39.8,34.9,8.0,26.9,1343.3,1281.7,61.7,463.3,434.8,28.5,,,,
BEL,2012-04-01,4565.4,3823.4,742.0,1815.3,1372.4,442.8,1.0,30.586249078,16.252683226,61.1,21.6,39.4,33.9,8.0,26.0,1347.3,1285.4,61.8,463.9,435.2,28.6,,,,
BEL,2012-07-01,4563.2,3819.0,744.2,1821.6,1375.4,446.2,1.0,30.70719603,16.308730715,60.4,21.3,39.1,33.5,7.8,25.7,1350.9,1288.9,61.9,466.8,437.9,28.9,,,,
BEL,2012-10-01,4559.6,3813.3,746.4,1813.1,1366.5,446.6,1.0,30.588040786,16.369857005,60.1,21.3,38.8,34.1,8.0,26.1,1354.6,1292.5,62.0,466.5,437.4,29.1,,,,
BEL,2013-01-01,4554.1,3806.0,748.1,1804.0,1357.4,446.6,1.0,30.471274405,16.42695593,59.7,21.2,38.5,33.7,8.0,25.8,1357.7,1295.4,62.3,467.5,438.3,29.2,8.5,2.2,eurostat,0.258823529
BEL,2013-04-01,4548.5,3799.2,749.3,1815.7,1365.6,450.1,1.0,30.706657309,16.473562713,59.2,21.0,38.3,34.0,8.0,26.0,1360.0,1297.4,62.7,469.2,439.7,29.5,8.533333333,2.5,eurostat,0.29296875
BEL,2013-07-01,4553.0,3802.5,750.5,1810.1,1362.2,447.9,1.0,30.581695923,16.483637162,59.7,21.7,38.0,33.2,8.1,25.1,1363.3,1300.2,63.1,469.2,439.5,29.7,8.566666667,2.4,eurostat,0.280155642
BEL,2013-10-01,4555.2,3803.6,751.6,1815.9,1365.0,450.9,1.0,30.664869904,16.499824377,59.8,21.9,37.9,36.7,9.0,27.6,1366.5,1303.0,63.5,469.9,440.1,29.8,8.633333333,2.4,eurostat,0.277992278
BEL,2014-01-01,4556.6,3803.4,753.2,1818.9,1367.5,451.3,1.0,30.706093275,16.529868762,59.3,21.6,37.7,35.9,8.7,27.1,1371.2,1307.3,63.9,471.1,441.2,29.9,8.733333333,2.2,eurostat,0.251908397
BEL,2014-04-01,4565.5,3810.2,755.2,1812.1,1363.2,448.9,1.0,30.531663058,16.541452196,59.7,22.2,37.5,35.5,8.9,26.5,1374.4,1310.0,64.4,472.4,442.4,29.9,8.533333333,2.3,eurostat,0.26953125
BEL,2014-07-01,4571.4,3814.3,757.1,1814.8,1364.5,450.3,1.0,30.537690861,16.56166601,59.2,21.9,37.4,35.3,8.8,26.5,1377.6,1312.7,64.8,472.2,442.2,30.0,8.633333333,2.4,eurostat,0.277992278
BEL,2014-10-01,4583.2,3824.3,758.9,1809.8,1360.1,449.7,1.0,30.375149375,16.558299878,59.0,21.8,37.2,34.5,8.6,25.9,1381.2,1316.1,65.1,471.2,441.3,29.9,8.7,1.9,eurostat,0.218390805
BEL,2015-01-01,4589.0,3827.7,761.4,1821.5,1369.7,451.9,1.0,30.532879629,16.591850076,59.7,22.7,37.0,34.6,8.9,25.8,1382.9,1317.4,65.5,473.0,442.9,30.1,8.833333333,2.1,eurostat,0.237735849
BEL,2015-04-01,4600.1,3835.5,764.5,1820.1,1368.6,451.5,1.0,30.435793202,16.61920393,59.5,22.7,36.8,35.1,9.1,26.1,1386.5,1320.6,65.9,472.3,442.2,30.1,8.666666667,2.7,eurostat,0.311538462
BEL,2015-07-01,4614.5,3846.6,767.8,1821.2,1370.3,450.9,1.0,30.359152171,16.638855781,59.9,23.3,36.6,35.8,9.5,26.3,1389.1,1322.6,66.5,471.8,441.8,30.0,8.266666667,2.6,eurostat,0.314516129
BEL,2015-10-01,4626.4,3855.3,771.0,1826.7,1375.8,450.9,1.0,30.372510941,16.665225661,59.9,23.5,36.3,36.6,9.7,26.8,1392.4,1325.4,67.0,473.3,443.2,30.1,8.833333333,2.3,eurostat,0.260377359
BEL,2016-01-01,4640.8,3866.7,774.1,1835.6,1383.9,451.6,1.0,30.425788657,16.680313739,58.9,22.7,36.2,36.5,9.3,27.2,1397.3,1329.9,67.4,474.5,444.5,29.9,8.233333333,2.6,eurostat,0.315789474
BEL,2016-04-01,4654.5,3877.5,777.0,1841.9,1390.0,451.9,1.0,30.440351356,16.693522398,58.8,22.8,36.1,36.9,9.4,27.5,1401.0,1333.2,67.9,476.0,445.8,30.2,8.166666667,2.8,eurostat,0.342857143
BEL,2016-07-01,4675.3,3895.5,779.8,1842.4,1391.1,451.4,1.0,30.313151439,16.679143584,59.1,23.1,36.0,36.8,9.5,27.3,1406.6,1338.3,68.3,474.3,444.4,30.0,7.7,2.9,eurostat,0.376623377
BEL,2016-10-01,4690.1,3907.4,782.7,1861.3,1406.9,454.4,1.0,30.527477682,16.688343532,59.4,23.5,35.9,37.9,9.9,28.0,1410.5,1341.8,68.8,478.1,447.8,30.3,7.233333333,2.9,eurostat,0.400921659
BEL,2017-01-01,4705.4,3919.5,785.9,1858.9,1402.9,456.0,1.0,30.388980255,16.702086964,58.9,23.1,35.8,37.7,9.8,27.9,1416.0,1346.7,69.4,478.4,447.9,30.5,7.633333333,3.2,eurostat,0.419213974
BEL,2017-04-01,4730.0,3940.6,789.4,1870.6,1413.1,457.5,1.0,30.4212067,16.689217759,58.9,23.4,35.5,37.7,10.0,27.7,1424.0,1354.0,70.0,481.6,450.8,30.7,7.266666667,3.3,eurostat,0.45412844
BEL,2017-07-01,4743.7,3950.7,792.9,1883.3,1423.1,460.2,1.0,30.539290168,16.714800683,58.1,22.8,35.3,37.9,9.9,28.0,1429.7,1359.1,70.6,486.2,455.1,31.1,7.066666667,3.5,eurostat,0.495283019
BEL,2017-10-01,4760.3,3963.8,796.5,1888.9,1428.7,460.2,1.0,30.523286347,16.732138731,57.8,22.8,35.0,36.2,9.4,26.7,1435.7,1364.4,71.3,487.4,456.0,31.4,6.433333333,3.4,eurostat,0.528497409
BEL,2018-01-01,4779.8,3980.0,799.8,1890.8,1430.4,460.4,1.0,30.429338852,16.732917695,58.7,23.9,34.8,36.9,10.2,26.7,1438.7,1366.9,71.8,487.2,455.7,31.5,6.133333333,3.5,eurostat,0.570652174
BEL,2018-04-01,4796.2,3993.3,802.9,1903.2,1440.0,463.2,1.0,30.524164964,16.740336099,58.9,24.3,34.6,37.9,10.6,27.2,1441.8,1369.9,71.9,489.1,457.5,31.6,6.333333333,3.5,eurostat,0.552631579
BEL,2018-07-01,4813.4,4007.5,806.0,1914.0,1446.9,467.1,1.0,30.587686299,16.74492043,59.0,24.6,34.4,39.2,11.0,28.2,1447.4,1375.4,72.1,491.2,459.3,31.9,5.7,3.6,eurostat,0.631578947
BEL,2018-10-01,4828.2,4019.1,809.1,1919.0,1449.4,469.6,1.0,30.573585314,16.757797937,58.8,24.5,34.2,37.4,10.4,27.0,1453.0,1380.8,72.3,493.0,460.6,32.3,5.733333333,3.5,eurostat,0.610465116
BEL,2019-01-01,4854.4,4041.8,812.6,1931.4,1457.8,473.7,1.0,30.605065666,16.739452868,59.4,25.3,34.0,37.9,11.0,27.0,1461.4,1388.9,72.5,495.3,462.7,32.6,5.6,3.6,eurostat,0.642857143
BEL,2019-04-01,4871.6,4055.0,816.6,1938.7,1463.2,475.5,1.0,30.612277123,16.762459972,59.1,25.3,33.7,37.8,10.9,26.8,1467.9,1395.2,72.7,498.2,465.6,32.6,5.566666667,3.4,eurostat,0.610778443
BEL,2019-07-01,4892.0,4071.3,820.7,1937.1,1463.3,473.8,1.0,30.459462859,16.776369583,59.1,25.6,33.5,38.1,11.1,27.0,1472.8,1399.8,73.0,498.6,466.2,32.4,5.133333333,3.4,eurostat,0.662337662
BEL,2019-10-01,4903.4,4078.6,824.8,1939.8,1467.2,472.6,1.0,30.431003919,16.82098136,59.2,26.0,33.2,39.1,11.5,27.7,1477.9,1404.5,73.4,499.0,467.1,31.9,5.2,3.4,eurostat,0.653846154
BEL,2020-01-01,4885.7,4057.6,828.1,1872.3,1421.4,450.9,1.0,29.478493752,16.949464765,59.3,26.3,33.0,38.2,11.3,26.9,1481.9,1408.2,73.7,496.6,466.5,30.1,5.033333333,3.2,eurostat,0.635761589
BEL,2020-04-01,4847.5,4017.5,830.0,1585.5,1243.1,342.3,1.0,25.159677867,17.122227953,59.6,26.7,32.9,38.2,11.4,26.9,1482.8,1409.2,73.6,480.2,457.3,22.9,5.1,3.0,eurostat,0.588235294
BEL,2020-07-01,4874.6,4039.2,835.4,1851.8,1412.4,439.5,1.0,29.222121578,17.137816436,59.7,26.9,32.8,40.2,12.1,28.1,1486.5,1412.5,74.0,497.7,467.3,30.3,6.233333333,3.2,eurostat,0.513368984
BEL,2020-10-01,4892.5,4048.2,844.3,1803.1,1385.7,417.4,1.0,28.349514563,17.25702606,60.0,27.3,32.7,38.2,11.5,26.7,1493.0,1418.3,74.8,493.5,462.1,31.4,5.866666667,2.9,eurostat,0.494318182
BEL,2021-01-01,4906.9,4055.6,851.3,1854.6,1404.1,450.5,1.0,29.073659227,17.349039108,60.1,27.5,32.6,39.5,11.8,27.7,1497.0,1421.8,75.2,501.3,468.2,33.1,6.666666667,3.6,eurostat,0.54
BEL,2021-04-01,4938.3,4081.0,857.3,1893.5,1426.6,466.9,1.0,29.494734251,17.360225179,60.2,27.6,32.5,38.7,11.6,27.1,1501.9,1426.1,75.8,505.6,471.4,34.3,6.366666667,4.2,eurostat,0.659685864
BEL,2021-07-01,4978.8,4115.5,863.2,1963.3,1471.7,491.6,1.0,30.333228272,17.337511047,60.4,28.1,32.3,36.6,11.3,25.3,1505.3,1428.9,76.4,509.3,474.1,35.1,6.3,4.7,eurostat,0.746031746
BEL,2021-10-01,5005.3,4136.3,869.0,1977.4,1481.9,495.5,1.0,30.389325776,17.361596707,60.4,28.3,32.1,39.0,12.3,26.7,1509.2,1432.4,76.8,513.3,478.0,35.3,5.8,4.7,eurostat,0.810344828
BEL,2022-01-01,5026.7,4153.6,873.1,1998.8,1502.0,496.8,1.0,30.587432342,17.369248215,59.8,27.9,31.9,38.9,12.1,26.8,1514.5,1437.6,76.9,517.3,482.3,35.0,5.3,4.8,eurostat,0.905660377
BEL,2022-04-01,5048.4,4172.7,875.8,2001.8,1504.4,497.3,1.0,30.501666941,17.348070676,59.9,28.2,31.7,38.6,12.3,26.4,1518.6,1441.8,76.7,516.8,482.4,34.4,5.833333333,5.0,eurostat,0.857142857
BEL,2022-07-01,5061.8,4183.3,878.5,2011.8,1512.1,499.8,1.0,30.572888331,17.355486191,59.4,27.9,31.5,38.1,12.2,26.0,1523.1,1446.5,76.6,516.5,482.5,34.0,5.433333333,4.9,eurostat,0.901840491
BEL,2022-10-01,5074.4,4193.1,881.3,2023.8,1520.3,503.6,1.0,30.678882839,17.36757055,59.0,27.8,31.2,36.8,11.7,25.1,1528.1,1451.5,76.6,519.5,485.6,33.9,5.666666667,4.5,eurostat,0.794117647
BEL,2023-01-01,5081.4,4197.8,883.6,2019.5,1516.5,503.0,1.0,30.571526321,17.388908569,58.6,27.7,30.8,36.6,11.6,24.9,1531.5,1455.1,76.3,519.1,485.7,33.4,5.6,4.7,eurostat,0.839285714
BEL,2023-04-01,5091.3,4205.7,885.6,2024.3,1519.5,504.8,1.0,30.584602089,17.394378646,58.2,27.8,30.4,36.1,11.6,24.5,1536.0,1460.1,75.9,521.1,487.8,33.3,5.666666667,4.6,eurostat,0.811764706
BEL,2023-07-01,5094.3,4206.7,887.7,2030.1,1524.9,505.2,1.0,30.654170045,17.425357753,58.2,28.1,30.1,36.0,11.7,24.3,1539.0,1463.5,75.5,525.7,492.5,33.2,5.366666667,4.7,eurostat,0.875776397
BEL,2023-10-01,5096.7,4207.0,889.6,2027.7,1521.6,506.1,1.0,30.60351268,17.454431299,57.9,27.9,30.0,36.4,12.0,24.5,1542.3,1467.3,75.1,523.8,491.0,32.8,5.533333333,4.4,eurostat,0.795180723
BEL,2024-01-01,5101.8,4210.2,891.6,2021.8,1520.7,501.2,1.0,30.48396192,17.476184876,57.4,27.6,29.8,36.0,11.9,24.1,1547.1,1472.4,74.7,524.7,492.7,32.1,5.7,4.4,eurostat,0.771929825
BEL,2024-04-01,5099.0,4205.3,893.7,2020.2,1516.9,503.3,1.0,30.476564032,17.526966072,56.6,27.0,29.6,36.2,11.8,24.4,1549.2,1474.9,74.3,524.5,492.5,31.9,5.6,4.3,eurostat,0.767857143
BEL,2024-07-01,5103.0,4207.3,895.7,2016.7,1513.6,503.1,1.0,30.399915585,17.552420145,56.2,26.8,29.4,36.3,11.5,24.8,1552.9,1479.0,73.9,524.1,492.6,31.5,5.7,4.2,eurostat,0.736842105
BEL,2024-10-01,5111.3,4213.6,897.7,2021.9,1517.8,504.2,1.0,30.428808567,17.563046583,56.2,26.9,29.2,37.0,11.8,25.2,1555.9,1482.5,73.4,526.9,495.5,31.3,5.9,4.2,eurostat,0.711864407
BEL,2025-01-01,5116.7,4215.5,901.2,2027.3,1518.1,509.3,1.0,30.477877117,17.612914574,57.0,27.7,29.3,36.4,12.1,24.2,1557.7,1484.2,73.5,527.7,495.7,32.0,6.166666667,4.1,eurostat,0.664864865
BEL,2025-04-01,5122.6,4216.5,906.1,2032.3,1523.1,509.2,1.0,30.517856017,17.688283294,57.2,28.0,29.2,36.1,12.2,24.0,1560.6,1487.0,73.6,531.9,500.1,31.8,6.066666667,3.9,eurostat,0.642857143
BEL,2025-07-01,5124.5,4213.5,911.0,2036.2,1522.7,513.6,1.0,30.565083273,17.777344131,57.2,28.2,29.0,36.3,12.2,24.1,1562.5,1488.8,73.6,529.6,497.9,31.7,6.166666667,3.8,eurostat,0.616216216
BEL,2025-10-01,5126.3,4210.2,916.2,2031.2,1515.3,515.9,1.0,30.479323069,17.872539648,57.0,28.2,28.8,36.0,12.3,23.7,1563.9,1489.8,74.0,528.3,496.6,31.7,6.4,3.5,eurostat,0.546875
BEL,2026-01-01,5128.9,4208.3,920.7,2040.0,1521.8,518.1,1.0,30.595854262,17.95121761,57.4,28.7,28.6,36.3,12.6,23.8,1564.3,1489.9,74.4,530.7,498.6,32.2,,,,
BGR,1995-01-01,3458.1,2696.0,770.6,1474.3,1174.8,304.9,1.0,32.794798389,22.283913131,772.8,185.9,583.8,299.3,82.6,226.3,655.3,649.7,6.9,290.7,287.7,3.4,,,,
BGR,1995-04-01,3475.2,2702.6,783.1,1489.6,1177.7,310.1,1.0,32.972092364,22.53395488,776.8,179.0,592.8,300.5,79.4,225.8,662.8,657.5,7.1,292.9,289.7,3.3,,,,
BGR,1995-07-01,3516.0,2720.8,799.9,1505.0,1188.7,314.9,1.0,32.92640238,22.750284414,782.4,172.4,608.6,302.1,76.9,225.4,662.1,654.9,6.8,295.0,291.9,3.1,,,,
BGR,1995-10-01,3547.8,2735.8,818.0,1518.4,1194.9,321.4,1.0,32.9218107,23.056542082,792.7,168.4,618.8,306.8,75.1,225.3,670.4,663.6,6.6,299.2,295.9,3.2,,,,
BGR,1996-01-01,3581.5,2738.4,840.0,1529.5,1196.9,330.8,1.0,32.850438686,23.453860114,810.1,159.0,649.8,313.2,71.5,249.8,690.8,685.3,6.4,303.6,300.7,2.9,,,,
BGR,1996-04-01,3603.7,2750.0,858.0,1535.8,1198.2,336.9,1.0,32.782546144,23.808863113,812.5,155.9,652.6,313.9,70.6,248.5,691.7,686.3,7.0,304.8,301.7,3.1,,,,
BGR,1996-07-01,3593.3,2727.2,873.1,1535.4,1190.7,343.1,1.0,32.868864917,24.297999054,816.8,151.0,662.9,313.7,68.7,248.3,685.1,678.4,7.0,310.8,307.9,3.2,,,,
BGR,1996-10-01,3588.2,2704.0,886.8,1531.2,1186.8,351.2,1.0,32.825543555,24.714341453,824.4,147.8,675.8,318.2,67.4,248.5,689.1,683.0,5.9,308.6,305.6,3.1,,,,
BGR,1997-01-01,3541.3,2659.6,891.1,1518.1,1166.8,346.7,1.0,32.975721649,25.163075707,814.4,145.6,662.7,309.4,66.5,247.5,690.3,682.5,8.3,307.7,304.0,3.6,,,,
BGR,1997-04-01,3498.7,2608.7,897.3,1502.7,1153.4,346.6,1.0,33.038645123,25.646668763,816.7,141.0,672.4,308.8,64.5,247.2,683.4,676.8,8.1,311.8,308.3,3.6,,,,
BGR,1997-07-01,3463.9,2563.6,910.0,1486.2,1139.5,352.2,1.0,33.004150502,26.270966252,829.2,140.1,682.4,310.5,63.6,246.6,656.7,648.0,9.0,310.5,306.8,3.9,,,,
BGR,1997-10-01,3451.2,2547.9,911.3,1466.1,1114.6,346.6,1.0,32.67759709,26.405308299,818.0,138.4,680.9,301.4,62.0,244.9,640.0,630.9,9.0,293.1,289.1,4.1,,,,
BGR,1998-01-01,3458.6,2548.9,916.3,1449.5,1100.8,350.0,1.0,32.238477997,26.493378824,831.3,141.5,683.8,306.1,61.5,245.0,626.8,618.7,8.6,276.6,272.9,3.9,,,,
BGR,1998-04-01,3452.9,2526.7,923.2,1433.4,1083.6,351.5,1.0,31.933023969,26.736945756,824.4,141.2,690.1,301.6,59.1,245.5,618.2,610.4,9.2,273.9,270.0,3.9,,,,
BGR,1998-07-01,3467.0,2520.6,961.6,1418.1,1063.2,352.8,1.0,31.463690621,27.735794635,871.2,144.3,712.6,302.8,58.8,246.2,611.3,602.5,9.1,272.3,268.5,4.0,,,,
BGR,1998-10-01,3422.2,2477.9,948.9,1404.8,1047.6,354.5,1.0,31.576628619,27.727777453,852.4,142.9,709.5,300.4,57.1,246.4,608.2,599.0,9.1,273.0,269.2,4.0,,,,
BGR,1999-01-01,3352.6,2428.8,932.2,1393.1,1042.2,357.3,1.0,31.963711287,27.80528545,818.3,115.4,694.5,298.9,54.7,245.8,618.4,609.8,9.2,270.0,266.0,4.0,,,,
BGR,1999-04-01,3321.2,2406.2,923.8,1380.0,1028.1,351.8,1.0,31.962497336,27.815247501,804.9,131.1,681.0,295.6,55.2,243.5,612.9,604.7,9.9,268.1,263.8,4.2,,,,
BGR,1999-07-01,3284.2,2387.2,912.6,1368.9,1019.2,347.9,1.0,32.062602765,27.787589063,794.4,117.1,667.3,290.0,52.9,241.4,609.0,599.5,9.4,270.5,266.6,4.1,,,,
BGR,1999-10-01,3257.0,2348.5,900.5,1358.5,1011.8,351.3,1.0,32.084740559,27.648142462,787.3,118.5,660.3,289.4,52.0,239.8,593.5,584.4,9.4,268.8,264.8,4.3,,,,
BGR,2000-01-01,3249.6,2362.5,862.6,1328.7,1007.2,341.2,1.0,31.452391774,26.544805515,766.5,113.9,649.3,280.2,51.3,225.3,632.5,628.5,5.7,271.7,266.4,1.8,,,,
BGR,2000-04-01,3252.4,2336.8,962.3,1333.1,1000.1,343.0,1.0,31.529379488,29.587381626,787.9,128.1,670.8,282.1,50.8,230.3,630.7,624.8,5.7,269.6,264.2,2.5,,,,
BGR,2000-07-01,3230.1,2308.6,951.2,1323.1,942.8,345.9,1.0,31.508907798,29.448004706,778.2,109.1,668.3,281.1,49.6,233.1,598.6,592.2,6.5,219.0,213.4,3.2,,,,
BGR,2000-10-01,3206.8,2288.9,861.1,1322.9,980.2,342.9,1.0,31.733048042,26.852313833,758.3,105.1,651.7,277.0,49.4,228.4,593.9,585.5,6.4,256.9,254.3,3.7,,,,
BGR,2001-01-01,3217.0,2273.2,949.0,1330.6,977.9,374.6,1.0,31.816551493,29.499533727,783.5,94.4,683.5,277.8,43.4,235.8,594.6,585.5,11.0,258.5,251.6,4.2,,,,
BGR,2001-04-01,3194.8,2270.0,935.6,1317.5,972.6,345.8,1.0,31.722221687,29.285088268,749.2,96.0,653.6,271.8,38.4,228.2,587.4,577.3,10.5,253.1,249.4,4.5,,,,
BGR,2001-07-01,3205.6,2270.5,943.6,1324.9,968.7,345.3,1.0,31.792920082,29.435987023,761.8,101.2,661.2,270.8,45.6,225.6,585.0,574.3,10.3,250.7,248.3,4.6,,,,
BGR,2001-10-01,3220.4,2271.0,938.0,1323.3,971.3,350.6,1.0,31.608591384,29.126816545,779.1,98.1,683.2,272.5,43.8,230.7,588.9,579.1,9.9,254.1,249.7,4.8,,,,
BGR,2002-01-01,3212.6,2271.3,943.2,1318.0,968.6,354.6,1.0,31.558430986,29.359397373,769.0,95.5,672.6,272.8,43.6,229.8,583.0,572.0,11.1,243.8,235.0,4.8,,,,
BGR,2002-04-01,3214.8,2276.5,938.2,1328.4,972.8,353.5,1.0,31.785683521,29.18377504,765.5,95.7,670.1,272.2,41.6,229.9,584.1,573.3,11.0,247.6,244.2,4.9,,,,
BGR,2002-07-01,3216.4,2279.5,934.1,1328.0,975.4,352.6,1.0,31.760305358,29.041785848,759.2,90.4,667.9,271.0,40.7,230.3,580.5,568.4,11.6,246.0,242.1,4.9,,,,
BGR,2002-10-01,3225.8,2294.7,938.8,1329.8,977.2,351.1,1.0,31.710678806,29.102858206,757.7,92.5,665.2,270.6,41.5,228.5,575.1,562.2,11.8,242.9,239.9,5.0,,,,
BGR,2003-01-01,3255.7,2316.2,932.7,1340.5,987.2,354.6,1.0,31.672262375,28.648216973,746.5,93.0,654.2,273.0,40.5,233.1,594.6,584.6,11.2,249.3,242.5,5.0,,,,
BGR,2003-04-01,3290.6,2335.0,947.2,1346.7,994.4,353.1,1.0,31.481282347,28.785024008,760.5,93.9,667.8,274.7,41.8,232.7,590.5,578.5,12.3,246.5,242.7,5.2,,,,
BGR,2003-07-01,3328.3,2363.9,955.0,1366.6,1004.0,359.2,1.0,31.584615847,28.693326924,759.2,89.8,668.6,279.0,40.0,239.0,589.0,578.3,10.9,250.5,245.9,4.0,,,,
BGR,2003-10-01,3370.8,2436.8,959.6,1387.4,1014.1,364.7,1.0,31.661052843,28.468019461,764.3,90.9,673.2,282.5,39.2,245.0,589.8,577.6,12.0,249.2,244.6,4.7,,,,
BGR,2004-01-01,3378.5,2401.0,960.7,1400.3,1043.0,360.6,1.0,31.882606072,28.435696315,757.9,90.7,667.7,280.9,39.5,239.7,585.7,573.7,11.9,250.2,244.6,5.2,,,,
BGR,2004-04-01,3395.4,2415.8,973.2,1407.8,1020.1,390.3,1.0,31.893829208,28.662307828,758.0,87.7,670.3,283.6,38.1,247.0,587.7,576.5,11.9,246.4,242.6,5.5,,,,
BGR,2004-07-01,3416.2,2443.8,971.2,1418.3,1030.9,384.0,1.0,31.936069317,28.429248873,753.9,89.3,664.7,281.7,37.8,243.5,590.1,577.2,12.8,249.1,242.8,5.7,,,,
BGR,2004-10-01,3425.1,2467.7,968.9,1424.5,1041.8,379.2,1.0,31.99232813,28.288225161,744.7,85.7,659.1,280.4,37.5,242.8,590.0,577.2,12.4,251.3,246.0,5.7,,,,
BGR,2005-01-01,3447.0,2454.2,971.2,1426.4,1045.9,381.1,1.0,31.831469952,28.175224833,749.9,86.6,662.6,279.6,36.6,243.4,592.7,580.1,12.3,250.6,245.9,5.6,,,,
BGR,2005-04-01,3485.1,2522.2,968.0,1446.6,1060.1,386.4,1.0,31.929334331,27.775386646,740.3,87.2,652.7,277.8,36.2,240.8,600.8,589.5,12.3,256.5,250.3,5.6,,,,
BGR,2005-07-01,3512.0,2543.6,972.7,1454.1,1067.2,387.3,1.0,31.849045032,27.696469248,740.2,87.7,652.9,277.4,36.8,240.8,602.3,589.4,12.9,257.1,250.5,5.7,,,,
BGR,2005-10-01,3537.0,2564.8,974.1,1461.8,1072.6,388.9,1.0,31.791392097,27.54028838,738.6,89.8,648.9,276.5,37.1,239.7,601.6,588.4,12.4,254.7,249.5,5.7,,,,
BGR,2006-01-01,3572.1,2587.0,978.2,1476.8,1086.0,390.7,1.0,31.80202122,27.384451723,733.4,85.0,647.4,275.1,36.2,238.5,609.0,595.9,13.2,254.2,250.0,5.9,,,,
BGR,2006-04-01,3597.2,2619.3,978.7,1488.0,1095.9,391.3,1.0,31.819620389,27.207272323,734.2,86.4,647.6,274.7,36.3,238.6,609.0,595.9,13.6,256.6,250.2,6.2,,,,
BGR,2006-07-01,3622.3,2639.2,980.4,1499.4,1105.1,391.7,1.0,31.841222852,27.065676504,732.0,84.4,647.3,273.5,35.6,237.9,609.0,595.5,13.3,258.0,251.7,6.4,,,,
BGR,2006-10-01,3658.9,2674.9,984.7,1513.4,1117.6,394.5,1.0,31.817044635,26.912460029,731.2,84.2,647.8,272.6,34.9,237.6,611.6,596.8,14.4,258.8,251.5,6.6,,,,
BGR,2007-01-01,3684.3,2699.4,981.7,1525.1,1130.8,392.5,1.0,31.841973948,26.645495752,726.8,82.0,644.6,271.7,34.8,237.1,610.2,596.1,13.1,256.7,251.0,5.5,,,,
BGR,2007-04-01,3718.2,2733.6,986.0,1539.1,1141.6,394.3,1.0,31.841296243,26.518207735,725.7,81.0,643.9,270.7,34.1,236.3,609.4,596.7,14.6,255.9,249.4,6.8,,,,
BGR,2007-07-01,3738.1,2749.6,986.4,1540.0,1152.0,394.9,1.0,31.690307499,26.387737086,722.4,81.1,640.2,270.2,34.7,235.3,614.8,600.7,14.6,266.1,262.1,6.9,,,,
BGR,2007-10-01,3766.3,2770.0,994.0,1552.3,1155.9,397.7,1.0,31.704243504,26.391949659,723.3,82.5,641.9,270.9,34.7,236.1,613.8,596.8,15.2,263.2,254.8,7.0,,,,
BGR,2008-01-01,3794.9,2792.2,1003.3,1641.3,1224.9,401.4,1.0,33.269347322,26.438114311,730.2,86.4,644.4,272.1,36.2,235.9,611.7,592.2,16.2,255.7,247.4,7.1,,,,
BGR,2008-04-01,3804.1,2792.4,1005.9,1614.5,1197.5,402.5,1.0,32.646961881,26.442522541,733.1,85.0,646.7,273.8,36.2,237.3,597.8,587.6,15.2,248.0,240.3,7.1,,,,
BGR,2008-07-01,3825.6,2819.2,1009.4,1609.6,1228.4,403.6,1.0,32.364958337,26.385403597,738.3,87.3,648.8,275.3,37.4,237.9,555.9,540.8,15.8,241.0,235.0,7.1,,,,
BGR,2008-10-01,3828.3,2816.4,1009.0,1598.3,1199.1,403.6,1.0,32.115078193,26.356346159,741.4,94.7,648.4,276.2,38.6,237.6,561.1,544.1,15.9,237.8,231.4,7.1,,,,
BGR,2009-01-01,3824.5,2811.9,1008.3,1583.4,1170.1,403.3,1.0,31.847300301,26.364230618,743.5,94.1,649.2,277.0,38.2,238.6,599.5,580.4,15.7,250.1,241.8,7.1,7.0,0.7,eurostat,0.1
BGR,2009-04-01,3814.3,2803.6,1004.6,1575.1,1153.1,401.5,1.0,31.765078379,26.337729072,739.7,94.1,645.1,275.4,39.1,236.9,592.9,580.7,16.3,245.7,237.0,7.3,7.433333333,0.7,eurostat,0.094170404
BGR,2009-07-01,3689.9,2698.1,992.9,1513.2,1129.9,397.0,1.0,31.545570341,26.908588309,727.1,91.8,634.7,272.0,38.0,233.2,555.7,539.1,15.7,236.1,229.2,7.1,8.366666667,0.8,eurostat,0.09561753
BGR,2009-10-01,3678.6,2688.4,993.6,1509.4,1117.2,397.1,1.0,31.563011012,27.010275648,729.5,95.1,636.2,270.9,39.1,233.6,552.8,536.2,15.9,231.9,225.3,7.1,9.066666667,0.8,eurostat,0.088235294
BGR,2010-01-01,3642.6,2656.8,980.8,1498.7,1104.4,391.8,1.0,31.648991211,26.925822215,714.4,85.7,625.9,266.9,35.0,230.2,551.3,533.9,16.0,230.2,223.1,7.1,10.566666667,0.7,eurostat,0.066246057
BGR,2010-04-01,3625.5,2644.2,977.7,1490.6,1092.5,390.8,1.0,31.626406968,26.967314853,709.0,88.3,619.5,264.7,36.3,227.3,544.5,532.2,15.4,226.6,220.5,7.0,11.033333333,0.7,eurostat,0.063444109
BGR,2010-07-01,3599.5,2619.8,978.3,1480.2,1088.9,390.7,1.0,31.632598545,27.17877483,713.8,91.3,623.1,264.1,37.6,228.5,544.1,527.6,15.8,228.8,221.3,7.0,11.366666667,0.7,eurostat,0.061583578
BGR,2010-10-01,3571.9,2611.0,957.3,1462.3,1081.2,382.8,1.0,31.491535425,26.800862286,691.1,89.6,602.1,259.0,36.9,221.0,545.2,528.0,15.8,227.9,219.6,7.0,12.4,0.8,eurostat,0.064516129
BGR,2011-01-01,3561.2,2609.2,950.9,1462.5,1081.4,380.2,1.0,31.590475121,26.701673593,692.4,91.4,600.2,258.0,37.6,219.6,544.0,526.0,15.4,226.7,219.1,6.9,12.5,0.7,eurostat,0.056
BGR,2011-04-01,3542.3,2595.5,946.4,1453.1,1075.3,377.9,1.0,31.554900228,26.717104706,696.7,91.6,605.2,258.1,37.7,221.8,528.7,517.8,14.9,221.5,216.5,6.7,12.166666667,0.7,eurostat,0.057534247
BGR,2011-07-01,3510.7,2579.0,928.7,1439.1,1068.3,371.3,1.0,31.532173071,26.453413849,679.5,92.0,588.1,254.2,37.6,215.6,533.3,518.7,15.0,223.4,216.7,6.7,12.066666667,0.7,eurostat,0.05801105
BGR,2011-10-01,3490.4,2570.7,918.6,1432.5,1065.5,366.8,1.0,31.570108782,26.317900527,681.7,90.6,591.1,252.6,37.3,216.5,541.4,526.3,14.6,226.8,220.1,6.6,12.533333333,0.8,eurostat,0.063829787
BGR,2012-01-01,3468.5,2560.3,910.3,1420.7,1058.8,363.5,1.0,31.507745534,26.244774398,666.8,88.8,577.7,247.5,36.6,211.5,544.8,527.3,15.5,227.5,219.9,6.8,13.166666667,0.8,eurostat,0.060759494
BGR,2012-04-01,3431.1,2539.3,888.4,1408.0,1053.7,355.5,1.0,31.566463323,25.892570896,642.7,87.7,554.7,241.1,36.2,203.2,546.4,532.1,15.4,229.6,222.1,6.9,13.233333333,0.7,eurostat,0.052896725
BGR,2012-07-01,3432.3,2539.6,895.8,1412.4,1053.9,358.3,1.0,31.654037772,26.09911721,648.9,87.7,561.3,241.2,36.0,205.4,546.0,530.9,15.5,229.7,222.5,6.9,13.266666667,0.8,eurostat,0.060301508
BGR,2012-10-01,3424.5,2521.3,903.5,1408.9,1047.1,361.4,1.0,31.647517324,26.383413637,652.4,87.1,565.4,242.0,35.8,206.9,540.5,524.3,15.5,225.7,220.0,6.9,13.466666667,0.7,eurostat,0.051980198
BGR,2013-01-01,3417.6,2514.2,900.8,1404.6,1043.7,360.6,1.0,31.614628349,26.357677903,646.7,86.8,559.6,241.8,35.7,204.8,543.5,527.3,15.9,227.3,221.2,7.0,14.1,0.7,eurostat,0.04964539
BGR,2013-04-01,3429.1,2514.3,916.7,1411.2,1043.7,366.8,1.0,31.65665806,26.732962002,664.8,87.5,577.1,245.3,36.0,210.8,546.6,530.4,16.5,229.4,221.8,7.2,13.866666667,0.7,eurostat,0.050480769
BGR,2013-07-01,3422.5,2509.0,912.1,1405.7,1041.7,364.7,1.0,31.594088891,26.650109569,658.1,87.7,570.0,244.4,36.1,208.3,548.1,532.3,16.1,230.1,222.3,7.3,13.633333333,0.7,eurostat,0.051344743
BGR,2013-10-01,3423.2,2508.6,913.9,1408.4,1041.9,365.9,1.0,31.648300286,26.697242346,650.0,88.8,560.4,243.1,36.6,204.8,549.1,531.3,17.5,230.3,222.7,7.6,14.1,0.7,eurostat,0.04964539
BGR,2014-01-01,3428.0,2502.8,925.3,1411.5,1040.7,370.3,1.0,31.673548155,26.992415403,665.9,90.4,576.0,246.1,37.0,210.4,548.8,530.8,17.6,229.8,222.2,7.9,13.366666667,0.8,eurostat,0.059850374
BGR,2014-04-01,3433.9,2510.1,923.2,1412.1,1042.0,369.5,1.0,31.632568486,26.884883078,658.4,91.1,567.1,246.0,37.5,207.5,547.5,529.5,18.0,229.3,221.8,8.0,12.266666667,0.7,eurostat,0.057065217
BGR,2014-07-01,3439.5,2506.3,932.8,1414.8,1040.6,373.4,1.0,31.641450569,27.120220962,671.7,90.8,580.5,248.6,37.5,212.2,547.8,530.1,17.8,229.7,221.6,8.0,12.333333333,0.7,eurostat,0.056756757
BGR,2014-10-01,3438.8,2509.0,930.0,1415.4,1042.6,372.3,1.0,31.66131298,27.044317785,665.4,91.1,574.2,247.3,37.5,209.7,548.5,530.1,17.9,230.0,221.5,8.0,11.7,0.7,eurostat,0.05982906
BGR,2015-01-01,3442.6,2519.9,924.0,1416.1,1045.9,370.0,1.0,31.642005819,26.840178935,659.5,95.3,564.7,245.2,39.0,206.4,546.5,529.2,17.5,229.1,221.3,7.7,11.0,0.8,eurostat,0.072727273
BGR,2015-04-01,3440.1,2521.5,918.5,1413.8,1047.2,368.0,1.0,31.613571162,26.699805238,653.9,93.6,559.8,242.8,38.5,204.2,544.0,527.8,16.5,227.4,220.7,7.4,10.766666667,0.9,eurostat,0.083591331
BGR,2015-07-01,3458.3,2538.3,913.5,1421.6,1052.0,366.2,1.0,31.620694027,26.414712431,642.3,96.1,545.7,240.1,39.5,199.4,545.4,528.3,17.1,228.5,220.9,7.5,9.766666667,0.8,eurostat,0.081911263
BGR,2015-10-01,3455.0,2543.3,911.3,1417.6,1054.2,365.2,1.0,31.561839029,26.376266281,650.5,97.9,552.3,240.8,40.4,200.7,544.0,526.5,17.3,227.9,220.0,7.7,9.033333333,0.8,eurostat,0.088560886
BGR,2016-01-01,3460.0,2558.8,908.3,1422.9,1061.7,364.0,1.0,31.634059582,26.251445087,639.2,98.8,539.9,238.9,40.7,199.5,543.9,526.5,17.5,227.7,220.1,7.7,9.066666667,0.9,eurostat,0.099264706
BGR,2016-04-01,3470.9,2575.7,912.7,1425.3,1066.5,365.2,1.0,31.587905598,26.295773431,648.5,100.5,547.4,240.5,41.4,199.7,544.3,527.3,17.2,227.9,220.3,7.7,8.9,0.9,eurostat,0.101123596
BGR,2016-07-01,3454.1,2576.8,856.1,1418.8,1069.5,343.5,1.0,31.596786873,24.785038071,584.6,101.6,482.7,217.6,41.6,173.7,544.2,525.6,18.3,227.6,219.8,7.7,8.433333333,0.8,eurostat,0.09486166
BGR,2016-10-01,3475.0,2587.0,879.6,1428.5,1072.3,352.6,1.0,31.621472053,25.312230216,636.1,101.6,533.7,239.1,41.7,190.8,544.6,528.1,17.0,228.1,220.5,7.8,7.833333333,0.9,eurostat,0.114893617
BGR,2017-01-01,3496.8,2581.2,920.2,1438.2,1070.8,368.3,1.0,31.637717122,26.315488447,665.2,96.5,567.0,245.2,39.9,214.1,544.5,526.7,17.2,227.7,220.1,8.0,7.433333333,0.9,eurostat,0.121076233
BGR,2017-04-01,3512.8,2578.6,940.3,1448.0,1072.3,376.8,1.0,31.708214355,26.767820542,657.5,97.0,559.5,245.1,40.0,206.2,545.4,527.1,18.4,228.6,220.0,8.3,7.166666667,0.8,eurostat,0.111627907
BGR,2017-07-01,3539.4,2593.3,942.0,1460.4,1077.7,377.5,1.0,31.739408244,26.614680454,660.1,98.2,561.5,245.6,40.3,204.5,542.1,525.8,15.7,226.3,220.2,6.0,7.233333333,0.9,eurostat,0.124423963
BGR,2017-10-01,3541.7,2592.7,950.0,1462.7,1079.7,381.0,1.0,31.768750774,26.823276957,665.3,97.4,568.8,245.5,40.0,202.1,545.0,528.1,17.6,228.2,220.2,8.2,6.766666667,0.9,eurostat,0.133004926
BGR,2018-01-01,3539.6,2604.7,934.4,1457.7,1082.3,374.7,1.0,31.678938081,26.398463103,642.3,99.5,542.5,239.3,41.0,198.1,547.3,529.0,18.3,228.4,220.6,8.1,6.333333333,0.9,eurostat,0.142105263
BGR,2018-04-01,3531.4,2606.4,925.8,1458.6,1084.2,371.5,1.0,31.772101716,26.216231523,633.6,100.1,534.5,234.9,41.0,196.4,548.0,530.4,17.4,229.8,221.4,8.2,6.3,0.9,eurostat,0.142857143
BGR,2018-07-01,3512.1,2598.9,911.5,1452.2,1082.1,366.6,1.0,31.80652382,25.953133453,621.6,98.7,522.7,229.4,40.5,194.1,547.5,527.6,18.8,228.8,220.6,8.2,6.333333333,0.9,eurostat,0.142105263
BGR,2018-10-01,3500.9,2617.6,884.7,1445.5,1088.1,355.4,1.0,31.761063639,25.270644691,593.9,98.0,494.9,220.8,40.5,175.6,551.2,534.4,16.9,230.8,222.9,7.9,5.766666667,1.0,eurostat,0.173410405
BGR,2019-01-01,3486.2,2628.3,858.1,1442.6,1094.1,345.9,1.0,31.83099959,24.614193104,579.5,98.8,480.4,214.8,40.6,172.2,551.9,537.4,15.3,229.3,224.1,5.8,5.566666667,0.9,eurostat,0.161676647
BGR,2019-04-01,3469.5,2642.3,827.7,1439.7,1102.8,336.0,1.0,31.919917523,23.856463467,564.3,101.8,463.0,209.8,41.8,168.9,555.1,538.5,17.0,232.8,225.5,7.7,5.0,0.9,eurostat,0.18
BGR,2019-07-01,3462.1,2654.5,811.2,1425.2,1101.7,323.2,1.0,31.665974186,23.43086566,552.2,100.7,451.4,205.5,41.2,164.7,561.8,545.7,16.4,234.5,226.8,7.7,5.0,0.9,eurostat,0.18
BGR,2019-10-01,3447.3,2645.4,798.6,1422.8,1098.6,322.4,1.0,31.748369404,23.165955966,554.6,102.4,451.9,206.4,41.9,164.3,562.9,544.1,18.1,236.2,226.4,7.9,5.166666667,0.9,eurostat,0.174193548
BGR,2020-01-01,3443.2,2638.5,806.0,1413.5,1091.4,322.8,1.0,31.578406491,23.408457249,558.9,101.8,457.4,206.6,41.8,165.4,564.8,544.7,19.3,233.2,227.1,8.0,5.133333333,0.6,eurostat,0.116883117
BGR,2020-04-01,3388.1,2530.8,855.9,1325.7,997.8,324.7,1.0,30.098557621,25.261946224,586.1,98.9,487.5,212.3,39.8,172.0,561.8,543.9,17.5,231.8,226.1,7.9,6.6,0.8,eurostat,0.121212121
BGR,2020-07-01,3385.7,2551.2,830.8,1391.0,1057.4,326.6,1.0,31.603508876,24.538500162,568.3,99.6,468.4,208.0,40.8,167.9,566.0,549.3,17.4,238.5,231.4,7.7,6.166666667,0.9,eurostat,0.145945946
BGR,2020-10-01,3396.7,2574.7,826.3,1364.1,1042.5,323.2,1.0,30.891974337,24.326552242,556.6,99.4,457.5,202.1,40.5,161.5,569.2,551.5,17.4,231.5,220.1,7.6,6.3,0.7,eurostat,0.111111111
BGR,2021-01-01,3389.2,2585.6,800.9,1376.5,1059.0,316.7,1.0,31.241772508,23.630945356,533.5,101.0,432.8,197.0,41.0,154.5,574.0,556.0,17.6,241.2,235.2,7.5,5.866666667,0.8,eurostat,0.136363636
BGR,2021-04-01,3405.1,2594.6,812.4,1379.4,1059.4,321.1,1.0,31.161402692,23.858330152,537.4,99.8,437.5,197.0,40.5,157.0,578.7,561.3,17.3,240.3,234.4,7.5,5.4,0.8,eurostat,0.148148148
BGR,2021-07-01,3417.5,2605.2,814.1,1395.3,1069.5,322.4,1.0,31.406223623,23.82150695,532.0,100.1,432.2,195.5,40.8,154.5,581.5,564.2,17.7,239.6,232.7,7.5,4.9,0.8,eurostat,0.163265306
BGR,2021-10-01,3421.2,2608.3,812.3,1392.4,1070.1,321.5,1.0,31.307053755,23.743131065,527.3,100.5,427.2,194.5,41.3,153.5,583.7,566.0,17.4,242.2,232.6,7.5,4.566666667,0.8,eurostat,0.175182482
BGR,2022-01-01,3429.5,2605.0,826.0,1397.0,1069.7,326.2,1.0,31.334462301,24.085143607,528.7,99.0,430.0,192.9,40.4,152.7,584.6,565.5,19.4,236.8,230.7,8.1,4.4,0.8,eurostat,0.181818182
BGR,2022-04-01,3437.3,2607.9,827.9,1403.9,1073.7,328.2,1.0,31.417771999,24.08576499,517.3,97.9,418.9,190.3,40.6,149.0,587.1,566.6,20.1,239.8,232.2,8.5,4.4,0.9,eurostat,0.204545455
BGR,2022-07-01,3462.5,2616.5,849.4,1402.7,1072.2,329.1,1.0,31.162454874,24.531407942,527.9,99.0,428.9,189.2,41.0,148.4,590.8,569.2,21.8,242.5,232.4,9.1,3.933333333,0.8,eurostat,0.203389831
BGR,2022-10-01,3465.6,2616.7,847.3,1403.3,1072.6,328.5,1.0,31.147897578,24.448868883,524.1,99.4,425.0,187.4,40.6,146.6,593.4,570.5,22.3,243.7,231.8,9.6,3.866666667,0.8,eurostat,0.206896552
BGR,2023-01-01,3482.9,2638.7,847.9,1478.0,1149.5,327.6,1.0,32.643000859,24.344655316,521.6,100.1,421.6,185.6,41.4,144.2,604.3,582.3,23.2,252.8,243.8,9.7,4.1,0.8,eurostat,0.195121951
BGR,2023-04-01,3479.8,2643.1,837.6,1450.8,1130.7,318.2,1.0,32.070808667,24.070348871,523.2,100.9,422.3,184.1,41.2,142.1,609.4,585.4,23.4,251.2,242.4,10.0,4.466666667,0.8,eurostat,0.179104478
BGR,2023-07-01,3480.9,2647.4,833.0,1442.8,1121.9,319.2,1.0,31.883885025,23.930592663,523.8,100.0,423.9,184.7,40.8,144.7,615.8,590.9,23.9,252.1,242.7,9.9,4.433333333,0.8,eurostat,0.180451128
BGR,2023-10-01,3499.7,2658.8,844.2,1444.7,1121.4,321.3,1.0,31.754370155,24.122067606,517.4,100.1,417.5,182.3,41.1,140.8,619.8,597.0,22.3,255.3,244.5,9.5,4.333333333,0.8,eurostat,0.184615385
BGR,2024-01-01,3504.7,2659.7,845.2,1437.7,1115.8,321.1,1.0,31.555427766,24.116186835,512.9,98.7,414.3,180.3,40.7,140.4,619.6,598.9,21.4,258.1,248.7,9.0,4.666666667,0.7,eurostat,0.15
BGR,2024-04-01,3514.7,2666.4,849.7,1434.6,1110.2,324.8,1.0,31.397799571,24.175605315,499.0,97.2,401.9,175.9,40.1,136.2,624.0,603.7,20.8,258.6,249.9,8.9,4.133333333,0.8,eurostat,0.193548387
BGR,2024-07-01,3525.6,2676.7,850.3,1431.3,1107.2,323.7,1.0,31.228727025,24.117880644,483.2,96.4,386.4,170.4,39.6,129.8,630.1,608.3,21.9,259.6,250.7,9.2,3.933333333,0.8,eurostat,0.203389831
BGR,2024-10-01,3540.0,2685.7,853.8,1434.7,1109.1,325.5,1.0,31.175575837,24.118644068,480.5,95.4,384.9,168.3,38.8,129.5,634.9,613.2,21.3,263.5,253.5,9.3,3.933333333,0.8,eurostat,0.203389831
BGR,2025-01-01,3565.9,2700.2,865.9,1443.5,1113.2,329.8,1.0,31.13897236,24.282789759,481.8,95.8,386.3,166.8,38.7,128.2,639.3,616.8,21.9,261.3,252.3,9.3,3.566666667,0.9,eurostat,0.252336449
BGR,2025-04-01,3588.4,2708.7,882.8,1450.1,1114.9,333.5,1.0,31.085206177,24.601493702,481.8,95.1,387.4,164.7,38.2,126.8,643.3,621.3,21.9,264.0,254.7,9.3,3.5,0.9,eurostat,0.257142857
BGR,2025-07-01,3603.0,2713.1,890.5,1455.8,1116.6,338.4,1.0,31.080936826,24.715514849,476.5,93.2,383.4,163.4,37.4,125.8,644.9,624.8,20.3,265.0,256.7,9.0,3.733333333,0.9,eurostat,0.241071429
BGR,2025-10-01,3619.8,2718.4,902.3,1456.9,1114.9,342.4,1.0,30.960061542,24.926791535,475.2,92.1,383.0,162.1,37.1,124.9,650.4,628.9,21.3,266.1,256.6,9.2,3.266666667,0.8,eurostat,0.244897959
BGR,2026-01-01,3627.7,2716.5,905.9,1457.3,1113.7,344.4,1.0,30.901121923,24.971745183,464.9,90.7,373.6,160.1,36.2,122.6,655.6,632.9,22.6,268.0,258.4,9.3,,,,
CAN,1997-01-01,,,,6256.06659572228,5511.860044739221,744.574113120831,1.0,,,,,,293.2981049397565,116.35592985643696,177.11963094835127,,,,1321.4937562991286,1241.3044929742755,79.63936353590063,,,,
CAN,1997-04-01,,,,6289.48280134333,5524.688819112209,762.7491518155009,1.0,,,,,,290.2879886540944,113.88582363899182,177.36872721011898,,,,1304.8165800580553,1231.9655650453738,73.34188610866276,,,,
CAN,1997-07-01,,,,6358.558115532158,5581.944387912588,781.7804299413968,1.0,,,,,,298.46048634035674,117.1174973828824,180.3799412787089,,,,1314.6291382793156,1239.298314125664,75.06039052305671,,,,
CAN,1997-10-01,,,,6383.536371020818,5612.874801915953,767.2699686343902,1.0,,,,,,296.6666292999135,122.55897315346812,173.81218439723727,,,,1318.3763875495108,1243.8993926411083,74.77517499937865,,,,
CAN,1998-01-01,,,,6397.46002676475,5607.6043861100325,790.0369735285859,1.0,,,,,,296.15647514726294,115.72830881362071,180.68645480981823,,,,1318.1416652952562,1240.838508455069,76.91892378271515,,,,
CAN,1998-04-01,,,,6423.772393788223,5622.459364334134,799.5282634861846,1.0,,,,,,297.4556463242851,114.1795425078925,184.0915901506807,,,,1319.1405717484226,1240.1474250668882,79.43367653017243,,,,
CAN,1998-07-01,,,,6464.769249049687,5663.420735090055,806.2298653497708,1.0,,,,,,287.51060913861744,116.36629557509288,170.4278147912632,,,,1332.2730862614255,1248.0203234105231,84.00190312610677,,,,
CAN,1998-10-01,,,,6501.837401301849,5696.913292061457,801.4956973191734,1.0,,,,,,279.883145314063,115.4217816181111,164.17738026673996,,,,1343.5674359852787,1258.3124929849355,85.54582995623429,,,,
CAN,1999-01-01,,,,6530.915430664811,5735.777584170399,795.3667230130209,1.0,,,,,,278.8442912941558,115.61570204288265,163.67086560837583,,,,1350.460644076373,1269.3650888370405,80.60605604648262,,,,
CAN,1999-04-01,,,,6605.947408922168,5809.618480216925,794.9719793754117,1.0,,,,,,279.3965749882496,118.66114275692009,161.27005887901944,,,,1366.6119147658228,1281.8977170550052,85.13111230683771,,,,
CAN,1999-07-01,,,,6612.4514792366845,5832.713752376332,783.5404096815018,1.0,,,,,,278.6752752744909,117.67128567763972,160.3011207200498,,,,1367.5480903142648,1283.3216070545195,83.93528499257982,,,,
CAN,1999-10-01,,,,6692.59319810674,5904.5434152709495,785.7541609185728,1.0,,,,,,275.5419882232086,115.16909511295282,160.0652793640448,,,,1391.4976217890128,1304.9667119001165,87.06309455877414,,,,
CAN,2000-01-01,,,,6712.579139779742,5934.678622071203,777.5146455183881,1.0,,,,,,263.0151453601279,114.13961627551777,149.51371284334854,,,,1404.6601361982537,1315.0199777678483,88.9739587787934,,,,
CAN,2000-04-01,,,,6727.013676924575,5967.234403540824,758.8073915943065,1.0,,,,,,257.92849869664536,114.90929984714305,143.16361499083428,,,,1407.0204361158894,1320.239756074695,87.14669340645345,,,,
CAN,2000-07-01,,,,6738.320381501074,5994.244804291852,747.1066577405383,1.0,,,,,,254.59800009956376,113.5906583683677,140.52233267283475,,,,1397.591231369768,1317.0896644974616,80.17523430393327,,,,
CAN,2000-10-01,,,,6771.172678693012,6033.168742073422,736.7102770124757,1.0,,,,,,253.25096577906032,116.77788942026976,136.17701893094838,,,,1398.4482289537352,1320.4431689659891,78.62320752982772,,,,
CAN,2001-01-01,,,,6788.0131852540735,6062.4272654868455,724.7221867335878,1.0,,,,,,250.7367153584308,121.58153676525556,129.72692809023812,,,,1403.824794978941,1325.0413902578746,78.2845496459796,,,,
CAN,2001-04-01,,,,6762.392064692829,6046.648323014111,715.1685526644562,1.0,,,,,,240.3368181197227,115.62350402807344,124.60459929163191,,,,1418.7157782064646,1339.6868831876047,79.2537450593002,,,,
CAN,2001-07-01,,,,6741.421126546831,6029.113745976896,714.1960748587838,1.0,,,,,,231.003713011599,112.12791819463988,118.699837033799,,,,1436.0789262892035,1350.452168340891,85.2662145249241,,,,
CAN,2001-10-01,,,,6705.120837502529,6005.393664823842,699.3079325562402,1.0,,,,,,224.04127486919944,109.17145891880864,114.65050014500758,,,,1432.5928538862424,1350.1108462333614,82.98696452907569,,,,
CAN,2002-01-01,,,,6768.520368926179,6073.28931757171,693.9685351623377,1.0,,,,,,227.12984074224283,110.21796278884776,117.4639385963224,,,,1437.2354279088595,1358.2056804481913,78.79633743842207,,,,
CAN,2002-04-01,,,,6826.138918056546,6128.784451617248,697.3250560197721,1.0,,,,,,231.1318383201611,112.51118284778424,118.33690095336814,,,,1446.4729544416691,1366.14901953826,80.4454857394314,,,,
CAN,2002-07-01,,,,6873.672381148146,6170.958312814638,703.9818439794416,1.0,,,,,,238.75513481820423,119.27476579417412,119.62428261277164,,,,1459.924566444573,1377.652624252075,81.9622798749062,,,,
CAN,2002-10-01,,,,6900.889154636391,6186.711061450298,714.0518949207761,1.0,,,,,,244.37115976323037,123.8258369062541,120.26540517091452,,,,1473.2885589093046,1385.5543909706594,87.86010546936485,,,,
CAN,2003-01-01,,,,6941.670510783748,6222.387742802734,717.9271436548495,1.0,,,,,,238.1039547252618,123.56234276658584,115.00236343950873,,,,1486.1897063603094,1399.3270494044427,86.88212387959251,,,,
CAN,2003-04-01,,,,6909.255010560858,6198.53648022468,711.513272095569,1.0,,,,,,233.22083967947245,115.4790927447996,117.45431844080322,,,,1491.193120511274,1405.8511913430127,85.4024939625514,,,,
CAN,2003-07-01,,,,6942.072156777898,6230.545518187743,711.830207187662,1.0,,,,,,232.60387085723536,113.87943994216243,118.87923323170126,,,,1487.5398251430042,1401.83286970319,85.50496072423662,,,,
CAN,2003-10-01,,,,7008.421215984069,6297.717784618258,710.968873611976,1.0,,,,,,233.98815984646956,115.55417163703883,118.22478429793948,,,,1500.5948115228125,1414.768465017357,85.81579610636084,,,,
CAN,2004-01-01,,,,7051.481417544825,6335.6431757352175,714.2138052799306,1.0,,,,,,238.97528257985135,118.53395367771051,120.83390097685805,,,,1504.18075261121,1413.551826981758,90.71735288638192,,,,
CAN,2004-04-01,,,,7104.790042197921,6387.187504333987,719.197004025141,1.0,,,,,,235.68343039883052,118.99215483599846,116.44094666622831,,,,1500.1843676648132,1411.342553507624,88.99931261251804,,,,
CAN,2004-07-01,,,,7123.234332404941,6409.147769743073,713.79383984063,1.0,,,,,,225.38061653561712,113.91465765360655,111.66130543055706,,,,1501.4775506901613,1417.0110975557525,84.47922092708916,,,,
CAN,2004-10-01,,,,7142.592828731605,6438.131038900549,704.667704490806,1.0,,,,,,235.1422615520553,114.79420774763985,120.06730487371534,,,,1499.9598181234965,1418.2686209705655,81.58248437789295,,,,
CAN,2005-01-01,,,,7148.749409263381,6445.873271744723,701.3736068138279,1.0,,,,,,232.07034076941375,114.08041238164051,118.18411616514618,,,,1501.3854849347244,1417.69028454838,83.67168739116086,,,,
CAN,2005-04-01,,,,7155.646322487606,6453.543609738564,704.1074858787697,1.0,,,,,,238.05946947519095,117.55052009113514,120.41438131484196,,,,1504.93482523894,1420.2285415014137,84.69626913734261,,,,
CAN,2005-07-01,,,,7185.4892665123225,6481.130055496932,703.6653008234433,1.0,,,,,,235.2273689825408,114.13389639053229,121.3210410683461,,,,1516.9897692938362,1436.2997527422297,81.06081920764751,,,,
CAN,2005-10-01,,,,7207.076282809007,6484.990837346959,722.2567094349452,1.0,,,,,,229.50367609378984,106.10856925320763,123.12839315952864,,,,1524.7237768346183,1443.9071942117216,80.45697678859969,,,,
CAN,2006-01-01,,,,7240.5691652802525,6518.116245571127,720.8183374261729,1.0,,,,,,225.4573410558644,103.42949679431288,121.85759830466044,,,,1532.9759030213588,1452.947304476255,79.77297710511522,,,,
CAN,2006-04-01,,,,7289.418320719949,6592.105109316417,699.417021419327,1.0,,,,,,223.632991807344,107.51503961774708,116.16885591772092,,,,1547.2618613158888,1470.2379353085212,76.88180666300784,,,,
CAN,2006-07-01,,,,7274.543937320837,6588.00113629411,686.1421055283506,1.0,,,,,,221.58636651048317,113.72636967837418,107.95868947688346,,,,1560.3222970703164,1475.199405923745,86.05277063114626,,,,
CAN,2006-10-01,,,,7283.239644455684,6601.688370596982,681.0878190767139,1.0,,,,,,218.06993414879855,113.11930314370592,104.61767711037425,,,,1574.011651214012,1487.5076677958973,86.09718247624822,,,,
CAN,2007-01-01,,,,7327.961813396223,6632.27964516907,694.6274689803109,1.0,,,,,,215.2127247697846,108.37175366053896,106.72559246220035,,,,1592.1023180681482,1503.8659066099951,87.48398758984028,,,,
CAN,2007-04-01,,,,7406.213856279795,6682.417179106761,725.4708661058306,1.0,,,,,,216.18717255643267,104.64341881577624,112.016894546524,,,,1610.410930950222,1521.5838786477595,88.35238043092446,,,,
CAN,2007-07-01,,,,7446.379286096063,6730.968702268877,715.8153151145357,1.0,,,,,,218.18772858007267,102.6949132155995,115.44614787950267,,,,1619.3914674440505,1530.076704780123,90.7406924002561,,,,
CAN,2007-10-01,,,,7495.266374854113,6778.760476660101,715.4036981963029,1.0,,,,,,218.47904797096265,105.13482423813934,113.11742711207047,,,,1627.661313838367,1541.7035863960473,85.83946820585759,,,,
CAN,2008-01-01,,,,7532.451609822265,6823.345884838527,708.2578755599258,1.0,,,,,,217.1618402881579,108.47850299637614,108.39197334188842,,,,1638.8473282854611,1556.2662459624207,81.82143281830028,,,,
CAN,2008-04-01,,,,7534.052715265121,6830.969889918552,704.195138353504,1.0,,,,,,209.80204641187188,105.69841775954984,104.9067482129815,,,,1653.099717343933,1565.0335596707805,87.25609218073967,,,,
CAN,2008-07-01,,,,7520.33266566914,6810.652265528176,710.7111433706962,1.0,,,,,,207.4996054499705,103.18518696906696,104.23506514019924,,,,1659.0350334290767,1573.8033662180292,86.89804231127529,,,,
CAN,2008-10-01,,,,7454.16396223769,6764.882692204199,687.8322050813128,1.0,,,,,,204.26257944033816,99.98785113384642,104.00394144198208,,,,1675.987152769574,1590.0998466544509,85.89230355469897,,,,
CAN,2009-01-01,,,,7320.607258004468,6639.078453283618,681.197571726088,1.0,,,,,,201.48249359096653,98.15102314282116,102.8999193677599,,,,1680.7651298258731,1596.138654267436,83.91490277437153,,,,
CAN,2009-04-01,,,,7223.069828753047,6538.990979232505,684.4472108072721,1.0,,,,,,201.0393031420987,100.39679119332472,101.47941255064832,,,,1681.5777914715773,1596.7433423797668,83.91592329135375,,,,
CAN,2009-07-01,,,,7244.08374760571,6554.053748152108,691.5218507184475,1.0,,,,,,200.12060076944795,97.18892259394404,102.68448664614328,,,,1693.084296680889,1613.4710556934492,81.10212123455598,,,,
CAN,2009-10-01,,,,7278.534942372775,6572.80783628367,704.0943677992282,1.0,,,,,,198.92721415801984,97.71954580761768,101.0503664683126,,,,1687.2315442859672,1605.4249232443406,81.71696721578877,,,,
CAN,2010-01-01,,,,7386.185868011175,6685.002116560485,701.1924968803405,1.0,,,,,,198.692962610348,98.5976747620009,99.66049283129593,,,,1693.0533227034557,1610.2745122908466,82.47191381926325,,,,
CAN,2010-04-01,,,,7448.21826872423,6763.536550190817,684.7142933488859,1.0,,,,,,194.9425013761285,97.98432645436492,97.70920792789124,,,,1688.2175837431137,1606.3577317766346,80.97590256214377,,,,
CAN,2010-07-01,,,,7449.748383070414,6791.1219137786375,660.392479705662,1.0,,,,,,187.32433303744384,100.6023671917433,86.46766392289933,,,,1692.3641929346793,1611.225244456408,82.34416238443538,,,,
CAN,2010-10-01,,,,7504.988786763845,6824.585867212944,678.4743099592885,1.0,,,,,,192.3437118266808,104.8422379825366,87.34797200907141,,,,1701.7121171241693,1616.279958345484,85.1063813168707,,,,
CAN,2011-01-01,,,,7515.706186731131,6845.752153366259,670.0182162196221,1.0,,,,,,193.9581391280327,103.87228682014734,89.66477665561644,,,,1698.7994401672688,1616.9699272990674,81.90372294750594,,,,
CAN,2011-04-01,,,,7522.046804359473,6855.9545701628795,666.6360395192031,1.0,,,,,,195.18467964089623,102.86733002164516,93.03131008016446,,,,1707.05890868778,1629.981912137618,76.46333924838588,,,,
CAN,2011-07-01,,,,7569.145197924172,6899.994763195375,670.3525990704456,1.0,,,,,,198.60503151625633,103.97627849332142,94.38479755737784,,,,1716.6481291385169,1635.9843905845712,81.38539979366091,,,,
CAN,2011-10-01,,,,7593.805967644586,6930.291402648959,661.6302454193146,1.0,,,,,,198.29992894630476,103.12024337288534,95.23200643454253,,,,1714.8130161922054,1634.5571630863692,79.93039126904803,,,,
CAN,2012-01-01,,,,7621.267947877047,6960.1749298461045,660.8794321118033,1.0,,,,,,194.78828922359247,104.93394694312067,89.62964643904684,,,,1714.4645389875186,1632.523502161578,82.23566846176668,,,,
CAN,2012-04-01,,,,7687.040381480435,7019.837217068075,668.7433399429751,1.0,,,,,,197.230356298338,108.36205897735248,89.49944176505659,,,,1726.0322687281262,1641.8090438022796,83.62109350509225,,,,
CAN,2012-07-01,,,,7719.992521713176,7051.257694094481,668.8995436459454,1.0,,,,,,196.84685415657515,109.33732532301605,87.32460920802211,,,,1723.039137430625,1645.1223894955158,78.51255964001771,,,,
CAN,2012-10-01,,,,7730.73177350257,7073.009032982307,656.1024249568771,1.0,,,,,,195.2883066323392,108.4460565081216,86.90054535251686,,,,1724.190772474832,1642.5712055269437,81.21685518757938,,,,
CAN,2013-01-01,,,,7763.951327937019,7092.060776509287,671.6900098025452,1.0,,,,,,199.15929441737484,108.2450206184074,90.76227868014266,,,,1747.235269867178,1663.058486794689,84.24149360471941,,,,
CAN,2013-04-01,,,,7768.223988002125,7089.139725116849,681.2959658192423,1.0,,,,,,205.72601867095312,108.70176186299042,97.25670669145144,,,,1725.8753850033252,1641.719209849182,83.98725717570967,,,,
CAN,2013-07-01,,,,7751.823806941619,7086.991374014473,664.2210441391236,1.0,,,,,,207.30113715902215,105.3399578345614,101.79101626489636,,,,1722.1367103627515,1637.0953007105952,85.3922236234467,,,,
CAN,2013-10-01,,,,7761.59035661747,7102.335294054758,657.8993453871402,1.0,,,,,,210.1990428487732,112.11292058662488,98.21142237126232,,,,1730.6765509837294,1649.8920217215064,80.61794548313449,,,,
CAN,2014-01-01,,,,7789.820556277237,7146.023626299218,643.6501607103027,1.0,,,,,,199.9572056746956,108.14050383114468,91.5852127793562,,,,1738.539521567606,1659.4619675391436,78.91209750196857,,,,
CAN,2014-04-01,,,,7722.355828510752,7092.351218579333,632.0400260797417,1.0,,,,,,190.52754906477136,105.91310590921964,84.58881315792372,,,,1727.5261848479613,1646.6144549683238,80.84424003476963,,,,
CAN,2014-07-01,,,,7758.834897261474,7114.309480040828,644.0124599617948,1.0,,,,,,187.94032549244048,104.77791816107074,83.330100934429,,,,1733.015169512336,1654.1512726173737,79.16682054922727,,,,
CAN,2014-10-01,,,,7783.926475946755,7134.1357308963925,648.438442013971,1.0,,,,,,191.1128717221334,105.54791322988896,85.75210982500904,,,,1745.2245935890082,1660.6907202463697,84.36706422767405,,,,
CAN,2015-01-01,,,,7788.820127901352,7138.416179475042,650.6502743149134,1.0,,,,,,190.6109838323253,104.0592667230766,86.42167991705148,,,,1752.603039913537,1670.7918980676764,81.5290058299516,,,,
CAN,2015-04-01,,,,7831.004694303219,7192.427462406378,639.8461673797575,1.0,,,,,,191.1727309258646,106.297927083795,84.35534835452607,,,,1771.7423236686104,1691.2036350468572,80.71075359385908,,,,
CAN,2015-07-01,,,,7861.793337324072,7214.41332196196,646.872708946251,1.0,,,,,,193.54637073387295,111.90166168115536,82.24639813400846,,,,1786.3986128386473,1698.500596874528,88.07686893876497,,,,
CAN,2015-10-01,,,,7868.513488219679,7218.523259819732,649.4106401238217,1.0,,,,,,192.178165459923,114.37945292569502,78.09998535697066,,,,1789.17763319977,1701.1224283575916,88.0253923318981,,,,
CAN,2016-01-01,,,,7898.602882410935,7252.651266788812,646.0762077799016,1.0,,,,,,193.75251016144367,116.57747293247412,76.77569993846522,,,,1807.070745657792,1720.2248375091751,86.64988170510173,,,,
CAN,2016-04-01,,,,7862.109510256617,7218.264171673474,643.9696410023768,1.0,,,,,,193.506900024016,113.70145396973804,79.08141897348226,,,,1812.3210865490285,1726.6299600679583,85.80811941992714,,,,
CAN,2016-07-01,,,,7849.906020049869,7217.202807880261,632.8335468835681,1.0,,,,,,195.7283580802056,109.33499221181832,87.2461271108461,,,,1808.321844997128,1724.8893132320009,83.50465241561919,,,,
CAN,2016-10-01,,,,7893.195131171297,7271.816990348491,622.0717365527609,1.0,,,,,,192.2157400317223,112.47568714039352,79.94819891488365,,,,1807.3709087555371,1724.7924495057646,82.54901913548677,,,,
CAN,2017-01-01,,,,7908.428118408053,7291.812906399346,615.8916666151225,1.0,,,,,,203.3842003157512,121.1513061008326,81.74807944829082,,,,1805.475735652236,1719.570294158509,85.60146577206133,,,,
CAN,2017-04-01,,,,7990.5584571817,7365.339822520385,624.1758427453468,1.0,,,,,,196.37398843933147,115.39555510127794,80.09741519791622,,,,1818.4675672941412,1730.4117623593986,88.6634029306624,,,,
CAN,2017-07-01,,,,8045.102382310893,7419.330619553215,626.5741199952754,1.0,,,,,,189.4798449939312,115.29583836530158,75.12862316349872,,,,1829.889165887848,1741.5341500563666,88.29110283569459,,,,
CAN,2017-10-01,,,,8063.774448761619,7432.5541043469875,633.9330600415792,1.0,,,,,,178.70560076575703,105.94114314853704,72.829140639263,,,,1851.5280081020016,1762.5690661693188,88.66921745836909,,,,
CAN,2018-01-01,,,,8116.327124477832,7474.626918286812,638.8240640307575,1.0,,,,,,176.78279299707117,104.36166238366428,72.0830331438258,,,,1869.9314737480547,1781.839048084559,87.85271334671818,,,,
CAN,2018-04-01,,,,8137.887269901699,7518.002489180942,617.8255930952146,1.0,,,,,,187.7733854231205,114.45370860212395,72.54227536698286,,,,1876.4983078521657,1794.252695386399,82.91385699508798,,,,
CAN,2018-07-01,,,,8230.595621756056,7604.64947658582,628.4837462192487,1.0,,,,,,187.04937481564352,117.55598724193192,70.19598200868748,,,,1904.9262157200576,1820.5719492110352,84.20332395480662,,,,
CAN,2018-10-01,,,,8312.498706687578,7674.815456390033,642.028091871404,1.0,,,,,,193.48207429759728,120.37985881391364,73.53433025969174,,,,1905.5940609493975,1820.4577830315045,84.5638402436547,,,,
CAN,2019-01-01,,,,8317.997982773146,7669.4812119433,643.4344769890287,1.0,,,,,,194.1354561258688,118.38074419324091,75.56034346637493,,,,1892.4251501194965,1810.4183313281724,81.77429534180011,,,,
CAN,2019-04-01,,,,8407.56123516103,7759.029308422303,645.7318074075429,1.0,,,,,,191.6626265434886,120.65594044923589,70.37579267443682,,,,1923.0082307606212,1836.030672753292,87.52787499284051,,,,
CAN,2019-07-01,,,,8351.899684635991,7723.198766322554,632.4814997027229,1.0,,,,,,190.7924656814389,123.1058303623794,67.97019740657468,,,,1931.3135385534188,1845.8482189988924,85.7047773198193,,,,
CAN,2019-10-01,,,,8239.979071861671,7634.297920988249,611.0507969023614,1.0,,,,,,191.60201934648376,121.36260251112864,70.51575398937317,,,,1926.9003372430293,1843.3452304051507,83.06558487188018,,,,
CAN,2020-01-01,,,,7780.972070691944,7244.149500838101,530.3778945889807,1.0,,,,,,187.02645996220437,119.09895365343952,67.8996643080894,,,,1852.8518862383912,1785.0748359381894,67.76242486389295,,,,
CAN,2020-04-01,,,,6378.350464146848,6032.706293592932,343.72892752559204,1.0,,,,,,161.77850464877943,101.73881185090896,59.82844887190683,,,,1635.483757738981,1590.0654545564992,45.620721259520984,,,,
CAN,2020-07-01,,,,7473.920837331383,6988.7653281133935,489.18746369661113,1.0,,,,,,184.2087591136897,113.05479099814576,71.1258500490174,,,,1897.714104394918,1825.037054212122,72.99535643669448,,,,
CAN,2020-10-01,,,,7741.652898008539,7237.808458143956,508.721697123812,1.0,,,,,,186.88383415222495,120.67361395449956,66.53701549134092,,,,1933.956292078565,1860.9790775828824,72.58355518285731,,,,
CAN,2021-01-01,,,,7893.423782288565,7371.041932498035,515.8091159569469,1.0,,,,,,188.65810394929895,125.39115540494964,63.50649186150556,,,,1969.7603766042712,1892.466063805963,77.14710230186797,,,,
CAN,2021-04-01,,,,7967.470026644609,7459.878835004918,504.92913687510026,1.0,,,,,,189.6749362235524,128.6856756622494,60.36886189617837,,,,1977.5721327689153,1900.920268510767,76.76508090215243,,,,
CAN,2021-07-01,,,,8166.731628975011,7609.630192161662,561.7305689282297,1.0,,,,,,183.36627338149117,121.50778799706956,61.815374544744856,,,,2008.09719557349,1923.2419808249524,85.31355581349949,,,,
CAN,2021-10-01,,,,8402.009806290569,7842.341204692975,564.4951432499196,1.0,,,,,,178.09889189312597,122.19957153360949,56.15815525841423,,,,2042.7760189331348,1958.0958450645903,84.33658912414434,,,,
CAN,2022-01-01,,,,8412.047690196692,7842.575996191291,562.912666617889,1.0,,,,,,183.94584423646128,128.480192299427,55.74059780465453,,,,2035.751084463672,1951.246425797843,84.39311447751471,,,,
CAN,2022-04-01,,,,8477.03199192094,7914.028419660779,560.425586569509,1.0,,,,,,178.72405583773386,118.62787134375507,59.77655096955955,,,,2059.372237032133,1979.0426618276904,80.61947749248152,,,,
CAN,2022-07-01,,,,8526.240500165406,7980.165870015165,550.4391340391978,1.0,,,,,,180.06410829439915,123.29180319471948,56.458420670818754,,,,2073.954354274288,1995.4418836324148,78.7387092781202,,,,
CAN,2022-10-01,,,,8609.543061688346,8062.687646889673,550.1142592300639,1.0,,,,,,181.4759438730146,126.56463095365802,55.04713872167342,,,,2104.4114877749394,2024.158007750792,80.01436808647291,,,,
CAN,2023-01-01,,,,8715.169509864252,8166.259518602954,544.414151788033,1.0,,,,,,186.56850530855223,132.04856872912725,55.11065242349138,,,,2131.5675112206372,2050.4533391031737,80.78826460673164,,,,
CAN,2023-04-01,,,,8779.273964731898,8233.146484158995,543.9217000968362,1.0,,,,,,186.10181462981927,135.0903095721246,50.33165131502349,,,,2128.6507915402544,2048.070718919196,81.20491765594056,,,,
CAN,2023-07-01,,,,8831.493769094324,8296.62108451488,538.126702321715,1.0,,,,,,185.8002685288187,139.54349773396476,46.06876852682556,,,,2164.4634151208684,2077.2157603419473,87.07285563694296,,,,
CAN,2023-10-01,,,,8858.929427359239,8317.10421046553,543.897174480591,1.0,,,,,,181.06475438185836,135.79930065794687,45.31814362031445,,,,2170.0461518470443,2081.6470360839908,88.31195098573464,,,,
CAN,2024-01-01,,,,8911.610865640154,8373.253881557494,535.6208483337286,1.0,,,,,,171.82441942201774,129.36592204890755,43.18224059911073,,,,2215.9318498524103,2125.206114472853,90.14203276789864,,,,
CAN,2024-04-01,,,,8957.862008977534,8415.540223885664,540.7879883520026,1.0,,,,,,176.65665817991834,132.58345104651482,43.48140308274081,,,,2253.2681992093976,2162.1989032825327,92.11568829130816,,,,
CAN,2024-07-01,,,,9005.21720071694,8456.509255349047,550.7784675176699,1.0,,,,,,181.94939781181313,136.21065502261757,45.61255949815166,,,,2275.565637827312,2188.1433531345056,86.83967099688925,,,,
CAN,2024-10-01,,,,9028.869380167183,8484.421554645987,545.6575211595899,1.0,,,,,,179.05374497772522,134.14785697086572,44.89795704386729,,,,2294.6203828788875,2204.1622586557028,90.37854006745664,,,,
CAN,2025-01-01,,,,9045.59080965268,8491.930021069093,552.3817739375642,1.0,,,,,,174.3756495882557,130.2814078929649,44.98381561099382,,,,2296.438413846606,2206.725644234035,89.00662050098126,,,,
CAN,2025-04-01,,,,9061.211374950031,8514.022675929962,546.078415271932,1.0,,,,,,170.2314248319364,124.53200191960896,45.19432516221009,,,,2307.4345642142252,2217.7826782973098,91.19463154471848,,,,
CAN,2025-07-01,,,,9051.921511583962,8509.965569431806,542.8663343314109,1.0,,,,,,160.59666857086688,114.7860761872115,45.681434577314306,,,,2302.0631532376565,2211.250383765511,90.08731113566223,,,,
CAN,2025-10-01,,,,9054.299831679353,8513.874123404983,541.548968220164,1.0,,,,,,164.3512617599394,115.91108988012468,48.30272215450488,,,,2306.2240766750283,2215.6469987205005,90.37403533772527,,,,
CAN,2026-01-01,,,,9016.700472535642,8470.910604950237,545.1059729173315,1.0,,,,,,172.9945694132282,123.26214252359588,50.46968522177391,,,,2300.213767312536,2208.972634464228,90.65961169401884,,,,
CHE,1995-01-01,3929.4649914462175,3438.625805600295,493.97810183640553,,,,,,12.571128714,156.7842269663547,,,,,,718.8999613773819,,,,,,,,,
CHE,1995-04-01,3913.257804304499,3416.015085971595,497.70233070775686,,,,,,12.71836295,159.68380918788267,,,,,,716.8455713275795,,,,,,,,,
CHE,1995-07-01,3904.577948310001,3397.8212187683343,507.3277395317429,,,,,,12.993151789,163.73889983042764,,,,,,717.2423958371785,,,,,,,,,
CHE,1995-10-01,3915.02320020381,3397.0347066286417,514.3567902315367,,,,,,13.13802662,166.14439352529226,,,,,,721.6460579098297,,,,,,,,,
CHE,1996-01-01,3907.324956902602,3394.2382459715905,515.8702214656637,,,,,,13.202644447,168.76875699084434,,,,,,725.126375386159,,,,,,,,,
CHE,1996-04-01,3908.561395168129,3386.2570206647983,522.4227067610428,,,,,,13.366112335,171.64499734583316,,,,,,728.271923922162,,,,,,,,,
CHE,1996-07-01,3905.3099488255207,3382.7260221110128,523.0254869859529,,,,,,13.392675456,172.9214144672799,,,,,,732.3687200531076,,,,,,,,,
CHE,1996-10-01,3897.6221929327503,3373.8264318948004,520.7526119256172,,,,,,13.360777062,172.75124049890533,,,,,,737.935627261092,,,,,,,,,
CHE,1997-01-01,3891.278820714848,3350.6156640629915,542.6513499640911,,,,,,13.945321704,172.33266276234383,,,,,,742.7652013667152,,,,,,,,,
CHE,1997-04-01,3889.0687830830934,3350.6018442493464,538.5861362292857,,,,,,13.848717168,171.19869569158493,,,,,,748.0672926259657,,,,,,,,,
CHE,1997-07-01,3899.895597013243,3356.40903958202,543.6574678303527,,,,,,13.940308255,170.57854597896718,,,,,,753.9978721038282,,,,,,,,,
CHE,1997-10-01,3915.88493478483,3366.748288009301,547.1094009148451,,,,,,13.971539257,171.66082530460537,,,,,,758.6554727420179,,,,,,,,,
CHE,1998-01-01,3928.082703964962,3379.1789315788897,550.713820915487,,,,,,14.019914101,172.3079851740655,,,,,,760.7262791923654,,,,,,,,,
CHE,1998-04-01,3950.84205949469,3398.916202350239,551.9054620081442,,,,,,13.969312205,172.0262338342221,,,,,,765.9699941998907,,,,,,,,,
CHE,1998-07-01,3962.025454501658,3406.573476622735,555.410077485492,,,,,,14.018336931,172.57335504892623,,,,,,768.8197851647307,,,,,,,,,
CHE,1998-10-01,3962.147457541688,3402.710392330962,557.9979230729633,,,,,,14.083219493,174.4876399698305,,,,,,768.9547571899185,,,,,,,,,
CHE,1999-01-01,3964.936413805268,3411.0917644996134,555.5740719620434,,,,,,14.012181129,176.02547616512925,,,,,,769.1678903087636,,,,,,,,,
CHE,1999-04-01,3978.476651393883,3422.3960090612895,555.8285655890575,,,,,,13.970889219,177.64947229916953,,,,,,773.3985865375656,,,,,,,,,
CHE,1999-07-01,3989.6687000642746,3438.011133725911,550.9741058655336,,,,,,13.810021515,176.76652426897283,,,,,,777.6049466063928,,,,,,,,,
CHE,1999-10-01,3998.601571070151,3450.6647123479156,547.1829629952068,,,,,,13.684358225,173.71791373280504,,,,,,780.8617555665809,,,,,,,,,
CHE,2000-01-01,4008.653873770201,3475.569794524199,534.6004430794926,,,,,,13.336158718,171.23264320270525,,,,,,786.1445648571454,,,,,,,,,
CHE,2000-04-01,4015.204250833364,3486.451950923009,528.6081321095694,,,,,,13.165161698,168.75414883659394,,,,,,790.2116616974293,,,,,,,,,
CHE,2000-07-01,4021.919814420827,3495.65140307611,525.3943480476189,,,,,,13.063272574,166.24281652851388,,,,,,793.9116086322023,,,,,,,,,
CHE,2000-10-01,4041.434833669271,3514.581765822877,526.5488621167137,,,,,,13.028760423,162.88742813218997,,,,,,799.6435447074781,,,,,,,,,
CHE,2001-01-01,4069.9320087655383,3546.9422073705928,524.0922643597049,,,,,,12.877174931,159.34443292580514,,,,,,807.4479283025274,,,,,,,,,
CHE,2001-04-01,4084.7845822535674,3557.186851782049,527.484763923976,,,,,,12.913404693,157.00260062735757,,,,,,806.0773048730466,,,,,,,,,
CHE,2001-07-01,4094.493957205737,3559.698706471903,533.7269790008419,,,,,,13.0352367,156.20420945547684,,,,,,801.1049564375186,,,,,,,,,
CHE,2001-10-01,4105.239341187788,3577.548035717231,528.7719123896153,,,,,,12.880416181,156.2180151425494,,,,,,807.1209665526677,,,,,,,,,
CHE,2002-01-01,4110.836801945535,3588.4195431186467,521.8807461730357,,,,,,12.695243604,156.3641557237123,,,,,,815.4173568074558,,,,,,,,,
CHE,2002-04-01,4113.870396028486,3604.115099634609,509.7582161545318,,,,,,12.391207478,158.0627565876524,,,,,,823.546652613301,,,,,,,,,
CHE,2002-07-01,4124.498485088887,3623.2239216262305,500.717160358058,,,,,,12.140073809,159.04741266982046,,,,,,831.1057151619594,,,,,,,,,
CHE,2002-10-01,4122.023045392335,3625.2192096927542,496.9754966400011,,,,,,12.056591901,158.75396774009351,,,,,,837.2981075258306,,,,,,,,,
CHE,2003-01-01,4105.4418555829725,3611.899917423212,493.4774547017137,,,,,,12.020081445,158.48552608885967,,,,,,842.4778399559029,,,,,,,,,
CHE,2003-04-01,4102.526119925086,3615.278115998629,486.84027588003977,,,,,,11.866841591,156.64773947533502,,,,,,849.5674419216226,,,,,,,,,
CHE,2003-07-01,4100.33025091963,3623.709035253557,476.5328969980838,,,,,,11.621817459,154.42318536237374,,,,,,858.2056272971208,,,,,,,,,
CHE,2003-10-01,4104.13683510225,3634.0692797840734,469.3591803240446,,,,,,11.436245895,152.95022491518495,,,,,,864.3858432949056,,,,,,,,,
CHE,2004-01-01,4112.47363620932,3639.195235198398,473.5242910657327,,,,,,11.51434229,151.15851637893272,,,,,,860.3566107411157,,,,,,,,,
CHE,2004-04-01,4113.4819964867675,3648.7986065390855,464.39452178433464,,,,,,11.289572245,147.83774403532985,,,,,,861.3953881060761,,,,,,,,,
CHE,2004-07-01,4113.436397829595,3650.458200239698,463.2427745912626,,,,,,11.261697758,146.07462190717672,,,,,,867.6237510191752,,,,,,,,,
CHE,2004-10-01,4118.57627051275,3654.349169842087,462.7016853742835,,,,,,11.234505688,146.80985546465735,,,,,,870.4055898341581,,,,,,,,,
CHE,2005-01-01,4123.750313995078,3670.7896279567553,454.76641514962773,,,,,,11.02798134,147.43384134181272,,,,,,875.9306375254872,,,,,,,,,
CHE,2005-04-01,4132.1132418745865,3673.195731175661,457.90243674053335,,,,,,11.081555851,147.76700106862563,,,,,,882.2572072561242,,,,,,,,,
CHE,2005-07-01,4152.439640088945,3697.253005234096,455.1680870860114,,,,,,10.961461852,147.6528455955233,,,,,,885.6269918557731,,,,,,,,,
CHE,2005-10-01,4170.189854450235,3717.850950919735,451.3939013917633,,,,,,10.824300983,147.28078768341723,,,,,,889.7714435230622,,,,,,,,,
CHE,2006-01-01,4193.593308337908,3720.379899477696,473.4345169271117,,,,,,11.289471394,147.31244085771863,,,,,,894.4700106667914,,,,,,,,,
CHE,2006-04-01,4219.943791205619,3753.2445409200336,466.0296125416144,,,,,,11.043502843,147.65827144737136,,,,,,897.4181482342158,,,,,,,,,
CHE,2006-07-01,4246.556089105805,3776.514737304462,470.08066739135825,,,,,,11.069691711,148.5496524408614,,,,,,901.5432025058386,,,,,,,,,
CHE,2006-10-01,4279.154737996714,3805.0940512025704,473.7762911294269,,,,,,11.07172608,149.99678981674856,,,,,,906.9933705773094,,,,,,,,,
CHE,2007-01-01,4305.512921221214,3813.9782224658393,491.3620029863342,,,,,,11.412391786,151.6486124294088,,,,,,909.5957620542214,,,,,,,,,
CHE,2007-04-01,4328.766436917251,3831.946112463544,495.8816166839326,,,,,,11.45549486,153.41798551392114,,,,,,912.4236850906312,,,,,,,,,
CHE,2007-07-01,4356.023722341438,3864.268681548446,491.91758008978593,,,,,,11.29281224,155.07261097235212,,,,,,915.6255843180712,,,,,,,,,
CHE,2007-10-01,4386.284428373577,3898.669692795088,487.5895756234808,,,,,,11.11623251,155.87963127821808,,,,,,918.1288005288824,,,,,,,,,
CHE,2008-01-01,4418.87434390339,3925.2545028371023,493.7685653329138,,,,,,11.17408025,156.26828527776274,,,,,,923.5406713643464,,,,,,,,,
CHE,2008-04-01,4435.742973002602,3947.141871507193,488.4746205966545,,,,,,11.012239067,157.1084205842094,,,,,,928.6489046474854,,,,,,,,,
CHE,2008-07-01,4461.940924430791,3972.33111574913,489.29493235787226,,,,,,10.965966171,156.61146295111436,,,,,,934.3595428590096,,,,,,,,,
CHE,2008-10-01,4475.701973341749,3984.393506710451,490.1120063062933,,,,,,10.950505847,153.44448068273678,,,,,,938.388117701351,,,,,,,,,
CHE,2009-01-01,4485.7048336123535,4012.350302239735,475.6494104696686,,,,,,10.603671622,150.44054137641828,,,,,,944.9343483080504,,,,,,,,,
CHE,2009-04-01,4475.503727839943,4003.426673901524,472.2367610476003,,,,,,10.551589045,148.43866263606907,,,,,,951.1935163999392,,,,,,,,,
CHE,2009-07-01,4464.141942424393,3995.222475493264,467.3237596381106,,,,,,10.468389349,147.92164059551442,,,,,,956.9309244605188,,,,,,,,,
CHE,2009-10-01,4450.480511463142,3985.578664077963,463.8973745848916,,,,,,10.423534569,149.1857278672333,,,,,,961.3009206567248,,,,,,,,,
CHE,2010-01-01,4436.7567473395775,3965.374633446118,473.8404314769152,,,,,,10.679883042,150.3623925629405,48.35775337358662,104.76379976694074,,,,964.166984587206,903.1919933595792,60.701059459614136,,,,5.1,1.1,eurostat,0.215686275
CHE,2010-04-01,4478.9427702007115,3996.308717040119,483.7950126984286,,,,,,10.801544863,150.0391754451444,49.16814692853655,101.07686733865856,,,,971.5102428321212,901.2646706902476,71.65074289429306,,,,4.933333333,1.2,eurostat,0.243243243
CHE,2010-07-01,4499.8008462494145,4011.1745640201825,485.1915666255156,,,,,,10.782512009,158.40644548768293,59.11507805966652,96.95428127924524,,,,974.8597216453948,903.2483117448254,70.98082468079879,,,,4.733333333,1.3,eurostat,0.274647887
CHE,2010-10-01,4509.319431779101,4029.3672455819105,479.5078865956344,,,,,,10.633708564,162.94535467514595,62.93650905380808,98.31477794987715,,,,983.447225431045,914.914300298718,68.02107960268924,,,,4.433333333,1.3,eurostat,0.293233083
CHE,2011-01-01,4558.96864917801,4089.811324115688,471.74961084228255,,,,,,10.347726583,153.51194914442243,59.51169979669317,97.2929689980036,,,,999.2328551807672,929.193948113009,69.78515440878304,,,,4.433333333,1.3,eurostat,0.293233083
CHE,2011-04-01,4591.873916161263,4120.346948660809,473.399403300897,,,,,,10.309503526,164.56204736030918,65.5456359135682,99.55017025130364,,,,1010.2833181688562,942.8876646844908,68.8141279421486,,,,4.233333333,1.3,eurostat,0.307086614
CHE,2011-07-01,4603.210640470842,4112.2689971856635,486.2690722090584,,,,,,10.563693695,161.01350543160416,59.69777756931036,99.11754126014982,,,,1020.9202281385058,949.912441091446,70.05120966223039,,,,4.4,1.2,eurostat,0.272727273
CHE,2011-10-01,4634.060661905464,4141.077240828269,493.70152225001664,,,,,,10.653756139,162.4124611355616,61.99880008496163,98.78254758767332,,,,1033.4957960825886,961.214567688294,72.03930413036328,,,,4.566666667,1.2,eurostat,0.262773723
CHE,2012-01-01,4652.798537886835,4174.645062303215,480.36988345810187,,,,,,10.324321579,165.1144035659859,66.61390270380501,101.6677655289758,,,,1040.5449322854097,966.093656637687,74.39738743956069,,,,4.3,1.2,eurostat,0.279069767
CHE,2012-04-01,4663.484070989818,4184.961944944052,479.6851230645212,,,,,,10.285981806,164.19107231430797,65.32969280188121,99.30527925597772,,,,1049.3378897631746,975.5047821119614,74.76318960234745,,,,4.366666667,1.1,eurostat,0.251908397
CHE,2012-07-01,4712.861062886032,4222.952074928466,485.8887204855767,,,,,,10.309846057,161.25820273239205,58.20217683073494,101.7499333730286,,,,1068.6461547943888,991.688644344192,75.87756374632862,,,,4.5,1.1,eurostat,0.244444444
CHE,2012-10-01,4686.6591033483055,4207.120617619692,480.9858322037313,,,,,,10.262872157,157.17576194025827,54.82975615105176,101.13897936592612,,,,1067.1125349838092,994.170473023306,73.08384451129523,,,,4.866666667,1.1,eurostat,0.226027397
CHE,2013-01-01,4700.4298183123265,4217.18760757377,484.3312051450986,,,,,,10.303976952,153.59171606533988,55.68682251951204,99.28406104485308,,,,1078.13840045136,1007.9696712696108,70.39861420476453,,,,4.866666667,1.1,eurostat,0.226027397
CHE,2013-04-01,4717.864008495895,4220.998656983713,496.6888075808817,,,,,,10.527832228,159.5813772055598,60.02883603787939,99.93494665272505,,,,1086.3524057285406,1012.94944377235,74.07022170721592,,,,4.8,1.2,eurostat,0.25
CHE,2013-07-01,4751.8047576926265,4258.176954495101,491.60365277525784,,,,,,10.345619777,173.46137804247005,63.68273284225107,108.99019672910347,,,,1095.970913893257,1021.2158039627858,73.56316202519425,,,,4.7,1.2,eurostat,0.255319149
CHE,2013-10-01,4772.292158567606,4279.938121221747,494.2126050082337,,,,,,10.355874883,169.0734641014688,66.11723747082596,102.15132034170382,,,,1100.2453131786638,1022.0532847820896,78.59952738312009,,,,4.633333333,1.2,eurostat,0.258992806
CHE,2014-01-01,4761.660740967968,4264.366697241823,496.5976947887282,,,,,,10.429086023,167.35072184692893,64.62395517622383,103.44445827639636,,,,1098.8540324773753,1020.2078765961706,78.87439433317856,,,,5.033333333,1.2,eurostat,0.238410596
CHE,2014-04-01,4818.590939106617,4321.02046487901,497.7436131376733,,,,,,10.32965071,167.02916889895965,59.4079150754446,108.13688821701732,,,,1113.2773044098858,1036.4821845678518,77.12070659704749,,,,4.933333333,1.2,eurostat,0.243243243
CHE,2014-07-01,4835.035233442613,4349.381003756548,484.8184363150341,,,,,,10.02719552,169.76015172723828,66.19269790978908,102.76747584359534,,,,1116.4715942678977,1038.87965657995,76.75466550235328,,,,4.866666667,1.2,eurostat,0.246575342
CHE,2014-10-01,4883.688072072403,4399.850004298153,485.77540212217554,,,,,,9.946896586,174.46433851473932,70.32360464544954,103.87768894204504,,,,1139.3099767513015,1065.803278052036,73.74009889279299,,,,4.5,1.2,eurostat,0.266666667
CHE,2015-01-01,4893.59474731963,4410.18399474449,480.7556418040592,,,,,,9.824181744,168.6192842218611,66.31031403684325,101.97125077470484,,,,1146.815355270272,1070.194797209593,76.92998317264802,,,,4.433333333,1.1,eurostat,0.248120301
CHE,2015-04-01,4891.284347930549,4428.406082241429,464.55058222207293,,,,,,9.497517404,160.97616936505312,62.7988943529605,99.23325595919532,,,,1149.5282718703727,1077.3695576339876,72.4764504586372,,,,4.733333333,1.1,eurostat,0.232394366
CHE,2015-07-01,4892.063836774543,4426.11011978486,465.8943710730664,,,,,,9.523472845,164.67767107798,64.56356335714904,99.23551473716084,,,,1151.6632077496065,1079.897763156761,70.83227179335137,,,,4.966666667,1.0,eurostat,0.201342282
CHE,2015-10-01,4918.747957137482,4453.413103882122,466.0367007349203,,,,,,9.47470179,168.8925606489331,68.15051705592954,100.79824885609094,,,,1163.926664098669,1091.1571178886995,73.04538073172571,,,,5.1,1.1,eurostat,0.215686275
CHE,2016-01-01,4959.321989937775,4488.570417316876,468.4280453544848,,,,,,9.445404963,175.36432020256697,71.99573481800222,102.47894440020906,,,,1181.257686147774,1110.3348940189967,71.2791521470726,,,,5.0,1.0,eurostat,0.2
CHE,2016-04-01,4952.071564125029,4485.981366006025,467.3653393289274,,,,,,9.437774339,163.97648360010692,70.45553944714543,95.38591469041585,,,,1185.8723588232426,1116.7058518611725,69.50310886959906,,,,4.9,1.1,eurostat,0.224489796
CHE,2016-07-01,4971.628548389499,4495.872194159514,476.51007797144126,,,,,,9.58458729,161.13724352472678,62.87707263905382,97.1261930444452,,,,1192.330065371024,1119.6860804358805,72.05754370045213,,,,4.966666667,1.1,eurostat,0.22147651
CHE,2016-10-01,4985.463619442954,4521.260114570053,464.3284425365339,,,,,,9.313646192,157.98342893704418,62.10216841426895,96.26435134284638,,,,1197.9206311366029,1125.390512909133,72.39934229393691,,,,4.8,1.1,eurostat,0.229166667
CHE,2017-01-01,4988.925801604572,4521.15969503012,466.0770269989629,,,,,,9.342232086,153.4117632766512,59.03186248813063,92.45458441384147,,,,1204.1359847961485,1128.6758302477306,75.69672307537758,,,,4.966666667,1.2,eurostat,0.241610738
CHE,2017-04-01,5017.853259144031,4550.331378037324,467.4556558732865,,,,,,9.315849463,152.34543574127264,59.331983256641536,95.52958045535506,,,,1213.3374773992302,1134.5116641326215,79.14120720330767,,,,4.666666667,1.2,eurostat,0.257142857
CHE,2017-07-01,5019.595769589502,4556.146304177958,465.644944023941,,,,,,9.276542682,158.77934550398734,60.004395098618375,97.74232825923424,,,,1217.4617926066776,1140.9849325605749,76.12424698937208,,,,4.8,1.2,eurostat,0.25
CHE,2017-10-01,5022.166405772718,4544.447486380626,477.0536400796801,,,,,,9.498961236,156.2620830023537,60.608763028094565,95.778716014746,,,,1221.7612986685176,1139.8708497787516,81.72866178828,,,,4.733333333,1.3,eurostat,0.274647887
CHE,2018-01-01,5039.946850085434,4563.38095378483,475.3932942415158,,,,,,9.432506103,154.0599789858323,50.84329025193579,100.20694268751956,,,,1227.799304033006,1149.7480404075018,78.27458449372234,,,,4.933333333,1.4,eurostat,0.283783784
CHE,2018-04-01,5059.900240022613,4578.240303790729,480.799765697458,,,,,,9.502158993,153.24279091566223,54.075761759407946,102.08415064644922,,,,1230.6974963668283,1152.0273163279455,78.97084451018442,,,,4.866666667,1.4,eurostat,0.287671233
CHE,2018-07-01,5085.911049839758,4621.673051959467,466.07687932120297,,,,,,9.164078466,150.55829280351563,59.93828735771211,89.29166981586134,,,,1248.2704079206412,1166.6851196994703,81.56515208732999,,,,4.266666667,1.5,eurostat,0.3515625
CHE,2018-10-01,5069.994693236723,4612.50684429087,458.3474542027751,,,,,,9.040393175,151.91305845139874,58.810023003798605,92.81093749752536,,,,1241.4288233057096,1167.3316487389152,73.55624589207586,,,,4.8,1.5,eurostat,0.3125
CHE,2019-01-01,5085.784661641293,4632.088251599416,451.1048458808101,,,,,,8.869916363,155.6764487357833,60.3645499284782,93.08217014687617,,,,1245.2122838289356,1170.45098987564,74.7291490062632,,,,4.666666667,1.5,eurostat,0.321428571
CHE,2019-04-01,5117.909105723516,4653.200404205302,465.2493470912889,,,,,,9.090613715,128.88665199434394,39.28306755620775,92.18737207751587,,,,1262.644375369576,1180.184481144075,83.01493646079741,,,,4.433333333,1.7,eurostat,0.383458647
CHE,2019-07-01,5094.119579178648,4656.553259881843,437.7579484661707,,,,,,8.593397577,124.56585985220924,36.703484074256735,89.25944147696016,,,,1265.0508667563497,1181.4860146262242,83.59047105075425,,,,4.366666667,1.6,eurostat,0.366412214
CHE,2019-10-01,5106.692555337638,4661.609805254837,448.14472157870705,,,,,,8.775635438,123.09045246286315,37.82954893710828,83.86021096842994,,,,1265.143998791714,1191.702024710197,72.90689216320746,,,,4.066666667,1.6,eurostat,0.393442623
CHE,2020-01-01,5141.168507252087,4691.570920087242,444.8060058151191,,,,,,8.651846466,137.93369705349372,43.40635563565392,91.48351205864418,,,,1279.2460493115132,1198.7883504557517,80.38713812592665,,,,4.266666667,1.3,eurostat,0.3046875
CHE,2020-04-01,5021.517313845277,4588.686810167934,435.5321532332541,,,,,,8.673317765,135.78817901684798,41.856372255205095,96.37882664869277,,,,1266.2851710118516,1190.092494769439,76.70974170448854,,,,4.8,1.2,eurostat,0.25
CHE,2020-07-01,5053.778889568153,4612.940652644638,438.30313202816217,,,,,,8.672780143,131.64615331498698,41.3809386738374,92.47159444014284,,,,1285.6825609409257,1208.9659932973102,76.8553788435821,,,,5.1,1.3,eurostat,0.254901961
CHE,2020-10-01,5087.65596308157,4652.382730409952,440.6099713580021,,,,,,8.660372764,122.59140580574072,41.112308934964446,80.26596978244338,,,,1303.2344410375356,1223.3595830353968,79.23510008704648,,,,5.133333333,1.3,eurostat,0.253246753
CHE,2021-01-01,5063.778949809328,4613.8714782707075,444.1510939000299,,,,,,8.77113907,125.57580377991331,43.18570460463608,79.28290182632243,,,,1303.9037846491915,1225.3290195888098,78.47123060954772,,,,5.466666667,1.4,eurostat,0.256097561
CHE,2021-04-01,5070.265413203354,4625.220576117797,448.11702359655686,,,,,,8.838137397,124.99463369317836,47.45183994985061,79.33819713261188,,,,1310.209010342278,1234.04659367316,76.5966574075063,,,,5.2,1.6,eurostat,0.307692308
CHE,2021-07-01,5130.241939372698,4673.775429388463,453.37236930778766,,,,,,8.837251238,119.98329391634164,42.47760745458469,79.67275039462766,,,,1327.1239157663024,1252.164990353874,75.09536703673932,,,,4.866666667,1.9,eurostat,0.390410959
CHE,2021-10-01,5168.747915900659,4727.995451659926,446.91650115902695,,,,,,8.646513787,112.62254183338044,42.204528169318465,69.75401460811429,,,,1335.3856594039864,1257.150539726863,77.71403805753174,,,,4.433333333,2.0,eurostat,0.45112782
CHE,2022-01-01,5160.811999220176,4701.9571374968555,452.6908008290854,,,,,,8.771697184,108.98037589584372,38.15143293086458,67.65105320515472,,,,1324.1019245339005,1247.2931596449805,76.48348739810532,,,,4.266666667,2.2,eurostat,0.515625
CHE,2022-04-01,5164.9935807328675,4712.011736533262,456.05841896562686,,,,,,8.829796433,107.7391606088651,44.52167227588002,64.16053828704555,,,,1323.6924401600552,1247.2867972614831,76.92080893243369,,,,4.2,2.3,eurostat,0.547619048
CHE,2022-07-01,5198.237258255453,4735.362942778965,460.34827364881056,,,,,,8.855853451,117.63220034439536,47.89276195818962,71.43508448936248,,,,1325.6469375300471,1245.7188734767244,80.19618397556319,,,,3.833333333,2.3,eurostat,0.6
CHE,2022-10-01,5218.291963992908,4760.172209285187,462.9332505253509,,,,,,8.871355871,123.2708496999668,46.080810324847015,76.90468139652768,,,,1331.4167471586873,1249.4754196537508,81.55163562917447,,,,4.133333333,2.3,eurostat,0.556451613
CHE,2023-01-01,5273.243289104958,4817.204344660631,451.1992047751398,,,,,,8.556388925,119.30122610322826,45.51668571858981,70.61709026463568,,,,1346.7198592492286,1264.2234830111508,81.61344829760543,,,,4.0,2.2,eurostat,0.55
CHE,2023-04-01,5314.119539987357,4836.10225358668,479.9482528700803,,,,,,9.031566739,120.1837292447694,47.83176850973242,72.99358851498152,,,,1349.724462302581,1268.9774831927523,81.73404236761831,,,,3.933333333,2.2,eurostat,0.559322034
CHE,2023-07-01,5305.8288072990335,4836.948367036275,468.2006995319434,,,,,,8.824270751,124.1333072755619,50.656579514498524,75.19657768036593,,,,1347.613206139784,1264.1713552458748,83.39021435742235,,,,4.1,2.1,eurostat,0.512195122
CHE,2023-10-01,5324.224831581491,4851.977005084425,474.81172942904726,,,,,,8.917950396,124.26786280788453,50.2007613714936,74.67142470947071,,,,1360.1538959792158,1274.7312157043311,85.29638421494069,,,,4.133333333,2.0,eurostat,0.483870968
CHE,2024-01-01,5332.155040704262,4851.535323231878,476.6902226575316,,,,,,8.939916769,129.07967748453277,52.04710348789636,74.04427201242547,,,,1368.3346178777624,1280.3633532322951,86.36263053716051,,,,4.1,2.0,eurostat,0.487804878
CHE,2024-04-01,5340.009076838514,4875.007212479316,467.0158822592125,,,,,,8.745600907,122.0208670182553,49.67486485631862,72.56308520305134,,,,1378.9766064225062,1299.1164574343038,81.06966554390584,,,,4.2,1.8,eurostat,0.428571429
CHE,2024-07-01,5342.266249716938,4874.466527900197,468.0222862472813,,,,,,8.760744305,123.52198194666737,51.97425444070024,72.53680992035814,,,,1385.1326061911095,1299.7127060073508,85.25721028339757,,,,4.566666667,1.8,eurostat,0.394160584
CHE,2024-10-01,5356.253381384823,4895.075919741509,461.54480220163936,,,,,,8.616933691,125.28879940430652,56.53552712333106,70.47843385144506,,,,1391.452442414287,1307.177772530782,84.43735781523104,,,,4.5,1.7,eurostat,0.377777778
CHE,2025-01-01,5367.716872704822,4910.070068494756,455.3244649866154,,,,,,8.482646827,123.581455600628,53.608933156825,67.43615401011448,,,,1402.732683793364,1319.5889297521278,81.70168755629486,,,,4.533333333,1.6,eurostat,0.352941176
CHE,2025-04-01,5369.019552093168,4908.778521773125,461.966232011264,,,,,,8.60429409,118.02955237115344,52.5405855083408,65.36446724961722,,,,1413.3446788514252,1323.231339753671,92.06171135578184,,,,4.866666667,1.6,eurostat,0.328767123
CHE,2025-07-01,5363.349613995905,4910.975203431169,453.0470527021132,,,,,,8.447091562,112.61022955738623,49.23173823185938,63.59938740316688,,,,1416.7862359290086,1331.13381996883,85.44478493528746,,,,4.933333333,1.6,eurostat,0.324324324
CHE,2025-10-01,5361.633806371461,4912.830483895563,448.3819790857967,,,,,,8.362786331,113.42618227553965,50.59075078325529,64.57580240421261,,,,1407.8251228911104,1326.1260876209687,82.0116088451285,,,,5.133333333,1.6,eurostat,0.311688312
CHE,2026-01-01,5374.845991611422,4927.890275028762,445.26769869927256,,,,,,8.284287576,123.22797617014974,53.03399035479555,67.72737224347675,,,,1412.6674446040008,1331.5298696984564,79.52382259185025,,,,,,,
CHL,2013-01-01,7981.550143249372,6184.916045832177,1789.9431022062604,4438.342151074768,3528.782903345616,899.6725266242179,13.0,42.775015952,22.426008358,719.3696562832923,508.58301693876865,210.11771233586597,401.7321609914514,296.7563487252984,99.30047978839116,1437.4794199337266,1384.1753735488608,50.13139402949405,780.5395996520467,763.1409253468523,16.20483462691633,,,,
CHL,2013-04-01,8040.097697433897,6223.357238453102,1821.5609163054,4455.451179302227,3550.4920302967776,908.470681763896,13.0,42.627220053,22.655955,680.025856118686,470.941322988609,206.53377191334587,365.1979415130551,272.26787037974447,98.20269514385835,1445.7452005219418,1374.0715733424852,59.51243831405114,783.0454276515817,762.3231920929302,18.021311788007488,,,,
CHL,2013-07-01,8046.563628820717,6206.141623924129,1842.3674662722185,4452.8752895473435,3525.0224849526858,928.7470050683705,13.0,42.568341497,22.896326323,670.7157550701312,466.4101249007626,203.4093575488251,366.3243066960227,270.0318076178381,94.82781646982086,1440.2126522526612,1388.7081031828438,63.29121727355407,780.4899411863544,763.8347183973742,19.405506927122502,,,,
CHL,2013-10-01,8085.330912009956,6214.369744427616,1868.7715119533784,4432.340846359762,3509.404872709621,928.6089424961175,13.0,42.168873431,23.113111044,648.9042334993585,448.9181123881445,200.87295833236385,354.75377297862906,259.08821244168456,95.88652866540414,1488.3395063111072,1421.564232578923,69.11428019491078,801.0740275969946,781.7731039367659,20.322514323413692,,,,
CHL,2014-01-01,8148.176138054416,6237.790654618726,1906.4451688241509,4491.921999565768,3525.320221252937,957.7744767280391,13.0,42.406110969,23.397201245,654.7186498290957,451.3421399782118,204.71041717237105,362.5044055357963,260.95020663904484,98.14452113708913,1506.760559432786,1430.6245868077035,74.30975649293018,816.3506434131291,791.022717946301,24.249388923340984,,,,
CHL,2014-04-01,8157.188511641301,6229.806029345817,1931.3805564719255,4458.394004060903,3511.4581682984162,951.2578506001064,13.0,42.043086835,23.677037177,695.2327260328215,488.91480447009775,203.9659934159557,373.8542093915531,282.09742117878494,96.96583994733159,1511.59333737277,1433.0674044265766,66.85728585564627,815.642443269714,788.4556752209148,23.291108943434583,,,,
CHL,2014-07-01,8123.133977102531,6241.3064857345735,1884.0441779875096,4458.668569405898,3524.843600988149,933.7920639740524,13.0,42.221943686,23.193562771,665.6590404041063,467.24779667512826,198.4256171322235,366.32226890721796,268.71518956381135,96.03818651718508,1566.5695912686303,1468.5114549394702,107.23322800364376,845.9986483413331,811.2706824474226,37.47410396864899,,,,
CHL,2014-10-01,8184.811100016136,6266.050081151519,1914.477474237557,4493.806529150194,3537.041845597393,958.3766579204025,13.0,42.234013845,23.390612817,678.9205617626126,476.8930001610055,202.27218846232935,374.72706689477326,275.3451616744448,99.52645929650316,1586.070494258336,1497.614834197513,90.91723853369936,859.1467395071952,825.8146238209109,34.1458629387055,,,,
CHL,2015-01-01,8225.88777938855,6316.782813304586,1906.155426231727,4508.705570943911,3556.854056315379,944.2295499426363,13.0,42.16244067,23.172640782,680.5096006334885,485.8760994064084,193.68650462162793,374.4060572463011,278.4775884564068,90.87119017266588,1628.9345927002394,1534.0224069429491,93.8790363581587,877.8240933276372,843.3825902805137,33.614722321903464,,,,
CHL,2015-04-01,8252.722113620886,6315.195079514068,1941.6694202785568,4510.536403934288,3552.5235009266185,963.6928236504058,13.0,42.04241146,23.527623898,674.7833634671094,476.0630469444231,196.37367355842363,365.0027257610304,273.0147563279709,97.17030494014978,1613.0222724400105,1489.4201791974497,112.22430225310671,859.1321590876428,816.1302183102937,40.55163577898824,,,,
CHL,2015-07-01,8336.296532598491,6382.345805323447,1955.527991540787,4551.36235975913,3581.093115210851,969.5297923464195,13.0,41.997641943,23.457994613,684.4797431493795,479.71649452518096,204.87278667388023,373.78163532232537,272.1419521679774,98.49052010952771,1643.9223465677946,1543.0212941750722,109.51213284376536,880.8283593386516,842.1654150283746,41.202117318373986,,,,
CHL,2015-10-01,8360.091983623552,6378.822109616474,1975.803953773101,4558.431257510363,3580.4476656037555,976.8021641733441,13.0,41.943145955,23.633758548,675.6322904771846,472.9985360624961,202.61195175161976,362.699000217058,267.3393011387602,95.49493919540004,1602.7809818514163,1498.374288238894,105.758199176994,861.6767733672232,821.8300665107952,38.941102758560994,,,,
CHL,2016-01-01,8357.851889949974,6375.018855250779,1982.434612967775,4552.8015904219465,3577.545405577567,969.5058680812657,13.0,41.902573959,23.719427421,686.2779775389732,484.2953340957664,202.2975528938178,376.305232485811,275.91749784627723,98.60567937122659,1586.9489998578524,1488.397777932182,98.25028571249224,850.6041805258444,815.2764875738037,34.829643617299624,,,,
CHL,2016-04-01,8375.776957669475,6362.041424935122,2018.3423464022785,4546.082295562566,3563.344221061892,989.9481833379963,13.0,41.751187966,24.097374567,707.9633963198382,503.95786414525327,202.02741545084703,383.95028490289053,290.4487552553942,96.14870880156515,1602.2362721788538,1502.9345493989654,90.66430364635104,859.6037942498699,823.0205368016584,33.222038170347524,,,,
CHL,2016-07-01,8411.128312977246,6359.978481868024,2048.5503556330978,4528.930776432254,3538.0001313359608,991.9186638227145,13.0,41.418853397,24.355238434,682.1423447798963,488.1777788394704,194.93463507446992,370.2140412545356,275.01127295355934,94.1496575637623,1596.6934738144566,1497.2285219140415,106.0901516559819,849.0958802382092,812.453456125829,38.59243136827309,,,,
CHL,2016-10-01,8427.354007916585,6369.177955534669,2054.4308889195104,4530.624100187402,3538.865344318577,987.4921505015911,13.0,41.354563466,24.378124937,694.9447474142024,499.10450231458685,194.459928053152,375.0707403659578,280.98314040606357,93.98202626371375,1622.0994204654464,1505.3932104354228,116.71882611615464,870.264030262197,828.0310130581358,42.17588574719464,,,,
CHL,2017-01-01,8487.361480758604,6358.688880691981,2131.3690271032037,4581.0459893328025,3536.820463670405,1041.6051554725816,13.0,41.519163974,25.112268777,683.704744665281,481.7479992591628,203.5234986682116,365.3926034320022,272.2873679517316,92.48299046171266,1636.189633820445,1518.494768777978,118.12071265868524,881.8014197676758,834.7752674439259,46.52162867753981,,,,
CHL,2017-04-01,8564.210519656554,6439.854398158805,2130.335604047125,4637.732781935338,3605.678514367775,1041.1434828121558,13.0,41.655757377,24.874862653,696.8365385188782,486.0514117847914,208.3784997488897,370.88527159770086,276.559627803747,95.1314694641795,1696.051228552861,1572.2999319495364,118.90136897416996,913.6397521518799,866.5056972994993,46.15991269971725,,,,
CHL,2017-07-01,8645.261570103747,6449.807077170186,2186.6112291626428,4670.129076091659,3603.8695274861125,1067.9068550614697,13.0,41.553479354,25.292597701,704.7257099495893,483.6614162655226,219.28296593413313,379.11729179415346,276.51661378286536,100.85371925841429,1706.5192833725805,1600.7440606554471,110.46818121218767,920.6608133992361,882.3138851991628,41.28304587345121,,,,
CHL,2017-10-01,8688.384456573101,6512.616042698828,2175.390335730307,4689.061623777714,3640.139087659503,1043.0843858232265,13.0,41.514858117,25.037915237,692.5127642650428,488.0546014217753,203.48370572863143,373.21295021170744,278.5760043613313,93.64538162986189,1711.7274315894404,1594.9557427831865,115.83350039446366,915.3896490398915,876.017303111792,39.1815469169112,,,,
CHL,2018-01-01,8766.188142279747,6602.367263914285,2164.469942800538,4739.95186320303,3683.0909054592184,1053.0857628070275,13.0,41.592956467,24.691118964,698.0683802559253,491.8803978841671,208.30067735065873,370.23138061592516,279.2196592957837,91.08461376514391,1722.8571019999088,1616.613501684794,105.15628750001348,927.8855219942375,889.3139251493922,36.713617536358754,,,,
CHL,2018-04-01,8797.745409847033,6647.691510627945,2157.272774274872,4752.4610290021465,3717.6154105065725,1041.3413712958204,13.0,41.553137568,24.520745643,697.0570719535496,487.5969893382607,207.71119384725847,369.42209187841445,276.33714336552157,92.81027347239389,1743.4460097518845,1633.3722401742973,108.86705731000394,932.8702688432924,894.8832282294916,38.70089530385503,,,,
CHL,2018-07-01,8743.797587929228,6584.821845939102,2147.8723116365795,4714.6900648170695,3674.4866825391496,1044.1811023145715,13.0,41.477225757,24.564524625,697.1969755220563,485.9362014846821,209.5555978879292,370.0187534925847,275.95258108182304,92.99761034673274,1739.5227952929474,1618.893294414611,122.3444557304048,932.146292743919,887.6925253331065,45.6519829495328,,,,
CHL,2018-10-01,8829.939797052288,6649.392306812437,2185.553341096962,4763.048162009378,3692.3513614464528,1067.9766337431658,13.0,41.493863897,24.751622223,685.652525210683,481.0226105525032,203.75708373704435,367.462934361539,274.6069066012985,93.34468417227978,1779.288275105541,1672.2002019266774,106.03184530110424,950.8293451570318,914.5008464054197,36.31213350933774,,,,
CHL,2019-01-01,8886.320663198336,6657.638926559823,2227.4869646751877,4794.130040908274,3715.387548425376,1074.764144338176,13.0,41.499654119,25.066470692,678.1107590395308,483.2155943031321,196.88192333322317,364.4848963200572,273.5285816967495,91.8694595349771,1804.5935188949177,1686.7426387813873,117.13508041598612,967.2360287915014,927.6423046188017,38.766718467703924,,,,
CHL,2019-04-01,8964.165679603671,6727.3324321729615,2246.1478432032127,4836.863638442211,3751.2119145219194,1090.8207759678348,13.0,41.50597468,25.056964847,684.5412887539198,492.8991925485697,191.19049892870748,369.9918406022746,280.04985041129476,89.151727231424,1860.8429321592007,1728.2050868040697,134.6731500498328,993.6549800689928,950.5469967436741,43.21929389151065,,,,
CHL,2019-07-01,9038.916709022737,6803.382576500151,2219.9201077832104,4858.4466021580465,3795.7912439313764,1066.4644491931688,13.0,41.346399545,24.559581411,689.8092486280676,496.5520491141203,192.138576892707,375.9874056930637,284.60008483652194,90.65609405374235,1881.284718180492,1747.073909594179,134.52040804973572,1009.6088225395354,960.6757719154472,50.228972948233064,,,,
CHL,2019-10-01,9002.298854372379,6781.002234622288,2230.375041958389,4817.493086900482,3768.9143113567957,1047.2639009178765,13.0,41.164639976,24.775616518,690.8276377280145,501.6319844217122,188.1980135479432,373.1491443429144,284.330592877835,89.44153419464413,1849.4684019609188,1710.4728792299568,136.10335734031668,994.0050848140149,942.2623143533422,51.943639687726254,,,,
CHL,2020-01-01,8885.978509868351,6748.649440564219,2130.5605637666495,4712.828984258111,3699.431847177356,1005.3314779659981,13.0,40.797454786,23.976656723,617.2698755656087,445.9583728370244,172.2932360990702,337.8356026452418,253.62653658862502,84.96128855260702,1785.6989253523147,1669.565864876672,115.84504995857516,948.317570609746,908.927235197093,38.27722715245345,,,,
CHL,2020-04-01,7162.234403729975,5703.654896960785,1469.214291553598,3859.9125132202935,3178.7238090915525,684.41100178233,13.0,41.455826553,20.513351124,500.4521126284021,366.5728731177622,134.22717589428376,273.41938165299456,206.69871067631223,66.24931279283527,1694.6913701040849,1625.7308100098574,69.67297614945008,918.6327673340148,893.116334812376,25.014588088106994,,,,
CHL,2020-07-01,7371.458388123907,5797.485924476264,1564.8149796511157,3949.140860103619,3219.3048072713627,735.1750303710118,13.0,41.2103074,21.228024324,515.2469234627251,384.5922819570841,130.28882396893076,279.54579824701153,214.30857666786235,65.1354174789076,1753.6873011130674,1674.389634035207,79.55140960510272,957.1586333762086,930.843534773004,28.091504069613325,,,,
CHL,2020-10-01,7935.138278822818,6133.916469712228,1811.0522575817383,4194.509250675462,3380.8566977464225,814.1036930173416,13.0,40.661491509,22.823197201,543.3841185014259,409.07936099300974,133.1717749529771,294.47080403503224,228.82421155880425,67.04441647301498,1800.7651099576383,1705.800297060696,93.59840972117637,978.1944243082885,943.1747906782526,35.15012134209492,,,,
CHL,2021-01-01,8112.378960930507,6183.765909194899,1918.7899154381769,4286.950185408153,3418.5229701806784,859.4077820146017,13.0,40.649654123,23.652616879,557.9975137989679,412.8996238854182,145.24723112163568,305.33195617203654,234.48569910585496,70.91090917690447,1775.9432545193454,1670.86146580511,105.01884920546766,970.1325619884736,927.890595729243,40.689016253665336,,,,
CHL,2021-04-01,8043.451063001545,6155.369692631413,1904.3153062039755,4277.717004653942,3404.154048005835,878.8727881202042,13.0,40.909698042,23.675351429,517.1911190698954,383.7914334914624,134.10811967934077,285.41457012253545,215.53834685780524,69.31110575884031,1743.1257134727937,1649.059861138944,95.35559624949396,950.5928372682649,912.9540833772719,38.44836781842862,,,,
CHL,2021-07-01,8368.217300209257,6334.196172326038,2016.1484918067592,4413.289392268734,3492.559911345578,926.4239842505032,13.0,40.568234216,24.092927077,518.5983961438783,381.6123075489394,135.98150153290348,282.37339192228984,214.35557497672053,67.93009637355671,1775.143578409578,1673.6045072221889,101.26657704442604,955.3104716764942,919.2005193295333,36.23884000910876,,,,
CHL,2021-10-01,8586.10617950971,6470.212330658062,2123.147277529718,4538.226744254447,3571.485870244539,963.7879797857339,13.0,40.658053563,24.72770815,519.1133317178171,375.6821237894883,143.39688473535367,281.59510554850567,211.13565619165172,69.68680128556313,1793.9890575826105,1689.3653232329914,104.09295448541891,965.634322131077,930.8397387466621,35.616770102575046,,,,
CHL,2022-01-01,8744.749822269005,6660.560035107338,2075.8496713972904,4623.215633369689,3663.355230481861,951.8590801561985,13.0,40.668055579,23.738239671,521.8354721882208,383.5899233169274,138.22183459200974,283.1934079396345,213.83251177562207,69.28399521933095,1843.934652165589,1736.9546267109563,106.12963987849172,1004.678165233114,964.6710093059926,38.207903101689794,,,,
CHL,2022-04-01,8830.317332135915,6708.665689344155,2141.548667035172,4697.332601710843,3709.5043177253237,995.321310496349,13.0,40.919625362,24.252227711,546.9493328678365,407.59560217665165,140.42032652234442,297.0759788570228,229.00717525098287,68.07141147876875,1830.662262024255,1715.6502163599762,116.41757530712364,986.2887409220036,946.6825316451536,40.574511647447565,,,,
CHL,2022-07-01,8856.723861347346,6716.954290575402,2121.476817372216,4704.405767439373,3708.9328569779245,999.7355832251187,13.0,40.859054927,23.953290749,556.5375503955213,407.1658433914155,148.11953381087588,302.5023063947869,227.56023501360798,73.33280572284457,1838.706967278445,1727.3785573322752,110.8649419291422,991.1238971233303,953.1857177999123,38.66878446530924,,,,
CHL,2022-10-01,8886.84501391467,6804.755949423093,2085.2186381713627,4702.515128369,3737.0898341465495,960.6126408307126,13.0,40.704201816,23.46410492,547.6157840398142,393.05303999787986,154.95781840514556,294.0115362155783,219.52860374570483,74.82905267714487,1849.9376669962664,1749.6722857673692,101.895997699536,997.0905328868622,964.1685830945086,34.91482414630816,,,,
CHL,2023-01-01,8946.78414505109,6792.658171981626,2148.2432285344426,4737.958647952165,3735.862491890422,996.7345375632023,13.0,40.736241271,24.011345235,548.3049374939466,387.2214044576343,161.95726521511415,293.37033401168776,215.84065445600282,77.81193352785175,1955.036007301619,1825.3336625524,127.9961007187025,1058.5355758565681,1009.9015520212137,46.441854296718255,,,,
CHL,2023-04-01,9019.366693935452,6872.473822857064,2167.59831680964,4773.956004180297,3783.7634054265504,998.7421598972469,13.0,40.715429076,24.032710836,536.8347747632587,382.15536854985527,154.9950842064197,288.22366222581866,210.35824513012116,76.23574520391695,1979.404759035631,1853.7952359230696,126.11373105788655,1070.070723813783,1025.6901333386777,45.162603170465886,,,,
CHL,2023-07-01,9060.625885795904,6913.211828207811,2132.480590402219,4796.2959543861225,3815.541108121368,985.3267460435886,13.0,40.719686178,23.53568746,540.2764243059358,382.37992856483146,155.36110109357645,289.0679919197046,212.61110701727335,75.88342405488685,1987.8278276010788,1871.7985551338677,115.10032188627788,1075.3893276972908,1031.9760349936075,42.11934821530771,,,,
CHL,2023-10-01,9146.924525359243,6962.748935069054,2182.2011555986787,4830.191034274914,3819.6010425349405,1000.3570881097753,13.0,40.620555625,23.857211782,545.8621964859619,393.5809727401492,152.71464622804763,294.7059819809375,218.5000498555553,76.37957024798081,1995.6917164922236,1883.050573567276,116.64047309711654,1078.2377588128616,1040.9218385884096,40.55740547407599,,,,
CHL,2024-01-01,9248.293100551047,7072.142309124143,2172.6967380452784,4879.431869836418,3873.5331822949147,1003.6439226816425,13.0,40.584885122,23.49294853,554.5643308450783,401.8930915647291,152.52837079504215,295.4894009337606,221.06006641698684,74.29603139070778,2029.6886880824752,1912.5269805794223,113.25520329253924,1095.5618478936776,1054.0368154566004,39.20109667266091,,,,
CHL,2024-04-01,9301.28891393607,7108.022555380066,2211.4092037308765,4874.18551043188,3868.9504549389776,1013.899178651129,13.0,40.310257043,23.775298501,555.5544265450147,404.24897788771904,152.43504623299177,293.82045320900414,222.61159048993312,73.18227485018136,2067.034552985183,1947.0560708667665,119.88167966942612,1110.1282023668514,1067.0089816557272,43.30546473844862,,,,
CHL,2024-07-01,9260.893278057374,7123.652302307392,2126.9815454179557,4813.137956435523,3847.7339033319386,969.0820491925016,13.0,39.979013919,22.96734755,553.6940830538043,400.8875623603198,150.66224603578232,291.7711327038443,218.18108383113483,73.05772874348364,2059.7512709962784,1933.6022615342297,125.4592419729516,1097.1831560312608,1050.1270812109178,45.45321371737121,,,,
CHL,2024-10-01,9240.014695650034,7121.882940167695,2114.9380484719286,4786.070091831614,3834.5554204435757,941.4716851273195,13.0,39.844009989,22.888903515,546.0057306787384,400.6788079096266,145.2460273442151,286.6471820992785,217.3207989775022,70.2566244396483,2102.6554408926368,1985.2840193275392,123.20662269645254,1117.163213473656,1079.0468989105373,43.4570402607272,,,,
CHL,2025-01-01,9326.56284120839,7156.379149494512,2166.3379332302047,4824.8952331628625,3855.183184383345,970.3594843269957,13.0,39.794487367,23.22761311,547.5325327393834,396.4803088836579,151.12693847589543,287.439555611387,216.4524456737644,70.97180027534372,2038.773605851845,1905.8923443112765,128.18132465860035,1085.42165449887,1038.2082469565123,45.01841247318496,,,,
CHL,2025-04-01,9295.497828305592,7188.8679937755205,2120.5237613740464,4784.6592358067755,3851.355121048925,939.9325088114351,13.0,39.594513091,22.81237434,544.3441213997571,383.6980713313,160.78907644912985,285.104898251987,208.33280759409985,75.53969165472188,2059.198308046017,1930.36540465769,128.3582293120784,1087.999570028642,1044.8997111500487,42.962152581866754,,,,
CHL,2025-07-01,9409.706108659324,7219.303248203289,2183.558038018484,4837.634484871613,3866.609424415521,974.0538757803662,13.0,39.547008728,23.205379773,540.0139264520125,402.1016923254669,136.5952053993847,283.03329132718443,218.07036519549953,64.90174528682319,2076.8753084797436,1929.313657023283,146.48083810173495,1098.4421014244676,1047.4580862000598,49.00792315607236,,,,
CHL,2025-10-01,9410.728871908308,7214.604724960226,2193.4515831522212,4835.170211727822,3863.1075788088015,963.0009004581459,13.0,39.522567826,23.307988287,539.3150601012669,395.890306593598,143.31590919532928,280.76094110086143,213.69919274459784,66.61636456403681,2082.1445668779056,1942.641146536448,145.7430360725274,1098.3398428268524,1052.6294289791736,49.99266559661787,,,,
CHL,2026-01-01,9367.280021351931,7155.225068132129,2206.825220888994,4780.237016817178,3813.395315743744,964.8814089443828,13.0,39.254782489,23.558868912,528.9774204109895,387.62028782575953,141.10101781767915,275.915716204841,208.4621792596231,66.18360636397556,2063.561023866714,1920.3182839802744,138.09919410380994,1095.3338202627176,1042.7044175117076,50.56092553939364,,,,
CRI,2010-07-01,1836.504205641876,1428.4401007243073,405.20316668845135,1013.4336654502684,801.6999852035951,213.2953443442837,0.25,42.448275133,22.063830044,192.22494467471483,150.5953791971957,42.65946433270783,113.66152888451381,92.32878197047647,22.44379895431721,289.70274553238374,270.10497358195,16.29267025180013,136.2002749455337,129.32348256321512,6.662242889160828,,,,
CRI,2010-10-01,1821.6905562077795,1433.4810901819742,391.3124028097152,1021.834124714399,811.724908952139,208.72116368300877,0.25,43.148176132,21.480728518,199.3788785140658,155.20426501037466,44.19827393589019,114.27866696689831,90.1811237327193,23.587599596711165,300.30399065523824,286.38647991159854,15.87271663782196,149.6052898401557,141.80961017512763,8.355176361591223,,,,
CRI,2011-01-01,1763.1842101519226,1384.8472532973667,375.9461899623977,1004.5416130473034,799.5863623457683,203.950977101491,0.25,43.825501231,21.322002987,185.8096093945504,133.93182094238304,51.38040224606062,109.71297921432948,81.68307632215883,28.279249140005565,298.06851510692024,280.8618216841447,18.604455209919298,155.4148471292847,149.72334626246854,5.805074048039732,,,,
CRI,2011-04-01,1747.4394227482571,1379.832022888948,369.5381616859564,997.6599376811894,789.4092702073228,208.85748631918682,0.25,43.917443506,21.147408996,185.1500502619883,135.54080990137675,49.6043073020888,111.27264627321907,82.44524679398089,28.45079685667603,293.2502114856553,278.0673319643565,14.893764914451364,146.23840188823445,139.9510768204686,6.273276866924276,,,,
CRI,2011-07-01,1811.8751002071997,1438.3928065832038,370.99659281757414,1041.6335868185422,839.530241200164,203.7215769277531,0.25,44.222507675,20.475837036,190.89728630133104,141.20026745070865,49.87919453222563,113.44152083902618,85.989261462098,28.086673672612644,285.89771954906837,269.0162504919427,13.998364244565929,147.81080048237428,141.2931968191793,6.262698062117187,,,,
CRI,2011-10-01,1868.400383290636,1494.684212144805,375.95945338405113,1071.3537162841722,863.5764137333416,205.64464917276962,0.25,44.108224911,20.12199616,195.26103492391744,146.5848169249943,48.94702367046688,114.16569910926098,87.55185327531039,25.95827191624169,301.26183591119,289.40231508546225,13.633921025916028,155.6591279191947,150.33092199081318,5.239850244823495,,,,
CRI,2012-01-01,1960.2876884638051,1559.2583334562191,398.8601217418086,1104.9328066676828,894.4775833906077,210.1467728576222,0.25,43.358345707,20.347019679,198.6193039555293,146.26835688751163,51.593164032765294,115.51523273876677,87.00304591944919,28.76327360921986,308.6061476605985,296.28984429195435,13.857948603751812,163.44265473993016,157.53776238388863,5.979985336557086,,,,
CRI,2012-04-01,1957.517934466254,1548.5289579007745,411.3151759476389,1113.2020013961744,898.5552736167904,215.6520346510253,0.25,43.744642987,21.012077014,197.96889066855607,151.5990192189195,46.545280966421714,114.86254742128536,89.99752401191056,24.54131410137637,309.42122923260445,291.8211765351183,17.102636989703203,164.30570133414253,158.10352600195506,6.1980867968756,,,,
CRI,2012-07-01,1960.0112957299068,1530.1579028661442,426.0797351995166,1094.0202983035952,865.6048969069822,229.715084465364,0.25,42.936184983,21.738636717,194.51355722426837,144.72240075924734,50.10515886745775,112.59359755306836,87.37300362676626,26.165197107147236,324.70312880704904,306.1886631557737,15.792834358536863,166.56399455317546,160.56737893904693,5.718453372660921,,,,
CRI,2012-10-01,1934.632522033696,1510.2677565170957,427.55924339387326,1068.4762228804375,840.2326063956426,226.7792813404135,0.25,42.483767717,22.100282019,192.86664947138232,144.15935477236954,48.97483080186805,112.00062761301739,86.14162926191733,25.22123317270259,301.87255853990087,293.14866863519546,10.281074125843553,152.9603678750745,148.08103009082933,4.631108265497454,,,,
CRI,2013-01-01,1938.1832512918336,1487.776429434491,449.4344823627904,1050.4785094289946,812.6061021627188,237.0989056976155,0.25,41.691640423,23.188441138,190.42439475850975,142.90809910845735,46.522420560766705,109.14593208312866,85.58285484978502,23.2332489776317,318.05642186550506,297.3528553773984,21.73098271094086,148.85723414046151,140.28233179720786,7.970013078620182,,,,
CRI,2013-04-01,1967.3900094734604,1507.095408379528,462.0530874002209,1071.560568382776,839.2356170251892,233.1087684874934,0.25,41.896998375,23.485586751,194.64253809562123,141.42238096420093,53.245147345130334,109.66670848209944,83.27855278198022,25.95930664048176,329.18839998326797,306.92394290192476,21.521949706242417,162.16706755712949,154.4947106592636,7.748695704336004,,,,
CRI,2013-07-01,1976.1811862422687,1494.4641991356073,477.06275108584606,1052.4670781019245,817.6591084886202,235.3681953574088,0.25,40.967400445,24.140638237,190.02064847063937,139.88715884043015,50.23288635610946,102.73242452879617,79.93743650044887,23.69872076406691,330.61365687924757,303.62594801491645,25.291853628311507,161.08262045037088,151.0090005876781,9.958682214098902,,,,
CRI,2013-10-01,2029.908807855298,1549.332693523022,483.6483533848845,1090.5670838320207,850.3439898560945,239.19526171928175,0.25,41.326869145,23.826112361,193.0370963250332,141.92482113361626,51.215461682739175,109.17693174216632,82.12947232286591,26.75188109574584,323.7937527311607,295.3683895481379,30.00567344159638,162.34355532623528,151.556914134386,11.482061777380535,,,,
CRI,2014-01-01,2041.9388877071724,1569.663505854474,472.51529472302144,1098.9591742098748,863.6431476350208,235.4856637451824,0.25,41.399535315,23.140520883,199.8293161152182,149.82694616938736,48.92364886852872,111.60253036192242,86.31474914917965,24.66514195942403,313.8452962642226,290.3983033977396,24.18854324127428,153.12894429012013,142.06923524793922,10.288343341293977,,,,
CRI,2014-04-01,2012.829121760955,1564.9782617857252,450.0710556046377,1072.6135024865914,853.5402104526628,219.84290516086597,0.25,40.991423499,22.360122414,207.82946589680392,151.15616208038784,56.63138430836341,113.00323146851304,85.82167215327796,26.94926769532074,299.8404630417741,283.8621471183416,15.443594977074646,142.60953761894697,136.81634955360283,5.690377479318235,,,,
CRI,2014-07-01,2018.721343310208,1567.0196217187613,445.8710565591898,1076.7093868611885,858.881264009389,217.48084066737644,0.25,41.02785125,22.086805494,225.03483326803988,168.7000684970333,56.772125584397926,120.06035692705726,93.4656810370416,27.290863809278594,296.41293550748964,280.45289267486186,15.093894472918755,150.59463499497292,145.07099477998514,5.446568910511462,,,,
CRI,2014-10-01,1994.8332533565067,1543.0409523447208,455.00969023959647,1059.4350298670277,839.8627068904925,218.74512701017184,0.25,40.853039802,22.809409733,241.83543229692907,174.6571473783437,67.05751514282738,129.3851224697074,98.17548270045504,31.341653402347696,295.3884437244025,279.67701906896355,16.57342705358113,145.66092682334144,137.79493548551437,7.933204825422122,,,,
CRI,2015-01-01,1997.5406726578633,1542.261772209647,456.4238357714067,1071.1849231596009,853.0497462650586,219.15732667146565,0.25,41.250143925,22.849288729,243.4098260994648,173.0823041703061,70.35709421708782,130.29876680509608,97.84475974605006,31.89495393354831,298.8890498234828,282.2903041978788,16.983751388769512,147.92814394098065,143.2422720599721,5.253742487944016,,,,
CRI,2015-04-01,2038.6544471153973,1572.6914590957365,467.3515661495365,1091.5272309941504,865.8440920999208,225.95988043138564,0.25,41.185809234,22.924511155,246.9953796250028,180.4827529898033,66.51688277937484,133.66672543167232,101.86496195469827,31.7914503560031,311.8809643942136,293.00321157876164,18.34436885531977,149.94744526802825,143.06293139264253,6.552356636617732,,,,
CRI,2015-07-01,2010.8487047173264,1572.8084258300598,431.8614496285205,1089.8529757365154,871.0180509679955,217.41298091740327,0.25,41.691273983,21.476575966,235.9724583263006,166.56232255658878,69.29489006827234,129.28362398612927,96.0062535112809,33.03189877418701,281.74737964722345,266.72600119324034,14.81044683327108,138.87066425264803,132.95112112675707,5.92696424896604,,,,
CRI,2015-10-01,1974.198276248915,1542.285102856393,436.0118003931527,1072.0686631709511,856.4224989638918,215.77550468622493,0.25,41.772308909,22.085512162,230.1903102594357,166.43318086496592,63.70696890171955,126.43309397409696,95.53239202763605,31.41853702687537,280.2516395408869,265.30351232577294,15.321190885680007,137.46849330295208,131.1036500508894,6.227782846568174,,,,
CRI,2016-01-01,1950.8840203758043,1540.04205266341,411.0949974910498,1029.00416958642,821.2359194504876,209.20343166437053,0.25,40.573486719,21.072241773,237.61120985329592,170.89298666681668,66.17939029433765,131.2425499965872,97.99104198074512,33.178463038271836,267.6872152800814,254.92117859560216,12.683177049439026,121.64807666139778,116.6799279332245,5.440487072440655,,,,
CRI,2016-04-01,1916.7075953331648,1510.1385375692066,407.29025907499215,1106.6696838196215,883.7315181748127,222.33136571668678,0.25,44.413888391,21.249472797,227.86533133373217,167.03252116126913,61.01202566146674,130.4181512022976,97.306902201533,32.851430051655925,272.01674148491145,256.60456720832826,15.3162330756421,146.5544968608411,139.41547082866572,6.4841794634647325,,,,
CRI,2016-07-01,1931.729261396743,1502.76177285838,423.0875308788771,1073.1146865179187,843.359199396836,227.6392687941107,0.25,42.732325501,21.902009735,230.44730196968803,167.1442209015174,63.38068622721021,130.78527271250735,97.5033219342044,32.71078205251146,284.5402767902465,265.61486742101005,19.017922029328115,138.36703660517455,131.91255238684508,6.476252621204681,,,,
CRI,2016-10-01,2007.1354620751672,1560.458194957897,452.9305548368708,1106.2344225249176,876.220203276446,231.60050463548035,0.25,42.396219481,22.566018258,228.5662243986243,160.14238423370134,68.43966956780169,124.2122411934432,90.7490938967828,34.01043694392476,293.1961162861119,276.1799538086489,16.98597555199989,147.6913032771476,141.4273811152321,6.181246975574047,,,,
CRI,2017-01-01,2027.9173196195288,1567.8842082020878,460.7751471806651,1123.026978130942,885.4665559554669,240.58849820402725,0.25,42.598724213,22.721594353,236.43371779063503,163.9752374474651,72.83889668145287,130.48155588948757,94.78198883745382,36.21915361011635,314.48848637032944,300.0081508010186,14.434273172158544,154.69406536239845,150.06765984783812,5.482700292085912,,,,
CRI,2017-04-01,2030.7358409858812,1559.085835906064,468.2785490788216,1094.1467144975277,863.7721682256613,227.70148125323624,0.25,41.445632753,23.059550121,235.6365438173296,157.2297664951403,77.96516340663518,129.29576103641872,90.94065944376163,37.733952032362076,312.69013071548835,292.66712347120745,19.75178849432745,150.18475131256173,142.6157071498066,6.762226932107946,,,,
CRI,2017-07-01,2032.7489306740413,1561.27971590878,466.8244532388055,1094.3333583961232,863.9653916296306,226.1046619153513,0.25,41.411650911,22.965180116,247.0035455553244,166.49971319786843,79.76251757262861,138.963044281188,98.65275715472798,39.553673131741256,307.0989797430386,293.3073827014722,14.356153762538272,146.438348960192,141.15716617851047,5.334692181615799,,,,
CRI,2017-10-01,1950.8268262066213,1522.80727342029,436.41332103149045,1081.137388661461,867.8743795232676,218.0985310803425,0.25,42.630341861,22.370684838,246.27887314908585,170.45716819383995,75.80531033049644,134.57409051644015,97.58449414099458,37.45191603437511,291.7118306869172,278.2410266761691,12.712037686786012,141.13018021941247,136.5681520299787,4.4610280234583035,,,,
CRI,2018-01-01,1978.295002345094,1516.9637398138225,461.64746628621737,1088.5454419709724,870.3156101981942,221.69792829418878,0.25,42.326480463,23.335623137,237.1346639537205,169.79670992082637,67.04911524855154,131.6636506813294,97.71003102265315,34.07423256535811,281.5216951687329,263.71983050361354,17.930474678664513,140.29339572060806,133.50464668522946,7.260723422588461,,,,
CRI,2018-04-01,2125.9733561593275,1600.9139386864629,516.9256487312623,1123.1642670837116,880.886775032652,237.8744121908528,0.25,40.638915377,24.3147755,251.6924897805626,183.22132352124947,67.67260824568885,139.8367009091287,106.19744034010112,33.15547080521896,277.8261000286948,260.04127781570094,17.42580725154389,139.02159894520457,132.03558403896355,6.17347480596561,,,,
CRI,2018-07-01,2096.827685595494,1605.7460715410075,488.71457470565207,1110.6904285141566,875.041994973101,228.65618239066606,0.25,40.746183321,23.307331263,259.1061440358682,188.9118025195265,70.94675687216282,140.44237426806365,107.63205518854592,33.289291371348305,279.0177903566032,262.6380385654567,17.019551443467286,137.16533922567064,130.82485391001995,6.385210639985752,,,,
CRI,2018-10-01,2118.1295881205924,1617.432606043618,512.3345778199439,1102.5794567398727,871.6371172667076,239.60965649048904,0.25,40.041839196,24.188065768,251.3463676847811,184.5491212265356,67.31832175758892,139.14651210276884,106.8286269444993,32.2624794814039,287.2764180491519,271.0074159913765,15.265362628466436,129.4896259763307,123.88642061693217,5.789738730628136,,,,
CRI,2019-01-01,2133.4136296057836,1621.7522274481937,511.38942971158616,1093.2050214224378,863.217173155392,234.2805812848729,0.25,39.416966681,23.970477296,253.86145702979735,184.383814480256,69.14736431151525,137.91847668214714,105.39631369933677,32.27189227429307,291.105803747421,275.8130300753808,15.701101775558303,136.73228025381354,131.03527992657033,6.02666756920568,,,,
CRI,2019-04-01,2145.70215247176,1591.4656286663758,541.7042114266656,1104.225129924233,858.4848148932706,239.870210588039,0.25,39.586293238,25.246011465,256.76470349260376,182.03835505608015,73.03917471619464,135.75302614927074,101.2491963512638,33.96861193066246,324.181311154873,304.93170092428915,18.471509801808462,161.8789063676602,155.1312580044863,5.854828720139528,,,,
CRI,2019-07-01,2120.588046941764,1570.195620810233,551.2034206393449,1099.136105188369,840.0007519012622,249.6936742382488,0.25,39.870511998,25.99295141,238.278106651587,173.6825113649727,65.59780418686347,125.42750395587058,97.85442080294965,28.744590582711925,335.4155961916802,314.75845099845674,22.170021902953213,164.12478223684084,154.83489332734015,9.25545950287276,,,,
CRI,2019-10-01,2127.0638518719397,1599.1648796146903,539.986421929057,1113.5264654079144,877.4062169165901,248.06672525063274,0.25,40.269539572,25.386469779,244.98994742243536,175.28359650300595,70.52114077966904,133.39357145766587,100.54023906451339,32.003809637194564,338.28985704212954,311.79437347955445,25.65565021735473,169.11126668692245,160.32732767339402,9.26656749204148,,,,
CRI,2020-01-01,2167.1889260655603,1616.5939291550185,551.1763978089964,1101.1911958234307,863.2511035178592,242.3884062129494,0.25,39.086123985,25.43278028,249.87269812961532,177.1178431380686,72.77057956340268,131.99316435829482,99.13118488665972,33.22681698535862,336.10682191032504,310.79605051170034,25.824329300415833,163.3571306844628,153.84082943941024,9.508840224201618,,,,
CRI,2020-04-01,1721.547751811148,1308.564904999729,401.04584125956023,778.683470839305,638.0999850869704,136.2764542927827,0.25,34.793533007,23.295655949,231.98664374871288,169.1112278606172,61.3080925609423,118.76561750548677,92.39855493385396,25.59441471872156,307.76089173603657,294.3534691463508,12.273173895333697,144.64143980458203,139.88633964107396,3.9839588046104026,,,,
CRI,2020-07-01,1800.138389261012,1294.940591640294,508.54935025951966,846.7471166329256,649.2910515927939,189.63795182681366,0.25,36.182992361,28.250569695,233.27753960478535,159.72630775665874,73.61245552920568,120.37116648575385,88.58499223838977,32.945660857396966,296.5589455340709,283.49305981691157,15.490963983116991,146.5664390625983,142.8113261265712,4.252853923046023,,,,
CRI,2020-10-01,1909.4690903794155,1422.841550946871,495.9622447847325,938.5691958040322,740.8569941955583,208.49041988107834,0.25,37.810316391,25.973829442,234.06051220448583,168.41524491930693,67.15057494365975,122.64233095606139,91.28630563631592,30.14400356991092,310.2332454549347,293.0982930839322,15.183457269349864,151.50634217721858,146.59493428817277,4.723224100731794,,,,
CRI,2021-01-01,1965.2222356971524,1437.758081126089,528.7920988451691,1016.996809222037,780.7257739277699,240.3909965326807,0.25,39.807469285,26.907496223,248.24493206496453,180.42384573592807,66.77879925987492,131.47612576180163,101.0835309622843,31.20403278451956,284.38656176073846,276.4205442373225,8.60409374344892,142.25564882388562,138.49357105362944,4.222913502319866,,,,
CRI,2021-04-01,1945.8646687444011,1435.9688578966038,495.17553508160194,995.0177478723363,776.2668533557919,213.1123686386547,0.25,39.334609436,25.447583433,218.29139356230044,152.2050082375912,64.7486290461841,118.81773807112295,86.80026962949086,30.84721905035205,279.3245309323399,266.2977379123869,11.65024729016718,134.51743800914346,128.58781825445516,5.2021935914304525,,,,
CRI,2021-07-01,2052.4922301046067,1532.5140693830203,525.5593284952703,1089.895612704829,843.0463810978771,236.5840489934698,0.25,40.846987299,25.605910745,224.27544997046945,160.47539983589647,64.33925600486663,118.17978834632844,89.8866469097746,29.40305364478325,320.18194349326416,310.2639742551961,13.500789496589702,165.78683931833368,161.82747073973715,4.64608555479103,,,,
CRI,2021-10-01,2063.575810817284,1514.617577330368,556.0133534623759,1072.5308037150012,835.9023451808063,247.9642867832224,0.25,39.980294925,26.944168978,226.06856833692157,165.80889541721027,61.87055986113224,121.88197040085018,91.72105899116136,29.313201877501246,299.32971633021657,281.95547061934747,15.587172758588348,153.1485218599383,147.96717672511738,5.046952608186706,,,,
CRI,2022-01-01,2075.9162113778793,1533.1932554468608,544.5538195904645,1110.3388507357192,854.9233397852638,259.2363442360032,0.25,41.143607029,26.231974904,210.83700040229257,151.0596868198532,58.97981817588987,113.4604038502267,86.13257718685236,28.52017176112302,310.5520158843752,293.8762570418943,16.58580038315462,167.35772333795475,162.3398756124464,5.428053999632679,,,,
CRI,2022-04-01,2140.6560510055274,1578.9108756769208,546.6433167575918,1155.585824585598,894.5785409767815,255.93174459799005,0.25,41.525221781,25.536251679,212.81928056273887,156.45139428379412,55.22567156685963,118.75734198812316,90.42040297646975,26.90135075994777,314.1067053761162,292.387695263213,19.723770287406992,162.5255333218643,156.31362203074755,5.140161867083247,,,,
CRI,2022-07-01,2144.9568339550574,1615.5020737648638,535.5690951082134,1163.195052111412,903.054850888079,251.15001058725744,0.25,41.714845284,24.968758654,211.95230302507755,159.25347066588262,53.33835720629545,116.73025879852452,90.84235162479297,26.27335614662075,290.11941775635063,274.54636235582984,18.98782036086527,150.98522395846183,144.3196773858156,7.416170541396797,,,,
CRI,2022-10-01,2132.0036168913607,1606.2122060267125,531.8899582416395,1148.113142302306,894.0337024722195,263.0222251532391,0.25,41.42413027,24.947891928,211.138194887806,160.23805370251876,52.75656436226223,115.32503235212853,89.69361468921441,25.58573563713166,283.0300885103601,268.0077048257299,13.076060959367164,146.3035705240589,141.49911758672377,4.703189635090425,,,,
CRI,2023-01-01,2077.572788255641,1590.1901519634885,488.797839297929,1117.0939183751184,881.8104979408711,238.1368735649027,0.25,41.360910144,23.527350862,216.24661870012545,160.21187411819864,54.504151101781254,119.20451446351731,92.91101469569134,27.846459820575404,287.5979882854346,274.8161626527143,12.417042968898402,142.29503185685266,137.59521259120902,4.99206700905327,,,,
CRI,2023-04-01,2118.9143741498806,1605.8441000689368,500.4140752564688,1137.9598669210852,890.700179676205,243.81912794725,0.25,41.311426005,23.616531246,217.30493681344672,154.80818460148927,61.73306948867705,124.78466084896512,91.02262087050362,32.051159294153,306.6209107603565,295.15088304561874,10.633583509131377,161.28209219159552,156.00724280481748,4.136504465238789,,,,
CRI,2023-07-01,2038.7479121927436,1562.2435329856326,480.882590243948,1117.9172817737583,878.2762824436784,233.9909135776943,0.25,42.179632188,23.587153045,214.29599951278624,153.12586210428148,61.460084976936216,121.58010868677447,89.94012327520394,31.024720876013966,297.1769725743315,291.3786481807021,9.06184786427079,155.47179514183162,152.7578712396157,3.532164872461128,,,,
CRI,2023-10-01,2054.0365897618194,1574.981364176574,483.9757695849386,1129.8938671973633,902.9695121820114,232.62654499567944,0.25,42.314198926,23.56217859,214.1842921961083,150.89389480023831,64.51111820643249,121.822235738112,89.3242946140467,33.09562620308897,337.56557153216846,321.3083415132111,14.208810533780769,174.8238581208342,169.83241233469602,4.844017838023576,,,,
CRI,2024-01-01,2138.476376362434,1612.9652968903645,527.8235286292762,1152.124692149316,909.4051242772846,244.4785423085996,0.25,41.443046694,24.682223964,202.70458990843835,140.80549504642426,61.11960449042711,110.86375962958589,82.37812155456372,29.98702776587572,333.05528449385577,314.5823968795954,17.262046720850986,171.869557353043,166.44556820641898,5.696883450013344,,,,
CRI,2024-04-01,2154.3306176437454,1613.671630535598,530.6431357797281,1161.896295617483,908.455841538377,251.4319381827634,0.25,41.486964625,24.631462387,213.94080784556857,155.6729962964513,57.64983953087425,119.59714545881992,89.6859569274429,28.253096467170906,321.48113453431876,304.84928634235314,15.58272250484845,168.9400140019706,161.567244769604,6.005637086603714,,,,
CRI,2024-07-01,2212.569863025794,1662.219191322555,554.2074703842171,1195.5460953147658,930.4866449074622,262.2828081905561,0.25,41.564827304,25.048134282,205.73245114146312,149.49560578670255,56.565157746154995,118.77972765567176,88.29392005289867,29.66297277120875,342.4561616792986,325.89201811955235,20.301843742332753,176.8917678364263,171.13034459418344,6.872940824822923,,,,
CRI,2024-10-01,2211.745458373756,1644.861322943485,569.0938220431285,1181.9824305188731,915.9011783070863,268.1872491117185,0.25,41.108584661,25.730529699,193.48311612970463,140.01790567554673,54.60471093268334,110.88418172949885,82.55795580580741,29.211194359336254,337.20335920366136,321.6975924344507,13.778272393998074,172.3054107652304,166.35298939213126,6.004567239062946,,,,
CRI,2025-01-01,2196.9582386060374,1651.514927465542,548.2445906635279,1200.8097998924443,936.6081513739992,265.6788307721618,0.25,42.04448814,24.95471152,204.01117729013887,143.4799542150311,59.71987488707506,116.33226799389327,85.21212689123351,32.34350620254457,350.76995937544274,334.4786534817211,14.86085552890058,181.85794867131546,175.74503066299084,6.244152081057235,,,,
CRI,2025-04-01,2166.3608229854012,1618.337848251695,539.1487316106043,1177.211237681392,919.1095449972302,256.732344025234,0.25,41.800382296,24.88730067,190.70649521696495,138.4617693630892,51.74260266207497,109.30331376316555,82.09750187945338,25.9854641380829,351.1893394763604,333.2169590269056,17.01434318564743,186.16023493994769,175.90435350672414,8.631244656372546,,,,
CRI,2025-07-01,2173.3471152003126,1623.2623041700729,553.1861648687127,1185.464883289729,917.7511822885234,266.53348657167294,0.25,41.958141785,25.453189737,196.7994865117978,142.53984166109058,54.50811888898032,112.16937051609273,83.47294898467788,28.02794805400291,343.76820984128074,331.3721931689457,16.010271454384,183.05481682162608,175.89731630001054,8.332443330305527,,,,
CRI,2025-10-01,2165.771236964144,1638.516400637739,530.5289326887239,1189.4795871704189,931.1383437577183,259.471613531194,0.25,42.247504363,24.496074361,194.6568386079696,140.28456288889893,55.232110006673565,110.31121679495136,81.9070914677722,29.109480268635725,343.6748485233374,321.8651291017491,21.035044624348537,179.79554265816606,170.93637047044248,9.343527022341569,,,,
CRI,2026-01-01,2139.1699041285397,1592.881315422734,548.831512828948,1184.7822598808325,917.190434710244,268.545832583257,0.25,42.603954337,25.656284326,197.08076647512073,139.66034383181997,56.71597882793468,112.07740536382454,83.41600543065185,29.63925335197531,349.2526786040387,327.57596387175187,19.811647585046565,188.11482157201132,178.6012339617002,9.341958966118014,,,,
CYP,2009-01-01,,,,,,,,,,,,,,,,,,,,,,4.133333333,2.4,eurostat,0.580645161
CYP,2009-04-01,,,,,,,,,,,,,,,,,,,,,,5.433333333,2.6,eurostat,0.478527607
CYP,2009-07-01,,,,,,,,,,,,,,,,,,,,,,5.6,2.7,eurostat,0.482142857
CYP,2009-10-01,,,,,,,,,,,,,,,,,,,,,,6.4,2.2,eurostat,0.34375
CYP,2010-01-01,,,,,,,,,,,,,,,,,,,,,,6.4,1.6,eurostat,0.25
CYP,2010-04-01,,,,,,,,,,,,,,,,,,,,,,6.533333333,1.8,eurostat,0.275510204
CYP,2010-07-01,,,,,,,,,,,,,,,,,,,,,,6.166666667,1.6,eurostat,0.259459459
CYP,2010-10-01,,,,,,,,,,,,,,,,,,,,,,6.066666667,1.5,eurostat,0.247252747
CYP,2011-01-01,,,,,,,,,,,,,,,,,,,,,,6.566666667,1.5,eurostat,0.228426396
CYP,2011-04-01,,,,,,,,,,,,,,,,,,,,,,7.366666667,1.3,eurostat,0.176470588
CYP,2011-07-01,,,,,,,,,,,,,,,,,,,,,,8.166666667,0.8,eurostat,0.097959184
CYP,2011-10-01,,,,,,,,,,,,,,,,,,,,,,9.533333333,0.9,eurostat,0.094405594
CYP,2012-01-01,,,,,,,,,,,,,,,,,,,,,,10.166666667,0.6,eurostat,0.059016393
CYP,2012-04-01,,,,,,,,,,,,,,,,,,,,,,11.566666667,0.7,eurostat,0.060518732
CYP,2012-07-01,,,,,,,,,,,,,,,,,,,,,,12.4,0.3,eurostat,0.024193548
CYP,2012-10-01,,,,,,,,,,,,,,,,,,,,,,13.266666667,0.9,eurostat,0.067839196
CYP,2013-01-01,,,,,,,,,,,,,,,,,,,,,,14.8,0.1,eurostat,0.006756757
CYP,2013-04-01,,,,,,,,,,,,,,,,,,,,,,15.9,0.6,eurostat,0.037735849
CYP,2013-07-01,,,,,,,,,,,,,,,,,,,,,,16.533333333,0.3,eurostat,0.018145161
CYP,2013-10-01,,,,,,,,,,,,,,,,,,,,,,16.433333333,0.7,eurostat,0.042596349
CYP,2014-01-01,,,,,,,,,,,,,,,,,,,,,,15.833333333,0.9,eurostat,0.056842105
CYP,2014-04-01,,,,,,,,,,,,,,,,,,,,,,16.066666667,1.0,eurostat,0.062240664
CYP,2014-07-01,,,,,,,,,,,,,,,,,,,,,,16.3,0.2,eurostat,0.012269939
CYP,2014-10-01,,,,,,,,,,,,,,,,,,,,,,16.4,0.7,eurostat,0.042682927
CYP,2015-01-01,,,,,,,,,,,,,,,,,,,,,,16.466666667,0.9,eurostat,0.05465587
CYP,2015-04-01,,,,,,,,,,,,,,,,,,,,,,15.233333333,0.9,eurostat,0.059080963
CYP,2015-07-01,,,,,,,,,,,,,,,,,,,,,,14.866666667,0.7,eurostat,0.047085202
CYP,2015-10-01,,,,,,,,,,,,,,,,,,,,,,13.133333333,1.1,eurostat,0.083756345
CYP,2016-01-01,,,,,,,,,,,,,,,,,,,,,,12.9,0.9,eurostat,0.069767442
CYP,2016-04-01,,,,,,,,,,,,,,,,,,,,,,12.8,0.9,eurostat,0.0703125
CYP,2016-07-01,,,,,,,,,,,,,,,,,,,,,,13.166666667,1.4,eurostat,0.106329114
CYP,2016-10-01,,,,,,,,,,,,,,,,,,,,,,13.166666667,1.0,eurostat,0.075949367
CYP,2017-01-01,,,,,,,,,,,,,,,,,,,,,,12.433333333,0.9,eurostat,0.072386059
CYP,2017-04-01,,,,,,,,,,,,,,,,,,,,,,11.366666667,0.7,eurostat,0.061583578
CYP,2017-07-01,,,,,,,,,,,,,,,,,,,,,,10.266666667,1.3,eurostat,0.126623377
CYP,2017-10-01,,,,,,,,,,,,,,,,,,,,,,10.433333333,1.4,eurostat,0.134185304
CYP,2018-01-01,,,,,,,,,,,,,,,,,,,,,,9.666666667,1.0,eurostat,0.103448276
CYP,2018-04-01,,,,,,,,,,,,,,,,,,,,,,8.033333333,1.3,eurostat,0.161825726
CYP,2018-07-01,,,,,,,,,,,,,,,,,,,,,,8.1,2.1,eurostat,0.259259259
CYP,2018-10-01,,,,,,,,,,,,,,,,,,,,,,7.866666667,1.3,eurostat,0.165254237
CYP,2019-01-01,,,,,,,,,,,,,,,,,,,,,,7.933333333,1.8,eurostat,0.226890756
CYP,2019-04-01,,,,,,,,,,,,,,,,,,,,,,7.266666667,1.6,eurostat,0.220183486
CYP,2019-07-01,,,,,,,,,,,,,,,,,,,,,,7.0,1.9,eurostat,0.271428571
CYP,2019-10-01,,,,,,,,,,,,,,,,,,,,,,6.433333333,1.7,eurostat,0.264248705
CYP,2020-01-01,,,,,,,,,,,,,,,,,,,,,,6.7,1.9,eurostat,0.28358209
CYP,2020-04-01,,,,,,,,,,,,,,,,,,,,,,7.4,1.0,eurostat,0.135135135
CYP,2020-07-01,,,,,,,,,,,,,,,,,,,,,,8.2,1.6,eurostat,0.195121951
CYP,2020-10-01,,,,,,,,,,,,,,,,,,,,,,8.066666667,1.6,eurostat,0.198347107
CYP,2021-01-01,,,,,,,,,,,,,,,,,,,,,,7.833333333,1.9,eurostat,0.242553191
CYP,2021-04-01,,,,,,,,,,,,,,,,,,,,,,8.0,2.4,eurostat,0.3
CYP,2021-07-01,,,,,,,,,,,,,,,,,,,,,,6.633333333,2.2,eurostat,0.331658291
CYP,2021-10-01,,,,,,,,,,,,,,,,,,,,,,6.266666667,2.7,eurostat,0.430851064
CYP,2022-01-01,,,,,,,,,,,,,,,,,,,,,,5.8,3.1,eurostat,0.534482759
CYP,2022-04-01,,,,,,,,,,,,,,,,,,,,,,6.433333333,2.6,eurostat,0.404145078
CYP,2022-07-01,,,,,,,,,,,,,,,,,,,,,,6.333333333,2.1,eurostat,0.331578947
CYP,2022-10-01,,,,,,,,,,,,,,,,,,,,,,6.5,2.2,eurostat,0.338461538
CYP,2023-01-01,,,,,,,,,,,,,,,,,,,,,,6.2,2.7,eurostat,0.435483871
CYP,2023-04-01,,,,,,,,,,,,,,,,,,,,,,5.766666667,2.8,eurostat,0.485549133
CYP,2023-07-01,,,,,,,,,,,,,,,,,,,,,,5.7,2.8,eurostat,0.49122807
CYP,2023-10-01,,,,,,,,,,,,,,,,,,,,,,5.4,3.0,eurostat,0.555555556
CYP,2024-01-01,,,,,,,,,,,,,,,,,,,,,,5.2,2.9,eurostat,0.557692308
CYP,2024-04-01,,,,,,,,,,,,,,,,,,,,,,4.8,2.9,eurostat,0.604166667
CYP,2024-07-01,,,,,,,,,,,,,,,,,,,,,,4.633333333,3.4,eurostat,0.73381295
CYP,2024-10-01,,,,,,,,,,,,,,,,,,,,,,4.6,3.1,eurostat,0.673913043
CYP,2025-01-01,,,,,,,,,,,,,,,,,,,,,,4.533333333,2.8,eurostat,0.617647059
CYP,2025-04-01,,,,,,,,,,,,,,,,,,,,,,4.5,3.2,eurostat,0.711111111
CYP,2025-07-01,,,,,,,,,,,,,,,,,,,,,,4.366666667,2.9,eurostat,0.664122137
CYP,2025-10-01,,,,,,,,,,,,,,,,,,,,,,4.066666667,3.0,eurostat,0.737704918
CZE,1995-01-01,5127.8,4538.0,589.8,2336.4,1977.4,359.0,1.0,35.048768853,11.502008659,271.7,236.4,35.3,135.1,110.3,24.8,902.8,879.3,23.5,399.2,385.0,14.2,,,,
CZE,1995-04-01,5103.2,4501.7,601.5,2320.8,1957.7,363.1,1.0,34.982575036,11.786722057,270.7,234.6,36.0,132.5,107.7,24.8,902.2,878.3,23.9,398.0,384.0,14.0,,,,
CZE,1995-07-01,5094.9,4488.2,606.7,2345.6,1976.5,369.0,1.0,35.413996198,11.907986418,269.6,233.2,36.4,132.6,107.8,24.8,901.5,877.3,24.2,399.2,384.8,14.4,,,,
CZE,1995-10-01,5096.3,4487.2,609.1,2324.6,1956.5,368.1,1.0,35.08729561,11.951808175,268.1,231.7,36.3,130.6,105.8,24.9,900.9,876.7,24.2,397.2,382.8,14.4,,,,
CZE,1996-01-01,5177.5,4564.9,612.6,2359.7,1984.3,375.4,1.0,35.058500167,11.831965234,271.7,235.5,36.2,133.3,108.0,25.3,903.9,879.4,24.5,399.3,384.7,14.6,,,,
CZE,1996-04-01,5125.6,4515.1,610.5,2333.8,1962.7,371.1,1.0,35.024792595,11.910800687,268.9,232.9,36.0,132.3,107.3,25.0,900.3,875.9,24.4,397.6,383.0,14.6,,,,
CZE,1996-07-01,5111.9,4499.1,612.8,2340.5,1964.4,376.0,1.0,35.219480338,11.98771494,267.1,231.2,35.9,130.8,105.8,25.0,899.8,875.3,24.5,396.5,382.0,14.4,,,,
CZE,1996-10-01,5112.9,4500.5,612.4,2332.0,1956.9,375.1,1.0,35.084710318,11.977546989,265.5,229.6,36.0,130.3,105.7,24.6,898.4,874.0,24.4,396.1,382.1,14.0,,,,
CZE,1997-01-01,5150.6,4536.4,614.1,2348.3,1971.7,376.6,1.0,35.071343443,11.922882771,254.9,218.9,36.0,125.5,100.9,24.5,894.8,870.2,24.5,395.0,381.1,13.9,,,,
CZE,1997-04-01,5099.9,4488.0,611.9,2314.2,1942.2,372.0,1.0,34.9056618,11.998274476,252.2,216.4,35.8,123.6,99.4,24.1,890.3,866.0,24.3,389.5,376.2,13.4,,,,
CZE,1997-07-01,5071.9,4456.0,615.9,2341.5,1959.5,382.1,1.0,35.512408489,12.143378221,249.7,213.8,35.9,122.5,98.5,24.0,886.1,861.6,24.5,392.8,378.8,13.9,,,,
CZE,1997-10-01,5061.5,4436.9,624.6,2338.4,1954.6,383.8,1.0,35.538263969,12.340215351,247.7,211.3,36.4,124.4,99.7,24.7,881.1,856.3,24.8,388.5,374.1,14.4,,,,
CZE,1998-01-01,5060.4,4410.0,650.4,2295.4,1898.3,397.0,1.0,34.892346607,12.852738914,256.1,218.2,37.8,125.1,100.5,24.6,875.9,850.8,25.1,379.3,366.0,13.2,,,,
CZE,1998-04-01,5025.4,4361.8,663.6,2355.4,1942.5,412.9,1.0,36.053769926,13.204919011,254.2,215.6,38.6,126.3,101.4,24.9,870.8,845.3,25.5,380.6,367.3,13.3,,,,
CZE,1998-07-01,4978.7,4298.0,680.8,2310.1,1892.6,417.5,1.0,35.692048125,13.674252315,251.0,211.6,39.4,121.8,96.3,25.5,860.3,834.1,26.2,374.6,360.6,14.0,,,,
CZE,1998-10-01,4965.8,4275.0,690.8,2335.9,1905.8,430.1,1.0,36.184424541,13.911152282,248.4,208.3,40.1,124.6,98.2,26.5,854.6,828.0,26.5,374.2,359.9,14.3,,,,
CZE,1999-01-01,4938.8,4239.7,699.2,2328.1,1896.9,431.3,1.0,36.260754715,14.15728517,234.7,194.4,40.3,115.8,89.0,26.8,866.0,838.0,27.9,387.1,372.5,14.6,,,,
CZE,1999-04-01,4901.0,4204.3,696.7,2319.3,1883.5,435.9,1.0,36.402304082,14.215466231,232.4,192.3,40.1,116.4,89.9,26.6,861.9,834.1,27.8,382.2,366.4,15.8,,,,
CZE,1999-07-01,4879.2,4189.4,689.8,2278.6,1851.8,426.8,1.0,35.923291334,14.137563535,229.4,190.3,39.1,116.4,90.4,26.0,859.9,832.5,27.4,376.6,361.4,15.2,,,,
CZE,1999-10-01,4879.8,4184.5,695.2,2282.3,1847.0,435.3,1.0,35.97719957,14.246485512,228.4,188.5,39.9,112.5,85.9,26.6,856.8,829.2,27.6,376.5,361.0,15.5,,,,
CZE,2000-01-01,4860.8,4166.1,694.7,2281.5,1847.5,434.0,1.0,36.105167874,14.291886109,227.6,187.1,40.6,113.5,85.5,28.0,868.1,840.1,27.9,388.2,372.3,16.0,,,,
CZE,2000-04-01,4853.1,4152.3,700.8,2312.4,1869.9,442.5,1.0,36.652227046,14.440254683,227.3,186.4,40.9,116.0,86.6,29.5,868.1,839.9,28.1,391.0,374.7,16.3,,,,
CZE,2000-07-01,4857.2,4148.0,709.2,2311.4,1864.3,447.2,1.0,36.605451701,14.601004694,226.1,185.2,40.9,117.6,87.6,30.0,867.3,839.0,28.3,389.6,373.4,16.3,,,,
CZE,2000-10-01,4866.3,4153.3,713.0,2338.4,1879.9,458.5,1.0,36.963796535,14.651788833,224.7,183.4,41.3,117.9,87.7,30.2,867.3,838.9,28.4,388.4,371.7,16.8,,,,
CZE,2001-01-01,4857.4,4143.4,714.1,2255.7,1808.8,446.9,1.0,35.721864499,14.70128052,228.3,187.9,40.5,113.6,85.6,28.1,867.4,840.9,26.5,376.0,360.9,15.1,,,,
CZE,2001-04-01,4828.4,4121.5,706.9,2215.6,1774.9,440.7,1.0,35.297566322,14.640460608,227.1,187.4,39.7,111.6,83.5,28.1,864.0,837.9,26.1,369.9,355.1,14.8,,,,
CZE,2001-07-01,4850.8,4146.4,704.4,2214.8,1777.8,437.0,1.0,35.121883147,14.521316072,227.2,187.7,39.5,110.6,82.5,28.0,868.5,842.7,25.8,365.0,350.8,14.2,,,,
CZE,2001-10-01,4848.8,4154.0,694.9,2158.2,1737.2,421.0,1.0,34.238447578,14.33138096,223.6,185.3,38.3,106.0,80.3,25.7,868.8,843.7,25.2,362.7,349.0,13.7,,,,
CZE,2002-01-01,4836.7,4112.1,724.5,2213.2,1767.6,445.6,1.0,35.198824373,14.97922137,191.1,153.2,37.8,95.3,69.7,25.6,870.6,846.2,24.4,370.9,357.4,13.5,,,,
CZE,2002-04-01,4889.9,4145.5,744.4,2210.8,1761.2,449.7,1.0,34.778121937,15.223215199,193.7,154.9,38.8,93.6,68.6,25.0,878.6,853.6,25.0,370.8,357.3,13.5,,,,
CZE,2002-07-01,4886.9,4122.8,764.0,2208.4,1751.3,457.1,1.0,34.761694137,15.633632773,192.8,153.3,39.5,92.0,67.3,24.6,873.9,848.5,25.5,371.5,358.3,13.3,,,,
CZE,2002-10-01,4893.6,4112.3,781.3,2201.4,1734.4,466.9,1.0,34.60406685,15.965751185,191.5,151.2,40.4,90.9,65.3,25.6,871.5,845.5,25.9,369.6,356.3,13.3,,,,
CZE,2003-01-01,4868.0,4066.9,801.1,2181.2,1706.5,474.8,1.0,34.46684786,16.456450288,187.7,149.2,38.5,92.3,65.7,26.6,883.1,856.9,26.3,366.3,353.0,13.2,,,,
CZE,2003-04-01,4831.6,4023.2,808.5,2170.8,1689.9,480.9,1.0,34.560935381,16.733587217,186.9,148.3,38.5,89.6,62.9,26.8,873.8,847.4,26.4,365.3,351.9,13.4,,,,
CZE,2003-07-01,4824.1,4026.0,798.0,2177.4,1697.2,480.2,1.0,34.719907898,16.541945648,185.8,147.8,38.0,91.2,64.1,27.1,872.4,846.6,25.8,365.1,351.9,13.2,,,,
CZE,2003-10-01,4828.5,4024.1,804.5,2171.3,1691.1,480.1,1.0,34.591089764,16.661489075,183.5,145.7,37.8,88.7,62.5,26.2,871.6,845.8,25.9,363.3,350.0,13.3,,,,
CZE,2004-01-01,4817.0,4024.5,792.5,2160.0,1690.3,469.7,1.0,34.493221124,16.45214864,191.7,152.2,39.5,90.1,64.9,25.2,857.4,833.0,24.4,360.2,348.3,11.9,,,,
CZE,2004-04-01,4821.4,4044.3,777.1,2191.9,1725.9,466.0,1.0,34.970691564,16.117725142,191.2,152.9,38.3,92.8,67.8,25.0,861.0,837.2,23.7,362.1,349.8,12.3,,,,
CZE,2004-07-01,4830.6,4057.8,772.8,2175.3,1717.6,457.7,1.0,34.639748526,15.998012669,190.1,151.8,38.2,90.5,66.3,24.2,862.3,838.8,23.5,361.4,349.2,12.2,,,,
CZE,2004-10-01,4846.5,4084.9,761.6,2193.2,1745.5,447.7,1.0,34.810211969,15.714433096,187.8,150.8,36.9,89.7,65.4,24.3,866.5,843.5,23.0,364.1,352.6,11.6,,,,
CZE,2005-01-01,4891.5,4142.5,749.0,2210.4,1776.4,434.0,1.0,34.760455736,15.312276398,183.0,148.0,35.1,88.1,65.3,22.8,870.6,847.1,23.5,365.7,353.5,12.2,,,,
CZE,2005-04-01,4904.4,4157.8,746.6,2216.5,1783.7,432.8,1.0,34.764701085,15.223065003,182.3,147.6,34.6,88.5,65.6,22.8,874.2,850.9,23.3,368.0,355.6,12.5,,,,
CZE,2005-07-01,4942.5,4204.5,738.0,2215.8,1790.0,425.8,1.0,34.485817672,14.931714719,180.8,146.5,34.4,86.7,63.8,22.9,882.6,859.6,22.9,366.9,354.9,12.0,,,,
CZE,2005-10-01,4952.2,4216.4,735.7,2207.9,1786.9,421.0,1.0,34.295557841,14.856023585,178.9,145.3,33.6,85.8,63.8,22.1,883.5,860.9,22.6,365.8,353.6,12.2,,,,
CZE,2006-01-01,4974.0,4227.3,746.7,2226.8,1798.3,428.5,1.0,34.437536729,15.012062726,177.2,143.7,33.5,84.5,63.2,21.3,892.7,865.6,27.1,371.6,357.5,14.1,,,,
CZE,2006-04-01,4976.8,4222.8,754.0,2215.2,1786.2,429.0,1.0,34.238868349,15.15029738,176.5,142.8,33.7,83.0,61.6,21.4,892.4,865.0,27.4,369.5,355.5,14.0,,,,
CZE,2006-07-01,4987.5,4229.1,758.4,2240.4,1804.4,436.0,1.0,34.554077501,15.206015038,176.0,141.7,34.3,83.6,62.0,21.6,891.3,864.0,27.3,370.9,356.9,14.0,,,,
CZE,2006-10-01,5017.6,4257.2,760.5,2250.9,1814.5,436.4,1.0,34.507763442,15.156648597,173.2,139.5,33.7,84.9,62.7,22.2,896.7,869.4,27.3,373.5,359.2,14.3,,,,
CZE,2007-01-01,5061.1,4298.0,763.1,2257.9,1820.2,437.7,1.0,34.317562464,15.077749896,170.3,132.2,38.2,83.7,58.4,25.3,888.7,855.5,33.3,369.6,353.0,16.6,,,,
CZE,2007-04-01,5085.5,4323.0,762.5,2253.0,1824.3,428.7,1.0,34.078791133,14.993609281,170.6,132.6,38.0,83.1,58.3,24.8,905.1,871.7,33.4,371.8,355.3,16.5,,,,
CZE,2007-07-01,5103.5,4337.4,766.1,2263.3,1835.5,427.8,1.0,34.113843441,15.011266778,170.8,132.5,38.3,84.1,58.8,25.3,912.3,879.1,33.2,375.6,358.7,16.9,,,,
CZE,2007-10-01,5122.4,4360.8,761.6,2272.2,1848.6,423.6,1.0,34.12162568,14.868030611,170.1,132.3,37.8,82.6,58.2,24.5,913.4,880.4,33.0,375.9,359.3,16.7,,,,
CZE,2008-01-01,5175.0,4415.2,759.9,2295.3,1867.8,427.5,1.0,34.118171683,14.684057971,170.8,134.0,36.8,83.3,59.3,24.0,910.6,875.8,34.8,381.1,364.3,16.7,4.533333333,3.4,eurostat,0.75
CZE,2008-04-01,5193.6,4434.4,759.2,2314.1,1888.7,425.4,1.0,34.274432438,14.617991374,171.5,134.7,36.8,83.3,59.7,23.6,913.1,878.3,34.9,381.7,364.5,17.2,4.333333333,3.3,eurostat,0.761538462
CZE,2008-07-01,5215.2,4457.3,758.0,2331.9,1907.9,424.0,1.0,34.395022833,14.534437797,170.5,133.9,36.6,82.8,59.0,23.8,914.1,879.6,34.5,382.2,365.9,16.3,4.266666667,3.2,eurostat,0.75
CZE,2008-10-01,5232.4,4473.1,759.4,2349.7,1918.4,431.3,1.0,34.543642276,14.513416405,167.3,130.3,37.0,82.2,58.3,23.9,916.7,882.1,34.6,384.0,367.1,16.9,4.466666667,2.8,eurostat,0.626865672
CZE,2009-01-01,5179.6,4401.8,777.8,2271.3,1848.5,422.8,1.0,33.731443474,15.016603599,172.3,130.7,41.6,82.9,58.1,24.8,908.1,875.7,32.5,379.6,364.8,14.8,5.6,1.6,eurostat,0.285714286
CZE,2009-04-01,5117.3,4345.4,771.9,2281.4,1858.5,422.9,1.0,34.293926034,15.084126395,169.5,128.1,41.4,81.7,56.9,24.7,907.0,874.6,32.3,383.6,369.5,14.2,6.5,1.1,eurostat,0.169230769
CZE,2009-07-01,5076.6,4301.7,775.0,2277.8,1857.5,420.3,1.0,34.514317578,15.266122996,168.0,126.5,41.5,79.6,55.5,24.0,903.8,871.8,32.0,385.3,371.1,14.2,7.266666667,1.0,eurostat,0.137614679
CZE,2009-10-01,5066.8,4295.6,771.3,2272.1,1853.6,418.5,1.0,34.494537593,15.22262572,168.6,126.7,41.9,81.8,55.6,26.3,899.7,867.8,31.8,384.7,370.7,14.0,7.4,0.9,eurostat,0.121621622
CZE,2010-01-01,5040.4,4239.6,800.8,2279.6,1854.1,425.4,1.0,34.789668708,15.887627966,154.4,112.3,42.1,76.5,52.1,24.4,905.4,875.4,29.9,386.7,372.9,13.8,7.766666667,0.8,eurostat,0.103004292
CZE,2010-04-01,5054.7,4249.7,804.9,2269.9,1836.5,433.4,1.0,34.543631137,15.923793697,155.1,112.2,43.0,76.2,50.7,25.6,903.1,872.7,30.3,383.0,368.9,14.1,7.333333333,0.8,eurostat,0.109090909
CZE,2010-07-01,5066.0,4259.5,806.5,2277.5,1836.2,441.3,1.0,34.58197941,15.919857876,156.2,112.9,43.3,77.2,51.1,26.1,900.2,870.2,30.0,382.3,368.2,14.1,7.1,0.8,eurostat,0.112676056
CZE,2010-10-01,5067.9,4256.8,811.0,2247.7,1812.6,435.2,1.0,34.116695278,16.002683557,156.9,112.5,44.4,75.4,49.2,26.2,897.1,866.9,30.2,381.2,366.9,14.3,6.966666667,0.8,eurostat,0.114832536
CZE,2011-01-01,5035.4,4236.4,799.0,2282.3,1849.3,433.0,1.0,34.865460234,15.867656989,165.2,116.9,48.3,81.5,53.1,28.4,911.3,884.9,26.4,385.3,372.7,12.6,6.933333333,0.8,eurostat,0.115384615
CZE,2011-04-01,5042.4,4242.1,800.2,2270.4,1840.1,430.3,1.0,34.635521547,15.869427257,164.8,117.2,47.7,81.5,52.7,28.9,904.9,878.8,26.1,384.7,372.2,12.6,6.866666667,0.9,eurostat,0.131067961
CZE,2011-07-01,5032.6,4230.6,802.0,2251.3,1826.1,425.2,1.0,34.411024734,15.93609665,163.9,116.6,47.3,81.4,51.7,29.7,898.7,872.0,26.7,380.8,368.2,12.6,6.533333333,0.9,eurostat,0.137755102
CZE,2011-10-01,5017.3,4214.6,802.7,2253.9,1825.8,428.0,1.0,34.555821473,15.998644689,164.6,117.3,47.3,81.3,52.7,28.6,897.8,871.3,26.5,379.5,367.1,12.4,6.533333333,0.9,eurostat,0.137755102
CZE,2012-01-01,5035.3,4228.1,807.2,2260.4,1840.9,419.4,1.0,34.531591579,16.030822394,162.7,115.2,47.5,80.7,53.1,27.5,891.2,864.0,27.1,376.8,364.4,12.4,6.866666667,1.0,eurostat,0.145631068
CZE,2012-04-01,5054.2,4250.8,803.4,2241.6,1832.1,409.5,1.0,34.116332799,15.895690713,162.3,116.3,46.0,79.7,53.3,26.4,890.0,862.4,27.5,373.1,361.0,12.1,6.866666667,1.0,eurostat,0.145631068
CZE,2012-07-01,5072.1,4284.0,788.1,2211.9,1820.7,391.2,1.0,33.545504593,15.537942864,163.0,117.4,45.6,76.9,52.2,24.7,897.7,869.8,27.9,372.6,360.9,11.7,6.966666667,1.0,eurostat,0.14354067
CZE,2012-10-01,5071.4,4282.0,789.4,2252.5,1863.6,388.9,1.0,34.165956298,15.565721497,164.6,118.1,46.4,77.9,52.7,25.2,902.0,873.4,28.5,375.7,363.7,12.0,7.266666667,1.0,eurostat,0.137614679
CZE,2013-01-01,5058.1,4287.3,770.8,2211.4,1833.7,377.7,1.0,33.630749156,15.238923707,166.5,120.3,46.2,79.6,53.5,26.2,903.1,876.7,26.4,371.7,360.9,10.8,7.166666667,0.9,eurostat,0.125581395
CZE,2013-04-01,5091.1,4322.0,769.1,2234.6,1858.2,376.3,1.0,33.763294316,15.106754925,168.5,120.8,47.7,82.1,54.7,27.4,912.6,886.5,26.1,378.1,367.7,10.4,6.966666667,0.9,eurostat,0.129186603
CZE,2013-07-01,5079.7,4300.9,778.8,2234.3,1852.4,381.9,1.0,33.834523844,15.331614072,167.0,119.9,47.1,80.4,53.2,27.2,910.2,883.3,26.8,378.8,368.7,10.0,6.933333333,0.9,eurostat,0.129807692
CZE,2013-10-01,5078.7,4304.6,774.1,2257.2,1872.8,384.4,1.0,34.188034188,15.242089511,167.7,120.1,47.6,82.5,54.9,27.6,911.6,885.7,25.9,382.1,371.5,10.6,6.833333333,0.9,eurostat,0.131707317
CZE,2014-01-01,5082.6,4312.9,769.8,2252.1,1869.3,382.8,1.0,34.084614477,15.145791524,166.0,120.3,45.7,80.6,53.6,27.0,918.1,890.4,27.7,386.9,375.9,11.0,6.566666667,1.0,eurostat,0.152284264
CZE,2014-04-01,5091.6,4328.5,763.1,2242.4,1867.6,374.8,1.0,33.877819878,14.987430277,165.3,119.8,45.4,78.0,52.4,25.5,921.1,894.5,26.6,384.8,374.4,10.4,6.2,1.2,eurostat,0.193548387
CZE,2014-07-01,5113.9,4355.5,758.4,2255.8,1876.2,379.6,1.0,33.931652344,14.830168756,166.8,119.5,47.2,81.8,54.4,27.4,928.3,901.7,26.6,387.4,377.0,10.4,5.9,1.3,eurostat,0.220338983
CZE,2014-10-01,5127.8,4365.5,762.3,2289.6,1905.8,383.7,1.0,34.34671339,14.866024416,168.0,120.0,48.1,82.9,54.9,28.0,928.4,903.4,25.0,389.8,379.9,9.9,5.866666667,1.6,eurostat,0.272727273
CZE,2015-01-01,5149.1,4391.5,757.6,2251.3,1873.5,377.8,1.0,33.632464523,14.713250859,162.8,116.4,46.5,79.1,51.8,27.3,932.8,904.3,28.5,383.9,372.7,11.2,5.766666667,1.7,eurostat,0.294797688
CZE,2015-04-01,5177.8,4421.7,756.1,2278.0,1898.3,379.7,1.0,33.842707179,14.602727027,162.1,115.9,46.2,80.5,53.0,27.4,933.2,905.5,27.7,384.5,373.6,11.0,5.033333333,2.3,eurostat,0.456953642
CZE,2015-07-01,5181.3,4432.0,749.3,2304.7,1929.9,374.9,1.0,34.216242137,14.461621601,163.0,115.6,47.4,80.2,52.9,27.3,932.7,904.9,27.8,388.2,376.9,11.3,4.833333333,2.3,eurostat,0.475862069
CZE,2015-10-01,5192.2,4450.6,741.5,2231.1,1867.9,363.1,1.0,33.054018898,14.28103694,160.8,115.4,45.4,77.7,51.1,26.6,931.7,905.3,26.5,384.4,374.3,10.0,4.566666667,2.5,eurostat,0.547445255
CZE,2016-01-01,5204.7,4454.1,750.5,2331.4,1954.3,377.1,1.0,34.457021834,14.419659154,156.0,114.1,42.0,78.2,52.6,25.5,949.1,922.5,26.6,403.2,392.6,10.5,4.2,2.6,eurostat,0.619047619
CZE,2016-04-01,5224.6,4459.1,765.4,2322.8,1934.6,388.2,1.0,34.199158419,14.649925353,159.7,112.7,47.0,80.7,53.3,27.5,948.1,921.9,26.2,398.6,387.9,10.7,4.0,2.8,eurostat,0.7
CZE,2016-07-01,5229.0,4463.0,766.1,2297.3,1915.3,382.0,1.0,33.795254277,14.650984892,160.0,112.3,47.8,77.0,49.0,28.0,951.6,923.5,28.1,394.3,383.0,11.3,3.9,3.0,eurostat,0.769230769
CZE,2016-10-01,5255.8,4473.0,782.8,2311.3,1921.0,390.3,1.0,33.827829768,14.894021843,163.2,112.8,50.4,79.3,51.6,27.8,955.8,927.6,28.2,396.6,385.4,11.2,3.666666667,3.1,eurostat,0.845454545
CZE,2017-01-01,5266.7,4494.5,772.1,2336.4,1946.2,390.2,1.0,34.124418881,14.660033797,161.9,113.7,48.2,79.3,50.9,28.4,962.3,935.1,27.1,414.4,403.6,10.8,3.333333333,3.2,eurostat,0.96
CZE,2017-04-01,5286.3,4517.7,768.5,2358.1,1965.3,392.8,1.0,34.313661293,14.537578268,162.3,113.4,48.9,80.2,51.3,28.9,964.8,938.7,26.1,418.2,407.5,10.7,3.033333333,3.6,eurostat,1.186813187
CZE,2017-07-01,5319.9,4555.9,764.0,2365.3,1975.2,390.1,1.0,34.201047735,14.361172202,162.3,114.5,47.7,81.2,52.3,28.9,972.7,946.9,25.8,419.1,408.7,10.4,2.733333333,4.0,eurostat,1.463414634
CZE,2017-10-01,5319.7,4563.2,756.4,2372.3,1978.6,393.7,1.0,34.303553844,14.218846927,159.5,113.7,45.8,79.6,50.9,28.7,979.8,954.5,25.3,419.0,408.5,10.6,2.466666667,4.5,eurostat,1.824324324
CZE,2018-01-01,5335.2,4568.7,766.5,2381.1,1990.6,390.4,1.0,34.330772691,14.366846604,162.3,113.0,49.3,80.7,50.6,30.1,994.2,965.4,28.8,421.2,409.9,11.3,2.333333333,4.9,eurostat,2.1
CZE,2018-04-01,5367.4,4601.0,766.4,2389.8,1994.9,395.0,1.0,34.249500546,14.278794202,162.8,112.9,49.9,82.2,51.2,31.0,1000.7,974.5,26.1,427.4,416.8,10.6,2.266666667,5.4,eurostat,2.382352941
CZE,2018-07-01,5357.7,4593.9,763.7,2399.5,2002.1,397.5,1.0,34.450776094,14.254250891,162.1,112.8,49.3,82.9,52.5,30.4,1001.7,976.3,25.3,433.5,423.1,10.4,2.266666667,5.8,eurostat,2.558823529
CZE,2018-10-01,5376.2,4613.8,762.4,2413.4,2016.8,396.6,1.0,34.531110049,14.181020051,162.9,112.5,50.5,80.9,51.1,29.8,1008.5,983.3,25.2,439.5,428.8,10.7,2.133333333,6.0,eurostat,2.8125
CZE,2019-01-01,5349.3,4591.0,758.3,2403.6,2016.0,387.6,1.0,34.56383222,14.175686538,158.2,109.3,49.0,77.6,49.2,28.4,1010.8,986.4,24.4,447.5,437.8,9.7,1.933333333,6.3,eurostat,3.25862069
CZE,2019-04-01,5362.6,4606.0,756.6,2400.6,2016.3,384.3,1.0,34.435075982,14.108827807,156.0,108.8,47.2,76.3,48.7,27.5,1016.0,991.9,24.0,450.0,440.1,9.9,1.966666667,6.2,eurostat,3.152542372
CZE,2019-07-01,5351.8,4593.8,758.0,2382.9,2001.9,381.0,1.0,34.250158825,14.163459023,153.6,107.9,45.7,75.4,48.7,26.6,1019.2,994.3,24.9,451.1,440.9,10.2,2.1,6.2,eurostat,2.952380952
CZE,2019-10-01,5341.7,4601.2,740.6,2375.4,2005.1,370.3,1.0,34.206914825,13.864500066,153.4,107.4,46.0,75.9,49.5,26.3,1027.6,1001.7,25.9,450.9,440.6,10.3,2.1,6.0,eurostat,2.857142857
CZE,2020-01-01,5278.0,4541.1,737.0,2239.9,1882.3,357.7,1.0,32.644941266,13.963622584,146.3,107.1,39.1,70.0,48.3,21.7,1032.7,1005.6,27.1,431.4,419.0,12.5,1.9,5.7,eurostat,3.0
CZE,2020-04-01,5204.8,4480.5,724.3,2094.8,1774.6,320.2,1.0,30.9595876,13.916000615,147.1,105.2,41.9,69.6,45.7,23.9,1033.3,1008.8,24.4,425.8,417.6,8.2,2.433333333,5.5,eurostat,2.260273973
CZE,2020-07-01,5214.3,4481.5,732.8,2265.9,1895.1,370.8,1.0,33.427305679,14.053660127,149.8,106.2,43.6,75.8,49.8,26.1,1042.2,1016.2,26.0,431.7,421.7,10.0,2.833333333,5.2,eurostat,1.835294118
CZE,2020-10-01,5211.8,4482.3,729.5,2152.5,1824.0,328.5,1.0,31.769623369,13.997083541,149.3,105.8,43.5,72.4,46.4,26.0,1049.5,1023.1,26.5,436.1,427.6,8.5,3.066666667,5.0,eurostat,1.630434782
CZE,2021-01-01,5243.8,4506.9,736.9,2209.6,1861.6,348.1,1.0,32.413370222,14.052786147,147.8,104.3,43.4,74.3,48.3,26.1,1058.4,1032.5,25.9,446.2,436.7,9.5,3.266666667,4.9,eurostat,1.5
CZE,2021-04-01,5257.3,4523.9,733.5,2247.8,1890.2,357.6,1.0,32.88906707,13.952028608,144.9,103.5,41.4,72.5,47.3,25.2,1065.3,1038.8,26.5,453.5,443.4,10.1,3.033333333,4.9,eurostat,1.615384616
CZE,2021-07-01,5302.1,4564.8,737.3,2308.9,1928.3,380.6,1.0,33.497612702,13.905810905,146.8,104.5,42.3,72.8,47.3,25.5,1073.0,1046.6,26.4,459.1,447.6,11.6,2.633333333,5.1,eurostat,1.936708861
CZE,2021-10-01,5313.8,4568.7,745.1,2315.6,1932.0,383.6,1.0,33.520847025,14.021980504,148.7,103.5,45.2,74.1,46.6,27.4,1073.9,1048.1,25.8,460.8,449.7,11.1,2.3,5.0,eurostat,2.173913043
CZE,2022-01-01,5294.9,4549.9,745.1,2364.1,1966.9,397.2,1.0,34.345095498,14.072031578,153.3,107.3,46.0,76.6,48.1,28.5,1072.0,1045.4,26.6,467.8,456.3,11.5,2.333333333,5.1,eurostat,2.185714286
CZE,2022-04-01,5334.7,4574.5,760.3,2358.2,1962.3,395.9,1.0,34.00378653,14.251972932,155.3,106.9,48.3,75.8,46.7,29.1,1076.3,1049.2,27.1,468.1,457.2,10.9,2.433333333,4.9,eurostat,2.01369863
CZE,2022-07-01,5347.2,4587.8,759.4,2373.5,1981.9,391.5,1.0,34.144397643,14.201825254,155.5,106.5,49.0,76.8,46.9,29.9,1084.1,1059.2,24.9,473.0,463.0,10.0,2.333333333,4.5,eurostat,1.928571429
CZE,2022-10-01,5355.5,4598.8,756.7,2386.5,1989.2,397.3,1.0,34.27820429,14.129399683,152.6,106.2,46.5,75.7,46.9,28.8,1087.6,1061.8,25.8,475.4,464.9,10.5,2.433333333,4.2,eurostat,1.726027397
CZE,2023-01-01,5396.1,4627.5,768.6,2410.2,1998.2,412.0,1.0,34.358147551,14.243620393,153.9,108.3,45.6,75.0,47.6,27.3,1088.7,1064.8,24.0,477.9,467.0,10.9,2.533333333,3.9,eurostat,1.539473684
CZE,2023-04-01,5419.3,4636.2,783.1,2422.8,2017.3,405.5,1.0,34.389908433,14.450205746,154.6,108.1,46.4,74.9,47.8,27.1,1091.8,1066.5,25.4,479.7,468.9,10.8,2.6,3.8,eurostat,1.461538462
CZE,2023-07-01,5422.6,4643.7,778.9,2416.9,2020.4,396.5,1.0,34.285284663,14.363958249,154.6,108.1,46.5,74.6,47.7,26.9,1091.1,1067.7,23.4,477.3,467.4,10.0,2.633333333,3.6,eurostat,1.367088608
CZE,2023-10-01,5436.0,4652.1,783.9,2433.1,2032.8,400.3,1.0,34.430010755,14.420529801,153.4,107.9,45.5,75.0,48.2,26.8,1093.3,1068.4,24.9,481.6,470.9,10.7,2.766666667,3.5,eurostat,1.265060241
CZE,2024-01-01,5422.1,4643.9,778.2,2435.4,2034.2,401.2,1.0,34.550904915,14.352372697,151.2,103.9,47.3,75.3,46.7,28.6,1096.2,1070.2,26.0,482.9,472.6,10.4,2.866666667,3.3,eurostat,1.151162791
CZE,2024-04-01,5452.8,4662.7,790.1,2455.7,2052.5,403.2,1.0,34.642752347,14.489803404,151.6,104.8,46.8,74.3,46.9,27.4,1098.8,1071.8,27.1,488.0,476.8,11.2,2.733333333,3.3,eurostat,1.207317073
CZE,2024-07-01,5458.3,4675.5,782.8,2452.8,2047.6,405.2,1.0,34.566975629,14.341461627,148.2,102.7,45.4,73.6,45.1,28.5,1102.8,1077.8,25.0,491.1,480.3,10.8,2.733333333,3.3,eurostat,1.207317073
CZE,2024-10-01,5469.7,4682.1,787.6,2469.2,2061.9,407.3,1.0,34.725572068,14.399327203,149.1,103.1,46.0,73.8,45.4,28.4,1112.1,1085.7,26.4,492.8,481.6,11.2,2.666666667,3.2,eurostat,1.2
CZE,2025-01-01,5494.3,4711.6,782.7,2450.3,2056.3,394.0,1.0,34.305483025,14.245672788,149.0,103.8,45.2,74.4,46.2,28.2,1111.0,1087.0,24.0,489.7,480.5,9.2,2.633333333,1.9,eurostat,0.721518987
CZE,2025-04-01,5517.2,4735.2,782.0,2464.7,2072.6,392.0,1.0,34.363863498,14.173856304,148.2,103.8,44.4,74.2,46.3,27.9,1118.7,1095.3,23.4,493.7,484.1,9.6,2.833333333,2.0,eurostat,0.705882353
CZE,2025-07-01,5533.2,4737.9,795.3,2493.8,2074.5,419.3,1.0,34.669046705,14.373237909,146.1,102.7,43.4,70.8,45.1,25.7,1121.2,1097.9,23.4,498.4,488.3,10.2,3.0,2.0,eurostat,0.666666667
CZE,2025-10-01,5547.4,4746.7,800.7,2505.7,2098.5,407.2,1.0,34.745313813,14.433788802,146.3,104.1,42.1,72.8,46.2,26.7,1125.2,1101.8,23.4,501.3,491.5,9.8,3.166666667,1.9,eurostat,0.6
CZE,2026-01-01,5551.5,4753.0,798.5,2515.5,2109.7,405.7,1.0,34.855444474,14.383499955,145.4,102.9,42.5,73.2,46.5,26.7,1136.9,1110.9,25.9,503.5,493.3,10.2,,,,
CZE,2026-04-01,5564.5,,,,,,1.0,,,,,,,,,,,,,,,,,,
DEU,1995-01-01,38003.0,34225.0,3778.0,14558.9,12391.0,2168.0,1.0,29.46913098,9.941320422,890.0,344.0,546.0,484.8,136.4,348.4,8485.0,8130.0,355.0,3072.3,2893.5,178.8,,,,
DEU,1995-04-01,38033.0,34241.0,3792.0,14536.5,12364.3,2172.3,1.0,29.400581277,9.97028896,873.0,343.0,530.0,475.6,135.7,340.0,8517.0,8159.0,358.0,3088.4,2910.1,178.3,,,,
DEU,1995-07-01,38035.0,34234.0,3801.0,14598.3,12417.6,2180.6,1.0,29.524021397,9.993427107,856.0,336.0,520.0,466.4,134.3,332.1,8559.0,8197.0,362.0,3115.6,2936.4,179.2,,,,
DEU,1995-10-01,38099.0,34282.0,3817.0,14536.0,12353.2,2182.9,1.0,29.348640283,10.01863566,844.0,336.0,508.0,457.0,133.5,323.5,8625.0,8258.0,367.0,3110.0,2930.3,179.7,,,,
DEU,1996-01-01,38049.0,34218.0,3831.0,14379.6,12193.9,2185.7,1.0,29.071015715,10.068595758,818.0,318.0,500.0,439.1,125.3,313.8,8669.0,8298.0,371.0,3114.1,2934.1,180.0,,,,
DEU,1996-04-01,38117.0,34266.0,3851.0,14481.1,12298.3,2182.7,1.0,29.223988489,10.103103602,815.0,325.0,490.0,434.8,127.6,307.2,8740.0,8364.0,376.0,3146.5,2965.6,180.8,,,,
DEU,1996-07-01,38060.0,34197.0,3863.0,14467.5,12268.9,2198.6,1.0,29.240268402,10.149763531,809.0,326.0,483.0,431.4,128.9,302.5,8737.0,8356.0,381.0,3148.1,2964.8,183.3,,,,
DEU,1996-10-01,38012.0,34134.0,3878.0,14402.2,12191.3,2210.9,1.0,29.145047313,10.202041461,803.0,328.0,475.0,428.6,129.8,298.8,8709.0,8324.0,385.0,3153.8,2969.1,184.6,,,,
DEU,1997-01-01,37951.0,34059.0,3892.0,14280.8,12063.2,2217.6,1.0,28.945826906,10.25532924,787.0,316.0,471.0,419.0,123.8,295.2,8740.0,8349.0,391.0,3139.5,2952.8,186.7,,,,
DEU,1997-04-01,38025.0,34115.0,3910.0,14386.5,12160.5,2226.0,1.0,29.103322713,10.282708744,790.0,326.0,464.0,419.8,127.3,292.6,8745.0,8351.0,394.0,3136.1,2947.4,188.6,,,,
DEU,1997-07-01,38092.0,34170.0,3922.0,14396.4,12162.8,2233.6,1.0,29.072124977,10.296125171,782.0,321.0,461.0,414.4,125.2,289.2,8748.0,8351.0,397.0,3132.3,2942.7,189.6,,,,
DEU,1997-10-01,38103.0,34168.0,3935.0,14359.0,12121.6,2237.4,1.0,28.988228264,10.327270819,781.0,324.0,457.0,412.6,126.0,286.6,8718.0,8317.0,401.0,3125.6,2934.7,190.8,,,,
DEU,1998-01-01,38174.0,34227.0,3947.0,14359.8,12118.9,2240.9,1.0,28.935924975,10.339498088,777.0,320.0,457.0,408.2,124.4,283.9,8728.0,8323.0,405.0,3120.7,2928.6,192.2,,,,
DEU,1998-04-01,38394.0,34433.0,3961.0,14418.0,12173.3,2244.7,1.0,28.886725089,10.316716154,775.0,322.0,453.0,406.1,123.3,282.7,8746.0,8339.0,407.0,3112.0,2918.5,193.5,,,,
DEU,1998-07-01,38631.0,34664.0,3967.0,14495.6,12244.9,2250.8,1.0,28.864025105,10.268954984,780.0,327.0,453.0,409.1,127.0,282.1,8804.0,8393.0,411.0,3129.4,2934.0,195.4,,,,
DEU,1998-10-01,38794.0,34818.0,3976.0,14496.5,12238.8,2257.8,1.0,28.744532263,10.249007578,779.0,329.0,450.0,408.2,126.4,281.8,8847.0,8433.0,414.0,3138.2,2941.7,196.5,,,,
DEU,1999-01-01,38881.0,34898.0,3983.0,14498.0,12233.8,2264.2,1.0,28.683181226,10.244078084,779.0,330.0,449.0,408.9,127.6,281.3,8875.0,8456.0,419.0,3141.4,2942.7,198.8,,,,
DEU,1999-04-01,38901.0,34912.0,3989.0,14501.0,12228.0,2273.0,1.0,28.674366686,10.25423511,770.0,323.0,447.0,402.9,122.7,280.3,8900.0,8477.0,423.0,3141.5,2938.4,203.0,,,,
DEU,1999-07-01,39245.0,35250.0,3995.0,14528.5,12259.6,2268.9,1.0,28.476925037,10.179640719,770.0,324.0,446.0,400.6,122.4,278.1,8946.0,8520.0,426.0,3148.7,2944.7,204.1,,,,
DEU,1999-10-01,39470.0,35469.0,4001.0,14563.4,12297.4,2266.0,1.0,28.382608018,10.136812769,771.0,327.0,444.0,398.9,123.2,275.8,8984.0,8554.0,430.0,3156.0,2951.2,204.8,,,,
DEU,2000-01-01,39852.0,35847.0,4005.0,14648.0,12383.0,2265.0,1.0,28.273843992,10.04968383,777.0,338.0,439.0,399.8,125.9,274.0,9037.0,8603.0,434.0,3163.8,2957.7,206.1,,,,
DEU,2000-04-01,39985.0,35974.0,4011.0,14660.7,12393.9,2266.8,1.0,28.204230433,10.031261723,771.0,333.0,438.0,395.8,123.9,271.9,9073.0,8636.0,437.0,3166.7,2958.5,208.2,,,,
DEU,2000-07-01,40035.0,36019.0,4016.0,14652.6,12389.4,2263.2,1.0,28.153442661,10.03122268,762.0,327.0,435.0,392.2,122.2,270.0,9059.0,8622.0,437.0,3154.3,2946.4,207.9,,,,
DEU,2000-10-01,40031.0,36013.0,4018.0,14641.5,12385.4,2256.1,1.0,28.134926201,10.037221154,755.0,323.0,432.0,387.4,121.1,266.2,9077.0,8636.0,441.0,3156.7,2948.3,208.4,,,,
DEU,2001-01-01,39929.0,35910.0,4019.0,14606.2,12356.1,2250.1,1.0,28.138792511,10.065366025,743.0,316.0,427.0,379.5,116.8,262.7,9039.0,8595.0,444.0,3156.7,2948.0,208.8,,,,
DEU,2001-04-01,39905.0,35880.0,4025.0,14579.2,12335.2,2244.0,1.0,28.103669291,10.086455331,736.0,312.0,424.0,373.8,114.8,259.0,9071.0,8625.0,446.0,3164.4,2954.2,210.2,,,,
DEU,2001-07-01,39809.0,35779.0,4030.0,14539.3,12298.5,2240.8,1.0,28.094342795,10.123338943,730.0,310.0,420.0,370.8,114.2,256.6,9077.0,8630.0,447.0,3169.0,2958.7,210.3,,,,
DEU,2001-10-01,39818.0,35781.0,4037.0,14505.4,12271.4,2234.1,1.0,28.022502386,10.13863077,726.0,309.0,417.0,367.0,114.3,252.7,9122.0,8671.0,451.0,3182.1,2971.3,210.8,,,,
DEU,2002-01-01,39839.0,35796.0,4043.0,14473.4,12248.7,2224.7,1.0,27.945943963,10.148347097,723.0,308.0,415.0,362.9,113.7,249.2,9171.0,8716.0,455.0,3194.6,2983.1,211.5,,,,
DEU,2002-04-01,39764.0,35709.0,4055.0,14444.9,12220.3,2224.7,1.0,27.943520618,10.197666231,720.0,309.0,411.0,362.3,112.9,249.4,9207.0,8747.0,460.0,3203.6,2991.6,212.0,,,,
DEU,2002-07-01,39618.0,35550.0,4068.0,14381.8,12154.3,2227.5,1.0,27.923981718,10.268059973,713.0,305.0,408.0,359.1,111.2,248.0,9231.0,8766.0,465.0,3215.5,3001.7,213.8,,,,
DEU,2002-10-01,39476.0,35393.0,4083.0,14298.0,12074.6,2223.4,1.0,27.861134711,10.342993211,707.0,301.0,406.0,353.4,110.2,243.2,9259.0,8788.0,471.0,3223.0,3007.4,215.6,,,,
DEU,2003-01-01,39361.0,35263.0,4098.0,14237.1,12013.9,2223.2,1.0,27.82351918,10.411320851,707.0,302.0,405.0,350.9,110.9,240.0,9253.0,8777.0,476.0,3223.4,3005.9,217.5,,,,
DEU,2003-04-01,39192.0,35073.0,4119.0,14181.7,11956.6,2225.2,1.0,27.834762196,10.509797918,703.0,304.0,399.0,350.2,110.4,239.9,9233.0,8749.0,484.0,3218.4,2998.7,219.7,,,,
DEU,2003-07-01,39214.0,35070.0,4144.0,14193.7,11957.6,2236.1,1.0,27.842685697,10.567654409,705.0,308.0,397.0,348.9,110.5,238.4,9217.0,8725.0,492.0,3215.1,2992.3,222.8,,,,
DEU,2003-10-01,39214.0,35039.0,4175.0,14124.4,11888.4,2236.0,1.0,27.706745236,10.646707808,707.0,314.0,393.0,342.8,111.0,231.9,9239.0,8738.0,501.0,3207.3,2981.5,225.8,,,,
DEU,2004-01-01,39328.0,35119.0,4209.0,14187.2,11936.7,2250.5,1.0,27.749264568,10.702298617,710.0,318.0,392.0,340.8,112.2,228.6,9253.0,8739.0,514.0,3234.6,3003.7,231.0,,,,
DEU,2004-04-01,39417.0,35173.0,4244.0,14122.8,11867.3,2255.6,1.0,27.560931344,10.766927975,705.0,317.0,388.0,342.0,111.5,230.5,9252.0,8728.0,524.0,3208.5,2974.7,233.8,,,,
DEU,2004-07-01,39381.0,35103.0,4278.0,14124.4,11855.5,2268.9,1.0,27.589251357,10.863106574,702.0,316.0,386.0,341.3,112.1,229.2,9244.0,8713.0,531.0,3208.3,2971.5,236.8,,,,
DEU,2004-10-01,39351.0,35040.0,4311.0,14081.1,11810.2,2270.9,1.0,27.525642003,10.955248914,694.0,312.0,382.0,330.8,110.5,220.3,9268.0,8730.0,538.0,3207.6,2969.1,238.6,,,,
DEU,2005-01-01,39262.0,34915.0,4347.0,13943.9,11657.9,2285.9,1.0,27.319232141,11.071774235,684.0,302.0,382.0,334.7,107.0,227.7,9262.0,8718.0,544.0,3178.8,2938.8,240.1,,,,
DEU,2005-04-01,39246.0,34872.0,4374.0,14016.8,11735.5,2281.3,1.0,27.473255481,11.145084849,685.0,309.0,376.0,323.7,107.2,216.5,9294.0,8746.0,548.0,3197.8,2957.3,240.6,,,,
DEU,2005-07-01,39335.0,34940.0,4395.0,14086.4,11797.8,2288.6,1.0,27.547203019,11.173255371,677.0,303.0,374.0,322.4,107.3,215.1,9340.0,8787.0,553.0,3227.2,2985.3,241.9,,,,
DEU,2005-10-01,39444.0,35033.0,4411.0,14172.9,11873.8,2299.1,1.0,27.639769722,11.182942906,673.0,303.0,370.0,326.0,108.5,217.5,9355.0,8800.0,555.0,3247.0,3004.1,242.9,,,,
DEU,2006-01-01,39297.0,34874.0,4423.0,14232.3,11934.5,2297.9,1.0,27.859437303,11.25531211,664.0,291.0,373.0,320.8,106.6,214.2,9327.0,8769.0,558.0,3286.1,3042.0,244.1,,,,
DEU,2006-04-01,39532.0,35101.0,4431.0,14363.8,12066.5,2297.3,1.0,27.949703843,11.208641101,664.0,298.0,366.0,317.4,108.8,208.6,9355.0,8794.0,561.0,3302.4,3057.2,245.1,,,,
DEU,2006-07-01,39732.0,35292.0,4440.0,14433.6,12135.6,2298.1,1.0,27.944148874,11.17487164,664.0,300.0,364.0,318.1,109.3,208.8,9370.0,8806.0,564.0,3300.1,3054.9,245.2,,,,
DEU,2006-10-01,39868.0,35418.0,4450.0,14563.5,12252.9,2310.6,1.0,28.099458984,11.161834052,664.0,302.0,362.0,321.5,110.3,211.2,9388.0,8821.0,567.0,3315.2,3068.5,246.7,,,,
DEU,2007-01-01,40074.0,35614.0,4460.0,14599.3,12286.4,2312.9,1.0,28.023733017,11.12941059,666.0,303.0,363.0,320.6,110.1,210.5,9404.0,8834.0,570.0,3312.8,3065.1,247.8,,,,
DEU,2007-04-01,40222.0,35754.0,4468.0,14667.8,12351.7,2316.0,1.0,28.051621195,11.108348665,665.0,306.0,359.0,319.2,111.7,207.5,9414.0,8842.0,572.0,3331.2,3083.3,247.9,,,,
DEU,2007-07-01,40343.0,35871.0,4472.0,14670.7,12359.7,2311.0,1.0,27.973016003,11.084946583,664.0,305.0,359.0,319.8,112.3,207.6,9424.0,8849.0,575.0,3317.0,3069.4,247.6,,,,
DEU,2007-10-01,40488.0,36013.0,4475.0,14759.9,12447.1,2312.8,1.0,28.042306932,11.052657578,665.0,308.0,357.0,322.0,113.3,208.7,9458.0,8882.0,576.0,3330.2,3082.0,248.2,,,,
DEU,2008-01-01,40753.0,36277.0,4476.0,14834.4,12524.4,2310.0,1.0,28.000581364,10.983240498,670.0,313.0,357.0,322.2,114.7,207.6,9493.0,8916.0,577.0,3339.5,3091.4,248.1,,,,
DEU,2008-04-01,40800.0,36322.0,4478.0,14783.9,12473.8,2310.1,1.0,27.87311463,10.975490196,658.0,304.0,354.0,316.3,110.7,205.6,9525.0,8948.0,577.0,3322.7,3074.0,248.7,,,,
DEU,2008-07-01,40889.0,36408.0,4481.0,14752.6,12449.2,2303.4,1.0,27.753561706,10.958937612,655.0,304.0,351.0,313.7,109.0,204.7,9570.0,8990.0,580.0,3329.8,3080.7,249.1,,,,
DEU,2008-10-01,40971.0,36488.0,4483.0,14670.3,12367.7,2302.5,1.0,27.543496995,10.941885724,653.0,305.0,348.0,313.0,109.4,203.7,9611.0,9028.0,583.0,3337.8,3087.9,249.9,,,,
DEU,2009-01-01,41012.0,36526.0,4486.0,14519.6,12218.7,2300.9,1.0,27.233305074,10.938261972,655.0,310.0,345.0,313.1,111.9,201.2,9688.0,9101.0,587.0,3339.8,3088.5,251.3,,,,
DEU,2009-04-01,40900.0,36410.0,4490.0,14337.6,12042.5,2295.1,1.0,26.965582095,10.97799511,655.0,313.0,342.0,311.3,112.7,198.7,9743.0,9151.0,592.0,3343.2,3090.5,252.7,,,,
DEU,2009-07-01,40845.0,36350.0,4495.0,14319.1,12025.3,2293.8,1.0,26.9670518,11.005018974,653.0,313.0,340.0,310.2,112.4,197.8,9812.0,9216.0,596.0,3365.2,3111.0,254.2,,,,
DEU,2009-10-01,40867.0,36366.0,4501.0,14281.5,11988.0,2293.5,1.0,26.881760909,11.013776397,650.0,313.0,337.0,307.4,110.9,196.5,9846.0,9246.0,600.0,3357.7,3102.6,255.1,,,,
DEU,2010-01-01,40906.0,36396.0,4510.0,14437.8,12141.4,2296.4,1.0,27.150051337,11.025277465,649.0,310.0,339.0,306.9,111.2,195.7,9904.0,9300.0,604.0,3437.6,3180.9,256.7,,,,
DEU,2010-04-01,41059.0,36544.0,4515.0,14559.0,12267.6,2291.4,1.0,27.275946246,10.996371076,644.0,309.0,335.0,304.1,111.2,192.9,9933.0,9326.0,607.0,3453.9,3195.5,258.3,,,,
DEU,2010-07-01,41169.0,36648.0,4521.0,14637.0,12344.6,2292.4,1.0,27.348808009,10.981563798,647.0,313.0,334.0,305.6,112.3,193.3,9948.0,9339.0,609.0,3455.3,3195.7,259.6,,,,
DEU,2010-10-01,41268.0,36744.0,4524.0,14743.2,12448.7,2294.6,1.0,27.481155076,10.962489096,647.0,314.0,333.0,306.9,113.6,193.3,9944.0,9333.0,611.0,3463.5,3203.0,260.6,6.2,2.0,eurostat,0.322580645
DEU,2011-01-01,41378.0,36848.0,4530.0,14797.4,12500.1,2297.3,1.0,27.508858293,10.947846682,651.0,318.0,333.0,307.6,114.4,193.2,9911.0,9296.0,615.0,3458.8,3196.7,262.1,5.866666667,2.3,eurostat,0.392045455
DEU,2011-04-01,41515.0,36985.0,4530.0,14790.5,12504.1,2286.4,1.0,27.405293731,10.911718656,654.0,324.0,330.0,308.3,115.7,192.5,9909.0,9292.0,617.0,3447.9,3186.3,261.6,5.566666667,2.2,eurostat,0.395209581
DEU,2011-07-01,41634.0,37100.0,4534.0,14819.0,12535.3,2283.6,1.0,27.379619468,10.890137868,648.0,321.0,327.0,305.4,115.1,190.3,9912.0,9295.0,617.0,3435.9,3174.2,261.7,5.433333333,2.3,eurostat,0.423312883
DEU,2011-10-01,41761.0,37229.0,4532.0,14822.1,12542.9,2279.2,1.0,27.302065048,10.85223055,649.0,323.0,326.0,303.7,114.8,188.9,9924.0,9304.0,620.0,3428.1,3165.9,262.2,5.233333333,2.3,eurostat,0.439490446
DEU,2012-01-01,41911.0,37379.0,4532.0,14815.1,12538.6,2276.6,1.0,27.191502873,10.813390279,650.0,327.0,323.0,303.1,115.4,187.7,9945.0,9323.0,622.0,3430.4,3167.7,262.7,5.1,2.2,eurostat,0.431372549
DEU,2012-04-01,42016.0,37486.0,4530.0,14790.6,12527.7,2262.9,1.0,27.078695296,10.781607007,649.0,329.0,320.0,300.8,116.5,184.3,9990.0,9364.0,626.0,3435.4,3172.0,263.4,5.1,2.4,eurostat,0.470588235
DEU,2012-07-01,42116.0,37590.0,4526.0,14793.9,12535.1,2258.8,1.0,27.020427099,10.74650964,646.0,329.0,317.0,299.2,116.5,182.7,10031.0,9402.0,629.0,3443.8,3179.6,264.2,5.033333333,2.3,eurostat,0.456953642
DEU,2012-10-01,42225.0,37705.0,4520.0,14810.9,12559.3,2251.6,1.0,26.981645944,10.704558911,648.0,334.0,314.0,297.1,117.3,179.8,10079.0,9447.0,632.0,3457.1,3191.7,265.4,5.0,2.2,eurostat,0.44
DEU,2013-01-01,42279.0,37766.0,4513.0,14693.0,12452.5,2240.5,1.0,26.732675069,10.674330046,645.0,335.0,310.0,293.6,116.5,177.1,10085.0,9451.0,634.0,3438.2,3172.8,265.4,5.066666667,2.0,eurostat,0.394736842
DEU,2013-04-01,42314.0,37809.0,4505.0,14794.7,12558.4,2236.3,1.0,26.895444679,10.646594508,637.0,329.0,308.0,292.4,115.8,176.6,10123.0,9485.0,638.0,3459.7,3193.4,266.3,4.966666667,2.1,eurostat,0.422818792
DEU,2013-07-01,42415.0,37917.0,4498.0,14892.9,12664.6,2228.3,1.0,27.009494101,10.60473889,643.0,339.0,304.0,293.6,118.6,175.0,10155.0,9514.0,641.0,3490.1,3222.8,267.2,4.9,2.2,eurostat,0.448979592
DEU,2013-10-01,42511.0,38021.0,4490.0,14906.6,12686.7,2219.9,1.0,26.973290171,10.561972195,641.0,339.0,302.0,291.6,118.2,173.4,10191.0,9547.0,644.0,3498.4,3230.8,267.6,4.8,2.2,eurostat,0.458333333
DEU,2014-01-01,42647.0,38165.0,4482.0,14999.7,12783.4,2216.3,1.0,27.055199121,10.509531737,641.0,343.0,298.0,289.7,119.0,170.7,10264.0,9619.0,645.0,3532.9,3264.5,268.4,4.8,2.2,eurostat,0.458333333
DEU,2014-04-01,42741.0,38268.0,4473.0,14982.7,12778.5,2204.2,1.0,26.965101065,10.465361129,644.0,349.0,295.0,288.0,119.4,168.6,10284.0,9636.0,648.0,3527.9,3259.3,268.5,4.733333333,2.2,eurostat,0.464788732
DEU,2014-07-01,42801.0,38340.0,4461.0,14974.4,12779.4,2195.0,1.0,26.912383427,10.422653676,639.0,348.0,291.0,285.2,119.6,165.6,10302.0,9651.0,651.0,3528.7,3259.6,269.1,4.7,2.3,eurostat,0.489361702
DEU,2014-10-01,42843.0,38395.0,4448.0,15013.3,12827.5,2185.8,1.0,26.955844147,10.382092757,635.0,348.0,287.0,283.4,120.0,163.4,10327.0,9673.0,654.0,3549.7,3280.0,269.7,4.633333333,2.4,eurostat,0.517985612
DEU,2015-01-01,42920.0,38487.0,4433.0,15052.7,12877.0,2175.6,1.0,26.978098788,10.328518173,633.0,350.0,283.0,282.7,121.0,161.6,10413.0,9755.0,658.0,3586.2,3315.2,270.9,4.5,2.4,eurostat,0.533333333
DEU,2015-04-01,43075.0,38655.0,4420.0,15123.6,12955.2,2168.4,1.0,27.007634269,10.261172374,638.0,355.0,283.0,283.1,123.0,160.1,10467.0,9807.0,660.0,3605.5,3333.8,271.8,4.4,2.4,eurostat,0.545454545
DEU,2015-07-01,43212.0,38806.0,4406.0,15088.0,12932.7,2155.3,1.0,26.858636134,10.196241785,638.0,358.0,280.0,281.7,122.7,159.0,10514.0,9853.0,661.0,3604.6,3333.1,271.5,4.3,2.4,eurostat,0.558139535
DEU,2015-10-01,43347.0,38951.0,4396.0,15106.2,12962.4,2143.8,1.0,26.80728504,10.141416938,633.0,355.0,278.0,279.3,120.9,158.4,10579.0,9914.0,665.0,3617.9,3346.5,271.4,4.2,2.5,eurostat,0.595238095
DEU,2016-01-01,43457.0,39075.0,4382.0,15167.8,13031.7,2136.1,1.0,26.848467362,10.083530847,628.0,353.0,275.0,277.5,119.9,157.6,10625.0,9959.0,666.0,3641.1,3370.3,270.7,4.066666667,2.4,eurostat,0.590163934
DEU,2016-04-01,43615.0,39245.0,4370.0,15203.7,13078.3,2125.4,1.0,26.814522174,10.019488708,626.0,354.0,272.0,276.8,120.2,156.6,10696.0,10029.0,667.0,3661.3,3391.3,270.0,4.0,2.5,eurostat,0.625
DEU,2016-07-01,43756.0,39402.0,4354.0,15264.8,13150.8,2114.0,1.0,26.83552849,9.950635341,622.0,353.0,269.0,275.8,121.2,154.6,10758.0,10091.0,667.0,3689.6,3420.2,269.4,3.866666667,2.4,eurostat,0.620689655
DEU,2016-10-01,43924.0,39588.0,4336.0,15256.6,13159.4,2097.2,1.0,26.718527807,9.871596394,619.0,354.0,265.0,272.4,120.5,151.8,10822.0,10154.0,668.0,3695.5,3426.9,268.6,3.7,2.4,eurostat,0.648648649
DEU,2017-01-01,44054.0,39736.0,4318.0,15293.0,13209.0,2084.1,1.0,26.703241826,9.801607119,613.0,354.0,259.0,268.8,120.1,148.7,10844.0,10176.0,668.0,3693.7,3424.8,268.9,3.633333333,2.6,eurostat,0.71559633
DEU,2017-04-01,44219.0,39918.0,4301.0,15383.8,13308.2,2075.6,1.0,26.761555684,9.726588118,610.0,353.0,257.0,265.8,119.4,146.4,10901.0,10234.0,667.0,3720.9,3452.1,268.8,3.566666667,2.8,eurostat,0.785046729
DEU,2017-07-01,44379.0,40094.0,4285.0,15456.2,13394.8,2061.4,1.0,26.790564491,9.655467676,607.0,353.0,254.0,264.2,119.3,145.0,10953.0,10287.0,666.0,3747.6,3480.1,267.5,3.466666667,2.8,eurostat,0.807692308
DEU,2017-10-01,44513.0,40245.0,4268.0,15492.7,13444.0,2048.7,1.0,26.772991123,9.588210186,603.0,352.0,251.0,263.0,119.3,143.7,11000.0,10334.0,666.0,3763.7,3497.0,266.7,3.4,2.7,eurostat,0.794117647
DEU,2018-01-01,44692.0,40437.0,4255.0,15378.7,13347.2,2031.5,1.0,26.469545401,9.520719592,604.0,352.0,252.0,261.3,118.1,143.2,11042.0,10378.0,664.0,3725.6,3460.5,265.1,3.3,2.9,eurostat,0.878787879
DEU,2018-04-01,44834.0,40595.0,4239.0,15563.2,13536.7,2026.5,1.0,26.702262363,9.454877994,612.0,361.0,251.0,264.3,121.3,142.9,11074.0,10412.0,662.0,3765.6,3500.6,265.0,3.2,3.0,eurostat,0.9375
DEU,2018-07-01,44946.0,40724.0,4222.0,15553.8,13540.7,2013.1,1.0,26.619635871,9.393494416,604.0,354.0,250.0,262.5,120.4,142.2,11119.0,10458.0,661.0,3768.8,3505.0,263.8,3.166666667,3.1,eurostat,0.978947368
DEU,2018-10-01,45048.0,40848.0,4200.0,15625.0,13624.9,2000.2,1.0,26.680942038,9.323388386,603.0,356.0,247.0,260.6,120.6,140.0,11161.0,10504.0,657.0,3794.8,3533.5,261.3,3.1,3.2,eurostat,1.032258065
DEU,2019-01-01,45172.0,40996.0,4176.0,15591.9,13612.2,1979.7,1.0,26.551335409,9.244664837,601.0,358.0,243.0,256.3,119.1,137.2,11204.0,10551.0,653.0,3790.7,3532.4,258.2,3.0,3.3,eurostat,1.1
DEU,2019-04-01,45281.0,41126.0,4155.0,15512.4,13549.7,1962.7,1.0,26.352367184,9.176034098,602.0,360.0,242.0,254.3,118.8,135.5,11254.0,10604.0,650.0,3777.2,3521.0,256.2,2.9,3.4,eurostat,1.172413793
DEU,2019-07-01,45322.0,41186.0,4136.0,15660.0,13708.9,1951.1,1.0,26.579042951,9.125810864,598.0,359.0,239.0,255.3,121.0,134.3,11313.0,10664.0,649.0,3837.4,3581.9,255.5,2.9,3.3,eurostat,1.137931034
DEU,2019-10-01,45396.0,41279.0,4117.0,15526.7,13591.8,1934.9,1.0,26.309840921,9.069080976,595.0,359.0,236.0,251.7,119.1,132.6,11369.0,10720.0,649.0,3817.7,3563.7,254.1,3.0,3.1,eurostat,1.033333333
DEU,2020-01-01,45422.0,41335.0,4087.0,15245.7,13389.6,1856.1,1.0,25.818901718,8.997842455,593.0,361.0,232.0,248.1,118.7,129.4,11424.0,10774.0,650.0,3762.4,3514.9,247.5,3.3,2.9,eurostat,0.878787879
DEU,2020-04-01,44817.0,40766.0,4051.0,14291.3,12617.7,1673.6,1.0,24.529325239,9.038980744,587.0,358.0,229.0,241.8,117.2,124.6,11404.0,10753.0,651.0,3662.2,3452.6,209.6,3.666666667,2.1,eurostat,0.572727273
DEU,2020-07-01,44782.0,40763.0,4019.0,14544.0,12791.6,1752.4,1.0,24.98256511,8.974588004,584.0,359.0,225.0,239.2,115.6,123.6,11472.0,10821.0,651.0,3719.9,3481.7,238.1,3.833333333,2.4,eurostat,0.626086957
DEU,2020-10-01,44850.0,40853.0,3997.0,14814.9,13069.9,1745.0,1.0,25.409313095,8.911928651,580.0,356.0,224.0,241.2,116.9,124.3,11553.0,10903.0,650.0,3822.5,3579.4,243.0,3.8,2.6,eurostat,0.684210526
DEU,2021-01-01,44818.0,40840.0,3978.0,14884.6,13124.0,1760.6,1.0,25.547084448,8.875898077,579.0,356.0,223.0,245.2,119.2,126.1,11628.0,10979.0,649.0,3886.2,3643.6,242.6,3.9,2.9,eurostat,0.743589744
DEU,2021-04-01,44921.0,40967.0,3954.0,15205.9,13435.7,1770.2,1.0,26.038703844,8.802119276,578.0,356.0,222.0,245.9,119.9,126.0,11702.0,11055.0,647.0,3932.0,3690.1,241.9,3.7,2.9,eurostat,0.783783784
DEU,2021-07-01,45141.0,41209.0,3932.0,14947.4,13204.6,1742.8,1.0,25.471301035,8.710484925,584.0,362.0,222.0,244.0,118.4,125.6,11761.0,11116.0,645.0,3819.8,3585.1,234.7,3.433333333,3.4,eurostat,0.990291262
DEU,2021-10-01,45285.0,41374.0,3911.0,15139.9,13400.0,1739.9,1.0,25.71729474,8.636413824,579.0,360.0,219.0,243.2,117.9,125.3,11802.0,11157.0,645.0,3854.9,3620.2,234.7,3.366666667,3.7,eurostat,1.099009901
DEU,2022-01-01,45473.0,41575.0,3898.0,15304.1,13539.6,1764.5,1.0,25.888735327,8.572119719,579.0,359.0,220.0,243.5,118.4,125.2,11886.0,11244.0,642.0,3893.7,3657.7,236.0,3.233333333,4.1,eurostat,1.268041237
DEU,2022-04-01,45591.0,41702.0,3889.0,15337.5,13584.9,1752.6,1.0,25.878083225,8.530192363,582.0,360.0,222.0,244.9,119.3,125.6,11906.0,11264.0,642.0,3882.9,3648.1,234.8,3.1,4.5,eurostat,1.451612903
DEU,2022-07-01,45665.0,41789.0,3876.0,15366.8,13628.5,1738.3,1.0,25.885503963,8.487901018,582.0,360.0,222.0,244.8,119.9,124.9,11908.0,11268.0,640.0,3885.9,3652.5,233.4,3.1,4.3,eurostat,1.387096774
DEU,2022-10-01,45761.0,41903.0,3858.0,15377.1,13651.4,1725.7,1.0,25.848513934,8.430759817,581.0,360.0,221.0,242.6,118.8,123.8,11926.0,11286.0,640.0,3887.6,3655.2,232.4,3.1,4.3,eurostat,1.387096774
DEU,2023-01-01,45861.0,42024.0,3837.0,15385.7,13677.2,1708.4,1.0,25.806576058,8.366585988,574.0,356.0,218.0,239.3,118.0,121.3,11960.0,11321.0,639.0,3883.2,3652.3,230.9,3.033333333,4.2,eurostat,1.384615385
DEU,2023-04-01,45914.0,42096.0,3818.0,15475.3,13773.4,1701.9,1.0,25.926900124,8.315546456,569.0,352.0,217.0,238.0,116.8,121.3,11994.0,11355.0,639.0,3932.8,3701.0,231.8,3.0,4.2,eurostat,1.4
DEU,2023-07-01,45925.0,42123.0,3802.0,15454.7,13763.4,1691.2,1.0,25.886185671,8.278715297,571.0,355.0,216.0,238.6,117.9,120.7,12033.0,11395.0,638.0,3945.2,3714.2,231.0,3.066666667,4.1,eurostat,1.336956522
DEU,2023-10-01,45939.0,42153.0,3786.0,15371.8,13697.7,1674.1,1.0,25.739483965,8.241363547,571.0,357.0,214.0,236.7,117.8,118.9,12078.0,11442.0,636.0,3933.3,3704.9,228.4,3.166666667,3.6,eurostat,1.136842105
DEU,2024-01-01,45956.0,42189.0,3767.0,15411.4,13748.5,1662.9,1.0,25.796246577,8.196971016,571.0,357.0,214.0,236.7,118.4,118.3,12097.0,11463.0,634.0,3954.4,3727.3,227.1,3.233333333,3.5,eurostat,1.082474227
DEU,2024-04-01,45976.0,42227.0,3749.0,15482.5,13827.5,1655.0,1.0,25.903983349,8.154254394,566.0,355.0,211.0,236.5,119.3,117.3,12151.0,11518.0,633.0,3993.2,3766.4,226.9,3.4,3.2,eurostat,0.941176471
DEU,2024-07-01,45955.0,42223.0,3732.0,15470.3,13828.9,1641.3,1.0,25.895399346,8.120987923,563.0,355.0,208.0,235.0,119.6,115.4,12207.0,11573.0,634.0,4017.5,3791.1,226.4,3.4,3.1,eurostat,0.911764706
DEU,2024-10-01,45954.0,42242.0,3712.0,15518.7,13888.2,1630.5,1.0,25.976980325,8.07764286,562.0,357.0,205.0,231.9,119.4,112.5,12257.0,11622.0,635.0,4054.4,3828.3,226.2,3.433333333,3.0,eurostat,0.873786408
DEU,2025-01-01,45940.0,42248.0,3692.0,15423.6,13811.5,1612.1,1.0,25.825658886,8.036569438,557.0,357.0,200.0,227.1,117.5,109.6,12295.0,11657.0,638.0,4042.0,3817.4,224.6,3.566666667,2.7,eurostat,0.757009346
DEU,2025-04-01,45911.0,42240.0,3671.0,15339.5,13741.6,1597.9,1.0,25.701063764,7.995905121,555.0,358.0,197.0,224.4,117.5,106.8,12342.0,11703.0,639.0,4040.8,3816.5,224.3,3.7,2.6,eurostat,0.702702703
DEU,2025-07-01,45858.0,42203.0,3655.0,15330.9,13745.3,1585.6,1.0,25.716341751,7.970256008,551.0,357.0,194.0,222.7,117.4,105.3,12395.0,11754.0,641.0,4064.2,3839.9,224.3,3.8,2.5,eurostat,0.657894737
DEU,2025-10-01,45806.0,42165.0,3641.0,15337.2,13761.2,1576.0,1.0,25.756115255,7.94874034,550.0,358.0,192.0,222.4,117.8,104.6,12438.0,11796.0,642.0,4086.9,3863.0,223.9,3.9,2.6,eurostat,0.666666667
DEU,2026-01-01,45749.0,42122.0,3627.0,15385.5,13818.4,1567.1,1.0,25.869417911,7.928042143,549.0,358.0,191.0,221.0,117.6,103.4,12485.0,11843.0,642.0,4115.5,3892.1,223.4,,,,
DEU,2026-04-01,45696.0,42083.0,3613.0,15274.6,13719.4,1555.2,1.0,25.712737018,7.90660014,546.0,356.0,190.0,217.2,115.2,101.9,12530.0,11887.0,643.0,4099.4,3877.1,222.3,,,,
DNK,1995-01-01,2619.8,2393.3,226.5,926.3,822.6,103.7,1.0,27.198200685,8.645698145,112.0,41.9,70.1,49.9,17.2,32.7,799.1,787.0,12.1,262.7,257.9,4.8,,,,
DNK,1995-04-01,2610.2,2385.2,225.0,934.4,831.2,103.2,1.0,27.536940877,8.620029117,111.5,42.7,68.8,49.6,17.2,32.4,795.3,782.8,12.5,266.0,261.1,4.9,,,,
DNK,1995-07-01,2608.9,2389.4,219.5,926.6,824.5,102.1,1.0,27.320680393,8.413507609,107.6,43.2,64.4,48.5,17.1,31.4,791.8,779.9,11.9,263.5,258.7,4.8,,,,
DNK,1995-10-01,2609.2,2392.1,217.1,919.5,818.1,101.4,1.0,27.108220616,8.320558025,106.5,43.1,63.3,47.8,17.0,30.8,788.8,778.1,10.7,260.5,256.1,4.4,,,,
DNK,1996-01-01,2612.8,2396.2,216.6,921.4,818.4,103.0,1.0,27.126807669,8.289957134,104.2,41.3,62.9,47.4,16.4,31.0,790.7,779.9,10.8,260.3,255.7,4.6,,,,
DNK,1996-04-01,2634.2,2415.2,219.0,934.5,830.9,103.5,1.0,27.288974028,8.313719535,105.7,41.6,64.2,47.6,16.6,31.0,797.2,786.0,11.2,262.0,257.4,4.6,,,,
DNK,1996-07-01,2648.0,2427.5,220.5,933.1,828.8,104.3,1.0,27.106088775,8.327039275,105.1,41.2,63.9,47.0,16.4,30.6,805.4,793.2,12.2,262.5,257.6,5.0,,,,
DNK,1996-10-01,2656.9,2435.0,221.9,936.5,833.6,102.8,1.0,27.113727102,8.351838609,104.4,41.0,63.4,45.3,16.3,29.0,809.5,795.9,13.6,264.7,259.3,5.3,,,,
DNK,1997-01-01,2649.7,2431.8,217.9,965.0,864.1,100.9,1.0,28.014782515,8.22357248,103.1,41.0,62.1,44.6,17.0,27.6,809.1,797.1,12.0,274.1,269.1,5.0,,,,
DNK,1997-04-01,2674.9,2458.9,216.0,938.1,839.2,98.9,1.0,26.977284557,8.075068227,102.4,41.5,61.0,42.9,16.2,26.7,817.8,806.0,11.8,264.1,259.2,4.9,,,,
DNK,1997-07-01,2675.5,2462.2,213.4,957.2,858.6,98.6,1.0,27.520377212,7.976079238,100.4,41.4,59.0,42.7,16.5,26.2,821.6,809.8,11.8,275.1,270.2,4.9,,,,
DNK,1997-10-01,2697.6,2486.0,211.6,959.1,858.9,100.1,1.0,27.349096633,7.84400949,99.4,41.3,58.0,45.8,16.3,29.5,828.1,816.0,12.1,274.1,269.4,4.8,,,,
DNK,1998-01-01,2684.9,2474.3,210.7,951.2,852.9,98.3,1.0,27.252125133,7.847592089,98.5,40.8,57.7,41.2,16.2,25.0,829.6,817.5,12.1,271.3,266.3,5.0,,,,
DNK,1998-04-01,2706.3,2495.4,210.9,944.9,845.8,99.1,1.0,26.85756028,7.792927613,97.9,40.8,57.1,42.9,16.1,26.8,832.2,820.0,12.2,277.1,272.1,5.0,,,,
DNK,1998-07-01,2719.3,2507.7,211.6,982.2,884.6,97.6,1.0,27.784299693,7.781414335,97.2,40.3,57.0,43.6,16.2,27.4,833.5,821.2,12.4,278.0,272.8,5.2,,,,
DNK,1998-10-01,2737.9,2526.3,211.7,1030.2,920.6,109.6,1.0,28.944137421,7.732203514,96.5,40.3,56.2,47.2,16.5,30.6,835.2,822.5,12.7,289.8,283.8,6.0,,,,
DNK,1999-01-01,2731.0,2520.7,210.4,976.4,876.8,99.6,1.0,27.501901248,7.704137679,94.9,39.7,55.2,41.3,15.8,25.4,836.7,824.3,12.5,276.8,271.1,5.7,,,,
DNK,1999-04-01,2727.1,2517.0,210.1,1008.8,908.0,100.8,1.0,28.455135492,7.704154596,93.1,38.7,54.4,41.7,15.8,26.0,836.4,823.9,12.5,285.4,279.6,5.8,,,,
DNK,1999-07-01,2741.1,2530.9,210.2,1004.9,905.3,99.6,1.0,28.200357521,7.66845427,92.2,38.5,53.7,42.5,15.5,27.0,838.7,826.0,12.6,281.3,275.7,5.6,,,,
DNK,1999-10-01,2739.9,2529.7,210.1,993.1,893.2,100.0,1.0,27.881421837,7.668163072,91.3,38.5,52.8,40.6,15.1,25.5,840.2,827.6,12.6,280.1,274.5,5.6,,,,
DNK,2000-01-01,2755.6,2547.1,208.5,1029.9,924.8,105.2,1.0,28.749846466,7.566410219,91.3,39.2,52.1,42.4,16.4,26.0,836.6,824.1,12.5,281.9,276.5,5.4,,,,
DNK,2000-04-01,2749.2,2542.2,207.1,990.4,884.9,105.5,1.0,27.711558048,7.533100538,90.7,39.3,51.4,40.6,15.6,25.0,842.6,830.1,12.5,271.5,265.7,5.8,,,,
DNK,2000-07-01,2758.7,2553.8,204.9,1007.2,905.6,101.6,1.0,28.084577184,7.427411462,89.6,39.1,50.5,40.4,15.8,24.6,843.4,831.0,12.4,277.9,272.5,5.4,,,,
DNK,2000-10-01,2757.1,2555.7,201.4,1011.4,908.5,102.9,1.0,28.218055203,7.304776758,88.4,39.0,49.4,39.8,15.7,24.2,843.2,831.0,12.3,277.7,272.6,5.1,,,,
DNK,2001-01-01,2781.6,2582.0,199.6,1024.7,926.7,98.0,1.0,28.337315546,7.175726201,87.7,39.4,48.3,40.4,16.2,24.2,843.5,831.5,12.0,282.0,276.7,5.3,,,,
DNK,2001-04-01,2786.8,2586.3,200.4,1029.1,929.6,99.5,1.0,28.405891511,7.191043491,86.8,38.9,47.9,40.6,16.1,24.6,844.7,832.6,12.2,281.6,276.4,5.3,,,,
DNK,2001-07-01,2777.8,2574.5,203.3,1018.4,912.7,105.7,1.0,28.201620541,7.31874145,86.7,38.6,48.1,39.1,15.6,23.5,852.4,839.7,12.7,284.2,278.9,5.4,,,,
DNK,2001-10-01,2783.7,2577.0,206.7,1014.4,912.2,102.2,1.0,28.031314161,7.425369113,86.7,38.6,48.1,39.4,15.4,24.0,857.4,844.2,13.2,284.8,279.5,5.3,,,,
DNK,2002-01-01,2780.8,2566.6,214.3,1012.5,905.4,107.1,1.0,28.007988847,7.70641542,88.5,38.2,50.3,41.8,15.3,26.5,859.1,845.3,13.8,282.4,276.8,5.6,,,,
DNK,2002-04-01,2790.5,2583.1,207.5,1027.9,922.2,105.8,1.0,28.335148099,7.435943379,87.1,39.0,48.1,40.0,15.7,24.3,858.4,845.3,13.1,289.3,284.0,5.3,,,,
DNK,2002-07-01,2785.1,2580.7,204.5,1014.7,910.8,103.9,1.0,28.025509373,7.342644788,86.2,39.1,47.2,39.4,15.7,23.7,859.3,846.4,12.8,282.7,277.3,5.4,,,,
DNK,2002-10-01,2780.3,2576.0,204.3,1016.9,911.6,105.3,1.0,28.134761329,7.3481279,85.7,38.8,46.9,38.7,15.7,23.0,857.1,844.3,12.8,284.1,278.3,5.7,,,,
DNK,2003-01-01,2767.5,2551.0,216.5,1004.0,895.0,109.0,1.0,27.906330345,7.822944896,87.9,38.5,49.3,39.0,15.0,24.0,856.0,841.8,14.2,287.7,281.5,6.1,,,,
DNK,2003-04-01,2759.3,2551.6,207.7,1004.0,899.7,104.3,1.0,27.989261491,7.527271409,84.6,38.6,46.1,37.8,15.2,22.6,857.2,843.8,13.4,288.3,282.4,5.9,,,,
DNK,2003-07-01,2759.2,2558.5,200.7,1002.4,900.3,102.1,1.0,27.945669871,7.273847492,82.6,39.1,43.5,35.8,15.7,20.1,853.8,840.9,12.9,285.5,279.6,5.9,,,,
DNK,2003-10-01,2748.5,2552.8,195.7,1011.2,913.2,98.0,1.0,28.300751459,7.120247408,80.6,39.0,41.6,35.3,15.7,19.7,853.2,840.5,12.7,290.8,285.3,5.5,,,,
DNK,2004-01-01,2734.3,2537.7,196.5,989.9,891.9,98.1,1.0,27.848500108,7.186482829,81.0,38.5,42.5,35.6,14.9,20.7,848.1,835.2,12.9,284.0,278.9,5.1,,,,
DNK,2004-04-01,2749.2,2553.7,195.4,999.6,902.0,97.6,1.0,27.96897559,7.107522188,80.3,38.4,41.9,36.7,15.4,21.3,861.6,848.6,12.9,283.9,278.9,5.0,,,,
DNK,2004-07-01,2742.2,2547.2,195.1,1012.6,912.0,100.7,1.0,28.405042554,7.114725403,79.4,37.8,41.6,37.4,14.4,23.0,854.5,841.5,13.0,292.0,287.1,5.0,,,,
DNK,2004-10-01,2750.9,2556.5,194.4,999.0,897.8,101.2,1.0,27.934913609,7.066778145,78.7,37.5,41.2,36.7,14.8,21.9,864.6,851.6,12.9,288.8,283.7,5.1,,,,
DNK,2005-01-01,2765.7,2571.5,194.2,1003.0,906.8,96.2,1.0,27.896679377,7.021730484,78.1,37.1,41.0,33.6,14.8,18.8,867.6,854.7,12.9,291.3,286.1,5.1,,,,
DNK,2005-04-01,2784.0,2589.5,194.5,1015.3,917.4,97.9,1.0,28.05316092,6.986350575,78.3,37.5,40.8,35.3,14.9,20.5,865.4,852.2,13.2,294.8,289.4,5.3,,,,
DNK,2005-07-01,2786.9,2592.1,194.8,1013.5,920.6,93.0,1.0,27.97428629,6.989845348,77.8,37.2,40.5,34.6,15.1,19.4,862.6,849.1,13.5,294.2,288.5,5.7,,,,
DNK,2005-10-01,2796.1,2601.7,194.4,1007.5,911.9,95.5,1.0,27.717177497,6.952541039,76.8,36.8,39.9,34.5,14.5,20.0,861.9,848.1,13.7,292.4,287.0,5.4,,,,
DNK,2006-01-01,2822.7,2628.2,194.5,1038.9,944.0,94.9,1.0,28.311681941,6.89056577,75.8,36.4,39.5,32.3,14.5,17.8,871.7,858.0,13.7,304.3,298.9,5.3,,,,
DNK,2006-04-01,2838.5,2643.4,195.1,1024.1,926.9,97.2,1.0,27.753011477,6.8733486,75.3,36.1,39.1,31.6,14.2,17.4,870.5,856.7,13.8,297.7,292.4,5.3,,,,
DNK,2006-07-01,2850.4,2654.8,195.6,1025.2,931.9,93.3,1.0,27.666832185,6.86219478,74.9,36.1,38.8,32.5,14.0,18.4,871.0,857.0,13.9,297.2,292.2,5.1,,,,
DNK,2006-10-01,2872.2,2676.9,195.3,1054.7,957.1,97.5,1.0,28.246908025,6.799665761,74.1,35.8,38.3,33.2,14.3,18.8,871.8,857.9,14.0,306.1,300.5,5.7,,,,
DNK,2007-01-01,2914.4,2719.3,195.1,1052.8,963.1,89.8,1.0,27.787748897,6.69434532,73.8,36.0,37.8,32.5,14.5,18.0,870.5,856.2,14.3,304.2,298.7,5.5,,,,
DNK,2007-04-01,2913.0,2717.8,195.2,1045.2,953.1,92.2,1.0,27.600411946,6.700995537,73.2,35.7,37.5,32.4,14.0,18.3,865.1,850.5,14.6,299.9,294.0,5.8,,,,
DNK,2007-07-01,2910.6,2714.9,195.6,1033.4,940.8,92.5,1.0,27.311313026,6.720263863,73.3,36.0,37.3,31.5,13.6,17.9,864.2,849.4,14.8,297.6,291.8,5.8,,,,
DNK,2007-10-01,2911.7,2715.7,195.9,1041.4,948.5,92.8,1.0,27.512344097,6.7280283,73.3,36.1,37.2,30.8,13.6,17.2,861.8,846.9,14.9,294.6,288.7,6.0,,,,
DNK,2008-01-01,2942.5,2748.0,194.4,1058.7,971.0,87.6,1.0,27.676622443,6.606627018,74.7,37.9,36.8,31.1,14.9,16.2,862.8,848.1,14.7,300.3,294.3,6.0,,,,
DNK,2008-04-01,2942.3,2747.7,194.6,1055.9,967.9,87.9,1.0,27.605300929,6.6138735,73.9,37.3,36.6,30.5,14.6,16.0,865.6,850.8,14.9,300.1,294.0,6.0,,,,
DNK,2008-07-01,2958.4,2763.8,194.6,1053.0,965.6,87.4,1.0,27.379664684,6.577879935,73.4,36.9,36.6,29.8,14.2,15.6,871.4,856.5,15.0,303.3,297.2,6.1,,,,
DNK,2008-10-01,2952.4,2758.5,193.9,1049.3,962.3,86.9,1.0,27.338905506,6.567538274,73.6,37.3,36.3,29.8,14.4,15.4,877.2,862.2,15.0,306.3,300.2,6.1,,,,
DNK,2009-01-01,2900.7,2710.2,190.5,1036.1,951.6,84.5,1.0,27.476126452,6.567380288,72.3,37.2,35.1,28.8,14.2,14.6,884.0,868.9,15.2,308.7,302.5,6.1,,,,
DNK,2009-04-01,2859.3,2670.0,189.2,1013.5,930.4,83.2,1.0,27.265952667,6.617004162,71.9,36.8,35.1,28.1,14.0,14.1,892.1,877.0,15.1,310.4,304.3,6.1,,,,
DNK,2009-07-01,2845.3,2657.5,187.7,1003.9,921.4,82.5,1.0,27.140574605,6.596843918,71.8,37.2,34.6,27.9,14.0,13.9,900.1,884.9,15.2,311.8,305.6,6.2,,,,
DNK,2009-10-01,2820.1,2633.2,186.9,993.5,912.4,81.0,1.0,27.099420915,6.627424559,72.2,37.6,34.6,27.7,14.0,13.7,903.3,888.1,15.2,312.9,306.8,6.1,,,,
DNK,2010-01-01,2787.6,2602.1,185.5,989.7,908.9,80.8,1.0,27.31050697,6.654469795,70.4,37.4,33.0,27.4,14.0,13.4,905.7,890.5,15.2,312.3,306.1,6.2,,,,
DNK,2010-04-01,2788.7,2604.7,184.0,992.1,911.5,80.6,1.0,27.365935603,6.598056442,70.8,38.1,32.7,27.6,14.3,13.3,905.7,890.5,15.3,312.7,306.4,6.3,,,,
DNK,2010-07-01,2791.9,2608.4,183.5,992.5,912.1,80.4,1.0,27.345590403,6.572584978,71.2,38.7,32.5,27.6,14.4,13.2,903.3,887.9,15.4,312.4,306.1,6.3,,,,
DNK,2010-10-01,2791.3,2607.9,183.3,993.6,913.2,80.4,1.0,27.381782406,6.566832659,70.8,38.5,32.4,27.4,14.4,13.0,899.2,883.8,15.5,311.5,305.2,6.3,,,,
DNK,2011-01-01,2783.9,2600.5,183.4,999.7,918.4,81.3,1.0,27.623118647,6.587880312,70.2,38.1,32.1,27.5,14.2,13.3,894.5,879.0,15.5,310.7,304.4,6.3,,,,
DNK,2011-04-01,2788.0,2604.2,183.8,1001.4,919.7,81.7,1.0,27.629400728,6.592539455,69.4,37.4,32.0,27.1,14.1,13.1,890.4,874.8,15.6,309.8,303.5,6.3,,,,
DNK,2011-07-01,2788.0,2604.3,183.7,1001.8,920.1,81.7,1.0,27.640437038,6.588952654,68.8,37.0,31.8,26.8,13.9,12.9,886.3,870.6,15.7,308.6,302.3,6.4,,,,
DNK,2011-10-01,2786.7,2603.2,183.5,1001.0,919.4,81.6,1.0,27.63124843,6.584849464,68.7,37.1,31.6,26.8,14.0,12.9,884.8,869.0,15.9,306.7,300.4,6.3,,,,
DNK,2012-01-01,2774.2,2592.0,182.2,990.1,909.9,80.1,1.0,27.453513972,6.567659145,68.9,37.3,31.6,27.0,14.1,12.9,882.9,866.9,16.0,304.9,298.6,6.3,,,,
DNK,2012-04-01,2766.4,2584.6,181.8,983.1,904.2,79.0,1.0,27.336277083,6.571717756,68.9,37.3,31.5,26.7,14.0,12.6,880.3,864.2,16.1,303.3,296.9,6.4,,,,
DNK,2012-07-01,2763.2,2582.0,181.1,982.2,903.6,78.5,1.0,27.34288005,6.553995368,68.6,37.2,31.4,26.5,13.9,12.6,880.1,863.9,16.2,303.0,296.7,6.3,,,,
DNK,2012-10-01,2764.8,2584.4,180.4,983.1,904.9,78.2,1.0,27.352096688,6.524884259,68.3,37.1,31.2,26.2,13.8,12.4,880.8,864.6,16.2,304.3,297.9,6.3,,,,
DNK,2013-01-01,2763.2,2583.0,180.2,987.1,908.1,79.0,1.0,27.479288228,6.521424435,67.7,36.7,31.0,26.3,13.7,12.5,879.5,863.3,16.2,306.1,299.7,6.4,,,,
DNK,2013-04-01,2764.7,2584.9,179.8,982.5,903.3,79.2,1.0,27.336392041,6.503418092,67.6,36.9,30.8,26.2,13.7,12.5,880.3,864.0,16.3,301.4,295.0,6.4,,,,
DNK,2013-07-01,2771.1,2591.8,179.3,990.0,911.1,78.9,1.0,27.481450021,6.470354733,67.8,37.3,30.6,26.2,13.9,12.3,882.7,866.4,16.3,307.4,301.0,6.4,,,,
DNK,2013-10-01,2774.0,2594.5,179.5,987.3,908.9,78.4,1.0,27.37784926,6.470800288,68.3,37.8,30.6,26.3,14.2,12.2,884.0,867.7,16.3,306.9,300.4,6.5,,,,
DNK,2014-01-01,2778.0,2599.0,179.0,985.1,907.5,77.6,1.0,27.277510107,6.443484521,68.9,38.6,30.3,26.4,14.4,11.9,884.0,868.1,15.9,305.3,299.1,6.3,,,,
DNK,2014-04-01,2782.8,2603.6,179.2,983.9,906.3,77.6,1.0,27.19728884,6.43955728,69.3,39.1,30.2,26.6,14.6,12.0,883.5,867.5,16.0,303.6,297.2,6.4,,,,
DNK,2014-07-01,2787.4,2607.5,179.9,985.1,906.5,78.6,1.0,27.185521661,6.454043194,69.7,39.6,30.1,26.7,14.5,12.2,882.8,866.6,16.2,303.0,296.5,6.5,,,,
DNK,2014-10-01,2796.6,2615.3,181.3,984.6,904.9,79.7,1.0,27.082336243,6.482872059,70.5,40.2,30.3,26.6,14.2,12.4,884.0,867.4,16.5,302.6,296.0,6.6,,,,
DNK,2015-01-01,2811.3,2627.5,183.7,988.7,906.9,81.8,1.0,27.052910096,6.534343542,71.5,40.9,30.6,27.1,14.1,13.0,886.6,869.5,17.1,302.7,295.8,6.9,,,,
DNK,2015-04-01,2822.0,2638.1,183.9,992.5,909.6,82.9,1.0,27.053917026,6.516654855,71.5,41.0,30.5,26.9,13.8,13.1,888.3,871.0,17.3,302.8,295.7,7.1,,,,
DNK,2015-07-01,2832.3,2648.5,183.8,995.6,912.5,83.1,1.0,27.0397258,6.489425555,71.8,41.4,30.4,26.9,13.8,13.1,888.6,871.2,17.4,302.8,295.6,7.2,,,,
DNK,2015-10-01,2843.0,2660.0,183.0,1000.7,918.1,82.6,1.0,27.075949025,6.436862469,71.9,41.8,30.1,27.0,14.0,12.9,888.8,871.3,17.5,302.6,295.4,7.2,,,,
DNK,2016-01-01,2854.7,2673.9,180.7,1008.3,928.3,80.0,1.0,27.169768614,6.329912075,70.7,41.4,29.4,25.8,13.9,12.0,889.0,871.4,17.5,302.7,295.6,7.1,,,,
DNK,2016-04-01,2867.2,2687.4,179.9,1014.5,935.5,79.0,1.0,27.217655391,6.274414062,70.3,41.4,28.9,25.5,13.8,11.6,890.1,872.5,17.6,302.9,295.8,7.1,,,,
DNK,2016-07-01,2879.5,2699.4,180.1,1014.9,937.0,77.9,1.0,27.112078753,6.254558083,69.8,41.1,28.7,25.2,13.9,11.3,889.5,871.8,17.7,302.4,295.4,7.0,,,,
DNK,2016-10-01,2892.2,2711.9,180.3,1019.5,942.0,77.5,1.0,27.115371317,6.234008713,69.4,40.9,28.5,25.3,14.1,11.2,889.2,871.3,17.9,302.2,295.2,7.0,,,,
DNK,2017-01-01,2901.8,2720.9,180.9,1021.7,943.7,77.9,1.0,27.083985007,6.234061617,70.0,41.6,28.4,25.5,14.3,11.2,889.2,871.2,18.0,302.2,295.1,7.0,,,,
DNK,2017-04-01,2912.0,2730.9,181.2,1023.1,945.5,77.7,1.0,27.026098901,6.222527473,70.6,42.3,28.3,25.7,14.6,11.2,889.8,871.6,18.1,302.4,295.4,7.0,,,,
DNK,2017-07-01,2919.4,2738.6,180.8,1024.0,946.6,77.3,1.0,26.981308066,6.193053367,71.3,43.1,28.2,25.7,14.6,11.1,888.9,870.8,18.1,302.6,295.5,7.1,,,,
DNK,2017-10-01,2933.3,2752.3,181.1,1026.4,949.5,76.9,1.0,26.916389784,6.173933795,71.7,43.6,28.1,25.8,14.8,11.0,892.0,873.7,18.2,302.7,295.6,7.1,,,,
DNK,2018-01-01,2943.3,2761.6,181.7,1018.5,942.4,76.1,1.0,26.61847377,6.173342846,71.2,43.3,27.9,25.3,14.7,10.7,894.0,875.6,18.4,302.0,295.0,7.1,,,,
DNK,2018-04-01,2954.9,2773.5,181.4,1020.8,945.2,75.7,1.0,26.573852558,6.138955633,71.0,43.2,27.8,25.3,14.5,10.7,896.3,877.7,18.5,302.9,295.8,7.1,,,,
DNK,2018-07-01,2968.5,2786.8,181.7,1023.2,948.1,75.1,1.0,26.51429756,6.1209365,69.9,42.2,27.7,24.8,14.3,10.5,899.4,880.7,18.7,303.0,296.0,7.0,,,,
DNK,2018-10-01,2980.6,2798.6,181.9,1027.1,952.6,74.5,1.0,26.507311383,6.102798094,69.5,41.9,27.6,24.6,14.2,10.4,901.9,883.0,18.8,303.8,296.9,6.9,,,,
DNK,2019-01-01,2993.4,2811.7,181.7,1027.4,956.9,70.5,1.0,26.401673425,6.070020712,69.7,42.3,27.3,23.8,14.2,9.6,904.6,885.6,18.9,304.6,298.1,6.6,,,,
DNK,2019-04-01,3001.2,2819.3,181.9,1029.7,959.6,70.1,1.0,26.3920073,6.06090897,69.0,41.8,27.2,23.8,14.2,9.6,907.6,888.6,19.0,305.2,298.6,6.5,,,,
DNK,2019-07-01,3008.4,2827.4,181.1,1032.6,962.9,69.7,1.0,26.402994692,6.019811195,68.8,41.8,27.0,23.7,14.1,9.6,910.3,891.3,19.0,306.0,299.5,6.5,,,,
DNK,2019-10-01,3013.7,2833.6,180.1,1033.2,963.9,69.3,1.0,26.371876125,5.976042738,68.4,41.7,26.7,23.4,13.9,9.5,911.2,892.3,18.9,306.1,299.5,6.6,,,,
DNK,2020-01-01,3005.1,2827.1,178.0,1017.9,951.1,66.8,1.0,26.055705301,5.923263785,68.5,42.2,26.3,23.8,14.4,9.4,910.2,891.3,18.9,301.4,294.8,6.6,,,,
DNK,2020-04-01,2923.4,2746.3,177.2,948.9,883.8,65.1,1.0,24.968292978,6.061435315,68.3,42.2,26.1,23.6,14.3,9.3,906.8,888.0,18.9,294.9,288.5,6.4,,,,
DNK,2020-07-01,2965.6,2787.1,178.5,1007.1,939.3,67.8,1.0,26.122616256,6.019018074,68.5,42.4,26.1,23.8,14.4,9.4,914.1,895.1,19.0,306.2,299.5,6.7,,,,
DNK,2020-10-01,2989.3,2809.5,179.8,1008.8,941.2,67.6,1.0,25.959254675,6.01478607,69.8,43.9,25.9,24.0,14.7,9.3,926.1,906.8,19.3,303.9,297.1,6.8,,,,
DNK,2021-01-01,2964.0,2785.4,178.6,1018.4,944.0,74.4,1.0,26.429980276,6.025641026,67.1,41.4,25.6,24.9,14.5,10.4,928.7,909.6,19.1,313.1,305.8,7.3,,,,
DNK,2021-04-01,3012.4,2834.8,177.6,1052.1,976.8,75.2,1.0,26.86587745,5.89563139,65.3,39.9,25.3,24.4,14.1,10.3,946.4,927.4,19.1,319.0,311.6,7.5,,,,
DNK,2021-07-01,3069.1,2891.4,177.7,1069.7,994.9,74.8,1.0,26.810666119,5.789971001,64.7,39.4,25.2,24.1,14.0,10.1,951.0,931.7,19.2,319.9,312.4,7.4,,,,
DNK,2021-10-01,3107.2,2928.8,178.4,1079.3,1004.4,74.9,1.0,26.719579339,5.741503605,64.5,39.5,25.1,23.9,13.8,10.1,951.7,932.3,19.5,320.7,313.2,7.5,,,,
DNK,2022-01-01,3139.7,2960.2,179.5,1080.7,1005.0,75.7,1.0,26.477296949,5.71710673,64.8,39.8,25.0,23.5,13.6,9.9,960.1,939.9,20.2,316.0,308.1,7.9,,,,
DNK,2022-04-01,3156.1,2976.0,180.1,1098.3,1022.4,76.0,1.0,26.768675069,5.70640981,65.5,40.6,24.9,23.6,13.9,9.7,954.1,933.6,20.5,319.1,310.9,8.2,,,,
DNK,2022-07-01,3171.0,2990.5,180.5,1099.0,1023.6,75.4,1.0,26.659874342,5.692210659,66.2,41.4,24.8,23.8,14.1,9.7,958.3,937.7,20.6,321.2,313.1,8.2,,,,
DNK,2022-10-01,3177.9,2998.2,179.7,1101.8,1027.5,74.3,1.0,26.669764988,5.654677617,66.5,42.0,24.6,23.7,14.2,9.5,963.1,942.6,20.6,323.7,315.6,8.1,,,,
DNK,2023-01-01,3188.5,3012.8,175.7,1098.3,1028.1,70.2,1.0,26.496664696,5.510428101,64.7,40.4,24.2,23.2,14.1,9.2,967.0,946.5,20.5,322.4,314.6,7.9,,,,
DNK,2023-04-01,3192.1,3016.9,175.1,1094.5,1024.8,69.7,1.0,26.375209953,5.485417124,63.7,39.6,24.1,23.0,13.9,9.1,968.9,948.2,20.6,322.5,314.6,7.9,,,,
DNK,2023-07-01,3196.2,3021.8,174.4,1095.6,1026.1,69.5,1.0,26.367850284,5.456479569,62.7,38.8,23.9,22.5,13.4,9.0,970.5,949.7,20.8,323.6,315.6,7.9,,,,
DNK,2023-10-01,3200.0,3026.0,174.0,1096.1,1026.9,69.2,1.0,26.348557692,5.4375,62.1,38.4,23.7,22.0,13.0,9.0,972.6,951.7,20.9,324.5,316.6,8.0,,,,
DNK,2024-01-01,3206.0,3033.0,173.0,1100.2,1033.7,66.5,1.0,26.397619847,5.396132252,62.7,39.2,23.5,22.1,13.4,8.7,975.2,954.4,20.9,326.6,318.9,7.7,,,,
DNK,2024-04-01,3213.9,3041.5,172.4,1097.7,1031.8,66.0,1.0,26.272896337,5.364199259,62.7,39.4,23.3,21.8,13.1,8.7,978.5,957.6,20.9,328.3,320.6,7.6,,,,
DNK,2024-07-01,3217.4,3045.7,171.7,1095.8,1030.6,65.2,1.0,26.198889691,5.336607198,62.7,39.7,23.1,21.5,13.1,8.5,979.2,958.3,20.9,329.2,321.6,7.7,,,,
DNK,2024-10-01,3223.9,3053.0,170.9,1098.1,1033.2,64.9,1.0,26.200946298,5.30103291,62.5,39.7,22.8,21.5,13.1,8.4,980.6,959.6,21.0,329.4,321.7,7.7,,,,
DNK,2025-01-01,3233.4,3063.3,170.1,1100.4,1035.5,64.9,1.0,26.178683072,5.260716274,62.1,39.6,22.5,21.6,13.2,8.4,982.0,960.8,21.2,329.1,321.4,7.8,,,,
DNK,2025-04-01,3239.8,3070.8,169.0,1101.4,1037.1,64.3,1.0,26.150712057,5.216371381,61.8,39.6,22.3,21.5,13.3,8.2,982.6,961.5,21.1,329.6,321.9,7.7,,,,
DNK,2025-07-01,3248.9,3080.6,168.2,1105.5,1041.7,63.8,1.0,26.174539548,5.177136877,61.7,39.6,22.1,21.6,13.4,8.1,986.5,965.4,21.1,331.1,323.4,7.7,,,,
DNK,2025-10-01,3257.6,3090.6,167.0,1107.5,1044.3,63.2,1.0,26.151862627,5.126473477,62.0,40.1,21.9,21.6,13.6,8.0,990.8,969.7,21.1,332.6,324.9,7.7,,,,
DNK,2026-01-01,3263.9,3097.2,166.7,1108.4,1045.4,63.0,1.0,26.122595196,5.107386868,62.2,40.5,21.7,21.8,13.8,8.0,995.1,973.8,21.3,333.7,325.9,7.8,,,,
DNK,2026-04-01,3271.7,3106.3,165.4,1112.7,1050.0,62.7,1.0,26.161416906,5.055475747,61.9,40.5,21.4,21.8,13.8,8.0,999.7,978.4,21.2,334.5,326.8,7.7,,,,
ESP,1995-01-01,13811.7,11015.6,2796.1,6048.6,4629.3,1419.3,1.0,33.687158212,20.244430447,972.9,340.9,632.0,513.7,155.9,357.8,2721.2,2646.5,74.7,1083.8,1048.2,35.6,,,,
ESP,1995-04-01,13884.1,11085.4,2798.7,6028.1,4630.5,1397.6,1.0,33.397915601,20.157590337,1011.4,365.0,646.4,521.1,162.7,358.4,2708.2,2635.7,72.5,1072.8,1046.7,26.0,,,,
ESP,1995-07-01,13863.8,11078.5,2785.3,6013.5,4621.6,1392.0,1.0,33.365810462,20.090451391,997.3,347.7,649.6,514.1,154.9,359.2,2702.4,2633.1,69.3,1078.5,1056.3,22.1,,,,
ESP,1995-10-01,13872.8,11107.3,2765.5,5966.2,4578.2,1388.0,1.0,33.081891294,19.934692348,980.8,338.4,642.4,511.8,156.1,355.6,2700.2,2629.9,70.3,1048.6,1009.3,39.3,,,,
ESP,1996-01-01,13904.2,11092.6,2811.6,5990.4,4606.6,1383.8,1.0,33.14106529,20.221228118,1015.7,342.1,673.6,512.2,150.4,361.8,2689.2,2622.6,66.6,1053.5,1025.2,28.3,,,,
ESP,1996-04-01,13961.7,11187.6,2774.1,6056.8,4689.1,1367.6,1.0,33.370412794,19.869356883,1003.1,342.1,661.0,516.7,157.0,359.7,2687.2,2617.2,70.0,1058.1,1033.8,24.2,,,,
ESP,1996-07-01,14120.3,11326.3,2794.0,6152.8,4780.3,1372.5,1.0,33.518573096,19.787115005,1024.2,372.1,652.1,528.8,170.9,357.9,2698.7,2626.4,72.3,1071.5,1046.8,24.8,,,,
ESP,1996-10-01,14247.4,11471.9,2775.5,6267.6,4887.5,1380.2,1.0,33.839372582,19.480747364,1015.8,371.7,644.1,534.0,173.3,360.7,2694.5,2627.4,67.1,1091.0,1055.2,35.8,,,,
ESP,1997-01-01,14395.5,11678.6,2716.9,6293.8,4954.9,1338.8,1.0,33.631236257,18.873259005,1013.8,402.8,611.0,524.2,181.0,343.2,2721.7,2648.6,73.1,1083.8,1054.3,29.5,,,,
ESP,1997-04-01,14497.2,11786.3,2710.9,6276.3,4948.9,1327.4,1.0,33.302452038,18.699473002,980.7,381.8,598.9,514.2,171.8,342.3,2758.0,2688.2,69.8,1077.5,1054.3,23.1,,,,
ESP,1997-07-01,14639.8,11942.5,2697.3,6378.8,5043.3,1335.5,1.0,33.516641148,18.424432028,993.6,398.0,595.6,520.0,179.0,341.0,2767.0,2696.6,70.4,1088.1,1063.2,24.9,,,,
ESP,1997-10-01,14803.5,12112.2,2691.3,6474.2,5140.9,1333.3,1.0,33.641732335,18.180160097,985.5,403.0,582.5,508.8,178.4,330.4,2798.5,2721.8,76.7,1111.0,1075.3,35.7,,,,
ESP,1998-01-01,14974.8,12236.7,2738.1,6474.6,5132.7,1341.9,1.0,33.258951962,18.284718327,1022.9,426.0,596.9,541.1,198.6,342.5,2804.6,2728.6,76.0,1084.3,1061.6,22.6,,,,
ESP,1998-04-01,15120.4,12376.8,2743.6,6619.5,5264.4,1355.1,1.0,33.675849031,18.145022618,976.6,402.0,574.6,511.5,184.6,326.9,2822.7,2744.8,77.9,1121.6,1094.2,27.4,,,,
ESP,1998-07-01,15331.1,12553.2,2777.9,6807.7,5411.2,1396.6,1.0,34.157316224,18.119378257,998.1,416.4,581.7,528.2,194.3,333.8,2848.4,2766.8,81.6,1150.5,1119.1,31.4,,,,
ESP,1998-10-01,15464.5,12688.1,2776.4,6775.1,5388.3,1386.8,1.0,33.700510101,17.953377089,980.4,407.6,572.8,520.0,189.5,330.5,2877.1,2803.8,73.3,1151.5,1116.1,35.3,,,,
ESP,1999-01-01,15639.8,12874.9,2764.9,6851.3,5480.5,1370.8,1.0,33.697558596,17.678614816,954.4,393.2,561.2,504.6,181.4,323.2,2903.6,2819.4,84.2,1160.0,1134.0,25.9,,,,
ESP,1999-04-01,15832.8,13040.3,2792.5,7064.1,5671.3,1392.8,1.0,34.320670235,17.637436208,970.3,410.9,559.4,517.3,189.6,327.6,2920.4,2832.2,88.2,1199.3,1168.2,31.1,,,,
ESP,1999-07-01,16018.8,13227.0,2791.8,6971.0,5611.2,1359.8,1.0,33.475089846,17.428271781,974.8,411.7,563.1,509.8,189.1,320.6,2931.1,2844.7,86.4,1127.0,1099.7,27.2,,,,
ESP,1999-10-01,16171.0,13401.8,2769.2,7099.6,5699.5,1400.1,1.0,33.771756658,17.124482098,970.5,416.6,553.9,503.1,189.8,313.3,2916.9,2846.1,70.8,1152.8,1112.1,40.7,,,,
ESP,2000-01-01,16455.6,13630.2,2825.4,7252.2,5841.8,1410.4,1.0,33.901014759,17.169838839,962.9,404.6,558.3,502.7,186.4,316.3,2972.6,2883.7,88.9,1196.6,1167.1,29.5,,,,
ESP,2000-04-01,16663.2,13824.7,2838.5,7296.4,5896.7,1399.7,1.0,33.682698309,17.034543185,1000.6,428.6,572.0,501.6,192.3,309.2,2991.1,2902.9,88.2,1194.0,1165.8,28.3,,,,
ESP,2000-07-01,16811.5,13956.0,2855.5,7337.8,5937.2,1400.6,1.0,33.575002459,16.985396901,990.6,423.5,567.1,494.8,190.6,304.2,3020.9,2932.0,88.9,1186.2,1161.2,24.9,,,,
ESP,2000-10-01,16982.9,14121.9,2861.0,7439.8,6009.5,1430.3,1.0,33.698149768,16.846357218,1009.9,440.1,569.8,493.3,193.5,299.9,3029.0,2952.2,76.8,1201.1,1166.7,34.4,,,,
ESP,2001-01-01,17139.0,14254.2,2884.8,7550.6,6121.2,1429.4,1.0,33.888522353,16.831787152,1009.2,443.0,566.2,496.5,195.4,301.1,3058.5,2970.4,88.1,1216.6,1185.1,31.4,,,,
ESP,2001-04-01,17229.2,14331.7,2897.5,7569.8,6124.4,1445.4,1.0,33.796827925,16.817379797,1001.7,441.2,560.5,509.7,202.1,307.5,3069.5,2982.2,87.3,1201.7,1176.0,25.7,,,,
ESP,2001-07-01,17320.5,14444.3,2876.2,7658.5,6219.8,1438.7,1.0,34.012608448,16.605756185,986.3,437.5,548.8,501.4,198.9,302.5,3081.4,2993.6,87.8,1219.1,1190.9,28.2,,,,
ESP,2001-10-01,17455.3,14541.8,2913.5,7690.3,6237.2,1453.2,1.0,33.890081434,16.691205536,1002.0,438.7,563.3,500.2,197.1,303.1,3105.4,3015.8,89.6,1233.3,1196.7,36.5,,,,
ESP,2002-01-01,17541.2,14619.6,2921.6,7760.4,6306.3,1454.1,1.0,34.03152841,16.655644996,1016.4,451.8,564.6,511.2,202.5,308.8,3103.3,3017.2,86.1,1237.2,1205.5,31.8,,,,
ESP,2002-04-01,17690.6,14755.1,2935.5,7774.0,6317.5,1456.5,1.0,33.80326275,16.593558161,1008.8,447.2,561.6,501.2,198.9,302.2,3129.9,3043.6,86.3,1220.9,1195.1,25.9,,,,
ESP,2002-07-01,17787.1,14877.3,2909.8,7799.8,6364.0,1435.8,1.0,33.731446688,16.359046725,974.5,431.3,543.2,486.0,191.3,294.7,3165.2,3078.0,87.2,1234.5,1207.1,27.4,,,,
ESP,2002-10-01,17910.3,15001.2,2909.1,7913.9,6473.8,1440.1,1.0,33.989466311,16.242609002,981.9,427.3,554.6,483.7,188.7,295.1,3186.8,3101.2,85.6,1264.5,1229.0,35.5,,,,
ESP,2003-01-01,18058.6,15171.4,2887.2,7931.7,6492.5,1439.2,1.0,33.786161122,15.987950339,971.4,445.2,526.2,480.1,192.9,287.2,3227.3,3141.6,85.7,1269.5,1238.2,31.4,,,,
ESP,2003-04-01,18250.1,15346.1,2904.0,7956.7,6517.7,1439.1,1.0,33.537013285,15.912241577,994.0,456.5,537.5,487.9,203.0,284.9,3254.1,3168.1,86.0,1270.5,1242.0,28.5,,,,
ESP,2003-07-01,18392.6,15452.6,2940.0,8020.6,6561.0,1459.6,1.0,33.544427148,15.984689495,989.7,448.5,541.2,487.9,199.6,288.3,3263.7,3179.3,84.4,1276.7,1248.5,28.2,,,,
ESP,2003-10-01,18554.7,15604.7,2950.0,8163.7,6695.5,1468.3,1.0,33.844628212,15.898936658,1005.3,475.4,529.9,486.5,206.4,280.2,3285.3,3197.0,88.3,1293.7,1258.4,35.3,,,,
ESP,2004-01-01,18757.2,15800.3,2956.9,8153.6,6682.4,1471.2,1.0,33.437826541,15.764079927,982.9,467.6,515.3,481.9,202.4,279.6,3301.2,3211.9,89.3,1278.8,1247.9,30.9,,,,
ESP,2004-04-01,18898.6,15909.6,2989.0,8231.0,6746.7,1484.3,1.0,33.502685181,15.815986369,968.3,447.4,520.9,464.9,192.6,272.3,3327.2,3238.6,88.6,1304.1,1270.0,34.1,,,,
ESP,2004-07-01,19072.8,16065.6,3007.2,8245.2,6760.7,1484.5,1.0,33.25396134,15.766956084,972.3,457.5,514.8,471.5,201.6,269.9,3363.4,3271.1,92.3,1300.9,1269.4,31.6,,,,
ESP,2004-10-01,19269.4,16222.5,3046.9,8335.3,6837.1,1498.2,1.0,33.274358469,15.81211662,958.1,444.3,513.8,470.4,198.8,271.6,3394.2,3304.8,89.4,1324.9,1290.3,34.7,,,,
ESP,2005-01-01,19435.1,16386.3,3048.8,8345.1,6847.2,1497.9,1.0,33.02945543,15.68708162,937.4,434.2,503.2,451.8,187.4,264.4,3435.9,3342.6,93.3,1331.5,1296.0,35.6,,,,
ESP,2005-04-01,19678.6,16645.3,3033.3,8529.4,7024.4,1504.9,1.0,33.341177335,15.414206295,947.1,450.9,496.2,462.3,200.1,262.2,3473.5,3376.1,97.4,1355.7,1317.2,38.4,,,,
ESP,2005-07-01,19978.5,16927.3,3051.2,8534.3,7034.7,1499.6,1.0,32.859554791,15.272417849,973.4,469.3,504.1,461.0,201.8,259.2,3509.6,3411.4,98.2,1343.2,1307.9,35.3,,,,
ESP,2005-10-01,20141.0,17059.1,3081.9,8621.2,7103.1,1518.1,1.0,32.926330906,15.301623554,960.1,466.8,493.3,456.5,196.9,259.6,3549.8,3445.5,104.3,1362.9,1326.6,36.3,,,,
ESP,2006-01-01,20351.7,17272.2,3079.5,8755.4,7232.3,1523.1,1.0,33.092680596,15.131414083,912.3,443.7,468.6,439.9,195.5,244.4,3608.9,3504.9,104.0,1402.2,1363.1,39.1,,,,
ESP,2006-04-01,20532.3,17432.5,3099.8,8749.0,7213.6,1535.4,1.0,32.777623549,15.097188333,925.4,455.9,469.5,441.3,196.9,244.4,3640.6,3535.7,104.9,1401.1,1359.0,42.0,,,,
ESP,2006-07-01,20727.5,17658.5,3069.0,8861.8,7340.6,1521.2,1.0,32.887561118,14.806416596,903.2,452.6,450.6,426.6,192.5,234.1,3670.2,3565.3,104.9,1421.7,1380.2,41.5,,,,
ESP,2006-10-01,20896.9,17816.4,3080.5,8845.4,7316.1,1529.3,1.0,32.560589591,14.741420976,881.1,446.2,434.9,425.1,189.6,235.5,3707.9,3603.7,104.2,1398.3,1364.7,33.7,,,,
ESP,2007-01-01,21130.5,18027.5,3103.0,8952.5,7414.6,1537.9,1.0,32.59051353,14.6849341,917.0,472.3,444.7,433.6,205.0,228.6,3725.0,3623.6,101.4,1399.9,1363.4,36.5,,,,
ESP,2007-04-01,21240.3,18148.1,3092.2,9000.3,7456.5,1543.8,1.0,32.595150221,14.55817479,889.5,462.8,426.7,425.3,196.9,228.4,3727.7,3628.4,99.3,1420.5,1378.3,42.3,,,,
ESP,2007-07-01,21358.1,18251.3,3106.8,9066.6,7512.4,1554.2,1.0,32.654157871,14.546237727,880.0,456.4,423.6,417.3,189.1,228.2,3763.4,3664.3,99.1,1419.7,1378.9,40.9,,,,
ESP,2007-10-01,21457.9,18347.9,3110.0,9075.6,7525.0,1550.6,1.0,32.534547972,14.493496568,869.1,449.3,419.8,413.5,190.4,223.1,3771.5,3673.7,97.8,1412.5,1381.0,31.5,,,,
ESP,2008-01-01,21672.9,18565.7,3107.2,9141.9,7566.5,1575.5,1.0,32.447114919,14.33679849,872.7,440.8,431.9,416.3,187.7,228.6,3787.8,3690.0,97.8,1426.4,1392.3,34.1,,,,
ESP,2008-04-01,21468.9,18399.1,3069.8,9149.4,7582.6,1566.8,1.0,32.782303704,14.298822949,861.6,441.3,420.3,401.3,181.6,219.7,3830.0,3732.0,98.0,1447.9,1408.8,39.1,,,,
ESP,2008-07-01,21235.8,18162.9,3072.9,9032.6,7460.8,1571.8,1.0,32.7190586,14.470375498,857.1,435.7,421.4,408.5,182.0,226.4,3839.0,3742.7,96.3,1446.1,1403.3,42.8,,,,
ESP,2008-10-01,20871.2,17819.5,3051.7,9014.9,7453.3,1561.7,1.0,33.225394139,14.621583809,836.2,440.6,395.6,400.8,186.3,214.5,3946.4,3844.1,102.3,1505.4,1469.5,35.9,,,,
ESP,2009-01-01,20331.4,17408.2,2923.2,8659.6,7168.5,1491.1,1.0,32.76326652,14.377760508,839.8,445.7,394.1,400.6,188.2,212.4,3882.2,3786.3,95.9,1484.2,1450.8,33.4,,,,
ESP,2009-04-01,20015.4,17137.5,2877.9,8547.6,7064.6,1483.0,1.0,32.850090046,14.37842861,823.2,440.7,382.5,394.7,184.8,209.9,3901.3,3804.8,96.5,1487.5,1448.8,38.6,,,,
ESP,2009-07-01,19812.7,16955.7,2857.0,8502.3,7027.5,1474.8,1.0,33.010295261,14.420043709,805.1,422.5,382.6,383.2,179.6,203.6,3923.5,3825.2,98.3,1517.9,1474.0,43.9,,,,
ESP,2009-10-01,19711.7,16891.4,2820.3,8458.6,7011.2,1447.4,1.0,33.00890022,14.307746161,795.1,425.5,369.6,377.4,177.0,200.4,3939.4,3840.5,98.9,1514.8,1478.1,36.7,,,,
ESP,2010-01-01,19707.2,16893.9,2813.3,8352.3,6931.2,1421.2,1.0,32.601516978,14.275493221,841.2,466.4,374.8,380.9,189.7,191.2,3961.3,3858.4,102.9,1502.9,1463.9,39.1,19.233333333,1.4,eurostat,0.072790295
ESP,2010-04-01,19619.5,16814.8,2804.7,8445.2,6984.0,1461.2,1.0,33.111484453,14.295471342,815.6,447.4,368.2,390.8,195.2,195.6,3971.6,3867.7,103.9,1517.0,1474.0,43.1,19.966666667,1.4,eurostat,0.070116861
ESP,2010-07-01,19574.3,16793.2,2781.1,8346.2,6895.7,1450.5,1.0,32.798893683,14.207915481,825.4,470.7,354.7,390.5,202.0,188.5,3999.0,3892.2,106.8,1509.6,1463.4,46.2,20.0,1.1,eurostat,0.055
ESP,2010-10-01,19522.2,16696.1,2826.1,8249.2,6804.9,1444.3,1.0,32.504218078,14.476339757,822.2,459.1,363.1,389.7,197.3,192.4,4028.5,3922.1,106.4,1495.3,1457.1,38.2,20.233333333,1.1,eurostat,0.054365733
ESP,2011-01-01,19348.3,16596.6,2751.7,8314.5,6894.0,1420.4,1.0,33.055975103,14.221921306,804.2,452.1,352.1,390.3,202.4,188.0,4040.5,3935.7,104.8,1534.3,1489.9,44.4,20.5,1.1,eurostat,0.053658537
ESP,2011-04-01,19261.9,16499.9,2762.0,8189.1,6750.4,1438.7,1.0,32.70345964,14.339187723,791.4,437.0,354.4,373.5,186.8,186.7,4063.2,3957.6,105.6,1533.2,1490.0,43.2,20.766666667,1.0,eurostat,0.048154093
ESP,2011-07-01,19035.7,16301.6,2734.1,8139.0,6708.9,1430.1,1.0,32.889619141,14.363012655,792.0,440.3,351.7,376.6,191.0,185.6,4054.1,3948.9,105.2,1537.7,1492.6,45.1,21.733333333,1.0,eurostat,0.04601227
ESP,2011-10-01,18874.9,16129.9,2745.0,8043.1,6610.4,1432.7,1.0,32.77898161,14.543123407,826.0,468.2,357.8,392.2,202.9,189.3,4026.6,3920.6,106.0,1526.7,1485.5,41.2,22.633333333,0.8,eurostat,0.035346097
ESP,2012-01-01,18594.0,15861.7,2732.3,7930.7,6505.1,1425.6,1.0,32.809177485,14.694525116,779.2,425.1,354.1,374.3,183.9,190.4,3978.2,3868.2,110.0,1525.0,1477.4,47.6,23.566666667,0.8,eurostat,0.033946252
ESP,2012-04-01,18397.5,15652.1,2745.4,7807.8,6378.3,1429.5,1.0,32.64573991,14.922679712,765.7,420.0,345.7,369.2,182.6,186.6,3938.9,3828.8,110.1,1509.4,1465.3,44.2,24.533333333,0.7,eurostat,0.028532609
ESP,2012-07-01,18205.8,15423.2,2782.6,7747.5,6303.4,1444.1,1.0,32.734707536,15.284140219,788.1,432.9,355.2,380.9,187.8,193.1,3910.9,3800.0,110.9,1507.1,1462.7,44.4,25.233333333,0.7,eurostat,0.027741083
ESP,2012-10-01,18040.7,15261.4,2779.3,7625.8,6180.7,1445.1,1.0,32.515368029,15.405721507,782.6,438.0,344.6,370.2,187.9,182.3,3918.8,3804.6,114.2,1498.8,1455.1,43.8,25.866666667,0.7,eurostat,0.027061856
ESP,2013-01-01,17950.2,15193.7,2756.5,7590.0,6145.0,1445.0,1.0,32.52588572,15.356374859,726.3,383.8,342.5,341.3,162.9,178.4,3942.9,3828.4,114.5,1514.5,1466.0,48.5,26.3,0.6,eurostat,0.022813688
ESP,2013-04-01,17895.2,15100.0,2795.2,7543.6,6082.3,1461.3,1.0,32.426400547,15.619831016,786.9,432.8,354.1,376.4,186.0,190.3,3976.7,3857.8,118.9,1496.8,1452.4,44.4,26.2,0.7,eurostat,0.026717557
ESP,2013-07-01,17893.7,15103.9,2789.8,7529.8,6057.9,1471.9,1.0,32.369794096,15.590962182,777.0,425.6,351.4,373.7,183.8,189.9,4007.9,3885.7,122.2,1512.9,1464.4,48.5,26.133333333,0.6,eurostat,0.022959184
ESP,2013-10-01,17888.5,15113.2,2775.3,7565.3,6103.3,1462.0,1.0,32.531858672,15.514436649,790.6,445.4,345.2,377.0,193.3,183.7,4021.3,3896.9,124.4,1522.0,1472.1,49.9,25.8,0.5,eurostat,0.019379845
ESP,2014-01-01,17893.4,15125.3,2768.1,7560.9,6091.5,1469.4,1.0,32.504034577,15.469949814,793.9,461.4,332.5,368.5,191.0,177.5,4042.3,3913.7,128.6,1527.1,1475.5,51.6,25.3,0.4,eurostat,0.015810277
ESP,2014-04-01,18045.5,15256.2,2789.3,7617.5,6138.0,1479.5,1.0,32.471338476,15.457039151,786.1,456.8,329.3,373.4,194.0,179.4,4047.3,3917.1,130.2,1539.0,1485.6,53.4,24.6,0.4,eurostat,0.016260163
ESP,2014-07-01,18144.3,15328.7,2815.6,7636.1,6152.8,1483.3,1.0,32.373379391,15.517821024,764.0,436.9,327.1,362.3,188.5,173.8,4048.3,3914.5,133.8,1533.0,1477.3,55.7,24.133333333,0.5,eurostat,0.020718232
ESP,2014-10-01,18287.2,15464.2,2823.0,7728.4,6239.8,1488.6,1.0,32.508656749,15.437026992,764.4,438.9,325.5,364.6,190.0,174.6,4058.5,3920.3,138.2,1544.3,1486.8,57.5,23.8,0.5,eurostat,0.021008403
ESP,2015-01-01,18404.6,15584.0,2820.6,7731.8,6242.5,1489.3,1.0,32.31549972,15.325516447,757.2,428.1,329.1,357.9,184.2,173.7,4066.6,3924.5,142.1,1533.5,1476.8,56.7,23.133333333,0.5,eurostat,0.021613833
ESP,2015-04-01,18575.8,15740.6,2835.2,7841.1,6352.6,1488.5,1.0,32.470285988,15.262868894,788.8,471.0,317.8,366.8,202.0,164.9,4076.9,3930.8,146.1,1546.7,1487.8,58.9,22.5,0.4,eurostat,0.017777778
ESP,2015-07-01,18689.2,15851.4,2837.8,7916.4,6408.0,1508.5,1.0,32.583194902,15.184170537,790.6,476.8,313.8,367.9,206.2,161.7,4097.7,3947.9,149.8,1558.9,1494.9,64.0,21.633333333,0.5,eurostat,0.023112481
ESP,2015-10-01,18789.6,15912.0,2877.6,7968.9,6448.9,1520.1,1.0,32.624021144,15.314855026,803.0,479.3,323.7,375.1,210.2,164.9,4123.2,3970.8,152.4,1567.7,1503.2,64.4,21.0,0.5,eurostat,0.023809524
ESP,2016-01-01,18858.4,15984.9,2873.5,8033.1,6493.7,1539.3,1.0,32.766871486,15.23724176,805.4,483.3,322.1,377.2,209.1,168.1,4133.7,3980.7,153.0,1598.9,1531.3,67.6,20.4,0.5,eurostat,0.024509804
ESP,2016-04-01,18951.4,16077.4,2874.0,8037.3,6506.6,1530.7,1.0,32.623122627,15.165106536,811.5,492.9,318.6,379.8,211.5,168.3,4153.2,3997.5,155.7,1582.1,1518.3,63.8,20.133333333,0.5,eurostat,0.024834437
ESP,2016-07-01,19073.1,16192.4,2880.7,8090.7,6549.1,1541.6,1.0,32.630329546,15.103470333,825.1,502.5,322.6,382.9,213.5,169.4,4172.4,4015.5,156.9,1602.3,1531.6,70.7,19.3,0.5,eurostat,0.025906736
ESP,2016-10-01,19167.9,16263.7,2904.2,8100.3,6556.6,1543.7,1.0,32.507473432,15.151372868,836.0,492.5,343.5,387.7,210.7,177.1,4173.5,4017.9,155.6,1588.6,1522.7,65.9,18.733333333,0.5,eurostat,0.026690391
ESP,2017-01-01,19308.9,16431.9,2877.0,8175.6,6640.4,1535.2,1.0,32.570074302,14.899864829,836.8,497.4,339.4,394.2,218.7,175.6,4189.0,4031.9,157.1,1566.2,1500.8,65.4,18.166666667,0.6,eurostat,0.033027523
ESP,2017-04-01,19454.3,16591.6,2862.7,8213.2,6695.2,1518.1,1.0,32.475319872,14.714998741,841.9,509.2,332.7,388.3,216.4,171.9,4211.4,4055.4,156.0,1569.6,1506.0,63.7,17.366666667,0.6,eurostat,0.034548944
ESP,2017-07-01,19600.3,16734.5,2865.8,8270.9,6757.2,1513.7,1.0,32.459864233,14.621204777,843.0,507.1,335.9,391.5,219.9,171.6,4235.3,4081.1,154.2,1588.0,1519.8,68.3,16.766666667,0.6,eurostat,0.035785288
ESP,2017-10-01,19685.7,16824.4,2861.3,8292.5,6768.4,1524.1,1.0,32.403451002,14.534916208,834.3,506.3,328.0,388.3,219.1,169.2,4269.9,4112.4,157.5,1586.4,1519.4,67.0,16.666666667,0.6,eurostat,0.036
ESP,2018-01-01,19730.5,16863.4,2867.1,8343.9,6803.5,1540.4,1.0,32.530268444,14.531309394,839.4,511.7,327.7,385.6,214.8,170.8,4332.4,4170.9,161.5,1603.8,1532.5,71.4,16.166666667,0.7,eurostat,0.043298969
ESP,2018-04-01,19878.1,17017.6,2860.5,8428.7,6903.2,1525.5,1.0,32.616876787,14.39020832,838.8,516.3,322.5,388.2,219.8,168.4,4354.3,4187.8,166.5,1613.6,1543.7,70.0,15.466666667,0.6,eurostat,0.038793103
ESP,2018-07-01,20005.0,17130.3,2874.7,8500.2,6958.1,1542.1,1.0,32.684905697,14.369907523,837.1,516.4,320.7,384.9,216.6,168.3,4381.3,4209.2,172.1,1634.7,1560.0,74.7,14.833333333,0.7,eurostat,0.047191011
ESP,2018-10-01,20140.0,17242.7,2897.3,8492.8,6928.1,1564.7,1.0,32.437552517,14.385799404,839.1,510.0,329.1,383.8,213.2,170.6,4396.0,4224.1,171.9,1620.1,1544.2,76.0,14.566666667,0.6,eurostat,0.041189931
ESP,2019-01-01,20335.5,17420.7,2914.8,8616.8,7023.6,1593.2,1.0,32.59476134,14.333554621,836.7,508.2,328.5,394.6,227.6,167.1,4369.3,4197.3,172.0,1610.6,1537.1,73.6,14.233333333,0.7,eurostat,0.049180328
ESP,2019-04-01,20470.0,17530.3,2939.7,8551.0,6995.6,1555.3,1.0,32.133328323,14.361016121,825.0,499.0,326.0,375.5,215.2,160.3,4379.6,4208.1,171.5,1597.8,1526.2,71.6,14.233333333,0.7,eurostat,0.049180328
ESP,2019-07-01,20476.2,17583.2,2893.0,8585.2,7010.1,1575.1,1.0,32.252078022,14.12859808,822.9,497.8,325.1,368.7,212.1,156.6,4387.7,4217.8,169.9,1592.1,1513.4,78.7,14.1,0.7,eurostat,0.04964539
ESP,2019-10-01,20586.7,17679.4,2907.3,8595.6,7038.1,1557.5,1.0,32.117823643,14.122224543,814.6,499.8,314.8,367.8,215.1,152.7,4400.2,4210.4,189.8,1588.8,1504.0,84.7,13.9,0.7,eurostat,0.050359712
ESP,2020-01-01,20286.1,17465.2,2820.9,8131.1,6730.0,1401.1,1.0,30.832403999,13.905580669,796.8,483.3,313.5,364.8,208.1,156.6,4428.1,4226.4,201.7,1577.7,1492.8,84.8,13.966666667,0.7,eurostat,0.050119332
ESP,2020-04-01,18904.1,16055.4,2848.7,6366.4,5384.0,982.4,1.0,25.905654166,15.069217789,751.6,466.4,285.2,350.7,202.7,148.0,4290.2,4109.4,180.8,1506.7,1440.3,66.5,15.6,0.5,eurostat,0.032051282
ESP,2020-07-01,19418.4,16543.7,2874.7,8002.2,6530.0,1472.2,1.0,31.69951418,14.80400033,782.0,477.5,304.5,373.4,214.2,159.3,4447.3,4271.1,176.2,1576.8,1491.1,85.7,16.366666667,0.6,eurostat,0.036659878
ESP,2020-10-01,19659.4,16772.1,2887.3,8077.3,6634.9,1442.4,1.0,31.604767655,14.68661302,776.8,477.6,299.2,373.0,212.8,160.2,4581.6,4395.1,186.5,1672.1,1583.4,88.7,16.233333333,0.6,eurostat,0.036960986
ESP,2021-01-01,19791.6,16830.0,2961.6,7884.5,6447.2,1437.4,1.0,30.644313749,14.963924089,790.7,486.1,304.6,372.9,210.8,162.0,4592.7,4398.1,194.6,1667.8,1576.9,90.9,15.7,0.7,eurostat,0.044585987
ESP,2021-04-01,19839.6,16955.3,2884.3,8269.3,6809.7,1459.6,1.0,32.06213835,14.538095526,802.4,501.6,300.8,379.5,221.1,158.5,4616.4,4430.6,185.8,1708.0,1631.2,76.8,15.666666667,0.8,eurostat,0.05106383
ESP,2021-07-01,20247.2,17339.4,2907.8,8292.4,6804.3,1488.1,1.0,31.504451138,14.361491959,807.4,503.1,304.3,377.9,217.8,160.1,4627.2,4454.0,173.2,1687.3,1606.7,80.6,14.8,0.8,eurostat,0.054054054
ESP,2021-10-01,20411.6,17458.5,2953.1,8341.7,6805.9,1535.8,1.0,31.436498401,14.46775363,816.3,510.8,305.5,384.9,222.4,162.5,4651.7,4467.3,184.4,1690.9,1611.7,79.3,13.566666667,0.8,eurostat,0.058968059
ESP,2022-01-01,20638.1,17613.6,3024.5,8532.6,7010.4,1522.2,1.0,31.803017049,14.654934321,824.3,523.0,301.3,376.0,218.1,157.9,4661.8,4464.4,197.4,1730.9,1645.5,85.4,13.266666667,0.8,eurostat,0.060301508
ESP,2022-04-01,20740.8,17755.4,2985.4,8620.9,7102.8,1518.1,1.0,31.97302678,14.393851732,799.7,506.4,293.3,372.9,217.3,155.6,4689.7,4491.1,198.6,1718.3,1640.1,78.2,13.0,0.9,eurostat,0.069230769
ESP,2022-07-01,20926.5,17823.9,3102.6,8659.1,7118.8,1540.4,1.0,31.829719035,14.826177335,794.0,499.9,294.1,369.4,210.8,158.6,4706.8,4498.0,208.8,1731.1,1648.1,83.0,12.833333333,0.9,eurostat,0.07012987
ESP,2022-10-01,21005.4,17969.1,3036.3,8636.1,7099.0,1537.1,1.0,31.625933551,14.454854466,773.6,484.7,288.9,360.3,203.9,156.5,4722.5,4519.3,203.2,1742.2,1658.8,83.4,13.166666667,0.9,eurostat,0.06835443
ESP,2023-01-01,21211.6,18106.1,3105.5,8791.4,7254.2,1537.2,1.0,31.881684477,14.640574026,768.4,474.3,294.1,372.1,211.9,160.2,4768.0,4550.2,217.8,1773.0,1693.2,79.8,12.833333333,0.9,eurostat,0.07012987
ESP,2023-04-01,21423.2,18296.1,3127.1,8758.6,7201.5,1557.0,1.0,31.449011424,14.596792263,776.0,479.3,296.7,354.5,201.3,153.2,4778.5,4567.1,211.4,1765.6,1685.2,80.4,12.0,0.9,eurostat,0.075
ESP,2023-07-01,21619.1,18455.5,3163.6,8915.7,7348.4,1567.3,1.0,31.723017005,14.633356615,770.7,475.7,295.0,358.2,200.3,157.9,4792.2,4577.3,214.9,1803.5,1707.9,95.7,12.0,0.9,eurostat,0.075
ESP,2023-10-01,21774.1,18617.9,3156.2,8903.9,7314.6,1589.3,1.0,31.455508362,14.495203016,792.9,494.7,298.2,362.5,207.2,155.3,4819.7,4598.6,221.1,1803.8,1706.0,97.8,11.966666667,0.9,eurostat,0.075208914
ESP,2024-01-01,21846.8,18677.3,3169.5,8936.3,7369.7,1566.6,1.0,31.464914418,14.507845543,770.5,483.4,287.1,347.1,198.5,148.6,4793.2,4580.4,212.8,1787.9,1704.5,83.4,11.733333333,0.9,eurostat,0.076704545
ESP,2024-04-01,21874.0,18740.0,3134.0,9017.0,7438.5,1578.5,1.0,31.709581449,14.327512115,778.9,494.7,284.2,357.9,206.1,151.7,4830.9,4604.3,226.6,1828.2,1737.4,90.8,11.566666667,0.9,eurostat,0.077809798
ESP,2024-07-01,22035.4,18896.3,3139.1,9032.0,7443.1,1589.0,1.0,31.52968545,14.245713715,785.7,503.5,282.2,357.3,208.8,148.5,4861.3,4638.2,223.1,1816.3,1728.4,87.9,11.266666667,0.9,eurostat,0.079881657
ESP,2024-10-01,22249.4,19084.8,3164.6,9174.0,7574.7,1599.4,1.0,31.717363511,14.223304898,744.5,477.6,266.9,342.5,198.6,143.9,4870.2,4646.7,223.5,1852.3,1752.5,99.8,10.833333333,0.9,eurostat,0.083076923
ESP,2025-01-01,22365.4,19149.3,3216.1,9134.9,7545.7,1589.2,1.0,31.418379076,14.379800943,767.0,488.3,278.7,347.3,201.4,145.8,4921.7,4689.2,232.5,1827.1,1731.3,95.8,10.8,0.9,eurostat,0.083333333
ESP,2025-04-01,22529.0,19305.3,3223.7,9155.6,7564.6,1591.0,1.0,31.260904748,14.309112699,778.4,492.6,285.8,352.6,202.1,150.5,4914.4,4691.8,222.6,1822.2,1730.9,91.3,10.566666667,0.9,eurostat,0.085173502
ESP,2025-07-01,22679.8,19424.4,3255.4,9257.1,7647.8,1609.3,1.0,31.397305769,14.353742096,796.0,511.3,284.7,353.0,203.1,149.9,4933.7,4707.8,225.9,1839.2,1749.6,89.6,10.5,0.9,eurostat,0.085714286
ESP,2025-10-01,22845.8,19618.2,3227.6,9359.5,7759.4,1600.1,1.0,31.513956108,14.127760901,790.2,519.0,271.2,358.7,210.7,147.9,4964.6,4739.2,225.4,1879.1,1780.9,98.1,10.166666667,0.9,eurostat,0.08852459
ESP,2026-01-01,22910.7,19693.4,3217.3,9335.6,7737.3,1598.3,1.0,31.344440673,14.042783503,798.2,511.3,286.9,352.9,200.3,152.6,4988.4,4763.0,225.4,1867.8,1778.8,89.0,,,,
ESP,2026-04-01,23035.3,19863.3,3172.0,9414.5,7852.4,1562.1,1.0,31.438371009,13.77017013,797.6,518.9,278.7,360.5,211.9,148.6,5030.0,4795.6,234.4,1878.1,1786.6,91.4,,,,
EST,1995-01-01,638.0,596.6,42.3,,,,1.0,,6.630094044,66.3,47.9,18.3,,,,124.9,123.4,,,,,,,,
EST,1995-04-01,634.0,590.4,43.4,,,,1.0,,6.845425868,65.2,46.7,18.4,,,,127.1,125.6,,,,,,,,
EST,1995-07-01,630.3,586.0,44.1,,,,1.0,,6.996668253,64.9,46.1,18.8,,,,126.7,125.3,,,,,,,,
EST,1995-10-01,632.7,587.4,44.7,,,,1.0,,7.064959697,63.3,44.3,19.2,,,,125.7,124.1,,,,,,,,
EST,1996-01-01,622.8,578.9,44.8,,,,1.0,,7.193320488,60.9,41.9,18.9,,,,121.2,119.5,,,,,,,,
EST,1996-04-01,619.0,572.1,46.8,,,,1.0,,7.560581583,60.9,41.5,19.3,,,,122.9,121.0,,,,,,,,
EST,1996-07-01,616.1,568.4,47.6,,,,1.0,,7.726018503,60.6,40.7,19.9,,,,124.7,123.1,,,,,,,,
EST,1996-10-01,617.8,570.9,46.3,,,,1.0,,7.494334736,60.9,41.2,19.9,,,,125.0,123.4,,,,,,,,
EST,1997-01-01,623.6,578.1,46.2,,,,1.0,,7.408595253,59.4,42.0,17.2,,,,130.7,129.7,,,,,,,,
EST,1997-04-01,619.4,571.1,48.2,,,,1.0,,7.781724249,58.3,41.0,17.2,,,,131.8,130.8,,,,,,,,
EST,1997-07-01,614.6,564.8,49.9,,,,1.0,,8.119101855,57.2,39.6,17.6,,,,132.5,131.7,,,,,,,,
EST,1997-10-01,618.7,568.0,50.1,,,,1.0,,8.09762405,56.3,38.5,18.0,,,,130.3,129.2,,,,,,,,
EST,1998-01-01,616.6,565.3,51.7,,,,1.0,,8.384690237,57.3,38.7,18.6,,,,127.3,126.3,,,,,,,,
EST,1998-04-01,611.4,557.2,54.4,315.5,281.5,34.8,1.0,39.69452203,8.897612038,58.2,39.4,18.7,34.2,20.5,13.1,128.7,127.7,,59.9,59.4,,,,,
EST,1998-07-01,602.7,551.0,51.8,,,,1.0,,8.594657375,51.7,35.4,16.3,,,,125.1,123.3,,,,,,,,
EST,1998-10-01,598.7,547.8,50.2,,,,1.0,,8.384833807,50.1,34.4,15.9,,,,124.3,122.3,,,,,,,,
EST,1999-01-01,586.5,537.1,49.7,,,,1.0,,8.473998295,49.3,33.2,16.1,,,,123.0,121.2,,,,,,,,
EST,1999-04-01,581.1,528.9,52.6,294.2,262.4,32.4,1.0,38.944706988,9.051798314,50.0,34.0,15.9,29.1,17.9,10.7,125.9,124.0,,57.5,56.5,,,,,
EST,1999-07-01,578.5,529.3,49.3,,,,1.0,,8.522039758,43.7,30.1,13.6,,,,115.8,115.0,,,,,,,,
EST,1999-10-01,576.3,527.5,47.9,,,,1.0,,8.311643241,42.7,29.1,13.8,,,,115.5,114.7,,,,,,,,
EST,2000-01-01,578.2,527.8,50.4,289.6,259.5,29.7,1.0,38.528057899,8.716707022,41.3,29.4,11.9,23.4,15.1,8.4,119.2,118.8,,55.0,54.9,,,,,
EST,2000-04-01,588.4,540.1,49.1,287.7,259.5,28.5,1.0,37.611776395,8.344663494,36.7,23.8,12.7,22.6,12.3,9.8,114.7,113.6,,49.2,48.5,,,,,
EST,2000-07-01,589.5,538.0,51.7,287.8,257.0,31.0,1.0,37.554642135,8.77014419,34.3,22.3,12.0,20.2,11.7,8.5,115.0,113.9,,51.0,50.6,,,,,
EST,2000-10-01,584.0,530.8,51.8,292.4,261.3,30.8,1.0,38.514225501,8.869863014,42.5,30.0,12.7,24.4,16.0,8.6,115.6,114.2,,52.2,51.6,,,,,
EST,2001-01-01,585.1,537.3,47.8,291.8,263.1,28.9,1.0,38.362935987,8.169543668,40.9,26.6,14.3,23.6,14.1,9.6,117.3,116.4,,54.1,53.5,,,,,
EST,2001-04-01,582.2,539.3,43.9,287.4,262.8,24.7,1.0,37.972676585,7.540364136,35.5,22.1,13.2,19.8,11.5,8.0,124.5,123.7,,55.7,55.2,,,,,
EST,2001-07-01,593.2,545.0,48.4,290.7,263.3,27.2,1.0,37.696457285,8.159136885,38.7,24.3,14.5,22.7,13.6,9.0,127.9,126.1,,55.6,54.9,,,,,
EST,2001-10-01,594.7,543.5,49.6,290.1,262.2,27.7,1.0,37.52376764,8.340339667,37.7,25.0,12.9,20.7,12.7,8.2,123.3,122.8,,54.1,53.8,,,,,
EST,2002-01-01,587.2,538.3,48.5,291.6,263.5,28.7,1.0,38.199538881,8.259536785,40.0,25.7,14.1,22.7,13.3,9.4,118.4,117.7,,51.6,51.3,,,,,
EST,2002-04-01,587.8,547.1,41.6,292.1,267.7,24.3,1.0,38.225979533,7.077237155,38.5,26.3,12.1,21.2,13.4,7.7,126.1,125.4,,54.9,54.5,,,,,
EST,2002-07-01,588.6,545.4,43.5,288.2,262.9,24.6,1.0,37.664340417,7.390417941,42.3,26.8,15.6,22.6,13.6,8.8,128.9,127.3,,55.4,54.4,,,,,
EST,2002-10-01,588.9,536.8,50.6,289.0,258.9,30.3,1.0,37.749650587,8.592290711,38.0,22.6,15.6,20.9,11.7,9.3,127.4,126.7,,56.5,56.1,,,,,
EST,2003-01-01,587.5,534.4,52.4,287.2,257.8,30.7,1.0,37.603927987,8.919148936,32.1,21.4,10.5,17.7,11.0,6.8,136.0,134.3,,59.9,59.3,,,,,
EST,2003-04-01,595.2,544.6,51.6,293.6,264.3,29.0,1.0,37.944582299,8.669354839,36.6,24.7,11.7,20.1,12.5,7.5,130.3,129.0,,56.6,56.0,,,,,
EST,2003-07-01,608.5,558.5,50.6,307.2,278.7,27.2,1.0,38.834460527,8.315529992,39.4,24.9,14.6,22.4,13.8,8.4,131.5,131.1,,57.9,57.9,,,,,
EST,2003-10-01,611.5,553.9,56.3,301.7,271.3,30.6,1.0,37.952072457,9.206868357,39.4,24.3,15.4,20.8,12.3,8.5,134.5,132.2,,61.8,60.9,,,,,
EST,2004-01-01,604.2,544.4,58.9,290.5,259.1,33.0,1.0,36.984696866,9.748427673,35.2,22.9,12.1,18.9,11.3,7.8,141.3,137.8,,63.6,62.2,,,,,
EST,2004-04-01,600.5,541.1,60.1,302.9,270.3,32.3,1.0,38.800999167,10.008326395,29.7,16.5,13.0,16.4,8.5,7.9,137.1,134.8,,65.4,64.2,,,,,
EST,2004-07-01,594.3,537.0,58.4,297.1,265.2,30.3,1.0,38.455066724,9.826686858,34.9,20.1,14.9,19.7,10.5,9.0,129.2,127.2,,62.0,60.8,,,,,
EST,2004-10-01,596.4,541.5,54.2,298.8,269.4,29.8,1.0,38.538925863,9.087860496,38.5,24.4,14.3,21.0,13.1,8.0,135.3,132.8,,62.7,61.1,,,,,
EST,2005-01-01,602.9,553.5,49.2,299.0,273.6,26.8,1.0,38.148946757,8.160557306,33.9,21.7,12.0,18.4,11.8,6.8,134.2,131.9,,59.5,58.1,,,,,
EST,2005-04-01,614.2,565.8,48.4,305.4,280.0,25.4,1.0,38.24862861,7.880169326,32.0,20.4,11.4,17.7,11.4,6.3,131.1,129.9,,59.8,59.0,,,,,
EST,2005-07-01,611.7,564.3,47.8,313.1,285.7,25.9,1.0,39.373247318,7.81428805,29.8,19.7,10.2,15.5,9.5,5.8,131.4,129.4,,62.7,61.6,,,,,
EST,2005-10-01,620.8,573.0,47.5,312.3,286.9,25.8,1.0,38.696966693,7.651417526,27.7,19.5,8.4,15.4,10.5,5.0,130.4,128.8,,60.0,59.5,,,,,
EST,2006-01-01,638.0,584.4,53.3,315.2,287.1,29.2,1.0,38.003375934,8.354231975,34.2,24.0,10.0,17.8,12.5,5.4,134.4,132.5,,61.1,60.2,,,,,
EST,2006-04-01,646.1,590.4,55.6,323.9,293.6,30.4,1.0,38.562737371,8.605479028,33.2,23.8,9.3,18.2,12.9,5.3,131.4,129.9,,60.4,59.8,,,,,
EST,2006-07-01,640.3,589.8,50.8,324.2,295.1,27.5,1.0,38.948089237,7.93378104,27.4,19.3,8.2,14.0,9.1,4.8,142.9,140.4,,66.3,65.2,,,,,
EST,2006-10-01,643.4,592.2,51.0,322.0,295.4,27.2,1.0,38.49740561,7.926639726,28.5,20.2,8.5,15.3,10.8,4.5,137.9,136.0,,63.4,62.3,,,,,
EST,2007-01-01,640.3,581.9,58.3,321.6,289.7,32.6,1.0,38.635735653,9.105106981,26.6,17.2,9.3,14.5,9.3,5.2,120.4,119.4,,56.9,56.3,,,,,
EST,2007-04-01,647.1,582.0,65.2,322.0,288.7,33.5,1.0,38.277284453,10.075722454,28.0,16.3,11.5,14.4,8.4,6.0,128.7,126.8,,60.1,59.1,,,,,
EST,2007-07-01,645.0,586.2,58.9,323.6,292.7,29.3,1.0,38.592725104,9.131782946,32.5,21.3,11.2,16.7,10.8,5.9,134.7,133.2,,64.1,63.2,,,,,
EST,2007-10-01,641.4,584.0,56.8,318.8,289.1,30.6,1.0,38.233671536,8.855628313,32.5,20.5,12.2,16.9,10.4,6.5,137.8,136.2,,63.6,62.7,,,,,
EST,2008-01-01,651.1,598.1,53.4,322.7,293.8,28.9,1.0,38.124830169,8.201505145,26.7,16.5,10.1,14.4,8.6,5.8,131.3,129.3,,61.3,60.1,,4.333333333,2.9,eurostat,0.669230769
EST,2008-04-01,640.9,592.6,48.8,313.7,289.3,25.0,1.0,37.65137967,7.614292401,24.0,15.2,8.7,12.1,7.6,4.6,125.4,123.0,,59.1,58.0,,4.2,2.6,eurostat,0.619047619
EST,2008-07-01,639.7,587.6,51.6,322.2,294.3,26.8,1.0,38.744122846,8.066281069,25.4,17.6,7.8,12.8,8.9,4.0,129.6,128.8,,62.2,61.8,,6.1,2.4,eurostat,0.393442623
EST,2008-10-01,637.1,585.6,50.6,305.3,280.6,25.6,1.0,36.861741304,7.942238267,24.1,16.3,7.9,12.4,8.1,4.3,134.8,133.2,,60.0,59.3,,7.933333333,1.9,eurostat,0.239495798
EST,2009-01-01,602.3,555.9,47.1,277.0,253.8,22.8,1.0,35.377207883,7.820023244,21.5,14.4,7.0,11.2,7.3,3.7,145.2,143.0,,66.1,65.3,,11.166666667,1.1,eurostat,0.098507463
EST,2009-04-01,574.1,528.2,46.8,263.4,241.1,22.7,1.0,35.29269894,8.151889915,22.4,16.6,5.8,10.8,8.2,2.8,135.0,133.2,,59.8,58.9,,12.966666667,0.8,eurostat,0.061696658
EST,2009-07-01,571.8,521.1,50.1,260.7,236.0,24.0,1.0,35.071434337,8.761804827,23.0,17.8,5.2,11.4,8.8,2.8,125.9,124.3,,53.5,52.8,,14.2,0.9,eurostat,0.063380282
EST,2009-10-01,559.5,508.2,50.4,255.2,232.3,23.6,1.0,35.086272084,9.008042895,23.2,16.7,6.6,11.7,8.8,2.8,128.7,125.8,,57.4,56.4,,15.733333333,0.8,eurostat,0.050847458
EST,2010-01-01,543.1,499.3,44.5,258.0,234.8,22.6,1.0,36.542356557,8.193702817,23.2,16.3,6.8,12.4,8.7,3.5,135.1,132.6,,60.8,59.8,,18.933333333,1.0,eurostat,0.052816901
EST,2010-04-01,542.4,500.0,43.1,251.1,230.7,20.7,1.0,35.610959837,7.946165192,22.7,16.5,6.1,11.3,8.4,3.1,136.1,134.3,,60.6,59.8,,18.066666667,1.1,eurostat,0.060885609
EST,2010-07-01,545.4,495.9,48.9,252.9,229.3,23.3,1.0,35.668951511,8.96589659,24.3,17.7,6.6,12.4,9.0,3.5,129.6,127.4,,55.0,54.1,,15.3,1.1,eurostat,0.071895425
EST,2010-10-01,561.9,509.4,52.0,265.4,240.0,25.9,1.0,36.332772051,9.254315715,21.4,15.0,6.4,11.8,7.8,3.8,125.4,122.5,,56.2,55.1,,14.033333333,1.1,eurostat,0.078384798
EST,2011-01-01,574.0,519.9,54.6,275.9,247.9,27.7,1.0,36.974001608,9.512195122,24.9,15.6,9.3,13.4,8.6,4.7,127.8,126.1,,57.5,56.4,,14.166666667,1.2,eurostat,0.084705882
EST,2011-04-01,580.9,528.4,53.0,276.7,251.4,25.4,1.0,36.640756386,9.123773455,27.8,19.0,8.8,13.8,9.4,4.6,133.1,130.8,,58.0,57.1,,12.966666667,1.3,eurostat,0.100257069
EST,2011-07-01,593.4,541.2,51.5,286.5,259.9,26.3,1.0,37.139301548,8.678800135,26.7,18.9,7.8,13.6,9.2,4.5,136.9,133.9,,63.3,61.9,,11.1,1.4,eurostat,0.126126126
EST,2011-10-01,587.4,540.5,46.8,281.8,258.0,24.2,1.0,36.903171735,7.967313585,23.8,15.9,7.9,13.1,8.0,4.8,131.0,128.7,,59.8,58.7,,11.133333333,1.4,eurostat,0.125748503
EST,2012-01-01,589.2,542.1,47.8,279.9,255.6,24.1,1.0,36.542378192,8.11269518,27.2,20.4,6.8,14.2,10.4,3.8,133.0,131.4,,60.7,60.0,,11.066666667,1.4,eurostat,0.126506024
EST,2012-04-01,594.8,540.7,54.2,282.8,255.2,27.4,1.0,36.573379546,9.112306658,29.0,21.8,7.3,14.3,10.3,4.2,144.1,141.5,,63.5,62.4,,10.0,1.6,eurostat,0.16
EST,2012-07-01,599.0,542.1,56.3,278.1,251.5,26.5,1.0,35.713368435,9.398998331,24.3,17.6,6.7,11.8,8.3,3.6,145.0,141.6,,63.8,62.7,,9.366666667,1.3,eurostat,0.138790036
EST,2012-10-01,592.4,534.9,57.7,278.4,250.1,28.7,1.0,36.150210357,9.740040513,25.7,18.9,6.8,13.5,9.5,3.8,134.2,131.1,,59.6,58.4,,9.133333333,1.4,eurostat,0.153284672
EST,2013-01-01,600.0,543.8,56.7,278.6,252.3,26.3,1.0,35.717948718,9.45,29.0,22.8,6.2,14.2,10.8,3.4,133.5,130.7,,58.6,57.2,,9.6,1.4,eurostat,0.145833333
EST,2013-04-01,610.3,553.7,56.5,285.1,258.0,27.0,1.0,35.934408046,9.257742094,24.3,17.9,6.4,12.7,9.0,3.9,140.2,137.5,,62.5,61.1,,7.966666667,1.4,eurostat,0.175732218
EST,2013-07-01,600.8,547.2,53.2,277.5,252.6,25.0,1.0,35.529550343,8.854860186,23.0,17.1,5.9,10.7,7.7,3.0,137.7,134.8,,62.5,61.5,,7.9,1.5,eurostat,0.189873418
EST,2013-10-01,593.4,534.2,59.5,279.7,250.7,29.1,1.0,36.257810272,10.026963263,23.5,17.9,5.6,12.0,8.7,3.1,139.6,136.9,,63.5,62.5,,8.566666667,1.3,eurostat,0.151750973
EST,2014-01-01,593.4,536.3,57.3,273.7,248.3,25.6,1.0,35.480023852,9.656218402,21.9,16.5,5.4,11.4,8.3,3.0,139.3,137.4,,63.1,62.2,,8.366666667,1.4,eurostat,0.167330677
EST,2014-04-01,609.2,555.3,53.7,282.0,257.1,24.7,1.0,35.607858983,8.814839133,20.1,15.0,5.1,9.6,7.5,2.3,142.0,140.0,,63.5,62.9,,7.166666667,1.4,eurostat,0.195348837
EST,2014-07-01,608.3,552.6,55.4,280.2,253.9,26.5,1.0,35.432921509,9.107348348,24.6,17.8,6.8,12.1,8.6,3.5,142.0,139.6,,62.3,61.6,,7.266666667,1.4,eurostat,0.19266055
EST,2014-10-01,612.0,554.4,58.3,289.9,260.7,28.9,1.0,36.437908497,9.526143791,24.2,18.5,5.7,12.1,8.8,3.2,140.1,138.0,,64.1,63.1,,6.466666667,1.5,eurostat,0.231958763
EST,2015-01-01,614.9,550.2,64.7,286.5,257.1,29.6,1.0,35.840724571,10.522036103,23.8,17.4,6.3,12.1,8.7,3.3,141.4,139.5,,61.8,61.1,,6.733333333,1.4,eurostat,0.207920792
EST,2015-04-01,621.8,563.6,57.7,285.0,259.9,25.3,1.0,35.257441176,9.279511097,24.4,18.9,5.6,12.3,9.8,2.7,140.9,138.2,,62.4,61.5,,6.633333333,1.6,eurostat,0.24120603
EST,2015-07-01,635.2,579.3,55.4,292.9,267.7,25.6,1.0,35.470354582,8.721662469,25.2,19.0,6.2,12.6,9.2,3.4,150.0,146.3,,63.7,62.3,,5.666666667,1.5,eurostat,0.264705882
EST,2015-10-01,619.5,565.0,55.3,289.2,263.9,24.6,1.0,35.909852859,8.926553672,23.9,17.3,6.6,11.0,8.2,2.8,143.1,140.5,,61.9,60.9,,6.466666667,1.3,eurostat,0.201030928
EST,2016-01-01,620.5,566.9,53.9,288.7,261.3,27.3,1.0,35.789995661,8.68654311,22.9,16.2,6.7,12.1,8.5,3.4,138.0,135.9,,62.1,60.9,,6.7,1.6,eurostat,0.23880597
EST,2016-04-01,634.4,571.3,62.2,290.7,260.2,31.0,1.0,35.248326705,9.804539723,26.7,18.5,8.3,13.6,9.1,4.8,143.0,139.7,,63.2,61.8,,6.7,1.7,eurostat,0.253731343
EST,2016-07-01,628.2,565.5,62.0,293.4,264.0,29.8,1.0,35.926823892,9.869468322,24.7,18.5,6.2,12.3,9.0,3.3,136.2,132.4,,58.6,57.1,,7.233333333,1.8,eurostat,0.248847926
EST,2016-10-01,615.8,557.4,59.6,286.2,258.7,26.7,1.0,35.750868164,9.678467035,23.6,17.2,6.3,11.8,8.3,3.3,137.3,135.5,,59.4,58.6,,6.666666667,1.8,eurostat,0.27
EST,2017-01-01,634.1,571.1,63.3,298.4,268.5,29.6,1.0,36.199095023,9.982652578,23.2,15.8,7.4,11.8,7.9,3.8,132.2,130.4,,60.3,59.3,,5.866666667,2.1,eurostat,0.357954545
EST,2017-04-01,635.4,567.3,67.1,292.9,261.9,31.4,1.0,35.45918985,10.560276991,23.1,16.8,6.3,11.4,8.6,3.1,127.9,125.5,,56.2,55.0,,6.333333333,2.1,eurostat,0.331578947
EST,2017-07-01,644.4,575.6,67.9,299.9,268.6,32.0,1.0,35.799551163,10.536933582,21.3,16.9,4.4,10.4,7.7,2.6,135.0,132.9,,60.2,59.6,,5.466666667,2.1,eurostat,0.384146341
EST,2017-10-01,650.8,586.8,65.2,300.0,269.6,29.3,1.0,35.459316344,10.018438844,21.7,15.7,5.9,11.2,7.8,3.3,145.5,143.3,,64.0,63.0,,5.666666667,2.1,eurostat,0.370588235
EST,2018-01-01,639.5,571.3,68.4,290.5,258.7,31.4,1.0,34.943164732,10.695856138,21.3,14.4,7.0,10.5,7.0,3.4,134.0,131.9,,59.0,58.1,,6.466666667,1.9,eurostat,0.293814433
EST,2018-04-01,651.5,582.0,68.9,295.4,263.0,32.9,1.0,34.878091977,10.575594781,21.6,16.9,4.8,10.5,8.2,2.6,130.9,128.2,,58.7,57.5,,5.133333333,1.9,eurostat,0.37012987
EST,2018-07-01,643.4,573.2,69.3,283.9,252.8,32.2,1.0,33.942277803,10.770904569,25.0,17.2,7.8,12.5,8.7,3.7,137.1,133.6,,57.9,56.5,,5.366666667,1.8,eurostat,0.335403727
EST,2018-10-01,655.0,591.1,64.7,290.4,259.2,30.0,1.0,34.104521433,9.877862595,20.9,14.9,6.0,11.1,7.6,3.3,151.7,147.9,,63.3,61.8,,4.633333333,1.9,eurostat,0.410071942
EST,2019-01-01,650.1,581.7,68.5,292.0,259.7,31.7,1.0,34.550897495,10.536840486,20.7,15.1,5.6,9.8,7.0,2.8,140.3,136.7,,61.0,59.5,,4.566666667,2.0,eurostat,0.437956204
EST,2019-04-01,649.1,578.2,70.7,294.2,261.6,32.9,1.0,34.864842445,10.892004314,21.6,15.8,5.9,10.5,7.7,3.1,142.6,139.0,,63.5,62.4,,4.933333333,1.8,eurostat,0.364864865
EST,2019-07-01,656.0,584.4,70.8,286.4,255.0,32.7,1.0,33.583489681,10.792682927,22.4,15.3,7.2,10.8,7.0,3.7,146.9,142.3,,58.7,56.9,,4.166666667,1.8,eurostat,0.432
EST,2019-10-01,667.4,598.2,69.8,293.7,260.7,31.8,1.0,33.851225191,10.458495655,21.4,14.2,7.1,10.5,6.7,3.7,147.3,142.8,,60.1,58.1,,4.266666667,1.9,eurostat,0.4453125
EST,2020-01-01,657.3,591.3,65.7,279.7,250.5,28.1,1.0,32.732975225,9.995435874,19.9,14.6,5.3,9.7,6.7,3.0,143.4,140.4,,59.5,58.5,,5.166666667,1.5,eurostat,0.290322581
EST,2020-04-01,630.0,562.4,67.8,259.9,232.9,27.6,1.0,31.733821734,10.761904762,20.1,14.7,5.5,9.7,7.2,2.8,141.7,138.4,,59.1,57.8,,7.133333333,1.3,eurostat,0.182242991
EST,2020-07-01,627.4,557.8,69.1,279.0,248.2,32.0,1.0,34.20710625,11.013707364,17.1,9.3,7.9,7.8,3.8,3.8,144.5,140.7,,65.1,63.4,,7.733333333,1.3,eurostat,0.168103448
EST,2020-10-01,637.1,569.5,67.9,278.3,247.1,30.2,1.0,33.601777284,10.657667556,20.2,12.5,7.6,9.4,5.6,3.7,150.3,147.3,,63.5,62.4,,7.566666667,1.6,eurostat,0.211453744
EST,2021-01-01,634.5,567.5,66.5,271.5,241.9,28.2,1.0,32.915075468,10.480693459,20.1,13.0,7.1,9.5,5.7,3.7,151.5,148.9,,62.2,61.4,,7.0,1.6,eurostat,0.228571429
EST,2021-04-01,629.5,562.1,68.0,267.9,238.1,30.6,1.0,32.736604142,10.802223987,17.1,9.8,7.4,7.7,4.4,3.5,146.5,144.2,,61.0,60.0,,6.666666667,1.7,eurostat,0.255
EST,2021-07-01,643.0,569.3,73.4,272.7,241.9,32.1,1.0,32.62351956,11.415241058,14.6,9.0,5.7,6.2,3.8,2.3,149.5,147.1,,61.5,60.7,,5.866666667,1.7,eurostat,0.289772727
EST,2021-10-01,648.0,576.2,72.1,278.1,246.4,31.0,1.0,33.012820513,11.12654321,15.5,10.6,4.8,7.5,4.9,2.5,151.3,148.4,,59.8,58.8,,5.233333333,2.0,eurostat,0.382165605
EST,2022-01-01,667.9,598.9,67.9,283.9,254.0,27.9,1.0,32.697202483,10.166192544,17.0,10.9,6.1,7.9,4.6,3.2,157.1,153.4,,63.2,62.2,,5.633333333,2.2,eurostat,0.390532544
EST,2022-04-01,665.0,601.9,64.1,277.8,252.4,26.4,1.0,32.134181608,9.639097744,17.9,12.1,6.0,7.6,4.8,2.9,153.8,150.3,,61.9,60.6,,5.766666667,2.1,eurostat,0.36416185
EST,2022-07-01,667.1,597.1,70.4,278.9,250.9,29.6,1.0,32.159865318,10.553140459,16.3,10.9,5.4,7.7,5.0,2.6,159.9,157.2,,64.9,64.0,,5.633333333,1.9,eurostat,0.337278107
EST,2022-10-01,672.4,594.1,78.8,283.0,249.6,33.1,1.0,32.375417563,11.719214753,17.7,11.8,5.7,7.9,5.1,2.8,156.5,153.1,,63.2,62.1,,5.333333333,2.0,eurostat,0.375
EST,2023-01-01,701.3,623.0,76.7,300.0,266.4,31.4,1.0,32.905921969,10.936831598,17.8,11.9,5.9,8.0,5.5,2.5,164.3,159.4,,68.0,66.3,,5.466666667,1.9,eurostat,0.347560976
EST,2023-04-01,687.8,617.4,70.7,288.7,260.8,28.8,1.0,32.288008589,10.279150916,17.4,11.5,6.1,7.4,4.9,2.7,168.8,164.4,,69.0,67.6,,6.766666667,1.8,eurostat,0.266009852
EST,2023-07-01,681.8,604.4,78.3,284.3,251.8,33.6,1.0,32.075727148,11.484306248,17.5,11.7,5.8,7.7,4.8,2.9,160.5,156.3,,66.8,65.0,,7.1,1.9,eurostat,0.267605634
EST,2023-10-01,687.2,606.3,82.2,289.3,255.9,33.3,1.0,32.383361691,11.961583236,18.8,13.4,5.3,8.6,5.8,2.8,152.0,148.8,,63.3,62.1,,6.433333333,1.7,eurostat,0.264248705
EST,2024-01-01,692.4,604.8,86.0,294.1,257.7,34.6,1.0,32.673421322,12.420566147,23.6,15.9,7.6,9.9,7.0,3.0,154.8,150.4,,64.6,63.1,,7.666666667,1.6,eurostat,0.208695652
EST,2024-04-01,695.8,605.7,88.4,294.6,255.9,39.6,1.0,32.569040617,12.70480023,22.5,16.1,6.6,10.1,7.4,2.8,162.2,157.7,,65.8,64.4,,7.633333333,1.6,eurostat,0.209606987
EST,2024-07-01,686.7,609.9,77.9,290.7,259.7,32.0,1.0,32.563766509,11.344109509,19.7,16.0,3.8,8.9,7.0,1.8,155.5,154.0,,61.8,61.1,,7.7,1.6,eurostat,0.207792208
EST,2024-10-01,688.6,613.8,76.4,289.3,257.7,31.2,1.0,32.317522733,11.094975312,18.8,13.7,4.8,8.7,6.0,2.6,158.2,155.6,,64.1,63.0,,7.533333333,1.6,eurostat,0.212389381
EST,2025-01-01,684.9,606.4,77.0,286.1,252.8,32.0,1.0,32.132708874,11.242517156,17.6,13.7,3.9,7.4,5.7,1.8,158.1,154.1,,63.2,61.9,,8.166666667,1.6,eurostat,0.195918367
EST,2025-04-01,689.6,603.4,84.0,291.1,255.6,36.4,1.0,32.471443869,12.180974478,20.9,13.8,7.2,9.3,6.3,3.0,158.7,155.3,,63.5,62.6,,7.7,1.7,eurostat,0.220779221
EST,2025-07-01,693.8,618.3,76.6,294.8,263.2,32.2,1.0,32.685101005,11.040645719,21.9,16.1,5.9,9.8,6.6,3.2,152.9,151.2,,65.3,64.4,,7.4,1.5,eurostat,0.202702703
EST,2025-10-01,681.3,607.7,75.5,290.1,258.0,31.7,1.0,32.754123903,11.081755467,16.1,11.7,4.3,7.1,5.1,2.0,160.9,157.8,,66.2,65.1,,6.566666667,1.6,eurostat,0.243654822
EST,2026-01-01,687.2,605.1,80.7,288.5,254.2,33.2,1.0,32.293812125,11.74330617,17.5,11.5,6.0,7.6,5.1,2.6,163.7,160.2,,65.3,64.2,,,,,
EST,2026-04-01,690.5,,,,,,1.0,,,,,,,,,,,,,,,,,,
FIN,1995-01-01,2052.7,1762.3,290.4,890.4,724.1,166.3,1.0,33.366935106,14.147220734,165.6,24.8,140.8,84.4,11.9,72.5,570.2,552.7,17.5,226.2,217.2,9.0,,,,
FIN,1995-04-01,2056.0,1758.8,297.2,886.8,720.4,166.4,1.0,33.178689015,14.455252918,169.3,25.5,143.8,85.2,12.3,72.9,578.6,561.8,16.8,231.0,222.2,8.8,,,,
FIN,1995-07-01,2064.7,1765.6,299.1,899.6,728.9,170.7,1.0,33.515765002,14.486366058,164.3,25.9,138.4,84.1,13.0,71.1,582.5,563.6,18.9,234.4,224.1,10.3,,,,
FIN,1995-10-01,2061.4,1765.3,296.1,889.8,723.9,165.9,1.0,33.203722638,14.364024449,160.4,24.6,135.8,80.8,11.9,68.9,585.5,566.7,18.8,234.6,225.5,9.1,,,,
FIN,1996-01-01,2066.2,1769.6,296.6,904.0,731.0,173.0,1.0,33.655242251,14.354854322,161.0,26.2,134.8,82.5,12.8,69.7,587.7,570.7,17.0,235.3,226.6,8.7,,,,
FIN,1996-04-01,2084.3,1784.2,300.1,901.8,728.6,173.2,1.0,33.28178802,14.398119273,160.0,24.6,135.4,79.4,12.1,67.3,589.8,570.4,19.4,235.9,224.8,11.1,,,,
FIN,1996-07-01,2101.9,1798.9,303.0,906.2,735.3,170.9,1.0,33.164133549,14.415528807,162.9,24.8,138.1,81.0,11.9,69.1,591.7,573.3,18.4,233.0,224.5,8.5,,,,
FIN,1996-10-01,2121.6,1823.3,298.3,911.8,741.3,170.5,1.0,33.059229609,14.060143288,160.5,26.4,134.1,81.2,13.1,68.1,590.0,573.6,16.4,231.4,223.5,7.9,,,,
FIN,1997-01-01,2134.0,1835.6,298.4,920.6,749.1,171.5,1.0,33.184341432,13.983130272,156.5,25.1,131.4,79.1,12.1,67.0,596.8,580.8,16.0,236.9,228.3,8.6,,,,
FIN,1997-04-01,2171.6,1863.1,308.5,932.0,757.5,174.5,1.0,33.013587996,14.206115307,161.1,26.5,134.6,80.5,12.9,67.6,603.8,584.8,19.0,238.9,229.6,9.3,,,,
FIN,1997-07-01,2161.0,1859.0,302.0,936.7,764.3,172.4,1.0,33.342825615,13.975011569,155.1,25.8,129.3,78.3,13.0,65.3,606.6,588.1,18.5,241.4,232.1,9.3,,,,
FIN,1997-10-01,2191.8,1890.3,301.5,948.5,774.4,174.1,1.0,33.288410649,13.755817137,154.5,25.8,128.7,78.1,13.0,65.1,610.0,593.5,16.5,240.3,232.3,8.0,,,,
FIN,1998-01-01,2208.2,1917.1,291.1,948.5,783.4,165.1,1.0,33.041182167,13.182682728,147.8,26.5,121.3,74.6,13.6,61.0,608.7,589.5,19.2,238.1,229.2,8.9,,,,
FIN,1998-04-01,2199.4,1912.5,286.9,936.9,772.8,164.1,1.0,32.767677898,13.044466673,147.0,26.9,120.1,73.7,13.1,60.6,608.4,591.8,16.6,237.6,229.2,8.4,,,,
FIN,1998-07-01,2211.5,1921.8,289.7,952.0,784.9,167.1,1.0,33.113619367,13.099706082,148.4,27.2,121.2,75.2,13.4,61.8,606.5,589.8,16.7,237.8,228.7,9.1,,,,
FIN,1998-10-01,2212.1,1923.0,289.1,952.3,787.8,164.5,1.0,33.115069913,13.069029429,147.6,28.2,119.4,73.1,14.0,59.1,608.4,590.9,17.5,238.7,229.7,9.0,,,,
FIN,1999-01-01,2240.6,1949.4,291.2,959.1,790.8,168.3,1.0,32.927306559,12.99651879,147.3,28.9,118.4,74.1,14.1,60.0,614.9,596.6,18.3,241.8,232.5,9.3,,,,
FIN,1999-04-01,2255.3,1968.5,286.8,971.2,804.3,166.9,1.0,33.125390107,12.716711746,140.7,28.5,112.2,72.5,14.6,57.9,614.3,597.2,17.1,240.5,232.0,8.5,,,,
FIN,1999-07-01,2249.2,1967.2,282.0,955.3,791.5,163.8,1.0,32.671445574,12.537791215,135.5,29.6,105.9,68.6,14.7,53.9,614.1,596.9,17.2,239.0,231.3,7.7,,,,
FIN,1999-10-01,2268.1,1982.5,285.6,981.4,813.3,168.1,1.0,33.284382387,12.592037388,136.9,28.6,108.3,70.4,14.3,56.1,617.5,599.3,18.2,245.7,235.7,10.0,,,,
FIN,2000-01-01,2277.2,1993.5,283.7,970.6,805.4,165.2,1.0,32.786552987,12.458282101,133.3,29.1,104.2,69.0,14.7,54.3,620.0,602.2,17.8,242.3,233.5,8.8,,,,
FIN,2000-04-01,2288.7,2008.5,280.2,974.0,810.1,163.9,1.0,32.736084643,12.242757897,133.7,30.6,103.1,68.4,15.5,52.9,622.7,605.9,16.8,244.4,235.8,8.6,,,,
FIN,2000-07-01,2313.7,2029.9,283.8,994.4,828.7,165.7,1.0,33.060598908,12.266067338,136.5,30.4,106.1,70.4,15.4,55.0,628.0,611.2,16.8,245.9,237.1,8.8,,,,
FIN,2000-10-01,2319.6,2038.1,281.5,981.5,819.7,161.8,1.0,32.548715296,12.135713054,134.5,30.3,104.2,68.8,15.1,53.7,634.9,616.7,18.2,242.5,234.3,8.2,,,,
FIN,2001-01-01,2325.4,2043.0,282.4,979.5,819.3,160.2,1.0,32.401373461,12.144147243,136.2,30.5,105.7,69.5,15.5,54.0,636.1,618.3,17.8,244.9,237.0,7.9,,,,
FIN,2001-04-01,2328.7,2048.6,280.1,992.6,831.8,160.8,1.0,32.78818489,12.028170224,133.1,29.7,103.4,68.4,14.8,53.6,642.8,626.1,16.7,247.3,239.1,8.2,,,,
FIN,2001-07-01,2338.1,2060.4,277.7,985.6,825.6,160.0,1.0,32.426065872,11.87716522,131.0,29.7,101.3,67.5,14.6,52.9,646.2,628.7,17.5,249.6,241.0,8.6,,,,
FIN,2001-10-01,2349.8,2075.6,274.2,989.1,830.2,158.9,1.0,32.379187754,11.669078219,129.3,30.5,98.8,67.0,15.4,51.6,644.9,628.9,16.0,250.8,243.0,7.8,,,,
FIN,2002-01-01,2351.5,2071.1,280.4,992.3,831.5,160.8,1.0,32.460458954,11.924303636,132.0,30.5,101.5,67.7,15.2,52.5,651.0,635.2,15.8,252.7,245.4,7.3,,,,
FIN,2002-04-01,2363.7,2083.3,280.4,997.5,837.6,159.9,1.0,32.462143771,11.862757541,132.0,30.2,101.8,67.3,14.7,52.6,652.5,635.8,16.7,253.7,246.0,7.7,,,,
FIN,2002-07-01,2373.5,2101.2,272.3,992.9,836.8,156.1,1.0,32.17902805,11.472508953,125.7,31.1,94.6,66.3,16.0,50.3,657.4,641.5,15.9,253.5,246.3,7.2,,,,
FIN,2002-10-01,2368.9,2094.4,274.5,995.4,838.8,156.6,1.0,32.322694402,11.587656718,129.1,32.2,96.9,66.9,15.9,51.0,663.5,647.9,15.6,257.2,249.9,7.3,,,,
FIN,2003-01-01,2367.3,2093.3,274.0,985.2,830.6,154.6,1.0,32.013101586,11.574367423,129.5,31.4,98.1,65.7,15.5,50.2,661.8,646.8,15.0,253.4,247.0,6.4,,,,
FIN,2003-04-01,2380.1,2103.5,276.6,996.3,840.1,156.2,1.0,32.199681332,11.621360447,130.9,32.0,98.9,67.6,16.5,51.1,667.1,652.2,14.9,257.1,250.4,6.7,,,,
FIN,2003-07-01,2384.9,2112.1,272.8,997.0,841.8,155.2,1.0,32.157452175,11.438634744,127.3,32.0,95.3,67.0,15.8,51.2,666.5,651.4,15.1,257.4,250.7,6.7,,,,
FIN,2003-10-01,2347.7,2066.3,281.4,994.6,835.2,159.4,1.0,32.588359802,11.986199259,130.3,31.8,98.5,67.1,15.7,51.4,667.0,650.4,16.6,258.5,251.3,7.2,,,,
FIN,2004-01-01,2369.0,2095.4,273.6,995.7,840.1,155.6,1.0,32.331071208,11.549176868,126.0,31.3,94.7,65.5,16.2,49.3,669.8,654.1,15.7,259.8,252.5,7.3,,,,
FIN,2004-04-01,2380.5,2108.4,272.1,1004.1,848.1,156.0,1.0,32.446318647,11.430371771,123.5,32.2,91.3,64.9,15.8,49.1,671.5,655.8,15.7,259.0,252.5,6.5,,,,
FIN,2004-07-01,2384.5,2104.7,279.8,997.7,839.9,157.8,1.0,32.185428327,11.734116167,128.3,31.7,96.6,65.0,15.6,49.4,674.9,659.4,15.5,259.9,252.9,7.0,,,,
FIN,2004-10-01,2396.0,2121.1,274.9,999.6,843.9,155.7,1.0,32.091948119,11.473288815,123.8,29.6,94.2,64.0,14.7,49.3,675.0,660.3,14.7,257.5,251.5,6.0,,,,
FIN,2005-01-01,2402.8,2129.9,272.9,1000.7,843.8,156.9,1.0,32.036342216,11.35758282,123.0,31.0,92.0,63.9,15.0,48.9,675.4,661.3,14.1,259.5,253.3,6.2,,,,
FIN,2005-04-01,2407.0,2131.7,275.3,997.8,840.8,157.0,1.0,31.887763255,11.437474034,121.5,29.7,91.8,62.4,14.8,47.6,677.6,660.1,17.5,259.2,251.6,7.6,,,,
FIN,2005-07-01,2420.2,2142.0,278.2,1015.1,858.4,156.7,1.0,32.263703572,11.494917775,119.6,29.4,90.2,61.3,14.8,46.5,676.3,658.8,17.5,260.7,253.4,7.3,,,,
FIN,2005-10-01,2445.6,2168.0,277.6,1018.8,862.2,156.6,1.0,32.044991319,11.35099771,121.1,31.9,89.2,62.8,15.9,46.9,679.1,661.8,17.3,261.5,254.1,7.4,,,,
FIN,2006-01-01,2453.8,2173.3,280.5,1024.9,865.4,159.5,1.0,32.129130955,11.431249491,119.8,30.8,89.0,63.0,15.2,47.8,682.7,665.2,17.5,263.7,255.6,8.1,,,,
FIN,2006-04-01,2449.3,2164.1,285.2,1020.3,861.4,158.9,1.0,32.043692232,11.644143225,118.5,30.6,87.9,61.6,15.2,46.4,682.6,665.5,17.1,261.8,254.2,7.6,,,,
FIN,2006-07-01,2481.7,2194.0,287.7,1031.8,871.9,159.9,1.0,31.981799077,11.592859733,121.2,30.7,90.5,62.4,15.4,47.0,682.5,665.7,16.8,263.4,256.5,6.9,,,,
FIN,2006-10-01,2472.8,2190.2,282.6,1018.2,860.2,158.0,1.0,31.673842172,11.428340343,113.3,29.1,84.2,59.4,14.9,44.5,685.0,668.8,16.2,261.2,253.7,7.5,,,,
FIN,2007-01-01,2487.6,2200.7,286.9,1029.9,871.1,158.8,1.0,31.847192846,11.533204695,116.0,30.0,86.0,59.8,15.2,44.6,685.4,668.3,17.1,262.5,255.2,7.3,,,,
FIN,2007-04-01,2508.5,2218.8,289.7,1047.1,884.9,162.2,1.0,32.109289953,11.548734303,117.1,30.8,86.3,60.8,15.5,45.3,687.1,669.2,17.9,264.5,257.0,7.5,,,,
FIN,2007-07-01,2527.8,2235.4,292.4,1038.4,877.6,160.8,1.0,31.59938408,11.567370836,119.2,30.9,88.3,60.1,15.0,45.1,686.6,668.7,17.9,260.6,252.4,8.2,,,,
FIN,2007-10-01,2551.7,2269.9,281.8,1061.0,902.9,158.1,1.0,31.984710042,11.04361798,114.1,30.7,83.4,58.9,15.3,43.6,687.3,669.8,17.5,266.7,258.5,8.2,,,,
FIN,2008-01-01,2562.8,2271.9,290.9,1059.7,898.6,161.1,1.0,31.807158036,11.35086624,114.8,29.9,84.9,58.4,15.3,43.1,694.2,674.4,19.8,267.3,257.6,9.7,,,,
FIN,2008-04-01,2581.9,2290.5,291.4,1061.1,901.6,159.5,1.0,31.613570209,11.286262055,114.9,30.1,84.8,57.5,14.9,42.6,696.9,677.4,19.5,267.2,258.7,8.5,,,,
FIN,2008-07-01,2572.7,2281.8,290.9,1070.9,907.8,163.1,1.0,32.019638153,11.307187002,111.7,29.3,82.4,59.4,15.0,44.4,702.7,682.6,20.1,271.1,261.8,9.3,,,,
FIN,2008-10-01,2583.0,2283.4,299.6,1067.0,903.1,163.9,1.0,31.775812264,11.598915989,114.6,30.3,84.3,59.3,14.7,44.6,706.6,686.0,20.6,269.3,260.6,8.7,,,,
FIN,2009-01-01,2554.3,2251.6,302.7,1030.8,867.8,163.0,1.0,31.042676151,11.850604862,114.3,29.2,85.1,58.1,14.2,43.9,707.9,686.9,21.0,268.8,259.3,9.5,,,,
FIN,2009-04-01,2515.4,2214.2,301.2,1027.4,862.6,164.8,1.0,31.418768081,11.97423869,112.6,28.5,84.1,58.8,14.0,44.8,709.4,688.6,20.8,270.0,261.0,9.0,,,,
FIN,2009-07-01,2489.8,2192.9,296.9,1025.8,863.9,161.9,1.0,31.692381841,11.924652583,107.8,29.1,78.7,55.6,14.6,41.0,708.5,688.7,19.8,271.5,263.0,8.5,,,,
FIN,2009-10-01,2479.7,2176.5,303.2,1013.3,850.1,163.2,1.0,31.433703209,12.227285559,112.5,28.8,83.7,57.3,14.8,42.5,708.2,687.4,20.8,271.7,262.5,9.2,,,,
FIN,2010-01-01,2482.3,2186.0,296.3,1024.2,864.3,159.9,1.0,31.738555124,11.936510494,110.9,30.8,80.1,57.0,15.6,41.4,708.5,689.0,19.5,271.9,263.9,8.0,,,,
FIN,2010-04-01,2488.1,2196.3,291.8,1021.6,861.7,159.9,1.0,31.584186883,11.727824444,106.6,30.8,75.8,56.4,15.5,40.9,710.3,690.3,20.0,271.3,262.1,9.2,,,,
FIN,2010-07-01,2493.4,2196.5,296.9,1011.6,852.3,159.3,1.0,31.208544403,11.90743563,110.2,30.7,79.5,56.5,15.1,41.4,713.8,693.6,20.2,271.7,262.8,8.9,,,,
FIN,2010-10-01,2500.2,2203.6,296.6,1024.0,863.2,160.8,1.0,31.505171894,11.863050956,109.1,30.9,78.2,55.5,15.3,40.2,717.4,697.9,19.5,273.0,264.0,9.0,,,,
FIN,2011-01-01,2509.5,2206.4,303.1,1019.0,861.2,157.8,1.0,31.235152574,12.078103208,112.4,30.8,81.6,57.3,15.0,42.3,719.1,698.4,20.7,272.6,263.0,9.6,,,,
FIN,2011-04-01,2523.1,2221.3,301.8,1038.4,878.7,159.7,1.0,31.658247028,11.961475962,108.6,31.6,77.0,56.4,15.9,40.5,724.2,702.8,21.4,278.1,267.6,10.5,,,,
FIN,2011-07-01,2532.4,2229.4,303.0,1028.5,870.5,158.0,1.0,31.241267026,11.96493445,109.0,31.0,78.0,56.4,15.7,40.7,722.0,701.5,20.5,275.9,266.3,9.6,,,,
FIN,2011-10-01,2549.8,2241.3,308.5,1036.4,874.7,161.7,1.0,31.266404002,12.098988156,106.8,31.8,75.0,55.3,15.8,39.5,721.5,698.9,22.6,275.0,264.0,11.0,,,,
FIN,2012-01-01,2545.5,2237.0,308.5,1036.2,877.3,158.9,1.0,31.3131771,12.119426439,105.4,32.1,73.3,53.9,16.2,37.7,727.3,704.6,22.7,279.4,269.6,9.8,,,,
FIN,2012-04-01,2538.0,2236.4,301.6,1023.9,867.1,156.8,1.0,31.032915075,11.883372734,100.9,30.5,70.4,53.2,15.3,37.9,727.2,706.0,21.2,274.1,264.7,9.4,,,,
FIN,2012-07-01,2548.4,2243.2,305.2,1029.1,871.0,158.1,1.0,31.063231228,11.976141893,102.9,32.7,70.2,52.9,16.2,36.7,725.5,701.9,23.6,274.7,263.7,11.0,,,,
FIN,2012-10-01,2544.9,2245.4,299.5,1027.6,871.7,155.9,1.0,31.06061293,11.76863531,101.6,31.9,69.7,53.5,16.0,37.5,728.0,706.3,21.7,277.9,267.1,10.8,,,,
FIN,2013-01-01,2536.4,2241.4,295.0,1022.1,869.0,153.1,1.0,30.997901326,11.630657625,99.8,30.8,69.0,52.4,15.6,36.8,725.4,703.8,21.6,274.4,263.6,10.8,8.433333333,1.3,eurostat,0.154150198
FIN,2013-04-01,2530.9,2233.9,297.0,1022.7,871.3,151.4,1.0,31.083500245,11.734955945,103.0,33.2,69.8,52.4,16.3,36.1,727.4,705.0,22.4,278.0,267.9,10.1,8.166666667,1.3,eurostat,0.159183673
FIN,2013-07-01,2512.2,2214.2,298.0,1008.1,857.0,151.1,1.0,30.867826545,11.862112889,96.8,30.5,66.3,51.4,15.4,36.0,735.3,711.0,24.3,278.5,268.3,10.2,8.1,1.3,eurostat,0.160493827
FIN,2013-10-01,2515.7,2217.3,298.4,1011.5,859.4,152.1,1.0,30.928843784,11.861509719,100.0,30.7,69.3,51.8,15.6,36.2,731.9,707.0,24.9,279.5,267.3,12.2,8.533333333,1.3,eurostat,0.15234375
FIN,2014-01-01,2510.7,2212.9,297.8,1003.7,853.8,149.9,1.0,30.751460671,11.861233919,99.9,31.1,68.8,51.5,15.5,36.0,726.9,703.3,23.6,277.0,266.4,10.6,8.666666667,1.3,eurostat,0.15
FIN,2014-04-01,2515.5,2221.0,294.5,1006.0,853.7,152.3,1.0,30.763114842,11.707414033,96.7,30.0,66.7,51.0,15.6,35.4,728.0,704.0,24.0,276.1,264.0,12.1,8.633333333,1.3,eurostat,0.150579151
FIN,2014-07-01,2506.9,2208.5,298.4,1009.5,857.9,151.6,1.0,30.976044579,11.903147313,98.1,31.0,67.1,51.7,15.5,36.2,722.6,699.8,22.8,273.9,263.9,10.0,8.533333333,1.3,eurostat,0.15234375
FIN,2014-10-01,2506.9,2202.8,304.1,1012.6,857.9,154.7,1.0,31.071166657,12.130519765,96.5,30.7,65.8,50.2,15.3,34.9,724.5,700.9,23.6,275.3,264.3,11.0,9.2,1.3,eurostat,0.141304348
FIN,2015-01-01,2512.9,2209.1,303.8,1005.2,851.1,154.1,1.0,30.77045522,12.089617573,96.4,30.6,65.8,50.8,15.2,35.6,728.4,704.0,24.4,274.8,264.0,10.8,9.3,1.3,eurostat,0.139784946
FIN,2015-04-01,2516.7,2211.2,305.5,1007.1,853.3,153.8,1.0,30.782068093,12.138912067,97.4,30.5,66.9,49.4,15.0,34.4,726.3,701.6,24.7,276.1,264.4,11.7,9.7,1.3,eurostat,0.134020619
FIN,2015-07-01,2524.8,2223.6,301.2,1016.8,864.2,152.6,1.0,30.978843716,11.929657795,94.4,30.5,63.9,48.7,15.1,33.6,728.9,703.6,25.3,277.4,265.4,12.0,9.3,1.3,eurostat,0.139784946
FIN,2015-10-01,2517.6,2215.3,302.3,1011.4,859.4,152.0,1.0,30.902446775,12.007467429,94.6,30.8,63.8,49.3,15.4,33.9,730.8,705.6,25.2,277.1,265.9,11.2,9.5,1.4,eurostat,0.147368421
FIN,2016-01-01,2529.0,2225.0,304.0,1015.7,862.7,153.0,1.0,30.893938011,12.020561487,93.3,30.9,62.4,48.2,15.3,32.9,728.2,703.1,25.1,277.7,266.2,11.5,9.233333333,1.5,eurostat,0.162454874
FIN,2016-04-01,2530.9,2224.6,306.3,1019.6,865.5,154.1,1.0,30.989280189,12.102414161,97.3,30.9,66.4,50.1,15.3,34.8,729.8,705.1,24.7,276.3,265.5,10.8,8.933333333,1.6,eurostat,0.179104478
FIN,2016-07-01,2540.8,2236.9,303.9,1021.1,866.8,154.3,1.0,30.913945941,11.960799748,95.1,30.9,64.2,49.2,15.5,33.7,732.1,707.6,24.5,277.9,266.1,11.8,8.6,1.7,eurostat,0.197674419
FIN,2016-10-01,2527.3,2229.5,297.8,1006.0,856.3,149.7,1.0,30.619481417,11.783326079,91.9,30.5,61.4,48.3,15.3,33.0,731.1,706.2,24.9,274.3,263.3,11.0,8.966666667,1.7,eurostat,0.189591078
FIN,2017-01-01,2535.7,2244.3,291.4,1016.8,868.5,148.3,1.0,30.84567757,11.491895729,91.7,30.5,61.2,48.8,15.2,33.6,734.1,710.7,23.4,275.8,265.4,10.4,8.966666667,1.9,eurostat,0.211895911
FIN,2017-04-01,2539.7,2246.7,293.0,1014.3,868.2,146.1,1.0,30.721375329,11.536795685,94.5,30.4,64.1,48.4,15.3,33.1,734.8,711.9,22.9,276.1,265.7,10.4,8.966666667,1.8,eurostat,0.200743494
FIN,2017-07-01,2549.5,2258.5,291.0,1016.4,870.7,145.7,1.0,30.666646552,11.414002746,95.8,30.4,65.4,48.6,15.2,33.4,737.1,713.7,23.4,278.6,267.7,10.9,8.566666667,1.8,eurostat,0.210116732
FIN,2017-10-01,2564.3,2280.5,283.8,1023.1,878.4,144.7,1.0,30.690636821,11.067347814,92.8,30.7,62.1,48.5,15.3,33.2,744.4,720.9,23.5,280.9,270.4,10.5,8.433333333,2.1,eurostat,0.249011858
FIN,2018-01-01,2588.1,2296.5,291.6,1033.2,886.9,146.3,1.0,30.708598229,11.266952591,92.1,31.0,61.1,47.9,15.7,32.2,749.0,723.9,25.1,282.7,271.0,11.7,8.433333333,2.1,eurostat,0.249011858
FIN,2018-04-01,2607.1,2308.7,298.4,1039.8,889.4,150.4,1.0,30.67953488,11.4456676,95.0,31.0,64.0,49.4,15.5,33.9,755.5,729.5,26.0,284.8,273.1,11.7,7.2,2.2,eurostat,0.305555556
FIN,2018-07-01,2620.1,2320.4,299.7,1046.0,894.1,151.9,1.0,30.709338751,11.438494714,94.8,30.9,63.9,49.3,15.6,33.7,754.6,727.2,27.4,284.7,271.9,12.8,7.3,2.3,eurostat,0.315068493
FIN,2018-10-01,2639.1,2341.2,297.9,1052.7,901.8,150.9,1.0,30.68353722,11.28793907,91.7,30.7,61.0,47.8,15.5,32.3,759.3,731.0,28.3,285.9,272.9,13.0,6.766666667,2.2,eurostat,0.325123153
FIN,2019-01-01,2645.7,2340.5,305.2,1052.4,901.3,151.1,1.0,30.598271215,11.535699437,94.4,29.8,64.6,48.9,15.1,33.8,763.4,735.6,27.8,285.9,273.3,12.6,6.733333333,2.2,eurostat,0.326732673
FIN,2019-04-01,2658.1,2357.4,300.7,1056.1,905.6,150.5,1.0,30.562605447,11.312591701,91.5,30.1,61.4,48.0,15.2,32.8,765.4,737.3,28.1,288.0,275.4,12.6,6.766666667,2.2,eurostat,0.325123153
FIN,2019-07-01,2651.3,2351.0,300.3,1046.4,897.1,149.3,1.0,30.359562363,11.326519066,91.2,29.8,61.4,47.5,15.1,32.4,769.9,741.5,28.4,287.5,274.9,12.6,6.733333333,2.2,eurostat,0.326732673
FIN,2019-10-01,2653.3,2346.7,306.6,1050.3,898.7,151.6,1.0,30.44974473,11.555421551,94.1,30.7,63.4,47.8,15.1,32.7,771.7,740.8,30.9,291.3,277.3,14.0,6.766666667,2.2,eurostat,0.325123153
FIN,2020-01-01,2639.7,2341.1,298.6,1049.2,901.5,147.7,1.0,30.574569954,11.311891503,91.7,32.3,59.4,47.4,16.1,31.3,769.2,740.5,28.7,291.7,279.0,12.7,6.766666667,2.2,eurostat,0.325123153
FIN,2020-04-01,2543.3,2255.2,288.1,981.4,846.3,135.1,1.0,29.682816692,11.327802461,86.3,32.2,54.1,45.5,16.1,29.4,768.1,739.7,28.4,287.4,276.4,11.0,7.866666667,1.6,eurostat,0.20338983
FIN,2020-07-01,2577.1,2292.1,285.0,1028.4,884.5,143.9,1.0,30.696399949,11.058942222,86.1,33.3,52.8,45.9,16.4,29.5,773.3,746.2,27.1,292.5,279.9,12.6,8.266666667,1.8,eurostat,0.217741935
FIN,2020-10-01,2599.9,2305.2,294.7,1027.2,881.7,145.5,1.0,30.391701456,11.335051348,90.3,32.2,58.1,46.0,16.2,29.8,778.2,751.2,27.0,293.8,281.3,12.5,8.1,2.0,eurostat,0.24691358
FIN,2021-01-01,2607.9,2309.9,298.0,1024.0,878.8,145.2,1.0,30.204084041,11.426818513,89.3,31.6,57.7,46.1,15.7,30.4,785.6,758.9,26.7,294.5,282.7,11.8,8.033333333,2.1,eurostat,0.261410788
FIN,2021-04-01,2640.4,2341.7,298.7,1039.4,892.7,146.7,1.0,30.280959761,11.312679897,86.4,31.6,54.8,44.7,15.9,28.8,796.2,766.1,30.1,300.9,288.4,12.5,8.133333333,2.4,eurostat,0.295081967
FIN,2021-07-01,2656.2,2360.4,295.8,1050.3,903.2,147.1,1.0,30.416500148,11.136209623,85.5,31.6,53.9,44.5,15.6,28.9,798.2,769.6,28.6,302.3,288.7,13.6,7.533333333,2.8,eurostat,0.371681416
FIN,2021-10-01,2694.3,2397.6,296.7,1061.2,913.0,148.2,1.0,30.297579791,11.012136733,89.6,31.6,58.0,48.4,16.0,32.4,803.6,776.2,27.4,301.6,289.7,11.9,6.966666667,3.0,eurostat,0.43062201
FIN,2022-01-01,2716.8,2424.0,293.5,1064.4,918.5,144.7,1.0,30.137265561,10.803150766,86.3,31.5,54.8,45.2,15.7,29.5,810.4,781.6,28.8,303.4,289.8,13.6,6.7,3.1,eurostat,0.462686567
FIN,2022-04-01,2743.2,2444.9,297.0,1067.3,922.0,145.2,1.0,29.928550598,10.826771654,88.4,31.2,57.2,46.7,15.6,31.1,818.2,786.4,31.8,305.9,292.5,13.4,6.233333333,3.1,eurostat,0.497326203
FIN,2022-07-01,2759.4,2460.1,299.0,1079.2,933.3,146.6,1.0,30.08457803,10.835688918,87.6,31.1,56.5,46.6,15.6,31.0,817.2,789.2,28.0,308.5,295.1,13.4,7.3,2.8,eurostat,0.383561644
FIN,2022-10-01,2751.8,2473.0,279.7,1070.5,935.1,136.0,1.0,29.924469019,10.164256123,85.7,31.8,53.9,44.8,15.9,28.9,826.6,799.2,27.4,310.6,299.2,11.4,6.8,2.5,eurostat,0.367647059
FIN,2023-01-01,2766.7,2478.5,289.6,1085.6,945.7,139.6,1.0,30.183139591,10.467343767,83.5,31.9,51.6,44.9,16.0,28.9,825.3,799.0,26.3,314.1,302.1,12.0,6.733333333,2.5,eurostat,0.371287129
FIN,2023-04-01,2791.1,2506.0,282.9,1080.5,942.9,137.6,1.0,29.778719722,10.135788757,85.7,32.1,53.6,46.1,16.0,30.1,838.8,810.9,27.9,313.9,301.6,12.3,7.1,2.2,eurostat,0.309859155
FIN,2023-07-01,2768.1,2493.2,274.7,1066.7,935.9,131.1,1.0,29.642659642,9.92377443,84.4,32.9,51.5,43.1,15.9,27.2,841.7,815.8,25.9,314.2,303.2,11.0,7.533333333,2.2,eurostat,0.292035398
FIN,2023-10-01,2754.1,2483.9,271.2,1055.2,925.2,130.0,1.0,29.472143629,9.847136996,78.0,31.5,46.5,41.6,15.8,25.8,848.6,823.1,25.5,313.6,302.0,11.6,7.533333333,2.1,eurostat,0.278761062
FIN,2024-01-01,2756.0,2481.4,276.1,1075.8,943.1,132.5,1.0,30.026794686,10.018142235,81.1,31.8,49.3,43.2,15.8,27.4,854.5,826.2,28.3,326.5,313.6,12.9,7.966666667,1.9,eurostat,0.238493724
FIN,2024-04-01,2750.5,2476.8,270.4,1063.6,933.0,130.0,1.0,29.745640653,9.830939829,79.5,32.0,47.5,42.1,15.9,26.2,844.2,822.0,22.2,314.3,303.3,11.0,8.3,1.9,eurostat,0.228915663
FIN,2024-07-01,2750.4,2477.6,272.6,1060.1,930.8,129.8,1.0,29.648834295,9.911285631,80.3,30.8,49.5,42.9,15.9,27.0,846.0,820.1,25.9,315.7,304.2,11.5,8.533333333,1.7,eurostat,0.19921875
FIN,2024-10-01,2735.1,2463.0,274.1,1052.5,922.6,130.2,1.0,29.60094273,10.021571423,80.3,31.8,48.5,42.1,15.6,26.5,836.5,812.1,24.4,311.7,300.9,10.8,8.8,1.6,eurostat,0.181818182
FIN,2025-01-01,2730.3,2457.7,275.4,1051.0,919.6,131.7,1.0,29.610721842,10.086803648,80.0,31.6,48.4,42.5,15.8,26.7,841.8,814.0,27.8,317.7,304.8,12.9,9.266666667,1.5,eurostat,0.161870504
FIN,2025-04-01,2731.8,2449.7,279.3,1056.8,921.7,133.4,1.0,29.75778157,10.224028113,76.6,31.3,45.3,41.9,15.7,26.2,842.7,816.3,26.4,315.1,302.4,12.7,9.233333333,1.3,eurostat,0.140794224
FIN,2025-07-01,2730.1,2453.7,276.1,1055.1,923.4,132.4,1.0,29.728412315,10.113182667,78.3,32.0,46.3,43.3,16.1,27.2,842.6,812.9,29.7,314.8,301.6,13.2,9.9,1.3,eurostat,0.131313131
FIN,2025-10-01,2736.2,2456.5,280.0,1061.1,929.6,132.2,1.0,29.830815336,10.23317009,78.7,31.9,46.8,43.4,16.1,27.3,844.1,815.2,28.9,317.2,304.4,12.8,10.366666667,1.1,eurostat,0.106109325
FIN,2026-01-01,2732.9,2449.1,283.8,1043.9,914.0,129.9,1.0,29.382707015,10.384573164,79.1,32.0,47.1,42.2,16.1,26.1,846.0,817.7,28.3,313.3,300.5,12.8,,,,
FIN,2026-04-01,2703.8,,,1043.5,,,1.0,29.687562234,,,,,,,,,,,,,,,,,
FRA,1995-01-01,23637.8,21116.6,2521.2,9374.9,7680.3,1694.6,1.0,30.508175627,10.665967222,1071.0,380.2,690.8,582.1,114.7,467.3,7103.9,6799.0,304.9,2405.8,2246.6,159.2,,,,
FRA,1995-04-01,23690.9,21189.5,2501.4,9359.8,7679.3,1680.4,1.0,30.390766724,10.558484481,1063.7,383.5,680.2,574.8,114.6,460.2,7129.7,6823.7,306.0,2402.1,2243.2,158.9,,,,
FRA,1995-07-01,23735.4,21253.4,2482.0,9347.0,7678.8,1668.3,1.0,30.292306007,10.456954591,1056.5,386.7,669.8,569.4,114.8,454.6,7156.8,6849.9,306.9,2403.8,2245.5,158.3,,,,
FRA,1995-10-01,23781.2,21318.1,2463.1,9361.4,7699.7,1661.7,1.0,30.280544813,10.357341093,1049.2,389.6,659.5,567.5,115.8,451.8,7185.2,6877.4,307.8,2420.1,2261.5,158.6,,,,
FRA,1996-01-01,23819.2,21374.7,2444.5,9373.0,7719.2,1653.7,1.0,30.269698395,10.262729227,1041.9,392.5,649.4,565.7,116.7,449.0,7214.9,6906.2,308.7,2431.7,2274.0,157.6,,,,
FRA,1996-04-01,23840.0,21412.5,2427.5,9384.6,7734.3,1650.3,1.0,30.280717605,10.182466443,1035.2,395.3,639.9,565.4,117.7,447.7,7241.6,6932.1,309.5,2445.4,2287.3,158.1,,,,
FRA,1996-07-01,23856.9,21444.8,2412.1,9398.7,7749.6,1649.2,1.0,30.304730417,10.110701726,1029.3,398.2,631.1,565.8,118.7,447.1,7265.2,6954.8,310.3,2458.3,2298.7,159.6,,,,
FRA,1996-10-01,23890.4,21492.0,2398.3,9412.8,7764.5,1648.3,1.0,30.307635639,10.038760339,1024.0,401.0,623.0,566.4,119.5,446.9,7285.8,6974.6,311.2,2465.9,2304.2,161.8,,,,
FRA,1997-01-01,23956.0,21569.9,2386.1,9433.1,7783.2,1649.9,1.0,30.28982622,9.960343964,1019.5,403.9,615.6,567.2,120.1,447.2,7302.6,6990.5,312.0,2470.0,2305.2,164.7,,,,
FRA,1997-04-01,24008.6,21635.0,2373.6,9450.6,7800.8,1649.8,1.0,30.279534449,9.886457353,1015.2,407.1,608.0,567.1,120.5,446.6,7321.8,7009.1,312.8,2472.9,2306.8,166.2,,,,
FRA,1997-07-01,24046.5,21685.6,2360.9,9466.8,7818.9,1647.9,1.0,30.283633153,9.81806084,1011.1,410.6,600.5,566.2,120.9,445.3,7335.9,7022.5,313.4,2475.3,2309.1,166.3,,,,
FRA,1997-10-01,24147.9,21799.9,2347.9,9485.7,7842.2,1643.5,1.0,30.21667436,9.722998687,1007.2,414.4,592.9,563.3,120.9,442.4,7354.7,7040.9,313.8,2471.9,2307.6,164.3,,,,
FRA,1998-01-01,24257.0,21922.3,2334.7,9510.7,7873.4,1637.2,1.0,30.160048963,9.624850559,1003.6,418.5,585.2,559.7,120.8,439.0,7370.3,7056.1,314.2,2469.7,2308.5,161.2,,,,
FRA,1998-04-01,24398.0,22073.9,2324.1,9545.4,7914.2,1631.2,1.0,30.095152818,9.525780802,999.7,421.7,578.0,555.1,120.9,434.2,7388.2,7073.3,314.8,2468.6,2309.5,159.1,,,,
FRA,1998-07-01,24544.4,22228.3,2316.0,9599.8,7972.1,1627.8,1.0,30.086135894,9.435960952,995.4,424.2,571.3,550.7,121.7,429.0,7409.2,7093.5,315.7,2477.0,2318.2,158.8,,,,
FRA,1998-10-01,24651.2,22340.6,2310.6,9626.9,8006.2,1620.7,1.0,30.040353785,9.373174531,990.8,425.8,565.1,545.2,122.8,422.5,7432.4,7115.6,316.8,2485.8,2326.4,159.5,,,,
FRA,1999-01-01,24798.6,22490.8,2307.8,9672.1,8058.5,1613.5,1.0,30.002003835,9.30617051,985.9,426.5,559.3,539.8,124.4,415.4,7458.0,7139.7,318.2,2502.0,2340.2,161.7,,,,
FRA,1999-04-01,24976.6,22671.3,2305.2,9759.0,8141.7,1617.3,1.0,30.055824559,9.229438755,979.4,425.3,554.1,538.2,125.7,412.4,7486.1,7166.7,319.3,2516.8,2353.6,163.2,,,,
FRA,1999-07-01,25150.4,22847.5,2302.9,9816.0,8194.7,1621.4,1.0,30.022461793,9.156514409,971.4,421.9,549.4,538.8,126.5,412.3,7516.5,7196.4,320.1,2519.1,2356.4,162.7,,,,
FRA,1999-10-01,25303.0,23002.2,2300.8,9860.1,8230.7,1629.5,1.0,29.975466576,9.092992926,961.8,416.6,545.2,543.0,127.0,415.9,7548.6,7228.0,320.6,2517.0,2355.9,161.1,,,,
FRA,2000-01-01,25441.9,23143.0,2299.0,9876.9,8242.8,1634.2,1.0,29.862610043,9.036274807,951.5,409.8,541.7,550.2,127.0,423.2,7582.2,7261.7,320.5,2505.0,2347.9,157.2,,,,
FRA,2000-04-01,25617.9,23322.5,2295.4,9909.6,8273.2,1636.5,1.0,29.755636609,8.960141151,941.9,403.6,538.3,554.5,127.4,427.1,7608.3,7287.9,320.3,2507.7,2352.1,155.6,,,,
FRA,2000-07-01,25792.5,23502.8,2289.7,9972.4,8333.9,1638.5,1.0,29.741502076,8.877386837,934.1,398.8,535.3,555.5,127.4,428.0,7627.2,7307.7,319.5,2503.5,2349.2,154.3,,,,
FRA,2000-10-01,25905.8,23623.9,2281.9,10023.2,8386.7,1636.5,1.0,29.762268859,8.808452161,927.9,395.2,532.7,553.6,127.2,426.4,7639.0,7320.9,318.0,2499.5,2345.8,153.6,,,,
FRA,2001-01-01,25985.8,23713.8,2271.9,9986.5,8364.1,1622.4,1.0,29.56200339,8.742851865,923.5,392.9,530.6,548.7,126.7,422.0,7642.8,7326.9,315.9,2490.9,2337.6,153.3,,,,
FRA,2001-04-01,26050.8,23786.4,2264.4,9941.4,8333.3,1608.1,1.0,29.355070743,8.692247455,918.4,389.6,528.8,542.5,125.9,416.6,7648.2,7334.0,314.2,2475.9,2323.0,152.9,,,,
FRA,2001-07-01,26085.2,23826.1,2259.1,9904.2,8307.8,1596.4,1.0,29.206658889,8.660466471,912.6,385.5,527.1,534.8,124.8,410.0,7655.9,7343.0,312.9,2451.7,2299.4,152.3,,,,
FRA,2001-10-01,26113.8,23857.6,2256.2,9886.4,8299.3,1587.2,1.0,29.122238345,8.639876234,906.1,380.5,525.6,527.0,123.8,403.2,7666.3,7354.3,312.0,2436.4,2284.0,152.4,,,,
FRA,2002-01-01,26153.1,23897.5,2255.6,9823.8,8251.7,1572.0,1.0,28.894353751,8.624598996,898.9,374.5,524.3,517.6,122.4,395.1,7680.0,7368.4,311.5,2411.7,2259.5,152.2,,,,
FRA,2002-04-01,26185.7,23930.8,2254.8,9775.3,8214.1,1561.2,1.0,28.715908066,8.610806662,891.8,369.6,522.2,510.8,121.3,389.4,7697.4,7385.9,311.5,2397.9,2245.5,152.4,,,,
FRA,2002-07-01,26200.3,23946.4,2253.8,9769.1,8210.6,1558.5,1.0,28.681703292,8.602191578,884.9,365.8,519.1,506.7,120.5,386.1,7717.8,7406.1,311.7,2396.7,2243.6,153.1,,,,
FRA,2002-10-01,26214.0,23961.4,2252.7,9783.9,8223.4,1560.5,1.0,28.710143141,8.593499657,878.2,362.9,515.2,505.2,120.1,385.1,7741.2,7428.8,312.4,2406.8,2252.5,154.3,,,,
FRA,2003-01-01,26211.1,23959.8,2251.3,9809.6,8243.0,1566.6,1.0,28.788742761,8.589109194,871.6,361.1,510.4,506.4,119.9,386.5,7767.1,7453.7,313.4,2428.4,2272.6,155.8,,,,
FRA,2003-04-01,26197.7,23946.1,2251.6,9815.8,8244.4,1571.4,1.0,28.821672836,8.594647622,867.3,360.9,506.3,506.3,119.9,386.4,7786.4,7471.7,314.7,2441.5,2284.6,156.8,,,,
FRA,2003-07-01,26186.2,23932.5,2253.7,9823.2,8247.1,1576.1,1.0,28.856068052,8.606441561,865.3,362.3,502.9,505.3,120.2,385.2,7799.6,7483.3,316.3,2449.7,2292.2,157.5,,,,
FRA,2003-10-01,26193.8,23936.4,2257.5,9829.5,8248.9,1580.6,1.0,28.866196757,8.618451695,865.5,365.3,500.2,503.4,120.6,382.7,7806.5,7488.2,318.3,2454.3,2296.5,157.8,,,,
FRA,2004-01-01,26202.1,23939.2,2262.9,9831.9,8247.2,1584.7,1.0,28.864098679,8.636330676,868.1,369.9,498.2,500.5,121.4,379.2,7804.7,7484.2,320.5,2455.8,2297.8,157.9,,,,
FRA,2004-04-01,26213.5,23943.9,2269.7,9847.3,8257.6,1589.7,1.0,28.896737001,8.65851565,869.2,373.0,496.2,498.4,122.1,376.3,7814.7,7491.8,322.8,2463.2,2304.7,158.5,,,,
FRA,2004-07-01,26237.1,23959.5,2277.6,9872.5,8277.7,1594.8,1.0,28.944627147,8.68083744,868.9,374.7,494.2,496.8,122.6,374.2,7826.9,7501.6,325.3,2472.7,2313.2,159.5,,,,
FRA,2004-10-01,26276.9,23990.0,2286.9,9902.9,8303.1,1599.8,1.0,28.989779558,8.703081414,867.1,374.8,492.2,495.7,123.1,372.6,7846.2,7518.4,327.8,2483.3,2322.5,160.8,,,,
FRA,2005-01-01,26332.7,24035.3,2297.4,9990.4,8380.1,1610.3,1.0,29.183954083,8.724513628,863.8,373.5,490.3,496.4,124.0,372.4,7869.2,7538.8,330.4,2512.5,2349.1,163.4,,,,
FRA,2005-04-01,26383.3,24076.5,2306.8,10018.4,8403.5,1614.8,1.0,29.209619488,8.743409657,859.4,371.6,487.8,495.9,124.2,371.6,7894.2,7561.4,332.8,2521.6,2357.0,164.7,,,,
FRA,2005-07-01,26436.4,24121.2,2315.2,10042.0,8422.4,1619.6,1.0,29.219619103,8.757622067,853.8,369.0,484.8,495.6,124.4,371.2,7915.6,7580.4,335.1,2528.3,2362.5,165.8,,,,
FRA,2005-10-01,26501.2,24178.7,2322.5,10053.8,8430.4,1623.4,1.0,29.182423089,8.763754094,847.1,365.8,481.3,495.6,124.5,371.1,7936.5,7599.3,337.3,2533.0,2366.2,166.7,,,,
FRA,2006-01-01,26561.8,24233.0,2328.8,10044.1,8418.2,1626.0,1.0,29.087752973,8.767478108,839.2,362.0,477.2,495.5,124.4,371.1,7955.6,7616.4,339.2,2530.0,2362.8,167.2,,,,
FRA,2006-04-01,26646.0,24311.1,2334.9,10071.2,8440.6,1630.7,1.0,29.074070866,8.762666066,832.0,358.9,473.0,494.6,124.2,370.4,7976.8,7635.7,341.1,2536.0,2368.1,168.0,,,,
FRA,2006-07-01,26757.3,24416.6,2340.7,10118.7,8483.0,1635.7,1.0,29.089689111,8.747893098,825.4,356.7,468.8,492.6,123.8,368.8,8005.0,7662.0,342.9,2547.0,2378.2,168.8,,,,
FRA,2006-10-01,26844.1,24497.7,2346.4,10184.5,8541.9,1642.6,1.0,29.184181139,8.740840632,819.6,355.2,464.4,490.1,123.5,366.6,8036.0,7691.4,344.7,2570.6,2400.4,170.3,,,,
FRA,2007-01-01,26959.6,24607.7,2351.9,10277.5,8627.1,1650.4,1.0,29.324504929,8.723794122,814.4,354.5,460.0,487.0,123.2,363.8,8071.2,7724.8,346.4,2602.4,2430.3,172.1,,,,
FRA,2007-04-01,27065.0,24707.4,2357.5,10344.6,8689.7,1654.9,1.0,29.401014651,8.710511731,808.8,352.9,455.9,482.1,122.8,359.3,8097.8,7749.9,347.8,2621.0,2448.1,172.9,,,,
FRA,2007-07-01,27134.1,24770.9,2363.2,10395.6,8737.9,1657.8,1.0,29.470722761,8.709336223,802.9,350.5,452.3,476.2,122.7,353.5,8116.0,7767.0,349.1,2635.6,2462.2,173.4,,,,
FRA,2007-10-01,27199.0,24830.0,2369.0,10414.7,8758.5,1656.2,1.0,29.454419987,8.70987904,796.5,347.3,449.2,468.7,122.6,346.1,8124.0,7773.9,350.1,2636.1,2463.2,172.9,,,,
FRA,2008-01-01,27259.4,24884.6,2374.8,10409.0,8758.0,1651.0,1.0,29.37307159,8.711857194,789.7,343.3,446.4,459.7,122.5,337.3,8126.5,7775.7,350.8,2624.0,2452.4,171.5,,,,
FRA,2008-04-01,27268.4,24889.3,2379.1,10397.6,8748.9,1648.7,1.0,29.331217989,8.724750994,783.4,339.5,443.9,453.2,121.9,331.2,8133.5,7780.9,352.6,2619.8,2448.5,171.4,,,,
FRA,2008-07-01,27226.8,24844.9,2381.8,10386.1,8737.0,1649.1,1.0,29.343542731,8.747998296,777.6,335.9,441.6,449.2,121.1,328.0,8145.5,7790.1,355.4,2623.6,2451.3,172.4,,,,
FRA,2008-10-01,27155.6,24772.6,2383.0,10352.5,8702.5,1650.0,1.0,29.325301369,8.775353886,772.3,332.6,439.6,447.3,119.9,327.4,8166.2,7807.0,359.1,2626.5,2452.5,174.0,,,,
FRA,2009-01-01,27023.5,24640.8,2382.7,10287.7,8635.6,1652.1,1.0,29.284198511,8.817140637,767.4,329.5,437.9,448.1,118.4,329.7,8191.7,7827.8,363.9,2638.9,2462.0,176.9,,,,
FRA,2009-04-01,26915.8,24528.9,2386.9,10239.5,8584.9,1654.6,1.0,29.263623825,8.868025472,762.7,326.8,435.9,447.8,117.1,330.7,8212.9,7843.7,369.2,2647.5,2467.7,179.8,,,,
FRA,2009-07-01,26873.0,24477.4,2395.6,10224.9,8566.7,1658.3,1.0,29.268439297,8.914523872,758.2,324.5,433.7,447.0,116.4,330.6,8230.8,7855.8,375.0,2657.2,2474.4,182.8,,,,
FRA,2009-10-01,26876.9,24468.1,2408.8,10224.7,8562.1,1662.6,1.0,29.26361986,8.962343127,753.8,322.4,431.3,445.4,116.0,329.3,8244.6,7863.3,381.3,2665.3,2479.4,185.9,,,,
FRA,2010-01-01,26895.5,24469.0,2426.6,10206.4,8543.0,1663.3,1.0,29.191042825,9.022327155,749.5,320.8,428.7,441.8,115.5,326.3,8253.4,7865.3,388.1,2651.9,2464.2,187.7,,,,
FRA,2010-04-01,26918.1,24471.5,2446.6,10250.0,8576.9,1673.1,1.0,29.29112896,9.089051605,746.1,319.7,426.4,439.8,115.9,324.0,8258.5,7865.0,393.6,2663.9,2473.2,190.7,,,,
FRA,2010-07-01,26962.2,24493.4,2468.8,10260.3,8580.2,1680.2,1.0,29.272605579,9.156522836,743.6,319.2,424.4,436.8,115.8,321.0,8261.5,7863.8,397.7,2661.2,2468.8,192.4,,,,
FRA,2010-10-01,27017.2,24523.9,2493.3,10310.4,8618.0,1692.4,1.0,29.355658333,9.228565506,742.0,319.2,422.8,434.0,115.9,318.1,8260.4,7859.9,400.5,2670.3,2475.8,194.5,,,,
FRA,2011-01-01,27075.4,24555.3,2520.1,10359.4,8653.3,1706.1,1.0,29.431769173,9.307711059,740.3,318.8,421.5,430.8,115.7,315.0,8245.1,7843.2,401.9,2674.0,2478.0,196.0,,,,
FRA,2011-04-01,27147.4,24602.6,2544.8,10387.6,8670.9,1716.8,1.0,29.433616252,9.374010034,738.3,318.2,420.1,428.0,115.4,312.5,8250.0,7846.5,403.6,2675.8,2478.8,197.0,9.1,1.1,eurostat,0.120879121
FRA,2011-07-01,27185.8,24618.3,2567.5,10392.7,8667.4,1725.3,1.0,29.406471818,9.444268699,739.8,321.3,418.5,427.2,116.6,310.6,8248.9,7843.4,405.6,2672.9,2475.3,197.6,9.2,1.1,eurostat,0.119565217
FRA,2011-10-01,27213.7,24625.7,2588.1,10394.7,8661.3,1733.5,1.0,29.381977008,9.510283423,740.6,323.8,416.8,427.3,117.7,309.6,8243.1,7835.2,407.9,2669.7,2471.7,198.0,9.366666667,1.1,eurostat,0.117437722
FRA,2012-01-01,27242.4,24635.8,2606.6,10403.4,8661.6,1741.8,1.0,29.375588732,9.568173142,739.8,324.9,414.9,428.0,118.5,309.5,8238.7,7828.2,410.5,2668.8,2470.5,198.4,9.533333333,1.1,eurostat,0.115384615
FRA,2012-04-01,27253.9,24625.6,2628.3,10383.7,8636.3,1747.5,1.0,29.307590981,9.643757407,738.1,324.3,413.8,427.3,118.4,308.8,8239.0,7824.8,414.2,2659.7,2461.3,198.4,9.7,1.1,eurostat,0.113402062
FRA,2012-07-01,27259.9,24606.7,2653.3,10373.6,8619.2,1754.4,1.0,29.272639693,9.733344583,731.2,317.6,413.6,424.6,116.4,308.3,8255.7,7836.7,419.0,2660.9,2461.8,199.2,9.733333333,1.1,eurostat,0.113013699
FRA,2012-10-01,27256.6,24575.2,2681.4,10362.2,8601.7,1760.5,1.0,29.244010907,9.837617311,732.8,318.7,414.1,424.0,117.2,306.8,8271.2,7846.2,425.0,2660.7,2460.6,200.1,10.2,1.0,eurostat,0.098039216
FRA,2013-01-01,27264.3,24551.6,2712.7,10366.8,8599.1,1767.7,1.0,29.248730165,9.949641106,739.7,324.1,415.5,424.7,119.9,304.8,8285.6,7853.6,432.1,2666.2,2464.5,201.7,10.4,1.0,eurostat,0.096153846
FRA,2013-04-01,27272.6,24533.5,2739.2,10361.1,8589.3,1771.8,1.0,29.223751762,10.043780204,737.9,321.3,416.6,422.3,119.1,303.2,8308.5,7870.0,438.6,2671.4,2468.6,202.9,10.433333333,1.0,eurostat,0.095846645
FRA,2013-07-01,27302.7,24541.9,2760.8,10377.4,8601.8,1775.6,1.0,29.237457777,10.111820443,737.4,320.1,417.4,420.6,118.8,301.7,8334.6,7890.1,444.5,2685.4,2481.0,204.3,10.233333333,0.9,eurostat,0.087947883
FRA,2013-10-01,27380.8,24603.2,2777.6,10385.4,8610.7,1774.7,1.0,29.176536956,10.144334716,739.7,321.9,417.8,419.1,119.2,299.9,8373.2,7923.4,449.8,2694.2,2489.2,204.9,10.166666667,0.9,eurostat,0.08852459
FRA,2014-01-01,27435.0,24645.4,2789.6,10384.2,8612.8,1771.3,1.0,29.115531816,10.168033534,742.1,324.1,418.0,417.3,119.3,298.0,8405.4,7950.9,454.5,2702.8,2497.4,205.4,10.2,1.0,eurostat,0.098039216
FRA,2014-04-01,27456.2,24658.1,2798.1,10378.1,8608.6,1769.4,1.0,29.075960425,10.191140799,744.2,326.9,417.3,415.7,119.7,296.1,8412.8,7953.4,459.4,2702.5,2495.5,207.0,10.133333333,1.0,eurostat,0.098684211
FRA,2014-07-01,27456.0,24652.9,2803.2,10376.4,8606.9,1769.6,1.0,29.07140936,10.20979021,743.6,327.9,415.7,413.5,119.3,294.2,8419.9,7955.6,464.3,2706.5,2496.4,210.1,10.233333333,1.0,eurostat,0.09771987
FRA,2014-10-01,27460.9,24656.2,2804.7,10361.3,8592.4,1768.9,1.0,29.023924086,10.213430732,740.8,327.4,413.3,410.2,118.0,292.2,8440.6,7971.2,469.4,2706.6,2492.6,214.0,10.466666667,1.0,eurostat,0.095541401
FRA,2015-01-01,27470.4,24667.5,2802.9,10361.0,8590.5,1770.5,1.0,29.01304677,10.203346147,740.0,330.0,410.0,407.8,117.8,290.1,8457.1,7982.5,474.5,2710.0,2490.5,219.5,10.366666667,1.0,eurostat,0.096463023
FRA,2015-04-01,27495.2,24694.1,2801.1,10355.9,8586.4,1769.4,1.0,28.972609485,10.18759638,741.9,334.9,407.0,406.7,118.7,288.0,8470.9,7991.3,479.6,2706.8,2483.0,223.8,10.433333333,1.1,eurostat,0.10543131
FRA,2015-07-01,27542.2,24742.9,2799.3,10373.2,8604.4,1768.8,1.0,28.971485994,10.163676104,740.6,336.4,404.2,405.3,118.9,286.5,8489.6,8004.9,484.7,2713.1,2485.1,227.9,10.3,1.1,eurostat,0.106796117
FRA,2015-10-01,27576.9,24779.3,2797.6,10379.6,8613.2,1766.4,1.0,28.952883364,10.144722576,736.8,335.2,401.6,403.6,118.3,285.2,8494.2,8004.5,489.7,2710.6,2479.7,230.9,10.266666667,1.2,eurostat,0.116883117
FRA,2016-01-01,27619.9,24823.9,2796.0,10380.2,8618.5,1761.7,1.0,28.909479146,10.123135855,734.8,335.5,399.3,402.9,118.7,284.2,8501.0,8006.3,494.7,2705.3,2472.6,232.7,10.3,1.3,eurostat,0.126213592
FRA,2016-04-01,27677.9,24881.2,2796.7,10402.7,8643.5,1759.2,1.0,28.911430864,10.104451566,734.1,336.6,397.5,402.6,119.6,283.0,8513.9,8014.4,499.5,2714.5,2479.5,235.0,10.0,1.3,eurostat,0.13
FRA,2016-07-01,27759.0,24959.1,2799.9,10413.2,8658.6,1754.6,1.0,28.856060543,10.086458446,734.7,338.5,396.2,401.7,120.5,281.2,8534.3,8030.0,504.3,2716.3,2480.0,236.3,9.866666667,1.4,eurostat,0.141891892
FRA,2016-10-01,27821.9,25016.4,2805.5,10424.4,8672.9,1751.5,1.0,28.821788702,10.083782919,730.3,334.9,395.4,399.2,119.5,279.6,8547.9,8038.8,509.0,2720.1,2482.7,237.4,10.066666667,1.6,eurostat,0.158940397
FRA,2017-01-01,27901.4,25088.0,2813.4,10473.1,8720.8,1752.3,1.0,28.87393023,10.083364992,730.1,335.0,395.1,397.5,119.9,277.6,8557.0,8043.3,513.7,2727.8,2489.3,238.5,9.633333333,1.6,eurostat,0.166089965
FRA,2017-04-01,28026.1,25205.1,2821.0,10508.8,8757.2,1751.5,1.0,28.843443461,10.065617407,734.0,339.8,394.2,397.5,121.8,275.7,8572.9,8055.1,517.8,2725.5,2486.7,238.8,9.5,1.8,eurostat,0.189473684
FRA,2017-07-01,28095.0,25266.7,2828.2,10518.1,8767.2,1751.0,1.0,28.798171041,10.066559886,729.3,336.7,392.7,394.9,120.3,274.6,8572.3,8051.0,521.3,2715.2,2476.3,238.9,9.466666667,1.9,eurostat,0.200704225
FRA,2017-10-01,28164.8,25329.7,2835.1,10555.5,8800.8,1754.7,1.0,28.828947426,10.06611089,726.5,336.0,390.5,393.4,119.5,273.9,8560.5,8036.1,524.4,2706.6,2467.3,239.3,9.033333333,1.8,eurostat,0.199261993
FRA,2018-01-01,28273.6,25432.1,2841.5,10593.8,8835.5,1758.3,1.0,28.822211968,10.050011318,727.0,339.3,387.7,393.0,119.8,273.3,8563.5,8036.6,526.9,2697.2,2457.7,239.4,9.266666667,1.8,eurostat,0.194244604
FRA,2018-04-01,28318.1,25464.5,2853.6,10610.5,8846.2,1764.3,1.0,28.822283546,10.076947253,727.4,342.1,385.3,392.3,119.9,272.4,8556.3,8026.0,530.3,2689.6,2449.0,240.5,9.1,1.8,eurostat,0.197802198
FRA,2018-07-01,28334.1,25462.8,2871.2,10646.2,8871.2,1775.0,1.0,28.902928328,10.133372862,735.4,352.0,383.3,393.8,122.9,270.9,8540.7,8006.0,534.7,2691.1,2448.1,243.1,8.933333333,1.9,eurostat,0.212686567
FRA,2018-10-01,28385.4,25490.9,2894.5,10679.3,8891.7,1787.6,1.0,28.940392434,10.197143602,734.8,353.0,381.7,392.1,122.6,269.6,8542.4,8002.4,540.0,2696.0,2449.9,246.1,8.766666667,2.0,eurostat,0.228136882
FRA,2019-01-01,28510.9,25587.6,2923.3,10768.7,8960.7,1808.0,1.0,29.05420518,10.253271556,727.2,346.6,380.6,388.5,120.0,268.5,8557.1,8010.8,546.3,2716.0,2465.2,250.7,8.733333333,2.1,eurostat,0.240458015
FRA,2019-04-01,28627.9,25679.2,2948.7,10819.1,8998.4,1820.6,1.0,29.070887545,10.300091868,727.6,348.9,378.8,386.6,120.1,266.5,8570.5,8019.7,550.8,2723.9,2470.7,253.2,8.5,2.1,eurostat,0.247058824
FRA,2019-07-01,28694.6,25724.0,2970.5,10845.4,9015.0,1830.4,1.0,29.073816623,10.352122002,733.4,357.1,376.3,386.2,122.2,264.1,8582.3,8028.7,553.6,2729.3,2475.0,254.3,8.3,2.1,eurostat,0.253012048
FRA,2019-10-01,28814.7,25825.8,2988.9,10866.2,9029.8,1836.4,1.0,29.008163835,10.372830534,733.0,359.8,373.2,383.6,122.0,261.6,8595.6,8040.9,554.7,2726.6,2473.0,253.6,8.2,2.2,eurostat,0.268292683
FRA,2020-01-01,28833.3,25829.5,3003.8,10471.5,8694.5,1777.0,1.0,27.936448481,10.417815512,727.1,357.7,369.4,376.3,118.4,257.9,8602.5,8048.5,554.0,2689.3,2440.2,249.2,,,,
FRA,2020-04-01,28191.7,25169.2,3022.5,8573.1,7048.4,1524.8,1.0,23.392318688,10.721240649,724.7,358.7,366.0,361.0,111.4,249.5,8558.2,8004.0,554.2,2468.2,2236.5,231.7,7.3,2.2,eurostat,0.301369863
FRA,2020-07-01,28663.0,25617.8,3045.2,10443.3,8641.0,1802.2,1.0,28.026751186,10.624149601,722.4,359.4,363.0,371.5,118.9,252.7,8587.2,8031.7,555.4,2670.7,2424.0,246.7,8.9,2.1,eurostat,0.235955056
FRA,2020-10-01,28893.2,25821.5,3071.7,10225.8,8473.3,1752.6,1.0,27.22439882,10.631221187,720.6,360.1,360.5,368.4,119.3,249.1,8671.4,8113.9,557.5,2685.9,2439.6,246.3,8.1,1.8,eurostat,0.222222222
FRA,2021-01-01,29025.0,25922.9,3102.1,10334.3,8568.1,1766.2,1.0,27.388325714,10.687683032,717.1,358.8,358.3,367.2,120.8,246.4,8698.0,8137.4,560.6,2706.9,2459.0,247.9,8.133333333,2.2,eurostat,0.270491803
FRA,2021-04-01,29226.4,26094.0,3132.4,10493.9,8700.8,1793.1,1.0,27.619654727,10.717707278,711.0,354.6,356.4,365.1,120.8,244.2,8714.4,8149.8,564.5,2709.2,2460.3,248.9,8.033333333,2.6,eurostat,0.323651452
FRA,2021-07-01,29552.4,26389.8,3162.6,11017.3,9141.8,1875.5,1.0,28.677353291,10.7016689,706.9,352.2,354.7,364.8,121.7,243.0,8741.6,8172.3,569.2,2737.1,2484.9,252.2,7.866666667,2.8,eurostat,0.355932203
FRA,2021-10-01,29777.0,26584.3,3192.7,11133.1,9237.2,1895.8,1.0,28.760194368,10.722033784,708.1,354.9,353.1,364.5,123.2,241.4,8759.3,8184.5,574.8,2746.0,2491.2,254.8,7.433333333,3.1,eurostat,0.417040359
FRA,2022-01-01,29933.8,26711.1,3222.7,11093.3,9194.9,1898.4,1.0,28.507265006,10.766090506,715.6,363.7,351.8,363.8,125.0,238.8,8759.2,8178.0,581.2,2710.3,2455.7,254.7,7.333333333,3.3,eurostat,0.45
FRA,2022-04-01,30037.3,26789.3,3248.0,11234.0,9309.8,1924.2,1.0,28.769358303,10.813222227,716.3,366.0,350.3,364.1,126.5,237.6,8772.7,8186.0,586.7,2749.5,2489.8,259.7,7.5,3.3,eurostat,0.44
FRA,2022-07-01,30094.2,26825.6,3268.6,11260.2,9327.0,1933.3,1.0,28.781932424,10.861229074,710.6,362.0,348.6,360.9,125.1,235.8,8771.6,8180.2,591.4,2746.4,2485.3,261.1,7.2,3.4,eurostat,0.472222222
FRA,2022-10-01,30190.3,26905.8,3284.5,11323.5,9381.3,1942.1,1.0,28.851600068,10.879322166,708.3,361.6,346.7,358.9,125.4,233.5,8775.7,8180.5,595.2,2757.9,2495.0,263.0,7.166666667,3.4,eurostat,0.474418605
FRA,2023-01-01,30294.4,26998.7,3295.8,11402.7,9453.2,1949.5,1.0,28.953561359,10.879238407,705.7,361.1,344.6,356.4,125.6,230.8,8791.5,8193.4,598.2,2776.9,2512.3,264.7,7.1,3.3,eurostat,0.464788732
FRA,2023-04-01,30353.7,27043.4,3310.3,11451.1,9494.2,1956.9,1.0,29.019653161,10.905754488,705.1,362.5,342.6,354.8,126.5,228.3,8807.6,8206.0,601.5,2784.4,2518.7,265.7,7.3,3.2,eurostat,0.438356164
FRA,2023-07-01,30394.7,27066.6,3328.1,11470.7,9507.4,1963.3,1.0,29.030111778,10.949606346,708.3,367.7,340.6,354.7,128.6,226.1,8820.6,8215.3,605.4,2785.0,2518.5,266.5,7.4,3.0,eurostat,0.405405405
FRA,2023-10-01,30459.1,27109.9,3349.2,11513.6,9539.0,1974.6,1.0,29.077075109,10.995728698,705.5,366.9,338.6,353.8,128.9,224.9,8859.7,8250.1,609.6,2802.8,2534.4,268.4,7.566666667,2.9,eurostat,0.383259912
FRA,2024-01-01,30539.2,27165.7,3373.5,11538.8,9553.6,1985.2,1.0,29.064284592,11.046458322,701.6,365.0,336.7,352.7,128.7,224.1,8905.6,8291.3,614.3,2813.6,2543.9,269.8,7.5,2.8,eurostat,0.373333333
FRA,2024-04-01,30579.7,27181.8,3397.9,11562.3,9566.1,1996.2,1.0,29.084905748,11.1116198,699.6,364.9,334.7,352.1,129.2,222.9,8926.5,8307.4,619.1,2821.0,2549.7,271.3,7.433333333,2.7,eurostat,0.3632287
FRA,2024-07-01,30617.4,27195.0,3422.4,11579.5,9573.9,2005.6,1.0,29.092305984,11.177957632,700.0,367.3,332.7,351.8,130.4,221.4,8948.7,8324.7,624.0,2829.0,2556.1,272.8,7.5,2.6,eurostat,0.346666667
FRA,2024-10-01,30631.1,27184.1,3447.0,11571.4,9559.1,2012.3,1.0,29.058952904,11.253268737,699.5,368.9,330.6,350.7,131.2,219.5,8954.6,8325.4,629.1,2827.1,2553.4,273.8,7.366666667,2.5,eurostat,0.339366516
FRA,2025-01-01,30619.8,27148.2,3471.6,11549.8,9532.2,2017.6,1.0,29.015413355,11.33776184,695.5,367.1,328.4,347.9,130.5,217.4,8950.9,8316.6,634.3,2821.2,2546.7,274.5,7.466666667,2.5,eurostat,0.334821429
FRA,2025-04-01,30635.5,27140.7,3494.8,11532.0,9510.6,2021.4,1.0,28.95584936,11.407680632,693.3,366.7,326.6,345.7,130.3,215.3,8954.2,8315.4,638.8,2814.2,2539.4,274.8,7.6,2.4,eurostat,0.315789474
FRA,2025-07-01,30652.0,27135.3,3516.7,11535.4,9507.7,2027.8,1.0,28.948794909,11.472987081,686.7,361.7,325.0,342.6,128.7,213.9,8965.5,8322.9,642.5,2817.8,2542.2,275.6,7.8,2.4,eurostat,0.307692308
FRA,2025-10-01,30645.5,27108.5,3537.1,11523.4,9490.6,2032.8,1.0,28.924813908,11.54198822,686.5,362.8,323.7,341.4,129.2,212.2,8967.3,8321.7,645.6,2816.0,2540.1,275.9,8.0,2.3,eurostat,0.2875
FRA,2026-01-01,30638.6,27082.5,3556.1,11516.2,9478.6,2037.6,1.0,28.913251208,11.606600824,689.8,367.0,322.8,341.5,131.0,210.5,8967.0,8319.2,647.9,2811.0,2535.1,275.8,,,,
FRA,2026-04-01,30634.0,,,,,,1.0,,,,,,,,,,,,,,,,,,
GBR,1995-01-01,25670.3,21960.2,3710.1,11081.7,9188.8,1892.9,1.0,33.207187354,14.452889136,479.4,227.1,252.3,287.2,116.1,171.1,6009.6,5633.5,376.2,2269.6,2125.2,144.4,,,,
GBR,1995-04-01,25770.3,22070.0,3700.3,11104.3,9206.1,1898.2,1.0,33.145788876,14.358777352,478.5,225.8,252.7,291.6,116.8,174.8,6027.0,5643.9,383.1,2278.1,2123.6,154.5,,,,
GBR,1995-07-01,25852.2,22186.0,3666.2,11114.2,9249.9,1864.2,1.0,33.070240116,14.18138495,476.5,228.0,248.5,280.6,110.1,170.4,6020.8,5640.8,380.0,2280.7,2127.9,152.8,,,,
GBR,1995-10-01,25982.4,22328.8,3653.6,11175.9,9317.7,1858.2,1.0,33.087190382,14.061826467,473.3,231.5,241.8,281.5,117.8,163.7,6045.9,5661.4,384.5,2300.2,2142.9,157.3,,,,
GBR,1996-01-01,25970.5,22350.4,3620.1,11178.1,9341.9,1836.2,1.0,33.108867606,13.939277257,459.6,232.1,227.5,267.4,115.1,152.3,6065.3,5672.2,393.1,2303.2,2141.9,161.3,,,,
GBR,1996-04-01,26009.3,22392.6,3616.8,11216.2,9369.9,1846.4,1.0,33.172158243,13.905795235,462.1,230.2,231.8,277.5,115.7,161.8,6070.8,5672.4,398.4,2323.8,2158.3,165.5,,,,
GBR,1996-07-01,26061.6,22424.5,3637.1,11223.3,9376.6,1846.6,1.0,33.126545156,13.955781686,467.2,229.2,238.0,274.9,113.3,161.7,6068.7,5664.8,403.9,2316.9,2152.0,164.9,,,,
GBR,1996-10-01,26198.3,22562.1,3636.1,11259.2,9426.0,1833.3,1.0,33.059103365,13.87914483,470.6,237.6,233.0,271.2,117.0,154.2,6090.8,5688.7,402.1,2339.3,2181.5,157.8,,,,
GBR,1997-01-01,26381.1,22780.7,3600.4,11358.0,9549.4,1808.7,1.0,33.118115154,13.647649264,460.2,244.5,215.7,270.3,124.2,146.1,6089.6,5690.3,399.3,2286.0,2127.0,159.0,,,,
GBR,1997-04-01,26513.5,22936.6,3576.9,11418.2,9621.7,1796.5,1.0,33.127390836,13.490863145,482.8,253.8,229.0,279.2,128.1,151.1,6083.2,5681.4,401.8,2303.1,2143.8,159.3,,,,
GBR,1997-07-01,26571.8,23004.2,3567.5,11442.4,9651.5,1790.9,1.0,33.124764426,13.425887595,488.4,261.8,226.6,286.4,133.9,152.5,6070.2,5674.9,395.4,2296.9,2142.4,154.5,,,,
GBR,1997-10-01,26636.0,23110.5,3525.5,11438.0,9687.2,1750.8,1.0,33.03221782,13.235846223,475.1,264.0,211.1,278.9,133.2,145.7,6045.9,5659.9,386.0,2268.8,2119.0,149.8,,,,
GBR,1998-01-01,26676.6,23169.7,3506.8,11493.9,9742.3,1751.6,1.0,33.143134951,13.145603263,468.7,262.3,206.4,271.4,131.6,139.8,6024.8,5641.2,383.6,2298.8,2153.4,145.4,,,,
GBR,1998-04-01,26714.0,23254.8,3459.3,11493.8,9795.0,1698.8,1.0,33.096446116,12.949389833,469.9,259.2,210.8,269.3,129.0,140.3,6014.4,5631.1,383.3,2270.6,2130.7,139.9,,,,
GBR,1998-07-01,26833.6,23432.6,3401.0,11538.7,9884.2,1654.6,1.0,33.077645478,12.674408205,446.3,252.2,194.1,255.8,126.7,129.0,6012.3,5629.2,383.2,2276.5,2136.1,140.4,,,,
GBR,1998-10-01,26955.1,23538.6,3416.5,11481.2,9832.2,1649.0,1.0,32.764457589,12.674781396,423.2,248.2,175.0,238.4,124.2,114.1,6054.9,5668.1,386.7,2290.0,2143.1,146.9,,,,
GBR,1999-01-01,27035.9,23625.5,3410.5,11547.9,9887.8,1660.2,1.0,32.856313272,12.614708591,415.9,245.6,170.3,236.8,125.6,111.2,6139.8,5734.7,405.1,2350.1,2195.8,154.3,,,,
GBR,1999-04-01,27095.4,23672.2,3423.2,11577.5,9921.0,1656.5,1.0,32.868196191,12.633878813,416.2,239.6,176.5,239.0,121.7,117.3,6147.4,5744.0,403.4,2347.2,2196.3,151.0,,,,
GBR,1999-07-01,27218.0,23816.9,3401.1,11632.4,9988.7,1643.7,1.0,32.875303108,12.495774855,407.5,237.7,169.8,232.0,120.2,111.8,6182.8,5793.9,388.9,2360.9,2213.8,147.1,,,,
GBR,1999-10-01,27322.3,23933.0,3389.2,11661.0,10020.9,1640.1,1.0,32.830325412,12.404519385,396.1,233.2,162.8,228.6,116.6,112.1,6230.3,5837.9,392.4,2352.3,2204.7,147.5,,,,
GBR,2000-01-01,27361.9,23978.0,3383.9,11497.2,9880.9,1616.3,1.0,32.322316798,12.367196722,382.3,227.9,154.4,219.2,112.0,107.3,6254.1,5857.5,396.7,2336.9,2189.1,147.8,,,,
GBR,2000-04-01,27468.1,24102.8,3365.3,11639.0,10023.2,1615.8,1.0,32.594452922,12.251666479,381.4,226.3,155.1,218.0,111.2,106.8,6309.6,5907.5,402.1,2370.7,2223.3,147.4,,,,
GBR,2000-07-01,27555.1,24180.7,3374.4,11648.3,10013.8,1634.6,1.0,32.517504089,12.246008906,369.8,218.1,151.6,215.1,108.8,106.3,6365.8,5951.5,414.3,2394.3,2235.2,159.1,,,,
GBR,2000-10-01,27548.6,24218.2,3330.4,11743.6,10125.9,1617.8,1.0,32.791279635,12.089180575,368.8,211.3,157.4,217.1,108.5,108.5,6357.8,5945.0,412.9,2408.1,2256.7,151.4,,,,
GBR,2001-01-01,27623.3,24249.2,3374.2,11706.8,10078.8,1628.0,1.0,32.600126593,12.215050338,354.4,202.9,151.6,199.9,97.6,102.3,6336.2,5946.6,389.6,2377.6,2231.3,146.3,,,,
GBR,2001-04-01,27706.6,24333.2,3373.4,11783.4,10143.1,1640.3,1.0,32.714782204,12.175438343,343.8,199.7,144.2,194.4,97.3,97.1,6394.7,5985.4,409.3,2416.0,2263.4,152.6,4.866666667,2.5,eurostat,0.51369863
GBR,2001-07-01,27715.4,24302.0,3413.4,11763.1,10118.7,1644.4,1.0,32.648052929,12.315896577,349.1,203.2,145.9,194.6,97.8,96.9,6403.6,6010.7,393.0,2418.0,2271.4,146.6,5.033333333,2.4,eurostat,0.476821192
GBR,2001-10-01,27802.9,24392.6,3410.4,11745.9,10112.1,1633.8,1.0,32.497716757,12.266346316,346.0,207.8,138.3,198.7,103.2,95.6,6457.0,6064.3,392.7,2454.2,2303.5,150.7,5.066666667,2.2,eurostat,0.434210526
GBR,2002-01-01,27796.7,24382.6,3414.1,11719.2,10098.7,1620.5,1.0,32.431077181,12.282393234,355.0,212.7,142.2,196.5,105.9,90.6,6492.8,6101.4,391.4,2473.6,2324.0,149.6,5.1,2.3,eurostat,0.450980392
GBR,2002-04-01,27932.9,24500.6,3432.3,11665.8,10054.8,1611.1,1.0,32.125888496,12.287660787,353.5,213.6,139.9,192.6,102.4,90.2,6554.4,6163.7,390.8,2443.7,2294.8,148.8,5.133333333,2.3,eurostat,0.448051948
GBR,2002-07-01,27934.9,24483.1,3451.7,11750.6,10121.6,1629.0,1.0,32.357098386,12.356228231,338.3,197.3,141.0,191.8,100.0,91.8,6597.6,6210.4,387.2,2499.4,2357.2,142.3,5.2,2.2,eurostat,0.423076923
GBR,2002-10-01,28109.8,24671.5,3438.3,11768.5,10154.0,1614.5,1.0,32.204755308,12.231677209,327.6,191.6,136.0,178.1,92.7,85.4,6677.3,6290.6,386.7,2545.9,2403.1,142.7,5.066666667,2.2,eurostat,0.434210526
GBR,2003-01-01,28099.4,24588.8,3510.6,11759.2,10143.3,1616.0,1.0,32.19121569,12.493505199,339.6,188.4,151.3,189.2,93.4,95.8,6715.5,6321.1,394.4,2519.0,2378.3,140.7,5.066666667,2.2,eurostat,0.434210526
GBR,2003-04-01,28226.3,24583.9,3642.5,11793.7,10103.3,1690.4,1.0,32.140510528,12.904631496,336.5,189.1,147.4,189.8,94.6,95.2,6786.9,6372.5,414.5,2559.3,2405.1,154.2,4.933333333,2.1,eurostat,0.425675676
GBR,2003-07-01,28255.6,24497.1,3758.5,11808.0,10070.1,1737.9,1.0,32.146112357,13.301787964,354.0,196.0,158.0,199.2,96.5,102.7,6806.0,6375.5,430.4,2571.0,2411.7,159.2,4.966666667,2.2,eurostat,0.44295302
GBR,2003-10-01,28304.3,24563.6,3740.7,11750.9,10013.4,1737.5,1.0,31.935620546,13.216013115,360.3,201.0,159.3,200.0,98.0,102.0,6872.2,6444.2,428.0,2579.6,2424.8,154.8,4.866666667,2.2,eurostat,0.452054794
GBR,2004-01-01,28459.5,24739.0,3720.5,11870.7,10157.6,1713.0,1.0,32.085270972,13.072963334,355.6,201.1,154.5,200.3,99.5,100.8,6962.7,6534.3,428.3,2602.9,2450.4,152.5,4.7,2.3,eurostat,0.489361702
GBR,2004-04-01,28470.4,24703.7,3766.7,11827.8,10089.4,1738.4,1.0,31.957077148,13.230232101,352.2,202.4,149.8,199.9,98.8,101.1,6975.0,6541.8,433.2,2603.3,2448.1,155.2,4.7,2.3,eurostat,0.489361702
GBR,2004-07-01,28518.0,24842.3,3675.8,11855.1,10141.9,1713.2,1.0,31.977374614,12.889403184,358.1,208.3,149.8,203.2,104.0,99.1,7047.2,6624.9,422.3,2632.9,2480.6,152.3,4.6,2.4,eurostat,0.52173913
GBR,2004-10-01,28673.4,24954.7,3718.7,11999.2,10282.4,1716.9,1.0,32.190650032,12.969163057,364.4,215.4,149.0,203.0,106.0,97.1,7088.3,6654.6,433.7,2660.0,2500.0,160.0,4.7,2.4,eurostat,0.510638298
GBR,2005-01-01,28788.6,25075.3,3713.2,12009.9,10279.6,1730.4,1.0,32.09042682,12.898161078,383.5,223.0,160.5,215.2,107.2,108.0,7128.2,6694.7,433.5,2696.0,2535.8,160.2,4.633333333,2.3,eurostat,0.496402878
GBR,2005-04-01,28802.2,25086.3,3715.9,11997.9,10284.3,1713.6,1.0,32.043225331,12.901445029,372.2,217.8,154.4,203.9,103.4,100.5,7145.6,6717.3,428.3,2709.3,2547.1,162.2,4.666666667,2.3,eurostat,0.492857143
GBR,2005-07-01,28928.3,25172.5,3755.8,12083.1,10351.0,1732.1,1.0,32.130102037,12.983134163,363.5,212.4,151.0,193.3,99.7,93.7,7212.3,6771.3,441.0,2733.3,2564.6,168.7,4.7,2.2,eurostat,0.468085106
GBR,2005-10-01,28879.9,25107.0,3773.0,12080.5,10344.8,1735.7,1.0,32.177023839,13.064449669,369.0,209.9,159.1,207.7,101.4,106.3,7200.0,6763.8,436.2,2729.2,2565.2,163.9,5.1,2.2,eurostat,0.431372549
GBR,2006-01-01,29048.1,25235.4,3812.7,12112.3,10353.5,1758.7,1.0,32.074916591,13.125471201,367.4,208.7,158.7,206.4,100.6,105.8,7279.3,6812.1,467.2,2754.9,2581.4,173.5,5.2,2.1,eurostat,0.403846154
GBR,2006-04-01,29105.6,25303.8,3801.8,12096.5,10349.8,1746.7,1.0,31.969792755,13.062091144,359.0,210.4,148.6,195.6,101.8,93.8,7316.6,6832.2,484.4,2737.7,2559.5,178.2,5.4,2.1,eurostat,0.388888889
GBR,2006-07-01,29183.5,25308.1,3875.4,12113.8,10351.9,1761.9,1.0,31.930055313,13.279421591,365.8,212.1,153.6,206.5,102.0,104.4,7313.1,6821.0,492.1,2737.8,2557.9,179.9,5.4,2.2,eurostat,0.407407407
GBR,2006-10-01,29214.2,25323.1,3891.1,12162.8,10382.7,1780.1,1.0,32.025521835,13.319207783,369.8,223.4,146.4,207.4,110.2,97.2,7304.5,6810.7,493.9,2744.7,2564.3,180.4,5.4,2.2,eurostat,0.407407407
GBR,2007-01-01,29194.0,25269.1,3924.9,12182.6,10400.4,1782.2,1.0,32.099851919,13.444200863,353.0,215.0,138.0,192.4,104.5,87.9,7282.7,6794.5,488.2,2715.1,2537.3,177.8,5.5,2.3,eurostat,0.418181818
GBR,2007-04-01,29322.1,25421.0,3901.1,12236.2,10467.3,1768.9,1.0,32.100229992,13.304299487,363.6,208.9,154.7,200.8,101.9,99.0,7295.6,6821.9,473.7,2729.6,2558.2,171.4,5.3,2.3,eurostat,0.433962264
GBR,2007-07-01,29419.6,25491.4,3928.3,12260.6,10499.2,1761.4,1.0,32.057644459,13.352662851,368.0,203.5,164.6,204.2,99.2,105.0,7295.0,6818.5,476.5,2751.5,2578.9,172.6,5.266666667,2.4,eurostat,0.455696203
GBR,2007-10-01,29575.9,25635.4,3940.4,12260.5,10470.5,1790.0,1.0,31.887969077,13.323009613,360.9,200.6,160.3,196.1,94.1,102.1,7322.3,6840.1,482.2,2771.1,2597.8,173.3,5.033333333,2.4,eurostat,0.476821192
GBR,2008-01-01,29683.6,25696.9,3986.6,12415.8,10626.7,1789.1,1.0,32.174720669,13.430311687,366.1,198.3,167.7,196.2,90.4,105.9,7335.3,6832.6,502.7,2740.3,2561.4,178.9,5.133333333,2.4,eurostat,0.467532468
GBR,2008-04-01,29721.7,25751.6,3970.1,12279.4,10508.2,1771.2,1.0,31.780457739,13.357580488,382.9,206.7,176.1,208.8,97.6,111.1,7357.0,6846.4,510.6,2722.3,2538.4,183.9,5.266666667,2.3,eurostat,0.436708861
GBR,2008-07-01,29580.2,25672.8,3907.4,12287.2,10529.3,1757.9,1.0,31.952766742,13.209511768,370.8,208.9,161.9,203.2,99.4,103.8,7366.7,6867.6,499.2,2769.9,2587.2,182.7,5.8,2.1,eurostat,0.362068966
GBR,2008-10-01,29528.3,25606.6,3921.7,12213.0,10454.9,1758.1,1.0,31.815632409,13.281157398,377.4,205.6,171.8,217.0,105.9,111.1,7453.0,6951.8,501.2,2798.9,2615.2,183.7,6.3,1.9,eurostat,0.301587302
GBR,2009-01-01,29366.0,25435.1,3930.9,12005.8,10257.9,1748.0,1.0,31.448718822,13.385888442,389.0,203.3,185.7,233.9,105.0,128.9,7484.9,7002.0,483.0,2798.3,2630.1,168.2,7.033333333,1.6,eurostat,0.227488152
GBR,2009-04-01,29087.5,25147.2,3940.3,11961.1,10230.2,1730.9,1.0,31.631615484,13.546368715,380.5,191.5,188.9,227.1,97.7,129.4,7484.0,6976.0,508.0,2809.5,2634.1,175.4,7.733333333,1.5,eurostat,0.193965517
GBR,2009-07-01,29069.2,25110.3,3958.9,11898.2,10149.8,1748.3,1.0,31.485082281,13.618881841,396.1,188.9,207.1,232.8,94.5,138.4,7599.6,7079.5,520.1,2792.8,2610.2,182.6,7.766666667,1.6,eurostat,0.206008584
GBR,2009-10-01,29101.7,25102.4,3999.2,11902.5,10145.6,1756.9,1.0,31.46128656,13.74215252,394.9,188.2,206.7,232.2,93.3,138.9,7658.7,7128.1,530.6,2842.4,2654.5,187.9,7.7,1.6,eurostat,0.207792208
GBR,2010-01-01,29012.6,24967.9,4044.7,11887.6,10119.2,1768.4,1.0,31.518401289,13.941184175,395.6,184.7,211.0,240.4,94.9,145.5,7677.4,7150.1,527.3,2839.3,2651.0,188.3,7.933333333,1.7,eurostat,0.214285714
GBR,2010-04-01,29191.9,25152.2,4039.7,11989.5,10197.4,1792.0,1.0,31.5933266,13.838427783,411.3,203.8,207.6,245.5,105.3,140.2,7749.6,7218.4,531.2,2873.6,2689.0,184.7,7.8,1.8,eurostat,0.230769231
GBR,2010-07-01,29385.3,25234.7,4150.6,12050.3,10221.8,1828.5,1.0,31.54455302,14.12474945,425.8,200.1,225.7,252.7,103.6,149.1,7783.5,7234.1,549.4,2876.3,2688.0,188.3,7.633333333,1.7,eurostat,0.222707424
GBR,2010-10-01,29324.4,25222.9,4101.5,12101.3,10289.7,1811.6,1.0,31.743845766,13.986645933,434.4,197.8,236.6,263.1,102.1,161.0,7772.6,7216.7,555.9,2851.5,2659.7,191.9,7.833333333,1.8,eurostat,0.229787234
GBR,2011-01-01,29441.1,25360.2,4080.9,12106.8,10301.7,1805.2,1.0,31.632388317,13.861234804,405.0,188.5,216.5,243.5,100.6,142.9,7807.9,7259.4,548.6,2940.2,2748.9,191.3,7.733333333,1.7,eurostat,0.219827586
GBR,2011-04-01,29446.6,25342.5,4104.0,11977.9,10204.9,1773.0,1.0,31.289755798,13.937092907,393.1,188.4,204.8,231.3,95.9,135.3,7778.7,7230.3,548.4,2853.3,2663.6,189.7,7.966666667,1.7,eurostat,0.213389121
GBR,2011-07-01,29280.6,25055.1,4225.5,12052.2,10206.7,1845.5,1.0,31.662339832,14.431056741,431.5,189.6,241.8,250.6,94.6,155.9,7664.2,7102.7,561.5,2842.7,2645.7,197.0,8.2,1.7,eurostat,0.207317073
GBR,2011-10-01,29342.0,25112.8,4229.2,12042.4,10203.4,1839.0,1.0,31.570392664,14.413468748,413.8,197.2,216.6,244.4,95.7,148.7,7643.3,7093.0,550.3,2788.9,2597.7,191.2,8.366666667,1.7,eurostat,0.203187251
GBR,2012-01-01,29453.6,25171.2,4282.5,12159.8,10298.7,1861.1,1.0,31.757382146,14.539818562,429.2,205.1,224.1,236.1,98.4,137.7,7644.1,7100.9,543.1,2870.7,2688.6,182.1,8.2,1.7,eurostat,0.207317073
GBR,2012-04-01,29666.9,25333.3,4333.6,12246.4,10357.9,1888.5,1.0,31.753596406,14.607525559,421.4,207.8,213.6,238.5,105.9,132.6,7679.1,7130.8,548.3,2890.3,2703.0,187.3,7.933333333,1.7,eurostat,0.214285714
GBR,2012-07-01,29758.6,25416.4,4342.3,12372.9,10482.0,1890.8,1.0,31.982739056,14.591748268,402.2,204.7,197.4,232.8,104.6,128.1,7690.2,7144.6,545.6,2911.5,2729.2,182.3,7.733333333,1.8,eurostat,0.232758621
GBR,2012-10-01,29907.8,25534.5,4373.2,12413.0,10522.2,1890.8,1.0,31.926325368,14.622272451,387.6,196.5,191.0,217.6,98.6,119.0,7777.9,7199.3,578.6,2952.0,2758.7,193.3,7.8,1.8,eurostat,0.230769231
GBR,2013-01-01,29839.2,25551.6,4287.6,12427.2,10551.1,1876.1,1.0,32.036330114,14.369017936,363.1,182.3,180.8,206.6,91.5,115.1,7771.3,7213.9,557.5,2946.6,2749.3,197.2,7.8,1.8,eurostat,0.230769231
GBR,2013-04-01,29938.3,25627.1,4311.2,12463.6,10580.3,1883.2,1.0,32.023811023,14.400283249,378.4,191.6,186.8,213.8,92.8,121.0,7827.1,7238.1,589.0,2956.5,2745.7,210.7,7.766666667,1.9,eurostat,0.244635193
GBR,2013-07-01,30106.4,25749.9,4356.5,12613.2,10693.1,1920.1,1.0,32.227239187,14.470345176,371.4,193.1,178.3,223.6,104.3,119.3,7834.8,7255.4,579.4,2976.5,2779.3,197.2,7.533333333,1.9,eurostat,0.252212389
GBR,2013-10-01,30290.4,25755.2,4535.2,12636.4,10649.0,1987.4,1.0,32.090390659,14.972400497,384.7,199.4,185.4,228.8,104.6,124.1,7816.8,7229.7,587.1,2975.0,2769.1,205.9,7.133333333,2.0,eurostat,0.280373832
GBR,2014-01-01,30532.0,25829.1,4702.8,12752.5,10695.9,2056.6,1.0,32.128964315,15.40285602,429.5,205.3,224.2,249.8,104.2,145.5,7833.7,7215.3,618.4,2971.4,2756.4,215.0,6.7,2.1,eurostat,0.313432836
GBR,2014-04-01,30704.7,25984.8,4719.9,12876.4,10815.5,2060.8,1.0,32.258654463,15.371913746,448.6,212.3,236.3,253.3,107.4,145.9,7845.5,7201.7,643.8,2981.7,2762.5,219.2,6.266666667,2.3,eurostat,0.367021277
GBR,2014-07-01,30833.2,26180.8,4652.4,12918.6,10884.2,2034.4,1.0,32.22949488,15.088930114,432.2,207.4,224.8,257.0,104.5,152.4,7840.9,7211.4,629.6,2987.3,2773.6,213.7,5.933333333,2.3,eurostat,0.387640449
GBR,2014-10-01,30944.0,26325.6,4618.4,12994.4,10933.3,2061.1,1.0,32.302521677,14.925025853,434.7,200.7,234.1,257.7,102.4,155.3,7855.3,7216.4,638.9,3015.4,2788.2,227.2,5.666666667,2.4,eurostat,0.423529412
GBR,2015-01-01,31155.7,26511.3,4644.4,13029.4,11010.0,2019.4,1.0,32.169443744,14.907063555,388.1,199.1,188.9,230.3,103.9,126.4,7893.2,7247.8,645.4,2983.7,2750.4,233.3,5.466666667,2.5,eurostat,0.457317073
GBR,2015-04-01,31110.5,26491.6,4618.9,13011.7,10999.0,2012.7,1.0,32.172417672,14.846755918,379.8,200.7,179.1,218.9,101.3,117.6,7873.7,7236.8,637.0,2981.6,2753.2,228.3,5.566666667,2.4,eurostat,0.431137725
GBR,2015-07-01,31332.9,26662.0,4670.9,13016.2,10995.4,2020.8,1.0,31.955106417,14.907333825,385.4,202.5,182.9,217.1,104.2,112.9,7890.5,7236.9,653.7,2981.6,2744.9,236.7,5.3,2.5,eurostat,0.471698113
GBR,2015-10-01,31539.7,26764.4,4775.3,13273.4,11205.2,2068.2,1.0,32.372875114,15.140600576,440.8,208.1,232.8,252.7,107.5,145.2,7906.6,7234.8,671.9,3021.1,2784.8,236.3,5.0,2.5,eurostat,0.5
GBR,2016-01-01,31572.3,26758.0,4814.3,13207.9,11123.5,2084.4,1.0,32.179863605,15.248493141,393.0,205.8,187.2,224.9,103.4,121.5,7914.7,7220.9,693.8,2991.9,2758.5,233.4,4.966666667,2.5,eurostat,0.503355705
GBR,2016-04-01,31746.7,26841.2,4905.5,13242.2,11113.7,2128.5,1.0,32.086193816,15.451999735,390.1,200.0,190.1,225.7,101.6,124.1,7904.6,7207.8,696.8,2991.3,2748.5,242.8,4.9,2.5,eurostat,0.510204082
GBR,2016-07-01,31810.4,26894.5,4915.9,13273.4,11127.4,2146.0,1.0,32.097388566,15.453750975,394.1,191.7,202.5,225.9,95.3,130.6,7922.1,7211.3,710.9,2987.4,2731.5,255.9,4.766666667,2.5,eurostat,0.524475524
GBR,2016-10-01,31845.1,26918.7,4926.4,13326.1,11164.8,2161.2,1.0,32.189712558,15.469883907,407.7,200.3,207.4,246.2,109.2,137.0,7907.0,7213.8,693.1,2979.1,2739.8,239.3,4.666666667,2.5,eurostat,0.535714286
GBR,2017-01-01,31946.0,27031.2,4914.8,13410.6,11262.3,2148.3,1.0,32.291511156,15.384711701,429.3,198.4,230.9,256.3,106.9,149.4,7906.0,7254.3,651.7,3019.9,2790.8,229.1,4.533333333,2.5,eurostat,0.551470588
GBR,2017-04-01,32065.2,27145.1,4920.1,13482.2,11325.3,2156.9,1.0,32.343235274,15.344049,416.4,199.2,217.3,237.1,107.3,129.7,7935.4,7302.5,632.9,3012.3,2791.1,221.2,4.366666667,2.6,eurostat,0.595419847
GBR,2017-07-01,32063.1,27149.0,4914.1,13348.4,11225.9,2122.5,1.0,32.024351981,15.326340872,398.2,200.8,197.5,234.5,108.6,125.9,7914.6,7274.4,640.2,2973.2,2753.2,220.0,4.233333333,2.6,eurostat,0.614173228
GBR,2017-10-01,32153.6,27246.4,4907.2,13377.8,11282.4,2095.4,1.0,32.004551231,15.261743631,420.8,202.1,218.7,243.4,108.2,135.2,7951.0,7283.8,667.2,3002.1,2776.7,225.4,4.233333333,2.7,eurostat,0.637795276
GBR,2018-01-01,32343.1,27480.7,4862.4,13442.2,11369.5,2072.6,1.0,31.970200278,15.033809375,418.3,203.2,215.1,238.9,108.3,130.7,8031.6,7335.0,696.6,3037.3,2803.8,233.5,4.2,2.6,eurostat,0.619047619
GBR,2018-04-01,32386.4,27501.6,4884.9,13463.7,11374.7,2089.0,1.0,31.978522799,15.083183064,407.3,213.9,193.4,242.4,117.4,125.0,8012.7,7319.3,693.4,3016.0,2781.7,234.3,3.966666667,2.7,eurostat,0.680672269
GBR,2018-07-01,32430.6,27556.6,4874.0,13583.2,11492.2,2091.0,1.0,32.218384441,15.029015806,389.4,207.1,182.3,229.5,110.6,118.9,8013.3,7330.0,683.3,3044.8,2807.7,237.1,4.0,2.7,eurostat,0.675
GBR,2018-10-01,32597.3,27636.7,4960.6,13575.2,11463.7,2111.4,1.0,32.034743793,15.217824789,405.4,195.0,210.4,238.5,102.5,135.9,8019.3,7339.2,680.1,3042.1,2806.2,235.8,3.9,2.7,eurostat,0.692307692
GBR,2019-01-01,32776.0,27737.0,5039.0,13768.2,11588.2,2180.0,1.0,32.313043315,15.374054186,397.0,195.4,201.6,230.4,99.7,130.7,8085.9,7373.8,712.1,3066.6,2821.8,244.8,3.733333333,2.7,eurostat,0.723214286
GBR,2019-04-01,32963.1,27859.9,5103.2,13761.5,11598.9,2162.6,1.0,32.113997867,15.481553616,397.6,196.9,200.7,226.5,98.1,128.4,8111.7,7403.5,708.1,3084.2,2846.2,238.0,3.766666667,2.6,eurostat,0.690265487
GBR,2019-07-01,32896.2,27823.8,5072.5,13698.2,11549.0,2149.1,1.0,32.031289094,15.419714131,402.2,199.7,202.5,230.2,102.1,128.1,8134.9,7391.1,743.8,3094.5,2840.6,253.9,3.766666667,2.6,eurostat,0.690265487
GBR,2019-10-01,33056.8,27913.4,5143.4,13668.5,11496.1,2172.4,1.0,31.806559526,15.559279785,398.6,208.6,190.0,223.6,103.2,120.4,8175.5,7414.6,760.9,3132.6,2867.1,265.4,3.7,2.5,eurostat,0.675675676
GBR,2020-01-01,32976.0,27941.2,5034.8,13376.3,11356.0,2020.3,1.0,31.202879483,15.268073751,383.5,212.7,170.7,215.9,105.5,110.4,8168.2,7434.5,733.7,3022.3,2796.3,226.0,3.9,2.5,eurostat,0.641025641
GBR,2020-04-01,32633.8,27875.0,4758.8,10997.1,9583.1,1414.0,1.0,25.921920501,14.582426809,396.5,211.3,185.2,227.2,104.7,122.4,8262.8,7523.1,739.7,2832.9,2660.3,172.6,3.9,1.1,eurostat,0.282051282
GBR,2020-07-01,32357.2,27837.5,4519.8,11860.8,10295.3,1565.5,1.0,28.196791773,13.968452153,405.4,217.6,187.7,223.9,105.5,118.4,8338.0,7612.7,725.3,3013.8,2801.0,212.7,4.666666667,1.6,eurostat,0.342857143
GBR,2020-10-01,32268.3,27884.5,4383.7,12659.7,11044.8,1614.9,1.0,30.178939607,13.585159429,394.5,222.1,172.4,214.4,108.3,106.1,8356.3,7695.4,660.9,3204.2,3005.0,199.2,,,,
GBR,2021-01-01,32313.7,27979.1,4334.6,12383.2,10855.3,1527.9,1.0,29.478327959,13.414124659,377.7,217.3,160.4,213.0,110.1,103.0,8416.4,7776.4,640.0,3199.2,3026.2,173.1,,,,
GBR,2021-04-01,32450.4,28105.3,4345.1,13084.8,11416.2,1668.6,1.0,31.017277966,13.389973621,378.9,214.7,164.3,213.0,111.6,101.5,8381.1,7754.7,626.4,3260.0,3067.1,192.9,,,,
GBR,2021-07-01,32724.4,28387.9,4336.4,13439.6,11677.7,1761.8,1.0,31.591576457,13.251274279,356.9,211.6,145.3,200.2,107.6,92.6,8397.1,7779.6,617.5,3247.6,3040.6,207.0,,,,
GBR,2021-10-01,32731.7,28477.7,4254.0,13478.1,11731.0,1747.1,1.0,31.675009947,12.996575186,349.3,206.5,142.8,196.9,104.8,92.0,8421.7,7776.4,645.3,3225.4,3006.8,218.6,,,,
GBR,2022-01-01,32790.4,28489.7,4300.7,13549.5,11762.4,1787.1,1.0,31.7858041,13.115728994,340.8,202.8,138.0,182.4,101.8,80.6,8423.3,7762.6,660.7,3249.9,3022.1,227.8,,,,
GBR,2022-04-01,33002.3,28681.0,4321.3,13608.7,11853.7,1755.0,1.0,31.719700655,13.093935877,362.9,207.2,155.6,193.5,99.4,94.1,8462.4,7781.3,681.0,3265.7,3035.5,230.2,,,,
GBR,2022-07-01,32921.4,28599.1,4322.3,13601.5,11838.8,1762.7,1.0,31.78082435,13.129150036,350.2,201.8,148.4,185.0,94.5,90.5,8420.6,7740.2,680.4,3238.1,3015.5,222.6,,,,
GBR,2022-10-01,33116.5,28767.8,4348.7,13659.6,11909.4,1750.2,1.0,31.728548051,13.131520541,346.2,194.7,151.4,188.7,101.6,87.0,8462.6,7803.6,658.9,3248.4,3036.1,212.3,,,,
GBR,2023-01-01,33324.8,28863.6,4461.3,13748.1,11939.5,1808.7,1.0,31.73450865,13.387327156,356.5,194.8,161.7,193.7,96.0,97.7,8531.5,7868.5,663.0,3282.4,3071.0,211.4,,,,
GBR,2023-04-01,33349.8,28905.1,4444.7,13715.5,11909.2,1806.3,1.0,31.635525896,13.327516207,347.9,187.6,160.3,181.4,86.6,94.9,8624.4,7956.7,667.7,3323.3,3106.3,217.0,,,,
GBR,2023-07-01,33349.8,28899.9,4449.9,13642.8,11819.3,1823.6,1.0,31.467839503,13.343108504,370.6,182.9,187.7,202.2,84.5,117.7,8604.6,8001.6,603.0,3312.4,3106.8,205.6,,,,
GBR,2023-10-01,33378.9,28867.9,4511.0,13734.0,11871.0,1863.0,1.0,31.650579811,13.514525643,384.3,193.8,190.5,217.5,95.4,122.1,8666.1,8012.4,653.6,3351.1,3129.1,222.0,,,,
GBR,2024-01-01,33335.3,28971.1,4364.2,13863.1,12059.6,1803.4,1.0,31.989881828,13.091827582,374.8,180.6,194.2,211.0,83.9,127.1,8726.8,8077.0,649.8,3420.1,3209.2,210.9,,,,
GBR,2024-04-01,33489.2,29064.6,4424.6,13931.5,12089.6,1842.0,1.0,31.999983462,13.212020592,352.8,181.1,171.7,200.1,87.9,112.2,8791.2,8109.8,681.4,3430.0,3193.7,236.2,,,,
GBR,2024-07-01,33775.2,29308.7,4466.6,14097.6,12251.2,1846.4,1.0,32.107308594,13.22449608,348.2,186.5,161.7,191.7,96.6,95.1,8903.4,8223.3,680.0,3491.4,3252.4,239.1,,,,
GBR,2024-10-01,33863.0,29370.5,4492.6,14003.3,12158.1,1845.2,1.0,31.809849189,13.266987568,355.4,197.0,158.4,201.8,100.9,101.0,8928.7,8274.2,654.6,3474.5,3251.4,223.2,,,,
GBR,2025-01-01,33975.5,29445.0,4530.4,14067.0,12196.6,1870.3,1.0,31.848741684,13.334314432,347.1,193.3,153.8,185.9,96.4,89.5,9013.2,8307.6,705.6,3476.3,3227.9,248.4,,,,
GBR,2025-04-01,34213.9,29695.1,4518.8,14203.9,12341.2,1862.7,1.0,31.934614069,13.207497538,359.7,199.9,159.9,198.3,105.6,92.7,9085.8,8378.5,707.4,3514.0,3266.1,247.8,,,,
GBR,2025-07-01,34192.3,29694.0,4498.3,14121.1,12293.9,1827.2,1.0,31.768511084,13.155885974,378.2,202.6,175.6,200.8,101.6,99.2,9137.1,8406.9,730.3,3522.4,3281.1,241.3,,,,
GBR,2025-10-01,34243.9,29750.0,4494.0,14210.8,12357.5,1853.3,1.0,31.922136834,13.123505208,368.0,191.1,176.9,202.5,95.0,107.5,9175.3,8450.3,725.0,3601.3,3347.0,254.2,,,,
GRC,1995-01-01,4149.8,2446.2,1703.6,2263.3,1216.2,1047.1,1.0,41.9538291,41.052580847,775.8,138.0,637.8,455.1,84.7,370.3,756.4,699.3,57.1,318.7,282.5,36.2,,,,
GRC,1995-04-01,4150.8,2457.2,1693.6,2235.0,1209.0,1026.0,1.0,41.419263015,40.801773152,768.7,141.3,627.4,442.5,84.3,358.2,759.4,702.5,56.9,319.5,283.9,35.7,,,,
GRC,1995-07-01,4157.2,2465.5,1691.7,2246.0,1220.5,1025.5,1.0,41.559037518,40.693255076,763.3,142.1,621.1,436.8,84.4,352.4,759.1,702.3,56.8,323.2,286.3,36.9,,,,
GRC,1995-10-01,4149.4,2473.2,1676.2,2248.1,1219.2,1028.9,1.0,41.676090334,40.396201861,758.0,144.0,614.0,442.6,85.6,357.0,763.9,706.5,57.4,320.8,285.8,35.0,,,,
GRC,1996-01-01,4126.5,2440.9,1685.6,2252.5,1211.2,1041.3,1.0,41.989393134,40.848176421,763.4,135.6,627.8,451.7,83.7,368.0,773.9,714.8,59.1,326.1,288.6,37.5,,,,
GRC,1996-04-01,4130.5,2453.8,1676.8,2218.0,1204.0,1014.0,1.0,41.306230387,40.595569544,756.5,139.4,617.0,432.8,82.9,349.9,776.9,718.1,58.8,327.2,290.2,37.0,,,,
GRC,1996-07-01,4139.0,2462.5,1676.5,2230.4,1217.9,1012.5,1.0,41.451855707,40.504952887,751.2,140.4,610.8,425.5,83.1,342.4,776.2,717.5,58.7,332.3,294.0,38.3,,,,
GRC,1996-10-01,4135.2,2472.0,1663.1,2235.7,1215.1,1020.5,1.0,41.588538179,40.218127297,746.1,142.6,603.6,437.0,84.7,352.3,781.2,722.0,59.2,327.3,291.2,36.2,,,,
GRC,1997-01-01,4107.9,2447.0,1660.9,2252.5,1213.3,1039.1,1.0,42.179515268,40.431850824,735.1,129.8,605.3,445.7,81.1,364.5,775.8,716.6,59.2,324.4,286.9,37.5,,,,
GRC,1997-04-01,4116.9,2461.9,1655.0,2201.3,1205.0,996.3,1.0,41.130649088,40.200150599,728.8,134.8,594.0,411.2,79.6,331.6,778.8,720.1,58.8,326.0,289.1,36.9,,,,
GRC,1997-07-01,4132.9,2473.7,1659.2,2215.7,1224.8,990.9,1.0,41.239435152,40.146144354,723.8,136.1,587.7,399.9,80.0,319.9,776.8,718.2,58.6,335.9,297.6,38.3,,,,
GRC,1997-10-01,4134.8,2484.8,1650.0,2229.2,1217.2,1012.1,1.0,41.471636615,39.905194931,719.2,139.0,580.2,425.5,82.6,342.9,782.8,723.5,59.2,325.1,289.1,36.1,,,,
GRC,1998-01-01,4273.8,2553.2,1720.6,2283.6,1260.3,1023.3,1.0,41.101955745,40.25925406,734.3,130.6,603.7,397.4,77.3,320.1,795.9,733.0,62.9,341.5,300.1,41.4,,,,
GRC,1998-04-01,4290.5,2570.0,1720.6,2344.7,1270.5,1074.3,1.0,42.037417192,40.10255215,728.1,138.0,590.1,435.5,82.7,352.8,799.0,736.8,62.2,336.5,297.3,39.2,,,,
GRC,1998-07-01,4313.2,2587.2,1726.0,2341.3,1265.9,1075.4,1.0,41.75554113,40.016692943,723.0,140.1,583.0,442.1,82.7,359.4,795.2,733.4,61.8,322.3,284.7,37.6,,,,
GRC,1998-10-01,4316.6,2606.1,1710.5,2295.2,1290.6,1004.6,1.0,40.901136578,39.626094611,718.8,144.3,574.4,395.4,88.8,306.6,802.4,739.9,62.5,340.8,301.2,39.6,,,,
GRC,1999-01-01,4344.4,2663.3,1681.0,2293.1,1298.6,994.6,1.0,40.602225323,38.69349047,750.6,156.6,594.0,407.1,89.3,317.8,800.8,746.6,54.2,331.9,297.2,34.6,,,,
GRC,1999-04-01,4306.5,2653.7,1652.8,2324.3,1312.7,1011.6,1.0,41.516848413,38.379194241,716.0,132.4,583.6,423.2,82.4,340.8,799.8,744.3,55.5,333.1,298.0,35.2,,,,
GRC,1999-07-01,4295.9,2635.0,1660.9,2325.0,1302.5,1022.5,1.0,41.631824262,38.662445588,720.1,121.5,598.6,429.8,75.8,354.0,810.5,755.2,55.3,334.0,299.2,34.8,,,,
GRC,1999-10-01,4294.2,2624.8,1669.5,2323.7,1309.1,1014.6,1.0,41.625018361,38.878021517,731.2,128.2,603.0,416.2,72.1,344.1,807.5,748.8,58.7,348.0,310.5,37.5,,,,
GRC,2000-01-01,4288.2,2644.9,1643.3,2318.8,1305.6,1013.2,1.0,41.59536187,38.321440231,706.1,129.2,576.9,406.7,76.1,330.6,818.9,765.2,53.7,346.9,311.5,35.4,,,,
GRC,2000-04-01,4320.5,2672.9,1647.6,2321.5,1321.9,999.5,1.0,41.332466862,38.134475176,709.6,140.4,569.1,400.6,82.8,317.8,828.3,772.2,56.1,351.5,315.3,36.3,,,,
GRC,2000-07-01,4333.0,2694.0,1638.9,2323.8,1328.1,995.8,1.0,41.254060963,37.823678745,698.0,141.7,556.3,400.1,84.5,315.6,841.0,782.8,58.3,354.1,317.2,36.9,,,,
GRC,2000-10-01,4347.0,2717.9,1629.1,2339.9,1331.9,1008.0,1.0,41.406097928,37.47642052,678.1,127.0,551.1,407.7,77.8,329.9,844.3,786.5,57.8,346.8,311.8,34.9,,,,
GRC,2001-01-01,4366.0,2737.5,1628.5,2351.3,1337.1,1014.1,1.0,41.426759223,37.299587723,664.7,126.3,538.4,405.8,75.4,330.4,835.3,774.0,61.3,342.8,307.6,35.2,,,,
GRC,2001-04-01,4335.6,2718.7,1616.9,2301.5,1330.1,971.4,1.0,40.833670435,37.293569517,655.2,117.0,538.2,369.3,68.7,300.6,833.9,771.8,62.2,347.1,310.6,36.6,,,,
GRC,2001-07-01,4332.2,2753.2,1579.0,2331.5,1372.0,959.5,1.0,41.398401239,36.447994091,644.7,133.5,511.2,366.9,80.5,286.4,849.6,785.7,63.9,364.0,323.7,40.3,,,,
GRC,2001-10-01,4301.6,2729.7,1571.8,2310.4,1353.6,956.8,1.0,41.315574884,36.539892133,628.0,127.4,500.6,359.2,76.5,282.7,833.0,773.2,59.9,356.1,319.9,36.2,,,,
GRC,2002-01-01,4380.1,2801.9,1578.2,2302.6,1364.4,938.2,1.0,40.438135413,36.031140842,630.9,115.4,515.5,346.2,64.7,281.5,862.9,811.6,51.3,356.3,324.0,32.3,,,,
GRC,2002-04-01,4438.9,2848.6,1590.2,2376.5,1403.2,973.3,1.0,41.183106695,35.824190678,639.9,128.3,511.6,372.7,77.2,295.4,862.1,810.2,51.8,359.7,326.3,33.4,,,,
GRC,2002-07-01,4455.6,2852.7,1602.9,2390.9,1413.5,977.4,1.0,41.277355376,35.974952868,642.2,122.1,520.2,372.3,74.0,298.3,867.4,814.6,52.8,364.4,331.0,33.4,,,,
GRC,2002-10-01,4484.9,2885.6,1599.4,2396.1,1419.5,976.5,1.0,41.096877214,35.661887668,637.9,127.4,510.5,377.2,78.7,298.4,875.9,821.5,54.4,364.7,332.4,32.3,,,,
GRC,2003-01-01,4479.9,2885.5,1594.4,2396.0,1432.2,963.8,1.0,41.141028217,35.590080136,629.2,125.6,503.6,351.8,74.9,276.9,868.1,815.4,52.7,367.0,332.2,34.9,,,,
GRC,2003-04-01,4488.1,2898.1,1590.0,2400.0,1427.6,972.4,1.0,41.134418711,35.427018115,622.8,118.6,504.1,363.7,71.5,292.2,882.3,828.9,53.3,366.6,332.8,33.7,,,,
GRC,2003-07-01,4498.9,2907.1,1591.8,2393.3,1429.7,963.5,1.0,40.92111405,35.381982262,618.4,119.8,498.5,360.1,72.4,287.7,888.5,834.6,53.9,366.2,333.3,32.8,,,,
GRC,2003-10-01,4506.7,2907.2,1599.4,2378.5,1413.5,965.0,1.0,40.597674232,35.489382475,616.5,117.7,498.7,357.8,68.7,289.1,877.6,822.4,55.2,361.3,328.8,32.6,,,,
GRC,2004-01-01,4572.8,3001.8,1571.0,2343.7,1414.3,929.4,1.0,39.425431986,34.355318404,552.4,129.9,422.5,295.0,68.9,226.0,969.5,908.8,60.6,387.6,349.0,38.6,,,,
GRC,2004-04-01,4606.8,3011.3,1595.6,2453.2,1468.9,984.3,1.0,40.962857582,34.635755839,554.8,113.7,441.1,331.4,68.1,263.3,977.6,915.1,62.5,405.1,365.5,39.6,,,,
GRC,2004-07-01,4615.7,3008.4,1607.3,2454.4,1474.9,979.5,1.0,40.903871569,34.822453799,548.8,97.1,451.8,325.7,60.5,265.2,972.0,908.8,63.2,403.4,366.2,37.2,,,,
GRC,2004-10-01,4643.1,3008.7,1634.4,2478.6,1493.3,985.3,1.0,41.063414198,35.200620275,552.9,86.1,466.8,317.7,56.9,260.7,973.3,911.2,62.0,418.7,379.4,39.2,,,,
GRC,2005-01-01,4621.3,2970.3,1651.0,2497.2,1490.0,1007.2,1.0,41.566725314,35.725878,562.9,79.0,483.8,322.3,26.9,295.4,951.3,892.2,59.1,425.2,388.7,36.5,,,,
GRC,2005-04-01,4642.5,2969.6,1672.9,2517.8,1497.4,1020.4,1.0,41.718238681,36.03446419,561.3,75.6,485.7,323.5,24.6,298.9,947.9,888.4,59.6,425.7,388.7,37.0,,,,
GRC,2005-07-01,4644.4,2973.5,1670.8,2490.3,1483.5,1006.8,1.0,41.24570202,35.974506933,560.6,73.6,487.0,321.5,23.8,297.7,959.5,898.7,60.8,426.6,391.1,35.5,,,,
GRC,2005-10-01,4694.9,3022.4,1672.5,2557.4,1540.4,1017.0,1.0,41.901441335,35.623761954,548.1,74.5,473.6,314.7,28.3,286.4,968.5,908.9,59.6,441.0,404.2,36.8,,,,
GRC,2006-01-01,4730.6,3056.8,1673.9,2551.1,1558.2,992.9,1.0,41.48278475,35.38451782,555.9,86.9,468.9,320.4,51.1,269.2,981.6,921.5,60.1,441.0,403.8,37.2,,,,
GRC,2006-04-01,4727.8,3061.9,1665.9,2515.4,1530.9,984.6,1.0,40.92650021,35.236262109,553.8,86.7,467.1,322.4,50.3,272.1,993.8,930.7,63.1,444.1,405.9,38.2,,,,
GRC,2006-07-01,4757.9,3087.9,1670.0,2556.5,1563.4,993.2,1.0,41.332067961,35.099518695,546.8,86.8,460.1,320.6,51.7,268.9,1008.3,943.2,65.1,455.6,416.9,38.7,,,,
GRC,2006-10-01,4759.4,3083.7,1675.7,2562.4,1563.8,998.7,1.0,41.414399359,35.208219523,546.0,83.1,462.9,319.2,51.8,267.5,1005.4,940.1,65.3,452.6,413.2,39.4,,,,
GRC,2007-01-01,4789.2,3116.3,1672.9,2567.9,1590.5,977.4,1.0,41.245044941,34.930677357,548.9,81.3,467.6,311.0,48.3,262.7,1022.0,954.1,67.8,457.5,416.4,41.2,,,,
GRC,2007-04-01,4794.6,3128.2,1666.4,2548.9,1577.2,971.7,1.0,40.893761892,34.755766904,542.5,82.8,459.7,306.6,48.5,258.1,1027.3,959.0,68.3,454.6,414.0,40.6,,,,
GRC,2007-07-01,4806.8,3163.0,1643.8,2557.4,1602.5,954.9,1.0,40.925995865,34.197387035,531.6,84.2,447.4,304.9,51.1,253.8,1018.0,953.6,64.5,449.8,413.8,36.1,,,,
GRC,2007-10-01,4840.2,3198.8,1641.3,2592.0,1633.8,958.2,1.0,41.193466259,33.909755795,536.5,90.6,445.8,304.8,53.7,251.0,1020.5,954.6,65.9,456.8,417.4,39.5,,,,
GRC,2008-01-01,4857.8,3203.7,1654.0,2581.3,1625.9,955.4,1.0,40.874786624,34.048334637,540.8,87.3,453.5,295.7,51.4,244.3,1015.4,951.7,63.7,458.6,416.7,42.0,,,,
GRC,2008-04-01,4870.9,3225.6,1645.2,2597.1,1639.0,958.1,1.0,41.014375799,33.776098873,540.3,87.0,453.3,294.3,50.6,243.8,1013.7,953.2,60.5,457.9,419.0,38.8,,,,
GRC,2008-07-01,4867.4,3209.5,1657.9,2550.3,1598.9,951.5,1.0,40.304253416,34.061305831,533.2,83.2,450.0,290.8,48.2,242.7,1015.1,952.2,62.8,446.6,409.0,37.6,,,,
GRC,2008-10-01,4879.1,3215.0,1664.2,2601.8,1635.2,966.6,1.0,41.019544903,34.108749564,537.3,80.2,457.1,294.3,47.5,246.8,1012.4,950.2,62.2,455.4,415.9,39.6,,,,
GRC,2009-01-01,4853.9,3198.3,1655.7,2551.8,1615.0,936.8,1.0,40.4401219,34.110715095,537.3,77.6,459.8,286.7,46.8,239.9,1003.1,938.4,64.7,453.5,416.0,37.5,,,,
GRC,2009-04-01,4848.7,3195.9,1652.8,2544.5,1603.6,940.9,1.0,40.367679838,34.087487368,545.8,82.6,463.1,294.5,49.1,245.4,1008.9,945.8,63.2,448.2,411.6,36.6,,,,
GRC,2009-07-01,4832.9,3187.6,1645.3,2529.7,1584.2,945.4,1.0,40.264087337,34.043741853,558.0,91.0,466.9,310.8,53.6,257.2,1013.6,951.4,62.2,443.8,409.0,34.8,,,,
GRC,2009-10-01,4806.5,3165.7,1640.8,2517.5,1587.9,929.6,1.0,40.289991918,34.137106002,564.7,94.9,469.9,309.9,56.9,253.0,1012.5,947.5,65.0,451.4,413.8,37.6,,,,
GRC,2010-01-01,4785.1,3174.3,1610.8,2428.9,1519.8,909.1,1.0,39.04588442,33.662828363,555.0,108.5,446.5,306.0,59.9,246.1,1022.4,956.8,65.6,422.0,391.5,30.5,,,,
GRC,2010-04-01,4733.6,3158.6,1575.0,2424.3,1528.3,896.0,1.0,39.39593869,33.272773365,543.6,105.5,438.1,300.7,59.4,241.3,1025.5,958.6,66.9,427.2,396.4,30.8,,,,
GRC,2010-07-01,4679.1,3125.5,1553.7,2371.4,1491.5,879.9,1.0,38.985143428,33.205103546,543.1,113.3,429.8,295.0,64.0,231.1,1013.9,947.7,66.3,416.9,386.9,30.0,,,,
GRC,2010-10-01,4630.5,3098.3,1532.2,2369.6,1492.9,876.7,1.0,39.364414875,33.089299212,535.5,111.8,423.7,289.7,60.0,229.6,1000.5,931.7,68.8,416.6,385.5,31.2,,,,
GRC,2011-01-01,4597.8,3075.1,1522.7,2368.0,1489.8,878.2,1.0,39.61760976,33.118012963,539.2,107.6,431.6,294.1,57.8,236.3,1001.0,929.3,71.8,426.5,392.9,33.6,,,,
GRC,2011-04-01,4566.3,3039.1,1527.2,2339.5,1469.8,869.7,1.0,39.41080053,33.445021133,534.5,111.2,423.3,294.9,60.2,234.7,998.4,928.5,69.9,423.5,390.6,32.8,,,,
GRC,2011-07-01,4485.5,2993.4,1492.1,2307.2,1455.4,851.8,1.0,39.566809291,33.264964887,529.7,108.1,421.6,292.4,59.2,233.1,1010.9,938.7,72.1,438.7,402.0,36.7,,,,
GRC,2011-10-01,4383.3,2902.2,1481.1,2258.2,1403.2,855.0,1.0,39.629432689,33.789610567,527.6,114.1,413.6,295.9,62.3,233.6,970.9,901.7,69.2,417.0,384.6,32.4,,,,
GRC,2012-01-01,4418.7,2931.7,1487.0,2333.7,1438.9,894.8,1.0,40.626289319,33.652431711,532.7,114.3,418.4,312.4,61.4,251.0,979.2,906.6,72.6,424.3,387.9,36.5,,,,
GRC,2012-04-01,4338.1,2852.4,1485.7,2260.3,1382.2,878.1,1.0,40.0795811,34.247712132,533.7,118.6,415.1,311.1,61.0,250.1,960.4,891.2,69.2,416.7,381.5,35.1,,,,
GRC,2012-07-01,4283.4,2808.5,1474.9,2250.5,1372.2,878.3,1.0,40.415414067,34.432927114,528.1,108.5,419.5,313.2,55.1,258.1,957.1,888.1,69.0,423.5,387.3,36.2,,,,
GRC,2012-10-01,4264.7,2809.8,1454.9,2236.7,1364.4,872.3,1.0,40.343716124,34.114943607,525.7,107.9,417.8,320.6,57.0,263.6,960.1,891.6,68.4,418.8,385.4,33.4,,,,
GRC,2013-01-01,4266.3,2819.7,1446.6,2258.0,1374.8,883.3,1.0,40.712633357,33.907601434,523.8,108.3,415.5,330.6,58.0,272.7,947.8,879.7,68.1,417.9,386.6,31.3,,,,
GRC,2013-04-01,4275.1,2829.4,1445.7,2251.6,1374.9,876.7,1.0,40.513672195,33.816752824,527.1,107.8,419.3,330.5,57.9,272.5,957.2,885.0,72.2,425.1,390.0,35.1,,,,
GRC,2013-07-01,4309.3,2855.7,1453.6,2270.5,1400.0,870.5,1.0,40.529516663,33.731696563,532.1,113.7,418.3,328.4,60.5,268.0,964.0,891.5,72.5,430.5,394.2,36.3,,,,
GRC,2013-10-01,4352.4,2904.5,1447.9,2276.0,1408.4,867.6,1.0,40.225375213,33.266703428,527.5,113.5,413.9,325.7,60.5,265.2,976.3,899.6,76.7,427.5,390.9,36.6,,,,
GRC,2014-01-01,4390.6,2921.2,1469.4,2272.9,1406.4,866.5,1.0,39.821086307,33.466952125,532.3,118.9,413.4,325.0,63.1,261.9,967.4,891.1,76.3,425.0,389.6,35.4,27.266666667,0.9,eurostat,0.033007335
GRC,2014-04-01,4443.2,2992.2,1451.0,2286.0,1437.7,848.2,1.0,39.576466026,32.65664386,525.4,116.6,408.8,316.8,59.4,257.4,979.3,899.0,80.3,432.2,395.7,36.5,27.0,1.0,eurostat,0.037037037
GRC,2014-07-01,4483.8,3031.8,1452.0,2285.6,1436.4,849.2,1.0,39.211245956,32.383246354,530.2,128.9,401.2,320.8,66.1,254.8,990.4,910.0,80.4,421.5,384.0,37.4,26.333333333,1.5,eurostat,0.056962025
GRC,2014-10-01,4484.1,3044.2,1439.9,2310.5,1463.9,846.7,1.0,39.635772893,32.111237484,533.6,141.4,392.2,320.8,72.5,248.3,990.4,911.8,78.6,434.7,398.7,36.0,25.9,1.8,eurostat,0.069498069
GRC,2015-01-01,4311.3,2938.7,1372.6,2185.4,1394.8,790.5,1.0,38.992343912,31.837264862,525.0,141.2,383.8,293.4,71.0,222.4,983.5,904.8,78.7,427.6,389.2,38.4,25.833333333,1.0,eurostat,0.038709677
GRC,2015-04-01,4313.7,2951.9,1361.8,2187.5,1408.4,779.1,1.0,39.008097635,31.569186545,514.8,149.4,365.4,291.7,78.4,213.3,975.7,899.2,76.5,425.3,387.7,37.5,25.0,0.8,eurostat,0.032
GRC,2015-07-01,4301.6,2972.0,1329.6,2211.2,1437.2,774.0,1.0,39.541637459,30.90942905,508.7,148.5,360.3,288.1,76.3,211.8,965.3,887.7,77.6,426.1,387.3,38.8,24.733333333,0.7,eurostat,0.028301887
GRC,2015-10-01,4368.7,3058.1,1310.6,2244.0,1466.5,777.5,1.0,39.511842108,29.999771099,498.8,152.8,346.0,292.9,78.9,214.0,979.7,903.0,76.7,430.0,391.0,39.0,24.4,0.6,eurostat,0.024590164
GRC,2016-01-01,4443.2,3139.5,1303.7,2312.6,1543.2,769.4,1.0,40.036979585,29.34146561,492.1,150.9,341.2,292.1,81.6,210.4,989.1,917.6,71.5,433.5,399.1,34.4,24.333333333,0.6,eurostat,0.024657534
GRC,2016-04-01,4474.9,3148.9,1326.0,2292.4,1523.6,768.7,1.0,39.406123386,29.631947083,511.1,150.5,360.6,298.2,82.7,215.5,993.3,916.4,76.9,429.6,394.7,34.9,23.8,0.7,eurostat,0.029411765
GRC,2016-07-01,4499.3,3177.1,1322.2,2292.6,1537.5,755.1,1.0,39.195840721,29.386793501,503.1,145.7,357.4,288.1,79.3,208.8,988.0,911.7,76.3,431.2,396.1,35.1,23.733333333,1.1,eurostat,0.046348315
GRC,2016-10-01,4456.9,3148.8,1308.1,2261.9,1508.6,753.3,1.0,39.038862818,29.349996634,493.1,138.8,354.2,280.3,76.2,204.1,993.7,909.6,84.2,423.5,384.0,39.5,23.7,0.6,eurostat,0.025316456
GRC,2017-01-01,4443.1,3136.3,1306.8,2281.7,1509.4,772.4,1.0,39.502911169,29.411897099,504.0,140.6,363.4,296.1,73.4,222.8,993.7,912.1,81.6,429.2,391.9,37.4,22.966666667,0.8,eurostat,0.034833091
GRC,2017-04-01,4434.3,3129.9,1304.4,2275.0,1500.0,775.0,1.0,39.465079043,29.416142345,504.4,143.5,360.9,302.2,74.1,228.1,979.4,899.2,80.2,422.5,387.7,34.8,21.9,0.6,eurostat,0.02739726
GRC,2017-07-01,4440.1,3147.9,1292.2,2278.4,1513.9,764.5,1.0,39.472430455,29.102948132,504.1,143.0,361.0,301.3,76.7,224.6,994.3,914.8,79.5,428.6,391.7,36.9,21.133333333,0.7,eurostat,0.033123028
GRC,2017-10-01,4465.1,3181.2,1283.9,2291.4,1535.9,755.5,1.0,39.475384305,28.754115249,500.4,139.9,360.6,299.7,74.1,225.6,1002.8,921.3,81.5,438.3,401.3,37.1,21.3,0.5,eurostat,0.023474178
GRC,2018-01-01,4570.2,3290.7,1279.4,2366.0,1605.6,760.4,1.0,39.823202486,27.994398495,509.9,144.1,365.8,304.8,79.6,225.2,1008.4,928.1,80.3,443.7,401.1,42.5,20.8,0.5,eurostat,0.024038462
GRC,2018-04-01,4642.3,3370.9,1271.4,2393.5,1637.0,756.5,1.0,39.660380547,27.387286474,506.7,146.6,360.0,298.8,80.0,218.7,1013.0,934.4,78.6,442.8,401.8,41.1,19.766666667,0.7,eurostat,0.035413153
GRC,2018-07-01,4680.4,3410.3,1270.1,2439.8,1670.9,768.9,1.0,40.09847942,27.136569524,509.3,149.0,360.3,303.2,79.2,224.0,1010.3,934.0,76.3,441.8,401.1,40.7,19.366666667,0.8,eurostat,0.04130809
GRC,2018-10-01,4700.0,3427.0,1273.0,2414.7,1657.3,757.4,1.0,39.520458265,27.085106383,502.9,149.6,353.3,293.0,79.9,213.2,1022.4,940.3,82.1,448.4,405.2,43.2,19.1,0.6,eurostat,0.031413613
GRC,2019-01-01,4758.4,3496.9,1261.5,2412.2,1687.2,725.0,1.0,38.995008018,26.511012105,499.9,153.3,346.6,263.5,78.1,185.3,1027.6,946.3,81.3,450.0,410.0,40.0,19.0,0.6,eurostat,0.031578947
GRC,2019-04-01,4777.8,3501.8,1276.0,2410.9,1671.3,739.6,1.0,38.81574075,26.706852526,493.8,150.2,343.6,269.2,77.4,191.8,1039.1,956.6,82.4,451.4,409.5,42.0,17.8,0.6,eurostat,0.033707865
GRC,2019-07-01,4746.6,3472.4,1274.2,2397.9,1664.8,733.1,1.0,38.860204389,26.844478153,501.2,150.4,350.8,268.1,78.3,189.8,1028.0,947.2,80.8,448.8,407.5,41.4,17.566666667,0.7,eurostat,0.039848197
GRC,2019-10-01,4713.9,3434.2,1279.8,2388.8,1642.9,745.9,1.0,38.981277955,27.14949405,499.2,147.0,352.2,270.5,77.3,193.2,1029.7,950.7,79.0,447.2,407.8,39.4,17.1,0.7,eurostat,0.040935673
GRC,2020-01-01,4723.8,3456.4,1267.3,2265.7,1568.7,697.0,1.0,36.895003045,26.827977476,484.4,147.2,337.2,265.7,70.8,194.9,1039.6,958.7,80.9,430.4,397.7,32.7,16.366666667,0.5,eurostat,0.030549898
GRC,2020-04-01,4548.2,3270.9,1277.4,1749.5,1189.2,560.3,1.0,29.58905129,28.085836155,490.8,146.3,344.5,265.5,69.9,195.6,1044.2,962.7,81.6,374.8,349.1,25.7,19.5,0.3,eurostat,0.015384615
GRC,2020-07-01,4591.1,3314.0,1277.2,2347.4,1585.0,762.4,1.0,39.330276136,27.819041188,474.3,138.3,336.0,274.0,71.5,202.5,1058.8,973.4,85.5,464.0,424.0,40.0,17.233333333,0.4,eurostat,0.023210832
GRC,2020-10-01,4656.2,3341.4,1314.8,2121.0,1446.4,674.6,1.0,35.040128464,28.237618659,474.0,123.7,350.3,269.4,62.9,206.5,1046.9,960.8,86.1,439.3,406.0,33.2,17.333333333,0.5,eurostat,0.028846154
GRC,2021-01-01,4604.3,3339.5,1264.8,2133.2,1445.1,688.1,1.0,35.638926154,27.46997372,494.3,118.7,375.6,290.0,63.2,226.8,1048.2,961.5,86.7,446.0,405.8,40.3,16.133333333,0.3,eurostat,0.018595041
GRC,2021-04-01,4817.3,3488.7,1328.6,2384.0,1620.4,763.6,1.0,38.067925059,27.579764598,501.8,113.6,388.3,297.5,62.8,234.7,1070.6,981.8,88.8,459.1,416.7,42.4,16.066666667,0.5,eurostat,0.031120332
GRC,2021-07-01,4995.0,3624.8,1370.2,2482.8,1711.5,771.3,1.0,38.235158235,27.431431431,504.1,112.6,391.4,287.6,59.7,227.9,1066.9,971.6,95.2,449.7,408.7,41.0,13.833333333,0.7,eurostat,0.05060241
GRC,2021-10-01,5020.4,3661.8,1358.6,2511.2,1752.7,758.5,1.0,38.476860563,27.061588718,517.5,114.4,403.1,290.7,61.4,229.3,1070.8,983.0,87.8,463.0,418.9,44.1,13.133333333,0.8,eurostat,0.060913706
GRC,2022-01-01,5007.0,3659.8,1347.2,2540.7,1757.4,783.3,1.0,39.033046043,26.906331136,497.2,108.7,388.5,294.4,58.2,236.1,1064.8,975.4,89.4,457.7,416.4,41.4,12.833333333,0.7,eurostat,0.054545455
GRC,2022-04-01,5026.6,3672.4,1354.2,2493.2,1729.1,764.2,1.0,38.153944094,26.940675606,506.3,114.9,391.4,289.6,58.5,231.2,1072.3,979.9,92.4,450.3,410.6,39.7,12.633333333,1.1,eurostat,0.08707124
GRC,2022-07-01,5040.1,3700.4,1339.8,2487.5,1721.9,765.6,1.0,37.964753447,26.582805897,509.4,117.8,391.6,302.9,58.7,244.2,1078.8,986.1,92.7,460.6,416.9,43.6,12.433333333,1.0,eurostat,0.080428954
GRC,2022-10-01,5070.0,3709.9,1360.1,2538.2,1748.8,789.4,1.0,38.510089516,26.82642998,520.3,123.9,396.3,306.1,62.2,243.9,1088.8,996.6,92.2,458.9,416.7,42.2,11.833333333,1.0,eurostat,0.084507042
GRC,2023-01-01,5106.6,3751.9,1354.6,2589.2,1811.8,777.4,1.0,39.002316761,26.526455959,518.7,123.7,395.0,294.0,61.0,232.9,1091.6,999.8,91.8,475.9,431.2,44.7,10.966666667,1.4,eurostat,0.127659574
GRC,2023-04-01,5142.0,3781.2,1360.8,2561.7,1796.9,764.8,1.0,38.32241271,26.464410735,508.5,120.4,388.1,288.8,59.4,229.4,1079.2,988.5,90.6,461.5,418.6,42.8,11.466666667,1.5,eurostat,0.130813953
GRC,2023-07-01,5137.1,3748.2,1388.9,2529.3,1768.0,761.2,1.0,37.87380788,27.036654922,519.5,121.0,398.5,286.0,60.2,225.8,1078.4,984.2,94.2,461.5,418.4,43.1,11.366666667,1.6,eurostat,0.140762463
GRC,2023-10-01,5142.2,3748.6,1393.7,2580.6,1795.1,785.4,1.0,38.603650637,27.103185407,528.2,115.7,412.5,298.1,56.6,241.5,1068.3,977.8,90.6,465.6,421.9,43.6,10.433333333,2.1,eurostat,0.201277955
GRC,2024-01-01,5183.4,3788.5,1395.0,2631.2,1811.8,819.4,1.0,39.04772929,26.912837134,514.1,114.8,399.3,309.8,60.7,249.1,1074.9,979.4,95.5,466.3,419.6,46.7,11.233333333,2.7,eurostat,0.240356083
GRC,2024-04-01,5177.9,3803.0,1374.8,2592.6,1808.6,784.0,1.0,38.515762999,26.551304583,514.3,116.1,398.1,308.8,60.1,248.7,1092.4,996.9,95.5,468.0,423.1,44.9,10.1,2.3,eurostat,0.227722772
GRC,2024-07-01,5170.3,3815.0,1355.3,2569.4,1803.8,765.7,1.0,38.227211931,26.213179119,510.2,117.1,393.1,305.8,59.9,245.9,1080.9,991.0,90.0,455.5,415.3,40.3,9.7,2.0,eurostat,0.206185567
GRC,2024-10-01,5191.9,3844.0,1347.9,2594.2,1815.2,779.0,1.0,38.4356105,25.961594021,496.3,119.1,377.2,294.8,60.6,234.1,1097.3,1004.2,93.1,461.1,419.1,42.0,9.6,1.5,eurostat,0.15625
GRC,2025-01-01,5219.2,3889.7,1329.4,2555.9,1812.1,743.7,1.0,37.670082064,25.471336603,482.9,118.3,364.6,286.8,60.5,226.3,1100.6,1013.5,87.1,456.9,418.8,38.1,9.333333333,2.0,eurostat,0.214285714
GRC,2025-04-01,5213.3,3908.5,1304.8,2598.3,1855.9,742.4,1.0,38.338332873,25.02829302,457.8,111.0,346.8,274.3,57.7,216.7,1077.3,993.4,83.9,461.1,422.5,38.5,8.933333333,1.4,eurostat,0.156716418
GRC,2025-07-01,5219.4,3931.0,1288.4,2555.6,1838.8,716.8,1.0,37.664217225,24.684829674,443.7,105.4,338.3,264.6,54.0,210.6,1083.6,999.4,84.2,458.8,424.9,33.9,8.8,1.8,eurostat,0.204545455
GRC,2025-10-01,5240.3,3965.2,1275.2,2619.6,1888.0,731.6,1.0,38.453464937,24.334484667,432.7,107.6,325.1,262.1,54.7,207.5,1072.1,989.3,82.8,463.1,425.8,37.3,8.5,1.6,eurostat,0.188235294
GRC,2026-01-01,5244.7,3935.9,1308.8,2597.6,1863.9,733.6,1.0,38.098534638,24.95471619,441.2,109.7,331.4,261.6,53.7,207.9,1077.9,991.9,86.0,463.1,424.1,39.0,,,,
HRV,1995-01-01,1557.5,1183.1,374.4,745.1,578.3,170.6,1.0,36.799604889,24.038523274,228.0,36.4,191.6,95.4,16.4,80.2,279.2,270.0,9.2,130.1,125.9,4.1,,,,
HRV,1995-04-01,1557.2,1182.8,374.4,751.4,578.1,170.6,1.0,37.11790393,24.04315438,228.1,36.4,191.6,97.0,16.9,80.2,279.1,269.9,9.2,130.1,125.9,4.3,,,,
HRV,1995-07-01,1557.0,1182.6,374.4,751.8,578.0,170.6,1.0,37.142433674,24.046242775,228.1,36.4,191.6,98.3,16.9,80.2,279.1,269.9,9.2,130.1,125.8,4.4,,,,
HRV,1995-10-01,1557.1,1182.5,374.6,754.0,578.0,170.7,1.0,37.248731616,24.057542868,228.1,36.4,191.7,96.4,17.0,80.2,279.0,269.8,9.2,130.1,125.8,4.4,,,,
HRV,1996-01-01,1556.2,1181.7,374.5,743.0,577.6,170.6,1.0,36.72654296,24.065030202,228.1,36.4,191.6,98.2,16.3,80.2,278.9,269.7,9.2,130.0,125.8,4.1,,,,
HRV,1996-04-01,1555.5,1181.2,374.4,748.0,577.3,170.6,1.0,36.990332072,24.069431051,228.0,36.4,191.6,94.5,16.7,80.2,278.8,269.6,9.2,130.0,125.7,4.2,,,,
HRV,1996-07-01,1555.4,1181.0,374.5,749.0,577.3,170.6,1.0,37.042165755,24.077407741,228.1,36.4,191.6,96.0,16.7,80.2,278.8,269.6,9.2,129.9,125.7,4.3,,,,
HRV,1996-10-01,1555.9,1181.0,374.7,750.8,577.3,170.7,1.0,37.119253264,24.082524584,228.1,36.4,191.7,99.8,16.8,80.2,278.7,269.5,9.2,129.9,125.7,4.5,,,,
HRV,1997-01-01,1555.8,1180.8,375.1,751.6,577.1,170.9,1.0,37.161193351,24.109782748,228.3,36.4,191.9,95.8,16.8,80.3,278.6,269.3,9.2,129.8,125.6,4.3,,,,
HRV,1997-04-01,1555.9,1180.8,375.1,745.8,577.2,170.9,1.0,36.872055254,24.108233177,228.4,36.4,191.9,100.2,16.5,80.4,278.5,269.3,9.2,129.8,125.6,4.3,,,,
HRV,1997-07-01,1556.2,1181.0,375.3,749.3,577.3,171.0,1.0,37.037952409,24.116437476,228.6,36.4,192.1,98.8,16.7,80.4,278.6,269.3,9.2,129.8,125.6,4.3,,,,
HRV,1997-10-01,1557.0,1181.4,375.5,748.7,577.4,171.1,1.0,36.989279186,24.116891458,228.5,36.4,192.1,95.3,16.7,80.4,278.6,269.3,9.2,129.9,125.6,4.1,,,,
HRV,1998-01-01,1551.0,1177.4,373.2,746.2,575.4,170.1,1.0,37.008381689,24.061895551,227.6,36.5,191.0,94.8,16.7,80.0,278.4,269.3,9.2,129.8,125.6,4.3,,,,
HRV,1998-04-01,1550.9,1177.6,373.5,746.1,575.6,170.2,1.0,37.005808042,24.082790638,227.7,36.6,191.1,96.3,16.8,80.0,278.2,269.1,9.2,129.7,125.5,4.1,,,,
HRV,1998-07-01,1551.2,1178.1,373.6,744.2,575.8,170.2,1.0,36.904431309,24.08457968,227.7,36.6,191.2,93.8,16.6,80.0,278.1,269.0,9.2,129.7,125.4,4.1,,,,
HRV,1998-10-01,1553.5,1178.8,374.5,744.2,576.1,170.7,1.0,36.849793271,24.106855488,228.2,36.5,191.7,97.5,16.6,80.2,278.4,269.2,9.2,129.8,125.5,4.1,,,,
HRV,1999-01-01,1551.2,1176.5,374.1,746.6,575.0,170.5,1.0,37.023445868,24.11681279,227.8,36.4,191.4,97.5,16.6,80.2,278.0,268.8,9.2,129.6,125.3,4.3,,,,
HRV,1999-04-01,1550.9,1176.9,374.3,743.1,575.3,170.5,1.0,36.857011066,24.13437359,227.8,36.3,191.5,94.4,16.4,80.1,277.8,268.6,9.2,129.5,125.2,4.1,,,,
HRV,1999-07-01,1552.3,1178.0,374.6,744.8,575.9,170.7,1.0,36.908012428,24.13193326,228.2,36.4,191.7,97.5,16.5,80.2,277.7,268.5,9.2,129.5,125.2,4.2,,,,
HRV,1999-10-01,1555.5,1179.5,376.1,744.7,576.5,171.4,1.0,36.827139431,24.178720669,228.8,36.3,192.4,94.3,16.5,80.5,277.8,268.5,9.2,129.5,125.2,4.1,,,,
HRV,2000-01-01,1561.2,1180.1,381.1,745.6,576.6,173.6,1.0,36.737026745,24.41070971,232.8,38.3,195.0,99.3,17.1,81.5,278.9,269.6,9.4,130.0,125.7,4.2,,,,
HRV,2000-04-01,1552.1,1169.9,382.2,747.9,571.4,174.1,1.0,37.066406308,24.624702017,233.7,38.0,195.6,98.8,17.5,82.1,279.5,270.1,9.4,130.3,126.0,4.4,,,,
HRV,2000-07-01,1546.4,1164.1,382.1,744.1,568.4,174.1,1.0,37.01400772,24.709001552,233.4,37.4,195.5,97.9,17.3,82.0,279.4,270.0,9.4,130.2,125.9,4.3,,,,
HRV,2000-10-01,1538.3,1156.8,381.8,743.5,565.2,173.9,1.0,37.178903785,24.819606059,232.8,37.5,195.3,98.2,17.6,81.6,278.3,268.9,9.4,129.7,125.4,4.5,,,,
HRV,2001-01-01,1535.4,1166.6,366.9,734.6,570.0,167.2,1.0,36.803238445,23.896053146,225.6,37.3,187.7,93.4,16.7,79.0,279.2,270.2,9.0,130.1,126.0,4.0,,,,
HRV,2001-04-01,1535.7,1167.5,368.7,740.7,570.4,168.0,1.0,37.101597367,24.008595429,225.8,37.2,188.7,97.9,17.1,78.7,278.5,269.5,9.1,129.8,125.7,4.3,,,,
HRV,2001-07-01,1536.3,1169.3,368.6,740.3,571.3,167.9,1.0,37.067079246,23.992709757,225.1,36.9,188.6,95.9,17.0,78.7,277.8,268.8,9.1,129.5,125.3,4.3,,,,
HRV,2001-10-01,1543.9,1171.7,371.8,743.4,572.6,169.4,1.0,37.039066899,24.081870587,226.8,36.6,190.3,95.2,16.9,79.7,278.4,269.2,9.1,129.8,125.5,4.4,,,,
HRV,2002-01-01,1546.4,1169.6,376.0,743.0,571.8,171.3,1.0,36.959290063,24.314536989,228.4,35.9,192.3,97.1,16.4,80.7,277.5,268.3,9.2,129.3,125.1,4.3,,,,
HRV,2002-04-01,1545.1,1168.4,376.8,742.6,571.1,171.7,1.0,36.970472412,24.386771083,227.8,35.1,192.7,93.9,16.0,80.6,277.1,267.8,9.3,129.2,124.9,4.2,,,,
HRV,2002-07-01,1548.6,1171.2,378.3,746.3,572.4,172.4,1.0,37.07070406,24.428516079,228.7,35.0,193.7,96.0,16.0,81.0,276.9,267.6,9.3,129.1,124.8,4.3,,,,
HRV,2002-10-01,1555.4,1175.0,380.1,749.9,574.6,173.2,1.0,37.086675701,24.437443744,229.5,35.1,194.4,99.3,16.3,81.4,276.0,266.7,9.3,128.7,124.3,4.5,,,,
HRV,2003-01-01,1569.0,1188.0,380.8,756.7,580.9,173.5,1.0,37.09859293,24.270235819,230.8,36.0,194.8,98.3,16.6,81.6,276.0,266.6,9.3,128.6,124.3,4.5,,,,
HRV,2003-04-01,1586.3,1199.6,386.2,762.9,586.8,176.0,1.0,36.994651317,24.345962302,234.3,36.8,197.5,100.8,16.7,82.8,277.0,267.5,9.5,129.1,124.8,4.5,,,,
HRV,2003-07-01,1591.8,1204.2,387.6,767.2,589.1,176.6,1.0,37.074622827,24.349792688,235.3,36.3,198.7,100.9,16.8,83.2,278.0,268.4,9.5,129.6,125.2,4.4,,,,
HRV,2003-10-01,1595.5,1209.0,386.1,766.8,591.4,175.9,1.0,36.969360943,24.199310561,233.0,35.6,197.4,97.4,16.3,82.6,279.2,269.7,9.4,130.1,125.8,4.3,,,,
HRV,2004-01-01,1597.4,1211.5,386.2,767.1,592.9,176.0,1.0,36.939834924,24.176787279,231.4,34.1,197.5,102.3,15.6,82.6,274.6,265.2,9.5,128.0,123.6,4.5,,,,
HRV,2004-04-01,1594.7,1215.4,379.5,767.9,595.1,172.9,1.0,37.040967435,23.797579482,227.5,33.7,194.0,94.9,15.4,81.1,270.8,261.5,9.3,126.2,122.0,4.1,,,,
HRV,2004-07-01,1590.1,1216.3,375.8,765.1,595.5,171.2,1.0,37.01266974,23.633733727,225.7,33.4,192.8,96.2,15.2,80.4,270.5,261.2,9.3,126.1,121.8,4.2,,,,
HRV,2004-10-01,1608.1,1218.1,389.2,769.9,596.0,177.3,1.0,36.827981421,24.20247497,232.3,33.1,199.0,96.9,15.0,83.3,270.7,261.2,9.5,126.2,121.8,4.2,,,,
HRV,2005-01-01,1602.6,1215.5,387.3,774.0,595.3,176.5,1.0,37.151167814,24.16697866,230.3,32.4,197.9,96.2,15.0,82.8,271.7,262.2,9.5,126.7,122.3,4.4,,,,
HRV,2005-04-01,1607.6,1215.8,391.4,768.2,595.4,178.4,1.0,36.758091374,24.346852451,232.6,32.6,199.9,97.3,14.5,83.9,272.9,263.2,9.6,127.2,122.7,4.3,,,,
HRV,2005-07-01,1615.1,1225.7,390.2,779.4,600.0,177.7,1.0,37.12082605,24.159494768,233.3,32.8,200.3,98.8,15.1,83.8,273.6,263.9,9.7,127.4,123.0,4.4,,,,
HRV,2005-10-01,1623.9,1234.3,388.6,780.1,603.9,177.0,1.0,36.952824871,23.930044954,231.4,32.2,199.0,98.9,14.7,83.2,274.5,265.0,9.4,128.0,123.6,4.3,,,,
HRV,2006-01-01,1639.8,1252.5,387.2,787.7,613.8,176.7,1.0,36.951035304,23.612635687,229.7,32.2,197.5,97.6,14.5,82.8,275.7,266.3,9.4,128.7,124.2,4.3,,,,
HRV,2006-04-01,1657.8,1268.3,389.5,799.1,622.1,177.5,1.0,37.078797665,23.494993365,230.6,32.2,198.3,98.3,14.6,83.4,276.5,267.0,9.7,128.8,124.4,4.4,,,,
HRV,2006-07-01,1672.4,1280.4,392.8,807.1,627.5,178.6,1.0,37.123065884,23.487204018,234.1,32.0,202.0,97.9,14.8,84.4,277.7,267.9,9.9,129.2,124.8,4.4,,,,
HRV,2006-10-01,1677.8,1290.6,385.9,809.2,630.6,175.6,1.0,37.099865208,23.000357611,231.3,31.8,199.3,98.3,14.8,83.0,279.2,269.7,9.1,130.1,125.8,4.4,,,,
HRV,2007-01-01,1688.5,1307.9,378.7,813.4,641.8,173.4,1.0,37.056103506,22.428190702,224.9,32.6,191.5,93.9,14.6,81.0,279.8,270.7,9.0,130.9,126.5,4.3,,,,
HRV,2007-04-01,1708.7,1322.7,386.3,828.4,650.6,176.2,1.0,37.293308903,22.607830514,228.9,33.2,195.4,98.3,15.0,82.5,279.3,269.9,9.7,130.1,125.7,4.4,,,,
HRV,2007-07-01,1726.7,1336.1,393.5,832.9,654.7,178.0,1.0,37.105015793,22.789135345,234.7,32.0,203.1,99.3,15.1,84.3,282.5,272.5,10.1,131.0,126.6,4.5,,,,
HRV,2007-10-01,1727.9,1344.2,381.1,833.3,655.1,173.8,1.0,37.097054228,22.055674518,232.4,31.9,200.3,97.8,15.0,82.7,285.8,276.3,8.7,133.4,129.2,4.4,,,,
HRV,2008-01-01,1731.3,1355.9,369.8,836.9,664.9,170.2,1.0,37.184152415,21.359671923,219.2,33.6,184.1,97.2,14.8,79.0,287.4,278.7,8.8,134.6,130.3,4.5,,,,
HRV,2008-04-01,1742.6,1366.6,379.2,841.6,676.2,173.0,1.0,37.150500137,21.760587628,224.5,34.7,190.1,97.4,15.0,80.4,285.1,276.2,9.7,133.2,128.9,4.4,,,,
HRV,2008-07-01,1755.5,1376.0,386.0,845.4,673.3,172.9,1.0,37.044015512,21.988037596,231.0,31.9,199.9,98.7,15.5,82.2,290.8,280.6,10.1,133.9,129.6,4.2,,,,
HRV,2008-10-01,1762.7,1376.2,381.0,846.7,668.2,174.8,1.0,36.949435089,21.61456856,237.7,32.3,205.0,98.5,15.3,83.8,293.3,283.8,8.3,137.5,133.1,4.2,,,,
HRV,2009-01-01,1764.4,1370.2,386.4,842.0,660.6,173.9,1.0,36.708926983,21.899795965,249.5,32.0,218.1,101.0,15.0,86.9,300.8,290.8,10.3,139.9,136.6,3.6,,,,
HRV,2009-04-01,1739.0,1364.9,382.1,835.4,669.8,171.0,1.0,36.953156102,21.97239793,239.3,28.9,210.5,102.0,14.4,85.2,320.4,312.6,9.0,150.1,146.4,3.7,,,,
HRV,2009-07-01,1700.0,1347.8,361.3,830.8,669.2,165.7,1.0,37.592760181,21.252941176,218.8,31.8,188.4,89.8,13.2,80.9,306.9,301.6,5.2,149.2,145.6,3.4,,,,
HRV,2009-10-01,1743.0,1359.4,374.3,840.4,667.2,169.8,1.0,37.089015402,21.474469306,231.5,32.8,195.9,97.5,13.4,83.7,307.0,300.2,5.3,144.9,141.3,3.2,,,,
HRV,2010-01-01,1730.2,1317.7,404.8,837.6,654.7,174.9,1.0,37.238914132,23.396139175,256.1,33.9,224.5,102.4,14.0,86.1,314.1,306.9,7.6,147.6,145.1,3.1,,,,
HRV,2010-04-01,1640.4,1285.8,368.5,788.7,629.6,170.2,1.0,36.984412807,22.464033163,241.8,27.3,215.4,98.9,13.4,86.0,297.8,290.8,8.2,140.7,137.7,2.7,,,,
HRV,2010-07-01,1632.7,1270.4,365.5,800.2,632.7,169.7,1.0,37.700646876,22.386231396,230.9,28.0,202.6,100.6,13.1,89.5,293.5,288.5,4.7,140.6,137.9,2.7,,,,
HRV,2010-10-01,1677.6,1293.0,376.0,816.0,640.5,170.6,1.0,37.416088918,22.412970911,235.0,29.1,201.6,99.6,13.2,88.1,296.7,292.6,2.8,144.0,140.9,2.6,,,,
HRV,2011-01-01,1650.5,1265.0,380.9,806.4,630.3,173.8,1.0,37.583016801,23.077855195,244.0,40.1,208.9,105.0,16.9,87.8,286.6,282.6,4.6,139.5,136.6,3.5,,,,
HRV,2011-04-01,1570.2,1235.1,349.5,763.0,614.1,162.2,1.0,37.378873833,22.258311043,230.3,34.5,195.8,96.5,14.8,81.0,278.1,272.3,6.6,137.9,134.3,3.4,,,,
HRV,2011-07-01,1596.5,1224.6,366.2,768.3,602.7,163.3,1.0,37.01847792,22.937676167,239.1,30.1,208.5,101.2,14.8,89.4,271.6,263.6,7.6,126.3,123.1,3.2,,,,
HRV,2011-10-01,1599.0,1240.1,354.8,772.7,607.6,157.7,1.0,37.172271131,22.188868043,232.5,28.8,197.9,93.6,14.2,80.7,267.8,258.6,8.5,130.7,127.1,3.1,,,,
HRV,2012-01-01,1569.5,1249.1,318.6,796.6,657.7,142.8,1.0,39.04232117,20.299458426,183.2,29.8,158.0,86.9,16.0,63.3,278.7,266.9,12.3,141.1,135.7,6.1,,,,
HRV,2012-04-01,1566.4,1258.5,318.1,795.3,654.3,146.4,1.0,39.055747623,20.307711951,190.1,33.0,155.8,86.4,16.9,66.2,291.3,279.7,12.3,149.6,143.5,6.0,,,,
HRV,2012-07-01,1577.1,1244.5,320.4,809.4,655.1,150.2,1.0,39.478497534,20.31576945,189.5,33.9,157.7,85.9,17.1,70.0,290.5,278.1,12.0,152.7,146.4,6.4,,,,
HRV,2012-10-01,1494.3,1201.8,296.5,755.5,614.7,133.7,1.0,38.891376976,19.842066519,175.3,30.6,140.9,67.0,15.6,54.8,283.3,270.5,12.3,143.8,138.0,5.5,,,,
HRV,2013-01-01,1495.8,1205.8,289.4,758.3,629.3,131.0,1.0,38.996369321,19.347506351,158.0,25.6,133.7,66.7,13.0,52.7,284.5,272.7,12.1,144.5,138.5,6.4,17.333333333,0.9,eurostat,0.051923077
HRV,2013-04-01,1502.9,1223.6,284.3,764.4,638.5,130.9,1.0,39.124359571,18.916760929,161.2,27.1,132.4,68.1,14.5,54.5,301.4,289.5,12.1,155.6,149.2,6.3,17.4,0.8,eurostat,0.045977011
HRV,2013-07-01,1503.9,1225.5,267.7,762.3,632.2,125.0,1.0,38.990931271,17.800385664,139.9,27.8,116.8,64.7,14.4,51.1,316.0,303.8,12.0,161.2,154.6,6.6,17.266666667,0.8,eurostat,0.046332046
HRV,2013-10-01,1511.5,1232.0,287.1,762.7,628.0,131.0,1.0,38.815237029,18.994376447,166.1,30.2,133.7,68.0,14.8,53.9,315.0,302.9,12.0,159.2,152.4,6.7,17.566666667,0.8,eurostat,0.045540797
HRV,2014-01-01,1520.5,1260.5,259.7,767.9,650.1,115.5,1.0,38.848556902,17.079907925,146.8,43.3,100.3,60.2,25.5,36.7,320.1,308.5,11.9,162.3,156.1,6.5,17.666666667,0.7,eurostat,0.039622642
HRV,2014-04-01,1533.0,1280.0,255.4,768.4,660.9,112.6,1.0,38.556876913,16.660143509,149.4,39.5,110.0,57.9,20.0,36.9,315.3,303.4,11.9,163.3,157.5,6.4,17.4,0.8,eurostat,0.045977011
HRV,2014-07-01,1584.8,1323.1,249.8,795.3,676.4,112.9,1.0,38.602298761,15.762241292,139.2,37.6,105.3,58.2,18.1,37.7,355.9,343.8,11.9,176.9,170.2,6.5,16.833333333,1.0,eurostat,0.059405941
HRV,2014-10-01,1535.1,1295.9,247.7,779.7,661.7,119.6,1.0,39.070368756,16.135756628,140.8,34.6,105.5,59.6,17.3,44.4,341.5,329.6,11.9,173.2,166.4,6.4,16.733333333,0.9,eurostat,0.053784861
HRV,2015-01-01,1567.7,1295.4,274.3,774.4,648.9,122.0,1.0,37.997850845,17.496970084,146.6,31.2,112.4,57.6,14.6,42.3,338.5,326.7,12.0,168.7,162.1,6.6,16.966666667,1.0,eurostat,0.058939096
HRV,2015-04-01,1551.9,1293.6,259.2,763.2,646.9,117.4,1.0,37.829558804,16.702107095,147.9,42.4,106.8,59.5,22.3,38.3,328.2,316.3,11.9,163.3,157.6,6.5,16.366666667,1.4,eurostat,0.085539715
HRV,2015-07-01,1557.7,1300.3,250.4,774.1,657.3,115.5,1.0,38.226971719,16.074982346,142.1,42.8,101.7,59.6,19.3,40.2,321.7,309.7,11.9,158.1,151.2,6.4,15.733333333,1.1,eurostat,0.069915254
HRV,2015-10-01,1560.9,1321.0,244.7,766.5,660.4,110.6,1.0,37.774065258,15.676853098,133.1,34.6,97.5,51.1,16.0,36.1,337.4,325.5,11.9,166.2,159.4,6.4,15.333333333,1.0,eurostat,0.065217391
HRV,2016-01-01,1556.7,1316.2,241.4,765.2,649.0,111.3,1.0,37.811741801,15.507162588,129.8,35.5,91.8,61.1,16.6,38.8,330.3,318.3,12.1,162.0,155.4,6.5,14.366666667,1.5,eurostat,0.104408353
HRV,2016-04-01,1554.1,1322.9,231.5,775.5,677.9,108.0,1.0,38.384818322,14.896081333,107.7,28.2,80.9,43.6,14.8,30.4,325.3,313.3,12.0,166.7,161.0,6.6,13.366666667,1.7,eurostat,0.127182045
HRV,2016-07-01,1547.4,1321.5,222.7,761.1,655.9,103.4,1.0,37.835177618,14.391883159,108.4,33.5,76.6,47.4,15.4,29.6,310.2,298.1,12.1,150.7,143.0,7.3,12.8,1.6,eurostat,0.125
HRV,2016-10-01,1546.5,1324.0,225.1,780.8,669.1,113.5,1.0,38.837076276,14.555447785,117.9,36.0,81.3,53.5,17.2,36.8,325.9,313.8,12.1,164.3,157.7,6.3,12.533333333,1.7,eurostat,0.135638298
HRV,2017-01-01,1544.2,1333.0,210.3,774.1,672.7,99.1,1.0,38.561166848,13.618702241,110.9,36.6,72.6,51.5,18.5,32.4,332.1,320.0,12.1,166.2,159.2,6.6,12.066666667,1.8,eurostat,0.149171271
HRV,2017-04-01,1568.0,1356.4,211.4,788.1,686.5,104.9,1.0,38.662676609,13.482142857,106.9,33.8,73.8,51.4,19.4,33.5,323.7,311.6,12.1,162.7,156.7,6.7,11.133333333,1.6,eurostat,0.143712575
HRV,2017-07-01,1589.0,1374.6,213.4,798.1,692.9,105.5,1.0,38.635813526,13.429830082,110.3,31.5,79.2,52.1,15.2,36.4,349.7,337.5,12.1,171.5,164.5,6.7,10.566666667,1.6,eurostat,0.151419558
HRV,2017-10-01,1578.5,1367.0,212.9,798.6,692.3,105.3,1.0,38.917180381,13.487488122,112.1,35.4,76.4,52.3,17.5,35.4,332.6,320.5,12.1,168.6,161.7,6.8,9.866666667,1.8,eurostat,0.182432432
HRV,2018-01-01,1579.7,1366.2,211.8,796.6,689.6,103.5,1.0,38.79022794,13.40760904,106.0,36.9,68.2,47.7,18.0,30.6,332.4,320.4,12.1,167.9,161.0,6.7,9.166666667,1.7,eurostat,0.185454545
HRV,2018-04-01,1583.9,1378.3,206.3,790.5,689.1,101.6,1.0,38.39111832,13.024812172,89.9,25.9,64.4,44.9,14.9,29.5,335.0,323.0,12.0,169.6,163.1,6.9,8.466666667,1.8,eurostat,0.212598425
HRV,2018-07-01,1582.5,1384.3,199.3,790.4,692.6,98.8,1.0,38.420221169,12.59399684,96.3,33.9,63.2,47.3,16.0,30.2,339.0,327.0,12.0,168.0,161.7,6.2,8.0,1.7,eurostat,0.2125
HRV,2018-10-01,1582.6,1374.8,208.2,789.4,684.3,104.3,1.0,38.369187996,13.155566789,98.1,36.0,61.7,46.0,17.9,29.0,345.5,333.5,12.0,170.7,164.3,6.3,7.433333333,1.6,eurostat,0.215246637
HRV,2019-01-01,1630.6,1414.2,214.1,824.6,711.3,107.0,1.0,38.900263235,13.130136146,103.1,33.6,69.3,49.5,16.1,33.7,350.5,338.5,12.1,174.6,169.2,5.8,7.066666667,1.6,eurostat,0.226415094
HRV,2019-04-01,1596.3,1385.3,212.8,799.7,694.0,107.5,1.0,38.536230417,13.330827539,102.9,30.1,73.0,48.9,15.2,35.1,356.4,344.3,12.1,176.9,171.3,5.8,6.533333333,1.5,eurostat,0.229591837
HRV,2019-07-01,1603.1,1392.0,212.3,796.2,690.3,107.2,1.0,38.204824307,13.24309151,96.5,35.2,61.5,47.3,16.6,30.6,371.0,358.9,12.1,185.4,179.0,6.1,6.466666667,1.5,eurostat,0.231958763
HRV,2019-10-01,1611.8,1412.0,198.4,795.2,695.2,98.1,1.0,37.95088148,12.309219506,89.1,33.3,55.0,43.6,16.2,27.4,364.9,352.8,12.1,178.2,172.3,5.7,6.2,1.4,eurostat,0.225806452
HRV,2020-01-01,1607.6,1407.2,197.1,793.8,690.2,100.1,1.0,37.983042089,12.260512565,89.7,32.8,56.7,46.4,15.2,29.6,359.3,347.2,12.2,176.2,170.4,6.7,6.1,1.1,eurostat,0.180327869
HRV,2020-04-01,1579.5,1376.9,206.0,775.0,674.5,101.9,1.0,37.743200136,13.042101931,102.7,40.0,62.8,50.5,20.5,30.1,358.0,345.9,12.1,177.5,171.3,6.0,7.9,0.7,eurostat,0.088607595
HRV,2020-07-01,1585.5,1373.3,213.7,784.9,682.4,106.2,1.0,38.080683114,13.478397982,103.5,40.4,63.1,49.3,19.9,30.1,351.7,339.5,12.2,174.7,168.2,6.2,8.2,1.3,eurostat,0.158536585
HRV,2020-10-01,1580.2,1365.0,212.8,779.6,680.3,102.9,1.0,37.950405499,13.466649791,98.4,33.0,65.2,45.7,16.2,29.5,350.6,338.4,12.3,175.7,168.9,6.1,8.333333333,1.2,eurostat,0.144
HRV,2021-01-01,1587.7,1369.8,215.0,776.2,668.7,102.7,1.0,37.606406946,13.541601058,106.5,38.2,68.8,48.9,18.0,31.2,354.0,341.7,12.2,173.2,165.6,8.9,8.3,1.2,eurostat,0.144578313
HRV,2021-04-01,1603.9,1377.8,230.0,796.7,686.8,111.9,1.0,38.209748354,14.340046138,108.1,39.9,67.9,51.7,19.3,33.2,356.3,344.0,12.2,174.8,168.2,6.1,7.966666667,1.7,eurostat,0.213389121
HRV,2021-07-01,1621.4,1392.7,229.5,798.6,690.8,111.9,1.0,37.887485649,14.154434439,106.2,34.9,70.8,50.2,17.0,31.8,346.9,334.6,12.3,171.7,165.4,6.2,7.1,1.7,eurostat,0.23943662
HRV,2021-10-01,1639.4,1414.4,221.6,806.4,700.2,109.9,1.0,37.837482756,13.517140417,108.0,39.5,68.6,48.9,20.0,31.9,358.4,346.2,12.2,175.7,168.9,6.0,6.533333333,1.7,eurostat,0.260204082
HRV,2022-01-01,1642.4,1407.1,233.3,810.2,697.4,112.0,1.0,37.946344936,14.204822211,100.5,37.8,63.6,46.7,18.5,29.8,371.1,358.9,12.2,182.8,177.8,5.9,6.5,1.7,eurostat,0.261538462
HRV,2022-04-01,1635.4,1415.4,224.8,804.6,694.0,108.5,1.0,37.845363637,13.745872569,89.5,35.3,53.3,40.4,16.6,22.2,350.5,338.3,12.1,171.1,164.8,5.9,6.733333333,1.7,eurostat,0.252475248
HRV,2022-07-01,1636.9,1414.1,223.9,799.4,691.7,109.1,1.0,37.566319074,13.678294337,94.6,37.7,57.1,48.3,18.6,27.5,333.1,321.1,12.1,164.2,159.0,5.5,6.866666667,1.6,eurostat,0.233009709
HRV,2022-10-01,1657.9,1425.1,229.3,813.0,698.9,112.8,1.0,37.721491971,13.830749744,93.6,36.9,56.9,46.3,18.1,28.2,378.6,366.6,12.0,182.2,175.7,6.1,6.766666667,1.6,eurostat,0.236453202
HRV,2023-01-01,1645.5,1411.5,230.3,815.3,701.6,115.7,1.0,38.113269289,13.995745974,81.4,33.3,48.4,40.8,17.1,24.4,372.5,360.5,12.0,183.7,178.3,5.9,6.333333333,1.7,eurostat,0.268421053
HRV,2023-04-01,1662.4,1448.7,219.8,814.5,704.4,104.1,1.0,37.688790997,13.221847931,77.5,32.7,44.2,37.4,17.3,20.0,371.7,359.6,11.9,180.7,174.5,5.9,6.133333333,1.6,eurostat,0.260869565
HRV,2023-07-01,1669.8,1442.2,228.1,830.5,713.6,119.2,1.0,38.258842607,13.660318601,78.9,35.3,43.5,40.3,17.4,20.8,385.0,373.1,11.9,190.5,184.6,6.2,6.066666667,1.6,eurostat,0.263736264
HRV,2023-10-01,1707.5,1476.9,228.1,840.8,728.4,111.2,1.0,37.87813943,13.358711567,70.9,32.2,39.6,31.3,16.1,19.0,380.3,368.6,11.9,186.1,179.6,6.2,5.7,1.6,eurostat,0.280701754
HRV,2024-01-01,1745.6,1521.4,220.7,852.1,747.4,107.1,1.0,37.549354861,12.643217232,76.7,36.4,40.0,37.5,18.0,19.0,378.5,366.7,11.9,184.3,178.2,6.2,5.366666667,1.6,eurostat,0.298136646
HRV,2024-04-01,1769.0,1542.5,231.4,870.8,756.0,115.7,1.0,37.865808584,13.080836631,83.5,39.0,44.3,42.7,19.4,23.3,388.5,376.2,11.9,190.4,183.8,6.3,5.166666667,1.7,eurostat,0.329032258
HRV,2024-07-01,1773.5,1537.8,235.6,862.3,746.9,117.6,1.0,37.401053978,13.284465746,73.8,32.1,40.6,39.4,16.2,21.5,379.6,367.6,11.9,183.8,178.6,5.7,5.033333333,1.5,eurostat,0.298013245
HRV,2024-10-01,1769.1,1541.1,228.0,859.4,746.4,111.5,1.0,37.367979372,12.887909106,79.1,39.5,41.4,39.6,19.2,21.7,376.5,365.3,11.9,180.5,174.9,5.6,4.9,1.6,eurostat,0.326530612
HRV,2025-01-01,1786.4,1554.5,227.0,875.5,757.6,112.3,1.0,37.699369596,12.707120466,83.2,39.1,43.5,40.9,18.5,22.6,382.3,370.7,11.9,186.2,180.0,6.3,4.966666667,1.4,eurostat,0.281879195
HRV,2025-04-01,1771.4,1551.9,224.1,863.9,755.0,107.4,1.0,37.514873069,12.6510105,72.3,33.9,38.6,36.8,16.3,19.2,398.2,385.3,11.9,194.4,188.7,5.6,4.833333333,1.4,eurostat,0.289655172
HRV,2025-07-01,1799.0,1572.3,225.9,869.5,759.3,112.1,1.0,37.178774533,12.556976098,73.5,34.9,36.6,38.5,16.9,19.4,406.4,394.2,11.8,197.1,191.6,6.3,4.866666667,1.5,eurostat,0.308219178
HRV,2025-10-01,1802.9,1556.0,247.2,877.4,754.6,122.7,1.0,37.435413884,13.711242997,81.1,37.4,46.4,39.6,18.3,24.5,403.8,393.6,11.5,197.2,190.3,6.2,4.733333333,1.5,eurostat,0.316901408
HRV,2026-01-01,1807.0,1560.5,241.2,876.9,753.9,117.7,1.0,37.329189903,13.348090758,78.7,36.0,41.9,38.8,17.4,21.8,408.2,397.4,11.5,196.9,190.9,5.9,,,,
HUN,1995-01-01,3921.2,3494.0,423.5,1914.9,1548.6,359.8,1.0,37.565031113,10.800265225,331.1,241.1,84.8,294.0,125.3,168.5,912.9,905.0,8.0,415.8,415.4,4.1,,,,
HUN,1995-04-01,3913.0,3488.3,425.3,1911.6,1551.0,359.1,1.0,37.578879082,10.868898543,331.2,238.9,93.1,292.9,121.9,171.4,903.8,895.7,8.2,416.3,414.4,4.3,,,,
HUN,1995-07-01,3909.1,3484.6,426.1,1906.7,1547.3,360.4,1.0,37.519948522,10.900207209,330.9,237.1,97.8,293.1,121.2,172.9,896.3,887.9,8.3,416.8,409.7,4.8,,,,
HUN,1995-10-01,3902.5,3475.9,428.0,1903.3,1547.0,361.3,1.0,37.51638496,10.967328635,330.6,229.6,101.4,295.4,120.4,173.8,888.1,879.6,8.5,416.8,408.8,4.2,,,,
HUN,1996-01-01,3889.1,3447.2,439.9,1892.4,1517.3,372.6,1.0,37.430055995,11.311100255,343.1,238.6,103.7,307.7,124.3,184.1,871.3,861.7,9.6,397.2,393.6,4.7,,,,
HUN,1996-04-01,3905.3,3459.1,445.9,1903.4,1520.8,380.8,1.0,37.491456384,11.417816813,342.8,240.7,101.0,311.5,125.2,185.7,868.5,858.6,9.8,393.8,390.3,4.8,,,,
HUN,1996-07-01,3907.4,3455.0,453.1,1905.3,1516.6,386.8,1.0,37.508711282,11.595946153,340.9,243.2,100.1,310.5,126.9,184.3,861.7,851.5,10.2,388.6,384.0,4.8,,,,
HUN,1996-10-01,3915.7,3460.7,456.7,1912.9,1529.3,389.3,1.0,37.578505464,11.663304135,338.8,238.6,99.7,307.8,124.5,182.6,858.5,847.9,10.6,388.3,380.3,5.4,,,,
HUN,1997-01-01,3937.5,3484.9,453.9,1924.4,1544.8,380.7,1.0,37.595115995,11.527619048,331.2,226.5,103.8,298.4,117.0,181.6,855.8,846.9,8.7,391.3,384.2,4.6,,,,
HUN,1997-04-01,3934.5,3480.0,453.1,1921.8,1540.1,380.8,1.0,37.572949353,11.51607574,328.3,224.3,103.3,297.0,115.7,180.4,850.7,841.7,8.9,381.3,375.9,4.4,,,,
HUN,1997-07-01,3948.1,3498.6,449.0,1934.8,1556.9,376.4,1.0,37.696808397,11.372558952,327.9,223.8,104.1,299.2,115.2,183.8,851.0,842.1,8.9,383.7,382.3,4.1,,,,
HUN,1997-10-01,3960.3,3514.0,446.9,1945.0,1569.2,376.3,1.0,37.778800751,11.284498649,325.4,222.9,104.1,298.9,115.9,183.9,849.4,840.4,9.2,381.8,377.9,4.7,,,,
HUN,1998-01-01,3956.8,3523.1,439.8,1930.9,1567.4,364.9,1.0,37.538103829,11.115042459,315.6,217.7,94.6,293.0,117.4,175.0,863.9,853.7,10.4,393.8,387.1,5.4,,,,
HUN,1998-04-01,3965.6,3532.4,434.4,1933.6,1574.3,357.8,1.0,37.507177108,10.954206173,312.0,215.7,95.4,284.4,113.0,170.9,862.3,851.8,10.6,391.6,384.1,5.5,,,,
HUN,1998-07-01,3987.4,3550.5,434.7,1935.0,1578.7,359.2,1.0,37.329125206,10.901840799,310.8,216.4,96.8,280.3,112.3,169.2,862.7,851.6,10.9,390.5,387.4,5.2,,,,
HUN,1998-10-01,4014.0,3576.5,432.5,1944.9,1581.4,361.0,1.0,37.271472922,10.774788241,308.6,213.4,96.9,278.2,109.6,168.5,865.0,853.6,11.2,387.7,383.2,5.7,,,,
HUN,1999-01-01,4038.1,3563.9,478.5,1972.3,1595.4,379.4,1.0,37.570982545,11.849632253,312.3,207.8,104.2,280.7,108.7,172.1,855.1,843.1,12.4,392.6,386.3,6.5,,,,
HUN,1999-04-01,4066.2,3592.4,476.7,1978.6,1595.7,385.8,1.0,37.430524814,11.723476465,311.8,203.8,107.5,284.4,105.3,179.5,856.3,843.8,12.6,385.1,376.2,6.4,,,,
HUN,1999-07-01,4068.6,3596.5,471.2,1986.1,1602.5,383.0,1.0,37.550244083,11.581379344,307.1,198.9,107.1,280.3,101.7,178.1,852.4,839.5,12.7,386.4,379.4,6.9,,,,
HUN,1999-10-01,4063.1,3589.9,467.0,1958.2,1581.9,376.0,1.0,37.072867818,11.493687086,302.0,197.6,106.4,271.6,101.1,170.5,846.2,832.8,13.0,372.7,368.6,6.4,,,,
HUN,2000-01-01,4066.1,3612.6,455.1,1970.8,1604.4,369.2,1.0,37.28388382,11.192543223,291.8,186.8,107.9,267.5,96.1,173.2,849.0,833.6,15.5,376.7,371.0,7.8,,,,
HUN,2000-04-01,4078.5,3626.1,451.4,1979.4,1618.4,359.7,1.0,37.332729793,11.067794532,289.0,183.4,105.1,260.5,92.9,167.1,849.3,833.5,15.8,383.7,376.1,7.7,,,,
HUN,2000-07-01,4089.7,3642.2,447.9,1977.4,1619.3,357.5,1.0,37.192872902,10.951903563,286.1,180.6,102.9,258.4,91.6,165.2,851.9,835.9,16.1,379.2,371.9,8.4,,,,
HUN,2000-10-01,4108.7,3668.6,439.0,1999.6,1643.9,351.5,1.0,37.436509021,10.684644778,282.2,179.5,102.8,254.1,90.7,163.6,857.5,841.6,15.8,394.9,383.8,7.8,,,,
HUN,2001-01-01,4111.1,3678.9,436.4,1971.2,1632.6,338.9,1.0,36.883259768,10.615163825,277.0,180.8,96.3,242.5,87.9,155.8,854.4,840.1,13.5,386.0,379.9,6.2,,,,
HUN,2001-04-01,4091.3,3653.9,436.3,1952.4,1613.2,337.6,1.0,36.708287191,10.664092098,275.1,180.6,94.8,239.1,90.3,148.1,854.3,840.2,13.9,380.9,377.5,6.8,,,,
HUN,2001-07-01,4097.4,3663.9,433.1,1949.4,1615.3,332.2,1.0,36.597316873,10.570117636,272.9,178.7,94.3,236.1,89.6,146.0,858.4,844.8,13.9,388.7,382.4,6.8,,,,
HUN,2001-10-01,4079.7,3648.2,428.7,1933.4,1602.9,330.0,1.0,36.454415012,10.508125597,266.4,174.3,91.6,233.6,86.0,147.5,855.6,842.4,13.8,387.5,376.8,6.7,,,,
HUN,2002-01-01,4081.1,3653.7,431.8,1943.7,1609.7,336.6,1.0,36.636050235,10.580480753,272.8,177.0,96.9,240.2,88.0,154.2,859.8,847.7,11.2,385.6,377.1,5.3,,,,
HUN,2002-04-01,4086.8,3661.7,427.7,1937.8,1607.9,330.7,1.0,36.473900964,10.465400803,265.4,171.2,95.2,231.9,84.9,146.9,859.9,848.4,11.2,378.6,372.7,5.2,,,,
HUN,2002-07-01,4089.3,3657.5,429.6,1930.5,1597.8,329.2,1.0,36.314283618,10.505465483,260.7,165.9,93.1,227.3,81.5,143.6,860.0,849.0,11.3,375.6,374.3,5.0,,,,
HUN,2002-10-01,4102.4,3669.9,427.7,1926.0,1599.9,323.5,1.0,36.113944558,10.425604524,257.3,163.7,93.1,225.7,81.5,144.5,866.1,855.9,11.2,383.2,378.2,5.2,,,,
HUN,2003-01-01,4140.7,3720.0,419.7,1922.9,1612.1,309.5,1.0,35.722313767,10.135967349,238.0,157.2,79.5,197.1,75.8,120.3,911.8,898.6,12.6,400.1,391.1,5.6,,,,
HUN,2003-04-01,4170.4,3755.2,417.4,1937.8,1631.7,305.8,1.0,35.742743732,10.008632265,237.1,160.0,76.2,198.6,79.0,119.1,914.1,901.0,12.9,400.3,394.4,6.2,,,,
HUN,2003-07-01,4177.0,3759.0,417.0,1935.3,1632.6,303.0,1.0,35.64022762,9.983241561,233.6,163.1,72.5,195.5,79.4,116.4,911.4,898.1,13.5,398.2,395.7,6.0,,,,
HUN,2003-10-01,4191.4,3768.4,423.0,1948.0,1646.7,302.7,1.0,35.750859819,10.092093334,231.8,164.5,67.4,193.6,80.7,114.0,906.9,893.0,14.4,406.9,399.4,7.2,,,,
HUN,2004-01-01,4161.7,3727.7,430.2,1940.5,1631.4,308.7,1.0,35.867369289,10.337121849,225.8,151.8,74.2,184.2,74.2,108.4,913.2,897.0,16.0,399.7,394.1,8.2,,,,
HUN,2004-04-01,4143.2,3705.1,436.4,1915.2,1608.2,307.6,1.0,35.557799991,10.532921413,220.6,148.2,73.8,181.8,72.7,109.6,904.8,887.7,17.2,395.0,390.1,8.5,,,,
HUN,2004-07-01,4121.1,3686.6,435.9,1905.9,1604.5,301.2,1.0,35.574893186,10.577273058,215.5,140.2,74.7,180.0,68.7,110.9,894.9,877.4,17.5,397.7,385.7,9.1,,,,
HUN,2004-10-01,4098.7,3670.8,431.8,1885.0,1592.8,295.2,1.0,35.377070779,10.535047698,213.1,133.3,78.9,177.2,64.6,114.1,888.4,871.1,17.3,395.5,383.6,8.4,,,,
HUN,2005-01-01,4099.8,3699.7,398.2,1867.2,1587.2,277.2,1.0,35.033603891,9.712668911,213.6,143.1,72.3,172.5,68.6,103.8,866.8,851.4,15.0,373.9,370.9,7.3,,,,
HUN,2005-04-01,4088.0,3694.2,391.5,1876.6,1605.4,271.7,1.0,35.311606202,9.576810176,210.6,141.4,69.7,170.4,68.5,101.7,866.2,851.6,14.5,379.1,372.8,7.2,,,,
HUN,2005-07-01,4107.4,3725.0,383.7,1874.3,1614.7,263.6,1.0,35.101748814,9.341675999,208.8,141.3,67.0,165.7,67.8,97.3,874.4,860.5,13.8,385.2,374.7,7.0,,,,
HUN,2005-10-01,4112.3,3732.4,382.8,1876.5,1614.1,263.2,1.0,35.10107576,9.308659388,205.9,141.0,63.1,166.0,70.1,96.7,875.1,861.7,13.9,379.6,371.0,6.8,,,,
HUN,2006-01-01,4125.8,3747.2,379.1,1884.8,1620.4,263.2,1.0,35.140970329,9.188521014,206.4,142.8,63.0,163.6,68.5,94.7,885.8,871.4,13.7,383.8,376.2,7.0,,,,
HUN,2006-04-01,4141.7,3762.3,379.4,1880.9,1616.1,263.8,1.0,34.933630003,9.160489654,205.4,141.0,65.3,164.7,67.6,97.3,885.7,871.4,14.1,378.6,370.2,6.6,,,,
HUN,2006-07-01,4137.1,3757.2,379.2,1877.7,1615.6,263.3,1.0,34.912973227,9.165840806,203.8,136.2,66.8,164.0,65.6,97.9,871.1,856.9,14.3,373.6,368.5,7.0,,,,
HUN,2006-10-01,4149.6,3768.9,380.9,1880.0,1619.7,259.9,1.0,34.850439709,9.179197995,203.0,131.0,72.5,160.9,64.4,97.3,860.8,846.6,14.9,366.4,359.7,7.2,,,,
HUN,2007-01-01,4143.0,3770.3,371.1,1865.8,1609.7,255.6,1.0,34.642306764,8.957277335,199.6,132.5,69.0,159.3,64.7,96.1,855.2,842.1,12.4,366.6,359.7,6.0,,,,
HUN,2007-04-01,4131.5,3764.5,365.8,1852.4,1602.5,248.1,1.0,34.489243058,8.853927145,194.5,132.2,60.8,153.2,62.9,89.0,837.4,824.4,12.7,353.8,347.9,6.2,,,,
HUN,2007-07-01,4104.2,3738.9,366.0,1840.8,1593.3,248.1,1.0,34.50124263,8.917694069,192.4,138.8,53.3,152.2,67.2,84.8,823.9,810.8,13.2,347.5,342.3,5.9,,,,
HUN,2007-10-01,4077.0,3711.9,367.3,1826.1,1578.7,246.9,1.0,34.454066904,9.0090753,190.3,145.0,45.4,151.6,73.8,77.7,812.0,798.7,14.0,344.4,338.0,6.3,,,,
HUN,2008-01-01,4054.8,3667.7,381.3,1825.1,1570.7,253.0,1.0,34.623731797,9.403669725,184.3,135.3,47.8,148.6,68.6,79.1,800.1,786.1,13.9,335.3,329.2,6.5,7.633333333,1.4,eurostat,0.183406114
HUN,2008-04-01,4029.2,3635.0,389.1,1811.2,1555.7,254.0,1.0,34.578347296,9.657003872,183.0,135.0,48.2,145.6,66.2,79.9,800.3,785.2,15.0,339.4,330.8,7.0,7.633333333,1.4,eurostat,0.183406114
HUN,2008-07-01,4038.4,3647.6,393.0,1807.0,1553.4,253.7,1.0,34.419572108,9.731576862,180.0,124.6,53.7,143.8,60.5,83.5,804.9,789.1,15.8,341.6,335.3,7.1,7.766666667,1.3,eurostat,0.167381974
HUN,2008-10-01,4006.5,3626.6,388.7,1776.9,1526.6,253.6,1.0,34.115715808,9.701734681,173.9,103.9,72.6,138.3,51.9,86.6,805.2,789.1,16.5,339.4,332.0,7.7,8.2,1.1,eurostat,0.134146341
HUN,2009-01-01,4008.5,3674.5,326.9,1763.3,1536.8,221.1,1.0,33.83771025,8.155170263,172.2,124.8,51.0,139.2,59.7,81.2,857.7,840.4,17.4,361.6,347.5,8.4,8.9,0.9,eurostat,0.101123596
HUN,2009-04-01,3973.9,3648.4,321.2,1743.8,1521.8,219.6,1.0,33.754865885,8.082739878,163.8,112.5,52.9,134.8,54.0,82.0,856.0,840.1,15.6,354.2,344.5,7.3,9.366666667,0.8,eurostat,0.085409253
HUN,2009-07-01,3923.5,3611.7,312.0,1716.7,1503.9,214.3,1.0,33.657154621,7.952083599,159.9,107.3,49.9,131.7,50.4,79.4,852.7,838.1,14.4,348.9,348.3,6.6,10.166666667,0.8,eurostat,0.078688525
HUN,2009-10-01,3924.0,3617.9,317.5,1722.9,1516.5,213.3,1.0,33.774406022,8.091233435,158.5,106.4,49.5,130.6,53.3,76.3,858.6,843.9,15.0,358.5,353.8,6.8,10.333333333,1.0,eurostat,0.096774194
HUN,2010-01-01,3902.6,3569.7,320.7,1721.7,1498.6,216.4,1.0,33.935955911,8.217598524,166.2,111.9,59.3,134.9,54.2,82.4,879.0,863.8,15.4,370.7,362.3,6.8,10.766666667,1.1,eurostat,0.102167183
HUN,2010-04-01,3916.7,3593.8,318.9,1723.6,1508.9,213.8,1.0,33.851103068,8.142058365,161.0,114.5,47.0,132.2,55.2,77.4,876.1,861.2,14.8,368.2,363.8,6.6,10.9,1.0,eurostat,0.091743119
HUN,2010-07-01,3932.0,3613.2,321.9,1728.2,1515.6,213.5,1.0,33.809374755,8.186673449,161.3,115.1,45.1,131.7,54.6,75.6,885.0,869.8,15.2,370.6,364.3,7.2,10.733333333,1.0,eurostat,0.093167702
HUN,2010-10-01,3951.1,3639.2,324.9,1735.1,1528.3,214.8,1.0,33.780271512,8.223026499,164.0,113.6,45.9,131.4,56.8,74.0,883.7,869.1,14.5,374.1,365.9,6.7,10.766666667,1.1,eurostat,0.102167183
HUN,2011-01-01,3915.6,3578.1,326.1,1705.7,1490.7,210.4,1.0,33.508962179,8.328225559,156.9,107.9,49.3,124.6,51.4,72.7,862.2,847.7,14.3,357.0,349.5,7.0,10.833333333,1.2,eurostat,0.110769231
HUN,2011-04-01,3917.0,3586.6,329.0,1714.4,1503.0,213.6,1.0,33.667838416,8.399285167,159.8,109.7,52.8,127.5,52.2,77.2,858.5,843.6,14.8,360.0,352.4,7.2,10.533333333,1.1,eurostat,0.10443038
HUN,2011-07-01,3934.9,3596.9,342.3,1720.7,1502.9,218.8,1.0,33.637840469,8.699077486,180.3,112.8,62.9,138.3,53.9,83.1,852.6,837.5,15.4,351.5,344.9,6.7,10.6,1.1,eurostat,0.103773585
HUN,2011-10-01,3920.3,3592.2,336.7,1711.9,1498.6,216.1,1.0,33.590443432,8.588628421,183.1,115.9,68.9,137.6,55.3,82.2,850.7,835.8,15.0,353.9,348.1,6.8,10.633333333,1.1,eurostat,0.103448276
HUN,2012-01-01,3948.3,3606.0,331.7,1736.0,1519.9,213.5,1.0,33.821761654,8.401084011,185.0,118.5,69.2,139.1,57.3,80.5,865.1,849.1,15.3,362.7,354.1,7.0,10.866666667,1.0,eurostat,0.09202454
HUN,2012-04-01,3960.7,3628.0,333.9,1724.9,1515.8,212.2,1.0,33.500294237,8.430327972,188.4,121.8,66.7,138.4,58.6,81.5,871.2,855.6,15.2,367.2,359.1,6.8,10.6,1.0,eurostat,0.094339623
HUN,2012-07-01,3954.3,3625.0,332.4,1721.0,1511.6,209.0,1.0,33.478647393,8.406038996,188.0,122.8,61.5,139.0,58.8,80.1,875.5,860.2,15.8,363.9,356.3,7.3,10.3,1.0,eurostat,0.097087379
HUN,2012-10-01,3971.6,3632.5,345.3,1724.8,1515.4,207.7,1.0,33.406416325,8.694229026,203.6,122.1,82.5,140.8,55.5,85.1,884.6,869.6,15.7,368.6,365.7,6.4,10.566666667,1.1,eurostat,0.104100946
HUN,2013-01-01,3968.9,3674.4,287.5,1716.7,1525.7,182.9,1.0,33.272152524,7.243820706,178.2,120.3,56.6,134.2,57.4,74.3,892.6,880.2,11.9,358.5,360.7,5.1,10.833333333,1.3,eurostat,0.12
HUN,2013-04-01,4001.0,3710.3,291.3,1742.9,1548.7,196.2,1.0,33.50893046,7.28067983,174.6,117.3,56.3,136.7,57.8,81.0,921.3,909.0,12.1,381.0,379.0,5.2,10.133333333,1.2,eurostat,0.118421053
HUN,2013-07-01,4026.9,3739.1,289.7,1754.1,1566.7,193.0,1.0,33.507355343,7.194119546,169.1,114.6,54.4,133.6,56.1,78.4,926.4,914.6,12.1,396.2,383.2,5.3,9.766666667,1.2,eurostat,0.122866894
HUN,2013-10-01,4074.9,3791.0,288.4,1780.2,1588.1,191.8,1.0,33.60535511,7.077474294,163.6,113.5,52.5,128.6,53.9,74.3,954.1,942.4,12.1,402.4,394.3,5.2,8.933333333,1.2,eurostat,0.134328358
HUN,2014-01-01,4142.3,3849.6,290.2,1810.4,1613.1,192.1,1.0,33.619375338,7.005769741,168.3,115.1,53.8,133.9,55.3,77.9,949.7,937.1,12.5,388.9,392.7,5.5,7.766666667,1.3,eurostat,0.167381974
HUN,2014-04-01,4178.5,3882.4,296.1,1825.8,1629.1,195.6,1.0,33.611619922,7.086274979,174.2,115.7,57.9,133.8,54.9,79.9,950.0,937.5,12.6,396.6,394.5,5.4,7.9,1.4,eurostat,0.17721519
HUN,2014-07-01,4223.6,3928.9,298.2,1851.4,1661.4,196.4,1.0,33.718956486,7.060327683,175.8,117.0,57.7,134.2,56.0,78.4,976.9,964.1,12.8,426.1,410.1,5.7,7.233333333,1.4,eurostat,0.193548387
HUN,2014-10-01,4240.7,3942.9,296.7,1851.8,1656.9,194.7,1.0,33.590245442,6.996486429,174.8,117.4,58.6,133.8,55.6,77.8,973.4,960.7,12.5,407.5,399.3,6.0,7.2,1.5,eurostat,0.208333333
HUN,2015-01-01,4252.7,3953.2,298.6,1853.0,1659.0,193.3,1.0,33.517168279,7.021421685,171.4,115.6,56.9,129.3,54.3,74.6,988.9,975.8,13.0,408.7,409.0,6.0,7.166666667,1.5,eurostat,0.209302326
HUN,2015-04-01,4278.4,3982.2,295.8,1853.8,1662.2,191.6,1.0,33.330216904,6.913799551,172.7,116.8,55.9,128.1,54.7,74.0,1004.8,991.6,13.2,418.2,409.4,6.4,6.766666667,1.5,eurostat,0.221674877
HUN,2015-07-01,4318.7,4019.4,302.8,1884.4,1695.5,192.8,1.0,33.564231402,7.011369162,176.8,117.4,58.4,130.1,54.5,75.8,1011.1,997.9,13.5,440.9,428.6,6.1,6.2,1.6,eurostat,0.258064516
HUN,2015-10-01,4346.9,4043.0,301.6,1901.6,1707.8,191.0,1.0,33.650859941,6.938277853,177.6,118.9,58.7,129.4,54.7,74.3,1018.2,1004.8,13.1,432.9,429.2,6.0,6.0,1.7,eurostat,0.283333333
HUN,2016-01-01,4400.0,4093.2,307.8,1932.3,1739.5,193.9,1.0,33.781468531,6.995454545,184.5,122.5,62.3,132.1,57.2,74.9,1033.1,1019.8,13.2,451.4,444.1,6.4,5.633333333,1.8,eurostat,0.319526627
HUN,2016-04-01,4434.2,4125.5,309.4,1960.3,1769.4,196.2,1.0,34.00665457,6.97758333,185.9,124.5,61.5,134.3,60.6,73.9,1038.8,1025.2,13.7,463.7,449.2,6.5,4.966666667,1.9,eurostat,0.382550336
HUN,2016-07-01,4454.7,4144.1,311.6,1949.6,1753.8,196.1,1.0,33.665394026,6.994859362,189.8,126.8,63.0,134.3,59.7,74.8,1032.3,1017.4,15.1,446.0,441.2,6.1,4.6,1.9,eurostat,0.413043478
HUN,2016-10-01,4477.5,4158.5,316.3,1956.9,1752.7,198.6,1.0,33.619378946,7.064209939,191.7,128.6,62.9,133.6,61.2,72.1,1022.3,1008.0,14.1,431.6,432.8,6.3,4.3,2.0,eurostat,0.465116279
HUN,2017-01-01,4491.5,4172.3,321.6,1965.4,1767.0,199.9,1.0,33.660161502,7.160191473,192.1,128.8,62.9,132.0,60.4,71.2,1014.2,999.1,15.1,436.0,425.8,7.1,4.266666667,2.0,eurostat,0.46875
HUN,2017-04-01,4509.1,4181.4,327.9,1971.8,1777.0,198.3,1.0,33.637959477,7.271961145,193.2,129.9,63.8,130.4,60.0,70.5,994.3,979.0,15.6,433.1,421.2,7.1,4.233333333,2.2,eurostat,0.519685039
HUN,2017-07-01,4526.8,4197.7,327.7,1981.2,1779.9,199.3,1.0,33.666165945,7.239109305,192.3,129.5,63.7,130.8,60.6,70.5,989.1,974.2,14.8,414.2,411.2,6.9,3.933333333,2.4,eurostat,0.610169492
HUN,2017-10-01,4550.8,4213.9,335.6,1989.2,1786.5,198.9,1.0,33.623842976,7.374527556,196.1,129.3,65.8,127.5,58.8,68.6,985.1,969.2,15.8,414.8,411.9,6.8,3.7,2.5,eurostat,0.675675676
HUN,2018-01-01,4576.0,4243.5,337.2,1993.5,1796.6,198.3,1.0,33.510960194,7.368881119,196.1,129.3,66.7,127.3,59.4,68.3,988.5,972.1,16.5,424.1,411.8,8.3,3.633333333,2.6,eurostat,0.71559633
HUN,2018-04-01,4595.6,4253.3,342.6,1998.3,1796.8,201.2,1.0,33.448382064,7.454956915,191.4,127.9,63.3,125.9,60.6,65.0,991.1,974.2,17.1,423.6,414.5,9.0,3.333333333,2.6,eurostat,0.78
HUN,2018-07-01,4619.5,4267.8,348.9,2002.8,1799.8,200.6,1.0,33.350262682,7.552765451,189.7,127.9,62.8,123.1,60.0,62.9,984.2,966.9,17.1,410.1,405.7,8.0,3.566666667,2.8,eurostat,0.785046729
HUN,2018-10-01,4640.4,4284.7,353.5,2003.3,1806.4,197.4,1.0,33.208344108,7.617877769,191.3,128.2,62.6,122.9,60.1,63.1,983.6,965.8,17.9,419.1,411.4,8.3,3.4,2.8,eurostat,0.823529412
HUN,2019-01-01,4660.3,4309.9,355.3,2015.7,1818.0,200.3,1.0,33.27121562,7.623972706,187.8,126.9,60.3,120.7,60.2,60.2,974.1,956.3,17.8,408.5,400.3,7.7,3.366666667,2.6,eurostat,0.772277228
HUN,2019-04-01,4665.2,4299.7,368.8,2012.7,1810.9,199.2,1.0,33.186803765,7.905341679,190.7,128.3,61.8,118.6,58.7,59.7,971.2,952.8,18.5,406.6,403.5,7.8,3.266666667,2.5,eurostat,0.765306122
HUN,2019-07-01,4662.7,4292.9,366.9,2017.3,1815.8,198.5,1.0,33.280486215,7.868831364,184.9,127.1,58.8,115.7,59.1,56.5,970.1,951.5,18.4,405.2,398.3,7.6,3.3,2.4,eurostat,0.727272727
HUN,2019-10-01,4664.2,4288.7,370.2,2009.5,1810.4,201.4,1.0,33.141143835,7.937052442,184.9,126.2,59.0,115.4,59.6,56.5,970.5,951.5,19.1,412.0,399.2,7.9,3.1,2.4,eurostat,0.774193548
HUN,2020-01-01,4664.0,4288.4,374.6,1979.0,1786.1,196.7,1.0,32.639530281,8.031732419,187.0,127.8,59.6,115.3,59.3,55.7,966.2,946.9,19.4,408.0,400.9,7.0,3.233333333,1.9,eurostat,0.587628866
HUN,2020-04-01,4453.4,4088.4,370.0,1730.1,1557.1,173.0,1.0,29.883822559,8.308258858,184.9,125.2,59.8,111.1,55.7,54.8,963.2,944.1,19.1,390.1,389.1,6.1,4.6,2.0,eurostat,0.434782609
HUN,2020-07-01,4563.3,4182.4,380.1,1920.8,1720.6,195.6,1.0,32.378727271,8.329498389,185.5,125.5,59.9,107.2,57.7,49.4,973.8,954.1,19.6,414.1,404.6,7.4,4.4,2.0,eurostat,0.454545455
HUN,2020-10-01,4593.3,4205.0,385.1,1925.1,1729.4,196.6,1.0,32.239264882,8.383950537,183.8,124.6,58.8,108.3,58.5,50.5,977.0,957.1,20.0,407.2,397.6,6.6,4.3,2.1,eurostat,0.488372093
HUN,2021-01-01,4619.5,4225.8,387.2,1935.0,1739.6,196.2,1.0,32.221269368,8.381859509,177.5,121.9,57.2,101.5,51.9,49.7,985.1,964.5,20.7,407.7,399.8,7.4,4.233333333,2.0,eurostat,0.472440945
HUN,2021-04-01,4660.4,4269.3,392.8,1963.1,1761.6,203.9,1.0,32.402302873,8.428461076,177.0,121.6,55.9,101.7,52.2,49.2,990.1,969.0,20.9,412.0,402.4,7.9,4.1,2.3,eurostat,0.56097561
HUN,2021-07-01,4695.2,4293.9,402.1,1984.1,1772.7,209.0,1.0,32.506192904,8.564065429,175.3,119.7,54.6,100.0,51.5,48.3,985.8,964.3,21.5,402.8,394.2,8.0,3.966666667,2.5,eurostat,0.630252101
HUN,2021-10-01,4743.3,4337.6,409.6,1991.5,1779.1,212.5,1.0,32.296567304,8.635338267,172.5,117.9,53.4,95.6,50.1,45.8,985.3,963.2,22.1,401.2,394.6,9.4,3.866666667,2.5,eurostat,0.646551724
HUN,2022-01-01,4745.7,4327.9,415.9,2004.8,1783.1,220.2,1.0,32.495814024,8.763722949,164.5,115.1,49.2,91.6,49.9,41.6,978.2,956.6,21.8,401.1,390.9,9.4,3.566666667,2.7,eurostat,0.757009346
HUN,2022-04-01,4755.9,4339.9,415.8,2011.0,1795.4,217.2,1.0,32.526400406,8.742824702,161.0,113.7,47.4,89.2,49.9,39.2,974.3,952.4,21.9,404.8,393.7,10.2,3.5,3.0,eurostat,0.857142857
HUN,2022-07-01,4757.8,4353.6,403.6,2010.2,1802.2,208.8,1.0,32.50047695,8.48291227,159.4,113.4,45.9,87.7,49.7,38.3,970.8,949.3,21.4,396.9,386.8,9.9,3.7,2.7,eurostat,0.72972973
HUN,2022-10-01,4760.0,4369.9,392.9,2017.6,1810.1,207.5,1.0,32.605042017,8.254201681,158.9,113.2,45.8,87.1,48.3,38.7,966.7,945.6,21.0,398.8,392.1,8.6,3.9,2.6,eurostat,0.666666667
HUN,2023-01-01,4780.7,4392.3,389.9,2007.2,1804.1,202.9,1.0,32.296525613,8.155709415,163.0,115.8,46.1,86.3,50.2,36.1,969.2,947.0,22.3,395.2,385.1,10.1,3.9,2.6,eurostat,0.666666667
HUN,2023-04-01,4780.5,4395.2,385.2,1996.8,1803.3,196.3,1.0,32.130530279,8.057734547,161.2,115.8,45.3,83.8,49.1,34.8,965.1,943.0,22.2,401.1,391.3,9.5,4.0,2.4,eurostat,0.6
HUN,2023-07-01,4788.8,4401.6,386.5,2003.6,1808.5,194.5,1.0,32.184070524,8.070915469,160.5,115.5,45.4,82.7,48.9,34.1,963.0,940.5,22.3,399.0,388.0,10.2,4.1,2.4,eurostat,0.585365854
HUN,2023-10-01,4787.5,4399.6,387.3,1991.1,1799.6,189.2,1.0,31.991966258,8.089817232,158.3,115.4,43.8,80.4,47.6,32.4,962.8,939.9,22.8,398.7,390.2,9.6,4.3,2.4,eurostat,0.558139535
HUN,2024-01-01,4787.5,4399.9,388.0,2006.1,1819.6,185.4,1.0,32.23297851,8.104438642,159.2,114.0,45.5,81.8,49.1,32.7,958.3,935.3,23.0,400.7,390.0,9.5,4.3,2.2,eurostat,0.511627907
HUN,2024-04-01,4791.2,4401.6,388.8,2016.1,1819.9,200.0,1.0,32.368637374,8.114877275,159.6,113.8,45.8,81.9,49.3,32.6,963.0,939.4,23.6,402.3,392.5,10.5,4.3,2.2,eurostat,0.511627907
HUN,2024-07-01,4792.2,4401.0,391.0,2001.6,1812.5,187.8,1.0,32.129132918,8.159091858,158.2,113.1,44.8,79.9,48.7,31.5,967.2,942.8,24.4,398.6,389.0,10.1,4.4,2.2,eurostat,0.5
HUN,2024-10-01,4798.2,4404.3,394.5,2012.0,1821.7,188.7,1.0,32.255685626,8.221833187,156.8,112.9,43.9,78.5,48.1,30.1,972.1,946.8,25.5,406.0,394.8,11.2,4.466666667,2.1,eurostat,0.470149254
HUN,2025-01-01,4801.9,4406.3,395.4,2001.0,1810.1,188.6,1.0,32.054619405,8.234240613,153.2,111.9,41.0,76.1,47.3,28.9,978.8,953.0,25.6,403.9,391.9,10.5,4.266666667,2.1,eurostat,0.4921875
HUN,2025-04-01,4806.3,4406.1,398.8,1996.9,1810.7,187.4,1.0,31.959655516,8.297442939,150.1,110.9,39.7,73.7,46.6,26.9,985.0,958.4,26.4,405.3,396.0,10.3,4.333333333,2.1,eurostat,0.484615385
HUN,2025-07-01,4814.6,4411.5,402.9,2018.1,1828.8,189.3,1.0,32.243272866,8.368296432,149.6,110.4,39.3,72.7,47.3,26.0,990.7,963.8,27.0,408.1,397.1,11.3,4.366666667,2.0,eurostat,0.458015267
HUN,2025-10-01,4822.5,4417.2,407.0,2022.4,1832.2,191.2,1.0,32.25904215,8.439606013,148.3,109.4,38.7,71.4,46.9,24.1,996.6,969.4,27.4,411.0,399.4,11.8,4.466666667,2.0,eurostat,0.447761194
HUN,2026-01-01,4827.6,4413.3,413.9,2039.0,1840.6,196.0,1.0,32.489467613,8.573618361,148.9,108.9,39.6,72.0,47.3,24.1,1004.5,976.8,27.4,418.5,404.5,11.8,,,,
IRL,1995-01-01,1476.8,1160.8,315.9,737.8,547.4,190.4,1.0,38.430285857,21.39084507,140.0,25.8,114.2,99.4,20.2,79.2,230.6,221.0,9.6,94.7,89.7,5.0,,,,
IRL,1995-04-01,1481.5,1165.2,315.4,734.8,544.8,190.0,1.0,38.152600016,21.289233885,139.4,25.6,113.9,99.3,20.2,79.1,235.0,224.9,10.1,96.8,91.8,5.1,,,,
IRL,1995-07-01,1477.4,1164.8,314.7,729.8,540.0,189.8,1.0,37.998146432,21.300934073,138.6,25.0,113.6,98.7,20.1,78.5,238.7,228.3,10.4,95.1,89.9,5.2,,,,
IRL,1995-10-01,1491.6,1177.0,313.6,735.0,545.9,189.1,1.0,37.904573303,21.024403325,138.8,25.5,113.3,98.3,20.1,78.2,243.6,233.1,10.5,98.7,93.5,5.2,,,,
IRL,1996-01-01,1503.1,1190.7,312.2,742.8,554.2,188.6,1.0,38.013745951,20.770407824,138.6,25.7,112.9,98.1,20.0,78.1,247.9,237.5,10.3,99.2,94.1,5.1,,,,
IRL,1996-04-01,1507.6,1195.6,311.0,739.7,551.9,187.8,1.0,37.74210666,20.628814009,138.3,25.6,112.6,98.1,20.0,78.1,251.9,241.5,10.4,101.3,96.1,5.2,,,,
IRL,1996-07-01,1501.5,1194.6,309.5,736.8,549.2,187.7,1.0,37.746868516,20.612720613,137.6,25.2,112.4,97.6,19.9,77.7,255.1,244.7,10.4,100.7,95.4,5.3,,,,
IRL,1996-10-01,1517.8,1208.3,308.3,740.3,554.0,186.3,1.0,37.518878539,20.31229411,137.7,25.5,112.1,97.4,20.0,77.4,259.5,249.1,10.4,103.2,98.0,5.2,,,,
IRL,1997-01-01,1531.2,1223.9,307.1,750.8,565.1,185.7,1.0,37.718029097,20.056165099,137.6,25.7,111.8,97.1,19.9,77.2,264.4,253.7,10.6,106.7,101.6,5.2,,,,
IRL,1997-04-01,1536.5,1228.0,306.7,741.7,558.5,183.2,1.0,37.132343738,19.960950212,137.4,25.8,111.6,96.3,19.9,76.4,268.9,257.8,11.1,104.9,99.6,5.3,,,,
IRL,1997-07-01,1529.4,1226.8,306.3,744.4,561.5,182.9,1.0,37.44052469,20.02746175,137.2,25.6,111.6,95.7,20.0,75.8,272.5,260.6,12.0,107.2,101.8,5.4,,,,
IRL,1997-10-01,1552.4,1244.1,306.4,743.8,562.7,181.1,1.0,36.85608388,19.737181139,137.4,25.8,111.5,95.1,20.1,75.0,277.5,265.1,12.4,106.9,101.5,5.4,,,,
IRL,1998-01-01,1557.0,1249.6,307.2,747.4,565.4,182.0,1.0,36.92505311,19.730250482,137.3,25.7,111.6,94.8,20.4,74.4,282.0,269.0,13.1,109.5,103.8,5.7,,,,
IRL,1998-04-01,1575.8,1270.9,302.0,758.5,573.8,184.7,1.0,37.02637,19.164868638,135.8,25.8,110.0,96.5,20.3,76.2,283.1,270.4,12.7,110.6,105.1,5.5,,,,
IRL,1998-07-01,1609.2,1313.3,301.9,767.1,585.5,181.6,1.0,36.668961166,18.760874969,135.7,26.9,108.8,95.3,20.6,74.6,288.1,275.9,12.2,112.3,107.0,5.3,,,,
IRL,1998-10-01,1616.8,1310.9,302.6,775.4,590.7,184.7,1.0,36.891485556,18.715982187,138.1,26.8,111.3,97.3,20.8,76.5,286.3,274.6,11.7,112.5,107.6,5.0,,,,
IRL,1999-01-01,1654.7,1343.5,311.5,794.5,606.3,188.2,1.0,36.934419904,18.825164682,141.6,27.8,113.9,100.5,22.2,78.3,295.9,283.5,12.3,115.0,109.8,5.2,,,,
IRL,1999-04-01,1684.3,1370.6,309.9,804.6,614.5,190.1,1.0,36.746605529,18.399335035,139.0,27.6,111.4,99.7,21.7,78.1,301.2,289.4,11.8,116.5,111.6,4.9,,,,
IRL,1999-07-01,1712.4,1405.1,314.4,810.5,623.3,187.2,1.0,36.408639247,18.360196216,141.4,27.1,114.3,99.6,21.9,77.7,307.5,295.4,12.1,118.0,113.3,4.8,,,,
IRL,1999-10-01,1725.9,1403.7,318.9,819.6,628.2,191.4,1.0,36.529436147,18.477316183,141.7,26.9,114.9,99.3,20.8,78.5,310.5,297.5,13.0,120.0,114.6,5.4,,,,
IRL,2000-01-01,1740.6,1420.4,319.7,816.4,625.8,190.7,1.0,36.079512812,18.367229691,136.6,26.6,110.0,96.7,20.0,76.7,312.0,298.1,13.9,117.8,112.0,5.7,,,,
IRL,2000-04-01,1763.2,1444.7,314.9,839.7,647.8,191.9,1.0,36.633568337,17.859573503,129.6,27.0,102.6,93.9,20.0,73.9,319.8,304.8,15.0,125.8,119.5,6.2,,,,
IRL,2000-07-01,1780.3,1473.0,314.1,840.7,653.5,187.2,1.0,36.324906347,17.643093861,127.3,26.3,101.0,89.7,18.8,70.9,326.2,310.5,15.7,123.2,117.0,6.3,,,,
IRL,2000-10-01,1792.0,1476.4,312.7,848.4,663.1,185.3,1.0,36.418269231,17.449776786,123.8,25.3,98.5,86.4,18.6,67.8,328.9,313.1,15.8,128.0,121.6,6.4,,,,
IRL,2001-01-01,1795.5,1480.7,314.0,837.2,654.3,183.0,1.0,35.867446394,17.488164857,124.4,24.1,100.3,86.0,17.8,68.2,329.0,314.4,14.5,127.7,121.7,6.0,,,,
IRL,2001-04-01,1813.8,1496.0,315.4,851.6,666.4,185.2,1.0,36.116270982,17.388907267,121.6,23.3,98.3,85.1,17.2,67.8,333.8,319.9,13.9,130.1,124.5,5.6,,,,
IRL,2001-07-01,1829.8,1516.6,318.7,854.4,666.4,188.0,1.0,35.918175168,17.417204066,127.4,23.5,103.8,88.4,17.6,70.8,344.7,331.5,13.2,133.9,128.8,5.1,,,,
IRL,2001-10-01,1837.5,1516.8,318.5,860.3,670.3,190.0,1.0,36.014652015,17.333333333,126.0,23.4,102.6,88.7,17.8,71.0,345.1,332.2,12.9,133.4,128.4,5.1,,,,
IRL,2002-01-01,1840.6,1521.5,318.1,851.9,667.1,184.8,1.0,35.602938841,17.28240791,122.9,23.3,99.6,84.8,16.8,67.9,355.9,342.4,13.5,138.5,133.2,5.3,,,,
IRL,2002-04-01,1844.4,1526.2,316.8,854.4,667.8,186.5,1.0,35.63385216,17.176317502,123.7,24.3,99.4,85.6,17.4,68.2,364.0,350.2,13.9,139.5,134.0,5.5,,,,
IRL,2002-07-01,1849.7,1535.8,318.2,860.9,673.7,187.2,1.0,35.802063536,17.202789642,122.2,23.5,98.7,83.8,16.8,66.9,366.9,353.0,13.9,141.4,135.6,5.7,,,,
IRL,2002-10-01,1854.6,1539.3,312.7,857.4,675.3,182.1,1.0,35.562302466,16.860778605,115.3,22.9,92.3,79.4,16.1,63.3,375.3,361.1,14.2,143.9,138.1,5.7,,,,
IRL,2003-01-01,1869.0,1554.0,314.8,843.9,667.0,176.9,1.0,34.732683047,16.843231675,115.8,22.9,92.9,78.3,16.2,62.1,383.1,368.7,14.4,143.2,137.9,5.4,,,,
IRL,2003-04-01,1878.3,1563.9,313.6,855.9,677.7,178.2,1.0,35.052154362,16.695948464,115.5,22.9,92.6,78.9,16.4,62.5,383.1,369.1,14.1,146.1,140.7,5.4,,,,
IRL,2003-07-01,1882.7,1567.0,319.0,859.8,679.5,180.2,1.0,35.129580676,16.943750996,115.9,22.6,93.2,78.3,16.0,62.3,387.0,372.4,14.6,148.8,143.0,5.8,,,,
IRL,2003-10-01,1903.4,1576.3,324.3,872.3,683.3,189.0,1.0,35.252705685,17.037932121,120.8,25.0,95.8,83.4,17.3,66.1,391.2,375.4,15.7,145.9,139.8,6.1,,,,
IRL,2004-01-01,1914.9,1581.5,333.7,852.9,665.3,187.6,1.0,34.261680666,17.426497467,116.8,20.6,96.1,80.7,14.3,66.4,388.7,371.9,16.8,142.2,135.5,6.6,,,,
IRL,2004-04-01,1931.5,1600.8,329.6,874.9,684.9,190.0,1.0,34.843385969,17.064457675,116.4,23.6,92.7,80.5,15.6,64.9,395.5,378.0,17.5,148.5,141.7,6.8,,,,
IRL,2004-07-01,1957.1,1631.2,329.6,893.8,704.9,189.0,1.0,35.130471695,16.841244699,116.7,23.8,92.9,80.2,16.5,63.7,401.8,383.5,18.3,152.2,145.1,7.1,,,,
IRL,2004-10-01,1977.6,1644.1,330.1,899.0,708.9,190.0,1.0,34.968571073,16.691949838,112.0,23.1,88.9,78.3,15.7,62.5,402.7,385.1,17.6,153.1,146.3,6.8,,,,
IRL,2005-01-01,2001.7,1668.1,334.3,905.1,714.8,190.3,1.0,34.781973784,16.700804316,112.4,22.1,90.3,78.6,15.1,63.4,411.5,394.6,16.9,154.7,147.8,6.9,,,,
IRL,2005-04-01,2023.6,1677.4,344.6,924.8,726.2,198.6,1.0,35.154408746,17.029057126,113.6,20.2,93.4,80.0,13.8,66.1,422.3,403.8,18.4,159.1,151.7,7.4,,,,
IRL,2005-07-01,2048.2,1714.9,337.9,921.8,728.6,193.1,1.0,34.619515823,16.497412362,113.8,21.3,92.5,79.4,14.1,65.4,426.4,409.5,16.9,158.1,151.7,6.4,,,,
IRL,2005-10-01,2073.3,1748.5,321.4,937.4,752.9,184.5,1.0,34.779188881,15.501856943,111.2,23.1,88.2,77.3,15.1,62.2,434.5,417.7,16.8,161.8,155.2,6.6,,,,
IRL,2006-01-01,2093.8,1764.0,330.3,936.3,748.5,187.9,1.0,34.398260065,15.775145668,114.4,23.9,90.5,79.8,15.7,64.1,442.6,425.6,17.1,161.9,155.5,6.4,,,,
IRL,2006-04-01,2114.0,1782.8,329.3,941.8,753.9,187.9,1.0,34.269703806,15.577105014,112.5,24.2,88.3,77.5,14.8,62.7,448.9,431.7,17.2,163.8,157.2,6.6,,,,
IRL,2006-07-01,2136.2,1804.2,337.1,952.8,762.9,189.9,1.0,34.309665618,15.780357644,113.1,26.3,86.8,77.9,15.6,62.3,454.0,435.8,18.2,164.2,157.4,6.8,,,,
IRL,2006-10-01,2170.5,1830.8,336.4,980.4,784.9,195.5,1.0,34.745627558,15.498733011,111.4,25.4,86.0,76.8,15.3,61.6,459.1,442.1,17.0,168.9,162.5,6.4,,,,
IRL,2007-01-01,2196.8,1854.3,342.5,967.3,776.6,190.7,1.0,33.870945151,15.590859432,110.4,25.9,84.5,75.7,15.4,60.4,465.9,448.2,17.7,172.0,165.1,6.9,,,,
IRL,2007-04-01,2214.5,1857.5,354.9,976.5,778.5,198.0,1.0,33.919794362,16.026191014,110.0,24.9,85.1,75.9,15.3,60.7,462.4,443.4,19.1,167.6,160.9,6.7,,,,
IRL,2007-07-01,2230.1,1866.2,369.2,976.7,776.6,200.1,1.0,33.68941717,16.555311421,112.1,21.0,91.1,75.3,13.5,61.8,472.7,452.9,19.8,171.5,164.3,7.2,,,,
IRL,2007-10-01,2232.9,1853.2,377.9,1000.7,792.6,208.1,1.0,34.473967969,16.924179318,116.3,22.6,93.7,79.1,15.2,63.9,473.3,453.3,20.0,173.5,166.1,7.4,,,,
IRL,2008-01-01,2229.6,1854.9,372.6,947.0,755.0,192.0,1.0,32.672297204,16.711517761,118.3,23.7,94.7,78.4,15.3,63.1,473.4,454.9,18.6,167.8,161.8,6.0,5.366666667,1.0,eurostat,0.186335404
IRL,2008-04-01,2217.4,1851.0,364.8,972.2,776.0,196.1,1.0,33.726262914,16.451700189,116.5,25.3,91.3,77.5,16.3,61.3,478.5,460.3,18.3,174.1,167.6,6.5,5.933333333,0.8,eurostat,0.134831461
IRL,2008-07-01,2190.7,1831.4,364.3,945.2,755.2,190.0,1.0,33.189251065,16.629387867,112.1,23.4,88.7,73.3,15.0,58.3,480.0,460.9,19.2,171.6,165.1,6.5,7.366666667,0.7,eurostat,0.095022624
IRL,2008-10-01,2146.7,1773.2,372.5,935.9,739.0,196.9,1.0,33.536268548,17.352215028,117.6,25.4,92.2,77.2,15.6,61.6,493.8,472.6,21.2,177.9,170.3,7.6,8.533333333,0.5,eurostat,0.05859375
IRL,2009-01-01,2065.2,1712.1,350.3,872.3,692.8,179.5,1.0,32.490799923,16.962037575,111.7,24.4,87.3,70.8,14.4,56.4,485.5,464.6,20.9,175.1,167.4,7.7,10.866666667,0.4,eurostat,0.036809816
IRL,2009-04-01,2025.4,1671.0,353.9,855.3,674.4,180.9,1.0,32.483611974,17.473091735,114.0,22.0,92.0,72.8,13.9,58.9,487.2,464.0,23.2,176.7,168.2,8.6,12.6,0.3,eurostat,0.023809524
IRL,2009-07-01,1989.6,1636.6,357.1,844.3,663.0,181.4,1.0,32.642819585,17.948331323,113.0,21.2,91.8,72.4,13.4,59.0,483.6,460.7,23.0,176.0,167.5,8.5,13.3,0.3,eurostat,0.022556391
IRL,2009-10-01,1968.7,1619.1,349.3,810.6,636.1,174.5,1.0,31.672599255,17.74267283,111.1,20.0,91.1,71.6,12.8,58.8,486.1,461.9,24.2,172.4,164.0,8.4,13.866666667,0.4,eurostat,0.028846154
IRL,2010-01-01,1945.1,1605.0,336.0,836.4,662.2,174.2,1.0,33.077199907,17.274176135,106.4,20.2,86.2,70.3,12.9,57.4,485.6,461.8,23.9,178.6,170.0,8.6,13.8,0.4,eurostat,0.028985507
IRL,2010-04-01,1931.8,1596.2,336.2,817.6,647.1,170.5,1.0,32.556324512,17.403457915,110.6,23.2,87.3,70.6,15.9,54.7,487.0,463.6,23.4,176.7,168.3,8.4,14.366666667,0.5,eurostat,0.034802784
IRL,2010-07-01,1914.7,1586.0,331.8,804.7,636.8,167.9,1.0,32.328824359,17.329085496,113.0,26.2,86.8,71.6,16.8,54.7,492.8,469.3,23.5,180.2,171.7,8.5,14.566666667,0.5,eurostat,0.034324943
IRL,2010-10-01,1892.4,1570.9,321.3,775.5,615.2,160.3,1.0,31.522852544,16.978440076,111.8,28.0,83.8,71.3,16.9,54.4,485.6,463.1,22.5,171.4,163.6,7.8,15.633333333,0.5,eurostat,0.031982942
IRL,2011-01-01,1886.5,1564.6,318.8,805.4,638.8,166.6,1.0,32.840628759,16.899019348,109.2,27.8,81.4,70.6,17.2,53.4,483.7,461.6,22.2,176.8,169.3,7.5,15.133333333,0.5,eurostat,0.033039648
IRL,2011-04-01,1892.8,1571.2,322.4,797.8,632.3,165.5,1.0,32.422459198,17.032967033,111.0,27.2,83.9,70.8,16.4,54.4,480.5,458.8,21.6,173.4,165.9,7.6,15.033333333,0.6,eurostat,0.039911308
IRL,2011-07-01,1868.1,1551.7,318.0,782.8,618.4,164.4,1.0,32.233491042,17.022643327,106.6,25.6,81.0,68.5,15.0,53.4,476.8,454.5,22.2,171.1,163.8,7.3,15.6,0.5,eurostat,0.032051282
IRL,2011-10-01,1876.6,1567.2,310.6,782.5,623.9,158.6,1.0,32.075193271,16.551209634,104.5,24.9,79.6,66.0,14.0,51.9,479.5,457.5,22.0,172.0,164.3,7.7,15.866666667,0.5,eurostat,0.031512605
IRL,2012-01-01,1871.2,1551.6,315.9,789.0,624.2,164.8,1.0,32.434965633,16.882214622,105.4,24.6,80.8,68.5,14.3,54.2,479.0,455.5,23.6,171.9,163.5,8.3,15.933333333,0.6,eurostat,0.037656904
IRL,2012-04-01,1870.8,1550.2,321.7,779.7,618.3,161.5,1.0,32.0595056,17.195852042,112.2,24.8,87.3,69.3,15.3,54.1,481.2,457.6,23.6,174.0,165.9,8.1,15.533333333,0.5,eurostat,0.032188841
IRL,2012-07-01,1870.8,1560.9,311.0,783.1,629.5,153.7,1.0,32.199305932,16.623904212,109.1,25.8,83.2,67.8,16.5,51.3,483.2,459.2,24.0,176.3,168.3,8.0,15.5,0.6,eurostat,0.038709677
IRL,2012-10-01,1882.0,1566.0,317.2,792.2,634.8,157.4,1.0,32.379628873,16.854410202,108.4,24.9,83.5,69.1,16.0,53.1,479.9,455.2,24.7,175.7,167.5,8.1,15.0,0.7,eurostat,0.046666667
IRL,2013-01-01,1901.5,1573.2,324.9,799.8,636.9,162.9,1.0,32.355023362,17.086510649,108.1,26.1,81.9,69.4,16.3,53.1,487.1,461.9,25.2,179.1,170.5,8.5,14.466666667,0.6,eurostat,0.041474654
IRL,2013-04-01,1918.2,1593.1,325.9,813.5,646.6,166.9,1.0,32.622731246,16.989886352,111.7,26.7,85.0,72.1,16.2,55.9,486.3,461.9,24.5,179.4,170.8,8.5,14.366666667,0.7,eurostat,0.048723898
IRL,2013-07-01,1941.3,1613.3,329.0,824.2,654.5,169.8,1.0,32.658527791,16.947406377,111.4,27.3,84.1,73.6,16.3,57.3,484.2,461.5,22.7,178.3,169.6,8.7,13.333333333,0.7,eurostat,0.0525
IRL,2013-10-01,1955.0,1618.2,338.4,833.6,658.0,175.7,1.0,32.799527838,17.309462916,116.6,30.4,86.2,72.7,16.4,56.3,489.2,466.4,22.8,180.8,172.5,8.3,12.833333333,0.7,eurostat,0.054545455
IRL,2014-01-01,1960.3,1622.3,334.2,831.9,660.5,171.4,1.0,32.644140026,17.048410958,110.6,27.7,82.8,70.7,15.9,54.8,492.3,468.1,24.2,183.0,174.6,8.4,12.833333333,0.7,eurostat,0.054545455
IRL,2014-04-01,1964.4,1635.2,330.7,837.9,667.7,170.2,1.0,32.810958132,16.834656893,107.7,27.0,80.7,68.1,15.0,53.1,494.7,471.7,23.0,184.4,176.2,8.2,12.2,0.7,eurostat,0.057377049
IRL,2014-07-01,1988.8,1653.9,336.9,846.4,672.8,173.6,1.0,32.73717433,16.939863234,108.7,26.9,81.8,69.7,15.4,54.4,501.6,475.5,26.2,188.0,178.7,9.3,11.666666667,0.7,eurostat,0.06
IRL,2014-10-01,2011.5,1676.5,334.6,864.9,689.7,175.2,1.0,33.075202203,16.634352473,105.9,27.5,78.4,71.2,16.3,54.9,501.1,475.6,25.5,186.3,177.0,9.3,10.866666667,0.8,eurostat,0.073619632
IRL,2015-01-01,2026.1,1691.4,331.3,858.7,684.9,173.8,1.0,32.601473843,16.35161147,107.9,27.0,80.9,73.0,16.0,57.0,507.0,482.9,24.2,186.0,177.1,9.0,10.633333333,1.0,eurostat,0.094043887
IRL,2015-04-01,2045.2,1703.8,343.3,874.5,694.1,180.4,1.0,32.891272623,16.785644436,110.9,26.7,84.2,73.2,16.2,57.0,506.5,481.7,24.8,184.9,175.8,9.1,10.066666667,0.9,eurostat,0.089403974
IRL,2015-07-01,2061.8,1721.7,341.9,878.1,701.8,176.3,1.0,32.760769156,16.58259773,112.0,26.3,85.7,70.9,15.6,55.3,513.2,489.2,24.0,186.3,177.8,8.5,9.533333333,1.0,eurostat,0.104895105
IRL,2015-10-01,2075.1,1736.1,337.9,876.7,707.0,169.7,1.0,32.49889718,16.2835526,106.8,25.4,81.4,68.9,15.4,53.5,513.5,488.5,25.1,192.3,183.3,9.1,9.433333333,0.9,eurostat,0.09540636
IRL,2016-01-01,2095.3,1749.5,342.8,901.9,722.5,179.3,1.0,33.110735015,16.360425715,108.5,27.1,81.4,71.2,16.2,55.1,513.5,487.9,25.6,187.3,177.6,9.7,8.933333333,1.0,eurostat,0.111940299
IRL,2016-04-01,2123.1,1776.5,349.5,922.7,738.5,184.2,1.0,33.430796042,16.461777589,114.2,27.0,87.2,76.0,17.9,58.1,516.7,492.8,23.9,191.9,183.9,8.0,8.833333333,0.9,eurostat,0.101886792
IRL,2016-07-01,2145.7,1798.2,348.3,921.1,741.0,180.2,1.0,33.021319921,16.23246493,116.0,28.7,87.3,73.3,17.0,56.3,517.4,492.8,24.6,192.8,183.8,9.0,8.233333333,1.0,eurostat,0.12145749
IRL,2016-10-01,2158.8,1816.0,341.6,921.7,742.2,179.5,1.0,32.842319807,15.823605707,111.0,27.0,84.1,73.8,16.9,56.9,525.2,500.4,24.9,195.0,186.2,8.7,7.566666667,1.0,eurostat,0.13215859
IRL,2017-01-01,2177.1,1845.3,330.0,951.3,773.4,177.9,1.0,33.612109263,15.157778696,109.0,28.3,80.7,70.1,16.1,54.0,531.8,507.8,24.0,199.3,190.3,9.0,7.266666667,1.0,eurostat,0.137614679
IRL,2017-04-01,2184.6,1848.7,338.8,937.2,758.8,178.4,1.0,33.000232396,15.508559919,111.0,28.9,82.1,70.9,16.5,54.4,536.8,510.3,26.4,201.2,190.9,10.4,6.666666667,1.1,eurostat,0.165
IRL,2017-07-01,2202.8,1861.4,340.5,971.9,786.6,185.4,1.0,33.939321982,15.457599419,112.4,27.5,84.9,75.3,16.5,58.8,544.4,517.8,26.6,207.7,197.5,10.2,6.633333333,1.0,eurostat,0.150753769
IRL,2017-10-01,2227.3,1878.3,348.5,973.8,787.3,186.5,1.0,33.631613302,15.646747183,112.7,26.0,86.7,75.1,15.7,59.4,548.1,522.0,26.0,208.9,199.0,9.9,6.433333333,1.0,eurostat,0.155440415
IRL,2018-01-01,2238.3,1882.5,354.5,979.2,790.5,188.6,1.0,33.651913025,15.837912702,114.7,25.3,89.4,75.3,15.7,59.6,550.3,522.1,28.2,213.3,203.0,10.3,5.966666667,1.0,eurostat,0.167597765
IRL,2018-04-01,2258.1,1918.4,343.5,1004.2,817.0,187.2,1.0,34.208473427,15.211903813,106.6,27.4,79.2,70.9,15.5,55.4,558.1,531.7,26.5,217.3,207.7,9.6,5.866666667,1.1,eurostat,0.1875
IRL,2018-07-01,2276.1,1939.7,333.3,995.1,818.4,176.7,1.0,33.630400178,14.643469092,107.0,28.2,78.8,69.9,16.0,53.8,564.6,539.1,25.5,215.8,207.2,8.6,5.7,1.0,eurostat,0.175438596
IRL,2018-10-01,2287.6,1952.7,334.4,1005.0,825.9,179.1,1.0,33.794235141,14.617940199,104.8,26.2,78.6,69.2,15.7,53.5,577.7,552.9,24.8,224.5,215.6,8.9,5.733333333,1.0,eurostat,0.174418605
IRL,2019-01-01,2324.3,1987.3,337.1,1027.4,845.5,181.9,1.0,34.001965852,14.503291314,105.3,26.5,78.8,69.0,16.1,52.9,584.3,560.7,23.5,227.6,219.3,8.4,5.033333333,1.2,eurostat,0.238410596
IRL,2019-04-01,2306.6,1979.9,332.8,1023.4,843.3,180.1,1.0,34.129487958,14.428162664,101.4,25.3,76.1,70.4,15.8,54.7,581.8,557.6,24.3,228.3,220.3,8.1,5.166666667,1.1,eurostat,0.212903226
IRL,2019-07-01,2339.8,2000.4,332.3,1027.1,847.0,180.1,1.0,33.766857128,14.202068553,102.4,25.8,76.6,68.6,14.9,53.7,599.1,576.3,22.7,230.0,222.0,8.0,5.0,0.9,eurostat,0.18
IRL,2019-10-01,2376.4,2030.3,346.0,1031.9,848.2,183.8,1.0,33.402172646,14.559838411,107.0,29.4,77.6,69.7,16.7,52.9,607.0,580.9,26.2,232.2,222.7,9.4,4.8,1.0,eurostat,0.208333333
IRL,2020-01-01,2379.4,2032.3,348.0,1008.5,832.2,176.3,1.0,32.603565217,14.625535849,109.9,30.8,79.0,68.5,16.6,52.0,605.1,579.2,26.0,224.0,215.2,8.8,4.933333333,0.8,eurostat,0.162162162
IRL,2020-04-01,2154.7,1834.9,328.0,793.0,680.4,112.6,1.0,28.310205597,15.22253678,99.3,22.8,76.5,61.3,12.4,48.9,581.0,552.1,28.9,208.1,202.8,5.3,5.133333333,0.7,eurostat,0.136363636
IRL,2020-07-01,2275.3,1935.0,330.6,973.2,816.2,157.0,1.0,32.901832049,14.529952094,101.9,25.1,76.8,65.4,14.8,50.6,603.5,572.4,31.1,228.5,218.1,10.4,7.033333333,0.8,eurostat,0.113744076
IRL,2020-10-01,2308.7,1964.6,343.4,954.4,796.2,158.3,1.0,31.799447575,14.874171612,106.2,25.7,80.5,68.6,15.5,53.2,613.6,582.4,31.2,233.9,224.5,9.4,6.266666667,0.9,eurostat,0.143617021
IRL,2021-01-01,2270.4,1959.9,313.0,920.5,781.8,138.8,1.0,31.187320432,13.786116984,109.2,25.2,84.0,68.2,16.6,51.6,637.6,607.7,30.0,237.8,229.3,8.5,7.4,1.0,eurostat,0.135135135
IRL,2021-04-01,2374.9,2049.4,334.4,991.0,832.6,158.4,1.0,32.098517508,14.080592867,110.2,26.7,83.6,69.6,16.7,52.8,658.0,627.4,30.6,245.7,236.5,9.3,6.966666667,1.2,eurostat,0.172248804
IRL,2021-07-01,2517.9,2143.2,362.5,1046.4,869.1,177.3,1.0,31.968031968,14.396918067,111.0,25.2,85.7,67.4,15.5,51.8,660.8,631.2,29.6,248.9,238.2,10.7,5.466666667,1.5,eurostat,0.274390244
IRL,2021-10-01,2558.1,2199.9,358.7,1056.7,884.7,172.1,1.0,31.775386179,14.022125796,108.4,24.7,83.7,66.6,16.2,50.4,681.3,651.4,29.9,250.5,241.2,9.3,5.233333333,1.5,eurostat,0.286624204
IRL,2022-01-01,2571.3,2218.0,356.6,1089.6,910.9,178.7,1.0,32.59650162,13.868471201,106.9,24.6,82.2,67.6,15.2,52.4,692.2,660.9,31.3,256.3,245.9,10.4,4.9,1.6,eurostat,0.326530612
IRL,2022-04-01,2593.2,2227.9,373.0,1099.0,912.1,186.9,1.0,32.600054581,14.383772945,109.1,24.7,84.5,69.6,15.6,54.0,689.7,659.9,29.8,256.0,246.2,9.8,4.266666667,1.6,eurostat,0.375
IRL,2022-07-01,2603.9,2228.3,365.6,1089.2,914.4,174.8,1.0,32.17658719,14.040477745,98.2,24.3,73.9,60.3,13.7,46.6,701.6,668.9,32.7,261.5,251.7,9.8,4.2,1.6,eurostat,0.380952381
IRL,2022-10-01,2624.2,2260.7,362.5,1095.2,920.6,174.6,1.0,32.103556835,13.813733709,102.9,24.6,78.2,64.7,15.5,49.2,695.4,663.4,32.0,258.3,248.2,10.1,4.433333333,1.4,eurostat,0.315789474
IRL,2023-01-01,2665.5,2303.4,366.8,1127.3,949.3,178.0,1.0,32.5325022,13.761020446,102.6,26.6,76.0,63.6,14.1,49.4,716.0,679.8,36.2,269.4,258.4,10.9,4.2,1.5,eurostat,0.357142857
IRL,2023-04-01,2677.1,2316.8,365.0,1109.0,931.5,177.5,1.0,31.865710025,13.634156363,102.9,25.5,77.3,63.9,13.5,50.4,721.3,687.9,33.4,265.2,254.4,10.8,4.2,1.2,eurostat,0.285714286
IRL,2023-07-01,2695.5,2309.9,376.5,1109.9,932.2,177.7,1.0,31.673872408,13.967723984,115.1,28.5,86.6,69.3,17.5,51.8,731.5,696.6,34.9,267.3,255.8,11.5,4.366666667,1.2,eurostat,0.27480916
IRL,2023-10-01,2710.9,2344.6,368.0,1097.4,925.6,171.8,1.0,31.139246972,13.574827548,112.3,28.7,83.6,65.7,16.2,49.5,742.6,706.7,35.9,268.0,256.7,11.4,4.466666667,1.2,eurostat,0.268656716
IRL,2024-01-01,2720.7,2358.5,365.9,1130.0,953.7,176.4,1.0,31.948791459,13.448744808,109.4,27.1,82.3,66.0,15.7,50.3,734.7,703.0,31.6,269.5,259.9,9.5,4.266666667,1.2,eurostat,0.28125
IRL,2024-04-01,2751.2,2385.9,367.1,1128.2,957.6,170.6,1.0,31.544277183,13.343268392,106.3,28.2,78.1,63.9,15.9,47.9,760.2,724.2,36.0,273.1,261.8,11.3,4.4,1.2,eurostat,0.272727273
IRL,2024-07-01,2789.0,2408.2,372.5,1139.5,964.3,175.1,1.0,31.428413824,13.356041592,112.2,32.4,79.7,68.3,18.8,49.5,769.8,733.9,36.0,279.6,268.2,11.4,4.2,1.2,eurostat,0.285714286
IRL,2024-10-01,2776.9,2404.2,376.8,1135.3,953.9,181.4,1.0,31.449014812,13.569087832,107.8,28.9,78.9,66.3,17.2,49.1,771.3,736.5,34.9,280.0,268.7,11.3,4.333333333,1.2,eurostat,0.276923077
IRL,2025-01-01,2809.1,2437.7,374.8,1142.9,964.2,178.6,1.0,31.296637576,13.342351643,108.4,32.7,75.8,67.1,19.3,47.8,776.7,740.9,35.8,280.7,267.8,12.9,4.433333333,1.3,eurostat,0.293233083
IRL,2025-04-01,2809.7,2429.0,380.1,1152.0,969.5,182.5,1.0,31.539091225,13.528134676,111.1,32.3,78.8,68.3,18.2,50.2,777.2,741.1,36.1,284.7,272.3,12.5,4.633333333,1.3,eurostat,0.28057554
IRL,2025-07-01,2814.0,2414.9,390.2,1152.0,966.5,185.5,1.0,31.490897163,13.866382374,107.8,30.3,77.5,63.6,17.4,46.1,775.1,739.3,35.8,280.2,269.1,11.1,4.9,1.3,eurostat,0.265306122
IRL,2025-10-01,2825.3,2435.6,397.5,1161.2,966.7,194.4,1.0,31.6154309,14.069302375,109.9,27.8,82.1,67.3,16.0,51.2,798.4,760.6,37.8,289.7,276.6,13.1,4.666666667,1.3,eurostat,0.278571429
IRL,2026-01-01,2812.6,2414.3,399.6,1142.2,952.7,189.6,1.0,31.238547416,14.207494845,106.5,27.7,78.7,66.6,15.9,50.7,795.0,756.4,38.6,290.1,277.6,12.5,,,,
IRL,2026-04-01,2828.6,,,,,,1.0,,,,,,,,,,,,,,,,,,
ISL,1995-01-01,135.59048159838824,122.6492381761333,12.82760754030766,58.43573895798141,54.36819670334153,4.120307382814693,1.0,33.151713822,9.460551647,11.726960060262114,7.388030545354672,4.335547351633916,5.310097563401573,4.3981492704306975,0.8914068693790859,40.32876306285389,38.72602222156155,1.6004040633558856,17.23979987665903,16.632322755877603,0.5985453992599229,,,,
ISL,1995-04-01,135.17173934871377,122.392040863466,12.827903336292144,58.66660910080311,54.54214097838289,4.126808641666233,1.0,33.385795777,9.49007788,11.694265965250958,7.338464730367658,4.299712002103254,5.235859163877556,4.325753069270684,0.8877551702512311,40.34897365248117,38.783243671124715,1.60910384722287,17.339954791200775,16.747600976134017,0.5986894414048957,,,,
ISL,1995-07-01,135.60733602201955,122.77963097362996,12.783952292123743,58.88070679566819,54.72376285870544,4.135964225020305,1.0,33.400000848,9.427183416,11.598599778332266,7.360645184785303,4.304630224759054,5.216516682680442,4.274300620657824,0.8849163651570956,40.459700149222975,38.84495762808767,1.5963313094343137,17.36505783363914,16.767358763127135,0.6002069529502599,,,,
ISL,1995-10-01,136.05911387145838,123.28906644006874,12.759229767896908,59.13969756551382,54.97107576007013,4.216350463365703,1.0,33.435522073,9.377710471,11.572114151191764,7.296504746689468,4.257787393716232,5.208295762188193,4.257499471188959,0.9386290484149192,40.487983495762634,38.87021816420339,1.5935097160834597,17.38378950457411,16.778116042415352,0.6019431763129126,,,,
ISL,1996-01-01,135.783679915608,122.94741833248536,12.826489798467128,59.314854763546215,55.05062822472651,4.22135082024381,1.0,33.602573877,9.446267627,11.622787632775651,7.398838102437114,4.236400075913336,5.112233619588898,4.195467589726633,0.8895758682137206,40.55849956233092,38.94714741875936,1.6006986040177482,17.430065802972955,16.824063450819505,0.599000678436589,,,,
ISL,1996-04-01,135.11048413279974,122.21856211092476,12.831312162858453,59.47820997394065,55.25363942136364,4.226469408084087,1.0,33.863004418,9.496903401,11.496365805146327,7.32808246291661,4.196177709872694,5.040527981513088,4.230643791298801,0.8880325551578703,40.546712752934965,38.88061819930433,1.6095607578526556,17.542668028032526,16.849451849775882,0.5992593466158962,,,,
ISL,1996-07-01,135.21371168077334,122.40338475501753,12.780371318255993,59.6197007625941,55.363021901178435,4.235237154851492,1.0,33.917646154,9.451978767,11.504909669035923,7.26816459073219,4.111943353922913,4.998331482489016,4.163897613810533,0.8828133333737831,40.43657369315638,38.8293382651908,1.597684823038317,17.474531409009707,16.874977142977936,0.6001557112384818,,,,
ISL,1996-10-01,135.64339019409073,122.77264795513167,12.857858627532718,59.81409835935103,55.53971457543304,4.2153816783425295,1.0,33.920447451,9.479163422,11.36710637618105,7.1909023965047725,4.154806138710278,4.9246062389292256,4.071463691622411,0.8388217285735249,40.47426959517076,38.8695749536144,1.591237102444225,17.571792348422026,16.96701147551688,0.6010066537879974,,,,
ISL,1997-01-01,139.12897747269963,126.29938231119476,12.827872511832886,59.89517183809804,55.73234254986256,4.2229847359803765,1.0,33.11546591,9.220129943,11.210942884118108,7.098517639584362,4.038611662887749,4.914611109734026,3.992825851030742,0.8852879218690515,40.40125678170093,38.660121619827635,1.600175612935243,17.619729681260313,17.015968169599738,0.599459252779749,,,,
ISL,1997-04-01,137.98438398114652,125.1648920701996,12.836113672712134,60.09346599221323,55.87185559683605,4.225825490645232,1.0,33.500706194,9.302584323,11.099550159465483,7.016485258281114,3.989990159128516,4.843573384314606,3.9439461485690126,0.8886239517198871,40.255090083337016,38.58320474239989,1.6119630439353791,17.647914565084147,17.0533918469364,0.5996812627727792,,,,
ISL,1997-07-01,138.40454307976324,125.61386677803722,12.772967172655337,60.237753650182626,55.9869844614848,4.234462765170141,1.0,33.479199848,9.228719584,11.022335950202018,6.984366508533992,4.018220408925433,4.781150598135496,3.93999136410769,0.8837609835676019,40.10745776295261,38.51926829291251,1.5980279191419882,17.69248145917517,17.090831510104163,0.6000965631619479,,,,
ISL,1997-10-01,139.0017144995113,126.33530182698787,12.659329579490192,60.500217536050535,56.30350629779347,4.21455353444689,1.0,33.480614999,9.107319018,10.95796884554314,6.984223246211271,3.9490565374008346,4.734881279805758,3.887732121747262,0.8395029053242546,40.24553341295477,38.66169432091501,1.5890103375037556,17.758797135487583,17.15504838843268,0.6003743046275195,,,,
ISL,1998-01-01,139.4681308597826,126.94450691329536,12.528992097356843,60.767612428913026,56.515238738998875,4.226143539270606,1.0,33.516127996,8.983408625,10.799665150011116,7.010570409013453,3.9438153191594583,4.717700590748571,3.887916481567488,0.883632631208706,40.80399962142692,39.23912518624531,1.4997454541363695,17.81198752126297,17.211473435956982,0.599789425291949,,,,
ISL,1998-04-01,140.5937352224721,128.14577383180915,12.438340349950137,61.01337698156683,56.79683632903623,4.223010150584737,1.0,33.382260479,8.847008958,10.998215950524797,7.090669266864677,3.885177160007901,4.743483993034058,3.851104426881416,0.8880999469597184,40.94042069967476,39.446855031960666,1.5134725271465608,17.85337303395171,17.25723754944482,0.5999162095375609,,,,
ISL,1998-07-01,141.40755364015035,128.93267160357138,12.465345804517408,61.381505897263935,57.13441111226834,4.2370174767647395,1.0,33.390396611,8.815190903,10.936397662685678,7.100481453176329,3.823242167259639,4.67142293315683,3.8262444410407617,0.8874040427265596,41.04944835712564,39.57779381498898,1.4980129137354474,17.908725621342125,17.304226907761713,0.6000441973252477,,,,
ISL,1998-10-01,141.43653458145118,129.0645585357971,12.358307422149611,61.76006415997996,57.54794975816656,4.210115568263609,1.0,33.58944123,8.73770519,10.841972472216716,7.073577395359408,3.84357971768428,4.73616275142081,3.891818429977936,0.8354371771566481,40.94767578766857,39.6162950989546,1.4884514097875092,17.944781090765105,17.341537303832073,0.600059402407568,,,,
ISL,1999-01-01,142.45836400007343,130.03741601769872,12.437843744060949,62.232698149151446,57.98143146846986,4.231184914250514,1.0,33.603717553,8.730862404,10.911943828099696,7.018240516920224,3.851709950263297,4.720242427885649,3.881817668076084,0.8861404815111179,40.808630954530976,39.18972657668213,1.4993024367617622,18.006832723781358,17.410207619074622,0.5999748547990444,,,,
ISL,1999-04-01,143.37863812140444,131.01414585987067,12.34492220960748,62.630674365781026,58.432904177764144,4.2199727724738025,1.0,33.601547937,8.610014972,10.797539687846813,6.97979889752554,3.8811666242881167,4.740983268336906,3.8542295661864134,0.8867842274420328,41.122037417739875,39.7098727733912,1.4140015871874436,18.05997020902281,17.46243231975929,0.599976406336533,,,,
ISL,1999-07-01,144.60716190901988,132.35042028120773,12.253764466485707,63.06551028690127,58.80940212271469,4.14099313072644,1.0,33.547391671,8.473829584,10.749570668438912,6.9154760335109735,3.8220030154167777,4.7790618379186895,3.824668882177648,0.8910512723239266,41.35788430053689,40.00562408674009,1.3978039919433147,18.01087189671069,17.515091087626118,0.6000073563363358,,,,
ISL,1999-10-01,146.23964544721076,134.06676405732028,12.25547295378034,63.393879058097646,59.173175829425986,4.205384273657131,1.0,33.345624029,8.380403902,10.731841367107254,6.879274352590196,3.838769535306519,4.73656594664352,3.895392883360971,0.9323771584653208,41.35358771495947,40.05262151872027,1.3887437258347306,18.129608893010342,17.525256198718118,0.6000188429180342,,,,
ISL,2000-01-01,147.03822357349878,134.71266301678605,12.242173104464332,63.70499397750132,59.5502900007852,4.1361517572181645,1.0,33.32728071,8.325843993,10.496834467619896,6.584691923401488,3.859425538444702,4.7225750037226675,3.779423095820051,0.8929209604709311,40.986786456012325,39.339945390750245,1.3996835817710906,18.206796232733932,17.61335073458669,0.5999998676948926,,,,
ISL,2000-04-01,147.87520727935112,135.60648254633122,12.257881409161625,64.03693937972446,59.86358625839559,4.114286078985697,1.0,33.311320433,8.289341827,10.407587519888668,6.4910027183432115,3.8840559185584858,4.644671220627374,3.758390217357893,0.8852570560145209,41.29282728528542,39.85604936611399,1.4138059588382068,18.26338128426714,17.66786900372191,0.599991213779038,,,,
ISL,2000-07-01,148.48022102978936,136.23541092132078,12.140586200569963,64.22187857989583,60.158929519125735,4.1466734124048665,1.0,33.271397846,8.176567974,10.164817443247513,6.331012961064577,3.81584937163349,4.556568889538169,3.710218577415028,0.891636042973311,41.425688687521266,40.00008688845292,1.4977348610848125,18.334903154858573,17.723190666759013,0.5999994899852652,,,,
ISL,2000-10-01,149.83552224617833,137.8668894430814,11.950100549430198,64.3626299812234,60.23554075964754,4.099020170802208,1.0,33.04270885,7.975478959,10.025354347394597,6.297609119821239,3.731423596480651,4.551389534340857,3.620123269245766,0.9267564739575984,41.577708408425934,40.298019932706445,1.4883854921441662,18.40711698046256,17.803414075798727,0.6000055980802876,,,,
ISL,2001-01-01,150.56406975391238,138.64793675126978,11.947136201835606,64.39138500994216,60.34047763791625,4.040808620114425,1.0,32.897513134,7.934918484,9.873655089572884,6.249860994836942,3.6649303859083457,4.420400445217936,3.5812081241284637,0.8984777851297684,42.82834769638046,41.16507317140952,1.498096251897446,18.50453742935404,17.912016608655644,0.6000003087671716,,,,
ISL,2001-04-01,149.67859395894348,137.7027755431236,11.867020478958525,64.33985104936065,60.27949565203373,4.009662032404768,1.0,33.065645398,7.928335085,9.529119760490634,5.913880411073294,3.5908016111486343,4.355996121148323,3.467413761061209,0.886017597433204,43.090306359634134,41.54779657142979,1.5172574820209472,18.66791527323954,18.074705173193266,0.5999981395512795,,,,
ISL,2001-07-01,150.07983553633224,138.32360376738538,11.732458960568216,64.19573981731699,60.21652334873605,3.951731622113228,1.0,32.903379821,7.817478556,9.773022759661387,6.232861007938665,3.5134706208276625,4.227285478574462,3.37121898556196,0.8896229519994252,43.45770947878432,41.94435073724427,1.4964755817714437,18.767565152749196,18.154338860850267,0.5999996373601434,,,,
ISL,2001-10-01,149.27754438728888,137.72319783066217,11.54829419292642,64.00659984119675,60.07454843792035,3.998009422862969,1.0,32.982754529,7.736122831,9.522802117709766,6.111891460045461,3.4252161130245873,4.078860499792028,3.2496744927295977,0.8210976518974268,43.84141440418683,42.43311050392264,1.4881030606054546,18.873219927533153,18.362065363954464,0.6000008379836141,,,,
ISL,2002-01-01,148.3736536783339,137.160125157357,11.242718874131562,63.806330385034634,59.86998534303845,3.942143574359793,1.0,33.079857095,7.577301357,9.35175037935713,6.126829994851438,3.2633031652735225,4.020363192967588,3.187337070486593,0.8009309734811866,44.06403435979804,42.44808071279689,1.4965969224043096,18.994911194678192,18.400603521877567,0.6000000397960092,,,,
ISL,2002-04-01,147.8973878523082,136.71895088521126,11.17230908821458,63.53899577404453,59.66977739210664,3.9043018633625945,1.0,33.047338635,7.554094937,9.239539973847323,6.014806535352143,3.1989062056740187,3.871896255103456,3.079806884419543,0.7888864543770477,44.302073629511625,42.85481323268213,1.522187753408646,19.070725098542265,18.481876215489823,0.5999997232516991,,,,
ISL,2002-07-01,148.10620651464413,137.0318367941816,11.025296730326229,63.19794508253237,59.42019109074,3.855928205303565,1.0,32.823610201,7.444182786,9.083247809281389,5.944347709058349,3.111882098320877,3.7905315466898752,3.030918431122066,0.7923250548357088,44.70166843134467,43.25539797808392,1.4929185790290704,19.20123890664868,18.586377973113706,0.5999999472042551,,,,
ISL,2002-10-01,147.49917085746165,136.5488933436183,10.95842950100859,62.990982019113126,59.25564686793646,3.800812403262194,1.0,32.850761988,7.429485493,8.924797358548107,5.91276151982178,3.0233551007311545,3.700363444333469,2.9723785360924384,0.7136966717559196,45.06298724866768,43.631912716249026,1.4885168435551086,19.247541146928004,18.641867056504644,0.6000000902646896,,,,
ISL,2003-01-01,147.82893079632717,136.8182537702579,10.940756171510216,62.82730676035265,59.109711323849695,3.7378115146222743,1.0,32.692313506,7.400957385,8.936296989961825,5.907198994029379,3.0638036611199344,3.621430347455298,2.891770880349179,0.7010876019952691,45.90044900856178,44.32134782648052,1.4922982764332582,19.192797427959366,18.598940644158585,0.6000000096427701,,,,
ISL,2003-04-01,148.82641616532536,138.03217616248165,10.77375354606488,62.64435173918017,58.95400224561926,3.7001683189640793,1.0,32.378635539,7.23914062,8.843951676079836,5.919969886072448,2.90164621815197,3.579842298169207,2.887425097810059,0.693094759903587,46.68854124354225,45.16318625712559,1.5320805076180437,19.175092219867928,18.586386216688265,0.6000000438349029,,,,
ISL,2003-07-01,149.84887359601154,138.98870480416704,10.811274391995648,62.62311015341374,58.94162538045468,3.6610394959710018,1.0,32.146803669,7.214785225,8.78961398863339,5.854865778770433,2.907662433950561,3.572594987864012,2.8029340597003207,0.6957236532230823,47.08022916525401,45.60501685829123,1.486965299537788,19.081625954245737,18.57636917919959,0.6000004276372821,,,,
ISL,2003-10-01,149.68291638333446,138.91750745402976,10.777393404591656,62.63692353738283,59.009568451020506,3.606392695528778,1.0,32.189544431,7.200149266,8.63090891309017,5.710553658768998,2.9284842311513333,3.509463357948305,2.784388827827791,0.7080976428116129,46.9804815237838,45.40814370557809,1.4879903984213694,19.06043966439378,18.456592432441777,0.5999995267827282,,,,
ISL,2004-01-01,148.785154365439,138.28806199473283,10.532016055655154,62.73188022847198,59.22964589685769,3.5298385656110693,1.0,32.432867842,7.078674012,8.414881608277293,5.58478363864821,2.7603102711218033,3.525314653274004,2.798210442834062,0.7011065700346002,45.4889257351199,44.05802526527359,1.4903200858799368,19.00404295433508,18.409636676786594,0.5999933447392577,,,,
ISL,2004-04-01,149.4322835891579,139.05226312133203,10.363575328850192,63.05442377462211,59.548439497933195,3.496665347870178,1.0,32.4584499,6.935298772,8.247511908682966,5.532335187256706,2.6992047362886495,3.481476147507042,2.7914053143204836,0.6954774122928402,45.63037920132705,44.12406266097966,1.4369259163892776,18.976798798799344,18.389816728586737,0.5999963513660074,,,,
ISL,2004-07-01,150.22497424526875,139.8694259296218,10.30884735543477,63.452526169146694,59.86117174675885,3.468080386906789,1.0,32.491026049,6.862272673,8.30103869744962,5.568470030292713,2.7081442322456915,3.4622503066529497,2.7990329992153775,0.6987547296849661,45.70478380850775,44.30373668942375,1.482265704353108,18.968483279751553,18.34721562737493,0.6000259336440958,,,,
ISL,2004-10-01,151.809630489746,141.20163143680853,10.602902571559865,63.79741251272455,60.365158631385974,3.4113477126536957,1.0,32.326626805,6.984341202,8.434433940408132,5.703834705238048,2.731126298995155,3.509495329423325,2.874170823539618,0.7031057065276087,45.87847552183917,44.39394431006515,1.4882198067396832,18.867336697434776,18.360918799576393,0.6000111880624168,,,,
ISL,2005-01-01,159.9681925281977,149.7016272003823,10.3269818981114,64.2720455397543,60.901734124399745,3.4203687481052674,1.0,30.906165938,6.455647048,8.833276251641088,6.108773770236803,2.7675316188921313,3.52851406134565,2.804163040993126,0.7011334296185515,46.16082812540854,44.743617310459406,1.3884847065457413,18.915915795510145,18.4187797918264,0.5999388959361889,,,,
ISL,2005-04-01,160.77561292618688,150.30522463897236,10.446474161724057,64.90167073102789,61.58535174706022,3.3958105946212203,1.0,31.052198273,6.497548958,8.826653221127604,6.018972160696406,2.789130885518463,3.5751432358081376,2.8889493961348713,0.6972671871773349,46.165275295108295,44.76200560737603,1.442421853409832,18.971695951483888,18.38225204072747,0.5999642726095842,,,,
ISL,2005-07-01,161.8404961551148,151.30635711306763,10.503846889184764,65.47242270017189,62.15817358099493,3.374468734668305,1.0,31.119159465,6.490246347,8.697848603431247,5.865354520132046,2.8027836029355027,3.5729170443575144,2.907495467896323,0.7001022466295648,46.34028607458328,44.85086649664901,1.4791562130739604,19.08681497624596,18.46516832884992,0.6001253503064345,,,,
ISL,2005-10-01,164.01814714902468,153.67173146796983,10.33232978424942,66.07786994822648,62.66466634103026,3.3131156583773276,1.0,30.989943255,6.299504027,8.638012727740623,5.9037402006987465,2.738003182110331,3.6001898258792124,2.8689553116860855,0.7011010740879065,46.50834611553206,45.105313950527645,1.3888034944753718,19.13739750853484,18.539125683652458,0.6000808125203886,,,,
ISL,2006-01-01,166.90650001496024,156.53685036554143,10.422264507188023,66.56135854156635,63.33970977606257,3.3126339580788637,1.0,30.676483557,6.244373051,8.73780585094064,6.0043914531389495,2.875584086515129,3.535193599537955,2.91316541786992,0.700975462303641,46.88372970108156,45.378268668449586,1.489607039152289,19.30839628386143,18.713786197203643,0.5997819963998599,,,,
ISL,2006-04-01,169.13816532020437,158.8006020065649,10.321763935420265,67.50451526919984,64.16305485781253,3.2981611282398773,1.0,30.700670135,6.102563496,8.713159294527076,5.925304478349271,2.776488183647916,3.568480874106917,2.8887732643443673,0.697435068788898,47.4918074370701,45.99399690907221,1.439634403016926,19.369056203939927,18.879963509571876,0.5997924994030814,,,,
ISL,2006-07-01,170.9097020778123,160.55942305088317,10.312842810616928,67.92633610086553,64.55383216025669,3.277834002892149,1.0,30.572300539,6.034088577,8.49762088584386,5.851390755474369,2.7075253033333437,3.5755780023931054,2.9021128056756895,0.7009933698625219,47.968151880620574,46.46832599887576,1.480016081172607,19.533734173519473,19.025913890600965,0.6002580711895639,,,,
ISL,2006-10-01,174.21617496734393,163.95543377507855,10.254107128278584,68.33985263762214,65.03749375814124,3.3122636850340954,1.0,30.174647919,5.885852522,8.54579845900372,5.808918255958543,2.642638495151593,3.504069551615714,2.867010823368734,0.6008661926118083,48.478914172924576,46.96970319629764,1.4897948369676186,19.70294693060545,19.101474474685045,0.6007595231996908,,,,
ISL,2007-01-01,176.68653018130374,166.52175035623978,10.218250613174176,68.49996520156499,65.4737791793816,3.309563831581822,1.0,29.822466302,5.7832652,8.440516753404992,5.808806100319051,2.5717055122150905,3.54024593480098,2.8198702116806356,0.700586657570583,48.82227597802011,47.32764905808202,1.4913093171532792,19.86712612376124,19.27351439032712,0.599999514149344,,,,
ISL,2007-04-01,177.37751433954347,167.0693634038302,10.293336573434564,69.38612817584462,65.990790579658,3.302450136150401,1.0,30.090592344,5.803067323,8.307452310371943,5.729464277688308,2.565912786415297,3.46914591650787,2.794884095720393,0.5970717581058961,48.806373065005296,47.3109435550386,1.534939336398332,19.98845818993629,19.39666524770786,0.5976073257141976,,,,
ISL,2007-07-01,178.21479525293174,168.04222914570997,10.128455614440412,69.3049915079323,65.83462760194595,3.27537951254323,1.0,29.914200925,5.683285498,8.088502251229393,5.631516981082128,2.5160671331443423,3.4609410529441997,2.779246561914691,0.6014474066314114,48.995730988802215,47.48297115348573,1.483967958068004,20.081181693571565,19.580584334396644,0.6002937338889205,,,,
ISL,2007-10-01,179.87319938427757,169.80818217799984,10.075062135513054,69.32817157852008,66.17563882542888,3.312245128893149,1.0,29.64830944,5.601202497,7.960391043532917,5.516780992781846,2.44730949382768,3.4161881648129286,2.776769331121534,0.6017088997640946,49.4479434349727,47.942661146760976,1.4915169333008234,20.189025559985147,19.674514559196133,0.6041095835572801,,,,
ISL,2008-01-01,182.0695203638547,172.11047317455856,10.006260760212037,71.78676576681399,68.68890686718952,3.4089990641503483,1.0,30.329397771,5.495846169,7.731680356333171,5.410552061805282,2.2621098586806756,3.3384551494450103,2.7262556149373607,0.6005115582044152,49.72064682582521,48.23057173483323,1.4959809039482768,19.827668190241532,19.233879245286193,0.5990525779045411,,,,
ISL,2008-04-01,181.3018830797989,171.31385618601672,9.96869567536656,77.23718925641049,73.64879199494736,3.4079401118989097,1.0,32.770328413,5.498396104,7.510942688457725,5.335869898400535,2.263288074743234,3.2809637534430274,2.7032849468834597,0.5955545072903514,50.17143144245062,48.68546797642862,1.4199357969653836,21.535120778687293,20.948776444037428,0.5947089041833864,,,,
ISL,2008-07-01,178.7036271299431,168.71105421308022,9.948041365802125,72.36669918074331,68.68595315583157,3.367648868543922,1.0,31.150286411,5.56678201,7.281645672501577,5.113828999371808,2.2266762158043596,3.227143413619193,2.6492571959031146,0.6005302176518164,51.01912081747174,49.5721090319301,1.4912482041856223,21.059677985293423,20.450546757708384,0.600737572874809,,,,
ISL,2008-10-01,174.84617611748902,164.86585713248573,9.987764847813205,70.03289335524276,66.73117445094437,3.414484588900192,1.0,30.810771859,5.712315287,7.571314856446678,5.424162128868956,2.248021708499353,3.4316068449527286,2.7877642631713795,0.6058369115460639,51.74647396372597,50.25290584470759,1.4939024228467783,21.35607476649639,20.741681455877348,0.6076909165253148,,,,
ISL,2009-01-01,166.32040305593438,156.21253385441847,10.100083652443368,65.34092967215457,62.6342621750134,3.111817658378532,1.0,30.220136959,6.072666652,7.756577275354282,5.439946328794016,2.366555412032947,3.4360937283644484,2.8285310706087943,0.598965201639308,51.557924426379664,50.07527469512326,1.4979711171961425,21.18217750574345,20.587492476578692,0.5986091589162693,,,,
ISL,2009-04-01,164.42492217662593,154.31556267513702,10.045882404370431,62.375580331907,59.07047014814767,3.1050061194204432,1.0,29.181230561,6.109707866,7.892400044806035,5.60996552976342,2.2569026517921396,3.5812367096080964,2.906826552555206,0.5931404793165247,51.56920802329881,50.08735150753824,1.5111120576275474,19.97508039926897,19.489209594754573,0.5916110393245501,,,,
ISL,2009-07-01,163.8628947137881,153.6819018513065,10.165022022269168,62.357819297840784,58.71520885482012,3.1650739359752604,1.0,29.272980555,6.203370226,7.7449008461945406,5.488233070104801,2.2256505173227947,3.4181695123929137,2.845836631442928,0.5992641388696578,51.502495977022754,49.95201795854689,1.497014088037092,20.051444576935975,19.44187537591263,0.5998482310576272,,,,
ISL,2009-10-01,163.54387091220298,153.30465700471498,10.202437189567604,62.5443680273573,59.54741282316859,3.1205709843515517,1.0,29.417826581,6.23834885,7.782083705706341,5.533739800483988,2.2551760565077386,3.4488378343872133,2.89400493824793,0.6130686519568578,50.56943076978794,49.07267083016398,1.4955636159904533,19.791072121004063,19.1774471245602,0.6127124028438891,,,,
ISL,2010-01-01,161.71804523787097,151.82902314317838,9.879677524908054,62.4419736809868,60.00228887731462,3.0093233297834088,1.0,29.701254041,6.109199199,7.781524364319143,5.5668729073090555,2.2623985575428804,3.5317312370035996,2.927777051437975,0.5953309947280115,50.52000853114892,49.04132970842344,1.4999754513923906,20.05744617722867,19.560837640843783,0.5968952642181389,,,,
ISL,2010-04-01,162.16754189501216,152.31055995745015,9.936775303434228,61.52612198905455,58.310996639352354,3.0026901134296513,1.0,29.184499927,6.127474825,7.885646183222724,5.5979280483928875,2.2535483798566265,3.597358569460066,3.0203555846298427,0.5914012578198258,50.54181271713112,49.06234093872876,1.5033588297542244,19.420171230283696,18.829887935196343,0.5902002362071531,,,,
ISL,2010-07-01,162.76613944401015,152.8401578081748,9.879077632746837,62.26200073020272,58.78976183090689,3.0620185959734485,1.0,29.424944819,6.06949189,8.011317419061486,5.763598689828846,2.2225913761057283,3.7091388907854568,3.143676478559114,0.5951625966989301,51.06269778113593,49.51346254774085,1.50054015585658,19.71764886539561,19.10869232814184,0.4988982227723962,,,,
ISL,2010-10-01,162.84820988027724,152.97937894744743,9.818533935476296,61.88163678994166,58.952043996472426,3.032921808750093,1.0,29.230446625,6.029255061,7.789219436080105,5.646274197387959,2.15999872019209,3.4638740139333475,2.907560051395177,0.5210249869519215,50.59539155178275,49.08559176881538,1.498068000744352,19.53941721445878,19.020861056105183,0.5135910360218484,,,,
ISL,2011-01-01,162.50652677201154,152.31999821859853,10.262412758785388,61.815673904683706,59.21362586467692,3.1004648473460814,1.0,29.260682222,6.315077285,7.907376447145703,5.682494876487327,2.2599481687381124,3.527328882380239,2.923565532530759,0.588429776060593,50.397667852979865,48.82663273366581,1.5989059639697345,19.487961845675073,18.90219726325598,0.5956493029221721,,,,
ISL,2011-04-01,164.48663172942878,154.58354704449184,10.032679383697266,63.830083193799005,60.62706404310089,3.0991292877037058,1.0,29.850489051,6.099388916,7.98678757870488,5.789184089916918,2.154989762816741,3.518359037162488,2.943904581251079,0.5913063020093146,50.59283130325163,49.01217826932069,1.6004517184152172,19.697007660238505,19.09578797208599,0.5894369717719602,,,,
ISL,2011-07-01,164.64415550476744,154.48105424494392,10.087560999790846,63.52095552313304,59.94589195981502,3.1653392462890264,1.0,29.677502569,6.126886781,7.981738548107669,5.74997421402378,2.219164265584684,3.6813511905401506,3.113011828124845,0.59022782422539,50.33432679464935,48.795738932136615,1.6020142428338129,19.724514084686643,19.23105984346141,0.5972971837649029,,,,
ISL,2011-10-01,164.9900238886063,154.79214174967055,10.22953921908766,63.300891938445766,60.149532787595525,3.243880339141384,1.0,29.512689708,6.200095605,7.995230938829986,5.748553671620649,2.267579502193109,3.667756582450642,3.012146667043768,0.6368097219236879,50.1423441111563,48.50853472332207,1.6004199446487923,19.542668084278382,18.93232550126747,0.6192212583597303,,,,
ISL,2012-01-01,165.49642965342375,155.16174849682332,10.34025400268931,63.65315610981054,61.03656050219441,3.185959096771917,1.0,29.586116354,6.248022404,8.025073398514424,5.790911438986381,2.258376050074356,3.723177867125107,3.1211316493891066,0.6798627164057709,50.318357283090975,48.76362091231385,1.597681429135158,19.690761728789827,19.119238808265123,0.59364548130598,,,,
ISL,2012-04-01,166.79771922553883,156.27238433050968,10.646886795735092,63.761599289823714,60.159968457203746,3.4047361097296154,1.0,29.405308596,6.383112938,8.095405752257799,5.80919146549339,2.3511649567833772,3.7357760407321914,3.06423241971378,0.6919036158545909,50.14878947048443,48.55833868865894,1.5982458877795702,19.357646418817847,18.71861607093649,0.5908761154728434,,,,
ISL,2012-07-01,167.94604364738666,157.47441974952682,10.48460624496363,63.59732044180544,59.8736740296271,3.267277037545648,1.0,29.129007544,6.242842056,8.056560444129055,5.727793526737176,2.3171698114986627,3.6586218569373994,2.979533179834126,0.6822330725091579,50.555062549850845,48.94149133559651,1.602752404834238,19.29941112724223,18.724881470711075,0.5972132126234917,,,,
ISL,2012-10-01,168.7370319359123,158.26405504481733,10.427360159134114,63.740271273526105,60.61151044275974,3.2429541312437187,1.0,29.057627327,6.179651283,7.994589205837487,5.74711777680803,2.2628061656074236,3.672106478484315,3.0202755461806805,0.6430393101504311,50.96290850733391,49.40772872190568,1.603231398166585,19.427341833204665,18.90360442565282,0.5145641683006702,,,,
ISL,2013-01-01,169.68857860807944,159.28660293822088,10.434073539069544,63.587600999395605,60.56324746311308,3.380712427427913,1.0,28.825475251,6.148954529,8.029437661843215,5.7895371715372645,2.261746189945841,3.7218472855851146,3.0187128859602614,0.678035410692335,50.99427885703873,49.3549575562941,1.5953493103917509,19.16997785681781,18.613925821749767,0.5937541370899893,,,,
ISL,2013-04-01,170.80622078079313,160.49780807617287,10.361218316725656,67.24615868395212,63.70074117979982,3.310159552006517,1.0,30.284502599,6.066066136,8.016484986385505,5.741353484295651,2.252392675137896,3.648935152274088,2.97792251372643,0.6933279655941131,51.30447839909817,49.69801118295417,1.5990484855347729,20.33195009731092,19.639614865200013,0.5933206414014163,,,,
ISL,2013-07-01,171.73058484140716,161.27389679159236,10.476590089295517,65.21703455701822,61.75021072597126,3.265972746881982,1.0,29.212588838,6.100596524,8.037686353027294,5.800026234121726,2.226168717511277,3.651627932842879,2.965308697840763,0.6820924657587984,51.22334130798525,49.63785458090934,1.6004391857750395,19.454437102100258,19.041056676349687,0.5969761810933081,,,,
ISL,2013-10-01,172.7307117833515,162.40756949436616,10.217212587344576,65.02135249913745,62.011919978291814,3.1365081514362885,1.0,28.956301102,5.915110568,7.994967282339694,5.7427098740326326,2.15123784697175,3.5720314551740953,2.92953108698812,0.6375371012320745,51.45786092649827,49.86942766095988,1.6070241096609263,19.564655778509294,19.028311204898134,0.5118564571127157,,,,
ISL,2014-01-01,174.17780298159886,163.5877963686178,10.637150570471974,66.22498298591802,63.07746484430396,3.3834097674338355,1.0,29.247294278,6.107064384,7.814078213540251,5.577999963040857,2.2638846253622633,3.4199261622645465,2.717776827954089,0.683330101178778,51.639639006169546,50.018787773452026,1.6931587090478055,19.703993589922423,19.15656275707764,0.5942229384723375,,,,
ISL,2014-04-01,174.92192885704495,164.51384358205954,10.387222104619877,66.43845579306537,62.81476542797573,3.2214178373456894,1.0,29.216751033,5.938204645,7.739480268722849,5.563064820859101,2.155548620572771,3.457072177826341,2.7821033035228084,0.594757554183083,52.03417861678056,50.41059371918021,1.5997092941538602,19.634540577071228,19.00481086901673,0.5962156086796249,,,,
ISL,2014-07-01,175.8100501045265,165.48179705359362,10.255540573498727,66.29939818133845,63.02405940835246,3.1516635045482295,1.0,29.008317233,5.833307349,7.74058495606773,5.5932102834395065,2.2336031746823792,3.442650848421996,2.854739696258084,0.6871113077623359,52.25968511351506,50.61298602270433,1.5974327114618236,20.06821069042744,19.601822744529983,0.5977307221120467,,,,
ISL,2014-10-01,176.50752046939596,165.9632905753148,10.606533532119562,66.44731607682027,63.19462808878925,3.4397108979788764,1.0,28.958154261,6.009111399,7.689617659003181,5.547427827745382,2.2436627346334723,3.4725209201986407,2.835776609335216,0.6241859638852398,52.12515985843647,50.30320866605423,1.7110411495946722,19.980857215617096,19.337605312040957,0.609379269232544,,,,
ISL,2015-01-01,177.61550850628132,167.28093508185023,10.35365820801912,66.83136088143218,63.63078642691136,3.292314148693087,1.0,28.943834675,5.829253479,7.70451631375801,5.573094046218478,2.1609485004944045,3.4188450640171784,2.822738910669715,0.5931325858564813,52.20093570189578,50.48102110541138,1.6925758667801536,20.0651845124284,19.505892458210873,0.59602373003034,,,,
ISL,2015-04-01,178.98857270955224,168.63034717330177,10.299583155805715,67.41805694722595,63.82690493122967,3.2297525825428397,1.0,28.973941197,5.754324424,7.653926371581969,5.4689406420103275,2.1586219398881363,3.359698037105993,2.7781110421781263,0.5945178258816657,51.878072008784585,50.136944449404105,1.7003454329611498,19.321643848986945,18.586420575264334,0.5976142755814312,,,,
ISL,2015-07-01,181.29121270175696,170.91191242584517,10.332863321348803,68.32855165600634,65.24409590903338,3.329115589357718,1.0,28.992262541,5.699594132,7.737974109780867,5.59757314271302,2.0444455922959666,3.4443050083227664,2.8526267602343145,0.5951908608044905,52.63553772690242,51.03755060676632,1.6936605381320586,20.02264237331059,19.689012973953965,0.5985689213253113,,,,
ISL,2015-10-01,183.78847772387357,173.4819455734591,10.297290503731924,69.75114822643366,66.67593320116748,3.3411920806868736,1.0,29.193739493,5.602794381,7.686096226056248,5.545726656550884,2.1345711354233985,3.377667818186384,2.7464159396792955,0.6110771145906728,53.83473069641357,51.980372648901266,1.7140046054842997,21.05617308771824,20.31800620973697,0.6057721779048519,,,,
ISL,2016-01-01,185.33508736569547,175.0759012532766,10.275523888322867,68.3784572492489,65.18576354076761,3.2029701758239417,1.0,28.380386044,5.544294949,7.594646620660865,5.463335605465254,2.0574238881391684,3.3119614064110094,2.7220292778816253,0.5992536309471785,52.37201024476147,50.75556275391192,1.7939108975712472,19.50008632035802,18.824434541767,0.597837160904728,,,,
ISL,2016-04-01,187.26097678199807,176.97245582389962,10.301697045205463,74.87225691834902,71.12273249513237,3.3337665833339085,1.0,30.756030847,5.501251367,7.463784699144085,5.3647306168105136,2.0618697283646377,3.2646491751342563,2.673536407929437,0.5950459382894494,52.24753201171245,50.592197540348025,1.6984783709753817,20.86180552486327,20.129232505852617,0.598163616438959,,,,
ISL,2016-07-01,189.66098917928025,179.2126224799941,10.41400502161371,71.26570667287976,68.1717246244142,3.409838694442433,1.0,28.904085443,5.490852424,7.3528820896631775,5.222868687834252,2.0490447124360305,3.129965700622445,2.5369906909571407,0.5987364941324761,52.06444099169905,50.48611695682029,1.690522056471598,19.94870824545114,19.502220557069695,0.600061823863049,,,,
ISL,2016-10-01,192.24583327356612,182.25144311411384,10.09382490980176,72.1036778367649,69.11148992463222,3.245233887371747,1.0,28.850751469,5.250477858,7.284872886231151,5.248664016923077,2.029929786096888,3.0943297686094966,2.467935380558527,0.6036100065827488,52.87119928259502,51.135531209726565,1.6154838567712038,20.37179396364219,19.73593719303695,0.6022855065406387,,,,
ISL,2017-01-01,193.22639656264508,183.39011190083724,9.894071221122973,72.62087815458928,69.37725779555427,3.211582735715386,1.0,28.91023947,5.120455278,6.535690267619657,4.598921906386232,1.9514848322166631,2.501724516977387,2.0132814264324863,0.6022347272218852,52.9115711881612,51.26712458839649,1.5982635597043142,20.6369490406236,20.01998609295879,0.5993035715754301,,,,
ISL,2017-04-01,195.9421752890371,185.99673923265317,9.785646595521852,75.36100903577368,71.7498620393058,3.2288883328021445,1.0,29.585262522,4.994150229,7.170685413378758,5.270920097417899,1.8667861897597524,3.0694265294720733,2.470022126368757,0.5958334422464449,53.09324780981609,51.440735380202554,1.5947561363927902,20.330872831547307,19.645317978744377,0.5984064497291799,,,,
ISL,2017-07-01,197.55404086345607,187.8319103098063,9.723196887380311,73.82221441071232,70.85387893510247,3.2084407889389253,1.0,28.744701212,4.921790941,7.06719856053013,5.224458677857972,1.8576303182038705,3.026342014006139,2.4372626648273603,0.5997648505853639,52.86838023068572,51.39031671881284,1.5900248651812277,20.283716653102672,19.811266091448328,0.6023421972612978,,,,
ISL,2017-10-01,199.6072169123838,189.88542169542217,9.793605372977977,74.41707678584571,71.49138916547156,3.151315423283346,1.0,28.678274316,4.906438517,7.0871596569874695,5.248582708230744,1.8251814132120163,3.0051733957058953,2.473548323441624,0.5010928636689806,54.08128391937465,52.3639113802278,1.615921971058618,20.64525653461059,20.02742672380635,0.5989224008628896,,,,
ISL,2018-01-01,201.81627293234544,192.1245150165044,9.802867925762914,74.50853760108284,71.26087460023054,3.2081801069514766,1.0,28.399226118,4.857322843,7.0542736839974625,5.2351059143574705,1.846511903648472,2.9877630026297584,2.404614769005012,0.5019672385179011,55.00234815152865,53.33075642046786,1.6037337553451327,20.749519476000017,20.102560889736953,0.599882215110388,,,,
ISL,2018-04-01,202.3057183160697,192.29511581890193,9.771657850013794,78.84647689473617,75.26438203856289,3.1261217329895294,1.0,29.979941535,4.830144166,7.07202523751257,5.279080509525144,1.8655279174080557,2.9784226334883557,2.4716686256524016,0.497609334050407,54.96491373306923,53.33883083987255,1.5881970378722154,21.39325071622399,20.749863833568437,0.5984734436245284,,,,
ISL,2018-07-01,202.36952456150465,192.6091131643746,9.73275911797974,74.49343397777808,71.61042373906811,3.1144759173041967,1.0,28.315845306,4.809399607,7.172317142217829,5.315954671913335,1.8631413586193737,3.026833460856801,2.5511344601793824,0.4998011005747338,54.76679777612317,53.152660748460455,1.6920841399514248,20.64956795653986,20.143441048320945,0.6045110302248672,,,,
ISL,2018-10-01,203.48095833930049,193.77481006979357,9.699450400024777,75.27291233786562,72.33998159591914,3.056215505300783,1.0,28.455851954,4.766760723,7.089005413164378,5.255579754755187,1.8250153993427565,3.0082755708484896,2.473753058079138,0.5005893786123415,55.77456975965401,54.1053567709172,1.613669072867931,21.129431641482316,20.525236669738913,0.596953089238682,,,,
ISL,2019-01-01,203.62374435857228,193.69270417328312,9.893306220463431,76.33869662642135,73.2579085022147,3.093446698160734,1.0,28.838520042,4.858621106,7.043490260133402,5.221195359991076,1.840207435197322,2.97495310701373,2.4918435470065132,0.5012519615671167,56.48864844254539,54.78672418216363,1.7105566150901692,21.995990663901225,21.23266285839647,0.5997132306262004,,,,
ISL,2019-04-01,202.13282379913863,191.6494504143692,10.161428936998972,76.58045325868733,73.05700131648513,3.227378488777244,1.0,29.143233573,5.027104824,7.072731827398432,5.190671573523601,1.8672922741363829,2.990405917125611,2.4808878248696233,0.4986515839252595,56.72932430092633,54.930727066985035,1.7776099948438735,21.35284367266065,20.75002819423443,0.6984471321424996,,,,
ISL,2019-07-01,202.16630652018833,192.2201171747415,10.152473351309556,72.93443672714031,70.02001223583363,3.129582954330973,1.0,27.75111928,5.021842426,7.083910395637063,5.220749661746112,1.8700856552078935,2.9217845928027395,2.447565623732422,0.4998814363221249,57.62728306603567,55.88188188211163,1.7984082784280426,21.399838409553,20.74505129969388,0.6055714129929519,,,,
ISL,2019-10-01,201.4336082501345,191.3667563959052,10.101577119701563,73.4397929057201,70.51378660673748,3.156140356175067,1.0,28.045046147,5.014841966,6.991307511339262,5.161061319776958,1.819357970125709,2.9095148573475536,2.474773185558795,0.5002924133945489,58.1792272306578,56.434435071166135,1.7108846337642425,21.53887927025545,20.855227344882184,0.596207156833824,,,,
ISL,2020-01-01,200.63063451256463,190.78670357687596,9.772468459666358,74.4473800781043,71.33344856025892,2.8808605349671916,1.0,28.543604811,4.870875519,6.927196383893895,5.099747438075307,1.839315707573543,2.9648106300367596,2.4754949303187854,0.5005331984034654,59.07596873778458,57.37127685423131,1.7147877322002616,21.73772775070036,21.07303591198887,0.5997158803917264,,,,
ISL,2020-04-01,191.89328688319753,181.8436878240605,9.75044648736169,68.66492991868449,65.64394039915582,2.82285295864039,1.0,27.525286433,5.081181653,6.87598395401396,5.093834245596054,1.7683177766111848,3.00502086858987,2.496811489715334,0.4995022070640227,60.67630819287274,58.88691615957089,1.771359430045491,22.509116229027107,21.913873005506066,0.5988104231756859,,,,
ISL,2020-07-01,191.62680890783508,182.00833797458495,9.880965881312472,69.63181108567723,66.86240855998479,2.8519990280090775,1.0,27.951690011,5.15635883,6.900520310651912,5.138035961830937,1.7788354838856204,3.02598008561186,2.448050731285596,0.499938516503469,62.32996288108493,60.54836760807995,1.8037071601736976,22.981117048605213,22.325665580245506,0.6041974158880113,,,,
ISL,2020-10-01,187.1705409464691,177.0312380126515,10.309421165758543,69.23096910005354,66.2298078527074,3.1536128371564165,1.0,28.452443075,5.508036208,6.990369723930882,5.163583323779944,1.8142473338663807,2.9970032245983016,2.470622319680781,0.5000941285427231,60.86320668579637,58.93173540467847,1.9089123319719905,22.583919663328626,21.890857540584477,0.6978588959825481,,,,
ISL,2021-01-01,188.5445030677366,178.39319136979483,9.952411704155235,68.89442398977083,65.77909304713778,2.9715042824100313,1.0,28.107799431,5.278547792,7.12857483988117,5.399332845125536,1.7336824392898067,3.06137787939777,2.5650897397597756,0.5001277348982183,60.85189632615847,58.94764621025421,1.9190469095501843,22.54258720794567,21.800167728237422,0.6989459546499649,,,,
ISL,2021-04-01,192.1267512242956,182.1082559365257,9.743318994659507,69.57184853996404,66.5081730047484,2.917767690974905,1.0,27.854947959,5.071297429,7.069796357121459,5.28966456563785,1.7716635917865795,3.0170821300831356,2.5087055336151995,0.4998999162339588,61.72785283805872,59.92677406801546,1.7674665095939042,22.49235147207038,21.785765782338903,0.5982287383997178,,,,
ISL,2021-07-01,198.96919588093272,189.53958667947745,9.695559559034375,72.95745366151397,70.03388473482559,3.059979649960133,1.0,28.20593306,4.87289478,7.010668425377797,5.2520128976155736,1.685024725798303,3.026335355258842,2.556937221299562,0.4999654946414964,63.01972968421962,61.237601093278975,1.909504467641096,23.052021800713177,22.392170708077927,0.7041047241169366,,,,
ISL,2021-10-01,201.66921387555095,192.0476575646157,9.82629513847419,73.7411932815605,70.72931713985436,3.1587686612086796,1.0,28.127245474,4.872481501,6.987121943283782,5.259928637486553,1.707002515773356,3.080258722013409,2.557708488499818,0.5000291202611628,62.131810740590744,60.3028335326604,1.905943761588412,22.671388075133976,21.970917730373483,0.7002008915981871,,,,
ISL,2022-01-01,204.7342927248457,194.36796729697184,10.135706887589611,74.73096519615189,71.43900508311754,3.165908087420135,1.0,28.078030836,4.950663981,7.01926690562351,5.284023193815515,1.732671087379812,3.0656319411463784,2.561481813173914,0.5000665420638701,62.476978668938926,60.580367627663115,1.8166772662795987,22.96435253521884,22.237767856746775,0.6981285445163619,,,,
ISL,2022-04-01,208.0772663777962,197.65927072434917,10.233999071696518,75.86396624569485,72.51752412095794,3.205059812894813,1.0,28.045782285,4.918364822,6.964255900042354,5.286762566877745,1.6760836797427567,3.023027207003684,2.516106046908731,0.4999329471171628,62.65564056538865,60.75219219213103,1.8674928282429633,22.681012671108245,21.96869167105717,0.69724503435048,,,,
ISL,2022-07-01,210.55253128180024,200.53249784351576,10.195117322023911,76.75677700366305,73.65766850332339,3.1654859399598054,1.0,28.042253522,4.842077775,7.026186742319727,5.265089930752527,1.687987603935098,3.1346040929803523,2.6689200662191626,0.4999696490633775,62.928961052407,61.064276589808685,1.810724839439384,22.945780632238623,22.281944158894756,0.7020329232700635,,,,
ISL,2022-10-01,213.7682596659305,203.58847411487085,10.347915520524714,78.03063283931388,74.85369403789362,3.2720489364242833,1.0,28.078800761,4.840716548,6.981674854986159,5.255140662203769,1.7035277886609728,3.0648477987632363,2.544535458823935,0.5000517969308901,63.49702981804768,61.653987950396406,1.803485426994451,23.02588438403864,22.31574440472164,0.6030490608199844,,,,
ISL,2023-01-01,216.3285205543695,205.9374614810631,10.33110645689196,78.97677389251268,75.5159947744284,3.365815405745618,1.0,28.082919616,4.775656224,6.913819182567516,5.2826165390344295,1.6272563637883373,3.074354113251208,2.567136011172255,0.5001017772394326,63.911601922550226,62.12324934176728,1.814332520828517,23.00582408673699,22.29325250961299,0.6983948553056812,,,,
ISL,2023-04-01,217.6683541217076,207.43756435955763,10.11629711791714,79.46637299810808,76.11605359375801,3.284343783466431,1.0,28.083080554,4.647573672,6.858852367293956,5.1842942664597205,1.681749803528587,3.0249020195496525,2.5169400831882767,0.4998439207072131,64.16249780323312,62.4578083983682,1.7725611550434908,23.353510130684363,22.64474858817112,0.6954687411433863,,,,
ISL,2023-07-01,218.8066258672572,208.79177724622048,10.09610980424306,79.58941358370433,76.34316494152634,3.268867558162396,1.0,27.980243099,4.614170053,6.842262947489326,5.2729255783291125,1.688336391143592,3.031983905369426,2.567184314345864,0.4999692208728531,64.35431409875366,62.59699505824246,1.810921345252884,23.341979319498037,22.668315960406236,0.7002827816948712,,,,
ISL,2023-10-01,219.91695892169224,209.95554777383057,9.962931061842152,79.6348076769033,76.67554170081037,3.18273357018388,1.0,27.854852426,4.530315038,6.877258956502551,5.250670476000542,1.5998990064700924,3.05453491256075,2.5337093813635727,0.5001425382870558,64.92675777244648,63.16877423705837,1.703179007926524,23.55208549847166,22.83857561581794,0.6061077858773486,,,,
ISL,2024-01-01,221.2043328473469,210.98325217204456,10.033206157363733,77.95253257018356,74.51318772503316,3.370290883171666,1.0,27.107736011,4.53571864,6.81114101595759,5.182325042299541,1.6270413441877438,2.983314774295297,2.4749413992482294,0.5001541730865792,65.26603745819169,63.47251058695215,1.809522068527232,22.936175814849292,22.23123003458668,0.6983460150947197,,,,
ISL,2024-04-01,221.7103796320592,211.28868215968055,10.401020549231523,82.36278825897412,78.57327839124125,3.5608633562901746,1.0,28.576014832,4.691264598,6.851853586623959,5.17473593714737,1.5859601168612034,3.0225061473934973,2.5151004514204116,0.4997972194901475,65.4726838829921,63.586223806572214,1.878998607201929,23.90536971827901,23.201706789760205,0.7926744786742566,,,,
ISL,2024-07-01,222.27563273742143,211.99024129264777,10.289439610832677,80.4190795300568,76.92963663447863,3.470087151923331,1.0,27.830684653,4.629135225,6.850086816350627,5.182716933145887,1.5876023390038676,3.0349892314599973,2.4647601963565293,0.4992819071120376,66.01304923937906,64.1672655731029,1.80581070783916,23.656927349034703,22.975958058122423,0.6988688058841809,,,,
ISL,2024-10-01,222.9285931064943,212.7053103509241,10.173173458520177,80.47909584041483,77.29641873210325,3.3982676939778385,1.0,27.769877313,4.563422447,6.873519362027516,5.248900534516149,1.6000527980898511,3.047953228511401,2.5247529804319413,0.5013181875100768,66.38600339814639,64.61112753466386,1.8055488868094989,23.897645525668764,23.18101213010941,0.7105119363168173,,,,
ISL,2025-01-01,223.79991534512695,213.51393421719743,10.244601964717202,79.95916902329874,76.3967544106092,3.374347351979048,1.0,27.483054674,4.577571868,6.918459021781708,5.290996207604016,1.6251727989238498,2.9890126653596925,2.4821063942686674,0.4997422829975338,66.67955494781879,64.88710199230657,1.8061885747291535,23.709891392036585,23.008685667287057,0.6980861834669425,,,,
ISL,2025-04-01,224.2614738863828,213.97796161419325,10.29119458449751,79.6532426128539,76.06799226780004,3.450097821017916,1.0,27.321556407,4.588926669,6.9460312830211715,5.362475720587205,1.588829166858463,3.0206907241016903,2.5120356688411283,0.4997684076647301,66.7327734352123,64.95367612607059,1.7849229140292076,23.47808791881135,22.776557482968293,0.6909709058153294,,,,
ISL,2025-07-01,225.0797734663115,214.7746412002516,10.282699635607484,79.77004619102664,76.27287826407193,3.469955336723974,1.0,27.262144904,4.568468982,6.853549828285403,5.2853563068637985,1.585694181602726,2.931108203125831,2.467681537383609,0.4979278039065514,67.24954577943544,65.49852548903309,1.8024878581832129,23.775786678528256,23.088726818375537,0.7004712334969522,,,,
ISL,2025-10-01,225.0167146430344,214.67221653780737,10.380152981034064,79.4654062509272,76.30165115211156,3.5073510203482945,1.0,27.165642194,4.613058633,6.8712355801608895,5.249254426844669,1.600785946239276,2.9502349585407095,2.520187884249568,0.5036418214092255,67.68724598025796,65.9055208246094,1.8075376842354345,23.692863790362576,23.0707768222274,0.7119051832168116,,,,
ISL,2026-01-01,223.81569646222752,213.5374886886592,10.251877599666352,80.03628374586322,76.5587330630941,3.4746351235251924,1.0,27.50762037,4.580499832,6.920387745890056,5.290435788120741,1.5231258689880145,3.0921700646183075,2.58596481930957,0.4988695995659565,67.71979561816258,65.92823510471248,1.8028140533835912,24.19663932008856,23.49667089150389,0.6972021175723101,,,,
ISR,1995-01-01,2301.6,1985.2,316.4,1161.7,995.0,166.7,1.0,38.825833534,13.746958637,70.6,41.3,29.3,39.0,23.5,15.5,697.1,653.1,44.0,317.7,299.5,18.2,,,,
ISR,1995-04-01,2311.4,2016.8,294.6,1168.9,1009.8,159.1,1.0,38.900832662,12.745522194,70.6,41.0,29.6,40.4,23.8,16.5,705.7,664.6,41.1,322.3,304.3,17.9,,,,
ISR,1995-07-01,2319.9,2008.6,311.3,1186.9,1020.5,166.4,1.0,39.355144618,13.41868184,71.3,41.6,29.7,41.0,24.0,17.0,697.9,659.6,38.3,322.6,305.5,17.1,,,,
ISR,1995-10-01,2316.7,2012.8,303.9,1155.1,996.8,158.2,1.0,38.353626345,13.117796866,70.0,42.6,27.3,39.1,24.1,15.0,703.2,661.1,42.2,316.3,299.1,17.3,,,,
ISR,1996-01-01,2339.8,2048.3,291.6,1174.2,1011.5,162.8,1.0,38.602904916,12.462603641,65.9,41.3,24.6,36.3,23.7,12.6,701.1,660.3,40.8,316.3,299.5,16.8,,,,
ISR,1996-04-01,2403.3,2075.3,328.1,1218.6,1049.2,169.4,1.0,39.004061723,13.652061748,66.5,41.2,25.3,37.9,24.8,13.1,725.0,678.7,46.3,332.9,313.2,19.7,,,,
ISR,1996-07-01,2432.8,2107.4,325.4,1236.0,1053.4,182.6,1.0,39.081273872,13.375534364,69.9,41.6,28.3,40.7,24.8,15.9,736.8,693.5,43.3,332.8,313.9,18.9,,,,
ISR,1996-10-01,2442.5,2120.1,322.4,1250.4,1078.0,172.4,1.0,39.379576411,13.199590583,71.8,42.9,28.8,42.9,26.3,16.6,722.0,677.3,44.8,333.1,314.4,18.7,,,,
ISR,1997-01-01,2441.4,2118.8,322.6,1257.1,1087.9,169.2,1.0,39.608421398,13.213729827,68.7,43.0,25.7,40.8,26.5,14.2,740.9,699.9,41.0,345.0,327.8,17.3,,,,
ISR,1997-04-01,2443.9,2130.9,313.0,1251.4,1082.7,168.7,1.0,39.388493171,12.807398011,67.4,42.1,25.3,39.0,25.3,13.8,736.1,693.9,42.2,339.9,321.9,18.0,,,,
ISR,1997-07-01,2452.9,2141.2,311.7,1249.3,1084.7,164.6,1.0,39.1781157,12.707407558,68.8,45.6,23.2,40.2,27.9,12.4,729.2,686.5,42.7,335.6,317.0,18.5,,,,
ISR,1997-10-01,2484.1,2156.4,327.7,1258.3,1091.1,167.2,1.0,38.964738816,13.191900487,71.6,45.0,26.6,41.8,27.1,14.7,739.0,690.7,48.3,338.0,318.9,19.1,,,,
ISR,1998-01-01,2511.2,2185.2,325.9,1279.0,1110.8,168.2,1.0,39.178327248,12.977859191,76.3,49.0,27.3,45.8,30.5,15.3,736.5,693.4,43.1,331.9,313.1,18.8,,,,
ISR,1998-04-01,2488.2,2174.3,313.8,1257.5,1093.6,164.0,1.0,38.875801475,12.611526405,75.9,50.9,25.0,44.6,30.4,14.2,736.6,694.8,41.8,329.5,311.7,17.8,,,,
ISR,1998-07-01,2523.2,2216.0,307.2,1263.8,1107.1,156.6,1.0,38.528608361,12.175015853,70.5,49.8,20.7,40.5,29.9,10.5,764.6,725.3,39.3,339.4,323.2,16.2,,,,
ISR,1998-10-01,2557.7,2236.7,321.0,1284.8,1122.0,162.8,1.0,38.640485292,12.550338194,69.1,48.6,20.5,39.1,28.6,10.6,783.3,736.1,47.2,351.9,333.0,18.9,,,,
ISR,1999-01-01,2557.0,2230.2,326.9,1276.1,1106.4,169.7,1.0,38.389338468,12.784513101,73.5,48.1,25.4,42.5,28.5,14.0,774.9,723.7,51.2,345.6,325.1,20.5,,,,
ISR,1999-04-01,2570.4,2242.6,327.8,1284.2,1119.3,164.9,1.0,38.431611961,12.752878929,74.1,49.0,25.1,45.3,31.0,14.3,774.6,725.1,49.6,342.1,322.1,20.0,,,,
ISR,1999-07-01,2588.5,2253.9,334.6,1319.8,1143.2,176.6,1.0,39.220813955,12.926405254,68.1,46.9,21.2,40.5,29.5,11.0,783.4,737.2,46.2,360.4,340.4,20.0,,,,
ISR,1999-10-01,2654.1,2330.9,323.1,1343.7,1175.4,168.2,1.0,38.944100999,12.173618176,76.7,53.5,23.2,46.3,32.3,14.0,802.5,755.3,47.2,362.3,343.6,18.7,,,,
ISR,2000-01-01,2625.2,2328.8,296.4,1342.8,1169.7,173.0,1.0,39.346452724,11.290568338,76.4,48.4,28.1,45.3,29.6,15.7,780.1,736.2,43.9,350.3,331.4,18.9,,,,
ISR,2000-04-01,2710.8,2396.2,314.6,1382.2,1212.9,169.3,1.0,39.222029262,11.605430131,75.9,51.7,24.2,45.4,31.0,14.3,807.8,761.7,46.1,362.2,341.9,20.3,,,,
ISR,2000-07-01,2719.1,2401.2,317.8,1380.2,1213.8,166.5,1.0,39.045724971,11.68769078,69.1,47.5,21.6,39.4,28.4,11.0,800.3,755.0,45.4,357.3,338.2,19.1,,,,
ISR,2000-10-01,2669.2,2336.9,332.3,1354.4,1179.5,174.9,1.0,39.032150227,12.449423048,65.7,39.2,26.5,40.3,24.7,15.6,809.2,764.3,44.9,361.2,343.5,17.8,,,,
ISR,2001-01-01,2672.1,2360.5,311.6,1336.6,1173.2,163.4,1.0,38.477371586,11.661240223,63.0,40.8,22.3,38.7,25.3,13.4,836.8,794.1,42.7,372.1,354.3,17.8,,,,
ISR,2001-04-01,2696.9,2383.5,313.5,1355.3,1188.4,166.9,1.0,38.656919483,11.624457711,64.4,41.7,22.7,39.8,25.6,14.2,834.0,793.0,40.9,371.7,354.8,16.9,,,,
ISR,2001-07-01,2688.2,2383.0,305.2,1332.4,1175.0,157.4,1.0,38.126741943,11.353321925,63.6,42.4,21.3,39.1,26.8,12.4,836.3,795.9,40.4,362.3,345.6,16.6,,,,
ISR,2001-10-01,2688.3,2382.2,306.1,1338.1,1182.7,155.4,1.0,38.288423625,11.386378008,59.2,41.0,18.2,35.7,26.2,9.5,846.2,804.1,42.2,375.6,356.5,19.1,,,,
ISR,2002-01-01,2691.8,2383.8,308.0,1348.6,1190.5,158.1,1.0,38.538695868,11.442157664,60.5,42.4,18.1,36.1,26.5,9.6,861.0,817.7,43.3,382.7,364.4,18.4,,,,
ISR,2002-04-01,2661.7,2355.9,305.8,1319.2,1157.1,162.1,1.0,38.124853694,11.488898073,59.0,39.2,19.8,35.6,24.6,11.0,860.5,823.8,36.7,380.6,365.3,15.3,,,,
ISR,2002-07-01,2683.7,2365.8,317.9,1360.6,1190.1,170.6,1.0,38.998970996,11.845586317,61.5,43.3,18.1,37.5,26.6,10.9,858.0,815.8,42.2,386.1,368.1,18.0,,,,
ISR,2002-10-01,2726.2,2409.9,316.3,1359.0,1192.2,166.8,1.0,38.345851933,11.602230211,67.1,43.1,24.0,39.7,26.5,13.1,878.0,839.4,38.6,385.2,369.0,16.2,,,,
ISR,2003-01-01,2726.6,2395.2,331.5,1369.0,1197.6,171.3,1.0,38.622347359,12.157998973,62.4,40.3,22.0,38.6,25.2,13.4,890.2,846.1,44.1,396.9,378.7,18.2,,,,
ISR,2003-04-01,2712.3,2393.6,318.7,1347.6,1181.2,166.4,1.0,38.219053372,11.750175128,62.1,40.3,21.9,39.0,24.9,14.1,891.9,848.0,43.9,393.6,376.0,17.6,,,,
ISR,2003-07-01,2701.1,2371.5,329.5,1339.3,1166.6,172.7,1.0,38.141156167,12.198733849,60.6,42.2,18.4,38.1,26.7,11.4,884.0,840.6,43.4,391.3,374.5,16.8,,,,
ISR,2003-10-01,2737.9,2412.3,325.5,1354.5,1182.6,171.9,1.0,38.055556336,11.888673801,62.8,46.1,16.7,39.2,29.1,10.1,878.2,837.2,41.1,382.6,366.8,15.8,,,,
ISR,2004-01-01,2727.6,2443.0,284.7,1349.2,1184.9,164.3,1.0,38.049792999,10.43774747,62.8,41.8,21.0,37.5,25.6,11.9,879.5,839.2,40.3,382.4,365.8,16.6,,,,
ISR,2004-04-01,2763.2,2443.7,319.4,1361.1,1192.2,168.9,1.0,37.890851187,11.559061957,67.1,46.9,20.3,42.1,29.5,12.6,889.4,847.4,42.0,386.3,369.7,16.6,,,,
ISR,2004-07-01,2787.6,2466.1,321.5,1378.4,1216.5,161.9,1.0,38.036579578,11.533218539,68.2,48.3,19.9,40.9,29.6,11.2,889.2,845.0,44.2,390.1,373.0,17.0,,,,
ISR,2004-10-01,2796.9,2475.1,321.8,1376.5,1218.7,157.8,1.0,37.857848112,11.505595481,64.0,46.3,17.6,38.6,28.6,10.0,902.7,860.2,42.4,398.1,382.5,15.6,,,,
ISR,2005-01-01,2834.8,2504.2,330.6,1405.4,1239.3,166.1,1.0,38.135915164,11.662198391,67.6,52.4,15.1,40.1,31.7,8.4,926.8,884.7,42.1,409.5,393.8,15.7,,,,
ISR,2005-04-01,2851.0,2530.8,320.2,1413.5,1243.0,170.4,1.0,38.137765426,11.231146966,68.6,53.4,15.3,42.2,33.4,8.8,930.4,886.9,43.5,408.8,392.1,16.8,,,,
ISR,2005-07-01,2884.0,2551.0,333.0,1416.4,1250.5,165.9,1.0,37.778726128,11.546463245,68.5,50.7,17.9,42.5,32.0,10.5,911.7,869.1,42.6,399.7,384.2,15.5,,,,
ISR,2005-10-01,2922.5,2578.5,344.0,1426.4,1263.7,162.7,1.0,37.544252155,11.770744226,67.1,47.8,19.3,40.1,29.3,10.7,924.9,878.4,46.4,410.6,395.2,15.4,,,,
ISR,2006-01-01,2921.2,2569.5,351.6,1421.5,1244.7,176.8,1.0,37.431929976,12.036149528,65.0,46.5,18.4,38.1,28.5,9.6,899.8,852.4,47.5,384.8,366.9,17.9,,,,
ISR,2006-04-01,2957.1,2604.1,353.0,1427.7,1258.8,168.9,1.0,37.138776816,11.937371073,62.1,44.2,17.9,35.9,26.7,9.2,925.2,873.5,51.7,399.2,380.0,19.1,,,,
ISR,2006-07-01,2976.1,2640.6,335.6,1443.0,1273.2,169.8,1.0,37.297133833,11.276502806,63.9,45.5,18.4,38.2,27.8,10.4,959.7,916.2,43.5,414.5,398.0,16.5,,,,
ISR,2006-10-01,3004.0,2653.2,350.8,1486.3,1303.3,183.0,1.0,38.059510396,11.677762983,69.1,50.6,18.5,41.6,30.8,10.8,934.1,888.9,45.1,407.7,390.2,17.5,,,,
ISR,2007-01-01,3051.0,2710.6,340.4,1502.1,1331.7,170.4,1.0,37.87156796,11.156997706,64.8,52.0,12.8,40.7,31.9,8.9,942.8,895.0,47.7,413.5,396.5,17.0,,,,
ISR,2007-04-01,3082.9,2737.7,345.2,1510.1,1328.5,181.6,1.0,37.679307944,11.197249343,66.4,51.1,15.3,40.4,31.0,9.4,952.0,909.0,43.0,410.3,394.0,16.3,,,,
ISR,2007-07-01,3111.3,2771.1,340.2,1523.0,1344.2,178.8,1.0,37.654307252,10.93433613,67.4,51.8,15.5,40.5,31.2,9.3,968.2,934.4,33.8,411.3,398.6,12.7,,,,
ISR,2007-10-01,3124.0,2759.1,364.9,1534.4,1358.0,176.3,1.0,37.781936373,11.680537772,67.1,52.2,14.8,40.5,31.9,8.7,959.1,910.4,48.7,418.4,399.1,19.2,,,,
ISR,2008-01-01,3165.8,2828.7,337.1,1560.9,1374.8,186.0,1.0,37.926979206,10.648177396,68.7,49.3,19.3,42.3,30.4,11.9,961.0,911.5,49.5,416.1,397.1,19.0,,,,
ISR,2008-04-01,3189.9,2850.8,339.1,1591.8,1410.4,181.4,1.0,38.385577556,10.630427286,71.1,52.0,19.1,44.1,32.4,11.7,966.7,918.7,48.0,424.4,406.0,18.4,,,,
ISR,2008-07-01,3214.8,2849.6,365.2,1580.5,1389.9,190.6,1.0,37.817880763,11.359960184,70.4,53.3,17.1,42.1,32.6,9.5,984.0,934.2,49.8,425.6,406.3,19.4,,,,
ISR,2008-10-01,3235.3,2875.4,359.9,1550.4,1373.1,177.3,1.0,36.86259032,11.124161592,71.9,54.7,17.2,41.4,32.8,8.6,993.3,944.5,48.8,419.6,402.7,16.9,,,,
ISR,2009-01-01,3275.0,2906.3,368.6,1588.0,1410.2,177.8,1.0,37.298884322,11.254961832,70.9,54.9,16.0,42.7,33.0,9.7,994.9,954.2,40.7,430.2,415.4,14.8,,,,
ISR,2009-04-01,3256.0,2894.6,361.4,1587.7,1415.1,172.6,1.0,37.509450009,11.0995086,67.6,52.9,14.8,40.3,32.4,7.9,987.3,941.8,45.5,431.7,413.0,18.8,,,,
ISR,2009-07-01,3259.0,2888.8,370.2,1579.5,1380.9,198.6,1.0,37.281374655,11.359312673,65.0,50.6,14.5,38.4,30.3,8.1,992.9,947.4,45.5,426.8,411.6,15.2,,,,
ISR,2009-10-01,3283.9,2901.2,382.7,1642.6,1449.4,193.2,1.0,38.47676426,11.653826243,66.4,52.1,14.3,40.0,31.4,8.7,1003.5,954.1,49.4,443.4,424.2,19.2,,,,
ISR,2010-01-01,3299.1,2913.2,385.9,1606.6,1420.1,186.6,1.0,37.460099841,11.69712952,68.2,52.2,15.9,41.0,31.5,9.5,1020.9,971.0,49.9,444.4,426.0,18.4,,,,
ISR,2010-04-01,3362.6,2987.1,375.5,1614.7,1427.5,187.3,1.0,36.937992121,11.166954143,60.8,51.2,9.6,32.9,28.9,3.9,1028.4,984.8,43.6,439.2,423.4,15.8,,,,
ISR,2010-07-01,3384.0,3002.8,381.1,1667.3,1480.9,186.4,1.0,37.90007274,11.261820331,63.8,50.5,13.3,37.7,30.0,7.7,1004.7,960.1,44.6,449.4,434.7,14.7,,,,
ISR,2010-10-01,3419.3,3040.1,379.2,1679.6,1485.7,193.9,1.0,37.785511654,11.089989179,62.4,45.6,16.8,36.6,27.0,9.6,1039.1,992.9,46.1,453.6,437.6,16.0,,,,
ISR,2011-01-01,3432.1,3039.4,392.7,1687.1,1493.8,193.3,1.0,37.812687007,11.441974301,59.8,46.8,13.0,35.9,27.6,8.3,1057.7,1009.7,48.0,465.3,447.7,17.6,,,,
ISR,2011-04-01,3455.1,3083.6,371.4,1688.3,1498.6,189.7,1.0,37.587690883,10.749327082,56.8,46.1,10.7,33.8,27.3,6.5,1061.2,1010.1,51.1,472.6,453.1,19.5,,,,
ISR,2011-07-01,3497.3,3112.4,384.9,1724.4,1541.4,182.9,1.0,37.928159965,11.005632917,62.2,48.6,13.7,36.5,29.0,7.4,1073.3,1014.2,59.1,485.0,461.8,23.2,,,,
ISR,2011-10-01,3548.1,3134.0,414.1,1697.7,1500.3,197.4,1.0,36.806264675,11.671035202,67.0,52.1,14.8,39.9,30.9,9.0,1108.9,1051.0,57.9,481.0,459.1,21.9,,,,
ISR,2012-01-01,3542.3,3154.1,388.2,1709.8,1503.1,206.7,1.0,37.129288011,10.958981453,67.1,49.7,17.4,39.1,29.0,10.2,1114.9,1046.9,68.0,484.1,458.6,25.5,,,,
ISR,2012-04-01,3624.5,3179.2,445.3,1752.3,1545.0,207.3,1.0,37.189214427,12.285832529,74.2,54.7,19.6,43.1,31.9,11.2,1136.0,1065.9,70.1,498.6,471.8,26.8,,,,
ISR,2012-07-01,3665.1,3240.3,424.8,1759.2,1548.4,210.8,1.0,36.9220695,11.59040681,69.2,54.1,15.1,40.9,31.8,9.1,1152.7,1091.5,61.2,504.9,481.2,23.7,,,,
ISR,2012-10-01,3667.4,3238.3,429.1,1736.7,1538.0,198.7,1.0,36.426980338,11.700387195,64.3,52.2,12.1,37.8,30.6,7.2,1148.6,1080.8,67.7,496.2,471.5,24.7,,,,
ISR,2013-01-01,3706.3,3269.5,436.8,1747.3,1546.7,200.6,1.0,36.2646554,11.785338478,74.7,56.3,18.4,43.2,32.4,10.8,1152.9,1088.9,64.0,498.3,474.1,24.2,,,,
ISR,2013-04-01,3713.4,3263.6,449.9,1764.0,1544.6,219.4,1.0,36.541258063,12.115581408,76.8,57.9,18.9,43.3,33.3,10.0,1157.2,1086.3,70.9,497.1,471.4,25.7,,,,
ISR,2013-07-01,3760.8,3321.0,439.8,1781.1,1579.2,201.8,1.0,36.430464877,11.694320357,69.8,53.6,16.3,40.0,30.8,9.2,1173.5,1107.7,65.9,500.7,478.2,22.5,,,,
ISR,2013-10-01,3777.3,3351.3,426.0,1833.6,1626.9,206.7,1.0,37.340469077,11.27789691,70.3,56.6,13.7,41.0,32.8,8.2,1179.6,1111.7,67.9,523.2,497.6,25.6,,,,
ISR,2014-01-01,3839.4,3400.0,439.4,1845.5,1640.9,204.6,1.0,36.974927974,11.444496536,69.3,54.6,14.8,39.7,31.3,8.4,1213.2,1140.9,72.3,534.7,506.9,27.8,,,,
ISR,2014-04-01,3847.6,3401.4,446.2,1818.1,1614.1,204.0,1.0,36.348333027,11.596839588,70.5,54.1,16.4,40.7,31.9,8.8,1216.3,1146.5,69.8,523.8,499.2,24.6,,,,
ISR,2014-07-01,3847.6,3392.3,455.3,1810.4,1601.8,208.6,1.0,36.194390909,11.83335066,74.3,55.3,19.0,43.1,32.3,10.8,1219.5,1144.4,75.2,529.9,503.0,26.9,,,,
ISR,2014-10-01,3887.3,3428.0,459.3,1842.3,1627.2,215.1,1.0,36.455993779,11.815398863,70.6,55.0,15.5,41.3,32.2,9.2,1253.3,1171.1,82.1,541.5,512.2,29.3,,,,
ISR,2015-01-01,3897.4,3437.8,459.6,1846.1,1633.4,212.7,1.0,36.43651981,11.792477036,68.8,54.2,14.5,39.2,31.1,8.1,1257.1,1181.4,75.7,541.1,514.3,26.8,,,,
ISR,2015-04-01,3942.2,3474.0,468.2,1859.9,1660.8,199.1,1.0,36.291723091,11.876617117,69.7,53.4,16.4,40.2,30.9,9.3,1253.6,1180.3,73.4,539.0,512.8,26.2,,,,
ISR,2015-07-01,3955.9,3484.4,471.4,1870.1,1650.4,219.7,1.0,36.364378815,11.916378068,71.7,53.5,18.1,41.2,30.9,10.3,1271.9,1196.5,75.4,545.1,517.0,28.1,,,,
ISR,2015-10-01,3967.1,3498.5,468.6,1901.4,1669.6,231.8,1.0,36.86862909,11.812154975,65.5,49.5,16.0,38.3,29.2,9.1,1270.7,1194.4,76.3,551.0,523.2,27.9,,,,
ISR,2016-01-01,3944.9,3500.7,444.2,1889.1,1665.0,224.1,1.0,36.836265714,11.260107988,69.5,55.1,14.4,40.7,32.2,8.4,1255.7,1180.3,75.4,541.1,514.9,26.2,,,,
ISR,2016-04-01,4028.9,3541.1,487.8,1967.2,1739.0,228.2,1.0,37.559402547,12.107523145,69.3,52.8,16.5,41.6,31.6,10.0,1272.5,1193.6,78.9,565.6,536.8,28.8,,,,
ISR,2016-07-01,4048.7,3561.4,487.3,1959.5,1722.7,236.8,1.0,37.22942407,12.035962161,70.8,55.3,15.5,41.4,32.6,8.8,1276.9,1202.2,74.7,563.7,536.6,27.0,,,,
ISR,2016-10-01,4078.3,3601.5,476.8,1954.2,1732.8,221.4,1.0,36.859249423,11.691145821,73.3,56.2,17.0,42.7,33.0,9.7,1303.5,1227.3,76.3,568.4,541.2,27.3,,,,
ISR,2017-01-01,4105.9,3624.8,481.0,1983.1,1754.4,228.7,1.0,37.152915036,11.714849363,75.4,61.1,14.3,44.7,36.7,8.1,1311.1,1232.8,78.3,572.4,545.8,26.6,,,,
ISR,2017-04-01,4113.0,3641.3,471.7,1952.4,1731.0,221.4,1.0,36.514615946,11.468514466,71.7,58.6,13.1,41.2,34.1,7.1,1305.7,1231.7,74.0,566.0,538.9,27.0,,,,
ISR,2017-07-01,4144.9,3661.8,483.1,1999.8,1770.3,229.5,1.0,37.113264308,11.65528722,67.2,54.9,12.4,39.0,32.0,7.0,1314.2,1238.4,75.8,581.8,556.4,25.4,,,,
ISR,2017-10-01,4161.7,3672.8,488.9,1997.8,1768.5,229.3,1.0,36.9264779,11.747603143,71.3,58.7,12.6,41.4,34.1,7.3,1329.5,1255.9,73.6,577.4,552.5,25.0,,,,
ISR,2018-01-01,4173.9,3698.6,475.3,2002.7,1779.1,223.6,1.0,36.908849315,11.387431419,70.8,57.5,13.3,41.7,33.4,8.3,1346.1,1265.1,81.0,584.6,555.8,28.8,,,,
ISR,2018-04-01,4216.7,3704.3,512.4,2014.0,1789.1,224.9,1.0,36.740360216,12.151682595,71.1,59.8,11.3,41.3,34.8,6.5,1372.1,1284.5,87.6,603.0,570.3,32.7,,,,
ISR,2018-07-01,4211.9,3726.8,485.1,1980.2,1763.0,217.2,1.0,36.16493196,11.517367459,75.0,61.6,13.4,42.4,35.3,7.2,1378.3,1300.1,78.1,578.7,554.1,24.6,,,,
ISR,2018-10-01,4229.0,3739.9,489.1,2028.2,1794.7,233.6,1.0,36.891791113,11.565381887,71.4,59.4,12.0,41.6,34.4,7.2,1357.4,1282.8,74.6,590.1,564.7,25.4,,,,
ISR,2019-01-01,4269.0,3769.4,499.5,2051.5,1810.4,241.1,1.0,36.965962124,11.700632467,67.3,54.2,13.1,39.6,31.5,8.1,1389.0,1319.0,70.0,607.2,578.8,28.4,,,,
ISR,2019-04-01,4273.9,3763.7,510.3,2026.9,1791.8,235.2,1.0,36.480821876,11.939914364,69.2,57.0,12.2,40.6,32.6,8.0,1386.0,1303.3,82.7,598.6,570.5,28.1,,,,
ISR,2019-07-01,4273.2,3773.8,499.4,2018.8,1791.3,227.4,1.0,36.340987478,11.6867921,74.0,63.4,10.6,43.1,36.9,6.2,1379.5,1300.7,78.8,588.3,563.8,24.5,,,,
ISR,2019-10-01,4270.5,3791.6,478.8,2004.6,1781.3,223.3,1.0,36.108184053,11.211801897,74.9,61.0,13.9,43.2,35.4,7.8,1352.4,1277.5,74.9,572.8,548.7,24.1,,,,
ISR,2020-01-01,4220.4,3785.7,434.7,1889.7,1690.9,198.8,1.0,34.442597493,10.299971567,70.8,59.2,11.6,40.3,33.3,7.0,1370.6,1305.5,65.1,557.0,535.4,21.6,,,,
ISR,2020-04-01,4139.0,3632.8,506.2,1670.7,1510.5,160.2,1.0,31.049863401,12.230007248,66.3,54.4,11.9,39.2,32.0,7.2,1404.1,1323.1,80.9,544.3,527.7,16.6,,,,
ISR,2020-07-01,4129.5,3622.1,507.5,1903.7,1668.3,235.4,1.0,35.461547775,12.289623441,64.0,50.7,13.2,38.6,30.5,8.1,1426.5,1357.8,68.8,611.1,593.9,17.2,,,,
ISR,2020-10-01,4141.1,3659.9,481.2,1895.6,1692.1,203.5,1.0,35.211751616,11.620100939,72.5,55.3,17.2,43.7,32.8,10.9,1403.8,1338.5,65.4,601.9,583.3,18.7,,,,
ISR,2021-01-01,4113.1,3654.0,459.1,1809.9,1648.2,161.8,1.0,33.848697314,11.161897352,66.9,56.3,10.6,39.1,33.0,6.1,1401.6,1333.9,67.7,584.8,563.6,21.2,,,,
ISR,2021-04-01,4173.8,3671.3,502.5,1982.2,1743.3,238.9,1.0,36.531918893,12.039388567,66.6,54.7,11.9,37.9,31.6,6.4,1426.1,1349.9,76.2,622.6,599.0,23.6,,,,
ISR,2021-07-01,4249.3,3718.6,530.7,2008.8,1769.6,239.2,1.0,36.364360465,12.489115854,64.7,53.9,10.8,38.0,31.6,6.4,1421.1,1342.0,79.1,615.6,591.8,23.7,,,,
ISR,2021-10-01,4354.9,3856.3,498.6,2122.2,1879.8,242.5,1.0,37.485626271,11.449172197,63.8,51.7,12.2,37.9,30.4,7.5,1478.5,1408.9,69.7,658.9,634.9,24.0,,,,
ISR,2022-01-01,4448.3,3912.2,536.1,2105.0,1865.4,239.6,1.0,36.401114341,12.051795068,68.2,56.0,12.2,40.3,33.3,7.0,1499.5,1420.5,79.0,647.3,617.5,29.8,,,,
ISR,2022-04-01,4470.6,3923.6,546.9,2137.4,1894.8,242.6,1.0,36.777028724,12.233257281,68.1,57.1,10.9,40.2,33.6,6.5,1470.7,1377.5,93.2,635.2,605.7,29.5,,,,
ISR,2022-07-01,4512.2,3966.7,545.5,2143.0,1901.1,241.9,1.0,36.533432438,12.08944639,66.7,57.6,9.1,38.8,33.8,5.0,1452.3,1361.7,90.6,626.3,598.1,28.2,,,,
ISR,2022-10-01,4535.3,3983.8,551.6,2126.3,1878.1,248.2,1.0,36.064105674,12.162370736,70.3,61.5,8.9,40.6,35.7,4.9,1462.4,1378.7,83.7,629.0,599.8,29.2,,,,
ISR,2023-01-01,4617.3,4059.5,557.8,2173.6,1914.0,259.5,1.0,36.211638837,12.080653196,74.4,61.5,12.9,43.8,36.6,7.2,1502.5,1427.4,75.1,644.1,615.2,28.9,,,,
ISR,2023-04-01,4651.8,4092.3,559.6,2177.6,1939.6,238.0,1.0,36.009220583,12.029751924,75.2,63.3,11.9,44.4,37.2,7.1,1503.9,1420.1,83.8,638.1,610.7,27.4,,,,
ISR,2023-07-01,4649.7,4099.9,549.8,2203.2,1951.4,251.8,1.0,36.449001673,11.82441878,73.3,63.1,10.2,43.1,37.7,5.5,1568.6,1485.7,83.0,668.0,643.0,24.9,,,,
ISR,2023-10-01,4584.8,4008.5,576.3,2117.2,1907.8,209.4,1.0,35.522059514,12.569795847,59.5,48.7,10.8,33.9,28.0,5.8,1742.3,1658.9,83.4,790.7,764.3,26.4,,,,
ISR,2024-01-01,4562.9,4034.7,528.1,2145.4,1908.6,236.8,1.0,36.167956613,11.573779833,64.9,53.0,12.0,39.3,32.3,6.9,1679.8,1593.0,86.8,742.1,709.1,33.0,,,,
ISR,2024-04-01,4622.4,4057.9,564.5,2165.2,1911.3,253.9,1.0,36.031898181,12.212270682,70.7,58.4,12.2,43.2,35.7,7.6,1671.3,1575.9,95.4,745.5,714.0,31.6,,,,
ISR,2024-07-01,4672.6,4097.8,574.8,2184.7,1949.5,235.1,1.0,35.965810502,12.301502376,73.9,62.1,11.8,44.6,37.4,7.2,1678.3,1585.6,92.7,748.1,719.8,28.3,,,,
ISR,2024-10-01,4713.6,4147.0,566.6,2232.0,1986.3,245.6,1.0,36.424878584,12.02053632,75.8,63.6,12.2,45.0,38.6,6.5,1713.3,1615.7,97.6,780.7,745.8,34.9,,,,
ISR,2025-01-01,4755.0,4178.1,577.0,2250.1,2008.3,241.8,1.0,36.400550028,12.134595163,76.1,63.7,12.5,45.0,38.2,6.9,1692.2,1590.5,101.7,755.2,717.3,37.9,,,,
ISR,2025-04-01,4767.6,4191.6,576.0,2197.1,1956.3,240.8,1.0,35.44921812,12.081550466,74.6,61.5,13.0,44.0,37.6,6.4,1760.8,1656.1,104.7,767.3,734.7,32.6,,,,
ISR,2025-07-01,4770.0,4177.8,592.1,2228.7,1978.6,250.1,1.0,35.940977262,12.412997904,73.0,62.2,10.7,43.9,38.2,5.7,1725.3,1625.7,99.6,762.0,728.3,33.6,,,,
ISR,2025-10-01,4841.5,4249.8,591.6,2269.4,2005.1,264.3,1.0,36.056848243,12.219353506,72.8,63.7,9.1,44.4,38.7,5.8,1686.2,1579.8,106.4,760.5,721.1,39.4,,,,
ISR,2026-01-01,4824.8,4201.8,622.9,2126.1,1886.2,239.9,1.0,33.896980983,12.910379705,71.0,66.3,4.7,41.9,39.1,2.8,1706.9,1599.4,107.5,703.5,669.6,33.8,,,,
ITA,1995-01-01,21652.2,15479.4,6172.8,9936.9,6625.6,3311.3,1.0,35.302506123,28.508881315,1251.3,483.4,768.0,680.7,195.4,485.4,4453.4,4118.1,335.4,1591.7,1462.6,129.1,,,,
ITA,1995-04-01,21642.3,15448.4,6193.9,9942.4,6628.4,3314.0,1.0,35.338203426,28.619416605,1257.4,488.2,769.2,702.1,202.8,499.3,4454.9,4114.9,340.0,1596.8,1462.4,134.3,,,,
ITA,1995-07-01,21669.4,15472.6,6196.8,9950.4,6633.1,3317.3,1.0,35.322407848,28.597007762,1243.0,480.8,762.2,698.7,196.5,502.2,4454.6,4115.5,339.2,1600.0,1463.9,136.1,,,,
ITA,1995-10-01,21718.1,15497.7,6220.4,9990.6,6655.1,3335.5,1.0,35.385585862,28.641547833,1221.5,472.6,748.9,703.9,197.2,506.7,4460.9,4119.7,341.2,1603.4,1467.2,136.3,,,,
ITA,1996-01-01,21749.3,15498.2,6251.1,10102.9,6714.8,3388.2,1.0,35.732007644,28.741614673,1197.7,457.8,739.9,694.0,193.1,500.9,4472.7,4127.6,345.1,1608.5,1472.2,136.3,,,,
ITA,1996-04-01,21780.7,15524.3,6256.3,9931.8,6619.7,3312.0,1.0,35.076219561,28.724053864,1189.3,452.6,736.6,671.2,185.8,485.4,4468.5,4134.6,333.9,1605.0,1475.1,129.9,,,,
ITA,1996-07-01,21852.9,15573.9,6279.0,10062.2,6688.5,3373.8,1.0,35.419344097,28.733028568,1188.8,448.4,740.4,697.5,189.9,507.6,4477.4,4140.7,336.7,1606.3,1475.8,130.5,,,,
ITA,1996-10-01,21828.8,15564.0,6264.7,10012.7,6676.5,3336.2,1.0,35.284014344,28.699241369,1196.2,443.0,753.3,669.8,184.3,485.5,4482.6,4146.0,336.6,1605.1,1474.4,130.7,,,,
ITA,1997-01-01,21837.8,15576.4,6261.4,9920.2,6647.3,3272.9,1.0,34.943643943,28.672302155,1187.3,439.2,748.1,671.5,186.1,485.5,4481.7,4150.7,331.1,1599.5,1470.8,128.7,,,,
ITA,1997-04-01,21860.9,15585.3,6275.6,10099.8,6722.4,3377.3,1.0,35.538687442,28.70696083,1170.2,431.4,738.8,694.2,184.7,509.6,4493.9,4153.6,340.3,1601.9,1469.7,132.1,,,,
ITA,1997-07-01,21897.6,15619.4,6278.2,10078.6,6724.2,3354.3,1.0,35.404652705,28.670721906,1176.8,436.7,740.2,684.3,187.5,496.8,4492.4,4154.7,337.6,1602.4,1471.2,131.3,,,,
ITA,1997-10-01,21921.0,15634.4,6286.6,10103.5,6737.1,3366.4,1.0,35.454236015,28.678436203,1172.7,436.9,735.8,691.4,187.2,504.2,4495.8,4154.3,341.5,1607.8,1475.0,132.8,,,,
ITA,1998-01-01,22016.3,15711.8,6304.5,10123.7,6759.5,3364.2,1.0,35.371345496,28.635601804,1158.7,439.3,719.4,679.8,185.7,494.1,4504.3,4152.3,352.0,1618.4,1481.5,136.9,,,,
ITA,1998-04-01,22052.2,15717.1,6335.1,10209.4,6798.1,3411.3,1.0,35.612703564,28.727745985,1127.2,430.1,697.1,682.7,188.7,494.0,4511.8,4153.5,358.3,1627.6,1487.1,140.5,,,,
ITA,1998-07-01,22147.2,15761.5,6385.7,10200.9,6782.4,3418.5,1.0,35.430420793,28.832990175,1106.6,421.6,685.1,662.0,182.0,480.0,4516.8,4157.9,358.9,1632.1,1491.9,140.1,,,,
ITA,1998-10-01,22215.2,15812.4,6402.8,10232.2,6802.4,3429.8,1.0,35.430349837,28.82170766,1088.2,414.6,673.6,646.3,180.2,466.1,4527.9,4165.7,362.2,1637.5,1496.1,141.5,,,,
ITA,1999-01-01,22249.9,15829.4,6420.5,10131.7,6743.2,3388.6,1.0,35.027642302,28.856309467,1064.2,408.9,655.3,646.3,180.0,466.3,4543.5,4177.0,366.4,1640.9,1499.3,141.5,,,,
ITA,1999-04-01,22364.0,15996.8,6367.3,10324.0,6891.0,3433.1,1.0,35.510366936,28.47120372,1067.1,413.0,654.1,643.6,182.8,460.8,4543.3,4187.4,355.9,1641.7,1503.7,138.0,,,,
ITA,1999-07-01,22407.2,16048.3,6359.0,10295.1,6909.0,3386.2,1.0,35.342692047,28.379270949,1061.5,410.0,651.5,636.1,181.0,455.1,4560.5,4197.0,363.5,1648.7,1509.0,139.7,,,,
ITA,1999-10-01,22427.4,16046.5,6380.9,10360.4,6927.5,3432.9,1.0,35.534829992,28.451358606,1042.7,413.8,628.9,638.3,180.4,458.0,4569.6,4206.1,363.5,1655.5,1515.5,140.0,,,,
ITA,2000-01-01,22546.3,16125.1,6421.3,10405.7,6995.9,3409.9,1.0,35.501987534,28.480504562,1047.0,417.1,629.9,610.6,176.4,434.1,4582.1,4215.0,367.2,1666.0,1523.6,142.4,,,,
ITA,2000-04-01,22735.3,16223.9,6511.4,10432.3,7033.8,3398.5,1.0,35.296856227,28.640044336,1046.5,413.1,633.4,592.8,175.2,417.7,4606.2,4223.8,382.3,1672.1,1526.0,146.1,,,,
ITA,2000-07-01,22888.3,16309.1,6579.2,10495.3,7066.0,3429.3,1.0,35.272640136,28.744817221,1043.3,413.8,629.5,601.1,176.8,424.3,4621.2,4233.0,388.2,1672.7,1523.2,149.5,,,,
ITA,2000-10-01,23061.4,16433.3,6628.1,10488.8,7085.7,3403.0,1.0,34.986200718,28.741099846,1053.2,415.2,638.0,586.6,174.1,412.5,4635.4,4242.7,392.7,1665.4,1515.2,150.2,,,,
ITA,2001-01-01,23128.8,16524.9,6603.9,10621.1,7138.3,3482.8,1.0,35.324257735,28.5527135,1060.3,421.0,639.4,626.9,186.1,440.8,4651.6,4253.0,398.6,1655.5,1501.9,153.5,,,,
ITA,2001-04-01,23127.5,16548.0,6579.6,10514.3,7099.8,3414.5,1.0,34.971021844,28.44924873,1059.6,420.6,639.0,616.5,181.9,434.6,4654.9,4262.1,392.8,1643.9,1493.9,150.0,,,,
ITA,2001-07-01,23325.6,16689.9,6635.7,10513.2,7126.7,3386.5,1.0,34.670391857,28.448142813,1048.4,419.7,628.8,600.5,179.6,420.9,4665.1,4270.0,395.1,1640.5,1490.8,149.7,,,,
ITA,2001-10-01,23389.9,16765.9,6624.1,10595.6,7167.0,3428.6,1.0,34.846072615,28.320343396,1045.4,422.3,623.1,620.1,185.5,434.6,4681.6,4276.8,404.8,1645.5,1492.6,152.9,,,,
ITA,2002-01-01,23601.8,16980.8,6621.0,10613.2,7218.8,3394.4,1.0,34.590582074,28.052945114,1039.7,421.0,618.7,603.5,176.3,427.2,4690.7,4282.5,408.2,1650.2,1499.3,150.9,,,,
ITA,2002-04-01,23545.0,16957.6,6587.4,10657.4,7218.6,3438.8,1.0,34.818432788,27.977914632,1028.9,421.9,607.0,606.1,179.3,426.8,4698.8,4286.7,412.1,1654.9,1501.8,153.1,,,,
ITA,2002-07-01,23717.5,17053.4,6664.0,10663.8,7218.3,3445.5,1.0,34.585951626,28.097396437,1032.1,417.8,614.3,600.0,172.9,427.1,4713.7,4289.2,424.5,1653.5,1500.0,153.6,,,,
ITA,2002-10-01,23790.4,17134.3,6656.1,10673.9,7212.3,3461.5,1.0,34.512628235,27.978092003,1019.1,404.0,615.1,599.4,167.3,432.1,4708.8,4290.1,418.8,1647.8,1493.8,154.1,,,,
ITA,2003-01-01,23878.3,17150.7,6727.5,10752.4,7231.2,3521.2,1.0,34.638466403,28.174116248,1006.7,384.4,622.3,598.6,162.7,435.9,4713.9,4289.0,424.9,1640.4,1482.9,157.5,,,,
ITA,2003-04-01,24057.5,17265.5,6792.0,10752.7,7210.3,3542.5,1.0,34.381409923,28.232359971,982.8,372.0,610.8,589.9,159.3,430.6,4712.6,4287.3,425.2,1634.2,1476.6,157.6,,,,
ITA,2003-07-01,24070.0,17306.1,6763.9,10729.8,7217.4,3512.4,1.0,34.290371033,28.100955546,987.7,365.4,622.3,578.8,155.7,423.1,4697.5,4284.8,412.7,1628.8,1474.6,154.2,,,,
ITA,2003-10-01,24189.8,17355.5,6834.3,10792.6,7246.7,3545.9,1.0,34.320250684,28.252817303,992.3,374.4,617.9,592.0,162.6,429.4,4705.5,4281.5,424.0,1633.4,1476.8,156.6,,,,
ITA,2004-01-01,24086.1,17248.7,6837.4,10738.6,7228.3,3510.3,1.0,34.295554442,28.387327131,989.0,382.7,606.3,585.7,164.6,421.1,4696.5,4277.3,419.2,1637.4,1483.5,153.8,,,,
ITA,2004-04-01,24113.2,17265.6,6847.7,10701.6,7190.7,3510.9,1.0,34.138977821,28.398138779,989.0,387.4,601.6,589.6,164.9,424.7,4698.6,4275.7,422.9,1642.6,1488.8,153.7,,,,
ITA,2004-07-01,24238.2,17324.6,6913.6,10744.4,7190.9,3553.5,1.0,34.098749399,28.523570232,1013.7,398.7,614.9,614.2,173.9,440.4,4696.2,4276.7,419.5,1645.5,1493.0,152.4,,,,
ITA,2004-10-01,24295.3,17358.1,6937.2,10765.2,7203.7,3561.5,1.0,34.084465213,28.553670875,1006.6,397.0,609.6,598.6,171.1,427.5,4696.2,4280.4,415.7,1648.8,1496.2,152.6,,,,
ITA,2005-01-01,24327.5,17529.7,6797.8,10787.2,7237.7,3549.5,1.0,34.108914413,27.942863015,975.2,402.5,572.7,581.8,175.7,406.2,4689.4,4286.9,402.5,1646.0,1498.3,147.7,,,,
ITA,2005-04-01,24354.9,17585.3,6769.6,10849.9,7314.7,3535.2,1.0,34.268573975,27.79563866,992.9,416.9,576.0,593.4,181.1,412.3,4690.0,4294.7,395.3,1648.1,1500.4,147.7,,,,
ITA,2005-07-01,24203.7,17561.6,6642.1,10767.4,7296.4,3471.0,1.0,34.220451355,27.442498461,979.9,423.3,556.6,590.2,184.7,405.5,4694.0,4303.8,390.2,1647.5,1502.5,145.1,,,,
ITA,2005-10-01,24339.9,17680.7,6659.3,10897.8,7396.0,3501.8,1.0,34.441074437,27.359602956,981.7,425.5,556.2,587.6,186.4,401.2,4693.1,4314.3,378.9,1646.7,1504.5,142.2,,,,
ITA,2006-01-01,24659.7,17874.8,6784.9,10960.0,7444.2,3515.8,1.0,34.188450106,27.514122232,996.7,434.0,562.8,591.3,186.1,405.2,4707.9,4326.2,381.7,1652.0,1506.6,145.3,,,,
ITA,2006-04-01,24835.4,18030.1,6805.4,11067.5,7524.7,3542.7,1.0,34.279542663,27.402014866,1017.2,435.6,581.6,592.7,187.1,405.6,4721.1,4333.8,387.3,1652.0,1507.2,144.8,,,,
ITA,2006-07-01,24755.5,17950.0,6805.5,11099.0,7512.6,3586.3,1.0,34.488062482,27.490860617,998.0,433.5,564.5,597.7,187.7,410.0,4725.7,4337.3,388.5,1656.5,1506.3,150.3,,,,
ITA,2006-10-01,24904.0,18059.7,6844.3,11196.1,7593.6,3602.5,1.0,34.582334627,27.482733697,990.7,430.6,560.2,604.5,186.9,417.6,4718.0,4336.4,381.6,1649.1,1503.8,145.3,,,,
ITA,2007-01-01,24886.9,18131.8,6755.1,11147.4,7566.2,3581.2,1.0,34.455569303,27.143195818,977.6,427.3,550.3,606.2,188.0,418.2,4704.0,4331.2,372.7,1642.9,1499.6,143.3,,,,
ITA,2007-04-01,25078.6,18231.5,6847.1,11156.7,7563.0,3593.8,1.0,34.220717756,27.302560749,978.0,428.5,549.4,593.4,181.5,411.9,4701.0,4328.4,372.7,1641.1,1497.6,143.5,,,,
ITA,2007-07-01,25185.0,18275.6,6909.3,11265.2,7597.5,3667.7,1.0,34.407538064,27.434187016,964.0,418.9,545.1,576.4,175.7,400.7,4708.6,4327.7,380.8,1644.8,1497.5,147.3,,,,
ITA,2007-10-01,25258.5,18424.0,6834.5,11235.7,7648.9,3586.8,1.0,34.217574891,27.058218026,953.8,419.3,534.6,573.5,180.8,392.7,4725.5,4329.4,396.2,1648.8,1499.4,149.3,,,,
ITA,2008-01-01,25240.9,18354.2,6886.7,11289.7,7691.9,3597.8,1.0,34.406002224,27.283892413,964.9,421.5,543.3,572.0,183.6,388.4,4726.4,4333.2,393.2,1652.3,1503.5,148.8,,,,
ITA,2008-04-01,25213.4,18429.8,6783.6,11193.1,7680.6,3512.4,1.0,34.148813421,26.90474113,936.9,409.1,527.8,558.2,178.4,379.8,4727.5,4334.3,393.2,1656.8,1507.4,149.4,,,,
ITA,2008-07-01,25168.6,18473.6,6695.0,11156.4,7680.4,3476.0,1.0,34.097431537,26.600605516,943.0,410.1,532.9,564.1,179.8,384.3,4724.3,4332.6,391.7,1659.2,1511.2,148.0,,,,
ITA,2008-10-01,25010.6,18343.1,6667.5,11029.8,7574.8,3455.0,1.0,33.923462606,26.658696713,939.9,407.4,532.4,550.1,175.9,374.2,4706.1,4328.1,378.0,1663.1,1515.2,147.9,,,,
ITA,2009-01-01,24866.1,18281.8,6584.3,10841.8,7445.4,3396.3,1.0,33.539019604,26.47902164,933.3,398.8,534.5,546.7,168.0,378.7,4700.3,4320.9,379.5,1667.0,1519.4,147.6,,,,
ITA,2009-04-01,24707.7,18144.5,6563.2,10775.1,7361.3,3413.8,1.0,33.546378099,26.563379028,923.1,392.8,530.3,551.2,170.4,380.8,4699.5,4312.5,387.0,1672.1,1519.4,152.6,,,,
ITA,2009-07-01,24728.3,18184.7,6543.6,10710.5,7355.4,3355.1,1.0,33.317478977,26.461988895,919.0,399.5,519.4,550.9,170.0,380.9,4686.8,4302.9,383.9,1666.9,1515.1,151.7,,,,
ITA,2009-10-01,24643.8,18118.0,6525.7,10706.7,7331.5,3375.2,1.0,33.419858451,26.480088298,922.8,403.4,519.4,549.0,173.5,375.5,4661.4,4292.0,369.3,1654.3,1506.5,147.7,,,,
ITA,2010-01-01,24672.7,18095.1,6577.6,10767.1,7315.9,3451.2,1.0,33.569024125,26.659425195,927.3,390.0,537.3,548.8,170.1,378.7,4669.1,4279.9,389.2,1647.0,1493.4,153.6,,,,
ITA,2010-04-01,24540.1,17901.2,6638.9,10658.2,7239.7,3418.5,1.0,33.409054505,27.053271992,947.2,412.5,534.7,551.6,177.2,374.4,4660.2,4271.6,388.6,1637.8,1485.1,152.7,,,,
ITA,2010-07-01,24520.2,17907.1,6613.1,10637.5,7247.4,3390.1,1.0,33.371229875,26.970008401,938.8,411.4,527.4,543.6,176.0,367.6,4654.1,4267.1,387.0,1631.4,1481.5,150.0,,,,
ITA,2010-10-01,24644.2,18049.8,6594.5,10669.6,7302.0,3367.6,1.0,33.303514074,26.758831693,955.0,412.2,542.8,530.1,175.4,354.8,4648.8,4266.4,382.3,1635.1,1482.5,152.6,,,,
ITA,2011-01-01,24696.9,18032.2,6664.6,10759.2,7311.6,3447.7,1.0,33.511524492,26.985573088,935.8,405.8,530.0,548.6,180.2,368.5,4660.1,4269.7,390.4,1642.7,1488.4,154.4,,,,
ITA,2011-04-01,24683.4,18038.1,6645.3,10751.9,7349.0,3402.9,1.0,33.507103186,26.922142006,922.6,408.6,514.0,519.7,177.4,342.3,4655.5,4268.2,387.3,1643.1,1489.0,154.0,,,,
ITA,2011-07-01,24637.0,18074.0,6563.0,10730.8,7343.7,3387.1,1.0,33.504329011,26.638795308,934.7,413.0,521.7,521.2,178.8,342.5,4649.8,4262.0,387.8,1641.0,1484.6,156.4,,,,
ITA,2011-10-01,24600.0,18058.9,6541.1,10670.6,7298.8,3371.9,1.0,33.366479049,26.589837398,906.9,414.2,492.6,523.3,178.8,344.4,4651.1,4250.8,400.3,1633.2,1474.9,158.3,,,,
ITA,2012-01-01,24617.0,18033.1,6583.9,10526.5,7213.2,3313.4,1.0,32.893153887,26.745338587,924.7,414.2,510.5,510.8,174.3,336.5,4633.5,4234.6,398.8,1620.0,1459.6,160.3,,,,
ITA,2012-04-01,24693.0,18126.1,6567.0,10509.2,7183.9,3325.3,1.0,32.738022921,26.59458146,942.5,426.4,516.1,520.5,177.2,343.3,4618.2,4221.7,396.5,1611.7,1448.4,163.3,,,,
ITA,2012-07-01,24596.8,18025.3,6571.5,10473.1,7123.4,3349.6,1.0,32.75316614,26.716890002,891.1,414.6,476.5,505.0,175.2,329.8,4619.0,4211.8,407.2,1608.0,1440.8,167.2,,,,
ITA,2012-10-01,24463.3,17950.2,6513.0,10321.8,7048.1,3273.8,1.0,32.456153315,26.623554467,891.2,417.0,474.3,500.4,171.9,328.5,4608.5,4204.6,403.9,1601.7,1436.7,165.0,,,,
ITA,2013-01-01,24252.8,17819.4,6433.5,10194.2,6981.5,3212.7,1.0,32.333142184,26.526834015,904.2,415.7,488.5,506.3,171.1,335.2,4601.8,4200.0,401.8,1598.4,1436.0,162.4,,,,
ITA,2013-04-01,24153.3,17744.9,6408.5,10173.4,6965.2,3208.3,1.0,32.400095671,26.532606311,889.1,402.3,486.8,510.4,170.2,340.2,4596.6,4198.1,398.5,1592.0,1435.9,156.1,,,,
ITA,2013-07-01,24081.7,17662.0,6419.7,10193.4,6954.6,3238.8,1.0,32.560313114,26.658001719,896.8,410.6,486.2,508.3,172.7,335.6,4594.0,4198.7,395.3,1592.7,1436.6,156.1,,,,
ITA,2013-10-01,24088.0,17644.9,6443.1,10167.5,6935.2,3232.3,1.0,32.469087704,26.748173364,890.0,404.1,486.0,509.0,169.9,339.1,4605.5,4201.7,403.8,1596.0,1437.9,158.1,,,,
ITA,2014-01-01,24101.6,17677.0,6424.6,10193.6,6970.2,3223.4,1.0,32.53406732,26.656321572,880.6,410.6,470.0,508.0,171.4,336.6,4624.3,4207.1,417.3,1602.8,1440.0,162.9,,,,
ITA,2014-04-01,24102.7,17711.2,6391.5,10180.2,6973.9,3206.3,1.0,32.489816813,26.517776017,898.2,416.8,481.5,513.4,173.4,340.1,4633.2,4211.6,421.6,1604.5,1441.0,163.5,,,,
ITA,2014-07-01,24172.1,17767.9,6404.3,10197.6,6988.0,3209.5,1.0,32.45190816,26.494595008,909.6,418.5,491.1,522.2,176.3,346.0,4638.6,4215.3,423.3,1606.9,1441.0,165.8,,,,
ITA,2014-10-01,24204.6,17740.8,6463.8,10227.8,6989.0,3238.8,1.0,32.504311005,26.704841229,924.7,417.0,507.7,530.8,176.2,354.7,4647.8,4218.1,429.7,1606.6,1440.0,166.6,,,,
ITA,2015-01-01,24200.0,17753.0,6447.0,10185.0,6981.2,3203.9,1.0,32.374443738,26.640495868,912.8,416.6,496.2,520.6,171.9,348.8,4654.4,4219.9,434.6,1606.0,1437.8,168.2,,,,
ITA,2015-04-01,24188.6,17813.5,6375.1,10225.7,7011.4,3214.3,1.0,32.519133298,26.355803974,904.5,420.6,483.9,526.8,176.6,350.2,4658.2,4225.9,432.3,1610.5,1438.2,172.3,,,,
ITA,2015-07-01,24376.7,17966.8,6409.9,10249.7,7057.4,3192.3,1.0,32.343937512,26.29519172,933.7,423.7,510.1,525.7,179.4,346.3,4669.6,4236.2,433.4,1610.0,1441.2,168.8,,,,
ITA,2015-10-01,24447.4,18097.9,6349.5,10285.3,7120.4,3164.9,1.0,32.362415761,25.972087011,935.1,428.0,507.1,536.4,182.7,353.7,4677.5,4250.8,426.7,1615.1,1446.7,168.4,,,,
ITA,2016-01-01,24523.1,18180.0,6343.2,10459.7,7243.7,3215.9,1.0,32.80956762,25.866224091,946.5,431.5,515.0,548.3,183.7,364.6,4690.6,4269.6,421.0,1625.4,1454.9,170.5,11.633333333,0.9,eurostat,0.077363897
ITA,2016-04-01,24678.7,18260.4,6418.2,10429.0,7247.8,3181.2,1.0,32.507010873,26.00704251,944.8,437.4,507.4,537.4,187.2,350.2,4716.1,4282.4,433.7,1629.5,1460.3,169.2,11.666666667,0.9,eurostat,0.077142857
ITA,2016-07-01,24646.5,18313.6,6332.9,10410.9,7273.9,3137.0,1.0,32.492989331,25.694926257,959.4,441.8,517.7,540.8,185.7,355.2,4709.0,4289.2,419.8,1630.5,1462.9,167.6,11.766666667,0.9,eurostat,0.076487252
ITA,2016-10-01,24755.1,18423.1,6332.0,10469.4,7316.3,3153.1,1.0,32.532224129,25.578567649,957.2,448.5,508.8,536.7,188.6,348.1,4715.0,4289.8,425.1,1633.7,1462.7,171.0,11.8,0.9,eurostat,0.076271186
ITA,2017-01-01,24870.3,18529.8,6340.5,10490.0,7341.8,3148.2,1.0,32.445249029,25.494264243,939.8,447.7,492.2,532.7,192.2,340.5,4709.2,4284.2,424.9,1628.0,1459.8,168.2,11.566666667,1.2,eurostat,0.103746398
ITA,2017-04-01,24881.4,18659.7,6221.7,10580.4,7448.7,3131.8,1.0,32.71025437,25.00542574,946.3,444.5,501.8,534.7,188.1,346.7,4705.2,4282.1,423.1,1629.1,1458.1,171.0,11.3,1.0,eurostat,0.088495575
ITA,2017-07-01,25019.3,18783.6,6235.7,10577.4,7473.0,3104.4,1.0,32.520740142,24.923559012,925.7,441.4,484.3,523.4,187.6,335.8,4714.6,4283.3,431.3,1628.8,1457.5,171.4,11.366666667,1.3,eurostat,0.114369501
ITA,2017-10-01,24992.5,18757.5,6235.1,10672.1,7529.6,3142.5,1.0,32.847084895,24.947884365,952.0,446.0,506.0,536.1,189.5,346.6,4724.1,4287.7,436.4,1629.1,1457.9,171.3,10.933333333,1.2,eurostat,0.109756098
ITA,2018-01-01,25084.6,18887.2,6197.5,10558.9,7491.4,3067.5,1.0,32.379351352,24.706393564,952.2,455.3,496.9,530.1,194.0,336.1,4736.9,4295.4,441.5,1631.2,1459.3,171.9,10.9,1.3,eurostat,0.119266055
ITA,2018-04-01,25260.0,18991.7,6268.2,10678.0,7561.8,3116.2,1.0,32.517205676,24.814726841,986.5,458.5,528.0,565.1,198.5,366.6,4749.4,4304.5,444.9,1637.7,1462.7,175.1,10.8,1.2,eurostat,0.111111111
ITA,2018-07-01,25229.0,18950.8,6278.1,10671.6,7562.7,3108.9,1.0,32.537647457,24.884458361,972.7,448.7,524.0,551.7,194.5,357.2,4771.8,4315.2,456.6,1644.2,1468.0,176.2,10.333333333,1.3,eurostat,0.125806452
ITA,2018-10-01,25202.3,18958.5,6243.8,10636.5,7538.6,3097.9,1.0,32.464985644,24.774722942,946.3,446.7,499.6,535.7,193.3,342.5,4781.0,4327.4,453.6,1652.9,1475.4,177.6,10.466666667,1.4,eurostat,0.133757962
ITA,2019-01-01,25289.1,19037.7,6251.3,10718.4,7593.7,3124.7,1.0,32.602674974,24.719345489,962.0,441.9,520.1,541.9,191.6,350.3,4788.8,4341.2,447.6,1660.9,1484.8,176.1,10.3,1.4,eurostat,0.13592233
ITA,2019-04-01,25394.2,19146.3,6247.9,10629.6,7562.2,3067.4,1.0,32.198751623,24.603649652,948.7,442.0,506.7,529.3,186.5,342.8,4795.8,4348.6,447.2,1658.2,1485.6,172.6,10.0,1.3,eurostat,0.13
ITA,2019-07-01,25402.5,19158.8,6243.7,10643.6,7558.4,3085.2,1.0,32.230625393,24.579076863,951.7,441.0,510.7,541.9,187.3,354.6,4800.2,4349.4,450.8,1654.6,1477.4,177.2,9.633333333,1.4,eurostat,0.14532872
ITA,2019-10-01,25310.2,19108.8,6201.4,10571.9,7518.2,3053.7,1.0,32.130250923,24.501584341,975.0,444.6,530.4,543.3,192.3,350.9,4803.4,4343.6,459.9,1639.0,1460.1,178.9,9.7,1.4,eurostat,0.144329897
ITA,2020-01-01,25274.4,19071.3,6203.1,9716.2,7010.7,2705.5,1.0,29.57142405,24.543015858,959.7,442.5,517.2,519.3,184.8,334.5,4802.0,4330.8,471.2,1597.5,1432.9,164.6,8.9,0.6,eurostat,0.06741573
ITA,2020-04-01,24483.5,18486.2,5997.3,8171.1,5969.7,2201.4,1.0,25.672234519,24.495272326,917.7,433.0,484.7,476.9,171.9,305.0,4781.7,4327.9,453.8,1563.7,1419.9,143.8,8.666666667,0.9,eurostat,0.103846154
ITA,2020-07-01,24704.1,18725.8,5978.4,9857.1,7046.4,2810.7,1.0,30.692818663,24.200031574,943.1,450.9,492.2,529.3,190.7,338.7,4787.1,4334.7,452.5,1585.9,1420.4,165.5,10.1,1.0,eurostat,0.099009901
ITA,2020-10-01,24858.4,18832.1,6026.3,9770.2,7031.9,2738.2,1.0,30.2333958,24.242509574,937.5,448.1,489.5,529.1,185.0,344.1,4806.7,4350.8,455.9,1604.2,1434.5,169.7,9.766666667,1.0,eurostat,0.102389078
ITA,2021-01-01,24767.0,18848.1,5918.9,9912.4,7129.9,2782.5,1.0,30.78662364,23.898332459,955.8,443.2,512.6,538.7,188.1,350.6,4828.1,4376.2,451.9,1637.0,1462.6,174.4,10.133333333,1.4,eurostat,0.138157895
ITA,2021-04-01,24982.4,19054.4,5928.0,10196.8,7328.0,2868.7,1.0,31.396872629,23.728705008,951.4,443.9,507.6,538.1,189.3,348.8,4849.6,4397.0,452.6,1660.9,1482.9,177.9,9.9,1.8,eurostat,0.181818182
ITA,2021-07-01,25210.2,19326.4,5883.8,10575.6,7619.2,2956.5,1.0,32.268990024,23.338965974,931.8,443.7,488.1,530.5,190.2,340.2,4862.2,4413.1,449.0,1676.5,1496.1,180.5,9.1,2.1,eurostat,0.230769231
ITA,2021-10-01,25318.1,19362.7,5955.4,10607.6,7663.2,2944.4,1.0,32.228691362,23.522302226,912.4,436.6,475.8,517.8,185.9,331.9,4886.8,4424.7,462.1,1684.6,1502.4,182.2,9.033333333,2.0,eurostat,0.221402214
ITA,2022-01-01,25302.5,19359.8,5942.7,10670.8,7684.6,2986.2,1.0,32.44069832,23.486611995,923.6,439.4,484.2,535.0,187.5,347.5,4898.9,4431.6,467.2,1687.4,1501.6,185.8,8.366666667,2.1,eurostat,0.250996016
ITA,2022-04-01,25598.2,19643.5,5954.7,10816.6,7836.6,2980.0,1.0,32.504088328,23.262182497,953.2,444.5,508.7,540.9,187.0,353.8,4918.2,4439.8,478.4,1692.5,1503.2,189.3,8.166666667,2.2,eurostat,0.269387755
ITA,2022-07-01,25536.5,19577.3,5959.1,10800.5,7830.1,2970.4,1.0,32.534125362,23.335617645,941.9,447.9,494.1,535.3,190.6,344.7,4937.7,4449.4,488.2,1696.7,1507.3,189.4,8.033333333,2.2,eurostat,0.273858921
ITA,2022-10-01,25764.4,19797.6,5966.7,10947.5,7938.3,3009.2,1.0,32.685231739,23.158699601,941.7,447.3,494.4,530.7,194.0,336.7,4958.8,4460.7,498.1,1712.3,1514.0,198.3,7.833333333,2.3,eurostat,0.293617021
ITA,2023-01-01,25957.9,19934.2,6023.7,11084.5,8065.0,3019.5,1.0,32.847566489,23.205652229,939.3,452.6,486.6,538.7,201.1,337.6,4976.0,4473.9,502.0,1720.6,1523.4,197.2,7.866666667,2.3,eurostat,0.292372881
ITA,2023-04-01,25985.7,19980.0,6005.7,11110.7,8095.7,3015.1,1.0,32.889982982,23.11155751,943.8,458.1,485.7,534.3,200.5,333.8,4982.4,4489.3,493.1,1729.0,1531.9,197.1,7.733333333,2.3,eurostat,0.297413793
ITA,2023-07-01,26042.5,20033.9,6008.6,11188.3,8155.5,3032.9,1.0,33.047459404,23.072285687,943.1,447.8,495.2,553.7,199.1,354.6,5014.4,4506.9,507.5,1742.8,1539.6,203.3,7.7,2.3,eurostat,0.298701299
ITA,2023-10-01,26324.4,20263.1,6061.3,11328.0,8277.9,3050.1,1.0,33.101784481,23.025406087,944.8,451.8,493.0,553.5,198.8,354.7,5039.7,4527.3,512.4,1751.1,1546.7,204.3,7.433333333,2.3,eurostat,0.30941704
ITA,2024-01-01,26373.1,20288.4,6084.7,11368.6,8291.0,3077.6,1.0,33.159078467,23.071614638,943.9,453.0,490.9,555.3,202.8,352.5,5071.5,4550.6,521.0,1765.0,1553.5,211.5,7.1,2.2,eurostat,0.309859155
ITA,2024-04-01,26497.4,20429.5,6067.9,11333.3,8289.5,3043.8,1.0,32.901050959,22.89998264,941.8,457.9,483.9,542.1,203.8,338.3,5106.6,4570.9,535.7,1774.4,1560.7,213.7,6.666666667,2.1,eurostat,0.315
ITA,2024-07-01,26687.2,20533.1,6154.1,11354.8,8324.8,3030.0,1.0,32.729029417,23.060118709,944.3,460.3,484.0,531.9,205.9,326.1,5128.8,4588.5,540.3,1789.5,1568.5,221.0,6.3,2.0,eurostat,0.317460317
ITA,2024-10-01,26620.7,20522.2,6098.4,11390.0,8330.3,3059.7,1.0,32.912502156,22.908488507,950.5,466.0,484.4,554.4,211.2,343.3,5146.2,4603.7,542.5,1802.6,1576.9,225.7,6.233333333,2.0,eurostat,0.320855615
ITA,2025-01-01,26769.1,20663.5,6105.6,11492.6,8426.2,3066.4,1.0,33.024873972,22.808387282,941.2,464.6,476.6,543.1,210.8,332.3,5170.0,4616.6,553.4,1817.1,1586.3,230.9,6.3,1.9,eurostat,0.301587302
ITA,2025-04-01,26776.1,20553.9,6222.2,11481.3,8392.5,3088.8,1.0,32.983777439,23.237887519,945.1,460.7,484.4,544.3,210.1,334.2,5191.8,4625.5,566.3,1832.6,1592.9,239.7,6.166666667,1.7,eurostat,0.275675676
ITA,2025-07-01,26844.0,20582.0,6262.0,11573.2,8420.5,3152.8,1.0,33.163692216,23.32737297,956.1,463.7,492.5,547.8,210.9,336.9,5206.3,4630.6,575.7,1837.5,1597.0,240.5,6.0,1.8,eurostat,0.3
ITA,2025-10-01,26951.5,20668.5,6283.0,11577.1,8437.3,3139.7,1.0,33.042545085,23.312246072,962.6,463.2,499.4,548.9,211.3,337.6,5206.3,4632.0,574.3,1836.4,1598.6,237.8,5.7,1.9,eurostat,0.333333333
ITA,2026-01-01,27072.3,20728.4,6344.0,11609.5,8450.0,3159.5,1.0,32.987166275,23.433546466,956.4,467.2,489.2,551.5,212.9,338.6,5206.4,4629.5,576.9,1836.1,1597.7,238.4,,,,
KOR,2013-01-01,24902.1,18021.315599990143,6912.07119100074,,,,,,27.756981102,1468.2045131685948,142.75511014658764,1322.494335558985,,,,4230.719288689481,3775.278180066856,457.5724532214113,,,,,,,
KOR,2013-04-01,25318.4,18383.20830616757,6934.210229136065,,,,,,27.388027005,1497.655955687035,144.57061196163062,1354.148353386471,,,,4321.198972326116,3857.7434417439154,464.0953020937585,,,,,,,
KOR,2013-07-01,25385.5,18432.474375594713,6940.388480171329,,,,,,27.339971559,1519.5424561960942,146.75240844831615,1372.984903584368,,,,4382.904518251901,3907.8954735936422,474.078442697519,,,,,,,
KOR,2013-10-01,25556.2,18612.72964473242,6942.028276367761,,,,,,27.163773473,1500.0056420297892,148.30930792246036,1351.155171126925,,,,4392.084967625913,3917.5879573759794,472.2163758989063,,,,,,,
KOR,2014-01-01,25711.3,18793.51512112542,6948.085935649192,,,,,,27.02347192,1473.9412135160185,142.32185591563794,1328.4755612029437,,,,4464.50176960653,3986.190486773896,480.5872661581787,,,,,,,
KOR,2014-04-01,25874.9,18933.158751836596,6938.273059883094,,,,,,26.814685506,1450.5568981635502,142.76548265114764,1308.942611509651,,,,4529.657291568117,4048.533927604613,481.6526041821777,,,,,,,
KOR,2014-07-01,25988.4,19000.903727396035,6962.985409496187,,,,,,26.792666765,1419.8288389212755,137.2387267365188,1282.6213102820568,,,,4565.803318975272,4074.01069365676,490.8053936522971,,,,,,,
KOR,2014-10-01,26001.1,19097.0170844895,6898.098855432327,,,,,,26.53002702,1396.3872334016785,135.25949713344062,1260.9287224134864,,,,4557.315464680664,4068.43151572269,486.79218140106866,,,,,,,
KOR,2015-01-01,26023.4,19228.795674078898,6846.027398522751,,,,,,26.307198131,1359.5656950863236,128.67174994556146,1227.9210802116177,,,,4573.65380552079,4092.3851557300263,483.4103295339542,,,,,,,
KOR,2015-04-01,26136.8,19311.038787139772,6817.917559744155,,,,,,26.085509931,1340.5188556579662,140.28517007964,1201.043883674787,,,,4541.875613978425,4064.756041532594,477.6075214566696,,,,,,,
KOR,2015-07-01,26239.0,19462.777334520244,6746.509437215538,,,,,,25.711762785,1326.039605718461,134.09049653045287,1192.5186980841186,,,,4573.336657010087,4123.519914213492,449.52083170928006,,,,,,,
KOR,2015-10-01,26305.5,19595.126126702744,6688.960823080342,,,,,,25.427993473,1284.321582280124,133.84969813126483,1149.965959583578,,,,4670.785320493592,4216.071214272041,452.5437502541338,,,,,,,
KOR,2016-01-01,26211.2,19608.46354265367,6667.438574185317,,,,,,25.437364845,1273.8308333994391,134.12984397326505,1136.9945491895562,,,,4678.793981632218,4238.305683821157,442.8349348606536,,,,,,,
KOR,2016-04-01,26352.0,19637.284227390697,6706.923081466453,,,,,,25.451286739,1261.698966624436,132.75739393844083,1129.859460657712,,,,4734.072746367568,4303.901826641704,429.98179795997265,,,,,,,
KOR,2016-07-01,26500.2,19695.042888966324,6772.8660734451105,,,,,,25.557792294,1256.7076875190846,131.29499928418866,1125.877883308706,,,,4766.140816657932,4326.832919645007,439.0740254878491,,,,,,,
KOR,2016-10-01,26558.8,19729.429313106262,6805.895411094507,,,,,,25.625764007,1263.1905687530789,128.75682753780242,1134.6256716552296,,,,4816.1789667387475,4373.012073040323,441.27700415706914,,,,,,,
KOR,2017-01-01,26565.2,19810.722466680578,6821.911075514788,,,,,,25.679878471,1229.1742022555663,126.50853594161894,1100.2447273226817,,,,4873.306895669184,4437.851360317383,436.90628219564127,,,,,,,
KOR,2017-04-01,26716.7,19941.946584988447,6767.812586934047,,,,,,25.33176847,1269.911067339103,128.22339126229872,1143.047245601415,,,,4892.832768283827,4451.7173370175915,442.210368363172,,,,,,,
KOR,2017-07-01,26777.7,19982.38362132384,6771.692397371355,,,,,,25.288551285,1282.3993379923163,131.09419797723035,1150.8751639707082,,,,4917.314817822926,4471.901538018035,444.5601804602304,,,,,,,
KOR,2017-10-01,26824.4,19992.586592248423,6801.661816992759,,,,,,25.356249597,1290.8252253440842,128.76666702763626,1162.838111334613,,,,4949.7942235704,4504.209444150612,444.83640393462514,,,,,,,
KOR,2018-01-01,26763.4,20048.317681564666,6764.647919106886,,,,,,25.275741943,1277.8593544171042,131.28191743736684,1144.2352778565526,,,,4934.753467410329,4489.194606124704,444.66992024846206,,,,,,,
KOR,2018-04-01,26809.6,20053.701738477994,6758.619314412319,,,,,,25.209698445,1327.4347722484238,134.57356807031888,1194.4496189428314,,,,5037.027586966974,4590.681404518506,449.01617342796106,,,,,,,
KOR,2018-07-01,26790.7,20039.07950514282,6734.000593297349,,,,,,25.13559031,1346.50092416131,122.68780130614508,1221.64834217663,,,,5063.384735158638,4616.041794700932,445.9772586741628,,,,,,,
KOR,2018-10-01,26914.5,20186.618789000397,6696.209871752767,,,,,,24.879562584,1369.8945860307244,132.44122642481625,1238.6766817425544,,,,5109.491465202139,4660.4537158325575,449.3948616837501,,,,,,,
KOR,2019-01-01,26962.2,20283.66712828665,6709.47031826272,,,,,,24.884728688,1379.3422972385194,127.5233484780136,1249.8617405304774,,,,5166.724921644841,4721.031191225129,443.1911472176238,,,,,,,
KOR,2019-04-01,27043.4,20345.103637710625,6700.513516821834,,,,,,24.776890172,1358.0492158554125,124.71211939647512,1234.9659479724676,,,,5168.928009727308,4720.459530698383,452.3126831546633,,,,,,,
KOR,2019-07-01,27153.2,20444.790150252513,6685.778961920954,,,,,,24.622434785,1404.680416643903,127.49538080016364,1275.5801649465982,,,,5204.441876983366,4778.48454513688,423.69081345049847,,,,,,,
KOR,2019-10-01,27340.1,20682.986290217952,6632.336433226776,,,,,,24.258639995,1414.7684863494485,126.52609132009788,1289.3101412927713,,,,5250.9008260693445,4823.797608862661,428.2853087990911,,,,,,,
KOR,2020-01-01,27266.8,20607.42192975142,6681.422793309673,,,,,,24.503875751,1475.1771147935783,127.96910086571889,1346.0061591684484,,,,5275.531339965227,4846.4068588725395,425.84890971243067,,,,,,,
KOR,2020-04-01,26632.0,20073.984554946783,6557.136617764388,,,,,,24.621269968,1423.8892947459592,121.91053807643516,1303.078697058114,,,,5174.613085894929,4769.834869270845,408.809526928817,,,,,,,
KOR,2020-07-01,26838.6,20276.024083754637,6533.237507556606,,,,,,24.342691152,1420.3064286065865,124.27757085914044,1295.16135091788,,,,5298.452536921698,4891.0319891495665,404.5773846072354,,,,,,,
KOR,2020-10-01,26901.8,20385.83158712453,6518.837760439372,,,,,,24.231976152,1448.8804632644578,127.17882667739,1321.9664355458794,,,,5372.479649691521,4992.911303162448,380.77957224881095,,,,,,,
KOR,2021-01-01,26878.9,20396.826319362935,6499.586426442558,,,,,,24.180998577,1457.4526119882469,121.73179155087988,1335.5409155180537,,,,5349.357478812255,4966.100478617207,381.8094701239437,,,,,,,
KOR,2021-04-01,27241.5,20690.333519894382,6528.482420206345,,,,,,23.965209038,1434.418319423566,117.98792911736844,1316.525645224916,,,,5523.061250580087,5135.720408972206,390.58860708880144,,,,,,,
KOR,2021-07-01,27409.8,20877.1575607376,6507.095637102857,,,,,,23.740033262,1444.5005466409525,120.9474646779708,1323.3528528649722,,,,5655.023276936212,5267.795485268156,383.4962582458187,,,,,,,
KOR,2021-10-01,27563.5,21057.800890191033,6538.856431357191,,,,,,23.72288146,1477.3514622957432,123.03862435747968,1354.0361443636043,,,,5697.558579210468,5297.704835702994,400.3596685097531,,,,,,,
KOR,2022-01-01,27903.5,21320.006030965764,6578.408124116821,,,,,,23.575566234,1521.201464277029,126.84391523058538,1394.9723553264907,,,,5766.518760875483,5365.43846358977,402.1365045456016,,,,,,,
KOR,2022-04-01,28107.2,21497.76371152133,6574.9794445024845,,,,,,23.392509551,1521.296936197026,126.58881302556516,1393.9376044986386,,,,5874.143331887274,5473.492212398839,401.5608359768083,,,,,,,
KOR,2022-07-01,28178.8,21577.249358922425,6588.28750474085,,,,,,23.380298326,1527.902396950623,116.5077072568261,1410.8655115896768,,,,5898.542518121466,5490.484745661725,405.0654859445417,,,,,,,
KOR,2022-10-01,28168.9,21625.919082326844,6601.312117885228,,,,,,23.434752929,1505.5066328431606,106.92078684581804,1398.5192502637954,,,,5959.499190138793,5548.347327336646,410.2646819117875,,,,,,,
KOR,2023-01-01,28301.7,21711.783039653477,6569.0936201234235,,,,,,23.21095065,1498.3781920237222,100.05452175882056,1399.240333390957,,,,5991.8357850223965,5588.693211120442,408.04674821709034,,,,,,,
KOR,2023-04-01,28450.5,21773.534213974428,6631.626500628773,,,,,,23.309349574,1515.7301012708676,99.46947912032265,1416.3200117436152,,,,6032.17680701759,5628.987915289923,401.05019089094486,,,,,,,
KOR,2023-07-01,28438.5,21841.533935635827,6595.111025349229,,,,,,23.19078371,1510.0339887099326,101.91651170379104,1407.0277653443468,,,,6031.127846283052,5632.625637389163,396.1991547535703,,,,,,,
KOR,2023-10-01,28472.4,21997.081051751426,6547.593593296746,,,,,,22.996282692,1498.1176438343505,103.16499223968933,1394.8547231274133,,,,6040.044264918394,5653.762224661816,383.8348862221799,,,,,,,
KOR,2024-01-01,28596.8,22024.652490628836,6534.986466795417,,,,,,22.852159916,1465.0462088892984,105.21717742686724,1361.0356927506632,,,,6100.278517215379,5711.880643027273,397.4573433924792,,,,,,,
KOR,2024-04-01,28595.1,22024.780617578337,6528.462726550858,,,,,,22.830704304,1496.8431297779014,107.18947667306423,1389.2350118963657,,,,6099.255918609561,5707.822894184073,386.43809676341505,,,,,,,
KOR,2024-07-01,28584.4,22046.212103461938,6536.224877935841,,,,,,22.866405725,1479.0377120805003,101.64156859425825,1376.4562918305533,,,,6156.873884446677,5744.961118530524,410.0063413225657,,,,,,,
KOR,2024-10-01,28528.6,22080.44012458198,6524.168352869799,,,,,,22.868869671,1468.9209744445532,104.51165897355273,1364.137342320772,,,,6238.6138971880655,5813.458599531898,421.4559340528357,,,,,,,
KOR,2025-01-01,28753.2,22224.22020412521,6483.503701951319,,,,,,22.548807444,1430.5383537397645,106.0523649929994,1325.7530990566454,,,,6370.959001878874,5970.966169245226,411.2810367101759,,,,,,,
KOR,2025-04-01,28805.9,22325.69973407311,6434.855907287588,,,,,,22.338673353,1371.006461796381,98.71399919080856,1271.8495535243962,,,,6417.441668198916,5984.342723512596,427.7275071272035,,,,,,,
KOR,2025-07-01,28805.4,22359.894010646225,6437.790101718843,,,,,,22.349247369,1354.536085657678,98.91620402796045,1255.2209117759528,,,,6489.843237943196,6054.981530544363,432.7889803921122,,,,,,,
KOR,2025-10-01,28725.1,22359.18697689963,6445.346496057105,,,,,,22.438029793,1343.2371623050688,93.71235058973998,1249.2574652238643,,,,6516.494225867229,6080.6360710540475,431.5284215575354,,,,,,,
LTU,1995-01-01,1478.9,1213.5,265.4,649.3,529.7,119.6,1.0,33.772502432,17.945770505,266.1,77.2,188.9,116.4,37.0,79.4,354.0,349.2,4.8,141.7,138.4,3.2,,,,
LTU,1995-04-01,1482.2,1211.5,270.7,656.0,531.2,124.7,1.0,34.045026624,18.263392255,270.6,77.0,193.6,118.9,35.4,83.5,357.5,352.6,4.9,142.9,139.7,3.2,,,,
LTU,1995-07-01,1477.8,1194.1,283.7,647.9,520.3,127.6,1.0,33.724767586,19.197455677,279.7,77.6,202.1,118.0,34.3,83.8,353.6,348.1,5.5,141.1,137.9,3.2,,,,
LTU,1995-10-01,1492.2,1200.0,292.1,652.2,525.1,127.0,1.0,33.620982958,19.575123978,287.2,78.5,208.7,113.9,32.2,81.7,358.4,353.1,5.3,142.4,138.8,3.5,,,,
LTU,1996-01-01,1470.3,1151.0,319.3,646.8,499.9,146.9,1.0,33.839247877,21.716656465,291.2,63.2,227.9,125.6,28.6,97.0,350.1,344.3,5.8,139.9,135.9,4.1,,,,
LTU,1996-04-01,1495.9,1151.2,344.7,662.5,501.1,161.4,1.0,34.067476744,23.042984157,309.0,63.6,245.5,137.6,29.7,108.0,353.2,346.8,6.4,139.8,135.6,4.2,,,,
LTU,1996-07-01,1511.1,1160.8,350.3,661.3,506.6,154.7,1.0,33.663709066,23.181788101,312.7,62.6,250.1,130.5,28.7,101.8,358.5,351.7,6.8,142.4,138.6,3.9,,,,
LTU,1996-10-01,1510.8,1149.2,361.7,659.3,502.4,156.8,1.0,33.568562758,23.940958433,320.0,60.8,259.2,129.0,27.9,101.1,355.0,348.4,6.6,143.3,138.9,4.4,,,,
LTU,1997-01-01,1515.7,1160.4,355.3,667.8,513.5,154.2,1.0,33.891423612,23.441314244,313.2,57.5,255.7,132.4,29.8,102.6,360.3,354.4,5.9,143.7,139.5,4.2,,,,
LTU,1997-04-01,1504.7,1139.9,364.8,658.0,498.3,159.7,1.0,33.638190081,24.244035356,318.5,56.8,261.7,132.3,26.3,106.0,351.3,344.7,6.6,141.7,137.7,4.0,,,,
LTU,1997-07-01,1503.9,1147.3,356.6,660.6,501.6,158.9,1.0,33.789071491,23.711682958,311.6,57.2,254.5,131.9,27.8,104.2,355.4,348.4,6.9,140.9,136.7,4.1,,,,
LTU,1997-10-01,1500.7,1162.4,338.3,665.0,504.7,160.3,1.0,34.086656996,22.542813354,297.6,57.5,240.0,130.1,25.5,104.5,358.6,351.8,6.8,143.8,139.3,4.5,,,,
LTU,1998-01-01,1504.1,1192.2,311.9,670.6,530.2,140.4,1.0,34.296001187,20.736653148,285.4,60.2,225.2,116.9,24.1,92.8,358.5,353.1,5.4,147.3,143.4,3.9,,,,
LTU,1998-04-01,1487.1,1190.6,296.5,678.3,525.4,152.9,1.0,35.086358064,19.938134624,275.9,62.6,213.3,124.3,22.8,101.6,358.6,353.5,5.1,147.3,143.5,3.8,,,,
LTU,1998-07-01,1492.4,1187.2,305.2,679.7,517.0,162.7,1.0,35.033915428,20.450281426,279.4,62.2,217.2,126.6,19.9,106.7,357.8,352.0,5.7,146.4,142.2,4.2,,,,
LTU,1998-10-01,1497.1,1195.0,302.0,673.9,525.2,148.7,1.0,34.6259178,20.172333177,275.1,62.4,212.7,116.9,19.7,97.2,360.9,354.6,6.3,148.7,144.5,4.2,,,,
LTU,1999-01-01,1470.6,1168.9,301.7,641.5,498.8,142.7,1.0,33.555116174,20.515435877,279.2,62.9,216.4,112.6,18.0,94.6,353.0,347.2,5.7,139.6,135.7,4.0,,,,
LTU,1999-04-01,1478.4,1180.8,297.5,648.7,514.9,133.8,1.0,33.752705628,20.123106061,276.0,63.0,213.0,118.6,30.9,87.8,355.4,350.1,5.4,140.6,137.2,3.3,,,,
LTU,1999-07-01,1459.3,1173.2,286.1,648.4,520.7,127.7,1.0,34.17866311,19.605290208,265.3,63.3,202.0,118.1,33.3,84.8,349.2,344.2,5.0,142.2,138.9,3.2,,,,
LTU,1999-10-01,1438.1,1154.7,283.4,625.8,502.8,123.0,1.0,33.473653806,19.706557263,267.0,63.4,203.6,110.0,30.0,80.0,345.2,339.7,5.5,137.1,133.6,3.5,,,,
LTU,2000-01-01,1410.2,1137.3,272.9,659.6,524.8,134.8,1.0,35.979621003,19.351864984,257.6,63.7,193.9,112.7,32.3,80.4,331.2,329.5,1.6,141.4,139.8,1.6,,,,
LTU,2000-04-01,1403.1,1131.4,271.8,658.1,528.4,129.6,1.0,36.079450448,19.371391918,264.1,64.2,199.8,122.5,33.9,88.6,335.9,332.5,3.4,142.1,139.4,2.7,,,,
LTU,2000-07-01,1397.7,1115.6,282.1,658.7,527.0,131.7,1.0,36.251864327,20.183158045,263.6,64.0,199.6,126.7,33.6,93.1,340.3,327.7,12.6,143.6,138.9,4.7,,,,
LTU,2000-10-01,1384.7,1110.7,274.0,647.1,518.0,129.1,1.0,35.94780319,19.787679642,254.6,62.5,192.1,108.6,24.5,84.1,335.4,331.0,4.5,144.6,140.5,4.2,,,,
LTU,2001-01-01,1370.2,1077.9,292.3,651.6,506.1,145.6,1.0,36.580847265,21.332652168,236.7,46.2,190.5,107.3,24.2,83.1,333.6,330.8,2.7,142.4,139.8,2.6,,,,
LTU,2001-04-01,1350.4,1081.4,269.0,632.4,501.3,131.1,1.0,36.0235144,19.920023697,230.0,46.1,183.9,108.1,22.8,85.2,338.4,333.9,4.5,142.1,138.4,3.6,,,,
LTU,2001-07-01,1330.2,1077.1,253.1,609.8,495.5,114.3,1.0,35.263638782,19.027213953,226.2,47.6,178.6,98.1,22.1,76.0,330.8,328.1,2.7,135.5,132.9,2.6,,,,
LTU,2001-10-01,1344.0,1083.2,260.8,615.2,501.7,113.5,1.0,35.210622711,19.404761905,233.2,49.5,183.6,97.6,25.4,72.2,327.9,325.5,2.4,136.5,134.2,2.3,,,,
LTU,2002-01-01,1369.8,1099.6,270.3,629.9,511.8,118.1,1.0,35.372934847,19.732807709,239.8,52.1,187.7,96.4,24.7,71.8,324.2,320.2,3.9,138.8,135.6,3.3,,,,
LTU,2002-04-01,1401.5,1121.2,280.3,646.9,509.5,137.4,1.0,35.505913993,20.0,247.7,51.2,196.4,117.0,25.9,91.1,324.2,321.1,3.0,134.8,132.5,2.3,,,,
LTU,2002-07-01,1404.3,1112.8,291.5,642.2,506.6,135.7,1.0,35.177668589,20.757672862,250.4,49.8,200.5,110.3,21.7,88.6,315.2,313.1,2.1,131.4,129.5,1.9,,,,
LTU,2002-10-01,1413.1,1125.3,287.8,639.9,514.9,125.0,1.0,34.833399563,20.366569953,248.9,47.9,201.0,102.3,24.6,77.7,318.4,314.8,3.6,132.6,130.0,2.6,,,,
LTU,2003-01-01,1420.2,1127.0,293.2,642.2,517.5,124.7,1.0,34.783833263,20.64497958,246.8,46.8,200.1,97.9,24.2,73.7,315.4,311.5,4.0,132.5,129.5,3.0,,,,
LTU,2003-04-01,1443.2,1140.6,302.6,651.6,518.4,133.2,1.0,34.730513389,20.9672949,259.6,49.9,209.7,113.5,26.3,87.2,315.1,310.9,4.3,130.2,127.7,2.4,,,,
LTU,2003-07-01,1429.2,1143.7,285.5,640.9,517.4,123.5,1.0,34.494822278,19.976210467,246.3,51.1,195.2,107.5,27.6,79.9,315.1,311.6,3.6,128.5,126.3,2.1,,,,
LTU,2003-10-01,1422.6,1127.5,295.1,656.1,523.5,132.6,1.0,35.476754372,20.743708702,254.6,51.4,203.2,109.6,25.6,84.0,309.3,307.0,2.3,129.7,127.6,2.1,,,,
LTU,2004-01-01,1412.6,1137.8,274.8,665.6,531.6,134.0,1.0,36.245221577,19.453490018,234.2,51.0,183.2,110.5,24.3,86.2,316.7,314.0,2.7,134.3,133.1,1.2,,,,
LTU,2004-04-01,1418.2,1149.1,269.1,667.7,547.1,120.6,1.0,36.21600512,18.974756734,226.1,49.0,177.1,96.8,22.3,74.4,317.8,314.7,3.1,136.8,135.3,1.4,,,,
LTU,2004-07-01,1406.2,1144.5,261.7,682.2,559.8,122.5,1.0,37.318249948,18.610439482,217.5,47.3,170.2,101.6,24.4,77.2,315.7,313.5,2.3,139.8,138.5,1.3,,,,
LTU,2004-10-01,1408.9,1159.4,249.5,674.5,553.3,121.2,1.0,36.826329324,17.708850877,201.5,45.9,155.6,87.8,15.1,72.8,323.1,320.2,2.9,140.3,138.9,1.4,,,,
LTU,2005-01-01,1431.1,1176.3,254.8,671.6,550.7,120.9,1.0,36.099181372,17.80448606,201.0,46.1,154.9,100.9,22.7,78.2,323.2,319.0,4.2,129.8,127.2,2.6,,,,
LTU,2005-04-01,1425.4,1176.7,248.6,675.4,559.4,116.0,1.0,36.448608218,17.440718395,195.2,45.5,149.7,84.1,22.5,61.6,325.1,320.7,4.4,137.2,133.0,4.2,,,,
LTU,2005-07-01,1422.9,1175.9,246.9,691.2,576.9,114.4,1.0,37.366807765,17.351886991,199.6,45.9,153.7,81.0,22.9,58.1,323.3,319.7,3.6,156.7,153.4,3.3,,,,
LTU,2005-10-01,1416.0,1163.9,252.1,677.5,558.0,119.5,1.0,36.804650152,17.803672316,202.8,47.1,155.7,97.7,22.8,75.0,313.8,310.9,2.9,135.1,132.5,2.6,,,,
LTU,2006-01-01,1422.3,1171.8,250.5,666.0,548.0,118.0,1.0,36.01966479,17.612318076,204.8,47.0,157.8,96.6,27.2,69.5,301.7,297.8,3.9,121.9,117.9,4.0,,,,
LTU,2006-04-01,1424.4,1166.4,258.0,672.6,550.6,122.0,1.0,36.322986197,18.112889638,205.9,48.7,157.2,92.2,28.0,64.2,290.2,286.7,3.5,123.0,120.3,2.7,,,,
LTU,2006-07-01,1418.6,1173.0,245.6,675.1,562.8,112.3,1.0,36.60705571,17.312843649,189.0,48.7,140.3,79.7,27.4,52.3,288.0,284.4,3.6,134.3,130.8,3.5,,,,
LTU,2006-10-01,1414.2,1178.4,235.8,680.6,568.4,112.1,1.0,37.020114661,16.673737802,181.2,47.5,133.7,98.4,28.8,69.6,298.5,294.8,3.7,126.8,124.5,2.2,,,,
LTU,2007-01-01,1434.3,1201.1,233.2,687.6,581.3,106.3,1.0,36.876739659,16.258802203,162.1,46.3,115.7,61.3,24.2,37.1,313.7,307.5,6.2,142.5,137.3,5.2,,,,
LTU,2007-04-01,1453.6,1230.0,223.6,696.5,590.2,106.3,1.0,36.858092375,15.382498624,157.9,45.9,112.1,70.5,23.3,47.2,320.7,315.7,4.9,142.9,139.3,3.6,,,,
LTU,2007-07-01,1458.8,1237.9,220.9,702.4,594.3,108.1,1.0,37.037818228,15.142582945,149.5,46.6,102.8,70.0,24.2,45.8,321.2,315.8,5.4,136.9,132.2,4.7,,,,
LTU,2007-10-01,1450.3,1263.2,187.1,707.6,610.2,97.3,1.0,37.530696567,12.900779149,117.1,46.8,70.2,58.6,22.6,36.0,323.9,318.2,5.7,148.1,143.2,4.9,,,,
LTU,2008-01-01,1439.7,1272.1,167.6,716.5,623.7,92.8,1.0,38.28254818,11.641314163,115.3,49.0,66.3,63.1,25.0,38.1,314.9,311.6,3.3,144.9,143.1,1.9,,,,
LTU,2008-04-01,1439.7,1272.1,167.5,702.7,615.2,87.5,1.0,37.545215082,11.634368271,112.8,49.7,63.1,54.1,24.5,29.6,312.9,310.8,2.1,144.2,143.1,1.1,,,,
LTU,2008-07-01,1426.3,1258.7,167.6,699.6,611.4,88.2,1.0,37.730761141,11.750683587,114.9,49.8,65.1,56.8,24.3,32.5,314.1,311.7,2.4,151.0,149.6,1.4,,,,
LTU,2008-10-01,1408.2,1240.5,167.6,682.1,591.8,90.3,1.0,37.259786088,11.901718506,114.4,49.5,64.9,59.5,23.9,35.6,310.3,308.9,1.3,145.0,144.4,0.7,,,,
LTU,2009-01-01,1363.7,1199.2,164.5,648.5,564.2,84.4,1.0,36.580344199,12.062770404,117.6,47.7,69.9,56.6,22.1,34.6,310.0,308.2,1.9,140.3,139.3,1.0,,,,
LTU,2009-04-01,1337.3,1172.9,164.4,623.0,542.4,80.6,1.0,35.835696495,12.293427055,118.9,46.5,72.4,54.0,21.5,32.5,310.2,306.4,3.8,139.4,137.3,2.1,,,,
LTU,2009-07-01,1304.6,1144.4,160.1,617.4,535.8,81.6,1.0,36.403731176,12.271960754,118.8,45.3,73.5,58.0,20.5,37.5,309.8,307.3,2.5,138.3,137.4,0.9,,,,
LTU,2009-10-01,1277.1,1129.6,147.5,608.6,527.4,81.2,1.0,36.657571541,11.549604573,117.2,44.3,72.9,61.3,20.1,41.2,309.7,308.2,1.5,139.8,139.1,0.7,,,,
LTU,2010-01-01,1251.9,1110.7,141.2,594.7,521.4,73.3,1.0,36.541380179,11.278856139,113.0,44.2,68.8,54.9,20.8,34.1,303.3,301.2,2.1,135.3,134.4,0.9,17.333333333,0.5,eurostat,0.028846154
LTU,2010-04-01,1242.5,1104.1,138.4,588.4,520.9,67.5,1.0,36.427797555,11.138832998,110.7,43.8,66.9,52.0,20.7,31.3,305.6,304.0,1.7,138.8,137.9,0.9,18.2,0.6,eurostat,0.032967033
LTU,2010-07-01,1245.7,1110.7,135.0,611.4,540.5,70.9,1.0,37.754490833,10.837280244,109.2,42.8,66.4,54.9,20.4,34.5,305.9,303.6,2.4,144.2,142.9,1.3,18.166666667,0.6,eurostat,0.033027523
LTU,2010-10-01,1260.7,1128.1,132.6,606.8,535.4,71.4,1.0,37.024607819,10.517966209,106.9,41.9,65.0,55.9,20.1,35.8,306.4,304.3,2.1,137.6,136.6,1.0,17.633333333,0.7,eurostat,0.039697543
LTU,2011-01-01,1249.3,1116.7,132.6,593.9,523.9,70.0,1.0,36.568170483,10.613943809,106.0,41.4,64.6,54.7,19.7,34.9,305.0,303.5,1.5,136.6,135.8,0.8,16.833333333,0.9,eurostat,0.053465347
LTU,2011-04-01,1259.2,1127.7,131.5,598.9,532.0,66.9,1.0,36.58611084,10.443138501,106.3,42.2,64.1,53.5,20.4,33.1,301.9,300.4,1.5,135.4,134.7,0.8,15.8,0.9,eurostat,0.056962025
LTU,2011-07-01,1254.2,1120.9,133.3,589.2,520.1,69.0,1.0,36.13704108,10.628288949,105.3,42.7,62.6,52.6,20.5,32.1,301.2,298.1,3.1,132.4,131.0,1.5,15.3,0.9,eurostat,0.058823529
LTU,2011-10-01,1265.6,1128.0,137.6,600.8,527.7,73.1,1.0,36.516580764,10.872313527,107.3,43.4,63.8,55.0,21.1,33.9,299.0,295.5,3.5,131.9,130.0,1.9,13.666666667,0.8,eurostat,0.058536585
LTU,2012-01-01,1274.4,1135.5,138.9,603.7,533.4,70.3,1.0,36.439470762,10.899246704,108.7,44.9,63.7,53.8,22.2,31.6,296.4,293.4,3.0,133.8,132.4,1.4,14.0,0.9,eurostat,0.064285714
LTU,2012-04-01,1281.6,1138.8,142.8,607.1,533.5,73.6,1.0,36.438826467,11.142322097,113.0,46.2,66.7,58.3,22.2,36.1,294.9,291.9,3.1,129.9,128.5,1.5,13.5,0.8,eurostat,0.059259259
LTU,2012-07-01,1284.4,1140.9,143.5,607.2,531.4,75.8,1.0,36.365378626,11.172531922,114.1,47.4,66.7,58.9,22.8,36.2,295.3,293.3,2.0,127.4,126.5,0.8,13.1,1.0,eurostat,0.076335878
LTU,2012-10-01,1280.4,1137.2,143.2,605.7,531.0,74.7,1.0,36.388868863,11.184004998,112.0,47.2,64.8,56.8,22.9,33.9,294.8,292.0,2.8,130.4,128.9,1.5,13.0,0.9,eurostat,0.069230769
LTU,2013-01-01,1291.5,1142.8,148.7,609.1,534.4,74.8,1.0,36.278626523,11.513743709,108.4,45.5,62.9,52.9,21.4,31.5,293.7,289.8,3.9,129.8,128.0,1.8,12.066666667,0.8,eurostat,0.066298343
LTU,2013-04-01,1302.2,1148.2,154.1,611.3,531.9,79.4,1.0,36.110487577,11.83381969,107.9,44.9,63.1,54.3,21.4,32.9,295.8,292.9,2.9,130.3,128.8,1.5,11.733333333,0.8,eurostat,0.068181818
LTU,2013-07-01,1297.2,1144.6,152.5,605.8,529.9,75.9,1.0,35.923527598,11.75609004,107.4,45.2,62.2,52.9,21.8,31.0,292.2,290.9,1.3,128.9,128.4,0.6,11.733333333,1.1,eurostat,0.09375
LTU,2013-10-01,1304.3,1145.6,158.7,611.4,530.3,81.1,1.0,36.058245213,12.16744614,111.3,46.2,65.1,55.9,22.1,33.9,293.5,292.3,1.2,130.3,129.8,0.5,11.666666667,1.0,eurostat,0.085714286
LTU,2014-01-01,1314.9,1154.3,160.6,615.5,531.6,83.8,1.0,36.007417938,12.213856567,116.9,48.2,68.7,62.2,22.9,39.3,294.6,291.5,3.1,129.2,127.7,1.4,11.3,1.0,eurostat,0.088495575
LTU,2014-04-01,1318.2,1158.2,160.0,619.0,537.3,81.6,1.0,36.121517687,12.137763617,120.1,50.5,69.6,59.2,23.7,35.4,294.5,292.1,2.4,129.8,128.6,1.2,11.066666667,1.0,eurostat,0.090361446
LTU,2014-07-01,1337.4,1176.2,161.3,620.9,543.3,77.6,1.0,35.71223154,12.06071482,121.1,52.4,68.7,55.5,24.4,31.2,297.0,295.3,1.8,128.1,127.7,0.4,10.233333333,0.9,eurostat,0.087947883
LTU,2014-10-01,1329.1,1167.6,161.5,619.5,542.8,76.7,1.0,35.85422177,12.151079678,124.5,53.1,71.4,57.0,23.8,33.2,296.5,293.6,3.0,130.0,129.0,1.0,10.333333333,1.0,eurostat,0.096774194
LTU,2015-01-01,1339.5,1176.9,162.6,631.3,549.0,82.3,1.0,36.253481494,12.138857783,125.0,53.8,71.2,62.5,24.8,37.8,302.9,300.3,2.5,133.3,132.2,1.0,9.3,1.0,eurostat,0.107526882
LTU,2015-04-01,1339.8,1176.3,163.5,637.3,552.3,85.0,1.0,36.589846935,12.203313927,123.5,53.3,70.3,62.7,24.6,38.1,304.2,300.7,3.5,137.1,135.4,1.7,9.266666667,1.1,eurostat,0.118705036
LTU,2015-07-01,1344.7,1180.4,164.3,634.6,549.6,84.9,1.0,36.302063371,12.218338663,122.1,52.6,69.5,59.4,24.0,35.4,310.5,307.1,3.4,138.3,136.4,1.9,9.166666667,1.1,eurostat,0.12
LTU,2015-10-01,1351.6,1181.3,170.3,642.9,558.9,84.1,1.0,36.589113757,12.599881622,113.4,52.0,61.3,54.7,25.1,29.6,313.6,307.5,6.1,140.6,137.9,2.8,8.833333333,1.1,eurostat,0.124528302
LTU,2016-01-01,1374.9,1199.0,175.9,659.9,570.8,89.1,1.0,36.920167621,12.793657721,113.7,51.1,62.6,55.8,24.7,31.0,318.7,313.7,5.0,145.0,143.0,2.0,8.066666667,1.2,eurostat,0.148760331
LTU,2016-04-01,1369.7,1203.5,166.2,650.6,568.1,82.5,1.0,36.538040334,12.134043951,106.4,51.1,55.3,52.4,24.9,27.5,315.0,312.0,3.0,141.0,140.0,1.0,8.1,1.3,eurostat,0.160493827
LTU,2016-07-01,1375.8,1206.1,169.7,663.9,577.7,86.2,1.0,37.119661847,12.334641663,108.2,51.0,57.2,55.0,25.3,29.7,318.0,312.7,5.3,146.4,143.9,2.5,7.9,1.3,eurostat,0.164556962
LTU,2016-10-01,1372.4,1208.0,164.4,659.6,575.6,84.0,1.0,36.970607358,11.979014864,104.9,51.1,53.8,52.8,25.0,27.8,316.5,310.8,5.6,142.4,139.9,2.5,7.6,1.4,eurostat,0.184210526
LTU,2017-01-01,1372.0,1205.8,166.2,644.1,562.9,81.2,1.0,36.112357031,12.113702624,105.8,50.9,54.9,51.4,24.8,26.7,314.4,310.4,4.0,139.0,137.1,1.9,7.733333333,1.5,eurostat,0.193965517
LTU,2017-04-01,1365.2,1196.5,168.8,645.4,563.3,82.1,1.0,36.365480403,12.36448872,104.7,50.1,54.6,50.1,24.0,26.0,315.0,310.4,4.6,139.4,137.0,2.5,7.2,1.5,eurostat,0.208333333
LTU,2017-07-01,1352.3,1192.7,159.6,634.9,553.5,81.4,1.0,36.115108732,11.802114915,105.7,49.0,56.7,51.8,23.0,28.8,312.5,309.8,2.8,136.0,134.9,1.2,6.7,1.6,eurostat,0.23880597
LTU,2017-10-01,1366.6,1205.9,160.7,634.4,554.8,79.7,1.0,35.709058978,11.7591102,104.4,48.2,56.3,51.8,22.5,29.3,313.6,309.8,3.8,137.6,136.0,1.6,6.8,1.6,eurostat,0.235294118
LTU,2018-01-01,1371.9,1207.5,164.4,643.8,560.2,83.6,1.0,36.098168178,11.983380713,100.6,48.0,52.6,51.2,22.4,28.9,312.9,307.2,5.8,136.8,134.1,2.7,6.766666667,1.5,eurostat,0.221674877
LTU,2018-04-01,1374.6,1215.1,159.5,650.0,568.0,82.0,1.0,36.374217954,11.603375527,101.5,48.3,53.3,51.5,22.4,29.1,311.1,306.4,4.8,138.6,136.4,2.3,6.066666667,1.5,eurostat,0.247252747
LTU,2018-07-01,1395.4,1236.2,159.2,655.6,579.3,76.3,1.0,36.140726122,11.408915006,96.0,49.2,46.8,44.0,23.0,21.1,316.7,313.9,2.8,137.6,136.3,1.3,5.966666667,1.4,eurostat,0.234636871
LTU,2018-10-01,1390.7,1227.0,163.7,656.9,577.0,79.9,1.0,36.334773302,11.77105055,96.4,49.6,46.8,47.2,24.2,23.0,315.3,312.5,2.9,141.2,139.5,1.7,5.966666667,1.4,eurostat,0.234636871
LTU,2019-01-01,1394.3,1232.8,161.5,660.5,576.8,83.7,1.0,36.439569897,11.582873126,96.0,49.1,46.9,51.6,23.3,28.2,316.6,313.7,2.9,141.2,139.4,1.7,6.166666667,1.4,eurostat,0.227027027
LTU,2019-04-01,1392.3,1226.6,165.7,665.5,582.6,83.0,1.0,36.76815894,11.901170725,91.8,47.9,43.9,45.8,23.4,22.3,317.5,315.3,2.2,142.2,141.0,1.2,6.033333333,1.4,eurostat,0.232044199
LTU,2019-07-01,1389.9,1226.5,163.4,649.3,571.0,78.4,1.0,35.935070038,11.756241456,87.3,43.4,43.9,41.7,21.5,20.3,321.8,318.7,3.1,141.7,140.7,1.0,6.3,1.4,eurostat,0.222222222
LTU,2019-10-01,1388.2,1226.9,161.3,646.6,568.7,78.0,1.0,35.829463722,11.619363204,80.6,38.9,41.6,40.4,19.1,21.3,323.6,320.3,3.2,141.9,140.4,1.5,6.6,1.5,eurostat,0.227272727
LTU,2020-01-01,1380.9,1225.1,155.8,634.1,558.6,75.4,1.0,35.32255998,11.282496922,79.8,37.0,42.8,41.9,18.6,23.3,323.6,319.5,4.1,139.6,137.8,1.8,7.4,1.1,eurostat,0.148648649
LTU,2020-04-01,1366.9,1210.9,156.0,602.8,538.2,64.6,1.0,33.922913724,11.412685639,78.8,36.5,42.3,38.0,17.4,20.6,321.7,318.5,3.2,135.9,135.2,0.6,8.5,1.3,eurostat,0.152941176
LTU,2020-07-01,1357.6,1197.1,160.5,619.3,546.7,72.6,1.0,35.090204433,11.82233353,77.9,35.9,42.1,39.1,17.6,21.5,317.9,314.0,3.9,138.8,137.3,1.5,9.133333333,1.4,eurostat,0.153284672
LTU,2020-10-01,1360.9,1204.3,156.5,614.9,544.9,70.1,1.0,34.756411198,11.499742817,76.9,35.7,41.3,39.0,17.2,21.8,317.7,313.7,4.1,136.6,134.9,1.6,9.066666667,1.4,eurostat,0.154411765
LTU,2021-01-01,1364.9,1207.2,157.7,619.3,551.7,67.6,1.0,34.902528785,11.553959997,75.7,33.7,42.0,36.5,16.5,19.9,313.9,309.3,4.6,137.3,135.9,1.4,7.633333333,1.6,eurostat,0.209606987
LTU,2021-04-01,1372.3,1214.1,158.2,635.4,562.7,72.7,1.0,35.616791574,11.528091525,71.7,31.6,40.1,35.5,15.4,20.0,315.0,310.9,4.2,137.7,135.8,1.8,7.666666667,1.8,eurostat,0.234782609
LTU,2021-07-01,1399.1,1238.9,160.2,638.9,566.3,72.5,1.0,35.126977233,11.450217997,74.7,33.7,41.0,36.7,16.5,20.2,318.3,312.4,5.9,136.7,134.8,1.8,6.766666667,2.0,eurostat,0.295566502
LTU,2021-10-01,1413.7,1249.1,164.7,648.8,571.7,77.1,1.0,35.302887676,11.650279409,75.3,35.1,40.1,38.1,17.5,20.6,321.2,316.4,4.8,137.3,135.6,1.7,6.5,2.0,eurostat,0.307692308
LTU,2022-01-01,1432.5,1258.2,174.3,662.0,579.0,83.0,1.0,35.548395758,12.167539267,78.3,37.1,41.1,39.1,18.0,21.1,326.3,321.2,5.1,142.2,140.1,2.0,6.133333333,1.9,eurostat,0.309782609
LTU,2022-04-01,1464.3,1287.4,176.8,669.3,584.9,84.4,1.0,35.159882117,12.074028546,82.9,40.3,42.6,41.4,19.3,22.1,336.2,330.5,5.7,145.9,143.8,2.1,5.933333333,1.9,eurostat,0.320224719
LTU,2022-07-01,1466.5,1291.7,174.8,669.5,587.8,81.6,1.0,35.117627003,11.919536311,77.5,38.9,38.6,37.0,18.0,19.0,334.8,329.2,5.5,146.3,144.4,2.0,6.1,1.9,eurostat,0.31147541
LTU,2022-10-01,1461.9,1286.2,175.6,677.1,595.2,81.9,1.0,35.628028856,12.011765511,74.0,36.4,37.6,36.0,17.3,18.7,336.3,330.8,5.4,149.9,147.9,2.0,6.166666667,1.8,eurostat,0.291891892
LTU,2023-01-01,1461.4,1289.6,171.8,677.1,597.9,79.3,1.0,35.640218547,11.755850554,72.3,37.8,34.5,35.5,18.2,17.3,331.3,326.1,5.2,147.9,146.1,1.8,6.733333333,1.9,eurostat,0.282178218
LTU,2023-04-01,1476.0,1304.7,171.3,685.7,607.4,78.3,1.0,35.73587659,11.605691057,72.4,40.9,31.4,35.9,19.1,16.8,330.9,326.2,4.7,148.9,147.2,1.7,6.633333333,2.0,eurostat,0.301507538
LTU,2023-07-01,1485.3,1309.3,176.0,689.7,609.3,80.4,1.0,35.71927971,11.849458022,74.3,40.0,34.3,36.8,19.2,17.6,328.8,323.2,5.6,151.8,149.7,2.1,6.833333333,2.0,eurostat,0.292682927
LTU,2023-10-01,1485.6,1312.9,172.7,689.2,611.2,78.1,1.0,35.686177043,11.624932687,74.0,42.2,31.8,35.4,19.5,16.0,342.8,336.7,6.2,155.1,152.7,2.4,7.166666667,2.0,eurostat,0.279069767
LTU,2024-01-01,1484.1,1311.2,172.9,697.8,617.7,80.1,1.0,36.167996144,11.650158345,71.8,39.5,32.3,36.5,19.0,17.5,343.6,336.4,7.2,157.7,154.9,2.7,7.333333333,2.0,eurostat,0.272727273
LTU,2024-04-01,1499.5,1325.2,174.2,700.2,620.6,79.6,1.0,35.91966553,11.617205735,71.8,37.9,33.9,35.0,18.4,16.7,344.1,335.0,9.1,158.7,155.0,3.8,7.133333333,2.0,eurostat,0.280373832
LTU,2024-07-01,1498.2,1324.1,174.2,705.4,623.6,81.8,1.0,36.217820359,11.627286077,70.9,35.6,35.4,36.3,16.5,19.8,349.2,340.1,9.1,160.5,156.8,3.7,7.1,2.0,eurostat,0.281690141
LTU,2024-10-01,1501.7,1330.8,171.0,710.3,630.0,80.4,1.0,36.384405366,11.387094626,71.9,34.4,37.5,38.0,17.0,21.0,351.6,342.9,8.6,160.8,157.4,3.4,6.766666667,2.0,eurostat,0.295566502
LTU,2025-01-01,1504.3,1336.8,167.5,704.7,627.4,77.3,1.0,36.035160744,11.134747058,69.9,35.1,34.8,34.7,17.1,17.6,364.4,355.4,9.0,161.2,157.6,3.6,6.733333333,2.2,eurostat,0.326732673
LTU,2025-04-01,1485.3,1318.8,166.5,703.9,625.5,78.3,1.0,36.454691878,11.209856595,68.4,36.1,32.3,35.3,17.5,17.7,359.2,350.5,8.6,161.8,158.5,3.2,6.966666667,2.2,eurostat,0.315789474
LTU,2025-07-01,1499.6,1335.7,163.9,704.3,628.0,76.2,1.0,36.12758274,10.929581222,71.4,44.4,27.0,34.8,20.6,14.2,356.4,347.6,8.8,161.0,157.6,3.4,6.766666667,2.2,eurostat,0.325123153
LTU,2025-10-01,1464.5,1296.8,167.7,705.0,626.1,78.9,1.0,37.030228222,11.45100717,69.1,45.7,23.4,35.0,21.5,13.5,336.2,326.0,10.2,160.0,156.0,3.9,6.7,2.3,eurostat,0.343283582
LTU,2026-01-01,1491.5,1305.8,185.8,710.0,621.3,88.7,1.0,36.617757033,12.457257794,67.1,39.5,27.6,36.6,20.6,16.0,340.5,331.3,9.2,154.8,151.2,3.6,,,,
LTU,2026-04-01,1479.5,,,,,,1.0,,,,,,,,,,,,,,,,,,
LUX,1995-01-01,213.8,196.5,17.4,86.7,79.4,7.4,1.0,31.193782831,8.138447147,5.4,1.0,4.3,2.2,0.4,1.8,35.3,34.2,1.0,13.3,13.0,0.3,,,,
LUX,1995-04-01,215.3,197.8,17.4,87.1,79.6,7.4,1.0,31.119368323,8.0817464,5.5,1.1,4.3,2.2,0.4,1.8,35.5,34.5,1.0,13.4,13.0,0.3,,,,
LUX,1995-07-01,218.6,201.2,17.4,88.0,80.6,7.4,1.0,30.966288972,7.959743824,6.0,1.7,4.3,2.4,0.7,1.8,35.8,34.7,1.1,13.5,13.1,0.3,,,,
LUX,1995-10-01,220.2,202.7,17.4,89.0,81.6,7.4,1.0,31.090616922,7.901907357,6.0,1.7,4.3,2.5,0.7,1.8,36.1,35.0,1.1,13.5,13.2,0.3,,,,
LUX,1996-01-01,222.1,204.5,17.8,87.5,80.2,7.4,1.0,30.30512936,8.014407924,5.5,1.4,4.1,2.2,0.5,1.7,36.5,35.3,1.2,13.4,13.1,0.3,,,,
LUX,1996-04-01,222.7,204.8,17.8,88.8,81.4,7.4,1.0,30.67251563,7.992815447,5.5,1.4,4.1,2.2,0.5,1.7,36.9,35.7,1.2,13.6,13.3,0.3,,,,
LUX,1996-07-01,222.5,204.6,17.8,89.1,81.6,7.5,1.0,30.803802939,8.0,5.4,1.3,4.1,2.2,0.5,1.7,37.1,35.9,1.2,13.8,13.5,0.4,,,,
LUX,1996-10-01,223.1,205.1,17.9,89.5,82.0,7.5,1.0,30.858876668,8.023307934,5.4,1.3,4.1,2.2,0.5,1.7,37.4,36.1,1.3,13.9,13.5,0.4,,,,
LUX,1997-01-01,225.0,207.0,18.0,90.3,82.8,7.4,1.0,30.871794872,8.0,5.4,1.4,4.0,2.2,0.5,1.7,37.4,36.1,1.2,14.1,13.7,0.3,,,,
LUX,1997-04-01,228.2,210.3,18.0,91.4,84.0,7.4,1.0,30.809681116,7.887817704,5.4,1.4,4.0,2.2,0.5,1.6,38.0,36.7,1.3,14.2,13.9,0.4,,,,
LUX,1997-07-01,231.6,213.6,18.0,92.9,85.5,7.4,1.0,30.855586555,7.772020725,5.4,1.3,4.0,2.2,0.5,1.6,38.7,37.4,1.3,14.4,14.0,0.4,,,,
LUX,1997-10-01,234.5,216.4,18.1,94.1,86.6,7.4,1.0,30.867639823,7.718550107,5.3,1.3,4.0,2.2,0.5,1.6,39.4,38.1,1.3,14.7,14.3,0.4,,,,
LUX,1998-01-01,235.3,217.4,18.1,94.6,87.1,7.4,1.0,30.926149923,7.692307692,5.3,1.4,3.9,2.2,0.5,1.6,40.3,38.9,1.4,15.0,14.6,0.4,,,,
LUX,1998-04-01,238.8,220.7,18.1,95.4,88.0,7.4,1.0,30.730575957,7.579564489,5.2,1.3,3.9,2.1,0.5,1.6,40.6,39.2,1.4,15.0,14.6,0.4,,,,
LUX,1998-07-01,241.5,223.4,18.1,96.3,89.0,7.4,1.0,30.673674152,7.494824017,5.2,1.3,3.9,2.1,0.5,1.6,41.1,39.6,1.5,15.1,14.6,0.4,,,,
LUX,1998-10-01,244.1,225.9,18.1,96.9,89.5,7.4,1.0,30.536035042,7.414993855,5.2,1.4,3.8,2.1,0.5,1.6,41.5,40.0,1.5,15.1,14.7,0.4,,,,
LUX,1999-01-01,245.8,227.8,18.2,98.7,91.4,7.3,1.0,30.888151718,7.404393816,5.1,1.3,3.8,2.1,0.5,1.6,40.7,39.2,1.4,15.0,14.6,0.4,,,,
LUX,1999-04-01,249.2,231.0,18.2,99.5,92.2,7.3,1.0,30.713668354,7.303370787,5.1,1.4,3.8,2.1,0.5,1.6,41.2,39.7,1.5,15.2,14.8,0.4,,,,
LUX,1999-07-01,252.6,234.3,18.3,100.3,92.9,7.4,1.0,30.543882088,7.244655582,5.1,1.4,3.8,2.1,0.5,1.5,41.7,40.3,1.5,15.3,14.9,0.4,,,,
LUX,1999-10-01,256.0,237.7,18.2,101.5,94.2,7.4,1.0,30.498798077,7.109375,5.1,1.4,3.8,2.1,0.6,1.5,42.3,40.8,1.5,15.4,15.0,0.4,,,,
LUX,2000-01-01,258.6,240.6,18.2,103.3,96.0,7.4,1.0,30.727586412,7.037896365,4.9,1.4,3.5,2.0,0.6,1.5,43.0,41.2,1.7,15.7,15.2,0.5,,,,
LUX,2000-04-01,262.0,243.7,18.2,105.2,97.8,7.4,1.0,30.886670581,6.946564885,4.9,1.4,3.5,2.0,0.6,1.4,43.8,42.0,1.7,16.1,15.6,0.5,,,,
LUX,2000-07-01,265.5,247.2,18.2,106.5,99.1,7.4,1.0,30.8561495,6.854990584,4.9,1.4,3.5,2.0,0.5,1.4,44.5,42.7,1.8,16.4,15.9,0.5,,,,
LUX,2000-10-01,269.9,251.6,18.2,108.2,100.7,7.4,1.0,30.837632171,6.743238236,4.8,1.4,3.5,2.0,0.5,1.4,45.2,43.4,1.8,16.6,16.1,0.5,,,,
LUX,2001-01-01,275.0,256.2,19.0,110.0,102.4,7.6,1.0,30.769230769,6.909090909,4.7,1.4,3.3,1.9,0.6,1.3,45.5,43.8,1.6,16.8,16.2,0.5,,,,
LUX,2001-04-01,277.8,258.8,19.0,110.3,102.7,7.6,1.0,30.542172011,6.839452844,4.7,1.4,3.2,1.9,0.6,1.3,46.0,44.3,1.7,16.9,16.4,0.5,,,,
LUX,2001-07-01,280.7,261.7,19.0,112.0,104.3,7.6,1.0,30.69249952,6.768792305,4.6,1.4,3.2,1.9,0.5,1.3,46.6,45.0,1.7,17.2,16.7,0.5,,,,
LUX,2001-10-01,282.9,264.0,18.9,113.1,105.5,7.6,1.0,30.752916225,6.680805938,4.6,1.4,3.2,1.8,0.6,1.3,47.5,45.9,1.7,17.5,17.0,0.5,,,,
LUX,2002-01-01,285.5,266.4,18.9,113.3,105.8,7.4,1.0,30.52674121,6.619964974,4.5,1.4,3.2,1.8,0.5,1.3,48.7,46.9,1.8,17.7,17.2,0.5,,,,
LUX,2002-04-01,286.0,267.3,19.0,113.7,106.3,7.5,1.0,30.580957504,6.643356643,4.5,1.3,3.2,1.8,0.5,1.3,48.6,46.8,1.8,17.9,17.3,0.6,,,,
LUX,2002-07-01,287.1,268.1,19.1,114.6,107.1,7.5,1.0,30.704927257,6.652734239,4.5,1.3,3.1,1.8,0.5,1.3,49.2,47.4,1.8,18.1,17.6,0.6,,,,
LUX,2002-10-01,288.7,269.5,19.2,115.3,107.8,7.6,1.0,30.721270416,6.650502251,4.5,1.4,3.1,1.8,0.6,1.3,49.8,48.0,1.9,18.4,17.8,0.6,,,,
LUX,2003-01-01,290.5,271.4,19.2,115.7,108.0,7.7,1.0,30.636833046,6.60929432,4.4,1.3,3.1,1.8,0.5,1.3,51.2,49.1,2.1,18.8,18.1,0.7,,,,
LUX,2003-04-01,291.6,272.2,19.3,115.9,108.1,7.7,1.0,30.574021315,6.618655693,4.5,1.3,3.1,1.8,0.5,1.3,51.8,49.7,2.1,19.0,18.3,0.7,,,,
LUX,2003-07-01,293.2,273.8,19.4,116.6,108.8,7.8,1.0,30.590827999,6.616643929,4.4,1.3,3.1,1.8,0.5,1.3,52.4,50.3,2.2,19.2,18.6,0.7,,,,
LUX,2003-10-01,294.9,275.3,19.5,116.9,109.1,7.8,1.0,30.492735477,6.612410987,4.4,1.3,3.1,1.8,0.5,1.2,52.8,50.7,2.2,19.4,18.7,0.7,,,,
LUX,2004-01-01,296.0,276.5,19.7,117.5,109.6,7.9,1.0,30.535343035,6.655405405,4.1,1.0,3.1,1.7,0.4,1.2,53.6,51.3,2.2,19.8,19.1,0.7,,,,
LUX,2004-04-01,298.5,278.6,19.8,118.2,110.3,7.9,1.0,30.459992269,6.633165829,4.1,1.0,3.1,1.6,0.4,1.2,54.3,52.0,2.3,20.1,19.4,0.7,,,,
LUX,2004-07-01,300.4,280.5,20.0,118.1,110.2,8.0,1.0,30.241728977,6.657789614,4.1,1.0,3.1,1.6,0.4,1.2,54.9,52.5,2.3,20.2,19.5,0.8,,,,
LUX,2004-10-01,302.3,282.1,20.1,118.5,110.5,8.1,1.0,30.153439019,6.649024148,4.1,1.0,3.1,1.6,0.4,1.2,55.5,53.2,2.4,20.4,19.6,0.8,,,,
LUX,2005-01-01,304.2,283.8,20.2,119.1,111.0,8.0,1.0,30.116825975,6.640368179,4.1,0.9,3.1,1.5,0.3,1.2,56.0,53.4,2.6,20.4,19.6,0.8,,,,
LUX,2005-04-01,306.2,286.0,20.3,120.1,112.0,8.1,1.0,30.171330955,6.629653821,4.1,0.9,3.1,1.5,0.4,1.2,56.4,53.7,2.7,20.5,19.6,0.9,,,,
LUX,2005-07-01,308.6,288.3,20.4,120.7,112.6,8.1,1.0,30.086245576,6.610499028,4.0,0.9,3.1,1.5,0.4,1.2,56.9,54.2,2.7,20.6,19.7,0.9,,,,
LUX,2005-10-01,311.1,290.7,20.4,121.2,113.1,8.1,1.0,29.968103256,6.557377049,4.0,0.9,3.1,1.5,0.4,1.2,57.4,54.7,2.7,20.7,19.8,0.9,,,,
LUX,2006-01-01,314.8,294.6,20.2,122.6,114.5,8.1,1.0,29.957970873,6.416772554,4.1,1.0,3.1,1.5,0.4,1.2,57.9,55.1,2.9,20.9,20.0,0.9,,,,
LUX,2006-04-01,317.8,297.5,20.2,125.2,117.0,8.2,1.0,30.304497265,6.356198867,4.1,1.0,3.1,1.5,0.4,1.2,58.4,55.5,2.9,21.1,20.2,0.9,,,,
LUX,2006-07-01,320.7,300.4,20.3,125.5,117.3,8.2,1.0,30.102420187,6.329903336,4.1,1.0,3.1,1.5,0.4,1.2,58.8,55.8,3.0,21.2,20.2,0.9,,,,
LUX,2006-10-01,323.8,303.5,20.4,127.2,118.9,8.3,1.0,30.218083337,6.3001853,4.1,1.0,3.0,1.5,0.4,1.1,59.1,56.1,3.0,21.3,20.3,1.0,,,,
LUX,2007-01-01,327.4,306.9,20.5,129.6,121.1,8.6,1.0,30.449696913,6.261453879,4.1,1.0,3.0,1.5,0.4,1.1,59.6,56.4,3.2,21.5,20.5,1.0,,,,
LUX,2007-04-01,331.1,310.6,20.6,131.1,122.4,8.7,1.0,30.457914179,6.221685291,4.0,1.0,3.0,1.5,0.4,1.1,60.1,56.9,3.3,21.7,20.7,1.0,,,,
LUX,2007-07-01,335.1,314.4,20.7,132.1,123.4,8.7,1.0,30.323898721,6.177260519,4.0,1.0,3.0,1.5,0.4,1.1,60.6,57.3,3.3,21.8,20.8,1.0,,,,
LUX,2007-10-01,339.4,318.5,20.9,135.0,126.1,8.8,1.0,30.596981098,6.157925751,4.0,1.1,3.0,1.5,0.4,1.1,61.1,57.7,3.4,22.0,21.0,1.0,,,,
LUX,2008-01-01,344.4,322.9,21.1,135.8,126.9,8.9,1.0,30.331457161,6.12659698,4.0,1.1,3.0,1.6,0.4,1.1,61.6,58.3,3.4,22.1,21.1,1.0,4.366666667,0.7,eurostat,0.160305343
LUX,2008-04-01,347.5,326.7,21.2,137.6,128.6,9.0,1.0,30.459324848,6.100719424,4.0,1.1,3.0,1.5,0.4,1.1,62.2,58.8,3.4,22.4,21.4,1.0,4.8,0.7,eurostat,0.145833333
LUX,2008-07-01,351.3,329.9,21.3,138.0,129.0,9.1,1.0,30.217434146,6.063193851,4.0,1.1,2.9,1.5,0.4,1.1,63.0,59.6,3.5,22.7,21.6,1.1,5.066666667,0.6,eurostat,0.118421053
LUX,2008-10-01,353.0,331.6,21.4,138.9,129.8,9.1,1.0,30.268032251,6.062322946,4.0,1.1,2.9,1.5,0.4,1.1,63.8,60.3,3.5,23.0,21.9,1.1,5.2,0.6,eurostat,0.115384615
LUX,2009-01-01,352.4,330.9,21.4,134.4,125.9,8.4,1.0,29.337291539,6.072644722,3.9,1.1,2.9,1.5,0.4,1.1,64.4,60.6,3.8,22.8,21.7,1.1,5.4,0.4,eurostat,0.074074074
LUX,2009-04-01,351.7,330.2,21.6,130.9,122.3,8.5,1.0,28.630169944,6.141597953,3.9,1.1,2.8,1.5,0.4,1.1,65.5,61.7,3.9,22.9,21.8,1.1,5.3,0.4,eurostat,0.075471698
LUX,2009-07-01,352.1,330.4,21.7,134.7,126.2,8.6,1.0,29.427828633,6.163021869,3.9,1.1,2.8,1.5,0.4,1.1,66.0,62.1,3.9,23.3,22.2,1.1,5.066666667,0.3,eurostat,0.059210526
LUX,2009-10-01,353.9,332.1,21.8,134.8,126.3,8.6,1.0,29.299889147,6.159932184,3.9,1.1,2.8,1.5,0.4,1.0,67.5,63.5,4.0,23.6,22.4,1.1,4.9,0.4,eurostat,0.081632653
LUX,2010-01-01,355.8,334.0,21.8,134.1,125.8,8.4,1.0,28.992087171,6.127037662,3.9,1.2,2.8,1.4,0.4,1.0,67.7,63.6,4.1,23.8,22.6,1.2,4.633333333,0.4,eurostat,0.086330935
LUX,2010-04-01,357.9,336.0,21.9,135.3,126.8,8.4,1.0,29.079889097,6.119027661,3.9,1.2,2.7,1.5,0.4,1.0,68.1,63.9,4.2,23.9,22.7,1.2,4.466666667,0.5,eurostat,0.111940298
LUX,2010-07-01,360.1,338.0,22.1,136.4,127.7,8.5,1.0,29.137205477,6.137184116,3.9,1.2,2.7,1.5,0.4,1.0,68.8,64.5,4.3,24.2,23.0,1.2,4.433333333,0.6,eurostat,0.135338346
LUX,2010-10-01,362.3,340.1,22.2,136.4,128.2,8.6,1.0,28.960275165,6.127518631,3.9,1.2,2.7,1.4,0.4,1.0,69.5,65.1,4.3,24.4,23.2,1.2,4.733333333,0.7,eurostat,0.147887324
LUX,2011-01-01,365.3,342.8,22.4,139.1,130.3,8.5,1.0,29.290993704,6.131946345,3.9,1.2,2.7,1.4,0.5,1.0,70.5,66.2,4.3,24.8,23.5,1.2,4.7,0.8,eurostat,0.170212766
LUX,2011-04-01,368.8,346.2,22.6,140.0,131.3,8.6,1.0,29.20073419,6.127982646,3.9,1.2,2.7,1.4,0.4,1.0,71.5,67.1,4.4,25.1,23.9,1.3,4.766666667,1.0,eurostat,0.20979021
LUX,2011-07-01,371.4,348.7,22.7,140.9,132.4,8.6,1.0,29.182718197,6.112008616,3.9,1.2,2.7,1.4,0.4,1.0,72.2,67.7,4.5,25.5,24.2,1.3,5.033333333,0.7,eurostat,0.139072848
LUX,2011-10-01,373.1,350.4,22.7,141.7,133.0,8.7,1.0,29.214687751,6.084159743,3.9,1.2,2.7,1.4,0.4,1.0,73.1,68.6,4.5,25.7,24.4,1.3,4.833333333,0.7,eurostat,0.144827586
LUX,2012-01-01,375.8,352.9,22.9,141.8,133.0,8.7,1.0,29.025258935,6.093666844,3.9,1.2,2.7,1.4,0.5,1.0,73.9,69.5,4.5,25.9,24.7,1.3,4.933333333,0.8,eurostat,0.162162162
LUX,2012-04-01,377.7,354.8,22.9,142.7,133.9,8.8,1.0,29.062544551,6.063012973,3.9,1.3,2.6,1.4,0.5,1.0,74.8,70.3,4.5,26.3,25.1,1.3,5.066666667,0.8,eurostat,0.157894737
LUX,2012-07-01,379.6,356.5,23.1,143.5,135.2,8.8,1.0,29.079192672,6.085353003,3.9,1.3,2.6,1.4,0.5,1.0,75.8,71.2,4.6,26.7,25.4,1.3,5.033333333,0.7,eurostat,0.139072848
LUX,2012-10-01,381.6,358.4,23.2,143.7,135.9,8.9,1.0,28.96710208,6.07966457,3.9,1.3,2.6,1.4,0.5,1.0,76.7,72.0,4.7,27.0,25.7,1.3,5.3,0.7,eurostat,0.132075472
LUX,2013-01-01,382.4,359.1,23.4,143.0,133.4,9.0,1.0,28.765690377,6.119246862,3.8,1.2,2.6,1.4,0.4,1.0,77.9,73.0,4.9,27.4,25.9,1.4,5.6,0.6,eurostat,0.107142857
LUX,2013-04-01,384.4,360.9,23.5,145.5,136.8,9.1,1.0,29.116305131,6.113423517,3.8,1.2,2.5,1.4,0.5,0.9,78.2,73.2,5.0,27.6,26.1,1.4,5.8,0.7,eurostat,0.120689655
LUX,2013-07-01,386.5,362.9,23.6,146.2,137.6,9.1,1.0,29.097422629,6.106080207,3.8,1.2,2.5,1.4,0.5,0.9,79.0,73.9,5.1,27.8,26.3,1.5,5.933333333,0.7,eurostat,0.117977528
LUX,2013-10-01,388.8,365.0,23.8,147.7,138.9,9.2,1.0,29.222063944,6.121399177,3.7,1.2,2.5,1.4,0.5,0.9,79.6,74.4,5.2,28.0,26.5,1.5,6.0,0.8,eurostat,0.133333333
LUX,2014-01-01,391.6,367.8,23.9,148.9,139.7,9.4,1.0,29.248841047,6.103166496,3.7,1.3,2.5,1.4,0.5,0.9,80.1,75.1,5.0,28.0,26.6,1.4,5.966666667,0.9,eurostat,0.150837989
LUX,2014-04-01,393.8,369.8,24.0,149.5,139.9,9.4,1.0,29.202640934,6.094464195,3.7,1.3,2.4,1.4,0.5,0.9,80.9,75.9,5.1,28.3,26.9,1.4,5.966666667,0.9,eurostat,0.150837989
LUX,2014-07-01,396.3,372.2,24.1,150.4,140.7,9.5,1.0,29.19311322,6.081251577,3.7,1.3,2.4,1.4,0.5,0.9,81.5,76.4,5.1,28.6,27.1,1.5,6.033333333,1.0,eurostat,0.165745856
LUX,2014-10-01,398.9,374.4,24.3,151.1,141.1,9.6,1.0,29.137821316,6.091752319,3.7,1.3,2.4,1.4,0.5,0.9,82.2,76.9,5.3,28.7,27.3,1.5,6.166666667,1.0,eurostat,0.162162162
LUX,2015-01-01,400.9,376.5,24.4,151.8,142.6,9.6,1.0,29.126772454,6.086305812,3.7,1.3,2.4,1.4,0.5,0.9,82.9,77.5,5.4,29.1,27.5,1.5,6.366666667,1.2,eurostat,0.188481675
LUX,2015-04-01,403.8,379.2,24.6,153.2,143.2,9.6,1.0,29.184287728,6.092124814,3.7,1.3,2.4,1.4,0.5,0.9,83.4,77.9,5.4,29.2,27.7,1.6,6.5,1.2,eurostat,0.184615385
LUX,2015-07-01,406.8,382.0,24.7,153.8,143.8,9.7,1.0,29.082520233,6.071779744,3.7,1.3,2.4,1.4,0.5,0.9,83.9,78.4,5.6,29.4,27.8,1.6,6.5,1.3,eurostat,0.2
LUX,2015-10-01,409.7,384.7,24.9,155.0,144.9,9.8,1.0,29.101969546,6.077617769,3.7,1.4,2.4,1.4,0.5,0.9,84.3,78.7,5.7,29.5,28.0,1.6,6.5,1.4,eurostat,0.215384615
LUX,2016-01-01,412.3,387.4,25.1,156.8,146.2,9.8,1.0,29.254277132,6.087800146,3.7,1.4,2.3,1.4,0.5,0.9,84.5,78.9,5.5,29.3,27.6,1.6,6.4,1.4,eurostat,0.21875
LUX,2016-04-01,415.7,390.3,25.3,157.4,148.0,9.9,1.0,29.126033937,6.086119798,3.7,1.4,2.3,1.4,0.5,0.9,85.1,79.5,5.6,29.8,28.3,1.6,6.3,1.4,eurostat,0.222222222
LUX,2016-07-01,419.2,393.8,25.4,159.0,149.1,10.0,1.0,29.176453318,6.059160305,3.8,1.4,2.3,1.4,0.5,0.9,85.8,80.1,5.8,30.1,28.4,1.6,6.3,1.4,eurostat,0.222222222
LUX,2016-10-01,422.8,397.3,25.5,160.3,150.0,10.1,1.0,29.164544065,6.031220435,3.7,1.4,2.3,1.4,0.5,0.9,86.5,80.7,5.9,30.2,28.5,1.7,6.3,1.4,eurostat,0.222222222
LUX,2017-01-01,426.4,400.8,25.6,161.6,151.5,9.8,1.0,29.152835907,6.003752345,3.7,1.4,2.3,1.4,0.5,0.8,87.6,81.6,6.0,30.7,28.9,1.8,5.9,1.4,eurostat,0.237288136
LUX,2017-04-01,430.1,404.4,25.7,163.9,153.4,9.9,1.0,29.3133976,5.975354569,3.7,1.4,2.3,1.4,0.5,0.8,88.6,82.4,6.2,31.0,29.2,1.8,5.533333333,1.5,eurostat,0.271084337
LUX,2017-07-01,433.8,408.0,25.9,164.4,154.5,10.0,1.0,29.152037451,5.970493315,3.7,1.4,2.2,1.4,0.5,0.8,89.3,83.1,6.3,31.3,29.4,1.8,5.533333333,1.5,eurostat,0.271084337
LUX,2017-10-01,438.4,412.3,26.1,165.7,155.8,10.1,1.0,29.074256036,5.953467153,3.7,1.5,2.2,1.4,0.5,0.8,90.5,84.1,6.4,31.6,29.7,1.9,5.466666667,1.5,eurostat,0.274390244
LUX,2018-01-01,442.0,415.9,26.1,165.7,156.4,8.9,1.0,28.837452141,5.904977376,3.7,1.5,2.2,1.4,0.5,0.8,90.7,84.7,5.9,31.7,29.9,1.7,5.566666667,1.5,eurostat,0.269461078
LUX,2018-04-01,445.4,419.3,26.1,167.6,159.0,8.9,1.0,28.94545957,5.859901212,3.7,1.5,2.2,1.4,0.6,0.8,91.0,85.0,6.0,32.0,30.3,1.7,5.533333333,1.7,eurostat,0.307228916
LUX,2018-07-01,449.1,422.7,26.4,168.5,159.9,9.0,1.0,28.861141086,5.878423514,3.7,1.5,2.2,1.4,0.6,0.8,92.0,86.0,6.1,32.2,30.5,1.8,5.633333333,1.7,eurostat,0.301775148
LUX,2018-10-01,453.1,426.5,26.6,169.7,161.4,9.1,1.0,28.810077585,5.870668727,3.7,1.5,2.1,1.4,0.6,0.8,93.3,87.1,6.3,32.6,30.9,1.8,5.4,1.8,eurostat,0.333333333
LUX,2019-01-01,457.7,431.1,26.7,172.0,162.6,9.1,1.0,28.907077192,5.833515403,3.7,1.5,2.1,1.4,0.6,0.8,94.3,87.9,6.4,33.0,31.0,1.9,5.5,1.7,eurostat,0.309090909
LUX,2019-04-01,461.6,434.8,26.9,172.4,164.3,9.2,1.0,28.729502733,5.827556326,3.7,1.5,2.1,1.4,0.6,0.8,95.4,88.9,6.6,33.6,31.7,1.9,5.633333333,1.6,eurostat,0.284023669
LUX,2019-07-01,465.2,438.0,27.1,174.1,165.2,9.2,1.0,28.788279648,5.825451419,3.6,1.5,2.1,1.4,0.6,0.8,96.7,90.0,6.7,33.7,31.8,2.0,5.666666667,1.6,eurostat,0.282352941
LUX,2019-10-01,468.8,441.5,27.3,175.9,166.5,9.3,1.0,28.862562352,5.82337884,3.6,1.6,2.1,1.3,0.6,0.8,97.9,91.0,6.9,34.1,32.1,2.0,5.633333333,1.7,eurostat,0.301775148
LUX,2020-01-01,470.1,442.6,27.6,164.3,156.5,8.4,1.0,26.884623566,5.871091257,4.4,1.5,2.9,1.5,0.5,1.0,99.3,91.7,7.5,34.3,32.2,2.1,6.033333333,1.7,eurostat,0.281767956
LUX,2020-04-01,467.4,439.7,27.8,144.5,136.2,8.5,1.0,23.781310688,5.94779632,4.4,1.6,2.9,1.5,0.5,1.0,101.2,93.6,7.6,33.6,31.5,2.1,7.533333333,1.3,eurostat,0.172566372
LUX,2020-07-01,473.4,445.5,27.8,169.8,160.5,8.5,1.0,27.590913522,5.872412336,4.4,1.6,2.8,1.5,0.6,1.0,102.1,94.4,7.7,35.7,33.6,2.1,6.766666667,1.5,eurostat,0.221674877
LUX,2020-10-01,475.5,447.7,27.8,169.3,159.7,8.5,1.0,27.388174391,5.846477392,4.4,1.6,2.8,1.5,0.6,1.0,103.1,95.3,7.9,35.8,33.7,2.1,6.333333333,1.6,eurostat,0.252631579
LUX,2021-01-01,478.7,450.8,27.9,172.4,163.2,9.2,1.0,27.703234722,5.828284938,4.5,1.6,2.9,1.6,0.6,1.0,104.6,96.7,7.8,36.2,33.9,2.3,6.266666667,1.6,eurostat,0.255319149
LUX,2021-04-01,483.0,454.9,28.1,174.6,166.4,9.3,1.0,27.806975633,5.817805383,4.5,1.6,2.9,1.7,0.6,1.0,106.4,98.5,8.0,36.7,34.4,2.3,5.6,1.8,eurostat,0.321428571
LUX,2021-07-01,487.4,458.9,28.3,180.5,170.3,9.4,1.0,28.487105836,5.806319245,4.5,1.7,2.8,1.7,0.6,1.0,107.0,99.0,8.1,37.2,34.9,2.4,5.066666667,2.0,eurostat,0.394736842
LUX,2021-10-01,491.6,463.0,28.6,181.9,172.0,9.5,1.0,28.462790261,5.817737998,4.6,1.7,2.9,1.7,0.6,1.1,108.4,100.1,8.3,37.7,35.3,2.4,4.7,2.3,eurostat,0.489361702
LUX,2022-01-01,495.7,467.0,28.7,182.4,172.7,9.4,1.0,28.304961127,5.789792213,4.5,1.7,2.8,1.6,0.6,1.0,110.0,101.4,8.5,38.0,35.5,2.5,4.5,2.4,eurostat,0.533333333
LUX,2022-04-01,499.5,470.8,28.9,183.4,174.5,9.5,1.0,28.243628244,5.785785786,4.5,1.7,2.8,1.6,0.6,1.0,111.1,102.4,8.7,37.9,35.4,2.5,4.4,2.6,eurostat,0.590909091
LUX,2022-07-01,503.5,474.4,29.0,185.6,175.6,9.5,1.0,28.355358643,5.759682224,4.5,1.7,2.8,1.6,0.6,1.0,112.4,103.6,8.9,38.5,35.9,2.5,4.633333333,2.6,eurostat,0.561151079
LUX,2022-10-01,506.2,477.1,29.2,187.3,177.0,9.6,1.0,28.462450233,5.76847096,4.4,1.7,2.8,1.6,0.6,1.0,113.2,104.3,9.0,38.9,36.3,2.6,4.833333333,2.5,eurostat,0.517241379
LUX,2023-01-01,508.4,479.0,29.4,188.9,179.4,9.4,1.0,28.581371422,5.782848151,4.4,1.7,2.7,1.6,0.6,1.0,113.8,105.0,8.8,39.9,37.4,2.6,4.9,2.2,eurostat,0.448979592
LUX,2023-04-01,510.6,481.1,29.6,188.1,178.6,9.5,1.0,28.337702251,5.797101449,4.3,1.7,2.7,1.5,0.6,1.0,114.9,105.9,9.0,39.2,36.6,2.6,5.033333333,1.9,eurostat,0.377483444
LUX,2023-07-01,511.6,481.9,29.7,188.9,179.0,9.5,1.0,28.402598184,5.805316654,4.3,1.7,2.7,1.5,0.6,0.9,115.8,106.7,9.1,39.9,37.2,2.6,5.333333333,1.8,eurostat,0.3375
LUX,2023-10-01,513.3,483.3,30.0,188.1,178.5,9.6,1.0,28.188643618,5.844535359,4.3,1.7,2.7,1.5,0.6,0.9,117.1,107.9,9.3,40.1,37.3,2.7,5.666666667,1.6,eurostat,0.282352941
LUX,2024-01-01,514.9,484.7,30.2,189.4,179.3,9.7,1.0,28.29526271,5.865216547,4.3,1.7,2.6,1.6,0.6,0.9,117.1,107.5,9.5,40.3,37.5,2.7,5.966666667,1.5,eurostat,0.251396648
LUX,2024-04-01,515.6,485.2,30.4,186.4,177.7,9.8,1.0,27.809273736,5.896043445,4.3,1.7,2.6,1.6,0.6,0.9,118.2,108.5,9.6,40.7,38.1,2.8,6.233333333,1.4,eurostat,0.22459893
LUX,2024-07-01,516.1,485.5,30.6,189.1,179.7,9.8,1.0,28.18475847,5.929083511,4.3,1.7,2.6,1.5,0.6,0.9,119.2,109.5,9.8,41.1,38.4,2.8,6.466666667,1.4,eurostat,0.216494845
LUX,2024-10-01,517.5,486.8,30.7,190.1,180.5,9.9,1.0,28.257153475,5.93236715,4.3,1.7,2.6,1.5,0.6,0.9,120.4,110.6,10.0,41.4,38.6,2.8,6.566666667,1.3,eurostat,0.197969543
LUX,2025-01-01,519.2,488.0,31.0,190.3,180.4,10.0,1.0,28.194263364,5.970724191,4.3,1.7,2.6,1.5,0.6,0.9,121.5,111.7,9.7,42.1,39.2,2.8,6.5,1.3,eurostat,0.2
LUX,2025-04-01,520.8,489.6,31.2,190.8,180.9,10.0,1.0,28.181495923,5.99078341,4.3,1.7,2.5,1.5,0.6,0.9,122.5,112.6,9.8,42.2,39.5,2.8,6.5,1.4,eurostat,0.215384615
LUX,2025-07-01,523.3,492.0,31.4,191.9,181.3,10.1,1.0,28.208558115,6.00038219,4.3,1.7,2.5,1.5,0.6,0.9,123.9,113.9,10.0,42.8,39.9,2.9,6.5,1.3,eurostat,0.2
LUX,2025-10-01,525.4,493.8,31.6,192.8,182.0,10.1,1.0,28.227577523,6.014465169,4.2,1.7,2.5,1.5,0.6,0.9,125.4,115.5,10.2,43.4,40.5,2.9,6.766666667,1.4,eurostat,0.206896552
LUX,2026-01-01,527.4,495.3,31.8,193.0,183.0,10.2,1.0,28.149703918,6.029579067,4.2,1.8,2.5,1.5,0.6,0.9,126.6,116.5,9.9,43.7,40.8,2.9,,,,
LUX,2026-04-01,530.3,,,,,,1.0,,,,,,,,,,,,,,,,,,
LVA,1995-01-01,927.3,784.3,142.3,496.8,416.8,78.3,1.0,41.211457582,15.345627089,135.2,50.2,85.3,66.0,21.7,44.7,202.8,200.0,4.0,104.1,101.2,2.8,,,,
LVA,1995-04-01,929.3,788.6,141.6,497.5,418.7,77.6,1.0,41.180706735,15.237275369,135.7,50.2,85.5,66.1,21.5,44.6,204.2,200.1,4.3,104.3,101.6,2.8,,,,
LVA,1995-07-01,927.1,787.4,140.8,495.5,419.2,77.0,1.0,41.112484754,15.187142703,136.2,50.2,85.7,66.2,21.5,44.6,204.4,200.1,4.1,104.6,101.9,2.7,,,,
LVA,1995-10-01,937.1,791.8,143.8,495.9,420.5,77.9,1.0,40.706598918,15.345213958,136.7,50.3,85.9,66.5,21.5,44.8,205.6,200.1,4.5,104.7,102.2,2.6,,,,
LVA,1996-01-01,932.5,788.6,143.1,499.4,418.6,78.8,1.0,41.196122912,15.345844504,135.7,50.5,85.6,66.2,21.8,45.0,203.8,201.2,3.9,104.5,101.7,2.8,,,,
LVA,1996-04-01,934.4,793.0,142.4,498.8,420.0,77.8,1.0,41.062961012,15.239726027,136.4,50.5,86.0,66.4,21.6,44.8,205.2,201.3,4.2,104.9,102.1,2.8,,,,
LVA,1996-07-01,932.2,791.8,141.5,497.8,421.3,77.3,1.0,41.077352169,15.179146106,137.1,50.4,86.5,66.7,21.6,44.8,206.2,201.2,4.1,105.5,102.6,2.7,,,,
LVA,1996-10-01,942.3,796.2,144.7,498.9,423.0,78.6,1.0,40.726863076,15.356043723,137.7,50.6,87.3,66.9,21.6,45.1,207.8,201.1,4.4,106.4,102.9,2.6,,,,
LVA,1997-01-01,974.0,823.7,149.4,520.5,436.4,82.2,1.0,41.107250039,15.338809035,141.8,52.9,88.9,69.2,22.9,47.1,212.3,210.2,4.1,108.4,106.2,3.0,,,,
LVA,1997-04-01,976.0,828.4,148.7,519.6,437.5,81.2,1.0,40.952080706,15.235655738,142.3,52.7,89.6,69.3,22.6,46.7,214.0,210.4,4.5,109.2,106.7,3.0,,,,
LVA,1997-07-01,973.7,826.9,147.9,519.3,438.9,80.4,1.0,41.025114354,15.189483414,142.9,52.6,90.0,69.5,22.4,46.6,214.7,210.1,4.3,109.7,107.1,2.8,,,,
LVA,1997-10-01,984.2,831.6,151.1,519.6,439.3,81.9,1.0,40.610882716,15.352570616,143.2,52.6,90.1,69.7,22.5,47.0,215.5,209.9,4.7,109.9,107.1,2.7,,,,
LVA,1998-01-01,970.6,820.8,149.1,517.4,434.9,82.2,1.0,41.005563569,15.36163198,142.2,53.1,89.8,69.4,23.0,47.4,213.2,209.5,3.5,109.3,106.2,2.6,,,,
LVA,1998-04-01,972.3,825.5,148.1,516.7,436.1,80.6,1.0,40.878487963,15.231924303,142.3,52.6,89.7,69.2,22.5,46.5,213.5,209.9,3.8,109.1,106.5,2.6,,,,
LVA,1998-07-01,970.0,823.6,147.2,517.3,436.8,79.8,1.0,41.022997621,15.175257732,142.0,52.1,89.4,69.0,22.3,46.1,212.8,209.4,3.7,108.7,106.7,2.5,,,,
LVA,1998-10-01,980.6,828.4,150.6,518.6,437.2,81.8,1.0,40.681529362,15.357944116,141.7,52.0,89.1,69.1,22.2,46.7,212.5,208.9,4.0,108.3,106.3,2.3,,,,
LVA,1999-01-01,953.2,806.0,146.4,509.4,427.7,81.7,1.0,41.10849285,15.358791439,140.1,52.7,88.5,68.7,22.9,47.1,209.9,205.3,3.5,107.7,104.3,2.6,,,,
LVA,1999-04-01,954.9,811.0,145.4,508.6,430.1,79.3,1.0,40.970862837,15.226725312,140.1,51.7,88.4,67.9,22.1,45.5,210.4,206.5,3.8,107.5,104.8,2.6,,,,
LVA,1999-07-01,952.6,808.7,144.4,507.8,429.4,78.0,1.0,41.005184192,15.158513542,139.5,50.9,88.0,67.5,21.7,44.8,209.4,205.9,3.7,107.0,105.1,2.5,,,,
LVA,1999-10-01,963.0,813.7,148.0,508.9,429.1,80.5,1.0,40.650211678,15.368639668,138.9,50.7,87.5,67.7,21.7,45.8,208.8,205.4,4.0,106.4,104.2,2.3,,,,
LVA,2000-01-01,945.2,799.1,145.2,505.8,422.3,82.2,1.0,41.163449331,15.361828185,139.6,53.2,87.1,69.2,23.1,47.7,206.0,202.5,3.5,105.5,102.9,2.6,,,,
LVA,2000-04-01,921.6,782.8,140.3,491.2,414.3,77.4,1.0,40.998931624,15.223524306,134.6,50.0,85.2,64.8,21.3,43.6,203.7,199.6,3.7,104.1,101.1,2.5,,,,
LVA,2000-07-01,913.0,774.9,138.2,488.7,414.8,74.1,1.0,41.174488162,15.136911281,132.9,48.1,83.9,63.8,20.6,42.2,201.6,197.7,3.6,102.9,101.4,2.3,,,,
LVA,2000-10-01,915.3,773.6,140.9,484.1,409.3,77.0,1.0,40.684433015,15.393859937,131.4,47.4,82.9,64.3,20.4,43.6,200.0,195.8,3.9,101.9,99.0,2.2,,,,
LVA,2001-01-01,940.9,795.4,144.6,502.5,419.4,81.0,1.0,41.081779311,15.368264428,136.4,54.9,82.4,70.9,25.7,45.8,198.2,195.0,4.2,101.8,98.8,2.4,,,,
LVA,2001-04-01,941.0,797.8,144.7,503.1,421.8,80.8,1.0,41.126461211,15.377258236,140.2,56.9,84.3,69.8,26.8,43.9,197.4,194.0,3.1,101.4,98.7,2.0,,,,
LVA,2001-07-01,934.2,792.3,141.7,503.0,427.2,76.7,1.0,41.41758477,15.168058232,140.1,56.7,84.3,68.4,26.5,42.0,195.8,192.5,3.0,102.0,101.7,2.2,,,,
LVA,2001-10-01,938.8,794.7,143.6,500.8,422.3,80.6,1.0,41.034381043,15.29612271,145.7,58.4,85.5,72.3,26.8,45.3,195.2,191.3,3.3,100.8,98.8,2.4,,,,
LVA,2002-01-01,929.8,778.5,150.5,486.6,410.8,73.5,1.0,40.256796333,16.186276619,142.4,51.5,87.1,65.6,24.9,39.1,194.7,190.3,6.3,98.8,94.5,3.2,,,,
LVA,2002-04-01,948.1,816.0,133.9,507.0,436.8,70.3,1.0,41.134901382,14.122982808,141.6,61.0,84.3,71.9,33.5,39.3,192.8,188.4,3.8,98.4,97.5,1.5,,,,
LVA,2002-07-01,960.5,820.2,139.5,502.2,431.0,73.1,1.0,40.219436992,14.52368558,141.3,56.7,86.3,72.2,30.5,43.2,193.7,189.3,4.0,96.9,92.7,2.9,,,,
LVA,2002-10-01,970.5,844.4,125.9,508.9,443.5,64.8,1.0,40.336067848,12.972694487,136.2,62.0,72.2,68.5,31.3,37.4,193.6,190.0,2.8,96.6,94.6,1.8,,,,
LVA,2003-01-01,956.5,833.3,122.5,503.1,437.3,62.7,1.0,40.460010455,12.807109252,131.1,62.3,69.8,66.3,32.5,31.2,195.0,191.0,5.2,96.9,95.6,2.6,,,,
LVA,2003-04-01,949.0,819.2,131.5,503.9,438.3,66.8,1.0,40.844613763,13.856691254,126.6,52.8,71.3,63.2,28.5,34.7,195.1,190.4,5.7,96.0,94.1,3.0,,,,
LVA,2003-07-01,971.8,837.8,132.6,501.3,433.5,70.1,1.0,39.68052939,13.644782877,125.1,58.0,69.4,62.3,31.4,33.1,194.3,189.0,4.4,95.4,91.1,2.0,,,,
LVA,2003-10-01,955.7,829.0,127.2,503.5,437.4,64.7,1.0,40.526074323,13.309615988,115.7,48.4,68.1,59.1,26.0,33.3,195.3,189.1,5.6,95.6,93.7,2.0,,,,
LVA,2004-01-01,965.4,841.2,123.7,501.2,435.6,62.5,1.0,39.935618556,12.81334162,111.6,43.0,67.9,54.0,22.3,30.0,194.9,191.3,3.2,95.4,94.7,1.3,,,,
LVA,2004-04-01,952.5,824.1,129.7,487.9,421.9,67.2,1.0,39.402382395,13.6167979,105.5,36.2,66.7,52.4,18.7,33.0,197.0,192.3,5.9,96.6,94.0,3.9,,,,
LVA,2004-07-01,961.1,833.0,126.2,491.0,427.7,64.8,1.0,39.297919851,13.130787639,99.2,37.0,64.7,48.7,19.9,30.4,197.1,192.8,3.5,96.9,92.5,1.5,,,,
LVA,2004-10-01,963.6,835.4,129.3,499.7,436.4,63.6,1.0,39.890474822,13.418430884,98.7,35.4,62.6,46.0,18.8,27.3,198.0,193.0,5.0,97.8,95.4,3.0,,,,
LVA,2005-01-01,950.6,830.6,119.7,502.7,437.6,63.0,1.0,40.678761592,12.592047128,91.6,31.4,58.4,47.4,15.6,30.0,199.9,193.6,7.1,99.1,98.7,3.1,,,,
LVA,2005-04-01,972.1,853.0,120.1,506.2,444.1,61.9,1.0,40.056024626,12.354696019,91.7,35.9,55.3,45.6,18.8,26.7,198.6,193.6,5.2,98.5,95.8,2.4,,,,
LVA,2005-07-01,976.5,860.9,113.2,516.5,453.6,62.5,1.0,40.686911655,11.592421915,92.6,42.1,52.6,47.5,22.8,27.0,200.2,194.9,4.7,107.8,102.1,2.4,,,,
LVA,2005-10-01,977.2,870.9,108.1,515.8,459.3,59.9,1.0,40.602663812,11.062218584,95.8,44.2,51.7,50.8,23.2,27.0,200.7,193.5,7.1,100.4,97.5,3.8,,,,
LVA,2006-01-01,999.8,889.5,110.0,528.2,467.7,59.3,1.0,40.63889701,11.00220044,99.4,44.3,53.5,51.2,22.5,26.1,200.3,194.3,6.0,101.0,98.8,3.6,,,,
LVA,2006-04-01,1018.7,879.2,140.2,527.4,448.1,75.7,1.0,39.824512388,13.762638657,100.3,37.3,64.3,52.5,19.9,32.8,202.2,193.8,9.2,101.7,97.4,4.8,,,,
LVA,2006-07-01,1051.2,920.1,128.5,553.7,481.2,69.9,1.0,40.517796511,12.22412481,116.5,56.0,60.4,57.6,29.7,31.5,201.7,196.1,5.1,102.2,97.4,3.3,,,,
LVA,2006-10-01,1029.7,912.3,119.9,533.8,473.3,67.2,1.0,39.877186036,11.644168204,107.0,45.5,58.1,53.2,22.8,29.8,202.4,197.5,5.2,102.9,99.8,3.4,,,,
LVA,2007-01-01,1063.4,945.9,117.3,547.1,483.3,64.4,1.0,39.575526974,11.030656385,82.0,33.8,53.9,46.0,17.7,26.4,204.6,198.5,6.0,103.9,99.3,4.0,,,,
LVA,2007-04-01,1074.3,953.8,120.6,554.7,484.9,64.7,1.0,39.718170687,11.225914549,93.2,37.9,54.7,49.4,20.1,29.7,203.9,198.7,4.6,104.7,102.1,3.1,,,,
LVA,2007-07-01,1068.3,937.5,128.1,548.2,479.1,65.2,1.0,39.473210493,11.99101376,88.4,31.8,53.3,42.8,16.5,27.5,205.1,198.4,6.7,105.5,101.6,4.3,,,,
LVA,2007-10-01,1050.2,938.1,115.2,532.0,476.5,62.8,1.0,38.966936701,10.969339173,81.5,31.6,49.2,40.6,15.6,24.5,207.2,202.4,5.7,105.1,102.0,4.1,,,,
LVA,2008-01-01,1068.4,954.3,114.2,536.7,478.6,60.9,1.0,38.64153443,10.688880569,81.1,35.1,47.7,43.5,18.0,24.5,204.3,197.9,6.3,102.9,97.6,3.5,6.466666667,2.0,eurostat,0.30927835
LVA,2008-04-01,1073.1,960.8,111.8,540.6,476.7,58.6,1.0,38.751854799,10.418413941,78.2,35.7,44.5,39.9,18.3,22.3,205.5,200.1,5.1,103.4,101.8,2.8,6.5,1.7,eurostat,0.261538462
LVA,2008-07-01,1052.8,935.4,114.3,529.3,463.7,59.8,1.0,38.673427636,10.856762918,79.8,34.6,44.8,41.7,17.9,24.3,207.5,201.2,6.5,102.0,97.7,3.7,7.666666667,1.3,eurostat,0.169565217
LVA,2008-10-01,1026.1,923.1,106.1,505.8,454.0,57.5,1.0,37.918031681,10.340122795,79.8,33.8,45.4,41.5,16.8,24.2,208.9,201.8,4.6,102.7,97.8,3.4,10.5,1.2,eurostat,0.114285714
LVA,2009-01-01,972.0,858.4,114.2,469.8,416.2,58.6,1.0,37.179487179,11.748971193,78.2,32.7,45.0,40.7,17.0,23.5,216.2,212.0,4.7,105.2,103.5,2.7,13.8,1.0,eurostat,0.072463768
LVA,2009-04-01,935.9,814.2,121.0,461.7,397.2,61.9,1.0,37.947841239,12.928731702,81.0,34.1,45.0,41.2,17.5,24.1,207.0,203.3,5.7,104.9,101.0,3.7,17.066666667,0.9,eurostat,0.052734375
LVA,2009-07-01,874.1,768.0,102.9,426.2,368.1,51.8,1.0,37.506710199,11.772108454,74.0,34.1,41.3,38.6,17.0,21.6,195.8,190.2,7.1,93.0,91.1,3.8,19.333333333,0.8,eurostat,0.04137931
LVA,2009-10-01,833.7,745.7,90.7,407.3,362.5,46.8,1.0,37.580387706,10.879213146,71.3,33.9,38.9,36.3,16.8,19.4,193.3,187.5,3.8,92.3,89.2,2.3,20.366666667,0.8,eurostat,0.039279869
LVA,2010-01-01,832.6,732.5,101.2,401.5,355.2,50.6,1.0,37.094181341,12.154696133,68.0,29.2,38.2,34.7,13.8,21.1,191.7,187.1,3.0,91.7,88.6,2.0,20.566666667,0.8,eurostat,0.038897893
LVA,2010-04-01,833.3,735.3,97.4,397.7,349.2,49.2,1.0,36.71223772,11.688467539,64.0,27.5,36.6,34.0,14.3,19.7,192.5,188.5,4.2,92.5,89.2,2.3,20.2,0.8,eurostat,0.03960396
LVA,2010-07-01,852.6,751.9,97.7,415.4,363.6,47.3,1.0,37.478121222,11.459066385,65.8,28.3,37.1,32.1,13.8,17.9,194.0,191.7,3.6,94.1,94.2,1.7,19.033333333,0.9,eurostat,0.047285464
LVA,2010-10-01,855.3,755.8,101.9,417.4,365.7,51.5,1.0,37.539684681,11.913948322,68.2,28.4,38.5,35.3,14.1,21.2,195.6,192.8,3.0,95.0,93.1,1.9,18.066666667,1.0,eurostat,0.055350554
LVA,2011-01-01,844.5,746.1,99.4,415.3,368.4,49.6,1.0,37.828482944,11.770278271,69.2,32.6,38.0,36.1,16.3,20.4,197.7,193.4,3.8,96.1,94.0,2.0,17.033333333,1.3,eurostat,0.076320939
LVA,2011-04-01,857.3,761.2,95.6,416.1,367.6,49.6,1.0,37.335462857,11.15128893,69.1,32.0,38.0,35.3,15.2,19.9,198.5,193.7,4.1,96.9,94.2,2.1,16.966666667,1.2,eurostat,0.070726916
LVA,2011-07-01,857.2,754.6,99.8,417.8,364.8,50.4,1.0,37.492372303,11.642557163,68.4,28.1,38.4,35.4,14.5,20.7,199.4,194.2,5.4,96.4,93.0,3.2,15.466666667,1.3,eurostat,0.084051724
LVA,2011-10-01,865.9,763.6,104.4,422.2,367.9,53.8,1.0,37.506551654,12.056819494,68.0,30.0,37.5,35.2,14.3,20.7,201.0,196.5,5.2,96.5,94.2,3.2,15.3,1.3,eurostat,0.08496732
LVA,2012-01-01,851.5,750.6,101.7,413.8,364.8,50.8,1.0,37.381995573,11.94362889,68.5,33.0,36.9,35.9,16.4,19.8,200.6,194.4,6.3,96.4,93.9,3.1,15.8,1.3,eurostat,0.082278481
LVA,2012-04-01,861.7,762.9,98.4,415.6,368.2,48.1,1.0,37.100186572,11.419287455,69.3,32.4,36.8,34.6,15.5,18.5,198.9,192.7,5.8,95.1,91.1,2.6,16.2,1.3,eurostat,0.080246914
LVA,2012-07-01,879.4,771.4,105.5,423.6,371.1,51.5,1.0,37.053235598,11.996816011,66.7,30.9,35.6,34.8,16.1,19.3,200.0,194.3,5.8,96.1,92.3,3.1,13.966666667,1.4,eurostat,0.100238663
LVA,2012-10-01,881.7,782.0,101.9,427.4,376.9,50.0,1.0,37.288106019,11.557219009,66.4,32.3,34.3,33.8,16.1,17.5,200.2,194.7,5.5,96.8,94.7,3.3,14.133333333,1.5,eurostat,0.106132075
LVA,2013-01-01,883.7,780.8,103.3,429.3,378.5,51.2,1.0,37.369103681,11.689487383,67.2,31.6,34.5,33.8,15.5,18.3,201.2,196.3,3.3,97.1,93.7,2.4,12.533333333,1.6,eurostat,0.127659574
LVA,2013-04-01,892.5,784.5,107.6,430.0,376.4,53.2,1.0,37.060978237,12.056022409,65.8,33.0,33.0,33.5,16.1,16.6,203.4,198.5,5.8,98.2,95.8,3.9,11.466666667,1.5,eurostat,0.130813953
LVA,2013-07-01,897.0,788.6,106.4,430.0,378.5,51.9,1.0,36.875053597,11.861761427,70.0,38.6,32.8,35.6,20.7,16.2,202.3,197.0,5.8,96.8,92.9,3.1,11.966666667,1.6,eurostat,0.133704735
LVA,2013-10-01,881.2,778.2,105.3,424.3,374.2,50.4,1.0,37.038653584,11.949614163,66.2,32.4,33.2,33.3,16.2,17.2,201.2,196.8,5.1,96.2,94.3,2.7,11.433333333,1.5,eurostat,0.131195335
LVA,2014-01-01,883.9,778.7,105.0,426.5,375.9,50.3,1.0,37.116972856,11.879171852,65.7,33.8,32.1,32.8,16.8,15.5,197.9,191.9,5.0,94.8,91.4,2.2,11.4,1.5,eurostat,0.131578947
LVA,2014-04-01,882.1,775.7,106.1,430.0,376.3,52.2,1.0,37.497928893,12.028114726,64.4,31.0,32.4,33.5,16.1,16.5,196.1,193.0,2.5,94.2,92.9,1.3,10.7,1.4,eurostat,0.130841121
LVA,2014-07-01,871.0,764.7,104.6,421.2,370.4,52.1,1.0,37.198622273,12.009184845,62.9,30.9,32.5,33.0,15.9,17.4,194.9,191.9,2.9,94.1,93.0,1.5,10.8,1.3,eurostat,0.12037037
LVA,2014-10-01,869.6,772.3,99.6,422.1,374.0,49.1,1.0,37.33812186,11.453541858,67.7,36.0,32.9,35.2,18.1,17.8,194.9,190.8,4.8,93.7,91.3,2.3,10.4,1.3,eurostat,0.125
LVA,2015-01-01,885.4,780.6,104.1,424.0,370.3,52.9,1.0,36.836892495,11.757397786,66.6,32.5,33.3,35.6,16.5,18.9,197.2,193.5,3.9,93.9,91.6,2.4,9.8,1.4,eurostat,0.142857143
LVA,2015-04-01,886.3,777.7,108.3,425.4,370.4,53.0,1.0,36.920993933,12.219338824,66.4,32.4,33.7,34.8,16.1,18.0,195.9,191.2,3.6,93.5,91.0,2.3,9.8,1.5,eurostat,0.153061224
LVA,2015-07-01,890.7,769.6,119.8,422.4,365.2,58.6,1.0,36.479519134,13.450095431,69.8,34.8,35.0,36.2,17.2,18.7,197.1,191.5,5.7,93.3,90.6,3.2,9.933333333,1.4,eurostat,0.140939597
LVA,2015-10-01,893.6,770.1,125.8,419.1,360.4,60.2,1.0,36.077060808,14.077887198,77.3,35.9,43.5,38.4,16.7,22.4,197.5,191.4,6.9,92.6,88.5,3.4,10.0,1.5,eurostat,0.15
LVA,2016-01-01,890.8,773.1,116.6,421.2,363.1,57.4,1.0,36.371800629,13.089357881,69.9,33.1,35.6,34.8,16.0,19.2,196.8,191.4,5.0,92.6,90.3,2.5,9.833333333,1.5,eurostat,0.152542373
LVA,2016-04-01,888.3,772.5,115.7,427.6,366.5,59.5,1.0,37.028377454,13.024878982,71.7,34.8,36.1,36.5,16.9,19.2,196.1,191.1,4.0,92.5,89.7,2.6,9.566666667,1.6,eurostat,0.167247387
LVA,2016-07-01,880.0,768.6,110.3,415.1,361.9,54.8,1.0,36.284965035,12.534090909,65.9,31.6,34.4,33.5,15.6,17.5,196.7,192.5,4.4,92.4,89.5,2.8,9.733333333,1.6,eurostat,0.164383562
LVA,2016-10-01,886.2,761.8,126.5,422.4,362.8,60.5,1.0,36.664757044,14.274430151,64.2,31.8,32.8,32.3,15.8,16.3,197.3,193.1,4.8,92.2,89.9,2.6,9.4,1.7,eurostat,0.180851064
LVA,2017-01-01,887.0,765.5,120.0,422.1,359.3,61.2,1.0,36.605671668,13.528748591,66.6,34.9,31.4,34.0,17.3,17.2,197.6,192.6,4.8,91.6,89.7,2.5,8.933333333,1.8,eurostat,0.201492537
LVA,2017-04-01,880.0,770.2,109.9,410.6,358.0,52.9,1.0,35.891608392,12.488636364,64.8,36.6,29.0,32.7,17.8,14.9,197.9,191.9,5.9,91.3,88.4,2.7,8.933333333,1.8,eurostat,0.201492537
LVA,2017-07-01,883.5,777.7,104.7,412.9,363.2,51.4,1.0,35.949675678,11.850594228,65.0,36.8,27.9,34.8,19.5,15.3,198.4,192.3,6.1,90.9,86.6,2.7,8.666666667,2.0,eurostat,0.230769231
LVA,2017-10-01,893.5,775.5,120.3,426.1,368.0,58.5,1.0,36.683741552,13.463905988,65.2,36.6,27.3,33.7,17.9,15.0,198.7,192.4,5.7,92.0,89.5,2.8,8.266666667,2.1,eurostat,0.254032258
LVA,2018-01-01,899.6,793.2,102.8,429.0,375.2,49.7,1.0,36.682970209,11.427301023,65.2,41.3,24.2,34.0,21.1,12.8,201.4,195.9,5.8,93.9,91.8,2.5,7.8,2.4,eurostat,0.307692308
LVA,2018-04-01,902.5,795.3,108.1,430.5,377.9,53.1,1.0,36.692946942,11.977839335,65.4,37.4,26.2,33.9,19.2,14.7,201.2,195.4,5.0,93.4,91.4,1.9,7.7,2.6,eurostat,0.337662338
LVA,2018-07-01,908.5,804.4,110.2,426.2,378.6,51.7,1.0,36.08653317,12.129884425,65.5,30.2,37.2,33.0,15.6,18.1,202.3,196.3,6.2,93.9,90.9,2.5,7.133333333,2.5,eurostat,0.35046729
LVA,2018-10-01,905.1,801.9,99.7,431.1,381.8,46.7,1.0,36.638535478,11.015357419,65.1,39.8,26.0,34.0,19.4,14.2,203.0,197.0,6.4,94.2,92.4,2.0,6.966666667,2.5,eurostat,0.358851675
LVA,2019-01-01,918.5,808.7,105.7,434.1,385.0,51.2,1.0,36.355261505,11.507893304,64.3,36.6,28.4,33.5,17.8,15.4,208.3,202.7,6.0,96.1,94.1,2.3,6.633333333,3.0,eurostat,0.452261307
LVA,2019-04-01,913.5,811.3,103.6,429.4,384.8,46.9,1.0,36.158477538,11.340996169,63.6,37.0,24.4,30.9,17.5,13.3,209.7,205.5,3.5,95.2,93.6,1.5,6.4,3.0,eurostat,0.46875
LVA,2019-07-01,924.0,822.8,108.4,443.7,388.0,52.4,1.0,36.938061938,11.731601732,64.0,37.3,27.9,31.7,18.5,14.1,208.7,203.8,5.1,101.0,98.5,2.0,6.166666667,3.1,eurostat,0.502702703
LVA,2019-10-01,932.9,825.2,103.1,443.9,384.8,51.5,1.0,36.602158695,11.051559653,65.1,32.5,30.5,32.2,15.7,16.2,210.1,205.9,4.6,97.3,95.5,2.0,6.066666667,3.2,eurostat,0.527472527
LVA,2020-01-01,936.6,809.5,121.8,422.7,381.9,53.6,1.0,34.716404672,13.004484305,67.7,36.6,32.1,34.6,17.3,16.8,210.3,207.1,3.9,93.2,91.9,1.6,7.3,2.0,eurostat,0.273972603
LVA,2020-04-01,898.3,774.0,127.1,383.4,331.2,50.2,1.0,32.831245344,14.148948013,69.4,36.6,31.9,33.4,16.0,16.8,208.9,204.6,3.4,89.6,88.5,1.0,8.633333333,2.2,eurostat,0.254826255
LVA,2020-07-01,914.9,820.7,102.0,427.7,377.4,49.8,1.0,35.960214231,11.148759427,70.8,46.7,26.0,35.3,22.1,14.2,211.6,207.3,4.5,97.2,94.9,1.8,8.533333333,2.3,eurostat,0.26953125
LVA,2020-10-01,913.8,793.8,114.7,411.1,350.8,49.3,1.0,34.606124888,12.55198074,71.2,43.1,28.0,34.8,19.9,14.8,212.1,205.9,6.3,94.3,92.0,2.5,7.966666667,2.2,eurostat,0.276150628
LVA,2021-01-01,881.9,760.2,115.2,387.6,354.0,49.4,1.0,33.808124068,13.062705522,71.4,38.8,32.0,36.5,17.9,18.0,212.6,208.4,4.8,95.3,93.5,2.1,7.666666667,2.3,eurostat,0.3
LVA,2021-04-01,916.7,796.0,125.5,422.9,361.9,55.5,1.0,35.486821458,13.690411258,71.4,38.1,32.2,35.7,17.4,17.6,211.0,204.8,6.2,97.1,94.6,2.3,7.933333333,2.6,eurostat,0.327731092
LVA,2021-07-01,907.8,786.5,129.6,419.0,364.1,55.8,1.0,35.504262206,14.276272307,70.3,39.7,31.7,33.9,19.0,15.8,212.3,206.8,5.4,97.3,94.3,2.5,7.333333333,2.6,eurostat,0.354545455
LVA,2021-10-01,910.5,799.6,104.7,422.2,366.2,48.0,1.0,35.669327926,11.499176277,70.7,41.1,31.2,34.9,19.4,15.5,209.0,203.5,4.7,96.6,94.4,2.4,7.233333333,3.3,eurostat,0.456221198
LVA,2022-01-01,898.3,776.8,113.6,412.2,367.1,52.2,1.0,35.297442177,12.646109318,69.8,35.5,32.8,34.2,17.5,16.3,209.6,202.0,8.3,93.4,91.0,2.7,6.9,3.1,eurostat,0.449275362
LVA,2022-04-01,903.6,777.3,132.7,427.5,366.3,58.6,1.0,36.392889979,14.685701638,69.5,32.7,35.3,33.9,15.4,18.1,212.4,204.7,8.7,98.8,95.7,3.0,6.633333333,2.8,eurostat,0.422110553
LVA,2022-07-01,910.5,793.1,126.0,421.8,369.3,56.4,1.0,35.635534153,13.838550247,70.7,40.2,32.3,34.7,18.5,16.9,212.7,205.6,6.1,97.9,95.1,2.3,6.966666667,2.8,eurostat,0.401913876
LVA,2022-10-01,912.2,781.9,122.9,427.6,369.8,56.6,1.0,36.058219351,13.472922605,70.8,38.2,32.0,33.9,17.7,15.9,214.9,205.7,8.6,95.8,93.5,2.6,6.766666667,2.7,eurostat,0.399014778
LVA,2023-01-01,921.1,811.3,101.2,424.8,374.1,49.4,1.0,35.475977719,10.986863533,71.1,41.3,29.2,30.0,15.1,14.7,215.3,207.8,8.6,97.4,93.3,4.6,6.066666667,2.6,eurostat,0.428571429
LVA,2023-04-01,931.6,830.5,109.1,425.3,374.2,47.0,1.0,35.11741586,11.711034779,79.3,56.3,24.9,32.4,19.3,13.3,215.0,208.5,8.2,97.3,95.5,1.7,6.433333333,2.7,eurostat,0.419689119
LVA,2023-07-01,919.1,816.5,111.8,415.8,370.6,52.0,1.0,34.799929697,12.16407355,75.8,47.6,28.9,32.4,17.5,15.3,214.9,207.2,5.8,97.4,94.9,2.0,6.6,2.8,eurostat,0.424242424
LVA,2023-10-01,916.7,797.5,110.7,424.2,369.5,52.3,1.0,35.595908401,12.075924512,73.3,41.6,29.1,30.7,14.9,15.4,214.5,208.4,5.0,96.8,94.7,2.3,6.933333333,2.7,eurostat,0.389423077
LVA,2024-01-01,914.4,796.6,109.0,420.3,369.6,52.3,1.0,35.357359176,11.920384952,71.2,40.3,29.9,32.2,15.2,17.0,214.7,206.8,9.4,97.1,94.7,2.8,6.833333333,2.7,eurostat,0.395121951
LVA,2024-04-01,911.4,800.0,119.3,417.8,366.7,50.9,1.0,35.262740332,13.08975203,71.3,42.7,32.5,31.7,15.1,16.7,217.2,211.3,8.2,99.3,96.8,2.3,6.9,2.6,eurostat,0.376811594
LVA,2024-07-01,909.8,807.4,112.1,413.6,364.7,50.6,1.0,34.969646752,12.321389316,71.1,40.0,31.2,30.7,14.0,16.6,216.3,208.2,5.4,97.0,95.4,1.2,6.833333333,2.5,eurostat,0.365853659
LVA,2024-10-01,899.1,786.4,104.3,422.3,363.1,49.4,1.0,36.130147241,11.600489378,72.1,40.5,26.8,30.2,15.3,14.5,216.1,210.0,5.1,98.3,96.3,2.2,7.0,2.5,eurostat,0.357142857
LVA,2025-01-01,899.5,784.3,106.3,399.7,357.6,50.1,1.0,34.18138282,11.817676487,72.7,50.9,24.0,29.2,17.1,12.1,215.6,211.4,6.4,92.0,89.5,2.9,7.066666667,2.4,eurostat,0.339622641
LVA,2025-04-01,899.9,778.6,128.7,410.0,358.4,55.5,1.0,35.046629113,14.301589065,72.8,52.5,24.4,30.1,17.9,12.6,215.2,209.6,8.0,98.8,95.4,3.2,6.666666667,2.2,eurostat,0.33
LVA,2025-07-01,905.2,786.0,129.0,409.3,360.1,48.2,1.0,34.781943642,14.250994255,72.9,49.3,25.1,29.9,17.4,12.5,214.1,200.0,10.3,97.0,92.2,4.1,7.1,2.2,eurostat,0.309859155
LVA,2025-10-01,910.5,781.6,120.7,422.3,360.5,52.3,1.0,35.67777637,13.256452499,72.1,36.8,26.7,30.8,17.4,12.9,223.1,212.0,10.0,97.8,94.4,3.7,6.866666667,2.2,eurostat,0.320388349
LVA,2026-01-01,911.3,773.5,129.0,415.0,362.7,56.2,1.0,35.030261081,14.155601887,72.4,49.6,25.7,35.9,23.4,12.2,216.6,209.8,9.8,100.4,97.1,3.8,,,,
MEX,2005-01-01,40456.55331308751,25824.843811028837,14640.11020810496,23140.16785428895,15184.255261115297,7959.14157301465,1.0,43.998135434,36.187240408,6258.6039962875475,2079.5223997570297,4174.004105623315,3461.6563852955637,1227.3550757809437,2236.7360748009687,5129.091891951119,4880.527849912145,250.26725359960537,2621.937007422214,2504.507464322414,117.85071478799225,,,,
MEX,2005-04-01,40504.04931808339,25968.418683359865,14594.133005552114,23066.969946413028,15224.498019837363,7845.5039356452035,1.0,43.807528715,36.031293787,6203.6511594869135,2115.211515331536,4092.059782411269,3371.805650024389,1209.970768344581,2168.17430839306,5241.2992287875295,5005.904106720752,237.1782050530315,2669.1808356464057,2561.889325655798,105.78677881195163,,,,
MEX,2005-07-01,40962.589698073774,26263.366515058293,14773.342462314577,23374.29564411504,15408.675998039316,8002.056789774642,1.0,43.894264379,36.065450381,6331.951712418337,2162.3843891027545,4154.729082973574,3465.811335826013,1229.5727622407433,2222.057909915506,5359.758676262588,5110.681610262842,242.047156743491,2731.7438695478627,2615.5002743842847,115.67272280905,,,,
MEX,2005-10-01,41477.11919229086,26626.53745455023,14699.195724038444,23689.992690109742,15678.009616060232,7965.811530434848,1.0,43.935238645,35.439287999,6101.557705777523,2156.0225733779166,3954.4035977909193,3300.141404934605,1235.909522374879,2061.6853073000857,5437.443194724005,5183.466171591737,258.175172518539,2788.199005906202,2665.1173223831383,125.25775054666202,,,,
MEX,2006-01-01,41829.465752344,27065.51415309756,14765.72931406076,23810.429035026584,15913.949086877808,7894.225998931523,1.0,43.78663297,35.299827642,6140.016789256523,2129.751532799986,3996.518015467288,3329.001916696818,1226.4149234171527,2102.13866944924,5526.237092379848,5260.04989534348,267.22880264019545,2812.9043646391474,2694.854318670491,117.79715833786388,,,,
MEX,2006-04-01,42031.715728372685,27395.475380483156,14709.445430352887,23929.422553031745,16088.784576405382,7845.689935210012,1.0,43.793711008,34.99606232,6223.619089620249,2294.6942253409966,3930.0405074494,3336.4090958544903,1285.2697350700737,2053.781489573612,5473.661687721416,5198.803971617167,275.91896800599125,2778.334108714501,2654.6071666960447,122.06746179984847,,,,
MEX,2006-07-01,42332.17095803766,27621.59533319599,14793.618214816936,24024.2449699898,16213.029004477236,7863.814042713128,1.0,43.655187108,34.946514389,6035.88762761875,2178.1585711420003,3855.378548603089,3213.515287084638,1214.8069886834587,1993.851678336327,5519.2313763326065,5248.048969723739,265.2946372587288,2804.751945744874,2683.149850247065,121.1597938002678,,,,
MEX,2006-10-01,42611.47476499841,27622.39097152745,14820.213987751666,24065.82777474901,16166.92560434152,7843.175065892681,1.0,43.444108221,34.779866385,6029.2203977363815,2143.9651037433423,3892.926343392294,3204.927934113398,1188.4360309971794,2013.4295021573355,5514.190293021459,5255.107653767583,260.7813065752599,2793.647718284706,2682.1251544197426,112.20067520075618,,,,
MEX,2007-01-01,42747.67876901893,27823.772429006025,14930.136436306768,24052.641856165166,16181.71794666294,7856.393650123788,1.0,43.281957594,34.926192173,6052.218533217049,2155.7894237218084,3878.2095503809146,3165.1548424976786,1176.1224587779907,1989.3789056903815,5530.4166326596205,5279.336805695773,250.3125295261389,2787.741832455682,2675.5730597819643,111.64175039471718,,,,
MEX,2007-04-01,42898.81140471565,28028.971264816613,14955.19719629331,24184.63598806993,16349.911192593005,7855.218768597179,1.0,43.366157559,34.861565406,5987.654648868309,2107.074777617015,3886.6521900661983,3133.422208306676,1159.825333320602,1977.540906763749,5594.39634169785,5345.3898755505825,253.1802427117785,2824.5705177296645,2714.867144795772,108.9888037248212,,,,
MEX,2007-07-01,42878.65929754926,28176.307314637175,14787.34700319412,24253.144891089676,16475.52493121498,7839.736715962492,1.0,43.509441775,34.486495719,5941.721713347528,2104.557056932256,3828.402240706856,3115.813537826182,1159.2277051905194,1948.1896343342935,5668.220673924508,5416.934433014195,249.20387709413217,2861.0732538349635,2756.9325270717577,105.48363391163012,,,,
MEX,2007-10-01,43902.490255388555,28612.47965031879,15092.442357098258,24578.774961557858,16666.964188629816,7836.137055205267,1.0,43.065324678,34.377189698,5970.31402331355,2116.565011767645,3858.0854148954872,3108.542217852663,1149.6761167246716,1955.0992139442376,5772.39904710093,5469.92001585797,299.48570371639715,2914.5757759495573,2785.560797720135,128.89820279128304,,,,
MEX,2008-01-01,43860.66816034329,28739.959173562365,15147.470144803088,24717.71675506801,16797.795633439386,7898.534215487124,1.0,43.350065265,34.535429532,6049.338285967729,2137.743363000419,3898.302001995027,3136.5816963603233,1171.2988861160643,1967.6767530400627,5768.313939265694,5488.148742344442,281.48776073520867,2939.8676051280995,2819.1674636193907,120.89236981563968,,,,
MEX,2008-04-01,44072.11635327664,28978.098265710192,15183.791252984694,24817.474700401253,16926.153664113426,7928.44941077707,1.0,43.316197936,34.452149135,6038.817167874815,2220.400010924043,3826.797093588666,3164.027220181921,1223.8821255048704,1943.2427715899044,5772.339723907362,5485.591928985028,291.6018711998728,2947.347696006374,2817.877662576244,128.76566954235363,,,,
MEX,2008-07-01,43772.93681682659,28897.49122696242,14956.582170716882,24735.420636840063,16979.191025273936,7824.188005225489,1.0,43.468060467,34.168559979,6006.846488927921,2237.686309715323,3768.704276970127,3141.767924831092,1223.9020120488597,1912.713905859621,5747.872581000591,5456.8619779672745,290.2805036509815,2952.965821096234,2822.964746592624,130.3314322299408,,,,
MEX,2008-10-01,43478.10517847768,29344.635580044043,13923.12710701357,24545.82334971449,17129.44197435374,7329.333627453901,1.0,43.427381435,32.023307018,5961.154127810715,2287.8128386110734,3670.560936016501,3110.9608004208676,1245.429714782996,1861.6452218227496,5892.293541931642,5616.958458021614,265.04170863061154,3006.1352566912374,2886.19359497447,117.61850668754867,,,,
MEX,2009-01-01,43916.0457005582,29158.572928054644,14801.217054159624,24841.715695846524,17015.91380503472,7793.335879944372,1.0,43.512597204,33.703437589,5894.546689010045,2318.1147727298853,3548.4052465347245,3096.8728347786,1264.1133294711594,1826.1868489754029,6026.184638578795,5751.566912394244,277.08115615832236,3098.523385673464,2971.2478862281173,127.92245388072944,,,,
MEX,2009-04-01,43854.25910041777,28896.044766003622,15044.782739611052,24572.905533949204,16733.67917426171,7893.071560165377,1.0,43.102392821,34.306320636,5979.4355512321945,2262.6862292682986,3727.244631411515,3105.8083663494403,1205.0459386437403,1905.1216070165217,6061.832781817905,5785.812623376785,284.86244150403303,3103.363210609988,2978.9221159189337,125.1219815895629,,,,
MEX,2009-07-01,44545.99748882494,29079.02489528648,15527.260982790527,24991.05280430735,16946.2889545847,8108.891809624112,1.0,43.155138186,34.85669164,6139.634258862367,2303.2891895816015,3831.574138292573,3184.3894135322053,1221.277834898831,1951.1023195225716,6126.079879531098,5814.533013065494,310.89810185031314,3135.725849830953,3005.2239030170545,130.69963161040798,,,,
MEX,2009-10-01,45062.87962351468,29161.944097344403,15675.161414642958,25174.307918987062,16957.22917181555,8117.363579125483,1.0,42.972957803,34.785085963,6222.9657466404815,2357.958358802876,3858.0109215183465,3208.715291913201,1252.215222965379,1953.7576309027895,5990.643550753621,5654.80370581215,321.3152891995452,3049.677825071989,2908.2872382113605,139.8756542759487,,,,
MEX,2010-01-01,44832.17420026896,29459.316821129123,15455.051703776724,25126.772469211737,17170.25513803738,7932.4380914443245,1.0,43.112534379,34.473125561,6136.071331308819,2356.664970741863,3764.235411300736,3125.0482132770703,1234.1371097049946,1891.3512691498477,5996.522827135897,5704.058894861639,299.99579344495993,3059.998689961417,2933.4922988974495,127.42046839293896,,,,
MEX,2010-04-01,45451.14079010831,29731.633290601443,15802.219312206144,25397.953489340984,17287.687811418844,8170.320933109075,1.0,42.984371701,34.767486663,6309.005933440456,2361.611148087458,3961.828777341637,3225.975144967165,1232.1630563511403,1998.936761262612,6080.427712645289,5750.139561433157,338.85961867244936,3109.266424792723,2961.6973020455453,148.11924366262696,,,,
MEX,2010-07-01,45277.063826810816,29817.080046959356,15505.368402979855,25342.065086949427,17366.216371315397,8033.905012680794,1.0,43.05468282,34.245525422,6179.7117034757675,2346.8650290065275,3824.4958345905034,3164.300465847542,1224.061729512755,1926.026981805615,6179.609062980234,5838.065886740719,338.72431889497665,3163.6738085744555,3017.5080054722857,145.0770540743922,,,,
MEX,2010-10-01,44687.39962958513,30915.01264771956,13562.662186039592,25257.458425782912,18068.166043467743,7093.143136625283,1.0,43.477164334,30.350081451,6159.957725521371,2365.6898570317735,3782.866234606101,3167.942529177376,1261.540748392572,1904.4884073043625,6109.388211974478,5826.59014220566,265.51736553746605,3148.0933384656946,3025.9461896252164,120.09165785792452,,,,
MEX,2011-01-01,45384.8235798196,30091.575074574983,15383.471269926617,25618.15800797975,17536.331952066073,8058.277892992637,1.0,43.420407608,33.895628663,6081.9565679448015,2374.0352552434597,3701.155919761829,3139.6271717480427,1249.7376449681217,1892.5877743165188,6140.855700828031,5811.9659600363175,339.9144281953667,3144.675596049441,3000.9580850782913,144.7399663906071,,,,
MEX,2011-04-01,45732.00969480723,30335.279102000684,15468.303369762229,25632.65932235822,17647.006522441923,8046.366588595016,1.0,43.115162398,33.823799726,6119.808867306756,2463.462264283098,3665.654686192372,3142.267061305438,1293.893349310127,1850.9728594306484,6123.580924178207,5832.295421164524,301.5545018508664,3133.187820872705,3007.609747760896,127.09024193810308,,,,
MEX,2011-07-01,46103.784317278776,30685.072985893617,15460.212696948578,25720.57003510284,17787.274282831524,7980.182112316023,1.0,42.914164566,33.533500397,6364.074334923655,2600.0745835469907,3769.888206730384,3227.471927746186,1334.03175353888,1886.2059344233164,6139.63084958145,5831.544365767106,301.7933664358325,3138.415654044745,3008.2655208928636,128.6358020982163,,,,
MEX,2011-10-01,46976.44317212955,30925.29750107866,15850.320666085405,26053.530522157467,17877.36675926287,8090.918687993073,1.0,42.662185494,33.740997819,6259.264852936482,2445.939128350567,3798.17174274682,3134.9183131314617,1264.3802269403795,1869.094586470966,6263.846376882363,5918.262899055514,332.46976966299604,3193.6062487839754,3053.734551446195,140.10372823294912,,,,
MEX,2012-01-01,47006.02406667515,31030.083452981587,16069.515873516935,26192.040384818076,17953.43846810406,8229.254388321368,1.0,42.862002845,34.18607762,6355.1592989095125,2499.6362045581877,3859.801735477479,3201.3034830196925,1281.352225185785,1926.6438445979095,6312.467512042167,5971.572639948175,352.04106048346415,3220.642863193644,3078.1282285153447,142.59977080667997,,,,
MEX,2012-04-01,47727.8961533764,31629.861289792345,16156.65440201668,26471.80024813625,18295.393743048626,8225.975150449924,1.0,42.664615265,33.851595616,6434.183669022148,2568.776036426831,3868.624050993654,3208.5760013440213,1311.9434400993214,1894.982020388196,6392.054135742544,6056.18326922487,345.06966469313954,3264.810421659194,3117.34203069607,148.48002466676164,,,,
MEX,2012-07-01,47981.99376296198,31769.207434639826,16258.220878858212,26655.941248410283,18415.337375875864,8266.517249608647,1.0,42.733885325,33.884004402,6414.218522048573,2632.8208816178203,3788.449317571143,3237.734434310207,1349.3918817585202,1882.6919246386892,6335.854919711965,5945.760934080463,378.3368115899022,3206.2726518311265,3042.874111940609,161.50956624305144,,,,
MEX,2012-10-01,47497.03896858993,32896.70409348738,14422.59117232536,26557.88115525893,19085.829394440192,7412.346701076784,1.0,43.011395644,30.36524273,6501.0912387909,2622.3632449399543,3857.647209018074,3304.099315508017,1370.9693226781303,1931.4580815622185,6358.290087150229,6048.588569947299,306.14316860438737,3240.4142245441435,3117.6044877726235,124.7385131443413,,,,
MEX,2013-01-01,47665.713654384184,31895.244044880117,15827.62000127822,26607.342958520407,18493.602926181575,8105.668236794686,1.0,42.939012808,33.205461091,6457.994860359349,2625.1366267477847,3842.752809160096,3272.487498548792,1380.8335414869066,1895.8216084442265,6326.899865593001,5981.038321773128,351.32579695473095,3212.839825963591,3061.114363309552,150.6232298692769,,,,
MEX,2013-04-01,48085.09233324792,32217.61348498575,15935.624501513415,26797.06674137846,18699.927352727125,8131.085342280677,1.0,42.868022629,33.140467717,6454.02300518797,2559.9623405262487,3889.5610455507904,3246.3699232910376,1316.6846651660169,1923.4724461064225,6356.449130632424,6018.074233220168,346.70424165557336,3226.141694766892,3080.5950981673573,146.1738688445542,,,,
MEX,2013-07-01,48092.08085545473,32300.321369174573,15835.95484468128,26858.017487385925,18797.687291941613,8078.201133079072,1.0,42.9592837,32.928404351,6449.104980295151,2555.2318666141396,3890.644439861279,3232.90847963402,1327.5393698604132,1898.625290051894,6351.637844825859,6044.205040889763,293.9452403565347,3231.0204945202986,3103.905938362635,124.1577881444592,,,,
MEX,2013-10-01,48672.14708835837,32646.904637771368,15872.096515262385,27117.28116167167,19010.234204768276,8066.766551474005,1.0,42.857051302,32.610224666,6500.190169775358,2581.283184129418,3898.7491559878,3271.310911390583,1342.3758484553798,1926.7867090904513,6327.581096337765,6000.242543232426,333.36248082738115,3229.6618955813083,3101.450296455829,133.2641910909001,,,,
MEX,2014-01-01,48402.86935336403,32750.760727040317,15675.835834699972,26969.349219273823,19092.14957003875,7874.848133970107,1.0,42.860378987,32.386170581,6610.365592533722,2753.2282367722655,3868.3563023606903,3312.179257423445,1437.8614356037815,1878.1935403215232,6255.936723067758,5948.717511977067,304.8577684671465,3196.9239540783983,3075.6209146357182,117.8094131483404,,,,
MEX,2014-04-01,48136.29911710493,32726.402328967994,15488.780276542491,26763.085072365942,19009.009860580984,7770.71983550882,1.0,42.768116567,32.176923778,6541.905537756071,2670.553950390415,3860.4173110734914,3276.436764773309,1386.4219131054608,1878.2964310158377,6239.312652592,5955.377944155836,291.30375156107766,3194.023019388074,3080.920436060818,113.75186545727124,,,,
MEX,2014-07-01,48270.41806086911,32734.94063193338,15560.505940156196,26930.71243452841,19049.284395218063,7888.34422130524,1.0,42.916414388,32.236111816,6550.411190914674,2651.750483968179,3899.3689726434263,3313.3848871901437,1388.4999324009566,1922.888584441405,6252.506873898396,5927.426157199175,312.218799385457,3196.3598836615183,3066.651905538905,126.88299737242536,,,,
MEX,2014-10-01,48544.63435374532,32892.434038068546,15548.67687693848,27099.539601574776,19166.5350366955,7919.952613253509,1.0,42.941511397,32.029650823,6493.1112790662,2683.500388772967,3790.3142306794457,3292.7004256554847,1412.9794369026654,1875.4472038557788,6211.5509753603255,5873.489979191492,350.42249995225836,3178.5553121275675,3045.256180024596,140.44562570332997,,,,
MEX,2015-01-01,49115.1587524624,33260.15716402163,15845.887236879142,27458.862483769713,19455.316953633886,7995.970810047173,1.0,43.005463989,32.262722221,6532.616268355695,2684.40966476015,3864.8045951592726,3287.264934952709,1402.8368663611573,1893.9717843057133,6260.655083682253,5952.692574127663,300.21867953056415,3226.2991310271645,3099.0782541207777,121.5780721249994,,,,
MEX,2015-04-01,49176.43971852584,33410.49298253995,15855.765965843217,27561.210504148778,19548.711946769778,8022.704695770746,1.0,43.111968411,32.242606534,6635.124094016385,2772.765021832277,3850.853914432092,3386.8446584929484,1475.2285707473743,1897.5214146466567,6264.937978595981,5905.706659396527,363.5932483058414,3214.3579052186283,3066.9768289674826,147.38599528405558,,,,
MEX,2015-07-01,49560.650901655434,33667.66121135505,15886.336526357318,27736.507879190493,19702.94014085352,8034.314546174497,1.0,43.049828651,32.054333907,6456.597037161648,2723.5933599297387,3736.891055633811,3255.420505319815,1435.663639442821,1824.6433605445015,6223.091483902384,5852.6755731878075,360.0075246268796,3186.0866734878146,3040.597795523426,142.97036615480494,,,,
MEX,2015-10-01,50325.08972548407,34256.27084085705,16015.094620168373,27928.59290902924,19935.231296469097,7994.115804006341,1.0,42.689507608,31.823280808,6528.375806947204,2786.1739437320816,3727.5659130974145,3281.1242757260343,1465.5257566204202,1809.9590509796303,6255.92763277071,5904.2493787617495,367.305869995257,3192.0640966708593,3053.5551948368893,147.88981950388086,,,,
MEX,2016-01-01,50109.20084413153,34136.24368125756,15955.59828841876,27968.707705328365,19928.51164932465,8030.539032856532,1.0,42.935010298,31.841653867,6434.6251040104735,2787.518876331299,3654.538041089296,3236.1218608277663,1461.5562391365945,1779.4114470988093,6231.675507487617,5875.508478753297,347.13928317793534,3189.931061549199,3036.72082615777,146.08075734965226,,,,
MEX,2016-04-01,50353.77069425419,34502.60915444511,15913.123773505937,28256.15539809164,20182.069642483115,8078.5953437674125,1.0,43.165593863,31.602645748,6473.641025985,2894.7859746005975,3566.3708174388844,3301.5520808646943,1542.0331100192757,1744.429292895005,6244.187282750544,5887.644697152652,357.56231836390367,3207.0544714191215,3064.3049388234535,142.36726902041914,,,,
MEX,2016-07-01,50952.552896215806,34833.493873190506,16094.783591821864,28485.18013033526,20349.447614155597,8132.802248721963,1.0,43.004080812,31.587786435,6533.583166801819,2908.814177974756,3634.0450612054246,3323.808521109773,1549.9832398011729,1785.7078411558623,6345.2150366157975,5978.384269698192,358.71655670280387,3245.2447228830333,3100.142307647451,142.44525981703998,,,,
MEX,2016-10-01,50944.731315306955,34860.956751172685,16083.278270560691,28509.45282518229,20324.79756645115,8200.939150693772,1.0,43.047333377,31.570052202,6576.209422238964,2954.919235418339,3610.470994191349,3351.1684308469908,1569.2338907557537,1774.3192672644482,6279.627434293064,5947.006890189542,349.1769762588009,3199.4453197679823,3069.399746064452,140.72768668088617,,,,
MEX,2017-01-01,51228.83013107929,35112.34794857286,16103.227407886596,28774.09352160596,20548.83791879888,8204.239406485789,1.0,43.205979986,31.433915955,6560.738783600848,2927.79670379013,3637.2433414815937,3372.4957871078004,1579.2812736712265,1794.4851746750016,6393.542364117268,6024.75823594069,359.1213084068156,3289.3658800555145,3137.230477333423,145.27392413757937,,,,
MEX,2017-04-01,51179.95572774385,34998.33985346711,16202.66254832862,28562.402541958338,20385.144891418848,8180.304423072924,1.0,42.929069723,31.658219156,6573.0215211086515,2869.959549141912,3698.30650271745,3369.7177205787557,1550.419591216348,1812.1629767426823,6303.7331873369085,5920.045864912526,384.4662001885439,3214.3461112624022,3053.004951899437,159.25734177959754,,,,
MEX,2017-07-01,51379.65849224133,35337.47133644215,16004.470323228516,28683.250816074855,20613.465385903008,8073.324195336809,1.0,42.943140801,31.149429157,6621.819803438455,2909.587596169282,3702.888533867809,3390.2570446602917,1565.5069135090023,1828.6159697983403,6357.220443754494,5958.569585319177,390.1088906596393,3253.8685932235826,3086.4340950690816,164.2875432724302,,,,
MEX,2017-10-01,51728.90687701863,35466.20759445732,16299.44305319758,28953.75809100974,20700.544435032298,8276.864703281828,1.0,43.055465412,31.509351419,6727.218255746892,2918.694471052953,3807.7840222039968,3418.149824183144,1555.9492018378328,1854.029130696561,6480.721228766145,6111.491471707909,385.54596713399405,3303.865917062099,3159.9257917841437,157.69840133835183,,,,
MEX,2018-01-01,52240.12517275809,35870.38260462733,16391.23307659035,29207.336087867625,20906.971536777808,8261.44857407371,1.0,43.007518707,31.376710952,6744.100706026221,3096.4252159761563,3650.698638520046,3454.3224949188384,1656.987246520026,1795.8304367475623,6434.854083804438,6015.442963463786,411.7716112942292,3267.9826188632096,3098.2955702784693,163.77761735315298,,,,
MEX,2018-04-01,52868.07210975442,36171.02394200808,16654.281254566755,29541.830312608778,21095.510270544837,8457.593972580933,1.0,42.983380988,31.501586099,6603.058499618786,2907.7782305833293,3691.065602946177,3422.126443927374,1585.1889193076688,1838.522886384271,6547.210779973333,6165.29888810819,384.4596350054085,3331.930930734153,3169.256350058069,155.35968840691515,,,,
MEX,2018-07-01,53063.71223838068,36193.66302946939,16830.054912495532,29670.896347554433,21080.772345430018,8594.037451264287,1.0,43.012004736,31.716693391,6679.0542564390535,2920.477496130455,3738.014652436694,3405.1133850376054,1552.562661407962,1848.603639348933,6533.022855881785,6142.9226364848055,378.32709335279634,3325.1921701583715,3176.1461496363463,147.8261011408075,,,,
MEX,2018-10-01,53229.93043537111,36314.009289049325,16974.580243052904,29854.39436570546,21176.845598181644,8711.861337993529,1.0,43.142868223,31.889164807,6594.058252349261,2898.9298952762715,3701.4852319370266,3406.314098014304,1546.6543570423582,1849.0416424052337,6533.465493718006,6120.672659261402,428.118648108647,3336.0337483104076,3171.593548255465,179.47626919755146,,,,
MEX,2019-01-01,53673.38336572384,36453.360624389614,17276.769218387402,30079.726688439623,21179.98091324477,8834.37031023763,1.0,43.109358583,32.188709068,6637.304693464816,2909.0305419932083,3743.6074041049,3418.6522161818766,1551.2006926811434,1874.6430775406727,6492.564228575878,6045.548916877688,439.84630386154254,3314.04389644213,3133.1685265014576,177.0973240799763,,,,
MEX,2019-04-01,54244.74429380334,36864.17342783087,17282.79824968848,30129.441364687736,21437.6596823227,8719.248799531892,1.0,42.725785989,31.860779279,6642.291921440604,3003.2020378127877,3630.710566114977,3418.2445622520195,1622.8073271109995,1802.6123938362305,6514.223849150842,6099.896235155103,420.6538005892452,3335.9880115699575,3150.370831041392,171.68354375276994,,,,
MEX,2019-07-01,54461.85618232752,37100.92048566104,17343.200797868278,30303.81529344626,21549.016399570777,8762.670223672305,1.0,42.801749303,31.844674445,6710.80946688174,3155.786413447299,3544.7686957031196,3446.8487835204205,1696.7216397269144,1751.4828586212195,6598.012833418689,6152.039552821106,430.05798008368447,3358.9809144642054,3196.1747173664935,166.6996316424604,,,,
MEX,2019-10-01,54842.87012097792,37389.5063209371,17510.528922906058,30451.80405869796,21673.215503805888,8819.280444203785,1.0,42.711959839,31.928542187,6681.45399286199,3073.4523386878127,3621.669161563613,3435.4346929777757,1651.4713600691998,1771.6272926080533,6700.431524670192,6303.630763946996,413.39458611864967,3402.297998832356,3246.798781262451,169.187054369963,,,,
MEX,2020-01-01,54967.63928767774,37612.08577997076,17420.179871451775,30696.32768639019,21854.16062298157,8745.591593803298,1.0,42.957201846,31.691700967,6630.515959479715,3049.747651509454,3591.5315484816456,3393.987062747689,1626.2951761048594,1772.2541097210374,6869.651357934794,6423.626283345032,438.7656016188838,3511.8295486798856,3335.1261185644917,176.3295412716212,,,,
MEX,2020-04-01,44548.25864288433,32229.44737228921,12225.926408858995,24287.333154650747,18589.767770451275,5733.809822180913,1.0,41.937809769,27.444229654,5764.541119676883,2535.94380416577,3216.1126850660594,3060.59211043376,1488.9911029843065,1578.6602510329567,6564.576612933441,6306.631676847239,266.068411627308,3509.9988448951603,3377.971556405923,109.00711351613778,,,,
MEX,2020-07-01,50476.29369094776,34795.134862760315,15688.259376911286,27810.82595878615,20068.28332267771,7748.554374768148,1.0,42.382158992,31.080450306,6368.304615841454,2791.346977486332,3551.868204644365,3239.735564250231,1494.8024362404497,1735.5765675412497,6898.842866072263,6556.010143180803,324.46361429602825,3522.497017804553,3412.626523410738,120.72792922015589,,,,
MEX,2020-10-01,52646.659023320826,36083.08265923067,16604.64646065753,29038.983423596383,20834.754657311412,8243.604963491569,1.0,42.429434215,31.539791449,6486.102864815381,3005.3008269243237,3501.6357628068167,3313.7170411896855,1592.0273766493103,1709.6815540100406,6896.742388124696,6507.915551325283,405.2285058659475,3546.9207070916755,3403.114419783669,153.6697550274581,,,,
MEX,2021-01-01,52898.14233939332,36157.608349622424,16795.386440334867,29453.31921272116,20961.2433069444,8383.757262612056,1.0,42.830236361,31.750427704,6637.488419906919,3070.469585662908,3575.819027688125,3414.645051986128,1652.3585419874742,1768.130732575241,7152.7223433662875,6704.890147459223,439.61672532872274,3640.7659559430617,3483.0189749617534,161.03407126858147,,,,
MEX,2021-04-01,54919.78818902709,37433.64326003934,17390.260769210752,30274.035166195576,21643.071580953107,8703.873350685346,1.0,42.403148531,31.664835832,6857.085093452404,3207.4622853301416,3625.797307698681,3490.7553624791763,1721.1585655273996,1778.102628854973,7258.229550790083,6796.684367498151,472.1281931061245,3722.6803602853793,3508.007074940291,188.70908979556793,,,,
MEX,2021-07-01,55412.693409882784,37707.97592783358,17700.290918057566,30682.58424399232,21811.95678512637,8868.011649280606,1.0,42.593107152,31.94266481,6767.4184965131935,3172.5263760751154,3577.3180351616393,3472.568210605626,1710.3499724492194,1756.5003446315138,7037.829159805313,6566.277955060836,454.1129435997387,3513.776110606986,3355.0269880844407,172.71158189329333,,,,
MEX,2021-10-01,56060.421259576666,37872.58948297336,18227.219322961097,31095.47346156617,21934.91382714393,9200.708657999972,1.0,42.667526274,32.513525431,6745.480914752134,3190.1507099461824,3589.960910119627,3441.472072931826,1691.2379230495103,1740.0636271672054,6941.823586100135,6468.713145560739,485.92075365765055,3514.5729253435175,3331.515470175988,189.21473870201123,,,,
MEX,2022-01-01,55949.12381546076,38129.545715586784,17869.14110165211,31273.93882776694,22140.773719096516,9015.606897066413,1.0,42.997770797,31.938196495,6668.9280794325705,3091.3637235456304,3582.842718648412,3378.564864247199,1652.5102738101418,1733.2624161832214,6902.544848779839,6418.064776521087,479.464357152575,3483.7586841590214,3296.786569395805,190.12687902904383,,,,
MEX,2022-04-01,57113.21328179112,38851.5894285495,18189.7573415134,31661.050029594287,22545.99312205794,9206.03591443553,1.0,42.642765955,31.848597367,6767.231449595672,3119.852584707293,3620.9340336989,3475.489582786298,1702.7703756285257,1779.0569970696877,7008.77524656121,6520.172934671286,495.8235742699299,3560.023294650075,3344.6036800093434,192.5700579736488,,,,
MEX,2022-07-01,57020.0760751618,38720.19042499797,18275.02347794012,31761.71344650768,22464.465748488463,9282.972555791792,1.0,42.848219344,32.050156253,6859.518252240579,3139.746813976363,3691.256324256149,3525.45375985129,1710.0608816423105,1803.9016403129865,6935.543745201624,6418.842577223666,504.2027092923189,3469.9579916844687,3283.546908556017,201.48812111979043,,,,
MEX,2022-10-01,57775.54037816952,39271.00362150577,18549.340876267295,32133.689190385612,22832.838722523626,9332.054732736084,1.0,42.783195609,32.105871715,6826.087163560204,3021.551072012272,3848.361607122242,3519.015598700786,1651.2004553300808,1860.4868565095392,7163.133346547211,6650.155449114351,521.8793517935935,3622.2564143966665,3418.180771055119,206.20521290851428,,,,
MEX,2023-01-01,58364.23626623717,39869.52831963072,18538.24010712262,32512.13212653131,23136.08605966001,9270.695829549457,1.0,42.850440621,31.763013265,6741.981620830323,3045.563318459084,3704.138163081704,3438.430820770394,1659.7182048077746,1791.260106829392,7047.374369809412,6535.3357819911,510.20515122901867,3573.221424546059,3372.4481540869224,203.5479430737267,,,,
MEX,2023-04-01,58175.04039192338,39724.498570303535,18387.386770277102,31956.5919496951,22965.44742057045,9080.915858855722,1.0,42.255224306,31.607003014,6622.040092854805,2992.3692827445525,3605.84622136755,3360.4076196166006,1652.5866533833116,1709.9915106078345,6979.168312848474,6465.12923540249,517.5086479978079,3522.5263415873687,3304.0710202776227,200.92928239825363,,,,
MEX,2023-07-01,58733.511213352125,40277.831331656336,18429.603465379147,32295.2978920146,23158.031202681388,9120.579470554132,1.0,42.297040185,31.378344466,6534.2553938246465,3023.9453363769635,3477.675003068282,3299.823195133311,1636.908089928715,1652.5398685418,7142.430557801464,6593.062341549201,540.964498533074,3562.315476067683,3367.5344433203395,209.48132096754563,,,,
MEX,2023-10-01,58806.138424803874,40456.98886067195,18396.200715229465,32375.87458314955,23299.899904696675,9091.666947362764,1.0,42.350202848,31.282789872,6413.71644618833,3092.7316188263267,3371.666856973467,3247.1681913590273,1635.95515015731,1607.8828836156472,7144.69369392907,6589.932228386407,558.89474269871,3601.779989457193,3380.3337155385284,219.1740277408089,,,,
MEX,2024-01-01,58984.45799997535,40597.593174879374,18426.172793408667,32478.36522893252,23281.08164630795,9116.95864812952,1.0,42.355831884,31.239030447,6532.136483876494,3126.7249922936403,3399.511442143876,3240.117393879128,1649.6663768583055,1597.3371317143246,7231.088073102848,6675.485140914878,558.2967107733167,3628.89084694316,3413.6552807471553,217.59626059647903,,,,
MEX,2024-04-01,59020.487202831195,40657.11212027008,18298.353087370426,32377.059663165,23390.034497082142,9069.400511092654,1.0,42.197941241,31.003392135,6273.561441306895,2983.8444133746716,3264.307468538345,3142.865429051152,1606.0693849510226,1534.650718676519,7190.528045046401,6663.045122989662,525.8333486008681,3644.93740334995,3419.4986620050663,213.68587109876967,,,,
MEX,2024-07-01,59107.00358212394,40817.88734971997,18265.529837374303,32323.28354069947,23404.879478316092,8902.26794195477,1.0,42.066189716,30.902479792,6654.018673407694,3141.1170286985744,3479.4811372423605,3314.265664523999,1667.81749087791,1636.871815017202,7275.36411281,6743.5101090474045,529.6868990382659,3666.602959148086,3477.4550088196834,201.48579698717327,,,,
MEX,2024-10-01,58836.85637165894,40773.54779340532,18112.28841611008,32078.090682012673,23250.69617762799,8826.756100235576,1.0,41.938770853,30.783915955,6229.769875593205,2952.938709232555,3328.6596225436433,3062.145329363655,1527.6065643499592,1533.520481302405,7180.231023400662,6655.042252632684,524.7907978183275,3608.11261103288,3399.8048824409234,203.7429499804953,,,,
MEX,2025-01-01,58792.320027744165,40664.88284744818,18160.11723404654,32075.09276705663,23215.167613227248,8805.278921121984,1.0,41.966617869,30.888587532,6287.339972393973,2971.597119056827,3313.4023995238053,3068.4262729446427,1550.707733880704,1525.092152775287,7104.89222430103,6592.808179271122,516.3353606816703,3571.4849477950143,3377.3657025461166,196.51223481996777,,,,
MEX,2025-04-01,59101.47914872475,40676.71262375297,18366.242237422768,31918.834099066586,23133.447127201976,8857.321137809377,1.0,41.543713729,31.075774248,6330.905546544011,2936.598174590927,3371.476716135401,3057.60168191361,1510.5180138780845,1545.2750349631062,7141.139139674299,6593.193391912957,545.0853391743603,3590.806108374346,3374.2025897530966,209.31429798957348,,,,
MEX,2025-07-01,59076.40677255979,40562.68231848975,18482.486726794163,32119.55491321498,23098.835810372493,9002.615053900168,1.0,41.822702637,31.285732726,6292.775950125161,2851.1262874487916,3395.1530558597583,3057.660894955521,1494.003326883492,1549.499812260666,7067.690989956347,6528.823521593376,539.274925993037,3529.101780501346,3332.168173084584,205.50657371771177,,,,
MEX,2025-10-01,59141.95050728672,40652.080258686365,18539.146800836963,32179.109454131445,23134.336521330188,9036.923469144082,1.0,41.853812575,31.346864014,6221.753778090232,3001.4696880542106,3275.6544103402603,3041.4430296817395,1557.2267709507987,1484.4463020721591,7022.240318744367,6527.540106634838,492.1319396687993,3532.3693155560027,3349.0233763631577,179.78243718672783,,,,
MEX,2026-01-01,59321.969894745875,40719.07857876017,18641.384429852325,32071.57062838903,23052.51186861965,8980.36750961456,1.0,41.587356234,31.424081943,6261.221752198883,2982.978377779629,3274.292690632247,3025.564760668075,1545.762636401411,1485.140979699368,7139.783579442985,6596.909184573892,548.9109529146391,3565.5033967725385,3364.051620037733,203.79272482803785,,,,
MLT,2017-01-01,,,,,,,,,,,,,,,,,,,,,,4.066666667,2.3,eurostat,0.56557377
MLT,2017-04-01,,,,,,,,,,,,,,,,,,,,,,3.9,2.3,eurostat,0.58974359
MLT,2017-07-01,,,,,,,,,,,,,,,,,,,,,,4.066666667,2.0,eurostat,0.491803279
MLT,2017-10-01,,,,,,,,,,,,,,,,,,,,,,3.966666667,1.6,eurostat,0.403361345
MLT,2018-01-01,,,,,,,,,,,,,,,,,,,,,,4.366666667,2.6,eurostat,0.595419847
MLT,2018-04-01,,,,,,,,,,,,,,,,,,,,,,4.033333333,2.6,eurostat,0.644628099
MLT,2018-07-01,,,,,,,,,,,,,,,,,,,,,,3.6,2.7,eurostat,0.75
MLT,2018-10-01,,,,,,,,,,,,,,,,,,,,,,3.8,2.8,eurostat,0.736842105
MLT,2019-01-01,,,,,,,,,,,,,,,,,,,,,,4.3,2.5,eurostat,0.581395349
MLT,2019-04-01,,,,,,,,,,,,,,,,,,,,,,4.0,2.8,eurostat,0.7
MLT,2019-07-01,,,,,,,,,,,,,,,,,,,,,,4.1,2.4,eurostat,0.585365854
MLT,2019-10-01,,,,,,,,,,,,,,,,,,,,,,4.066666667,2.2,eurostat,0.540983607
MLT,2020-01-01,,,,,,,,,,,,,,,,,,,,,,3.933333333,1.4,eurostat,0.355932203
MLT,2020-04-01,,,,,,,,,,,,,,,,,,,,,,4.866666667,1.5,eurostat,0.308219178
MLT,2020-07-01,,,,,,,,,,,,,,,,,,,,,,5.566666667,1.9,eurostat,0.341317365
MLT,2020-10-01,,,,,,,,,,,,,,,,,,,,,,5.1,1.7,eurostat,0.333333333
MLT,2021-01-01,,,,,,,,,,,,,,,,,,,,,,4.2,1.4,eurostat,0.333333333
MLT,2021-04-01,,,,,,,,,,,,,,,,,,,,,,3.7,2.4,eurostat,0.648648649
MLT,2021-07-01,,,,,,,,,,,,,,,,,,,,,,3.833333333,2.6,eurostat,0.67826087
MLT,2021-10-01,,,,,,,,,,,,,,,,,,,,,,3.333333333,2.3,eurostat,0.69
MLT,2022-01-01,,,,,,,,,,,,,,,,,,,,,,3.566666667,2.5,eurostat,0.700934579
MLT,2022-04-01,,,,,,,,,,,,,,,,,,,,,,3.766666667,2.8,eurostat,0.743362832
MLT,2022-07-01,,,,,,,,,,,,,,,,,,,,,,3.4,2.8,eurostat,0.823529412
MLT,2022-10-01,,,,,,,,,,,,,,,,,,,,,,3.2,2.5,eurostat,0.78125
MLT,2023-01-01,,,,,,,,,,,,,,,,,,,,,,3.266666667,2.6,eurostat,0.795918367
MLT,2023-04-01,,,,,,,,,,,,,,,,,,,,,,3.833333333,2.7,eurostat,0.704347826
MLT,2023-07-01,,,,,,,,,,,,,,,,,,,,,,3.666666667,3.0,eurostat,0.818181818
MLT,2023-10-01,,,,,,,,,,,,,,,,,,,,,,3.166666667,2.8,eurostat,0.884210526
MLT,2024-01-01,,,,,,,,,,,,,,,,,,,,,,3.4,3.2,eurostat,0.941176471
MLT,2024-04-01,,,,,,,,,,,,,,,,,,,,,,3.2,3.0,eurostat,0.9375
MLT,2024-07-01,,,,,,,,,,,,,,,,,,,,,,3.133333333,3.1,eurostat,0.989361702
MLT,2024-10-01,,,,,,,,,,,,,,,,,,,,,,3.066666667,2.9,eurostat,0.945652174
MLT,2025-01-01,,,,,,,,,,,,,,,,,,,,,,3.433333333,2.9,eurostat,0.844660194
MLT,2025-04-01,,,,,,,,,,,,,,,,,,,,,,2.8,3.2,eurostat,1.142857143
MLT,2025-07-01,,,,,,,,,,,,,,,,,,,,,,2.566666667,3.4,eurostat,1.324675325
MLT,2025-10-01,,,,,,,,,,,,,,,,,,,,,,3.2,3.3,eurostat,1.03125
NLD,1995-01-01,7215.0,5901.0,1314.0,2651.1,2078.1,573.0,1.0,28.26483288,18.212058212,234.0,98.0,136.0,107.8,30.7,77.1,1835.0,1680.0,155.0,614.0,558.9,55.1,,,,
NLD,1995-04-01,7249.0,5930.0,1319.0,2707.7,2131.8,575.9,1.0,28.732875622,18.195613188,234.0,98.0,136.0,108.3,31.2,77.1,1849.0,1693.0,156.0,618.5,562.9,55.6,,,,
NLD,1995-07-01,7297.0,5974.0,1323.0,2758.4,2177.6,580.8,1.0,29.07833567,18.13073866,233.0,98.0,135.0,109.5,32.1,77.4,1860.0,1703.0,157.0,628.8,572.7,56.1,,,,
NLD,1995-10-01,7358.0,6033.0,1325.0,2825.7,2241.9,583.8,1.0,29.540845129,18.007610764,234.0,98.0,136.0,111.1,32.6,78.5,1869.0,1711.0,158.0,657.1,600.6,56.4,,,,
NLD,1996-01-01,7367.0,6041.0,1326.0,2761.0,2163.0,598.0,1.0,28.829186288,17.999185557,235.0,98.0,137.0,110.0,31.3,78.7,1857.0,1698.0,159.0,629.3,572.5,56.8,,,,
NLD,1996-04-01,7410.0,6082.0,1327.0,2793.3,2194.2,599.1,1.0,28.997197135,17.908232119,237.0,100.0,138.0,111.2,31.7,79.5,1865.0,1705.0,160.0,624.7,567.6,57.0,,,,
NLD,1996-07-01,7452.0,6122.0,1331.0,2819.3,2217.9,601.4,1.0,29.102151204,17.860976919,238.0,100.0,138.0,112.1,32.3,79.8,1871.0,1711.0,160.0,626.5,568.8,57.7,,,,
NLD,1996-10-01,7508.0,6170.0,1338.0,2888.5,2285.6,602.9,1.0,29.594074013,17.820990943,238.0,100.0,138.0,113.3,32.9,80.4,1879.0,1717.0,162.0,657.7,599.7,58.1,,,,
NLD,1997-01-01,7569.0,6221.0,1349.0,2859.4,2256.6,602.8,1.0,29.05982906,17.822697846,241.0,102.0,139.0,111.1,32.2,78.9,1890.0,1726.0,165.0,648.3,588.5,59.8,,,,
NLD,1997-04-01,7629.0,6273.0,1356.0,2892.1,2288.1,604.0,1.0,29.160994989,17.774282344,241.0,103.0,139.0,112.4,33.0,79.4,1902.0,1735.0,167.0,652.3,591.9,60.4,,,,
NLD,1997-07-01,7694.0,6339.0,1355.0,2885.7,2281.8,603.9,1.0,28.850652856,17.611125552,241.0,103.0,138.0,111.6,32.6,79.0,1913.0,1744.0,168.0,646.9,586.0,61.0,,,,
NLD,1997-10-01,7739.0,6393.0,1346.0,2896.2,2292.5,603.7,1.0,28.787261324,17.392427962,239.0,104.0,135.0,111.5,32.5,79.0,1924.0,1756.0,168.0,643.3,581.9,61.4,,,,
NLD,1998-01-01,7773.0,6441.0,1333.0,2927.8,2333.2,594.5,1.0,28.974062089,17.149105879,233.0,101.0,131.0,102.3,33.2,69.1,1932.0,1764.0,168.0,653.2,591.4,61.7,,,,
NLD,1998-04-01,7820.0,6499.0,1322.0,2933.4,2339.3,594.2,1.0,28.855006886,16.905370844,231.0,103.0,129.0,102.5,33.6,68.9,1942.0,1774.0,168.0,653.6,591.3,62.3,,,,
NLD,1998-07-01,7865.0,6551.0,1314.0,2950.2,2358.5,591.7,1.0,28.8542227,16.706929434,231.0,104.0,127.0,102.4,33.8,68.5,1951.0,1783.0,168.0,657.6,595.2,62.3,,,,
NLD,1998-10-01,7908.0,6599.0,1309.0,2935.9,2345.9,590.0,1.0,28.558227306,16.552857865,232.0,105.0,126.0,102.7,33.6,69.1,1963.0,1794.0,169.0,651.2,588.8,62.5,,,,
NLD,1999-01-01,7999.0,6694.0,1305.0,2975.7,2378.3,597.4,1.0,28.61607701,16.314539317,233.0,107.0,126.0,108.5,34.1,74.4,1982.0,1813.0,169.0,654.3,591.8,62.5,,,,
NLD,1999-04-01,8046.0,6746.0,1300.0,2997.2,2402.7,594.5,1.0,28.654467581,16.157096694,233.0,107.0,126.0,109.5,34.6,74.9,1993.0,1824.0,169.0,660.4,597.9,62.5,,,,
NLD,1999-07-01,8083.0,6790.0,1293.0,3012.9,2418.9,594.0,1.0,28.672712911,15.99653594,233.0,108.0,125.0,110.2,35.1,75.1,2000.0,1832.0,168.0,663.5,600.9,62.6,,,,
NLD,1999-10-01,8122.0,6837.0,1284.0,3048.3,2454.0,594.3,1.0,28.870304775,15.808914061,235.0,109.0,125.0,111.7,35.8,75.9,2009.0,1844.0,166.0,671.9,609.2,62.7,,,,
NLD,2000-01-01,8142.0,6868.0,1273.0,3044.0,2454.9,589.0,1.0,28.758762731,15.634979121,233.0,107.0,126.0,118.6,35.6,83.0,2004.0,1842.0,163.0,664.7,604.8,59.9,,,,
NLD,2000-04-01,8193.0,6926.0,1267.0,3083.6,2495.8,587.8,1.0,28.951544001,15.464420847,233.0,106.0,126.0,119.1,35.2,83.8,2017.0,1856.0,161.0,676.1,616.5,59.6,,,,
NLD,2000-07-01,8241.0,6975.0,1266.0,3029.7,2441.2,588.5,1.0,28.279801742,15.362213324,233.0,107.0,125.0,118.7,34.9,83.7,2033.0,1872.0,161.0,664.1,603.9,60.2,,,,
NLD,2000-10-01,8283.0,7019.0,1264.0,3048.0,2460.8,587.2,1.0,28.306355,15.260171435,232.0,109.0,123.0,117.5,34.7,82.9,2052.0,1892.0,161.0,670.5,610.1,60.3,,,,
NLD,2001-01-01,8329.0,7069.0,1261.0,3077.5,2501.7,575.8,1.0,28.422471993,15.139872734,240.0,119.0,121.0,114.8,36.6,78.3,2060.0,1900.0,160.0,680.3,620.7,59.6,,,,
NLD,2001-04-01,8364.0,7105.0,1259.0,3089.3,2515.1,574.3,1.0,28.412059007,15.052606408,236.0,117.0,119.0,113.3,36.0,77.3,2082.0,1922.0,160.0,687.7,628.2,59.5,,,,
NLD,2001-07-01,8398.0,7138.0,1260.0,3094.2,2518.3,575.9,1.0,28.34191291,15.003572279,236.0,118.0,118.0,114.3,36.8,77.5,2104.0,1944.0,160.0,695.2,634.6,60.6,,,,
NLD,2001-10-01,8419.0,7159.0,1261.0,3101.5,2526.4,575.1,1.0,28.337916983,14.978025894,235.0,117.0,118.0,113.6,36.5,77.1,2130.0,1968.0,162.0,702.4,641.8,60.6,,,,
NLD,2002-01-01,8430.0,7167.0,1264.0,3077.9,2511.0,566.9,1.0,28.085591751,14.994068802,235.0,118.0,117.0,113.6,36.5,77.0,2150.0,1987.0,163.0,712.1,649.8,62.3,,,,
NLD,2002-04-01,8440.0,7171.0,1268.0,3079.3,2512.2,567.1,1.0,28.065074736,15.023696682,235.0,118.0,117.0,109.7,36.6,73.1,2169.0,2008.0,161.0,717.2,657.5,59.6,,,,
NLD,2002-07-01,8444.0,7173.0,1271.0,3079.6,2513.8,565.7,1.0,28.054512991,15.052108006,235.0,117.0,118.0,117.5,36.9,80.6,2187.0,2028.0,158.0,724.0,666.2,57.8,,,,
NLD,2002-10-01,8446.0,7176.0,1270.0,3066.6,2511.6,555.0,1.0,27.929470482,15.036703765,236.0,115.0,121.0,112.2,36.3,75.9,2207.0,2050.0,157.0,728.4,671.4,56.9,,,,
NLD,2003-01-01,8421.0,7162.0,1259.0,3062.0,2505.4,556.6,1.0,27.970367122,14.950718442,235.0,114.0,121.0,110.6,35.7,75.0,2233.0,2077.0,156.0,742.1,682.4,59.7,,,,
NLD,2003-04-01,8395.0,7151.0,1244.0,3046.0,2499.7,546.3,1.0,27.910386219,14.818344253,233.0,115.0,118.0,107.9,36.0,72.0,2249.0,2093.0,155.0,749.1,688.2,60.8,,,,
NLD,2003-07-01,8369.0,7127.0,1241.0,3035.8,2486.7,549.1,1.0,27.903342923,14.828533875,228.0,113.0,115.0,105.2,35.7,69.5,2255.0,2100.0,155.0,749.1,689.9,59.2,,,,
NLD,2003-10-01,8362.0,7109.0,1253.0,3017.3,2464.5,552.8,1.0,27.75651758,14.98445348,223.0,111.0,112.0,103.5,35.0,68.5,2255.0,2103.0,153.0,745.1,685.1,60.0,,,,
NLD,2004-01-01,8291.0,7026.0,1265.0,3029.0,2464.8,564.2,1.0,28.102762031,15.257508141,224.0,113.0,111.0,103.0,34.9,68.1,2250.0,2102.0,149.0,739.2,680.6,58.6,,,,
NLD,2004-04-01,8296.0,7025.0,1272.0,3026.7,2460.6,566.0,1.0,28.064498183,15.332690453,224.0,112.0,112.0,107.1,34.6,72.5,2253.0,2107.0,146.0,739.9,681.4,58.5,,,,
NLD,2004-07-01,8304.0,7033.0,1271.0,3028.6,2456.7,572.0,1.0,28.055061509,15.305876686,225.0,112.0,113.0,106.9,34.8,72.0,2260.0,2112.0,148.0,742.4,681.4,61.1,,,,
NLD,2004-10-01,8293.0,7024.0,1269.0,3019.0,2453.2,565.8,1.0,28.003227931,15.30206198,223.0,111.0,112.0,106.5,34.8,71.7,2263.0,2108.0,154.0,742.9,680.4,62.5,,,,
NLD,2005-01-01,8321.0,7049.0,1272.0,3007.1,2439.0,568.0,1.0,27.798988657,15.286624204,221.0,109.0,112.0,104.8,34.4,70.4,2265.0,2103.0,162.0,739.6,671.1,68.6,,,,
NLD,2005-04-01,8342.0,7059.0,1283.0,3020.5,2435.8,584.7,1.0,27.852571787,15.380004795,219.0,108.0,111.0,105.9,34.2,71.7,2281.0,2112.0,169.0,743.3,673.0,70.4,,,,
NLD,2005-07-01,8360.0,7065.0,1295.0,3032.2,2453.9,578.2,1.0,27.900257637,15.490430622,217.0,108.0,109.0,102.7,34.5,68.1,2294.0,2121.0,173.0,748.6,680.1,68.5,,,,
NLD,2005-10-01,8370.0,7062.0,1308.0,3042.0,2452.7,589.3,1.0,27.956989247,15.627240143,216.0,109.0,107.0,104.8,35.2,69.6,2300.0,2124.0,176.0,750.3,680.4,69.9,,,,
NLD,2006-01-01,8448.0,7128.0,1320.0,3071.3,2471.4,599.9,1.0,27.965654138,15.625,214.0,108.0,106.0,102.2,34.6,67.6,2296.0,2118.0,178.0,748.9,678.0,70.9,,,,
NLD,2006-04-01,8478.0,7151.0,1327.0,3062.2,2459.0,603.3,1.0,27.784129058,15.65227648,212.0,106.0,105.0,99.5,33.6,65.8,2301.0,2121.0,180.0,747.2,674.1,73.0,,,,
NLD,2006-07-01,8536.0,7199.0,1337.0,3094.1,2489.2,604.9,1.0,27.882813063,15.663074039,216.0,110.0,106.0,103.3,35.1,68.2,2307.0,2124.0,183.0,751.5,678.9,72.7,,,,
NLD,2006-10-01,8640.0,7283.0,1356.0,3128.9,2511.9,617.0,1.0,27.85701567,15.694444444,217.0,111.0,106.0,103.0,35.9,67.2,2335.0,2147.0,188.0,759.4,684.2,75.2,,,,
NLD,2007-01-01,8680.0,7305.0,1375.0,3163.6,2530.6,633.0,1.0,28.036157391,15.841013825,213.0,109.0,103.0,99.4,35.1,64.3,2343.0,2149.0,194.0,762.8,684.7,78.1,,,,
NLD,2007-04-01,8758.0,7374.0,1384.0,3188.4,2556.0,632.4,1.0,28.004286191,15.802694679,214.0,111.0,102.0,100.6,35.6,65.0,2357.0,2157.0,200.0,768.5,689.5,79.1,,,,
NLD,2007-07-01,8812.0,7431.0,1381.0,3189.1,2558.0,631.1,1.0,27.83878627,15.671811167,214.0,111.0,103.0,101.0,35.5,65.4,2369.0,2166.0,203.0,769.8,689.2,80.6,,,,
NLD,2007-10-01,8845.0,7471.0,1375.0,3198.4,2571.3,627.1,1.0,27.815802061,15.545505936,213.0,109.0,104.0,101.7,35.4,66.4,2376.0,2170.0,206.0,769.8,689.0,80.8,,,,
NLD,2008-01-01,8895.0,7518.0,1377.0,3226.5,2600.8,625.7,1.0,27.90245168,15.480607083,216.0,111.0,104.0,103.2,36.5,66.7,2404.0,2193.0,211.0,782.5,698.6,84.0,4.8,3.0,eurostat,0.625
NLD,2008-04-01,8919.0,7532.0,1387.0,3231.8,2604.8,627.0,1.0,27.873079942,15.551070748,212.0,108.0,103.0,99.7,35.2,64.5,2416.0,2199.0,217.0,787.9,703.2,84.8,4.8,3.0,eurostat,0.625
NLD,2008-07-01,8928.0,7535.0,1393.0,3223.1,2587.6,635.5,1.0,27.770023435,15.602598566,206.0,105.0,102.0,100.5,33.1,67.4,2425.0,2203.0,221.0,790.7,702.9,87.8,4.733333333,3.0,eurostat,0.633802817
NLD,2008-10-01,8917.0,7527.0,1390.0,3228.2,2593.3,634.9,1.0,27.848275981,15.58820231,204.0,104.0,100.0,97.3,34.3,63.0,2436.0,2211.0,225.0,788.7,702.0,86.7,4.733333333,2.4,eurostat,0.507042254
NLD,2009-01-01,8899.0,7517.0,1382.0,3214.9,2589.9,625.0,1.0,27.789639285,15.529834813,204.0,105.0,99.0,100.4,36.5,63.9,2448.0,2220.0,228.0,800.4,708.1,92.2,4.9,1.9,eurostat,0.387755102
NLD,2009-04-01,8844.0,7464.0,1380.0,3182.5,2559.5,623.0,1.0,27.680652681,15.603799186,204.0,104.0,100.0,99.3,35.2,64.0,2472.0,2243.0,229.0,802.6,717.2,85.4,5.233333333,1.6,eurostat,0.305732484
NLD,2009-07-01,8808.0,7421.0,1387.0,3152.4,2526.2,626.2,1.0,27.530915951,15.747048138,205.0,103.0,102.0,96.3,32.9,63.3,2483.0,2255.0,228.0,812.5,725.5,87.1,5.6,1.6,eurostat,0.285714286
NLD,2009-10-01,8801.0,7409.0,1391.0,3162.9,2534.4,628.5,1.0,27.644585843,15.805022157,206.0,102.0,104.0,100.9,35.1,65.8,2504.0,2278.0,225.0,810.9,723.3,87.6,5.933333333,1.6,eurostat,0.269662921
NLD,2010-01-01,8746.0,7352.0,1394.0,3123.2,2490.5,632.6,1.0,27.469260673,15.938714841,205.0,101.0,104.0,99.7,32.6,67.1,2526.0,2304.0,222.0,809.6,723.2,86.4,6.2,1.5,eurostat,0.241935484
NLD,2010-04-01,8778.0,7386.0,1393.0,3141.3,2511.1,630.2,1.0,27.527735422,15.869218501,203.0,101.0,102.0,97.1,33.9,63.2,2537.0,2317.0,220.0,805.6,719.0,86.7,6.133333333,1.5,eurostat,0.244565217
NLD,2010-07-01,8789.0,7403.0,1386.0,3178.8,2546.4,632.4,1.0,27.821490149,15.76971214,201.0,102.0,99.0,96.5,34.8,61.8,2549.0,2328.0,221.0,814.9,728.0,86.9,6.1,1.6,eurostat,0.262295082
NLD,2010-10-01,8802.0,7417.0,1386.0,3176.1,2548.8,627.3,1.0,27.756803524,15.746421268,200.0,103.0,98.0,96.8,34.9,61.9,2552.0,2333.0,219.0,833.5,744.2,89.3,5.933333333,1.6,eurostat,0.269662921
NLD,2011-01-01,8820.0,7426.0,1394.0,3168.6,2529.9,638.6,1.0,27.634746206,15.804988662,199.0,101.0,98.0,95.1,33.5,61.6,2548.0,2331.0,218.0,814.9,729.2,85.7,5.8,1.7,eurostat,0.293103448
NLD,2011-04-01,8849.0,7447.0,1402.0,3142.1,2508.9,633.2,1.0,27.313820771,15.843598147,200.0,101.0,99.0,96.3,34.0,62.3,2551.0,2332.0,219.0,805.2,716.4,88.8,5.766666667,1.7,eurostat,0.294797688
NLD,2011-07-01,8858.0,7444.0,1413.0,3192.0,2557.6,634.4,1.0,27.719401844,15.951682095,202.0,101.0,101.0,98.7,34.5,64.1,2556.0,2332.0,224.0,820.9,730.0,90.9,6.066666667,1.7,eurostat,0.28021978
NLD,2011-10-01,8855.0,7427.0,1427.0,3201.9,2552.4,649.5,1.0,27.814793902,16.115189159,200.0,99.0,101.0,96.0,34.0,62.1,2561.0,2331.0,230.0,826.5,734.0,92.5,6.5,1.5,eurostat,0.230769231
NLD,2012-01-01,8856.0,7420.0,1435.0,3178.9,2532.8,646.1,1.0,27.611875478,16.203703704,203.0,101.0,102.0,98.5,34.1,64.3,2561.0,2326.0,234.0,825.0,730.4,94.6,6.533333333,1.5,eurostat,0.229591837
NLD,2012-04-01,8843.0,7407.0,1436.0,3172.8,2524.9,647.9,1.0,27.599405005,16.238832975,201.0,100.0,101.0,98.9,33.9,65.0,2559.0,2324.0,235.0,820.0,725.8,94.2,6.733333333,1.4,eurostat,0.207920792
NLD,2012-07-01,8815.0,7383.0,1432.0,3144.1,2509.3,634.8,1.0,27.436624635,16.245036869,194.0,100.0,95.0,92.4,33.9,58.5,2556.0,2322.0,234.0,816.1,721.5,94.6,6.833333333,1.3,eurostat,0.190243902
NLD,2012-10-01,8783.0,7356.0,1428.0,3128.4,2479.2,649.1,1.0,27.399083895,16.258681544,191.0,100.0,92.0,90.7,33.4,57.2,2553.0,2318.0,235.0,814.2,718.7,95.5,7.2,1.3,eurostat,0.180555556
NLD,2013-01-01,8744.0,7317.0,1427.0,3121.3,2494.5,626.8,1.0,27.458828911,16.319762123,191.0,99.0,92.0,95.3,34.1,61.2,2548.0,2311.0,238.0,811.6,720.4,91.2,7.7,1.2,eurostat,0.155844156
NLD,2013-04-01,8724.0,7285.0,1439.0,3146.3,2505.1,641.2,1.0,27.742214228,16.494727189,192.0,98.0,94.0,91.2,34.3,57.0,2543.0,2302.0,241.0,823.6,725.0,98.6,8.133333333,1.2,eurostat,0.147540984
NLD,2013-07-01,8714.0,7259.0,1455.0,3137.0,2474.3,662.8,1.0,27.691954591,16.697268763,195.0,99.0,96.0,96.2,34.2,62.0,2534.0,2290.0,244.0,817.1,715.2,101.9,8.5,1.2,eurostat,0.141176471
NLD,2013-10-01,8705.0,7243.0,1462.0,3140.2,2480.7,659.5,1.0,27.748862281,16.794945434,196.0,101.0,95.0,96.9,35.0,61.9,2523.0,2280.0,243.0,815.4,716.0,99.4,8.466666667,1.2,eurostat,0.141732283
NLD,2014-01-01,8690.0,7221.0,1469.0,3149.7,2493.6,656.1,1.0,27.880853324,16.904487917,191.0,98.0,93.0,91.4,34.4,57.0,2511.0,2269.0,242.0,819.5,718.7,100.8,8.666666667,1.4,eurostat,0.161538462
NLD,2014-04-01,8701.0,7228.0,1473.0,3114.2,2444.1,670.1,1.0,27.531760275,16.929088611,193.0,99.0,94.0,95.8,34.2,61.7,2503.0,2260.0,242.0,804.8,702.7,102.1,8.466666667,1.4,eurostat,0.165354331
NLD,2014-07-01,8710.0,7237.0,1473.0,3164.9,2510.8,654.1,1.0,27.951073037,16.911595867,196.0,98.0,98.0,96.0,34.5,61.5,2492.0,2251.0,241.0,813.3,718.9,94.4,8.1,1.5,eurostat,0.185185185
NLD,2014-10-01,8722.0,7247.0,1475.0,3165.6,2484.7,680.8,1.0,27.91879068,16.911258886,197.0,96.0,101.0,99.7,33.4,66.3,2485.0,2245.0,240.0,807.5,709.0,98.6,8.133333333,1.5,eurostat,0.18442623
NLD,2015-01-01,8738.0,7261.0,1478.0,3153.8,2489.2,664.6,1.0,27.763790341,16.914625772,196.0,96.0,100.0,92.2,33.3,58.9,2480.0,2239.0,241.0,805.7,707.1,98.6,8.166666667,1.6,eurostat,0.195918367
NLD,2015-04-01,8762.0,7281.0,1481.0,3162.4,2483.8,678.6,1.0,27.763243376,16.902533668,194.0,95.0,99.0,93.5,33.2,60.2,2475.0,2231.0,244.0,798.7,699.8,98.9,8.0,1.7,eurostat,0.2125
NLD,2015-07-01,8792.0,7305.0,1486.0,3191.1,2497.0,694.1,1.0,27.919612235,16.901728844,192.0,96.0,96.0,98.1,33.5,64.6,2473.0,2227.0,246.0,803.1,701.1,102.0,7.733333333,1.7,eurostat,0.219827586
NLD,2015-10-01,8825.0,7335.0,1490.0,3216.4,2524.8,691.6,1.0,28.035737633,16.883852691,194.0,98.0,96.0,95.4,34.2,61.2,2471.0,2222.0,249.0,809.4,706.9,102.5,7.733333333,1.8,eurostat,0.232758621
NLD,2016-01-01,8838.0,7346.0,1492.0,3225.8,2523.5,702.2,1.0,28.07631382,16.881647432,194.0,97.0,96.0,98.1,34.2,63.9,2464.0,2213.0,252.0,806.2,700.6,105.6,7.433333333,1.9,eurostat,0.255605381
NLD,2016-04-01,8885.0,7389.0,1496.0,3256.9,2560.1,696.8,1.0,28.197047747,16.837366348,195.0,97.0,97.0,98.2,34.5,63.7,2466.0,2214.0,252.0,811.7,708.5,103.2,7.233333333,2.0,eurostat,0.276497696
NLD,2016-07-01,8930.0,7428.0,1502.0,3237.2,2540.6,696.6,1.0,27.885261435,16.819708847,197.0,97.0,99.0,95.3,34.2,61.0,2470.0,2219.0,251.0,798.9,699.6,99.3,6.833333333,2.0,eurostat,0.292682927
NLD,2016-10-01,8977.0,7469.0,1508.0,3286.1,2575.1,711.0,1.0,28.158284848,16.798485017,198.0,98.0,99.0,99.0,35.0,64.0,2479.0,2226.0,254.0,812.8,706.0,106.7,6.533333333,2.1,eurostat,0.321428571
NLD,2017-01-01,9029.0,7517.0,1512.0,3292.3,2589.7,702.6,1.0,28.048936333,16.746040536,198.0,99.0,100.0,101.7,35.5,66.3,2490.0,2235.0,255.0,817.0,710.8,106.2,6.3,2.3,eurostat,0.365079365
NLD,2017-04-01,9085.0,7568.0,1516.0,3342.5,2619.0,723.5,1.0,28.301088015,16.68684645,198.0,99.0,99.0,99.4,35.8,63.6,2500.0,2245.0,255.0,820.4,713.5,106.9,6.066666667,2.5,eurostat,0.412087912
NLD,2017-07-01,9146.0,7623.0,1523.0,3353.3,2633.9,719.4,1.0,28.203165739,16.652088345,197.0,99.0,98.0,100.1,36.0,64.0,2512.0,2252.0,259.0,824.7,712.3,112.4,5.766666667,2.6,eurostat,0.450867052
NLD,2017-10-01,9207.0,7676.0,1531.0,3354.7,2636.7,718.0,1.0,28.028005447,16.628652113,198.0,100.0,98.0,98.0,36.1,61.9,2525.0,2262.0,263.0,820.5,708.8,111.7,5.433333333,2.7,eurostat,0.496932515
NLD,2018-01-01,9278.0,7741.0,1537.0,3386.5,2663.7,722.7,1.0,28.077171804,16.566070274,198.0,100.0,98.0,99.6,36.6,63.0,2534.0,2270.0,265.0,830.0,719.4,110.7,5.1,2.8,eurostat,0.549019608
NLD,2018-04-01,9337.0,7789.0,1548.0,3400.7,2682.1,718.6,1.0,28.016740676,16.579201028,199.0,101.0,98.0,100.6,37.2,63.4,2551.0,2283.0,268.0,834.6,720.7,113.9,4.9,3.0,eurostat,0.612244898
NLD,2018-07-01,9395.0,7839.0,1556.0,3447.4,2703.7,743.7,1.0,28.226143202,16.562001064,198.0,101.0,97.0,100.8,37.4,63.4,2567.0,2298.0,269.0,842.5,724.4,118.1,4.866666667,3.1,eurostat,0.636986301
NLD,2018-10-01,9451.0,7890.0,1561.0,3466.0,2729.5,736.5,1.0,28.210282998,16.516770712,197.0,102.0,95.0,101.4,37.5,63.9,2580.0,2312.0,268.0,847.6,733.6,114.0,4.633333333,3.1,eurostat,0.669064748
NLD,2019-01-01,9513.0,7944.0,1569.0,3496.8,2745.5,751.3,1.0,28.275477282,16.493219804,197.0,103.0,94.0,99.5,38.0,61.5,2601.0,2332.0,269.0,857.7,740.2,117.5,4.466666667,3.2,eurostat,0.71641791
NLD,2019-04-01,9553.0,7983.0,1571.0,3497.1,2740.2,756.9,1.0,28.159498828,16.445095781,198.0,102.0,96.0,102.8,37.9,64.9,2625.0,2355.0,270.0,862.1,742.2,119.9,4.333333333,3.2,eurostat,0.738461539
NLD,2019-07-01,9581.0,8009.0,1572.0,3502.9,2770.3,732.6,1.0,28.123770604,16.407473124,201.0,103.0,98.0,102.6,39.0,63.6,2643.0,2370.0,272.0,870.6,753.7,116.9,4.466666667,3.3,eurostat,0.73880597
NLD,2019-10-01,9613.0,8033.0,1579.0,3532.1,2766.6,765.5,1.0,28.263809425,16.425673567,202.0,103.0,99.0,104.7,38.3,66.4,2658.0,2383.0,275.0,870.4,751.2,119.2,4.433333333,3.3,eurostat,0.744360902
NLD,2020-01-01,9632.0,8046.0,1586.0,3355.8,2633.7,722.1,1.0,26.800089445,16.465946844,201.0,103.0,98.0,99.9,37.0,62.9,2677.0,2400.0,277.0,835.6,721.7,113.9,4.066666667,2.5,eurostat,0.614754098
NLD,2020-04-01,9417.0,7828.0,1589.0,3368.6,2713.2,655.4,1.0,27.516520858,16.873738983,201.0,105.0,97.0,99.6,40.7,58.9,2685.0,2406.0,279.0,895.8,791.4,104.4,4.833333333,2.4,eurostat,0.496551724
NLD,2020-07-01,9535.0,7943.0,1592.0,3370.1,2641.7,728.4,1.0,27.188092453,16.696381751,202.0,105.0,96.0,101.1,38.0,63.0,2708.0,2429.0,279.0,878.6,758.7,119.9,5.466666667,2.5,eurostat,0.457317073
NLD,2020-10-01,9533.0,7931.0,1602.0,3394.6,2685.2,709.4,1.0,27.391490289,16.804783384,204.0,105.0,98.0,100.7,39.5,61.2,2729.0,2448.0,281.0,886.9,771.5,115.3,5.066666667,2.6,eurostat,0.513157895
NLD,2021-01-01,9532.0,7909.0,1623.0,3481.5,2723.0,758.5,1.0,28.095645437,17.026856903,206.0,106.0,100.0,105.5,40.0,65.4,2741.0,2457.0,284.0,913.1,792.0,121.1,4.666666667,2.9,eurostat,0.621428571
NLD,2021-04-01,9636.0,7999.0,1637.0,3544.8,2789.3,755.5,1.0,28.297729668,16.98837692,204.0,106.0,98.0,105.5,39.9,65.6,2758.0,2471.0,287.0,915.2,793.8,121.4,4.366666667,3.7,eurostat,0.847328244
NLD,2021-07-01,9764.0,8127.0,1637.0,3457.0,2714.5,742.5,1.0,27.23505499,16.765669807,199.0,105.0,94.0,94.8,37.9,56.9,2777.0,2485.0,292.0,888.2,761.2,126.9,4.133333333,4.1,eurostat,0.991935484
NLD,2021-10-01,9815.0,8186.0,1629.0,3520.5,2784.6,735.9,1.0,27.591206552,16.597045339,197.0,107.0,90.0,91.9,39.2,52.7,2798.0,2502.0,296.0,906.5,779.9,126.6,3.8,4.4,eurostat,1.157894737
NLD,2022-01-01,9882.0,8259.0,1623.0,3585.5,2811.3,774.2,1.0,27.910108511,16.42380085,194.0,105.0,89.0,98.0,39.0,59.0,2812.0,2514.0,298.0,910.3,780.6,129.7,3.433333333,4.9,eurostat,1.427184466
NLD,2022-04-01,9962.0,8322.0,1640.0,3615.8,2836.0,779.8,1.0,27.919941933,16.462557719,195.0,104.0,91.0,91.9,38.7,53.1,2826.0,2524.0,302.0,918.9,784.3,134.6,3.3,5.0,eurostat,1.515151515
NLD,2022-07-01,10042.0,8368.0,1674.0,3691.6,2891.4,800.1,1.0,28.278154827,16.669986059,197.0,104.0,93.0,96.8,39.7,57.1,2840.0,2537.0,303.0,938.7,804.2,134.5,3.733333333,4.8,eurostat,1.285714286
NLD,2022-10-01,10108.0,8411.0,1697.0,3690.9,2893.6,797.2,1.0,28.088186052,16.788682232,197.0,103.0,94.0,100.6,39.1,61.5,2850.0,2549.0,301.0,926.5,800.5,126.0,3.6,4.7,eurostat,1.305555556
NLD,2023-01-01,10148.0,8443.0,1705.0,3676.4,2877.4,799.1,1.0,27.86756011,16.801340166,197.0,102.0,94.0,100.9,38.8,62.1,2865.0,2562.0,303.0,926.4,800.1,126.3,3.533333333,4.6,eurostat,1.301886793
NLD,2023-04-01,10171.0,8462.0,1710.0,3702.8,2900.4,802.5,1.0,28.004205017,16.812506145,195.0,102.0,93.0,97.8,39.0,58.8,2885.0,2576.0,309.0,937.6,807.5,130.1,3.466666667,4.5,eurostat,1.298076923
NLD,2023-07-01,10200.0,8485.0,1715.0,3720.5,2913.3,807.2,1.0,28.058069382,16.81372549,195.0,101.0,93.0,98.9,39.0,59.9,2908.0,2590.0,317.0,942.5,812.2,130.3,3.633333333,4.5,eurostat,1.23853211
NLD,2023-10-01,10233.0,8508.0,1725.0,3701.7,2896.1,805.6,1.0,27.826263446,16.85722662,196.0,102.0,94.0,99.5,38.7,60.8,2931.0,2605.0,326.0,945.5,809.5,136.0,3.566666667,4.4,eurostat,1.23364486
NLD,2024-01-01,10260.0,8521.0,1739.0,3744.9,2924.8,820.1,1.0,28.076923077,16.949317739,196.0,102.0,94.0,99.6,38.8,60.8,2948.0,2620.0,328.0,959.8,820.1,139.6,3.633333333,4.4,eurostat,1.211009174
NLD,2024-04-01,10275.0,8527.0,1748.0,3754.6,2929.3,825.4,1.0,28.108553247,17.01216545,195.0,101.0,94.0,102.4,38.8,63.6,2954.0,2632.0,322.0,959.8,824.0,135.8,3.633333333,4.3,eurostat,1.183486239
NLD,2024-07-01,10287.0,8537.0,1749.0,3739.7,2933.7,806.0,1.0,27.964346337,17.002041411,194.0,101.0,93.0,98.0,38.7,59.3,2963.0,2646.0,318.0,959.1,829.4,129.8,3.666666667,4.3,eurostat,1.172727273
NLD,2024-10-01,10323.0,8571.0,1752.0,3740.4,2936.9,803.5,1.0,27.872040775,16.97181052,194.0,102.0,92.0,96.1,39.1,57.0,2979.0,2660.0,319.0,962.4,833.9,128.5,3.7,4.3,eurostat,1.162162162
NLD,2025-01-01,10348.0,8607.0,1742.0,3741.1,2939.7,801.4,1.0,27.809907526,16.834170854,187.0,103.0,84.0,94.8,39.4,55.4,2988.0,2675.0,313.0,958.0,835.4,122.7,3.833333333,4.2,eurostat,1.095652174
NLD,2025-04-01,10361.0,8653.0,1708.0,3741.6,2958.7,782.9,1.0,27.778726437,16.48489528,192.0,104.0,88.0,98.2,39.9,58.3,3001.0,2696.0,305.0,963.9,842.2,121.7,3.8,4.1,eurostat,1.078947368
NLD,2025-07-01,10377.0,8681.0,1696.0,3749.7,2975.3,774.5,1.0,27.795939244,16.343837333,204.0,104.0,100.0,103.7,40.2,63.5,3014.0,2712.0,301.0,973.5,850.9,122.6,3.9,4.1,eurostat,1.051282051
NLD,2025-10-01,10351.0,8696.0,1654.0,3740.1,2976.0,764.1,1.0,27.794415998,15.979132451,201.0,104.0,97.0,103.8,40.2,63.6,3019.0,2726.0,293.0,973.7,853.0,120.7,4.0,4.0,eurostat,1.0
NLD,2026-01-01,10364.0,8726.0,1639.0,3727.4,2975.2,752.2,1.0,27.665291096,15.814357391,201.0,104.0,97.0,99.5,40.2,59.3,3031.0,2741.0,290.0,969.0,856.3,112.7,,,,
NLD,2026-04-01,10350.0,8722.0,1628.0,3712.4,2962.6,749.8,1.0,27.591230026,15.729468599,199.0,104.0,96.0,100.6,40.0,60.6,3042.0,2753.0,290.0,978.2,858.4,119.7,,,,
NOR,1995-01-01,2100.0,1918.0,182.0,776.0,689.0,87.0,1.0,28.424908425,8.666666667,109.0,31.0,79.0,54.0,11.0,43.0,715.0,699.0,16.0,237.0,229.0,8.0,,,,
NOR,1995-04-01,2100.0,1915.0,185.0,779.0,691.0,88.0,1.0,28.534798535,8.80952381,109.0,30.0,78.0,54.0,11.0,43.0,713.0,696.0,17.0,238.0,230.0,8.0,,,,
NOR,1995-07-01,2118.0,1935.0,183.0,781.0,694.0,87.0,1.0,28.364930631,8.640226629,111.0,29.0,81.0,54.0,11.0,43.0,718.0,704.0,14.0,238.0,231.0,7.0,,,,
NOR,1995-10-01,2129.0,1955.0,175.0,783.0,698.0,85.0,1.0,28.290638436,8.219821512,104.0,30.0,74.0,54.0,11.0,43.0,723.0,707.0,16.0,239.0,231.0,8.0,,,,
NOR,1996-01-01,2139.0,1952.0,187.0,788.0,704.0,85.0,1.0,28.338188226,8.742402992,113.0,31.0,82.0,53.0,11.0,42.0,727.0,709.0,18.0,241.0,234.0,8.0,,,,
NOR,1996-04-01,2150.0,1974.0,176.0,792.0,706.0,86.0,1.0,28.336314848,8.186046512,109.0,31.0,78.0,53.0,11.0,42.0,731.0,715.0,16.0,242.0,235.0,8.0,,,,
NOR,1996-07-01,2159.0,1985.0,174.0,795.0,712.0,83.0,1.0,28.325079275,8.059286707,103.0,30.0,73.0,53.0,11.0,42.0,732.0,717.0,15.0,242.0,235.0,7.0,,,,
NOR,1996-10-01,2173.0,2007.0,166.0,797.0,715.0,82.0,1.0,28.213388085,7.639208468,100.0,31.0,70.0,52.0,11.0,41.0,734.0,721.0,13.0,243.0,236.0,7.0,,,,
NOR,1997-01-01,2196.0,2026.0,170.0,809.0,724.0,85.0,1.0,28.338237355,7.741347905,104.0,31.0,73.0,52.0,11.0,41.0,737.0,724.0,13.0,243.0,236.0,7.0,,,,
NOR,1997-04-01,2216.0,2041.0,175.0,813.0,731.0,82.0,1.0,28.221327409,7.897111913,105.0,29.0,76.0,52.0,11.0,41.0,741.0,727.0,14.0,244.0,237.0,7.0,,,,
NOR,1997-07-01,2225.0,2050.0,175.0,816.0,734.0,83.0,1.0,28.210890233,7.865168539,104.0,29.0,75.0,52.0,11.0,41.0,743.0,726.0,16.0,244.0,237.0,7.0,,,,
NOR,1997-10-01,2243.0,2067.0,176.0,818.0,735.0,83.0,1.0,28.05308824,7.846633972,104.0,29.0,75.0,51.0,11.0,41.0,750.0,733.0,17.0,245.0,238.0,7.0,,,,
NOR,1998-01-01,2262.0,2086.0,176.0,831.0,745.0,86.0,1.0,28.25953887,7.780725022,103.0,29.0,74.0,51.0,11.0,41.0,753.0,737.0,16.0,247.0,239.0,8.0,,,,
NOR,1998-04-01,2273.0,2096.0,176.0,834.0,751.0,83.0,1.0,28.224305391,7.743070832,102.0,29.0,73.0,51.0,11.0,40.0,753.0,737.0,16.0,248.0,240.0,8.0,,,,
NOR,1998-07-01,2287.0,2110.0,176.0,836.0,753.0,83.0,1.0,28.11879856,7.695671185,103.0,29.0,74.0,51.0,10.0,40.0,756.0,741.0,15.0,248.0,240.0,8.0,,,,
NOR,1998-10-01,2293.0,2116.0,177.0,837.0,754.0,83.0,1.0,28.078768157,7.719145225,100.0,29.0,71.0,50.0,10.0,40.0,760.0,743.0,17.0,248.0,240.0,8.0,,,,
NOR,1999-01-01,2295.0,2124.0,170.0,840.0,757.0,82.0,1.0,28.154851684,7.407407407,99.0,29.0,69.0,49.0,11.0,39.0,764.0,748.0,16.0,251.0,243.0,7.0,,,,
NOR,1999-04-01,2296.0,2129.0,167.0,842.0,762.0,80.0,1.0,28.209595283,7.273519164,97.0,30.0,68.0,49.0,11.0,38.0,766.0,751.0,15.0,252.0,245.0,7.0,,,,
NOR,1999-07-01,2299.0,2126.0,173.0,842.0,761.0,81.0,1.0,28.172784154,7.525010874,100.0,29.0,71.0,49.0,11.0,38.0,771.0,756.0,15.0,251.0,244.0,7.0,,,,
NOR,1999-10-01,2311.0,2138.0,173.0,842.0,762.0,80.0,1.0,28.026495357,7.485936824,99.0,29.0,70.0,48.0,11.0,38.0,775.0,760.0,15.0,251.0,244.0,7.0,,,,
NOR,2000-01-01,2305.0,2132.0,172.0,836.0,758.0,78.0,1.0,27.899215752,7.462039046,97.0,29.0,69.0,48.0,11.0,37.0,767.0,751.0,15.0,249.0,242.0,7.0,,,,
NOR,2000-04-01,2317.0,2150.0,166.0,839.0,760.0,79.0,1.0,27.854320906,7.164436772,97.0,29.0,68.0,48.0,10.0,37.0,771.0,756.0,16.0,251.0,243.0,7.0,,,,
NOR,2000-07-01,2319.0,2155.0,164.0,837.0,758.0,79.0,1.0,27.763956613,7.072013799,95.0,29.0,66.0,47.0,10.0,37.0,777.0,762.0,15.0,249.0,242.0,7.0,,,,
NOR,2000-10-01,2315.0,2148.0,167.0,836.0,757.0,78.0,1.0,27.778700781,7.213822894,95.0,28.0,67.0,47.0,10.0,36.0,779.0,763.0,15.0,249.0,241.0,7.0,,,,
NOR,2001-01-01,2313.0,2147.0,166.0,824.0,748.0,76.0,1.0,27.403638299,7.176826632,93.0,28.0,65.0,45.0,10.0,35.0,784.0,768.0,17.0,249.0,242.0,7.0,,,,
NOR,2001-04-01,2314.0,2149.0,165.0,825.0,749.0,76.0,1.0,27.425038229,7.130509939,90.0,26.0,64.0,45.0,9.0,35.0,786.0,770.0,16.0,251.0,244.0,7.0,,,,
NOR,2001-07-01,2311.0,2144.0,166.0,822.0,746.0,76.0,1.0,27.360782878,7.183037646,90.0,26.0,64.0,44.0,9.0,35.0,790.0,775.0,15.0,249.0,242.0,7.0,,,,
NOR,2001-10-01,2323.0,2161.0,162.0,821.0,745.0,76.0,1.0,27.186330673,6.973740852,89.0,25.0,64.0,44.0,9.0,34.0,799.0,783.0,16.0,249.0,241.0,7.0,,,,
NOR,2002-01-01,2325.0,2161.0,164.0,813.0,737.0,76.0,1.0,26.898263027,7.053763441,88.0,25.0,63.0,43.0,9.0,34.0,792.0,775.0,17.0,246.0,239.0,7.0,,,,
NOR,2002-04-01,2322.0,2156.0,167.0,814.0,738.0,76.0,1.0,26.966143245,7.192075797,87.0,24.0,62.0,43.0,9.0,34.0,793.0,777.0,15.0,249.0,242.0,7.0,,,,
NOR,2002-07-01,2316.0,2152.0,165.0,820.0,745.0,75.0,1.0,27.235286303,7.124352332,87.0,25.0,62.0,42.0,9.0,33.0,795.0,778.0,17.0,256.0,248.0,7.0,,,,
NOR,2002-10-01,2303.0,2143.0,160.0,817.0,741.0,76.0,1.0,27.288820602,6.947459835,84.0,25.0,59.0,42.0,9.0,33.0,790.0,774.0,16.0,253.0,245.0,8.0,,,,
NOR,2003-01-01,2290.0,2127.0,163.0,793.0,719.0,75.0,1.0,26.637554585,7.11790393,83.0,24.0,59.0,41.0,8.0,32.0,796.0,779.0,17.0,245.0,237.0,8.0,,,,
NOR,2003-04-01,2279.0,2116.0,164.0,796.0,722.0,74.0,1.0,26.86738448,7.196138657,81.0,23.0,58.0,40.0,8.0,32.0,794.0,776.0,17.0,248.0,240.0,8.0,,,,
NOR,2003-07-01,2281.0,2119.0,162.0,801.0,727.0,74.0,1.0,27.012443935,7.102148181,81.0,23.0,58.0,40.0,8.0,32.0,793.0,776.0,18.0,253.0,245.0,8.0,,,,
NOR,2003-10-01,2281.0,2114.0,167.0,799.0,724.0,75.0,1.0,26.944997134,7.321350285,80.0,23.0,58.0,39.0,8.0,31.0,794.0,776.0,18.0,251.0,243.0,8.0,,,,
NOR,2004-01-01,2280.0,2115.0,165.0,807.0,731.0,75.0,1.0,27.226720648,7.236842105,79.0,23.0,57.0,39.0,8.0,31.0,800.0,782.0,18.0,253.0,245.0,8.0,,,,
NOR,2004-04-01,2292.0,2127.0,165.0,810.0,735.0,74.0,1.0,27.184857028,7.19895288,78.0,22.0,56.0,39.0,8.0,31.0,806.0,788.0,18.0,257.0,248.0,9.0,,,,
NOR,2004-07-01,2293.0,2128.0,165.0,814.0,740.0,75.0,1.0,27.307189104,7.195813345,77.0,22.0,55.0,38.0,8.0,30.0,805.0,787.0,19.0,260.0,251.0,9.0,,,,
NOR,2004-10-01,2293.0,2130.0,163.0,816.0,742.0,75.0,1.0,27.374282935,7.108591365,76.0,21.0,54.0,38.0,8.0,30.0,807.0,787.0,19.0,259.0,251.0,9.0,,,,
NOR,2005-01-01,2304.0,2143.0,161.0,818.0,744.0,74.0,1.0,27.310363248,6.987847222,75.0,22.0,53.0,37.0,8.0,29.0,804.0,784.0,20.0,258.0,248.0,9.0,,,,
NOR,2005-04-01,2312.0,2153.0,160.0,822.0,749.0,73.0,1.0,27.348948629,6.920415225,74.0,22.0,52.0,36.0,8.0,28.0,807.0,788.0,19.0,260.0,251.0,9.0,,,,
NOR,2005-07-01,2324.0,2161.0,163.0,826.0,752.0,74.0,1.0,27.34012975,7.013769363,72.0,22.0,51.0,36.0,8.0,28.0,810.0,789.0,20.0,262.0,252.0,10.0,,,,
NOR,2005-10-01,2331.0,2166.0,165.0,829.0,755.0,73.0,1.0,27.357027357,7.078507079,73.0,22.0,51.0,35.0,8.0,28.0,809.0,789.0,20.0,263.0,253.0,10.0,,,,
NOR,2006-01-01,2363.0,2203.0,161.0,843.0,769.0,74.0,1.0,27.442299554,6.813372831,73.0,23.0,50.0,36.0,8.0,28.0,819.0,800.0,19.0,264.0,255.0,10.0,,,,
NOR,2006-04-01,2388.0,2226.0,162.0,846.0,771.0,75.0,1.0,27.25164283,6.783919598,72.0,23.0,50.0,35.0,8.0,27.0,827.0,807.0,20.0,266.0,256.0,10.0,,,,
NOR,2006-07-01,2407.0,2242.0,165.0,851.0,777.0,74.0,1.0,27.19631843,6.855006232,69.0,22.0,48.0,34.0,8.0,27.0,835.0,813.0,22.0,268.0,258.0,10.0,,,,
NOR,2006-10-01,2416.0,2249.0,167.0,854.0,780.0,74.0,1.0,27.190524707,6.912251656,70.0,22.0,49.0,34.0,8.0,27.0,835.0,813.0,22.0,269.0,259.0,10.0,,,,
NOR,2007-01-01,2442.0,2280.0,162.0,884.0,808.0,76.0,1.0,27.846027846,6.633906634,70.0,22.0,48.0,35.0,8.0,27.0,835.0,813.0,22.0,275.0,265.0,10.0,,,,
NOR,2007-04-01,2477.0,2314.0,164.0,886.0,811.0,75.0,1.0,27.514673457,6.620912394,69.0,22.0,47.0,34.0,8.0,26.0,845.0,822.0,23.0,276.0,266.0,10.0,,,,
NOR,2007-07-01,2508.0,2347.0,161.0,891.0,817.0,74.0,1.0,27.327935223,6.419457735,67.0,23.0,45.0,33.0,8.0,25.0,853.0,831.0,22.0,279.0,268.0,11.0,,,,
NOR,2007-10-01,2526.0,2367.0,159.0,894.0,820.0,74.0,1.0,27.224556916,6.294536817,69.0,23.0,46.0,33.0,8.0,25.0,857.0,836.0,20.0,280.0,269.0,11.0,,,,
NOR,2008-01-01,2551.0,2391.0,160.0,909.0,834.0,75.0,1.0,27.410065434,6.272050176,67.0,22.0,44.0,32.0,8.0,25.0,863.0,842.0,21.0,283.0,273.0,10.0,,,,
NOR,2008-04-01,2582.0,2421.0,161.0,924.0,849.0,75.0,1.0,27.527855568,6.235476375,67.0,23.0,45.0,33.0,8.0,25.0,877.0,856.0,21.0,288.0,277.0,11.0,,,,
NOR,2008-07-01,2568.0,2407.0,162.0,924.0,847.0,76.0,1.0,27.677929547,6.308411215,68.0,23.0,45.0,33.0,8.0,25.0,865.0,845.0,21.0,286.0,276.0,11.0,,,,
NOR,2008-10-01,2572.0,2411.0,161.0,924.0,848.0,76.0,1.0,27.634884556,6.259720062,66.0,23.0,43.0,32.0,8.0,24.0,871.0,850.0,21.0,289.0,279.0,11.0,,,,
NOR,2009-01-01,2567.0,2407.0,160.0,900.0,828.0,72.0,1.0,26.969524437,6.232956759,64.0,22.0,42.0,30.0,8.0,23.0,891.0,869.0,22.0,289.0,278.0,11.0,,,,
NOR,2009-04-01,2545.0,2386.0,159.0,901.0,828.0,73.0,1.0,27.232884993,6.247544204,65.0,23.0,42.0,31.0,8.0,23.0,879.0,858.0,22.0,292.0,281.0,11.0,,,,
NOR,2009-07-01,2554.0,2394.0,160.0,903.0,831.0,73.0,1.0,27.197156798,6.26468285,66.0,23.0,43.0,31.0,8.0,23.0,890.0,868.0,22.0,296.0,285.0,11.0,,,,
NOR,2009-10-01,2568.0,2409.0,159.0,909.0,836.0,73.0,1.0,27.228612509,6.191588785,65.0,23.0,42.0,31.0,8.0,23.0,901.0,878.0,22.0,300.0,288.0,11.0,,,,
NOR,2010-01-01,2550.0,2393.0,157.0,906.0,833.0,73.0,1.0,27.330316742,6.156862745,66.0,25.0,41.0,31.0,9.0,23.0,899.0,877.0,23.0,300.0,290.0,11.0,4.033333333,2.3,eurostat,0.570247934
NOR,2010-04-01,2545.0,2392.0,153.0,905.0,833.0,72.0,1.0,27.353785703,6.011787819,66.0,25.0,41.0,31.0,9.0,22.0,900.0,878.0,22.0,299.0,288.0,11.0,4.033333333,2.4,eurostat,0.595041322
NOR,2010-07-01,2559.0,2406.0,153.0,905.0,833.0,72.0,1.0,27.204136231,5.978898007,66.0,26.0,40.0,31.0,9.0,22.0,904.0,882.0,22.0,296.0,286.0,11.0,3.833333333,2.6,eurostat,0.67826087
NOR,2010-10-01,2566.0,2414.0,152.0,909.0,838.0,71.0,1.0,27.249835122,5.923616524,65.0,26.0,39.0,30.0,9.0,22.0,908.0,886.0,23.0,299.0,288.0,11.0,3.9,2.5,eurostat,0.641025641
NOR,2011-01-01,2581.0,2428.0,154.0,913.0,842.0,71.0,1.0,27.210681608,5.966679582,65.0,26.0,39.0,30.0,9.0,21.0,919.0,897.0,23.0,303.0,292.0,12.0,3.366666667,2.6,eurostat,0.772277228
NOR,2011-04-01,2586.0,2433.0,153.0,918.0,847.0,71.0,1.0,27.306799929,5.916473318,67.0,27.0,40.0,30.0,9.0,21.0,923.0,900.0,23.0,306.0,294.0,12.0,3.6,2.8,eurostat,0.777777778
NOR,2011-07-01,2596.0,2442.0,154.0,927.0,856.0,71.0,1.0,27.468294417,5.93220339,67.0,27.0,40.0,30.0,9.0,21.0,924.0,901.0,23.0,309.0,298.0,11.0,3.566666667,2.7,eurostat,0.757009346
NOR,2011-10-01,2606.0,2458.0,148.0,931.0,859.0,72.0,1.0,27.480961096,5.679201842,65.0,27.0,38.0,30.0,9.0,21.0,926.0,906.0,20.0,309.0,298.0,11.0,3.666666667,2.7,eurostat,0.736363636
NOR,2012-01-01,2635.0,2484.0,151.0,935.0,865.0,70.0,1.0,27.29528536,5.730550285,66.0,27.0,40.0,30.0,9.0,21.0,932.0,912.0,20.0,307.0,297.0,10.0,3.366666667,2.6,eurostat,0.772277228
NOR,2012-04-01,2646.0,2495.0,152.0,936.0,866.0,70.0,1.0,27.210884354,5.74452003,66.0,27.0,39.0,30.0,9.0,21.0,940.0,918.0,22.0,309.0,298.0,11.0,3.4,2.5,eurostat,0.735294118
NOR,2012-07-01,2646.0,2493.0,153.0,940.0,869.0,70.0,1.0,27.327170184,5.782312925,65.0,27.0,39.0,30.0,9.0,21.0,940.0,918.0,22.0,311.0,300.0,11.0,3.366666667,2.4,eurostat,0.712871287
NOR,2012-10-01,2650.0,2497.0,152.0,942.0,869.0,73.0,1.0,27.343976778,5.735849057,64.0,26.0,38.0,29.0,9.0,20.0,936.0,914.0,22.0,312.0,300.0,12.0,3.733333333,2.5,eurostat,0.669642857
NOR,2013-01-01,2670.0,2521.0,149.0,929.0,858.0,71.0,1.0,26.764621147,5.580524345,66.0,27.0,39.0,30.0,9.0,21.0,945.0,923.0,22.0,305.0,294.0,11.0,3.833333333,2.5,eurostat,0.652173913
NOR,2013-04-01,2671.0,2523.0,148.0,942.0,873.0,69.0,1.0,27.128992311,5.540995882,64.0,27.0,38.0,29.0,9.0,20.0,948.0,926.0,22.0,312.0,301.0,11.0,3.933333333,2.5,eurostat,0.63559322
NOR,2013-07-01,2675.0,2528.0,147.0,949.0,882.0,67.0,1.0,27.289719626,5.495327103,64.0,27.0,37.0,29.0,9.0,20.0,953.0,931.0,22.0,315.0,305.0,11.0,3.933333333,2.3,eurostat,0.584745763
NOR,2013-10-01,2685.0,2541.0,144.0,948.0,877.0,71.0,1.0,27.159432746,5.363128492,63.0,27.0,36.0,28.0,9.0,20.0,955.0,934.0,21.0,315.0,304.0,11.0,4.0,2.1,eurostat,0.525
NOR,2014-01-01,2703.0,2556.0,147.0,948.0,876.0,71.0,1.0,26.978570819,5.438401776,64.0,27.0,37.0,30.0,9.0,20.0,963.0,941.0,22.0,314.0,303.0,12.0,3.666666667,2.2,eurostat,0.6
NOR,2014-04-01,2697.0,2552.0,144.0,950.0,884.0,66.0,1.0,27.095633325,5.339265851,64.0,28.0,37.0,29.0,9.0,20.0,962.0,940.0,22.0,317.0,306.0,11.0,3.5,2.2,eurostat,0.628571429
NOR,2014-07-01,2698.0,2555.0,143.0,953.0,889.0,64.0,1.0,27.171123909,5.300222387,64.0,28.0,36.0,29.0,9.0,19.0,964.0,942.0,22.0,317.0,306.0,10.0,3.933333333,2.1,eurostat,0.533898305
NOR,2014-10-01,2707.0,2565.0,141.0,959.0,884.0,74.0,1.0,27.25128584,5.208718138,63.0,28.0,35.0,28.0,9.0,19.0,964.0,942.0,22.0,321.0,309.0,12.0,3.966666667,2.2,eurostat,0.554621849
NOR,2015-01-01,2711.0,2566.0,145.0,960.0,889.0,71.0,1.0,27.239451806,5.34857986,66.0,28.0,37.0,31.0,9.0,22.0,970.0,948.0,22.0,321.0,310.0,11.0,4.5,2.1,eurostat,0.466666667
NOR,2015-04-01,2711.0,2567.0,144.0,959.0,889.0,70.0,1.0,27.211077377,5.311693102,63.0,28.0,35.0,30.0,9.0,21.0,974.0,951.0,22.0,322.0,311.0,11.0,4.566666667,2.1,eurostat,0.459854015
NOR,2015-07-01,2712.0,2569.0,143.0,956.0,888.0,68.0,1.0,27.115951895,5.272861357,63.0,28.0,35.0,28.0,10.0,19.0,980.0,957.0,23.0,324.0,313.0,11.0,4.733333333,1.9,eurostat,0.401408451
NOR,2015-10-01,2714.0,2570.0,143.0,950.0,883.0,67.0,1.0,26.92591123,5.268975682,64.0,29.0,35.0,28.0,10.0,18.0,983.0,960.0,23.0,322.0,311.0,11.0,4.9,1.8,eurostat,0.367346939
NOR,2016-01-01,2713.0,2570.0,143.0,954.0,886.0,68.0,1.0,27.04925005,5.270917803,64.0,29.0,36.0,29.0,10.0,19.0,986.0,963.0,23.0,327.0,315.0,12.0,5.1,1.9,eurostat,0.37254902
NOR,2016-04-01,2718.0,2574.0,144.0,948.0,880.0,68.0,1.0,26.829682459,5.298013245,65.0,29.0,36.0,29.0,10.0,19.0,989.0,966.0,23.0,325.0,313.0,11.0,4.933333333,1.8,eurostat,0.364864865
NOR,2016-07-01,2721.0,2578.0,142.0,958.0,891.0,67.0,1.0,27.082803268,5.218669607,64.0,30.0,35.0,29.0,10.0,19.0,994.0,971.0,23.0,331.0,319.0,12.0,4.9,2.0,eurostat,0.408163265
NOR,2016-10-01,2727.0,2586.0,142.0,957.0,890.0,68.0,1.0,26.995007193,5.207187385,65.0,30.0,34.0,29.0,10.0,19.0,996.0,972.0,24.0,329.0,317.0,12.0,4.666666667,2.0,eurostat,0.428571429
NOR,2017-01-01,2738.0,2595.0,143.0,965.0,897.0,68.0,1.0,27.111310895,5.222790358,66.0,30.0,35.0,29.0,10.0,19.0,999.0,975.0,24.0,333.0,321.0,12.0,4.433333333,2.0,eurostat,0.45112782
NOR,2017-04-01,2745.0,2606.0,140.0,965.0,898.0,67.0,1.0,27.042174583,5.100182149,65.0,31.0,34.0,29.0,10.0,19.0,1003.0,980.0,23.0,333.0,321.0,12.0,4.6,2.1,eurostat,0.456521739
NOR,2017-07-01,2755.0,2616.0,139.0,966.0,898.0,67.0,1.0,26.971939132,5.045372051,65.0,31.0,34.0,29.0,10.0,19.0,1004.0,980.0,23.0,333.0,321.0,12.0,4.166666667,2.1,eurostat,0.504
NOR,2017-10-01,2768.0,2630.0,138.0,971.0,903.0,67.0,1.0,26.984215207,4.985549133,65.0,31.0,33.0,30.0,10.0,20.0,1009.0,986.0,23.0,334.0,323.0,12.0,4.2,2.3,eurostat,0.547619048
NOR,2018-01-01,2780.0,2642.0,138.0,969.0,904.0,66.0,1.0,26.812396237,4.964028777,67.0,32.0,35.0,30.0,10.0,19.0,1008.0,985.0,23.0,333.0,321.0,11.0,4.066666667,2.3,eurostat,0.56557377
NOR,2018-04-01,2789.0,2652.0,137.0,990.0,924.0,66.0,1.0,27.305072124,4.912154894,66.0,32.0,34.0,29.0,10.0,18.0,1009.0,986.0,23.0,340.0,329.0,12.0,4.0,2.4,eurostat,0.6
NOR,2018-07-01,2801.0,2666.0,135.0,987.0,921.0,66.0,1.0,27.105704007,4.819707247,64.0,32.0,32.0,29.0,10.0,19.0,1012.0,988.0,23.0,339.0,328.0,12.0,4.133333333,2.5,eurostat,0.60483871
NOR,2018-10-01,2817.0,2682.0,135.0,991.0,925.0,65.0,1.0,27.060975943,4.792332268,64.0,32.0,32.0,29.0,11.0,19.0,1015.0,991.0,24.0,340.0,328.0,12.0,3.866666667,2.3,eurostat,0.594827586
NOR,2019-01-01,2825.0,2693.0,132.0,992.0,928.0,64.0,1.0,27.011572498,4.672566372,63.0,32.0,31.0,28.0,11.0,18.0,1019.0,996.0,23.0,340.0,329.0,12.0,3.966666667,2.4,eurostat,0.605042017
NOR,2019-04-01,2838.0,2704.0,134.0,995.0,930.0,65.0,1.0,26.969154876,4.721634954,65.0,33.0,33.0,29.0,11.0,18.0,1021.0,998.0,23.0,340.0,328.0,12.0,3.5,2.6,eurostat,0.742857143
NOR,2019-07-01,2848.0,2713.0,135.0,1002.0,936.0,65.0,1.0,27.063526361,4.740168539,67.0,33.0,34.0,29.0,11.0,19.0,1022.0,998.0,23.0,342.0,330.0,12.0,3.9,2.4,eurostat,0.615384615
NOR,2019-10-01,2854.0,2720.0,134.0,1010.0,944.0,65.0,1.0,27.22225217,4.695164681,67.0,33.0,33.0,29.0,11.0,19.0,1024.0,1000.0,23.0,345.0,334.0,12.0,4.166666667,2.4,eurostat,0.576
NOR,2020-01-01,2850.0,2715.0,135.0,996.0,930.0,66.0,1.0,26.882591093,4.736842105,66.0,33.0,32.0,29.0,11.0,19.0,1022.0,999.0,23.0,340.0,328.0,11.0,3.7,2.3,eurostat,0.621621622
NOR,2020-04-01,2770.0,2643.0,127.0,951.0,891.0,61.0,1.0,26.409330741,4.584837545,65.0,33.0,32.0,29.0,11.0,18.0,1014.0,991.0,22.0,333.0,322.0,11.0,4.666666667,1.9,eurostat,0.407142857
NOR,2020-07-01,2771.0,2642.0,129.0,962.0,901.0,61.0,1.0,26.705160592,4.655359076,67.0,33.0,34.0,29.0,11.0,18.0,1021.0,998.0,23.0,341.0,330.0,11.0,5.433333333,2.3,eurostat,0.423312883
NOR,2020-10-01,2805.0,2675.0,130.0,973.0,912.0,61.0,1.0,26.683120801,4.634581105,66.0,33.0,33.0,29.0,11.0,18.0,1034.0,1010.0,23.0,343.0,332.0,11.0,5.2,2.3,eurostat,0.442307692
NOR,2021-01-01,2790.0,2661.0,128.0,974.0,912.0,62.0,1.0,26.854149435,4.58781362,65.0,33.0,32.0,29.0,11.0,18.0,1036.0,1013.0,22.0,345.0,335.0,11.0,4.933333333,2.4,eurostat,0.486486487
NOR,2021-04-01,2787.0,2660.0,127.0,980.0,918.0,62.0,1.0,27.048659987,4.556871188,65.0,33.0,32.0,28.0,11.0,17.0,1041.0,1018.0,23.0,349.0,338.0,11.0,5.0,3.2,eurostat,0.64
NOR,2021-07-01,2850.0,2718.0,132.0,1002.0,937.0,64.0,1.0,27.044534413,4.631578947,67.0,34.0,33.0,29.0,11.0,18.0,1048.0,1025.0,23.0,351.0,340.0,11.0,4.2,3.2,eurostat,0.761904762
NOR,2021-10-01,2892.0,2758.0,133.0,1016.0,952.0,64.0,1.0,27.024151505,4.598893499,67.0,34.0,33.0,29.0,11.0,17.0,1050.0,1026.0,23.0,352.0,341.0,12.0,3.633333333,3.2,eurostat,0.880733945
NOR,2022-01-01,2909.0,2781.0,129.0,1015.0,952.0,63.0,1.0,26.839781051,4.434513579,67.0,35.0,32.0,29.0,12.0,18.0,1053.0,1030.0,23.0,351.0,339.0,12.0,3.233333333,3.2,eurostat,0.989690722
NOR,2022-04-01,2931.0,2800.0,132.0,1026.0,961.0,65.0,1.0,26.927013621,4.503582395,68.0,35.0,33.0,30.0,11.0,19.0,1053.0,1030.0,23.0,353.0,342.0,12.0,3.166666667,3.5,eurostat,1.105263158
NOR,2022-07-01,2948.0,2817.0,132.0,1031.0,967.0,65.0,1.0,26.902202275,4.47761194,68.0,35.0,33.0,30.0,11.0,18.0,1057.0,1033.0,23.0,354.0,342.0,12.0,3.233333333,3.3,eurostat,1.020618557
NOR,2022-10-01,2961.0,2830.0,131.0,1034.0,969.0,65.0,1.0,26.862026862,4.42418102,69.0,35.0,33.0,29.0,12.0,18.0,1057.0,1033.0,24.0,354.0,342.0,12.0,3.3,3.9,eurostat,1.181818182
NOR,2023-01-01,2969.0,2839.0,131.0,1037.0,973.0,64.0,1.0,26.867373112,4.41226002,68.0,36.0,33.0,30.0,12.0,18.0,1060.0,1036.0,24.0,356.0,343.0,12.0,3.7,3.9,eurostat,1.054054054
NOR,2023-04-01,2970.0,2841.0,129.0,1036.0,973.0,63.0,1.0,26.832426832,4.343434343,68.0,36.0,32.0,29.0,12.0,18.0,1062.0,1038.0,24.0,356.0,344.0,12.0,3.266666667,3.7,eurostat,1.132653061
NOR,2023-07-01,2974.0,2846.0,129.0,1036.0,972.0,64.0,1.0,26.796337489,4.337592468,68.0,36.0,32.0,30.0,12.0,18.0,1065.0,1042.0,24.0,356.0,344.0,12.0,3.6,3.7,eurostat,1.027777778
NOR,2023-10-01,2980.0,2851.0,128.0,1038.0,975.0,63.0,1.0,26.794011358,4.295302013,68.0,36.0,32.0,30.0,12.0,18.0,1070.0,1046.0,24.0,359.0,347.0,12.0,3.8,3.5,eurostat,0.921052632
NOR,2024-01-01,2987.0,2857.0,130.0,1039.0,975.0,63.0,1.0,26.756972522,4.352192836,69.0,37.0,33.0,30.0,12.0,18.0,1073.0,1049.0,24.0,361.0,349.0,12.0,3.966666667,3.5,eurostat,0.882352941
NOR,2024-04-01,2989.0,2861.0,129.0,1034.0,972.0,62.0,1.0,26.61039195,4.315824691,69.0,37.0,32.0,29.0,12.0,17.0,1077.0,1053.0,24.0,360.0,348.0,12.0,4.033333333,3.2,eurostat,0.79338843
NOR,2024-07-01,2996.0,2867.0,129.0,1037.0,974.0,63.0,1.0,26.625243915,4.305740988,69.0,37.0,32.0,29.0,12.0,17.0,1079.0,1055.0,24.0,360.0,348.0,12.0,3.966666667,3.2,eurostat,0.806722689
NOR,2024-10-01,3001.0,2872.0,129.0,1042.0,979.0,63.0,1.0,26.709045703,4.298567144,69.0,37.0,32.0,29.0,12.0,17.0,1081.0,1057.0,24.0,362.0,349.0,12.0,4.066666667,2.9,eurostat,0.713114754
NOR,2025-01-01,3008.0,2879.0,129.0,1045.0,982.0,63.0,1.0,26.723608838,4.28856383,70.0,38.0,32.0,29.0,12.0,17.0,1084.0,1060.0,24.0,364.0,352.0,12.0,4.1,3.0,eurostat,0.731707317
NOR,2025-04-01,3012.0,2883.0,129.0,1047.0,984.0,63.0,1.0,26.739197058,4.282868526,70.0,38.0,32.0,29.0,12.0,17.0,1085.0,1061.0,24.0,364.0,352.0,12.0,4.766666667,2.8,eurostat,0.587412587
NOR,2025-07-01,3014.0,2885.0,130.0,1049.0,986.0,63.0,1.0,26.772497575,4.313205043,70.0,38.0,32.0,29.0,12.0,17.0,1086.0,1062.0,24.0,366.0,354.0,12.0,4.733333333,2.8,eurostat,0.591549296
NOR,2025-10-01,3019.0,2890.0,130.0,1047.0,984.0,63.0,1.0,26.677198257,4.30606161,70.0,38.0,32.0,30.0,12.0,17.0,1087.0,1063.0,24.0,366.0,354.0,12.0,4.433333333,2.7,eurostat,0.609022556
NOR,2026-01-01,3025.0,2895.0,130.0,1049.0,986.0,63.0,1.0,26.675143039,4.297520661,71.0,39.0,32.0,31.0,12.0,18.0,1089.0,1065.0,24.0,367.0,355.0,12.0,,,,
NZL,2009-01-01,2143.0825130370895,1783.010891018781,360.5511673647749,928.079194820293,767.7690964200846,169.59202942472652,1.0,33.312159872,16.823951722,140.5549858894144,79.2381436710019,60.77829593505365,72.20636506089822,40.98574014780056,30.963961210442505,500.7309884803035,471.7917958870279,27.328479898072224,197.85991386906247,186.93984046689516,10.865052579649085,,,,
NZL,2009-04-01,2142.503021647537,1793.311326268656,349.4763075212905,912.955832448528,755.6342388055813,156.38991034403395,1.0,32.778190284,16.311589948,134.81323537657886,77.9806009865657,56.90490339200296,67.43892698972307,38.861072834911944,28.73616463953534,502.8766488071707,476.897469833773,26.55970444452582,190.1173277866789,181.1468761857202,9.270929081293518,,,,
NZL,2009-07-01,2125.6166440582015,1778.275856456673,348.24679765727797,906.3876235475744,746.1865370626454,157.3611020089911,1.0,32.80089337,16.383330392,137.23751709035702,81.28084980914558,55.092552357785834,69.68499082318833,40.129423915870355,28.87098031752002,510.55922262081606,486.0685696536179,24.36021391045558,193.6391601726566,185.5858684283371,7.678158441996643,,,,
NZL,2009-10-01,2132.722193825997,1787.730265576807,344.4186431744472,910.8044079648658,748.9516057888314,157.03995755428664,1.0,32.850915951,16.149250201,143.0569888940956,82.29768374437617,61.23884799397947,74.70729703604957,41.83593387203945,33.36276222862936,520.5193603942105,495.8094105488059,24.664665793317464,196.97446986967316,188.45599676321257,8.609969837023845,,,,
NZL,2010-01-01,2132.9724974622422,1791.273845017722,340.0027984490655,916.234256097038,770.9268778917832,154.01933856619996,1.0,33.042881821,15.940327353,142.4550244769215,83.1493601864606,58.747521928020355,71.67164841068221,41.12990447999828,30.43822280231513,522.1094099209429,496.3707646183587,25.425624987208447,204.11336198783744,196.35353976279492,7.9452605567646275,,,,
NZL,2010-04-01,2136.761955902439,1793.6620606504075,343.43980530882175,923.7995911858555,764.9323155019781,157.57360237548883,1.0,33.256632456,16.072909028,143.91221009761384,82.93956977125977,60.912288705455566,72.96517596995164,42.5909449239969,30.6849583846142,528.9644755931391,504.8616696853812,25.5732020616298,205.73977896103648,197.1564559988642,8.665908947713723,,,,
NZL,2010-07-01,2157.6884388368553,1805.5061231194525,353.2141562784846,932.1265924184414,769.6495073334904,159.71181536353998,1.0,33.230954145,16.3700259,149.87187384283845,85.63295386422564,63.16824295317558,75.06998705515399,43.27296615002588,30.993562903773213,523.5536565714905,493.0489507346627,29.398451404548172,202.36756626745512,192.73936202254473,9.38965029136376,,,,
NZL,2010-10-01,2156.5995778065735,1800.919021283461,354.149592222309,948.237900726061,781.8239584816104,161.62546342476017,1.0,33.822401585,16.421666584,144.8561885660627,84.18669527120996,61.1934871991569,74.41522582489755,42.867577410652814,32.02404282003405,518.9188938609276,491.2877307597048,27.569022189199472,205.85132168614797,197.0074935230292,8.986427093208635,,,,
NZL,2011-01-01,2170.363830949782,1804.4591422047304,366.14439521646295,907.1430477558037,753.4342144914965,162.09425600169382,1.0,32.151399433,16.870185081,152.8677144937691,85.13044837486397,67.62668028592593,78.34611053569951,43.7224856883934,35.04895065606137,534.6589467941374,504.954042513607,29.358531162037547,201.2061853272471,191.3812002257027,9.850912436324256,,,,
NZL,2011-04-01,2176.615619103152,1808.7909852166408,367.59310952661866,938.457532791786,771.9779246619368,164.8612002532166,1.0,33.165727724,16.888287776,154.29829711763497,85.70176679729708,68.99575278692056,78.63743525721397,42.91786604694863,35.77399372532916,540.0446714091395,510.8335398901481,29.7814913880906,208.42183008137,198.8509635107845,9.59507530952307,,,,
NZL,2011-07-01,2179.807442348576,1820.195939498828,361.3238044387123,944.9891079791508,778.7049636845378,164.2418325440542,1.0,33.34765651,16.575950583,148.91865015972377,81.96770769922604,66.21015853313013,76.43123886911432,41.05761692863414,34.33404591427372,541.6193184977326,512.0747840430606,28.28663485730309,206.9804360544159,197.74888472622203,8.989815735127019,,,,
NZL,2011-10-01,2186.149355648368,1822.1194969385797,363.4732174376093,958.2482330444814,789.7955528528136,163.89786475820927,1.0,33.717459583,16.62618414,148.60950983152608,81.85403455250635,66.10616882340028,73.30482764123438,40.19168971092524,33.60110512337828,539.2499585824709,509.7045042426984,29.489655282231464,212.0895245218443,203.17154638381783,9.07868135356698,,,,
NZL,2012-01-01,2183.636624739928,1817.394671194866,365.31305189016535,906.4080598826916,752.3168647011485,161.8509557572322,1.0,31.930082196,16.729571567,144.19206996745913,79.63912195426599,65.62594150895909,71.30907837586962,39.426364666032995,32.41235629616254,531.740037489906,502.0601299558204,29.414229453803767,196.41885225995364,187.5555374834565,9.042065784679142,,,,
NZL,2012-04-01,2184.304178263362,1813.352669953226,370.33806276809264,932.5823265415706,769.1230117855685,161.70141744376923,1.0,32.842084338,16.954509654,146.49773449881516,78.1580093691807,67.17623409945718,73.31173430519367,39.45795218532855,33.50433351146572,528.461217260743,499.16238034021205,29.84814844140929,197.06890979727677,188.0557056196065,8.956046947664484,,,,
NZL,2012-07-01,2176.7341623583675,1821.9327649900251,357.0693391618008,931.550725288593,773.8432433540926,156.2341589789259,1.0,32.919843561,16.403902017,156.90097870547402,87.87932050112951,69.1262149947088,78.47526888279526,43.64975531309904,34.379130738851735,531.5161495400188,500.0869390002028,31.271178476996397,202.28703284868735,192.9536626701753,9.175550740606006,,,,
NZL,2012-10-01,2145.3627728565148,1793.000678739771,352.0055982030967,924.159285319492,762.0530100297252,158.37540231055326,1.0,33.136202741,16.407742441,141.51373438144327,78.51663502263708,62.94907297002534,73.30600744742452,41.42236848536417,32.19027151181565,527.1889761740246,498.5608080186371,28.420487847442573,201.72024205906095,192.7810787755055,9.07739351867892,,,,
NZL,2013-01-01,2183.6717373112974,1844.0336909943403,338.107514110415,953.154289395512,804.4453549442042,155.2909117089281,1.0,33.576274066,15.483440498,138.59485746360502,78.68387114939476,60.787100501287625,70.17795049225619,40.522829797698805,29.897322530156487,537.7737314455052,509.157535158891,27.55184661483446,213.05964668003537,204.21257428270516,8.866666400205395,,,,
NZL,2013-04-01,2195.316511815693,1854.1406823052496,340.39567968985637,956.556561367072,802.6942889387939,151.60021651498633,1.0,33.517387381,15.505539992,147.8996167719592,85.31303147895902,61.31282758012709,73.72815810682637,43.30977571640111,29.7789723815688,535.7768268324693,508.43940353032025,27.825740991607212,210.3722770262938,201.30288400030244,8.817120389942813,,,,
NZL,2013-07-01,2229.37740781729,1889.361948938428,342.94951210242306,962.8979835222476,812.1890169386057,149.8655675371588,1.0,33.224107949,15.383196712,140.97163361585442,81.83639795207411,59.90955411176011,70.06733315148648,41.151400503084886,29.14225104446779,545.1030758064896,517.7468180084162,27.15787183742295,212.75450397543264,204.27694263622743,8.502721269197021,,,,
NZL,2013-10-01,2249.3630995033677,1908.0318351332548,341.15858227184185,964.7644122588808,818.5381476777862,144.11372532171848,1.0,32.992737861,15.166896903,144.27816945099562,84.00729478403154,59.87623684400593,72.24034632594453,42.59960489647669,29.75181835265299,550.3087129102446,519.475957103287,30.30048509620224,211.0692811020226,201.57203896233335,9.491564006730938,,,,
NZL,2014-01-01,2267.198709125892,1915.2990494025137,350.4369311364311,989.4722362348436,840.1648260597152,154.1990119667026,1.0,33.571494477,15.456824747,148.71139580388046,86.30085164812652,62.87231545340844,75.31771249812778,44.22761952230529,30.924164954606542,547.5233110714058,517.0851311279569,30.5826311756023,217.0888419711563,207.1926866824272,9.917074425612954,,,,
NZL,2014-04-01,2284.0864275716763,1952.620050069636,330.9932922121136,991.2448682000448,845.8839004434908,143.07996097151894,1.0,33.382977249,14.491277047,139.88689006980502,82.56544073745776,56.48835136216957,74.0737752534025,44.00911958158638,29.669204206924917,566.3222977943552,535.8316635582693,31.00716846539616,223.86595482750403,213.94868378404112,9.61780772400147,,,,
NZL,2014-07-01,2300.7790875228297,1946.998379865585,356.722903887387,996.3656793236038,840.4952719432438,155.1992383609002,1.0,33.311982976,15.504439597,138.5696037854416,80.60423791476664,57.7215271662778,69.4187315124327,40.74513713699648,29.09863758959606,561.3951319264617,530.2991312102671,31.063273245787705,221.17752118730775,210.75678036758924,10.608877176879876,,,,
NZL,2014-10-01,2334.4932324514184,1975.2016814058936,358.26943061428653,1011.221740211195,853.7077953560209,156.6226826207129,1.0,33.32041688,15.346775293,146.7740434099461,86.7122809972113,59.70887931279025,73.85251965438026,44.4874940817379,29.10101854151665,575.5196860202554,544.3137965518463,30.29772198285332,224.67700434709,214.4855153831595,10.387646306438418,,,,
NZL,2015-01-01,2346.92356776421,1998.320124255303,346.7476136970762,1010.8936004321712,861.1805159675794,152.37314681821252,1.0,33.133182203,14.774559277,144.53821910585586,85.42439184847142,60.042836895915094,75.33894359063433,44.926731840818825,30.318095142510145,566.6038056752684,535.4112495778988,31.66370889690107,220.0961776467194,210.06015786208408,10.001715236352412,,,,
NZL,2015-04-01,2362.126775067135,2018.3127011049576,343.67013057006295,1008.948350885767,859.8294064556819,147.17371654853096,1.0,32.8565818,14.549182296,146.27403681007675,91.38559522804287,54.6510242083915,73.57215374196507,45.595864146145615,27.95535143149353,566.6547242042549,536.1278463321869,31.021132997991295,217.69010147854095,207.28358087608825,10.031443887691912,,,,
NZL,2015-07-01,2342.6885783798175,1993.6375704798704,351.39961680105756,1013.9184206239504,860.0096041399079,153.1816555008802,1.0,33.292399759,14.999843344,143.17850290774874,92.60339286627196,50.58900112969804,70.71152259345347,45.620370685257974,25.807581428449826,573.9366298972271,538.997081166034,34.89074993736375,224.19773079066903,212.7189001477369,11.844711264651243,,,,
NZL,2015-10-01,2368.7721722614374,2022.632148252929,346.88870560023094,1041.388435020231,888.7423095679756,154.10953531616084,1.0,33.817858734,14.644240998,146.48728419216346,92.25376050994036,53.66491595119763,75.19377815470278,46.37791876144344,28.44430323379683,586.5504621413088,553.0274586468881,32.343715928373186,232.64828874492457,222.3312709453279,10.412519103780866,,,,
NZL,2016-01-01,2395.851800953865,2026.4511267512385,366.2148835665597,1010.7765551372972,851.2793368793783,160.2401116516778,1.0,32.452776366,15.285372969,161.50974009991094,101.35266716445534,60.06535670354996,80.0239460379473,49.3376842727813,30.72684106588714,585.8006256948179,556.9207189268243,30.742039498526537,221.326984047341,211.21880868443057,9.96916566965741,,,,
NZL,2016-04-01,2417.1135945026276,1991.6369248462067,427.06227568323135,1054.607110538436,863.4794869562174,190.6171473253661,1.0,33.562189246,17.668274948,161.09923395566423,90.66586829382088,70.18206370133352,78.99790924943684,44.05836378320953,35.19006304828248,599.954393461277,569.4149636646806,30.928174793950856,242.01462001909948,230.57248300256185,10.967644559783752,,,,
NZL,2016-07-01,2454.8443507469774,2021.5482138476352,434.35472941195246,1059.8947271249804,868.7440764846928,189.68183732386393,1.0,33.212029757,17.693778804,166.28713046058502,89.72047643756629,76.22177750035979,80.43294916648195,42.58014879388335,37.23216970891504,601.5838857109226,572.5668817647334,29.893937434522968,236.44917354465784,226.36634058852383,10.421466458213946,,,,
NZL,2016-10-01,2510.805677945315,2052.0657142689784,459.6858807059837,1072.2634100577886,880.90445439026,193.3583690206235,1.0,32.850730544,18.308301783,163.44402060298407,88.18098803535946,75.18550600817387,80.46601362471043,44.08843817805036,35.98744984636312,612.0277204679959,575.2732355670325,35.31246484690577,241.0964646369019,229.460709452882,11.663766575094847,,,,
NZL,2017-01-01,2539.060548138203,2064.115475986936,471.0638295661452,1089.2523609969187,890.3331966493876,198.76825877933808,1.0,32.99986021,18.552682011,161.84906645435186,90.52223006880584,72.14978034630296,77.59753158359538,43.96505835280764,34.36211384911179,618.6406123837677,581.9206854324447,36.757711400204606,243.51780167375597,231.173420331944,12.38915866010378,,,,
NZL,2017-04-01,2542.221744587892,2074.167546689811,470.35069572893735,1090.0957908667256,886.7509684219585,202.78952885955783,1.0,32.984346292,18.501560563,156.81978610970717,86.9486356040256,69.42334870493252,75.70611935028985,41.70141691979738,34.269102227854574,610.8977237747122,574.4010796752117,37.07008428436393,236.94730928082677,223.49063921829577,13.123794095410757,,,,
NZL,2017-07-01,2579.874780797139,2097.7578383264117,481.5443764416415,1116.39785643838,911.2710091540184,203.412230107138,1.0,33.287180768,18.665416633,167.45828015826996,90.86530879081194,75.12846168143432,81.78614257779212,45.066275493333016,35.836325484092825,625.4641968594779,587.4533787013147,37.81740223662364,250.1502682005489,236.5522907640247,13.851895632734172,,,,
NZL,2017-10-01,2593.060535244834,2106.533264920201,488.933418334361,1100.3537399041113,900.2741263789701,203.62008286470723,1.0,32.641966598,18.855457159,167.006189865584,86.93851848052209,79.96782459482243,80.34950285732937,42.495030274300824,37.515570719346925,627.6756459350715,585.8045924478063,40.27471661403552,246.97266016281668,233.50809226701287,13.411606228495051,,,,
NZL,2018-01-01,2612.9748101052046,2130.5873522942534,479.7025620354311,1123.8509621816042,923.2694438839296,198.98980656337463,1.0,33.084924386,18.358483985,151.43112647072417,78.60435767936589,74.09507519803029,73.56940786661512,39.66021209713893,34.95205291178151,651.1849104884217,614.7330408239367,37.78783158646857,256.33297317314015,243.92881099971032,12.83716999365249,,,,
NZL,2018-04-01,2632.001228098256,2153.6687022360325,481.07812288360174,1151.3161560280928,946.9064469588524,203.34167231525424,1.0,33.648457412,18.278035654,162.63501868052535,89.34325378167279,73.77189666661174,77.92643026430243,44.36637099545704,33.61730792267868,653.0754407665352,613.5357253404733,39.039846839429686,265.6262840112331,250.9636721833984,14.001851635410809,,,,
NZL,2018-07-01,2650.084015372553,2158.143531630971,490.2047859442616,1143.2779313631936,935.3084059714048,206.5087243313278,1.0,33.185535156,18.497707359,158.7709884655521,88.18756111968618,70.17728438739283,78.86377035144034,44.69531816375096,33.2052628805988,655.0935402730429,613.1094359865115,41.84165383746427,256.940762493276,243.9308495151158,13.112473236059431,,,,
NZL,2018-10-01,2593.6537086938906,2126.8224371131137,470.4763671136157,1077.2552271040388,890.6139679506149,190.98823053021704,1.0,31.949441216,18.139521307,152.07879298140386,86.52517749619754,65.02509482631629,72.12577865592776,41.26101170509829,30.779305186302853,633.6421701571558,592.6002002359386,39.29983328549721,244.08194533553913,232.31652263434927,11.859959514941044,,,,
NZL,2019-01-01,2617.101436639969,2129.099195521256,486.40072515952977,1157.6884821949232,942.5958164905333,212.885602080406,1.0,34.027324628,18.585474692,149.85175677820948,85.02506289163757,66.12905675680582,76.66591268162304,43.124933314145366,34.80141736967381,641.9968533730397,602.61119638348,40.81466857576591,257.4539872292785,244.17129860320975,13.883773761482384,,,,
NZL,2019-04-01,2645.5726610546785,2155.3440143531834,490.5193802958989,1142.7270268604277,930.0213420847545,211.57810047114168,1.0,33.2261065,18.541141868,160.10918689515395,92.92817971065124,66.72188557536806,79.54191263885244,46.59270208604596,32.74349102495125,637.2270612753534,599.6740844582123,36.88164698208589,254.4998659666796,241.2343557967205,12.449653070330758,,,,
NZL,2019-07-01,2648.180624457462,2155.0933337948495,490.8547796276751,1162.0284274430203,947.292148989923,213.5931229736867,1.0,33.754042789,18.535547579,155.01369835420223,84.77769618845028,70.08647210627328,75.62883257186287,41.44606265327856,33.26102328006243,639.8960668497132,599.9432576275481,38.88708631597421,255.86400473460623,243.45089184878248,12.36917562641923,,,,
NZL,2019-10-01,2663.117635759737,2172.436611037246,495.3720656252656,1141.272376648707,932.506262095317,213.29119171008685,1.0,32.965191488,18.60120856,159.58964201868713,86.9092768901156,71.79809928089895,76.97310787571026,41.57289667112675,35.329211629161506,637.1319206149803,595.931754162614,39.339412747118224,252.6490203996545,239.4691455605126,13.425553396934797,,,,
NZL,2020-01-01,2697.4047408687184,2180.510717571071,515.974117377393,1168.594116621255,946.0006757419682,219.90059236445455,1.0,33.325312202,19.128538983,156.30367105740004,88.44242562771785,69.14388012090517,77.17210369145602,43.32483898525026,34.896470232356,648.60108025179,604.2356131415698,45.83713812451189,256.310267331622,241.95328429152028,14.909095966307016,,,,
NZL,2020-04-01,2695.173260601665,2158.485688446333,536.8680758424215,1048.13213956077,853.9667216983843,193.27783952921473,1.0,29.914792632,19.919612727,159.21739980190506,86.92956478441515,73.07070413101752,73.24751773710969,38.837352519052075,34.168162937675355,661.6908384839547,612.1554897328499,50.125771389045504,254.8697239394561,240.52755585893777,13.562967373545904,,,,
NZL,2020-07-01,2668.1052709984447,2131.0501068060853,534.0425757050913,1157.9529652228234,932.4543411967628,225.00367363953413,1.0,33.384479235,20.015798534,171.68606404951728,93.79680334805975,77.93687378853286,83.03998543184915,45.97484619184072,36.546356496810795,658.1331951603083,611.4220057118116,46.890010317337946,266.22897220546207,250.28017357673792,15.939375249849135,,,,
NZL,2020-10-01,2683.771856406194,2151.938323220132,536.6031289088671,1185.668884141258,957.5376341146708,231.69454021691007,1.0,33.983998514,19.994364559,165.09354796205093,92.07516613243516,71.68670840978534,81.96903468234457,46.909078094417374,34.93505893182631,669.545916901493,623.748761859613,43.335197163106905,275.09292079622753,259.67886664804877,15.887493809840493,,,,
NZL,2021-01-01,2666.531648621913,2126.9111926601913,537.0370085637492,1133.7971489867334,910.820744301326,220.6106731673584,1.0,32.707343021,20.13990754,168.54525120462648,90.43979349993316,79.17635805801872,79.9880830623478,44.37310423054478,36.18462995453498,656.4951561659607,613.5653474027121,44.909741987928,253.48958568016815,239.55356577873513,14.438931449889004,,,,
NZL,2021-04-01,2694.9294611183955,2148.4360093895266,545.2210790438321,1168.2546450625969,929.0694647776736,239.12575640078492,1.0,33.34623159,20.231367348,165.5321631217467,88.53855576144204,77.2580227658993,82.53652629775648,43.60883525596515,38.81220476719313,667.7847699978843,620.2862837701574,47.862714042749666,267.83247610947376,249.54959132072,17.653161929479708,,,,
NZL,2021-07-01,2746.9188480959756,2198.25339977598,546.7318223611526,1104.724549254219,888.9803948878684,215.4488625259982,1.0,30.936047324,19.903457386,164.7210428478985,86.5501944203189,78.0226317515994,78.97557298967891,40.2805814695949,38.171794007001985,677.6464209896832,631.934078382268,45.873618841814945,254.38187257845937,239.3713360527984,14.711143690315618,,,,
NZL,2021-10-01,2749.708088368614,2204.3047392573203,550.1183482128024,1171.4327279276415,946.3753367161012,227.36402872604373,1.0,32.770827646,20.006427247,171.52117398634374,89.117804051848,81.4526894761544,83.22869729891377,44.384584555859064,38.69272756356213,686.670928424848,636.4252027693697,47.45473127442359,267.33246270972177,252.87726540033543,14.924076172266044,,,,
NZL,2022-01-01,2764.212228148903,2210.809395888445,551.9968263017026,1159.2369165683556,932.2575101616334,225.0317958161506,1.0,32.259487747,19.969408307,169.75581460649445,89.22355878290526,80.98368530193558,80.80074070837658,43.41950191835538,37.846143646977005,664.6423506983182,622.1405942492862,44.90731945276379,260.1524319094275,246.34571591140264,14.50276258510434,,,,
NZL,2022-04-01,2750.419625680619,2223.8269005688867,526.007977151824,1178.6072637825966,955.0361892242812,223.71428142218517,1.0,32.963005487,19.124644554,168.613798421488,89.95285163989134,79.37923328627433,81.21609553307965,44.69035853156176,36.486139565994655,672.7957755384552,628.284671949582,44.65119339516502,270.00250934842427,252.87816332407164,16.14539004113619,,,,
NZL,2022-07-01,2800.0666820377937,2250.155515313402,548.5476910190224,1208.9792083780185,978.1011486719076,230.87760847159728,1.0,33.21292355,19.590522416,172.98515063123236,96.6860428592971,75.24869049345165,82.78958581657442,46.9934211696153,35.93060468482202,667.8006073555119,622.0552118090305,45.85251824152889,271.42146430731395,254.81137887573743,16.072723185216066,,,,
NZL,2022-10-01,2814.629065413415,2267.148921576805,551.1700705521943,1192.788502094004,967.0284682244956,226.6105480300959,1.0,32.598598098,19.582334217,162.61567583468064,90.86681426127303,71.6554151078971,76.72481863646397,43.03822095991344,33.270507021798956,673.390471228607,623.9085701802474,46.610951653436814,266.59969386585965,250.8082470956185,16.26739673018552,,,,
NZL,2023-01-01,2853.27499981889,2307.605280192453,545.9934211181362,1232.095955710191,998.006699966524,233.0817577210208,1.0,33.216781412,19.13567466,162.66008393801786,88.10900660635572,74.81931922156907,77.66553518584469,42.56744518596932,35.26902881485384,682.1861247584823,642.1867486449473,43.93050630918993,276.12467474205266,263.0648757672672,14.500729976137356,,,,
NZL,2023-04-01,2877.09253656696,2332.0921303739024,543.3545047439161,1223.3561070198507,994.6561196009254,229.01828471815023,1.0,32.708129728,18.885541492,159.37082468642254,86.84148930345805,73.11927752197442,76.47252039204814,41.65962128076873,34.910802758601626,690.7125268595574,650.1801401762235,40.42966782614492,274.7248233484182,259.4582579358796,13.80937265653134,,,,
NZL,2023-07-01,2877.8233393048326,2327.151255339501,549.5381053032545,1231.6074508842987,1003.454507772113,228.1282952224612,1.0,32.920378881,19.095616392,161.13707730971237,88.64351360722186,72.4884032057471,75.77425666057353,43.175348244795,32.7700751873205,695.8623005968451,656.8042352030213,38.97309249681005,281.004463489831,266.3519336635099,13.963747002314818,,,,
NZL,2023-10-01,2892.5357105660173,2360.62351328873,535.9310296387979,1223.92677934668,1000.2440315775352,224.26292309003696,1.0,32.548678121,18.528069599,165.39263390195327,91.85651812540502,72.65318161471015,80.05062654275473,44.69593230297442,35.1883220542569,711.5335157545686,669.834572812168,38.6688172550032,285.2476080194276,271.80278066899893,14.084194012230569,,,,
NZL,2024-01-01,2880.424001947206,2340.913091978969,539.1471021177499,1227.599351670041,1004.921996563282,221.92621544349475,1.0,32.783617723,18.717629826,163.3207419692445,93.00898003528138,69.62972409662123,78.33474230805601,44.53488646527256,33.71511521031585,714.8820736030291,673.2431408024097,44.97135030152811,285.45700555967926,272.7574961949812,15.06942608260318,,,,
NZL,2024-04-01,2882.384331825496,2341.5315837473454,539.48090999108,1226.4935418496405,1003.6945512818214,223.16921707459636,1.0,32.731810267,18.716480798,161.7384435103409,91.98854463490632,69.99733296174328,77.34033080094471,42.73162469993082,34.56427906726299,716.989189779047,676.3258991061969,41.36782643857286,288.5512408591831,272.51707372609786,13.683693831582776,,,,
NZL,2024-07-01,2866.200293108058,2334.809560592665,530.3855935240414,1215.6614666461153,999.7163432069702,216.0880638448322,1.0,32.625919667,18.504833553,157.329442320911,88.88952126873586,68.73057300144289,74.33504373239542,41.92586745352805,32.53553960053145,725.605779039335,683.4867650147246,42.09657416270012,290.6230591119273,275.76304423706193,14.07179603429011,,,,
NZL,2024-10-01,2854.1034368581068,2321.51168890414,534.9826924910984,1205.898728535601,989.4468587767756,216.56659177377128,1.0,32.501078783,18.744334406,155.63303104657535,83.4154288946712,70.67518465386581,73.75336960165639,40.0784525913359,33.680667417701464,718.2157117798278,671.4954618682194,43.45217147632016,283.82247619696665,269.9431127336526,14.440144784296718,,,,
NZL,2025-01-01,2851.4601525633866,2319.1730003953053,532.1903040794152,1196.0940771675232,982.9668744290652,212.73744350451693,1.0,32.266709609,18.663781908,157.2190582902218,87.03323343408911,70.4727669979861,74.41932076646204,41.80899208188925,32.3787345761008,716.8034705248115,675.4010229754621,45.04113378132,285.2488841088222,273.10639002527,15.024232259522684,,,,
NZL,2025-04-01,2842.3127688409754,2307.857261971479,533.4009724872992,1179.2070199684397,967.1331129704212,212.31172706634248,1.0,31.913529468,18.766441833,158.61958033494125,88.73248754587003,68.94191220254795,74.24903846825525,43.69486683197224,30.679986490910657,711.2932076608504,661.4674284539935,49.51685265191519,276.5546828781574,256.9950210617677,17.305687955805315,,,,
NZL,2025-07-01,2843.796984428987,2310.1029284870674,532.3567169144795,1195.081437436553,981.4139751207048,213.78985938567345,1.0,32.326267256,18.719926909,155.5124277540071,86.88168503323548,68.8746724647198,74.83139121387558,42.82342384957634,32.072179192996316,704.6404952044518,654.7230634380354,51.118191602280696,273.89131746060144,256.92998592957736,16.10574968582513,,,,
NZL,2025-10-01,2860.972899763925,2326.5370001769297,537.0161129326967,1221.1367554642266,1003.4714152944748,217.56843225637763,1.0,32.832746015,18.770401949,160.3788134268838,91.918914276439,68.70413843378093,76.13480025711293,45.06913381627575,31.09342493454292,695.5912845480353,644.8769296341274,47.31973508904376,274.7165913215474,260.1584071659948,15.035072458658432,,,,
NZL,2026-01-01,2861.9028639634867,2324.3611722333685,538.2467241224897,1215.2617400367228,992.4704553672073,222.57134488100155,1.0,32.664166729,18.807302334,160.07596649398565,90.91463584487452,69.37501164366591,77.04164967679773,44.76572852675602,32.06137540232244,663.6615651398489,622.0490522945895,45.06545695442295,261.71030898236495,249.53797832836375,15.012863548189763,,,,
POL,1995-01-01,14736.3,10286.2,4450.1,7690.8,5334.0,2356.8,1.0,40.145762505,30.198218006,3333.5,381.6,2951.9,1616.9,201.6,1415.3,3406.6,3389.9,16.7,1597.1,1587.5,9.5,,,,
POL,1995-04-01,14802.8,10369.2,4433.6,7710.1,5376.6,2333.5,1.0,40.065704825,29.951090334,3272.9,346.2,2926.7,1574.0,182.0,1392.0,3402.8,3379.1,23.7,1589.8,1579.7,10.1,,,,
POL,1995-07-01,14787.8,10417.9,4369.9,7688.1,5392.7,2295.4,1.0,39.99190601,29.550710721,3228.8,350.8,2878.0,1548.2,184.8,1363.4,3357.2,3334.6,22.6,1566.4,1556.0,10.4,,,,
POL,1995-10-01,14764.5,10395.9,4368.6,7667.8,5383.8,2284.1,1.0,39.949254579,29.588540079,3214.3,323.9,2890.4,1537.9,171.3,1366.6,3333.3,3310.3,23.0,1552.0,1540.8,11.2,,,,
POL,1996-01-01,14787.4,10417.7,4369.7,7705.2,5403.8,2301.4,1.0,40.081940862,29.550157567,3163.8,281.0,2882.8,1514.7,147.5,1367.2,3305.4,3284.8,20.6,1542.4,1530.2,12.2,,,,
POL,1996-04-01,14888.9,10475.8,4413.1,7749.4,5425.1,2324.3,1.0,40.037053933,29.640201761,3176.3,266.1,2910.2,1527.3,139.9,1387.4,3317.3,3287.6,29.7,1546.0,1532.9,13.1,,,,
POL,1996-07-01,15063.6,10564.1,4499.5,7828.5,5464.4,2364.1,1.0,39.976652838,29.870017791,3186.8,226.2,2960.6,1529.2,117.4,1411.8,3342.6,3308.9,33.7,1558.0,1543.3,14.8,,,,
POL,1996-10-01,15059.0,10640.6,4418.4,7821.2,5514.4,2306.8,1.0,39.951575087,29.340593665,3137.9,224.4,2913.5,1495.7,118.6,1377.1,3300.4,3268.8,31.6,1532.9,1518.0,14.9,,,,
POL,1997-01-01,15104.3,10782.6,4321.7,7869.9,5588.1,2281.8,1.0,40.079773513,28.612381904,3222.2,350.3,2871.9,1564.3,183.7,1380.6,3245.3,3219.5,25.8,1509.9,1494.8,15.0,,,,
POL,1997-04-01,15143.7,10800.6,4343.1,7881.1,5592.2,2288.9,1.0,40.032387167,28.679252759,3120.7,249.8,2870.9,1506.4,130.9,1375.5,3252.0,3217.4,34.6,1510.7,1494.9,15.8,,,,
POL,1997-07-01,15188.5,10898.5,4290.0,7901.1,5641.9,2259.2,1.0,40.015598846,28.245053824,3068.1,229.3,2838.8,1474.2,119.8,1354.4,3235.7,3201.3,34.4,1502.7,1486.7,15.9,,,,
POL,1997-10-01,15282.4,10965.1,4317.3,7928.3,5678.6,2249.7,1.0,39.906639714,28.250143956,3085.5,221.7,2863.8,1471.0,117.9,1353.1,3233.3,3197.2,36.1,1496.7,1479.8,17.0,,,,
POL,1998-01-01,15401.0,11147.3,4253.7,8030.8,5784.2,2246.6,1.0,40.111281485,27.619635089,3155.0,313.5,2841.5,1530.6,163.8,1366.9,3193.8,3161.8,32.0,1485.3,1467.9,17.3,,,,
POL,1998-04-01,15370.7,11154.9,4215.8,8020.6,5787.8,2232.8,1.0,40.139306002,27.427508181,3086.2,278.4,2807.8,1499.2,144.9,1354.3,3184.9,3146.3,38.6,1477.3,1459.6,17.6,,,,
POL,1998-07-01,15353.2,11203.1,4150.1,7973.0,5788.5,2184.5,1.0,39.946570898,27.03084699,3039.2,283.1,2756.1,1470.0,146.8,1323.2,3160.0,3122.9,37.1,1463.1,1445.1,18.0,,,,
POL,1998-10-01,15280.9,11152.2,4128.7,7930.9,5789.8,2141.1,1.0,39.923645254,27.018696543,3044.8,288.1,2756.7,1456.5,155.8,1300.7,3134.2,3096.5,37.7,1445.3,1427.0,18.4,,,,
POL,1999-01-01,15171.0,11003.3,4167.7,7915.9,5709.1,2206.8,1.0,40.136799461,27.471491662,3059.1,278.8,2780.3,1485.2,144.9,1340.2,3079.1,3041.6,37.5,1436.7,1417.6,19.1,,,,
POL,1999-04-01,14956.7,10828.4,4128.3,7784.5,5570.7,2213.8,1.0,40.036083649,27.60167684,2975.8,243.2,2732.6,1457.9,125.0,1332.9,3057.6,3014.3,43.3,1408.2,1388.2,20.1,,,,
POL,1999-07-01,14749.4,10687.1,4062.3,7777.1,5532.0,2245.1,1.0,40.560189671,27.542137307,2905.3,241.0,2664.3,1469.6,124.6,1345.0,3012.0,2970.7,41.3,1402.7,1381.5,21.1,,,,
POL,1999-10-01,14579.6,10559.9,4019.7,7714.4,5423.4,2290.9,1.0,40.70176031,27.570715246,2929.6,277.5,2652.1,1529.4,151.9,1377.5,2966.2,2924.6,41.6,1355.2,1331.9,23.3,,,,
POL,2000-01-01,14527.5,10564.8,3962.7,7589.3,5477.0,2112.3,1.0,40.185324914,27.277232834,2979.5,251.5,2728.0,1400.0,112.8,1287.2,3047.8,3002.2,45.6,1338.0,1311.9,26.1,,,,
POL,2000-04-01,14515.2,10550.4,3964.8,7568.2,5462.5,2105.6,1.0,40.107558337,27.314814815,2935.3,257.5,2677.8,1303.3,114.9,1188.4,3069.2,3021.9,47.3,1347.6,1319.8,27.8,,,,
POL,2000-07-01,14514.6,10552.6,3962.0,7543.0,5449.0,2094.0,1.0,39.975663761,27.296653025,2886.7,252.1,2634.6,1274.1,113.0,1161.1,3105.0,3055.8,49.2,1348.0,1317.6,30.3,,,,
POL,2000-10-01,14499.7,10474.4,4025.3,7526.7,5439.2,2087.4,1.0,39.930269114,27.761264026,2935.9,223.0,2712.9,1330.7,106.9,1223.8,3073.5,3026.0,47.5,1338.9,1310.4,28.5,,,,
POL,2001-01-01,14330.3,10348.8,3981.5,7500.6,5396.1,2104.5,1.0,40.262187866,27.783786801,2707.3,197.3,2510.0,1318.9,105.6,1213.3,2779.8,2721.6,58.2,1314.2,1286.9,27.3,,,,
POL,2001-04-01,14240.2,10237.5,4002.7,7415.9,5314.9,2101.1,1.0,40.059398474,28.108453533,2734.4,204.6,2529.8,1346.2,110.1,1236.1,2736.7,2673.3,63.4,1274.6,1248.2,26.4,,,,
POL,2001-07-01,14161.3,10157.8,4003.5,7385.6,5266.1,2119.5,1.0,40.118003073,28.27070961,2741.3,206.1,2535.2,1367.0,111.0,1256.0,2709.6,2650.9,58.7,1272.7,1249.2,23.4,,,,
POL,2001-10-01,13990.9,10053.4,3937.5,7251.8,5204.4,2047.4,1.0,39.870971076,28.143293141,2677.4,198.4,2479.0,1285.4,109.7,1175.7,2708.4,2658.3,50.1,1267.7,1250.8,16.9,,,,
POL,2002-01-01,13920.7,9949.1,3971.6,7214.7,5139.7,2075.1,1.0,39.867027023,28.530174488,2719.4,204.6,2514.8,1308.8,109.8,1199.0,2729.7,2670.8,58.9,1290.4,1267.0,23.4,,,,
POL,2002-04-01,13820.1,9897.0,3923.1,7208.4,5121.1,2087.3,1.0,40.122163204,28.386914711,2713.8,213.5,2500.3,1346.1,115.1,1231.0,2748.8,2698.2,50.6,1295.9,1273.5,22.4,,,,
POL,2002-07-01,13668.8,9807.9,3860.9,7114.7,5056.2,2058.5,1.0,40.038965775,28.246078661,2653.4,212.0,2441.4,1313.7,115.8,1197.9,2772.0,2722.3,49.7,1294.1,1270.9,23.1,,,,
POL,2002-10-01,13675.1,9896.1,3779.0,7063.3,5074.9,1988.3,1.0,39.731392767,27.634167209,2549.4,193.5,2355.9,1230.5,105.8,1124.8,2871.9,2813.1,58.8,1348.2,1322.8,25.4,,,,
POL,2003-01-01,13578.6,9866.0,3712.6,7073.5,5092.5,1981.0,1.0,40.071537906,27.341552148,2505.0,214.9,2290.1,1233.2,115.2,1118.0,2859.8,2810.1,49.7,1352.5,1327.6,24.9,,,,
POL,2003-04-01,13636.1,9939.5,3696.6,7102.6,5107.8,1994.8,1.0,40.066723341,27.108924106,2495.3,216.2,2279.1,1241.6,116.3,1125.2,2860.5,2792.5,68.0,1346.4,1310.6,35.8,,,,
POL,2003-07-01,13557.7,9863.0,3694.7,7060.6,5081.1,1979.5,1.0,40.060119115,27.251672481,2490.4,195.5,2294.9,1238.6,104.2,1134.4,2837.3,2776.2,61.1,1319.4,1291.1,28.3,,,,
POL,2003-10-01,13669.7,9927.7,3742.0,7106.2,5110.4,1995.8,1.0,39.988497862,27.374412021,2517.7,197.1,2320.6,1243.3,106.0,1137.3,2844.1,2782.5,61.6,1324.9,1297.3,27.6,,,,
POL,2004-01-01,13618.7,9997.9,3620.8,7113.0,5163.1,1949.9,1.0,40.176657548,26.586972325,2423.4,201.7,2221.7,1213.5,109.5,1104.0,2773.7,2717.7,56.0,1300.2,1270.9,29.3,,,,
POL,2004-04-01,13648.1,10003.3,3644.8,7133.4,5164.9,1968.6,1.0,40.205089128,26.705548758,2420.5,188.2,2232.3,1209.9,100.9,1108.9,2766.0,2702.0,64.0,1296.5,1265.9,30.7,,,,
POL,2004-07-01,13796.1,10052.5,3743.6,7174.8,5192.7,1982.2,1.0,40.004616689,27.135204877,2500.9,211.1,2289.8,1228.8,114.6,1114.3,2729.3,2660.3,69.0,1270.1,1238.3,31.8,,,,
POL,2004-10-01,13954.6,10242.7,3711.9,7240.2,5265.0,1975.2,1.0,39.910743521,26.59983088,2517.7,210.0,2307.7,1237.5,115.1,1122.4,2706.9,2644.8,62.1,1260.0,1228.4,31.6,,,,
POL,2005-01-01,13890.2,10296.5,3593.7,7186.3,5287.5,1898.9,1.0,39.79728929,25.872197665,2384.0,196.0,2188.0,1158.5,104.0,1054.5,2792.7,2726.7,66.0,1297.6,1265.7,31.9,,,,
POL,2005-04-01,13920.8,10341.3,3579.5,7291.8,5366.8,1925.0,1.0,40.292777161,25.713321074,2384.8,196.5,2188.3,1195.0,107.2,1087.7,2796.4,2729.4,67.0,1316.8,1284.1,32.7,,,,
POL,2005-07-01,14123.7,10444.9,3678.8,7326.9,5359.1,1967.8,1.0,39.905102226,26.046999016,2490.9,202.9,2288.0,1236.8,109.1,1127.7,2802.9,2736.9,66.0,1293.9,1260.0,33.9,,,,
POL,2005-10-01,14260.3,10598.5,3661.8,7392.1,5445.1,1947.1,1.0,39.874552213,25.678281663,2443.6,199.5,2244.1,1192.4,106.4,1086.0,2854.6,2781.6,73.0,1324.2,1287.9,36.3,,,,
POL,2006-01-01,14246.2,10650.3,3595.9,7375.8,5494.3,1881.6,1.0,39.826004883,25.241116929,2328.4,186.3,2142.1,1114.5,99.6,1014.9,2872.3,2783.2,89.1,1345.0,1304.8,40.2,,,,
POL,2006-04-01,14403.7,10838.8,3564.9,7430.2,5528.6,1901.6,1.0,39.681043493,24.749890653,2267.2,197.9,2069.3,1109.4,105.2,1004.2,2898.8,2817.8,81.0,1330.0,1291.0,39.0,,,,
POL,2006-07-01,14624.0,11076.1,3547.9,7626.4,5703.8,1922.6,1.0,40.115300454,24.260804158,2270.6,197.0,2073.6,1130.0,105.6,1024.4,2962.2,2893.2,69.0,1379.3,1341.6,37.7,,,,
POL,2006-10-01,14750.5,11217.7,3532.8,7731.2,5790.5,1940.7,1.0,40.317798875,23.950374564,2257.3,192.7,2064.6,1146.4,100.7,1045.7,2944.1,2868.0,76.1,1374.0,1335.1,38.9,,,,
POL,2007-01-01,14953.7,11359.7,3594.0,7816.3,5854.7,1961.6,1.0,40.207697503,24.034185519,2296.9,204.8,2092.1,1154.5,106.1,1048.5,2915.1,2836.1,79.0,1353.3,1315.1,38.3,,,,
POL,2007-04-01,15108.1,11514.2,3593.9,7850.9,5929.7,1921.2,1.0,39.972953887,23.787901854,2270.1,206.8,2063.3,1109.1,108.0,1001.1,2922.6,2841.7,80.9,1351.5,1313.3,38.2,,,,
POL,2007-07-01,15191.5,11652.1,3539.4,7892.1,5998.0,1894.1,1.0,39.962124569,23.298555113,2167.6,202.2,1965.4,1046.2,106.7,939.6,2926.2,2846.3,79.9,1370.7,1331.1,39.6,,,,
POL,2007-10-01,15383.9,11841.0,3542.9,7935.1,6065.2,1869.8,1.0,39.677344997,23.029920891,2156.9,198.4,1958.5,1027.5,104.1,923.4,2953.1,2877.2,75.9,1379.5,1340.5,39.0,,,,
POL,2008-01-01,15653.9,12071.0,3582.9,8109.2,6153.8,1955.4,1.0,39.848511578,22.888225937,2217.0,219.9,1997.1,1115.0,117.7,997.3,2984.2,2918.3,65.9,1384.8,1348.9,35.9,,,,
POL,2008-04-01,15658.3,12038.9,3619.4,8173.5,6216.0,1957.5,1.0,40.153194742,23.11489753,2242.1,225.3,2016.8,1116.3,120.5,995.8,3018.6,2937.7,80.9,1427.0,1387.9,39.1,,,,
POL,2008-07-01,15747.3,12173.9,3573.4,8103.1,6214.3,1888.8,1.0,39.582365524,22.69214405,2187.7,205.4,1982.3,1056.3,107.5,948.8,3042.5,2965.6,76.9,1433.6,1395.8,37.8,,,,
POL,2008-10-01,15773.8,12221.7,3552.1,8154.7,6245.1,1909.6,1.0,39.767501514,22.518987181,2140.2,205.0,1935.2,1062.7,109.3,953.3,3030.6,2958.7,71.9,1417.4,1379.7,37.6,,,,
POL,2009-01-01,15877.3,12255.0,3622.3,8177.8,6242.0,1935.8,1.0,39.620183436,22.814332412,2154.8,200.5,1954.3,1063.5,104.1,959.4,3102.7,3022.9,79.8,1460.6,1419.2,41.4,,,,
POL,2009-04-01,15835.4,12247.2,3588.2,8123.8,6218.3,1905.5,1.0,39.46270333,22.659358147,2100.5,193.9,1906.6,1024.0,101.2,922.9,3151.6,3060.6,91.0,1480.5,1439.3,41.1,,,,
POL,2009-07-01,15745.6,12194.9,3550.7,8092.8,6200.9,1891.9,1.0,39.536319792,22.550426786,2081.3,201.0,1880.3,1029.5,104.2,925.4,3102.2,3014.2,88.0,1461.2,1417.7,43.5,,,,
POL,2009-10-01,15677.9,12170.9,3507.0,8020.4,6150.7,1869.7,1.0,39.351816643,22.369067286,2047.9,209.8,1838.1,1015.3,106.9,908.4,3137.1,3047.1,90.0,1468.2,1422.0,46.1,,,,
POL,2010-01-01,15363.3,11867.6,3495.7,7878.8,6047.3,1831.5,1.0,39.448656113,22.753575078,2020.4,205.6,1814.8,976.1,108.3,867.7,3094.9,2996.4,98.5,1460.7,1410.8,49.9,10.3,0.6,eurostat,0.058252427
POL,2010-04-01,15408.5,11923.1,3485.4,7882.1,6041.6,1840.5,1.0,39.349410041,22.619982477,1992.3,192.7,1799.6,969.3,99.4,869.9,3101.8,2998.3,103.5,1461.6,1410.5,51.1,10.0,0.6,eurostat,0.06
POL,2010-07-01,15423.8,11937.9,3485.9,7902.0,6054.1,1847.9,1.0,39.409623688,22.600785799,1993.7,205.0,1788.7,975.8,106.8,869.0,3128.5,3015.0,113.5,1466.6,1413.3,53.2,9.8,0.6,eurostat,0.06122449
POL,2010-10-01,15417.0,11896.0,3521.0,7851.4,6016.6,1834.8,1.0,39.174537598,22.838425115,2013.0,212.1,1800.9,966.0,112.4,853.5,3125.6,3011.1,114.5,1466.9,1413.5,53.4,9.8,0.6,eurostat,0.06122449
POL,2011-01-01,15414.0,11893.5,3520.5,7913.7,6064.3,1849.4,1.0,39.49306824,22.839626314,2012.5,214.4,1798.1,975.5,110.7,864.9,3106.0,3009.6,96.4,1474.6,1424.7,50.0,9.733333333,0.6,eurostat,0.061643836
POL,2011-04-01,15456.1,11957.7,3498.4,7927.8,6070.2,1857.5,1.0,39.455669233,22.634429125,2010.2,213.1,1797.1,989.8,110.5,879.3,3088.9,2988.5,100.4,1457.0,1406.8,50.1,9.9,0.6,eurostat,0.060606061
POL,2011-07-01,15467.7,11962.0,3505.7,7866.9,6021.8,1845.1,1.0,39.123215077,22.66464956,2000.1,209.7,1790.4,973.5,108.2,865.3,3077.3,2966.9,110.4,1439.6,1387.5,52.1,10.0,0.5,eurostat,0.05
POL,2011-10-01,15468.8,11986.0,3482.8,7884.8,6046.2,1838.5,1.0,39.209445912,22.514997931,1957.2,202.5,1754.7,957.7,103.3,854.4,3069.8,2957.4,112.4,1447.0,1394.0,53.0,10.2,0.5,eurostat,0.049019608
POL,2012-01-01,15449.3,12001.0,3448.3,7898.4,6079.4,1819.0,1.0,39.326651095,22.320105118,1960.3,189.5,1770.8,957.6,97.5,860.0,3078.6,2976.5,102.1,1462.8,1409.9,52.9,10.2,0.5,eurostat,0.049019608
POL,2012-04-01,15503.8,12065.6,3438.2,7857.1,6041.1,1815.9,1.0,38.983494865,22.176498665,1984.7,213.8,1770.9,981.4,109.8,871.6,3094.4,2984.5,109.9,1450.8,1395.8,55.0,10.3,0.5,eurostat,0.048543689
POL,2012-07-01,15479.5,12074.4,3405.1,7895.3,6075.0,1820.3,1.0,39.234521091,21.997480539,1934.4,209.8,1724.6,967.3,108.1,859.3,3123.8,3017.9,105.9,1475.7,1421.6,54.1,10.5,0.4,eurostat,0.038095238
POL,2012-10-01,15430.8,12041.8,3389.0,7882.6,6079.3,1803.3,1.0,39.295036301,21.96256837,1903.6,207.6,1696.0,953.8,108.0,845.8,3182.1,3068.4,113.7,1507.2,1450.7,56.5,10.533333333,0.4,eurostat,0.037974684
POL,2013-01-01,15411.8,12037.4,3374.4,7836.5,6060.4,1776.0,1.0,39.113386646,21.894911691,1868.1,205.2,1662.9,927.0,107.6,819.4,3187.9,3065.3,122.6,1507.3,1446.9,60.4,10.966666667,0.4,eurostat,0.036474164
POL,2013-04-01,15467.9,12093.5,3374.4,7834.4,6049.0,1785.4,1.0,38.961084171,21.815501781,1858.0,203.5,1654.5,929.0,106.0,823.0,3193.3,3064.7,128.6,1507.9,1445.3,62.7,10.866666667,0.4,eurostat,0.036809816
POL,2013-07-01,15460.6,12114.0,3346.6,7881.7,6089.1,1792.6,1.0,39.214818014,21.645990453,1845.1,213.9,1631.2,935.4,113.1,822.3,3203.3,3082.7,120.6,1524.9,1462.5,62.4,10.433333333,0.4,eurostat,0.038338658
POL,2013-10-01,15528.1,12173.6,3354.5,7910.7,6108.7,1802.0,1.0,39.188012997,21.602771749,1843.6,212.0,1631.6,948.9,110.5,838.4,3230.4,3109.8,120.6,1532.4,1472.4,60.0,10.2,0.4,eurostat,0.039215686
POL,2014-01-01,15672.2,12283.8,3388.4,7977.5,6167.7,1809.8,1.0,39.155565023,21.620448948,1839.4,210.5,1628.9,934.9,108.2,826.8,3239.8,3115.9,123.9,1532.2,1473.5,58.7,10.266666667,0.5,eurostat,0.048701299
POL,2014-04-01,15700.2,12375.4,3324.8,7990.9,6215.2,1775.6,1.0,39.151387586,21.176800296,1781.8,204.8,1577.0,900.0,105.9,794.1,3234.3,3119.4,114.9,1531.0,1473.5,57.5,9.5,0.5,eurostat,0.052631579
POL,2014-07-01,15764.7,12431.8,3332.9,8050.7,6266.5,1784.2,1.0,39.282993992,21.141537739,1769.5,208.3,1561.2,902.7,108.1,794.6,3272.7,3152.7,120.0,1564.9,1507.3,57.6,8.666666667,0.5,eurostat,0.057692308
POL,2014-10-01,15800.1,12419.4,3380.7,8102.1,6282.0,1820.1,1.0,39.445222596,21.396700021,1835.3,213.1,1622.2,949.0,109.8,839.2,3242.9,3116.9,126.0,1561.7,1503.7,58.0,8.4,0.6,eurostat,0.071428571
POL,2015-01-01,15890.3,12501.3,3389.0,8084.0,6287.5,1796.4,1.0,39.133695012,21.327476511,1868.3,211.7,1656.6,946.0,108.9,837.2,3253.4,3120.3,133.1,1545.1,1481.6,63.5,8.266666667,0.6,eurostat,0.072580645
POL,2015-04-01,15906.5,12528.7,3377.8,8184.4,6363.8,1820.5,1.0,39.57936886,21.235344042,1832.1,205.1,1627.0,941.7,105.7,836.1,3241.5,3122.5,119.0,1576.9,1513.4,63.4,7.733333333,0.6,eurostat,0.077586207
POL,2015-07-01,16022.4,12616.9,3405.5,8243.9,6393.6,1850.3,1.0,39.578724401,21.254618534,1842.1,204.5,1637.6,957.7,106.2,851.5,3253.1,3125.0,128.1,1576.2,1508.8,67.4,7.466666667,0.6,eurostat,0.080357143
POL,2015-10-01,16133.4,12711.9,3421.5,8229.8,6411.5,1818.3,1.0,39.239189412,21.207556994,1830.5,200.3,1630.2,938.7,104.4,834.3,3300.6,3144.4,156.2,1580.3,1508.9,71.4,7.166666667,0.7,eurostat,0.097674419
POL,2016-01-01,16032.6,12675.4,3357.2,8202.8,6387.2,1815.6,1.0,39.356349899,20.939835086,1742.6,202.4,1540.2,904.1,104.4,799.7,3248.5,3109.0,139.5,1547.7,1482.2,65.5,6.7,0.7,eurostat,0.104477612
POL,2016-04-01,16057.4,12719.0,3338.4,8330.5,6496.8,1833.7,1.0,39.907313283,20.790414388,1723.3,212.0,1511.3,914.5,111.6,802.9,3247.8,3125.3,122.5,1592.2,1525.7,66.5,6.433333333,0.7,eurostat,0.10880829
POL,2016-07-01,16105.7,12819.3,3286.4,8215.6,6446.6,1769.0,1.0,39.238855236,20.40519816,1672.9,204.6,1468.3,865.4,104.6,760.8,3246.9,3121.5,125.4,1569.1,1501.4,67.6,6.2,0.8,eurostat,0.129032258
POL,2016-10-01,16223.5,12896.6,3326.9,8306.5,6531.4,1775.0,1.0,39.384937804,20.50667242,1672.6,202.6,1470.0,848.1,102.4,745.7,3282.1,3129.5,152.6,1587.8,1518.2,69.6,5.7,0.8,eurostat,0.140350877
POL,2017-01-01,16281.8,12913.2,3368.6,8376.8,6555.3,1821.4,1.0,39.576043851,20.68935867,1714.4,224.1,1490.3,887.3,115.2,772.1,3294.7,3141.0,153.7,1599.9,1526.3,73.6,5.166666667,0.9,eurostat,0.174193548
POL,2017-04-01,16347.2,13046.4,3300.8,8282.6,6515.5,1767.2,1.0,38.974446812,20.191837134,1689.8,218.9,1470.9,868.2,111.6,756.6,3295.2,3150.5,144.7,1588.5,1514.8,73.7,5.166666667,0.9,eurostat,0.174193548
POL,2017-07-01,16336.4,13026.8,3309.6,8244.8,6487.4,1757.4,1.0,38.822224273,20.259053402,1661.5,220.4,1441.1,841.5,109.6,731.8,3282.4,3143.8,138.6,1575.5,1502.1,73.4,4.866666667,1.0,eurostat,0.205479452
POL,2017-10-01,16287.3,13005.4,3281.9,8216.4,6503.3,1713.1,1.0,38.805128489,20.150055565,1572.7,207.0,1365.7,773.3,102.8,670.5,3357.2,3204.6,152.6,1614.6,1541.1,73.5,4.566666667,1.1,eurostat,0.240875912
POL,2018-01-01,16349.1,13084.9,3264.2,8203.1,6511.9,1691.2,1.0,38.595867192,19.965625019,1562.3,199.6,1362.7,777.4,100.2,677.2,3355.6,3196.2,159.4,1608.9,1533.0,75.9,3.933333333,1.1,eurostat,0.279661017
POL,2018-04-01,16500.0,13142.1,3357.9,8230.8,6482.6,1748.3,1.0,38.372027972,20.350909091,1576.1,196.7,1379.4,800.4,97.3,703.1,3373.2,3198.8,174.4,1603.0,1525.0,78.1,3.766666667,1.2,eurostat,0.318584071
POL,2018-07-01,16467.1,13154.6,3312.5,8264.0,6520.0,1743.9,1.0,38.603780125,20.115867396,1570.6,184.6,1386.0,797.1,91.2,706.0,3370.7,3214.3,156.4,1622.4,1543.4,79.0,3.933333333,1.2,eurostat,0.305084746
POL,2018-10-01,16285.2,12950.2,3335.0,8154.8,6410.5,1744.3,1.0,38.519165113,20.478716872,1558.1,199.8,1358.3,780.8,99.4,681.4,3323.9,3160.5,163.4,1582.3,1500.6,81.6,3.933333333,1.2,eurostat,0.305084746
POL,2019-01-01,16596.0,13386.6,3209.4,8406.0,6674.2,1731.8,1.0,38.962122476,19.338394794,1377.4,189.5,1187.9,727.5,95.3,632.2,3372.3,3213.0,159.3,1630.3,1548.9,81.4,3.6,1.1,eurostat,0.305555556
POL,2019-04-01,16839.6,13558.9,3280.7,8406.3,6693.8,1712.5,1.0,38.399870635,19.482054206,1395.2,182.5,1212.7,704.2,89.1,615.0,3465.3,3282.9,182.4,1651.2,1566.9,84.3,3.3,1.1,eurostat,0.333333333
POL,2019-07-01,16896.1,13567.8,3328.3,8511.8,6750.9,1760.9,1.0,38.75177385,19.698628678,1463.7,178.2,1285.5,762.0,89.4,672.6,3443.0,3265.6,177.4,1664.6,1582.7,81.9,3.133333333,1.1,eurostat,0.35106383
POL,2019-10-01,16851.0,13542.8,3308.2,8478.7,6718.3,1760.5,1.0,38.704390974,19.632069313,1472.1,181.5,1290.6,777.6,92.1,685.5,3377.0,3214.9,162.1,1609.5,1531.8,77.7,2.966666667,1.1,eurostat,0.370786517
POL,2020-01-01,16865.7,13558.1,3307.6,8356.7,6640.4,1716.3,1.0,38.114224546,19.611400653,1454.2,186.4,1267.8,741.3,90.1,651.2,3433.0,3278.1,154.9,1647.3,1571.2,76.1,2.866666667,0.6,eurostat,0.209302326
POL,2020-04-01,16706.3,13396.9,3309.4,8224.8,6560.2,1664.5,1.0,37.870559195,19.8092935,1477.2,196.2,1281.0,758.2,96.6,661.6,3414.6,3242.6,172.0,1623.7,1548.4,75.3,3.266666667,0.7,eurostat,0.214285714
POL,2020-07-01,16831.9,13477.2,3354.7,8491.8,6726.8,1764.9,1.0,38.808178792,19.930607953,1478.2,187.2,1291.0,769.7,93.7,676.0,3436.4,3265.4,171.0,1663.1,1582.3,80.8,3.366666667,0.7,eurostat,0.207920792
POL,2020-10-01,16974.3,13499.9,3474.4,8490.2,6692.7,1797.5,1.0,38.475360262,20.468590752,1572.3,183.1,1389.2,804.0,91.9,712.1,3492.2,3320.1,172.1,1677.1,1593.6,83.5,3.233333333,0.8,eurostat,0.24742268
POL,2021-01-01,17072.1,13599.1,3473.0,8670.3,6800.5,1869.9,1.0,39.066439035,20.343132948,1564.1,133.4,1430.7,828.1,68.3,759.8,3566.4,3389.5,176.9,1743.9,1659.0,84.9,3.766666667,0.9,eurostat,0.238938053
POL,2021-04-01,17296.0,13880.2,3415.8,8916.9,7042.0,1874.9,1.0,39.657457482,19.749074931,1478.8,128.8,1350.0,793.5,66.0,727.5,3593.8,3421.9,171.9,1776.8,1691.1,85.7,3.666666667,1.2,eurostat,0.327272727
POL,2021-07-01,17440.3,13981.0,3459.3,8933.4,7039.7,1893.8,1.0,39.402109791,19.83509458,1488.5,142.1,1346.4,804.8,72.7,732.2,3633.0,3475.2,157.8,1784.5,1700.2,84.3,3.133333333,1.2,eurostat,0.382978723
POL,2021-10-01,17461.2,14001.0,3460.2,8955.3,7038.5,1916.9,1.0,39.45142549,19.816507457,1498.1,138.5,1359.6,828.6,70.6,758.0,3627.6,3459.8,167.8,1769.1,1682.0,87.1,2.966666667,1.2,eurostat,0.404494382
POL,2022-01-01,17471.9,13970.6,3501.3,8942.5,7007.0,1935.5,1.0,39.370910742,20.039606454,1517.3,136.4,1380.9,836.8,70.5,766.4,3600.0,3406.7,193.3,1758.8,1666.3,92.5,2.833333333,1.2,eurostat,0.423529412
POL,2022-04-01,17568.0,14025.1,3542.9,8950.6,7011.7,1938.9,1.0,39.19101163,20.16678051,1530.4,130.5,1399.9,832.8,65.6,767.3,3650.4,3449.8,200.6,1785.0,1690.7,94.3,2.8,1.2,eurostat,0.428571429
POL,2022-07-01,17455.8,13977.9,3477.9,8848.8,6962.9,1885.9,1.0,38.994312668,19.92403671,1460.7,117.6,1343.1,788.9,59.2,729.7,3641.7,3439.8,201.9,1760.2,1663.8,96.4,2.966666667,1.1,eurostat,0.370786517
POL,2022-10-01,17547.3,14083.1,3464.2,8929.9,7029.7,1900.2,1.0,39.146500294,19.74206858,1438.0,122.1,1315.9,795.9,61.0,735.0,3774.9,3589.1,185.8,1840.2,1743.9,96.3,2.9,1.0,eurostat,0.344827586
POL,2023-01-01,17572.1,14050.7,3521.4,8980.2,7050.6,1929.6,1.0,39.311443446,20.039722059,1446.6,158.5,1288.1,774.4,83.3,691.1,3763.6,3559.1,204.5,1838.9,1740.8,98.1,2.666666667,0.9,eurostat,0.3375
POL,2023-04-01,17565.1,13971.2,3593.9,8862.4,6916.0,1946.4,1.0,38.811226633,20.460458523,1456.5,151.5,1305.0,785.8,78.2,707.7,3781.4,3566.0,215.4,1829.7,1728.0,101.6,2.766666667,0.9,eurostat,0.325301205
POL,2023-07-01,17522.0,13975.4,3546.6,8829.9,6919.1,1910.7,1.0,38.764015348,20.240840087,1443.6,153.2,1290.4,759.4,78.1,681.3,3786.5,3573.1,213.4,1827.7,1721.7,106.0,2.833333333,0.9,eurostat,0.317647059
POL,2023-10-01,17492.6,13991.2,3501.4,8815.3,6970.2,1845.1,1.0,38.76496347,20.016464105,1349.0,140.2,1208.8,694.1,71.3,622.8,3782.9,3563.4,219.5,1842.8,1735.1,107.7,3.066666667,0.9,eurostat,0.293478261
POL,2024-01-01,17446.7,14000.1,3446.6,8779.7,6938.8,1840.9,1.0,38.709987474,19.755025306,1305.4,129.9,1175.5,677.9,65.3,612.7,3791.2,3577.1,214.1,1824.2,1719.0,105.2,2.9,0.9,eurostat,0.310344828
POL,2024-04-01,17411.7,14030.3,3381.4,8741.5,6942.5,1799.0,1.0,38.619036448,19.420274873,1216.8,130.0,1086.8,626.9,62.0,564.9,3777.6,3563.5,214.1,1820.5,1716.4,104.2,2.866666667,0.9,eurostat,0.313953488
POL,2024-07-01,17375.4,14055.5,3319.9,8694.6,6937.6,1757.0,1.0,38.492085628,19.106898258,1162.3,126.0,1036.3,599.7,61.9,537.7,3811.2,3606.1,205.1,1834.7,1735.6,99.1,2.966666667,0.9,eurostat,0.303370786
POL,2024-10-01,17399.5,14106.7,3292.8,8655.3,6915.8,1739.5,1.0,38.265025299,18.924681744,1139.0,114.9,1024.1,592.0,56.2,535.9,3849.7,3626.6,223.1,1834.5,1731.6,103.0,2.833333333,0.8,eurostat,0.282352941
POL,2025-01-01,17320.1,13990.0,3330.1,8635.6,6874.4,1761.2,1.0,38.352949641,19.226794303,1126.0,110.0,1016.0,589.4,54.9,534.5,3790.4,3572.4,218.0,1824.4,1721.6,102.8,3.166666667,0.8,eurostat,0.252631579
POL,2025-04-01,17422.2,14071.5,3350.7,8650.4,6892.0,1758.4,1.0,38.193533803,19.232358715,1126.2,114.8,1011.4,578.3,54.2,524.1,3834.3,3606.3,228.0,1826.3,1723.4,103.0,3.066666667,0.8,eurostat,0.260869565
POL,2025-07-01,17451.3,14105.0,3346.3,8691.6,6935.0,1756.6,1.0,38.311450458,19.175075782,1123.2,100.6,1022.6,572.9,48.8,524.1,3855.2,3635.2,220.0,1849.2,1743.4,105.8,3.166666667,0.8,eurostat,0.252631579
POL,2025-10-01,17506.1,14147.5,3358.6,8694.9,6930.7,1764.2,1.0,38.206023131,19.185312548,1173.9,140.5,1033.4,602.8,66.5,536.3,3841.3,3635.3,206.0,1847.5,1745.0,102.5,3.166666667,0.8,eurostat,0.252631579
POL,2026-01-01,17527.7,14146.9,3380.8,8691.2,6921.7,1769.5,1.0,38.142702474,19.288326478,1172.0,137.4,1034.6,610.7,67.4,543.3,3830.7,3601.7,229.0,1829.8,1725.9,103.9,,,,
POL,2026-04-01,17500.0,14099.1,3400.9,,,,1.0,,19.433714286,1153.7,115.9,1037.8,,,,3794.7,3580.7,214.0,,,,,,,
PRT,1995-01-01,4514.0,3594.5,919.5,2118.2,1676.4,441.9,1.0,36.096247572,20.369960124,647.8,108.2,539.6,280.6,57.6,222.9,782.0,765.2,16.8,350.1,334.9,15.2,,,,
PRT,1995-04-01,4530.1,3599.3,930.7,2169.7,1720.6,449.1,1.0,36.842453809,20.544800336,660.0,108.2,551.8,282.1,58.0,224.2,788.1,769.4,18.7,363.7,347.5,16.2,,,,
PRT,1995-07-01,4520.5,3588.4,932.0,2098.3,1637.5,460.8,1.0,35.705716692,20.617188364,653.4,107.5,545.9,283.9,55.2,228.7,787.4,768.5,18.9,357.1,339.6,17.5,,,,
PRT,1995-10-01,4551.4,3587.0,964.4,2208.4,1732.4,476.0,1.0,37.32410315,21.189084677,660.1,104.1,556.0,286.3,55.4,230.9,803.0,778.4,24.6,375.4,356.9,18.6,,,,
PRT,1996-01-01,4567.2,3596.8,970.4,2173.5,1698.7,474.8,1.0,36.607178948,21.247153617,657.6,102.0,555.6,286.9,54.3,232.5,805.6,782.1,23.4,370.8,352.1,18.7,,,,
PRT,1996-04-01,4590.0,3621.8,968.2,2189.1,1717.9,471.2,1.0,36.686777275,21.093681917,668.0,101.9,566.1,285.1,52.9,232.2,803.1,783.1,19.9,369.5,352.4,17.1,,,,
PRT,1996-07-01,4630.7,3671.6,959.1,2180.4,1706.0,474.4,1.0,36.219810595,20.711771438,658.8,102.6,556.2,289.1,53.2,235.9,815.3,796.2,19.1,364.8,347.7,17.1,,,,
PRT,1996-10-01,4631.6,3656.9,974.7,2200.6,1725.9,474.7,1.0,36.548260445,21.044563434,675.7,102.0,573.6,290.4,53.4,237.0,806.5,788.1,18.4,368.5,352.1,16.4,,,,
PRT,1997-01-01,4667.7,3686.2,981.4,2228.5,1750.5,478.0,1.0,36.725384434,21.025344388,670.0,102.7,567.3,293.4,54.5,238.9,812.5,793.4,19.1,377.3,360.1,17.2,,,,
PRT,1997-04-01,4696.4,3706.1,990.3,2211.3,1741.0,470.3,1.0,36.219231752,21.086364024,676.4,103.2,573.2,287.7,55.1,232.7,818.1,798.3,19.8,374.7,357.1,17.6,,,,
PRT,1997-07-01,4751.9,3757.3,994.6,2226.6,1741.9,484.7,1.0,36.043882042,20.930575138,662.1,104.1,558.1,288.4,54.7,233.7,823.7,802.1,21.6,367.3,347.9,19.4,,,,
PRT,1997-10-01,4786.2,3791.8,994.5,2282.4,1799.1,483.3,1.0,36.682384934,20.778488153,669.9,104.1,565.8,287.9,55.3,232.6,831.0,810.3,20.8,381.8,363.5,18.3,,,,
PRT,1998-01-01,4818.1,3808.4,1009.7,2301.7,1810.9,490.8,1.0,36.74764869,20.956393599,654.8,102.8,552.0,282.7,54.3,228.3,837.8,814.6,23.2,386.7,368.0,18.7,,,,
PRT,1998-04-01,4879.3,3849.9,1029.4,2313.9,1808.5,505.5,1.0,36.479066196,21.097288545,659.2,102.7,556.5,281.5,53.0,228.5,845.6,821.6,24.0,383.5,363.7,19.9,,,,
PRT,1998-07-01,4849.0,3863.8,985.2,2354.0,1854.1,500.0,1.0,37.343147675,20.317591256,631.0,100.6,530.4,278.9,51.8,227.1,853.4,836.0,17.5,402.8,384.1,18.7,,,,
PRT,1998-10-01,4886.2,3902.9,983.3,2305.4,1811.8,493.6,1.0,36.29373778,20.124022758,630.1,98.5,531.6,272.3,50.8,221.5,865.4,845.6,19.8,393.1,374.3,18.8,,,,
PRT,1999-01-01,4906.9,3934.0,973.0,2341.0,1845.7,495.3,1.0,36.698714683,19.829220078,623.1,98.2,524.8,270.5,49.9,220.6,871.4,852.9,18.4,398.6,379.6,19.0,,,,
PRT,1999-04-01,4930.2,3939.2,991.0,2368.2,1872.8,495.4,1.0,36.949663456,20.100604438,621.6,95.4,526.2,268.6,50.3,218.4,880.3,859.0,21.3,409.8,391.1,18.7,,,,
PRT,1999-07-01,4939.6,3941.8,997.9,2363.1,1867.8,495.3,1.0,36.799927743,20.202040651,612.0,94.9,517.1,266.8,50.4,216.4,879.6,857.6,22.0,408.4,389.4,19.0,,,,
PRT,1999-10-01,4956.1,3952.5,1003.7,2354.9,1847.5,507.4,1.0,36.550141007,20.2518109,624.8,92.7,532.1,269.0,47.4,221.6,893.1,869.2,23.9,406.7,386.7,19.9,,,,
PRT,2000-01-01,4999.8,4001.4,998.4,2402.3,1886.3,516.0,1.0,36.959939936,19.968798752,622.6,92.5,530.2,276.2,48.1,228.1,899.3,878.3,20.9,410.8,391.6,19.2,,,,
PRT,2000-04-01,5021.0,4020.4,1000.6,2394.5,1886.8,507.7,1.0,36.684387113,19.928301135,627.1,94.3,532.9,273.6,47.5,226.1,907.2,886.1,21.1,413.1,393.6,19.4,,,,
PRT,2000-07-01,5060.3,4038.3,1022.0,2441.0,1929.2,511.8,1.0,37.106343649,20.196431042,639.6,95.1,544.5,279.4,48.5,230.9,908.1,885.7,22.4,423.6,404.3,19.3,,,,
PRT,2000-10-01,5086.4,4054.3,1032.1,2445.3,1932.7,512.6,1.0,36.980968858,20.291365209,649.2,95.6,553.7,277.1,47.6,229.6,895.7,870.8,24.9,420.0,400.0,20.0,,,,
PRT,2001-01-01,5109.5,4083.3,1026.2,2403.9,1907.9,496.0,1.0,36.190504867,20.084156963,652.3,95.5,556.8,271.0,47.7,223.3,909.3,884.1,25.2,412.8,393.4,19.4,,,,
PRT,2001-04-01,5120.4,4066.6,1053.8,2456.0,1929.0,526.9,1.0,36.896155949,20.580423404,656.6,96.6,560.0,281.3,49.1,232.3,909.7,886.9,22.8,421.9,401.7,20.1,,,,
PRT,2001-07-01,5133.3,4093.5,1039.8,2449.0,1933.7,515.4,1.0,36.698540001,20.255975688,654.5,94.9,559.6,276.2,47.9,228.3,920.1,897.7,22.4,425.8,405.7,20.1,,,,
PRT,2001-10-01,5157.2,4119.7,1037.5,2458.4,1939.8,518.6,1.0,36.66867531,20.117505623,643.8,94.9,548.9,276.6,48.6,228.0,934.0,910.6,23.4,426.9,406.1,20.9,,,,
PRT,2002-01-01,5158.0,4133.2,1024.8,2444.9,1937.7,507.2,1.0,36.461657768,19.868165956,631.8,95.2,536.6,267.8,47.1,220.7,948.9,923.4,25.5,431.3,410.0,21.4,,,,
PRT,2002-04-01,5168.4,4132.7,1035.7,2457.7,1946.5,511.2,1.0,36.578795402,20.039083662,634.0,95.4,538.6,265.4,46.8,218.6,959.7,931.8,27.9,441.5,419.8,21.8,,,,
PRT,2002-07-01,5168.0,4141.6,1026.5,2452.6,1944.8,507.8,1.0,36.505715647,19.862616099,640.1,95.1,544.9,264.5,47.5,217.0,959.0,931.9,27.1,442.4,419.9,22.5,,,,
PRT,2002-10-01,5105.3,4124.1,981.2,2414.1,1935.5,478.6,1.0,36.373964312,19.219242748,630.3,94.0,536.3,256.1,47.0,209.1,946.1,928.3,17.8,435.3,418.3,17.0,,,,
PRT,2003-01-01,5112.5,4100.1,1012.4,2415.2,1925.4,489.9,1.0,36.339289073,19.802444988,638.8,94.2,544.6,262.5,47.5,214.9,949.6,925.7,23.9,437.5,417.1,20.4,,,,
PRT,2003-04-01,5101.4,4084.8,1016.7,2408.5,1912.4,496.1,1.0,36.317330688,19.929823186,640.0,96.8,543.1,265.0,47.2,217.9,935.4,910.3,25.1,430.7,410.0,20.6,,,,
PRT,2003-07-01,5100.3,4083.6,1016.7,2409.4,1914.3,495.1,1.0,36.338737239,19.934121522,645.6,96.5,549.1,262.5,47.1,215.4,953.2,925.0,28.2,435.2,413.5,21.7,,,,
PRT,2003-10-01,5086.6,4084.5,1002.1,2406.0,1914.7,491.4,1.0,36.385193071,19.700782448,625.9,96.2,529.6,257.2,48.0,209.2,945.0,921.5,23.5,437.7,418.6,19.1,,,,
PRT,2004-01-01,5074.9,4087.3,987.5,2415.3,1929.5,485.8,1.0,36.610043093,19.458511498,616.0,96.5,519.5,254.5,48.4,206.0,945.5,920.7,24.8,442.1,421.9,20.1,,,,
PRT,2004-04-01,5067.1,4123.3,943.8,2427.9,1960.3,467.5,1.0,36.857677658,18.626038562,605.7,97.6,508.2,250.2,48.6,201.6,953.9,930.3,23.6,446.2,426.7,19.4,,,,
PRT,2004-07-01,5054.4,4087.1,967.3,2372.2,1908.7,463.5,1.0,36.102588453,19.137780943,614.2,96.2,518.0,243.9,46.6,197.2,961.0,935.3,25.7,434.2,413.3,21.0,,,,
PRT,2004-10-01,5060.3,4111.0,949.3,2386.7,1918.6,468.2,1.0,36.280913719,18.759757327,606.1,98.4,507.7,247.6,48.8,198.8,966.8,941.2,25.6,441.5,420.5,21.0,,,,
PRT,2005-01-01,5038.4,4094.5,944.0,2390.4,1923.6,466.9,1.0,36.49510223,18.736106701,596.7,96.6,500.1,245.1,47.4,197.7,963.9,937.4,26.5,442.8,421.1,21.7,,,,
PRT,2005-04-01,5044.2,4106.7,937.5,2395.3,1932.7,462.6,1.0,36.527862923,18.585702391,592.2,96.4,495.7,244.2,47.5,196.7,964.3,937.1,27.2,445.7,424.7,21.0,,,,
PRT,2005-07-01,5037.8,4100.3,937.5,2378.5,1922.0,456.5,1.0,36.317745536,18.609313589,605.9,97.4,508.5,240.9,47.3,193.6,963.3,939.3,24.0,444.4,424.3,20.1,,,,
PRT,2005-10-01,5043.4,4111.8,931.6,2404.1,1948.3,455.8,1.0,36.667876677,18.47166594,598.0,98.4,499.6,239.6,47.8,191.8,963.6,938.7,24.9,447.7,426.7,21.0,,,,
PRT,2006-01-01,5055.8,4135.0,920.9,2390.0,1939.3,450.6,1.0,36.363415057,18.214723684,598.3,98.9,499.4,236.4,48.3,188.1,969.5,944.8,24.7,445.7,425.6,20.1,,,,
PRT,2006-04-01,5076.6,4133.9,942.7,2399.6,1943.8,455.8,1.0,36.359889569,18.56951503,599.2,98.8,500.5,233.5,48.2,185.3,967.2,937.4,29.8,447.6,424.7,22.9,,,,
PRT,2006-07-01,5076.8,4155.1,921.7,2394.9,1958.3,436.6,1.0,36.287243327,18.155137094,605.0,98.9,506.1,229.1,47.5,181.7,959.2,933.9,25.3,442.8,421.2,21.6,,,,
PRT,2006-10-01,5034.2,4142.5,891.7,2362.1,1941.0,421.1,1.0,36.093123038,17.712844146,584.7,96.7,488.0,224.4,45.0,179.4,956.3,930.7,25.7,442.4,422.9,19.5,,,,
PRT,2007-01-01,5047.3,4153.7,893.5,2379.2,1947.7,431.5,1.0,36.260056786,17.702534028,592.1,97.5,494.6,230.0,44.6,185.5,958.2,934.0,24.2,441.4,421.5,19.9,,,,
PRT,2007-04-01,5040.8,4158.8,881.9,2380.1,1942.5,437.6,1.0,36.32054741,17.495238851,585.0,96.8,488.1,232.0,44.7,187.3,958.9,935.1,23.8,439.7,419.6,20.1,,,,
PRT,2007-07-01,5085.6,4177.3,908.3,2436.1,1982.4,453.7,1.0,36.847630111,17.860232814,592.5,95.3,497.2,231.7,45.7,186.0,965.0,935.8,29.3,452.1,428.2,23.9,,,,
PRT,2007-10-01,5072.7,4176.4,896.3,2439.2,1976.4,462.8,1.0,36.988343334,17.669091411,574.9,93.8,481.1,232.2,46.9,185.3,951.6,923.8,27.8,444.1,417.5,26.6,,,,
PRT,2008-01-01,5088.4,4185.4,903.0,2451.5,1979.6,471.9,1.0,37.060160969,17.746246364,585.8,96.3,489.5,233.7,47.9,185.8,957.8,928.2,29.6,451.4,422.6,28.7,,,,
PRT,2008-04-01,5097.0,4209.3,887.7,2395.4,1968.9,426.5,1.0,36.150978705,17.416127134,580.1,97.0,483.1,222.3,42.8,179.4,971.9,945.6,26.3,448.8,427.9,20.8,,,,
PRT,2008-07-01,5072.7,4173.5,899.2,2375.9,1951.0,424.9,1.0,36.028453972,17.726260177,584.9,97.2,487.7,219.4,43.3,176.1,966.4,939.2,27.2,449.0,426.2,22.8,,,,
PRT,2008-10-01,5062.4,4195.0,867.4,2380.5,1957.5,423.0,1.0,36.171654673,17.134165613,570.6,96.9,473.7,223.6,44.0,179.6,979.4,951.5,27.9,451.0,427.2,23.7,,,,
PRT,2009-01-01,5000.5,4129.2,871.3,2354.8,1933.6,421.2,1.0,36.224069901,17.424257574,579.8,95.7,484.0,223.0,43.1,179.9,972.3,942.8,29.5,452.6,427.7,24.8,,,,
PRT,2009-04-01,4947.4,4094.9,852.5,2337.4,1925.7,411.7,1.0,36.342321219,17.231272992,564.9,95.2,469.7,218.8,43.5,175.3,978.9,945.0,33.8,456.1,430.7,25.3,,,,
PRT,2009-07-01,4905.4,4072.7,832.7,2311.6,1904.4,407.2,1.0,36.248906229,16.975170221,571.5,94.4,477.2,217.3,44.2,173.1,990.5,960.6,29.8,459.1,432.8,26.2,,,,
PRT,2009-10-01,4913.5,4069.9,843.6,2340.0,1934.7,405.2,1.0,36.633764119,17.169024117,568.9,95.1,473.8,213.2,44.3,168.8,993.0,958.5,34.5,465.0,439.8,25.2,,,,
PRT,2010-01-01,4921.6,4082.8,838.9,2327.1,1941.4,385.8,1.0,36.371849055,17.045269831,570.7,95.1,475.7,202.1,43.6,158.5,998.6,964.8,33.7,461.3,436.8,24.5,,,,
PRT,2010-04-01,4871.5,4081.9,789.6,2321.2,1940.7,380.5,1.0,36.652744771,16.208559992,545.1,94.8,450.4,200.1,44.8,155.4,987.3,956.2,31.1,459.9,435.6,24.3,,,,
PRT,2010-07-01,4854.1,4056.4,797.7,2316.3,1934.0,382.4,1.0,36.706479693,16.433530418,535.9,94.5,441.4,197.6,43.6,154.0,974.7,943.8,30.9,466.9,441.8,25.1,,,,
PRT,2010-10-01,4838.1,4043.7,794.4,2259.9,1870.1,389.8,1.0,35.931142709,16.419668878,521.0,93.7,427.3,198.1,42.1,155.9,984.2,949.8,34.4,450.3,424.6,25.6,,,,
PRT,2011-01-01,4849.4,4035.3,814.1,2262.6,1893.0,369.7,1.0,35.890244947,16.787643832,533.4,91.0,442.4,185.2,42.4,142.8,978.0,946.1,31.9,453.5,432.1,21.3,,,,
PRT,2011-04-01,4818.4,4018.0,800.4,2243.9,1871.7,372.1,1.0,35.82261587,16.611323261,522.0,90.5,431.5,183.5,41.5,142.0,978.3,946.5,31.8,450.9,427.2,23.7,,,,
PRT,2011-07-01,4775.5,3980.0,795.6,2221.0,1850.8,370.2,1.0,35.775553104,16.660035598,509.9,89.9,420.0,179.2,41.4,137.8,980.2,948.4,31.8,448.4,425.7,22.7,,,,
PRT,2011-10-01,4673.1,3903.4,769.7,2191.1,1826.4,364.7,1.0,36.067311602,16.470865164,484.1,89.6,394.5,175.9,41.4,134.6,971.7,939.9,31.7,448.1,424.0,24.1,,,,
PRT,2012-01-01,4666.1,3857.2,808.9,2174.5,1811.3,363.2,1.0,35.847759536,17.335676475,521.6,92.3,429.4,180.2,42.1,138.1,972.4,940.4,32.0,453.6,429.6,24.0,,,,
PRT,2012-04-01,4635.6,3817.4,818.2,2125.5,1767.7,357.9,1.0,35.270515144,17.650358098,523.7,93.7,430.0,170.9,42.1,128.7,968.0,936.2,31.8,444.6,422.4,22.2,,,,
PRT,2012-07-01,4569.0,3784.5,784.6,2090.2,1744.8,345.4,1.0,35.190329478,17.172247757,501.8,94.3,407.5,166.5,42.2,124.3,972.5,940.1,32.4,442.3,419.6,22.7,,,,
PRT,2012-10-01,4470.5,3714.7,755.8,2062.9,1714.9,348.0,1.0,35.495943493,16.90638631,481.2,94.0,387.2,168.3,42.9,125.4,961.4,929.4,32.0,442.5,419.5,23.0,,,,
PRT,2013-01-01,4420.7,3690.6,730.1,2028.2,1716.7,311.5,1.0,35.292009097,16.515483973,472.6,93.8,378.9,159.0,43.5,115.4,956.4,924.7,31.8,442.0,421.4,20.7,,,,
PRT,2013-04-01,4429.7,3692.3,737.4,2067.2,1733.1,334.1,1.0,35.897551666,16.646725512,476.4,94.2,382.1,163.2,43.3,119.8,955.8,924.0,31.8,447.2,424.7,22.5,,,,
PRT,2013-07-01,4460.7,3693.9,766.8,2052.3,1709.2,343.0,1.0,35.391133851,17.19012711,470.7,94.4,376.4,161.7,44.4,117.3,955.3,923.3,32.0,438.2,414.0,24.2,,,,
PRT,2013-10-01,4499.1,3747.9,751.1,2109.5,1774.5,335.0,1.0,36.067042468,16.694450001,456.4,97.2,359.2,159.5,45.5,114.0,954.3,922.1,32.2,449.9,430.3,19.6,,,,
PRT,2014-01-01,4496.9,3745.0,751.9,2084.0,1752.2,331.8,1.0,35.648489472,16.720407392,453.7,96.7,357.0,153.1,43.8,109.3,955.8,923.4,32.4,452.5,430.4,22.1,15.566666667,0.5,eurostat,0.032119914
PRT,2014-04-01,4504.3,3757.8,746.5,2101.0,1768.1,332.9,1.0,35.880244348,16.573052417,435.5,97.6,337.8,152.8,46.1,106.7,957.6,924.9,32.8,453.6,431.5,22.1,14.966666667,0.6,eurostat,0.040089087
PRT,2014-07-01,4559.9,3813.2,746.7,2112.2,1787.6,324.6,1.0,35.63168558,16.375359109,447.8,99.4,348.4,150.7,45.0,105.8,954.1,921.1,33.0,450.8,428.8,22.0,14.0,0.7,eurostat,0.05
PRT,2014-10-01,4524.8,3812.8,712.0,2124.5,1803.1,321.4,1.0,36.11719345,15.735502122,414.5,98.8,315.7,145.3,46.4,98.9,955.1,921.6,33.5,449.8,428.7,21.1,14.0,0.6,eurostat,0.042857143
PRT,2015-01-01,4564.1,3830.1,734.0,2104.1,1776.9,327.2,1.0,35.462379473,16.082031507,425.2,99.5,325.6,145.6,45.8,99.8,956.6,922.4,34.2,447.3,424.6,22.7,14.0,0.6,eurostat,0.042857143
PRT,2015-04-01,4592.9,3862.0,730.9,2147.7,1815.9,331.8,1.0,35.970234995,15.913692874,415.9,101.4,314.5,147.5,46.8,100.7,959.3,924.5,34.7,454.8,431.3,23.5,12.833333333,0.7,eurostat,0.054545455
PRT,2015-07-01,4585.6,3880.0,705.6,2150.0,1825.0,325.0,1.0,36.066079768,15.387299372,396.7,101.7,295.0,143.9,47.5,96.4,961.3,926.3,35.0,454.4,432.2,22.2,12.5,0.6,eurostat,0.048
PRT,2015-10-01,4620.5,3905.8,714.8,2176.1,1851.3,324.8,1.0,36.228180433,15.470187209,394.5,102.0,292.5,144.0,48.1,95.9,966.4,931.1,35.3,462.0,438.5,23.5,12.6,0.7,eurostat,0.055555556
PRT,2016-01-01,4616.1,3912.6,703.5,2188.7,1867.8,320.9,1.0,36.472680068,15.240137779,380.1,102.4,277.6,139.0,50.0,89.0,971.1,935.8,35.3,461.7,438.8,22.9,12.566666667,0.7,eurostat,0.055702918
PRT,2016-04-01,4644.5,3944.2,700.3,2190.1,1866.4,323.7,1.0,36.272845467,15.078049306,374.8,102.3,272.5,136.8,49.5,87.3,972.0,936.7,35.2,458.3,435.3,23.0,11.6,0.7,eurostat,0.060344828
PRT,2016-07-01,4698.2,3968.4,729.8,2179.4,1845.7,333.7,1.0,35.683060288,15.533608616,387.9,102.3,285.6,138.2,47.8,90.4,982.8,946.8,36.0,453.5,431.1,22.4,11.0,0.7,eurostat,0.063636364
PRT,2016-10-01,4727.0,3997.1,729.9,2199.3,1870.3,328.9,1.0,35.789490814,15.441083139,388.3,103.4,284.9,134.4,48.3,86.1,987.2,950.7,36.6,457.1,434.1,23.0,10.666666667,0.8,eurostat,0.075
PRT,2017-01-01,4767.6,4047.2,720.4,2234.7,1909.5,325.2,1.0,36.055877171,15.110328048,376.1,104.4,271.7,133.1,49.7,83.5,992.0,954.7,37.3,460.6,437.9,22.7,10.233333333,0.9,eurostat,0.087947883
PRT,2017-04-01,4817.0,4073.8,743.3,2232.1,1902.0,330.1,1.0,35.64459207,15.430766037,382.9,105.8,277.2,132.4,48.6,83.9,995.6,957.5,38.1,456.3,433.5,22.9,9.5,0.9,eurostat,0.094736842
PRT,2017-07-01,4842.0,4108.6,733.4,2264.3,1933.1,331.3,1.0,35.972103072,15.146633622,369.9,106.0,263.9,134.4,52.8,81.6,1000.9,962.0,38.9,463.2,439.1,24.1,8.833333333,0.9,eurostat,0.101886792
PRT,2017-10-01,4878.1,4143.8,734.4,2262.1,1932.4,329.7,1.0,35.671202375,15.055041922,357.2,107.4,249.8,130.2,49.0,81.2,1004.5,964.8,39.7,458.4,436.1,22.2,8.266666667,0.8,eurostat,0.096774194
PRT,2018-01-01,4919.3,4173.0,746.3,2286.7,1951.1,335.6,1.0,35.757119915,15.170857642,359.3,108.6,250.7,131.9,50.5,81.4,1006.0,965.6,40.4,463.1,439.5,23.5,7.933333333,0.9,eurostat,0.113445378
PRT,2018-04-01,4931.1,4176.9,754.1,2305.0,1966.7,338.3,1.0,35.957026284,15.292733873,357.7,107.4,250.3,133.0,50.3,82.7,1011.5,970.1,41.5,464.1,441.6,22.5,7.233333333,0.8,eurostat,0.110599078
PRT,2018-07-01,4945.9,4185.8,760.2,2340.8,1996.6,344.1,1.0,36.406223025,15.370306719,353.1,106.0,247.1,131.5,49.6,82.0,1015.6,973.1,42.5,468.5,445.0,23.5,6.833333333,0.9,eurostat,0.131707317
PRT,2018-10-01,4973.0,4185.3,787.7,2329.3,1972.8,356.5,1.0,36.029946326,15.839533481,354.7,103.0,251.7,130.1,48.9,81.3,1017.6,974.2,43.4,466.9,442.1,24.8,6.733333333,0.9,eurostat,0.133663366
PRT,2019-01-01,4989.1,4199.2,789.9,2336.3,1973.6,362.6,1.0,36.02160402,15.832514882,349.4,99.8,249.6,128.9,47.7,81.3,1021.2,976.6,44.6,471.1,445.5,25.6,6.733333333,1.0,eurostat,0.148514851
PRT,2019-04-01,4974.0,4208.5,765.5,2326.0,1980.1,345.9,1.0,35.971668059,15.390028146,320.3,97.5,222.8,123.8,47.6,76.2,1024.1,978.7,45.3,467.2,442.2,25.0,6.7,0.9,eurostat,0.134328358
PRT,2019-07-01,4983.0,4216.3,766.7,2348.2,2002.1,346.1,1.0,36.249401812,15.386313466,317.6,95.6,222.0,122.8,46.7,76.1,1026.6,980.9,45.7,472.1,447.8,24.2,6.4,1.0,eurostat,0.15625
PRT,2019-10-01,4987.0,4209.4,777.6,2352.1,2007.6,344.6,1.0,36.280483102,15.592540606,311.9,95.0,216.9,118.6,47.1,71.6,1031.2,985.4,45.8,474.2,449.2,25.0,6.766666667,1.0,eurostat,0.147783251
PRT,2020-01-01,4966.1,4200.4,765.7,2264.4,1936.2,328.2,1.0,35.074729745,15.418537686,305.9,95.1,210.7,122.5,45.1,77.3,1036.8,991.1,45.7,467.0,443.0,23.9,6.566666667,0.6,eurostat,0.091370558
PRT,2020-04-01,4802.8,4064.9,737.9,1838.0,1582.8,255.2,1.0,29.437956064,15.36395436,316.1,95.0,221.1,116.5,44.4,72.1,1033.5,988.4,45.1,418.0,398.1,19.9,6.4,0.7,eurostat,0.109375
PRT,2020-07-01,4844.8,4105.2,739.6,2232.9,1921.0,311.9,1.0,35.452761406,15.265852048,325.1,96.3,228.8,118.4,46.5,71.9,1045.7,999.7,46.0,473.3,450.6,22.7,8.133333333,0.7,eurostat,0.086065574
PRT,2020-10-01,4923.9,4150.0,773.8,2259.3,1937.5,321.8,1.0,35.295661507,15.715185117,332.1,97.6,234.5,118.6,45.3,73.3,1060.5,1013.3,47.3,475.7,454.1,21.6,7.333333333,0.7,eurostat,0.095454545
PRT,2021-01-01,4830.4,4110.8,719.7,2117.3,1853.7,263.6,1.0,33.71754529,14.899387214,290.9,97.0,193.9,116.7,46.4,70.3,1068.4,1019.9,48.4,474.6,453.0,21.5,7.0,0.8,eurostat,0.114285714
PRT,2021-04-01,4948.1,4190.7,757.5,2295.0,1985.5,309.5,1.0,35.678030262,15.308906449,313.7,100.2,213.4,114.4,50.2,64.2,1079.5,1029.9,49.6,488.4,466.7,21.7,7.166666667,1.0,eurostat,0.139534884
PRT,2021-07-01,4992.7,4184.4,808.2,2300.7,1966.5,334.2,1.0,35.447137436,16.187633946,322.0,98.5,223.5,113.6,44.7,68.9,1090.9,1040.5,50.4,481.4,458.7,22.7,6.5,1.1,eurostat,0.169230769
PRT,2021-10-01,5040.5,4221.3,819.1,2267.8,1936.4,331.4,1.0,34.60889869,16.250371987,317.6,98.4,219.1,112.3,47.5,64.8,1100.7,1049.8,50.9,473.6,450.1,23.5,6.266666667,1.1,eurostat,0.175531915
PRT,2022-01-01,5136.0,4315.0,821.1,2371.2,2041.3,329.9,1.0,35.514018692,15.987149533,318.4,100.6,217.8,105.0,47.2,57.8,1108.6,1057.3,51.2,500.9,478.7,22.3,5.966666667,1.4,eurostat,0.234636871
PRT,2022-04-01,5116.7,4293.1,823.6,2338.6,2006.0,332.6,1.0,35.157876696,16.096312076,308.6,99.5,209.1,107.6,46.7,60.9,1115.4,1064.1,51.4,488.7,464.2,24.5,6.166666667,1.4,eurostat,0.227027027
PRT,2022-07-01,5146.2,4354.7,791.5,2397.4,2062.5,334.8,1.0,35.835254093,15.380280595,285.7,101.2,184.5,108.0,49.2,58.7,1120.0,1068.7,51.4,497.8,472.6,25.3,6.033333333,1.6,eurostat,0.26519337
PRT,2022-10-01,5152.7,4364.3,788.4,2429.2,2095.0,334.2,1.0,36.264781272,15.300716129,290.1,102.9,187.2,104.5,46.7,57.8,1123.7,1072.4,51.3,502.8,478.6,24.2,6.533333333,1.6,eurostat,0.244897959
PRT,2023-01-01,5203.3,4392.9,810.4,2486.2,2133.8,352.4,1.0,36.754781359,15.57473142,297.1,105.7,191.4,112.1,50.7,61.4,1128.0,1076.7,51.4,510.3,485.4,24.9,7.0,1.3,eurostat,0.185714286
PRT,2023-04-01,5239.2,4416.1,823.0,2489.1,2129.6,359.5,1.0,36.545509003,15.708505115,303.6,107.9,195.7,113.7,51.4,62.3,1131.1,1079.6,51.5,502.4,478.9,23.5,6.466666667,1.5,eurostat,0.231958763
PRT,2023-07-01,5243.7,4441.1,802.6,2510.2,2168.1,342.1,1.0,36.82367559,15.305986231,301.1,108.5,192.6,108.7,49.7,59.0,1132.5,1081.0,51.6,512.7,488.8,23.9,6.266666667,1.4,eurostat,0.223404255
PRT,2023-10-01,5266.6,4467.1,799.4,2513.3,2162.4,350.9,1.0,36.708838573,15.178673148,302.7,107.8,194.9,109.0,48.7,60.3,1133.9,1082.0,51.9,509.7,484.5,25.1,6.533333333,1.4,eurostat,0.214285714
PRT,2024-01-01,5255.8,4464.3,791.5,2509.7,2169.0,340.6,1.0,36.73158152,15.059553255,289.3,105.9,183.4,101.2,46.3,54.9,1136.7,1084.2,52.4,508.0,483.3,24.7,6.566666667,1.3,eurostat,0.197969543
PRT,2024-04-01,5258.3,4470.4,787.9,2517.3,2181.0,336.3,1.0,36.825297442,14.983930168,275.9,104.4,171.5,96.4,45.4,51.0,1140.9,1087.8,53.1,517.2,490.9,26.4,6.4,1.3,eurostat,0.203125
PRT,2024-07-01,5279.3,4468.6,810.7,2513.0,2164.8,348.2,1.0,36.616159776,15.356202527,277.5,103.0,174.5,96.9,44.3,52.7,1146.2,1092.5,53.7,510.3,485.1,25.2,6.3,1.3,eurostat,0.206349206
PRT,2024-10-01,5307.8,4490.8,817.0,2546.2,2195.9,350.3,1.0,36.900700565,15.392441313,279.2,102.8,176.4,96.3,44.0,52.3,1149.4,1095.3,54.0,516.9,490.4,26.4,6.533333333,1.3,eurostat,0.198979592
PRT,2025-01-01,5336.0,4526.0,810.0,2541.8,2187.3,354.5,1.0,36.642255795,15.179910045,267.7,96.1,171.6,97.0,42.9,54.1,1157.6,1104.0,53.6,521.0,494.0,27.1,6.433333333,1.5,eurostat,0.233160622
PRT,2025-04-01,5376.0,4547.8,828.2,2545.5,2186.4,359.2,1.0,36.422561813,15.405505952,268.7,95.2,173.5,97.9,42.9,55.0,1164.7,1110.6,54.1,516.1,489.3,26.8,6.166666667,1.3,eurostat,0.210810811
PRT,2025-07-01,5424.7,4589.8,834.9,2587.6,2223.9,363.6,1.0,36.692564353,15.39071285,254.0,91.6,162.4,89.7,40.4,49.2,1183.1,1129.7,53.4,524.3,496.2,28.1,5.866666667,1.4,eurostat,0.238636364
PRT,2025-10-01,5451.2,4605.8,845.4,2600.5,2225.9,374.6,1.0,36.696224967,15.508511887,252.8,91.0,161.8,92.1,41.1,51.0,1194.1,1140.1,54.1,535.4,507.1,28.3,5.733333333,1.5,eurostat,0.261627907
PRT,2026-01-01,5429.6,4601.7,827.9,2563.7,2199.8,363.9,1.0,36.320850948,15.247900398,238.4,88.1,150.3,87.8,39.2,48.6,1196.7,1143.6,53.1,525.4,497.8,27.6,,,,
ROU,1995-01-01,11332.0,6673.9,4658.2,5169.1,3231.1,1938.0,1.0,35.088517201,41.106600777,4703.6,561.1,4142.5,1965.0,267.1,1697.9,873.8,856.8,17.0,417.6,410.1,7.4,,,,
ROU,1995-04-01,11689.5,6765.7,4923.9,5301.6,3263.7,2037.9,1.0,34.887324917,42.122417554,5016.8,562.1,4454.7,2084.9,267.5,1817.4,846.3,838.5,7.8,401.8,398.3,3.5,,,,
ROU,1995-07-01,11675.0,6795.0,4880.1,5326.0,3279.7,2046.3,1.0,35.091418218,41.799571734,4958.7,549.5,4409.2,2087.0,263.1,1824.0,841.2,832.7,8.5,406.3,402.1,4.1,,,,
ROU,1995-10-01,11745.9,6774.6,4971.3,5365.6,3279.4,2086.1,1.0,35.138938824,42.323704442,5008.1,552.0,4456.1,2110.5,264.4,1846.1,840.7,830.4,10.3,403.3,398.6,4.7,,,,
ROU,1996-01-01,10951.0,6635.8,4315.2,5102.3,3214.5,1887.8,1.0,35.840070805,39.404620583,4379.2,558.7,3820.5,1928.4,267.2,1661.2,834.9,819.2,15.7,396.2,389.3,6.9,,,,
ROU,1996-04-01,11307.5,6730.3,4577.2,5237.6,3247.7,1989.9,1.0,35.630537934,40.47932788,4685.3,559.0,4126.3,2050.3,267.6,1782.7,808.2,801.0,7.2,379.5,376.4,3.1,,,,
ROU,1996-07-01,11301.2,6759.1,4542.0,5263.8,3266.5,1997.3,1.0,35.828734321,40.190422256,4635.4,544.7,4090.7,2051.7,262.5,1789.2,803.1,795.2,7.9,385.2,381.5,3.6,,,,
ROU,1996-10-01,11363.3,6740.3,4623.0,5302.1,3264.5,2037.6,1.0,35.892200871,40.683604235,4677.7,548.7,4129.0,2074.8,264.4,1810.4,802.6,793.0,9.6,381.4,377.2,4.2,,,,
ROU,1997-01-01,11397.3,6790.4,4606.9,5318.3,3294.5,2023.8,1.0,35.894466233,40.420976898,4694.3,561.1,4133.2,2073.9,266.9,1807.0,812.0,805.7,6.3,386.2,383.8,2.5,,,,
ROU,1997-04-01,11359.4,6743.8,4615.6,5287.1,3263.8,2023.3,1.0,35.802947339,40.632427769,4693.4,549.6,4143.8,2072.9,265.3,1807.6,842.4,828.1,14.3,398.8,392.5,6.4,,,,
ROU,1997-07-01,11307.2,6626.7,4680.5,5257.8,3201.8,2056.0,1.0,35.768904224,41.393979058,4729.1,543.9,4185.2,2089.1,261.0,1828.1,790.9,776.6,14.3,378.9,372.5,6.4,,,,
ROU,1997-10-01,11278.2,6600.3,4677.9,5226.0,3192.8,2033.2,1.0,35.643985742,41.477363409,4741.0,544.0,4197.0,2073.8,260.0,1813.8,802.8,795.3,7.5,383.4,380.1,3.3,,,,
ROU,1998-01-01,11029.9,6297.1,4732.8,5148.2,3054.6,2093.6,1.0,35.90380553,42.90882057,4718.7,490.1,4228.6,2093.3,230.8,1862.5,777.2,770.6,6.6,373.4,370.7,2.7,,,,
ROU,1998-04-01,11015.2,6287.3,4727.9,5098.7,3026.6,2072.1,1.0,35.606043677,42.921599245,4749.7,491.2,4258.5,2089.5,232.3,1857.2,807.6,793.0,14.6,376.5,370.2,6.3,,,,
ROU,1998-07-01,10963.7,6173.4,4790.3,5074.3,2986.5,2087.8,1.0,35.602102322,43.692366628,4778.0,487.6,4290.4,2089.7,232.1,1857.6,756.1,741.4,14.7,364.7,358.0,6.8,,,,
ROU,1998-10-01,10967.4,6153.1,4814.2,5118.3,2981.7,2136.7,1.0,35.89869838,43.895544979,4804.3,480.6,4323.7,2142.0,229.3,1912.8,767.9,760.2,7.7,367.8,364.4,3.4,,,,
ROU,1999-01-01,10859.9,6037.0,4822.9,5067.9,2959.8,2108.1,1.0,35.897058126,44.410169523,4788.5,471.1,4317.4,2099.3,223.2,1876.1,775.3,768.8,6.5,371.0,368.2,2.8,,,,
ROU,1999-04-01,10908.1,6048.2,4859.9,5015.8,2909.4,2106.4,1.0,35.371033382,44.553130243,4854.7,469.5,4385.2,2115.5,224.1,1891.3,805.6,790.9,14.7,373.3,367.0,6.3,,,,
ROU,1999-07-01,10828.0,5913.1,4914.9,4994.5,2869.8,2124.7,1.0,35.481373078,45.39065386,4873.0,464.8,4408.2,2117.2,223.1,1894.1,754.1,739.7,14.4,364.1,357.5,6.6,,,,
ROU,1999-10-01,10835.8,5883.6,4952.2,5002.5,2868.0,2134.5,1.0,35.512624108,45.702209343,4918.8,458.4,4460.4,2125.5,215.9,1909.6,765.9,757.4,8.5,362.1,358.4,3.7,,,,
ROU,2000-01-01,10916.6,5924.9,4991.7,5136.0,2920.1,2216.0,1.0,36.190473506,45.725775425,4983.1,468.1,4515.0,2220.2,222.7,1997.5,741.4,737.5,3.8,358.1,356.7,1.4,,,,
ROU,2000-04-01,10715.7,5860.4,4855.3,4902.9,2818.8,2084.1,1.0,35.195661865,45.310152393,4804.6,444.5,4360.1,2070.2,211.7,1858.5,773.0,751.1,21.9,355.7,345.5,10.3,,,,
ROU,2000-07-01,10692.7,5869.2,4823.5,4916.0,2855.0,2061.0,1.0,35.365608888,45.110215381,4781.9,446.6,4335.3,2050.2,212.6,1837.6,808.6,793.8,14.9,392.5,386.1,6.4,,,,
ROU,2000-10-01,10791.5,5869.5,4922.0,5015.5,2882.2,2133.3,1.0,35.751071891,45.60997081,4809.4,418.7,4390.7,2088.0,200.6,1887.4,800.5,797.1,3.4,386.1,384.7,1.4,,,,
ROU,2001-01-01,10728.9,5781.1,4947.8,5096.1,2852.0,2244.1,1.0,36.537547401,46.116563674,4834.5,371.2,4463.3,2209.9,182.5,2027.4,761.9,761.1,0.8,369.5,369.2,0.3,,,,
ROU,2001-04-01,10594.9,5763.7,4831.2,4837.3,2787.0,2050.3,1.0,35.120671266,45.599297775,4698.2,362.3,4335.9,1993.6,171.4,1822.2,774.3,766.1,8.2,351.5,348.3,3.2,,,,
ROU,2001-07-01,10657.4,5801.2,4856.2,4854.7,2825.1,2029.6,1.0,35.040297027,45.566460863,4681.5,333.0,4348.5,1958.8,156.8,1801.9,822.8,807.8,14.9,397.1,390.3,6.8,,,,
ROU,2001-10-01,10667.5,5794.9,4872.6,4972.8,2850.6,2122.1,1.0,35.858736998,45.67705648,4707.0,326.7,4380.3,2050.4,157.1,1893.3,779.1,759.8,19.4,378.4,369.8,8.6,,,,
ROU,2002-01-01,9455.6,6156.3,3299.3,4296.7,2967.9,1328.9,1.0,34.954459222,34.892550446,3308.6,392.0,2916.6,1342.4,178.6,1163.8,840.9,827.7,13.2,398.1,392.7,5.4,,,,
ROU,2002-04-01,9605.0,6164.2,3440.8,4574.9,3012.9,1562.0,1.0,36.638769871,35.82300885,3380.1,348.8,3031.3,1536.0,165.7,1370.4,851.2,844.1,7.0,401.7,398.5,3.3,,,,
ROU,2002-07-01,9644.4,6107.0,3537.4,4505.9,2941.3,1564.6,1.0,35.938751224,36.678279623,3488.8,352.5,3136.3,1536.6,162.3,1374.2,807.6,803.2,4.3,379.1,376.8,2.3,,,,
ROU,2002-10-01,9582.6,6124.8,3457.8,4458.1,3004.4,1453.7,1.0,35.786818737,36.084152526,3446.2,369.2,3077.0,1450.2,165.8,1284.4,808.0,798.5,9.4,389.8,385.8,4.0,,,,
ROU,2003-01-01,9457.0,5892.7,3564.3,4252.9,2876.6,1376.3,1.0,34.593016162,37.689542138,3451.3,310.0,3141.3,1334.5,148.0,1186.5,828.0,810.8,17.3,399.8,391.7,8.0,,,,
ROU,2003-04-01,9634.8,5882.4,3752.4,4488.0,2893.8,1594.1,1.0,35.831648735,38.946319591,3600.5,289.4,3311.1,1531.9,142.5,1389.4,849.5,843.4,6.0,400.0,397.8,2.1,,,,
ROU,2003-07-01,9663.0,5909.6,3753.4,4489.4,2908.4,1581.0,1.0,35.738224313,38.843009417,3598.9,274.5,3324.4,1518.6,134.8,1383.8,831.0,823.2,7.8,396.7,393.0,3.7,,,,
ROU,2003-10-01,9508.8,5921.2,3587.6,4307.9,2876.5,1431.4,1.0,34.849499735,37.729261316,3475.3,287.9,3187.4,1385.0,135.7,1249.3,792.8,787.4,5.3,381.3,379.1,2.2,,,,
ROU,2004-01-01,9100.5,6064.6,3035.9,4100.9,2960.3,1140.5,1.0,34.663353239,33.359705511,3158.0,386.3,2771.7,1128.6,113.0,1015.6,1217.6,1211.5,6.1,594.1,591.2,2.9,,,,
ROU,2004-04-01,9260.7,6325.0,2935.7,4402.8,3094.7,1308.0,1.0,36.57141718,31.700627382,3072.9,396.1,2676.8,1302.0,122.6,1179.4,1243.6,1237.3,6.3,590.6,587.5,3.2,,,,
ROU,2004-07-01,9192.5,6287.5,2905.0,4387.3,3087.5,1299.8,1.0,36.713039476,31.601849334,3007.4,390.0,2617.4,1277.5,121.3,1156.2,1225.6,1219.0,6.6,589.7,586.6,3.2,,,,
ROU,2004-10-01,9212.2,6164.3,3047.9,4420.6,3064.1,1356.5,1.0,36.912589159,33.085473611,3127.4,378.0,2749.4,1318.6,113.8,1204.9,1213.2,1204.6,8.6,597.0,592.7,4.4,,,,
ROU,2005-01-01,9205.5,6112.1,3093.4,4326.4,2978.6,1347.8,1.0,36.152300255,33.603823801,3144.6,367.0,2777.6,1312.4,115.9,1196.5,1196.9,1188.4,8.5,579.1,575.3,3.9,,,,
ROU,2005-04-01,9298.0,6219.3,3078.7,4367.4,3017.9,1349.5,1.0,36.131839767,33.111421811,3149.8,385.7,2764.1,1314.8,118.3,1196.6,1233.8,1226.3,7.5,577.8,574.3,3.5,,,,
ROU,2005-07-01,8977.7,5958.8,3018.9,4220.6,2890.7,1329.9,1.0,36.16310842,33.626652706,3041.4,340.9,2700.5,1276.9,104.2,1172.7,1238.1,1232.4,5.7,577.3,574.9,2.4,,,,
ROU,2005-10-01,9161.9,6026.5,3135.4,4282.4,2919.5,1362.9,1.0,35.954920335,34.222159159,3102.3,318.2,2784.1,1288.7,92.6,1196.1,1191.6,1184.5,7.1,565.6,562.2,3.3,,,,
ROU,2006-01-01,9277.9,6244.9,3033.0,4243.6,2971.7,1271.9,1.0,35.18369127,32.69058731,3104.2,409.8,2694.4,1263.0,146.9,1116.1,1191.2,1181.9,9.3,561.1,557.1,4.0,,,,
ROU,2006-04-01,9464.4,6497.1,2967.3,4363.1,3092.2,1271.0,1.0,35.461632742,31.352225181,2996.3,352.1,2644.2,1216.6,101.4,1115.2,1301.6,1293.6,8.0,602.7,599.1,3.6,,,,
ROU,2006-07-01,9456.8,6464.8,2992.0,4353.9,3061.1,1292.8,1.0,35.415297417,31.638609255,3001.2,345.1,2656.1,1230.0,98.3,1131.8,1300.0,1292.4,7.6,601.1,597.4,3.6,,,,
ROU,2006-10-01,9216.8,6140.6,3076.2,4209.7,2914.6,1295.1,1.0,35.134002791,33.376009027,2956.5,273.3,2683.2,1187.4,74.9,1112.5,1188.0,1182.5,5.5,554.7,552.0,2.6,,,,
ROU,2007-01-01,9406.7,6373.7,3033.0,4423.5,3087.6,1335.9,1.0,36.173071403,32.242975751,2932.4,282.8,2649.6,1261.5,107.0,1154.4,1189.1,1182.7,6.4,570.6,567.9,2.7,,,,
ROU,2007-04-01,9402.2,6387.7,3014.5,4381.5,3085.3,1296.2,1.0,35.846765814,32.061645147,2880.4,257.3,2623.1,1185.1,81.4,1103.7,1164.4,1158.9,5.5,547.4,545.0,2.4,,,,
ROU,2007-07-01,9721.5,6570.2,3151.3,4355.3,3075.2,1280.1,1.0,34.462076523,32.415779458,3237.3,553.7,2683.6,1215.8,146.3,1069.5,1167.7,1158.5,9.2,549.5,545.6,3.9,,,,
ROU,2007-10-01,9395.5,6394.9,3000.6,4309.5,3055.6,1253.9,1.0,35.282848172,31.936565377,2939.6,357.6,2582.0,1167.3,106.2,1061.1,1213.6,1202.7,10.9,571.8,566.8,5.0,,,,
ROU,2008-01-01,9329.5,6312.7,3016.8,4322.5,3033.9,1288.6,1.0,35.639637708,32.336138057,2954.6,316.2,2638.4,1215.4,103.3,1112.1,1173.1,1166.4,6.7,558.3,555.7,2.6,,,,
ROU,2008-04-01,9365.1,6362.1,3003.0,4314.4,3059.3,1255.1,1.0,35.437627263,32.06586155,2853.4,319.9,2533.5,1125.4,96.0,1029.4,1139.6,1131.4,8.2,538.2,534.0,4.2,,,,
ROU,2008-07-01,9351.0,6430.0,2921.0,4278.4,3064.0,1214.4,1.0,35.194919507,31.237300823,2923.7,345.6,2578.1,1156.8,106.5,1050.3,1179.9,1170.4,9.5,545.8,540.7,5.1,,,,
ROU,2008-10-01,9395.1,6473.7,2921.4,4274.3,3065.5,1208.8,1.0,34.996147746,31.094932465,2905.7,348.3,2557.4,1145.6,105.9,1039.7,1221.8,1211.4,10.4,563.5,558.6,4.9,,,,
ROU,2009-01-01,9179.7,6339.7,2840.0,4188.7,2998.1,1190.6,1.0,35.100024217,30.937830212,2813.5,334.0,2479.5,1126.6,100.8,1025.7,1190.9,1183.8,7.1,562.8,559.9,2.9,8.033333333,1.2,eurostat,0.149377593
ROU,2009-04-01,9165.0,6258.3,2906.7,4159.5,2961.8,1197.7,1.0,34.911242604,31.715220949,2910.9,340.4,2570.5,1148.6,103.6,1044.9,1200.8,1190.3,10.5,560.9,556.0,4.9,8.166666667,0.9,eurostat,0.110204082
ROU,2009-07-01,8969.0,6103.5,2865.5,4058.7,2864.2,1194.5,1.0,34.809643473,31.948935221,2806.1,296.2,2509.9,1118.2,90.7,1027.6,1195.1,1183.1,12.0,552.4,546.8,5.6,8.6,0.8,eurostat,0.093023256
ROU,2009-10-01,8750.4,5927.6,2822.8,3960.3,2787.3,1173.0,1.0,34.814232668,32.259096727,2752.5,298.0,2454.5,1094.2,93.8,1000.4,1179.6,1170.4,9.2,545.8,541.3,4.5,8.9,0.6,eurostat,0.06741573
ROU,2010-01-01,8695.7,5853.9,2841.8,3998.8,2806.4,1192.5,1.0,35.373805444,32.680520257,2775.1,300.8,2474.3,1112.9,90.3,1022.6,1139.0,1131.4,7.6,544.5,540.9,3.5,9.4,0.7,eurostat,0.074468085
ROU,2010-04-01,8885.7,5854.5,3031.2,4100.1,2820.4,1279.7,1.0,35.49436822,34.113238124,2939.5,294.4,2645.1,1189.2,93.2,1096.0,1163.0,1153.7,9.3,555.6,551.0,4.7,9.0,0.6,eurostat,0.066666667
ROU,2010-07-01,8722.8,5736.3,2986.5,4018.8,2755.9,1263.0,1.0,35.440278527,34.237859403,2864.4,281.5,2582.9,1162.7,90.4,1072.3,1151.7,1141.4,10.3,547.2,542.3,4.9,8.9,0.5,eurostat,0.056179775
ROU,2010-10-01,8578.9,5763.6,2815.3,3926.7,2743.6,1183.2,1.0,35.208924938,32.816561564,2678.7,259.2,2419.5,1084.9,83.6,1001.3,1132.3,1125.1,7.2,529.8,526.4,3.4,8.766666667,0.6,eurostat,0.068441065
ROU,2011-01-01,8675.4,5871.7,2803.7,4010.4,2844.7,1165.6,1.0,35.559433305,32.317818199,2679.6,274.4,2405.2,1069.4,87.2,982.2,1134.9,1124.9,10.0,544.9,540.1,4.8,8.866666667,0.6,eurostat,0.067669173
ROU,2011-04-01,8501.6,5854.5,2647.1,3931.0,2834.4,1096.7,1.0,35.567965487,31.136491954,2522.2,281.0,2241.2,996.8,85.1,911.7,1131.6,1118.3,13.3,542.2,536.5,5.7,9.133333333,0.7,eurostat,0.076642336
ROU,2011-07-01,8424.8,5800.3,2624.5,3905.1,2806.4,1098.7,1.0,35.655719743,31.152074827,2518.3,269.0,2249.3,1007.8,82.4,925.4,1147.5,1140.9,6.6,546.7,543.9,2.8,9.133333333,0.6,eurostat,0.065693431
ROU,2011-10-01,8500.6,5789.7,2710.9,3924.8,2799.9,1124.9,1.0,35.516045021,31.890690069,2581.3,249.8,2331.5,1026.1,81.7,944.3,1154.8,1145.9,8.9,547.2,543.3,3.8,9.3,0.6,eurostat,0.064516129
ROU,2012-01-01,8631.3,5908.8,2722.5,3892.8,2793.4,1099.5,1.0,34.693053636,31.542177887,2623.0,294.5,2328.5,1008.5,90.6,917.9,1139.6,1128.1,11.5,534.2,529.4,4.9,8.8,0.6,eurostat,0.068181818
ROU,2012-04-01,8652.5,5942.8,2709.7,3942.1,2834.8,1107.3,1.0,35.046340542,31.316960416,2627.9,303.9,2324.0,1025.4,93.9,931.6,1090.7,1080.3,10.4,511.7,507.2,4.5,8.7,0.6,eurostat,0.068965517
ROU,2012-07-01,8625.7,5916.1,2709.6,3917.2,2814.4,1102.7,1.0,34.933173762,31.413102705,2639.7,309.1,2330.6,1020.4,93.9,926.5,1100.2,1090.1,10.1,517.8,513.7,4.1,8.733333333,0.6,eurostat,0.06870229
ROU,2012-10-01,8666.6,5854.6,2812.0,3906.6,2771.5,1135.1,1.0,34.674231222,32.446403434,2703.4,284.0,2419.4,1042.0,88.7,953.3,1121.2,1108.7,12.5,524.5,518.6,5.9,8.633333333,0.6,eurostat,0.06949807
ROU,2013-01-01,8572.5,5822.5,2750.0,3860.8,2752.2,1108.6,1.0,34.643874644,32.079323418,2641.0,266.0,2375.0,1029.7,87.3,942.4,1095.3,1086.1,9.2,512.5,508.6,3.9,8.766666667,0.6,eurostat,0.068441065
ROU,2013-04-01,8582.0,5930.5,2651.5,3887.5,2812.0,1075.5,1.0,34.844845204,30.896061524,2591.4,291.1,2300.3,1005.8,88.4,917.3,1087.3,1078.4,8.9,505.7,501.8,3.9,9.3,0.7,eurostat,0.075268817
ROU,2013-07-01,8541.2,5917.3,2623.9,3854.7,2795.8,1058.9,1.0,34.715892921,30.720507657,2547.8,299.3,2248.5,978.9,89.2,889.7,1067.3,1053.9,13.4,501.7,495.8,5.8,8.933333333,0.8,eurostat,0.089552239
ROU,2013-10-01,8584.0,5913.8,2670.2,3885.3,2797.7,1087.6,1.0,34.817011972,31.106710158,2589.2,303.2,2286.0,1003.4,90.3,913.1,1060.9,1051.5,9.4,500.0,495.5,4.5,8.933333333,0.8,eurostat,0.089552239
ROU,2014-01-01,8649.6,5964.6,2685.0,3907.0,2798.5,1108.4,1.0,34.745937562,31.041897891,2556.4,266.4,2290.0,1009.9,79.5,930.4,1062.0,1055.4,6.6,494.6,492.2,2.4,8.666666667,0.9,eurostat,0.103846154
ROU,2014-04-01,8603.4,5979.5,2623.9,3866.8,2813.9,1052.9,1.0,34.573093643,30.498407606,2498.8,282.1,2216.7,953.6,82.9,870.7,1066.2,1057.5,8.7,495.1,491.4,3.7,8.633333333,0.9,eurostat,0.104247104
ROU,2014-07-01,8640.6,6034.9,2605.7,3874.8,2829.0,1045.8,1.0,34.495467729,30.156470615,2514.1,307.6,2206.5,967.6,98.4,869.2,1030.3,1019.4,10.9,478.8,473.5,5.3,8.633333333,0.9,eurostat,0.104247104
ROU,2014-10-01,8651.2,5981.9,2669.3,3844.9,2768.2,1076.8,1.0,34.187342619,30.85467912,2552.8,293.1,2259.7,988.9,90.1,898.9,1036.5,1026.4,10.1,478.0,473.3,4.7,8.533333333,1.0,eurostat,0.1171875
ROU,2015-01-01,8439.4,6090.8,2348.6,3755.8,2829.1,926.7,1.0,34.233202871,27.828992582,2235.5,267.4,1968.1,843.7,84.9,758.8,1175.1,1161.7,13.4,541.6,535.8,5.9,8.6,1.0,eurostat,0.11627907
ROU,2015-04-01,8559.2,6183.3,2375.9,3818.5,2890.8,927.8,1.0,34.317549447,27.758435368,2284.1,268.3,2015.8,849.0,83.1,766.0,1164.8,1151.2,13.6,536.2,529.4,6.8,8.433333333,1.1,eurostat,0.130434783
ROU,2015-07-01,8555.8,6170.0,2385.8,3842.0,2901.6,940.3,1.0,34.542469616,27.885177307,2274.5,258.3,2016.2,861.7,80.8,780.8,1158.1,1146.5,11.6,541.8,536.1,5.6,8.333333333,1.1,eurostat,0.132
ROU,2015-10-01,8548.4,6224.3,2324.1,3806.6,2896.7,910.0,1.0,34.253823478,27.187543868,2212.7,273.5,1939.2,826.2,87.4,738.8,1140.4,1130.2,10.2,529.2,524.7,4.5,8.1,1.2,eurostat,0.148148148
ROU,2016-01-01,8438.7,6248.8,2189.9,3818.0,2939.9,878.1,1.0,34.803027444,25.950679607,2078.2,282.7,1795.5,790.6,88.2,702.4,1133.5,1123.0,10.5,531.3,526.9,4.5,7.666666667,1.3,eurostat,0.169565217
ROU,2016-04-01,8405.5,6226.1,2179.4,3788.7,2910.7,878.0,1.0,34.672352809,25.928261258,2044.2,268.1,1776.1,778.9,82.8,696.1,1163.4,1151.1,12.3,534.6,529.0,5.5,7.3,1.3,eurostat,0.178082192
ROU,2016-07-01,8442.9,6283.5,2159.4,3830.2,2959.2,871.1,1.0,34.896868284,25.576519916,2024.6,270.3,1754.3,769.9,82.5,687.3,1165.1,1150.9,14.2,550.1,543.4,6.7,7.133333333,1.3,eurostat,0.182242991
ROU,2016-10-01,8432.8,6384.6,2048.2,3813.4,2991.9,821.5,1.0,34.785416651,24.288492553,1895.1,261.6,1633.5,712.9,81.7,631.2,1116.0,1102.2,13.8,527.8,521.8,6.0,6.666666667,1.3,eurostat,0.195
ROU,2017-01-01,8465.0,6415.1,2049.9,3814.2,2987.2,827.0,1.0,34.660366214,24.216184288,1937.1,295.0,1642.1,745.1,93.9,651.2,1154.0,1143.7,10.3,527.6,523.0,4.6,6.4,1.3,eurostat,0.203125
ROU,2017-04-01,8820.8,6473.7,2347.1,3895.2,2989.8,905.4,1.0,33.968661485,26.608697624,2160.2,257.8,1902.4,790.1,82.9,707.2,1228.1,1210.4,17.7,543.1,535.3,7.9,6.1,1.4,eurostat,0.229508197
ROU,2017-07-01,8658.3,6468.4,2189.9,3877.3,3022.2,855.1,1.0,34.447160084,25.292493908,2007.3,249.6,1757.7,740.1,77.9,662.1,1193.5,1175.4,18.1,549.3,541.0,8.4,6.0,1.2,eurostat,0.2
ROU,2017-10-01,8564.8,6498.7,2066.1,3821.3,3003.7,817.6,1.0,34.320258949,24.12315524,1944.6,273.1,1671.5,726.3,84.8,641.5,1161.6,1146.5,15.1,535.2,528.6,6.6,5.866666667,1.2,eurostat,0.204545455
ROU,2018-01-01,8601.4,6524.1,2077.3,3813.6,3023.3,790.3,1.0,34.105360308,24.15071965,2022.9,305.0,1717.9,735.2,96.3,638.9,1146.8,1140.7,6.1,519.5,516.7,2.8,5.6,1.2,eurostat,0.214285714
ROU,2018-04-01,8667.0,6584.9,2082.1,3884.4,3073.6,810.9,1.0,34.475597092,24.023306796,2019.8,290.6,1729.2,746.4,93.6,652.8,1167.1,1161.2,5.9,526.1,523.3,2.7,5.3,1.3,eurostat,0.245283019
ROU,2018-07-01,8673.6,6584.7,2088.9,3887.8,3074.6,813.2,1.0,34.479516978,24.083425567,2017.5,301.8,1715.7,736.9,93.4,643.5,1134.3,1124.7,9.6,526.2,522.2,4.0,5.0,1.3,eurostat,0.26
ROU,2018-10-01,8613.6,6553.1,2060.5,3850.2,3057.2,793.0,1.0,34.383908095,23.921473019,1991.4,306.6,1684.8,720.2,96.2,624.0,1155.8,1144.6,11.2,537.4,532.7,4.7,5.1,1.3,eurostat,0.254901961
ROU,2019-01-01,8581.3,6581.2,2000.1,3862.8,3087.2,775.7,1.0,34.626275918,23.307657348,1919.0,288.3,1630.7,702.9,92.9,610.0,1187.2,1179.7,7.5,547.6,544.2,3.4,5.0,1.2,eurostat,0.24
ROU,2019-04-01,8710.1,6731.7,1978.4,3926.8,3149.2,777.7,1.0,34.679457005,22.71386092,1947.3,327.8,1619.5,719.0,104.0,615.0,1207.4,1199.1,8.3,550.5,547.1,3.4,4.866666667,1.1,eurostat,0.226027397
ROU,2019-07-01,8634.2,6679.7,1954.5,3911.9,3140.6,771.3,1.0,34.851565242,22.636723727,1907.8,319.3,1588.5,708.6,104.4,604.2,1148.2,1138.7,9.5,531.4,527.3,4.1,4.9,1.1,eurostat,0.224489796
ROU,2019-10-01,8673.3,6665.1,2008.2,3897.2,3113.1,784.1,1.0,34.564077731,23.153816886,1938.3,312.2,1626.1,716.4,102.0,614.5,1151.6,1143.3,8.3,537.1,533.4,3.7,4.866666667,1.0,eurostat,0.205479452
ROU,2020-01-01,8608.9,6637.2,1971.7,3841.8,3067.1,774.7,1.0,34.327623381,22.903042201,1862.6,297.3,1565.3,693.2,92.3,600.9,1191.3,1180.8,10.5,531.7,527.3,4.4,5.2,0.9,eurostat,0.173076923
ROU,2020-04-01,8387.6,6535.8,1851.8,3382.5,2696.8,685.7,1.0,31.02106773,22.077829176,1803.7,299.7,1504.0,646.2,92.3,553.9,1212.1,1203.2,8.9,492.3,489.5,2.8,6.466666667,0.7,eurostat,0.108247423
ROU,2020-07-01,8416.1,6523.3,1892.8,3816.5,3079.1,737.5,1.0,34.882775047,22.490227065,1824.4,301.9,1522.5,671.1,97.4,573.7,1167.7,1154.7,13.0,533.6,527.4,6.2,6.366666667,0.8,eurostat,0.12565445
ROU,2020-10-01,8479.5,6560.0,1919.5,3848.0,3092.3,755.7,1.0,34.907718615,22.636947933,1818.9,305.3,1513.6,681.0,102.5,578.5,1140.1,1128.9,11.2,530.7,525.6,5.2,6.133333333,0.8,eurostat,0.130434783
ROU,2021-01-01,8496.0,6567.1,1928.9,3889.5,3103.3,786.2,1.0,35.215667101,22.703625235,1824.6,243.1,1581.5,707.4,78.7,628.7,1171.7,1162.8,8.9,540.9,536.7,4.2,6.033333333,0.8,eurostat,0.132596685
ROU,2021-04-01,8593.4,6574.0,2019.4,3897.6,3080.7,816.9,1.0,34.889029327,23.499429795,1837.0,236.0,1601.0,701.6,77.6,624.1,1206.9,1182.3,24.6,548.5,537.6,11.0,5.366666667,0.8,eurostat,0.149068323
ROU,2021-07-01,8521.4,6592.4,1929.0,3883.4,3108.0,775.4,1.0,35.05563369,22.637125355,1825.0,228.9,1596.1,699.6,75.5,624.1,1171.9,1164.6,7.3,548.5,545.1,3.4,5.366666667,0.9,eurostat,0.167701863
ROU,2021-10-01,8534.1,6625.6,1908.5,3898.9,3117.9,781.0,1.0,35.14317674,22.363225179,1826.8,234.0,1592.8,714.0,78.2,635.8,1169.1,1162.7,6.4,548.4,545.6,2.8,5.633333333,0.9,eurostat,0.159763314
ROU,2022-01-01,8581.3,6701.0,1880.3,3877.1,3116.7,760.4,1.0,34.754461625,21.911598476,1796.2,244.8,1551.4,695.1,83.3,611.8,1205.0,1192.8,12.2,538.8,532.7,6.1,5.933333333,0.9,eurostat,0.151685393
ROU,2022-04-01,8686.1,6724.6,1961.5,3925.2,3123.1,802.1,1.0,34.761108154,22.582056389,1789.4,229.7,1559.7,691.5,75.3,616.2,1254.8,1220.4,34.4,565.6,549.8,15.8,5.566666667,0.9,eurostat,0.161676647
ROU,2022-07-01,8575.2,6686.9,1888.3,3870.0,3107.0,763.0,1.0,34.715494413,22.020477656,1795.0,230.5,1564.5,689.6,75.6,614.0,1216.1,1206.6,9.5,561.5,557.1,4.4,5.466666667,0.9,eurostat,0.164634146
ROU,2022-10-01,8560.2,6646.0,1914.2,3829.9,3062.1,767.7,1.0,34.415982373,22.361627065,1791.8,230.4,1561.4,692.1,80.0,612.1,1181.7,1169.4,12.3,538.0,532.2,5.8,5.5,0.9,eurostat,0.163636364
ROU,2023-01-01,8511.2,6664.1,1847.1,3797.7,3068.6,729.1,1.0,34.32310006,21.701992668,1798.3,259.6,1538.7,700.9,106.0,594.9,1189.8,1181.1,8.7,520.3,516.9,3.4,5.666666667,0.9,eurostat,0.158823529
ROU,2023-04-01,8510.6,6675.1,1835.5,3790.0,3062.2,727.7,1.0,34.255923382,21.567222052,1805.5,252.7,1552.8,702.0,101.3,600.7,1153.4,1143.0,10.4,504.3,499.5,4.8,5.6,0.8,eurostat,0.142857143
ROU,2023-07-01,8487.5,6596.3,1891.2,3804.8,3054.5,750.3,1.0,34.483289906,22.282179676,1829.8,240.9,1588.9,707.0,90.3,616.7,1121.6,1108.8,12.8,505.6,500.5,5.1,5.433333333,0.8,eurostat,0.147239264
ROU,2023-10-01,8473.2,6570.5,1902.7,3791.3,3033.0,758.2,1.0,34.418928095,22.455506774,1839.5,250.3,1589.2,721.9,101.9,619.9,1088.8,1079.1,9.7,488.2,483.6,4.6,5.5,0.7,eurostat,0.127272727
ROU,2024-01-01,8774.4,6765.6,2008.8,4022.7,3196.5,826.2,1.0,35.266053695,22.893873085,1753.0,204.6,1548.4,682.4,67.1,615.2,1191.4,1171.6,19.8,544.7,535.4,9.3,5.266666667,0.7,eurostat,0.132911392
ROU,2024-04-01,8707.1,6769.6,1937.5,3974.4,3187.5,786.9,1.0,35.111928992,22.251955301,1685.8,205.0,1480.8,644.1,66.9,577.1,1216.5,1178.7,37.8,557.4,540.5,16.8,5.233333333,0.7,eurostat,0.133757962
ROU,2024-07-01,8455.3,6641.4,1813.9,3859.7,3137.0,722.7,1.0,35.114070465,21.452816577,1778.2,247.2,1531.0,677.5,81.9,595.6,1141.3,1129.9,11.4,541.7,536.3,5.3,5.666666667,0.7,eurostat,0.123529412
ROU,2024-10-01,8565.6,6706.8,1858.8,3922.9,3159.7,763.2,1.0,35.229468859,21.700756514,1705.0,209.0,1496.0,668.8,71.7,597.0,1253.7,1223.6,30.1,580.4,567.4,13.0,5.666666667,0.7,eurostat,0.123529412
ROU,2025-01-01,8373.3,6677.7,1695.6,3841.8,3148.3,693.5,1.0,35.293501597,20.250080613,1635.3,233.9,1401.4,634.2,76.2,558.0,1231.9,1223.6,8.3,563.1,559.2,3.9,6.1,0.6,eurostat,0.098360656
ROU,2025-04-01,8341.5,6671.4,1670.1,3813.5,3136.5,677.1,1.0,35.167074728,20.021578853,1528.7,246.7,1282.0,579.4,80.4,499.1,1213.4,1197.2,16.2,556.9,549.7,7.2,6.166666667,0.6,eurostat,0.097297297
ROU,2025-07-01,8247.4,6684.6,1562.8,3793.7,3160.7,633.1,1.0,35.383645382,18.94900211,1400.8,232.0,1168.8,529.6,75.9,453.7,1173.1,1152.9,20.2,557.9,548.6,9.4,6.0,0.6,eurostat,0.1
ROU,2025-10-01,8349.8,6820.7,1529.1,3845.0,3210.4,634.5,1.0,35.422313201,18.313013485,1343.8,208.2,1135.6,524.5,71.2,453.3,1287.6,1262.7,24.9,594.7,583.9,10.8,6.166666667,0.6,eurostat,0.097297297
ROU,2026-01-01,8262.3,6709.0,1553.3,3806.8,3163.6,643.2,1.0,35.441798196,18.799849921,1414.5,237.5,1177.0,547.5,77.9,469.7,1189.9,1168.7,21.2,542.7,532.8,9.9,,,,
RUS,2003-01-01,65634.13604054366,61023.90871434937,4577.35920879536,,,,,,6.974052658,,,,,,,,,,,,,,,,
RUS,2003-04-01,65941.56834484756,61253.94118758389,4794.19557422725,,,,,,7.270369351,,,,,,,,,,,,,,,,
RUS,2003-07-01,66555.31542294087,61590.08132169805,4933.240580025167,,,,,,7.412241304,,,,,,,,,,,,,,,,
RUS,2003-10-01,67210.94094760739,61861.70909796445,5251.3060831719795,,,,,,7.8131715,,,,,,,,,,,,,,,,
RUS,2004-01-01,66632.93897217468,61637.987862818314,4999.718843890288,,,,,,7.503374339,,,,,,,,,,,,,,,,
RUS,2004-04-01,67771.7080408862,62995.574109751535,4877.111128581391,,,,,,7.196382192,,,,,,,,,,,,,,,,
RUS,2004-07-01,67580.75581775169,62187.608008528565,5333.279133034832,,,,,,7.891712764,,,,,,,,,,,,,,,,
RUS,2004-10-01,67252.02703569148,62260.26252300631,4878.970392848045,,,,,,7.25475589,,,,,,,,,,,,,,,,
RUS,2005-01-01,67793.03022498608,62527.168400909555,5287.381707498278,,,,,,7.799299854,,,,,,,,,,,,,,,,
RUS,2005-04-01,68151.21784115344,62787.04908804553,5404.144566169561,,,,,,7.929637558,,,,,,,,,,,,,,,,
RUS,2005-07-01,68329.8910290958,63236.7694272832,5064.526194153034,,,,,,7.411875122,,,,,,,,,,,,,,,,
RUS,2005-10-01,69043.15110666459,63534.67892654047,5448.197551453532,,,,,,7.891003617,,,,,,,,,,,,,,,,
RUS,2006-01-01,69065.6550177997,63852.13836760186,5221.019633625889,,,,,,7.559502089,,,,,,,,,,,,,,,,
RUS,2006-04-01,68661.27057726502,63366.70469942681,5318.572320534653,,,,,,7.746102389,,,,,,,,,,,,,,,,
RUS,2006-07-01,69356.67777902615,64054.17754436892,5265.519372091093,,,,,,7.591942897,,,,,,,,,,,,,,,,
RUS,2006-10-01,69526.22318877566,64531.46845523273,4918.1522740084365,,,,,,7.073809059,,,,,,,,,,,,,,,,
RUS,2007-01-01,70598.65962088967,65303.01510009443,5294.278605231486,,,,,,7.499120569,,,,,,,,,,,,,,,,
RUS,2007-04-01,70786.90220976992,65556.20688914812,5248.033472641801,,,,,,7.413848196,,,,,,,,,,,,,,,,
RUS,2007-07-01,70729.64171526069,65594.99764955207,5126.000737021478,,,,,,7.247316136,,,,,,,,,,,,,,,,
RUS,2007-10-01,70903.48335214116,65876.6147976678,4967.724884178036,,,,,,7.006319929,,,,,,,,,,,,,,,,
RUS,2008-01-01,70873.13584384,65766.67899708274,5087.4712731672125,,,,,,7.178278783,,,,,,,,,,,,,,,,
RUS,2008-04-01,71525.56573811472,66330.62566829701,5196.001091763268,,,,,,7.264536866,,,,,,,,,,,,,,,,
RUS,2008-07-01,71020.21571061798,65908.00094950874,5110.9373820187975,,,,,,7.196454321,,,,,,,,,,,,,,,,
RUS,2008-10-01,70524.11121758868,65223.31793327556,5291.299183136714,,,,,,7.502822924,,,,,,,,,,,,,,,,
RUS,2009-01-01,69266.98712029344,64158.30128410832,5085.980132369022,,,,,,7.342574499,,,,,,,,,,,,,,,,
RUS,2009-04-01,69313.28424775158,64296.2374975658,5022.9331422743835,,,,,,7.246710637,,,,,,,,,,,,,,,,
RUS,2009-07-01,69487.3341843151,64174.299128042985,5270.769737591142,,,,,,7.585223695,,,,,,,,,,,,,,,,
RUS,2009-10-01,69547.74034149112,64429.34314342932,5109.261219505774,,,,,,7.34640866,,,,,,,,,,,,,,,,
RUS,2010-01-01,69312.34026023149,64634.1246674792,4617.040701306797,,,,,,6.661210232,,,,,,,,,,,,,,,,
RUS,2010-04-01,69864.99250649374,65111.14178106064,4775.228652796311,,,,,,6.834937615,,,,,,,,,,,,,,,,
RUS,2010-07-01,70230.44293829399,65363.014921307135,4876.164690160548,,,,,,6.943092605,,,,,,,,,,,,,,,,
RUS,2010-10-01,70316.43034972325,65540.15420680892,4743.338964430242,,,,,,6.745705009,,,,,,,,,,,,,,,,
RUS,2011-01-01,70605.94435982958,65445.0142325862,5118.76266844399,,,,,,7.249761638,,,,,,,,,,,,,,,,
RUS,2011-04-01,70627.16133821127,65708.05247503491,4946.31929283255,,,,,,7.003423611,,,,,,,,,,,,,,,,
RUS,2011-07-01,71072.33977908974,66055.64998450007,5015.32443918767,,,,,,7.056647431,,,,,,,,,,,,,,,,
RUS,2011-10-01,71156.42913943272,66140.37666761962,4994.994228903592,,,,,,7.019737063,,,,,,,,,,,,,,,,
RUS,2012-01-01,71042.92548895914,66027.96576391436,4958.62008056983,,,,,,6.979752096,,,,,,,,,,,,,,,,
RUS,2012-04-01,71781.27130141153,66912.4225105564,4902.2896987783815,,,,,,6.829482969,,,,,,,,,,,,,,,,
RUS,2012-07-01,71675.05518484929,66773.26030220595,4922.075102904015,,,,,,6.867207971,,,,,,,,,,,,,,,,
RUS,2012-10-01,71710.49803529352,66713.81117091324,4971.726010129739,,,,,,6.933051849,,,,,,,,,,,,,,,,
RUS,2013-01-01,71751.39271485622,66648.92129897713,5041.604734463813,,,,,,7.026490419,,,,,,,,,,,,,,,,
RUS,2013-04-01,71298.50559613925,66209.92631149627,5119.733006039459,,,,,,7.180701704,,,,,,,,,,,,,,,,
RUS,2013-07-01,71208.32984915364,65984.95313667585,5214.8029083283855,,,,,,7.323304618,,,,,,,,,,,,,,,,
RUS,2013-10-01,71340.18960018597,65981.88712715755,5360.026299578442,,,,,,7.513333409,,,,,,,,,,,,,,,,
RUS,2014-01-01,71573.827503919,66317.91358261505,5204.563415666648,,,,,,7.271601362,,,,,,,,,,,,,,,,
RUS,2014-04-01,71466.58251858442,66224.67983468885,5263.091909506436,,,,,,7.364409664,,,,,,,,,,,,,,,,
RUS,2014-07-01,71434.35266548085,66286.44283942554,5157.015190265034,,,,,,7.219236961,,,,,,,,,,,,,,,,
RUS,2014-10-01,71684.856670705,66697.0383421319,4971.872984215884,,,,,,6.9357368,,,,,,,,,,,,,,,,
RUS,2015-01-01,72278.61501985657,67042.8275816234,5179.777752971742,,,,,,7.16640427,,,,,,,,,,,,,,,,
RUS,2015-04-01,72270.49553698144,67098.86750820592,5187.342127371503,,,,,,7.177676158,,,,,,,,,,,,,,,,
RUS,2015-07-01,72444.48791039463,67234.11793182428,5225.45466330877,,,,,,7.213046588,,,,,,,,,,,,,,,,
RUS,2015-10-01,72287.15187152674,67056.47133051179,5230.50290251418,,,,,,7.23572968,,,,,,,,,,,,,,,,
RUS,2016-01-01,72098.15525138902,66684.74397241679,5378.676454398777,,,,,,7.460213698,,,,,,,,,,,,,,,,
RUS,2016-04-01,72325.42674128558,66858.04926871404,5466.1162155742495,,,,,,7.557668806,,,,,,,,,,,,,,,,
RUS,2016-07-01,72610.4311728282,67129.53777843299,5470.151418142722,,,,,,7.533561404,,,,,,,,,,,,,,,,
RUS,2016-10-01,72507.5999139012,67180.69246749305,5344.461403416533,,,,,,7.370898237,,,,,,,,,,,,,,,,
RUS,2017-01-01,72317.80398155299,67620.33019582013,4628.589238477694,,,,,,6.400345397,,,,,,,,,,,,,,,,
RUS,2017-04-01,72225.96317709945,67567.49054568552,4673.630006894908,,,,,,6.470844834,,,,,,,,,,,,,,,,
RUS,2017-07-01,72302.6573031273,67477.1969094647,4839.774139205002,,,,,,6.693770768,,,,,,,,,,,,,,,,
RUS,2017-10-01,72403.22750535877,67406.804744506,5018.501015212469,,,,,,6.931322246,,,,,,,,,,,,,,,,
RUS,2018-01-01,72612.48376309253,67472.33599474843,5106.183319910856,,,,,,7.03210117,,,,,,,,,,,,,,,,
RUS,2018-04-01,72617.02482135316,67711.94046695082,4911.723177993976,,,,,,6.763872783,,,,,,,,,,,,,,,,
RUS,2018-07-01,72599.45452251642,67715.30007135351,4874.590820317204,,,,,,6.714362873,,,,,,,,,,,,,,,,
RUS,2018-10-01,72297.2887652321,67408.08259225546,4923.463549163995,,,,,,6.810025152,,,,,,,,,,,,,,,,
RUS,2019-01-01,71907.56538320561,67007.40476876323,4868.076022575499,,,,,,6.769908002,,,,,,,,,,,,,,,,
RUS,2019-04-01,71821.59112981461,66966.5162824631,4857.243141090992,,,,,,6.762928897,,,,,,,,,,,,,,,,
RUS,2019-07-01,71933.29639385965,67248.38642132583,4668.377670398656,,,,,,6.489870344,,,,,,,,,,,,,,,,
RUS,2019-10-01,72075.34467953227,67214.57858435957,4901.487282010437,,,,,,6.80050481,,,,,,,,,,,,,,,,
RUS,2020-01-01,71755.15005875274,66968.3261894736,4757.413785758137,,,,,,6.63006597,,,,,,,,,,,,,,,,
RUS,2020-04-01,70293.27532637281,65563.64583825598,4734.20977709565,,,,,,6.734939801,,,,,,,,,,,,,,,,
RUS,2020-07-01,70106.90642302543,65288.73824010678,4779.410109432095,,,,,,6.817317085,,,,,,,,,,,,,,,,
RUS,2020-10-01,70265.07744045918,65514.240979755974,4794.293339301557,,,,,,6.823152431,,,,,,,,,,,,,,,,
RUS,2021-01-01,71271.63163884125,66398.72722697743,4856.481394047435,,,,,,6.81404548,,,,,,,,,,,,,,,,
RUS,2021-04-01,71719.09601081592,66819.70735921351,4901.626075883395,,,,,,6.834478331,,,,,,,,,,,,,,,,
RUS,2021-07-01,71929.88166952156,67262.52884292787,4630.742579658843,,,,,,6.437856524,,,,,,,,,,,,,,,,
SVK,1995-01-01,2090.1,1927.2,162.8,984.3,883.6,100.7,1.0,36.225723466,7.789101,209.7,200.1,9.6,105.5,99.6,5.9,465.4,461.4,3.9,221.5,219.2,2.3,,,,
SVK,1995-04-01,2098.0,1932.3,165.6,973.2,870.8,102.4,1.0,35.682334824,7.893231649,204.8,195.1,9.7,103.6,97.6,6.0,469.4,464.3,5.1,215.1,212.1,3.0,,,,
SVK,1995-07-01,2118.6,1951.2,167.5,980.3,876.8,103.5,1.0,35.593171107,7.906164448,202.6,192.7,9.9,103.3,97.2,6.1,470.7,465.3,5.4,213.6,210.5,3.2,,,,
SVK,1995-10-01,2122.1,1952.7,169.4,976.6,872.1,104.5,1.0,35.400347261,7.982658687,198.2,188.2,10.1,99.8,93.6,6.2,473.2,467.4,5.8,212.1,208.7,3.3,,,,
SVK,1996-01-01,2139.8,1970.1,169.7,981.0,876.5,104.5,1.0,35.26569701,7.930647724,196.3,185.9,10.4,98.7,92.4,6.3,455.2,450.2,5.0,195.0,192.0,2.9,,,,
SVK,1996-04-01,2154.3,1983.3,171.0,982.7,877.2,105.5,1.0,35.089034811,7.937613146,191.6,181.0,10.6,97.5,90.9,6.5,453.2,447.7,5.5,195.8,192.6,3.2,,,,
SVK,1996-07-01,2156.5,1984.8,171.7,979.7,873.7,105.9,1.0,34.94622697,7.961975423,183.9,173.2,10.7,94.2,87.6,6.6,447.8,442.2,5.7,194.4,191.2,3.3,,,,
SVK,1996-10-01,2153.9,1981.5,172.4,968.8,862.5,106.3,1.0,34.599135022,8.004085612,181.6,170.9,10.7,93.3,86.7,6.6,444.9,439.1,5.7,189.7,186.4,3.3,,,,
SVK,1997-01-01,2133.5,1958.7,174.8,955.6,845.8,109.8,1.0,34.454039047,8.193109913,185.6,174.8,10.7,90.3,83.6,6.7,450.7,444.7,6.0,189.7,186.1,3.5,,,,
SVK,1997-04-01,2130.9,1953.3,177.6,964.7,852.9,111.8,1.0,34.824577553,8.334506547,178.6,167.9,10.7,88.2,81.5,6.7,446.5,440.4,6.1,190.5,186.9,3.6,,,,
SVK,1997-07-01,2126.0,1945.4,180.6,1014.5,900.9,113.6,1.0,36.706708155,8.494825964,174.4,163.6,10.8,86.6,79.8,6.8,451.8,445.7,6.1,240.3,236.7,3.6,,,,
SVK,1997-10-01,2125.2,1941.3,184.0,968.6,853.1,115.5,1.0,35.059143755,8.658008658,171.2,160.2,11.0,84.5,77.7,6.9,446.8,440.7,6.2,190.8,187.1,3.6,,,,
SVK,1998-01-01,2125.6,1937.9,187.7,982.8,864.4,118.4,1.0,35.566428303,8.830447874,166.9,155.8,11.1,82.2,75.2,7.0,449.6,443.3,6.3,204.0,200.2,3.7,,,,
SVK,1998-04-01,2121.7,1930.4,191.3,970.4,849.5,120.9,1.0,35.182237756,9.01635481,163.9,152.8,11.2,78.9,71.9,7.0,448.6,442.3,6.3,202.6,198.9,3.8,,,,
SVK,1998-07-01,2114.5,1920.6,193.9,942.4,820.0,122.4,1.0,34.283427615,9.170016552,159.5,148.4,11.2,75.7,68.7,7.0,453.4,447.1,6.4,204.9,201.1,3.8,,,,
SVK,1998-10-01,2113.7,1918.2,195.5,960.2,837.0,123.2,1.0,34.94419192,9.249183896,154.1,143.0,11.1,74.6,67.6,7.0,457.8,451.4,6.4,207.8,204.0,3.8,,,,
SVK,1999-01-01,2103.9,1905.6,198.3,945.4,820.9,124.6,1.0,34.565842922,9.425352916,148.1,137.2,10.9,71.7,64.8,6.9,463.9,457.4,6.5,204.9,201.0,3.9,,,,
SVK,1999-04-01,2079.5,1878.8,200.7,943.1,816.8,126.2,1.0,34.88634472,9.6513585,144.8,133.9,10.9,68.9,62.1,6.9,459.2,452.6,6.6,205.0,201.1,3.9,,,,
SVK,1999-07-01,2050.4,1848.2,202.3,930.0,802.7,127.3,1.0,34.890002701,9.866367538,140.9,130.1,10.8,67.1,60.4,6.7,453.5,446.8,6.7,202.4,198.4,4.0,,,,
SVK,1999-10-01,2026.9,1822.7,204.2,920.9,792.5,128.4,1.0,34.949164507,10.074498002,135.6,124.9,10.7,63.9,57.3,6.6,453.4,446.6,6.8,201.6,197.6,4.0,,,,
SVK,2000-01-01,2009.3,1808.4,200.9,923.5,797.2,126.3,1.0,35.354830806,9.998506943,131.2,121.3,10.0,62.2,55.8,6.4,452.3,445.5,6.8,203.0,199.0,4.0,,,,
SVK,2000-04-01,2008.3,1807.1,201.2,912.2,785.7,126.5,1.0,34.939615978,10.018423542,129.0,119.3,9.7,61.6,55.4,6.2,450.8,444.0,6.9,199.9,195.8,4.1,,,,
SVK,2000-07-01,2021.4,1818.8,202.6,913.7,786.3,127.5,1.0,34.770265848,10.022756505,125.1,115.4,9.7,59.9,53.9,6.0,446.4,439.5,7.0,195.2,191.1,4.1,,,,
SVK,2000-10-01,2060.4,1856.2,204.2,942.1,813.7,128.4,1.0,35.172408644,9.910696952,123.1,113.4,9.7,59.4,53.4,5.9,451.3,444.3,7.0,200.1,195.9,4.2,,,,
SVK,2001-01-01,2035.5,1829.7,205.9,924.1,796.0,128.1,1.0,34.92243448,10.115450749,122.7,113.0,9.6,58.2,52.5,5.7,450.8,443.7,7.1,199.2,195.2,4.0,,,,
SVK,2001-04-01,2040.3,1832.5,207.8,914.8,785.5,129.3,1.0,34.489648958,10.184776749,123.0,113.5,9.5,58.2,52.6,5.7,448.3,441.1,7.2,196.3,192.3,4.1,,,,
SVK,2001-07-01,2034.9,1825.4,209.5,915.1,784.9,130.2,1.0,34.592514469,10.295346209,118.9,109.9,9.1,56.6,51.3,5.2,446.9,439.6,7.3,195.3,191.2,4.1,,,,
SVK,2001-10-01,2035.3,1823.9,211.5,909.7,778.4,131.3,1.0,34.381625842,10.391588464,117.8,109.1,8.7,55.2,50.3,4.9,446.8,439.4,7.4,195.4,191.2,4.2,,,,
SVK,2002-01-01,2030.5,1817.2,213.3,903.5,773.3,130.2,1.0,34.228022655,10.504801773,115.6,107.0,8.6,53.6,48.4,5.2,443.5,436.0,7.5,194.3,190.1,4.1,,,,
SVK,2002-04-01,2036.3,1820.8,215.5,895.7,764.2,131.5,1.0,33.8358788,10.582920002,111.1,102.6,8.5,50.9,45.7,5.2,449.2,441.7,7.6,192.4,188.3,4.2,,,,
SVK,2002-07-01,2043.7,1825.6,218.1,890.3,757.5,132.8,1.0,33.510111751,10.671820717,109.1,100.4,8.7,49.6,44.4,5.2,451.7,444.1,7.6,191.4,187.1,4.2,,,,
SVK,2002-10-01,2043.1,1820.4,222.7,882.9,747.5,135.4,1.0,33.241341401,10.900102785,108.1,99.0,9.0,48.0,42.7,5.3,448.9,441.1,7.8,189.3,185.0,4.3,,,,
SVK,2003-01-01,2058.0,1833.8,224.2,868.0,738.1,129.8,1.0,32.443746729,10.894071914,107.3,97.8,9.5,46.6,41.1,5.5,450.9,442.8,8.1,177.7,173.4,4.2,,,,
SVK,2003-04-01,2061.7,1830.0,231.7,872.6,738.3,134.3,1.0,32.557150373,11.238298492,102.2,92.4,9.7,46.2,40.6,5.6,450.6,442.3,8.3,178.7,174.4,4.3,,,,
SVK,2003-07-01,2059.9,1820.7,239.3,880.8,742.2,138.7,1.0,32.89181327,11.61706879,99.4,89.4,10.0,45.4,39.7,5.7,453.3,444.8,8.5,179.3,174.9,4.4,,,,
SVK,2003-10-01,2062.3,1815.6,246.7,885.3,742.4,142.8,1.0,33.021383892,11.962372109,96.2,86.1,10.1,44.1,38.4,5.8,449.9,441.1,8.7,179.1,174.5,4.6,,,,
SVK,2004-01-01,2049.7,1791.5,258.1,889.0,741.2,147.8,1.0,33.363231392,12.592086647,101.7,91.4,10.3,45.3,39.4,5.9,450.1,441.0,9.1,182.9,178.1,4.8,,,,
SVK,2004-04-01,2051.7,1782.9,268.8,888.6,734.6,154.0,1.0,33.315711924,13.101330604,97.1,86.4,10.7,44.1,38.0,6.1,449.6,440.2,9.4,179.7,174.7,5.0,,,,
SVK,2004-07-01,2059.8,1781.5,278.3,894.2,734.4,159.8,1.0,33.393832112,13.511020487,97.3,86.3,11.0,44.7,38.4,6.2,443.0,433.3,9.7,176.2,171.0,5.2,,,,
SVK,2004-10-01,2061.8,1776.2,285.6,898.6,734.4,164.2,1.0,33.525597499,13.851974003,93.6,82.2,11.3,44.7,38.3,6.3,442.3,432.3,10.0,175.5,170.1,5.4,,,,
SVK,2005-01-01,2075.6,1789.3,286.3,918.3,755.3,163.0,1.0,34.03279126,13.79360185,95.7,84.2,11.5,44.5,38.1,6.4,437.0,427.0,10.0,177.9,172.7,5.3,,,,
SVK,2005-04-01,2082.9,1797.6,285.3,926.6,764.4,162.2,1.0,34.220040845,13.697249028,96.4,84.9,11.5,45.0,38.5,6.4,443.2,433.3,9.9,179.8,174.6,5.2,,,,
SVK,2005-07-01,2090.8,1804.8,286.0,926.2,763.8,162.3,1.0,34.076025371,13.678974555,95.3,83.6,11.7,44.6,38.1,6.5,434.3,424.5,9.8,178.4,173.3,5.1,,,,
SVK,2005-10-01,2106.3,1818.5,287.8,922.5,759.3,163.2,1.0,33.690138376,13.663770593,96.1,84.2,11.9,44.1,37.5,6.6,436.5,426.7,9.8,175.9,170.8,5.1,,,,
SVK,2006-01-01,2114.7,1821.8,292.9,933.6,765.5,168.2,1.0,33.960081626,13.850664397,85.4,73.1,12.3,40.3,33.1,7.2,443.7,434.0,9.7,181.3,176.1,5.2,,,,
SVK,2006-04-01,2127.9,1830.4,297.5,957.6,786.6,170.9,1.0,34.617011355,13.980920156,88.8,76.0,12.8,40.7,33.3,7.4,437.5,428.0,9.5,185.3,180.2,5.1,,,,
SVK,2006-07-01,2138.7,1838.9,299.7,951.4,779.5,171.9,1.0,34.219205772,14.01318558,86.5,73.2,13.3,40.1,32.4,7.7,440.3,431.0,9.3,185.3,180.4,5.0,,,,
SVK,2006-10-01,2148.3,1846.7,301.6,953.6,781.0,172.6,1.0,34.145066403,14.039007587,86.3,72.5,13.8,40.6,32.7,7.9,441.9,432.8,9.1,184.2,179.4,4.9,,,,
SVK,2007-01-01,2156.1,1850.1,306.0,964.8,785.5,179.2,1.0,34.42112361,14.192291638,82.1,68.0,14.1,38.8,30.7,8.1,444.8,435.8,9.0,185.1,180.3,4.9,,,,
SVK,2007-04-01,2168.1,1856.3,311.8,977.6,794.9,182.7,1.0,34.684747014,14.381255477,83.4,68.9,14.5,39.2,30.9,8.3,441.1,432.0,9.1,182.0,177.1,4.9,,,,
SVK,2007-07-01,2183.0,1865.0,318.0,969.0,782.9,186.1,1.0,34.144966348,14.567109482,84.9,70.0,15.0,38.7,30.1,8.6,440.3,431.2,9.1,181.1,176.2,4.9,,,,
SVK,2007-10-01,2200.7,1876.1,324.5,984.7,795.0,189.6,1.0,34.419118392,14.745308311,83.5,68.2,15.3,38.9,30.1,8.8,442.8,433.6,9.2,184.0,179.1,5.0,,,,
SVK,2008-01-01,2230.2,1896.4,333.8,1000.2,809.0,191.2,1.0,34.498458227,14.96726751,85.0,69.2,15.8,39.4,30.5,8.9,445.1,435.6,9.5,180.2,175.3,4.9,10.3,1.5,eurostat,0.145631068
SVK,2008-04-01,2242.2,1899.0,343.3,995.6,798.8,196.7,1.0,34.156014354,15.31085541,82.0,65.8,16.2,38.8,29.7,9.1,444.8,435.2,9.6,178.5,173.5,5.0,10.1,1.3,eurostat,0.128712871
SVK,2008-07-01,2259.8,1907.2,352.6,1020.2,818.1,202.0,1.0,34.727375465,15.603150721,81.3,64.8,16.4,39.5,30.3,9.2,445.3,435.6,9.7,182.0,177.0,5.0,9.066666667,1.3,eurostat,0.143382353
SVK,2008-10-01,2256.3,1896.2,360.2,1016.2,809.7,206.5,1.0,34.644874693,15.964189159,81.8,65.2,16.6,39.5,30.2,9.3,447.0,437.2,9.9,180.0,174.9,5.1,8.9,1.2,eurostat,0.134831461
SVK,2009-01-01,2232.7,1866.6,366.1,980.0,772.4,207.6,1.0,33.763880228,16.397187262,78.1,61.5,16.6,34.0,24.6,9.4,444.3,434.4,9.9,178.0,172.9,5.1,10.333333333,1.2,eurostat,0.116129032
SVK,2009-04-01,2218.6,1852.5,366.2,978.8,771.3,207.4,1.0,33.936855536,16.505904625,82.3,65.9,16.4,38.7,29.4,9.3,447.1,437.2,9.9,180.4,175.3,5.1,11.6,1.0,eurostat,0.086206897
SVK,2009-07-01,2187.6,1822.8,364.9,980.0,773.4,206.6,1.0,34.459963149,16.680380325,78.3,62.1,16.2,37.7,28.4,9.2,446.0,436.2,9.9,181.7,176.6,5.1,12.666666667,0.9,eurostat,0.071052632
SVK,2009-10-01,2173.7,1808.5,365.2,980.8,773.7,207.1,1.0,34.708632215,16.800846483,74.0,57.9,16.1,36.2,27.0,9.2,448.6,438.7,9.9,180.4,175.3,5.1,13.8,0.8,eurostat,0.057971014
SVK,2010-01-01,2160.4,1797.9,362.5,969.1,764.3,204.7,1.0,34.505718314,16.77930013,77.0,61.1,15.9,34.5,25.7,8.8,447.8,438.1,9.8,178.9,174.0,5.0,14.866666667,0.8,eurostat,0.053811659
SVK,2010-04-01,2162.1,1800.6,361.5,974.1,770.0,204.1,1.0,34.656477143,16.719855696,72.5,56.8,15.7,34.2,25.5,8.7,451.3,441.6,9.7,181.2,176.3,4.9,14.6,0.7,eurostat,0.047945205
SVK,2010-07-01,2172.5,1811.4,361.1,980.2,776.4,203.8,1.0,34.706559264,16.621403913,72.4,56.8,15.6,34.8,26.2,8.7,450.7,441.2,9.6,180.7,175.8,4.9,14.233333333,0.8,eurostat,0.056206089
SVK,2010-10-01,2184.3,1824.9,359.5,983.8,780.3,203.5,1.0,34.64584676,16.458361947,73.1,57.6,15.5,35.3,26.6,8.6,449.8,440.2,9.6,179.4,174.5,4.9,13.833333333,0.8,eurostat,0.057831325
SVK,2011-01-01,2199.7,1843.2,356.5,988.5,787.1,201.3,1.0,34.567650834,16.206755467,78.8,63.5,15.3,36.3,27.7,8.5,448.4,438.9,9.5,179.9,175.2,4.7,13.7,0.8,eurostat,0.058394161
SVK,2011-04-01,2207.2,1852.3,354.9,991.7,791.4,200.3,1.0,34.56171411,16.079195361,72.6,57.2,15.4,35.3,26.7,8.6,450.6,441.2,9.4,181.5,176.8,4.7,13.566666667,0.8,eurostat,0.058968059
SVK,2011-07-01,2212.5,1859.0,353.5,993.2,793.6,199.5,1.0,34.531073446,15.97740113,70.7,55.3,15.4,34.3,25.7,8.5,450.9,441.4,9.5,181.8,177.0,4.8,13.466666667,0.8,eurostat,0.059405941
SVK,2011-10-01,2213.9,1862.3,351.6,983.8,786.1,197.8,1.0,34.182629331,15.881476128,72.3,57.0,15.3,34.2,25.8,8.4,448.9,439.6,9.3,179.1,174.3,4.8,13.8,0.8,eurostat,0.057971014
SVK,2012-01-01,2215.8,1868.0,347.8,998.8,802.3,196.5,1.0,34.67405417,15.696362488,72.0,56.8,15.2,33.8,25.4,8.4,448.4,439.1,9.3,182.4,177.7,4.7,13.7,0.8,eurostat,0.058394161
SVK,2012-04-01,2213.9,1867.6,346.3,989.3,793.4,196.0,1.0,34.373729617,15.642079588,72.1,56.9,15.2,34.2,25.9,8.3,445.8,436.5,9.3,178.5,173.6,4.9,13.8,0.8,eurostat,0.057971014
SVK,2012-07-01,2208.9,1862.8,346.1,980.8,785.0,195.9,1.0,34.155531643,15.668432251,70.1,54.8,15.2,33.9,25.6,8.4,447.0,437.6,9.4,176.7,171.7,5.0,13.833333333,0.8,eurostat,0.057831325
SVK,2012-10-01,2199.1,1858.2,340.9,984.4,791.3,193.1,1.0,34.43366692,15.501796189,70.4,55.3,15.1,33.1,24.7,8.4,446.3,437.1,9.2,179.8,174.8,5.0,14.3,0.8,eurostat,0.055944056
SVK,2013-01-01,2193.8,1853.6,340.2,969.9,779.7,190.2,1.0,34.00842935,15.507338864,74.4,59.2,15.2,34.0,25.5,8.4,446.3,436.9,9.4,176.3,171.4,4.9,14.133333333,0.9,eurostat,0.063679245
SVK,2013-04-01,2187.2,1848.0,339.2,968.3,778.0,190.3,1.0,34.05478026,15.508412582,74.2,59.0,15.3,34.4,25.9,8.5,444.7,435.3,9.4,177.3,172.4,4.9,14.233333333,0.8,eurostat,0.056206089
SVK,2013-07-01,2191.9,1856.4,335.5,969.8,782.1,187.6,1.0,34.03439938,15.306355217,77.0,61.8,15.3,37.5,28.8,8.6,445.5,436.1,9.3,177.0,172.2,4.9,14.033333333,0.9,eurostat,0.064133017
SVK,2013-10-01,2196.1,1860.4,335.7,972.6,784.0,188.7,1.0,34.06738519,15.286189153,71.9,56.6,15.3,34.3,25.6,8.8,448.2,438.8,9.4,179.1,174.0,5.1,14.066666667,0.8,eurostat,0.056872038
SVK,2014-01-01,2206.9,1873.8,333.0,978.4,790.7,187.7,1.0,34.10283133,15.089038923,72.5,57.2,15.2,34.6,25.8,8.7,455.1,445.6,9.5,181.8,176.7,5.1,13.833333333,0.9,eurostat,0.065060241
SVK,2014-04-01,2218.0,1890.0,328.0,976.2,792.0,184.2,1.0,33.855864604,14.788097385,72.4,57.1,15.3,34.2,25.5,8.7,457.2,447.7,9.4,181.1,176.1,5.0,13.366666667,0.9,eurostat,0.067331671
SVK,2014-07-01,2226.2,1901.4,324.9,982.0,801.7,180.3,1.0,33.931570182,14.594376067,71.5,56.1,15.4,34.6,25.8,8.8,460.1,450.7,9.4,183.4,178.5,4.9,12.866666667,0.9,eurostat,0.069948187
SVK,2014-10-01,2241.5,1916.9,324.6,984.6,802.5,182.2,1.0,33.789186499,14.48137408,73.9,58.5,15.4,34.8,26.1,8.7,463.1,453.7,9.5,183.7,178.7,5.1,12.4,0.9,eurostat,0.072580645
SVK,2015-01-01,2248.1,1922.6,325.5,984.1,801.1,183.0,1.0,33.67287932,14.478893288,73.2,57.6,15.6,34.8,26.0,8.8,461.1,451.4,9.7,182.3,177.2,5.2,12.2,0.9,eurostat,0.073770492
SVK,2015-04-01,2262.0,1937.2,324.8,993.2,811.2,182.0,1.0,33.775419982,14.358974359,72.4,56.9,15.5,34.3,25.6,8.7,465.5,455.8,9.7,185.8,180.7,5.1,11.5,0.9,eurostat,0.07826087
SVK,2015-07-01,2273.5,1950.1,323.5,996.3,816.0,180.3,1.0,33.70946186,14.229162085,72.8,57.2,15.6,34.5,25.8,8.7,467.6,458.0,9.6,186.0,180.9,5.0,11.3,0.9,eurostat,0.079646018
SVK,2015-10-01,2284.8,1961.4,323.4,999.9,817.0,182.9,1.0,33.663946348,14.154411765,75.7,60.0,15.7,35.0,26.2,8.8,467.7,458.2,9.5,185.4,180.2,5.1,10.833333333,1.0,eurostat,0.092307692
SVK,2016-01-01,2301.1,1977.5,323.6,1009.0,826.9,182.1,1.0,33.729687808,14.062839512,71.8,56.1,15.8,34.2,25.3,8.9,468.3,458.8,9.5,187.5,182.4,5.1,10.3,1.0,eurostat,0.097087379
SVK,2016-04-01,2314.2,1991.6,322.6,1007.8,826.8,180.9,1.0,33.49886653,13.94002247,72.5,56.6,15.8,34.8,25.8,9.0,470.6,461.2,9.4,186.7,181.7,5.0,9.733333333,1.1,eurostat,0.113013699
SVK,2016-07-01,2327.2,2003.9,323.3,1010.0,828.8,181.2,1.0,33.384456726,13.892231007,72.0,56.2,15.8,34.3,25.4,8.9,471.2,461.7,9.5,187.7,182.7,4.9,9.466666667,1.1,eurostat,0.116197183
SVK,2016-10-01,2341.7,2018.1,323.6,1012.3,829.9,182.4,1.0,33.253290673,13.81902037,73.7,57.8,15.9,34.2,25.3,8.9,472.2,462.8,9.3,185.4,180.4,5.0,9.033333333,1.0,eurostat,0.110701107
SVK,2017-01-01,2351.7,2028.1,323.6,1018.2,835.4,182.8,1.0,33.304876014,13.760258536,73.1,57.2,15.9,34.0,25.1,8.9,473.6,464.3,9.2,187.3,182.3,5.0,8.633333333,1.0,eurostat,0.115830116
SVK,2017-04-01,2365.7,2043.6,322.1,1018.6,837.1,181.5,1.0,33.120787147,13.615420383,71.2,55.5,15.8,33.4,24.5,8.9,474.2,465.1,9.2,187.6,182.7,4.9,8.2,1.0,eurostat,0.12195122
SVK,2017-07-01,2379.5,2057.4,322.1,1017.4,838.0,179.4,1.0,32.889908998,13.536457239,71.8,56.1,15.8,33.4,24.4,9.0,476.8,467.5,9.3,187.3,182.3,5.0,7.933333333,1.1,eurostat,0.138655462
SVK,2017-10-01,2392.1,2069.9,322.2,1024.5,844.7,179.8,1.0,32.944982362,13.469336566,73.0,57.3,15.7,33.5,24.5,8.9,479.6,470.5,9.1,188.3,183.6,4.7,7.6,1.2,eurostat,0.157894737
SVK,2018-01-01,2403.5,2083.1,320.4,1028.4,848.8,179.6,1.0,32.91353955,13.330559601,72.0,56.4,15.6,33.4,24.5,8.8,479.6,470.6,9.0,187.5,182.6,4.8,7.033333333,1.2,eurostat,0.170616114
SVK,2018-04-01,2415.5,2094.4,321.1,1030.5,849.3,181.2,1.0,32.816903651,13.293314014,71.1,55.5,15.6,33.5,24.6,8.9,479.2,470.2,9.0,186.5,181.6,4.8,6.666666667,1.2,eurostat,0.18
SVK,2018-07-01,2426.1,2103.3,322.8,1027.0,846.8,180.2,1.0,32.562548947,13.30530481,72.2,56.7,15.5,33.5,24.6,8.9,478.9,469.9,9.0,185.5,180.7,4.9,6.333333333,1.2,eurostat,0.189473684
SVK,2018-10-01,2434.5,2108.9,325.5,1033.8,850.9,182.9,1.0,32.665055216,13.37030191,72.9,57.3,15.6,33.1,24.2,8.9,482.1,473.2,8.9,186.8,182.1,4.7,5.966666667,1.3,eurostat,0.217877095
SVK,2019-01-01,2443.3,2115.4,327.9,1031.0,846.9,184.1,1.0,32.459252776,13.420374084,71.9,56.0,15.9,33.4,24.3,9.1,484.5,475.9,8.6,187.0,182.3,4.6,5.733333333,1.2,eurostat,0.209302326
SVK,2019-04-01,2448.4,2118.5,329.9,1030.9,844.9,186.0,1.0,32.388498611,13.474105538,72.0,56.0,16.0,33.5,24.3,9.1,485.2,476.5,8.7,187.1,182.4,4.7,5.733333333,1.1,eurostat,0.191860465
SVK,2019-07-01,2446.5,2114.6,331.9,1034.1,849.7,184.4,1.0,32.514266849,13.566319232,72.8,56.7,16.1,33.1,24.1,9.1,489.0,480.2,8.8,189.5,184.8,4.7,5.8,1.0,eurostat,0.172413793
SVK,2019-10-01,2442.5,2111.3,331.2,1037.8,852.5,185.3,1.0,32.684040627,13.559877175,72.6,56.5,16.1,33.0,23.8,9.2,490.2,481.6,8.5,190.7,186.2,4.5,5.7,1.0,eurostat,0.175438596
SVK,2020-01-01,2433.1,2103.9,329.1,992.7,810.6,182.1,1.0,31.384463631,13.525954544,70.6,54.6,16.0,32.3,23.1,9.2,490.5,482.4,8.2,185.8,181.4,4.3,5.9,0.9,eurostat,0.152542373
SVK,2020-04-01,2391.8,2071.9,320.0,855.2,716.9,138.3,1.0,27.504229193,13.379045071,71.1,55.4,15.7,30.5,22.3,8.2,486.8,478.9,7.9,167.8,164.8,3.0,6.633333333,0.8,eurostat,0.120603015
SVK,2020-07-01,2385.5,2065.7,319.8,969.0,795.9,173.1,1.0,31.246473083,13.40599455,70.7,55.3,15.4,31.3,22.8,8.5,489.9,481.8,8.0,184.1,179.8,4.2,7.0,0.8,eurostat,0.114285714
SVK,2020-10-01,2385.8,2060.4,325.4,949.1,786.4,162.7,1.0,30.600927281,13.639030933,70.1,54.4,15.7,31.4,22.9,8.6,491.9,483.8,8.1,182.1,178.5,3.6,6.933333333,0.7,eurostat,0.100961538
SVK,2021-01-01,2366.4,2039.5,326.9,915.2,752.1,163.1,1.0,29.749830967,13.81423259,68.2,52.6,15.7,30.6,22.3,8.3,485.3,477.5,7.8,176.4,172.6,3.8,7.066666667,0.8,eurostat,0.113207547
SVK,2021-04-01,2380.1,2052.8,327.3,946.1,780.1,166.0,1.0,30.577254349,13.751523045,69.5,53.8,15.6,30.8,22.2,8.5,490.2,482.4,7.8,183.1,179.5,3.6,7.0,0.9,eurostat,0.128571429
SVK,2021-07-01,2392.9,2061.3,331.7,959.2,791.9,167.3,1.0,30.834809388,13.86184128,68.8,53.1,15.7,30.2,21.8,8.3,494.1,486.1,7.9,184.2,180.2,4.0,6.7,0.9,eurostat,0.134328358
SVK,2021-10-01,2401.0,2063.7,337.3,941.7,777.0,164.7,1.0,30.170121424,14.048313203,67.1,51.2,15.9,29.4,21.1,8.3,493.8,486.1,7.8,180.7,177.3,3.4,6.6,0.9,eurostat,0.136363636
SVK,2022-01-01,2415.9,2072.6,343.3,972.3,792.1,180.2,1.0,30.958362388,14.210025249,68.3,52.3,16.0,30.2,21.6,8.6,497.0,489.3,7.7,184.1,180.3,3.8,6.333333333,1.1,eurostat,0.173684211
SVK,2022-04-01,2429.2,2085.9,343.4,979.4,806.2,173.2,1.0,31.013692384,14.136341182,69.5,53.4,16.1,30.7,22.2,8.6,499.7,492.0,7.7,186.9,183.3,3.6,6.2,1.0,eurostat,0.161290323
SVK,2022-07-01,2430.8,2090.6,340.2,976.9,803.9,172.9,1.0,30.914165643,13.995392463,69.9,54.1,15.9,30.5,21.9,8.6,501.9,493.9,8.0,187.8,183.9,4.0,6.0,1.1,eurostat,0.183333333
SVK,2022-10-01,2433.3,2092.4,340.9,977.2,804.4,172.8,1.0,30.891887876,14.009780956,70.9,54.9,16.0,31.0,22.3,8.7,503.0,495.3,7.8,186.3,182.7,3.5,6.066666667,1.0,eurostat,0.164835165
SVK,2023-01-01,2433.9,2090.3,343.6,997.1,815.2,181.9,1.0,31.513209253,14.117260364,68.0,52.1,16.0,30.3,21.5,8.8,500.8,493.1,7.7,189.0,185.2,3.8,6.066666667,1.1,eurostat,0.181318681
SVK,2023-04-01,2434.1,2090.5,343.6,990.5,811.1,179.4,1.0,31.302044983,14.116100407,68.0,51.9,16.1,30.2,21.5,8.8,501.9,494.5,7.4,188.8,185.1,3.7,5.833333333,1.0,eurostat,0.171428571
SVK,2023-07-01,2433.4,2084.5,348.9,986.1,803.7,182.4,1.0,31.171959462,14.337963343,68.2,52.1,16.1,30.3,21.4,8.9,504.3,496.3,8.0,187.6,183.5,4.1,5.833333333,1.1,eurostat,0.188571429
SVK,2023-10-01,2434.8,2085.7,349.2,992.9,810.5,182.5,1.0,31.368869343,14.342040414,67.0,51.0,15.9,29.9,21.1,8.8,504.4,496.6,7.8,189.3,185.4,3.9,5.666666667,1.1,eurostat,0.194117647
SVK,2024-01-01,2431.5,2080.6,350.8,993.6,809.5,184.1,1.0,31.433588004,14.427308246,68.3,52.5,15.8,30.5,21.8,8.8,505.6,497.8,7.8,191.7,187.7,4.0,5.5,1.3,eurostat,0.236363636
SVK,2024-04-01,2429.5,2080.6,348.9,985.6,803.2,182.4,1.0,31.206167777,14.360979625,66.4,50.7,15.7,30.0,21.2,8.8,507.6,500.1,7.5,190.8,187.0,3.8,5.3,1.2,eurostat,0.226415094
SVK,2024-07-01,2430.9,2080.5,350.3,990.2,806.9,183.2,1.0,31.333757361,14.410300712,66.6,50.8,15.8,29.8,21.2,8.6,511.8,503.8,8.0,193.3,189.1,4.1,5.3,1.2,eurostat,0.226415094
SVK,2024-10-01,2429.3,2079.3,350.1,991.0,808.5,182.5,1.0,31.379726354,14.411558885,66.4,50.7,15.6,29.8,21.2,8.6,512.2,504.4,7.8,193.8,190.0,3.8,5.233333333,1.1,eurostat,0.210191083
SVK,2025-01-01,2427.4,2081.4,345.7,983.5,802.7,180.8,1.0,31.16661702,14.241575348,67.4,51.7,15.7,29.7,21.1,8.6,514.7,507.3,7.4,192.7,189.0,3.7,5.233333333,1.1,eurostat,0.210191083
SVK,2025-04-01,2428.3,2083.5,345.7,980.5,802.1,178.5,1.0,31.060032501,14.236296998,65.9,50.4,15.5,29.5,21.0,8.4,515.4,507.9,7.4,193.8,190.1,3.7,5.433333333,1.0,eurostat,0.18404908
SVK,2025-07-01,2425.3,2081.5,344.4,984.7,805.6,179.1,1.0,31.231663648,14.200305117,66.4,50.8,15.6,29.4,20.9,8.5,519.7,511.9,7.8,195.4,191.4,3.9,5.466666667,1.0,eurostat,0.182926829
SVK,2025-10-01,2427.2,2084.2,341.9,986.8,808.7,178.1,1.0,31.273769079,14.086189848,66.4,50.9,15.6,29.3,20.9,8.4,519.2,511.7,7.6,195.5,191.8,3.7,5.6,1.0,eurostat,0.178571429
SVK,2026-01-01,2425.4,2088.4,334.1,980.3,807.6,172.7,1.0,31.090827207,13.775047415,65.7,50.3,15.5,29.1,20.8,8.3,518.9,511.8,7.1,194.5,191.0,3.5,,,,
SVK,2026-04-01,2428.4,,,,,,1.0,,,,,,,,,,,,,,,,,,
SVN,1995-01-01,930.7,749.9,181.1,413.4,303.0,111.1,1.0,34.167830665,19.458472118,133.8,15.1,118.7,86.9,6.0,81.0,126.6,125.2,1.4,52.3,51.6,0.7,,,,
SVN,1995-04-01,925.5,747.3,178.1,409.9,301.4,108.7,1.0,34.068902464,19.24365208,130.7,14.6,116.1,84.6,5.8,78.8,127.5,126.0,1.5,52.5,51.8,0.7,,,,
SVN,1995-07-01,919.4,744.0,175.2,406.4,300.2,106.2,1.0,34.002108398,19.055906026,127.5,13.8,113.7,82.3,5.7,76.6,128.3,126.8,1.5,52.8,52.1,0.8,,,,
SVN,1995-10-01,914.0,741.3,172.6,403.1,299.1,103.9,1.0,33.925265107,18.884026258,125.0,13.7,111.3,80.5,5.7,74.8,129.0,127.4,1.6,53.1,52.3,0.8,,,,
SVN,1996-01-01,909.5,739.1,170.4,398.1,296.9,100.8,1.0,33.670233011,18.735568994,123.0,13.9,109.0,77.1,5.6,71.5,129.8,128.2,1.6,53.0,52.2,0.8,,,,
SVN,1996-04-01,906.1,736.9,169.0,394.7,295.6,99.1,1.0,33.507933409,18.651362984,121.5,14.2,107.3,76.2,5.7,70.4,130.8,129.1,1.7,53.4,52.5,0.8,,,,
SVN,1996-07-01,900.9,733.6,168.3,390.8,293.3,97.5,1.0,33.368341061,18.681318681,120.3,14.3,106.0,74.2,5.8,68.4,131.0,129.2,1.8,53.6,52.7,0.9,,,,
SVN,1996-10-01,898.7,730.6,168.4,386.5,290.6,96.2,1.0,33.081973106,18.738177367,119.3,14.3,105.1,73.2,5.8,67.3,132.6,130.7,1.9,53.9,53.0,0.9,,,,
SVN,1997-01-01,885.9,716.0,169.0,383.1,288.8,94.4,1.0,33.264737295,19.07664522,119.2,14.4,104.7,69.0,5.8,63.2,133.8,131.9,2.0,54.6,53.6,1.0,,,,
SVN,1997-04-01,886.1,715.0,169.4,381.5,287.5,94.6,1.0,33.118331843,19.117481097,118.4,14.3,104.1,69.0,5.8,63.3,134.8,132.7,2.1,54.9,53.9,1.0,,,,
SVN,1997-07-01,889.4,721.3,169.5,380.8,287.1,93.8,1.0,32.934908581,19.05779177,117.5,14.1,103.4,67.2,5.7,61.5,135.4,133.3,2.1,55.0,54.0,1.1,,,,
SVN,1997-10-01,889.0,720.2,169.3,381.5,287.0,93.8,1.0,33.01029679,19.043869516,116.5,14.0,102.5,67.6,5.7,61.9,135.9,133.7,2.2,55.2,54.1,1.1,,,,
SVN,1998-01-01,886.9,718.4,168.9,380.6,286.8,94.5,1.0,33.01039923,19.043860638,115.6,14.1,101.4,68.1,5.6,62.5,135.0,132.7,2.3,55.1,54.0,1.1,,,,
SVN,1998-04-01,886.8,717.8,168.2,380.6,287.4,94.1,1.0,33.014121647,18.967072621,114.4,13.9,100.5,66.3,5.7,60.7,135.3,133.0,2.3,55.2,54.0,1.2,,,,
SVN,1998-07-01,886.7,719.2,167.3,380.9,288.2,94.2,1.0,33.043870531,18.86771174,113.2,13.6,99.5,67.3,5.6,61.8,135.9,133.5,2.4,55.5,54.3,1.2,,,,
SVN,1998-10-01,888.3,720.7,166.5,379.1,288.1,86.6,1.0,32.828479637,18.74366768,112.2,13.5,98.7,59.1,5.6,53.5,136.5,134.0,2.4,55.6,54.4,1.2,,,,
SVN,1999-01-01,894.3,724.3,171.1,381.4,288.1,95.1,1.0,32.806062326,19.132282232,111.2,12.1,99.0,65.7,4.9,60.8,137.4,134.9,2.6,56.0,54.7,1.3,,,,
SVN,1999-04-01,898.1,728.2,170.3,382.7,288.8,94.4,1.0,32.778600978,18.962253647,110.3,12.0,98.3,65.7,4.9,60.8,139.6,137.0,2.7,56.2,55.0,1.3,,,,
SVN,1999-07-01,901.3,731.6,169.7,387.1,292.3,95.0,1.0,33.037748893,18.828359037,109.4,12.0,97.5,66.2,4.8,61.4,140.3,137.6,2.7,56.8,55.5,1.3,,,,
SVN,1999-10-01,905.9,736.2,168.9,389.5,294.7,93.4,1.0,33.07378128,18.644441991,108.6,11.9,96.8,65.3,4.9,60.4,140.8,138.1,2.7,57.2,55.9,1.3,,,,
SVN,2000-01-01,908.8,741.2,167.9,391.8,298.7,92.3,1.0,33.162919827,18.474911972,107.7,11.5,96.0,66.2,5.0,61.2,141.0,138.3,2.8,57.5,56.3,1.2,,,,
SVN,2000-04-01,912.8,745.5,167.2,393.6,301.7,91.8,1.0,33.169284703,18.317265557,107.1,11.6,95.4,65.3,4.9,60.4,142.2,139.4,2.8,58.0,56.7,1.2,,,,
SVN,2000-07-01,916.8,750.2,166.6,392.3,301.4,91.0,1.0,32.915492012,18.171902269,106.5,11.8,94.7,62.8,4.9,58.0,142.9,140.1,2.8,56.5,55.3,1.3,,,,
SVN,2000-10-01,918.9,753.1,165.9,394.9,303.4,91.6,1.0,33.057920423,18.054195233,105.5,11.6,94.0,61.7,4.7,57.0,143.7,140.9,2.8,58.3,57.0,1.4,,,,
SVN,2001-01-01,920.1,754.9,165.0,393.8,303.5,91.9,1.0,32.922842835,17.932833388,104.3,10.8,93.4,62.8,4.4,58.3,144.4,141.6,2.8,58.3,56.9,1.3,,,,
SVN,2001-04-01,920.3,756.2,164.1,396.2,304.6,92.2,1.0,33.11629151,17.831142019,102.9,10.3,92.6,62.9,4.3,58.6,145.3,142.4,2.8,58.8,57.4,1.4,,,,
SVN,2001-07-01,920.1,756.6,163.5,396.9,304.8,91.6,1.0,33.182011989,17.76980763,102.0,10.3,91.8,60.8,4.0,56.7,146.0,143.2,2.9,59.0,57.7,1.4,,,,
SVN,2001-10-01,918.4,756.5,162.6,396.4,303.3,90.3,1.0,33.201554543,17.704703833,101.0,10.1,91.0,60.3,4.0,56.3,146.9,144.0,2.9,59.3,57.9,1.4,,,,
SVN,2002-01-01,933.7,766.1,166.9,402.3,315.0,90.8,1.0,33.143572717,17.875120488,100.0,10.0,89.9,58.9,4.1,54.8,147.8,144.9,3.0,60.1,58.7,1.4,,,,
SVN,2002-04-01,932.8,766.2,166.1,402.5,313.4,90.2,1.0,33.192043805,17.806603774,99.3,10.1,89.1,57.3,4.0,53.3,148.6,145.7,3.0,60.3,58.9,1.4,,,,
SVN,2002-07-01,932.0,766.9,164.9,404.0,313.1,90.5,1.0,33.344338065,17.693133047,98.2,9.9,88.4,59.1,4.1,55.0,149.7,146.7,3.0,60.5,59.1,1.4,,,,
SVN,2002-10-01,932.3,767.6,165.6,406.2,314.5,91.2,1.0,33.515128013,17.762522793,97.3,9.7,87.8,58.2,3.9,54.3,150.6,147.5,3.1,61.1,59.6,1.4,,,,
SVN,2003-01-01,930.3,767.7,162.4,403.7,314.9,89.0,1.0,33.380464532,17.456734387,96.3,9.4,86.7,56.8,3.8,53.0,151.5,148.5,3.1,61.3,59.9,1.5,,,,
SVN,2003-04-01,929.8,767.8,161.7,401.4,314.1,87.5,1.0,33.20813409,17.390836739,95.5,9.4,86.1,55.1,3.7,51.3,152.6,149.5,3.1,61.6,60.1,1.5,,,,
SVN,2003-07-01,928.8,767.4,161.2,399.0,313.3,86.0,1.0,33.045120254,17.355727821,94.9,9.3,85.6,53.8,3.8,50.0,153.4,150.3,3.1,61.8,60.4,1.5,,,,
SVN,2003-10-01,928.2,767.4,161.3,397.0,313.3,83.1,1.0,32.900734258,17.377720319,94.3,9.2,85.2,51.0,3.7,47.3,154.3,151.1,3.1,62.1,60.7,1.5,,,,
SVN,2004-01-01,932.2,769.8,161.7,397.4,313.5,83.4,1.0,32.792566798,17.346063077,93.8,8.9,84.8,50.0,3.6,46.4,155.3,152.1,3.2,62.6,61.0,1.5,,,,
SVN,2004-04-01,932.7,770.6,162.0,396.9,313.5,82.9,1.0,32.733750649,17.368928916,93.1,8.5,84.5,49.1,3.4,45.6,156.3,153.1,3.2,62.7,61.2,1.5,,,,
SVN,2004-07-01,935.4,773.4,162.5,396.5,313.4,82.6,1.0,32.606371606,17.372247167,92.5,8.4,84.1,47.9,3.5,44.4,157.2,153.9,3.2,63.0,61.5,1.6,,,,
SVN,2004-10-01,935.4,773.3,163.1,398.4,314.3,83.8,1.0,32.762619036,17.436390849,92.0,8.3,83.7,48.6,3.3,45.2,158.1,154.8,3.3,63.4,61.8,1.6,,,,
SVN,2005-01-01,930.1,770.2,159.0,395.2,312.9,82.2,1.0,32.684657564,17.094936028,91.1,8.2,82.8,48.5,3.3,45.1,158.8,155.5,3.3,63.2,61.6,1.6,,,,
SVN,2005-04-01,930.8,771.0,159.2,394.4,312.6,81.9,1.0,32.593963836,17.103566824,90.5,8.2,82.3,48.4,3.4,44.9,159.4,156.1,3.4,63.7,62.1,1.6,,,,
SVN,2005-07-01,929.7,770.1,159.6,393.4,313.1,80.2,1.0,32.5497886,17.166828009,89.9,8.1,81.8,47.4,3.2,44.2,160.2,156.7,3.4,63.8,62.2,1.6,,,,
SVN,2005-10-01,931.8,772.3,160.0,391.4,312.3,79.5,1.0,32.311324649,17.171066753,89.2,8.0,81.3,46.6,3.2,43.4,160.9,157.4,3.5,64.0,62.4,1.6,,,,
SVN,2006-01-01,937.1,776.4,160.4,393.0,313.5,79.6,1.0,32.259918078,17.116636432,88.2,7.5,80.7,44.9,3.0,41.8,161.4,157.8,3.6,64.3,62.6,1.7,,,,
SVN,2006-04-01,941.1,779.9,161.2,394.5,315.4,79.4,1.0,32.245408401,17.128891722,87.3,7.0,80.2,44.5,2.8,41.6,162.0,158.3,3.7,64.3,62.6,1.7,,,,
SVN,2006-07-01,946.7,784.7,161.9,398.1,318.9,80.9,1.0,32.347181708,17.10151051,86.6,6.8,79.8,44.6,2.7,41.9,162.4,158.7,3.7,64.5,62.7,1.8,,,,
SVN,2006-10-01,953.9,791.1,162.7,402.8,321.2,81.4,1.0,32.482037304,17.056295209,86.0,6.6,79.4,44.1,2.7,41.4,162.6,158.8,3.8,64.9,63.1,1.8,,,,
SVN,2007-01-01,963.3,799.4,163.9,407.6,324.6,81.9,1.0,32.548371384,17.014429565,85.7,6.7,79.0,44.5,2.6,41.9,162.8,158.9,3.9,65.3,63.4,1.8,,,,
SVN,2007-04-01,971.5,806.9,164.6,412.3,327.1,83.2,1.0,32.64578962,16.942871848,85.3,6.6,78.6,44.5,2.7,41.8,163.1,159.1,4.0,65.8,63.9,1.9,,,,
SVN,2007-07-01,980.5,815.1,165.4,396.5,327.3,77.9,1.0,31.106578276,16.868944416,84.7,6.5,78.2,42.8,2.5,40.3,163.6,159.5,4.0,62.8,61.0,1.9,,,,
SVN,2007-10-01,987.2,821.1,166.0,416.8,329.9,83.3,1.0,32.477247226,16.815235008,84.3,6.5,77.8,43.1,2.6,40.5,164.2,160.1,4.1,66.3,64.3,2.0,,,,
SVN,2008-01-01,993.6,827.4,166.2,418.2,330.9,84.8,1.0,32.376439985,16.72705314,83.9,6.5,77.3,44.7,2.7,42.1,165.1,160.9,4.2,66.6,64.5,2.1,4.7,1.2,eurostat,0.255319149
SVN,2008-04-01,1000.5,833.6,166.9,419.2,332.1,83.4,1.0,32.230038827,16.68165917,83.4,6.5,76.9,42.7,2.6,40.1,165.8,161.6,4.3,66.7,64.6,2.1,4.366666667,1.0,eurostat,0.229007634
SVN,2008-07-01,1003.6,836.0,167.8,419.9,344.2,84.3,1.0,32.184137106,16.719808689,82.9,6.4,76.5,44.5,2.6,41.9,166.7,162.3,4.4,67.3,65.2,2.1,4.266666667,1.1,eurostat,0.2578125
SVN,2008-10-01,1003.7,835.2,168.9,417.3,331.0,84.1,1.0,31.981667829,16.827737372,82.5,6.3,76.2,43.4,2.5,40.9,167.7,163.2,4.5,67.4,65.3,2.1,4.266666667,0.8,eurostat,0.1875
SVN,2009-01-01,997.2,826.1,170.6,414.5,329.1,83.7,1.0,31.974142985,17.107902126,82.3,6.3,75.9,41.6,2.5,39.1,168.6,163.9,4.7,68.0,65.8,2.2,5.0,0.8,eurostat,0.16
SVN,2009-04-01,988.2,815.5,172.5,410.4,325.9,84.5,1.0,31.946195881,17.455980571,81.9,6.3,75.6,41.9,2.5,39.4,169.6,164.7,4.9,68.7,66.4,2.3,5.666666667,0.7,eurostat,0.123529412
SVN,2009-07-01,980.9,807.1,174.1,406.7,324.3,83.0,1.0,31.893786711,17.749006015,81.5,6.2,75.3,40.5,2.5,38.0,170.5,165.5,5.0,68.7,66.4,2.3,6.3,0.6,eurostat,0.095238095
SVN,2009-10-01,974.4,799.7,175.6,403.9,320.8,83.4,1.0,31.885499558,18.02134647,81.1,6.1,74.9,40.6,2.5,38.1,171.5,166.3,5.1,68.9,66.6,2.4,6.4,0.6,eurostat,0.09375
SVN,2010-01-01,970.8,797.2,173.1,401.8,319.8,81.4,1.0,31.837342715,17.83065513,80.7,6.2,74.4,39.0,2.5,36.4,172.6,167.3,5.2,69.0,66.6,2.3,6.733333333,0.6,eurostat,0.089108911
SVN,2010-04-01,965.5,792.4,172.9,400.2,318.8,80.9,1.0,31.884635303,17.907819782,80.3,6.2,74.0,38.6,2.6,36.0,173.4,168.1,5.3,69.0,66.6,2.4,7.266666667,0.7,eurostat,0.096330275
SVN,2010-07-01,961.5,788.0,173.5,399.1,317.9,82.1,1.0,31.929277171,18.044721789,79.8,6.2,73.7,38.0,2.6,35.5,174.2,168.7,5.5,69.5,67.0,2.5,7.233333333,0.6,eurostat,0.082949309
SVN,2010-10-01,956.1,782.5,174.2,396.8,316.7,79.6,1.0,31.924565342,18.21985148,79.2,5.9,73.4,36.8,2.4,34.3,174.7,169.1,5.7,69.7,67.2,2.5,7.766666667,0.8,eurostat,0.103004292
SVN,2011-01-01,950.5,778.0,173.2,394.1,313.6,79.9,1.0,31.894144782,18.221988427,78.6,5.4,73.1,36.8,2.3,34.5,174.8,169.1,5.6,69.9,67.3,2.6,8.033333333,0.8,eurostat,0.099585062
SVN,2011-04-01,947.8,774.2,173.8,393.5,313.4,80.2,1.0,31.936305939,18.337201941,78.1,5.2,72.9,37.3,2.2,35.1,175.0,169.1,5.9,70.5,68.0,2.6,7.933333333,0.8,eurostat,0.100840336
SVN,2011-07-01,947.0,772.9,173.4,392.9,313.1,79.1,1.0,31.914547965,18.310454065,77.8,5.2,72.6,37.7,2.2,35.5,175.7,169.7,6.0,71.2,68.6,2.5,8.066666667,0.9,eurostat,0.111570248
SVN,2011-10-01,943.6,770.4,173.3,393.8,313.5,81.3,1.0,32.102911925,18.36583298,77.6,5.3,72.4,38.2,2.2,36.1,176.2,170.3,5.9,71.3,68.7,2.6,8.666666667,0.9,eurostat,0.103846154
SVN,2012-01-01,945.9,770.8,175.8,393.1,312.9,80.0,1.0,31.967926354,18.585474152,77.6,5.2,72.3,38.3,2.1,36.2,177.3,171.1,6.2,71.0,68.4,2.6,8.133333333,0.8,eurostat,0.098360656
SVN,2012-04-01,942.1,767.0,175.3,390.4,310.1,81.8,1.0,31.876413577,18.607366522,77.4,5.2,72.2,38.4,2.1,36.3,177.7,171.4,6.3,70.8,68.1,2.7,8.433333333,0.7,eurostat,0.083003953
SVN,2012-07-01,935.8,761.0,174.8,386.6,306.7,77.7,1.0,31.778650928,18.679204958,77.1,5.1,72.0,37.9,2.1,35.8,176.7,170.4,6.4,69.8,67.1,2.6,9.4,0.8,eurostat,0.085106383
SVN,2012-10-01,930.2,755.0,174.8,385.9,304.4,82.0,1.0,31.912078461,18.791657708,77.0,5.1,71.9,38.6,2.0,36.6,176.6,170.1,6.5,70.2,67.4,2.8,9.566666667,0.7,eurostat,0.073170732
SVN,2013-01-01,928.4,745.3,183.5,385.2,302.5,82.6,1.0,31.915951347,19.765187419,77.4,5.0,72.3,37.9,2.0,35.9,176.2,169.3,6.9,70.2,67.3,2.9,10.5,0.7,eurostat,0.066666667
SVN,2013-04-01,926.5,742.3,184.4,387.5,302.6,85.8,1.0,32.172360829,19.902860227,77.3,5.0,72.3,38.6,2.0,36.7,176.0,168.9,7.0,70.2,67.2,2.9,10.533333333,0.8,eurostat,0.075949367
SVN,2013-07-01,927.0,741.7,185.1,388.7,302.9,85.7,1.0,32.254584682,19.96763754,77.2,5.0,72.2,38.5,2.0,36.6,176.0,168.8,7.2,71.1,68.0,3.1,9.7,0.9,eurostat,0.092783505
SVN,2013-10-01,929.8,742.0,187.3,389.2,303.1,86.1,1.0,32.198818604,20.144117014,77.1,5.0,72.2,37.5,2.0,35.5,176.2,168.9,7.3,70.7,67.6,3.1,9.733333333,1.0,eurostat,0.102739726
SVN,2014-01-01,926.8,743.6,183.7,391.1,304.3,87.6,1.0,32.460741675,19.820889081,76.0,5.1,70.9,38.0,2.0,36.0,176.2,169.2,7.0,71.6,68.4,3.2,10.2,1.1,eurostat,0.107843137
SVN,2014-04-01,930.7,746.5,184.2,390.2,304.3,84.0,1.0,32.250332669,19.791554744,76.0,5.2,70.8,37.1,2.0,35.0,176.7,169.5,7.1,71.8,68.6,3.2,9.5,1.2,eurostat,0.126315789
SVN,2014-07-01,931.7,746.9,184.3,391.7,304.9,87.6,1.0,32.339561265,19.781045401,75.9,5.2,70.7,37.3,2.1,35.2,176.9,169.6,7.3,71.7,68.4,3.3,9.5,1.2,eurostat,0.126315789
SVN,2014-10-01,938.3,752.2,185.7,392.8,306.1,87.5,1.0,32.202264324,19.791111585,75.8,5.2,70.6,37.5,2.1,35.4,177.1,169.7,7.5,72.5,69.2,3.4,9.666666667,1.2,eurostat,0.124137931
SVN,2015-01-01,939.9,754.2,186.0,393.0,306.3,86.7,1.0,32.163814481,19.789339291,75.6,5.3,70.2,37.2,2.1,35.0,177.4,169.9,7.5,72.3,68.9,3.4,9.233333333,1.3,eurostat,0.140794224
SVN,2015-04-01,941.6,754.8,186.9,394.1,307.4,85.6,1.0,32.19560813,19.849192863,75.4,5.3,70.0,36.9,2.1,34.8,177.8,170.2,7.6,72.6,69.2,3.4,9.366666667,1.4,eurostat,0.149466192
SVN,2015-07-01,946.1,759.0,186.7,396.3,309.1,87.3,1.0,32.22134593,19.733643378,75.1,5.3,69.8,37.0,2.1,34.9,178.2,170.5,7.7,73.5,70.0,3.5,8.8,1.3,eurostat,0.147727273
SVN,2015-10-01,948.7,761.3,187.3,396.6,308.9,88.7,1.0,32.157365139,19.742805945,74.9,5.3,69.6,37.2,2.1,35.1,179.0,171.3,7.8,73.4,69.9,3.5,8.5,1.4,eurostat,0.164705882
SVN,2016-01-01,950.9,764.6,186.4,397.6,310.2,87.1,1.0,32.163860958,19.602481859,74.6,5.2,69.4,37.1,2.0,35.1,179.9,172.1,7.8,73.9,70.3,3.5,8.333333333,1.7,eurostat,0.204
SVN,2016-04-01,958.8,771.7,187.2,398.2,310.3,88.5,1.0,31.946985013,19.524405507,74.4,5.2,69.2,37.5,2.0,35.4,181.4,173.4,7.9,74.0,70.4,3.6,7.966666667,1.7,eurostat,0.213389121
SVN,2016-07-01,965.0,777.2,187.4,397.7,310.6,86.7,1.0,31.701873256,19.419689119,74.1,5.1,69.0,37.0,2.0,35.0,182.6,174.5,8.1,73.7,70.1,3.6,7.5,1.7,eurostat,0.226666667
SVN,2016-10-01,971.7,783.3,188.8,399.3,312.5,86.2,1.0,31.60994609,19.429865185,74.0,5.1,68.9,36.6,2.0,34.7,183.9,175.7,8.3,74.2,70.5,3.7,8.133333333,1.9,eurostat,0.233606557
SVN,2017-01-01,977.6,788.5,188.8,400.6,313.8,87.3,1.0,31.521465441,19.312602291,73.7,5.0,68.7,36.4,1.9,34.4,185.1,176.7,8.5,74.0,70.3,3.7,7.366666667,2.0,eurostat,0.271493213
SVN,2017-04-01,986.1,796.4,189.8,402.8,316.4,87.0,1.0,31.421372462,19.247540817,73.6,5.0,68.6,36.2,2.0,34.3,186.0,177.4,8.6,74.3,70.6,3.7,6.6,2.2,eurostat,0.333333333
SVN,2017-07-01,993.9,803.5,190.7,405.1,318.9,86.4,1.0,31.352790483,19.18704095,73.4,5.0,68.5,35.9,1.9,34.0,187.0,178.3,8.7,75.2,71.4,3.8,6.366666667,2.3,eurostat,0.361256544
SVN,2017-10-01,1000.7,809.7,191.5,406.0,320.5,84.6,1.0,31.208922985,19.136604377,73.2,4.9,68.3,35.6,1.9,33.7,188.1,179.3,8.8,75.1,71.4,3.7,5.9,2.3,eurostat,0.389830508
SVN,2018-01-01,1010.7,817.2,192.9,408.7,322.8,86.1,1.0,31.105631284,19.085782131,73.2,5.1,68.1,36.0,1.9,34.1,189.3,180.3,9.1,75.8,72.0,3.8,5.6,2.4,eurostat,0.428571429
SVN,2018-04-01,1017.4,823.5,194.0,411.4,324.9,86.7,1.0,31.104928097,19.068213092,73.2,5.2,68.0,36.5,1.9,34.5,190.3,181.1,9.2,76.1,72.3,3.9,5.333333333,2.6,eurostat,0.4875
SVN,2018-07-01,1023.2,828.5,195.3,413.6,326.3,86.6,1.0,31.094003729,19.087177482,73.2,5.2,67.9,37.0,2.0,35.1,190.9,181.6,9.3,75.9,71.9,3.9,4.966666667,2.5,eurostat,0.503355705
SVN,2018-10-01,1032.4,836.7,195.5,417.2,328.7,89.1,1.0,31.085148869,18.936458737,73.2,5.3,68.0,37.4,2.0,35.3,191.8,182.3,9.5,76.2,72.2,4.0,4.533333333,2.5,eurostat,0.551470588
SVN,2019-01-01,1040.1,843.1,197.1,420.5,331.5,89.5,1.0,31.09908071,18.950100952,73.2,5.3,67.9,37.2,2.1,35.2,192.6,182.9,9.8,76.5,72.3,4.2,4.566666667,2.5,eurostat,0.547445255
SVN,2019-04-01,1044.1,846.7,197.6,420.0,331.4,89.1,1.0,30.94310153,18.925390288,73.1,5.3,67.7,37.3,2.0,35.3,193.5,183.6,10.0,76.4,72.2,4.2,4.333333333,2.3,eurostat,0.530769231
SVN,2019-07-01,1049.1,851.5,197.7,419.2,331.4,87.0,1.0,30.736968684,18.844724049,72.7,5.3,67.4,37.2,2.0,35.2,194.4,184.3,10.1,76.5,72.4,4.1,4.7,2.2,eurostat,0.468085106
SVN,2019-10-01,1049.5,851.2,197.5,420.6,333.2,88.5,1.0,30.82786675,18.818484993,72.0,5.2,66.8,36.7,2.0,34.7,195.4,185.1,10.3,77.3,73.1,4.3,4.133333333,2.2,eurostat,0.532258065
SVN,2020-01-01,1050.7,852.5,198.2,418.7,332.2,85.1,1.0,30.653556969,18.863614733,71.3,5.1,66.1,36.8,2.0,34.9,196.6,186.2,10.4,77.1,73.0,4.0,4.333333333,2.1,eurostat,0.484615385
SVN,2020-04-01,1032.7,836.8,196.1,360.3,284.6,75.9,1.0,26.837788918,18.98905781,70.7,5.0,65.6,36.4,1.9,34.4,197.3,186.9,10.4,69.0,65.8,3.3,5.333333333,1.4,eurostat,0.2625
SVN,2020-07-01,1032.9,835.6,197.1,406.7,317.7,88.1,1.0,30.288135719,19.08219576,70.3,5.0,65.2,36.4,1.9,34.4,198.7,188.3,10.4,77.8,73.6,4.2,5.033333333,1.7,eurostat,0.337748344
SVN,2020-10-01,1037.8,840.1,197.2,393.1,309.7,84.0,1.0,29.137079918,19.001734438,70.0,5.0,65.0,36.4,1.8,34.6,200.2,189.7,10.5,77.8,73.6,4.1,5.266666667,1.6,eurostat,0.303797468
SVN,2021-01-01,1040.1,842.0,198.3,404.0,318.5,86.6,1.0,29.878783845,19.065474474,69.8,4.7,65.0,35.6,1.8,33.8,201.3,190.7,10.6,78.9,74.7,4.2,5.366666667,2.1,eurostat,0.391304348
SVN,2021-04-01,1047.8,847.7,200.4,411.8,324.7,87.2,1.0,30.231841074,19.125787364,69.8,4.7,65.0,35.5,1.8,33.7,203.1,192.3,10.9,79.5,75.2,4.4,4.533333333,2.6,eurostat,0.573529412
SVN,2021-07-01,1056.3,854.1,202.2,420.4,331.9,87.9,1.0,30.614845724,19.142289122,69.7,4.7,65.0,35.4,1.8,33.6,204.4,193.2,11.2,80.1,75.7,4.5,4.4,2.8,eurostat,0.636363636
SVN,2021-10-01,1063.6,859.8,203.1,424.8,336.4,84.8,1.0,30.722943848,19.095524633,69.6,4.7,65.0,34.6,1.7,32.9,205.5,194.2,11.4,80.6,76.0,4.5,4.633333333,2.8,eurostat,0.604316547
SVN,2022-01-01,1075.2,867.5,208.1,430.4,338.5,95.4,1.0,30.792124542,19.35453869,69.4,4.5,64.9,35.4,1.7,33.7,206.7,195.0,11.7,80.2,75.4,4.9,4.133333333,3.0,eurostat,0.725806452
SVN,2022-04-01,1080.1,871.4,208.9,435.3,342.9,92.4,1.0,31.001403004,19.340801778,69.3,4.4,64.9,35.0,1.7,33.3,207.3,195.4,11.9,81.1,76.2,4.9,4.433333333,3.2,eurostat,0.721804511
SVN,2022-07-01,1085.1,874.9,209.9,435.2,341.8,92.0,1.0,30.85146353,19.343839277,69.2,4.4,64.8,34.5,1.7,32.8,208.0,195.9,12.1,80.7,75.6,5.1,3.866666667,3.0,eurostat,0.775862069
SVN,2022-10-01,1089.9,877.8,212.3,438.6,344.7,95.6,1.0,30.955556967,19.478851271,69.0,4.4,64.6,34.5,1.7,32.8,208.9,196.6,12.3,81.6,76.5,5.2,3.666666667,2.8,eurostat,0.763636364
SVN,2023-01-01,1095.1,880.2,214.3,440.9,346.7,94.2,1.0,30.970125665,19.568989133,68.8,4.4,64.4,33.1,1.6,31.5,209.5,197.0,12.5,82.5,77.4,5.2,3.6,2.9,eurostat,0.805555556
SVN,2023-04-01,1097.5,881.3,216.4,440.3,345.0,94.1,1.0,30.860346942,19.717539863,68.6,4.4,64.2,32.5,1.6,30.8,210.5,197.8,12.7,82.2,77.0,5.3,3.8,2.8,eurostat,0.736842105
SVN,2023-07-01,1099.3,882.0,218.0,442.8,347.3,91.7,1.0,30.984752535,19.830801419,68.4,4.4,64.0,31.9,1.7,30.2,211.4,198.6,12.8,83.1,77.9,5.1,3.633333333,2.7,eurostat,0.743119266
SVN,2023-10-01,1102.7,883.9,219.3,430.2,346.2,91.1,1.0,30.01025455,19.887548744,68.2,4.3,63.9,31.2,1.6,29.6,212.4,199.5,13.0,83.2,77.9,5.3,3.566666667,2.5,eurostat,0.700934579
SVN,2024-01-01,1104.6,884.7,219.7,446.5,348.1,96.9,1.0,31.093747824,19.889552779,68.0,4.4,63.6,31.4,1.7,29.8,213.8,200.5,13.2,84.4,78.8,5.6,3.3,2.5,eurostat,0.757575758
SVN,2024-04-01,1104.0,883.1,221.1,448.5,350.5,95.9,1.0,31.25,20.027173913,67.8,4.4,63.4,31.5,1.7,29.8,214.8,201.2,13.5,84.8,79.1,5.6,3.633333333,2.4,eurostat,0.660550459
SVN,2024-07-01,1104.1,881.8,222.5,449.6,351.4,98.5,1.0,31.323807069,20.15216013,67.5,4.4,63.0,31.2,1.7,29.5,215.9,201.9,14.1,85.5,79.5,6.1,4.1,2.4,eurostat,0.585365854
SVN,2024-10-01,1102.6,879.3,222.9,449.4,351.8,99.3,1.0,31.352467594,20.215853437,66.9,4.4,62.6,31.1,1.7,29.4,216.8,202.3,14.7,86.1,80.0,6.3,3.666666667,2.2,eurostat,0.6
SVN,2025-01-01,1098.4,876.1,222.4,426.8,331.6,93.1,1.0,29.889629671,20.247632921,66.3,4.3,62.1,30.6,1.7,28.9,217.5,203.0,14.4,85.2,79.2,5.7,3.833333333,2.3,eurostat,0.6
SVN,2025-04-01,1098.5,875.4,223.3,445.3,352.4,93.8,1.0,31.182381569,20.327719618,66.2,4.2,61.9,30.7,1.6,29.1,218.9,204.1,14.7,86.6,80.5,5.9,3.433333333,2.1,eurostat,0.611650485
SVN,2025-07-01,1099.2,875.1,223.9,445.1,353.7,97.6,1.0,31.1485276,20.369359534,66.2,4.2,61.9,30.5,1.6,28.9,220.0,205.1,14.9,87.5,81.2,6.3,3.933333333,2.2,eurostat,0.559322034
SVN,2025-10-01,1099.9,874.6,224.9,441.7,336.8,97.3,1.0,30.890920154,20.447313392,66.3,4.2,62.2,30.5,1.6,28.9,221.2,206.1,15.2,87.6,81.2,6.4,4.2,2.2,eurostat,0.523809524
SVN,2026-01-01,1102.3,875.6,226.8,441.5,342.2,97.1,1.0,30.809705581,20.575161027,66.6,4.2,62.5,30.4,1.6,28.8,222.5,207.2,15.3,88.8,82.2,6.6,,,,
SVN,2026-04-01,1102.0,874.1,228.0,441.0,346.1,98.6,1.0,30.7831914,20.689655172,65.5,4.2,61.3,30.4,1.6,28.9,223.4,207.9,15.4,88.8,82.0,6.9,,,,
SWE,1995-01-01,4167.1,3820.7,346.9,1696.6,1537.5,157.5,1.0,31.318589021,8.324734228,169.8,34.2,134.0,86.0,16.8,68.3,1478.6,1472.1,6.8,520.8,518.2,2.5,,,,
SWE,1995-04-01,4184.7,3837.8,347.1,1707.7,1546.5,158.4,1.0,31.390909375,8.294501398,165.3,33.9,130.1,86.3,16.8,68.8,1476.2,1469.3,7.4,520.6,518.3,2.4,,,,
SWE,1995-07-01,4182.4,3839.2,342.9,1714.2,1559.7,156.3,1.0,31.527720558,8.198641928,161.0,33.4,127.8,82.2,16.6,65.5,1474.3,1467.7,7.3,523.2,520.2,2.8,,,,
SWE,1995-10-01,4176.6,3835.0,341.7,1710.5,1554.7,157.5,1.0,31.503357534,8.181295791,158.2,33.3,125.9,82.0,16.7,66.1,1462.9,1455.3,7.7,522.5,519.7,2.8,,,,
SWE,1996-01-01,4170.0,3827.2,343.1,1721.2,1560.4,158.6,1.0,31.75059952,8.227817746,160.1,33.1,126.2,82.9,17.1,64.9,1459.5,1451.8,8.2,521.5,518.1,2.8,,,,
SWE,1996-04-01,4153.1,3810.9,342.2,1708.0,1554.2,153.8,1.0,31.635312269,8.23962823,156.4,32.6,123.4,78.9,16.5,62.4,1454.6,1446.9,8.1,520.7,518.0,3.1,,,,
SWE,1996-07-01,4133.3,3795.0,338.7,1691.7,1541.4,152.7,1.0,31.48350452,8.194420923,156.3,33.1,122.6,80.1,16.9,63.5,1445.9,1437.9,8.3,519.1,515.8,3.2,,,,
SWE,1996-10-01,4117.8,3782.3,334.9,1706.2,1552.2,153.3,1.0,31.872882084,8.132983632,150.9,35.6,117.0,79.1,16.8,61.9,1444.2,1435.4,8.5,517.0,514.0,3.2,,,,
SWE,1997-01-01,4092.5,3755.5,337.3,1709.2,1549.1,157.9,1.0,32.126309854,8.241905925,147.2,31.6,115.3,79.7,16.1,62.4,1436.4,1426.1,11.7,518.4,514.3,4.8,,,,
SWE,1997-04-01,4084.4,3748.1,336.5,1682.1,1530.0,154.0,1.0,31.679636591,8.238664186,146.0,31.5,113.8,75.8,16.5,59.6,1433.8,1423.0,11.2,515.6,511.3,4.5,,,,
SWE,1997-07-01,4092.2,3755.1,336.9,1694.9,1542.0,154.4,1.0,31.859860974,8.232735448,140.8,31.2,109.0,75.5,15.8,60.0,1431.4,1419.7,11.6,516.0,511.4,4.5,,,,
SWE,1997-10-01,4099.3,3760.2,339.7,1713.1,1556.7,154.5,1.0,32.146201321,8.28678067,144.4,31.3,113.4,74.2,16.1,57.4,1427.6,1415.6,11.6,515.8,511.3,4.3,,,,
SWE,1998-01-01,4120.3,3784.7,335.1,1709.6,1552.8,156.0,1.0,31.917018738,8.132902944,139.4,31.3,108.3,73.7,16.0,57.4,1429.2,1418.7,10.3,518.6,513.9,4.3,,,,
SWE,1998-04-01,4143.0,3807.1,336.4,1712.7,1560.5,153.7,1.0,31.799699215,8.11972001,140.5,31.4,108.8,72.3,16.1,56.2,1432.9,1422.1,10.9,516.5,512.8,4.5,,,,
SWE,1998-07-01,4175.4,3836.2,338.5,1724.8,1570.9,154.3,1.0,31.775859337,8.107007712,141.1,31.7,109.1,71.6,16.3,55.4,1437.6,1426.6,11.0,519.1,514.7,4.4,,,,
SWE,1998-10-01,4200.7,3857.4,344.3,1741.7,1582.1,158.7,1.0,31.893951741,8.196253005,139.9,31.6,108.5,73.5,16.0,57.6,1444.3,1433.2,11.4,524.3,519.3,4.4,,,,
SWE,1999-01-01,4218.8,3875.8,342.4,1747.1,1590.7,156.6,1.0,31.855576868,8.116051958,141.0,31.4,109.1,74.1,16.1,57.9,1454.0,1442.4,11.9,522.9,519.0,4.1,,,,
SWE,1999-04-01,4236.1,3891.0,345.8,1756.3,1596.9,159.8,1.0,31.892542669,8.163168953,137.9,31.2,107.0,73.8,16.0,57.8,1458.0,1446.3,11.9,525.7,521.5,4.3,,,,
SWE,1999-07-01,4254.5,3909.1,345.3,1771.2,1608.9,161.1,1.0,32.024010776,8.116112352,139.1,31.9,107.3,73.9,16.4,57.0,1464.5,1452.4,12.0,527.3,522.2,4.5,,,,
SWE,1999-10-01,4272.5,3928.9,343.8,1760.5,1602.6,158.0,1.0,31.696448665,8.046811001,136.7,32.3,104.9,72.2,16.3,56.3,1470.4,1458.7,11.8,525.7,520.1,4.7,,,,
SWE,2000-01-01,4300.4,3954.7,346.2,1765.6,1613.3,153.2,1.0,31.582035303,8.050413915,144.5,33.5,109.8,73.0,16.7,56.7,1447.4,1435.7,12.1,520.3,516.0,4.4,,,,
SWE,2000-04-01,4342.0,3996.2,346.1,1789.0,1632.3,156.2,1.0,31.694008433,7.970981115,141.7,33.8,108.1,73.7,16.8,56.4,1452.4,1440.5,11.8,518.6,514.1,4.7,,,,
SWE,2000-07-01,4358.2,4014.9,342.8,1794.5,1639.5,154.1,1.0,31.673273723,7.865632601,140.7,33.9,107.2,72.0,16.5,54.9,1457.8,1445.6,12.2,518.7,514.4,4.3,,,,
SWE,2000-10-01,4395.3,4051.1,344.5,1794.8,1642.9,151.7,1.0,31.411175224,7.837917776,139.7,34.3,105.4,71.5,16.7,54.7,1465.2,1452.3,12.7,517.3,512.1,4.7,,,,
SWE,2001-01-01,4430.0,4090.7,339.7,1799.6,1653.9,145.9,1.0,31.248480639,7.668171558,133.0,33.8,99.2,67.7,16.3,52.3,1469.7,1456.5,13.7,518.9,513.9,5.2,,,,
SWE,2001-04-01,4433.7,4098.5,335.1,1800.0,1652.4,147.4,1.0,31.229343091,7.558021517,133.3,34.2,98.8,69.9,16.5,53.2,1479.6,1466.1,13.7,521.2,516.2,5.0,,,,
SWE,2001-07-01,4444.9,4109.6,335.8,1803.7,1654.9,149.2,1.0,31.21468511,7.554725641,131.7,34.3,98.0,72.8,16.8,55.5,1484.4,1470.5,13.7,521.5,517.0,4.8,,,,
SWE,2001-10-01,4445.5,4115.1,329.1,1809.0,1661.1,146.6,1.0,31.302181117,7.402991789,131.4,34.9,96.5,72.4,16.7,55.3,1493.6,1480.0,13.7,529.5,524.6,4.7,,,,
SWE,2002-01-01,4447.1,4116.2,332.2,1784.3,1640.2,144.8,1.0,30.863674339,7.470036653,132.5,34.8,97.6,71.1,16.9,54.5,1503.8,1490.5,13.4,527.9,523.8,4.3,,,,
SWE,2002-04-01,4441.7,4110.1,331.7,1790.4,1642.5,147.3,1.0,31.006839031,7.467861404,131.7,35.0,96.4,71.2,17.0,54.1,1508.4,1494.7,13.9,532.3,527.3,4.6,,,,
SWE,2002-07-01,4441.6,4112.0,329.7,1773.9,1632.4,143.0,1.0,30.721777322,7.42300072,130.7,34.7,96.0,68.4,16.6,52.0,1517.8,1504.4,13.4,532.2,527.4,4.8,,,,
SWE,2002-10-01,4439.1,4115.0,322.3,1767.2,1627.4,139.1,1.0,30.622977977,7.260480728,128.3,34.2,94.2,68.7,16.8,51.7,1523.7,1510.6,13.3,530.3,526.3,4.4,,,,
SWE,2003-01-01,4433.5,4115.8,320.1,1770.9,1628.5,141.9,1.0,30.725854725,7.220029322,127.6,34.1,93.6,67.3,16.4,50.6,1527.2,1514.1,13.0,534.0,529.4,4.5,,,,
SWE,2003-04-01,4431.3,4116.9,314.7,1757.7,1618.2,138.9,1.0,30.51196992,7.101753436,126.0,34.0,92.0,66.3,16.3,50.0,1533.8,1521.0,12.9,532.7,528.5,4.4,,,,
SWE,2003-07-01,4416.7,4106.4,310.3,1749.1,1613.7,137.5,1.0,30.463050206,7.025607354,125.8,34.4,91.1,63.5,16.7,47.5,1534.8,1522.1,13.1,537.1,532.3,4.7,,,,
SWE,2003-10-01,4406.8,4094.8,308.1,1759.4,1617.3,141.7,1.0,30.711278374,6.991467732,123.1,34.0,89.6,63.4,16.3,47.0,1535.6,1522.7,13.1,535.7,532.0,4.6,,,,
SWE,2004-01-01,4400.0,4075.4,328.6,1759.3,1615.2,143.8,1.0,30.756993007,7.468181818,127.9,33.7,93.9,66.7,16.5,49.8,1537.6,1524.4,12.8,538.7,533.3,4.8,,,,
SWE,2004-04-01,4399.9,4072.8,327.5,1760.0,1615.2,143.7,1.0,30.769930086,7.443350985,126.1,33.6,92.5,65.2,16.6,48.3,1536.4,1523.6,12.7,539.3,534.2,4.7,,,,
SWE,2004-07-01,4404.2,4073.9,330.5,1750.8,1607.7,144.6,1.0,30.57920237,7.504200536,127.7,33.4,94.6,64.5,16.2,48.6,1539.5,1526.7,13.3,536.2,531.7,4.6,,,,
SWE,2004-10-01,4399.3,4068.2,329.8,1746.1,1601.8,144.3,1.0,30.531080994,7.496647194,126.6,33.5,93.1,64.5,16.2,48.5,1538.9,1525.6,13.5,533.6,529.1,4.7,,,,
SWE,2005-01-01,4392.0,4069.9,322.8,1744.8,1600.4,144.4,1.0,30.559058428,7.349726776,120.6,33.9,86.0,62.7,16.4,46.1,1535.4,1522.0,13.9,535.2,530.1,5.1,,,,
SWE,2005-04-01,4390.1,4068.5,322.5,1751.6,1603.3,147.3,1.0,30.691433347,7.346074121,117.7,33.5,84.3,61.3,16.1,44.9,1537.3,1523.1,14.5,535.8,529.4,5.4,,,,
SWE,2005-07-01,4399.8,4075.5,325.2,1750.8,1602.6,148.9,1.0,30.609782962,7.391245057,117.8,33.4,84.4,60.4,16.3,44.4,1539.5,1522.4,14.7,534.1,528.8,5.4,,,,
SWE,2005-10-01,4417.5,4092.5,323.8,1760.3,1614.0,146.4,1.0,30.652561926,7.329937748,116.0,33.4,82.9,60.5,16.2,44.1,1538.8,1523.8,14.6,538.1,532.7,5.3,,,,
SWE,2006-01-01,4436.9,4107.5,331.1,1774.7,1628.5,146.1,1.0,30.768190542,7.462417454,116.5,33.5,82.8,59.9,16.1,43.8,1548.5,1534.7,16.2,542.5,536.4,5.3,,,,
SWE,2006-04-01,4467.6,4137.6,329.2,1781.6,1637.3,143.7,1.0,30.675564922,7.368609544,118.9,33.3,85.6,59.1,16.3,42.9,1550.0,1540.8,11.5,544.0,538.8,5.4,,,,
SWE,2006-07-01,4505.1,4168.7,337.1,1805.3,1657.4,148.3,1.0,30.82489418,7.482630796,118.9,33.4,85.4,58.7,16.3,42.6,1572.2,1551.9,17.0,549.4,543.8,5.7,,,,
SWE,2006-10-01,4530.7,4190.9,339.9,1814.7,1664.7,149.8,1.0,30.810317984,7.502151985,120.6,33.3,86.9,60.3,16.9,43.1,1578.2,1560.1,16.6,553.8,547.5,6.0,,,,
SWE,2007-01-01,4560.6,4219.5,340.4,1832.6,1682.0,151.1,1.0,30.910237857,7.463930185,117.0,33.0,84.6,59.3,16.7,42.7,1576.5,1561.6,15.5,558.5,552.9,5.9,,,,
SWE,2007-04-01,4587.6,4241.3,347.0,1847.8,1693.1,153.9,1.0,30.983185443,7.563867818,117.4,33.5,83.9,60.5,17.2,43.2,1574.9,1560.8,15.9,562.9,557.1,6.2,,,,
SWE,2007-07-01,4598.6,4259.6,338.6,1859.6,1710.2,150.3,1.0,31.106457149,7.363110512,115.9,34.1,81.1,60.6,17.6,43.4,1572.3,1554.6,17.4,567.9,561.1,6.3,,,,
SWE,2007-10-01,4610.4,4281.3,329.5,1881.9,1732.9,148.4,1.0,31.398910824,7.146885303,116.8,34.3,82.2,60.5,17.5,42.9,1566.2,1550.8,15.6,569.3,563.0,5.6,,,,
SWE,2008-01-01,4620.7,4297.1,323.2,1873.5,1731.5,142.7,1.0,31.189080576,6.994611206,113.3,35.1,78.6,59.3,18.3,41.2,1560.3,1544.2,16.1,558.2,553.6,5.6,,,,
SWE,2008-04-01,4618.5,4300.4,319.1,1892.1,1749.2,141.0,1.0,31.513728233,6.909169644,111.7,35.4,76.3,59.7,18.2,40.8,1555.1,1538.7,16.4,562.9,556.8,5.9,,,,
SWE,2008-07-01,4611.6,4293.9,316.6,1859.4,1721.3,139.5,1.0,31.015432655,6.86529621,111.2,35.6,74.9,57.7,18.2,40.0,1551.6,1536.8,15.1,558.6,554.2,4.8,,,,
SWE,2008-10-01,4592.4,4268.0,325.7,1853.9,1715.9,138.3,1.0,31.05297716,7.092152252,113.5,36.3,77.2,58.3,18.5,39.7,1547.7,1531.4,16.8,561.7,556.1,5.7,,,,
SWE,2009-01-01,4557.6,4234.2,322.9,1835.9,1696.7,139.4,1.0,30.986281579,7.084869229,111.5,36.5,75.6,59.1,18.6,40.3,1543.3,1527.8,16.2,566.0,559.7,5.8,,,,
SWE,2009-04-01,4523.6,4199.6,324.2,1813.0,1675.4,137.1,1.0,30.829767986,7.166858254,113.5,36.8,76.4,58.3,18.7,39.7,1540.0,1524.6,16.2,561.5,556.4,5.2,,,,
SWE,2009-07-01,4497.0,4171.8,325.1,1821.3,1679.2,141.3,1.0,31.154102735,7.229263954,113.7,37.0,76.0,59.2,18.9,40.2,1535.2,1519.5,15.4,560.4,555.4,5.2,,,,
SWE,2009-10-01,4497.8,4170.1,327.3,1812.8,1670.5,143.7,1.0,31.003191304,7.276890924,112.3,37.7,74.6,58.8,19.0,39.8,1532.7,1516.9,16.1,557.4,552.8,5.6,,,,
SWE,2010-01-01,4506.4,4173.7,333.3,1826.7,1685.0,141.9,1.0,31.181294296,7.396147701,113.9,38.2,76.8,58.0,19.2,38.9,1535.4,1519.2,16.6,563.5,557.4,5.5,9.066666667,1.0,eurostat,0.110294118
SWE,2010-04-01,4531.0,4196.8,334.2,1843.8,1702.8,140.4,1.0,31.302310578,7.37585522,117.6,38.9,78.5,57.6,19.1,38.5,1537.9,1521.8,16.3,563.0,557.5,5.1,8.9,1.2,eurostat,0.134831461
SWE,2010-07-01,4563.7,4230.5,333.6,1871.7,1725.5,144.9,1.0,31.548288248,7.309858229,118.0,39.4,78.1,61.8,19.4,41.5,1544.8,1528.5,16.1,568.9,562.8,5.8,8.633333333,1.4,eurostat,0.162162162
SWE,2010-10-01,4588.8,4258.6,329.9,1870.3,1730.2,142.1,1.0,31.352255659,7.189243375,118.0,39.7,77.5,59.0,19.5,39.5,1552.7,1536.7,16.5,568.8,564.2,5.2,8.233333333,1.4,eurostat,0.170040486
SWE,2011-01-01,4625.6,4298.6,327.6,1892.6,1749.8,142.6,1.0,31.473671607,7.082324455,125.3,40.3,86.6,63.7,19.1,44.6,1560.0,1544.6,15.9,573.3,567.2,5.3,8.0,1.4,eurostat,0.175
SWE,2011-04-01,4646.5,4321.7,324.3,1903.1,1760.9,141.4,1.0,31.50593085,6.979446896,127.0,41.1,85.6,63.2,19.6,43.7,1565.5,1550.0,15.8,576.0,570.1,5.5,7.9,1.6,eurostat,0.202531646
SWE,2011-07-01,4660.2,4337.1,324.4,1895.6,1759.8,136.0,1.0,31.28951217,6.961074632,128.8,41.2,87.8,62.6,19.6,42.7,1569.9,1555.0,15.5,575.4,569.8,5.5,7.8,1.6,eurostat,0.205128205
SWE,2011-10-01,4670.3,4352.2,317.1,1895.4,1762.7,134.1,1.0,31.218551271,6.789713723,129.8,41.7,87.1,63.9,19.8,44.3,1571.6,1556.6,15.4,575.8,570.6,5.5,7.866666667,1.5,eurostat,0.190677966
SWE,2012-01-01,4676.4,4356.7,321.2,1915.0,1775.7,138.9,1.0,31.500233579,6.868531349,132.9,41.1,92.3,68.4,20.5,47.5,1570.5,1555.0,15.7,582.1,575.7,6.1,7.833333333,1.6,eurostat,0.204255319
SWE,2012-04-01,4684.6,4367.2,316.8,1902.6,1766.7,135.4,1.0,31.24148191,6.762583785,129.3,40.6,88.8,63.7,20.3,43.4,1574.1,1559.3,15.0,586.2,580.1,6.4,7.966666667,1.6,eurostat,0.20083682
SWE,2012-07-01,4692.1,4373.0,318.8,1904.1,1769.6,135.0,1.0,31.216135796,6.794399096,130.2,40.8,89.6,63.6,21.0,43.1,1577.7,1562.4,15.4,589.3,583.2,6.2,8.2,1.5,eurostat,0.182926829
SWE,2012-10-01,4700.9,4377.9,323.6,1920.8,1787.6,133.2,1.0,31.430969847,6.883788211,134.9,40.3,94.0,61.7,21.4,40.3,1583.1,1567.4,15.7,594.9,588.4,6.3,8.3,1.4,eurostat,0.168674699
SWE,2013-01-01,4717.8,4395.1,321.2,1898.3,1770.2,129.0,1.0,30.951519124,6.808258086,132.4,40.4,92.5,62.7,21.7,41.3,1590.3,1575.2,15.9,591.6,586.2,5.7,8.166666667,1.5,eurostat,0.183673469
SWE,2013-04-01,4728.0,4406.3,323.2,1927.6,1792.8,133.9,1.0,31.361447351,6.835871404,134.4,40.8,93.5,68.1,22.5,44.6,1599.3,1583.5,16.6,593.2,588.2,5.7,8.166666667,1.4,eurostat,0.171428571
SWE,2013-07-01,4738.4,4422.2,314.7,1920.6,1788.2,132.1,1.0,31.17897635,6.641482357,129.4,40.9,87.9,65.0,22.3,42.9,1602.4,1587.3,15.5,595.3,590.3,5.1,8.1,1.4,eurostat,0.172839506
SWE,2013-10-01,4760.0,4442.3,319.2,1932.5,1800.6,132.8,1.0,31.229799612,6.705882353,135.2,40.5,94.7,68.2,22.4,46.2,1609.5,1594.7,14.9,600.6,595.1,5.4,8.066666667,1.5,eurostat,0.185950413
SWE,2014-01-01,4767.1,4453.5,312.5,1944.8,1812.6,132.5,1.0,31.381762497,6.555348115,128.8,41.0,87.7,64.5,22.3,42.7,1617.4,1602.3,15.2,605.9,600.6,5.0,8.166666667,1.6,eurostat,0.195918367
SWE,2014-04-01,4798.2,4482.1,316.4,1943.0,1811.9,131.7,1.0,31.149501576,6.594139469,133.1,41.0,92.6,67.0,22.2,44.4,1625.9,1611.5,14.7,605.4,602.2,4.5,8.1,1.6,eurostat,0.197530864
SWE,2014-07-01,4828.6,4508.8,319.9,1974.5,1839.2,133.3,1.0,31.455207593,6.625108727,138.6,40.7,98.5,69.6,22.0,46.9,1639.1,1623.1,16.2,616.0,610.1,5.7,7.966666667,1.6,eurostat,0.20083682
SWE,2014-10-01,4836.1,4516.5,319.3,1960.2,1827.8,134.7,1.0,31.178969704,6.602427576,135.0,40.8,93.0,69.6,22.0,48.3,1650.7,1635.0,16.6,615.0,609.8,5.3,7.933333333,1.6,eurostat,0.201680672
SWE,2015-01-01,4851.7,4531.5,320.2,1970.0,1837.1,132.8,1.0,31.234095583,6.599748542,137.6,40.5,96.9,66.2,21.7,44.5,1662.2,1646.8,15.8,617.4,611.5,5.2,7.866666667,1.7,eurostat,0.216101695
SWE,2015-04-01,4858.1,4541.3,316.4,1961.0,1829.5,131.0,1.0,31.050442322,6.512834236,134.5,39.9,95.7,67.5,21.9,45.6,1671.3,1655.0,16.6,615.6,610.2,5.7,7.733333333,1.8,eurostat,0.232758621
SWE,2015-07-01,4888.8,4578.7,310.4,1983.8,1853.6,129.0,1.0,31.214203895,6.349206349,133.2,40.4,94.5,67.6,22.0,45.1,1678.3,1663.5,14.9,618.7,614.1,5.4,7.233333333,1.9,eurostat,0.262672811
SWE,2015-10-01,4916.2,4614.3,301.7,1983.8,1861.1,126.1,1.0,31.040234327,6.136853667,124.9,40.5,83.4,63.4,21.8,42.2,1688.0,1673.4,15.2,625.5,621.3,5.1,7.2,2.0,eurostat,0.277777778
SWE,2016-01-01,4943.0,4644.0,299.4,2001.2,1878.0,123.3,1.0,31.142719308,6.057050374,129.2,41.4,86.7,64.2,22.2,41.9,1729.2,1713.8,15.1,636.1,630.4,5.7,7.233333333,2.1,eurostat,0.290322581
SWE,2016-04-01,4966.4,4669.5,297.8,2036.5,1909.5,122.9,1.0,31.54273642,5.996295103,130.4,41.3,90.2,62.9,21.6,40.6,1737.2,1722.6,14.4,648.9,640.9,5.5,7.0,2.1,eurostat,0.3
SWE,2016-07-01,4976.6,4682.9,293.1,2013.7,1895.9,118.6,1.0,31.125668127,5.889563156,126.0,41.1,85.9,60.7,21.3,39.6,1748.3,1733.9,15.5,642.9,637.3,5.6,6.966666667,2.2,eurostat,0.315789474
SWE,2016-10-01,5010.2,4713.7,296.7,2011.8,1892.8,122.4,1.0,30.887758204,5.921919285,128.6,41.1,87.0,61.6,21.2,40.8,1753.6,1738.8,15.4,642.8,638.1,5.4,7.033333333,2.3,eurostat,0.327014218
SWE,2017-01-01,5052.6,4756.9,296.3,2045.5,1923.1,122.2,1.0,31.141620917,5.864307485,129.8,40.9,89.0,61.9,20.8,41.0,1754.5,1739.7,14.7,648.8,644.5,5.1,6.833333333,2.3,eurostat,0.336585366
SWE,2017-04-01,5090.7,4795.5,294.7,2054.0,1929.5,120.8,1.0,31.036989019,5.788987762,132.8,41.5,91.5,61.8,20.5,40.8,1760.0,1745.2,14.9,652.5,646.7,5.3,6.833333333,2.3,eurostat,0.336585366
SWE,2017-07-01,5118.6,4822.4,296.9,2067.7,1945.1,124.5,1.0,31.073701042,5.800414176,132.5,41.0,92.2,62.5,20.1,42.8,1763.2,1748.1,15.4,662.7,656.2,5.9,6.8,2.4,eurostat,0.352941176
SWE,2017-10-01,5135.8,4845.4,289.9,2078.5,1959.3,120.3,1.0,31.131394405,5.644690214,130.6,40.9,88.7,63.5,20.0,43.5,1767.1,1753.2,14.0,664.0,657.8,5.1,6.733333333,2.4,eurostat,0.356435644
SWE,2018-01-01,5163.9,4874.9,290.0,2079.0,1961.7,118.9,1.0,30.969437232,5.615910455,132.5,40.1,92.8,66.2,23.0,43.7,1775.6,1761.3,14.8,656.5,654.0,5.0,6.3,2.5,eurostat,0.396825397
SWE,2018-04-01,5180.6,4890.6,289.4,2112.6,1988.5,120.1,1.0,31.368507954,5.586225534,126.3,39.7,87.3,65.9,22.5,42.9,1775.6,1761.2,15.1,667.0,661.8,5.1,6.366666667,2.5,eurostat,0.392670157
SWE,2018-07-01,5189.6,4893.6,296.0,2087.5,1971.7,119.2,1.0,30.942061638,5.703715123,131.2,40.2,91.9,62.5,21.6,41.4,1777.8,1763.7,14.4,664.8,660.3,4.6,6.533333333,2.5,eurostat,0.382653061
SWE,2018-10-01,5205.8,4904.9,301.2,2122.0,1996.6,124.4,1.0,31.355559036,5.78585424,132.4,40.5,91.3,65.4,21.6,43.3,1777.9,1763.2,14.6,672.2,665.1,4.9,6.633333333,2.4,eurostat,0.361809045
SWE,2019-01-01,5216.6,4918.2,298.4,2101.1,1979.6,123.4,1.0,30.982455416,5.720200897,133.9,41.0,92.1,63.2,20.8,42.7,1778.3,1763.9,14.7,659.2,656.8,4.6,6.866666667,2.4,eurostat,0.349514563
SWE,2019-04-01,5216.3,4922.0,293.6,2101.3,1979.8,119.7,1.0,30.987186615,5.62851063,132.6,40.6,92.4,62.1,20.6,42.1,1781.9,1768.2,14.5,659.0,655.4,4.4,6.533333333,2.5,eurostat,0.382653061
SWE,2019-07-01,5218.5,4928.1,290.0,2093.4,1976.1,119.3,1.0,30.857673514,5.557152438,131.2,39.9,92.1,63.1,18.2,44.6,1781.7,1768.0,14.0,653.4,649.5,4.1,7.133333333,2.4,eurostat,0.336448598
SWE,2019-10-01,5220.4,4929.5,292.0,2088.6,1973.6,114.7,1.0,30.77571421,5.593441116,139.2,40.0,99.1,60.7,18.5,42.0,1779.8,1766.5,13.8,655.0,648.1,4.5,7.133333333,2.3,eurostat,0.322429907
SWE,2020-01-01,5219.2,4927.8,292.2,2079.4,1961.4,118.6,1.0,30.647196151,5.598559166,135.6,40.0,94.8,64.9,19.5,45.0,1782.9,1769.4,14.1,649.9,647.4,5.0,7.333333333,2.2,eurostat,0.3
SWE,2020-04-01,5118.2,4820.8,296.1,1974.0,1860.3,113.5,1.0,29.667882038,5.785236997,136.3,40.8,96.8,62.9,19.4,44.8,1778.4,1764.2,14.1,645.5,642.0,4.4,8.6,1.6,eurostat,0.186046512
SWE,2020-07-01,5123.7,4826.6,297.8,1994.9,1880.0,115.0,1.0,29.949810909,5.812206023,140.0,41.1,98.8,63.7,19.9,43.4,1780.0,1765.6,14.2,646.8,641.0,4.3,9.3,1.7,eurostat,0.182795699
SWE,2020-10-01,5142.3,4847.1,295.5,2012.5,1903.9,109.3,1.0,30.104757075,5.746455866,137.4,41.3,96.5,60.0,20.0,40.2,1792.3,1778.0,14.7,649.9,642.8,4.3,8.866666667,1.8,eurostat,0.203007519
SWE,2021-01-01,5143.1,4848.1,295.3,2050.4,1943.0,106.9,1.0,30.666927908,5.74167331,138.5,41.5,96.6,59.0,19.9,38.9,1793.2,1779.3,14.3,669.7,669.7,4.1,9.233333333,1.9,eurostat,0.205776173
SWE,2021-04-01,5163.0,4867.0,294.9,2041.4,1934.6,107.9,1.0,30.41463669,5.711795468,136.7,41.6,96.7,58.0,19.9,38.9,1806.2,1792.4,14.2,663.9,660.5,4.4,9.2,2.4,eurostat,0.260869565
SWE,2021-07-01,5261.8,4970.0,293.0,2079.0,1971.1,106.2,1.0,30.393226068,5.568436657,139.8,42.2,96.9,60.2,20.2,39.4,1816.3,1802.9,14.1,668.0,659.6,5.9,8.833333333,2.6,eurostat,0.294339623
SWE,2021-10-01,5295.6,5005.1,291.2,2077.7,1975.2,103.3,1.0,30.18035292,5.498904751,137.3,42.2,95.3,56.1,20.2,36.1,1815.4,1801.5,14.2,659.5,652.2,5.5,8.266666667,2.9,eurostat,0.350806452
SWE,2022-01-01,5341.4,5048.7,292.1,2073.0,1971.8,101.6,1.0,29.853884461,5.468603737,138.6,42.0,96.6,58.8,20.4,38.6,1826.5,1812.3,14.2,650.8,649.7,3.4,7.666666667,3.1,eurostat,0.404347826
SWE,2022-04-01,5382.2,5089.3,291.8,2126.4,2022.2,105.5,1.0,30.390775291,5.421574821,137.8,42.0,96.6,61.0,20.7,41.0,1829.6,1815.9,14.1,660.3,656.6,4.5,7.7,3.3,eurostat,0.428571429
SWE,2022-07-01,5423.1,5133.2,291.7,2159.8,2053.9,104.6,1.0,30.63533063,5.37884236,138.4,41.9,96.9,59.1,20.6,38.1,1834.2,1820.2,14.1,675.2,669.0,4.8,7.066666667,3.2,eurostat,0.452830189
SWE,2022-10-01,5444.0,5155.1,290.6,2149.3,2042.1,107.8,1.0,30.369355112,5.337986774,137.7,42.1,96.2,60.6,20.7,40.3,1842.9,1829.2,14.0,669.3,664.9,3.9,7.5,3.0,eurostat,0.4
SWE,2023-01-01,5457.0,5163.0,291.5,2179.1,2072.3,104.4,1.0,30.717074752,5.341762873,139.6,42.4,96.5,58.3,20.8,37.3,1845.3,1831.7,14.0,679.6,674.8,3.7,7.333333333,3.2,eurostat,0.436363636
SWE,2023-04-01,5465.7,5174.2,290.2,2151.3,2049.0,104.4,1.0,30.276929832,5.309475456,138.9,42.7,96.1,57.5,20.7,37.6,1851.8,1838.0,13.9,673.7,670.2,3.7,7.5,2.9,eurostat,0.386666667
SWE,2023-07-01,5469.9,5181.5,289.5,2144.4,2045.5,101.5,1.0,30.156647499,5.292601327,138.0,42.9,95.9,58.0,20.8,37.7,1854.3,1840.9,13.7,664.2,662.4,3.7,7.766666667,2.6,eurostat,0.334763948
SWE,2023-10-01,5464.3,5182.2,287.8,2165.5,2064.1,100.3,1.0,30.484585963,5.266914335,137.0,43.1,95.4,59.3,20.9,38.3,1860.4,1847.3,13.4,675.0,671.8,3.7,8.033333333,2.4,eurostat,0.298755187
SWE,2024-01-01,5452.4,5190.6,257.0,2162.6,2064.7,95.6,1.0,30.510205809,4.713520651,129.9,43.6,85.4,55.7,21.0,34.5,1864.8,1852.7,12.4,680.7,676.0,3.9,8.266666667,2.5,eurostat,0.302419355
SWE,2024-04-01,5442.4,5185.8,255.4,2151.5,2061.5,90.5,1.0,30.409378215,4.692782596,128.7,43.9,84.6,52.8,21.1,32.2,1866.4,1854.8,12.1,687.1,682.0,3.9,8.333333333,2.2,eurostat,0.264
SWE,2024-07-01,5436.8,5182.9,254.1,2130.6,2046.3,88.3,1.0,30.144994793,4.673705121,128.6,44.4,84.5,51.9,21.3,31.7,1869.3,1858.0,11.9,680.8,678.0,3.5,8.5,2.2,eurostat,0.258823529
SWE,2024-10-01,5428.4,5178.1,253.5,2151.7,2064.0,86.6,1.0,30.490638976,4.669884312,128.1,45.1,84.2,55.0,21.7,33.1,1866.8,1855.5,11.7,685.8,682.4,3.6,8.333333333,2.2,eurostat,0.264
SWE,2025-01-01,5428.2,5173.7,254.6,2148.5,2057.7,89.9,1.0,30.44641516,4.690320917,131.9,45.5,86.1,54.7,21.9,32.9,1866.6,1855.0,11.8,681.3,678.7,3.6,8.933333333,1.9,eurostat,0.212686567
SWE,2025-04-01,5434.8,5178.9,253.1,2138.8,2051.9,87.1,1.0,30.272149283,4.657025098,131.5,45.9,85.2,53.3,22.0,31.9,1869.4,1857.9,11.8,682.6,679.9,3.6,8.666666667,1.9,eurostat,0.219230769
SWE,2025-07-01,5436.1,5183.9,251.5,2143.3,2062.9,83.5,1.0,30.328586812,4.626478542,130.9,46.2,84.9,52.0,22.1,30.4,1872.2,1860.7,11.6,692.6,688.2,3.7,8.8,1.9,eurostat,0.215909091
SWE,2025-10-01,5442.9,5193.2,250.9,2137.5,2054.3,82.7,1.0,30.2087264,4.609674989,129.9,46.4,84.4,51.1,22.1,28.8,1877.2,1866.0,11.5,691.4,687.4,3.9,9.033333333,2.0,eurostat,0.221402214
SWE,2026-01-01,5445.9,5202.4,247.4,2131.3,2050.2,81.2,1.0,30.104510521,4.542867111,128.5,46.6,82.1,50.1,22.1,28.8,1882.6,1871.7,11.6,693.4,690.5,3.8,,,,
SWE,2026-04-01,5441.8,,,,,,1.0,,,,,,,,,,,,,,,,,,
USA,2000-10-01,,,,,,,,,,,,,,,,,,,,,,3.9,3.7,jolts+fred,0.948717949
USA,2001-01-01,,,,,,,,,,,,,,,,,,,,,,4.233333333,3.666666667,jolts+fred,0.866141732
USA,2001-04-01,,,,,,,,,,,,,,,,,,,,,,4.4,3.266666667,jolts+fred,0.742424242
USA,2001-07-01,,,,,,,,,,,,,,,,,,,,,,4.833333333,3.1,jolts+fred,0.64137931
USA,2001-10-01,,,,,,,,,,,,,,,,,,,,,,5.5,2.733333333,jolts+fred,0.496969697
USA,2002-01-01,,,,,,,,,,,,,,,,,,,,,,5.7,2.666666667,jolts+fred,0.467836257
USA,2002-04-01,,,,,,,,,,,,,,,,,,,,,,5.833333333,2.566666667,jolts+fred,0.44
USA,2002-07-01,,,,,,,,,,,,,,,,,,,,,,5.733333333,2.533333333,jolts+fred,0.441860465
USA,2002-10-01,,,,,,,,,,,,,,,,,,,,,,5.866666667,2.533333333,jolts+fred,0.431818182
USA,2003-01-01,,,,,,,,,,,,,,,,,,,,,,5.866666667,2.433333333,jolts+fred,0.414772727
USA,2003-04-01,,,,,,,,,,,,,,,,,,,,,,6.133333333,2.433333333,jolts+fred,0.39673913
USA,2003-07-01,,,,,,,,,,,,,,,,,,,,,,6.133333333,2.3,jolts+fred,0.375
USA,2003-10-01,,,,,,,,,,,,,,,,,,,,,,5.833333333,2.5,jolts+fred,0.428571429
USA,2004-01-01,,,,,,,,,,,,,,,,,,,,,,5.7,2.6,jolts+fred,0.456140351
USA,2004-04-01,,,,,,,,,,,,,,,,,,,,,,5.6,2.6,jolts+fred,0.464285714
USA,2004-07-01,,,,,,,,,,,,,,,,,,,,,,5.433333333,2.733333333,jolts+fred,0.503067485
USA,2004-10-01,,,,,,,,,,,,,,,,,,,,,,5.433333333,2.833333333,jolts+fred,0.521472393
USA,2005-01-01,,,,,,,,,,,,,,,,,,,,,,5.3,2.866666667,jolts+fred,0.540880503
USA,2005-04-01,,,,,,,,,,,,,,,,,,,,,,5.1,2.9,jolts+fred,0.568627451
USA,2005-07-01,,,,,,,,,,,,,,,,,,,,,,4.966666667,3.066666667,jolts+fred,0.617449664
USA,2005-10-01,,,,,,,,,,,,,,,,,,,,,,4.966666667,3.066666667,jolts+fred,0.617449664
USA,2006-01-01,,,,,,,,,,,,,,,,,,,,,,4.733333333,3.2,jolts+fred,0.676056338
USA,2006-04-01,,,,,,,,,,,,,,,,,,,,,,4.633333333,3.3,jolts+fred,0.712230216
USA,2006-07-01,,,,,,,,,,,,,,,,,,,,,,4.633333333,3.233333333,jolts+fred,0.697841727
USA,2006-10-01,,,,,,,,,,,,,,,,,,,,,,4.433333333,3.266666667,jolts+fred,0.736842105
USA,2007-01-01,,,,,,,,,,,,,,,,,,,,,,4.5,3.366666667,jolts+fred,0.748148148
USA,2007-04-01,,,,,,,,,,,,,,,,,,,,,,4.5,3.333333333,jolts+fred,0.740740741
USA,2007-07-01,,,,,,,,,,,,,,,,,,,,,,4.666666667,3.233333333,jolts+fred,0.692857143
USA,2007-10-01,,,,,,,,,,,,,,,,,,,,,,4.8,3.233333333,jolts+fred,0.673611111
USA,2008-01-01,,,,,,,,,,,,,,,,,,,,,,5.0,3.066666667,jolts+fred,0.613333333
USA,2008-04-01,,,,,,,,,,,,,,,,,,,,,,5.333333333,2.833333333,jolts+fred,0.53125
USA,2008-07-01,,,,,,,,,,,,,,,,,,,,,,6.0,2.533333333,jolts+fred,0.422222222
USA,2008-10-01,,,,,,,,,,,,,,,,,,,,,,6.866666667,2.333333333,jolts+fred,0.339805825
USA,2009-01-01,,,,,,,,,,,,,,,,,,,,,,8.266666667,2.0,jolts+fred,0.241935484
USA,2009-04-01,,,,,,,,,,,,,,,,,,,,,,9.3,1.833333333,jolts+fred,0.197132616
USA,2009-07-01,,,,,,,,,,,,,,,,,,,,,,9.633333333,1.8,jolts+fred,0.186851211
USA,2009-10-01,,,,,,,,,,,,,,,,,,,,,,9.933333333,1.866666667,jolts+fred,0.187919463
USA,2010-01-01,,,,,,,,,,,,,,,,,,,,,,9.833333333,2.033333333,jolts+fred,0.206779661
USA,2010-04-01,,,,,,,,,,,,,,,,,,,,,,9.633333333,2.233333333,jolts+fred,0.23183391
USA,2010-07-01,,,,,,,,,,,,,,,,,,,,,,9.466666667,2.233333333,jolts+fred,0.235915493
USA,2010-10-01,,,,,,,,,,,,,,,,,,,,,,9.5,2.366666667,jolts+fred,0.249122807
USA,2011-01-01,,,,,,,,,,,,,,,,,,,,,,9.033333333,2.366666667,jolts+fred,0.26199262
USA,2011-04-01,,,,,,,,,,,,,,,,,,,,,,9.066666667,2.466666667,jolts+fred,0.272058824
USA,2011-07-01,,,,,,,,,,,,,,,,,,,,,,9.0,2.666666667,jolts+fred,0.296296296
USA,2011-10-01,,,,,,,,,,,,,,,,,,,,,,8.633333333,2.7,jolts+fred,0.312741313
USA,2012-01-01,,,,,,,,,,,,,,,,,,,,,,8.266666667,2.766666667,jolts+fred,0.334677419
USA,2012-04-01,,,,,,,,,,,,,,,,,,,,,,8.2,2.8,jolts+fred,0.341463415
USA,2012-07-01,,,,,,,,,,,,,,,,,,,,,,8.033333333,2.766666667,jolts+fred,0.34439834
USA,2012-10-01,,,,,,,,,,,,,,,,,,,,,,7.8,2.8,jolts+fred,0.358974359
USA,2013-01-01,,,,,,,,,,,,,,,,,,,,,,7.733333333,2.866666667,jolts+fred,0.370689655
USA,2013-04-01,,,,,,,,,,,,,,,,,,,,,,7.533333333,2.966666667,jolts+fred,0.39380531
USA,2013-07-01,,,,,,,,,,,,,,,,,,,,,,7.233333333,2.866666667,jolts+fred,0.396313364
USA,2013-10-01,,,,,,,,,,,,,,,,,,,,,,6.933333333,2.933333333,jolts+fred,0.423076923
USA,2014-01-01,,,,,,,,,,,,,,,,,,,,,,6.666666667,3.033333333,jolts+fred,0.455
USA,2014-04-01,,,,,,,,,,,,,,,,,,,,,,6.2,3.333333333,jolts+fred,0.537634409
USA,2014-07-01,,,,,,,,,,,,,,,,,,,,,,6.066666667,3.5,jolts+fred,0.576923077
USA,2014-10-01,,,,,,,,,,,,,,,,,,,,,,5.7,3.433333333,jolts+fred,0.602339181
USA,2015-01-01,,,,,,,,,,,,,,,,,,,,,,5.533333333,3.666666667,jolts+fred,0.662650603
USA,2015-04-01,,,,,,,,,,,,,,,,,,,,,,5.433333333,3.733333333,jolts+fred,0.687116564
USA,2015-07-01,,,,,,,,,,,,,,,,,,,,,,5.1,3.833333333,jolts+fred,0.751633987
USA,2015-10-01,,,,,,,,,,,,,,,,,,,,,,5.033333333,3.866666667,jolts+fred,0.768211921
USA,2016-01-01,,,,,,,,,,,,,,,,,,,,,,4.9,4.0,jolts+fred,0.816326531
USA,2016-04-01,,,,,,,,,,,,,,,,,,,,,,4.933333333,3.866666667,jolts+fred,0.783783784
USA,2016-07-01,,,,,,,,,,,,,,,,,,,,,,4.9,3.9,jolts+fred,0.795918367
USA,2016-10-01,,,,,,,,,,,,,,,,,,,,,,4.766666667,3.866666667,jolts+fred,0.811188811
USA,2017-01-01,,,,,,,,,,,,,,,,,,,,,,4.566666667,3.8,jolts+fred,0.832116788
USA,2017-04-01,,,,,,,,,,,,,,,,,,,,,,4.366666667,3.966666667,jolts+fred,0.908396947
USA,2017-07-01,,,,,,,,,,,,,,,,,,,,,,4.333333333,4.1,jolts+fred,0.946153846
USA,2017-10-01,,,,,,,,,,,,,,,,,,,,,,4.166666667,4.133333333,jolts+fred,0.992
USA,2018-01-01,,,,,,,,,,,,,,,,,,,,,,4.033333333,4.3,jolts+fred,1.066115703
USA,2018-04-01,,,,,,,,,,,,,,,,,,,,,,3.933333333,4.5,jolts+fred,1.144067797
USA,2018-07-01,,,,,,,,,,,,,,,,,,,,,,3.766666667,4.633333333,jolts+fred,1.230088495
USA,2018-10-01,,,,,,,,,,,,,,,,,,,,,,3.833333333,4.766666667,jolts+fred,1.243478261
USA,2019-01-01,,,,,,,,,,,,,,,,,,,,,,3.866666667,4.633333333,jolts+fred,1.198275862
USA,2019-04-01,,,,,,,,,,,,,,,,,,,,,,3.633333333,4.6,jolts+fred,1.266055046
USA,2019-07-01,,,,,,,,,,,,,,,,,,,,,,3.6,4.5,jolts+fred,1.25
USA,2019-10-01,,,,,,,,,,,,,,,,,,,,,,3.6,4.366666667,jolts+fred,1.212962963
USA,2020-01-01,,,,,,,,,,,,,,,,,,,,,,3.833333333,4.233333333,jolts+fred,1.104347826
USA,2020-04-01,,,,,,,,,,,,,,,,,,,,,,13.0,3.9,jolts+fred,0.3
USA,2020-07-01,,,,,,,,,,,,,,,,,,,,,,8.8,4.433333333,jolts+fred,0.503787879
USA,2020-10-01,,,,,,,,,,,,,,,,,,,,,,6.766666667,4.566666667,jolts+fred,0.674876847
USA,2021-01-01,,,,,,,,,,,,,,,,,,,,,,6.233333333,5.2,jolts+fred,0.834224599
USA,2021-04-01,,,,,,,,,,,,,,,,,,,,,,5.933333333,6.366666667,jolts+fred,1.073033708
USA,2021-07-01,,,,,,,,,,,,,,,,,,,,,,5.066666667,6.9,jolts+fred,1.361842105
USA,2021-10-01,,,,,,,,,,,,,,,,,,,,,,4.166666667,7.033333333,jolts+fred,1.688
USA,2022-01-01,,,,,,,,,,,,,,,,,,,,,,3.866666667,7.233333333,jolts+fred,1.870689655
USA,2022-04-01,,,,,,,,,,,,,,,,,,,,,,3.633333333,7.1,jolts+fred,1.954128441
USA,2022-07-01,,,,,,,,,,,,,,,,,,,,,,3.533333333,6.6,jolts+fred,1.867924528
USA,2022-10-01,,,,,,,,,,,,,,,,,,,,,,3.566666667,6.466666667,jolts+fred,1.813084112
USA,2023-01-01,,,,,,,,,,,,,,,,,,,,,,3.533333333,6.033333333,jolts+fred,1.70754717
USA,2023-04-01,,,,,,,,,,,,,,,,,,,,,,3.533333333,5.766666667,jolts+fred,1.632075472
USA,2023-07-01,,,,,,,,,,,,,,,,,,,,,,3.633333333,5.5,jolts+fred,1.513761468
USA,2023-10-01,,,,,,,,,,,,,,,,,,,,,,3.8,5.2,jolts+fred,1.368421053
USA,2024-01-01,,,,,,,,,,,,,,,,,,,,,,3.833333333,5.066666667,jolts+fred,1.321739131
USA,2024-04-01,,,,,,,,,,,,,,,,,,,,,,3.966666667,4.6,jolts+fred,1.159663865
USA,2024-07-01,,,,,,,,,,,,,,,,,,,,,,4.166666667,4.433333333,jolts+fred,1.064
USA,2024-10-01,,,,,,,,,,,,,,,,,,,,,,4.133333333,4.5,jolts+fred,1.088709678
USA,2025-01-01,,,,,,,,,,,,,,,,,,,,,,4.133333333,4.366666667,jolts+fred,1.056451613
USA,2025-04-01,,,,,,,,,,,,,,,,,,,,,,4.2,4.333333333,jolts+fred,1.031746032
USA,2025-07-01,,,,,,,,,,,,,,,,,,,,,,4.333333333,4.266666667,jolts+fred,0.984615385
USA,2025-10-01,,,,,,,,,,,,,,,,,,,,,,4.45,4.133333333,jolts+fred,0.928838951
USA,2026-01-01,,,,,,,,,,,,,,,,,,,,,,4.333333333,4.266666667,jolts+fred,0.984615385
USA,2026-04-01,,,,,,,,,,,,,,,,,,,,,,4.266666667,4.6,jolts+fred,1.078125
ZAF,2008-01-01,14453.411387958657,12191.766376394626,2243.041818797387,,,,,,15.519116965,832.189939992563,747.7542189535469,83.9363798097507,,,,2300.1026780140196,2191.117990737636,118.4785506286496,,,,,,,
ZAF,2008-04-01,14644.401589981342,12332.52789002082,2268.790323415234,,,,,,15.492543751,824.9368171247962,748.7774413596071,77.19917047394132,,,,2347.16336379003,2215.9122807162084,130.6900822241863,,,,,,,
ZAF,2008-07-01,14585.34526506396,12351.692789982651,2262.509987957551,,,,,,15.512214122,808.3208817106491,734.4114590543834,76.90748565386878,,,,2364.3910406314867,2229.0427655655135,139.05212820877318,,,,,,,
ZAF,2008-10-01,14653.319552803736,12383.443992446,2302.5592394466116,,,,,,15.713567367,808.9143906314979,733.6291842621487,71.81989145202446,,,,2381.8348249507103,2234.750285901504,134.80431944946966,,,,,,,
ZAF,2009-01-01,14634.81606568458,12300.15337891931,2315.455016822599,,,,,,15.821551883,772.246551864039,705.0779265643561,66.16300859734349,,,,2412.9210165510417,2280.1342652723574,141.7986023908719,,,,,,,
ZAF,2009-04-01,14418.043750983425,12158.782454633543,2220.653565878412,,,,,,15.401906141,757.1362366823441,686.9353430037481,71.3599886020967,,,,2427.793947581039,2300.672315311033,126.9512653318182,,,,,,,
ZAF,2009-07-01,13854.987226888132,11888.599963984594,1992.265691693312,,,,,,14.37941197,680.1537318207819,620.1983484063502,62.24955465660483,,,,2427.548026182023,2314.023580267931,116.5569779670467,,,,,,,
ZAF,2009-10-01,13870.487809288206,11767.02322330742,2131.599173603402,,,,,,15.367874605,648.8470546316724,573.4605611308978,73.89120447037553,,,,2398.3694501725386,2261.16409945071,125.551322926109,,,,,,,
ZAF,2010-01-01,13818.62328824437,11722.426585112178,2078.5680918594708,,,,,,15.041788523,677.2235613379124,601.5839506462033,74.4667038142988,,,,2457.692756357931,2357.5968066194896,108.25893099891212,,,,,,,
ZAF,2010-04-01,13865.896816744927,11768.08480529122,2124.3629828901585,,,,,,15.320775937,660.2226813614526,592.5202351364292,68.13095974814827,,,,2453.148784113904,2322.1158784771046,132.4930568154506,,,,,,,
ZAF,2010-07-01,13666.844158998045,11537.034780391825,2140.4783030392955,,,,,,15.66183296,672.905455429303,601.8946887874681,73.88674837912639,,,,2387.723502109177,2279.991884442711,110.28063265114774,,,,,,,
ZAF,2010-10-01,13799.924824466343,11626.645568167303,2202.418379245537,,,,,,15.959640413,651.0314966379852,587.5087921840012,61.28418406132795,,,,2475.4556754508776,2345.617625640385,118.51381896788038,,,,,,,
ZAF,2011-01-01,13927.209861605792,11723.181792180569,2192.7532840257163,,,,,,15.744383159,620.0682791469296,559.0553885864167,59.76120758687605,,,,2489.6500465992817,2366.182419188918,129.2012602453571,,,,,,,
ZAF,2011-04-01,13979.40108388271,11786.548026170089,2173.2935528176044,,,,,,15.54639959,633.0552592883788,574.6598570909009,59.121679949707,,,,2495.8796170736864,2391.066180141439,108.38753445745404,,,,,,,
ZAF,2011-07-01,14133.675742027684,11968.410031805011,2161.994771319511,,,,,,15.296762221,651.7077414770501,594.8712624668422,59.745483570154,,,,2557.1797903934125,2429.9271342588986,128.85031743824882,,,,,,,
ZAF,2011-10-01,14238.806427391246,12117.80130208765,2148.7385392441315,,,,,,15.090720913,671.6712336825788,608.2834823924276,60.55123064446459,,,,2604.1187700107125,2477.1144307268705,116.72038592269467,,,,,,,
ZAF,2012-01-01,14305.876370421392,12158.372062128046,2144.6368098282596,,,,,,14.991299759,684.2950719813873,630.0878204859988,53.20811327932791,,,,2610.5269808985695,2502.2228494650626,112.17671917569174,,,,,,,
ZAF,2012-04-01,14394.172651757795,12234.477482801774,2145.0009968036816,,,,,,14.901870699,684.8454922743339,629.9018462559812,55.88212613707421,,,,2733.550509225253,2599.041026303639,140.55484843691116,,,,,,,
ZAF,2012-07-01,14569.487897698848,12319.58400392831,2241.1720960736884,,,,,,15.38264153,697.4601753861525,650.1094832501417,50.468745752206466,,,,2734.497616642538,2601.6720012158103,133.24237026368,,,,,,,
ZAF,2012-10-01,14432.112410440846,12237.061989391392,2210.2217943526166,,,,,,15.314610443,718.216167091099,668.1859768661994,45.45109984138402,,,,2696.5627611433847,2558.1969872296067,129.807402654791,,,,,,,
ZAF,2013-01-01,14576.452922118242,12337.114862353064,2248.714782924413,,,,,,15.427036982,751.1750499250365,701.0682202247101,49.96909520575026,,,,2720.000027050012,2565.6550745300024,154.9775097637852,,,,,,,
ZAF,2013-04-01,14761.332603287445,12564.933489120298,2187.753127900562,,,,,,14.820837567,757.1005691214591,708.3798807273619,50.171529814767425,,,,2685.9410488488397,2551.846991973134,142.06523820529972,,,,,,,
ZAF,2013-07-01,15036.645654953976,12986.01538009908,2039.1534215451647,,,,,,13.561225478,739.2245850217332,684.3155831025676,59.00725101130069,,,,2805.987670585635,2649.896548322254,154.98563263401653,,,,,,,
ZAF,2013-10-01,15088.502460124706,12950.93939557213,2140.6115077332156,,,,,,14.187037537,711.2605490415311,657.5086922195011,48.42048106529268,,,,2864.379124098532,2707.761882619623,150.3361187885699,,,,,,,
ZAF,2014-01-01,15069.26640233152,13047.008691486257,2032.46944011416,,,,,,13.487514162,697.0028033185014,646.4133937913883,51.55772379409795,,,,2746.326642490091,2611.3889694574286,133.09981059961387,,,,,,,
ZAF,2014-04-01,15170.460978951962,13089.3784185963,2083.8008535506533,,,,,,13.735909914,684.3815130292776,639.7370359545613,45.15897840354856,,,,2829.2041801609553,2717.8481041568766,120.56489923194434,,,,,,,
ZAF,2014-07-01,15109.04481068404,12974.137165337625,2124.7048686535513,,,,,,14.062469834,685.726610074549,648.8845696306254,40.695526215939594,,,,2792.5138866132497,2662.3253358514676,128.19804741602815,,,,,,,
ZAF,2014-10-01,15236.825882710886,13146.936818134423,2086.970368557376,,,,,,13.696884014,736.7764958964092,674.0801332323323,56.526437735367765,,,,2752.257802172085,2618.306772836831,129.8430316168802,,,,,,,
ZAF,2015-01-01,15472.950760516736,13282.71875883284,2191.976477678164,,,,,,14.16650587,877.2957559446334,826.3068138104125,52.98147164570316,,,,2726.4231433945647,2580.593793292275,143.3025502012716,,,,,,,
ZAF,2015-04-01,15739.73617424263,13491.09293263382,2258.416007877015,,,,,,14.348499764,890.1369299884035,833.2537886443541,57.32711236867272,,,,2760.0285929851175,2619.930510456757,147.52704870553956,,,,,,,
ZAF,2015-07-01,15814.829732836668,13577.387772716764,2233.9939217681767,,,,,,14.125943557,898.6666229257685,859.3612840071559,43.96322573752458,,,,2774.1992783758014,2634.682800761063,138.99196368111373,,,,,,,
ZAF,2015-10-01,15933.10255057606,13642.135864061043,2285.7891581380186,,,,,,14.346164853,849.6166695829045,791.5223154340263,51.19946914307323,,,,2779.3965072936935,2639.249281167835,136.16226454866975,,,,,,,
ZAF,2016-01-01,15686.626145395492,13454.193097296757,2225.53528410247,,,,,,14.187469399,859.4057134760862,800.607583986258,60.3050325087333,,,,2806.620293586341,2676.2441734833687,127.78669674082894,,,,,,,
ZAF,2016-04-01,15632.596270454362,13337.061614643868,2304.1701098369863,,,,,,14.739522917,844.2450790245659,786.6904992330459,57.81276043378425,,,,2730.1557518130567,2607.11908288197,128.40045879224596,,,,,,,
ZAF,2016-07-01,15815.829864785374,13500.453847249548,2325.1311616100493,,,,,,14.701290931,883.3517240405774,814.3968168431481,74.1842465181788,,,,2710.792275433957,2572.4971572211007,140.02295714044777,,,,,,,
ZAF,2016-10-01,15985.55668181248,13543.265465198472,2429.4734301322205,,,,,,15.19792822,905.20027238607,829.8735442827315,69.39628380372203,,,,2748.1368629410103,2598.6420942712807,145.11800985457734,,,,,,,
ZAF,2017-01-01,16219.980911966282,13749.150821650515,2463.0974099696086,,,,,,15.185575269,867.9736440741307,802.7352567475273,65.62079126517453,,,,2732.9268744239635,2595.269543712727,135.46722762700935,,,,,,,
ZAF,2017-04-01,16193.130857123751,13735.938258403325,2467.4458105869167,,,,,,15.237608047,853.7873307517951,791.1979443236498,62.95802981207952,,,,2741.752899152608,2605.9249776733946,139.21224118246252,,,,,,,
ZAF,2017-07-01,16175.527443678891,13936.795586349384,2248.780541858259,,,,,,13.902362997,811.7885603603277,756.6993913418532,58.884926505849194,,,,2829.4772496345126,2689.3757149307876,144.27852641891062,,,,,,,
ZAF,2017-10-01,16090.294995289556,13678.534889779943,2397.2733961976337,,,,,,14.898877845,834.7806831021222,771.8257851101092,59.7281813066154,,,,2799.145058884177,2625.905556815267,167.74743223711582,,,,,,,
ZAF,2018-01-01,16376.926182337247,13954.52193199408,2420.4512194366193,,,,,,14.779642971,843.4481880597156,781.5453229863454,60.444716421386104,,,,2858.6259989364835,2691.7748775619243,164.05294304182664,,,,,,,
ZAF,2018-04-01,16386.091039027924,13973.112068903263,2408.4559158536713,,,,,,14.698172432,860.1517406083645,790.8751127893427,69.51426488872299,,,,2841.465926112323,2683.428640958354,161.21936466094002,,,,,,,
ZAF,2018-07-01,16363.444992397848,13835.725058151693,2551.2466069823604,,,,,,15.591133824,842.761874392683,793.5463345375496,52.6051644761432,,,,2796.905827409877,2647.108269341389,155.43973798468204,,,,,,,
ZAF,2018-10-01,16451.725255884383,13902.262961360322,2537.638455429762,,,,,,15.42475586,834.3349135069012,779.2519484482171,54.53272098623164,,,,2715.3322904749607,2575.757137739648,133.15583767887276,,,,,,,
ZAF,2019-01-01,16282.257647705346,13725.854534681572,2561.3627713409605,,,,,,15.731005041,837.579045240281,787.5481525012428,45.9022512740229,,,,2694.556877779342,2541.715273095457,150.7070479181662,,,,,,,
ZAF,2019-04-01,16417.472578810786,13737.435870121,2642.7722506483483,,,,,,16.097314845,855.7564398412146,811.7837348641846,44.750250256958694,,,,2800.3651465240655,2632.488556010554,171.0780549448749,,,,,,,
ZAF,2019-07-01,16352.10917078197,13750.225810058246,2647.0657801571106,,,,,,16.18791651,879.1947997633089,814.7098487740236,67.56693175382077,,,,2843.0297377172424,2681.314165646474,167.79234509210414,,,,,,,
ZAF,2019-10-01,16350.622763342608,13790.232039872228,2552.8302640754573,,,,,,15.613046066,870.632045137697,806.8511438345121,65.45782493329025,,,,2854.1486113416468,2678.319536751289,167.7889150175851,,,,,,,
ZAF,2020-01-01,16369.688707231327,13783.964033090517,2595.5892601242776,,,,,,15.856069755,868.2895646212087,788.476072894665,74.97641298468699,,,,2768.8899280081987,2618.7066383327983,149.42787639985983,,,,,,,
ZAF,2020-04-01,14242.663899883282,11764.133901425812,2417.539491475615,,,,,,16.97392783,809.411840583246,697.5322083747963,111.54393876887168,,,,2665.0350857665826,2516.829262573157,150.16428146804654,,,,,,,
ZAF,2020-07-01,14661.181884501904,12345.75275744401,2376.703378997669,,,,,,16.210858018,804.5913983696848,704.9891459453547,102.48786119858858,,,,2665.530537274494,2533.6928187620224,138.12156803611734,,,,,,,
ZAF,2020-10-01,14963.77785792484,12554.361551300306,2408.106281200316,,,,,,16.09290317,800.9294055356094,707.919668885141,94.2692626260322,,,,2883.322364309683,2729.615904124933,145.02005179009308,,,,,,,
ZAF,2021-01-01,14988.007363756278,12645.339980352812,2346.637383339677,,,,,,15.65676695,795.2982310049877,698.8324007523905,92.4516503235682,,,,2805.891168804668,2654.6910731977596,151.8700321473198,,,,,,,
ZAF,2021-04-01,15043.470834767091,12497.019899536006,2476.0081770604575,,,,,,16.459022019,872.8204146087344,811.2312410713356,61.3732754848567,,,,2685.2056656173586,2518.750352958853,165.8261623294279,,,,,,,
ZAF,2021-07-01,14245.507187091796,11912.16343414192,2393.697347926342,,,,,,16.803173916,822.3858229225182,760.2060409277757,65.14276835740291,,,,2426.4960404956832,2287.54593676666,146.28288264067046,,,,,,,
ZAF,2021-10-01,14485.82749750482,11980.760705153809,2512.956424304675,,,,,,17.347689835,861.939060619644,784.8018390487291,78.83078327946693,,,,2529.356733291782,2386.096810996757,135.77932527853247,,,,,,,
ZAF,2022-01-01,14915.862565441,12419.433787371898,2494.655476769131,,,,,,16.724848904,846.4338101660344,788.809368564494,52.42343302679125,,,,2685.4256145463605,2537.757787761928,149.1174152638366,,,,,,,
ZAF,2022-04-01,15667.61610748847,13078.964980161656,2518.6813611400357,,,,,,16.075715309,885.1152169535662,828.1131865398942,56.900217361901106,,,,3060.7324951349287,2916.0171797938197,141.5721131890477,,,,,,,
ZAF,2022-07-01,15716.50471171868,13094.804438406814,2687.0376848466403,,,,,,17.096916485,863.7316915868934,796.2693817410639,69.35757157538754,,,,2957.9385525757107,2809.2852425203896,159.65307296236944,,,,,,,
ZAF,2022-10-01,15870.73704462557,13287.937104071723,2583.6840459857403,,,,,,16.279546682,857.308408333303,798.9096285990248,60.89473708450006,,,,2884.6648744102927,2717.2303963124295,157.8771900705442,,,,,,,
ZAF,2023-01-01,16201.363858317987,13483.869383781775,2718.699163680558,,,,,,16.780680858,887.6345491375382,828.56833062009,55.02128813705098,,,,2980.3501848763376,2780.21913405005,201.88068898620892,,,,,,,
ZAF,2023-04-01,16458.21443656869,13708.93707601783,2688.651879967704,,,,,,16.336230703,906.6850484572416,844.8768845066219,61.63241698184043,,,,3015.7420488839366,2837.667619385238,173.31112210591834,,,,,,,
ZAF,2023-07-01,16683.48059374778,14313.43032615791,2437.0994242281963,,,,,,14.607859616,945.1832035201252,894.856968293685,51.42857627987086,,,,3113.4931999459673,2934.6832063539114,192.1770447183869,,,,,,,
ZAF,2023-10-01,16659.99091328838,13987.334415793292,2644.2111355821835,,,,,,15.871624116,919.3119037248556,872.3120542468712,49.89841242629483,,,,2927.410683326783,2718.6449057591226,198.44067086413472,,,,,,,
ZAF,2024-01-01,16758.395187072518,14141.592441752324,2637.1050044386334,,,,,,15.736023497,938.2889083450078,871.3027268132097,64.43042620642855,,,,2844.746603112941,2675.4863271950007,172.31464829495928,,,,,,,
ZAF,2024-04-01,16765.456225289447,13991.559837319795,2731.804953222266,,,,,,16.294247627,909.9745387212622,850.1538864338128,59.29693215836024,,,,2885.2482026994976,2702.5080115669803,177.8513705862314,,,,,,,
ZAF,2024-07-01,16875.549758445628,14004.616598932203,2931.9372870615716,,,,,,17.373877172,924.591830995378,870.5444798428999,54.72822073495339,,,,2897.6627716964977,2704.6287383737617,206.23596384777437,,,,,,,
ZAF,2024-10-01,17020.840153207497,13966.021945933644,2995.3544774873308,,,,,,17.59815879,924.2607998334828,842.3493555811237,82.40143651793915,,,,2888.012012307615,2693.0502165217695,184.68416054992105,,,,,,,
ZAF,2025-01-01,16802.892828272186,13850.053466926933,2987.5503240383887,,,,,,17.779976071,923.686168643287,848.0423588103146,75.08853811756762,,,,2804.5288358439493,2603.9563016432194,200.60526106037656,,,,,,,
ZAF,2025-04-01,16919.099526174108,13930.09083393687,2971.4690704835743,,,,,,17.562808623,922.9479020168308,835.864394813883,86.9816766513461,,,,2801.9017168291016,2611.162523384555,187.42957780573312,,,,,,,
ZAF,2025-07-01,16977.40953606424,14066.123991008732,2954.88472062849,,,,,,17.404803214,908.9078870538484,810.84015427146,98.45737113632752,,,,2852.1133437037765,2697.943811643911,166.1080450793311,,,,,,,
ZAF,2025-10-01,17044.555312403223,14134.689910907951,2838.237825248706,,,,,,16.651873711,951.7584442146962,869.9971717482368,81.94188395496793,,,,3053.1095467427663,2858.256449598299,183.3198324220816,,,,,,,
ZAF,2026-01-01,16775.08321058117,13896.669562694611,2916.437409197703,,,,,,17.3855317,950.99065729887,852.2354749951621,98.37661026363163,,,,2835.637616317477,2653.763800522904,182.26641554602796,,,,,,,
ZAF,2026-04-01,16847.577809753224,13918.276127873422,2926.824289725693,,,,,,17.372374372,964.1903875731538,881.1698905031989,82.17463845025497,,,,2800.5733758483066,2596.4167654972516,202.7186663957723,,,,,,,
