array_row,scenario,replication,simulation_seed,true_crr,true_em,status,unresolved,error,objective,crr,em,optimizer_success,numerically_regular,boundary,boundary_crr,boundary_em,rank,j_pvalue,start_successes,starts_agree,start_diagnostics_json,sample_sha256
0,baseline_fitted,0,5493657957807973558,0.98,0.010000000000000009,boundary,False,,88.13977869973127,0.9593509443533627,0.010000000001443021,True,False,True,False,True,2,,4,True,"[{""start"": [0.5, 0.1], ""theta"": [0.9593505906049435, 0.010000000146004578], ""objective"": 88.1397787612404, ""success"": true, ""message"": ""`ftol` termination condition is satisfied."", ""evaluations"": 26, ""inference_unavailable_reasons"": [""parameter_on_boundary""]}, {""start"": [0.75, 0.4], ""theta"": [0.9593526690999175, 0.010000000042325041], ""objective"": 88.1397787724768, ""success"": true, ""message"": ""`ftol` termination condition is satisfied."", ""evaluations"": 25, ""inference_unavailable_reasons"": [""parameter_on_boundary""]}, {""start"": [0.95, 0.7], ""theta"": [0.9593501398825647, 0.010000000000090048], ""objective"": 88.13977870244051, ""success"": true, ""message"": ""`ftol` termination condition is satisfied."", ""evaluations"": 31, ""inference_unavailable_reasons"": [""parameter_on_boundary""]}, {""start"": [0.8762, 0.2397], ""theta"": [0.9593509443533627, 0.010000000001443021], ""objective"": 88.13977869973127, ""success"": true, ""message"": ""`ftol` termination condition is satisfied."", ""evaluations"": 29, ""inference_unavailable_reasons"": [""parameter_on_boundary""]}]",8ec9c0dd6ee0aa40d4e6bcd61edb7db8d0a61ebfe673f1a2089c37c41f7996ec
1,baseline_fitted,1,10361434508208778936,0.98,0.010000000000000009,boundary,False,,4.3567213647316105,0.9799999999999977,0.010000000000000009,True,False,True,True,True,2,,4,True,"[{""start"": [0.5, 0.1], ""theta"": [0.9799999999999977, 0.010000000000000009], ""objective"": 4.3567213647316105, ""success"": true, ""message"": ""`gtol` termination condition is satisfied."", ""evaluations"": 13, ""inference_unavailable_reasons"": [""parameter_on_boundary""]}, {""start"": [0.75, 0.4], ""theta"": [0.9799999999978324, 0.010000000000000175], ""objective"": 4.356721364744611, ""success"": true, ""message"": ""`gtol` termination condition is satisfied."", ""evaluations"": 11, ""inference_unavailable_reasons"": [""parameter_on_boundary""]}, {""start"": [0.95, 0.7], ""theta"": [0.9799999999999809, 0.010000000000000009], ""objective"": 4.356721364736266, ""success"": true, ""message"": ""`gtol` termination condition is satisfied."", ""evaluations"": 19, ""inference_unavailable_reasons"": [""parameter_on_boundary""]}, {""start"": [0.8762, 0.2397], ""theta"": [0.9799999996468941, 0.010000000000000037], ""objective"": 4.356721366538522, ""success"": true, ""message"": ""`gtol` termination condition is satisfied."", ""evaluations"": 11, ""inference_unavailable_reasons"": [""parameter_on_boundary""]}]",984437c411a3a728c5f582d738af926e63d8b02842012a2fa9c9f171aa45aad4
2,baseline_fitted,2,396012861965120435,0.98,0.010000000000000009,boundary,False,,8.943166897426007,0.9799999999999999,0.01000000000000556,True,False,True,True,True,2,,4,True,"[{""start"": [0.5, 0.1], ""theta"": [0.9799999999999999, 0.01000000000000556], ""objective"": 8.943166897426007, ""success"": true, ""message"": ""`gtol` termination condition is satisfied."", ""evaluations"": 11, ""inference_unavailable_reasons"": [""parameter_on_boundary""]}, {""start"": [0.75, 0.4], ""theta"": [0.98, 0.010000000000000064], ""objective"": 8.943166897436187, ""success"": true, ""message"": ""`gtol` termination condition is satisfied."", ""evaluations"": 11, ""inference_unavailable_reasons"": [""parameter_on_boundary""]}, {""start"": [0.95, 0.7], ""theta"": [0.9799999999999996, 0.01000000000013479], ""objective"": 8.94316689743011, ""success"": true, ""message"": ""`gtol` termination condition is satisfied."", ""evaluations"": 16, ""inference_unavailable_reasons"": [""parameter_on_boundary""]}, {""start"": [0.8762, 0.2397], ""theta"": [0.98, 0.010000000000048248], ""objective"": 8.943166897441753, ""success"": true, ""message"": ""`gtol` termination condition is satisfied."", ""evaluations"": 10, ""inference_unavailable_reasons"": [""parameter_on_boundary""]}]",7c5b65359b096ed7920982e023675635ce83c9c11ae9d2b9933ca320c641e4dd
3,baseline_fitted,3,7899991608565156253,0.98,0.010000000000000009,boundary,False,,31.013640557490795,0.9799999999999996,0.010000000000000009,True,False,True,True,True,2,,4,True,"[{""start"": [0.5, 0.1], ""theta"": [0.9799999999999996, 0.010000000000000009], ""objective"": 31.013640557490795, ""success"": true, ""message"": ""`gtol` termination condition is satisfied."", ""evaluations"": 13, ""inference_unavailable_reasons"": [""parameter_on_boundary""]}, {""start"": [0.75, 0.4], ""theta"": [0.98, 0.010000000000000064], ""objective"": 31.01364055753761, ""success"": true, ""message"": ""`gtol` termination condition is satisfied."", ""evaluations"": 13, ""inference_unavailable_reasons"": [""parameter_on_boundary""]}, {""start"": [0.95, 0.7], ""theta"": [0.9799999999999993, 0.010000000000000231], ""objective"": 31.01364055762047, ""success"": true, ""message"": ""`gtol` termination condition is satisfied."", ""evaluations"": 19, ""inference_unavailable_reasons"": [""parameter_on_boundary""]}, {""start"": [0.8762, 0.2397], ""theta"": [0.9799999999999979, 0.010000000000000037], ""objective"": 31.013640557553884, ""success"": true, ""message"": ""`gtol` termination condition is satisfied."", ""evaluations"": 13, ""inference_unavailable_reasons"": [""parameter_on_boundary""]}]",5a3be1890bef5e4b74dcf88cc776eec8e66d37728a81d1510f388f9e69e19673
4,baseline_fitted,4,11443088278302271705,0.98,0.010000000000000009,boundary,False,,20.96010597013219,0.98,0.01000000000000012,True,False,True,True,True,2,,4,True,"[{""start"": [0.5, 0.1], ""theta"": [0.9799999999911139, 0.010000000000000009], ""objective"": 20.960105970642502, ""success"": true, ""message"": ""`gtol` termination condition is satisfied."", ""evaluations"": 11, ""inference_unavailable_reasons"": [""parameter_on_boundary""]}, {""start"": [0.75, 0.4], ""theta"": [0.9799999999999947, 0.010000000000000064], ""objective"": 20.96010597020735, ""success"": true, ""message"": ""`gtol` termination condition is satisfied."", ""evaluations"": 11, ""inference_unavailable_reasons"": [""parameter_on_boundary""]}, {""start"": [0.95, 0.7], ""theta"": [0.98, 0.01000000000000012], ""objective"": 20.96010597013219, ""success"": true, ""message"": ""`gtol` termination condition is satisfied."", ""evaluations"": 17, ""inference_unavailable_reasons"": [""parameter_on_boundary""]}, {""start"": [0.8762, 0.2397], ""theta"": [0.9799999999973004, 0.010000000000000064], ""objective"": 20.96010597027815, ""success"": true, ""message"": ""`gtol` termination condition is satisfied."", ""evaluations"": 11, ""inference_unavailable_reasons"": [""parameter_on_boundary""]}]",6a1037ec0b82ffef91e7205c981a42836619efa17d685a24cc7d2dffb0987ec3
5,baseline_fitted,5,7278357638405479673,0.98,0.010000000000000009,boundary,False,,21.30103561725204,0.9740646637802588,0.010000000000000009,True,False,True,False,True,2,,4,True,"[{""start"": [0.5, 0.1], ""theta"": [0.9740646637802588, 0.010000000000000009], ""objective"": 21.30103561725204, ""success"": true, ""message"": ""`ftol` termination condition is satisfied."", ""evaluations"": 13, ""inference_unavailable_reasons"": [""parameter_on_boundary""]}, {""start"": [0.75, 0.4], ""theta"": [0.9740645121470805, 0.010000000000000064], ""objective"": 21.301035617698474, ""success"": true, ""message"": ""`ftol` termination condition is satisfied."", ""evaluations"": 12, ""inference_unavailable_reasons"": [""parameter_on_boundary""]}, {""start"": [0.95, 0.7], ""theta"": [0.9740645987978481, 0.01000000000000012], ""objective"": 21.301035617389644, ""success"": true, ""message"": ""`ftol` termination condition is satisfied."", ""evaluations"": 16, ""inference_unavailable_reasons"": [""parameter_on_boundary""]}, {""start"": [0.8762, 0.2397], ""theta"": [0.9740647925079525, 0.010000000000000037], ""objective"": 21.301035617348752, ""success"": true, ""message"": ""`ftol` termination condition is satisfied."", ""evaluations"": 10, ""inference_unavailable_reasons"": [""parameter_on_boundary""]}]",2e5587aa91c10ee33abf9a9a6299992ab98db6f6616e494f9ac9bddc015e944e
6,baseline_fitted,6,9335830739044996871,0.98,0.010000000000000009,boundary,False,,36.086202604510305,0.9754773398968732,0.010000000000002313,True,False,True,False,True,2,,4,True,"[{""start"": [0.5, 0.1], ""theta"": [0.9754769491288773, 0.010000000000209966], ""objective"": 36.086202608657885, ""success"": true, ""message"": ""`ftol` termination condition is satisfied."", ""evaluations"": 16, ""inference_unavailable_reasons"": [""parameter_on_boundary""]}, {""start"": [0.75, 0.4], ""theta"": [0.9754769056088296, 0.010000000000099818], ""objective"": 36.08620260950556, ""success"": true, ""message"": ""`ftol` termination condition is satisfied."", ""evaluations"": 20, ""inference_unavailable_reasons"": [""parameter_on_boundary""]}, {""start"": [0.95, 0.7], ""theta"": [0.9754775794979705, 0.010000000000076836], ""objective"": 36.08620260619634, ""success"": true, ""message"": ""`ftol` termination condition is satisfied."", ""evaluations"": 23, ""inference_unavailable_reasons"": [""parameter_on_boundary""]}, {""start"": [0.8762, 0.2397], ""theta"": [0.9754773398968732, 0.010000000000002313], ""objective"": 36.086202604510305, ""success"": true, ""message"": ""`ftol` termination condition is satisfied."", ""evaluations"": 26, ""inference_unavailable_reasons"": [""parameter_on_boundary""]}]",9f44b9b8a6d44a6c4dc45d199a9dd48b167052abdb69c7a8a6e07b7c71761360
7,baseline_fitted,7,270426820244833240,0.98,0.010000000000000009,regular,False,,11.429753643163954,0.9795159022452063,0.015039503526029674,True,True,False,False,False,2,0.12094093894866002,4,True,"[{""start"": [0.5, 0.1], ""theta"": [0.9795161261065715, 0.015039206399118751], ""objective"": 11.429753644580998, ""success"": true, ""message"": ""`ftol` termination condition is satisfied."", ""evaluations"": 16, ""inference_unavailable_reasons"": []}, {""start"": [0.75, 0.4], ""theta"": [0.979516294416788, 0.015038982974069859], ""objective"": 11.429753645910846, ""success"": true, ""message"": ""`ftol` termination condition is satisfied."", ""evaluations"": 15, ""inference_unavailable_reasons"": []}, {""start"": [0.95, 0.7], ""theta"": [0.9795159022452063, 0.015039503526029674], ""objective"": 11.429753643163954, ""success"": true, ""message"": ""`ftol` termination condition is satisfied."", ""evaluations"": 19, ""inference_unavailable_reasons"": []}, {""start"": [0.8762, 0.2397], ""theta"": [0.9795144121789368, 0.015041480881191255], ""objective"": 11.429753644189148, ""success"": true, ""message"": ""`ftol` termination condition is satisfied."", ""evaluations"": 14, ""inference_unavailable_reasons"": []}]",8516f0a85e0e1ef789517187bb9545ab97e712ac1996091b250a923d57a0dea4
8,baseline_fitted,8,2287340924120977319,0.98,0.010000000000000009,boundary,False,,23.262372548767175,0.9791157090142282,0.010000000000001175,True,False,True,False,True,2,,4,True,"[{""start"": [0.5, 0.1], ""theta"": [0.9791146372279687, 0.010000000443424653], ""objective"": 23.262372710673972, ""success"": true, ""message"": ""`ftol` termination condition is satisfied."", ""evaluations"": 18, ""inference_unavailable_reasons"": [""parameter_on_boundary""]}, {""start"": [0.75, 0.4], ""theta"": [0.9791155651376026, 0.01000000000104484], ""objective"": 23.262372549073152, ""success"": true, ""message"": ""`ftol` termination condition is satisfied."", ""evaluations"": 20, ""inference_unavailable_reasons"": [""parameter_on_boundary""]}, {""start"": [0.95, 0.7], ""theta"": [0.9791157814168983, 0.010000000000001452], ""objective"": 23.262372549132785, ""success"": true, ""message"": ""`ftol` termination condition is satisfied."", ""evaluations"": 27, ""inference_unavailable_reasons"": [""parameter_on_boundary""]}, {""start"": [0.8762, 0.2397], ""theta"": [0.9791157090142282, 0.010000000000001175], ""objective"": 23.262372548767175, ""success"": true, ""message"": ""`ftol` termination condition is satisfied."", ""evaluations"": 18, ""inference_unavailable_reasons"": [""parameter_on_boundary""]}]",0506226d83a3840188aaf004f2c392e3d93f9576675d2fb3f493d6bb168272ae
9,baseline_fitted,9,4535768737369613,0.98,0.010000000000000009,regular,False,,10.766070706522598,0.9119332809065929,0.06034324029115912,True,True,False,False,False,2,0.14915339763222765,4,True,"[{""start"": [0.5, 0.1], ""theta"": [0.9119324009087288, 0.060344121143222074], ""objective"": 10.766070707278327, ""success"": true, ""message"": ""`ftol` termination condition is satisfied."", ""evaluations"": 16, ""inference_unavailable_reasons"": []}, {""start"": [0.75, 0.4], ""theta"": [0.9119329820842093, 0.06034353945696247], ""objective"": 10.766070706728511, ""success"": true, ""message"": ""`ftol` termination condition is satisfied."", ""evaluations"": 15, ""inference_unavailable_reasons"": []}, {""start"": [0.95, 0.7], ""theta"": [0.9119322588201434, 0.06034426318575248], ""objective"": 10.766070707437798, ""success"": true, ""message"": ""`ftol` termination condition is satisfied."", ""evaluations"": 21, ""inference_unavailable_reasons"": []}, {""start"": [0.8762, 0.2397], ""theta"": [0.9119332809065929, 0.06034324029115912], ""objective"": 10.766070706522598, ""success"": true, ""message"": ""`ftol` termination condition is satisfied."", ""evaluations"": 15, ""inference_unavailable_reasons"": []}]",a7ccd8814499b3299a63d0faa62c44fcfa66d2d5badc5539944c22ce0a18d544
10,baseline_fitted,10,5739053926745041703,0.98,0.010000000000000009,boundary,False,,153.008168041194,0.9799999999999999,0.010000000000000009,True,False,True,True,True,2,,4,True,"[{""start"": [0.5, 0.1], ""theta"": [0.9799999999999999, 0.010000000000000009], ""objective"": 153.008168041194, ""success"": true, ""message"": ""`gtol` termination condition is satisfied."", ""evaluations"": 12, ""inference_unavailable_reasons"": [""parameter_on_boundary""]}, {""start"": [0.75, 0.4], ""theta"": [0.98, 0.010000000000000064], ""objective"": 153.00816804123687, ""success"": true, ""message"": ""`gtol` termination condition is satisfied."", ""evaluations"": 12, ""inference_unavailable_reasons"": [""parameter_on_boundary""]}, {""start"": [0.95, 0.7], ""theta"": [0.9799999999999999, 0.01000000000000012], ""objective"": 153.008168041194, ""success"": true, ""message"": ""`gtol` termination condition is satisfied."", ""evaluations"": 17, ""inference_unavailable_reasons"": [""parameter_on_boundary""]}, {""start"": [0.8762, 0.2397], ""theta"": [0.9799999999999999, 0.010000000000000037], ""objective"": 153.008168041194, ""success"": true, ""message"": ""`gtol` termination condition is satisfied."", ""evaluations"": 11, ""inference_unavailable_reasons"": [""parameter_on_boundary""]}]",2adae46d9eff970c24736e22eff8b85a33f84cdd131c2d5df61e02a6306dc08f
11,baseline_fitted,11,5784101421717194172,0.98,0.010000000000000009,boundary,False,,38.03867236882074,0.9752899459135012,0.010000000000000037,True,False,True,False,True,2,,4,True,"[{""start"": [0.5, 0.1], ""theta"": [0.9752897063389941, 0.010000000000000009], ""objective"": 38.0386723847841, ""success"": true, ""message"": ""`ftol` termination condition is satisfied."", ""evaluations"": 29, ""inference_unavailable_reasons"": [""parameter_on_boundary""]}, {""start"": [0.75, 0.4], ""theta"": [0.9752898670969455, 0.010000000000000064], ""objective"": 38.038672373819175, ""success"": true, ""message"": ""`ftol` termination condition is satisfied."", ""evaluations"": 34, ""inference_unavailable_reasons"": [""parameter_on_boundary""]}, {""start"": [0.95, 0.7], ""theta"": [0.9752882113139097, 0.01000000000000012], ""objective"": 38.0386725442775, ""success"": true, ""message"": ""`ftol` termination condition is satisfied."", ""evaluations"": 33, ""inference_unavailable_reasons"": [""parameter_on_boundary""]}, {""start"": [0.8762, 0.2397], ""theta"": [0.9752899459135012, 0.010000000000000037], ""objective"": 38.03867236882074, ""success"": true, ""message"": ""`ftol` termination condition is satisfied."", ""evaluations"": 29, ""inference_unavailable_reasons"": [""parameter_on_boundary""]}]",11ade2a642975fabc258286e8ade0ad6ce1e0879670a07218fe8b004bae314a5
12,baseline_fitted,12,8310033550467573726,0.98,0.010000000000000009,boundary,False,,26.884767990229903,0.98,0.01000000000000012,True,False,True,True,True,2,,4,True,"[{""start"": [0.5, 0.1], ""theta"": [0.9799999999999064, 0.010000000000000009], ""objective"": 26.884767990278995, ""success"": true, ""message"": ""`gtol` termination condition is satisfied."", ""evaluations"": 10, ""inference_unavailable_reasons"": [""parameter_on_boundary""]}, {""start"": [0.75, 0.4], ""theta"": [0.979999999999684, 0.010000000000000064], ""objective"": 26.88476799041034, ""success"": true, ""message"": ""`gtol` termination condition is satisfied."", ""evaluations"": 10, ""inference_unavailable_reasons"": [""parameter_on_boundary""]}, {""start"": [0.95, 0.7], ""theta"": [0.98, 0.01000000000000012], ""objective"": 26.884767990229903, ""success"": true, ""message"": ""`gtol` termination condition is satisfied."", ""evaluations"": 16, ""inference_unavailable_reasons"": [""parameter_on_boundary""]}, {""start"": [0.8762, 0.2397], ""theta"": [0.98, 0.010000000000000037], ""objective"": 26.884767990229903, ""success"": true, ""message"": ""`gtol` termination condition is satisfied."", ""evaluations"": 11, ""inference_unavailable_reasons"": [""parameter_on_boundary""]}]",cc15a5e804c1994611180b6372e3c4d7261d7cd2ea467ea60f35a68a63c2e1b7
13,baseline_fitted,13,10878223435883992369,0.98,0.010000000000000009,boundary,False,,155.96076987114634,0.9788681655264512,0.010000000000000064,True,False,True,False,True,2,,4,True,"[{""start"": [0.5, 0.1], ""theta"": [0.9788683975753762, 0.010000000204332907], ""objective"": 155.9607703429095, ""success"": true, ""message"": ""`ftol` termination condition is satisfied."", ""evaluations"": 27, ""inference_unavailable_reasons"": [""parameter_on_boundary""]}, {""start"": [0.75, 0.4], ""theta"": [0.978867814687415, 0.010000000000613407], ""objective"": 155.960769875862, ""success"": true, ""message"": ""`ftol` termination condition is satisfied."", ""evaluations"": 28, ""inference_unavailable_reasons"": [""parameter_on_boundary""]}, {""start"": [0.95, 0.7], ""theta"": [0.9788683661365397, 0.01000000000000012], ""objective"": 155.9607698817188, ""success"": true, ""message"": ""`ftol` termination condition is satisfied."", ""evaluations"": 30, ""inference_unavailable_reasons"": [""parameter_on_boundary""]}, {""start"": [0.8762, 0.2397], ""theta"": [0.9788681655264512, 0.010000000000000064], ""objective"": 155.96076987114634, ""success"": true, ""message"": ""`ftol` termination condition is satisfied."", ""evaluations"": 30, ""inference_unavailable_reasons"": [""parameter_on_boundary""]}]",9d04b9c546a945070171bca7170446abc2b8459b40bd239363ecd35137998460
14,baseline_fitted,14,12329958840246283029,0.98,0.010000000000000009,boundary,False,,22.684992474595497,0.98,0.010000000000000023,True,False,True,True,True,2,,4,True,"[{""start"": [0.5, 0.1], ""theta"": [0.98, 0.010000000000000023], ""objective"": 22.684992474595497, ""success"": true, ""message"": ""`gtol` termination condition is satisfied."", ""evaluations"": 12, ""inference_unavailable_reasons"": [""parameter_on_boundary""]}, {""start"": [0.75, 0.4], ""theta"": [0.9799999999999651, 0.010000000000534193], ""objective"": 22.68499247473909, ""success"": true, ""message"": ""`gtol` termination condition is satisfied."", ""evaluations"": 9, ""inference_unavailable_reasons"": [""parameter_on_boundary""]}, {""start"": [0.95, 0.7], ""theta"": [0.98, 0.010000000000154996], ""objective"": 22.684992474623833, ""success"": true, ""message"": ""`gtol` termination condition is satisfied."", ""evaluations"": 15, ""inference_unavailable_reasons"": [""parameter_on_boundary""]}, {""start"": [0.8762, 0.2397], ""theta"": [0.9799999999999965, 0.010000000000109394], ""objective"": 22.684992474662785, ""success"": true, ""message"": ""`gtol` termination condition is satisfied."", ""evaluations"": 8, ""inference_unavailable_reasons"": [""parameter_on_boundary""]}]",7e25e4d28b3c1d104f11cfc1aa3040ea25de0c170e4a498d60b8db29ab8e3d8d
15,baseline_fitted,15,7374342790295710630,0.98,0.010000000000000009,boundary,False,,6.799732214071414,0.9662858142707426,0.01000000000000012,True,False,True,False,True,2,,4,True,"[{""start"": [0.5, 0.1], ""theta"": [0.9662864644552005, 0.010000000000000023], ""objective"": 6.799732214151705, ""success"": true, ""message"": ""`ftol` termination condition is satisfied."", ""evaluations"": 12, ""inference_unavailable_reasons"": [""parameter_on_boundary""]}, {""start"": [0.75, 0.4], ""theta"": [0.9662858142707426, 0.01000000000000012], ""objective"": 6.799732214071414, ""success"": true, ""message"": ""`ftol` termination condition is satisfied."", ""evaluations"": 12, ""inference_unavailable_reasons"": [""parameter_on_boundary""]}, {""start"": [0.95, 0.7], ""theta"": [0.9662865291170306, 0.01000000000000012], ""objective"": 6.799732214306673, ""success"": true, ""message"": ""`ftol` termination condition is satisfied."", ""evaluations"": 19, ""inference_unavailable_reasons"": [""parameter_on_boundary""]}, {""start"": [0.8762, 0.2397], ""theta"": [0.966286427234142, 0.010000000000000064], ""objective"": 6.79973221407364, ""success"": true, ""message"": ""`ftol` termination condition is satisfied."", ""evaluations"": 12, ""inference_unavailable_reasons"": [""parameter_on_boundary""]}]",704c5db4fe707a9a79c60e08710542dca4a263ce154f1a4ef53c4ab65c80e1b2
16,baseline_fitted,16,12660854572592384898,0.98,0.010000000000000009,boundary,False,,36.622825678364194,0.9755739649766085,0.010000000000000037,True,False,True,False,True,2,,4,True,"[{""start"": [0.5, 0.1], ""theta"": [0.9755739574871432, 0.010000000000002784], ""objective"": 36.62282567838729, ""success"": true, ""message"": ""`ftol` termination condition is satisfied."", ""evaluations"": 21, ""inference_unavailable_reasons"": [""parameter_on_boundary""]}, {""start"": [0.75, 0.4], ""theta"": [0.9755750202872698, 0.010000000000003395], ""objective"": 36.622825696282476, ""success"": true, ""message"": ""`ftol` termination condition is satisfied."", ""evaluations"": 19, ""inference_unavailable_reasons"": [""parameter_on_boundary""]}, {""start"": [0.95, 0.7], ""theta"": [0.9755737350226158, 0.01000000000000012], ""objective"": 36.622825679435984, ""success"": true, ""message"": ""`ftol` termination condition is satisfied."", ""evaluations"": 27, ""inference_unavailable_reasons"": [""parameter_on_boundary""]}, {""start"": [0.8762, 0.2397], ""theta"": [0.9755739649766085, 0.010000000000000037], ""objective"": 36.622825678364194, ""success"": true, ""message"": ""`ftol` termination condition is satisfied."", ""evaluations"": 22, ""inference_unavailable_reasons"": [""parameter_on_boundary""]}]",1a20baee28f9515d7445c02832f24460182a5ded47a4ac2f2d4683d01cdad3b1
17,baseline_fitted,17,2721163518386149756,0.98,0.010000000000000009,boundary,False,,5.060241289886968,0.9740062269950089,0.010000000000000009,True,False,True,False,True,2,,4,True,"[{""start"": [0.5, 0.1], ""theta"": [0.9740062269950089, 0.010000000000000009], ""objective"": 5.060241289886968, ""success"": true, ""message"": ""`ftol` termination condition is satisfied."", ""evaluations"": 17, ""inference_unavailable_reasons"": [""parameter_on_boundary""]}, {""start"": [0.75, 0.4], ""theta"": [0.9740056431036381, 0.010000000000000064], ""objective"": 5.0602412901443135, ""success"": true, ""message"": ""`ftol` termination condition is satisfied."", ""evaluations"": 16, ""inference_unavailable_reasons"": [""parameter_on_boundary""]}, {""start"": [0.95, 0.7], ""theta"": [0.9740056513729113, 0.010000000000000231], ""objective"": 5.060241290120836, ""success"": true, ""message"": ""`ftol` termination condition is satisfied."", ""evaluations"": 23, ""inference_unavailable_reasons"": [""parameter_on_boundary""]}, {""start"": [0.8762, 0.2397], ""theta"": [0.9740062914426542, 0.010000000000000064], ""objective"": 5.060241290140198, ""success"": true, ""message"": ""`ftol` termination condition is satisfied."", ""evaluations"": 17, ""inference_unavailable_reasons"": [""parameter_on_boundary""]}]",dbf573b9a4f20c66dd03aeac7584f2aba91e4e415cbf42ff96ccdf8007157af3
18,baseline_fitted,18,12593632908669522877,0.98,0.010000000000000009,regular,False,,11.31393037404943,0.912359624363543,0.09471130256423993,True,True,False,False,False,2,0.1254996483863878,4,True,"[{""start"": [0.5, 0.1], ""theta"": [0.9123592439290896, 0.09471199688311477], ""objective"": 11.313930374257634, ""success"": true, ""message"": ""`ftol` termination condition is satisfied."", ""evaluations"": 13, ""inference_unavailable_reasons"": []}, {""start"": [0.75, 0.4], ""theta"": [0.912359624363543, 0.09471130256423993], ""objective"": 11.31393037404943, ""success"": true, ""message"": ""`ftol` termination condition is satisfied."", ""evaluations"": 12, ""inference_unavailable_reasons"": []}, {""start"": [0.95, 0.7], ""theta"": [0.9123590821617744, 0.09471229221179223], ""objective"": 11.313930374410937, ""success"": true, ""message"": ""`ftol` termination condition is satisfied."", ""evaluations"": 17, ""inference_unavailable_reasons"": []}, {""start"": [0.8762, 0.2397], ""theta"": [0.9123595971548514, 0.09471135220601035], ""objective"": 11.31393037405918, ""success"": true, ""message"": ""`ftol` termination condition is satisfied."", ""evaluations"": 11, ""inference_unavailable_reasons"": []}]",4e114eb62eb347b13a5faeed576fd9b8ab628e5bf115c659a718b4971d79b3c6
19,baseline_fitted,19,10192202790503412496,0.98,0.010000000000000009,boundary,False,,24.769107532509857,0.9799999999999999,0.010000000000000009,True,False,True,True,True,2,,4,True,"[{""start"": [0.5, 0.1], ""theta"": [0.9799999999999999, 0.010000000000000009], ""objective"": 24.769107532509857, ""success"": true, ""message"": ""`gtol` termination condition is satisfied."", ""evaluations"": 13, ""inference_unavailable_reasons"": [""parameter_on_boundary""]}, {""start"": [0.75, 0.4], ""theta"": [0.98, 0.01000000000000012], ""objective"": 24.76910753252544, ""success"": true, ""message"": ""`gtol` termination condition is satisfied."", ""evaluations"": 11, ""inference_unavailable_reasons"": [""parameter_on_boundary""]}, {""start"": [0.95, 0.7], ""theta"": [0.98, 0.01000000000007728], ""objective"": 24.769107532525283, ""success"": true, ""message"": ""`gtol` termination condition is satisfied."", ""evaluations"": 17, ""inference_unavailable_reasons"": [""parameter_on_boundary""]}, {""start"": [0.8762, 0.2397], ""theta"": [0.98, 0.010000000000000037], ""objective"": 24.76910753252544, ""success"": true, ""message"": ""`gtol` termination condition is satisfied."", ""evaluations"": 11, ""inference_unavailable_reasons"": [""parameter_on_boundary""]}]",7c2cf86a4567431a55094494bf2d28cc5512562845b871f728cdca16da3b1f89
20,baseline_fitted,20,1090210008331687517,0.98,0.010000000000000009,boundary,False,,4.403218264454018,0.98,0.010000000000005477,True,False,True,True,True,2,,4,True,"[{""start"": [0.5, 0.1], ""theta"": [0.98, 0.010000000000006323], ""objective"": 4.403218264454273, ""success"": true, ""message"": ""`gtol` termination condition is satisfied."", ""evaluations"": 13, ""inference_unavailable_reasons"": [""parameter_on_boundary""]}, {""start"": [0.75, 0.4], ""theta"": [0.98, 0.01000000000000606], ""objective"": 4.403218264454273, ""success"": true, ""message"": ""`gtol` termination condition is satisfied."", ""evaluations"": 12, ""inference_unavailable_reasons"": [""parameter_on_boundary""]}, {""start"": [0.95, 0.7], ""theta"": [0.98, 0.010000000000000897], ""objective"": 4.403218264454246, ""success"": true, ""message"": ""`gtol` termination condition is satisfied."", ""evaluations"": 17, ""inference_unavailable_reasons"": [""parameter_on_boundary""]}, {""start"": [0.8762, 0.2397], ""theta"": [0.98, 0.010000000000005477], ""objective"": 4.403218264454018, ""success"": true, ""message"": ""`gtol` termination condition is satisfied."", ""evaluations"": 11, ""inference_unavailable_reasons"": [""parameter_on_boundary""]}]",c118474f3169625b29b628e2f4b3046ed1baf71270c29a414410c5fe42738ba5
21,baseline_fitted,21,12619062113150770666,0.98,0.010000000000000009,boundary,False,,14.41274887375446,0.9756085813730885,0.010000000000376097,True,False,True,False,True,2,,4,True,"[{""start"": [0.5, 0.1], ""theta"": [0.9756078066960711, 0.010000000001335926], ""objective"": 14.412748875903725, ""success"": true, ""message"": ""`ftol` termination condition is satisfied."", ""evaluations"": 29, ""inference_unavailable_reasons"": [""parameter_on_boundary""]}, {""start"": [0.75, 0.4], ""theta"": [0.9756071283768621, 0.010000000018797806], ""objective"": 14.412748903408382, ""success"": true, ""message"": ""`ftol` termination condition is satisfied."", ""evaluations"": 26, ""inference_unavailable_reasons"": [""parameter_on_boundary""]}, {""start"": [0.95, 0.7], ""theta"": [0.9756086713584146, 0.010000000000021991], ""objective"": 14.41274887518312, ""success"": true, ""message"": ""`ftol` termination condition is satisfied."", ""evaluations"": 33, ""inference_unavailable_reasons"": [""parameter_on_boundary""]}, {""start"": [0.8762, 0.2397], ""theta"": [0.9756085813730885, 0.010000000000376097], ""objective"": 14.41274887375446, ""success"": true, ""message"": ""`ftol` termination condition is satisfied."", ""evaluations"": 25, ""inference_unavailable_reasons"": [""parameter_on_boundary""]}]",740dcc967b84b2e3ba80772a88eee5814ae6fff81bfabdad4c05807a4133c471
22,baseline_fitted,22,17272125981908349103,0.98,0.010000000000000009,boundary,False,,80.02723552746806,0.98,0.010000000000000023,True,False,True,True,True,2,,4,True,"[{""start"": [0.5, 0.1], ""theta"": [0.98, 0.010000000000000023], ""objective"": 80.02723552746806, ""success"": true, ""message"": ""`gtol` termination condition is satisfied."", ""evaluations"": 13, ""inference_unavailable_reasons"": [""parameter_on_boundary""]}, {""start"": [0.75, 0.4], ""theta"": [0.98, 0.010000000000000231], ""objective"": 80.02723552746943, ""success"": true, ""message"": ""`gtol` termination condition is satisfied."", ""evaluations"": 10, ""inference_unavailable_reasons"": [""parameter_on_boundary""]}, {""start"": [0.95, 0.7], ""theta"": [0.98, 0.01000000000000012], ""objective"": 80.02723552746806, ""success"": true, ""message"": ""`gtol` termination condition is satisfied."", ""evaluations"": 16, ""inference_unavailable_reasons"": [""parameter_on_boundary""]}, {""start"": [0.8762, 0.2397], ""theta"": [0.98, 0.010000000000000814], ""objective"": 80.02723552746943, ""success"": true, ""message"": ""`gtol` termination condition is satisfied."", ""evaluations"": 9, ""inference_unavailable_reasons"": [""parameter_on_boundary""]}]",5811e8ab5fe7420b554a4e32f88962c0c4fcf69dad130e86c7fc7a9132cbee5f
23,baseline_fitted,23,4513009669920610372,0.98,0.010000000000000009,boundary,False,,24.459672768083102,0.9672814002710455,0.009999999999999995,True,False,True,False,True,2,,4,True,"[{""start"": [0.5, 0.1], ""theta"": [0.9672814002710455, 0.009999999999999995], ""objective"": 24.459672768083102, ""success"": true, ""message"": ""`ftol` termination condition is satisfied."", ""evaluations"": 16, ""inference_unavailable_reasons"": [""parameter_on_boundary""]}, {""start"": [0.75, 0.4], ""theta"": [0.9672821897001772, 0.010000000000000064], ""objective"": 24.459672768592092, ""success"": true, ""message"": ""`ftol` termination condition is satisfied."", ""evaluations"": 14, ""inference_unavailable_reasons"": [""parameter_on_boundary""]}, {""start"": [0.95, 0.7], ""theta"": [0.9672823407539347, 0.01000000000000012], ""objective"": 24.459672769519393, ""success"": true, ""message"": ""`ftol` termination condition is satisfied."", ""evaluations"": 19, ""inference_unavailable_reasons"": [""parameter_on_boundary""]}, {""start"": [0.8762, 0.2397], ""theta"": [0.9672813209987188, 0.010000000000000037], ""objective"": 24.459672768421264, ""success"": true, ""message"": ""`ftol` termination condition is satisfied."", ""evaluations"": 13, ""inference_unavailable_reasons"": [""parameter_on_boundary""]}]",7dba22259ce480e88a8c6e2f5700f992bce644fe020eade459912bef646c8ca0
24,baseline_fitted,24,8283087090462005317,0.98,0.010000000000000009,regular,False,,5.134919023781633,0.9527207299473652,0.04791163036265267,True,True,False,False,False,2,0.6435024345879312,4,True,"[{""start"": [0.5, 0.1], ""theta"": [0.9527206425834427, 0.047911735754494], ""objective"": 5.134919023888261, ""success"": true, ""message"": ""`ftol` termination condition is satisfied."", ""evaluations"": 26, ""inference_unavailable_reasons"": []}, {""start"": [0.75, 0.4], ""theta"": [0.9527205516439318, 0.04791184545787164], ""objective"": 5.134919024016356, ""success"": true, ""message"": ""`ftol` termination condition is satisfied."", ""evaluations"": 24, ""inference_unavailable_reasons"": []}, {""start"": [0.95, 0.7], ""theta"": [0.9527207299473652, 0.04791163036265267], ""objective"": 5.134919023781633, ""success"": true, ""message"": ""`ftol` termination condition is satisfied."", ""evaluations"": 31, ""inference_unavailable_reasons"": []}, {""start"": [0.8762, 0.2397], ""theta"": [0.9527201692921742, 0.04791230672169117], ""objective"": 5.134919024602436, ""success"": true, ""message"": ""`ftol` termination condition is satisfied."", ""evaluations"": 23, ""inference_unavailable_reasons"": []}]",2bc67756a2eed5f6d2d01429910a08db48da7b0080a78ec8e1ff2fb1c2c22876
25,baseline_fitted,25,3346537798095033796,0.98,0.010000000000000009,boundary,False,,29.290847972037525,0.9799999999999998,0.010000000000000009,True,False,True,True,True,2,,4,True,"[{""start"": [0.5, 0.1], ""theta"": [0.9799999999999998, 0.010000000000000009], ""objective"": 29.290847972037525, ""success"": true, ""message"": ""`gtol` termination condition is satisfied."", ""evaluations"": 10, ""inference_unavailable_reasons"": [""parameter_on_boundary""]}, {""start"": [0.75, 0.4], ""theta"": [0.9799999999999993, 0.010000000000000064], ""objective"": 29.290847972235078, ""success"": true, ""message"": ""`gtol` termination condition is satisfied."", ""evaluations"": 10, ""inference_unavailable_reasons"": [""parameter_on_boundary""]}, {""start"": [0.95, 0.7], ""theta"": [0.98, 0.01000000000000012], ""objective"": 29.290847972113507, ""success"": true, ""message"": ""`gtol` termination condition is satisfied."", ""evaluations"": 16, ""inference_unavailable_reasons"": [""parameter_on_boundary""]}, {""start"": [0.8762, 0.2397], ""theta"": [0.98, 0.010000000000000037], ""objective"": 29.290847972113507, ""success"": true, ""message"": ""`gtol` termination condition is satisfied."", ""evaluations"": 11, ""inference_unavailable_reasons"": [""parameter_on_boundary""]}]",b9f7e9d6e12c2f0f4585383e493c2dffeefd7a6f5d6e5a08eee578c4ab65d4d9
26,baseline_fitted,26,6653534418097355322,0.98,0.010000000000000009,boundary,False,,8.636024263147046,0.98,0.010000000000022657,True,False,True,True,True,2,,4,True,"[{""start"": [0.5, 0.1], ""theta"": [0.98, 0.010000000000001064], ""objective"": 8.636024263148, ""success"": true, ""message"": ""`gtol` termination condition is satisfied."", ""evaluations"": 16, ""inference_unavailable_reasons"": [""parameter_on_boundary""]}, {""start"": [0.75, 0.4], ""theta"": [0.98, 0.010000000000022657], ""objective"": 8.636024263147046, ""success"": true, ""message"": ""`gtol` termination condition is satisfied."", ""evaluations"": 14, ""inference_unavailable_reasons"": [""parameter_on_boundary""]}, {""start"": [0.95, 0.7], ""theta"": [0.98, 0.01000000000019785], ""objective"": 8.636024263148004, ""success"": true, ""message"": ""`gtol` termination condition is satisfied."", ""evaluations"": 19, ""inference_unavailable_reasons"": [""parameter_on_boundary""]}, {""start"": [0.8762, 0.2397], ""theta"": [0.98, 0.010000000028728723], ""objective"": 8.636024263314123, ""success"": true, ""message"": ""`gtol` termination condition is satisfied."", ""evaluations"": 12, ""inference_unavailable_reasons"": [""parameter_on_boundary""]}]",0c8a43ad44b9565ac20ec0c27f64bd6cf689cb8eff361c447de464893053a475
27,baseline_fitted,27,12563504330708044728,0.98,0.010000000000000009,boundary,False,,14.131914455415549,0.9697847470574499,0.010000000000000037,True,False,True,False,True,2,,4,True,"[{""start"": [0.5, 0.1], ""theta"": [0.9697845656580883, 0.010000000000000023], ""objective"": 14.131914455599096, ""success"": true, ""message"": ""`ftol` termination condition is satisfied."", ""evaluations"": 16, ""inference_unavailable_reasons"": [""parameter_on_boundary""]}, {""start"": [0.75, 0.4], ""theta"": [0.969784301610241, 0.01000000000000012], ""objective"": 14.131914456042228, ""success"": true, ""message"": ""`ftol` termination condition is satisfied."", ""evaluations"": 15, ""inference_unavailable_reasons"": [""parameter_on_boundary""]}, {""start"": [0.95, 0.7], ""theta"": [0.9697847024224071, 0.01000000000000012], ""objective"": 14.131914455463049, ""success"": true, ""message"": ""`ftol` termination condition is satisfied."", ""evaluations"": 22, ""inference_unavailable_reasons"": [""parameter_on_boundary""]}, {""start"": [0.8762, 0.2397], ""theta"": [0.9697847470574499, 0.010000000000000037], ""objective"": 14.131914455415549, ""success"": true, ""message"": ""`ftol` termination condition is satisfied."", ""evaluations"": 16, ""inference_unavailable_reasons"": [""parameter_on_boundary""]}]",8b417078d2f497014bfed362e00022d1ab42f20e80854677259e7e897190423c
28,baseline_fitted,28,8633874572312160012,0.98,0.010000000000000009,boundary,False,,9.37172397660013,0.98,0.01000000000000012,True,False,True,True,True,2,,4,True,"[{""start"": [0.5, 0.1], ""theta"": [0.9799999999999984, 0.010000000000000009], ""objective"": 9.371723976627592, ""success"": true, ""message"": ""`gtol` termination condition is satisfied."", ""evaluations"": 12, ""inference_unavailable_reasons"": [""parameter_on_boundary""]}, {""start"": [0.75, 0.4], ""theta"": [0.9799999999995954, 0.010000000000000064], ""objective"": 9.371723976697776, ""success"": true, ""message"": ""`gtol` termination condition is satisfied."", ""evaluations"": 10, ""inference_unavailable_reasons"": [""parameter_on_boundary""]}, {""start"": [0.95, 0.7], ""theta"": [0.98, 0.01000000000000012], ""objective"": 9.37172397660013, ""success"": true, ""message"": ""`gtol` termination condition is satisfied."", ""evaluations"": 17, ""inference_unavailable_reasons"": [""parameter_on_boundary""]}, {""start"": [0.8762, 0.2397], ""theta"": [0.98, 0.010000000000000037], ""objective"": 9.37172397660013, ""success"": true, ""message"": ""`gtol` termination condition is satisfied."", ""evaluations"": 11, ""inference_unavailable_reasons"": [""parameter_on_boundary""]}]",5c525515fbd2e393fa1308fc1bd940691effbc7765ca32f42e3a5ac8e6494305
29,baseline_fitted,29,10202858686944712390,0.98,0.010000000000000009,regular,False,,3.113005185900936,0.9764562172019425,0.01988341718322295,True,True,False,False,False,2,0.8743551761266358,4,True,"[{""start"": [0.5, 0.1], ""theta"": [0.9764566521873934, 0.019882896756393056], ""objective"": 3.1130051859642074, ""success"": true, ""message"": ""`ftol` termination condition is satisfied."", ""evaluations"": 15, ""inference_unavailable_reasons"": []}, {""start"": [0.75, 0.4], ""theta"": [0.9764567143767185, 0.01988282235180283], ""objective"": 3.113005186077008, ""success"": true, ""message"": ""`ftol` termination condition is satisfied."", ""evaluations"": 13, ""inference_unavailable_reasons"": []}, {""start"": [0.95, 0.7], ""theta"": [0.9764562172019425, 0.01988341718322295], ""objective"": 3.113005185900936, ""success"": true, ""message"": ""`ftol` termination condition is satisfied."", ""evaluations"": 21, ""inference_unavailable_reasons"": []}, {""start"": [0.8762, 0.2397], ""theta"": [0.9764566231093152, 0.019882931547156868], ""objective"": 3.1130051859239005, ""success"": true, ""message"": ""`ftol` termination condition is satisfied."", ""evaluations"": 14, ""inference_unavailable_reasons"": []}]",99b5b43402f41114425192f0f1edda6448c6b6faa8777fece6e8370cd9003315
30,baseline_fitted,30,11396233772250980408,0.98,0.010000000000000009,boundary,False,,77.94694565102627,0.98,0.010000000000000064,True,False,True,True,True,2,,4,True,"[{""start"": [0.5, 0.1], ""theta"": [0.9799999999999692, 0.010000000000000175], ""objective"": 77.94694565127571, ""success"": true, ""message"": ""`gtol` termination condition is satisfied."", ""evaluations"": 11, ""inference_unavailable_reasons"": [""parameter_on_boundary""]}, {""start"": [0.75, 0.4], ""theta"": [0.98, 0.010000000000000064], ""objective"": 77.94694565102627, ""success"": true, ""message"": ""`gtol` termination condition is satisfied."", ""evaluations"": 10, ""inference_unavailable_reasons"": [""parameter_on_boundary""]}, {""start"": [0.95, 0.7], ""theta"": [0.98, 0.01000000000000012], ""objective"": 77.94694565102627, ""success"": true, ""message"": ""`gtol` termination condition is satisfied."", ""evaluations"": 16, ""inference_unavailable_reasons"": [""parameter_on_boundary""]}, {""start"": [0.8762, 0.2397], ""theta"": [0.98, 0.010000000000000064], ""objective"": 77.94694565102627, ""success"": true, ""message"": ""`gtol` termination condition is satisfied."", ""evaluations"": 12, ""inference_unavailable_reasons"": [""parameter_on_boundary""]}]",80c855083e58e83d8aff90b2d09c652b1df25c9c063437e16f3230c7d0624658
31,baseline_fitted,31,6541106345773946308,0.98,0.010000000000000009,boundary,False,,15.217245149132474,0.9707054958597803,0.010000000000004228,True,False,True,False,True,2,,4,True,"[{""start"": [0.5, 0.1], ""theta"": [0.9707062759543514, 0.01000000000151001], ""objective"": 15.21724514991935, ""success"": true, ""message"": ""`ftol` termination condition is satisfied."", ""evaluations"": 25, ""inference_unavailable_reasons"": [""parameter_on_boundary""]}, {""start"": [0.75, 0.4], ""theta"": [0.9707042984601228, 0.010000000005257303], ""objective"": 15.217245170737849, ""success"": true, ""message"": ""`ftol` termination condition is satisfied."", ""evaluations"": 25, ""inference_unavailable_reasons"": [""parameter_on_boundary""]}, {""start"": [0.95, 0.7], ""theta"": [0.9707054958597803, 0.010000000000004228], ""objective"": 15.217245149132474, ""success"": true, ""message"": ""`ftol` termination condition is satisfied."", ""evaluations"": 26, ""inference_unavailable_reasons"": [""parameter_on_boundary""]}, {""start"": [0.8762, 0.2397], ""theta"": [0.9707063397736754, 0.010000000000032427], ""objective"": 15.217245150259846, ""success"": true, ""message"": ""`ftol` termination condition is satisfied."", ""evaluations"": 23, ""inference_unavailable_reasons"": [""parameter_on_boundary""]}]",b7685c8c7c81842d9ae52c1472c59499fa8bed9b31d434e0069455fc51a70593
32,baseline_fitted,32,743881101099233306,0.98,0.010000000000000009,boundary,False,,30.103772252392332,0.9555745321731364,0.010000000000000064,True,False,True,False,True,2,,4,True,"[{""start"": [0.5, 0.1], ""theta"": [0.9555749575831454, 0.010000000000000009], ""objective"": 30.10377225563358, ""success"": true, ""message"": ""`ftol` termination condition is satisfied."", ""evaluations"": 13, ""inference_unavailable_reasons"": [""parameter_on_boundary""]}, {""start"": [0.75, 0.4], ""theta"": [0.9555745321731364, 0.010000000000000064], ""objective"": 30.103772252392332, ""success"": true, ""message"": ""`ftol` termination condition is satisfied."", ""evaluations"": 15, ""inference_unavailable_reasons"": [""parameter_on_boundary""]}, {""start"": [0.95, 0.7], ""theta"": [0.9555745482803105, 0.01000000000000012], ""objective"": 30.103772252494636, ""success"": true, ""message"": ""`ftol` termination condition is satisfied."", ""evaluations"": 20, ""inference_unavailable_reasons"": [""parameter_on_boundary""]}, {""start"": [0.8762, 0.2397], ""theta"": [0.9555745834445861, 0.010000000000000037], ""objective"": 30.103772252693012, ""success"": true, ""message"": ""`ftol` termination condition is satisfied."", ""evaluations"": 15, ""inference_unavailable_reasons"": [""parameter_on_boundary""]}]",554f6a33677bc55b6c822884bcc59a153eb4a2a704451d3483aac4075e76b722
33,baseline_fitted,33,4642550484882264975,0.98,0.010000000000000009,boundary,False,,16.22976377115495,0.9794894963373162,0.010000000000614961,True,False,True,False,True,2,,4,True,"[{""start"": [0.5, 0.1], ""theta"": [0.9794875320472055, 0.010000001096928515], ""objective"": 16.229764094883947, ""success"": true, ""message"": ""`ftol` termination condition is satisfied."", ""evaluations"": 16, ""inference_unavailable_reasons"": [""parameter_on_boundary""]}, {""start"": [0.75, 0.4], ""theta"": [0.9794894963373162, 0.010000000000614961], ""objective"": 16.22976377115495, ""success"": true, ""message"": ""`ftol` termination condition is satisfied."", ""evaluations"": 18, ""inference_unavailable_reasons"": [""parameter_on_boundary""]}, {""start"": [0.95, 0.7], ""theta"": [0.9794896209659294, 0.010000000030541245], ""objective"": 16.229763777995036, ""success"": true, ""message"": ""`ftol` termination condition is satisfied."", ""evaluations"": 22, ""inference_unavailable_reasons"": [""parameter_on_boundary""]}, {""start"": [0.8762, 0.2397], ""theta"": [0.9794893128435659, 0.01000000003161905], ""objective"": 16.229763779697112, ""success"": true, ""message"": ""`ftol` termination condition is satisfied."", ""evaluations"": 17, ""inference_unavailable_reasons"": [""parameter_on_boundary""]}]",e73b0c5e0ecf56d9243b46b08c0e5d3d19879c0718edc7b79ca4c2ae1162c45e
34,baseline_fitted,34,18077033228916655457,0.98,0.010000000000000009,regular,False,,1.366350468324362,0.9735439916533211,0.034465215250326586,True,True,False,False,False,2,0.9865796959559411,4,True,"[{""start"": [0.5, 0.1], ""theta"": [0.9735440230302689, 0.034465164149820954], ""objective"": 1.3663504683301189, ""success"": true, ""message"": ""`ftol` termination condition is satisfied."", ""evaluations"": 12, ""inference_unavailable_reasons"": []}, {""start"": [0.75, 0.4], ""theta"": [0.9735439916533211, 0.034465215250326586], ""objective"": 1.366350468324362, ""success"": true, ""message"": ""`ftol` termination condition is satisfied."", ""evaluations"": 11, ""inference_unavailable_reasons"": []}, {""start"": [0.95, 0.7], ""theta"": [0.9735439654058191, 0.034465257996279086], ""objective"": 1.3663504683243897, ""success"": true, ""message"": ""`ftol` termination condition is satisfied."", ""evaluations"": 17, ""inference_unavailable_reasons"": []}, {""start"": [0.8762, 0.2397], ""theta"": [0.973543994606089, 0.034465210441942784], ""objective"": 1.3663504683266132, ""success"": true, ""message"": ""`ftol` termination condition is satisfied."", ""evaluations"": 9, ""inference_unavailable_reasons"": []}]",e4e497f840fe136a397a7a12bc8812bc4c44bfa27a93e1c3a2e1337480f70d3d
35,baseline_fitted,35,17455140809980443793,0.98,0.010000000000000009,boundary,False,,12.099134551647305,0.9799999999999999,0.010476980056893737,True,False,True,True,False,2,,4,True,"[{""start"": [0.5, 0.1], ""theta"": [0.9799999999999999, 0.010476980056893737], ""objective"": 12.099134551647305, ""success"": true, ""message"": ""`gtol` termination condition is satisfied."", ""evaluations"": 17, ""inference_unavailable_reasons"": [""parameter_on_boundary""]}, {""start"": [0.75, 0.4], ""theta"": [0.98, 0.010476979505090245], ""objective"": 12.099134551651503, ""success"": true, ""message"": ""`ftol` termination condition is satisfied."", ""evaluations"": 15, ""inference_unavailable_reasons"": [""parameter_on_boundary""]}, {""start"": [0.95, 0.7], ""theta"": [0.98, 0.010476979493806549], ""objective"": 12.099134551651362, ""success"": true, ""message"": ""`ftol` termination condition is satisfied."", ""evaluations"": 21, ""inference_unavailable_reasons"": [""parameter_on_boundary""]}, {""start"": [0.8762, 0.2397], ""theta"": [0.98, 0.010476979524546653], ""objective"": 12.099134551651481, ""success"": true, ""message"": ""`gtol` termination condition is satisfied."", ""evaluations"": 14, ""inference_unavailable_reasons"": [""parameter_on_boundary""]}]",c0a55868b4f34884ff1e7ba29d409ed4b3e0106317d0114208ee5f8fb55eb16a
36,baseline_fitted,36,3997842015941878162,0.98,0.010000000000000009,boundary,False,,48.34112454789261,0.9799999999999998,0.010000000000000009,True,False,True,True,True,2,,4,True,"[{""start"": [0.5, 0.1], ""theta"": [0.9799999999999998, 0.010000000000000009], ""objective"": 48.34112454789261, ""success"": true, ""message"": ""`gtol` termination condition is satisfied."", ""evaluations"": 11, ""inference_unavailable_reasons"": [""parameter_on_boundary""]}, {""start"": [0.75, 0.4], ""theta"": [0.9799999999943743, 0.010000000000000064], ""objective"": 48.341124548172964, ""success"": true, ""message"": ""`gtol` termination condition is satisfied."", ""evaluations"": 10, ""inference_unavailable_reasons"": [""parameter_on_boundary""]}, {""start"": [0.95, 0.7], ""theta"": [0.9799999999999999, 0.01000000000000012], ""objective"": 48.34112454794693, ""success"": true, ""message"": ""`gtol` termination condition is satisfied."", ""evaluations"": 16, ""inference_unavailable_reasons"": [""parameter_on_boundary""]}, {""start"": [0.8762, 0.2397], ""theta"": [0.98, 0.010000000000000037], ""objective"": 48.34112454794013, ""success"": true, ""message"": ""`gtol` termination condition is satisfied."", ""evaluations"": 11, ""inference_unavailable_reasons"": [""parameter_on_boundary""]}]",7864154eb226115a5bddea605451be259a1532dc3bea6782d78d4cf33c7c6aae
37,baseline_fitted,37,10106650198871736679,0.98,0.010000000000000009,boundary,False,,23.41000823788402,0.9612980634144374,0.010000000000000037,True,False,True,False,True,2,,4,True,"[{""start"": [0.5, 0.1], ""theta"": [0.961298005203364, 0.010000000000000009], ""objective"": 23.41000823940386, ""success"": true, ""message"": ""`ftol` termination condition is satisfied."", ""evaluations"": 29, ""inference_unavailable_reasons"": [""parameter_on_boundary""]}, {""start"": [0.75, 0.4], ""theta"": [0.9612976739665982, 0.010000000000000064], ""objective"": 23.41000824894051, ""success"": true, ""message"": ""`ftol` termination condition is satisfied."", ""evaluations"": 24, ""inference_unavailable_reasons"": [""parameter_on_boundary""]}, {""start"": [0.95, 0.7], ""theta"": [0.9612978443361421, 0.01000000000000012], ""objective"": 23.41000824384006, ""success"": true, ""message"": ""`ftol` termination condition is satisfied."", ""evaluations"": 36, ""inference_unavailable_reasons"": [""parameter_on_boundary""]}, {""start"": [0.8762, 0.2397], ""theta"": [0.9612980634144374, 0.010000000000000037], ""objective"": 23.41000823788402, ""success"": true, ""message"": ""`ftol` termination condition is satisfied."", ""evaluations"": 28, ""inference_unavailable_reasons"": [""parameter_on_boundary""]}]",7ade13f109760871a35e0bac34095611d2c692fab23514451ee64f945e1528a3
38,baseline_fitted,38,17993124345391628923,0.98,0.010000000000000009,boundary,False,,10.472247984160564,0.9799999999999999,0.01614484057444547,True,False,True,True,False,2,,4,True,"[{""start"": [0.5, 0.1], ""theta"": [0.9799999999999999, 0.01614484057444547], ""objective"": 10.472247984160564, ""success"": true, ""message"": ""`gtol` termination condition is satisfied."", ""evaluations"": 14, ""inference_unavailable_reasons"": [""parameter_on_boundary""]}, {""start"": [0.75, 0.4], ""theta"": [0.98, 0.0161448405802066], ""objective"": 10.47224798416476, ""success"": true, ""message"": ""`gtol` termination condition is satisfied."", ""evaluations"": 12, ""inference_unavailable_reasons"": [""parameter_on_boundary""]}, {""start"": [0.95, 0.7], ""theta"": [0.98, 0.016144840578234843], ""objective"": 10.472247984162404, ""success"": true, ""message"": ""`ftol` termination condition is satisfied."", ""evaluations"": 18, ""inference_unavailable_reasons"": [""parameter_on_boundary""]}, {""start"": [0.8762, 0.2397], ""theta"": [0.98, 0.0161448405669177], ""objective"": 10.472247984163648, ""success"": true, ""message"": ""`ftol` termination condition is satisfied."", ""evaluations"": 11, ""inference_unavailable_reasons"": [""parameter_on_boundary""]}]",b9916d74ce0b76b44605aa0836e6dbe5d7eee786b9b207070610c2991b70028b
39,baseline_fitted,39,10765336944478964750,0.98,0.010000000000000009,boundary,False,,51.07491216031356,0.98,0.010000000000000009,True,False,True,True,True,2,,4,True,"[{""start"": [0.5, 0.1], ""theta"": [0.98, 0.010000000000000009], ""objective"": 51.07491216031356, ""success"": true, ""message"": ""`gtol` termination condition is satisfied."", ""evaluations"": 12, ""inference_unavailable_reasons"": [""parameter_on_boundary""]}, {""start"": [0.75, 0.4], ""theta"": [0.979999999999468, 0.010000000000000064], ""objective"": 51.07491216066491, ""success"": true, ""message"": ""`gtol` termination condition is satisfied."", ""evaluations"": 12, ""inference_unavailable_reasons"": [""parameter_on_boundary""]}, {""start"": [0.95, 0.7], ""theta"": [0.9799999999962216, 0.01000000000000012], ""objective"": 51.0749121617222, ""success"": true, ""message"": ""`gtol` termination condition is satisfied."", ""evaluations"": 17, ""inference_unavailable_reasons"": [""parameter_on_boundary""]}, {""start"": [0.8762, 0.2397], ""theta"": [0.98, 0.010000000000000037], ""objective"": 51.07491216031356, ""success"": true, ""message"": ""`gtol` termination condition is satisfied."", ""evaluations"": 12, ""inference_unavailable_reasons"": [""parameter_on_boundary""]}]",f73cfc6842e0be9dcbfc1f298f5e1e685e907a6550fc12b6af813f7d27c54b13
40,baseline_fitted,40,11349419852803566087,0.98,0.010000000000000009,regular,False,,5.8357520472302165,0.9643930469432488,0.035622509396982666,True,True,False,False,False,2,0.5590535172673318,4,True,"[{""start"": [0.5, 0.1], ""theta"": [0.9643928919183156, 0.035622684788740006], ""objective"": 5.835752047332353, ""success"": true, ""message"": ""`ftol` termination condition is satisfied."", ""evaluations"": 16, ""inference_unavailable_reasons"": []}, {""start"": [0.75, 0.4], ""theta"": [0.9643928868789315, 0.035622690482328134], ""objective"": 5.835752047339774, ""success"": true, ""message"": ""`ftol` termination condition is satisfied."", ""evaluations"": 14, ""inference_unavailable_reasons"": []}, {""start"": [0.95, 0.7], ""theta"": [0.9643929132506774, 0.03562266065268893], ""objective"": 5.835752047314305, ""success"": true, ""message"": ""`ftol` termination condition is satisfied."", ""evaluations"": 20, ""inference_unavailable_reasons"": []}, {""start"": [0.8762, 0.2397], ""theta"": [0.9643930469432488, 0.035622509396982666], ""objective"": 5.8357520472302165, ""success"": true, ""message"": ""`ftol` termination condition is satisfied."", ""evaluations"": 14, ""inference_unavailable_reasons"": []}]",b7d85e444a21d22c9ce1492a937161bb4e8b329a1034b8589b110e126e5eaa56
41,baseline_fitted,41,2786159572759542326,0.98,0.010000000000000009,regular,False,,7.266654760917859,0.9391176928323123,0.08706430097051471,True,True,False,False,False,2,0.4016539905989174,4,True,"[{""start"": [0.5, 0.1], ""theta"": [0.9391173398154404, 0.0870647462829269], ""objective"": 7.266654761030762, ""success"": true, ""message"": ""`ftol` termination condition is satisfied."", ""evaluations"": 11, ""inference_unavailable_reasons"": []}, {""start"": [0.75, 0.4], ""theta"": [0.9391174237337093, 0.08706464042386985], ""objective"": 7.266654760991777, ""success"": true, ""message"": ""`ftol` termination condition is satisfied."", ""evaluations"": 10, ""inference_unavailable_reasons"": []}, {""start"": [0.95, 0.7], ""theta"": [0.9391173667839574, 0.08706471225029166], ""objective"": 7.266654761019565, ""success"": true, ""message"": ""`ftol` termination condition is satisfied."", ""evaluations"": 16, ""inference_unavailable_reasons"": []}, {""start"": [0.8762, 0.2397], ""theta"": [0.9391176928323123, 0.08706430097051471], ""objective"": 7.266654760917859, ""success"": true, ""message"": ""`ftol` termination condition is satisfied."", ""evaluations"": 10, ""inference_unavailable_reasons"": []}]",1dca78e81b9429f7b520d7c3fbba8881d60d223d3d8b079ce369e81bea9caba0
42,baseline_fitted,42,17305917613746635209,0.98,0.010000000000000009,regular,False,,11.252683460772392,0.9147178438649126,0.06481321340823742,True,True,False,False,False,2,0.1279705700677818,4,True,"[{""start"": [0.5, 0.1], ""theta"": [0.9147175883242378, 0.0648135147009995], ""objective"": 11.25268346098053, ""success"": true, ""message"": ""`ftol` termination condition is satisfied."", ""evaluations"": 13, ""inference_unavailable_reasons"": []}, {""start"": [0.75, 0.4], ""theta"": [0.9147178438649126, 0.06481321340823742], ""objective"": 11.252683460772392, ""success"": true, ""message"": ""`ftol` termination condition is satisfied."", ""evaluations"": 12, ""inference_unavailable_reasons"": []}, {""start"": [0.95, 0.7], ""theta"": [0.9147177307730052, 0.06481334673980288], ""objective"": 11.252683460847487, ""success"": true, ""message"": ""`ftol` termination condition is satisfied."", ""evaluations"": 18, ""inference_unavailable_reasons"": []}, {""start"": [0.8762, 0.2397], ""theta"": [0.9147174271118494, 0.06481370474247924], ""objective"": 11.2526834612004, ""success"": true, ""message"": ""`ftol` termination condition is satisfied."", ""evaluations"": 11, ""inference_unavailable_reasons"": []}]",4927fd7cc9ebd5d4646543742c8e766b84a141ea3b2ef61a878609f808e7d2f1
43,baseline_fitted,43,3351309181105410829,0.98,0.010000000000000009,boundary,False,,4.5681526323035335,0.9691510934803413,0.010000000000000009,True,False,True,False,True,2,,4,True,"[{""start"": [0.5, 0.1], ""theta"": [0.9691510934803413, 0.010000000000000009], ""objective"": 4.5681526323035335, ""success"": true, ""message"": ""`ftol` termination condition is satisfied."", ""evaluations"": 20, ""inference_unavailable_reasons"": [""parameter_on_boundary""]}, {""start"": [0.75, 0.4], ""theta"": [0.9691511404055051, 0.010000000000000064], ""objective"": 4.5681526325696735, ""success"": true, ""message"": ""`ftol` termination condition is satisfied."", ""evaluations"": 18, ""inference_unavailable_reasons"": [""parameter_on_boundary""]}, {""start"": [0.95, 0.7], ""theta"": [0.9691498021628565, 0.01000000000000012], ""objective"": 4.56815263341819, ""success"": true, ""message"": ""`ftol` termination condition is satisfied."", ""evaluations"": 26, ""inference_unavailable_reasons"": [""parameter_on_boundary""]}, {""start"": [0.8762, 0.2397], ""theta"": [0.9691498352979435, 0.010000000000000064], ""objective"": 4.568152633185442, ""success"": true, ""message"": ""`ftol` termination condition is satisfied."", ""evaluations"": 21, ""inference_unavailable_reasons"": [""parameter_on_boundary""]}]",a2c286f481095e0e30bedbbd97e78aedd99cf52074ddc4c6979bc78848a85621
44,baseline_fitted,44,470787904086192892,0.98,0.010000000000000009,boundary,False,,2.9238357087244573,0.98,0.018538581038900867,True,False,True,True,False,2,,4,True,"[{""start"": [0.5, 0.1], ""theta"": [0.98, 0.018538581038900867], ""objective"": 2.9238357087244573, ""success"": true, ""message"": ""Both `ftol` and `xtol` termination conditions are satisfied."", ""evaluations"": 13, ""inference_unavailable_reasons"": [""parameter_on_boundary""]}, {""start"": [0.75, 0.4], ""theta"": [0.9799999999999978, 0.018538581064213244], ""objective"": 2.923835708728344, ""success"": true, ""message"": ""`ftol` termination condition is satisfied."", ""evaluations"": 11, ""inference_unavailable_reasons"": [""parameter_on_boundary""]}, {""start"": [0.95, 0.7], ""theta"": [0.98, 0.018538581066984916], ""objective"": 2.923835708724692, ""success"": true, ""message"": ""`xtol` termination condition is satisfied."", ""evaluations"": 18, ""inference_unavailable_reasons"": [""parameter_on_boundary""]}, {""start"": [0.8762, 0.2397], ""theta"": [0.98, 0.01853858104055922], ""objective"": 2.923835708724604, ""success"": true, ""message"": ""`gtol` termination condition is satisfied."", ""evaluations"": 11, ""inference_unavailable_reasons"": [""parameter_on_boundary""]}]",f8a511d6236485eb58b2486383a143b3965d9213d91c67f97f86b7c638088d39
45,baseline_fitted,45,17625118052322423600,0.98,0.010000000000000009,boundary,False,,18.96884534743637,0.98,0.010000000000000037,True,False,True,True,True,2,,4,True,"[{""start"": [0.5, 0.1], ""theta"": [0.9799999999989896, 0.010000000000000009], ""objective"": 18.968845347491154, ""success"": true, ""message"": ""`gtol` termination condition is satisfied."", ""evaluations"": 12, ""inference_unavailable_reasons"": [""parameter_on_boundary""]}, {""start"": [0.75, 0.4], ""theta"": [0.9799999999999579, 0.010000000000000064], ""objective"": 18.968845347462636, ""success"": true, ""message"": ""`gtol` termination condition is satisfied."", ""evaluations"": 11, ""inference_unavailable_reasons"": [""parameter_on_boundary""]}, {""start"": [0.95, 0.7], ""theta"": [0.9799999999926903, 0.01000000000000012], ""objective"": 18.968845347876773, ""success"": true, ""message"": ""`gtol` termination condition is satisfied."", ""evaluations"": 16, ""inference_unavailable_reasons"": [""parameter_on_boundary""]}, {""start"": [0.8762, 0.2397], ""theta"": [0.98, 0.010000000000000037], ""objective"": 18.96884534743637, ""success"": true, ""message"": ""`gtol` termination condition is satisfied."", ""evaluations"": 11, ""inference_unavailable_reasons"": [""parameter_on_boundary""]}]",0e856ccc44807a27c1cbf396b5f8579b9a604339ecadc045897bff225200bce3
46,baseline_fitted,46,7738494271599312223,0.98,0.010000000000000009,boundary,False,,58.86738767627627,0.9681797640598933,0.010000000000000064,True,False,True,False,True,2,,4,True,"[{""start"": [0.5, 0.1], ""theta"": [0.968179812889016, 0.010000000000000023], ""objective"": 58.86738767638028, ""success"": true, ""message"": ""`ftol` termination condition is satisfied."", ""evaluations"": 13, ""inference_unavailable_reasons"": [""parameter_on_boundary""]}, {""start"": [0.75, 0.4], ""theta"": [0.9681797640598933, 0.010000000000000064], ""objective"": 58.86738767627627, ""success"": true, ""message"": ""`ftol` termination condition is satisfied."", ""evaluations"": 12, ""inference_unavailable_reasons"": [""parameter_on_boundary""]}, {""start"": [0.95, 0.7], ""theta"": [0.9681798358073467, 0.01000000000000012], ""objective"": 58.86738767638312, ""success"": true, ""message"": ""`ftol` termination condition is satisfied."", ""evaluations"": 17, ""inference_unavailable_reasons"": [""parameter_on_boundary""]}, {""start"": [0.8762, 0.2397], ""theta"": [0.9681797881603437, 0.010000000000000064], ""objective"": 58.86738767635597, ""success"": true, ""message"": ""`ftol` termination condition is satisfied."", ""evaluations"": 12, ""inference_unavailable_reasons"": [""parameter_on_boundary""]}]",082939860921d1e4550fc4379cdd81b2d73565b5b5f618efe98a64c47b58fbd3
47,baseline_fitted,47,4779432619003447849,0.98,0.010000000000000009,boundary,False,,6.3058587592077595,0.98,0.010000000000000064,True,False,True,True,True,2,,4,True,"[{""start"": [0.5, 0.1], ""theta"": [0.9799999999999995, 0.010000000000000009], ""objective"": 6.305858759219034, ""success"": true, ""message"": ""`gtol` termination condition is satisfied."", ""evaluations"": 12, ""inference_unavailable_reasons"": [""parameter_on_boundary""]}, {""start"": [0.75, 0.4], ""theta"": [0.98, 0.010000000000000064], ""objective"": 6.3058587592077595, ""success"": true, ""message"": ""`gtol` termination condition is satisfied."", ""evaluations"": 11, ""inference_unavailable_reasons"": [""parameter_on_boundary""]}, {""start"": [0.95, 0.7], ""theta"": [0.9799999999999981, 0.01000000000000012], ""objective"": 6.305858759219336, ""success"": true, ""message"": ""`gtol` termination condition is satisfied."", ""evaluations"": 17, ""inference_unavailable_reasons"": [""parameter_on_boundary""]}, {""start"": [0.8762, 0.2397], ""theta"": [0.9799999999999959, 0.010000000000000064], ""objective"": 6.3058587592319535, ""success"": true, ""message"": ""`gtol` termination condition is satisfied."", ""evaluations"": 10, ""inference_unavailable_reasons"": [""parameter_on_boundary""]}]",5478f1e35066944ca0a36186832f6dcb1491e26135f2021e0408e1810e318031
48,baseline_fitted,48,2190543526511229567,0.98,0.010000000000000009,boundary,False,,26.10614354666,0.9799999999999999,0.01000000000000012,True,False,True,True,True,2,,4,True,"[{""start"": [0.5, 0.1], ""theta"": [0.98, 0.010000000000000009], ""objective"": 26.106143546684475, ""success"": true, ""message"": ""`gtol` termination condition is satisfied."", ""evaluations"": 10, ""inference_unavailable_reasons"": [""parameter_on_boundary""]}, {""start"": [0.75, 0.4], ""theta"": [0.9799999999964224, 0.010000000000117637], ""objective"": 26.106143548133574, ""success"": true, ""message"": ""`gtol` termination condition is satisfied."", ""evaluations"": 9, ""inference_unavailable_reasons"": [""parameter_on_boundary""]}, {""start"": [0.95, 0.7], ""theta"": [0.9799999999999999, 0.01000000000000012], ""objective"": 26.10614354666, ""success"": true, ""message"": ""`gtol` termination condition is satisfied."", ""evaluations"": 15, ""inference_unavailable_reasons"": [""parameter_on_boundary""]}, {""start"": [0.8762, 0.2397], ""theta"": [0.98, 0.010000000000000037], ""objective"": 26.106143546684475, ""success"": true, ""message"": ""`gtol` termination condition is satisfied."", ""evaluations"": 10, ""inference_unavailable_reasons"": [""parameter_on_boundary""]}]",df0ae453fc02de00a9920ee532a708c984895da42c49abcc7bda310c5ea61c63
49,baseline_fitted,49,8767899248482673763,0.98,0.010000000000000009,boundary,False,,5.557773483272301,0.98,0.012746432608790326,True,False,True,True,False,2,,4,True,"[{""start"": [0.5, 0.1], ""theta"": [0.98, 0.012746432615890743], ""objective"": 5.557773483272337, ""success"": true, ""message"": ""`gtol` termination condition is satisfied."", ""evaluations"": 15, ""inference_unavailable_reasons"": [""parameter_on_boundary""]}, {""start"": [0.75, 0.4], ""theta"": [0.98, 0.012746432608790326], ""objective"": 5.557773483272301, ""success"": true, ""message"": ""`gtol` termination condition is satisfied."", ""evaluations"": 12, ""inference_unavailable_reasons"": [""parameter_on_boundary""]}, {""start"": [0.95, 0.7], ""theta"": [0.98, 0.01274643261549524], ""objective"": 5.557773483272591, ""success"": true, ""message"": ""`gtol` termination condition is satisfied."", ""evaluations"": 19, ""inference_unavailable_reasons"": [""parameter_on_boundary""]}, {""start"": [0.8762, 0.2397], ""theta"": [0.98, 0.012746432617571163], ""objective"": 5.557773483272892, ""success"": true, ""message"": ""`gtol` termination condition is satisfied."", ""evaluations"": 12, ""inference_unavailable_reasons"": [""parameter_on_boundary""]}]",ff4ea73855e71df13a90f63e55734f18d7066d40469e73c7481a9ee158066891
50,baseline_fitted,50,1628652215965305011,0.98,0.010000000000000009,boundary,False,,28.964047245155278,0.9476936496262431,0.01000000000000012,True,False,True,False,True,2,,4,True,"[{""start"": [0.5, 0.1], ""theta"": [0.9476934274951628, 0.010000000000000009], ""objective"": 28.964047246835587, ""success"": true, ""message"": ""`ftol` termination condition is satisfied."", ""evaluations"": 15, ""inference_unavailable_reasons"": [""parameter_on_boundary""]}, {""start"": [0.75, 0.4], ""theta"": [0.9476952433275585, 0.010000000000000064], ""objective"": 28.96404724628392, ""success"": true, ""message"": ""`ftol` termination condition is satisfied."", ""evaluations"": 22, ""inference_unavailable_reasons"": [""parameter_on_boundary""]}, {""start"": [0.95, 0.7], ""theta"": [0.9476936496262431, 0.01000000000000012], ""objective"": 28.964047245155278, ""success"": true, ""message"": ""`ftol` termination condition is satisfied."", ""evaluations"": 31, ""inference_unavailable_reasons"": [""parameter_on_boundary""]}, {""start"": [0.8762, 0.2397], ""theta"": [0.9476935195447609, 0.010000000000000037], ""objective"": 28.964047246103945, ""success"": true, ""message"": ""`ftol` termination condition is satisfied."", ""evaluations"": 25, ""inference_unavailable_reasons"": [""parameter_on_boundary""]}]",38a5fddf558713740b4f0f3d6ad5925148e56b2b5440e7d33870e8b3c69a8b1f
51,baseline_fitted,51,10175016637328143679,0.98,0.010000000000000009,boundary,False,,3.4646148013896774,0.98,0.010000000000002285,True,False,True,True,True,2,,4,True,"[{""start"": [0.5, 0.1], ""theta"": [0.9799999999999999, 0.010000000002080942], ""objective"": 3.464614801404351, ""success"": true, ""message"": ""`gtol` termination condition is satisfied."", ""evaluations"": 15, ""inference_unavailable_reasons"": [""parameter_on_boundary""]}, {""start"": [0.75, 0.4], ""theta"": [0.98, 0.010000000000002285], ""objective"": 3.4646148013896774, ""success"": true, ""message"": ""`gtol` termination condition is satisfied."", ""evaluations"": 13, ""inference_unavailable_reasons"": [""parameter_on_boundary""]}, {""start"": [0.95, 0.7], ""theta"": [0.98, 0.010000000078268179], ""objective"": 3.4646148021124032, ""success"": true, ""message"": ""`gtol` termination condition is satisfied."", ""evaluations"": 18, ""inference_unavailable_reasons"": [""parameter_on_boundary""]}, {""start"": [0.8762, 0.2397], ""theta"": [0.98, 0.010000000067294235], ""objective"": 3.4646148020111696, ""success"": true, ""message"": ""`gtol` termination condition is satisfied."", ""evaluations"": 11, ""inference_unavailable_reasons"": [""parameter_on_boundary""]}]",d078b44a3200ef6c66a8bb91ba0c24f9a54e7cadcd14e0b5fee9d4e14e52a478
52,baseline_fitted,52,9328961452981065532,0.98,0.010000000000000009,boundary,False,,5.837138030963041,0.975331734762265,0.010000000000000064,True,False,True,False,True,2,,4,True,"[{""start"": [0.5, 0.1], ""theta"": [0.9753318949205323, 0.010000000000000009], ""objective"": 5.837138031990866, ""success"": true, ""message"": ""`ftol` termination condition is satisfied."", ""evaluations"": 16, ""inference_unavailable_reasons"": [""parameter_on_boundary""]}, {""start"": [0.75, 0.4], ""theta"": [0.9753317502689819, 0.010000000000000064], ""objective"": 5.837138031048038, ""success"": true, ""message"": ""`ftol` termination condition is satisfied."", ""evaluations"": 17, ""inference_unavailable_reasons"": [""parameter_on_boundary""]}, {""start"": [0.95, 0.7], ""theta"": [0.9753307887816831, 0.01000000000000012], ""objective"": 5.83713803231721, ""success"": true, ""message"": ""`ftol` termination condition is satisfied."", ""evaluations"": 23, ""inference_unavailable_reasons"": [""parameter_on_boundary""]}, {""start"": [0.8762, 0.2397], ""theta"": [0.975331734762265, 0.010000000000000064], ""objective"": 5.837138030963041, ""success"": true, ""message"": ""`ftol` termination condition is satisfied."", ""evaluations"": 17, ""inference_unavailable_reasons"": [""parameter_on_boundary""]}]",7835bf514730f2039ba6d17ad8b235ad5edc6d885496313e87717a88686236f5
53,baseline_fitted,53,6041870923974517403,0.98,0.010000000000000009,boundary,False,,28.03158379679192,0.9794808634618624,0.01000000000000012,True,False,True,False,True,2,,4,True,"[{""start"": [0.5, 0.1], ""theta"": [0.979480425349616, 0.010000000231522102], ""objective"": 28.031583912150673, ""success"": true, ""message"": ""`ftol` termination condition is satisfied."", ""evaluations"": 18, ""inference_unavailable_reasons"": [""parameter_on_boundary""]}, {""start"": [0.75, 0.4], ""theta"": [0.9794790860850253, 0.010000000279082488], ""objective"": 28.03158404763157, ""success"": true, ""message"": ""`ftol` termination condition is satisfied."", ""evaluations"": 17, ""inference_unavailable_reasons"": [""parameter_on_boundary""]}, {""start"": [0.95, 0.7], ""theta"": [0.9794808634618624, 0.01000000000000012], ""objective"": 28.03158379679192, ""success"": true, ""message"": ""`ftol` termination condition is satisfied."", ""evaluations"": 24, ""inference_unavailable_reasons"": [""parameter_on_boundary""]}, {""start"": [0.8762, 0.2397], ""theta"": [0.9794807990868473, 0.01000000000029766], ""objective"": 28.03158379723945, ""success"": true, ""message"": ""`ftol` termination condition is satisfied."", ""evaluations"": 26, ""inference_unavailable_reasons"": [""parameter_on_boundary""]}]",ac290d77d822bd6200b004b0e2eb1d5767097e6fd2703b39a6ea9e0536ccbab8
54,baseline_fitted,54,4550328977637307197,0.98,0.010000000000000009,boundary,False,,19.78821436808112,0.9589143016854116,0.010000000000000037,True,False,True,False,True,2,,4,True,"[{""start"": [0.5, 0.1], ""theta"": [0.9589116691546974, 0.010000000000000009], ""objective"": 19.788214370524383, ""success"": true, ""message"": ""`ftol` termination condition is satisfied."", ""evaluations"": 22, ""inference_unavailable_reasons"": [""parameter_on_boundary""]}, {""start"": [0.75, 0.4], ""theta"": [0.958914693280374, 0.010000000000000064], ""objective"": 19.788214376091602, ""success"": true, ""message"": ""`ftol` termination condition is satisfied."", ""evaluations"": 16, ""inference_unavailable_reasons"": [""parameter_on_boundary""]}, {""start"": [0.95, 0.7], ""theta"": [0.9589115221453172, 0.01000000000000012], ""objective"": 19.78821437355156, ""success"": true, ""message"": ""`ftol` termination condition is satisfied."", ""evaluations"": 22, ""inference_unavailable_reasons"": [""parameter_on_boundary""]}, {""start"": [0.8762, 0.2397], ""theta"": [0.9589143016854116, 0.010000000000000037], ""objective"": 19.78821436808112, ""success"": true, ""message"": ""`ftol` termination condition is satisfied."", ""evaluations"": 16, ""inference_unavailable_reasons"": [""parameter_on_boundary""]}]",5ad5d9d0163584a1a30a521ba477772ea54175a315396068484eb1fce9715e35
55,baseline_fitted,55,9002160490996322283,0.98,0.010000000000000009,boundary,False,,27.88335390590548,0.98,0.01000000000000012,True,False,True,True,True,2,,4,True,"[{""start"": [0.5, 0.1], ""theta"": [0.9799999999999893, 0.010000000000000009], ""objective"": 27.88335390593931, ""success"": true, ""message"": ""`gtol` termination condition is satisfied."", ""evaluations"": 10, ""inference_unavailable_reasons"": [""parameter_on_boundary""]}, {""start"": [0.75, 0.4], ""theta"": [0.98, 0.01000000000000012], ""objective"": 27.88335390590548, ""success"": true, ""message"": ""`gtol` termination condition is satisfied."", ""evaluations"": 10, ""inference_unavailable_reasons"": [""parameter_on_boundary""]}, {""start"": [0.95, 0.7], ""theta"": [0.9799999999996855, 0.01000000000000012], ""objective"": 27.88335390611885, ""success"": true, ""message"": ""`gtol` termination condition is satisfied."", ""evaluations"": 15, ""inference_unavailable_reasons"": [""parameter_on_boundary""]}, {""start"": [0.8762, 0.2397], ""theta"": [0.9799999999850988, 0.01000000000000123], ""objective"": 27.883353907878757, ""success"": true, ""message"": ""`gtol` termination condition is satisfied."", ""evaluations"": 9, ""inference_unavailable_reasons"": [""parameter_on_boundary""]}]",f7354523f41f9fd88af7a55631c38041abffd6d02fdae8f9b9a4fa7f308284e1
56,baseline_fitted,56,9580475781957021769,0.98,0.010000000000000009,boundary,False,,24.514222784125685,0.9799999999999998,0.010000000000000037,True,False,True,True,True,2,,4,True,"[{""start"": [0.5, 0.1], ""theta"": [0.98, 0.010000000000000009], ""objective"": 24.51422278416822, ""success"": true, ""message"": ""`gtol` termination condition is satisfied."", ""evaluations"": 11, ""inference_unavailable_reasons"": [""parameter_on_boundary""]}, {""start"": [0.75, 0.4], ""theta"": [0.979999999997069, 0.010000000000078613], ""objective"": 24.514222785828572, ""success"": true, ""message"": ""`gtol` termination condition is satisfied."", ""evaluations"": 9, ""inference_unavailable_reasons"": [""parameter_on_boundary""]}, {""start"": [0.95, 0.7], ""theta"": [0.9799999999999972, 0.01000000000000012], ""objective"": 24.51422278420509, ""success"": true, ""message"": ""`gtol` termination condition is satisfied."", ""evaluations"": 15, ""inference_unavailable_reasons"": [""parameter_on_boundary""]}, {""start"": [0.8762, 0.2397], ""theta"": [0.9799999999999998, 0.010000000000000037], ""objective"": 24.514222784125685, ""success"": true, ""message"": ""`gtol` termination condition is satisfied."", ""evaluations"": 9, ""inference_unavailable_reasons"": [""parameter_on_boundary""]}]",c6c782f5d111d8cf066a2da765ea64cc004c72693adef0c8889563e671d1522e
57,baseline_fitted,57,6778148626716037854,0.98,0.010000000000000009,boundary,False,,45.5505440578856,0.9776023295787029,0.01000000000000012,True,False,True,False,True,2,,4,True,"[{""start"": [0.5, 0.1], ""theta"": [0.9776044711293681, 0.010000000000000023], ""objective"": 45.55054406729546, ""success"": true, ""message"": ""`ftol` termination condition is satisfied."", ""evaluations"": 19, ""inference_unavailable_reasons"": [""parameter_on_boundary""]}, {""start"": [0.75, 0.4], ""theta"": [0.977601920180693, 0.010000000000000064], ""objective"": 45.55054406759285, ""success"": true, ""message"": ""`ftol` termination condition is satisfied."", ""evaluations"": 17, ""inference_unavailable_reasons"": [""parameter_on_boundary""]}, {""start"": [0.95, 0.7], ""theta"": [0.9776023295787029, 0.01000000000000012], ""objective"": 45.5505440578856, ""success"": true, ""message"": ""`ftol` termination condition is satisfied."", ""evaluations"": 24, ""inference_unavailable_reasons"": [""parameter_on_boundary""]}, {""start"": [0.8762, 0.2397], ""theta"": [0.9776045753107043, 0.010000000000000037], ""objective"": 45.550544070320306, ""success"": true, ""message"": ""`ftol` termination condition is satisfied."", ""evaluations"": 16, ""inference_unavailable_reasons"": [""parameter_on_boundary""]}]",253df0cc31ca166943721a95e25432fe89230ce426718016b5a3d04dbd3597a1
58,baseline_fitted,58,510309845987390191,0.98,0.010000000000000009,boundary,False,,5.467807820692881,0.98,0.010000000000000064,True,False,True,True,True,2,,4,True,"[{""start"": [0.5, 0.1], ""theta"": [0.9799999999997668, 0.010000000000000009], ""objective"": 5.467807820706371, ""success"": true, ""message"": ""`gtol` termination condition is satisfied."", ""evaluations"": 13, ""inference_unavailable_reasons"": [""parameter_on_boundary""]}, {""start"": [0.75, 0.4], ""theta"": [0.9799999999976055, 0.010000000000000064], ""objective"": 5.467807820802367, ""success"": true, ""message"": ""`gtol` termination condition is satisfied."", ""evaluations"": 12, ""inference_unavailable_reasons"": [""parameter_on_boundary""]}, {""start"": [0.95, 0.7], ""theta"": [0.9799999999974043, 0.01000000000000012], ""objective"": 5.467807820807405, ""success"": true, ""message"": ""`gtol` termination condition is satisfied."", ""evaluations"": 18, ""inference_unavailable_reasons"": [""parameter_on_boundary""]}, {""start"": [0.8762, 0.2397], ""theta"": [0.98, 0.010000000000000064], ""objective"": 5.467807820692881, ""success"": true, ""message"": ""`gtol` termination condition is satisfied."", ""evaluations"": 12, ""inference_unavailable_reasons"": [""parameter_on_boundary""]}]",103d545ff0762f059e45759f5aa558f0428893b1dd4ef34be2b86dc30b922cad
59,baseline_fitted,59,9527571305729500717,0.98,0.010000000000000009,boundary,False,,9.594983622162912,0.9790298615560684,0.010000000000137593,True,False,True,False,True,2,,4,True,"[{""start"": [0.5, 0.1], ""theta"": [0.9790298615560684, 0.010000000000137593], ""objective"": 9.594983622162912, ""success"": true, ""message"": ""`ftol` termination condition is satisfied."", ""evaluations"": 25, ""inference_unavailable_reasons"": [""parameter_on_boundary""]}, {""start"": [0.75, 0.4], ""theta"": [0.9790293397206782, 0.010000000037541312], ""objective"": 9.594983624964199, ""success"": true, ""message"": ""`ftol` termination condition is satisfied."", ""evaluations"": 20, ""inference_unavailable_reasons"": [""parameter_on_boundary""]}, {""start"": [0.95, 0.7], ""theta"": [0.979030011105904, 0.010000000000000231], ""objective"": 9.594983623155908, ""success"": true, ""message"": ""`ftol` termination condition is satisfied."", ""evaluations"": 31, ""inference_unavailable_reasons"": [""parameter_on_boundary""]}, {""start"": [0.8762, 0.2397], ""theta"": [0.9790299389550315, 0.010000000000000203], ""objective"": 9.594983622631979, ""success"": true, ""message"": ""`ftol` termination condition is satisfied."", ""evaluations"": 23, ""inference_unavailable_reasons"": [""parameter_on_boundary""]}]",e2cd98ec25bf7b24e99587d61d79aa12e83963ca8200d3a325ed946ee5b4b597
60,baseline_fitted,60,279475835715637004,0.98,0.010000000000000009,regular,False,,20.169599083179268,0.977582628945637,0.024892952902681065,True,True,False,False,False,2,0.005214769647452425,4,True,"[{""start"": [0.5, 0.1], ""theta"": [0.9775794237950693, 0.024896753601264462], ""objective"": 20.169599213875287, ""success"": true, ""message"": ""`ftol` termination condition is satisfied."", ""evaluations"": 24, ""inference_unavailable_reasons"": [""nonstationary_solution""]}, {""start"": [0.75, 0.4], ""theta"": [0.9775784676735616, 0.02489789137645554], ""objective"": 20.169599285343793, ""success"": true, ""message"": ""`ftol` termination condition is satisfied."", ""evaluations"": 17, ""inference_unavailable_reasons"": [""nonstationary_solution""]}, {""start"": [0.95, 0.7], ""theta"": [0.977581811232664, 0.024893848344434644], ""objective"": 20.16959910049441, ""success"": true, ""message"": ""`ftol` termination condition is satisfied."", ""evaluations"": 23, ""inference_unavailable_reasons"": [""nonstationary_solution""]}, {""start"": [0.8762, 0.2397], ""theta"": [0.977582628945637, 0.024892952902681065], ""objective"": 20.169599083179268, ""success"": true, ""message"": ""`ftol` termination condition is satisfied."", ""evaluations"": 27, ""inference_unavailable_reasons"": []}]",85f231aa84f9f80116ba47457f7446304c6e5c3ca76743d5af8c2097533d1e62
61,baseline_fitted,61,5237791486504998499,0.98,0.010000000000000009,boundary,False,,127.46099586497174,0.9773235991644048,0.01000000000000012,True,False,True,False,True,2,,4,True,"[{""start"": [0.5, 0.1], ""theta"": [0.977323394517243, 0.010000000005836063], ""objective"": 127.46099587149503, ""success"": true, ""message"": ""`ftol` termination condition is satisfied."", ""evaluations"": 14, ""inference_unavailable_reasons"": [""parameter_on_boundary""]}, {""start"": [0.75, 0.4], ""theta"": [0.9773233147032386, 0.010000000006247178], ""objective"": 127.46099587322009, ""success"": true, ""message"": ""`ftol` termination condition is satisfied."", ""evaluations"": 20, ""inference_unavailable_reasons"": [""parameter_on_boundary""]}, {""start"": [0.95, 0.7], ""theta"": [0.9773235991644048, 0.01000000000000012], ""objective"": 127.46099586497174, ""success"": true, ""message"": ""`ftol` termination condition is satisfied."", ""evaluations"": 25, ""inference_unavailable_reasons"": [""parameter_on_boundary""]}, {""start"": [0.8762, 0.2397], ""theta"": [0.9773236304387583, 0.010000000000276649], ""objective"": 127.4609958654346, ""success"": true, ""message"": ""`ftol` termination condition is satisfied."", ""evaluations"": 20, ""inference_unavailable_reasons"": [""parameter_on_boundary""]}]",8483832592b6a828d045abdd833b49d2fd49f9ca335dcb28fd67b169ca427cc0
62,baseline_fitted,62,13941799514495959885,0.98,0.010000000000000009,boundary,False,,37.63321688591806,0.98,0.01718918928385571,True,False,True,True,False,2,,4,True,"[{""start"": [0.5, 0.1], ""theta"": [0.98, 0.017189189290606158], ""objective"": 37.633216885918586, ""success"": true, ""message"": ""`gtol` termination condition is satisfied."", ""evaluations"": 13, ""inference_unavailable_reasons"": [""parameter_on_boundary""]}, {""start"": [0.75, 0.4], ""theta"": [0.98, 0.017189189371603297], ""objective"": 37.63321688592016, ""success"": true, ""message"": ""`ftol` termination condition is satisfied."", ""evaluations"": 11, ""inference_unavailable_reasons"": [""parameter_on_boundary""]}, {""start"": [0.95, 0.7], ""theta"": [0.98, 0.017189189291399676], ""objective"": 37.63321688592002, ""success"": true, ""message"": ""`gtol` termination condition is satisfied."", ""evaluations"": 17, ""inference_unavailable_reasons"": [""parameter_on_boundary""]}, {""start"": [0.8762, 0.2397], ""theta"": [0.98, 0.01718918928385571], ""objective"": 37.63321688591806, ""success"": true, ""message"": ""`gtol` termination condition is satisfied."", ""evaluations"": 11, ""inference_unavailable_reasons"": [""parameter_on_boundary""]}]",911a6e332a6e18247ec23bb9d13bac321cb2e105ce8482429018545a502dcf73
63,baseline_fitted,63,13410671340194035730,0.98,0.010000000000000009,regular,False,,21.758485375284607,0.9375795961257722,0.03725423997765434,True,True,False,False,False,2,0.0027956707559711924,4,True,"[{""start"": [0.5, 0.1], ""theta"": [0.9375795961257722, 0.03725423997765434], ""objective"": 21.758485375284607, ""success"": true, ""message"": ""`ftol` termination condition is satisfied."", ""evaluations"": 12, ""inference_unavailable_reasons"": []}, {""start"": [0.75, 0.4], ""theta"": [0.9375799127987675, 0.03725465634386432], ""objective"": 21.758485375369933, ""success"": true, ""message"": ""`ftol` termination condition is satisfied."", ""evaluations"": 11, ""inference_unavailable_reasons"": []}, {""start"": [0.95, 0.7], ""theta"": [0.9375791929951536, 0.037253718970882255], ""objective"": 21.758485375772217, ""success"": true, ""message"": ""`ftol` termination condition is satisfied."", ""evaluations"": 16, ""inference_unavailable_reasons"": []}, {""start"": [0.8762, 0.2397], ""theta"": [0.9375798436357307, 0.03725456558891638], ""objective"": 21.758485375306098, ""success"": true, ""message"": ""`ftol` termination condition is satisfied."", ""evaluations"": 10, ""inference_unavailable_reasons"": []}]",7160e438b62142c0ee0ff788d339eae6f3d83bc65d86499d6037dda77648ba72
64,baseline_fitted,64,143187677122976462,0.98,0.010000000000000009,boundary,False,,7.802941021755916,0.9535209750130881,0.01000000000000012,True,False,True,False,True,2,,4,True,"[{""start"": [0.5, 0.1], ""theta"": [0.953520970557556, 0.010000000000000009], ""objective"": 7.802941021768234, ""success"": true, ""message"": ""`ftol` termination condition is satisfied."", ""evaluations"": 14, ""inference_unavailable_reasons"": [""parameter_on_boundary""]}, {""start"": [0.75, 0.4], ""theta"": [0.9535209750130881, 0.01000000000000012], ""objective"": 7.802941021755916, ""success"": true, ""message"": ""`ftol` termination condition is satisfied."", ""evaluations"": 14, ""inference_unavailable_reasons"": [""parameter_on_boundary""]}, {""start"": [0.95, 0.7], ""theta"": [0.9535214554040213, 0.010000000000000231], ""objective"": 7.802941021823553, ""success"": true, ""message"": ""`ftol` termination condition is satisfied."", ""evaluations"": 18, ""inference_unavailable_reasons"": [""parameter_on_boundary""]}, {""start"": [0.8762, 0.2397], ""theta"": [0.9535209500501854, 0.010000000000000037], ""objective"": 7.8029410217767055, ""success"": true, ""message"": ""`ftol` termination condition is satisfied."", ""evaluations"": 14, ""inference_unavailable_reasons"": [""parameter_on_boundary""]}]",9cb6cb9a19344698434d248ba2220f1008678135ae33d6ff14e36c281a9f5537
65,baseline_fitted,65,7934409495860829066,0.98,0.010000000000000009,boundary,False,,13.30253241874848,0.928618076032029,0.010000000000000148,True,False,True,False,True,2,,4,True,"[{""start"": [0.5, 0.1], ""theta"": [0.928618076032029, 0.010000000000000148], ""objective"": 13.30253241874848, ""success"": true, ""message"": ""`ftol` termination condition is satisfied."", ""evaluations"": 13, ""inference_unavailable_reasons"": [""parameter_on_boundary""]}, {""start"": [0.75, 0.4], ""theta"": [0.9286180752698603, 0.010000000000000064], ""objective"": 13.302532418758343, ""success"": true, ""message"": ""`ftol` termination condition is satisfied."", ""evaluations"": 12, ""inference_unavailable_reasons"": [""parameter_on_boundary""]}, {""start"": [0.95, 0.7], ""theta"": [0.9286180758061724, 0.010000000000589537], ""objective"": 13.302532418752982, ""success"": true, ""message"": ""`xtol` termination condition is satisfied."", ""evaluations"": 24, ""inference_unavailable_reasons"": [""parameter_on_boundary""]}, {""start"": [0.8762, 0.2397], ""theta"": [0.928618074901981, 0.010000000001402581], ""objective"": 13.302532418750651, ""success"": true, ""message"": ""`ftol` termination condition is satisfied."", ""evaluations"": 13, ""inference_unavailable_reasons"": [""parameter_on_boundary""]}]",39612bbca41befa0becc741677faf8072be2003a4274129628182ab7a50fc2a8
66,baseline_fitted,66,13201740273456654252,0.98,0.010000000000000009,boundary,False,,9.302461377185852,0.98,0.03912280810264848,True,False,True,True,False,2,,4,True,"[{""start"": [0.5, 0.1], ""theta"": [0.9799999999999973, 0.03912280812813378], ""objective"": 9.302461377193815, ""success"": true, ""message"": ""`ftol` termination condition is satisfied."", ""evaluations"": 14, ""inference_unavailable_reasons"": [""parameter_on_boundary""]}, {""start"": [0.75, 0.4], ""theta"": [0.9799999999999912, 0.03912280816189001], ""objective"": 9.302461377188925, ""success"": true, ""message"": ""`ftol` termination condition is satisfied."", ""evaluations"": 12, ""inference_unavailable_reasons"": [""parameter_on_boundary""]}, {""start"": [0.95, 0.7], ""theta"": [0.9799999999999967, 0.039122808138357223], ""objective"": 9.302461377189063, ""success"": true, ""message"": ""`ftol` termination condition is satisfied."", ""evaluations"": 17, ""inference_unavailable_reasons"": [""parameter_on_boundary""]}, {""start"": [0.8762, 0.2397], ""theta"": [0.98, 0.03912280810264848], ""objective"": 9.302461377185852, ""success"": true, ""message"": ""`gtol` termination condition is satisfied."", ""evaluations"": 10, ""inference_unavailable_reasons"": [""parameter_on_boundary""]}]",a3bc1e1f03f453820a44516c77e7a678dc7ab02a469295727242505e132068f9
67,baseline_fitted,67,3335730548786256144,0.98,0.010000000000000009,boundary,False,,63.16872323572424,0.9799999999999998,0.010000000000000064,True,False,True,True,True,2,,4,True,"[{""start"": [0.5, 0.1], ""theta"": [0.979999999999974, 0.010000000000000009], ""objective"": 63.16872323586716, ""success"": true, ""message"": ""`gtol` termination condition is satisfied."", ""evaluations"": 11, ""inference_unavailable_reasons"": [""parameter_on_boundary""]}, {""start"": [0.75, 0.4], ""theta"": [0.9799999999999998, 0.010000000000000064], ""objective"": 63.16872323572424, ""success"": true, ""message"": ""`gtol` termination condition is satisfied."", ""evaluations"": 11, ""inference_unavailable_reasons"": [""parameter_on_boundary""]}, {""start"": [0.95, 0.7], ""theta"": [0.9799999999985834, 0.010000000000000231], ""objective"": 63.16872323614472, ""success"": true, ""message"": ""`gtol` termination condition is satisfied."", ""evaluations"": 16, ""inference_unavailable_reasons"": [""parameter_on_boundary""]}, {""start"": [0.8762, 0.2397], ""theta"": [0.979999999999954, 0.010000000000000037], ""objective"": 63.16872323593013, ""success"": true, ""message"": ""`gtol` termination condition is satisfied."", ""evaluations"": 11, ""inference_unavailable_reasons"": [""parameter_on_boundary""]}]",d42e635677528f08ac1472c5a4dd8f3a4b6d8d4698d6a1490d9a665c7ac6c860
68,baseline_fitted,68,6229034426872316624,0.98,0.010000000000000009,boundary,False,,273.2406825041932,0.98,0.009999999999999995,True,False,True,True,True,2,,4,True,"[{""start"": [0.5, 0.1], ""theta"": [0.98, 0.009999999999999995], ""objective"": 273.2406825041932, ""success"": true, ""message"": ""`gtol` termination condition is satisfied."", ""evaluations"": 9, ""inference_unavailable_reasons"": [""parameter_on_boundary""]}, {""start"": [0.75, 0.4], ""theta"": [0.98, 0.010000000000000064], ""objective"": 273.2406825041932, ""success"": true, ""message"": ""`gtol` termination condition is satisfied."", ""evaluations"": 10, ""inference_unavailable_reasons"": [""parameter_on_boundary""]}, {""start"": [0.95, 0.7], ""theta"": [0.9799999999999872, 0.01000000000000012], ""objective"": 273.2406825051604, ""success"": true, ""message"": ""`gtol` termination condition is satisfied."", ""evaluations"": 15, ""inference_unavailable_reasons"": [""parameter_on_boundary""]}, {""start"": [0.8762, 0.2397], ""theta"": [0.9799999999992363, 0.010000000000017217], ""objective"": 273.2406825063504, ""success"": true, ""message"": ""`gtol` termination condition is satisfied."", ""evaluations"": 9, ""inference_unavailable_reasons"": [""parameter_on_boundary""]}]",dc131c6b4f23291dc123e655242d228d3c2b2485fd3b6e58fbf4e1ad3ea23b0b
69,baseline_fitted,69,13406640536447767648,0.98,0.010000000000000009,regular,False,,10.094869169308225,0.9226691666064616,0.040698197480334763,True,True,False,False,False,2,0.18326076600375998,4,True,"[{""start"": [0.5, 0.1], ""theta"": [0.9226691982678557, 0.04069816619960341], ""objective"": 10.09486916934611, ""success"": true, ""message"": ""`ftol` termination condition is satisfied."", ""evaluations"": 12, ""inference_unavailable_reasons"": []}, {""start"": [0.75, 0.4], ""theta"": [0.9226691787476631, 0.04069818533826314], ""objective"": 10.094869169321786, ""success"": true, ""message"": ""`ftol` termination condition is satisfied."", ""evaluations"": 11, ""inference_unavailable_reasons"": []}, {""start"": [0.95, 0.7], ""theta"": [0.9226691893421919, 0.04069817496355477], ""objective"": 10.094869169331858, ""success"": true, ""message"": ""`ftol` termination condition is satisfied."", ""evaluations"": 17, ""inference_unavailable_reasons"": []}, {""start"": [0.8762, 0.2397], ""theta"": [0.9226691666064616, 0.040698197480334763], ""objective"": 10.094869169308225, ""success"": true, ""message"": ""`ftol` termination condition is satisfied."", ""evaluations"": 11, ""inference_unavailable_reasons"": []}]",96519a3d86ee72aee503afa8871ea3f084a5ccaf12aabec98207969edcf00c5f
70,baseline_fitted,70,5376291540362129203,0.98,0.010000000000000009,boundary,False,,22.68828350515848,0.9170743111597421,0.010000000000000037,True,False,True,False,True,2,,4,True,"[{""start"": [0.5, 0.1], ""theta"": [0.9170738519078498, 0.010000000000000009], ""objective"": 22.688283506896344, ""success"": true, ""message"": ""`ftol` termination condition is satisfied."", ""evaluations"": 22, ""inference_unavailable_reasons"": [""parameter_on_boundary""]}, {""start"": [0.75, 0.4], ""theta"": [0.9170735208891972, 0.010000000000000064], ""objective"": 22.688283508387492, ""success"": true, ""message"": ""`ftol` termination condition is satisfied."", ""evaluations"": 20, ""inference_unavailable_reasons"": [""parameter_on_boundary""]}, {""start"": [0.95, 0.7], ""theta"": [0.9170737831356388, 0.01000000000000012], ""objective"": 22.688283507204154, ""success"": true, ""message"": ""`ftol` termination condition is satisfied."", ""evaluations"": 26, ""inference_unavailable_reasons"": [""parameter_on_boundary""]}, {""start"": [0.8762, 0.2397], ""theta"": [0.9170743111597421, 0.010000000000000037], ""objective"": 22.68828350515848, ""success"": true, ""message"": ""`ftol` termination condition is satisfied."", ""evaluations"": 20, ""inference_unavailable_reasons"": [""parameter_on_boundary""]}]",164d7bf1e1f65e54dc97d8ff020f958449d701052fc6fcb608873aca252d846f
71,baseline_fitted,71,11329963119861653536,0.98,0.010000000000000009,boundary,False,,7.695221435899685,0.9521024158025964,0.010000000000000009,True,False,True,False,True,2,,4,True,"[{""start"": [0.5, 0.1], ""theta"": [0.9521024158025964, 0.010000000000000009], ""objective"": 7.695221435899685, ""success"": true, ""message"": ""`ftol` termination condition is satisfied."", ""evaluations"": 13, ""inference_unavailable_reasons"": [""parameter_on_boundary""]}, {""start"": [0.75, 0.4], ""theta"": [0.9521024122021783, 0.01000000000000012], ""objective"": 7.6952214359078255, ""success"": true, ""message"": ""`ftol` termination condition is satisfied."", ""evaluations"": 12, ""inference_unavailable_reasons"": [""parameter_on_boundary""]}, {""start"": [0.95, 0.7], ""theta"": [0.9521023887565202, 0.010000000000007336], ""objective"": 7.695221435915225, ""success"": true, ""message"": ""`ftol` termination condition is satisfied."", ""evaluations"": 17, ""inference_unavailable_reasons"": [""parameter_on_boundary""]}, {""start"": [0.8762, 0.2397], ""theta"": [0.9521023890190694, 0.010000000000002424], ""objective"": 7.695221435906607, ""success"": true, ""message"": ""`ftol` termination condition is satisfied."", ""evaluations"": 11, ""inference_unavailable_reasons"": [""parameter_on_boundary""]}]",384d364c30729b777f920ff28e3f4f9e73164c85e2452ffe061cc749af9a6b08
72,baseline_fitted,72,6315181379020463536,0.98,0.010000000000000009,boundary,False,,30.864887285429994,0.98,0.010000000000000009,True,False,True,True,True,2,,4,True,"[{""start"": [0.5, 0.1], ""theta"": [0.9799999999969837, 0.010000000000005477], ""objective"": 30.864887286644066, ""success"": true, ""message"": ""`gtol` termination condition is satisfied."", ""evaluations"": 10, ""inference_unavailable_reasons"": [""parameter_on_boundary""]}, {""start"": [0.75, 0.4], ""theta"": [0.98, 0.010000000000000009], ""objective"": 30.864887285429994, ""success"": true, ""message"": ""`gtol` termination condition is satisfied."", ""evaluations"": 10, ""inference_unavailable_reasons"": [""parameter_on_boundary""]}, {""start"": [0.95, 0.7], ""theta"": [0.98, 0.01000000000000012], ""objective"": 30.864887285429994, ""success"": true, ""message"": ""`gtol` termination condition is satisfied."", ""evaluations"": 15, ""inference_unavailable_reasons"": [""parameter_on_boundary""]}, {""start"": [0.8762, 0.2397], ""theta"": [0.98, 0.010000000000000037], ""objective"": 30.864887285429994, ""success"": true, ""message"": ""`gtol` termination condition is satisfied."", ""evaluations"": 10, ""inference_unavailable_reasons"": [""parameter_on_boundary""]}]",5cbfd1be8e367ce0a235c95992408b2ab6ef3f1dbb7b51f88600dd8cec2a84dd
73,baseline_fitted,73,2163591391002485305,0.98,0.010000000000000009,boundary,False,,7.161700077044061,0.9772577579301212,0.010000000000044307,True,False,True,False,True,2,,4,True,"[{""start"": [0.5, 0.1], ""theta"": [0.9772577560734276, 0.01000000008166968], ""objective"": 7.161700095013267, ""success"": true, ""message"": ""`ftol` termination condition is satisfied."", ""evaluations"": 28, ""inference_unavailable_reasons"": [""parameter_on_boundary""]}, {""start"": [0.75, 0.4], ""theta"": [0.9772580628112252, 0.010000000000035147], ""objective"": 7.161700077356729, ""success"": true, ""message"": ""`ftol` termination condition is satisfied."", ""evaluations"": 25, ""inference_unavailable_reasons"": [""parameter_on_boundary""]}, {""start"": [0.95, 0.7], ""theta"": [0.9772577579301212, 0.010000000000044307], ""objective"": 7.161700077044061, ""success"": true, ""message"": ""`ftol` termination condition is satisfied."", ""evaluations"": 27, ""inference_unavailable_reasons"": [""parameter_on_boundary""]}, {""start"": [0.8762, 0.2397], ""theta"": [0.9772578416391277, 0.010000000127617592], ""objective"": 7.161700104917007, ""success"": true, ""message"": ""`ftol` termination condition is satisfied."", ""evaluations"": 24, ""inference_unavailable_reasons"": [""parameter_on_boundary""]}]",208ceef949a6c0ecd6c774e72412a8d8695b2690a1adb1b33cd46ce750ba55e1
74,baseline_fitted,74,14735529269794654854,0.98,0.010000000000000009,boundary,False,,15.17575020936275,0.98,0.010000000000000009,True,False,True,True,True,2,,4,True,"[{""start"": [0.5, 0.1], ""theta"": [0.98, 0.010000000000000009], ""objective"": 15.17575020936275, ""success"": true, ""message"": ""`gtol` termination condition is satisfied."", ""evaluations"": 12, ""inference_unavailable_reasons"": [""parameter_on_boundary""]}, {""start"": [0.75, 0.4], ""theta"": [0.9799999999880826, 0.010000000000042808], ""objective"": 15.175750211239404, ""success"": true, ""message"": ""`gtol` termination condition is satisfied."", ""evaluations"": 10, ""inference_unavailable_reasons"": [""parameter_on_boundary""]}, {""start"": [0.95, 0.7], ""theta"": [0.9799999999999933, 0.01000000000000012], ""objective"": 15.175750209403477, ""success"": true, ""message"": ""`gtol` termination condition is satisfied."", ""evaluations"": 17, ""inference_unavailable_reasons"": [""parameter_on_boundary""]}, {""start"": [0.8762, 0.2397], ""theta"": [0.9799999999999949, 0.010000000000000037], ""objective"": 15.17575020938331, ""success"": true, ""message"": ""`gtol` termination condition is satisfied."", ""evaluations"": 11, ""inference_unavailable_reasons"": [""parameter_on_boundary""]}]",715b05639d5a792e75f282bbb4c28b0012b345c4921ea2f1a49834829dbdaedc
75,baseline_fitted,75,9746055363306121907,0.98,0.010000000000000009,boundary,False,,77.54032965209525,0.9799999999999998,0.010000000000000064,True,False,True,True,True,2,,4,True,"[{""start"": [0.5, 0.1], ""theta"": [0.9799999999999999, 0.010000000000000023], ""objective"": 77.54032965214734, ""success"": true, ""message"": ""`gtol` termination condition is satisfied."", ""evaluations"": 17, ""inference_unavailable_reasons"": [""parameter_on_boundary""]}, {""start"": [0.75, 0.4], ""theta"": [0.9799999999999996, 0.010000000000000064], ""objective"": 77.5403296521653, ""success"": true, ""message"": ""`gtol` termination condition is satisfied."", ""evaluations"": 15, ""inference_unavailable_reasons"": [""parameter_on_boundary""]}, {""start"": [0.95, 0.7], ""theta"": [0.9799999999913381, 0.010000000000000009], ""objective"": 77.54032965249331, ""success"": true, ""message"": ""`gtol` termination condition is satisfied."", ""evaluations"": 20, ""inference_unavailable_reasons"": [""parameter_on_boundary""]}, {""start"": [0.8762, 0.2397], ""theta"": [0.9799999999999998, 0.010000000000000064], ""objective"": 77.54032965209525, ""success"": true, ""message"": ""`gtol` termination condition is satisfied."", ""evaluations"": 14, ""inference_unavailable_reasons"": [""parameter_on_boundary""]}]",34e5726ccb059248e7e3310103bcf9b41ce6d76ffef9009874b5ce706638f56e
76,baseline_fitted,76,262813276424850122,0.98,0.010000000000000009,boundary,False,,20.829534859727023,0.9799999999999999,0.010000000000000009,True,False,True,True,True,2,,4,True,"[{""start"": [0.5, 0.1], ""theta"": [0.9799999999999999, 0.010000000000000009], ""objective"": 20.829534859727023, ""success"": true, ""message"": ""`gtol` termination condition is satisfied."", ""evaluations"": 10, ""inference_unavailable_reasons"": [""parameter_on_boundary""]}, {""start"": [0.75, 0.4], ""theta"": [0.98, 0.010000000000000064], ""objective"": 20.829534859745323, ""success"": true, ""message"": ""`gtol` termination condition is satisfied."", ""evaluations"": 10, ""inference_unavailable_reasons"": [""parameter_on_boundary""]}, {""start"": [0.95, 0.7], ""theta"": [0.9799999999999772, 0.010000000000000231], ""objective"": 20.829534859784545, ""success"": true, ""message"": ""`gtol` termination condition is satisfied."", ""evaluations"": 15, ""inference_unavailable_reasons"": [""parameter_on_boundary""]}, {""start"": [0.8762, 0.2397], ""theta"": [0.9799999999991335, 0.010000000000002757], ""objective"": 20.829534860105227, ""success"": true, ""message"": ""`gtol` termination condition is satisfied."", ""evaluations"": 9, ""inference_unavailable_reasons"": [""parameter_on_boundary""]}]",e1b31369ef332b674f6a71ac6ea91665e0ed787947ee665e3e42f729928aebfc
77,baseline_fitted,77,9394555978501717393,0.98,0.010000000000000009,optimization_unresolved,True,,63.51367253286023,0.97721348989963,0.01000000000000878,True,False,True,False,True,2,,4,False,"[{""start"": [0.5, 0.1], ""theta"": [0.36492144947847394, 0.641409951248771], ""objective"": 119.00448514329975, ""success"": true, ""message"": ""`ftol` termination condition is satisfied."", ""evaluations"": 10, ""inference_unavailable_reasons"": []}, {""start"": [0.75, 0.4], ""theta"": [0.9772131310599751, 0.010000000027153955], ""objective"": 63.51367255194148, ""success"": true, ""message"": ""`ftol` termination condition is satisfied."", ""evaluations"": 28, ""inference_unavailable_reasons"": [""parameter_on_boundary""]}, {""start"": [0.95, 0.7], ""theta"": [0.97721348989963, 0.01000000000000878], ""objective"": 63.51367253286023, ""success"": true, ""message"": ""`ftol` termination condition is satisfied."", ""evaluations"": 34, ""inference_unavailable_reasons"": [""parameter_on_boundary""]}, {""start"": [0.8762, 0.2397], ""theta"": [0.9772122060016155, 0.010000000030439299], ""objective"": 63.51367257886355, ""success"": true, ""message"": ""`ftol` termination condition is satisfied."", ""evaluations"": 22, ""inference_unavailable_reasons"": [""parameter_on_boundary""]}]",bdfce6742094fb4638e799fdba3cec7756c6fd90981f18d7a1df27f14a7c336b
78,baseline_fitted,78,2264362566105236554,0.98,0.010000000000000009,boundary,False,,18.394799442777405,0.9625084209754743,0.010000000000000064,True,False,True,False,True,2,,4,True,"[{""start"": [0.5, 0.1], ""theta"": [0.9625084212254873, 0.010000000000000009], ""objective"": 18.39479944278844, ""success"": true, ""message"": ""`ftol` termination condition is satisfied."", ""evaluations"": 13, ""inference_unavailable_reasons"": [""parameter_on_boundary""]}, {""start"": [0.75, 0.4], ""theta"": [0.9625084210462843, 0.010000000000000064], ""objective"": 18.394799442789097, ""success"": true, ""message"": ""`ftol` termination condition is satisfied."", ""evaluations"": 11, ""inference_unavailable_reasons"": [""parameter_on_boundary""]}, {""start"": [0.95, 0.7], ""theta"": [0.9625084210136459, 0.01000000000000012], ""objective"": 18.39479944278812, ""success"": true, ""message"": ""`ftol` termination condition is satisfied."", ""evaluations"": 17, ""inference_unavailable_reasons"": [""parameter_on_boundary""]}, {""start"": [0.8762, 0.2397], ""theta"": [0.9625084209754743, 0.010000000000000064], ""objective"": 18.394799442777405, ""success"": true, ""message"": ""`ftol` termination condition is satisfied."", ""evaluations"": 10, ""inference_unavailable_reasons"": [""parameter_on_boundary""]}]",425c5c25222fc5148b8fa49241b64fe0589823ded81e3e73fbc41070c3959a4c
79,baseline_fitted,79,9282520837144252385,0.98,0.010000000000000009,boundary,False,,30.836154902152728,0.9701582969697923,0.009999999999999995,True,False,True,False,True,2,,4,True,"[{""start"": [0.5, 0.1], ""theta"": [0.9701582969697923, 0.009999999999999995], ""objective"": 30.836154902152728, ""success"": true, ""message"": ""`ftol` termination condition is satisfied."", ""evaluations"": 25, ""inference_unavailable_reasons"": [""parameter_on_boundary""]}, {""start"": [0.75, 0.4], ""theta"": [0.9701615774207716, 0.010000000000000064], ""objective"": 30.836154909138333, ""success"": true, ""message"": ""`ftol` termination condition is satisfied."", ""evaluations"": 25, ""inference_unavailable_reasons"": [""parameter_on_boundary""]}, {""start"": [0.95, 0.7], ""theta"": [0.9701582935512622, 0.01000000000000012], ""objective"": 30.836154902223143, ""success"": true, ""message"": ""`ftol` termination condition is satisfied."", ""evaluations"": 27, ""inference_unavailable_reasons"": [""parameter_on_boundary""]}, {""start"": [0.8762, 0.2397], ""theta"": [0.9701613725274685, 0.010000000000000037], ""objective"": 30.83615490385812, ""success"": true, ""message"": ""`ftol` termination condition is satisfied."", ""evaluations"": 25, ""inference_unavailable_reasons"": [""parameter_on_boundary""]}]",842adad3b21853c7fd0827d9cb4ce20da2ad5cc10eb771b5b0b22e9855962e0f
80,baseline_fitted,80,8005844583236939747,0.98,0.010000000000000009,boundary,False,,15.070189739908866,0.98,0.010000000000000009,True,False,True,True,True,2,,4,True,"[{""start"": [0.5, 0.1], ""theta"": [0.98, 0.010000000000000009], ""objective"": 15.070189739908866, ""success"": true, ""message"": ""`gtol` termination condition is satisfied."", ""evaluations"": 13, ""inference_unavailable_reasons"": [""parameter_on_boundary""]}, {""start"": [0.75, 0.4], ""theta"": [0.9799999999999995, 0.010000000000000064], ""objective"": 15.070189739919005, ""success"": true, ""message"": ""`gtol` termination condition is satisfied."", ""evaluations"": 12, ""inference_unavailable_reasons"": [""parameter_on_boundary""]}, {""start"": [0.95, 0.7], ""theta"": [0.979999999999999, 0.01000000000000012], ""objective"": 15.070189739942268, ""success"": true, ""message"": ""`gtol` termination condition is satisfied."", ""evaluations"": 17, ""inference_unavailable_reasons"": [""parameter_on_boundary""]}, {""start"": [0.8762, 0.2397], ""theta"": [0.9799999999999432, 0.010000000000000037], ""objective"": 15.070189739931331, ""success"": true, ""message"": ""`gtol` termination condition is satisfied."", ""evaluations"": 11, ""inference_unavailable_reasons"": [""parameter_on_boundary""]}]",df7a9f736659600f5730867b7eda036a4b7d2599f9f7ced60ee5ca32a20b853f
81,baseline_fitted,81,6827672687200163218,0.98,0.010000000000000009,regular,False,,8.338266369994308,0.9655988551048247,0.03866168853158586,True,True,False,False,False,2,0.30371284209252714,4,True,"[{""start"": [0.5, 0.1], ""theta"": [0.9655986182988472, 0.038662012401637275], ""objective"": 8.338266370006991, ""success"": true, ""message"": ""`ftol` termination condition is satisfied."", ""evaluations"": 11, ""inference_unavailable_reasons"": []}, {""start"": [0.75, 0.4], ""theta"": [0.9655988551048247, 0.03866168853158586], ""objective"": 8.338266369994308, ""success"": true, ""message"": ""`ftol` termination condition is satisfied."", ""evaluations"": 11, ""inference_unavailable_reasons"": []}, {""start"": [0.95, 0.7], ""theta"": [0.9655989690502707, 0.038661532687764066], ""objective"": 8.338266370094932, ""success"": true, ""message"": ""`ftol` termination condition is satisfied."", ""evaluations"": 17, ""inference_unavailable_reasons"": []}, {""start"": [0.8762, 0.2397], ""theta"": [0.9655988757694105, 0.038661660266100295], ""objective"": 8.338266370005641, ""success"": true, ""message"": ""`ftol` termination condition is satisfied."", ""evaluations"": 10, ""inference_unavailable_reasons"": []}]",390d99015c83564e0eafb6b766478b77ef8cb10cabeac81e47371cb9d9309539
82,baseline_fitted,82,11706337331061730869,0.98,0.010000000000000009,boundary,False,,25.86596121564461,0.9660520824124423,0.010000000000000231,True,False,True,False,True,2,,4,True,"[{""start"": [0.5, 0.1], ""theta"": [0.9660520416021217, 0.010000000000000009], ""objective"": 25.86596121573674, ""success"": true, ""message"": ""`ftol` termination condition is satisfied."", ""evaluations"": 17, ""inference_unavailable_reasons"": [""parameter_on_boundary""]}, {""start"": [0.75, 0.4], ""theta"": [0.9660519562609668, 0.010000000000000064], ""objective"": 25.865961216014384, ""success"": true, ""message"": ""`ftol` termination condition is satisfied."", ""evaluations"": 16, ""inference_unavailable_reasons"": [""parameter_on_boundary""]}, {""start"": [0.95, 0.7], ""theta"": [0.9660520824124423, 0.010000000000000231], ""objective"": 25.86596121564461, ""success"": true, ""message"": ""`ftol` termination condition is satisfied."", ""evaluations"": 22, ""inference_unavailable_reasons"": [""parameter_on_boundary""]}, {""start"": [0.8762, 0.2397], ""theta"": [0.9660519426260983, 0.010000000000000037], ""objective"": 25.86596121607733, ""success"": true, ""message"": ""`ftol` termination condition is satisfied."", ""evaluations"": 16, ""inference_unavailable_reasons"": [""parameter_on_boundary""]}]",e3932217a58f88f13e72133e4449b7cdba5fecf79ee550a2285f822e50740e4c
83,baseline_fitted,83,18108178179899993441,0.98,0.010000000000000009,boundary,False,,182.25383236491322,0.9799999999999998,0.010000000000000009,True,False,True,True,True,2,,4,True,"[{""start"": [0.5, 0.1], ""theta"": [0.9799999999999998, 0.010000000000000009], ""objective"": 182.25383236491322, ""success"": true, ""message"": ""`gtol` termination condition is satisfied."", ""evaluations"": 9, ""inference_unavailable_reasons"": [""parameter_on_boundary""]}, {""start"": [0.75, 0.4], ""theta"": [0.9799999999999981, 0.010000000000000064], ""objective"": 182.25383236552634, ""success"": true, ""message"": ""`gtol` termination condition is satisfied."", ""evaluations"": 9, ""inference_unavailable_reasons"": [""parameter_on_boundary""]}, {""start"": [0.95, 0.7], ""theta"": [0.98, 0.01000000000000012], ""objective"": 182.25383236521338, ""success"": true, ""message"": ""`gtol` termination condition is satisfied."", ""evaluations"": 15, ""inference_unavailable_reasons"": [""parameter_on_boundary""]}, {""start"": [0.8762, 0.2397], ""theta"": [0.98, 0.010000000000000037], ""objective"": 182.25383236521338, ""success"": true, ""message"": ""`gtol` termination condition is satisfied."", ""evaluations"": 10, ""inference_unavailable_reasons"": [""parameter_on_boundary""]}]",7f5af0b3b3919a26ceeb9e91ee35945bf558bf4a0d25ff9300a51322b633bc66
84,baseline_fitted,84,2937532923031925000,0.98,0.010000000000000009,boundary,False,,17.060594122455967,0.98,0.016557471560620374,True,False,True,True,False,2,,4,True,"[{""start"": [0.5, 0.1], ""theta"": [0.98, 0.01655747157774233], ""objective"": 17.060594122456344, ""success"": true, ""message"": ""`gtol` termination condition is satisfied."", ""evaluations"": 12, ""inference_unavailable_reasons"": [""parameter_on_boundary""]}, {""start"": [0.75, 0.4], ""theta"": [0.98, 0.016557471560381287], ""objective"": 17.060594122456056, ""success"": true, ""message"": ""`gtol` termination condition is satisfied."", ""evaluations"": 11, ""inference_unavailable_reasons"": [""parameter_on_boundary""]}, {""start"": [0.95, 0.7], ""theta"": [0.98, 0.016557471560620374], ""objective"": 17.060594122455967, ""success"": true, ""message"": ""`gtol` termination condition is satisfied."", ""evaluations"": 17, ""inference_unavailable_reasons"": [""parameter_on_boundary""]}, {""start"": [0.8762, 0.2397], ""theta"": [0.98, 0.016557471552307468], ""objective"": 17.06059412245723, ""success"": true, ""message"": ""`ftol` termination condition is satisfied."", ""evaluations"": 10, ""inference_unavailable_reasons"": [""parameter_on_boundary""]}]",b721aef75a81af6ba7182de8163bdfd412b99f7c866e482d4eee929c9d27b6a0
85,baseline_fitted,85,8514853062737777658,0.98,0.010000000000000009,boundary,False,,10.915109130055258,0.98,0.010000000000006115,True,False,True,True,True,2,,4,True,"[{""start"": [0.5, 0.1], ""theta"": [0.98, 0.010000000011264262], ""objective"": 10.915109130111887, ""success"": true, ""message"": ""`gtol` termination condition is satisfied."", ""evaluations"": 15, ""inference_unavailable_reasons"": [""parameter_on_boundary""]}, {""start"": [0.75, 0.4], ""theta"": [0.98, 0.010000000002080012], ""objective"": 10.91510913006632, ""success"": true, ""message"": ""`gtol` termination condition is satisfied."", ""evaluations"": 14, ""inference_unavailable_reasons"": [""parameter_on_boundary""]}, {""start"": [0.95, 0.7], ""theta"": [0.98, 0.010000000001172404], ""objective"": 10.915109130060713, ""success"": true, ""message"": ""`gtol` termination condition is satisfied."", ""evaluations"": 20, ""inference_unavailable_reasons"": [""parameter_on_boundary""]}, {""start"": [0.8762, 0.2397], ""theta"": [0.98, 0.010000000000006115], ""objective"": 10.915109130055258, ""success"": true, ""message"": ""`gtol` termination condition is satisfied."", ""evaluations"": 14, ""inference_unavailable_reasons"": [""parameter_on_boundary""]}]",9590db7577882b502d578e4ae150ccd8d7b88aabe316e46759e70de2cc5d1448
86,baseline_fitted,86,8386888039762380303,0.98,0.010000000000000009,boundary,False,,37.427065680989166,0.9596115677271034,0.010000000000000009,True,False,True,False,True,2,,4,True,"[{""start"": [0.5, 0.1], ""theta"": [0.9596115677271034, 0.010000000000000009], ""objective"": 37.427065680989166, ""success"": true, ""message"": ""`ftol` termination condition is satisfied."", ""evaluations"": 18, ""inference_unavailable_reasons"": [""parameter_on_boundary""]}, {""start"": [0.75, 0.4], ""theta"": [0.9596085831296071, 0.010000000000000064], ""objective"": 37.42706568274693, ""success"": true, ""message"": ""`ftol` termination condition is satisfied."", ""evaluations"": 17, ""inference_unavailable_reasons"": [""parameter_on_boundary""]}, {""start"": [0.95, 0.7], ""theta"": [0.9596086167178447, 0.010000000000000231], ""objective"": 37.427065682239174, ""success"": true, ""message"": ""`ftol` termination condition is satisfied."", ""evaluations"": 21, ""inference_unavailable_reasons"": [""parameter_on_boundary""]}, {""start"": [0.8762, 0.2397], ""theta"": [0.9596116401387549, 0.010000000000000037], ""objective"": 37.42706568209588, ""success"": true, ""message"": ""`ftol` termination condition is satisfied."", ""evaluations"": 18, ""inference_unavailable_reasons"": [""parameter_on_boundary""]}]",f8cb3a0c0ce51e36493fb95f9cbc91f1cedd11e6a597552ed8e132fc5f96955e
87,baseline_fitted,87,13677442896681748562,0.98,0.010000000000000009,boundary,False,,1.0097860551327087,0.98,0.028614476793069957,True,False,True,True,False,2,,4,True,"[{""start"": [0.5, 0.1], ""theta"": [0.98, 0.028614476793069957], ""objective"": 1.0097860551327087, ""success"": true, ""message"": ""`xtol` termination condition is satisfied."", ""evaluations"": 14, ""inference_unavailable_reasons"": [""parameter_on_boundary""]}, {""start"": [0.75, 0.4], ""theta"": [0.98, 0.028614476788578147], ""objective"": 1.009786055132718, ""success"": true, ""message"": ""`ftol` termination condition is satisfied."", ""evaluations"": 12, ""inference_unavailable_reasons"": [""parameter_on_boundary""]}, {""start"": [0.95, 0.7], ""theta"": [0.98, 0.02861447678856155], ""objective"": 1.0097860551331828, ""success"": true, ""message"": ""`gtol` termination condition is satisfied."", ""evaluations"": 18, ""inference_unavailable_reasons"": [""parameter_on_boundary""]}, {""start"": [0.8762, 0.2397], ""theta"": [0.98, 0.028614476787795218], ""objective"": 1.0097860551327662, ""success"": true, ""message"": ""Both `ftol` and `xtol` termination conditions are satisfied."", ""evaluations"": 11, ""inference_unavailable_reasons"": [""parameter_on_boundary""]}]",26d93fde24375212fa8e023640ae64cc34cea965ceacc890cf1c88e0c8e0106a
88,baseline_fitted,88,14365606492617767579,0.98,0.010000000000000009,regular,False,,11.497125438801607,0.9622822808110949,0.02740718176734766,True,True,False,False,False,2,0.1183566861905935,4,True,"[{""start"": [0.5, 0.1], ""theta"": [0.9622820899038833, 0.02740721968475801], ""objective"": 11.497125438963415, ""success"": true, ""message"": ""`ftol` termination condition is satisfied."", ""evaluations"": 13, ""inference_unavailable_reasons"": []}, {""start"": [0.75, 0.4], ""theta"": [0.9622820720260472, 0.027407223238798628], ""objective"": 11.497125438975386, ""success"": true, ""message"": ""`ftol` termination condition is satisfied."", ""evaluations"": 12, ""inference_unavailable_reasons"": []}, {""start"": [0.95, 0.7], ""theta"": [0.9622822749267934, 0.02740718296462441], ""objective"": 11.497125438820545, ""success"": true, ""message"": ""`ftol` termination condition is satisfied."", ""evaluations"": 19, ""inference_unavailable_reasons"": []}, {""start"": [0.8762, 0.2397], ""theta"": [0.9622822808110949, 0.02740718176734766], ""objective"": 11.497125438801607, ""success"": true, ""message"": ""`ftol` termination condition is satisfied."", ""evaluations"": 12, ""inference_unavailable_reasons"": []}]",21d3c0ca78e8a3aff658046d660c913fbc6e5651c3b65ec70a6c85f9d2c04c69
89,baseline_fitted,89,6877984744601761183,0.98,0.010000000000000009,boundary,False,,72.6838541844181,0.98,0.010000000000000037,True,False,True,True,True,2,,4,True,"[{""start"": [0.5, 0.1], ""theta"": [0.9799999999988809, 0.010000000000013928], ""objective"": 72.68385418535179, ""success"": true, ""message"": ""`gtol` termination condition is satisfied."", ""evaluations"": 9, ""inference_unavailable_reasons"": [""parameter_on_boundary""]}, {""start"": [0.75, 0.4], ""theta"": [0.9799999999999962, 0.01000000000072293], ""objective"": 72.6838541847582, ""success"": true, ""message"": ""`gtol` termination condition is satisfied."", ""evaluations"": 9, ""inference_unavailable_reasons"": [""parameter_on_boundary""]}, {""start"": [0.95, 0.7], ""theta"": [0.98, 0.010000000000000231], ""objective"": 72.68385418442156, ""success"": true, ""message"": ""`gtol` termination condition is satisfied."", ""evaluations"": 15, ""inference_unavailable_reasons"": [""parameter_on_boundary""]}, {""start"": [0.8762, 0.2397], ""theta"": [0.98, 0.010000000000000037], ""objective"": 72.6838541844181, ""success"": true, ""message"": ""`gtol` termination condition is satisfied."", ""evaluations"": 9, ""inference_unavailable_reasons"": [""parameter_on_boundary""]}]",fba5f5190100d09a07528354a1cc1092d66a3c6b9bee725cd27c9f4266295cfa
90,baseline_fitted,90,14462288871475720659,0.98,0.010000000000000009,boundary,False,,48.754760206764985,0.98,0.01000000000000012,True,False,True,True,True,2,,4,True,"[{""start"": [0.5, 0.1], ""theta"": [0.9799999999999576, 0.010000000001981549], ""objective"": 48.754760207975025, ""success"": true, ""message"": ""`gtol` termination condition is satisfied."", ""evaluations"": 10, ""inference_unavailable_reasons"": [""parameter_on_boundary""]}, {""start"": [0.75, 0.4], ""theta"": [0.9799999999999482, 0.01000000000087592], ""objective"": 48.754760207284335, ""success"": true, ""message"": ""`gtol` termination condition is satisfied."", ""evaluations"": 9, ""inference_unavailable_reasons"": [""parameter_on_boundary""]}, {""start"": [0.95, 0.7], ""theta"": [0.98, 0.01000000000000012], ""objective"": 48.754760206764985, ""success"": true, ""message"": ""`gtol` termination condition is satisfied."", ""evaluations"": 15, ""inference_unavailable_reasons"": [""parameter_on_boundary""]}, {""start"": [0.8762, 0.2397], ""theta"": [0.98, 0.010000000000000037], ""objective"": 48.754760206764985, ""success"": true, ""message"": ""`gtol` termination condition is satisfied."", ""evaluations"": 9, ""inference_unavailable_reasons"": [""parameter_on_boundary""]}]",5e799e37ca5e8f454582d568a224db36d450a6810d5d587e477ba559337f0275
91,baseline_fitted,91,15515570074559288188,0.98,0.010000000000000009,boundary,False,,54.15338445226292,0.9746546740775521,0.010000000001133325,True,False,True,False,True,2,,4,True,"[{""start"": [0.5, 0.1], ""theta"": [0.9746548663575747, 0.010000000000531667], ""objective"": 54.153384457228526, ""success"": true, ""message"": ""`ftol` termination condition is satisfied."", ""evaluations"": 28, ""inference_unavailable_reasons"": [""parameter_on_boundary""]}, {""start"": [0.75, 0.4], ""theta"": [0.9746546740775521, 0.010000000001133325], ""objective"": 54.15338445226292, ""success"": true, ""message"": ""`ftol` termination condition is satisfied."", ""evaluations"": 24, ""inference_unavailable_reasons"": [""parameter_on_boundary""]}, {""start"": [0.95, 0.7], ""theta"": [0.9746547591804195, 0.010000000000010889], ""objective"": 54.15338445409914, ""success"": true, ""message"": ""`ftol` termination condition is satisfied."", ""evaluations"": 36, ""inference_unavailable_reasons"": [""parameter_on_boundary""]}, {""start"": [0.8762, 0.2397], ""theta"": [0.9746547459622453, 0.01000000000008544], ""objective"": 54.15338445358633, ""success"": true, ""message"": ""`ftol` termination condition is satisfied."", ""evaluations"": 15, ""inference_unavailable_reasons"": [""parameter_on_boundary""]}]",4dd62ab322dfba901cf737989ef01017203b279760088f5901fa5ac4a3a573e9
92,baseline_fitted,92,13923566028398630193,0.98,0.010000000000000009,boundary,False,,8.91579869785593,0.98,0.010000000000000009,True,False,True,True,True,2,,4,True,"[{""start"": [0.5, 0.1], ""theta"": [0.98, 0.010000000000000009], ""objective"": 8.91579869785593, ""success"": true, ""message"": ""`gtol` termination condition is satisfied."", ""evaluations"": 12, ""inference_unavailable_reasons"": [""parameter_on_boundary""]}, {""start"": [0.75, 0.4], ""theta"": [0.9799999999999989, 0.010000000001880671], ""objective"": 8.915798697952575, ""success"": true, ""message"": ""`gtol` termination condition is satisfied."", ""evaluations"": 10, ""inference_unavailable_reasons"": [""parameter_on_boundary""]}, {""start"": [0.95, 0.7], ""theta"": [0.9799999999999992, 0.010000000000000231], ""objective"": 8.915798697865494, ""success"": true, ""message"": ""`gtol` termination condition is satisfied."", ""evaluations"": 16, ""inference_unavailable_reasons"": [""parameter_on_boundary""]}, {""start"": [0.8762, 0.2397], ""theta"": [0.9799999999998755, 0.01000000002185622], ""objective"": 8.915798698944437, ""success"": true, ""message"": ""`gtol` termination condition is satisfied."", ""evaluations"": 9, ""inference_unavailable_reasons"": [""parameter_on_boundary""]}]",817b24f7c9ce0750883e88d48eb14145a6c3ef53fa7bd48ab95c9ee18dea3b2b
93,baseline_fitted,93,13342065386137936465,0.98,0.010000000000000009,regular,False,,16.03095189058207,0.96792366700622,0.028524070841680904,True,True,False,False,False,2,0.024835079305269084,4,True,"[{""start"": [0.5, 0.1], ""theta"": [0.9679238959155143, 0.028523829017521082], ""objective"": 16.030951890746017, ""success"": true, ""message"": ""`ftol` termination condition is satisfied."", ""evaluations"": 11, ""inference_unavailable_reasons"": []}, {""start"": [0.75, 0.4], ""theta"": [0.96792366700622, 0.028524070841680904], ""objective"": 16.03095189058207, ""success"": true, ""message"": ""`ftol` termination condition is satisfied."", ""evaluations"": 11, ""inference_unavailable_reasons"": []}, {""start"": [0.95, 0.7], ""theta"": [0.9679236348191782, 0.028524104828892782], ""objective"": 16.03095189061097, ""success"": true, ""message"": ""`ftol` termination condition is satisfied."", ""evaluations"": 16, ""inference_unavailable_reasons"": []}, {""start"": [0.8762, 0.2397], ""theta"": [0.9679239531423333, 0.02852376857328945], ""objective"": 16.03095189091133, ""success"": true, ""message"": ""`ftol` termination condition is satisfied."", ""evaluations"": 9, ""inference_unavailable_reasons"": []}]",c66ecdc98522bc437bf1afab17ff0af72a6daf0496328c7bdcbab1dd94809ecf
94,baseline_fitted,94,16486261659804366963,0.98,0.010000000000000009,boundary,False,,37.07750046013503,0.9687726656901358,0.0100000000019973,True,False,True,False,True,2,,4,True,"[{""start"": [0.5, 0.1], ""theta"": [0.9687727232785882, 0.01000000005814955], ""objective"": 37.077500479434136, ""success"": true, ""message"": ""`ftol` termination condition is satisfied."", ""evaluations"": 18, ""inference_unavailable_reasons"": [""parameter_on_boundary""]}, {""start"": [0.75, 0.4], ""theta"": [0.9687713737602824, 0.010000000043819846], ""objective"": 37.07750047986199, ""success"": true, ""message"": ""`ftol` termination condition is satisfied."", ""evaluations"": 21, ""inference_unavailable_reasons"": [""parameter_on_boundary""]}, {""start"": [0.95, 0.7], ""theta"": [0.9687726656901358, 0.0100000000019973], ""objective"": 37.07750046013503, ""success"": true, ""message"": ""`ftol` termination condition is satisfied."", ""evaluations"": 30, ""inference_unavailable_reasons"": [""parameter_on_boundary""]}, {""start"": [0.8762, 0.2397], ""theta"": [0.9687714805073528, 0.01000000000002138], ""objective"": 37.07750046364851, ""success"": true, ""message"": ""`ftol` termination condition is satisfied."", ""evaluations"": 24, ""inference_unavailable_reasons"": [""parameter_on_boundary""]}]",0f52331a556143163de05a98d146bd981727d46d482a688e84fbb896003a338b
95,baseline_fitted,95,9916958254555158180,0.98,0.010000000000000009,boundary,False,,146.89294151778992,0.98,0.010000000000000009,True,False,True,True,True,2,,4,True,"[{""start"": [0.5, 0.1], ""theta"": [0.98, 0.010000000000000009], ""objective"": 146.89294151778992, ""success"": true, ""message"": ""`gtol` termination condition is satisfied."", ""evaluations"": 10, ""inference_unavailable_reasons"": [""parameter_on_boundary""]}, {""start"": [0.75, 0.4], ""theta"": [0.9799999999998799, 0.010000000000014386], ""objective"": 146.8929415180284, ""success"": true, ""message"": ""`gtol` termination condition is satisfied."", ""evaluations"": 9, ""inference_unavailable_reasons"": [""parameter_on_boundary""]}, {""start"": [0.95, 0.7], ""theta"": [0.98, 0.01000000000000012], ""objective"": 146.89294151778992, ""success"": true, ""message"": ""`gtol` termination condition is satisfied."", ""evaluations"": 15, ""inference_unavailable_reasons"": [""parameter_on_boundary""]}, {""start"": [0.8762, 0.2397], ""theta"": [0.98, 0.010000000000000037], ""objective"": 146.89294151778992, ""success"": true, ""message"": ""`gtol` termination condition is satisfied."", ""evaluations"": 9, ""inference_unavailable_reasons"": [""parameter_on_boundary""]}]",6877a9c98494065bedc2d76bf36074d619549ba26b7dd5e8ab39b2bc12737be3
96,baseline_fitted,96,8943925220838205906,0.98,0.010000000000000009,regular,False,,4.777650037652741,0.941110302576138,0.06377018420673042,True,True,False,False,False,2,0.687076304174763,4,True,"[{""start"": [0.5, 0.1], ""theta"": [0.9411101447984681, 0.06377045124454461], ""objective"": 4.777650037838684, ""success"": true, ""message"": ""`ftol` termination condition is satisfied."", ""evaluations"": 11, ""inference_unavailable_reasons"": []}, {""start"": [0.75, 0.4], ""theta"": [0.9411101949786869, 0.06377036628887345], ""objective"": 4.777650037768601, ""success"": true, ""message"": ""`ftol` termination condition is satisfied."", ""evaluations"": 11, ""inference_unavailable_reasons"": []}, {""start"": [0.95, 0.7], ""theta"": [0.941110302576138, 0.06377018420673042], ""objective"": 4.777650037652741, ""success"": true, ""message"": ""`ftol` termination condition is satisfied."", ""evaluations"": 17, ""inference_unavailable_reasons"": []}, {""start"": [0.8762, 0.2397], ""theta"": [0.9411107581608364, 0.06376941311888931], ""objective"": 4.777650037683948, ""success"": true, ""message"": ""`ftol` termination condition is satisfied."", ""evaluations"": 11, ""inference_unavailable_reasons"": []}]",197e83907e368fe9399d121a87153cdf1fe3816d45f5a378d6c10bb3b8380346
97,baseline_fitted,97,17780378998148879406,0.98,0.010000000000000009,regular,False,,9.609705358100292,0.9783759423605534,0.02390475237278844,True,True,False,False,False,2,0.21179073546154456,4,True,"[{""start"": [0.5, 0.1], ""theta"": [0.9783759425867828, 0.023904752036322113], ""objective"": 9.609705358106511, ""success"": true, ""message"": ""`ftol` termination condition is satisfied."", ""evaluations"": 19, ""inference_unavailable_reasons"": []}, {""start"": [0.75, 0.4], ""theta"": [0.9783759260259878, 0.02390477672212654], ""objective"": 9.60970535812337, ""success"": true, ""message"": ""`ftol` termination condition is satisfied."", ""evaluations"": 17, ""inference_unavailable_reasons"": []}, {""start"": [0.95, 0.7], ""theta"": [0.9783759423605534, 0.02390475237278844], ""objective"": 9.609705358100292, ""success"": true, ""message"": ""`ftol` termination condition is satisfied."", ""evaluations"": 23, ""inference_unavailable_reasons"": []}, {""start"": [0.8762, 0.2397], ""theta"": [0.9783758685325972, 0.02390486242317108], ""objective"": 9.609705358224387, ""success"": true, ""message"": ""`ftol` termination condition is satisfied."", ""evaluations"": 15, ""inference_unavailable_reasons"": []}]",d0b316bfe6559365a608125c91c73c1c1f14e27639846dfdfe999b455d183120
98,baseline_fitted,98,17767756244917501580,0.98,0.010000000000000009,regular,False,,4.708243739865846,0.9296515306838452,0.06735581010074321,True,True,False,False,False,2,0.6955176343030234,4,True,"[{""start"": [0.5, 0.1], ""theta"": [0.9296514962038472, 0.06735587095401636], ""objective"": 4.708243739881391, ""success"": true, ""message"": ""`ftol` termination condition is satisfied."", ""evaluations"": 15, ""inference_unavailable_reasons"": []}, {""start"": [0.75, 0.4], ""theta"": [0.9296515613358645, 0.06735575591973836], ""objective"": 4.70824373986679, ""success"": true, ""message"": ""`ftol` termination condition is satisfied."", ""evaluations"": 13, ""inference_unavailable_reasons"": []}, {""start"": [0.95, 0.7], ""theta"": [0.92965148777889, 0.06735588588121899], ""objective"": 4.708243739883419, ""success"": true, ""message"": ""`ftol` termination condition is satisfied."", ""evaluations"": 19, ""inference_unavailable_reasons"": []}, {""start"": [0.8762, 0.2397], ""theta"": [0.9296515306838452, 0.06735581010074321], ""objective"": 4.708243739865846, ""success"": true, ""message"": ""`ftol` termination condition is satisfied."", ""evaluations"": 12, ""inference_unavailable_reasons"": []}]",b8f7481b674035ce60bc04f330c49733dd6712965ad204672808e8d3ec0ac60b
99,baseline_fitted,99,12734621483178824016,0.98,0.010000000000000009,boundary,False,,63.05897440902177,0.9254535965164484,0.010000000000000037,True,False,True,False,True,2,,4,True,"[{""start"": [0.5, 0.1], ""theta"": [0.9254485781093889, 0.010000000000000009], ""objective"": 63.058974418012625, ""success"": true, ""message"": ""`ftol` termination condition is satisfied."", ""evaluations"": 19, ""inference_unavailable_reasons"": [""parameter_on_boundary""]}, {""start"": [0.75, 0.4], ""theta"": [0.9254488918221608, 0.010000000000000064], ""objective"": 63.05897441234424, ""success"": true, ""message"": ""`ftol` termination condition is satisfied."", ""evaluations"": 14, ""inference_unavailable_reasons"": [""parameter_on_boundary""]}, {""start"": [0.95, 0.7], ""theta"": [0.9254490714184428, 0.01000000000000012], ""objective"": 63.05897440941746, ""success"": true, ""message"": ""`ftol` termination condition is satisfied."", ""evaluations"": 23, ""inference_unavailable_reasons"": [""parameter_on_boundary""]}, {""start"": [0.8762, 0.2397], ""theta"": [0.9254535965164484, 0.010000000000000037], ""objective"": 63.05897440902177, ""success"": true, ""message"": ""`ftol` termination condition is satisfied."", ""evaluations"": 17, ""inference_unavailable_reasons"": [""parameter_on_boundary""]}]",d7f26d260624739aa33ad50e6f37aa16ee2afc5185dfd755641639fceca520ef
100,baseline_fitted,100,16095215264260054037,0.98,0.010000000000000009,boundary,False,,10.788450236397196,0.98,0.01000000000000012,True,False,True,True,True,2,,4,True,"[{""start"": [0.5, 0.1], ""theta"": [0.979999999999153, 0.010000000000021755], ""objective"": 10.788450236687352, ""success"": true, ""message"": ""`gtol` termination condition is satisfied."", ""evaluations"": 11, ""inference_unavailable_reasons"": [""parameter_on_boundary""]}, {""start"": [0.75, 0.4], ""theta"": [0.98, 0.01000000000000012], ""objective"": 10.788450236397196, ""success"": true, ""message"": ""`gtol` termination condition is satisfied."", ""evaluations"": 10, ""inference_unavailable_reasons"": [""parameter_on_boundary""]}, {""start"": [0.95, 0.7], ""theta"": [0.9799999999995881, 0.010000000000007558], ""objective"": 10.788450236514507, ""success"": true, ""message"": ""`gtol` termination condition is satisfied."", ""evaluations"": 15, ""inference_unavailable_reasons"": [""parameter_on_boundary""]}, {""start"": [0.8762, 0.2397], ""theta"": [0.98, 0.010000000000000064], ""objective"": 10.788450236397196, ""success"": true, ""message"": ""`gtol` termination condition is satisfied."", ""evaluations"": 10, ""inference_unavailable_reasons"": [""parameter_on_boundary""]}]",8efdee793914ec6a5de62a2c1c2aa0898c52db91fe5e9e430339fc03e056f9c5
101,baseline_fitted,101,12502257694890729635,0.98,0.010000000000000009,boundary,False,,11.54847044411153,0.9204968954712217,0.010000000000000064,True,False,True,False,True,2,,4,True,"[{""start"": [0.5, 0.1], ""theta"": [0.9204967745282397, 0.010000000000000009], ""objective"": 11.548470444143321, ""success"": true, ""message"": ""`ftol` termination condition is satisfied."", ""evaluations"": 11, ""inference_unavailable_reasons"": [""parameter_on_boundary""]}, {""start"": [0.75, 0.4], ""theta"": [0.9204971097169425, 0.010000000000000064], ""objective"": 11.548470444123538, ""success"": true, ""message"": ""`ftol` termination condition is satisfied."", ""evaluations"": 8, ""inference_unavailable_reasons"": [""parameter_on_boundary""]}, {""start"": [0.95, 0.7], ""theta"": [0.9204973164029501, 0.01000000000000012], ""objective"": 11.5484704442474, ""success"": true, ""message"": ""`ftol` termination condition is satisfied."", ""evaluations"": 15, ""inference_unavailable_reasons"": [""parameter_on_boundary""]}, {""start"": [0.8762, 0.2397], ""theta"": [0.9204968954712217, 0.010000000000000064], ""objective"": 11.54847044411153, ""success"": true, ""message"": ""`ftol` termination condition is satisfied."", ""evaluations"": 10, ""inference_unavailable_reasons"": [""parameter_on_boundary""]}]",24116cc6a86843445cc6d6483a87771745df9244e0c5bbe70533b99bc8c2a097
102,baseline_fitted,102,18072316590408040112,0.98,0.010000000000000009,boundary,False,,41.736168104387986,0.9729498100363603,0.010000000000028236,True,False,True,False,True,2,,4,True,"[{""start"": [0.5, 0.1], ""theta"": [0.9729490767260549, 0.010000000045592303], ""objective"": 41.73616813903791, ""success"": true, ""message"": ""`ftol` termination condition is satisfied."", ""evaluations"": 25, ""inference_unavailable_reasons"": [""parameter_on_boundary""]}, {""start"": [0.75, 0.4], ""theta"": [0.9729496281482797, 0.010000000057280634], ""objective"": 41.73616813061777, ""success"": true, ""message"": ""`ftol` termination condition is satisfied."", ""evaluations"": 27, ""inference_unavailable_reasons"": [""parameter_on_boundary""]}, {""start"": [0.95, 0.7], ""theta"": [0.9729493974957232, 0.01000000000000012], ""objective"": 41.7361681088394, ""success"": true, ""message"": ""`ftol` termination condition is satisfied."", ""evaluations"": 29, ""inference_unavailable_reasons"": [""parameter_on_boundary""]}, {""start"": [0.8762, 0.2397], ""theta"": [0.9729498100363603, 0.010000000000028236], ""objective"": 41.736168104387986, ""success"": true, ""message"": ""`ftol` termination condition is satisfied."", ""evaluations"": 19, ""inference_unavailable_reasons"": [""parameter_on_boundary""]}]",9d8246034ce249ecd198ed8aa103c68ef36b50834e353581376e254d009518f4
103,baseline_fitted,103,14912489655385554725,0.98,0.010000000000000009,boundary,False,,95.09842350411029,0.98,0.01000000000000012,True,False,True,True,True,2,,4,True,"[{""start"": [0.5, 0.1], ""theta"": [0.9799999999991327, 0.010000000000012318], ""objective"": 95.0984235052461, ""success"": true, ""message"": ""`gtol` termination condition is satisfied."", ""evaluations"": 9, ""inference_unavailable_reasons"": [""parameter_on_boundary""]}, {""start"": [0.75, 0.4], ""theta"": [0.98, 0.01000000000000012], ""objective"": 95.09842350411029, ""success"": true, ""message"": ""`gtol` termination condition is satisfied."", ""evaluations"": 9, ""inference_unavailable_reasons"": [""parameter_on_boundary""]}, {""start"": [0.95, 0.7], ""theta"": [0.98, 0.01000000000000012], ""objective"": 95.09842350411029, ""success"": true, ""message"": ""`gtol` termination condition is satisfied."", ""evaluations"": 15, ""inference_unavailable_reasons"": [""parameter_on_boundary""]}, {""start"": [0.8762, 0.2397], ""theta"": [0.98, 0.010000000000000037], ""objective"": 95.09842350411029, ""success"": true, ""message"": ""`gtol` termination condition is satisfied."", ""evaluations"": 10, ""inference_unavailable_reasons"": [""parameter_on_boundary""]}]",6c3edc1e53bdff0803fe7234f4b958c07ad7284ee3bb14e4a0818bccd6c2f041
104,baseline_fitted,104,287884669556581730,0.98,0.010000000000000009,boundary,False,,27.255216400238886,0.98,0.01000000000000012,True,False,True,True,True,2,,4,True,"[{""start"": [0.5, 0.1], ""theta"": [0.9799999999999993, 0.010000000000000009], ""objective"": 27.255216400342693, ""success"": true, ""message"": ""`gtol` termination condition is satisfied."", ""evaluations"": 11, ""inference_unavailable_reasons"": [""parameter_on_boundary""]}, {""start"": [0.75, 0.4], ""theta"": [0.98, 0.01000000000000012], ""objective"": 27.255216400238886, ""success"": true, ""message"": ""`gtol` termination condition is satisfied."", ""evaluations"": 11, ""inference_unavailable_reasons"": [""parameter_on_boundary""]}, {""start"": [0.95, 0.7], ""theta"": [0.98, 0.01000000000000012], ""objective"": 27.255216400238886, ""success"": true, ""message"": ""`gtol` termination condition is satisfied."", ""evaluations"": 16, ""inference_unavailable_reasons"": [""parameter_on_boundary""]}, {""start"": [0.8762, 0.2397], ""theta"": [0.98, 0.010000000000000037], ""objective"": 27.255216400238886, ""success"": true, ""message"": ""`gtol` termination condition is satisfied."", ""evaluations"": 11, ""inference_unavailable_reasons"": [""parameter_on_boundary""]}]",7fdb55397f5cf0c8eb5eaf88c477e116f6efba58a87520a4febd42b8b65ccb58
105,baseline_fitted,105,17349444481305506953,0.98,0.010000000000000009,boundary,False,,15.931825319405466,0.9799999999999999,0.010000000000000064,True,False,True,True,True,2,,4,True,"[{""start"": [0.5, 0.1], ""theta"": [0.9799999999995563, 0.010000000000000009], ""objective"": 15.931825319430583, ""success"": true, ""message"": ""`gtol` termination condition is satisfied."", ""evaluations"": 11, ""inference_unavailable_reasons"": [""parameter_on_boundary""]}, {""start"": [0.75, 0.4], ""theta"": [0.9799999999999999, 0.010000000000000064], ""objective"": 15.931825319405466, ""success"": true, ""message"": ""`gtol` termination condition is satisfied."", ""evaluations"": 11, ""inference_unavailable_reasons"": [""parameter_on_boundary""]}, {""start"": [0.95, 0.7], ""theta"": [0.9799999999673835, 0.01000000000000012], ""objective"": 15.931825321065869, ""success"": true, ""message"": ""`gtol` termination condition is satisfied."", ""evaluations"": 15, ""inference_unavailable_reasons"": [""parameter_on_boundary""]}, {""start"": [0.8762, 0.2397], ""theta"": [0.9799999999998603, 0.010000000000000064], ""objective"": 15.931825319439305, ""success"": true, ""message"": ""`gtol` termination condition is satisfied."", ""evaluations"": 10, ""inference_unavailable_reasons"": [""parameter_on_boundary""]}]",51e393e1357d99f7edbaf16098feb48cab56cabd13d45a88d6b804109f7d0836
106,baseline_fitted,106,13841858749206171322,0.98,0.010000000000000009,boundary,False,,87.32030646444676,0.9797863540020377,0.010000000000000564,True,False,True,False,True,2,,4,True,"[{""start"": [0.5, 0.1], ""theta"": [0.9797863731727603, 0.010000000250062382], ""objective"": 87.32030682864959, ""success"": true, ""message"": ""`ftol` termination condition is satisfied."", ""evaluations"": 23, ""inference_unavailable_reasons"": [""parameter_on_boundary""]}, {""start"": [0.75, 0.4], ""theta"": [0.979784459905133, 0.010000001218095966], ""objective"": 87.32030854410327, ""success"": true, ""message"": ""`ftol` termination condition is satisfied."", ""evaluations"": 14, ""inference_unavailable_reasons"": [""parameter_on_boundary""]}, {""start"": [0.95, 0.7], ""theta"": [0.9797863540020377, 0.010000000000000564], ""objective"": 87.32030646444676, ""success"": true, ""message"": ""`xtol` termination condition is satisfied."", ""evaluations"": 28, ""inference_unavailable_reasons"": [""parameter_on_boundary""]}, {""start"": [0.8762, 0.2397], ""theta"": [0.9797860587375904, 0.010000000029429135], ""objective"": 87.32030651540147, ""success"": true, ""message"": ""`ftol` termination condition is satisfied."", ""evaluations"": 24, ""inference_unavailable_reasons"": [""parameter_on_boundary""]}]",28fdd4ad753ca4df1f5cc9cb901cc4c1dd4a082b48f73309a14491f83526835a
107,baseline_fitted,107,617703613656506586,0.98,0.010000000000000009,boundary,False,,8.200958783948131,0.98,0.010000000000000023,True,False,True,True,True,2,,4,True,"[{""start"": [0.5, 0.1], ""theta"": [0.98, 0.010000000000000023], ""objective"": 8.200958783948131, ""success"": true, ""message"": ""`gtol` termination condition is satisfied."", ""evaluations"": 13, ""inference_unavailable_reasons"": [""parameter_on_boundary""]}, {""start"": [0.75, 0.4], ""theta"": [0.98, 0.010000000000070675], ""objective"": 8.200958783950874, ""success"": true, ""message"": ""`gtol` termination condition is satisfied."", ""evaluations"": 11, ""inference_unavailable_reasons"": [""parameter_on_boundary""]}, {""start"": [0.95, 0.7], ""theta"": [0.9799999999999994, 0.010000000001259335], ""objective"": 8.20095878400437, ""success"": true, ""message"": ""`gtol` termination condition is satisfied."", ""evaluations"": 16, ""inference_unavailable_reasons"": [""parameter_on_boundary""]}, {""start"": [0.8762, 0.2397], ""theta"": [0.98, 0.010000000000015774], ""objective"": 8.200958783948884, ""success"": true, ""message"": ""`gtol` termination condition is satisfied."", ""evaluations"": 10, ""inference_unavailable_reasons"": [""parameter_on_boundary""]}]",085558ab496ba8dd20365e27947c5fb79f0f3f573c95dfc3e9fbc2717411cf45
108,baseline_fitted,108,2204742531537899422,0.98,0.010000000000000009,boundary,False,,2.3326814988098303,0.98,0.011589959329954158,True,False,True,True,False,2,,4,True,"[{""start"": [0.5, 0.1], ""theta"": [0.98, 0.011589959366599956], ""objective"": 2.3326814988101416, ""success"": true, ""message"": ""`gtol` termination condition is satisfied."", ""evaluations"": 14, ""inference_unavailable_reasons"": [""parameter_on_boundary""]}, {""start"": [0.75, 0.4], ""theta"": [0.98, 0.011589959329954158], ""objective"": 2.3326814988098303, ""success"": true, ""message"": ""`gtol` termination condition is satisfied."", ""evaluations"": 13, ""inference_unavailable_reasons"": [""parameter_on_boundary""]}, {""start"": [0.95, 0.7], ""theta"": [0.98, 0.01158995931081419], ""objective"": 2.332681498810151, ""success"": true, ""message"": ""`gtol` termination condition is satisfied."", ""evaluations"": 19, ""inference_unavailable_reasons"": [""parameter_on_boundary""]}, {""start"": [0.8762, 0.2397], ""theta"": [0.98, 0.011589959320764648], ""objective"": 2.3326814988101447, ""success"": true, ""message"": ""`gtol` termination condition is satisfied."", ""evaluations"": 12, ""inference_unavailable_reasons"": [""parameter_on_boundary""]}]",ca7adde51e26456b28e2cf1cd991d3315e7bdfcf20648ec6ae05338f0cac9d24
109,baseline_fitted,109,17053190980253227029,0.98,0.010000000000000009,boundary,False,,4.266480788048863,0.9704626740159505,0.010000000000000037,True,False,True,False,True,2,,4,True,"[{""start"": [0.5, 0.1], ""theta"": [0.9704620354874398, 0.010000000000000009], ""objective"": 4.266480794026051, ""success"": true, ""message"": ""`ftol` termination condition is satisfied."", ""evaluations"": 22, ""inference_unavailable_reasons"": [""parameter_on_boundary""]}, {""start"": [0.75, 0.4], ""theta"": [0.970462396249527, 0.010000000000000064], ""objective"": 4.266480790148593, ""success"": true, ""message"": ""`ftol` termination condition is satisfied."", ""evaluations"": 16, ""inference_unavailable_reasons"": [""parameter_on_boundary""]}, {""start"": [0.95, 0.7], ""theta"": [0.9704614632142331, 0.01000000000000012], ""objective"": 4.26648080275117, ""success"": true, ""message"": ""`ftol` termination condition is satisfied."", ""evaluations"": 28, ""inference_unavailable_reasons"": [""parameter_on_boundary""]}, {""start"": [0.8762, 0.2397], ""theta"": [0.9704626740159505, 0.010000000000000037], ""objective"": 4.266480788048863, ""success"": true, ""message"": ""`ftol` termination condition is satisfied."", ""evaluations"": 20, ""inference_unavailable_reasons"": [""parameter_on_boundary""]}]",1f59f9207e120034561e715dd8802e08c53544a0439abd95d65f79c4cd399db2
110,baseline_fitted,110,16326408999486908321,0.98,0.010000000000000009,boundary,False,,8.199368763824275,0.9764608715929942,0.01000000000000012,True,False,True,False,True,2,,4,True,"[{""start"": [0.5, 0.1], ""theta"": [0.9764597487953841, 0.010000000000000009], ""objective"": 8.199368764091625, ""success"": true, ""message"": ""`ftol` termination condition is satisfied."", ""evaluations"": 25, ""inference_unavailable_reasons"": [""parameter_on_boundary""]}, {""start"": [0.75, 0.4], ""theta"": [0.9764609453741869, 0.010000000000000064], ""objective"": 8.199368764821099, ""success"": true, ""message"": ""`ftol` termination condition is satisfied."", ""evaluations"": 23, ""inference_unavailable_reasons"": [""parameter_on_boundary""]}, {""start"": [0.95, 0.7], ""theta"": [0.9764608715929942, 0.01000000000000012], ""objective"": 8.199368763824275, ""success"": true, ""message"": ""`ftol` termination condition is satisfied."", ""evaluations"": 24, ""inference_unavailable_reasons"": [""parameter_on_boundary""]}, {""start"": [0.8762, 0.2397], ""theta"": [0.9764610810729878, 0.010000000000000064], ""objective"": 8.199368766964962, ""success"": true, ""message"": ""`ftol` termination condition is satisfied."", ""evaluations"": 23, ""inference_unavailable_reasons"": [""parameter_on_boundary""]}]",1ab091dfb5de2ed94196277c6eafb579b8dda23017b84ad9dbea981a63943f3d
111,baseline_fitted,111,16143095230968338575,0.98,0.010000000000000009,boundary,False,,42.70518930334558,0.9799999999999998,0.010000000000000064,True,False,True,True,True,2,,4,True,"[{""start"": [0.5, 0.1], ""theta"": [0.98, 0.010000000000000009], ""objective"": 42.70518930341101, ""success"": true, ""message"": ""`gtol` termination condition is satisfied."", ""evaluations"": 11, ""inference_unavailable_reasons"": [""parameter_on_boundary""]}, {""start"": [0.75, 0.4], ""theta"": [0.98, 0.010000000000000064], ""objective"": 42.70518930341101, ""success"": true, ""message"": ""`gtol` termination condition is satisfied."", ""evaluations"": 10, ""inference_unavailable_reasons"": [""parameter_on_boundary""]}, {""start"": [0.95, 0.7], ""theta"": [0.98, 0.010000000000000231], ""objective"": 42.70518930341469, ""success"": true, ""message"": ""`gtol` termination condition is satisfied."", ""evaluations"": 15, ""inference_unavailable_reasons"": [""parameter_on_boundary""]}, {""start"": [0.8762, 0.2397], ""theta"": [0.9799999999999998, 0.010000000000000064], ""objective"": 42.70518930334558, ""success"": true, ""message"": ""`gtol` termination condition is satisfied."", ""evaluations"": 9, ""inference_unavailable_reasons"": [""parameter_on_boundary""]}]",3eb3736d6b6e90281402019512ace465001ca92f19e8cf7607354cdb13be240c
112,baseline_fitted,112,8177564364587373995,0.98,0.010000000000000009,boundary,False,,12.372293386337972,0.9739502545213921,0.010000000000002784,True,False,True,False,True,2,,4,True,"[{""start"": [0.5, 0.1], ""theta"": [0.9739504697614004, 0.010000000000009557], ""objective"": 12.372293388094494, ""success"": true, ""message"": ""`ftol` termination condition is satisfied."", ""evaluations"": 23, ""inference_unavailable_reasons"": [""parameter_on_boundary""]}, {""start"": [0.75, 0.4], ""theta"": [0.9739502545213921, 0.010000000000002784], ""objective"": 12.372293386337972, ""success"": true, ""message"": ""`ftol` termination condition is satisfied."", ""evaluations"": 26, ""inference_unavailable_reasons"": [""parameter_on_boundary""]}, {""start"": [0.95, 0.7], ""theta"": [0.9739497681242008, 0.010000000000019549], ""objective"": 12.372293388955896, ""success"": true, ""message"": ""`ftol` termination condition is satisfied."", ""evaluations"": 30, ""inference_unavailable_reasons"": [""parameter_on_boundary""]}, {""start"": [0.8762, 0.2397], ""theta"": [0.973949162303905, 0.010000000000000814], ""objective"": 12.372293404806722, ""success"": true, ""message"": ""`ftol` termination condition is satisfied."", ""evaluations"": 25, ""inference_unavailable_reasons"": [""parameter_on_boundary""]}]",fcb9d9ebde9b97c231c00c977625c06564016c10486652e687ce5221987251f7
113,baseline_fitted,113,7686882465418050059,0.98,0.010000000000000009,regular,False,,6.787757589788536,0.9313700099512521,0.04289462069942607,True,True,False,False,False,2,0.4513081297709678,4,True,"[{""start"": [0.5, 0.1], ""theta"": [0.9313699518707311, 0.042894710631145264], ""objective"": 6.787757589796064, ""success"": true, ""message"": ""`ftol` termination condition is satisfied."", ""evaluations"": 10, ""inference_unavailable_reasons"": []}, {""start"": [0.75, 0.4], ""theta"": [0.9313700125441169, 0.04289460693102504], ""objective"": 6.787757589792842, ""success"": true, ""message"": ""`ftol` termination condition is satisfied."", ""evaluations"": 10, ""inference_unavailable_reasons"": []}, {""start"": [0.95, 0.7], ""theta"": [0.9313700099512521, 0.04289462069942607], ""objective"": 6.787757589788536, ""success"": true, ""message"": ""`ftol` termination condition is satisfied."", ""evaluations"": 15, ""inference_unavailable_reasons"": []}, {""start"": [0.8762, 0.2397], ""theta"": [0.9313700189316998, 0.042894605673869296], ""objective"": 6.787757589791608, ""success"": true, ""message"": ""`ftol` termination condition is satisfied."", ""evaluations"": 9, ""inference_unavailable_reasons"": []}]",0be898b64904dc2e5e509221fc95f44492ab19593b3d44b5f91ea984594b2c8c
114,baseline_fitted,114,13795063722454209833,0.98,0.010000000000000009,boundary,False,,8.215705630722846,0.967233862499944,0.01000000000000012,True,False,True,False,True,2,,4,True,"[{""start"": [0.5, 0.1], ""theta"": [0.9672336023620731, 0.010000000000000009], ""objective"": 8.215705632757357, ""success"": true, ""message"": ""`ftol` termination condition is satisfied."", ""evaluations"": 18, ""inference_unavailable_reasons"": [""parameter_on_boundary""]}, {""start"": [0.75, 0.4], ""theta"": [0.9672350152274736, 0.010000000000000064], ""objective"": 8.215705630898869, ""success"": true, ""message"": ""`ftol` termination condition is satisfied."", ""evaluations"": 17, ""inference_unavailable_reasons"": [""parameter_on_boundary""]}, {""start"": [0.95, 0.7], ""theta"": [0.967233862499944, 0.01000000000000012], ""objective"": 8.215705630722846, ""success"": true, ""message"": ""`ftol` termination condition is satisfied."", ""evaluations"": 24, ""inference_unavailable_reasons"": [""parameter_on_boundary""]}, {""start"": [0.8762, 0.2397], ""theta"": [0.9672352196717923, 0.010000000000000037], ""objective"": 8.21570563248669, ""success"": true, ""message"": ""`ftol` termination condition is satisfied."", ""evaluations"": 16, ""inference_unavailable_reasons"": [""parameter_on_boundary""]}]",3d416146813eaa63ac3af0eb294ece90d717f4941db871267f7540d29dd6b4bb
115,baseline_fitted,115,6342122245107290495,0.98,0.010000000000000009,boundary,False,,137.10277000933812,0.9796534226302178,0.010000000000000009,True,False,True,False,True,2,,4,True,"[{""start"": [0.5, 0.1], ""theta"": [0.9796536495029815, 0.010000000082767552], ""objective"": 137.10277021938163, ""success"": true, ""message"": ""`ftol` termination condition is satisfied."", ""evaluations"": 25, ""inference_unavailable_reasons"": [""parameter_on_boundary""]}, {""start"": [0.75, 0.4], ""theta"": [0.9796532872307033, 0.01000000008170604], ""objective"": 137.1027702264317, ""success"": true, ""message"": ""Both `ftol` and `xtol` termination conditions are satisfied."", ""evaluations"": 24, ""inference_unavailable_reasons"": [""parameter_on_boundary""]}, {""start"": [0.95, 0.7], ""theta"": [0.9796534226302178, 0.010000000000000009], ""objective"": 137.10277000933812, ""success"": true, ""message"": ""`ftol` termination condition is satisfied."", ""evaluations"": 22, ""inference_unavailable_reasons"": [""parameter_on_boundary""]}, {""start"": [0.8762, 0.2397], ""theta"": [0.9796531228753732, 0.010000000015931515], ""objective"": 137.10277007401845, ""success"": true, ""message"": ""`ftol` termination condition is satisfied."", ""evaluations"": 28, ""inference_unavailable_reasons"": [""parameter_on_boundary""]}]",23f136c4c6440e3f68f5f2fa83635daaea38bd3dc5804da95f2573665583323c
116,baseline_fitted,116,12113193826705115494,0.98,0.010000000000000009,boundary,False,,8.254004587335688,0.9690778303159943,0.01000000000000012,True,False,True,False,True,2,,4,True,"[{""start"": [0.5, 0.1], ""theta"": [0.9690776563494784, 0.010000000000000023], ""objective"": 8.254004587902575, ""success"": true, ""message"": ""`ftol` termination condition is satisfied."", ""evaluations"": 18, ""inference_unavailable_reasons"": [""parameter_on_boundary""]}, {""start"": [0.75, 0.4], ""theta"": [0.9690778124802619, 0.010000000000000064], ""objective"": 8.254004587362592, ""success"": true, ""message"": ""`ftol` termination condition is satisfied."", ""evaluations"": 21, ""inference_unavailable_reasons"": [""parameter_on_boundary""]}, {""start"": [0.95, 0.7], ""theta"": [0.9690778303159943, 0.01000000000000012], ""objective"": 8.254004587335688, ""success"": true, ""message"": ""`ftol` termination condition is satisfied."", ""evaluations"": 22, ""inference_unavailable_reasons"": [""parameter_on_boundary""]}, {""start"": [0.8762, 0.2397], ""theta"": [0.9690774080831, 0.010000000000000037], ""objective"": 8.254004589392817, ""success"": true, ""message"": ""`ftol` termination condition is satisfied."", ""evaluations"": 16, ""inference_unavailable_reasons"": [""parameter_on_boundary""]}]",dd2c52a65cb2135903dd4b288ee6c237656b8dc46a386eb1fe011d3b75b2f75f
117,baseline_fitted,117,13195447768863087574,0.98,0.010000000000000009,boundary,False,,78.4433305554156,0.98,0.010000000000000064,True,False,True,True,True,2,,4,True,"[{""start"": [0.5, 0.1], ""theta"": [0.9799999999996427, 0.010000000000008336], ""objective"": 78.44333055594308, ""success"": true, ""message"": ""`gtol` termination condition is satisfied."", ""evaluations"": 9, ""inference_unavailable_reasons"": [""parameter_on_boundary""]}, {""start"": [0.75, 0.4], ""theta"": [0.979999999999999, 0.01000000000000012], ""objective"": 78.44333055567009, ""success"": true, ""message"": ""`gtol` termination condition is satisfied."", ""evaluations"": 9, ""inference_unavailable_reasons"": [""parameter_on_boundary""]}, {""start"": [0.95, 0.7], ""theta"": [0.9799999999983247, 0.010000000000010667], ""objective"": 78.4433305573758, ""success"": true, ""message"": ""`gtol` termination condition is satisfied."", ""evaluations"": 14, ""inference_unavailable_reasons"": [""parameter_on_boundary""]}, {""start"": [0.8762, 0.2397], ""theta"": [0.98, 0.010000000000000064], ""objective"": 78.4433305554156, ""success"": true, ""message"": ""`gtol` termination condition is satisfied."", ""evaluations"": 10, ""inference_unavailable_reasons"": [""parameter_on_boundary""]}]",004c98b701e45fd15ec221261c6b15682987d80b4e20573b3e91c78d90dc5fae
118,baseline_fitted,118,8501280040792117794,0.98,0.010000000000000009,regular,False,,6.095091282330038,0.9304034201792801,0.07469725651776547,True,True,False,False,False,2,0.5286910192953675,4,True,"[{""start"": [0.5, 0.1], ""theta"": [0.9304034201792801, 0.07469725651776547], ""objective"": 6.095091282330038, ""success"": true, ""message"": ""`ftol` termination condition is satisfied."", ""evaluations"": 16, ""inference_unavailable_reasons"": []}, {""start"": [0.75, 0.4], ""theta"": [0.9304029802594036, 0.07469774774493376], ""objective"": 6.0950912828643915, ""success"": true, ""message"": ""`ftol` termination condition is satisfied."", ""evaluations"": 14, ""inference_unavailable_reasons"": []}, {""start"": [0.95, 0.7], ""theta"": [0.9304030661845144, 0.07469765180242993], ""objective"": 6.095091282742269, ""success"": true, ""message"": ""`ftol` termination condition is satisfied."", ""evaluations"": 20, ""inference_unavailable_reasons"": []}, {""start"": [0.8762, 0.2397], ""theta"": [0.9304033261656254, 0.07469736151615936], ""objective"": 6.095091282421489, ""success"": true, ""message"": ""`ftol` termination condition is satisfied."", ""evaluations"": 14, ""inference_unavailable_reasons"": []}]",95cf3d60e537e1bccb0ca9ffc0fcefd8785d61e23b2bff7a71aff1565c1d4faf
119,baseline_fitted,119,2173202064554010072,0.98,0.010000000000000009,regular,False,,15.459284255972268,0.9696002683400006,0.0271498158284611,True,True,False,False,False,2,0.030542591343350592,4,True,"[{""start"": [0.5, 0.1], ""theta"": [0.9696005723697618, 0.027149537197867113], ""objective"": 15.459284256817249, ""success"": true, ""message"": ""`ftol` termination condition is satisfied."", ""evaluations"": 23, ""inference_unavailable_reasons"": []}, {""start"": [0.75, 0.4], ""theta"": [0.9696005189750994, 0.027149730924892646], ""objective"": 15.459284256230653, ""success"": true, ""message"": ""`ftol` termination condition is satisfied."", ""evaluations"": 20, ""inference_unavailable_reasons"": []}, {""start"": [0.95, 0.7], ""theta"": [0.9696002683400006, 0.0271498158284611], ""objective"": 15.459284255972268, ""success"": true, ""message"": ""`ftol` termination condition is satisfied."", ""evaluations"": 21, ""inference_unavailable_reasons"": []}, {""start"": [0.8762, 0.2397], ""theta"": [0.9696008944545265, 0.02714917888069021], ""objective"": 15.459284258879649, ""success"": true, ""message"": ""`ftol` termination condition is satisfied."", ""evaluations"": 22, ""inference_unavailable_reasons"": []}]",ccfcf0ea79c6d85110fb0a8c8b6f0d83e0fbc7bab1863f99dafd64d7a4d8a41b
120,baseline_fitted,120,9730799814381571386,0.98,0.010000000000000009,boundary,False,,51.697057912073326,0.98,0.020250564629315418,True,False,True,True,False,2,,4,True,"[{""start"": [0.5, 0.1], ""theta"": [0.98, 0.020250564629315418], ""objective"": 51.697057912073326, ""success"": true, ""message"": ""`ftol` termination condition is satisfied."", ""evaluations"": 13, ""inference_unavailable_reasons"": [""parameter_on_boundary""]}, {""start"": [0.75, 0.4], ""theta"": [0.98, 0.020250564574946783], ""objective"": 51.69705791207744, ""success"": true, ""message"": ""`ftol` termination condition is satisfied."", ""evaluations"": 11, ""inference_unavailable_reasons"": [""parameter_on_boundary""]}, {""start"": [0.95, 0.7], ""theta"": [0.98, 0.02025056455612062], ""objective"": 51.69705791207778, ""success"": true, ""message"": ""`ftol` termination condition is satisfied."", ""evaluations"": 17, ""inference_unavailable_reasons"": [""parameter_on_boundary""]}, {""start"": [0.8762, 0.2397], ""theta"": [0.98, 0.020250565464917575], ""objective"": 51.697057912075294, ""success"": true, ""message"": ""Both `ftol` and `xtol` termination conditions are satisfied."", ""evaluations"": 11, ""inference_unavailable_reasons"": [""parameter_on_boundary""]}]",5c72dcdf46c488227457d99e06d3142b137a6bed8acf51433cf243d9df9d03db
121,baseline_fitted,121,5340456663133685075,0.98,0.010000000000000009,boundary,False,,14.75053475099238,0.9741630697287915,0.010000000000000064,True,False,True,False,True,2,,4,True,"[{""start"": [0.5, 0.1], ""theta"": [0.9741619053642961, 0.010000000000000009], ""objective"": 14.750534818081519, ""success"": true, ""message"": ""`ftol` termination condition is satisfied."", ""evaluations"": 28, ""inference_unavailable_reasons"": [""parameter_on_boundary""]}, {""start"": [0.75, 0.4], ""theta"": [0.9741627135703191, 0.010000000000000064], ""objective"": 14.750534766970507, ""success"": true, ""message"": ""`ftol` termination condition is satisfied."", ""evaluations"": 32, ""inference_unavailable_reasons"": [""parameter_on_boundary""]}, {""start"": [0.95, 0.7], ""theta"": [0.9741630087443726, 0.01000000000000012], ""objective"": 14.750534753462015, ""success"": true, ""message"": ""`ftol` termination condition is satisfied."", ""evaluations"": 39, ""inference_unavailable_reasons"": [""parameter_on_boundary""]}, {""start"": [0.8762, 0.2397], ""theta"": [0.9741630697287915, 0.010000000000000064], ""objective"": 14.75053475099238, ""success"": true, ""message"": ""`ftol` termination condition is satisfied."", ""evaluations"": 33, ""inference_unavailable_reasons"": [""parameter_on_boundary""]}]",80e941c62a082a1ac2a3f52dc52fb9ae5a44c6d74d6219f81b2d35f623d05bab
122,baseline_fitted,122,4268400833855995747,0.98,0.010000000000000009,boundary,False,,35.01209990904073,0.98,0.01000000000000012,True,False,True,True,True,2,,4,True,"[{""start"": [0.5, 0.1], ""theta"": [0.9799999999999995, 0.010000000000807072], ""objective"": 35.01209990924896, ""success"": true, ""message"": ""`gtol` termination condition is satisfied."", ""evaluations"": 15, ""inference_unavailable_reasons"": [""parameter_on_boundary""]}, {""start"": [0.75, 0.4], ""theta"": [0.98, 0.010000000000006504], ""objective"": 35.01209990904261, ""success"": true, ""message"": ""`gtol` termination condition is satisfied."", ""evaluations"": 10, ""inference_unavailable_reasons"": [""parameter_on_boundary""]}, {""start"": [0.95, 0.7], ""theta"": [0.98, 0.01000000000000012], ""objective"": 35.01209990904073, ""success"": true, ""message"": ""`gtol` termination condition is satisfied."", ""evaluations"": 16, ""inference_unavailable_reasons"": [""parameter_on_boundary""]}, {""start"": [0.8762, 0.2397], ""theta"": [0.9799999999999993, 0.010000000000350728], ""objective"": 35.01209990923499, ""success"": true, ""message"": ""`gtol` termination condition is satisfied."", ""evaluations"": 8, ""inference_unavailable_reasons"": [""parameter_on_boundary""]}]",d1f42255cabda7de6625e9695bbf2e0cf4c0de7733b5cdba9ed5dca9180a1269
123,baseline_fitted,123,233324742710708275,0.98,0.010000000000000009,boundary,False,,16.453362613164067,0.98,0.010000000000000009,True,False,True,True,True,2,,4,True,"[{""start"": [0.5, 0.1], ""theta"": [0.98, 0.010000000000000009], ""objective"": 16.453362613164067, ""success"": true, ""message"": ""`gtol` termination condition is satisfied."", ""evaluations"": 12, ""inference_unavailable_reasons"": [""parameter_on_boundary""]}, {""start"": [0.75, 0.4], ""theta"": [0.98, 0.01000000000000012], ""objective"": 16.453362613164067, ""success"": true, ""message"": ""`gtol` termination condition is satisfied."", ""evaluations"": 10, ""inference_unavailable_reasons"": [""parameter_on_boundary""]}, {""start"": [0.95, 0.7], ""theta"": [0.9799999999998408, 0.010000000000007114], ""objective"": 16.453362613242184, ""success"": true, ""message"": ""`gtol` termination condition is satisfied."", ""evaluations"": 16, ""inference_unavailable_reasons"": [""parameter_on_boundary""]}, {""start"": [0.8762, 0.2397], ""theta"": [0.9799999999999838, 0.01000000000000037], ""objective"": 16.45336261318697, ""success"": true, ""message"": ""`gtol` termination condition is satisfied."", ""evaluations"": 9, ""inference_unavailable_reasons"": [""parameter_on_boundary""]}]",eaa5786841c6cbed81eccfc8399d9ae2fae286a4360f3deea1f270a1627ddfbc
124,baseline_fitted,124,494041736460176390,0.98,0.010000000000000009,boundary,False,,11.147775004274568,0.9796722666256228,0.010000000000510142,True,False,True,False,True,2,,4,True,"[{""start"": [0.5, 0.1], ""theta"": [0.9796722666256228, 0.010000000000510142], ""objective"": 11.147775004274568, ""success"": true, ""message"": ""`ftol` termination condition is satisfied."", ""evaluations"": 21, ""inference_unavailable_reasons"": [""parameter_on_boundary""]}, {""start"": [0.75, 0.4], ""theta"": [0.9796724108091335, 0.010000000000028098], ""objective"": 11.147775004743522, ""success"": true, ""message"": ""`ftol` termination condition is satisfied."", ""evaluations"": 21, ""inference_unavailable_reasons"": [""parameter_on_boundary""]}, {""start"": [0.95, 0.7], ""theta"": [0.9796720650431447, 0.010000000036124002], ""objective"": 11.147775014394343, ""success"": true, ""message"": ""`ftol` termination condition is satisfied."", ""evaluations"": 26, ""inference_unavailable_reasons"": [""parameter_on_boundary""]}, {""start"": [0.8762, 0.2397], ""theta"": [0.9796720523022252, 0.010000000000027376], ""objective"": 11.147775004867054, ""success"": true, ""message"": ""`ftol` termination condition is satisfied."", ""evaluations"": 22, ""inference_unavailable_reasons"": [""parameter_on_boundary""]}]",fff2d688c65e7398147cc49f190a1381ce8fbf36799834e70733ef6942668045
125,baseline_fitted,125,5643862511972896835,0.98,0.010000000000000009,boundary,False,,2.1917534760688593,0.98,0.01932818526832783,True,False,True,True,False,2,,4,True,"[{""start"": [0.5, 0.1], ""theta"": [0.98, 0.01932818526832783], ""objective"": 2.1917534760688593, ""success"": true, ""message"": ""`ftol` termination condition is satisfied."", ""evaluations"": 13, ""inference_unavailable_reasons"": [""parameter_on_boundary""]}, {""start"": [0.75, 0.4], ""theta"": [0.98, 0.019328185274864018], ""objective"": 2.191753476069155, ""success"": true, ""message"": ""`gtol` termination condition is satisfied."", ""evaluations"": 11, ""inference_unavailable_reasons"": [""parameter_on_boundary""]}, {""start"": [0.95, 0.7], ""theta"": [0.98, 0.01932818527031621], ""objective"": 2.1917534760689024, ""success"": true, ""message"": ""`ftol` termination condition is satisfied."", ""evaluations"": 17, ""inference_unavailable_reasons"": [""parameter_on_boundary""]}, {""start"": [0.8762, 0.2397], ""theta"": [0.98, 0.0193281852717202], ""objective"": 2.1917534760693744, ""success"": true, ""message"": ""`ftol` termination condition is satisfied."", ""evaluations"": 10, ""inference_unavailable_reasons"": [""parameter_on_boundary""]}]",fd9d00931c540a048aacb70f5456fc388ecf321d07bd559143829f02eb6c85f5
126,baseline_fitted,126,1848454342876574311,0.98,0.010000000000000009,boundary,False,,10.344727479622007,0.98,0.010000000000000009,True,False,True,True,True,2,,4,True,"[{""start"": [0.5, 0.1], ""theta"": [0.98, 0.010000000000000009], ""objective"": 10.344727479622007, ""success"": true, ""message"": ""`gtol` termination condition is satisfied."", ""evaluations"": 11, ""inference_unavailable_reasons"": [""parameter_on_boundary""]}, {""start"": [0.75, 0.4], ""theta"": [0.98, 0.010000000000000064], ""objective"": 10.344727479622007, ""success"": true, ""message"": ""`gtol` termination condition is satisfied."", ""evaluations"": 10, ""inference_unavailable_reasons"": [""parameter_on_boundary""]}, {""start"": [0.95, 0.7], ""theta"": [0.979999999999889, 0.010000000000022768], ""objective"": 10.344727479655447, ""success"": true, ""message"": ""`gtol` termination condition is satisfied."", ""evaluations"": 15, ""inference_unavailable_reasons"": [""parameter_on_boundary""]}, {""start"": [0.8762, 0.2397], ""theta"": [0.9799999999999549, 0.010000000000007947], ""objective"": 10.344727479622064, ""success"": true, ""message"": ""`gtol` termination condition is satisfied."", ""evaluations"": 9, ""inference_unavailable_reasons"": [""parameter_on_boundary""]}]",70823f89a826b474912a18b93f318639be3b37ec808377db087dbc7c893b5a14
127,baseline_fitted,127,2803983997627500803,0.98,0.010000000000000009,boundary,False,,1.0897803603127332,0.9638394636703629,0.01000000000000012,True,False,True,False,True,2,,4,True,"[{""start"": [0.5, 0.1], ""theta"": [0.9638394637711338, 0.010000000000000009], ""objective"": 1.0897803603148797, ""success"": true, ""message"": ""`ftol` termination condition is satisfied."", ""evaluations"": 13, ""inference_unavailable_reasons"": [""parameter_on_boundary""]}, {""start"": [0.75, 0.4], ""theta"": [0.9638394635520491, 0.010000000000000064], ""objective"": 1.0897803603165932, ""success"": true, ""message"": ""`ftol` termination condition is satisfied."", ""evaluations"": 11, ""inference_unavailable_reasons"": [""parameter_on_boundary""]}, {""start"": [0.95, 0.7], ""theta"": [0.9638394636703629, 0.01000000000000012], ""objective"": 1.0897803603127332, ""success"": true, ""message"": ""`ftol` termination condition is satisfied."", ""evaluations"": 17, ""inference_unavailable_reasons"": [""parameter_on_boundary""]}, {""start"": [0.8762, 0.2397], ""theta"": [0.9638394634555573, 0.010000000000000064], ""objective"": 1.089780360312949, ""success"": true, ""message"": ""`ftol` termination condition is satisfied."", ""evaluations"": 10, ""inference_unavailable_reasons"": [""parameter_on_boundary""]}]",d928e4ccd7ced377623b51e4ef1d39d731ed4653841dbebf2c574f645f917829
128,baseline_fitted,128,2501761707040439804,0.98,0.010000000000000009,boundary,False,,29.80258880528001,0.9799999999999998,0.010000000000000064,True,False,True,True,True,2,,4,True,"[{""start"": [0.5, 0.1], ""theta"": [0.9799999999999999, 0.010000000000000009], ""objective"": 29.802588805321538, ""success"": true, ""message"": ""`gtol` termination condition is satisfied."", ""evaluations"": 10, ""inference_unavailable_reasons"": [""parameter_on_boundary""]}, {""start"": [0.75, 0.4], ""theta"": [0.98, 0.010000000000000064], ""objective"": 29.80258880533677, ""success"": true, ""message"": ""`gtol` termination condition is satisfied."", ""evaluations"": 10, ""inference_unavailable_reasons"": [""parameter_on_boundary""]}, {""start"": [0.95, 0.7], ""theta"": [0.9799999999999991, 0.01000000000000012], ""objective"": 29.80258880541112, ""success"": true, ""message"": ""`gtol` termination condition is satisfied."", ""evaluations"": 15, ""inference_unavailable_reasons"": [""parameter_on_boundary""]}, {""start"": [0.8762, 0.2397], ""theta"": [0.9799999999999998, 0.010000000000000064], ""objective"": 29.80258880528001, ""success"": true, ""message"": ""`gtol` termination condition is satisfied."", ""evaluations"": 10, ""inference_unavailable_reasons"": [""parameter_on_boundary""]}]",ab4dc482d59983f81da032d32af1fcec82f5f52413f2eae760f9832cfcea20b8
129,baseline_fitted,129,3978672856227084570,0.98,0.010000000000000009,boundary,False,,15.590860801367828,0.9799999999999992,0.010000000000000037,True,False,True,True,True,2,,4,True,"[{""start"": [0.5, 0.1], ""theta"": [0.9799999999586297, 0.010000000000000009], ""objective"": 15.59086080170269, ""success"": true, ""message"": ""`gtol` termination condition is satisfied."", ""evaluations"": 17, ""inference_unavailable_reasons"": [""parameter_on_boundary""]}, {""start"": [0.75, 0.4], ""theta"": [0.9799999999207452, 0.010000000000000064], ""objective"": 15.590860802013562, ""success"": true, ""message"": ""`gtol` termination condition is satisfied."", ""evaluations"": 14, ""inference_unavailable_reasons"": [""parameter_on_boundary""]}, {""start"": [0.95, 0.7], ""theta"": [0.9799999999995641, 0.01000000000000012], ""objective"": 15.590860801368153, ""success"": true, ""message"": ""`gtol` termination condition is satisfied."", ""evaluations"": 20, ""inference_unavailable_reasons"": [""parameter_on_boundary""]}, {""start"": [0.8762, 0.2397], ""theta"": [0.9799999999999992, 0.010000000000000037], ""objective"": 15.590860801367828, ""success"": true, ""message"": ""`gtol` termination condition is satisfied."", ""evaluations"": 13, ""inference_unavailable_reasons"": [""parameter_on_boundary""]}]",825f341612950bcbec0f67ee9b286d94bd0673626a72610ecc73d51a7b5bde56
130,baseline_fitted,130,10387291349086144499,0.98,0.010000000000000009,boundary,False,,9.270982815894051,0.9658444934915891,0.010000000000000064,True,False,True,False,True,2,,4,True,"[{""start"": [0.5, 0.1], ""theta"": [0.9658431665305633, 0.010000000000000009], ""objective"": 9.270982825583868, ""success"": true, ""message"": ""`ftol` termination condition is satisfied."", ""evaluations"": 19, ""inference_unavailable_reasons"": [""parameter_on_boundary""]}, {""start"": [0.75, 0.4], ""theta"": [0.9658444934915891, 0.010000000000000064], ""objective"": 9.270982815894051, ""success"": true, ""message"": ""`ftol` termination condition is satisfied."", ""evaluations"": 24, ""inference_unavailable_reasons"": [""parameter_on_boundary""]}, {""start"": [0.95, 0.7], ""theta"": [0.9658442685981926, 0.01000000000000012], ""objective"": 9.270982816497511, ""success"": true, ""message"": ""`ftol` termination condition is satisfied."", ""evaluations"": 25, ""inference_unavailable_reasons"": [""parameter_on_boundary""]}, {""start"": [0.8762, 0.2397], ""theta"": [0.9658443503494298, 0.010000000000000037], ""objective"": 9.270982816231168, ""success"": true, ""message"": ""`ftol` termination condition is satisfied."", ""evaluations"": 21, ""inference_unavailable_reasons"": [""parameter_on_boundary""]}]",9b29a887e7cfbcaa9cc2a6fdc458f36c3ef002530f82537dcc0aa5190058e05d
131,baseline_fitted,131,5706913050670421018,0.98,0.010000000000000009,regular,False,,29.227486582408,0.9101651716058587,0.10135290959006087,True,True,False,False,False,2,0.0001314979971141914,4,True,"[{""start"": [0.5, 0.1], ""theta"": [0.9101651716058587, 0.10135290959006087], ""objective"": 29.227486582408, ""success"": true, ""message"": ""`ftol` termination condition is satisfied."", ""evaluations"": 13, ""inference_unavailable_reasons"": []}, {""start"": [0.75, 0.4], ""theta"": [0.9101650949585613, 0.1013529776428917], ""objective"": 29.227486582473624, ""success"": true, ""message"": ""`ftol` termination condition is satisfied."", ""evaluations"": 11, ""inference_unavailable_reasons"": []}, {""start"": [0.95, 0.7], ""theta"": [0.910165153636433, 0.1013529253977592], ""objective"": 29.22748658243416, ""success"": true, ""message"": ""`ftol` termination condition is satisfied."", ""evaluations"": 17, ""inference_unavailable_reasons"": []}, {""start"": [0.8762, 0.2397], ""theta"": [0.9101649556456024, 0.1013531018683064], ""objective"": 29.22748658264957, ""success"": true, ""message"": ""`ftol` termination condition is satisfied."", ""evaluations"": 10, ""inference_unavailable_reasons"": []}]",029ac0b518a91f901d57969f5c0c5714ab7a0b04d8fd69a85884266c476fd00c
132,baseline_fitted,132,13600546252264409501,0.98,0.010000000000000009,boundary,False,,17.63453374158104,0.98,0.010000000000000009,True,False,True,True,True,2,,4,True,"[{""start"": [0.5, 0.1], ""theta"": [0.98, 0.010000000000000009], ""objective"": 17.63453374158104, ""success"": true, ""message"": ""`gtol` termination condition is satisfied."", ""evaluations"": 12, ""inference_unavailable_reasons"": [""parameter_on_boundary""]}, {""start"": [0.75, 0.4], ""theta"": [0.9799999999999804, 0.010000000000692288], ""objective"": 17.634533741762723, ""success"": true, ""message"": ""`gtol` termination condition is satisfied."", ""evaluations"": 10, ""inference_unavailable_reasons"": [""parameter_on_boundary""]}, {""start"": [0.95, 0.7], ""theta"": [0.9799999999999576, 0.010000000000006448], ""objective"": 17.634533741636382, ""success"": true, ""message"": ""`gtol` termination condition is satisfied."", ""evaluations"": 15, ""inference_unavailable_reasons"": [""parameter_on_boundary""]}, {""start"": [0.8762, 0.2397], ""theta"": [0.98, 0.010000000000000037], ""objective"": 17.63453374158104, ""success"": true, ""message"": ""`gtol` termination condition is satisfied."", ""evaluations"": 9, ""inference_unavailable_reasons"": [""parameter_on_boundary""]}]",fecbc32671ce395f96c3252bfaa8fd821d9752a4f66441511953b86f71e22a68
133,baseline_fitted,133,1423457738079253622,0.98,0.010000000000000009,boundary,False,,31.014808069224514,0.9606526220070486,0.010000000000000842,True,False,True,False,True,2,,4,True,"[{""start"": [0.5, 0.1], ""theta"": [0.96065274145505, 0.010000000000938078], ""objective"": 31.01480806926328, ""success"": true, ""message"": ""`ftol` termination condition is satisfied."", ""evaluations"": 23, ""inference_unavailable_reasons"": [""parameter_on_boundary""]}, {""start"": [0.75, 0.4], ""theta"": [0.9606526220070486, 0.010000000000000842], ""objective"": 31.014808069224514, ""success"": true, ""message"": ""`ftol` termination condition is satisfied."", ""evaluations"": 29, ""inference_unavailable_reasons"": [""parameter_on_boundary""]}, {""start"": [0.95, 0.7], ""theta"": [0.9606531571119317, 0.010000000000006448], ""objective"": 31.014808071372375, ""success"": true, ""message"": ""`ftol` termination condition is satisfied."", ""evaluations"": 29, ""inference_unavailable_reasons"": [""parameter_on_boundary""]}, {""start"": [0.8762, 0.2397], ""theta"": [0.960652998050641, 0.010000000000434578], ""objective"": 31.014808070072135, ""success"": true, ""message"": ""`ftol` termination condition is satisfied."", ""evaluations"": 28, ""inference_unavailable_reasons"": [""parameter_on_boundary""]}]",06ebc1de251d755fb18b5d2bb2248f2aad199e99db0bc18e0932d3eec7681142
134,baseline_fitted,134,8256304729831314355,0.98,0.010000000000000009,regular,False,,2.204123154388144,0.9406494782211127,0.07830908940683412,True,True,False,False,False,2,0.947684120438098,4,True,"[{""start"": [0.5, 0.1], ""theta"": [0.9406496798898107, 0.07830872893789881], ""objective"": 2.204123154398669, ""success"": true, ""message"": ""`ftol` termination condition is satisfied."", ""evaluations"": 11, ""inference_unavailable_reasons"": []}, {""start"": [0.75, 0.4], ""theta"": [0.9406497163008284, 0.07830866383703056], ""objective"": 2.204123154422517, ""success"": true, ""message"": ""`ftol` termination condition is satisfied."", ""evaluations"": 10, ""inference_unavailable_reasons"": []}, {""start"": [0.95, 0.7], ""theta"": [0.9406494782211127, 0.07830908940683412], ""objective"": 2.204123154388144, ""success"": true, ""message"": ""`ftol` termination condition is satisfied."", ""evaluations"": 16, ""inference_unavailable_reasons"": []}, {""start"": [0.8762, 0.2397], ""theta"": [0.940649729796331, 0.07830863972818866], ""objective"": 2.204123154428207, ""success"": true, ""message"": ""`ftol` termination condition is satisfied."", ""evaluations"": 8, ""inference_unavailable_reasons"": []}]",fc9c04d1a77771a33ec53560935defe26c31e57a185b332458ef4903abe8834c
135,baseline_fitted,135,7278069004272148031,0.98,0.010000000000000009,boundary,False,,26.86590440803342,0.9799999999999999,0.01000000000000012,True,False,True,True,True,2,,4,True,"[{""start"": [0.5, 0.1], ""theta"": [0.9799999999995044, 0.010000000000000231], ""objective"": 26.865904408111714, ""success"": true, ""message"": ""`gtol` termination condition is satisfied."", ""evaluations"": 10, ""inference_unavailable_reasons"": [""parameter_on_boundary""]}, {""start"": [0.75, 0.4], ""theta"": [0.9799999999984066, 0.010000000000005338], ""objective"": 26.865904408287214, ""success"": true, ""message"": ""`gtol` termination condition is satisfied."", ""evaluations"": 10, ""inference_unavailable_reasons"": [""parameter_on_boundary""]}, {""start"": [0.95, 0.7], ""theta"": [0.9799999999999999, 0.01000000000000012], ""objective"": 26.86590440803342, ""success"": true, ""message"": ""`gtol` termination condition is satisfied."", ""evaluations"": 16, ""inference_unavailable_reasons"": [""parameter_on_boundary""]}, {""start"": [0.8762, 0.2397], ""theta"": [0.98, 0.010000000000000037], ""objective"": 26.86590440805228, ""success"": true, ""message"": ""`gtol` termination condition is satisfied."", ""evaluations"": 11, ""inference_unavailable_reasons"": [""parameter_on_boundary""]}]",7a53617129c53a57fbde00523274e13831c50fe5d2cfd3f7087f23e373e2b9b6
136,baseline_fitted,136,3639881522727483667,0.98,0.010000000000000009,boundary,False,,9.49274381551232,0.9799999999999999,0.03546953822476134,True,False,True,True,False,2,,4,True,"[{""start"": [0.5, 0.1], ""theta"": [0.9799999999999999, 0.03546953822476134], ""objective"": 9.49274381551232, ""success"": true, ""message"": ""`gtol` termination condition is satisfied."", ""evaluations"": 13, ""inference_unavailable_reasons"": [""parameter_on_boundary""]}, {""start"": [0.75, 0.4], ""theta"": [0.97999999999999, 0.035469538265968936], ""objective"": 9.492743815516565, ""success"": true, ""message"": ""`ftol` termination condition is satisfied."", ""evaluations"": 11, ""inference_unavailable_reasons"": [""parameter_on_boundary""]}, {""start"": [0.95, 0.7], ""theta"": [0.9799999999999992, 0.03546953822959298], ""objective"": 9.492743815523312, ""success"": true, ""message"": ""`ftol` termination condition is satisfied."", ""evaluations"": 16, ""inference_unavailable_reasons"": [""parameter_on_boundary""]}, {""start"": [0.8762, 0.2397], ""theta"": [0.9799999999999872, 0.03546953827262653], ""objective"": 9.492743815533428, ""success"": true, ""message"": ""`ftol` termination condition is satisfied."", ""evaluations"": 10, ""inference_unavailable_reasons"": [""parameter_on_boundary""]}]",99168e352ecf0719fbdd572428d4056c1997dbdf2827fc96ffca6ceb840063ce
137,baseline_fitted,137,9813576647396553145,0.98,0.010000000000000009,boundary,False,,3.8682307362361166,0.9626926841921337,0.010000000000000231,True,False,True,False,True,2,,4,True,"[{""start"": [0.5, 0.1], ""theta"": [0.962693714922471, 0.010000000000000009], ""objective"": 3.8682307367555526, ""success"": true, ""message"": ""`ftol` termination condition is satisfied."", ""evaluations"": 15, ""inference_unavailable_reasons"": [""parameter_on_boundary""]}, {""start"": [0.75, 0.4], ""theta"": [0.9626937130328388, 0.010000000000000064], ""objective"": 3.8682307367495885, ""success"": true, ""message"": ""`ftol` termination condition is satisfied."", ""evaluations"": 14, ""inference_unavailable_reasons"": [""parameter_on_boundary""]}, {""start"": [0.95, 0.7], ""theta"": [0.9626926841921337, 0.010000000000000231], ""objective"": 3.8682307362361166, ""success"": true, ""message"": ""`ftol` termination condition is satisfied."", ""evaluations"": 21, ""inference_unavailable_reasons"": [""parameter_on_boundary""]}, {""start"": [0.8762, 0.2397], ""theta"": [0.9626937544255242, 0.010000000000000037], ""objective"": 3.8682307368671207, ""success"": true, ""message"": ""`ftol` termination condition is satisfied."", ""evaluations"": 14, ""inference_unavailable_reasons"": [""parameter_on_boundary""]}]",9ad6f3830136cadb04cd3e70bf89fa9a38746ae49393bc8638fb8c9bc4d5c2f4
138,baseline_fitted,138,8115309557374161355,0.98,0.010000000000000009,regular,False,,15.943797120229908,0.9311548482631467,0.06127899683167039,True,True,False,False,False,2,0.025634827857673317,4,True,"[{""start"": [0.5, 0.1], ""theta"": [0.9311548482631467, 0.06127899683167039], ""objective"": 15.943797120229908, ""success"": true, ""message"": ""`ftol` termination condition is satisfied."", ""evaluations"": 16, ""inference_unavailable_reasons"": []}, {""start"": [0.75, 0.4], ""theta"": [0.9311544433157241, 0.0612794393914029], ""objective"": 15.943797120749235, ""success"": true, ""message"": ""`ftol` termination condition is satisfied."", ""evaluations"": 14, ""inference_unavailable_reasons"": []}, {""start"": [0.95, 0.7], ""theta"": [0.9311542479240376, 0.06127965297270832], ""objective"": 15.943797121101113, ""success"": true, ""message"": ""`ftol` termination condition is satisfied."", ""evaluations"": 20, ""inference_unavailable_reasons"": []}, {""start"": [0.8762, 0.2397], ""theta"": [0.9311547416033567, 0.06127911335191352], ""objective"": 15.94379712034525, ""success"": true, ""message"": ""`ftol` termination condition is satisfied."", ""evaluations"": 14, ""inference_unavailable_reasons"": []}]",b1742d3480a8ec4fe3fbe87d8eb17dc08a28d497ec656d316aa56dd4e1ef0191
139,baseline_fitted,139,14666796607229796787,0.98,0.010000000000000009,boundary,False,,108.71867249333214,0.98,0.012031259586099616,True,False,True,True,False,2,,4,True,"[{""start"": [0.5, 0.1], ""theta"": [0.98, 0.012031259586099616], ""objective"": 108.71867249333214, ""success"": true, ""message"": ""`ftol` termination condition is satisfied."", ""evaluations"": 12, ""inference_unavailable_reasons"": [""parameter_on_boundary""]}, {""start"": [0.75, 0.4], ""theta"": [0.98, 0.012031257484685476], ""objective"": 108.71867249333633, ""success"": true, ""message"": ""`ftol` termination condition is satisfied."", ""evaluations"": 12, ""inference_unavailable_reasons"": [""parameter_on_boundary""]}, {""start"": [0.95, 0.7], ""theta"": [0.98, 0.012031259852466114], ""objective"": 108.71867249333698, ""success"": true, ""message"": ""`ftol` termination condition is satisfied."", ""evaluations"": 17, ""inference_unavailable_reasons"": [""parameter_on_boundary""]}, {""start"": [0.8762, 0.2397], ""theta"": [0.98, 0.012031257083383595], ""objective"": 108.71867249333289, ""success"": true, ""message"": ""`gtol` termination condition is satisfied."", ""evaluations"": 12, ""inference_unavailable_reasons"": [""parameter_on_boundary""]}]",a4b1573b8749a0bb078c027aefb83550c25da3ed5b3d51ada8ea8bf884486b83
140,baseline_fitted,140,12111127438169486582,0.98,0.010000000000000009,boundary,False,,4.517519142061209,0.98,0.022533773537768365,True,False,True,True,False,2,,4,True,"[{""start"": [0.5, 0.1], ""theta"": [0.98, 0.022533773562352075], ""objective"": 4.517519142061548, ""success"": true, ""message"": ""`xtol` termination condition is satisfied."", ""evaluations"": 12, ""inference_unavailable_reasons"": [""parameter_on_boundary""]}, {""start"": [0.75, 0.4], ""theta"": [0.98, 0.022533773537768365], ""objective"": 4.517519142061209, ""success"": true, ""message"": ""`ftol` termination condition is satisfied."", ""evaluations"": 11, ""inference_unavailable_reasons"": [""parameter_on_boundary""]}, {""start"": [0.95, 0.7], ""theta"": [0.9799999999999995, 0.02253377355679631], ""objective"": 4.517519142064405, ""success"": true, ""message"": ""`ftol` termination condition is satisfied."", ""evaluations"": 16, ""inference_unavailable_reasons"": [""parameter_on_boundary""]}, {""start"": [0.8762, 0.2397], ""theta"": [0.98, 0.022533773540072743], ""objective"": 4.517519142061348, ""success"": true, ""message"": ""`gtol` termination condition is satisfied."", ""evaluations"": 10, ""inference_unavailable_reasons"": [""parameter_on_boundary""]}]",b87eb25d85da1e4a9d82549c7ae5bc534d1519aba7cdc492847a214f172d5544
141,baseline_fitted,141,10518990773260984032,0.98,0.010000000000000009,boundary,False,,5.091650663303023,0.9769119255426123,0.010000000000000064,True,False,True,False,True,2,,4,True,"[{""start"": [0.5, 0.1], ""theta"": [0.9769119284676349, 0.009999999999999995], ""objective"": 5.091650663307989, ""success"": true, ""message"": ""`ftol` termination condition is satisfied."", ""evaluations"": 15, ""inference_unavailable_reasons"": [""parameter_on_boundary""]}, {""start"": [0.75, 0.4], ""theta"": [0.9769119255426123, 0.010000000000000064], ""objective"": 5.091650663303023, ""success"": true, ""message"": ""`ftol` termination condition is satisfied."", ""evaluations"": 13, ""inference_unavailable_reasons"": [""parameter_on_boundary""]}, {""start"": [0.95, 0.7], ""theta"": [0.9769119250233477, 0.01000000000000012], ""objective"": 5.091650663303317, ""success"": true, ""message"": ""`ftol` termination condition is satisfied."", ""evaluations"": 19, ""inference_unavailable_reasons"": [""parameter_on_boundary""]}, {""start"": [0.8762, 0.2397], ""theta"": [0.9769120368458059, 0.010000000000000037], ""objective"": 5.091650663339634, ""success"": true, ""message"": ""`ftol` termination condition is satisfied."", ""evaluations"": 12, ""inference_unavailable_reasons"": [""parameter_on_boundary""]}]",0e2ddfe7e5b6a8973be9b61324b9ed691d6c890ea6f60353b30fc9db9a6024ad
142,baseline_fitted,142,3787579010440447706,0.98,0.010000000000000009,boundary,False,,3.712409513543771,0.9499587197311236,0.01000000000000012,True,False,True,False,True,2,,4,True,"[{""start"": [0.5, 0.1], ""theta"": [0.9499586910640812, 0.010000000000000009], ""objective"": 3.7124095135475597, ""success"": true, ""message"": ""`ftol` termination condition is satisfied."", ""evaluations"": 12, ""inference_unavailable_reasons"": [""parameter_on_boundary""]}, {""start"": [0.75, 0.4], ""theta"": [0.9499587774060109, 0.010000000000000064], ""objective"": 3.7124095135603437, ""success"": true, ""message"": ""`ftol` termination condition is satisfied."", ""evaluations"": 9, ""inference_unavailable_reasons"": [""parameter_on_boundary""]}, {""start"": [0.95, 0.7], ""theta"": [0.9499587197311236, 0.01000000000000012], ""objective"": 3.712409513543771, ""success"": true, ""message"": ""`ftol` termination condition is satisfied."", ""evaluations"": 16, ""inference_unavailable_reasons"": [""parameter_on_boundary""]}, {""start"": [0.8762, 0.2397], ""theta"": [0.9499586234063717, 0.010000000000000037], ""objective"": 3.712409513563417, ""success"": true, ""message"": ""`ftol` termination condition is satisfied."", ""evaluations"": 9, ""inference_unavailable_reasons"": [""parameter_on_boundary""]}]",dc2d421d3413a718a9f7f20a32fe94581276f871112619025e222ffdbcf05d54
143,baseline_fitted,143,14299426467207981485,0.98,0.010000000000000009,boundary,False,,15.414569463032125,0.98,0.010000000000000175,True,False,True,True,True,2,,4,True,"[{""start"": [0.5, 0.1], ""theta"": [0.98, 0.010000000000523146], ""objective"": 15.414569463056072, ""success"": true, ""message"": ""`gtol` termination condition is satisfied."", ""evaluations"": 13, ""inference_unavailable_reasons"": [""parameter_on_boundary""]}, {""start"": [0.75, 0.4], ""theta"": [0.98, 0.010000000000000175], ""objective"": 15.414569463032125, ""success"": true, ""message"": ""`gtol` termination condition is satisfied."", ""evaluations"": 12, ""inference_unavailable_reasons"": [""parameter_on_boundary""]}, {""start"": [0.95, 0.7], ""theta"": [0.9799999999999998, 0.010000000005563559], ""objective"": 15.414569463312802, ""success"": true, ""message"": ""`gtol` termination condition is satisfied."", ""evaluations"": 17, ""inference_unavailable_reasons"": [""parameter_on_boundary""]}, {""start"": [0.8762, 0.2397], ""theta"": [0.98, 0.010000000000000425], ""objective"": 15.414569463032125, ""success"": true, ""message"": ""`gtol` termination condition is satisfied."", ""evaluations"": 11, ""inference_unavailable_reasons"": [""parameter_on_boundary""]}]",cacf3fa84b4e06f1b7e0fc9be39546ba5a83691402cd896919222cbf60328ebf
144,baseline_fitted,144,11921221517733835856,0.98,0.010000000000000009,boundary,False,,9.386246526688918,0.9782375974796753,0.010000000000000009,True,False,True,False,True,2,,4,True,"[{""start"": [0.5, 0.1], ""theta"": [0.9782375749732185, 0.010000000000000009], ""objective"": 9.386246526954071, ""success"": true, ""message"": ""`ftol` termination condition is satisfied."", ""evaluations"": 18, ""inference_unavailable_reasons"": [""parameter_on_boundary""]}, {""start"": [0.75, 0.4], ""theta"": [0.9782375789188367, 0.010000000000000064], ""objective"": 9.38624652690674, ""success"": true, ""message"": ""`ftol` termination condition is satisfied."", ""evaluations"": 14, ""inference_unavailable_reasons"": [""parameter_on_boundary""]}, {""start"": [0.95, 0.7], ""theta"": [0.9782375974796753, 0.010000000000000009], ""objective"": 9.386246526688918, ""success"": true, ""message"": ""`ftol` termination condition is satisfied."", ""evaluations"": 22, ""inference_unavailable_reasons"": [""parameter_on_boundary""]}, {""start"": [0.8762, 0.2397], ""theta"": [0.9782375949243195, 0.010000000000000037], ""objective"": 9.386246526718526, ""success"": true, ""message"": ""`ftol` termination condition is satisfied."", ""evaluations"": 14, ""inference_unavailable_reasons"": [""parameter_on_boundary""]}]",76e1cc2eef8d5cfbc810531e27c2ac1bb0273e3e3993dd0a6cb9a047cedf7ea2
145,baseline_fitted,145,1129964324717663171,0.98,0.010000000000000009,regular,False,,47.328157105039736,0.9357465901708316,0.06277495038253778,True,True,False,False,False,2,4.816831973686699e-08,4,True,"[{""start"": [0.5, 0.1], ""theta"": [0.935747021077498, 0.06277433539945329], ""objective"": 47.328157108896875, ""success"": true, ""message"": ""`ftol` termination condition is satisfied."", ""evaluations"": 14, ""inference_unavailable_reasons"": []}, {""start"": [0.75, 0.4], ""theta"": [0.9357471805369051, 0.06277410779486658], ""objective"": 47.32815711065825, ""success"": true, ""message"": ""`ftol` termination condition is satisfied."", ""evaluations"": 13, ""inference_unavailable_reasons"": []}, {""start"": [0.95, 0.7], ""theta"": [0.9357465901708316, 0.06277495038253778], ""objective"": 47.328157105039736, ""success"": true, ""message"": ""`ftol` termination condition is satisfied."", ""evaluations"": 19, ""inference_unavailable_reasons"": []}, {""start"": [0.8762, 0.2397], ""theta"": [0.9357469475088341, 0.06277444038247337], ""objective"": 47.32815710814121, ""success"": true, ""message"": ""`ftol` termination condition is satisfied."", ""evaluations"": 12, ""inference_unavailable_reasons"": []}]",2f6caa0480ac3b65c4c361af0c3cb3d281c931ca36180c9b26fc874df68fce81
146,baseline_fitted,146,6425812643055537623,0.98,0.010000000000000009,boundary,False,,20.960105770384068,0.9799999999999999,0.010000000000040976,True,False,True,True,True,2,,4,True,"[{""start"": [0.5, 0.1], ""theta"": [0.98, 0.010000000000000009], ""objective"": 20.96010577038606, ""success"": true, ""message"": ""`gtol` termination condition is satisfied."", ""evaluations"": 11, ""inference_unavailable_reasons"": [""parameter_on_boundary""]}, {""start"": [0.75, 0.4], ""theta"": [0.98, 0.010000000000000064], ""objective"": 20.96010577038606, ""success"": true, ""message"": ""`gtol` termination condition is satisfied."", ""evaluations"": 10, ""inference_unavailable_reasons"": [""parameter_on_boundary""]}, {""start"": [0.95, 0.7], ""theta"": [0.9799999999999844, 0.010000000018109967], ""objective"": 20.960105772364102, ""success"": true, ""message"": ""`gtol` termination condition is satisfied."", ""evaluations"": 15, ""inference_unavailable_reasons"": [""parameter_on_boundary""]}, {""start"": [0.8762, 0.2397], ""theta"": [0.9799999999999999, 0.010000000000040976], ""objective"": 20.960105770384068, ""success"": true, ""message"": ""`gtol` termination condition is satisfied."", ""evaluations"": 9, ""inference_unavailable_reasons"": [""parameter_on_boundary""]}]",510eb5d93b69fe57e3a382c0bdc905e012cd4983ddb4d2aff9ee2049bad17572
147,baseline_fitted,147,2276248374019619119,0.98,0.010000000000000009,boundary,False,,48.71807898427983,0.98,0.01000000000000037,True,False,True,True,True,2,,4,True,"[{""start"": [0.5, 0.1], ""theta"": [0.979999999998463, 0.01000000000002503], ""objective"": 48.71807898444524, ""success"": true, ""message"": ""`gtol` termination condition is satisfied."", ""evaluations"": 10, ""inference_unavailable_reasons"": [""parameter_on_boundary""]}, {""start"": [0.75, 0.4], ""theta"": [0.9799999999999967, 0.010000000005025766], ""objective"": 48.71807898483319, ""success"": true, ""message"": ""`gtol` termination condition is satisfied."", ""evaluations"": 10, ""inference_unavailable_reasons"": [""parameter_on_boundary""]}, {""start"": [0.95, 0.7], ""theta"": [0.9799999999999871, 0.010000000000194964], ""objective"": 48.71807898430252, ""success"": true, ""message"": ""`gtol` termination condition is satisfied."", ""evaluations"": 15, ""inference_unavailable_reasons"": [""parameter_on_boundary""]}, {""start"": [0.8762, 0.2397], ""theta"": [0.98, 0.01000000000000037], ""objective"": 48.71807898427983, ""success"": true, ""message"": ""`gtol` termination condition is satisfied."", ""evaluations"": 10, ""inference_unavailable_reasons"": [""parameter_on_boundary""]}]",585049e7db54637ec2fd846bcbe01b798454a96aa7fc60155e71b548e78cc63f
148,baseline_fitted,148,2795024364266070522,0.98,0.010000000000000009,boundary,False,,64.39395374683903,0.98,0.010000000000000009,True,False,True,True,True,2,,4,True,"[{""start"": [0.5, 0.1], ""theta"": [0.98, 0.010000000000000009], ""objective"": 64.39395374683903, ""success"": true, ""message"": ""`gtol` termination condition is satisfied."", ""evaluations"": 10, ""inference_unavailable_reasons"": [""parameter_on_boundary""]}, {""start"": [0.75, 0.4], ""theta"": [0.98, 0.010000000000000064], ""objective"": 64.39395374683903, ""success"": true, ""message"": ""`gtol` termination condition is satisfied."", ""evaluations"": 10, ""inference_unavailable_reasons"": [""parameter_on_boundary""]}, {""start"": [0.95, 0.7], ""theta"": [0.9799999999999914, 0.01000000000000012], ""objective"": 64.39395374698096, ""success"": true, ""message"": ""`gtol` termination condition is satisfied."", ""evaluations"": 15, ""inference_unavailable_reasons"": [""parameter_on_boundary""]}, {""start"": [0.8762, 0.2397], ""theta"": [0.9799999999999784, 0.010000000000000037], ""objective"": 64.39395374702228, ""success"": true, ""message"": ""`gtol` termination condition is satisfied."", ""evaluations"": 10, ""inference_unavailable_reasons"": [""parameter_on_boundary""]}]",54613cf36a1f3a2bcc613c58a6a6fd26efc06cd06208d0c5c45010884f65d2c7
149,baseline_fitted,149,16482319713752870115,0.98,0.010000000000000009,boundary,False,,17.017813519401336,0.98,0.010000000000000009,True,False,True,True,True,2,,4,True,"[{""start"": [0.5, 0.1], ""theta"": [0.98, 0.010000000000000009], ""objective"": 17.017813519401336, ""success"": true, ""message"": ""`gtol` termination condition is satisfied."", ""evaluations"": 13, ""inference_unavailable_reasons"": [""parameter_on_boundary""]}, {""start"": [0.75, 0.4], ""theta"": [0.98, 0.010000000000000064], ""objective"": 17.017813519401336, ""success"": true, ""message"": ""`gtol` termination condition is satisfied."", ""evaluations"": 11, ""inference_unavailable_reasons"": [""parameter_on_boundary""]}, {""start"": [0.95, 0.7], ""theta"": [0.98, 0.01000000000000012], ""objective"": 17.017813519401336, ""success"": true, ""message"": ""`gtol` termination condition is satisfied."", ""evaluations"": 17, ""inference_unavailable_reasons"": [""parameter_on_boundary""]}, {""start"": [0.8762, 0.2397], ""theta"": [0.9799999999999983, 0.010000000002174575], ""objective"": 17.017813519584053, ""success"": true, ""message"": ""`gtol` termination condition is satisfied."", ""evaluations"": 9, ""inference_unavailable_reasons"": [""parameter_on_boundary""]}]",840c94f8da6cddf95fc5947b8f6b8ce5cdd580b0a0a78cdfd2ec19b0943c5011
150,baseline_fitted,150,6511565019802291255,0.98,0.010000000000000009,boundary,False,,5.369932164052051,0.9504836916663153,0.010000000000000009,True,False,True,False,True,2,,4,True,"[{""start"": [0.5, 0.1], ""theta"": [0.9504837037853683, 0.010000000000000023], ""objective"": 5.369932164088417, ""success"": true, ""message"": ""`ftol` termination condition is satisfied."", ""evaluations"": 15, ""inference_unavailable_reasons"": [""parameter_on_boundary""]}, {""start"": [0.75, 0.4], ""theta"": [0.9504822936368056, 0.010000000000000064], ""objective"": 5.369932164702759, ""success"": true, ""message"": ""`ftol` termination condition is satisfied."", ""evaluations"": 14, ""inference_unavailable_reasons"": [""parameter_on_boundary""]}, {""start"": [0.95, 0.7], ""theta"": [0.9504836916663153, 0.010000000000000009], ""objective"": 5.369932164052051, ""success"": true, ""message"": ""`ftol` termination condition is satisfied."", ""evaluations"": 19, ""inference_unavailable_reasons"": [""parameter_on_boundary""]}, {""start"": [0.8762, 0.2397], ""theta"": [0.9504823733948421, 0.010000000000000037], ""objective"": 5.36993216447935, ""success"": true, ""message"": ""`ftol` termination condition is satisfied."", ""evaluations"": 14, ""inference_unavailable_reasons"": [""parameter_on_boundary""]}]",2412ff0875c7e6a1d9b8efece6ddd775dd8514e6470680ebc68128f94ebdd0ef
151,baseline_fitted,151,2685016174285844388,0.98,0.010000000000000009,boundary,False,,118.27991525640839,0.9799999999999999,0.010000000000000009,True,False,True,True,True,2,,4,True,"[{""start"": [0.5, 0.1], ""theta"": [0.9799999999999999, 0.010000000000000009], ""objective"": 118.27991525640839, ""success"": true, ""message"": ""`gtol` termination condition is satisfied."", ""evaluations"": 10, ""inference_unavailable_reasons"": [""parameter_on_boundary""]}, {""start"": [0.75, 0.4], ""theta"": [0.98, 0.010000000000000009], ""objective"": 118.27991525644829, ""success"": true, ""message"": ""`gtol` termination condition is satisfied."", ""evaluations"": 10, ""inference_unavailable_reasons"": [""parameter_on_boundary""]}, {""start"": [0.95, 0.7], ""theta"": [0.9799999999999427, 0.01000000000000012], ""objective"": 118.27991525643105, ""success"": true, ""message"": ""`gtol` termination condition is satisfied."", ""evaluations"": 15, ""inference_unavailable_reasons"": [""parameter_on_boundary""]}, {""start"": [0.8762, 0.2397], ""theta"": [0.979999999999976, 0.010000000000000037], ""objective"": 118.27991525663977, ""success"": true, ""message"": ""`gtol` termination condition is satisfied."", ""evaluations"": 10, ""inference_unavailable_reasons"": [""parameter_on_boundary""]}]",40db46e93a2dce2321e73e7ea5eb87c73395fe8cbe5aad1e5c4fbfd3ff13817d
152,baseline_fitted,152,6714930433163905075,0.98,0.010000000000000009,boundary,False,,5.143148693108949,0.9799999999999998,0.010000000000000009,True,False,True,True,True,2,,4,True,"[{""start"": [0.5, 0.1], ""theta"": [0.9799999999999998, 0.010000000000000009], ""objective"": 5.143148693108949, ""success"": true, ""message"": ""`gtol` termination condition is satisfied."", ""evaluations"": 14, ""inference_unavailable_reasons"": [""parameter_on_boundary""]}, {""start"": [0.75, 0.4], ""theta"": [0.9799999999991756, 0.010000000000000064], ""objective"": 5.143148693139725, ""success"": true, ""message"": ""`gtol` termination condition is satisfied."", ""evaluations"": 12, ""inference_unavailable_reasons"": [""parameter_on_boundary""]}, {""start"": [0.95, 0.7], ""theta"": [0.9799999999853019, 0.010000000000000453], ""objective"": 5.1431486935297475, ""success"": true, ""message"": ""`gtol` termination condition is satisfied."", ""evaluations"": 18, ""inference_unavailable_reasons"": [""parameter_on_boundary""]}, {""start"": [0.8762, 0.2397], ""theta"": [0.9799999999999986, 0.010000000000000064], ""objective"": 5.143148693115307, ""success"": true, ""message"": ""`gtol` termination condition is satisfied."", ""evaluations"": 12, ""inference_unavailable_reasons"": [""parameter_on_boundary""]}]",22bed70e44edfd6b5435954748b78f5e4bb20fb3b12f876d18ac34f2962dd13e
153,baseline_fitted,153,10346262902088279839,0.98,0.010000000000000009,boundary,False,,3.464864727191097,0.9792429828080013,0.01000000000000012,True,False,True,False,True,2,,4,True,"[{""start"": [0.5, 0.1], ""theta"": [0.9792421782653254, 0.010000000000000009], ""objective"": 3.4648647273157467, ""success"": true, ""message"": ""`ftol` termination condition is satisfied."", ""evaluations"": 23, ""inference_unavailable_reasons"": [""parameter_on_boundary""]}, {""start"": [0.75, 0.4], ""theta"": [0.9792420880013131, 0.010000000000000064], ""objective"": 3.464864728261686, ""success"": true, ""message"": ""`ftol` termination condition is satisfied."", ""evaluations"": 21, ""inference_unavailable_reasons"": [""parameter_on_boundary""]}, {""start"": [0.95, 0.7], ""theta"": [0.9792429828080013, 0.01000000000000012], ""objective"": 3.464864727191097, ""success"": true, ""message"": ""`ftol` termination condition is satisfied."", ""evaluations"": 27, ""inference_unavailable_reasons"": [""parameter_on_boundary""]}, {""start"": [0.8762, 0.2397], ""theta"": [0.9792430434764485, 0.010000000000000064], ""objective"": 3.4648647277662863, ""success"": true, ""message"": ""`ftol` termination condition is satisfied."", ""evaluations"": 21, ""inference_unavailable_reasons"": [""parameter_on_boundary""]}]",e5d31c6aac243469b3afa817ce18cbdbe5cd355f65fdcc7393ab32281df15efb
154,baseline_fitted,154,11853403288555605505,0.98,0.010000000000000009,boundary,False,,8.509863704087774,0.9753369055299267,0.010000000000005893,True,False,True,False,True,2,,4,True,"[{""start"": [0.5, 0.1], ""theta"": [0.9753369055299267, 0.010000000000005893], ""objective"": 8.509863704087774, ""success"": true, ""message"": ""`ftol` termination condition is satisfied."", ""evaluations"": 24, ""inference_unavailable_reasons"": [""parameter_on_boundary""]}, {""start"": [0.75, 0.4], ""theta"": [0.9753369631096928, 0.010000000001394727], ""objective"": 8.509863704462274, ""success"": true, ""message"": ""`ftol` termination condition is satisfied."", ""evaluations"": 23, ""inference_unavailable_reasons"": [""parameter_on_boundary""]}, {""start"": [0.95, 0.7], ""theta"": [0.9753358536695208, 0.010000000000000231], ""objective"": 8.509863713005139, ""success"": true, ""message"": ""`ftol` termination condition is satisfied."", ""evaluations"": 23, ""inference_unavailable_reasons"": [""parameter_on_boundary""]}, {""start"": [0.8762, 0.2397], ""theta"": [0.9753370357007357, 0.010000000000000425], ""objective"": 8.5098637045415, ""success"": true, ""message"": ""`ftol` termination condition is satisfied."", ""evaluations"": 30, ""inference_unavailable_reasons"": [""parameter_on_boundary""]}]",2d0023d8c1c3795e97a51f95009e843ef59664f1a45a66daa94b4a91dfdf03b3
155,baseline_fitted,155,1490431496571827338,0.98,0.010000000000000009,boundary,False,,17.903389922397082,0.9658439648269537,0.010000000000000009,True,False,True,False,True,2,,4,True,"[{""start"": [0.5, 0.1], ""theta"": [0.9658444170087198, 0.010000000000000009], ""objective"": 17.903389922576196, ""success"": true, ""message"": ""`ftol` termination condition is satisfied."", ""evaluations"": 12, ""inference_unavailable_reasons"": [""parameter_on_boundary""]}, {""start"": [0.75, 0.4], ""theta"": [0.9658444338208705, 0.01000000000000012], ""objective"": 17.90338992261234, ""success"": true, ""message"": ""`ftol` termination condition is satisfied."", ""evaluations"": 12, ""inference_unavailable_reasons"": [""parameter_on_boundary""]}, {""start"": [0.95, 0.7], ""theta"": [0.9658439648269537, 0.010000000000000009], ""objective"": 17.903389922397082, ""success"": true, ""message"": ""`ftol` termination condition is satisfied."", ""evaluations"": 15, ""inference_unavailable_reasons"": [""parameter_on_boundary""]}, {""start"": [0.8762, 0.2397], ""theta"": [0.9658444792092317, 0.010000000000000064], ""objective"": 17.903389922789305, ""success"": true, ""message"": ""`ftol` termination condition is satisfied."", ""evaluations"": 12, ""inference_unavailable_reasons"": [""parameter_on_boundary""]}]",aa7847c25bfa3eb5188d9b9ee2f52c03cf46cb10244b0a5790ef5d483df3a3c8
156,baseline_fitted,156,15922722450447221390,0.98,0.010000000000000009,boundary,False,,11.873545148364588,0.9601575109487045,0.01000000000000012,True,False,True,False,True,2,,4,True,"[{""start"": [0.5, 0.1], ""theta"": [0.9601575109423164, 0.010000000000000009], ""objective"": 11.873545148367514, ""success"": true, ""message"": ""`ftol` termination condition is satisfied."", ""evaluations"": 16, ""inference_unavailable_reasons"": [""parameter_on_boundary""]}, {""start"": [0.75, 0.4], ""theta"": [0.960157510868249, 0.01000000000000012], ""objective"": 11.873545148370614, ""success"": true, ""message"": ""`ftol` termination condition is satisfied."", ""evaluations"": 14, ""inference_unavailable_reasons"": [""parameter_on_boundary""]}, {""start"": [0.95, 0.7], ""theta"": [0.9601575109487045, 0.01000000000000012], ""objective"": 11.873545148364588, ""success"": true, ""message"": ""`ftol` termination condition is satisfied."", ""evaluations"": 20, ""inference_unavailable_reasons"": [""parameter_on_boundary""]}, {""start"": [0.8762, 0.2397], ""theta"": [0.9601575109391709, 0.010000000000000037], ""objective"": 11.873545148366373, ""success"": true, ""message"": ""`ftol` termination condition is satisfied."", ""evaluations"": 13, ""inference_unavailable_reasons"": [""parameter_on_boundary""]}]",64f87ad48ee117292ddbd4b5085416f1049239aec1891e98a601704bcb946ae1
157,baseline_fitted,157,1847186198431584294,0.98,0.010000000000000009,boundary,False,,5.511406772011032,0.98,0.01358473214311802,True,False,True,True,False,2,,4,True,"[{""start"": [0.5, 0.1], ""theta"": [0.98, 0.01358473214311802], ""objective"": 5.511406772011032, ""success"": true, ""message"": ""`gtol` termination condition is satisfied."", ""evaluations"": 14, ""inference_unavailable_reasons"": [""parameter_on_boundary""]}, {""start"": [0.75, 0.4], ""theta"": [0.98, 0.013584732129279298], ""objective"": 5.511406772011787, ""success"": true, ""message"": ""`gtol` termination condition is satisfied."", ""evaluations"": 13, ""inference_unavailable_reasons"": [""parameter_on_boundary""]}, {""start"": [0.95, 0.7], ""theta"": [0.98, 0.013584732112134623], ""objective"": 5.511406772011245, ""success"": true, ""message"": ""`gtol` termination condition is satisfied."", ""evaluations"": 18, ""inference_unavailable_reasons"": [""parameter_on_boundary""]}, {""start"": [0.8762, 0.2397], ""theta"": [0.98, 0.013584732140139555], ""objective"": 5.511406772012111, ""success"": true, ""message"": ""`gtol` termination condition is satisfied."", ""evaluations"": 11, ""inference_unavailable_reasons"": [""parameter_on_boundary""]}]",4e3373a7ccebbae5009629391527fc869ea9a67fa62d4cd23757171ea0e88866
158,baseline_fitted,158,16464614416038787258,0.98,0.010000000000000009,boundary,False,,167.20934384841553,0.9788223351154492,0.010000000000002007,True,False,True,False,True,2,,4,True,"[{""start"": [0.5, 0.1], ""theta"": [0.9788222961254748, 0.010000000008208637], ""objective"": 167.20934387156464, ""success"": true, ""message"": ""`ftol` termination condition is satisfied."", ""evaluations"": 28, ""inference_unavailable_reasons"": [""parameter_on_boundary""]}, {""start"": [0.75, 0.4], ""theta"": [0.9788223405331761, 0.01000000052924821], ""objective"": 167.20934540350612, ""success"": true, ""message"": ""`ftol` termination condition is satisfied."", ""evaluations"": 29, ""inference_unavailable_reasons"": [""parameter_on_boundary""]}, {""start"": [0.95, 0.7], ""theta"": [0.9788223351154492, 0.010000000000002007], ""objective"": 167.20934384841553, ""success"": true, ""message"": ""`ftol` termination condition is satisfied."", ""evaluations"": 25, ""inference_unavailable_reasons"": [""parameter_on_boundary""]}, {""start"": [0.8762, 0.2397], ""theta"": [0.9788220966955622, 0.010000000001098491], ""objective"": 167.20934385324304, ""success"": true, ""message"": ""`ftol` termination condition is satisfied."", ""evaluations"": 25, ""inference_unavailable_reasons"": [""parameter_on_boundary""]}]",693628b299e5a377398289f18934f8654dbfaf2a4785fa026c348b961a9fbb5d
159,baseline_fitted,159,4876195327501221102,0.98,0.010000000000000009,boundary,False,,40.4571919188695,0.9799999999999999,0.010000000000001785,True,False,True,True,True,2,,4,True,"[{""start"": [0.5, 0.1], ""theta"": [0.9799999999999999, 0.010000000000001785], ""objective"": 40.4571919188695, ""success"": true, ""message"": ""`gtol` termination condition is satisfied."", ""evaluations"": 15, ""inference_unavailable_reasons"": [""parameter_on_boundary""]}, {""start"": [0.75, 0.4], ""theta"": [0.98, 0.010000000000000064], ""objective"": 40.457191918893926, ""success"": true, ""message"": ""`gtol` termination condition is satisfied."", ""evaluations"": 10, ""inference_unavailable_reasons"": [""parameter_on_boundary""]}, {""start"": [0.95, 0.7], ""theta"": [0.98, 0.010000000000278453], ""objective"": 40.45719191897556, ""success"": true, ""message"": ""`gtol` termination condition is satisfied."", ""evaluations"": 14, ""inference_unavailable_reasons"": [""parameter_on_boundary""]}, {""start"": [0.8762, 0.2397], ""theta"": [0.9799999999999999, 0.010000000000024933], ""objective"": 40.457191918877335, ""success"": true, ""message"": ""`gtol` termination condition is satisfied."", ""evaluations"": 8, ""inference_unavailable_reasons"": [""parameter_on_boundary""]}]",7f3e909ea2324896e6d4d89ba44f7a83ed57adbfc2a1845d098bfecf3bddfdeb
160,baseline_fitted,160,8934068116387737401,0.98,0.010000000000000009,boundary,False,,30.040882934095137,0.9791843138500879,0.010000000000021991,True,False,True,False,True,2,,4,True,"[{""start"": [0.5, 0.1], ""theta"": [0.979183939593551, 0.010000000000000134], ""objective"": 30.04088293871216, ""success"": true, ""message"": ""`ftol` termination condition is satisfied."", ""evaluations"": 16, ""inference_unavailable_reasons"": [""parameter_on_boundary""]}, {""start"": [0.75, 0.4], ""theta"": [0.9791843271341649, 0.010000000170824197], ""objective"": 30.04088301082949, ""success"": true, ""message"": ""`ftol` termination condition is satisfied."", ""evaluations"": 19, ""inference_unavailable_reasons"": [""parameter_on_boundary""]}, {""start"": [0.95, 0.7], ""theta"": [0.9791843138500879, 0.010000000000021991], ""objective"": 30.040882934095137, ""success"": true, ""message"": ""`ftol` termination condition is satisfied."", ""evaluations"": 21, ""inference_unavailable_reasons"": [""parameter_on_boundary""]}, {""start"": [0.8762, 0.2397], ""theta"": [0.9791844553674245, 0.010000000022478861], ""objective"": 30.040882944454765, ""success"": true, ""message"": ""`ftol` termination condition is satisfied."", ""evaluations"": 17, ""inference_unavailable_reasons"": [""parameter_on_boundary""]}]",bad122ebccf9604c206e01e87cba32c5fe2d0cebc4242dc97e62a87755a049e3
161,baseline_fitted,161,12052648402709713862,0.98,0.010000000000000009,boundary,False,,14.663536167371696,0.9042291845268615,0.010000000000000064,True,False,True,False,True,2,,4,True,"[{""start"": [0.5, 0.1], ""theta"": [0.9042290429278519, 0.010000000000007378], ""objective"": 14.663536167411038, ""success"": true, ""message"": ""`ftol` termination condition is satisfied."", ""evaluations"": 11, ""inference_unavailable_reasons"": [""parameter_on_boundary""]}, {""start"": [0.75, 0.4], ""theta"": [0.9042291845268615, 0.010000000000000064], ""objective"": 14.663536167371696, ""success"": true, ""message"": ""`ftol` termination condition is satisfied."", ""evaluations"": 10, ""inference_unavailable_reasons"": [""parameter_on_boundary""]}, {""start"": [0.95, 0.7], ""theta"": [0.904229193092998, 0.01000000000000012], ""objective"": 14.663536167371843, ""success"": true, ""message"": ""`ftol` termination condition is satisfied."", ""evaluations"": 16, ""inference_unavailable_reasons"": [""parameter_on_boundary""]}, {""start"": [0.8762, 0.2397], ""theta"": [0.904229188859869, 0.010000000000000037], ""objective"": 14.663536167371706, ""success"": true, ""message"": ""`ftol` termination condition is satisfied."", ""evaluations"": 10, ""inference_unavailable_reasons"": [""parameter_on_boundary""]}]",bc487d5572636d3a13a6cbe579c89d607aa8da2a3d5177e560e4ed5ab41df19a
162,baseline_fitted,162,18030008501517740877,0.98,0.010000000000000009,regular,False,,4.939983072722672,0.9541715708076546,0.03256222247549906,True,True,False,False,False,2,0.6672873444503367,4,True,"[{""start"": [0.5, 0.1], ""theta"": [0.9541715708076546, 0.03256222247549906], ""objective"": 4.939983072722672, ""success"": true, ""message"": ""`ftol` termination condition is satisfied."", ""evaluations"": 12, ""inference_unavailable_reasons"": []}, {""start"": [0.75, 0.4], ""theta"": [0.9541715707939687, 0.03256222250605212], ""objective"": 4.939983072726335, ""success"": true, ""message"": ""Both `ftol` and `xtol` termination conditions are satisfied."", ""evaluations"": 11, ""inference_unavailable_reasons"": []}, {""start"": [0.95, 0.7], ""theta"": [0.9541715707526686, 0.03256222255921537], ""objective"": 4.939983072729903, ""success"": true, ""message"": ""`ftol` termination condition is satisfied."", ""evaluations"": 16, ""inference_unavailable_reasons"": []}, {""start"": [0.8762, 0.2397], ""theta"": [0.9541715703416026, 0.032562223190490236], ""objective"": 4.93998307272705, ""success"": true, ""message"": ""`ftol` termination condition is satisfied."", ""evaluations"": 9, ""inference_unavailable_reasons"": []}]",8bd719304c3db16ebd9500856f2daba7f685494b2a5cbee64066979410508b53
163,baseline_fitted,163,11227198809109617429,0.98,0.010000000000000009,boundary,False,,13.843417740597765,0.98,0.010000000000000023,True,False,True,True,True,2,,4,True,"[{""start"": [0.5, 0.1], ""theta"": [0.98, 0.010000000000000023], ""objective"": 13.843417740597765, ""success"": true, ""message"": ""`gtol` termination condition is satisfied."", ""evaluations"": 12, ""inference_unavailable_reasons"": [""parameter_on_boundary""]}, {""start"": [0.75, 0.4], ""theta"": [0.98, 0.010000000000000064], ""objective"": 13.843417740597765, ""success"": true, ""message"": ""`gtol` termination condition is satisfied."", ""evaluations"": 10, ""inference_unavailable_reasons"": [""parameter_on_boundary""]}, {""start"": [0.95, 0.7], ""theta"": [0.9799999999999167, 0.01000000000001422], ""objective"": 13.843417740660524, ""success"": true, ""message"": ""`gtol` termination condition is satisfied."", ""evaluations"": 16, ""inference_unavailable_reasons"": [""parameter_on_boundary""]}, {""start"": [0.8762, 0.2397], ""theta"": [0.98, 0.010000000000000064], ""objective"": 13.843417740597765, ""success"": true, ""message"": ""`gtol` termination condition is satisfied."", ""evaluations"": 10, ""inference_unavailable_reasons"": [""parameter_on_boundary""]}]",cc3a1d7408870d4878cca3a1aabd77e347a9d4d8f483c8b0b8fe0e8b37a46c89
164,baseline_fitted,164,14956554361582090694,0.98,0.010000000000000009,boundary,False,,76.69901819835269,0.9799999999999996,0.01000000000000456,True,False,True,True,True,2,,4,True,"[{""start"": [0.5, 0.1], ""theta"": [0.9799999999997412, 0.010000000000000467], ""objective"": 76.69901819857284, ""success"": true, ""message"": ""`gtol` termination condition is satisfied."", ""evaluations"": 10, ""inference_unavailable_reasons"": [""parameter_on_boundary""]}, {""start"": [0.75, 0.4], ""theta"": [0.98, 0.010000000000000064], ""objective"": 76.69901819837352, ""success"": true, ""message"": ""`gtol` termination condition is satisfied."", ""evaluations"": 10, ""inference_unavailable_reasons"": [""parameter_on_boundary""]}, {""start"": [0.95, 0.7], ""theta"": [0.9799999999999996, 0.01000000000000456], ""objective"": 76.69901819835269, ""success"": true, ""message"": ""`gtol` termination condition is satisfied."", ""evaluations"": 15, ""inference_unavailable_reasons"": [""parameter_on_boundary""]}, {""start"": [0.8762, 0.2397], ""theta"": [0.9799999999999944, 0.010000000000721876], ""objective"": 76.69901819856472, ""success"": true, ""message"": ""`gtol` termination condition is satisfied."", ""evaluations"": 9, ""inference_unavailable_reasons"": [""parameter_on_boundary""]}]",7c35afcec13abc76a9808634b79db516dc55cb9e1c18eaa4482d7dc907cab354
165,baseline_fitted,165,1275459340870301173,0.98,0.010000000000000009,boundary,False,,10.760978574898022,0.98,0.010000000000000508,True,False,True,True,True,2,,4,True,"[{""start"": [0.5, 0.1], ""theta"": [0.98, 0.010000000000003784], ""objective"": 10.760978574898823, ""success"": true, ""message"": ""`gtol` termination condition is satisfied."", ""evaluations"": 15, ""inference_unavailable_reasons"": [""parameter_on_boundary""]}, {""start"": [0.75, 0.4], ""theta"": [0.98, 0.010000000007871213], ""objective"": 10.760978575113763, ""success"": true, ""message"": ""`gtol` termination condition is satisfied."", ""evaluations"": 12, ""inference_unavailable_reasons"": [""parameter_on_boundary""]}, {""start"": [0.95, 0.7], ""theta"": [0.98, 0.01000000002496293], ""objective"": 10.760978575583682, ""success"": true, ""message"": ""`gtol` termination condition is satisfied."", ""evaluations"": 18, ""inference_unavailable_reasons"": [""parameter_on_boundary""]}, {""start"": [0.8762, 0.2397], ""theta"": [0.98, 0.010000000000000508], ""objective"": 10.760978574898022, ""success"": true, ""message"": ""`gtol` termination condition is satisfied."", ""evaluations"": 12, ""inference_unavailable_reasons"": [""parameter_on_boundary""]}]",be2720f431cd4451e375bd62d762b01ffe133b27eb6be4fb69a1d9a42ea0b9ea
166,baseline_fitted,166,16591193848119444798,0.98,0.010000000000000009,boundary,False,,88.06850796274706,0.98,0.010000000000000397,True,False,True,True,True,2,,4,True,"[{""start"": [0.5, 0.1], ""theta"": [0.98, 0.01000000000012953], ""objective"": 88.06850796277818, ""success"": true, ""message"": ""`gtol` termination condition is satisfied."", ""evaluations"": 11, ""inference_unavailable_reasons"": [""parameter_on_boundary""]}, {""start"": [0.75, 0.4], ""theta"": [0.98, 0.010000000000000397], ""objective"": 88.06850796274706, ""success"": true, ""message"": ""`gtol` termination condition is satisfied."", ""evaluations"": 9, ""inference_unavailable_reasons"": [""parameter_on_boundary""]}, {""start"": [0.95, 0.7], ""theta"": [0.9799999999999831, 0.010000000000297216], ""objective"": 88.06850796293215, ""success"": true, ""message"": ""`gtol` termination condition is satisfied."", ""evaluations"": 14, ""inference_unavailable_reasons"": [""parameter_on_boundary""]}, {""start"": [0.8762, 0.2397], ""theta"": [0.98, 0.010000000000011722], ""objective"": 88.06850796274841, ""success"": true, ""message"": ""`gtol` termination condition is satisfied."", ""evaluations"": 8, ""inference_unavailable_reasons"": [""parameter_on_boundary""]}]",34f5af273ca8125e0a797cf9fe6cc80276737ab4c6f3f178a47b0b20b49c56fc
167,baseline_fitted,167,13322804061654566129,0.98,0.010000000000000009,boundary,False,,15.483634089460992,0.9553255134801353,0.010000000000000064,True,False,True,False,True,2,,4,True,"[{""start"": [0.5, 0.1], ""theta"": [0.9553253493649805, 0.010000000000000009], ""objective"": 15.483634090978573, ""success"": true, ""message"": ""`ftol` termination condition is satisfied."", ""evaluations"": 14, ""inference_unavailable_reasons"": [""parameter_on_boundary""]}, {""start"": [0.75, 0.4], ""theta"": [0.9553255134801353, 0.010000000000000064], ""objective"": 15.483634089460992, ""success"": true, ""message"": ""`ftol` termination condition is satisfied."", ""evaluations"": 14, ""inference_unavailable_reasons"": [""parameter_on_boundary""]}, {""start"": [0.95, 0.7], ""theta"": [0.9553254962752211, 0.01000000000000012], ""objective"": 15.483634089617794, ""success"": true, ""message"": ""`ftol` termination condition is satisfied."", ""evaluations"": 19, ""inference_unavailable_reasons"": [""parameter_on_boundary""]}, {""start"": [0.8762, 0.2397], ""theta"": [0.9553252994002974, 0.010000000000000037], ""objective"": 15.48363409149375, ""success"": true, ""message"": ""`ftol` termination condition is satisfied."", ""evaluations"": 13, ""inference_unavailable_reasons"": [""parameter_on_boundary""]}]",4ae3c90e4d444690748f2f001f821cbabc49bd72c39d22d8bda213c603287cad
168,baseline_fitted,168,5328491383812861092,0.98,0.010000000000000009,regular,False,,1.4252226165429847,0.9718686420307229,0.050234934726605784,True,True,False,False,False,2,0.9847861641715229,4,True,"[{""start"": [0.5, 0.1], ""theta"": [0.9718685111808592, 0.05023514335066797], ""objective"": 1.4252226165944157, ""success"": true, ""message"": ""`ftol` termination condition is satisfied."", ""evaluations"": 17, ""inference_unavailable_reasons"": []}, {""start"": [0.75, 0.4], ""theta"": [0.9718685576921136, 0.050235069193549864], ""objective"": 1.4252226165703243, ""success"": true, ""message"": ""`ftol` termination condition is satisfied."", ""evaluations"": 16, ""inference_unavailable_reasons"": []}, {""start"": [0.95, 0.7], ""theta"": [0.9718686420307229, 0.050234934726605784], ""objective"": 1.4252226165429847, ""success"": true, ""message"": ""`ftol` termination condition is satisfied."", ""evaluations"": 21, ""inference_unavailable_reasons"": []}, {""start"": [0.8762, 0.2397], ""theta"": [0.9718686125975119, 0.05023498165309137], ""objective"": 1.4252226165489352, ""success"": true, ""message"": ""`ftol` termination condition is satisfied."", ""evaluations"": 14, ""inference_unavailable_reasons"": []}]",57f2f66b090ff5ec1c555bf8994f088502d04886efb0b8952bf459f9876a62b6
169,baseline_fitted,169,8365342244403914883,0.98,0.010000000000000009,boundary,False,,14.274112253241762,0.9734669656483069,0.010000000000000009,True,False,True,False,True,2,,4,True,"[{""start"": [0.5, 0.1], ""theta"": [0.9734669656483069, 0.010000000000000009], ""objective"": 14.274112253241762, ""success"": true, ""message"": ""`ftol` termination condition is satisfied."", ""evaluations"": 33, ""inference_unavailable_reasons"": [""parameter_on_boundary""]}, {""start"": [0.75, 0.4], ""theta"": [0.9734668964843068, 0.010000000000000064], ""objective"": 14.274112254511994, ""success"": true, ""message"": ""`ftol` termination condition is satisfied."", ""evaluations"": 32, ""inference_unavailable_reasons"": [""parameter_on_boundary""]}, {""start"": [0.95, 0.7], ""theta"": [0.9734667660675843, 0.01000000000000012], ""objective"": 14.27411225723595, ""success"": true, ""message"": ""`ftol` termination condition is satisfied."", ""evaluations"": 33, ""inference_unavailable_reasons"": [""parameter_on_boundary""]}, {""start"": [0.8762, 0.2397], ""theta"": [0.9734647292573039, 0.010000000000000037], ""objective"": 14.274112347925616, ""success"": true, ""message"": ""`ftol` termination condition is satisfied."", ""evaluations"": 27, ""inference_unavailable_reasons"": [""parameter_on_boundary""]}]",1826cb69646a37eae57a3fb669986418a8c114f95b829fb1166be8d86584d244
170,baseline_fitted,170,5902229482635019648,0.98,0.010000000000000009,boundary,False,,14.05602215256662,0.9731576709576832,0.010000000000001064,True,False,True,False,True,2,,4,True,"[{""start"": [0.5, 0.1], ""theta"": [0.9731571167024967, 0.01000000010245665], ""objective"": 14.056022171457421, ""success"": true, ""message"": ""`ftol` termination condition is satisfied."", ""evaluations"": 24, ""inference_unavailable_reasons"": [""parameter_on_boundary""]}, {""start"": [0.75, 0.4], ""theta"": [0.9731576709576832, 0.010000000000001064], ""objective"": 14.05602215256662, ""success"": true, ""message"": ""`ftol` termination condition is satisfied."", ""evaluations"": 25, ""inference_unavailable_reasons"": [""parameter_on_boundary""]}, {""start"": [0.95, 0.7], ""theta"": [0.9731571110775752, 0.010000000000000231], ""objective"": 14.056022153476675, ""success"": true, ""message"": ""`ftol` termination condition is satisfied."", ""evaluations"": 31, ""inference_unavailable_reasons"": [""parameter_on_boundary""]}, {""start"": [0.8762, 0.2397], ""theta"": [0.9731580063153737, 0.010000000000052495], ""objective"": 14.056022154104813, ""success"": true, ""message"": ""`ftol` termination condition is satisfied."", ""evaluations"": 26, ""inference_unavailable_reasons"": [""parameter_on_boundary""]}]",db69720cdb059c7d93637514cac9ae2b584f4e070a6523bb80d056b0387dee15
171,baseline_fitted,171,4894204565689342901,0.98,0.010000000000000009,boundary,False,,13.58608454663634,0.9612755695308071,0.010000000000000037,True,False,True,False,True,2,,4,True,"[{""start"": [0.5, 0.1], ""theta"": [0.9612755322823409, 0.01000000000000005], ""objective"": 13.586084546649456, ""success"": true, ""message"": ""`ftol` termination condition is satisfied."", ""evaluations"": 13, ""inference_unavailable_reasons"": [""parameter_on_boundary""]}, {""start"": [0.75, 0.4], ""theta"": [0.9612755417976214, 0.010000000000000064], ""objective"": 13.586084546647065, ""success"": true, ""message"": ""`ftol` termination condition is satisfied."", ""evaluations"": 12, ""inference_unavailable_reasons"": [""parameter_on_boundary""]}, {""start"": [0.95, 0.7], ""theta"": [0.9612755154871011, 0.01000000000000123], ""objective"": 13.586084546663361, ""success"": true, ""message"": ""`ftol` termination condition is satisfied."", ""evaluations"": 17, ""inference_unavailable_reasons"": [""parameter_on_boundary""]}, {""start"": [0.8762, 0.2397], ""theta"": [0.9612755695308071, 0.010000000000000037], ""objective"": 13.58608454663634, ""success"": true, ""message"": ""`ftol` termination condition is satisfied."", ""evaluations"": 11, ""inference_unavailable_reasons"": [""parameter_on_boundary""]}]",b1da42d226e14e19fd506ca9f24cd91bcf098fa4d6eb370474b5f1c90376d5d5
172,baseline_fitted,172,3288607068669224245,0.98,0.010000000000000009,regular,False,,4.9835762076413115,0.9414640824585991,0.10361156117504106,True,True,False,False,False,2,0.6619676052741943,4,True,"[{""start"": [0.5, 0.1], ""theta"": [0.941463875045726, 0.1036119036242912], ""objective"": 4.983576207767731, ""success"": true, ""message"": ""`ftol` termination condition is satisfied."", ""evaluations"": 16, ""inference_unavailable_reasons"": []}, {""start"": [0.75, 0.4], ""theta"": [0.9414640824585991, 0.10361156117504106], ""objective"": 4.9835762076413115, ""success"": true, ""message"": ""`ftol` termination condition is satisfied."", ""evaluations"": 15, ""inference_unavailable_reasons"": []}, {""start"": [0.95, 0.7], ""theta"": [0.9414640433466533, 0.10361162573793403], ""objective"": 4.983576207665777, ""success"": true, ""message"": ""`ftol` termination condition is satisfied."", ""evaluations"": 20, ""inference_unavailable_reasons"": []}, {""start"": [0.8762, 0.2397], ""theta"": [0.9414639809784799, 0.10361172869565724], ""objective"": 4.983576207701568, ""success"": true, ""message"": ""`ftol` termination condition is satisfied."", ""evaluations"": 12, ""inference_unavailable_reasons"": []}]",40df002ccd6a3aa9d5fc0b698c26e98c8b1140c5e2a98a0a587e6df01dc5fbef
173,baseline_fitted,173,10475569955613146985,0.98,0.010000000000000009,boundary,False,,30.12075484233997,0.98,0.010103260839397388,True,False,True,True,False,2,,4,True,"[{""start"": [0.5, 0.1], ""theta"": [0.98, 0.010103260190656563], ""objective"": 30.12075484234103, ""success"": true, ""message"": ""`gtol` termination condition is satisfied."", ""evaluations"": 18, ""inference_unavailable_reasons"": [""parameter_on_boundary""]}, {""start"": [0.75, 0.4], ""theta"": [0.98, 0.010103260518115165], ""objective"": 30.120754842340084, ""success"": true, ""message"": ""`gtol` termination condition is satisfied."", ""evaluations"": 16, ""inference_unavailable_reasons"": [""parameter_on_boundary""]}, {""start"": [0.95, 0.7], ""theta"": [0.98, 0.010103260839397388], ""objective"": 30.12075484233997, ""success"": true, ""message"": ""`gtol` termination condition is satisfied."", ""evaluations"": 22, ""inference_unavailable_reasons"": [""parameter_on_boundary""]}, {""start"": [0.8762, 0.2397], ""theta"": [0.98, 0.010103260320014046], ""objective"": 30.120754842340023, ""success"": true, ""message"": ""`gtol` termination condition is satisfied."", ""evaluations"": 16, ""inference_unavailable_reasons"": [""parameter_on_boundary""]}]",900e746dcd9e4d90bc92d9ba7ee2e8e7995bff2e238f7aa73e8481c48c1b418c
174,baseline_fitted,174,9509211350195960727,0.98,0.010000000000000009,boundary,False,,23.129090146636763,0.9799999999999085,0.010000000000000064,True,False,True,True,True,2,,4,True,"[{""start"": [0.5, 0.1], ""theta"": [0.9799999999992391, 0.010000000000000009], ""objective"": 23.129090146970192, ""success"": true, ""message"": ""`gtol` termination condition is satisfied."", ""evaluations"": 9, ""inference_unavailable_reasons"": [""parameter_on_boundary""]}, {""start"": [0.75, 0.4], ""theta"": [0.9799999999999085, 0.010000000000000064], ""objective"": 23.129090146636763, ""success"": true, ""message"": ""`gtol` termination condition is satisfied."", ""evaluations"": 9, ""inference_unavailable_reasons"": [""parameter_on_boundary""]}, {""start"": [0.95, 0.7], ""theta"": [0.9799999999996288, 0.010000000000000231], ""objective"": 23.129090146815805, ""success"": true, ""message"": ""`gtol` termination condition is satisfied."", ""evaluations"": 15, ""inference_unavailable_reasons"": [""parameter_on_boundary""]}, {""start"": [0.8762, 0.2397], ""theta"": [0.98, 0.010000000000000064], ""objective"": 23.12909014666741, ""success"": true, ""message"": ""`gtol` termination condition is satisfied."", ""evaluations"": 10, ""inference_unavailable_reasons"": [""parameter_on_boundary""]}]",a0379feb281146e8e3780a94c841718f9abcc935a1df1db6fff8f2f972688bea
175,baseline_fitted,175,11643474790230428381,0.98,0.010000000000000009,boundary,False,,3.438398880015272,0.9784662106616353,0.010000000000000064,True,False,True,False,True,2,,4,True,"[{""start"": [0.5, 0.1], ""theta"": [0.9784659889368219, 0.010000000000000009], ""objective"": 3.4383988847161824, ""success"": true, ""message"": ""`ftol` termination condition is satisfied."", ""evaluations"": 27, ""inference_unavailable_reasons"": [""parameter_on_boundary""]}, {""start"": [0.75, 0.4], ""theta"": [0.9784662106616353, 0.010000000000000064], ""objective"": 3.438398880015272, ""success"": true, ""message"": ""`ftol` termination condition is satisfied."", ""evaluations"": 25, ""inference_unavailable_reasons"": [""parameter_on_boundary""]}, {""start"": [0.95, 0.7], ""theta"": [0.9784650558186387, 0.01000000000000012], ""objective"": 3.4383989181091144, ""success"": true, ""message"": ""`ftol` termination condition is satisfied."", ""evaluations"": 31, ""inference_unavailable_reasons"": [""parameter_on_boundary""]}, {""start"": [0.8762, 0.2397], ""theta"": [0.9784647143243078, 0.010000000000000037], ""objective"": 3.4383989358520535, ""success"": true, ""message"": ""`ftol` termination condition is satisfied."", ""evaluations"": 19, ""inference_unavailable_reasons"": [""parameter_on_boundary""]}]",e50723771bd64e135aae6188bb3d097e741c9773a9a004909747c14dd1e932a0
176,baseline_fitted,176,15786335727432109742,0.98,0.010000000000000009,boundary,False,,55.56056015983138,0.9737475925454248,0.01000000000000012,True,False,True,False,True,2,,4,True,"[{""start"": [0.5, 0.1], ""theta"": [0.9737481686697274, 0.010000000000737225], ""objective"": 55.56056016006511, ""success"": true, ""message"": ""`ftol` termination condition is satisfied."", ""evaluations"": 26, ""inference_unavailable_reasons"": [""parameter_on_boundary""]}, {""start"": [0.75, 0.4], ""theta"": [0.973748472296327, 0.010000000000074005], ""objective"": 55.56056016389013, ""success"": true, ""message"": ""`ftol` termination condition is satisfied."", ""evaluations"": 24, ""inference_unavailable_reasons"": [""parameter_on_boundary""]}, {""start"": [0.95, 0.7], ""theta"": [0.9737475925454248, 0.01000000000000012], ""objective"": 55.56056015983138, ""success"": true, ""message"": ""`ftol` termination condition is satisfied."", ""evaluations"": 27, ""inference_unavailable_reasons"": [""parameter_on_boundary""]}, {""start"": [0.8762, 0.2397], ""theta"": [0.9737481655520346, 0.010000000000528392], ""objective"": 55.560560159901875, ""success"": true, ""message"": ""`ftol` termination condition is satisfied."", ""evaluations"": 26, ""inference_unavailable_reasons"": [""parameter_on_boundary""]}]",35e78a5bd81b2aac8b7413bb4b4d7ee787af26475cd8a64430d2c2cffc2f989b
177,baseline_fitted,177,4315990406027374298,0.98,0.010000000000000009,boundary,False,,24.021674275147433,0.98,0.010000000000000009,True,False,True,True,True,2,,4,True,"[{""start"": [0.5, 0.1], ""theta"": [0.98, 0.010000000000000009], ""objective"": 24.021674275147433, ""success"": true, ""message"": ""`gtol` termination condition is satisfied."", ""evaluations"": 12, ""inference_unavailable_reasons"": [""parameter_on_boundary""]}, {""start"": [0.75, 0.4], ""theta"": [0.98, 0.010000000000000397], ""objective"": 24.02167427515057, ""success"": true, ""message"": ""`gtol` termination condition is satisfied."", ""evaluations"": 10, ""inference_unavailable_reasons"": [""parameter_on_boundary""]}, {""start"": [0.95, 0.7], ""theta"": [0.98, 0.01000000000000012], ""objective"": 24.021674275147433, ""success"": true, ""message"": ""`gtol` termination condition is satisfied."", ""evaluations"": 15, ""inference_unavailable_reasons"": [""parameter_on_boundary""]}, {""start"": [0.8762, 0.2397], ""theta"": [0.98, 0.01000000000000012], ""objective"": 24.021674275147433, ""success"": true, ""message"": ""`gtol` termination condition is satisfied."", ""evaluations"": 9, ""inference_unavailable_reasons"": [""parameter_on_boundary""]}]",134a6d8b60042a0dc10e7b32fa40c640061299c1e1e6ae6d5d8665c2e8ef17d7
178,baseline_fitted,178,13869285742647389430,0.98,0.010000000000000009,boundary,False,,4.7207146815888095,0.98,0.022051322668365958,True,False,True,True,False,2,,4,True,"[{""start"": [0.5, 0.1], ""theta"": [0.9799999999999999, 0.022051322676859844], ""objective"": 4.720714681590241, ""success"": true, ""message"": ""`gtol` termination condition is satisfied."", ""evaluations"": 12, ""inference_unavailable_reasons"": [""parameter_on_boundary""]}, {""start"": [0.75, 0.4], ""theta"": [0.98, 0.022051322668365958], ""objective"": 4.7207146815888095, ""success"": true, ""message"": ""`ftol` termination condition is satisfied."", ""evaluations"": 12, ""inference_unavailable_reasons"": [""parameter_on_boundary""]}, {""start"": [0.95, 0.7], ""theta"": [0.98, 0.022051322680412322], ""objective"": 4.720714681588822, ""success"": true, ""message"": ""`ftol` termination condition is satisfied."", ""evaluations"": 16, ""inference_unavailable_reasons"": [""parameter_on_boundary""]}, {""start"": [0.8762, 0.2397], ""theta"": [0.9799999999999948, 0.02205132275319499], ""objective"": 4.720714681589692, ""success"": true, ""message"": ""`ftol` termination condition is satisfied."", ""evaluations"": 10, ""inference_unavailable_reasons"": [""parameter_on_boundary""]}]",8f2a01c8eeef4b89e790095287562e2f8197104d9d13746f03ecd9724272e06f
179,baseline_fitted,179,18049468896213805242,0.98,0.010000000000000009,boundary,False,,8.230663812880348,0.9799999999999998,0.010000000000000037,True,False,True,True,True,2,,4,True,"[{""start"": [0.5, 0.1], ""theta"": [0.9799999999999982, 0.010000000000000009], ""objective"": 8.23066381293855, ""success"": true, ""message"": ""`gtol` termination condition is satisfied."", ""evaluations"": 13, ""inference_unavailable_reasons"": [""parameter_on_boundary""]}, {""start"": [0.75, 0.4], ""theta"": [0.98, 0.010000000000000064], ""objective"": 8.230663812900417, ""success"": true, ""message"": ""`gtol` termination condition is satisfied."", ""evaluations"": 12, ""inference_unavailable_reasons"": [""parameter_on_boundary""]}, {""start"": [0.95, 0.7], ""theta"": [0.9799999999999905, 0.01000000000000012], ""objective"": 8.230663812946506, ""success"": true, ""message"": ""`gtol` termination condition is satisfied."", ""evaluations"": 18, ""inference_unavailable_reasons"": [""parameter_on_boundary""]}, {""start"": [0.8762, 0.2397], ""theta"": [0.9799999999999998, 0.010000000000000037], ""objective"": 8.230663812880348, ""success"": true, ""message"": ""`gtol` termination condition is satisfied."", ""evaluations"": 12, ""inference_unavailable_reasons"": [""parameter_on_boundary""]}]",52be90c6a8703cab151362e66bcb31f9d704cb098701c82e178ed09c6273c29a
180,baseline_fitted,180,17724128291872063397,0.98,0.010000000000000009,boundary,False,,19.437587480108213,0.9604997811001359,0.010000000000000037,True,False,True,False,True,2,,4,True,"[{""start"": [0.5, 0.1], ""theta"": [0.9604975158965277, 0.010000000000000009], ""objective"": 19.43758748352263, ""success"": true, ""message"": ""`ftol` termination condition is satisfied."", ""evaluations"": 16, ""inference_unavailable_reasons"": [""parameter_on_boundary""]}, {""start"": [0.75, 0.4], ""theta"": [0.9604976828407823, 0.010000000000000064], ""objective"": 19.437587482204542, ""success"": true, ""message"": ""`ftol` termination condition is satisfied."", ""evaluations"": 16, ""inference_unavailable_reasons"": [""parameter_on_boundary""]}, {""start"": [0.95, 0.7], ""theta"": [0.9605002780520038, 0.01000000000000012], ""objective"": 19.437587483572017, ""success"": true, ""message"": ""`ftol` termination condition is satisfied."", ""evaluations"": 23, ""inference_unavailable_reasons"": [""parameter_on_boundary""]}, {""start"": [0.8762, 0.2397], ""theta"": [0.9604997811001359, 0.010000000000000037], ""objective"": 19.437587480108213, ""success"": true, ""message"": ""`ftol` termination condition is satisfied."", ""evaluations"": 13, ""inference_unavailable_reasons"": [""parameter_on_boundary""]}]",08541a80b135a43dbf460111dbfcb39ef608ba9b335c3eecd4e971323c2a210e
181,baseline_fitted,181,10353612763096263544,0.98,0.010000000000000009,boundary,False,,93.70359415129471,0.98,0.010000000000000009,True,False,True,True,True,2,,4,True,"[{""start"": [0.5, 0.1], ""theta"": [0.98, 0.010000000000000009], ""objective"": 93.70359415129471, ""success"": true, ""message"": ""`gtol` termination condition is satisfied."", ""evaluations"": 9, ""inference_unavailable_reasons"": [""parameter_on_boundary""]}, {""start"": [0.75, 0.4], ""theta"": [0.98, 0.010000000000000064], ""objective"": 93.70359415129471, ""success"": true, ""message"": ""`gtol` termination condition is satisfied."", ""evaluations"": 9, ""inference_unavailable_reasons"": [""parameter_on_boundary""]}, {""start"": [0.95, 0.7], ""theta"": [0.98, 0.01000000000000012], ""objective"": 93.70359415129471, ""success"": true, ""message"": ""`gtol` termination condition is satisfied."", ""evaluations"": 15, ""inference_unavailable_reasons"": [""parameter_on_boundary""]}, {""start"": [0.8762, 0.2397], ""theta"": [0.98, 0.010000000000000037], ""objective"": 93.70359415129471, ""success"": true, ""message"": ""`gtol` termination condition is satisfied."", ""evaluations"": 10, ""inference_unavailable_reasons"": [""parameter_on_boundary""]}]",cb235e8b23d0c2dc128ca3695fa72a176ad9bfaacbcaee955158a93f1baf1d9c
182,baseline_fitted,182,18172910276902270169,0.98,0.010000000000000009,boundary,False,,7.683136440142581,0.974889732848244,0.010000000000089188,True,False,True,False,True,2,,4,True,"[{""start"": [0.5, 0.1], ""theta"": [0.9748897911386516, 0.010000000000046999], ""objective"": 7.683136440335751, ""success"": true, ""message"": ""`ftol` termination condition is satisfied."", ""evaluations"": 27, ""inference_unavailable_reasons"": [""parameter_on_boundary""]}, {""start"": [0.75, 0.4], ""theta"": [0.9748898563919309, 0.010000000000023657], ""objective"": 7.683136440690168, ""success"": true, ""message"": ""`ftol` termination condition is satisfied."", ""evaluations"": 27, ""inference_unavailable_reasons"": [""parameter_on_boundary""]}, {""start"": [0.95, 0.7], ""theta"": [0.9748893428912064, 0.010000000000000342], ""objective"": 7.6831364404928735, ""success"": true, ""message"": ""`ftol` termination condition is satisfied."", ""evaluations"": 25, ""inference_unavailable_reasons"": [""parameter_on_boundary""]}, {""start"": [0.8762, 0.2397], ""theta"": [0.974889732848244, 0.010000000000089188], ""objective"": 7.683136440142581, ""success"": true, ""message"": ""`ftol` termination condition is satisfied."", ""evaluations"": 22, ""inference_unavailable_reasons"": [""parameter_on_boundary""]}]",03be7755896fb8cb0825f62725a143c8cb8122fe80a1f6ea4906b2511c5e3fb9
183,baseline_fitted,183,14400566163397058765,0.98,0.010000000000000009,boundary,False,,4.49807677681145,0.98,0.013972030653029294,True,False,True,True,False,2,,4,True,"[{""start"": [0.5, 0.1], ""theta"": [0.98, 0.013972030653029294], ""objective"": 4.49807677681145, ""success"": true, ""message"": ""`gtol` termination condition is satisfied."", ""evaluations"": 14, ""inference_unavailable_reasons"": [""parameter_on_boundary""]}, {""start"": [0.75, 0.4], ""theta"": [0.98, 0.013972030649075984], ""objective"": 4.498076776811942, ""success"": true, ""message"": ""`gtol` termination condition is satisfied."", ""evaluations"": 12, ""inference_unavailable_reasons"": [""parameter_on_boundary""]}, {""start"": [0.95, 0.7], ""theta"": [0.98, 0.01397203065301511], ""objective"": 4.49807677681149, ""success"": true, ""message"": ""`gtol` termination condition is satisfied."", ""evaluations"": 18, ""inference_unavailable_reasons"": [""parameter_on_boundary""]}, {""start"": [0.8762, 0.2397], ""theta"": [0.98, 0.013972030644270828], ""objective"": 4.498076776811777, ""success"": true, ""message"": ""`ftol` termination condition is satisfied."", ""evaluations"": 11, ""inference_unavailable_reasons"": [""parameter_on_boundary""]}]",907bc3b646f767cd6d75a2911013bc9327b7ae4564cb6763d172ff72ec3672f1
184,baseline_fitted,184,14479450593053305176,0.98,0.010000000000000009,boundary,False,,25.196641080938313,0.9799745306380659,0.010000000000000175,True,False,True,False,True,2,,4,True,"[{""start"": [0.5, 0.1], ""theta"": [0.9799743128777161, 0.010000000000032122], ""objective"": 25.196641082982083, ""success"": true, ""message"": ""`ftol` termination condition is satisfied."", ""evaluations"": 12, ""inference_unavailable_reasons"": [""parameter_on_boundary""]}, {""start"": [0.75, 0.4], ""theta"": [0.9799745306380659, 0.010000000000000175], ""objective"": 25.196641080938313, ""success"": true, ""message"": ""`ftol` termination condition is satisfied."", ""evaluations"": 13, ""inference_unavailable_reasons"": [""parameter_on_boundary""]}, {""start"": [0.95, 0.7], ""theta"": [0.9799740726620885, 0.010000000000003006], ""objective"": 25.196641090117772, ""success"": true, ""message"": ""`ftol` termination condition is satisfied."", ""evaluations"": 18, ""inference_unavailable_reasons"": [""parameter_on_boundary""]}, {""start"": [0.8762, 0.2397], ""theta"": [0.9799740282228735, 0.010000000000032344], ""objective"": 25.196641091977696, ""success"": true, ""message"": ""`ftol` termination condition is satisfied."", ""evaluations"": 13, ""inference_unavailable_reasons"": [""parameter_on_boundary""]}]",2107bd69f72d4271f3562c98eb3b61df9bd8013dab3b18a83f0d0ac1add4a746
185,baseline_fitted,185,2725793599303886403,0.98,0.010000000000000009,boundary,False,,58.26771899470097,0.98,0.01000000000000012,True,False,True,True,True,2,,4,True,"[{""start"": [0.5, 0.1], ""theta"": [0.9799999999996939, 0.010000000000000092], ""objective"": 58.267718995207304, ""success"": true, ""message"": ""`gtol` termination condition is satisfied."", ""evaluations"": 9, ""inference_unavailable_reasons"": [""parameter_on_boundary""]}, {""start"": [0.75, 0.4], ""theta"": [0.9799999999999828, 0.01000000000000012], ""objective"": 58.26771899484041, ""success"": true, ""message"": ""`gtol` termination condition is satisfied."", ""evaluations"": 9, ""inference_unavailable_reasons"": [""parameter_on_boundary""]}, {""start"": [0.95, 0.7], ""theta"": [0.98, 0.01000000000000012], ""objective"": 58.26771899470097, ""success"": true, ""message"": ""`gtol` termination condition is satisfied."", ""evaluations"": 15, ""inference_unavailable_reasons"": [""parameter_on_boundary""]}, {""start"": [0.8762, 0.2397], ""theta"": [0.98, 0.010000000000000037], ""objective"": 58.26771899470097, ""success"": true, ""message"": ""`gtol` termination condition is satisfied."", ""evaluations"": 10, ""inference_unavailable_reasons"": [""parameter_on_boundary""]}]",331e7ff51088341002022798b2b335347e044bfce92e847983392a7235dbe43f
186,baseline_fitted,186,8416355809849024812,0.98,0.010000000000000009,boundary,False,,10.070628377228722,0.9255184326202887,0.010000000000000023,True,False,True,False,True,2,,4,True,"[{""start"": [0.5, 0.1], ""theta"": [0.9255184326202887, 0.010000000000000023], ""objective"": 10.070628377228722, ""success"": true, ""message"": ""`ftol` termination condition is satisfied."", ""evaluations"": 14, ""inference_unavailable_reasons"": [""parameter_on_boundary""]}, {""start"": [0.75, 0.4], ""theta"": [0.925518389947732, 0.010000000000001064], ""objective"": 10.070628377242539, ""success"": true, ""message"": ""`ftol` termination condition is satisfied."", ""evaluations"": 12, ""inference_unavailable_reasons"": [""parameter_on_boundary""]}, {""start"": [0.95, 0.7], ""theta"": [0.9255183213831706, 0.010000000000055853], ""objective"": 10.07062837726547, ""success"": true, ""message"": ""`ftol` termination condition is satisfied."", ""evaluations"": 17, ""inference_unavailable_reasons"": [""parameter_on_boundary""]}, {""start"": [0.8762, 0.2397], ""theta"": [0.925518302713787, 0.01000000000015347], ""objective"": 10.070628377273813, ""success"": true, ""message"": ""`ftol` termination condition is satisfied."", ""evaluations"": 11, ""inference_unavailable_reasons"": [""parameter_on_boundary""]}]",14de8a472c64289f7af36f547a40049fd4dd3d2620adabf6b909d82df2b3fe13
187,baseline_fitted,187,14597553405207453648,0.98,0.010000000000000009,boundary,False,,15.138090661182948,0.9799999999999999,0.010000000000000231,True,False,True,True,True,2,,4,True,"[{""start"": [0.5, 0.1], ""theta"": [0.9799999999930222, 0.010000000000000009], ""objective"": 15.138090661714495, ""success"": true, ""message"": ""`gtol` termination condition is satisfied."", ""evaluations"": 11, ""inference_unavailable_reasons"": [""parameter_on_boundary""]}, {""start"": [0.75, 0.4], ""theta"": [0.9799999999997895, 0.010000000000000064], ""objective"": 15.138090661218332, ""success"": true, ""message"": ""`gtol` termination condition is satisfied."", ""evaluations"": 11, ""inference_unavailable_reasons"": [""parameter_on_boundary""]}, {""start"": [0.95, 0.7], ""theta"": [0.9799999999999999, 0.010000000000000231], ""objective"": 15.138090661182948, ""success"": true, ""message"": ""`gtol` termination condition is satisfied."", ""evaluations"": 17, ""inference_unavailable_reasons"": [""parameter_on_boundary""]}, {""start"": [0.8762, 0.2397], ""theta"": [0.979999999990955, 0.010000000000000037], ""objective"": 15.13809066185542, ""success"": true, ""message"": ""`gtol` termination condition is satisfied."", ""evaluations"": 11, ""inference_unavailable_reasons"": [""parameter_on_boundary""]}]",3533fd97f6f63cdcec13d6fa596b4ce97bd493d023dbfd3d2582ee454691e500
188,baseline_fitted,188,2965967087799848739,0.98,0.010000000000000009,boundary,False,,19.095244447463095,0.98,0.010000000000000009,True,False,True,True,True,2,,4,True,"[{""start"": [0.5, 0.1], ""theta"": [0.9799999999999741, 0.010000000000000023], ""objective"": 19.09524444748603, ""success"": true, ""message"": ""`gtol` termination condition is satisfied."", ""evaluations"": 12, ""inference_unavailable_reasons"": [""parameter_on_boundary""]}, {""start"": [0.75, 0.4], ""theta"": [0.98, 0.010000000000000009], ""objective"": 19.095244447463095, ""success"": true, ""message"": ""`gtol` termination condition is satisfied."", ""evaluations"": 10, ""inference_unavailable_reasons"": [""parameter_on_boundary""]}, {""start"": [0.95, 0.7], ""theta"": [0.9799999999938354, 0.01000000000000012], ""objective"": 19.09524444905835, ""success"": true, ""message"": ""`gtol` termination condition is satisfied."", ""evaluations"": 15, ""inference_unavailable_reasons"": [""parameter_on_boundary""]}, {""start"": [0.8762, 0.2397], ""theta"": [0.98, 0.010000000000000037], ""objective"": 19.095244447463095, ""success"": true, ""message"": ""`gtol` termination condition is satisfied."", ""evaluations"": 9, ""inference_unavailable_reasons"": [""parameter_on_boundary""]}]",de33e3440ab624fba0046c176e0e6b059c387744008d442160bcfc23632bba99
189,baseline_fitted,189,913873359850343867,0.98,0.010000000000000009,regular,False,,1.1761733633165372,0.9675430916786985,0.028837476211097557,True,True,False,False,False,2,0.9914651928307217,4,True,"[{""start"": [0.5, 0.1], ""theta"": [0.9675431169662436, 0.0288374558653883], ""objective"": 1.176173363316822, ""success"": true, ""message"": ""`ftol` termination condition is satisfied."", ""evaluations"": 12, ""inference_unavailable_reasons"": []}, {""start"": [0.75, 0.4], ""theta"": [0.9675430916786985, 0.028837476211097557], ""objective"": 1.1761733633165372, ""success"": true, ""message"": ""`ftol` termination condition is satisfied."", ""evaluations"": 11, ""inference_unavailable_reasons"": []}, {""start"": [0.95, 0.7], ""theta"": [0.9675430914937017, 0.028837476359362624], ""objective"": 1.176173363318376, ""success"": true, ""message"": ""`ftol` termination condition is satisfied."", ""evaluations"": 17, ""inference_unavailable_reasons"": []}, {""start"": [0.8762, 0.2397], ""theta"": [0.967543091527619, 0.02883747633203862], ""objective"": 1.1761733633178182, ""success"": true, ""message"": ""`ftol` termination condition is satisfied."", ""evaluations"": 10, ""inference_unavailable_reasons"": []}]",58d87b0876bfe59c78a94d388b010b535d60c5042bcd467d3971495b0b011838
190,baseline_fitted,190,14786364434155801175,0.98,0.010000000000000009,boundary,False,,22.716646945132343,0.9799999999999999,0.010000000000000009,True,False,True,True,True,2,,4,True,"[{""start"": [0.5, 0.1], ""theta"": [0.9799999999999999, 0.010000000000000009], ""objective"": 22.716646945132343, ""success"": true, ""message"": ""`gtol` termination condition is satisfied."", ""evaluations"": 12, ""inference_unavailable_reasons"": [""parameter_on_boundary""]}, {""start"": [0.75, 0.4], ""theta"": [0.979999999999996, 0.010000000000000064], ""objective"": 22.71664694515042, ""success"": true, ""message"": ""`gtol` termination condition is satisfied."", ""evaluations"": 11, ""inference_unavailable_reasons"": [""parameter_on_boundary""]}, {""start"": [0.95, 0.7], ""theta"": [0.9799999999999474, 0.01000000000000012], ""objective"": 22.71664694515466, ""success"": true, ""message"": ""`gtol` termination condition is satisfied."", ""evaluations"": 17, ""inference_unavailable_reasons"": [""parameter_on_boundary""]}, {""start"": [0.8762, 0.2397], ""theta"": [0.9799999999999003, 0.010000000000000092], ""objective"": 22.716646945180266, ""success"": true, ""message"": ""`gtol` termination condition is satisfied."", ""evaluations"": 11, ""inference_unavailable_reasons"": [""parameter_on_boundary""]}]",c8565f05d449210919dcaa5d1a11e11a9c327f39c6bfc46964034acafe636b7c
191,baseline_fitted,191,17019685036903504172,0.98,0.010000000000000009,boundary,False,,42.75438631723861,0.9748035070246251,0.010000000000000231,True,False,True,False,True,2,,4,True,"[{""start"": [0.5, 0.1], ""theta"": [0.974803459730022, 0.01000000000267219], ""objective"": 42.75438631951198, ""success"": true, ""message"": ""`ftol` termination condition is satisfied."", ""evaluations"": 21, ""inference_unavailable_reasons"": [""parameter_on_boundary""]}, {""start"": [0.75, 0.4], ""theta"": [0.9748042263162822, 0.010000000000000175], ""objective"": 42.75438632434571, ""success"": true, ""message"": ""`ftol` termination condition is satisfied."", ""evaluations"": 20, ""inference_unavailable_reasons"": [""parameter_on_boundary""]}, {""start"": [0.95, 0.7], ""theta"": [0.9748035070246251, 0.010000000000000231], ""objective"": 42.75438631723861, ""success"": true, ""message"": ""`ftol` termination condition is satisfied."", ""evaluations"": 24, ""inference_unavailable_reasons"": [""parameter_on_boundary""]}, {""start"": [0.8762, 0.2397], ""theta"": [0.9748028923579298, 0.010000000000094822], ""objective"": 42.75438633297132, ""success"": true, ""message"": ""`ftol` termination condition is satisfied."", ""evaluations"": 21, ""inference_unavailable_reasons"": [""parameter_on_boundary""]}]",113738104aa70e58e86673af2e463fa352dd5e7bcce3f61bd356aa82546aa0a4
192,baseline_fitted,192,1798126549993639769,0.98,0.010000000000000009,boundary,False,,40.47326975511971,0.98,0.01000000000000012,True,False,True,True,True,2,,4,True,"[{""start"": [0.5, 0.1], ""theta"": [0.9799999999999913, 0.010000000000000009], ""objective"": 40.473269755265974, ""success"": true, ""message"": ""`gtol` termination condition is satisfied."", ""evaluations"": 9, ""inference_unavailable_reasons"": [""parameter_on_boundary""]}, {""start"": [0.75, 0.4], ""theta"": [0.98, 0.01000000000000012], ""objective"": 40.47326975511971, ""success"": true, ""message"": ""`gtol` termination condition is satisfied."", ""evaluations"": 9, ""inference_unavailable_reasons"": [""parameter_on_boundary""]}, {""start"": [0.95, 0.7], ""theta"": [0.9799999999978407, 0.010000000000042975], ""objective"": 40.47326975671993, ""success"": true, ""message"": ""`gtol` termination condition is satisfied."", ""evaluations"": 14, ""inference_unavailable_reasons"": [""parameter_on_boundary""]}, {""start"": [0.8762, 0.2397], ""theta"": [0.979999999999363, 0.010000000000096348], ""objective"": 40.47326975571005, ""success"": true, ""message"": ""`gtol` termination condition is satisfied."", ""evaluations"": 9, ""inference_unavailable_reasons"": [""parameter_on_boundary""]}]",f1a1014b0d3d4e229bad9b9d55f39bf4ffc8436f0a32222c842d541db4e3ea3f
193,baseline_fitted,193,12390470699421135254,0.98,0.010000000000000009,boundary,False,,53.17676630060272,0.98,0.010000000000000064,True,False,True,True,True,2,,4,True,"[{""start"": [0.5, 0.1], ""theta"": [0.9799999999998774, 0.010000000000000009], ""objective"": 53.17676630071688, ""success"": true, ""message"": ""`gtol` termination condition is satisfied."", ""evaluations"": 10, ""inference_unavailable_reasons"": [""parameter_on_boundary""]}, {""start"": [0.75, 0.4], ""theta"": [0.98, 0.010000000000000064], ""objective"": 53.17676630060272, ""success"": true, ""message"": ""`gtol` termination condition is satisfied."", ""evaluations"": 10, ""inference_unavailable_reasons"": [""parameter_on_boundary""]}, {""start"": [0.95, 0.7], ""theta"": [0.9799999999970536, 0.01000000000000012], ""objective"": 53.176766301771714, ""success"": true, ""message"": ""`gtol` termination condition is satisfied."", ""evaluations"": 15, ""inference_unavailable_reasons"": [""parameter_on_boundary""]}, {""start"": [0.8762, 0.2397], ""theta"": [0.9799999999986649, 0.010000000000000037], ""objective"": 53.17676630120834, ""success"": true, ""message"": ""`gtol` termination condition is satisfied."", ""evaluations"": 10, ""inference_unavailable_reasons"": [""parameter_on_boundary""]}]",0ab6e5e81279a47b383b0211837917973cb731654dcb2a323f1a04212945cbea
194,baseline_fitted,194,2897431634308855278,0.98,0.010000000000000009,boundary,False,,20.00777176624945,0.9799999999999994,0.010000000000000064,True,False,True,True,True,2,,4,True,"[{""start"": [0.5, 0.1], ""theta"": [0.9799999999998453, 0.010000000000000009], ""objective"": 20.007771766258262, ""success"": true, ""message"": ""`gtol` termination condition is satisfied."", ""evaluations"": 13, ""inference_unavailable_reasons"": [""parameter_on_boundary""]}, {""start"": [0.75, 0.4], ""theta"": [0.979999999990205, 0.01000000000000012], ""objective"": 20.00777176633767, ""success"": true, ""message"": ""`gtol` termination condition is satisfied."", ""evaluations"": 12, ""inference_unavailable_reasons"": [""parameter_on_boundary""]}, {""start"": [0.95, 0.7], ""theta"": [0.9799999997808371, 0.01000000000000012], ""objective"": 20.00777176793906, ""success"": true, ""message"": ""`gtol` termination condition is satisfied."", ""evaluations"": 17, ""inference_unavailable_reasons"": [""parameter_on_boundary""]}, {""start"": [0.8762, 0.2397], ""theta"": [0.9799999999999994, 0.010000000000000064], ""objective"": 20.00777176624945, ""success"": true, ""message"": ""`gtol` termination condition is satisfied."", ""evaluations"": 13, ""inference_unavailable_reasons"": [""parameter_on_boundary""]}]",8ecc89bf3705ddbddc2643e1480bcf8fd958711317b1b988575154de166c0b6e
195,baseline_fitted,195,6828273899842536471,0.98,0.010000000000000009,boundary,False,,8.601510926534624,0.9698452011567154,0.010000000001084877,True,False,True,False,True,2,,4,True,"[{""start"": [0.5, 0.1], ""theta"": [0.9698452011567154, 0.010000000001084877], ""objective"": 8.601510926534624, ""success"": true, ""message"": ""`xtol` termination condition is satisfied."", ""evaluations"": 16, ""inference_unavailable_reasons"": [""parameter_on_boundary""]}, {""start"": [0.75, 0.4], ""theta"": [0.9698452012508897, 0.010000000000000064], ""objective"": 8.601510926535948, ""success"": true, ""message"": ""Both `ftol` and `xtol` termination conditions are satisfied."", ""evaluations"": 15, ""inference_unavailable_reasons"": [""parameter_on_boundary""]}, {""start"": [0.95, 0.7], ""theta"": [0.9698452011742128, 0.010000000000000231], ""objective"": 8.601510926535141, ""success"": true, ""message"": ""`ftol` termination condition is satisfied."", ""evaluations"": 21, ""inference_unavailable_reasons"": [""parameter_on_boundary""]}, {""start"": [0.8762, 0.2397], ""theta"": [0.9698452012619333, 0.010000000000000037], ""objective"": 8.601510926537728, ""success"": true, ""message"": ""Both `ftol` and `xtol` termination conditions are satisfied."", ""evaluations"": 15, ""inference_unavailable_reasons"": [""parameter_on_boundary""]}]",b7170cc0cea69575be8215646ffff04356179fff1afd0915c0dddb048e929ed1
196,baseline_fitted,196,14734596659556608501,0.98,0.010000000000000009,boundary,False,,7.1041360935340325,0.9720275094829164,0.010000000001806009,True,False,True,False,True,2,,4,True,"[{""start"": [0.5, 0.1], ""theta"": [0.9720276194942975, 0.010000000000055687], ""objective"": 7.10413609374683, ""success"": true, ""message"": ""`ftol` termination condition is satisfied."", ""evaluations"": 28, ""inference_unavailable_reasons"": [""parameter_on_boundary""]}, {""start"": [0.75, 0.4], ""theta"": [0.9720275094829164, 0.010000000001806009], ""objective"": 7.1041360935340325, ""success"": true, ""message"": ""`ftol` termination condition is satisfied."", ""evaluations"": 28, ""inference_unavailable_reasons"": [""parameter_on_boundary""]}, {""start"": [0.95, 0.7], ""theta"": [0.9720278603074267, 0.01000000000000012], ""objective"": 7.104136095535796, ""success"": true, ""message"": ""`ftol` termination condition is satisfied."", ""evaluations"": 25, ""inference_unavailable_reasons"": [""parameter_on_boundary""]}, {""start"": [0.8762, 0.2397], ""theta"": [0.9720276629899013, 0.01000000000317805], ""objective"": 7.104136094441729, ""success"": true, ""message"": ""`ftol` termination condition is satisfied."", ""evaluations"": 23, ""inference_unavailable_reasons"": [""parameter_on_boundary""]}]",5e6fbb1c4cf17b3372754b53d95424fdfc5cdc6b9df8d3e5dacb2f24126a1f53
197,baseline_fitted,197,16418317201728404372,0.98,0.010000000000000009,boundary,False,,148.00297446640096,0.98,0.010000000000000064,True,False,True,True,True,2,,4,True,"[{""start"": [0.5, 0.1], ""theta"": [0.9799999999998475, 0.010000000000000023], ""objective"": 148.00297446664496, ""success"": true, ""message"": ""`gtol` termination condition is satisfied."", ""evaluations"": 11, ""inference_unavailable_reasons"": [""parameter_on_boundary""]}, {""start"": [0.75, 0.4], ""theta"": [0.98, 0.010000000000000064], ""objective"": 148.00297446640096, ""success"": true, ""message"": ""`gtol` termination condition is satisfied."", ""evaluations"": 11, ""inference_unavailable_reasons"": [""parameter_on_boundary""]}, {""start"": [0.95, 0.7], ""theta"": [0.98, 0.010000000000000231], ""objective"": 148.00297446640667, ""success"": true, ""message"": ""`gtol` termination condition is satisfied."", ""evaluations"": 16, ""inference_unavailable_reasons"": [""parameter_on_boundary""]}, {""start"": [0.8762, 0.2397], ""theta"": [0.98, 0.010000000000000037], ""objective"": 148.00297446640096, ""success"": true, ""message"": ""`gtol` termination condition is satisfied."", ""evaluations"": 11, ""inference_unavailable_reasons"": [""parameter_on_boundary""]}]",2e778273a9ba10762b3f5f225892f5f6fabe4c01292a8f45aaf185dc3748cd82
198,baseline_fitted,198,790912853764310292,0.98,0.010000000000000009,boundary,False,,19.674705312020443,0.9560003046852876,0.010000000000000064,True,False,True,False,True,2,,4,True,"[{""start"": [0.5, 0.1], ""theta"": [0.9560003187231572, 0.010000000000000009], ""objective"": 19.674705312032017, ""success"": true, ""message"": ""`ftol` termination condition is satisfied."", ""evaluations"": 13, ""inference_unavailable_reasons"": [""parameter_on_boundary""]}, {""start"": [0.75, 0.4], ""theta"": [0.9560003046852876, 0.010000000000000064], ""objective"": 19.674705312020443, ""success"": true, ""message"": ""`ftol` termination condition is satisfied."", ""evaluations"": 12, ""inference_unavailable_reasons"": [""parameter_on_boundary""]}, {""start"": [0.95, 0.7], ""theta"": [0.9560001672133066, 0.01000000000000012], ""objective"": 19.674705312145985, ""success"": true, ""message"": ""`ftol` termination condition is satisfied."", ""evaluations"": 17, ""inference_unavailable_reasons"": [""parameter_on_boundary""]}, {""start"": [0.8762, 0.2397], ""theta"": [0.956000277638656, 0.010000000000000037], ""objective"": 19.674705312035208, ""success"": true, ""message"": ""`ftol` termination condition is satisfied."", ""evaluations"": 12, ""inference_unavailable_reasons"": [""parameter_on_boundary""]}]",29adb7a2d6cf32e0e47ef0c1e9564105e45de1d7702af3531091c52c832338fc
199,baseline_fitted,199,14728521692336887915,0.98,0.010000000000000009,boundary,False,,7.9870827540309275,0.9669555580208202,0.010000000000000009,True,False,True,False,True,2,,4,True,"[{""start"": [0.5, 0.1], ""theta"": [0.9669560563054138, 0.010000000000000009], ""objective"": 7.987082754075221, ""success"": true, ""message"": ""`ftol` termination condition is satisfied."", ""evaluations"": 13, ""inference_unavailable_reasons"": [""parameter_on_boundary""]}, {""start"": [0.75, 0.4], ""theta"": [0.9669555580208202, 0.010000000000000009], ""objective"": 7.9870827540309275, ""success"": true, ""message"": ""`ftol` termination condition is satisfied."", ""evaluations"": 12, ""inference_unavailable_reasons"": [""parameter_on_boundary""]}, {""start"": [0.95, 0.7], ""theta"": [0.966955465931197, 0.01000000000000012], ""objective"": 7.9870827542454155, ""success"": true, ""message"": ""`ftol` termination condition is satisfied."", ""evaluations"": 16, ""inference_unavailable_reasons"": [""parameter_on_boundary""]}, {""start"": [0.8762, 0.2397], ""theta"": [0.9669555446675985, 0.010000000000000064], ""objective"": 7.987082754058106, ""success"": true, ""message"": ""`ftol` termination condition is satisfied."", ""evaluations"": 12, ""inference_unavailable_reasons"": [""parameter_on_boundary""]}]",fe003b21fd22345ac5010b6500f024380fba4977ffb3cb564342ea599857b866
200,baseline_fitted,200,15369538651694288305,0.98,0.010000000000000009,boundary,False,,6.696695447265537,0.98,0.012196908688302255,True,False,True,True,False,2,,4,True,"[{""start"": [0.5, 0.1], ""theta"": [0.98, 0.012196908688302255], ""objective"": 6.696695447265537, ""success"": true, ""message"": ""Both `ftol` and `xtol` termination conditions are satisfied."", ""evaluations"": 17, ""inference_unavailable_reasons"": [""parameter_on_boundary""]}, {""start"": [0.75, 0.4], ""theta"": [0.98, 0.012196900132052046], ""objective"": 6.696695447266482, ""success"": true, ""message"": ""`gtol` termination condition is satisfied."", ""evaluations"": 13, ""inference_unavailable_reasons"": [""parameter_on_boundary""]}, {""start"": [0.95, 0.7], ""theta"": [0.98, 0.012196900167829705], ""objective"": 6.696695447266281, ""success"": true, ""message"": ""`gtol` termination condition is satisfied."", ""evaluations"": 19, ""inference_unavailable_reasons"": [""parameter_on_boundary""]}, {""start"": [0.8762, 0.2397], ""theta"": [0.98, 0.012196900136878658], ""objective"": 6.696695447265748, ""success"": true, ""message"": ""`gtol` termination condition is satisfied."", ""evaluations"": 12, ""inference_unavailable_reasons"": [""parameter_on_boundary""]}]",9ffe1e60bf53c7dd3d807f49343bcd629f0d0ae237c8a2985ee4d33588b83eae
201,baseline_fitted,201,16343825120442851308,0.98,0.010000000000000009,boundary,False,,10.815930172379824,0.9799999999999998,0.01000000000000012,True,False,True,True,True,2,,4,True,"[{""start"": [0.5, 0.1], ""theta"": [0.9799999999999999, 0.010000000000000009], ""objective"": 10.815930172390903, ""success"": true, ""message"": ""`gtol` termination condition is satisfied."", ""evaluations"": 12, ""inference_unavailable_reasons"": [""parameter_on_boundary""]}, {""start"": [0.75, 0.4], ""theta"": [0.9799999999993096, 0.010000000000000064], ""objective"": 10.8159301724582, ""success"": true, ""message"": ""`gtol` termination condition is satisfied."", ""evaluations"": 11, ""inference_unavailable_reasons"": [""parameter_on_boundary""]}, {""start"": [0.95, 0.7], ""theta"": [0.9799999999999998, 0.01000000000000012], ""objective"": 10.815930172379824, ""success"": true, ""message"": ""`gtol` termination condition is satisfied."", ""evaluations"": 16, ""inference_unavailable_reasons"": [""parameter_on_boundary""]}, {""start"": [0.8762, 0.2397], ""theta"": [0.9799999999653083, 0.010000000000000064], ""objective"": 10.815930173566459, ""success"": true, ""message"": ""`gtol` termination condition is satisfied."", ""evaluations"": 10, ""inference_unavailable_reasons"": [""parameter_on_boundary""]}]",056b210916e03179bae1d74ae7b89b14bb9a6ec2ced2771b20999aef37635f6d
202,baseline_fitted,202,771087251504510996,0.98,0.010000000000000009,boundary,False,,5.264657052930814,0.9799325610577164,0.010000000000129183,True,False,True,False,True,2,,4,True,"[{""start"": [0.5, 0.1], ""theta"": [0.9799326989442423, 0.010000000000001535], ""objective"": 5.264657053710145, ""success"": true, ""message"": ""`ftol` termination condition is satisfied."", ""evaluations"": 20, ""inference_unavailable_reasons"": [""parameter_on_boundary""]}, {""start"": [0.75, 0.4], ""theta"": [0.9799325610577164, 0.010000000000129183], ""objective"": 5.264657052930814, ""success"": true, ""message"": ""`ftol` termination condition is satisfied."", ""evaluations"": 21, ""inference_unavailable_reasons"": [""parameter_on_boundary""]}, {""start"": [0.95, 0.7], ""theta"": [0.9799325697427121, 0.010000000000002562], ""objective"": 5.264657052959627, ""success"": true, ""message"": ""`ftol` termination condition is satisfied."", ""evaluations"": 27, ""inference_unavailable_reasons"": [""parameter_on_boundary""]}, {""start"": [0.8762, 0.2397], ""theta"": [0.9799326807843143, 0.01000000000000173], ""objective"": 5.264657053557643, ""success"": true, ""message"": ""`ftol` termination condition is satisfied."", ""evaluations"": 19, ""inference_unavailable_reasons"": [""parameter_on_boundary""]}]",4e712907edf0dcfe803d7a3e25c276bce69f78e6b96307075ffa6ee714257e86
203,baseline_fitted,203,8996162669636780380,0.98,0.010000000000000009,boundary,False,,55.47845087456625,0.9799999999999995,0.010000000000000009,True,False,True,True,True,2,,4,True,"[{""start"": [0.5, 0.1], ""theta"": [0.9799999999999995, 0.010000000000000009], ""objective"": 55.47845087456625, ""success"": true, ""message"": ""`gtol` termination condition is satisfied."", ""evaluations"": 15, ""inference_unavailable_reasons"": [""parameter_on_boundary""]}, {""start"": [0.75, 0.4], ""theta"": [0.9799999999999727, 0.010000000000000064], ""objective"": 55.47845087463037, ""success"": true, ""message"": ""`gtol` termination condition is satisfied."", ""evaluations"": 13, ""inference_unavailable_reasons"": [""parameter_on_boundary""]}, {""start"": [0.95, 0.7], ""theta"": [0.9799999999999911, 0.01000000000000012], ""objective"": 55.47845087457702, ""success"": true, ""message"": ""`gtol` termination condition is satisfied."", ""evaluations"": 19, ""inference_unavailable_reasons"": [""parameter_on_boundary""]}, {""start"": [0.8762, 0.2397], ""theta"": [0.9799999999999012, 0.010000000000000037], ""objective"": 55.47845087462399, ""success"": true, ""message"": ""`gtol` termination condition is satisfied."", ""evaluations"": 13, ""inference_unavailable_reasons"": [""parameter_on_boundary""]}]",82edb4130e7bb045e648e220060cdbd84bb8f5ba026c2912d5748de3f2051f9c
204,baseline_fitted,204,14951226837637569648,0.98,0.010000000000000009,boundary,False,,141.10369872155985,0.9799999999999999,0.010000000000000231,True,False,True,True,True,2,,4,True,"[{""start"": [0.5, 0.1], ""theta"": [0.98, 0.010000000000000009], ""objective"": 141.10369872161064, ""success"": true, ""message"": ""`gtol` termination condition is satisfied."", ""evaluations"": 11, ""inference_unavailable_reasons"": [""parameter_on_boundary""]}, {""start"": [0.75, 0.4], ""theta"": [0.9799999999997975, 0.010000000000000064], ""objective"": 141.10369872192956, ""success"": true, ""message"": ""`gtol` termination condition is satisfied."", ""evaluations"": 10, ""inference_unavailable_reasons"": [""parameter_on_boundary""]}, {""start"": [0.95, 0.7], ""theta"": [0.9799999999999999, 0.010000000000000231], ""objective"": 141.10369872155985, ""success"": true, ""message"": ""`gtol` termination condition is satisfied."", ""evaluations"": 16, ""inference_unavailable_reasons"": [""parameter_on_boundary""]}, {""start"": [0.8762, 0.2397], ""theta"": [0.9799999999981329, 0.010000000000000037], ""objective"": 141.10369872295388, ""success"": true, ""message"": ""`gtol` termination condition is satisfied."", ""evaluations"": 10, ""inference_unavailable_reasons"": [""parameter_on_boundary""]}]",8523ff6fc6c6e818df60ec1c1963f1a450da62c5c461348c9f89d35b6e42663d
205,baseline_fitted,205,8254854559113469862,0.98,0.010000000000000009,boundary,False,,28.389468566713212,0.979999999999989,0.010000000000000009,True,False,True,True,True,2,,4,True,"[{""start"": [0.5, 0.1], ""theta"": [0.979999999999989, 0.010000000000000009], ""objective"": 28.389468566713212, ""success"": true, ""message"": ""`gtol` termination condition is satisfied."", ""evaluations"": 15, ""inference_unavailable_reasons"": [""parameter_on_boundary""]}, {""start"": [0.75, 0.4], ""theta"": [0.9799999999981835, 0.010000000000000064], ""objective"": 28.38946856679078, ""success"": true, ""message"": ""`gtol` termination condition is satisfied."", ""evaluations"": 13, ""inference_unavailable_reasons"": [""parameter_on_boundary""]}, {""start"": [0.95, 0.7], ""theta"": [0.9799999999999979, 0.01000000000000012], ""objective"": 28.389468566742316, ""success"": true, ""message"": ""`gtol` termination condition is satisfied."", ""evaluations"": 19, ""inference_unavailable_reasons"": [""parameter_on_boundary""]}, {""start"": [0.8762, 0.2397], ""theta"": [0.9799999996691865, 0.010000000000000064], ""objective"": 28.38946856823967, ""success"": true, ""message"": ""`gtol` termination condition is satisfied."", ""evaluations"": 12, ""inference_unavailable_reasons"": [""parameter_on_boundary""]}]",0fbc91cbd2753739da3ca5baa4849e1c3070b5e394fc5181b13466403e08ea1f
206,baseline_fitted,206,7406004086159807371,0.98,0.010000000000000009,boundary,False,,412.5259667115218,0.9799999999999998,0.010000000000000148,True,False,True,True,True,2,,4,True,"[{""start"": [0.5, 0.1], ""theta"": [0.9799999999999999, 0.010000000000000009], ""objective"": 412.5259667118477, ""success"": true, ""message"": ""`gtol` termination condition is satisfied."", ""evaluations"": 9, ""inference_unavailable_reasons"": [""parameter_on_boundary""]}, {""start"": [0.75, 0.4], ""theta"": [0.9799999999997644, 0.010000000000083331], ""objective"": 412.5259667134492, ""success"": true, ""message"": ""`gtol` termination condition is satisfied."", ""evaluations"": 8, ""inference_unavailable_reasons"": [""parameter_on_boundary""]}, {""start"": [0.95, 0.7], ""theta"": [0.98, 0.01000000000000012], ""objective"": 412.5259667120613, ""success"": true, ""message"": ""`gtol` termination condition is satisfied."", ""evaluations"": 14, ""inference_unavailable_reasons"": [""parameter_on_boundary""]}, {""start"": [0.8762, 0.2397], ""theta"": [0.9799999999999998, 0.010000000000000148], ""objective"": 412.5259667115218, ""success"": true, ""message"": ""`gtol` termination condition is satisfied."", ""evaluations"": 9, ""inference_unavailable_reasons"": [""parameter_on_boundary""]}]",41709b7990f8eba07c6bf085ae9ed6f027bfea9f406e6ba26f94970ed445c95c
207,baseline_fitted,207,803949428353874113,0.98,0.010000000000000009,boundary,False,,24.897489029770593,0.9646868308467501,0.01000000000000012,True,False,True,False,True,2,,4,True,"[{""start"": [0.5, 0.1], ""theta"": [0.9646867653610892, 0.010000000000000009], ""objective"": 24.897489029879477, ""success"": true, ""message"": ""`ftol` termination condition is satisfied."", ""evaluations"": 21, ""inference_unavailable_reasons"": [""parameter_on_boundary""]}, {""start"": [0.75, 0.4], ""theta"": [0.9646865713413487, 0.010000000000000064], ""objective"": 24.89748903031006, ""success"": true, ""message"": ""`ftol` termination condition is satisfied."", ""evaluations"": 19, ""inference_unavailable_reasons"": [""parameter_on_boundary""]}, {""start"": [0.95, 0.7], ""theta"": [0.9646868308467501, 0.01000000000000012], ""objective"": 24.897489029770593, ""success"": true, ""message"": ""`ftol` termination condition is satisfied."", ""evaluations"": 26, ""inference_unavailable_reasons"": [""parameter_on_boundary""]}, {""start"": [0.8762, 0.2397], ""theta"": [0.9646866002916556, 0.010000000000000037], ""objective"": 24.897489030244245, ""success"": true, ""message"": ""`ftol` termination condition is satisfied."", ""evaluations"": 18, ""inference_unavailable_reasons"": [""parameter_on_boundary""]}]",1f703fea2899e68c5f847b925c388f859e93089c35b3ef111a787d0bf99adbe8
208,baseline_fitted,208,3470860835523054530,0.98,0.010000000000000009,boundary,False,,11.4741364686754,0.9564654747404068,0.010000000000000009,True,False,True,False,True,2,,4,True,"[{""start"": [0.5, 0.1], ""theta"": [0.9564654747404068, 0.010000000000000009], ""objective"": 11.4741364686754, ""success"": true, ""message"": ""`ftol` termination condition is satisfied."", ""evaluations"": 21, ""inference_unavailable_reasons"": [""parameter_on_boundary""]}, {""start"": [0.75, 0.4], ""theta"": [0.9564630360444363, 0.01000000000000012], ""objective"": 11.474136469155173, ""success"": true, ""message"": ""`ftol` termination condition is satisfied."", ""evaluations"": 23, ""inference_unavailable_reasons"": [""parameter_on_boundary""]}, {""start"": [0.95, 0.7], ""theta"": [0.9564654785592444, 0.01000000000000012], ""objective"": 11.47413646870023, ""success"": true, ""message"": ""`ftol` termination condition is satisfied."", ""evaluations"": 29, ""inference_unavailable_reasons"": [""parameter_on_boundary""]}, {""start"": [0.8762, 0.2397], ""theta"": [0.9564630377946337, 0.010000000000000037], ""objective"": 11.47413646912716, ""success"": true, ""message"": ""`ftol` termination condition is satisfied."", ""evaluations"": 18, ""inference_unavailable_reasons"": [""parameter_on_boundary""]}]",dfd2e76f3b607566fd32b9d5568c2416cff4737a58888c115d1c3f8cda8dfe8e
209,baseline_fitted,209,5817160614681439229,0.98,0.010000000000000009,boundary,False,,119.18279907442479,0.98,0.010000000000000009,True,False,True,True,True,2,,4,True,"[{""start"": [0.5, 0.1], ""theta"": [0.98, 0.010000000000000009], ""objective"": 119.18279907442479, ""success"": true, ""message"": ""`gtol` termination condition is satisfied."", ""evaluations"": 11, ""inference_unavailable_reasons"": [""parameter_on_boundary""]}, {""start"": [0.75, 0.4], ""theta"": [0.98, 0.01000000000000012], ""objective"": 119.18279907442479, ""success"": true, ""message"": ""`gtol` termination condition is satisfied."", ""evaluations"": 9, ""inference_unavailable_reasons"": [""parameter_on_boundary""]}, {""start"": [0.95, 0.7], ""theta"": [0.98, 0.010000000000000342], ""objective"": 119.18279907442769, ""success"": true, ""message"": ""`gtol` termination condition is satisfied."", ""evaluations"": 14, ""inference_unavailable_reasons"": [""parameter_on_boundary""]}, {""start"": [0.8762, 0.2397], ""theta"": [0.98, 0.010000000000000175], ""objective"": 119.18279907442769, ""success"": true, ""message"": ""`gtol` termination condition is satisfied."", ""evaluations"": 8, ""inference_unavailable_reasons"": [""parameter_on_boundary""]}]",81be1a69a9d80ff355dd548cf530de3db0cd29f9f9b2b096351f1e2f7e0830f8
210,baseline_fitted,210,8538079538326778303,0.98,0.010000000000000009,boundary,False,,25.95844929758006,0.98,0.010091697427163551,True,False,True,True,False,2,,4,True,"[{""start"": [0.5, 0.1], ""theta"": [0.98, 0.010091697427163551], ""objective"": 25.95844929758006, ""success"": true, ""message"": ""`ftol` termination condition is satisfied."", ""evaluations"": 18, ""inference_unavailable_reasons"": [""parameter_on_boundary""]}, {""start"": [0.75, 0.4], ""theta"": [0.98, 0.010091694959454833], ""objective"": 25.958449297582412, ""success"": true, ""message"": ""`gtol` termination condition is satisfied."", ""evaluations"": 17, ""inference_unavailable_reasons"": [""parameter_on_boundary""]}, {""start"": [0.95, 0.7], ""theta"": [0.98, 0.010091692165928867], ""objective"": 25.958449297582337, ""success"": true, ""message"": ""`gtol` termination condition is satisfied."", ""evaluations"": 22, ""inference_unavailable_reasons"": [""parameter_on_boundary""]}, {""start"": [0.8762, 0.2397], ""theta"": [0.98, 0.010091694051720557], ""objective"": 25.95844929758057, ""success"": true, ""message"": ""`gtol` termination condition is satisfied."", ""evaluations"": 16, ""inference_unavailable_reasons"": [""parameter_on_boundary""]}]",d55b303339764057711c522d5a3b19e9071e2df66a766012dac6cad437414b3b
211,baseline_fitted,211,16861488667735325386,0.98,0.010000000000000009,boundary,False,,14.086831248446746,0.9577594153692595,0.010000000000000453,True,False,True,False,True,2,,4,True,"[{""start"": [0.5, 0.1], ""theta"": [0.9577584390414186, 0.010000000000000009], ""objective"": 14.086831252917621, ""success"": true, ""message"": ""`ftol` termination condition is satisfied."", ""evaluations"": 15, ""inference_unavailable_reasons"": [""parameter_on_boundary""]}, {""start"": [0.75, 0.4], ""theta"": [0.9577587956875842, 0.010000000000000064], ""objective"": 14.08683125069363, ""success"": true, ""message"": ""`ftol` termination condition is satisfied."", ""evaluations"": 15, ""inference_unavailable_reasons"": [""parameter_on_boundary""]}, {""start"": [0.95, 0.7], ""theta"": [0.9577594153692595, 0.010000000000000453], ""objective"": 14.086831248446746, ""success"": true, ""message"": ""`ftol` termination condition is satisfied."", ""evaluations"": 19, ""inference_unavailable_reasons"": [""parameter_on_boundary""]}, {""start"": [0.8762, 0.2397], ""theta"": [0.9577608672466906, 0.010000000000000064], ""objective"": 14.086831251179717, ""success"": true, ""message"": ""`ftol` termination condition is satisfied."", ""evaluations"": 16, ""inference_unavailable_reasons"": [""parameter_on_boundary""]}]",8cfecb15d046a77c4bb80938db13bf147db186033e2539ed450722c12a82047b
212,baseline_fitted,212,2254894038308262654,0.98,0.010000000000000009,boundary,False,,25.53286725517142,0.9799999999999998,0.010000000000000023,True,False,True,True,True,2,,4,True,"[{""start"": [0.5, 0.1], ""theta"": [0.9799999999999998, 0.010000000000000023], ""objective"": 25.53286725517142, ""success"": true, ""message"": ""`gtol` termination condition is satisfied."", ""evaluations"": 12, ""inference_unavailable_reasons"": [""parameter_on_boundary""]}, {""start"": [0.75, 0.4], ""theta"": [0.9799999999999939, 0.010000000000000064], ""objective"": 25.532867255237598, ""success"": true, ""message"": ""`gtol` termination condition is satisfied."", ""evaluations"": 10, ""inference_unavailable_reasons"": [""parameter_on_boundary""]}, {""start"": [0.95, 0.7], ""theta"": [0.98, 0.010000000000000231], ""objective"": 25.53286725521602, ""success"": true, ""message"": ""`gtol` termination condition is satisfied."", ""evaluations"": 16, ""inference_unavailable_reasons"": [""parameter_on_boundary""]}, {""start"": [0.8762, 0.2397], ""theta"": [0.9799999999986315, 0.010000000000028125], ""objective"": 25.532867255698804, ""success"": true, ""message"": ""`gtol` termination condition is satisfied."", ""evaluations"": 9, ""inference_unavailable_reasons"": [""parameter_on_boundary""]}]",5159d25f7aca9089786e13b750253a7849e8ce75d8890e33dd26db8889563dd2
213,baseline_fitted,213,4192087085937764720,0.98,0.010000000000000009,boundary,False,,24.725804585930973,0.9735326454594367,0.01000000000001211,True,False,True,False,True,2,,4,True,"[{""start"": [0.5, 0.1], ""theta"": [0.9735326439368237, 0.010000000000255735], ""objective"": 24.725804585965925, ""success"": true, ""message"": ""`ftol` termination condition is satisfied."", ""evaluations"": 21, ""inference_unavailable_reasons"": [""parameter_on_boundary""]}, {""start"": [0.75, 0.4], ""theta"": [0.9735323206186699, 0.01000000004746815], ""objective"": 24.72580460124762, ""success"": true, ""message"": ""`ftol` termination condition is satisfied."", ""evaluations"": 16, ""inference_unavailable_reasons"": [""parameter_on_boundary""]}, {""start"": [0.95, 0.7], ""theta"": [0.9735326454594367, 0.01000000000001211], ""objective"": 24.725804585930973, ""success"": true, ""message"": ""`ftol` termination condition is satisfied."", ""evaluations"": 21, ""inference_unavailable_reasons"": [""parameter_on_boundary""]}, {""start"": [0.8762, 0.2397], ""theta"": [0.9735326554939621, 0.010000000000177006], ""objective"": 24.725804585955498, ""success"": true, ""message"": ""`ftol` termination condition is satisfied."", ""evaluations"": 24, ""inference_unavailable_reasons"": [""parameter_on_boundary""]}]",a3cdf5e91d3d08cb530ced94b0aa704c0b9f09c33c899c33499a497dcf2f1a0b
214,baseline_fitted,214,13879697841217988829,0.98,0.010000000000000009,boundary,False,,6.649935041259657,0.98,0.010000000000000023,True,False,True,True,True,2,,4,True,"[{""start"": [0.5, 0.1], ""theta"": [0.98, 0.010000000000000023], ""objective"": 6.649935041259657, ""success"": true, ""message"": ""`gtol` termination condition is satisfied."", ""evaluations"": 12, ""inference_unavailable_reasons"": [""parameter_on_boundary""]}, {""start"": [0.75, 0.4], ""theta"": [0.98, 0.010000000000000064], ""objective"": 6.649935041259657, ""success"": true, ""message"": ""`gtol` termination condition is satisfied."", ""evaluations"": 11, ""inference_unavailable_reasons"": [""parameter_on_boundary""]}, {""start"": [0.95, 0.7], ""theta"": [0.98, 0.010000000001847309], ""objective"": 6.649935041322206, ""success"": true, ""message"": ""`gtol` termination condition is satisfied."", ""evaluations"": 16, ""inference_unavailable_reasons"": [""parameter_on_boundary""]}, {""start"": [0.8762, 0.2397], ""theta"": [0.98, 0.010000000000002451], ""objective"": 6.649935041260711, ""success"": true, ""message"": ""`gtol` termination condition is satisfied."", ""evaluations"": 10, ""inference_unavailable_reasons"": [""parameter_on_boundary""]}]",bd1113f749ed37f341c888d578c366e87897b4409e42036eef7a447f3cc8cbd5
215,baseline_fitted,215,910212278831458083,0.98,0.010000000000000009,boundary,False,,99.16372288016285,0.9773384053888242,0.01000000000000767,True,False,True,False,True,2,,4,True,"[{""start"": [0.5, 0.1], ""theta"": [0.9773379807531652, 0.010000000139312723], ""objective"": 99.1637231425427, ""success"": true, ""message"": ""`ftol` termination condition is satisfied."", ""evaluations"": 28, ""inference_unavailable_reasons"": [""parameter_on_boundary""]}, {""start"": [0.75, 0.4], ""theta"": [0.977338430394696, 0.010000000010326526], ""objective"": 99.16372289642369, ""success"": true, ""message"": ""`ftol` termination condition is satisfied."", ""evaluations"": 25, ""inference_unavailable_reasons"": [""parameter_on_boundary""]}, {""start"": [0.95, 0.7], ""theta"": [0.9773384053888242, 0.01000000000000767], ""objective"": 99.16372288016285, ""success"": true, ""message"": ""`ftol` termination condition is satisfied."", ""evaluations"": 28, ""inference_unavailable_reasons"": [""parameter_on_boundary""]}, {""start"": [0.8762, 0.2397], ""theta"": [0.9773383811288151, 0.01000000000000334], ""objective"": 99.16372288105758, ""success"": true, ""message"": ""`ftol` termination condition is satisfied."", ""evaluations"": 39, ""inference_unavailable_reasons"": [""parameter_on_boundary""]}]",07fa3d3114a5799b3fc35f4c14bb5fa1b9b3fb414bfb103179e92a1977bfc488
216,baseline_fitted,216,13625863768106358615,0.98,0.010000000000000009,boundary,False,,8.345087489382166,0.9674700545000928,0.01000000000000012,True,False,True,False,True,2,,4,True,"[{""start"": [0.5, 0.1], ""theta"": [0.9674697888915029, 0.010000000000000009], ""objective"": 8.345087489567124, ""success"": true, ""message"": ""`ftol` termination condition is satisfied."", ""evaluations"": 15, ""inference_unavailable_reasons"": [""parameter_on_boundary""]}, {""start"": [0.75, 0.4], ""theta"": [0.9674700545000928, 0.01000000000000012], ""objective"": 8.345087489382166, ""success"": true, ""message"": ""`xtol` termination condition is satisfied."", ""evaluations"": 25, ""inference_unavailable_reasons"": [""parameter_on_boundary""]}, {""start"": [0.95, 0.7], ""theta"": [0.967469540503698, 0.010000000000000231], ""objective"": 8.345087490200124, ""success"": true, ""message"": ""`ftol` termination condition is satisfied."", ""evaluations"": 25, ""inference_unavailable_reasons"": [""parameter_on_boundary""]}, {""start"": [0.8762, 0.2397], ""theta"": [0.9674698023749984, 0.010000000000000064], ""objective"": 8.345087489541957, ""success"": true, ""message"": ""`xtol` termination condition is satisfied."", ""evaluations"": 24, ""inference_unavailable_reasons"": [""parameter_on_boundary""]}]",3160128947b4abd9eea06637d8737948a3ea687b85634ad322fd4cfc221feffd
217,baseline_fitted,217,7333651864653785330,0.98,0.010000000000000009,boundary,False,,9.6691891540187,0.9705968452494136,0.010000000000000009,True,False,True,False,True,2,,4,True,"[{""start"": [0.5, 0.1], ""theta"": [0.9705968452494136, 0.010000000000000009], ""objective"": 9.6691891540187, ""success"": true, ""message"": ""`ftol` termination condition is satisfied."", ""evaluations"": 22, ""inference_unavailable_reasons"": [""parameter_on_boundary""]}, {""start"": [0.75, 0.4], ""theta"": [0.9705952415336154, 0.01000000000000012], ""objective"": 9.669189155471493, ""success"": true, ""message"": ""`ftol` termination condition is satisfied."", ""evaluations"": 22, ""inference_unavailable_reasons"": [""parameter_on_boundary""]}, {""start"": [0.95, 0.7], ""theta"": [0.9705969486036753, 0.01000000000000012], ""objective"": 9.669189155284108, ""success"": true, ""message"": ""`ftol` termination condition is satisfied."", ""evaluations"": 26, ""inference_unavailable_reasons"": [""parameter_on_boundary""]}, {""start"": [0.8762, 0.2397], ""theta"": [0.9705971168404532, 0.010000000000000064], ""objective"": 9.669189157716666, ""success"": true, ""message"": ""`ftol` termination condition is satisfied."", ""evaluations"": 21, ""inference_unavailable_reasons"": [""parameter_on_boundary""]}]",574cff1d84a5bc7af24af7450657dca1f6349327c8445396598ef5e6424967d5
218,baseline_fitted,218,7809667086269932529,0.98,0.010000000000000009,boundary,False,,23.29744910239751,0.9764579859328555,0.010000000000587983,True,False,True,False,True,2,,4,True,"[{""start"": [0.5, 0.1], ""theta"": [0.97645617910185, 0.01000000007644486], ""objective"": 23.297449294675626, ""success"": true, ""message"": ""`ftol` termination condition is satisfied."", ""evaluations"": 30, ""inference_unavailable_reasons"": [""parameter_on_boundary""]}, {""start"": [0.75, 0.4], ""theta"": [0.9764574443363994, 0.010000000003335507], ""objective"": 23.297449131751826, ""success"": true, ""message"": ""`ftol` termination condition is satisfied."", ""evaluations"": 38, ""inference_unavailable_reasons"": [""parameter_on_boundary""]}, {""start"": [0.95, 0.7], ""theta"": [0.976457640916364, 0.01000000000000012], ""objective"": 23.297449118018555, ""success"": true, ""message"": ""`ftol` termination condition is satisfied."", ""evaluations"": 34, ""inference_unavailable_reasons"": [""parameter_on_boundary""]}, {""start"": [0.8762, 0.2397], ""theta"": [0.9764579859328555, 0.010000000000587983], ""objective"": 23.29744910239751, ""success"": true, ""message"": ""`ftol` termination condition is satisfied."", ""evaluations"": 38, ""inference_unavailable_reasons"": [""parameter_on_boundary""]}]",81184081a04f439d12b49efa487b367d3c04ddb6e886309b9d953b1797656007
219,baseline_fitted,219,8184996031244058606,0.98,0.010000000000000009,boundary,False,,40.46710378014872,0.9756669828107551,0.010000000000000231,True,False,True,False,True,2,,4,True,"[{""start"": [0.5, 0.1], ""theta"": [0.9756669832389625, 0.010000000000001008], ""objective"": 40.46710378017815, ""success"": true, ""message"": ""`ftol` termination condition is satisfied."", ""evaluations"": 22, ""inference_unavailable_reasons"": [""parameter_on_boundary""]}, {""start"": [0.75, 0.4], ""theta"": [0.9756669828107551, 0.010000000000000231], ""objective"": 40.46710378014872, ""success"": true, ""message"": ""`ftol` termination condition is satisfied."", ""evaluations"": 17, ""inference_unavailable_reasons"": [""parameter_on_boundary""]}, {""start"": [0.95, 0.7], ""theta"": [0.9756669417025339, 0.010000000016179844], ""objective"": 40.46710379187714, ""success"": true, ""message"": ""`ftol` termination condition is satisfied."", ""evaluations"": 21, ""inference_unavailable_reasons"": [""parameter_on_boundary""]}, {""start"": [0.8762, 0.2397], ""theta"": [0.9756669388591179, 0.01000000000012674], ""objective"": 40.46710378042219, ""success"": true, ""message"": ""`ftol` termination condition is satisfied."", ""evaluations"": 16, ""inference_unavailable_reasons"": [""parameter_on_boundary""]}]",0e205995402c2835562a3615397562116980bea52e8cfa058d354b6f73cc2f61
220,baseline_fitted,220,17133006007647466949,0.98,0.010000000000000009,boundary,False,,30.85411935140246,0.9799999999999998,0.01000000000000012,True,False,True,True,True,2,,4,True,"[{""start"": [0.5, 0.1], ""theta"": [0.98, 0.010000000000000009], ""objective"": 30.85411935147266, ""success"": true, ""message"": ""`gtol` termination condition is satisfied."", ""evaluations"": 13, ""inference_unavailable_reasons"": [""parameter_on_boundary""]}, {""start"": [0.75, 0.4], ""theta"": [0.9799999999999998, 0.01000000000000012], ""objective"": 30.85411935140246, ""success"": true, ""message"": ""`gtol` termination condition is satisfied."", ""evaluations"": 12, ""inference_unavailable_reasons"": [""parameter_on_boundary""]}, {""start"": [0.95, 0.7], ""theta"": [0.9799999999999994, 0.01000000000000012], ""objective"": 30.85411935149969, ""success"": true, ""message"": ""`gtol` termination condition is satisfied."", ""evaluations"": 17, ""inference_unavailable_reasons"": [""parameter_on_boundary""]}, {""start"": [0.8762, 0.2397], ""theta"": [0.9799999999993999, 0.010000000000000037], ""objective"": 30.85411935149436, ""success"": true, ""message"": ""`gtol` termination condition is satisfied."", ""evaluations"": 11, ""inference_unavailable_reasons"": [""parameter_on_boundary""]}]",3a4f7d740c56ebb696d767557e786349f47dafd9f72fee0b5c63cf2cda74acf0
221,baseline_fitted,221,17015327261038804512,0.98,0.010000000000000009,boundary,False,,23.568149504778443,0.98,0.010000000000000023,True,False,True,True,True,2,,4,True,"[{""start"": [0.5, 0.1], ""theta"": [0.98, 0.010000000000000023], ""objective"": 23.568149504778443, ""success"": true, ""message"": ""`gtol` termination condition is satisfied."", ""evaluations"": 12, ""inference_unavailable_reasons"": [""parameter_on_boundary""]}, {""start"": [0.75, 0.4], ""theta"": [0.9799999999993185, 0.010000000000020381], ""objective"": 23.568149505215885, ""success"": true, ""message"": ""`gtol` termination condition is satisfied."", ""evaluations"": 9, ""inference_unavailable_reasons"": [""parameter_on_boundary""]}, {""start"": [0.95, 0.7], ""theta"": [0.98, 0.01000000000000012], ""objective"": 23.568149504778443, ""success"": true, ""message"": ""`gtol` termination condition is satisfied."", ""evaluations"": 15, ""inference_unavailable_reasons"": [""parameter_on_boundary""]}, {""start"": [0.8762, 0.2397], ""theta"": [0.98, 0.010000000000000064], ""objective"": 23.568149504778443, ""success"": true, ""message"": ""`gtol` termination condition is satisfied."", ""evaluations"": 9, ""inference_unavailable_reasons"": [""parameter_on_boundary""]}]",cdc669771fee1789001135258bc97e6dc6557c922ddafd942800b818fd421b4a
222,baseline_fitted,222,4962150188437591497,0.98,0.010000000000000009,boundary,False,,34.860792270675624,0.979999999999988,0.014719225396500057,True,False,True,True,False,2,,4,True,"[{""start"": [0.5, 0.1], ""theta"": [0.98, 0.014719222357894135], ""objective"": 34.86079227068117, ""success"": true, ""message"": ""`gtol` termination condition is satisfied."", ""evaluations"": 14, ""inference_unavailable_reasons"": [""parameter_on_boundary""]}, {""start"": [0.75, 0.4], ""theta"": [0.98, 0.01471922235541262], ""objective"": 34.86079227068072, ""success"": true, ""message"": ""`ftol` termination condition is satisfied."", ""evaluations"": 12, ""inference_unavailable_reasons"": [""parameter_on_boundary""]}, {""start"": [0.95, 0.7], ""theta"": [0.979999999999988, 0.014719225396500057], ""objective"": 34.860792270675624, ""success"": true, ""message"": ""`xtol` termination condition is satisfied."", ""evaluations"": 20, ""inference_unavailable_reasons"": [""parameter_on_boundary""]}, {""start"": [0.8762, 0.2397], ""theta"": [0.98, 0.014719222354449724], ""objective"": 34.86079227068086, ""success"": true, ""message"": ""`ftol` termination condition is satisfied."", ""evaluations"": 11, ""inference_unavailable_reasons"": [""parameter_on_boundary""]}]",383e9481d93cf770d43ae936bea922feeabffd58e10cbfd04e41e568dd0a368d
223,baseline_fitted,223,7817528522456859917,0.98,0.010000000000000009,boundary,False,,22.788586170713614,0.9779280446698422,0.010000000000004075,True,False,True,False,True,2,,4,True,"[{""start"": [0.5, 0.1], ""theta"": [0.9779280446698422, 0.010000000000004075], ""objective"": 22.788586170713614, ""success"": true, ""message"": ""`ftol` termination condition is satisfied."", ""evaluations"": 36, ""inference_unavailable_reasons"": [""parameter_on_boundary""]}, {""start"": [0.75, 0.4], ""theta"": [0.9779281708538662, 0.010000000024497357], ""objective"": 22.788586183879513, ""success"": true, ""message"": ""`ftol` termination condition is satisfied."", ""evaluations"": 35, ""inference_unavailable_reasons"": [""parameter_on_boundary""]}, {""start"": [0.95, 0.7], ""theta"": [0.9779277473998762, 0.01000000000000012], ""objective"": 22.788586173873814, ""success"": true, ""message"": ""`ftol` termination condition is satisfied."", ""evaluations"": 22, ""inference_unavailable_reasons"": [""parameter_on_boundary""]}, {""start"": [0.8762, 0.2397], ""theta"": [0.9779280522777234, 0.010000000000003062], ""objective"": 22.788586170810696, ""success"": true, ""message"": ""`ftol` termination condition is satisfied."", ""evaluations"": 22, ""inference_unavailable_reasons"": [""parameter_on_boundary""]}]",5868187b49947020b40f568bae1e57a8a56d30a9f50518d9a5e9134ea4267754
224,baseline_fitted,224,6967329177293861354,0.98,0.010000000000000009,boundary,False,,20.39076893132149,0.9799999999999999,0.010000000000000009,True,False,True,True,True,2,,4,True,"[{""start"": [0.5, 0.1], ""theta"": [0.9799999999999999, 0.010000000000000009], ""objective"": 20.39076893132149, ""success"": true, ""message"": ""`gtol` termination condition is satisfied."", ""evaluations"": 11, ""inference_unavailable_reasons"": [""parameter_on_boundary""]}, {""start"": [0.75, 0.4], ""theta"": [0.9799999999999999, 0.01000000000000012], ""objective"": 20.39076893132149, ""success"": true, ""message"": ""`gtol` termination condition is satisfied."", ""evaluations"": 10, ""inference_unavailable_reasons"": [""parameter_on_boundary""]}, {""start"": [0.95, 0.7], ""theta"": [0.98, 0.01000000000000012], ""objective"": 20.390768931337064, ""success"": true, ""message"": ""`gtol` termination condition is satisfied."", ""evaluations"": 16, ""inference_unavailable_reasons"": [""parameter_on_boundary""]}, {""start"": [0.8762, 0.2397], ""theta"": [0.98, 0.010000000000000037], ""objective"": 20.390768931337064, ""success"": true, ""message"": ""`gtol` termination condition is satisfied."", ""evaluations"": 10, ""inference_unavailable_reasons"": [""parameter_on_boundary""]}]",3adff61beda475fd090d59d6ee990ef0acdbe4328c1e80171d06164d2ca425cc
225,baseline_fitted,225,7925857396084239414,0.98,0.010000000000000009,boundary,False,,195.34807934807782,0.9799999999999999,0.0201522147991601,True,False,True,True,False,2,,4,True,"[{""start"": [0.5, 0.1], ""theta"": [0.98, 0.020152214051985445], ""objective"": 195.34807934811903, ""success"": true, ""message"": ""`xtol` termination condition is satisfied."", ""evaluations"": 13, ""inference_unavailable_reasons"": [""parameter_on_boundary""]}, {""start"": [0.75, 0.4], ""theta"": [0.9799999999999999, 0.02015221472025741], ""objective"": 195.3480793480802, ""success"": true, ""message"": ""`xtol` termination condition is satisfied."", ""evaluations"": 12, ""inference_unavailable_reasons"": [""parameter_on_boundary""]}, {""start"": [0.95, 0.7], ""theta"": [0.98, 0.020152213950281328], ""objective"": 195.34807934811764, ""success"": true, ""message"": ""`xtol` termination condition is satisfied."", ""evaluations"": 17, ""inference_unavailable_reasons"": [""parameter_on_boundary""]}, {""start"": [0.8762, 0.2397], ""theta"": [0.9799999999999999, 0.0201522147991601], ""objective"": 195.34807934807782, ""success"": true, ""message"": ""`xtol` termination condition is satisfied."", ""evaluations"": 12, ""inference_unavailable_reasons"": [""parameter_on_boundary""]}]",2b79bfa2c2764a717d5a428cbfffbe042dcc49589c9d0ba0622de139abc5e94f
226,baseline_fitted,226,1922369907016632449,0.98,0.010000000000000009,boundary,False,,11.89965619488936,0.98,0.010000000000000064,True,False,True,True,True,2,,4,True,"[{""start"": [0.5, 0.1], ""theta"": [0.9799999999990874, 0.010000000000000286], ""objective"": 11.899656195043452, ""success"": true, ""message"": ""`gtol` termination condition is satisfied."", ""evaluations"": 10, ""inference_unavailable_reasons"": [""parameter_on_boundary""]}, {""start"": [0.75, 0.4], ""theta"": [0.98, 0.010000000000000064], ""objective"": 11.89965619488936, ""success"": true, ""message"": ""`gtol` termination condition is satisfied."", ""evaluations"": 10, ""inference_unavailable_reasons"": [""parameter_on_boundary""]}, {""start"": [0.95, 0.7], ""theta"": [0.98, 0.010000000000000009], ""objective"": 11.89965619488936, ""success"": true, ""message"": ""`gtol` termination condition is satisfied."", ""evaluations"": 16, ""inference_unavailable_reasons"": [""parameter_on_boundary""]}, {""start"": [0.8762, 0.2397], ""theta"": [0.9799999999999753, 0.010000000000000037], ""objective"": 11.899656194942716, ""success"": true, ""message"": ""`gtol` termination condition is satisfied."", ""evaluations"": 10, ""inference_unavailable_reasons"": [""parameter_on_boundary""]}]",0c9e58b0d75fcfb364395bf1ea78eb08a751cf67cc162298f8735495df18ffbb
227,baseline_fitted,227,10699633658995577229,0.98,0.010000000000000009,boundary,False,,34.85279351885711,0.9760593135929687,0.010000000000000842,True,False,True,False,True,2,,4,True,"[{""start"": [0.5, 0.1], ""theta"": [0.9760593135929687, 0.010000000000000842], ""objective"": 34.85279351885711, ""success"": true, ""message"": ""`ftol` termination condition is satisfied."", ""evaluations"": 17, ""inference_unavailable_reasons"": [""parameter_on_boundary""]}, {""start"": [0.75, 0.4], ""theta"": [0.9760594444978308, 0.010000000312194945], ""objective"": 34.8527936448733, ""success"": true, ""message"": ""`ftol` termination condition is satisfied."", ""evaluations"": 19, ""inference_unavailable_reasons"": [""parameter_on_boundary""]}, {""start"": [0.95, 0.7], ""theta"": [0.9760592437881236, 0.010000000000088272], ""objective"": 34.852793518885605, ""success"": true, ""message"": ""`ftol` termination condition is satisfied."", ""evaluations"": 21, ""inference_unavailable_reasons"": [""parameter_on_boundary""]}, {""start"": [0.8762, 0.2397], ""theta"": [0.9760591782998878, 0.010000000012040405], ""objective"": 34.8527935238576, ""success"": true, ""message"": ""`ftol` termination condition is satisfied."", ""evaluations"": 19, ""inference_unavailable_reasons"": [""parameter_on_boundary""]}]",8b6766964315b7e8e9d28ab70ead0e9e64246044f84364374643767ebb28dcd6
228,baseline_fitted,228,6262442957773091614,0.98,0.010000000000000009,boundary,False,,10.482247969925563,0.9581659689420281,0.010000000000000064,True,False,True,False,True,2,,4,True,"[{""start"": [0.5, 0.1], ""theta"": [0.9581659622081693, 0.010000000000000009], ""objective"": 10.482247969929261, ""success"": true, ""message"": ""`ftol` termination condition is satisfied."", ""evaluations"": 12, ""inference_unavailable_reasons"": [""parameter_on_boundary""]}, {""start"": [0.75, 0.4], ""theta"": [0.9581659689420281, 0.010000000000000064], ""objective"": 10.482247969925563, ""success"": true, ""message"": ""`ftol` termination condition is satisfied."", ""evaluations"": 11, ""inference_unavailable_reasons"": [""parameter_on_boundary""]}, {""start"": [0.95, 0.7], ""theta"": [0.9581659514999507, 0.01000000000000012], ""objective"": 10.482247969939614, ""success"": true, ""message"": ""`ftol` termination condition is satisfied."", ""evaluations"": 16, ""inference_unavailable_reasons"": [""parameter_on_boundary""]}, {""start"": [0.8762, 0.2397], ""theta"": [0.958166091716258, 0.010000000000000037], ""objective"": 10.482247969987535, ""success"": true, ""message"": ""`ftol` termination condition is satisfied."", ""evaluations"": 9, ""inference_unavailable_reasons"": [""parameter_on_boundary""]}]",dc3d86dcd1397b3b105c209dd0915cb3f66041f0add51872ec71572ae0d18f14
229,baseline_fitted,229,15287877716473169979,0.98,0.010000000000000009,boundary,False,,12.929668009531252,0.9707391009194999,0.010000000000000384,True,False,True,False,True,2,,4,True,"[{""start"": [0.5, 0.1], ""theta"": [0.9707391009194999, 0.010000000000000384], ""objective"": 12.929668009531252, ""success"": true, ""message"": ""`ftol` termination condition is satisfied."", ""evaluations"": 29, ""inference_unavailable_reasons"": [""parameter_on_boundary""]}, {""start"": [0.75, 0.4], ""theta"": [0.9707378672903815, 0.010000000094080974], ""objective"": 12.92966804702382, ""success"": true, ""message"": ""`ftol` termination condition is satisfied."", ""evaluations"": 29, ""inference_unavailable_reasons"": [""parameter_on_boundary""]}, {""start"": [0.95, 0.7], ""theta"": [0.9707389015146884, 0.01000000000000012], ""objective"": 12.929668010180244, ""success"": true, ""message"": ""`ftol` termination condition is satisfied."", ""evaluations"": 30, ""inference_unavailable_reasons"": [""parameter_on_boundary""]}, {""start"": [0.8762, 0.2397], ""theta"": [0.9707386586658318, 0.01000000001254503], ""objective"": 12.929668014782866, ""success"": true, ""message"": ""`ftol` termination condition is satisfied."", ""evaluations"": 16, ""inference_unavailable_reasons"": [""parameter_on_boundary""]}]",47236da6aed79394fd0b6648f6a87a7012c2dc20e259b3c52a382c29c38d46e4
230,baseline_fitted,230,3999069054292473341,0.98,0.010000000000000009,boundary,False,,7.290954436313412,0.9720042579475728,0.010000000000000037,True,False,True,False,True,2,,4,True,"[{""start"": [0.5, 0.1], ""theta"": [0.9720034580251172, 0.010000000000000009], ""objective"": 7.290954451420962, ""success"": true, ""message"": ""`ftol` termination condition is satisfied."", ""evaluations"": 23, ""inference_unavailable_reasons"": [""parameter_on_boundary""]}, {""start"": [0.75, 0.4], ""theta"": [0.9720040450316004, 0.010000000000000064], ""objective"": 7.29095443937698, ""success"": true, ""message"": ""`ftol` termination condition is satisfied."", ""evaluations"": 23, ""inference_unavailable_reasons"": [""parameter_on_boundary""]}, {""start"": [0.95, 0.7], ""theta"": [0.9720031363996664, 0.01000000000000012], ""objective"": 7.29095446023695, ""success"": true, ""message"": ""`ftol` termination condition is satisfied."", ""evaluations"": 29, ""inference_unavailable_reasons"": [""parameter_on_boundary""]}, {""start"": [0.8762, 0.2397], ""theta"": [0.9720042579475728, 0.010000000000000037], ""objective"": 7.290954436313412, ""success"": true, ""message"": ""`ftol` termination condition is satisfied."", ""evaluations"": 22, ""inference_unavailable_reasons"": [""parameter_on_boundary""]}]",f120320cea040b2ccadd6a0df0d3e92534e375bbae92ddf84325e1b1eb6622f9
231,baseline_fitted,231,9144052096729219329,0.98,0.010000000000000009,boundary,False,,9.183424443902558,0.98,0.014745567217568922,True,False,True,True,False,2,,4,True,"[{""start"": [0.5, 0.1], ""theta"": [0.98, 0.014745567237386], ""objective"": 9.183424443902759, ""success"": true, ""message"": ""`gtol` termination condition is satisfied."", ""evaluations"": 14, ""inference_unavailable_reasons"": [""parameter_on_boundary""]}, {""start"": [0.75, 0.4], ""theta"": [0.98, 0.014745567599314724], ""objective"": 9.183424443903215, ""success"": true, ""message"": ""`xtol` termination condition is satisfied."", ""evaluations"": 13, ""inference_unavailable_reasons"": [""parameter_on_boundary""]}, {""start"": [0.95, 0.7], ""theta"": [0.98, 0.014745567217568922], ""objective"": 9.183424443902558, ""success"": true, ""message"": ""`gtol` termination condition is satisfied."", ""evaluations"": 17, ""inference_unavailable_reasons"": [""parameter_on_boundary""]}, {""start"": [0.8762, 0.2397], ""theta"": [0.98, 0.014745567205727284], ""objective"": 9.183424443903295, ""success"": true, ""message"": ""`gtol` termination condition is satisfied."", ""evaluations"": 11, ""inference_unavailable_reasons"": [""parameter_on_boundary""]}]",e3b95881ccdcbb13a9a66555a7a30723e5a663a06fdfa48df492cd7087da13f4
232,baseline_fitted,232,14486581609117311528,0.98,0.010000000000000009,boundary,False,,7.141786757863818,0.9739194789809928,0.010000000001905207,True,False,True,False,True,2,,4,True,"[{""start"": [0.5, 0.1], ""theta"": [0.9739190719476312, 0.010000000052235253], ""objective"": 7.141786765695978, ""success"": true, ""message"": ""`ftol` termination condition is satisfied."", ""evaluations"": 27, ""inference_unavailable_reasons"": [""parameter_on_boundary""]}, {""start"": [0.75, 0.4], ""theta"": [0.9739194966701001, 0.01000000000591783], ""objective"": 7.141786758564467, ""success"": true, ""message"": ""`ftol` termination condition is satisfied."", ""evaluations"": 16, ""inference_unavailable_reasons"": [""parameter_on_boundary""]}, {""start"": [0.95, 0.7], ""theta"": [0.9739188845783177, 0.010000000000000231], ""objective"": 7.141786758245717, ""success"": true, ""message"": ""`ftol` termination condition is satisfied."", ""evaluations"": 34, ""inference_unavailable_reasons"": [""parameter_on_boundary""]}, {""start"": [0.8762, 0.2397], ""theta"": [0.9739194789809928, 0.010000000001905207], ""objective"": 7.141786757863818, ""success"": true, ""message"": ""`ftol` termination condition is satisfied."", ""evaluations"": 26, ""inference_unavailable_reasons"": [""parameter_on_boundary""]}]",9c8ca0dcebfd23412739f3ef8b889f4d0128e7d1a92395304ae994685353eba5
233,baseline_fitted,233,11112745669046516255,0.98,0.010000000000000009,boundary,False,,32.997195684709936,0.9762086762237683,0.010000000000000342,True,False,True,False,True,2,,4,True,"[{""start"": [0.5, 0.1], ""theta"": [0.976208410974823, 0.010000000034483883], ""objective"": 32.99719569527741, ""success"": true, ""message"": ""`ftol` termination condition is satisfied."", ""evaluations"": 17, ""inference_unavailable_reasons"": [""parameter_on_boundary""]}, {""start"": [0.75, 0.4], ""theta"": [0.9762086684567097, 0.010000000000104703], ""objective"": 32.997195684753414, ""success"": true, ""message"": ""`ftol` termination condition is satisfied."", ""evaluations"": 19, ""inference_unavailable_reasons"": [""parameter_on_boundary""]}, {""start"": [0.95, 0.7], ""theta"": [0.9762086762237683, 0.010000000000000342], ""objective"": 32.997195684709936, ""success"": true, ""message"": ""`ftol` termination condition is satisfied."", ""evaluations"": 25, ""inference_unavailable_reasons"": [""parameter_on_boundary""]}, {""start"": [0.8762, 0.2397], ""theta"": [0.9762084811186084, 0.01000000000369164], ""objective"": 32.997195686070846, ""success"": true, ""message"": ""`ftol` termination condition is satisfied."", ""evaluations"": 20, ""inference_unavailable_reasons"": [""parameter_on_boundary""]}]",2b64cd5977a064d746b423112a40a9a40b2cd706825615d2a011f37a944a0ff4
234,baseline_fitted,234,8417188310315240227,0.98,0.010000000000000009,boundary,False,,13.86306840461217,0.9799999999999952,0.02294764661516374,True,False,True,True,False,2,,4,True,"[{""start"": [0.5, 0.1], ""theta"": [0.9799999999999576, 0.022947645447533777], ""objective"": 13.863068404613493, ""success"": true, ""message"": ""`xtol` termination condition is satisfied."", ""evaluations"": 13, ""inference_unavailable_reasons"": [""parameter_on_boundary""]}, {""start"": [0.75, 0.4], ""theta"": [0.9799999999999996, 0.02294764469831334], ""objective"": 13.863068404612434, ""success"": true, ""message"": ""`ftol` termination condition is satisfied."", ""evaluations"": 12, ""inference_unavailable_reasons"": [""parameter_on_boundary""]}, {""start"": [0.95, 0.7], ""theta"": [0.98, 0.02294764469251831], ""objective"": 13.863068404614902, ""success"": true, ""message"": ""`gtol` termination condition is satisfied."", ""evaluations"": 17, ""inference_unavailable_reasons"": [""parameter_on_boundary""]}, {""start"": [0.8762, 0.2397], ""theta"": [0.9799999999999952, 0.02294764661516374], ""objective"": 13.86306840461217, ""success"": true, ""message"": ""Both `ftol` and `xtol` termination conditions are satisfied."", ""evaluations"": 13, ""inference_unavailable_reasons"": [""parameter_on_boundary""]}]",4e39f76ad827780f11a160a739c73dd6d0892d1d9c6e78311ea84d6f9862615a
235,baseline_fitted,235,5158509814179536004,0.98,0.010000000000000009,boundary,False,,5.831138817404088,0.9799999999999986,0.010000000000000009,True,False,True,True,True,2,,4,True,"[{""start"": [0.5, 0.1], ""theta"": [0.9799999999999986, 0.010000000000000009], ""objective"": 5.831138817404088, ""success"": true, ""message"": ""`gtol` termination condition is satisfied."", ""evaluations"": 12, ""inference_unavailable_reasons"": [""parameter_on_boundary""]}, {""start"": [0.75, 0.4], ""theta"": [0.9799999999999885, 0.010000000000000064], ""objective"": 5.831138817404919, ""success"": true, ""message"": ""`gtol` termination condition is satisfied."", ""evaluations"": 11, ""inference_unavailable_reasons"": [""parameter_on_boundary""]}, {""start"": [0.95, 0.7], ""theta"": [0.9799999999929994, 0.010000000000001341], ""objective"": 5.831138817750106, ""success"": true, ""message"": ""`gtol` termination condition is satisfied."", ""evaluations"": 17, ""inference_unavailable_reasons"": [""parameter_on_boundary""]}, {""start"": [0.8762, 0.2397], ""theta"": [0.9799999999994718, 0.010000000000000064], ""objective"": 5.831138817428501, ""success"": true, ""message"": ""`gtol` termination condition is satisfied."", ""evaluations"": 11, ""inference_unavailable_reasons"": [""parameter_on_boundary""]}]",6621964de21118369dcb4a7d2e2a58eea8ed42025c37f28db707c84689badc35
236,baseline_fitted,236,14383176788052084575,0.98,0.010000000000000009,boundary,False,,30.546870285863672,0.9799999999999999,0.010000000000000009,True,False,True,True,True,2,,4,True,"[{""start"": [0.5, 0.1], ""theta"": [0.9799999999999999, 0.010000000000000009], ""objective"": 30.546870285863672, ""success"": true, ""message"": ""`gtol` termination condition is satisfied."", ""evaluations"": 10, ""inference_unavailable_reasons"": [""parameter_on_boundary""]}, {""start"": [0.75, 0.4], ""theta"": [0.98, 0.010000000000000064], ""objective"": 30.546870285885504, ""success"": true, ""message"": ""`gtol` termination condition is satisfied."", ""evaluations"": 9, ""inference_unavailable_reasons"": [""parameter_on_boundary""]}, {""start"": [0.95, 0.7], ""theta"": [0.9799999999999999, 0.01000000000000012], ""objective"": 30.546870285863672, ""success"": true, ""message"": ""`gtol` termination condition is satisfied."", ""evaluations"": 15, ""inference_unavailable_reasons"": [""parameter_on_boundary""]}, {""start"": [0.8762, 0.2397], ""theta"": [0.9799999999988492, 0.010000000000054327], ""objective"": 30.546870286263736, ""success"": true, ""message"": ""`gtol` termination condition is satisfied."", ""evaluations"": 9, ""inference_unavailable_reasons"": [""parameter_on_boundary""]}]",87e4490104e12bf92a2e75557e4e2fdac783b169dd517474219c38d902f394c0
237,baseline_fitted,237,1690163720429713965,0.98,0.010000000000000009,boundary,False,,7.503413058059044,0.962874337389734,0.010000000000000009,True,False,True,False,True,2,,4,True,"[{""start"": [0.5, 0.1], ""theta"": [0.962874337389734, 0.010000000000000009], ""objective"": 7.503413058059044, ""success"": true, ""message"": ""`ftol` termination condition is satisfied."", ""evaluations"": 15, ""inference_unavailable_reasons"": [""parameter_on_boundary""]}, {""start"": [0.75, 0.4], ""theta"": [0.9628743126997192, 0.010000000000000064], ""objective"": 7.503413058068464, ""success"": true, ""message"": ""`ftol` termination condition is satisfied."", ""evaluations"": 13, ""inference_unavailable_reasons"": [""parameter_on_boundary""]}, {""start"": [0.95, 0.7], ""theta"": [0.9628743061829929, 0.01000000000000012], ""objective"": 7.5034130580739475, ""success"": true, ""message"": ""`ftol` termination condition is satisfied."", ""evaluations"": 19, ""inference_unavailable_reasons"": [""parameter_on_boundary""]}, {""start"": [0.8762, 0.2397], ""theta"": [0.9628742020195609, 0.010000000000000675], ""objective"": 7.503413058147956, ""success"": true, ""message"": ""`ftol` termination condition is satisfied."", ""evaluations"": 12, ""inference_unavailable_reasons"": [""parameter_on_boundary""]}]",89157606cabd9cd896e8033fbcd6b9aa1040de211a9bce537938d30df74a59d6
238,baseline_fitted,238,5226298680316394687,0.98,0.010000000000000009,boundary,False,,7.181307145897864,0.9734216701686169,0.010000000000000064,True,False,True,False,True,2,,4,True,"[{""start"": [0.5, 0.1], ""theta"": [0.9734213218809241, 0.010000000000000009], ""objective"": 7.181307150544077, ""success"": true, ""message"": ""`ftol` termination condition is satisfied."", ""evaluations"": 22, ""inference_unavailable_reasons"": [""parameter_on_boundary""]}, {""start"": [0.75, 0.4], ""theta"": [0.973420972537197, 0.01000000000000012], ""objective"": 7.18130715684917, ""success"": true, ""message"": ""`ftol` termination condition is satisfied."", ""evaluations"": 23, ""inference_unavailable_reasons"": [""parameter_on_boundary""]}, {""start"": [0.95, 0.7], ""theta"": [0.9734202695920142, 0.010000000000000009], ""objective"": 7.1813071745994055, ""success"": true, ""message"": ""`ftol` termination condition is satisfied."", ""evaluations"": 29, ""inference_unavailable_reasons"": [""parameter_on_boundary""]}, {""start"": [0.8762, 0.2397], ""theta"": [0.9734216701686169, 0.010000000000000064], ""objective"": 7.181307145897864, ""success"": true, ""message"": ""`ftol` termination condition is satisfied."", ""evaluations"": 28, ""inference_unavailable_reasons"": [""parameter_on_boundary""]}]",499bd7c93338c63d473cdb14ddff6355a9dc7d60122c9e95b79a4cee9268cd38
239,baseline_fitted,239,9421529286611856359,0.98,0.010000000000000009,boundary,False,,17.09922658238554,0.9715983479040279,0.01000000000002843,True,False,True,False,True,2,,4,True,"[{""start"": [0.5, 0.1], ""theta"": [0.971599405016284, 0.01000000000000377], ""objective"": 17.09922659686247, ""success"": true, ""message"": ""`ftol` termination condition is satisfied."", ""evaluations"": 25, ""inference_unavailable_reasons"": [""parameter_on_boundary""]}, {""start"": [0.75, 0.4], ""theta"": [0.9715982350534973, 0.010000000023669409], ""objective"": 17.09922658931519, ""success"": true, ""message"": ""`ftol` termination condition is satisfied."", ""evaluations"": 15, ""inference_unavailable_reasons"": [""parameter_on_boundary""]}, {""start"": [0.95, 0.7], ""theta"": [0.9715983479040279, 0.01000000000002843], ""objective"": 17.09922658238554, ""success"": true, ""message"": ""`ftol` termination condition is satisfied."", ""evaluations"": 24, ""inference_unavailable_reasons"": [""parameter_on_boundary""]}, {""start"": [0.8762, 0.2397], ""theta"": [0.9715983760770603, 0.010000000000108589], ""objective"": 17.099226582402018, ""success"": true, ""message"": ""`ftol` termination condition is satisfied."", ""evaluations"": 19, ""inference_unavailable_reasons"": [""parameter_on_boundary""]}]",e077a352380b13e5b11474e5528897def5b40f4aa0ac76ddf0e2d25c8256b814
240,baseline_fitted,240,5271405541959551041,0.98,0.010000000000000009,boundary,False,,15.170329523946009,0.9799999999999999,0.010000000000000009,True,False,True,True,True,2,,4,True,"[{""start"": [0.5, 0.1], ""theta"": [0.9799999999999999, 0.010000000000000009], ""objective"": 15.170329523946009, ""success"": true, ""message"": ""`gtol` termination condition is satisfied."", ""evaluations"": 12, ""inference_unavailable_reasons"": [""parameter_on_boundary""]}, {""start"": [0.75, 0.4], ""theta"": [0.9799999999999984, 0.010000000000000064], ""objective"": 15.170329524018607, ""success"": true, ""message"": ""`gtol` termination condition is satisfied."", ""evaluations"": 10, ""inference_unavailable_reasons"": [""parameter_on_boundary""]}, {""start"": [0.95, 0.7], ""theta"": [0.98, 0.010000000000000231], ""objective"": 15.170329523963886, ""success"": true, ""message"": ""`gtol` termination condition is satisfied."", ""evaluations"": 16, ""inference_unavailable_reasons"": [""parameter_on_boundary""]}, {""start"": [0.8762, 0.2397], ""theta"": [0.98, 0.010000000000000064], ""objective"": 15.170329523962145, ""success"": true, ""message"": ""`gtol` termination condition is satisfied."", ""evaluations"": 10, ""inference_unavailable_reasons"": [""parameter_on_boundary""]}]",7bd2b6243eed2ac305147b7a7c2a52c5571a7449ad768d535a413436b65bdbf0
241,baseline_fitted,241,5778782069300858481,0.98,0.010000000000000009,boundary,False,,41.725159993249434,0.9799999999999998,0.010000000000000064,True,False,True,True,True,2,,4,True,"[{""start"": [0.5, 0.1], ""theta"": [0.9799999999999999, 0.010000000000000009], ""objective"": 41.725159993306335, ""success"": true, ""message"": ""`gtol` termination condition is satisfied."", ""evaluations"": 12, ""inference_unavailable_reasons"": [""parameter_on_boundary""]}, {""start"": [0.75, 0.4], ""theta"": [0.9799999999999998, 0.010000000000000064], ""objective"": 41.725159993249434, ""success"": true, ""message"": ""`gtol` termination condition is satisfied."", ""evaluations"": 11, ""inference_unavailable_reasons"": [""parameter_on_boundary""]}, {""start"": [0.95, 0.7], ""theta"": [0.9799999999966426, 0.01000000000000012], ""objective"": 41.72515999421001, ""success"": true, ""message"": ""`gtol` termination condition is satisfied."", ""evaluations"": 16, ""inference_unavailable_reasons"": [""parameter_on_boundary""]}, {""start"": [0.8762, 0.2397], ""theta"": [0.979999999999117, 0.010000000000000037], ""objective"": 41.72515999370325, ""success"": true, ""message"": ""`gtol` termination condition is satisfied."", ""evaluations"": 10, ""inference_unavailable_reasons"": [""parameter_on_boundary""]}]",a29a5e57c53a7394573c0bfd0b3cc962de3c8e4b001046bff62a6e3afccada14
242,baseline_fitted,242,7638246230583559045,0.98,0.010000000000000009,boundary,False,,16.626333224129652,0.98,0.010000000000000009,True,False,True,True,True,2,,4,True,"[{""start"": [0.5, 0.1], ""theta"": [0.98, 0.010000000000000009], ""objective"": 16.626333224129652, ""success"": true, ""message"": ""`gtol` termination condition is satisfied."", ""evaluations"": 10, ""inference_unavailable_reasons"": [""parameter_on_boundary""]}, {""start"": [0.75, 0.4], ""theta"": [0.9799999999999597, 0.010000000000001064], ""objective"": 16.62633322425287, ""success"": true, ""message"": ""`gtol` termination condition is satisfied."", ""evaluations"": 9, ""inference_unavailable_reasons"": [""parameter_on_boundary""]}, {""start"": [0.95, 0.7], ""theta"": [0.98, 0.01000000000000012], ""objective"": 16.626333224129652, ""success"": true, ""message"": ""`gtol` termination condition is satisfied."", ""evaluations"": 15, ""inference_unavailable_reasons"": [""parameter_on_boundary""]}, {""start"": [0.8762, 0.2397], ""theta"": [0.98, 0.010000000000000037], ""objective"": 16.626333224129652, ""success"": true, ""message"": ""`gtol` termination condition is satisfied."", ""evaluations"": 10, ""inference_unavailable_reasons"": [""parameter_on_boundary""]}]",b8e7805032340cc948f0f76b8f59ddea1b41355db884632357952afdfbc2d665
243,baseline_fitted,243,3472792369242212757,0.98,0.010000000000000009,boundary,False,,13.225914358101793,0.9778140201813854,0.01000000000000445,True,False,True,False,True,2,,4,True,"[{""start"": [0.5, 0.1], ""theta"": [0.9778135491455463, 0.010000000000000092], ""objective"": 13.225914365959305, ""success"": true, ""message"": ""`ftol` termination condition is satisfied."", ""evaluations"": 28, ""inference_unavailable_reasons"": [""parameter_on_boundary""]}, {""start"": [0.75, 0.4], ""theta"": [0.9778138869623683, 0.010000000019889932], ""objective"": 13.22591436476071, ""success"": true, ""message"": ""`ftol` termination condition is satisfied."", ""evaluations"": 28, ""inference_unavailable_reasons"": [""parameter_on_boundary""]}, {""start"": [0.95, 0.7], ""theta"": [0.9778140201813854, 0.01000000000000445], ""objective"": 13.225914358101793, ""success"": true, ""message"": ""`ftol` termination condition is satisfied."", ""evaluations"": 27, ""inference_unavailable_reasons"": [""parameter_on_boundary""]}, {""start"": [0.8762, 0.2397], ""theta"": [0.9778140243596851, 0.010000000093801725], ""objective"": 13.225914383750526, ""success"": true, ""message"": ""`ftol` termination condition is satisfied."", ""evaluations"": 25, ""inference_unavailable_reasons"": [""parameter_on_boundary""]}]",6ac0320c46f34b06ae75adcaee19b0893381e1d16debfb335f667e607c9dd77d
244,baseline_fitted,244,1702445722978356236,0.98,0.010000000000000009,boundary,False,,4.289172460648731,0.9646776115566389,0.010000000000000009,True,False,True,False,True,2,,4,True,"[{""start"": [0.5, 0.1], ""theta"": [0.9646776115566389, 0.010000000000000009], ""objective"": 4.289172460648731, ""success"": true, ""message"": ""`ftol` termination condition is satisfied."", ""evaluations"": 13, ""inference_unavailable_reasons"": [""parameter_on_boundary""]}, {""start"": [0.75, 0.4], ""theta"": [0.9646776118858192, 0.010000000000000064], ""objective"": 4.289172460653648, ""success"": true, ""message"": ""`ftol` termination condition is satisfied."", ""evaluations"": 12, ""inference_unavailable_reasons"": [""parameter_on_boundary""]}, {""start"": [0.95, 0.7], ""theta"": [0.9646775995781605, 0.010000000000000009], ""objective"": 4.289172460649994, ""success"": true, ""message"": ""`ftol` termination condition is satisfied."", ""evaluations"": 18, ""inference_unavailable_reasons"": [""parameter_on_boundary""]}, {""start"": [0.8762, 0.2397], ""theta"": [0.9646776122277227, 0.010000000000000064], ""objective"": 4.289172460649109, ""success"": true, ""message"": ""`ftol` termination condition is satisfied."", ""evaluations"": 12, ""inference_unavailable_reasons"": [""parameter_on_boundary""]}]",e5cde9da443b7f85c9454ec1a6aae9ba4336a30c05679ca12ec2635d8a6a3557
245,baseline_fitted,245,14379802965240270131,0.98,0.010000000000000009,boundary,False,,32.81705840361195,0.9785612719193569,0.010000000000000064,True,False,True,False,True,2,,4,True,"[{""start"": [0.5, 0.1], ""theta"": [0.9785596321722994, 0.010000000016396046], ""objective"": 32.81705847687914, ""success"": true, ""message"": ""`ftol` termination condition is satisfied."", ""evaluations"": 23, ""inference_unavailable_reasons"": [""parameter_on_boundary""]}, {""start"": [0.75, 0.4], ""theta"": [0.9785612719193569, 0.010000000000000064], ""objective"": 32.81705840361195, ""success"": true, ""message"": ""`ftol` termination condition is satisfied."", ""evaluations"": 26, ""inference_unavailable_reasons"": [""parameter_on_boundary""]}, {""start"": [0.95, 0.7], ""theta"": [0.9785611818348788, 0.010000000000000897], ""objective"": 32.81705840378945, ""success"": true, ""message"": ""`ftol` termination condition is satisfied."", ""evaluations"": 24, ""inference_unavailable_reasons"": [""parameter_on_boundary""]}, {""start"": [0.8762, 0.2397], ""theta"": [0.9785605998902217, 0.010000000000003423], ""objective"": 32.81705841434517, ""success"": true, ""message"": ""`ftol` termination condition is satisfied."", ""evaluations"": 26, ""inference_unavailable_reasons"": [""parameter_on_boundary""]}]",14ce7516f2c45881d42b6721f91ec8d73e3378fbd349c64b194f76822569bfa1
246,baseline_fitted,246,5192951704753776907,0.98,0.010000000000000009,regular,False,,7.63768111416065,0.9665448946495563,0.015325644465340002,True,True,False,False,False,2,0.3656237076001477,4,True,"[{""start"": [0.5, 0.1], ""theta"": [0.9665448946495563, 0.015325644465340002], ""objective"": 7.63768111416065, ""success"": true, ""message"": ""`ftol` termination condition is satisfied."", ""evaluations"": 20, ""inference_unavailable_reasons"": []}, {""start"": [0.75, 0.4], ""theta"": [0.9665447582384319, 0.015325637620126509], ""objective"": 7.637681114343051, ""success"": true, ""message"": ""`ftol` termination condition is satisfied."", ""evaluations"": 19, ""inference_unavailable_reasons"": []}, {""start"": [0.95, 0.7], ""theta"": [0.9665448606815275, 0.01532564276330095], ""objective"": 7.637681114202385, ""success"": true, ""message"": ""`ftol` termination condition is satisfied."", ""evaluations"": 25, ""inference_unavailable_reasons"": []}, {""start"": [0.8762, 0.2397], ""theta"": [0.9665446510732076, 0.015325632217812246], ""objective"": 7.637681114505043, ""success"": true, ""message"": ""`ftol` termination condition is satisfied."", ""evaluations"": 19, ""inference_unavailable_reasons"": []}]",f562f615169a44d627e3ca9d5b1728065f1836dcd7e0316dbd0fe1e31abd1ea4
247,baseline_fitted,247,9106806844785620891,0.98,0.010000000000000009,boundary,False,,33.271383535678424,0.98,0.01000000000000012,True,False,True,True,True,2,,4,True,"[{""start"": [0.5, 0.1], ""theta"": [0.9799999999999902, 0.010000000000000009], ""objective"": 33.2713835357981, ""success"": true, ""message"": ""`gtol` termination condition is satisfied."", ""evaluations"": 11, ""inference_unavailable_reasons"": [""parameter_on_boundary""]}, {""start"": [0.75, 0.4], ""theta"": [0.9799999999999477, 0.010000000000000064], ""objective"": 33.271383535727125, ""success"": true, ""message"": ""`gtol` termination condition is satisfied."", ""evaluations"": 10, ""inference_unavailable_reasons"": [""parameter_on_boundary""]}, {""start"": [0.95, 0.7], ""theta"": [0.98, 0.01000000000000012], ""objective"": 33.271383535678424, ""success"": true, ""message"": ""`gtol` termination condition is satisfied."", ""evaluations"": 16, ""inference_unavailable_reasons"": [""parameter_on_boundary""]}, {""start"": [0.8762, 0.2397], ""theta"": [0.98, 0.010000000000000037], ""objective"": 33.271383535678424, ""success"": true, ""message"": ""`gtol` termination condition is satisfied."", ""evaluations"": 10, ""inference_unavailable_reasons"": [""parameter_on_boundary""]}]",c0a10e0f04c470c63e6ec5a892085a321311774cc955a8f1f277abcee8b9976d
248,baseline_fitted,248,5208401992654345035,0.98,0.010000000000000009,boundary,False,,9.309183317471582,0.9799999999999951,0.010000000000000009,True,False,True,True,True,2,,4,True,"[{""start"": [0.5, 0.1], ""theta"": [0.9799999999999951, 0.010000000000000009], ""objective"": 9.309183317471582, ""success"": true, ""message"": ""`gtol` termination condition is satisfied."", ""evaluations"": 13, ""inference_unavailable_reasons"": [""parameter_on_boundary""]}, {""start"": [0.75, 0.4], ""theta"": [0.9799999999916434, 0.010000000000000064], ""objective"": 9.309183317507548, ""success"": true, ""message"": ""`gtol` termination condition is satisfied."", ""evaluations"": 12, ""inference_unavailable_reasons"": [""parameter_on_boundary""]}, {""start"": [0.95, 0.7], ""theta"": [0.9799999999988744, 0.01000000000000012], ""objective"": 9.309183317481734, ""success"": true, ""message"": ""`gtol` termination condition is satisfied."", ""evaluations"": 18, ""inference_unavailable_reasons"": [""parameter_on_boundary""]}, {""start"": [0.8762, 0.2397], ""theta"": [0.9799999996258171, 0.010000000000000037], ""objective"": 9.309183319392236, ""success"": true, ""message"": ""`gtol` termination condition is satisfied."", ""evaluations"": 12, ""inference_unavailable_reasons"": [""parameter_on_boundary""]}]",e7fa89b3a3fb92d28f9df56cf9f14d5fd1f35768718d67cded111b9c44d69b1d
249,baseline_fitted,249,15968785589727403130,0.98,0.010000000000000009,boundary,False,,15.574856523000566,0.98,0.010000000000000009,True,False,True,True,True,2,,4,True,"[{""start"": [0.5, 0.1], ""theta"": [0.98, 0.010000000000000009], ""objective"": 15.574856523000566, ""success"": true, ""message"": ""`gtol` termination condition is satisfied."", ""evaluations"": 11, ""inference_unavailable_reasons"": [""parameter_on_boundary""]}, {""start"": [0.75, 0.4], ""theta"": [0.9799999999999995, 0.010000000000000064], ""objective"": 15.57485652303762, ""success"": true, ""message"": ""`gtol` termination condition is satisfied."", ""evaluations"": 10, ""inference_unavailable_reasons"": [""parameter_on_boundary""]}, {""start"": [0.95, 0.7], ""theta"": [0.979999999999725, 0.010000000000002562], ""objective"": 15.57485652312723, ""success"": true, ""message"": ""`gtol` termination condition is satisfied."", ""evaluations"": 15, ""inference_unavailable_reasons"": [""parameter_on_boundary""]}, {""start"": [0.8762, 0.2397], ""theta"": [0.98, 0.010000000000000037], ""objective"": 15.574856523000566, ""success"": true, ""message"": ""`gtol` termination condition is satisfied."", ""evaluations"": 10, ""inference_unavailable_reasons"": [""parameter_on_boundary""]}]",bc14d65c5dd8211eaab4627e0276e212454b193adc117040a630e838e1d99799
250,baseline_fitted,250,6708538370993113637,0.98,0.010000000000000009,boundary,False,,16.885397037304994,0.9799999999999941,0.010000000000000009,True,False,True,True,True,2,,4,True,"[{""start"": [0.5, 0.1], ""theta"": [0.9799999999999941, 0.010000000000000009], ""objective"": 16.885397037304994, ""success"": true, ""message"": ""`gtol` termination condition is satisfied."", ""evaluations"": 12, ""inference_unavailable_reasons"": [""parameter_on_boundary""]}, {""start"": [0.75, 0.4], ""theta"": [0.979999999999988, 0.010000000000000064], ""objective"": 16.885397037363475, ""success"": true, ""message"": ""`gtol` termination condition is satisfied."", ""evaluations"": 11, ""inference_unavailable_reasons"": [""parameter_on_boundary""]}, {""start"": [0.95, 0.7], ""theta"": [0.98, 0.01000000000000012], ""objective"": 16.8853970373109, ""success"": true, ""message"": ""`gtol` termination condition is satisfied."", ""evaluations"": 17, ""inference_unavailable_reasons"": [""parameter_on_boundary""]}, {""start"": [0.8762, 0.2397], ""theta"": [0.9799999999999982, 0.010000000000000064], ""objective"": 16.885397037359148, ""success"": true, ""message"": ""`gtol` termination condition is satisfied."", ""evaluations"": 11, ""inference_unavailable_reasons"": [""parameter_on_boundary""]}]",52af96a9f8fb1273650b3c064d360e1d2df001988cea8309b89f2128b90347f3
251,baseline_fitted,251,2447452272429930404,0.98,0.010000000000000009,boundary,False,,11.791052487092653,0.9704631907917153,0.010000000000000009,True,False,True,False,True,2,,4,True,"[{""start"": [0.5, 0.1], ""theta"": [0.9704631907917153, 0.010000000000000009], ""objective"": 11.791052487092653, ""success"": true, ""message"": ""`ftol` termination condition is satisfied."", ""evaluations"": 20, ""inference_unavailable_reasons"": [""parameter_on_boundary""]}, {""start"": [0.75, 0.4], ""theta"": [0.9704632547019643, 0.010000000000000064], ""objective"": 11.791052487657938, ""success"": true, ""message"": ""`ftol` termination condition is satisfied."", ""evaluations"": 19, ""inference_unavailable_reasons"": [""parameter_on_boundary""]}, {""start"": [0.95, 0.7], ""theta"": [0.9704611824779449, 0.01000000000000012], ""objective"": 11.791052489018977, ""success"": true, ""message"": ""`ftol` termination condition is satisfied."", ""evaluations"": 26, ""inference_unavailable_reasons"": [""parameter_on_boundary""]}, {""start"": [0.8762, 0.2397], ""theta"": [0.9704609629677955, 0.010000000000000037], ""objective"": 11.791052491527898, ""success"": true, ""message"": ""`ftol` termination condition is satisfied."", ""evaluations"": 14, ""inference_unavailable_reasons"": [""parameter_on_boundary""]}]",8c3a2ef5a152ba635424da2e112f7b168c8cda16cf7ac6adb18e6cf28ba29ea7
252,baseline_fitted,252,3716651022798278160,0.98,0.010000000000000009,boundary,False,,20.13481374976924,0.9739540387422914,0.010000000000025544,True,False,True,False,True,2,,4,True,"[{""start"": [0.5, 0.1], ""theta"": [0.9739545927936935, 0.010000000127499117], ""objective"": 20.13481380023646, ""success"": true, ""message"": ""`ftol` termination condition is satisfied."", ""evaluations"": 24, ""inference_unavailable_reasons"": [""parameter_on_boundary""]}, {""start"": [0.75, 0.4], ""theta"": [0.9739540082689786, 0.010000000000693732], ""objective"": 20.134813750396436, ""success"": true, ""message"": ""`ftol` termination condition is satisfied."", ""evaluations"": 15, ""inference_unavailable_reasons"": [""parameter_on_boundary""]}, {""start"": [0.95, 0.7], ""theta"": [0.9739540387422914, 0.010000000000025544], ""objective"": 20.13481374976924, ""success"": true, ""message"": ""`ftol` termination condition is satisfied."", ""evaluations"": 26, ""inference_unavailable_reasons"": [""parameter_on_boundary""]}, {""start"": [0.8762, 0.2397], ""theta"": [0.9739547578339086, 0.010000000000036424], ""objective"": 20.13481375379164, ""success"": true, ""message"": ""`ftol` termination condition is satisfied."", ""evaluations"": 30, ""inference_unavailable_reasons"": [""parameter_on_boundary""]}]",d6cba25b5e9d54843e30b62380187e0935ececa956c67316a6f594a54d0ff835
253,baseline_fitted,253,9529587858831546943,0.98,0.010000000000000009,boundary,False,,4.591005120926275,0.9799999999999999,0.012946483031637951,True,False,True,True,False,2,,4,True,"[{""start"": [0.5, 0.1], ""theta"": [0.9799999999999999, 0.012946483031637951], ""objective"": 4.591005120926275, ""success"": true, ""message"": ""`ftol` termination condition is satisfied."", ""evaluations"": 14, ""inference_unavailable_reasons"": [""parameter_on_boundary""]}, {""start"": [0.75, 0.4], ""theta"": [0.98, 0.01294648302393303], ""objective"": 4.591005120928826, ""success"": true, ""message"": ""`xtol` termination condition is satisfied."", ""evaluations"": 13, ""inference_unavailable_reasons"": [""parameter_on_boundary""]}, {""start"": [0.95, 0.7], ""theta"": [0.98, 0.012946483030863987], ""objective"": 4.591005120928934, ""success"": true, ""message"": ""`gtol` termination condition is satisfied."", ""evaluations"": 18, ""inference_unavailable_reasons"": [""parameter_on_boundary""]}, {""start"": [0.8762, 0.2397], ""theta"": [0.98, 0.01294648303053031], ""objective"": 4.591005120929369, ""success"": true, ""message"": ""`gtol` termination condition is satisfied."", ""evaluations"": 11, ""inference_unavailable_reasons"": [""parameter_on_boundary""]}]",a69eb951cdb96167856b1c70ef7e465d53b1c8b9ef239446d13f8a41a59fe172
254,baseline_fitted,254,6796781362831100414,0.98,0.010000000000000009,boundary,False,,17.683278645629322,0.9799999999999999,0.02095122205813081,True,False,True,True,False,2,,4,True,"[{""start"": [0.5, 0.1], ""theta"": [0.9799999999999999, 0.02095122205813081], ""objective"": 17.683278645629322, ""success"": true, ""message"": ""`ftol` termination condition is satisfied."", ""evaluations"": 13, ""inference_unavailable_reasons"": [""parameter_on_boundary""]}, {""start"": [0.75, 0.4], ""theta"": [0.98, 0.02095122207193828], ""objective"": 17.683278645646244, ""success"": true, ""message"": ""`ftol` termination condition is satisfied."", ""evaluations"": 11, ""inference_unavailable_reasons"": [""parameter_on_boundary""]}, {""start"": [0.95, 0.7], ""theta"": [0.98, 0.020951222073015585], ""objective"": 17.68327864564523, ""success"": true, ""message"": ""`ftol` termination condition is satisfied."", ""evaluations"": 16, ""inference_unavailable_reasons"": [""parameter_on_boundary""]}, {""start"": [0.8762, 0.2397], ""theta"": [0.98, 0.020951222073189196], ""objective"": 17.68327864564524, ""success"": true, ""message"": ""`gtol` termination condition is satisfied."", ""evaluations"": 10, ""inference_unavailable_reasons"": [""parameter_on_boundary""]}]",716cef1db1763bab5fd2aba638f83eb0be1a74ff890452fc6bb135dbed8a3dba
255,baseline_fitted,255,8990547607850298556,0.98,0.010000000000000009,regular,False,,9.928080642045497,0.9488717269818175,0.06319800854668811,True,True,False,False,False,2,0.1926858441725251,4,True,"[{""start"": [0.5, 0.1], ""theta"": [0.948871924113579, 0.06319715454146047], ""objective"": 9.928080643131842, ""success"": true, ""message"": ""`ftol` termination condition is satisfied."", ""evaluations"": 27, ""inference_unavailable_reasons"": []}, {""start"": [0.75, 0.4], ""theta"": [0.9488676278690498, 0.06320472210529421], ""objective"": 9.928080654652433, ""success"": true, ""message"": ""`ftol` termination condition is satisfied."", ""evaluations"": 17, ""inference_unavailable_reasons"": [""nonstationary_solution""]}, {""start"": [0.95, 0.7], ""theta"": [0.9488717269818175, 0.06319800854668811], ""objective"": 9.928080642045497, ""success"": true, ""message"": ""`ftol` termination condition is satisfied."", ""evaluations"": 32, ""inference_unavailable_reasons"": []}, {""start"": [0.8762, 0.2397], ""theta"": [0.9488720397094639, 0.06319692391971796], ""objective"": 9.928080643597042, ""success"": true, ""message"": ""`ftol` termination condition is satisfied."", ""evaluations"": 25, ""inference_unavailable_reasons"": []}]",b15936472482b6509f3bb3c383ff67ede50a0fa78406f6cd5f8c689523d6d15f
256,baseline_fitted,256,9217353037958208117,0.98,0.010000000000000009,boundary,False,,11.75615699865305,0.9763297640939812,0.010000000000021658,True,False,True,False,True,2,,4,True,"[{""start"": [0.5, 0.1], ""theta"": [0.9763290320313092, 0.010000000070455525], ""objective"": 11.756157019351939, ""success"": true, ""message"": ""`ftol` termination condition is satisfied."", ""evaluations"": 23, ""inference_unavailable_reasons"": [""parameter_on_boundary""]}, {""start"": [0.75, 0.4], ""theta"": [0.9763297946507876, 0.010000000019590005], ""objective"": 11.756157003147168, ""success"": true, ""message"": ""`ftol` termination condition is satisfied."", ""evaluations"": 18, ""inference_unavailable_reasons"": [""parameter_on_boundary""]}, {""start"": [0.95, 0.7], ""theta"": [0.9763297863275976, 0.010000000021008648], ""objective"": 11.75615700341204, ""success"": true, ""message"": ""`ftol` termination condition is satisfied."", ""evaluations"": 28, ""inference_unavailable_reasons"": [""parameter_on_boundary""]}, {""start"": [0.8762, 0.2397], ""theta"": [0.9763297640939812, 0.010000000000021658], ""objective"": 11.75615699865305, ""success"": true, ""message"": ""`ftol` termination condition is satisfied."", ""evaluations"": 21, ""inference_unavailable_reasons"": [""parameter_on_boundary""]}]",175debda76ecccbcc3084ae8578cbc05f1376e7b5abc5d3c691a0afa272d598e
257,baseline_fitted,257,16317989942121983530,0.98,0.010000000000000009,boundary,False,,6.225856954395338,0.9799999999999999,0.010000000000000231,True,False,True,True,True,2,,4,True,"[{""start"": [0.5, 0.1], ""theta"": [0.9799999999999999, 0.010000000000000231], ""objective"": 6.225856954395338, ""success"": true, ""message"": ""`gtol` termination condition is satisfied."", ""evaluations"": 12, ""inference_unavailable_reasons"": [""parameter_on_boundary""]}, {""start"": [0.75, 0.4], ""theta"": [0.98, 0.010000000000151055], ""objective"": 6.225856954409752, ""success"": true, ""message"": ""`gtol` termination condition is satisfied."", ""evaluations"": 10, ""inference_unavailable_reasons"": [""parameter_on_boundary""]}, {""start"": [0.95, 0.7], ""theta"": [0.98, 0.010000000000003118], ""objective"": 6.225856954402481, ""success"": true, ""message"": ""`gtol` termination condition is satisfied."", ""evaluations"": 16, ""inference_unavailable_reasons"": [""parameter_on_boundary""]}, {""start"": [0.8762, 0.2397], ""theta"": [0.98, 0.010000000000003256], ""objective"": 6.225856954402481, ""success"": true, ""message"": ""`gtol` termination condition is satisfied."", ""evaluations"": 10, ""inference_unavailable_reasons"": [""parameter_on_boundary""]}]",7818b7ad47cbc0ccb87a5b1ee02e75f1a5b8afbc53129794ab02d6b6f2dc90ba
258,baseline_fitted,258,5522380296733510931,0.98,0.010000000000000009,boundary,False,,16.612470633098816,0.975260647207521,0.01000000000000048,True,False,True,False,True,2,,4,True,"[{""start"": [0.5, 0.1], ""theta"": [0.975260647207521, 0.01000000000000048], ""objective"": 16.612470633098816, ""success"": true, ""message"": ""`ftol` termination condition is satisfied."", ""evaluations"": 29, ""inference_unavailable_reasons"": [""parameter_on_boundary""]}, {""start"": [0.75, 0.4], ""theta"": [0.9752608000349181, 0.010000000087635963], ""objective"": 16.61247065421803, ""success"": true, ""message"": ""`ftol` termination condition is satisfied."", ""evaluations"": 22, ""inference_unavailable_reasons"": [""parameter_on_boundary""]}, {""start"": [0.95, 0.7], ""theta"": [0.9752610614864325, 0.010000000003176468], ""objective"": 16.61247063413837, ""success"": true, ""message"": ""`ftol` termination condition is satisfied."", ""evaluations"": 22, ""inference_unavailable_reasons"": [""parameter_on_boundary""]}, {""start"": [0.8762, 0.2397], ""theta"": [0.9752606340489605, 0.010000000011276045], ""objective"": 16.612470635957305, ""success"": true, ""message"": ""`ftol` termination condition is satisfied."", ""evaluations"": 30, ""inference_unavailable_reasons"": [""parameter_on_boundary""]}]",60b713cf2edbaf752627e0a3fead56cd29bc7240fd002224a5c31c8a46fbaa1b
259,baseline_fitted,259,2942318076069543211,0.98,0.010000000000000009,boundary,False,,62.772093929484186,0.973791826423195,0.010000000000000037,True,False,True,False,True,2,,4,True,"[{""start"": [0.5, 0.1], ""theta"": [0.9737920957152233, 0.010000000012255275], ""objective"": 62.772093937546835, ""success"": true, ""message"": ""`ftol` termination condition is satisfied."", ""evaluations"": 25, ""inference_unavailable_reasons"": [""parameter_on_boundary""]}, {""start"": [0.75, 0.4], ""theta"": [0.9737918741739926, 0.010000000000000064], ""objective"": 62.77209393009133, ""success"": true, ""message"": ""`ftol` termination condition is satisfied."", ""evaluations"": 24, ""inference_unavailable_reasons"": [""parameter_on_boundary""]}, {""start"": [0.95, 0.7], ""theta"": [0.9737907214568782, 0.010000000000009002], ""objective"": 62.772093933348, ""success"": true, ""message"": ""`ftol` termination condition is satisfied."", ""evaluations"": 26, ""inference_unavailable_reasons"": [""parameter_on_boundary""]}, {""start"": [0.8762, 0.2397], ""theta"": [0.973791826423195, 0.010000000000000037], ""objective"": 62.772093929484186, ""success"": true, ""message"": ""`ftol` termination condition is satisfied."", ""evaluations"": 22, ""inference_unavailable_reasons"": [""parameter_on_boundary""]}]",e8b7dc71d8a6bc58a7199f113f2307e4a65314d3c831b46d82e2c8216bab823d
260,baseline_fitted,260,8451723098010071450,0.98,0.010000000000000009,boundary,False,,7.0225989470559895,0.9719101221093169,0.010000000000000023,True,False,True,False,True,2,,4,True,"[{""start"": [0.5, 0.1], ""theta"": [0.9719101221093169, 0.010000000000000023], ""objective"": 7.0225989470559895, ""success"": true, ""message"": ""`ftol` termination condition is satisfied."", ""evaluations"": 16, ""inference_unavailable_reasons"": [""parameter_on_boundary""]}, {""start"": [0.75, 0.4], ""theta"": [0.9719102430690203, 0.01000000000000012], ""objective"": 7.022598947466529, ""success"": true, ""message"": ""`ftol` termination condition is satisfied."", ""evaluations"": 14, ""inference_unavailable_reasons"": [""parameter_on_boundary""]}, {""start"": [0.95, 0.7], ""theta"": [0.971910321451317, 0.01000000000000012], ""objective"": 7.02259894781583, ""success"": true, ""message"": ""`ftol` termination condition is satisfied."", ""evaluations"": 19, ""inference_unavailable_reasons"": [""parameter_on_boundary""]}, {""start"": [0.8762, 0.2397], ""theta"": [0.971909489912993, 0.010000000000000064], ""objective"": 7.02259894745128, ""success"": true, ""message"": ""`ftol` termination condition is satisfied."", ""evaluations"": 12, ""inference_unavailable_reasons"": [""parameter_on_boundary""]}]",a57cb5b920e1011359a9f18319845201455fc5248d88a3aa203b30a220d473d7
261,baseline_fitted,261,5887919207604838831,0.98,0.010000000000000009,boundary,False,,37.74168403545247,0.98,0.010000000000000064,True,False,True,True,True,2,,4,True,"[{""start"": [0.5, 0.1], ""theta"": [0.9799999999997875, 0.010000000000000314], ""objective"": 37.74168403568171, ""success"": true, ""message"": ""`gtol` termination condition is satisfied."", ""evaluations"": 10, ""inference_unavailable_reasons"": [""parameter_on_boundary""]}, {""start"": [0.75, 0.4], ""theta"": [0.98, 0.010000000000000064], ""objective"": 37.74168403545247, ""success"": true, ""message"": ""`gtol` termination condition is satisfied."", ""evaluations"": 9, ""inference_unavailable_reasons"": [""parameter_on_boundary""]}, {""start"": [0.95, 0.7], ""theta"": [0.98, 0.01000000000000012], ""objective"": 37.74168403545247, ""success"": true, ""message"": ""`gtol` termination condition is satisfied."", ""evaluations"": 15, ""inference_unavailable_reasons"": [""parameter_on_boundary""]}, {""start"": [0.8762, 0.2397], ""theta"": [0.98, 0.010000000000000037], ""objective"": 37.74168403545247, ""success"": true, ""message"": ""`gtol` termination condition is satisfied."", ""evaluations"": 10, ""inference_unavailable_reasons"": [""parameter_on_boundary""]}]",ecf4a58ed4355638b7a2f1697454c63036067e1d0b66067c111cec943711acf5
262,baseline_fitted,262,3991647847093082445,0.98,0.010000000000000009,boundary,False,,10.883865721279522,0.9549370719614456,0.010000000000000009,True,False,True,False,True,2,,4,True,"[{""start"": [0.5, 0.1], ""theta"": [0.9549370719614456, 0.010000000000000009], ""objective"": 10.883865721279522, ""success"": true, ""message"": ""`ftol` termination condition is satisfied."", ""evaluations"": 28, ""inference_unavailable_reasons"": [""parameter_on_boundary""]}, {""start"": [0.75, 0.4], ""theta"": [0.9549370432446019, 0.010000000000000064], ""objective"": 10.883865721348661, ""success"": true, ""message"": ""`ftol` termination condition is satisfied."", ""evaluations"": 28, ""inference_unavailable_reasons"": [""parameter_on_boundary""]}, {""start"": [0.95, 0.7], ""theta"": [0.9549366040645555, 0.01000000000000012], ""objective"": 10.883865722502813, ""success"": true, ""message"": ""`ftol` termination condition is satisfied."", ""evaluations"": 34, ""inference_unavailable_reasons"": [""parameter_on_boundary""]}, {""start"": [0.8762, 0.2397], ""theta"": [0.9549369395795057, 0.010000000000000037], ""objective"": 10.8838657216176, ""success"": true, ""message"": ""`ftol` termination condition is satisfied."", ""evaluations"": 28, ""inference_unavailable_reasons"": [""parameter_on_boundary""]}]",6a22a0a38ec535035804f865bf7021b4cccfeb8396c1dcb422184811d1348b90
263,baseline_fitted,263,8398209542414858909,0.98,0.010000000000000009,boundary,False,,4.934321021658406,0.9799999999999858,0.010000000000000037,True,False,True,True,True,2,,4,True,"[{""start"": [0.5, 0.1], ""theta"": [0.9799999999999913, 0.010000000000006698], ""objective"": 4.934321021679807, ""success"": true, ""message"": ""`gtol` termination condition is satisfied."", ""evaluations"": 13, ""inference_unavailable_reasons"": [""parameter_on_boundary""]}, {""start"": [0.75, 0.4], ""theta"": [0.9799999999999164, 0.010000000000004283], ""objective"": 4.9343210216809865, ""success"": true, ""message"": ""`gtol` termination condition is satisfied."", ""evaluations"": 11, ""inference_unavailable_reasons"": [""parameter_on_boundary""]}, {""start"": [0.95, 0.7], ""theta"": [0.9799999999999446, 0.010000000000000231], ""objective"": 4.934321021678688, ""success"": true, ""message"": ""`gtol` termination condition is satisfied."", ""evaluations"": 17, ""inference_unavailable_reasons"": [""parameter_on_boundary""]}, {""start"": [0.8762, 0.2397], ""theta"": [0.9799999999999858, 0.010000000000000037], ""objective"": 4.934321021658406, ""success"": true, ""message"": ""`gtol` termination condition is satisfied."", ""evaluations"": 10, ""inference_unavailable_reasons"": [""parameter_on_boundary""]}]",6398ede394de036834fa8dcec78aa2a25629292f060d3abccb998bdcb0f8d08a
264,baseline_fitted,264,464825408869423125,0.98,0.010000000000000009,boundary,False,,22.59950166129709,0.9799999999999998,0.02066345156959773,True,False,True,True,False,2,,4,True,"[{""start"": [0.5, 0.1], ""theta"": [0.9799999999999998, 0.02066345156959773], ""objective"": 22.59950166129709, ""success"": true, ""message"": ""`xtol` termination condition is satisfied."", ""evaluations"": 14, ""inference_unavailable_reasons"": [""parameter_on_boundary""]}, {""start"": [0.75, 0.4], ""theta"": [0.98, 0.020663451415439238], ""objective"": 22.599501661306174, ""success"": true, ""message"": ""`gtol` termination condition is satisfied."", ""evaluations"": 11, ""inference_unavailable_reasons"": [""parameter_on_boundary""]}, {""start"": [0.95, 0.7], ""theta"": [0.98, 0.020663451423403756], ""objective"": 22.599501661303584, ""success"": true, ""message"": ""`ftol` termination condition is satisfied."", ""evaluations"": 17, ""inference_unavailable_reasons"": [""parameter_on_boundary""]}, {""start"": [0.8762, 0.2397], ""theta"": [0.98, 0.0206634516135126], ""objective"": 22.59950166130514, ""success"": true, ""message"": ""`xtol` termination condition is satisfied."", ""evaluations"": 10, ""inference_unavailable_reasons"": [""parameter_on_boundary""]}]",825802ffd7c8a55702d9b6e34a11e9bbb5dcff159920bf6c57f889758847e763
265,baseline_fitted,265,17831479174335071985,0.98,0.010000000000000009,boundary,False,,10.605560803078681,0.98,0.010000000000000064,True,False,True,True,True,2,,4,True,"[{""start"": [0.5, 0.1], ""theta"": [0.9799999999999998, 0.010000000012130958], ""objective"": 10.605560803559628, ""success"": true, ""message"": ""`gtol` termination condition is satisfied."", ""evaluations"": 13, ""inference_unavailable_reasons"": [""parameter_on_boundary""]}, {""start"": [0.75, 0.4], ""theta"": [0.98, 0.010000000000000064], ""objective"": 10.605560803078681, ""success"": true, ""message"": ""`gtol` termination condition is satisfied."", ""evaluations"": 12, ""inference_unavailable_reasons"": [""parameter_on_boundary""]}, {""start"": [0.95, 0.7], ""theta"": [0.98, 0.01000000000072887], ""objective"": 10.60556080310904, ""success"": true, ""message"": ""`gtol` termination condition is satisfied."", ""evaluations"": 17, ""inference_unavailable_reasons"": [""parameter_on_boundary""]}, {""start"": [0.8762, 0.2397], ""theta"": [0.98, 0.010000000000000064], ""objective"": 10.605560803078681, ""success"": true, ""message"": ""`gtol` termination condition is satisfied."", ""evaluations"": 11, ""inference_unavailable_reasons"": [""parameter_on_boundary""]}]",125efb30d4f75f64fbcb74237f01acb56946d1cbecc0d6ca897c13f1fe2e5b34
266,baseline_fitted,266,18158130911904966034,0.98,0.010000000000000009,boundary,False,,11.585688863124417,0.9796149455828833,0.010000000000000064,True,False,True,False,True,2,,4,True,"[{""start"": [0.5, 0.1], ""theta"": [0.9796150853920932, 0.010000000089918096], ""objective"": 11.585688883585807, ""success"": true, ""message"": ""`ftol` termination condition is satisfied."", ""evaluations"": 19, ""inference_unavailable_reasons"": [""parameter_on_boundary""]}, {""start"": [0.75, 0.4], ""theta"": [0.9796149455828833, 0.010000000000000064], ""objective"": 11.585688863124417, ""success"": true, ""message"": ""`ftol` termination condition is satisfied."", ""evaluations"": 20, ""inference_unavailable_reasons"": [""parameter_on_boundary""]}, {""start"": [0.95, 0.7], ""theta"": [0.9796148386413985, 0.010000000001382237], ""objective"": 11.585688864760755, ""success"": true, ""message"": ""`ftol` termination condition is satisfied."", ""evaluations"": 26, ""inference_unavailable_reasons"": [""parameter_on_boundary""]}, {""start"": [0.8762, 0.2397], ""theta"": [0.9796147302149667, 0.010000000059235487], ""objective"": 11.5856888803627, ""success"": true, ""message"": ""`ftol` termination condition is satisfied."", ""evaluations"": 18, ""inference_unavailable_reasons"": [""parameter_on_boundary""]}]",c658ad9063669291fe84070c760e91d353f867751003f29d6fe393cddcb1f1b0
267,baseline_fitted,267,5021095155063725421,0.98,0.010000000000000009,boundary,False,,29.83104985564061,0.98,0.010000000000000009,True,False,True,True,True,2,,4,True,"[{""start"": [0.5, 0.1], ""theta"": [0.98, 0.010000000000000009], ""objective"": 29.83104985564061, ""success"": true, ""message"": ""`gtol` termination condition is satisfied."", ""evaluations"": 13, ""inference_unavailable_reasons"": [""parameter_on_boundary""]}, {""start"": [0.75, 0.4], ""theta"": [0.98, 0.010000000004978249], ""objective"": 29.831049856018662, ""success"": true, ""message"": ""`gtol` termination condition is satisfied."", ""evaluations"": 11, ""inference_unavailable_reasons"": [""parameter_on_boundary""]}, {""start"": [0.95, 0.7], ""theta"": [0.98, 0.010000000000000231], ""objective"": 29.831049855641677, ""success"": true, ""message"": ""`gtol` termination condition is satisfied."", ""evaluations"": 17, ""inference_unavailable_reasons"": [""parameter_on_boundary""]}, {""start"": [0.8762, 0.2397], ""theta"": [0.98, 0.01000000000308271], ""objective"": 29.83104985587436, ""success"": true, ""message"": ""`gtol` termination condition is satisfied."", ""evaluations"": 10, ""inference_unavailable_reasons"": [""parameter_on_boundary""]}]",cf0d992e4d4d9f5e6dd1b28c3616763f6e3e6b339b77858b7cfb399e03eebaef
268,baseline_fitted,268,15831536712315282764,0.98,0.010000000000000009,boundary,False,,26.566518748469875,0.98,0.010000000000000064,True,False,True,True,True,2,,4,True,"[{""start"": [0.5, 0.1], ""theta"": [0.9799999999995623, 0.010000000000004144], ""objective"": 26.566518748634707, ""success"": true, ""message"": ""`gtol` termination condition is satisfied."", ""evaluations"": 10, ""inference_unavailable_reasons"": [""parameter_on_boundary""]}, {""start"": [0.75, 0.4], ""theta"": [0.98, 0.010000000000000064], ""objective"": 26.566518748469875, ""success"": true, ""message"": ""`gtol` termination condition is satisfied."", ""evaluations"": 10, ""inference_unavailable_reasons"": [""parameter_on_boundary""]}, {""start"": [0.95, 0.7], ""theta"": [0.9799999999965368, 0.010000000000024989], ""objective"": 26.56651874948326, ""success"": true, ""message"": ""`gtol` termination condition is satisfied."", ""evaluations"": 15, ""inference_unavailable_reasons"": [""parameter_on_boundary""]}, {""start"": [0.8762, 0.2397], ""theta"": [0.98, 0.010000000000000037], ""objective"": 26.566518748469875, ""success"": true, ""message"": ""`gtol` termination condition is satisfied."", ""evaluations"": 10, ""inference_unavailable_reasons"": [""parameter_on_boundary""]}]",c3435bc894731f88e99a63f32705b19c4cea22d371b1c6a402684f6952c4a27d
269,baseline_fitted,269,14399845657257300763,0.98,0.010000000000000009,boundary,False,,19.694233660916233,0.9799999999999999,0.010000000000000037,True,False,True,True,True,2,,4,True,"[{""start"": [0.5, 0.1], ""theta"": [0.9799999999985145, 0.010000000000049192], ""objective"": 19.694233661344697, ""success"": true, ""message"": ""`gtol` termination condition is satisfied."", ""evaluations"": 11, ""inference_unavailable_reasons"": [""parameter_on_boundary""]}, {""start"": [0.75, 0.4], ""theta"": [0.9799999999995528, 0.010000000000013665], ""objective"": 19.694233661117526, ""success"": true, ""message"": ""`gtol` termination condition is satisfied."", ""evaluations"": 9, ""inference_unavailable_reasons"": [""parameter_on_boundary""]}, {""start"": [0.95, 0.7], ""theta"": [0.98, 0.01000000000000012], ""objective"": 19.694233660925903, ""success"": true, ""message"": ""`gtol` termination condition is satisfied."", ""evaluations"": 15, ""inference_unavailable_reasons"": [""parameter_on_boundary""]}, {""start"": [0.8762, 0.2397], ""theta"": [0.9799999999999999, 0.010000000000000037], ""objective"": 19.694233660916233, ""success"": true, ""message"": ""`gtol` termination condition is satisfied."", ""evaluations"": 9, ""inference_unavailable_reasons"": [""parameter_on_boundary""]}]",0931674765276aba929802123864d8b07616e426f025f061b4a3653a1ef22151
270,baseline_fitted,270,10879523110885797156,0.98,0.010000000000000009,boundary,False,,7.032135383100245,0.98,0.02127220112193684,True,False,True,True,False,2,,4,True,"[{""start"": [0.5, 0.1], ""theta"": [0.98, 0.0212722009695126], ""objective"": 7.032135383100758, ""success"": true, ""message"": ""`ftol` termination condition is satisfied."", ""evaluations"": 13, ""inference_unavailable_reasons"": [""parameter_on_boundary""]}, {""start"": [0.75, 0.4], ""theta"": [0.9799999999999999, 0.02127220098569238], ""objective"": 7.0321353831027835, ""success"": true, ""message"": ""`ftol` termination condition is satisfied."", ""evaluations"": 11, ""inference_unavailable_reasons"": [""parameter_on_boundary""]}, {""start"": [0.95, 0.7], ""theta"": [0.98, 0.02127220112193684], ""objective"": 7.032135383100245, ""success"": true, ""message"": ""`xtol` termination condition is satisfied."", ""evaluations"": 17, ""inference_unavailable_reasons"": [""parameter_on_boundary""]}, {""start"": [0.8762, 0.2397], ""theta"": [0.98, 0.02127220095839827], ""objective"": 7.03213538310032, ""success"": true, ""message"": ""`gtol` termination condition is satisfied."", ""evaluations"": 10, ""inference_unavailable_reasons"": [""parameter_on_boundary""]}]",6395ad5d4da3559f7fc13c54c14c068aafa0e2fcf0d69599037ddf0bead01f98
271,baseline_fitted,271,17654879313047801588,0.98,0.010000000000000009,boundary,False,,5.136921963977067,0.8805904067878283,0.010000000000000064,True,False,True,False,True,2,,4,True,"[{""start"": [0.5, 0.1], ""theta"": [0.8805904037255363, 0.010000000000000092], ""objective"": 5.136921963990099, ""success"": true, ""message"": ""`ftol` termination condition is satisfied."", ""evaluations"": 9, ""inference_unavailable_reasons"": [""parameter_on_boundary""]}, {""start"": [0.75, 0.4], ""theta"": [0.8805904067878283, 0.010000000000000064], ""objective"": 5.136921963977067, ""success"": true, ""message"": ""`ftol` termination condition is satisfied."", ""evaluations"": 9, ""inference_unavailable_reasons"": [""parameter_on_boundary""]}, {""start"": [0.95, 0.7], ""theta"": [0.8805903905426417, 0.010000000000000342], ""objective"": 5.13692196399563, ""success"": true, ""message"": ""`ftol` termination condition is satisfied."", ""evaluations"": 15, ""inference_unavailable_reasons"": [""parameter_on_boundary""]}, {""start"": [0.8762, 0.2397], ""theta"": [0.880590428632855, 0.010000000000000037], ""objective"": 5.136921963993514, ""success"": true, ""message"": ""`ftol` termination condition is satisfied."", ""evaluations"": 10, ""inference_unavailable_reasons"": [""parameter_on_boundary""]}]",bc52b4c77776226d2fcaeeb07b5a7528b2642e0dc1fa818387c831a0dca65e71
272,baseline_fitted,272,9882291960059145135,0.98,0.010000000000000009,boundary,False,,84.47824853989808,0.9755031225534551,0.010000000000041115,True,False,True,False,True,2,,4,True,"[{""start"": [0.5, 0.1], ""theta"": [0.9755031225534551, 0.010000000000041115], ""objective"": 84.47824853989808, ""success"": true, ""message"": ""`ftol` termination condition is satisfied."", ""evaluations"": 23, ""inference_unavailable_reasons"": [""parameter_on_boundary""]}, {""start"": [0.75, 0.4], ""theta"": [0.9755031401901988, 0.01000000000000284], ""objective"": 84.47824853993399, ""success"": true, ""message"": ""`ftol` termination condition is satisfied."", ""evaluations"": 25, ""inference_unavailable_reasons"": [""parameter_on_boundary""]}, {""start"": [0.95, 0.7], ""theta"": [0.9755030510445973, 0.010000000000000009], ""objective"": 84.47824854060379, ""success"": true, ""message"": ""`ftol` termination condition is satisfied."", ""evaluations"": 22, ""inference_unavailable_reasons"": [""parameter_on_boundary""]}, {""start"": [0.8762, 0.2397], ""theta"": [0.9755031538744352, 0.010000000000046527], ""objective"": 84.47824853996207, ""success"": true, ""message"": ""`ftol` termination condition is satisfied."", ""evaluations"": 17, ""inference_unavailable_reasons"": [""parameter_on_boundary""]}]",47e9b85b658e15da346e20e0f14a80d9fed54840699a76d908822cf638c70d4c
273,baseline_fitted,273,888956654716344258,0.98,0.010000000000000009,boundary,False,,13.553921972574162,0.9674433770319628,0.01000000000000012,True,False,True,False,True,2,,4,True,"[{""start"": [0.5, 0.1], ""theta"": [0.9674433239504521, 0.010000000000000009], ""objective"": 13.553921972580918, ""success"": true, ""message"": ""`ftol` termination condition is satisfied."", ""evaluations"": 13, ""inference_unavailable_reasons"": [""parameter_on_boundary""]}, {""start"": [0.75, 0.4], ""theta"": [0.9674433760703438, 0.010000000000000064], ""objective"": 13.553921972574454, ""success"": true, ""message"": ""`ftol` termination condition is satisfied."", ""evaluations"": 12, ""inference_unavailable_reasons"": [""parameter_on_boundary""]}, {""start"": [0.95, 0.7], ""theta"": [0.9674433770319628, 0.01000000000000012], ""objective"": 13.553921972574162, ""success"": true, ""message"": ""`ftol` termination condition is satisfied."", ""evaluations"": 18, ""inference_unavailable_reasons"": [""parameter_on_boundary""]}, {""start"": [0.8762, 0.2397], ""theta"": [0.9674432879519078, 0.010000000000000037], ""objective"": 13.553921972599136, ""success"": true, ""message"": ""`ftol` termination condition is satisfied."", ""evaluations"": 11, ""inference_unavailable_reasons"": [""parameter_on_boundary""]}]",66ad9d961d575da1d2cd32bef2e49eb92e0f43099ba0dfa46947d83f71ef9c49
274,baseline_fitted,274,10436039492676093490,0.98,0.010000000000000009,boundary,False,,26.290796350654944,0.9621371645544637,0.010000000006102933,True,False,True,False,True,2,,4,True,"[{""start"": [0.5, 0.1], ""theta"": [0.9621374733847446, 0.01000000000013855], ""objective"": 26.290796353324705, ""success"": true, ""message"": ""`ftol` termination condition is satisfied."", ""evaluations"": 28, ""inference_unavailable_reasons"": [""parameter_on_boundary""]}, {""start"": [0.75, 0.4], ""theta"": [0.9621373609515196, 0.01000000000040635], ""objective"": 26.290796352058887, ""success"": true, ""message"": ""`ftol` termination condition is satisfied."", ""evaluations"": 23, ""inference_unavailable_reasons"": [""parameter_on_boundary""]}, {""start"": [0.95, 0.7], ""theta"": [0.9621333720075296, 0.010000000009821708], ""objective"": 26.290796440460667, ""success"": true, ""message"": ""`ftol` termination condition is satisfied."", ""evaluations"": 30, ""inference_unavailable_reasons"": [""parameter_on_boundary""]}, {""start"": [0.8762, 0.2397], ""theta"": [0.9621371645544637, 0.010000000006102933], ""objective"": 26.290796350654944, ""success"": true, ""message"": ""`ftol` termination condition is satisfied."", ""evaluations"": 26, ""inference_unavailable_reasons"": [""parameter_on_boundary""]}]",c33d726255854854db651c15d0e0d8964a802ac3840bbafcb26cae5f94d8039c
275,baseline_fitted,275,5640666176319507145,0.98,0.010000000000000009,boundary,False,,7.151100944293526,0.9769137016002842,0.010000000000000064,True,False,True,False,True,2,,4,True,"[{""start"": [0.5, 0.1], ""theta"": [0.9769132454210958, 0.010000000000000009], ""objective"": 7.151100944747834, ""success"": true, ""message"": ""`ftol` termination condition is satisfied."", ""evaluations"": 17, ""inference_unavailable_reasons"": [""parameter_on_boundary""]}, {""start"": [0.75, 0.4], ""theta"": [0.976913284936013, 0.010000000000000064], ""objective"": 7.151100944526474, ""success"": true, ""message"": ""`ftol` termination condition is satisfied."", ""evaluations"": 16, ""inference_unavailable_reasons"": [""parameter_on_boundary""]}, {""start"": [0.95, 0.7], ""theta"": [0.9769138315480493, 0.01000000000000012], ""objective"": 7.151100945148189, ""success"": true, ""message"": ""`ftol` termination condition is satisfied."", ""evaluations"": 20, ""inference_unavailable_reasons"": [""parameter_on_boundary""]}, {""start"": [0.8762, 0.2397], ""theta"": [0.9769137016002842, 0.010000000000000064], ""objective"": 7.151100944293526, ""success"": true, ""message"": ""`ftol` termination condition is satisfied."", ""evaluations"": 15, ""inference_unavailable_reasons"": [""parameter_on_boundary""]}]",6cf0adfc0a347804795ae84b6bf9800b2d46e106c7fc522763ea3cef4d0aa561
276,baseline_fitted,276,1600000325916324259,0.98,0.010000000000000009,boundary,False,,23.732355689498554,0.9771126279603802,0.010000000000026654,True,False,True,False,True,2,,4,True,"[{""start"": [0.5, 0.1], ""theta"": [0.9771122956668088, 0.010000000002587578], ""objective"": 23.732355692282255, ""success"": true, ""message"": ""`ftol` termination condition is satisfied."", ""evaluations"": 19, ""inference_unavailable_reasons"": [""parameter_on_boundary""]}, {""start"": [0.75, 0.4], ""theta"": [0.9771121608397234, 0.010000000032203193], ""objective"": 23.73235570831159, ""success"": true, ""message"": ""`ftol` termination condition is satisfied."", ""evaluations"": 18, ""inference_unavailable_reasons"": [""parameter_on_boundary""]}, {""start"": [0.95, 0.7], ""theta"": [0.9771126279603802, 0.010000000000026654], ""objective"": 23.732355689498554, ""success"": true, ""message"": ""`ftol` termination condition is satisfied."", ""evaluations"": 25, ""inference_unavailable_reasons"": [""parameter_on_boundary""]}, {""start"": [0.8762, 0.2397], ""theta"": [0.9771124433063707, 0.010000000003111575], ""objective"": 23.73235569118158, ""success"": true, ""message"": ""`ftol` termination condition is satisfied."", ""evaluations"": 24, ""inference_unavailable_reasons"": [""parameter_on_boundary""]}]",3a5d3380b51acb17b0418a13f4c48c73e512cae5622789691ab80b9c05f806e1
277,baseline_fitted,277,17373899040055157655,0.98,0.010000000000000009,regular,False,,7.140600841340593,0.9766028518733746,0.022387701338571153,True,True,False,False,False,2,0.41438897145723547,4,True,"[{""start"": [0.5, 0.1], ""theta"": [0.9766040529369192, 0.022386266354557913], ""objective"": 7.1406008414112705, ""success"": true, ""message"": ""`ftol` termination condition is satisfied."", ""evaluations"": 17, ""inference_unavailable_reasons"": []}, {""start"": [0.75, 0.4], ""theta"": [0.9766026812437791, 0.022387905205129954], ""objective"": 7.140600842167556, ""success"": true, ""message"": ""`ftol` termination condition is satisfied."", ""evaluations"": 16, ""inference_unavailable_reasons"": []}, {""start"": [0.95, 0.7], ""theta"": [0.9766026110493413, 0.02238798907338113], ""objective"": 7.1406008425826375, ""success"": true, ""message"": ""`ftol` termination condition is satisfied."", ""evaluations"": 19, ""inference_unavailable_reasons"": []}, {""start"": [0.8762, 0.2397], ""theta"": [0.9766028518733746, 0.022387701338571153], ""objective"": 7.140600841340593, ""success"": true, ""message"": ""`ftol` termination condition is satisfied."", ""evaluations"": 13, ""inference_unavailable_reasons"": []}]",fb93ab0fffbbee289e03081cc880d2a174ed8434d2c36158e8f6cd114298c61f
278,baseline_fitted,278,4374586764612816630,0.98,0.010000000000000009,boundary,False,,12.414634784492073,0.98,0.010000000000000286,True,False,True,True,True,2,,4,True,"[{""start"": [0.5, 0.1], ""theta"": [0.98, 0.010000000000065123], ""objective"": 12.414634784492923, ""success"": true, ""message"": ""`gtol` termination condition is satisfied."", ""evaluations"": 15, ""inference_unavailable_reasons"": [""parameter_on_boundary""]}, {""start"": [0.75, 0.4], ""theta"": [0.98, 0.010000000000000286], ""objective"": 12.414634784492073, ""success"": true, ""message"": ""`gtol` termination condition is satisfied."", ""evaluations"": 13, ""inference_unavailable_reasons"": [""parameter_on_boundary""]}, {""start"": [0.95, 0.7], ""theta"": [0.98, 0.01000000001116208], ""objective"": 12.41463478467352, ""success"": true, ""message"": ""`gtol` termination condition is satisfied."", ""evaluations"": 18, ""inference_unavailable_reasons"": [""parameter_on_boundary""]}, {""start"": [0.8762, 0.2397], ""theta"": [0.98, 0.010000000000115528], ""objective"": 12.414634784494282, ""success"": true, ""message"": ""`gtol` termination condition is satisfied."", ""evaluations"": 11, ""inference_unavailable_reasons"": [""parameter_on_boundary""]}]",73b0497ad100419765a147024c4ea7f915518f15218b9b8c44c8857f04b38035
279,baseline_fitted,279,7101135746515715054,0.98,0.010000000000000009,boundary,False,,39.763641995271314,0.98,0.010000000000000009,True,False,True,True,True,2,,4,True,"[{""start"": [0.5, 0.1], ""theta"": [0.98, 0.010000000000000009], ""objective"": 39.763641995271314, ""success"": true, ""message"": ""`gtol` termination condition is satisfied."", ""evaluations"": 10, ""inference_unavailable_reasons"": [""parameter_on_boundary""]}, {""start"": [0.75, 0.4], ""theta"": [0.98, 0.010000000000000064], ""objective"": 39.763641995271314, ""success"": true, ""message"": ""`gtol` termination condition is satisfied."", ""evaluations"": 10, ""inference_unavailable_reasons"": [""parameter_on_boundary""]}, {""start"": [0.95, 0.7], ""theta"": [0.9799999999999756, 0.01000000000000012], ""objective"": 39.763641995430056, ""success"": true, ""message"": ""`gtol` termination condition is satisfied."", ""evaluations"": 15, ""inference_unavailable_reasons"": [""parameter_on_boundary""]}, {""start"": [0.8762, 0.2397], ""theta"": [0.9799999999999877, 0.010000000000000037], ""objective"": 39.76364199533069, ""success"": true, ""message"": ""`gtol` termination condition is satisfied."", ""evaluations"": 10, ""inference_unavailable_reasons"": [""parameter_on_boundary""]}]",964806694e47de9967d58b36bef5c3b2a21955b2a027ef6c20da318752e0b7ba
280,baseline_fitted,280,2119839636103389361,0.98,0.010000000000000009,boundary,False,,45.551272672657944,0.9799999999999505,0.02128490801969396,True,False,True,True,False,2,,4,True,"[{""start"": [0.5, 0.1], ""theta"": [0.98, 0.02128489185082255], ""objective"": 45.55127267267317, ""success"": true, ""message"": ""Both `ftol` and `xtol` termination conditions are satisfied."", ""evaluations"": 14, ""inference_unavailable_reasons"": [""parameter_on_boundary""]}, {""start"": [0.75, 0.4], ""theta"": [0.9799999999999996, 0.02128489186468152], ""objective"": 45.55127267268182, ""success"": true, ""message"": ""`ftol` termination condition is satisfied."", ""evaluations"": 11, ""inference_unavailable_reasons"": [""parameter_on_boundary""]}, {""start"": [0.95, 0.7], ""theta"": [0.9799999999999505, 0.02128490801969396], ""objective"": 45.551272672657944, ""success"": true, ""message"": ""`ftol` termination condition is satisfied."", ""evaluations"": 20, ""inference_unavailable_reasons"": [""parameter_on_boundary""]}, {""start"": [0.8762, 0.2397], ""theta"": [0.98, 0.02128489185186952], ""objective"": 45.55127267267223, ""success"": true, ""message"": ""`gtol` termination condition is satisfied."", ""evaluations"": 10, ""inference_unavailable_reasons"": [""parameter_on_boundary""]}]",587e09253f43ec8f8ad67c56971f0b3d8da51ca0c0fc6b59d0a557b70e4c7090
281,baseline_fitted,281,15586049360899714538,0.98,0.010000000000000009,boundary,False,,44.38340090932,0.98,0.010000000000000009,True,False,True,True,True,2,,4,True,"[{""start"": [0.5, 0.1], ""theta"": [0.98, 0.010000000000000009], ""objective"": 44.38340090932, ""success"": true, ""message"": ""`gtol` termination condition is satisfied."", ""evaluations"": 11, ""inference_unavailable_reasons"": [""parameter_on_boundary""]}, {""start"": [0.75, 0.4], ""theta"": [0.9799999999999995, 0.010000000000000009], ""objective"": 44.38340090932717, ""success"": true, ""message"": ""`gtol` termination condition is satisfied."", ""evaluations"": 10, ""inference_unavailable_reasons"": [""parameter_on_boundary""]}, {""start"": [0.95, 0.7], ""theta"": [0.9799999999999992, 0.01000000000000012], ""objective"": 44.383400909372135, ""success"": true, ""message"": ""`gtol` termination condition is satisfied."", ""evaluations"": 16, ""inference_unavailable_reasons"": [""parameter_on_boundary""]}, {""start"": [0.8762, 0.2397], ""theta"": [0.98, 0.010000000000000092], ""objective"": 44.38340090932, ""success"": true, ""message"": ""`gtol` termination condition is satisfied."", ""evaluations"": 10, ""inference_unavailable_reasons"": [""parameter_on_boundary""]}]",ef3993e42bf4c5da2a0d23fd510fe749ead85710fa96ad37c5b92682945c94c3
282,baseline_fitted,282,2099918224862261617,0.98,0.010000000000000009,boundary,False,,39.830155721261676,0.98,0.023600892491409176,True,False,True,True,False,2,,4,True,"[{""start"": [0.5, 0.1], ""theta"": [0.98, 0.02360089249339399], ""objective"": 39.83015572126381, ""success"": true, ""message"": ""`gtol` termination condition is satisfied."", ""evaluations"": 12, ""inference_unavailable_reasons"": [""parameter_on_boundary""]}, {""start"": [0.75, 0.4], ""theta"": [0.98, 0.023600892491409176], ""objective"": 39.830155721261676, ""success"": true, ""message"": ""`ftol` termination condition is satisfied."", ""evaluations"": 12, ""inference_unavailable_reasons"": [""parameter_on_boundary""]}, {""start"": [0.95, 0.7], ""theta"": [0.98, 0.023600892495617143], ""objective"": 39.830155721266365, ""success"": true, ""message"": ""`ftol` termination condition is satisfied."", ""evaluations"": 17, ""inference_unavailable_reasons"": [""parameter_on_boundary""]}, {""start"": [0.8762, 0.2397], ""theta"": [0.98, 0.023600892490595965], ""objective"": 39.830155721265186, ""success"": true, ""message"": ""`ftol` termination condition is satisfied."", ""evaluations"": 11, ""inference_unavailable_reasons"": [""parameter_on_boundary""]}]",a966cde57d54944549d901bf7db631353f71ced1e1d0ee517df1fc720105555c
283,baseline_fitted,283,7705885573385957108,0.98,0.010000000000000009,regular,False,,9.088757213556907,0.9654342412462191,0.03229736567804313,True,True,False,False,False,2,0.24634632471185272,4,True,"[{""start"": [0.5, 0.1], ""theta"": [0.9654342412462191, 0.03229736567804313], ""objective"": 9.088757213556907, ""success"": true, ""message"": ""`ftol` termination condition is satisfied."", ""evaluations"": 19, ""inference_unavailable_reasons"": []}, {""start"": [0.75, 0.4], ""theta"": [0.9654325731605865, 0.03229975264884327], ""objective"": 9.08875721582735, ""success"": true, ""message"": ""`ftol` termination condition is satisfied."", ""evaluations"": 21, ""inference_unavailable_reasons"": []}, {""start"": [0.95, 0.7], ""theta"": [0.9654331223005812, 0.03229885199998228], ""objective"": 9.088757214052658, ""success"": true, ""message"": ""`ftol` termination condition is satisfied."", ""evaluations"": 29, ""inference_unavailable_reasons"": []}, {""start"": [0.8762, 0.2397], ""theta"": [0.9654298216496577, 0.03230349492470938], ""objective"": 9.08875723819459, ""success"": true, ""message"": ""`ftol` termination condition is satisfied."", ""evaluations"": 16, ""inference_unavailable_reasons"": [""nonstationary_solution""]}]",61f8eb50ad9e51af814596cccb672ceb40cd756a8e8f8143ca7471aa13a8659d
284,baseline_fitted,284,18169778966160768925,0.98,0.010000000000000009,boundary,False,,41.93828906902198,0.98,0.01000000000000012,True,False,True,True,True,2,,4,True,"[{""start"": [0.5, 0.1], ""theta"": [0.9799999999999752, 0.010000000000000009], ""objective"": 41.93828906904642, ""success"": true, ""message"": ""`gtol` termination condition is satisfied."", ""evaluations"": 10, ""inference_unavailable_reasons"": [""parameter_on_boundary""]}, {""start"": [0.75, 0.4], ""theta"": [0.9799999999999414, 0.010000000000000064], ""objective"": 41.9382890690329, ""success"": true, ""message"": ""`gtol` termination condition is satisfied."", ""evaluations"": 10, ""inference_unavailable_reasons"": [""parameter_on_boundary""]}, {""start"": [0.95, 0.7], ""theta"": [0.98, 0.01000000000000012], ""objective"": 41.93828906902198, ""success"": true, ""message"": ""`gtol` termination condition is satisfied."", ""evaluations"": 16, ""inference_unavailable_reasons"": [""parameter_on_boundary""]}, {""start"": [0.8762, 0.2397], ""theta"": [0.98, 0.010000000000000037], ""objective"": 41.93828906902198, ""success"": true, ""message"": ""`gtol` termination condition is satisfied."", ""evaluations"": 11, ""inference_unavailable_reasons"": [""parameter_on_boundary""]}]",3cc6e81bab5dc44025c6875090aa0aabe10cb8af92ce1a6212fa446156bf1146
285,baseline_fitted,285,15246906100702213840,0.98,0.010000000000000009,boundary,False,,15.159247313184295,0.9799999999999999,0.010000000000001869,True,False,True,True,True,2,,4,True,"[{""start"": [0.5, 0.1], ""theta"": [0.9799999999999999, 0.010000000000001869], ""objective"": 15.159247313184295, ""success"": true, ""message"": ""`gtol` termination condition is satisfied."", ""evaluations"": 11, ""inference_unavailable_reasons"": [""parameter_on_boundary""]}, {""start"": [0.75, 0.4], ""theta"": [0.98, 0.010000000000000064], ""objective"": 15.159247313192235, ""success"": true, ""message"": ""`gtol` termination condition is satisfied."", ""evaluations"": 11, ""inference_unavailable_reasons"": [""parameter_on_boundary""]}, {""start"": [0.95, 0.7], ""theta"": [0.9799999999999999, 0.010000000000024434], ""objective"": 15.159247313190033, ""success"": true, ""message"": ""`gtol` termination condition is satisfied."", ""evaluations"": 16, ""inference_unavailable_reasons"": [""parameter_on_boundary""]}, {""start"": [0.8762, 0.2397], ""theta"": [0.979999999999999, 0.010000000000082943], ""objective"": 15.159247313262174, ""success"": true, ""message"": ""`gtol` termination condition is satisfied."", ""evaluations"": 10, ""inference_unavailable_reasons"": [""parameter_on_boundary""]}]",cad6136ed780e09faacadb29e491c71d1e4aa8207bc15fc7f81d6b9e12a2dfbc
286,baseline_fitted,286,6049835480528386956,0.98,0.010000000000000009,boundary,False,,22.551442905242688,0.98,0.010000000000000786,True,False,True,True,True,2,,4,True,"[{""start"": [0.5, 0.1], ""theta"": [0.9799999999999996, 0.010000000092488207], ""objective"": 22.55144290703131, ""success"": true, ""message"": ""`gtol` termination condition is satisfied."", ""evaluations"": 14, ""inference_unavailable_reasons"": [""parameter_on_boundary""]}, {""start"": [0.75, 0.4], ""theta"": [0.98, 0.010000000000003617], ""objective"": 22.551442905244144, ""success"": true, ""message"": ""`gtol` termination condition is satisfied."", ""evaluations"": 13, ""inference_unavailable_reasons"": [""parameter_on_boundary""]}, {""start"": [0.95, 0.7], ""theta"": [0.98, 0.010000000000000786], ""objective"": 22.551442905242688, ""success"": true, ""message"": ""`gtol` termination condition is satisfied."", ""evaluations"": 19, ""inference_unavailable_reasons"": [""parameter_on_boundary""]}, {""start"": [0.8762, 0.2397], ""theta"": [0.9799999999999996, 0.01000000008847135], ""objective"": 22.55144290695171, ""success"": true, ""message"": ""`gtol` termination condition is satisfied."", ""evaluations"": 11, ""inference_unavailable_reasons"": [""parameter_on_boundary""]}]",deca7a844bbc67f8772237213bae1ac7cc83dd8bc5e9abeb9cf07517f64dec37
287,baseline_fitted,287,8695359031608288382,0.98,0.010000000000000009,boundary,False,,69.48190875630276,0.9469789347230441,0.01000000000000012,True,False,True,False,True,2,,4,True,"[{""start"": [0.5, 0.1], ""theta"": [0.9469830582575242, 0.010000000000000009], ""objective"": 69.48190876292819, ""success"": true, ""message"": ""`ftol` termination condition is satisfied."", ""evaluations"": 22, ""inference_unavailable_reasons"": [""parameter_on_boundary""]}, {""start"": [0.75, 0.4], ""theta"": [0.9469834075467479, 0.010000000000000064], ""objective"": 69.48190877409291, ""success"": true, ""message"": ""`ftol` termination condition is satisfied."", ""evaluations"": 18, ""inference_unavailable_reasons"": [""parameter_on_boundary""]}, {""start"": [0.95, 0.7], ""theta"": [0.9469789347230441, 0.01000000000000012], ""objective"": 69.48190875630276, ""success"": true, ""message"": ""`ftol` termination condition is satisfied."", ""evaluations"": 26, ""inference_unavailable_reasons"": [""parameter_on_boundary""]}, {""start"": [0.8762, 0.2397], ""theta"": [0.9469833742679284, 0.010000000000000037], ""objective"": 69.4819087729406, ""success"": true, ""message"": ""`ftol` termination condition is satisfied."", ""evaluations"": 17, ""inference_unavailable_reasons"": [""parameter_on_boundary""]}]",40bdbb8fe47db575faf09d9830e7d7f11b67e6de700adde35bc1c0ad97c6e536
288,baseline_fitted,288,7947469461821875326,0.98,0.010000000000000009,boundary,False,,5.298773198222305,0.9724410088258965,0.010000000000000064,True,False,True,False,True,2,,4,True,"[{""start"": [0.5, 0.1], ""theta"": [0.9724407378243345, 0.010000000003312998], ""objective"": 5.298773199087929, ""success"": true, ""message"": ""`ftol` termination condition is satisfied."", ""evaluations"": 26, ""inference_unavailable_reasons"": [""parameter_on_boundary""]}, {""start"": [0.75, 0.4], ""theta"": [0.9724410088258965, 0.010000000000000064], ""objective"": 5.298773198222305, ""success"": true, ""message"": ""`ftol` termination condition is satisfied."", ""evaluations"": 30, ""inference_unavailable_reasons"": [""parameter_on_boundary""]}, {""start"": [0.95, 0.7], ""theta"": [0.9724408190733885, 0.010000000000031095], ""objective"": 5.29877319836956, ""success"": true, ""message"": ""`ftol` termination condition is satisfied."", ""evaluations"": 28, ""inference_unavailable_reasons"": [""parameter_on_boundary""]}, {""start"": [0.8762, 0.2397], ""theta"": [0.972440752969265, 0.010000000239155427], ""objective"": 5.298773232594681, ""success"": true, ""message"": ""`ftol` termination condition is satisfied."", ""evaluations"": 24, ""inference_unavailable_reasons"": [""parameter_on_boundary""]}]",d825c7dec6398f56a27d8d88b67a3ca0a90b08b9cf8ff4837152a815a800efa2
289,baseline_fitted,289,15045935872267673543,0.98,0.010000000000000009,boundary,False,,26.968670986242287,0.98,0.010000000000000009,True,False,True,True,True,2,,4,True,"[{""start"": [0.5, 0.1], ""theta"": [0.98, 0.010000000000000009], ""objective"": 26.968670986242287, ""success"": true, ""message"": ""`gtol` termination condition is satisfied."", ""evaluations"": 12, ""inference_unavailable_reasons"": [""parameter_on_boundary""]}, {""start"": [0.75, 0.4], ""theta"": [0.98, 0.010000000000000508], ""objective"": 26.968670986243033, ""success"": true, ""message"": ""`gtol` termination condition is satisfied."", ""evaluations"": 10, ""inference_unavailable_reasons"": [""parameter_on_boundary""]}, {""start"": [0.95, 0.7], ""theta"": [0.98, 0.010000000000006781], ""objective"": 26.968670986243026, ""success"": true, ""message"": ""`gtol` termination condition is satisfied."", ""evaluations"": 16, ""inference_unavailable_reasons"": [""parameter_on_boundary""]}, {""start"": [0.8762, 0.2397], ""theta"": [0.9799999999999989, 0.01000000000124776], ""objective"": 26.968670986444998, ""success"": true, ""message"": ""`gtol` termination condition is satisfied."", ""evaluations"": 10, ""inference_unavailable_reasons"": [""parameter_on_boundary""]}]",22079880d03cdc49e5260a5531dd0999c2df2c43451d9fa8963adbb60465026d
290,baseline_fitted,290,2578520240703940924,0.98,0.010000000000000009,boundary,False,,30.588787053447,0.9799999999999989,0.02546481805391343,True,False,True,True,False,2,,4,True,"[{""start"": [0.5, 0.1], ""theta"": [0.98, 0.02546481782999853], ""objective"": 30.588787053458287, ""success"": true, ""message"": ""`gtol` termination condition is satisfied."", ""evaluations"": 14, ""inference_unavailable_reasons"": [""parameter_on_boundary""]}, {""start"": [0.75, 0.4], ""theta"": [0.98, 0.025464817832709152], ""objective"": 30.588787053457718, ""success"": true, ""message"": ""`ftol` termination condition is satisfied."", ""evaluations"": 11, ""inference_unavailable_reasons"": [""parameter_on_boundary""]}, {""start"": [0.95, 0.7], ""theta"": [0.9799999999999989, 0.02546481805391343], ""objective"": 30.588787053447, ""success"": true, ""message"": ""`ftol` termination condition is satisfied."", ""evaluations"": 18, ""inference_unavailable_reasons"": [""parameter_on_boundary""]}, {""start"": [0.8762, 0.2397], ""theta"": [0.98, 0.025464817822897307], ""objective"": 30.58878705345607, ""success"": true, ""message"": ""`ftol` termination condition is satisfied."", ""evaluations"": 10, ""inference_unavailable_reasons"": [""parameter_on_boundary""]}]",4c5f17d65beba6f599e77b4e3ce83ec7c20a67c183f32a4d0475f8deaa6f532e
291,baseline_fitted,291,9237464155772356672,0.98,0.010000000000000009,boundary,False,,102.92551479255647,0.98,0.010000000000000009,True,False,True,True,True,2,,4,True,"[{""start"": [0.5, 0.1], ""theta"": [0.98, 0.010000000000000009], ""objective"": 102.92551479255647, ""success"": true, ""message"": ""`gtol` termination condition is satisfied."", ""evaluations"": 10, ""inference_unavailable_reasons"": [""parameter_on_boundary""]}, {""start"": [0.75, 0.4], ""theta"": [0.98, 0.010000000000000064], ""objective"": 102.92551479255647, ""success"": true, ""message"": ""`gtol` termination condition is satisfied."", ""evaluations"": 10, ""inference_unavailable_reasons"": [""parameter_on_boundary""]}, {""start"": [0.95, 0.7], ""theta"": [0.9799999999999779, 0.01000000000000012], ""objective"": 102.92551479258958, ""success"": true, ""message"": ""`gtol` termination condition is satisfied."", ""evaluations"": 15, ""inference_unavailable_reasons"": [""parameter_on_boundary""]}, {""start"": [0.8762, 0.2397], ""theta"": [0.9799999999999952, 0.010000000000000037], ""objective"": 102.92551479278472, ""success"": true, ""message"": ""`gtol` termination condition is satisfied."", ""evaluations"": 10, ""inference_unavailable_reasons"": [""parameter_on_boundary""]}]",deb12765d380d2cb25d0a1b1fd6e8e31585f52efacf706e9a2ddb3b59bb88cd5
292,baseline_fitted,292,14248733142208591087,0.98,0.010000000000000009,boundary,False,,18.096900862900075,0.9646743169967493,0.010000000000000231,True,False,True,False,True,2,,4,True,"[{""start"": [0.5, 0.1], ""theta"": [0.9646742945898852, 0.010000000000000009], ""objective"": 18.096900862938394, ""success"": true, ""message"": ""`ftol` termination condition is satisfied."", ""evaluations"": 15, ""inference_unavailable_reasons"": [""parameter_on_boundary""]}, {""start"": [0.75, 0.4], ""theta"": [0.9646742887813898, 0.010000000000000064], ""objective"": 18.096900862935527, ""success"": true, ""message"": ""`ftol` termination condition is satisfied."", ""evaluations"": 13, ""inference_unavailable_reasons"": [""parameter_on_boundary""]}, {""start"": [0.95, 0.7], ""theta"": [0.9646743169967493, 0.010000000000000231], ""objective"": 18.096900862900075, ""success"": true, ""message"": ""`ftol` termination condition is satisfied."", ""evaluations"": 19, ""inference_unavailable_reasons"": [""parameter_on_boundary""]}, {""start"": [0.8762, 0.2397], ""theta"": [0.9646743202072338, 0.010000000000000037], ""objective"": 18.096900862901002, ""success"": true, ""message"": ""`ftol` termination condition is satisfied."", ""evaluations"": 13, ""inference_unavailable_reasons"": [""parameter_on_boundary""]}]",ed511bcd818bbe5c00f270ee07dc97f50e622f2ca6f4ef84aedd0ade9233626c
293,baseline_fitted,293,183377206581556525,0.98,0.010000000000000009,boundary,False,,16.947745544540112,0.966701742526382,0.010000000000000231,True,False,True,False,True,2,,4,True,"[{""start"": [0.5, 0.1], ""theta"": [0.9667010921926558, 0.010000000014752444], ""objective"": 16.947745548433133, ""success"": true, ""message"": ""`ftol` termination condition is satisfied."", ""evaluations"": 19, ""inference_unavailable_reasons"": [""parameter_on_boundary""]}, {""start"": [0.75, 0.4], ""theta"": [0.9667018385731829, 0.010000000003427767], ""objective"": 16.94774554495224, ""success"": true, ""message"": ""`ftol` termination condition is satisfied."", ""evaluations"": 25, ""inference_unavailable_reasons"": [""parameter_on_boundary""]}, {""start"": [0.95, 0.7], ""theta"": [0.9667012564790435, 0.010000000120211294], ""objective"": 16.947745557824256, ""success"": true, ""message"": ""`ftol` termination condition is satisfied."", ""evaluations"": 26, ""inference_unavailable_reasons"": [""parameter_on_boundary""]}, {""start"": [0.8762, 0.2397], ""theta"": [0.966701742526382, 0.010000000000000231], ""objective"": 16.947745544540112, ""success"": true, ""message"": ""`ftol` termination condition is satisfied."", ""evaluations"": 28, ""inference_unavailable_reasons"": [""parameter_on_boundary""]}]",30e4f42baa21c6b52e2fcdd87ea312fca0ed2cc94f1b712dd0f9cf2fa112f134
294,baseline_fitted,294,7092038499136854076,0.98,0.010000000000000009,boundary,False,,31.362513525101743,0.9799999999999851,0.01000000000000012,True,False,True,True,True,2,,4,True,"[{""start"": [0.5, 0.1], ""theta"": [0.9799999999905247, 0.010000000000000162], ""objective"": 31.362513526224404, ""success"": true, ""message"": ""`gtol` termination condition is satisfied."", ""evaluations"": 10, ""inference_unavailable_reasons"": [""parameter_on_boundary""]}, {""start"": [0.75, 0.4], ""theta"": [0.9799999999999851, 0.01000000000000012], ""objective"": 31.362513525101743, ""success"": true, ""message"": ""`gtol` termination condition is satisfied."", ""evaluations"": 10, ""inference_unavailable_reasons"": [""parameter_on_boundary""]}, {""start"": [0.95, 0.7], ""theta"": [0.9799999999999202, 0.01000000000000012], ""objective"": 31.362513525122843, ""success"": true, ""message"": ""`gtol` termination condition is satisfied."", ""evaluations"": 15, ""inference_unavailable_reasons"": [""parameter_on_boundary""]}, {""start"": [0.8762, 0.2397], ""theta"": [0.9799999999917519, 0.010000000000001619], ""objective"": 31.362513526051778, ""success"": true, ""message"": ""`gtol` termination condition is satisfied."", ""evaluations"": 9, ""inference_unavailable_reasons"": [""parameter_on_boundary""]}]",56b2b90d6967f7e07b6f06d128fcc3e5dc0f5e16e2655a4e88a0ff09e5f699d3
295,baseline_fitted,295,17761108405271799409,0.98,0.010000000000000009,regular,False,,11.762714552915579,0.9792918089286757,0.05477733355814096,True,True,False,False,False,2,0.1086371407858952,4,True,"[{""start"": [0.5, 0.1], ""theta"": [0.9792900357796641, 0.05478183904630077], ""objective"": 11.762714568769505, ""success"": true, ""message"": ""`ftol` termination condition is satisfied."", ""evaluations"": 16, ""inference_unavailable_reasons"": [""nonstationary_solution""]}, {""start"": [0.75, 0.4], ""theta"": [0.9792918089286757, 0.05477733355814096], ""objective"": 11.762714552915579, ""success"": true, ""message"": ""`ftol` termination condition is satisfied."", ""evaluations"": 18, ""inference_unavailable_reasons"": []}, {""start"": [0.95, 0.7], ""theta"": [0.9792856393073366, 0.05479299341804156], ""objective"": 11.762714668558937, ""success"": true, ""message"": ""`ftol` termination condition is satisfied."", ""evaluations"": 28, ""inference_unavailable_reasons"": [""nonstationary_solution""]}, {""start"": [0.8762, 0.2397], ""theta"": [0.9792902765998498, 0.05478122715171371], ""objective"": 11.76271456579273, ""success"": true, ""message"": ""`ftol` termination condition is satisfied."", ""evaluations"": 16, ""inference_unavailable_reasons"": [""nonstationary_solution""]}]",ed58e8cd0809e42bbe6b7b945166996d55e3a027fa99e47a7c8a9768daf0d7bc
296,baseline_fitted,296,14575602524045718985,0.98,0.010000000000000009,boundary,False,,135.0506642831425,0.9778089347555831,0.010000000000430331,True,False,True,False,True,2,,4,True,"[{""start"": [0.5, 0.1], ""theta"": [0.9778088891588352, 0.010000000008505303], ""objective"": 135.0506643004777, ""success"": true, ""message"": ""`ftol` termination condition is satisfied."", ""evaluations"": 24, ""inference_unavailable_reasons"": [""parameter_on_boundary""]}, {""start"": [0.75, 0.4], ""theta"": [0.9778088567716797, 0.010000001496623612], ""objective"": 135.05066758856958, ""success"": true, ""message"": ""`xtol` termination condition is satisfied."", ""evaluations"": 18, ""inference_unavailable_reasons"": [""parameter_on_boundary""]}, {""start"": [0.95, 0.7], ""theta"": [0.9778089347555831, 0.010000000000430331], ""objective"": 135.0506642831425, ""success"": true, ""message"": ""`ftol` termination condition is satisfied."", ""evaluations"": 26, ""inference_unavailable_reasons"": [""parameter_on_boundary""]}, {""start"": [0.8762, 0.2397], ""theta"": [0.9778089336928922, 0.010000000001667675], ""objective"": 135.05066428587895, ""success"": true, ""message"": ""`ftol` termination condition is satisfied."", ""evaluations"": 24, ""inference_unavailable_reasons"": [""parameter_on_boundary""]}]",ed7c6fdbab6dfd2a3ee31d5b621d513d32043965292adb0d90cebdc2a751a2da
297,baseline_fitted,297,14237036349641104823,0.98,0.010000000000000009,boundary,False,,21.514739614282647,0.9675122288098511,0.010000000000000064,True,False,True,False,True,2,,4,True,"[{""start"": [0.5, 0.1], ""theta"": [0.9675106808094268, 0.010000000000000009], ""objective"": 21.51473966756132, ""success"": true, ""message"": ""`ftol` termination condition is satisfied."", ""evaluations"": 20, ""inference_unavailable_reasons"": [""parameter_on_boundary""]}, {""start"": [0.75, 0.4], ""theta"": [0.9675122288098511, 0.010000000000000064], ""objective"": 21.514739614282647, ""success"": true, ""message"": ""`ftol` termination condition is satisfied."", ""evaluations"": 21, ""inference_unavailable_reasons"": [""parameter_on_boundary""]}, {""start"": [0.95, 0.7], ""theta"": [0.9675116676841257, 0.01000000000000012], ""objective"": 21.514739626546913, ""success"": true, ""message"": ""`ftol` termination condition is satisfied."", ""evaluations"": 25, ""inference_unavailable_reasons"": [""parameter_on_boundary""]}, {""start"": [0.8762, 0.2397], ""theta"": [0.9675110824289803, 0.010000000000000037], ""objective"": 21.51473964794061, ""success"": true, ""message"": ""`ftol` termination condition is satisfied."", ""evaluations"": 19, ""inference_unavailable_reasons"": [""parameter_on_boundary""]}]",b26b5524b714a72275e0e64e901c790dec43ad44dff32681ca63e1e754e35aa3
298,baseline_fitted,298,9573211549295372675,0.98,0.010000000000000009,boundary,False,,39.21853264941538,0.98,0.010000000000000064,True,False,True,True,True,2,,4,True,"[{""start"": [0.5, 0.1], ""theta"": [0.9799999999999999, 0.010000000000000023], ""objective"": 39.218532649418194, ""success"": true, ""message"": ""`gtol` termination condition is satisfied."", ""evaluations"": 11, ""inference_unavailable_reasons"": [""parameter_on_boundary""]}, {""start"": [0.75, 0.4], ""theta"": [0.98, 0.010000000000000064], ""objective"": 39.21853264941538, ""success"": true, ""message"": ""`gtol` termination condition is satisfied."", ""evaluations"": 10, ""inference_unavailable_reasons"": [""parameter_on_boundary""]}, {""start"": [0.95, 0.7], ""theta"": [0.9799999999999779, 0.01000000000000012], ""objective"": 39.21853264945904, ""success"": true, ""message"": ""`gtol` termination condition is satisfied."", ""evaluations"": 15, ""inference_unavailable_reasons"": [""parameter_on_boundary""]}, {""start"": [0.8762, 0.2397], ""theta"": [0.98, 0.010000000000000064], ""objective"": 39.21853264941538, ""success"": true, ""message"": ""`gtol` termination condition is satisfied."", ""evaluations"": 10, ""inference_unavailable_reasons"": [""parameter_on_boundary""]}]",8582fc278a4faf5107e972b82ff3f480f8405ba6a831ab0f6945fbd76a43ea8d
299,baseline_fitted,299,9680482889092844012,0.98,0.010000000000000009,boundary,False,,8.504528265424508,0.9799999999996395,0.01000000000000012,True,False,True,True,True,2,,4,True,"[{""start"": [0.5, 0.1], ""theta"": [0.9799999999999999, 0.010000000000000703], ""objective"": 8.504528265431, ""success"": true, ""message"": ""`gtol` termination condition is satisfied."", ""evaluations"": 14, ""inference_unavailable_reasons"": [""parameter_on_boundary""]}, {""start"": [0.75, 0.4], ""theta"": [0.9799999999999985, 0.01000000000243384], ""objective"": 8.504528265445078, ""success"": true, ""message"": ""`gtol` termination condition is satisfied."", ""evaluations"": 12, ""inference_unavailable_reasons"": [""parameter_on_boundary""]}, {""start"": [0.95, 0.7], ""theta"": [0.9799999999996395, 0.01000000000000012], ""objective"": 8.504528265424508, ""success"": true, ""message"": ""`gtol` termination condition is satisfied."", ""evaluations"": 19, ""inference_unavailable_reasons"": [""parameter_on_boundary""]}, {""start"": [0.8762, 0.2397], ""theta"": [0.979999999999996, 0.010000000000000092], ""objective"": 8.504528265427052, ""success"": true, ""message"": ""`gtol` termination condition is satisfied."", ""evaluations"": 13, ""inference_unavailable_reasons"": [""parameter_on_boundary""]}]",b974aef7fa57e921cb9b904799fec64d07fc80e3cb240e87a5e2f5450b7d4cce
300,baseline_fitted,300,1344754490706078714,0.98,0.010000000000000009,boundary,False,,11.16872091939064,0.9792069660878681,0.010000000000000453,True,False,True,False,True,2,,4,True,"[{""start"": [0.5, 0.1], ""theta"": [0.9792071906069701, 0.010000000138468204], ""objective"": 11.16872094024756, ""success"": true, ""message"": ""`ftol` termination condition is satisfied."", ""evaluations"": 19, ""inference_unavailable_reasons"": [""parameter_on_boundary""]}, {""start"": [0.75, 0.4], ""theta"": [0.9792069660878681, 0.010000000000000453], ""objective"": 11.16872091939064, ""success"": true, ""message"": ""`ftol` termination condition is satisfied."", ""evaluations"": 21, ""inference_unavailable_reasons"": [""parameter_on_boundary""]}, {""start"": [0.95, 0.7], ""theta"": [0.9792075785736284, 0.01000000000000012], ""objective"": 11.168720919787223, ""success"": true, ""message"": ""`ftol` termination condition is satisfied."", ""evaluations"": 32, ""inference_unavailable_reasons"": [""parameter_on_boundary""]}, {""start"": [0.8762, 0.2397], ""theta"": [0.9792070759730446, 0.01000000004833801], ""objective"": 11.16872092638301, ""success"": true, ""message"": ""`ftol` termination condition is satisfied."", ""evaluations"": 19, ""inference_unavailable_reasons"": [""parameter_on_boundary""]}]",0c15242a636b23827965079c442946fc50c6d67471eacf66974dc9adfad58f3e
301,baseline_fitted,301,2359484532265746815,0.98,0.010000000000000009,boundary,False,,10.11081910150812,0.9799999999999799,0.010000000000000009,True,False,True,True,True,2,,4,True,"[{""start"": [0.5, 0.1], ""theta"": [0.9799999999999799, 0.010000000000000009], ""objective"": 10.11081910150812, ""success"": true, ""message"": ""`gtol` termination condition is satisfied."", ""evaluations"": 12, ""inference_unavailable_reasons"": [""parameter_on_boundary""]}, {""start"": [0.75, 0.4], ""theta"": [0.9799999999999858, 0.010000000000000064], ""objective"": 10.11081910151146, ""success"": true, ""message"": ""`gtol` termination condition is satisfied."", ""evaluations"": 11, ""inference_unavailable_reasons"": [""parameter_on_boundary""]}, {""start"": [0.95, 0.7], ""theta"": [0.9799999999999843, 0.01000000000000012], ""objective"": 10.110819101514732, ""success"": true, ""message"": ""`gtol` termination condition is satisfied."", ""evaluations"": 17, ""inference_unavailable_reasons"": [""parameter_on_boundary""]}, {""start"": [0.8762, 0.2397], ""theta"": [0.9799999999994206, 0.010000000000000037], ""objective"": 10.110819101509131, ""success"": true, ""message"": ""`gtol` termination condition is satisfied."", ""evaluations"": 10, ""inference_unavailable_reasons"": [""parameter_on_boundary""]}]",4b8104b3a893e2e7a5ea77edeaee34a076fa9818b288aa9c7871b67997a038bb
302,baseline_fitted,302,12073850521770713961,0.98,0.010000000000000009,regular,False,,37.61398444971197,0.9704127190847776,0.021685162357913068,True,True,False,False,False,2,3.587580833057045e-06,4,True,"[{""start"": [0.5, 0.1], ""theta"": [0.9704125427973409, 0.021685323019974], ""objective"": 37.613984449952426, ""success"": true, ""message"": ""`ftol` termination condition is satisfied."", ""evaluations"": 15, ""inference_unavailable_reasons"": []}, {""start"": [0.75, 0.4], ""theta"": [0.9704123614737479, 0.021685488300076772], ""objective"": 37.6139844503905, ""success"": true, ""message"": ""`ftol` termination condition is satisfied."", ""evaluations"": 13, ""inference_unavailable_reasons"": []}, {""start"": [0.95, 0.7], ""theta"": [0.9704127190847776, 0.021685162357913068], ""objective"": 37.61398444971197, ""success"": true, ""message"": ""`ftol` termination condition is satisfied."", ""evaluations"": 20, ""inference_unavailable_reasons"": []}, {""start"": [0.8762, 0.2397], ""theta"": [0.9704126252215401, 0.021685247865542212], ""objective"": 37.61398444980653, ""success"": true, ""message"": ""`ftol` termination condition is satisfied."", ""evaluations"": 13, ""inference_unavailable_reasons"": []}]",df7dade4cf87bc1a2fa3791840067b36e91e3901c6f0f9de604f6d1b5e587c5f
303,baseline_fitted,303,4866378167096929787,0.98,0.010000000000000009,boundary,False,,97.36948229822323,0.9659626164810264,0.010000000000086828,True,False,True,False,True,2,,4,True,"[{""start"": [0.5, 0.1], ""theta"": [0.9659626164810264, 0.010000000000086828], ""objective"": 97.36948229822323, ""success"": true, ""message"": ""`ftol` termination condition is satisfied."", ""evaluations"": 30, ""inference_unavailable_reasons"": [""parameter_on_boundary""]}, {""start"": [0.75, 0.4], ""theta"": [0.9659626213355592, 0.010000000000000064], ""objective"": 97.36948229822494, ""success"": true, ""message"": ""`ftol` termination condition is satisfied."", ""evaluations"": 15, ""inference_unavailable_reasons"": [""parameter_on_boundary""]}, {""start"": [0.95, 0.7], ""theta"": [0.9659626725609886, 0.010000000000267462], ""objective"": 97.36948229824723, ""success"": true, ""message"": ""`ftol` termination condition is satisfied."", ""evaluations"": 21, ""inference_unavailable_reasons"": [""parameter_on_boundary""]}, {""start"": [0.8762, 0.2397], ""theta"": [0.9659625119816811, 0.010000000017751948], ""objective"": 97.36948230591932, ""success"": true, ""message"": ""`ftol` termination condition is satisfied."", ""evaluations"": 23, ""inference_unavailable_reasons"": [""parameter_on_boundary""]}]",8d0fd0424817db43c01a0a30160ea956bf968e117b71a6207f5bb8ee93f21eab
304,baseline_fitted,304,6040085627886986249,0.98,0.010000000000000009,boundary,False,,15.166700333533035,0.8936860042185485,0.01000000000000012,True,False,True,False,True,2,,4,True,"[{""start"": [0.5, 0.1], ""theta"": [0.8936860040516946, 0.010000000000000009], ""objective"": 15.166700333539065, ""success"": true, ""message"": ""`ftol` termination condition is satisfied."", ""evaluations"": 11, ""inference_unavailable_reasons"": [""parameter_on_boundary""]}, {""start"": [0.75, 0.4], ""theta"": [0.8936859997372757, 0.010000000000000453], ""objective"": 15.166700333542737, ""success"": true, ""message"": ""`ftol` termination condition is satisfied."", ""evaluations"": 9, ""inference_unavailable_reasons"": [""parameter_on_boundary""]}, {""start"": [0.95, 0.7], ""theta"": [0.8936860042185485, 0.01000000000000012], ""objective"": 15.166700333533035, ""success"": true, ""message"": ""`ftol` termination condition is satisfied."", ""evaluations"": 16, ""inference_unavailable_reasons"": [""parameter_on_boundary""]}, {""start"": [0.8762, 0.2397], ""theta"": [0.8936859968566917, 0.010000000000003617], ""objective"": 15.166700333537923, ""success"": true, ""message"": ""`ftol` termination condition is satisfied."", ""evaluations"": 9, ""inference_unavailable_reasons"": [""parameter_on_boundary""]}]",c632520cc717e0f3e0095bbcd97fc069f9e25a1a2b61be8066f355d39ff484a6
305,baseline_fitted,305,3359147329841544973,0.98,0.010000000000000009,boundary,False,,18.067545622081404,0.9701156690227968,0.010000000000000064,True,False,True,False,True,2,,4,True,"[{""start"": [0.5, 0.1], ""theta"": [0.970115140732073, 0.010000000000000009], ""objective"": 18.067545622113727, ""success"": true, ""message"": ""`ftol` termination condition is satisfied."", ""evaluations"": 15, ""inference_unavailable_reasons"": [""parameter_on_boundary""]}, {""start"": [0.75, 0.4], ""theta"": [0.9701157981791381, 0.010000000000000064], ""objective"": 18.067545623024706, ""success"": true, ""message"": ""`ftol` termination condition is satisfied."", ""evaluations"": 13, ""inference_unavailable_reasons"": [""parameter_on_boundary""]}, {""start"": [0.95, 0.7], ""theta"": [0.9701150172813503, 0.010000000000000009], ""objective"": 18.067545623016763, ""success"": true, ""message"": ""`ftol` termination condition is satisfied."", ""evaluations"": 20, ""inference_unavailable_reasons"": [""parameter_on_boundary""]}, {""start"": [0.8762, 0.2397], ""theta"": [0.9701156690227968, 0.010000000000000064], ""objective"": 18.067545622081404, ""success"": true, ""message"": ""`ftol` termination condition is satisfied."", ""evaluations"": 14, ""inference_unavailable_reasons"": [""parameter_on_boundary""]}]",306c60b35175e992aee41d3257e368a9e0da1df6b89c857796c7ab25604dddd4
306,baseline_fitted,306,3576594233677161748,0.98,0.010000000000000009,regular,False,,4.859762423114912,0.9150533915326752,0.12387487447145817,True,True,False,False,False,2,0.6770723487868975,4,True,"[{""start"": [0.5, 0.1], ""theta"": [0.9150532846614421, 0.12387507950027898], ""objective"": 4.859762423150995, ""success"": true, ""message"": ""`ftol` termination condition is satisfied."", ""evaluations"": 13, ""inference_unavailable_reasons"": []}, {""start"": [0.75, 0.4], ""theta"": [0.9150533915326752, 0.12387487447145817], ""objective"": 4.859762423114912, ""success"": true, ""message"": ""`ftol` termination condition is satisfied."", ""evaluations"": 12, ""inference_unavailable_reasons"": []}, {""start"": [0.95, 0.7], ""theta"": [0.9150533481074328, 0.12387495773646784], ""objective"": 4.85976242312517, ""success"": true, ""message"": ""`ftol` termination condition is satisfied."", ""evaluations"": 17, ""inference_unavailable_reasons"": []}, {""start"": [0.8762, 0.2397], ""theta"": [0.9150533160472121, 0.12387501927930816], ""objective"": 4.859762423135317, ""success"": true, ""message"": ""`ftol` termination condition is satisfied."", ""evaluations"": 10, ""inference_unavailable_reasons"": []}]",3a6f90f032debf1baaf66f9f4e95c840d8bc8dff63fae80a2aa672a4ccac0695
307,baseline_fitted,307,6086743607908395346,0.98,0.010000000000000009,boundary,False,,80.03334394912386,0.98,0.01000000000000012,True,False,True,True,True,2,,4,True,"[{""start"": [0.5, 0.1], ""theta"": [0.9799999999989197, 0.010000000000015746], ""objective"": 80.03334395057608, ""success"": true, ""message"": ""`gtol` termination condition is satisfied."", ""evaluations"": 9, ""inference_unavailable_reasons"": [""parameter_on_boundary""]}, {""start"": [0.75, 0.4], ""theta"": [0.98, 0.01000000000000012], ""objective"": 80.03334394912386, ""success"": true, ""message"": ""`gtol` termination condition is satisfied."", ""evaluations"": 9, ""inference_unavailable_reasons"": [""parameter_on_boundary""]}, {""start"": [0.95, 0.7], ""theta"": [0.9799999999998813, 0.01000000000000012], ""objective"": 80.03334394937355, ""success"": true, ""message"": ""`gtol` termination condition is satisfied."", ""evaluations"": 14, ""inference_unavailable_reasons"": [""parameter_on_boundary""]}, {""start"": [0.8762, 0.2397], ""theta"": [0.9799999999999869, 0.010000000000000175], ""objective"": 80.0333439493167, ""success"": true, ""message"": ""`gtol` termination condition is satisfied."", ""evaluations"": 9, ""inference_unavailable_reasons"": [""parameter_on_boundary""]}]",0ede250bac9c852f20dd719743fd838070d469f8b6a5a80b118cedd9ded3fe6e
308,baseline_fitted,308,18353480194956254725,0.98,0.010000000000000009,boundary,False,,41.33980205409928,0.98,0.010000000000000023,True,False,True,True,True,2,,4,True,"[{""start"": [0.5, 0.1], ""theta"": [0.98, 0.010000000000000023], ""objective"": 41.33980205409928, ""success"": true, ""message"": ""`gtol` termination condition is satisfied."", ""evaluations"": 10, ""inference_unavailable_reasons"": [""parameter_on_boundary""]}, {""start"": [0.75, 0.4], ""theta"": [0.98, 0.010000000000000064], ""objective"": 41.33980205409928, ""success"": true, ""message"": ""`gtol` termination condition is satisfied."", ""evaluations"": 10, ""inference_unavailable_reasons"": [""parameter_on_boundary""]}, {""start"": [0.95, 0.7], ""theta"": [0.98, 0.01000000000000012], ""objective"": 41.33980205409928, ""success"": true, ""message"": ""`gtol` termination condition is satisfied."", ""evaluations"": 15, ""inference_unavailable_reasons"": [""parameter_on_boundary""]}, {""start"": [0.8762, 0.2397], ""theta"": [0.9799999999999991, 0.010000000000000037], ""objective"": 41.33980205421986, ""success"": true, ""message"": ""`gtol` termination condition is satisfied."", ""evaluations"": 9, ""inference_unavailable_reasons"": [""parameter_on_boundary""]}]",0445b024f3455b2faa024286cb9ca38fdd88a1afcee85ceb04f2726ef18a2ad0
309,baseline_fitted,309,1944883003955115843,0.98,0.010000000000000009,boundary,False,,4.335589473896167,0.977575483123245,0.010000000000000231,True,False,True,False,True,2,,4,True,"[{""start"": [0.5, 0.1], ""theta"": [0.9775755974242567, 0.010000000024301944], ""objective"": 4.3355894779615465, ""success"": true, ""message"": ""`ftol` termination condition is satisfied."", ""evaluations"": 25, ""inference_unavailable_reasons"": [""parameter_on_boundary""]}, {""start"": [0.75, 0.4], ""theta"": [0.9775755634829816, 0.010000000002149845], ""objective"": 4.335589474286191, ""success"": true, ""message"": ""`ftol` termination condition is satisfied."", ""evaluations"": 23, ""inference_unavailable_reasons"": [""parameter_on_boundary""]}, {""start"": [0.95, 0.7], ""theta"": [0.977575483123245, 0.010000000000000231], ""objective"": 4.335589473896167, ""success"": true, ""message"": ""`ftol` termination condition is satisfied."", ""evaluations"": 30, ""inference_unavailable_reasons"": [""parameter_on_boundary""]}, {""start"": [0.8762, 0.2397], ""theta"": [0.977575509584282, 0.010000000037990286], ""objective"": 4.33558948008883, ""success"": true, ""message"": ""`ftol` termination condition is satisfied."", ""evaluations"": 20, ""inference_unavailable_reasons"": [""parameter_on_boundary""]}]",c174787bba9fe711d99cf99d722f199505b15507f2839fcd3934b78ef94e4faf
310,baseline_fitted,310,17498640010526523128,0.98,0.010000000000000009,boundary,False,,17.596958337226795,0.9799999999999999,0.010000000000000009,True,False,True,True,True,2,,4,True,"[{""start"": [0.5, 0.1], ""theta"": [0.9799999999999999, 0.010000000000000009], ""objective"": 17.596958337226795, ""success"": true, ""message"": ""`gtol` termination condition is satisfied."", ""evaluations"": 13, ""inference_unavailable_reasons"": [""parameter_on_boundary""]}, {""start"": [0.75, 0.4], ""theta"": [0.98, 0.010000000000000064], ""objective"": 17.596958337227242, ""success"": true, ""message"": ""`gtol` termination condition is satisfied."", ""evaluations"": 12, ""inference_unavailable_reasons"": [""parameter_on_boundary""]}, {""start"": [0.95, 0.7], ""theta"": [0.9799999999999979, 0.01000000000000012], ""objective"": 17.59695833723582, ""success"": true, ""message"": ""`gtol` termination condition is satisfied."", ""evaluations"": 18, ""inference_unavailable_reasons"": [""parameter_on_boundary""]}, {""start"": [0.8762, 0.2397], ""theta"": [0.9799999999999839, 0.010000000000000064], ""objective"": 17.59695833724383, ""success"": true, ""message"": ""`gtol` termination condition is satisfied."", ""evaluations"": 11, ""inference_unavailable_reasons"": [""parameter_on_boundary""]}]",1548ae387db595a1035064037275b4e8c06faf56e294af9a92dbb79c87edd4f8
311,baseline_fitted,311,13605233108838061634,0.98,0.010000000000000009,regular,False,,4.0745700481566445,0.9724577597281073,0.016240112528142392,True,True,False,False,False,2,0.7711494618384668,4,True,"[{""start"": [0.5, 0.1], ""theta"": [0.9724578192999358, 0.016240051212975976], ""objective"": 4.074570048170919, ""success"": true, ""message"": ""`ftol` termination condition is satisfied."", ""evaluations"": 12, ""inference_unavailable_reasons"": []}, {""start"": [0.75, 0.4], ""theta"": [0.9724576973011854, 0.01624017677332118], ""objective"": 4.074570048174367, ""success"": true, ""message"": ""`ftol` termination condition is satisfied."", ""evaluations"": 11, ""inference_unavailable_reasons"": []}, {""start"": [0.95, 0.7], ""theta"": [0.9724577952661221, 0.016240075942097087], ""objective"": 4.074570048157717, ""success"": true, ""message"": ""`ftol` termination condition is satisfied."", ""evaluations"": 17, ""inference_unavailable_reasons"": []}, {""start"": [0.8762, 0.2397], ""theta"": [0.9724577597281073, 0.016240112528142392], ""objective"": 4.0745700481566445, ""success"": true, ""message"": ""`ftol` termination condition is satisfied."", ""evaluations"": 11, ""inference_unavailable_reasons"": []}]",753bdd8440dfca5b411e3f3a798ef32bf2ba7681f1f8f2c0ef2e4b300c218203
312,baseline_fitted,312,10915521911084804662,0.98,0.010000000000000009,boundary,False,,12.308680774168138,0.98,0.010000000000000064,True,False,True,True,True,2,,4,True,"[{""start"": [0.5, 0.1], ""theta"": [0.979999999999999, 0.010000000000022269], ""objective"": 12.308680774235517, ""success"": true, ""message"": ""`gtol` termination condition is satisfied."", ""evaluations"": 10, ""inference_unavailable_reasons"": [""parameter_on_boundary""]}, {""start"": [0.75, 0.4], ""theta"": [0.98, 0.010000000000000064], ""objective"": 12.308680774168138, ""success"": true, ""message"": ""`gtol` termination condition is satisfied."", ""evaluations"": 10, ""inference_unavailable_reasons"": [""parameter_on_boundary""]}, {""start"": [0.95, 0.7], ""theta"": [0.98, 0.010000000000000009], ""objective"": 12.308680774168138, ""success"": true, ""message"": ""`gtol` termination condition is satisfied."", ""evaluations"": 15, ""inference_unavailable_reasons"": [""parameter_on_boundary""]}, {""start"": [0.8762, 0.2397], ""theta"": [0.98, 0.010000000000000064], ""objective"": 12.308680774168138, ""success"": true, ""message"": ""`gtol` termination condition is satisfied."", ""evaluations"": 9, ""inference_unavailable_reasons"": [""parameter_on_boundary""]}]",82184a0266e769a686a50153b1e313a2104565d04a1377ced8c0bdcc0e985d81
313,baseline_fitted,313,17685263940623261846,0.98,0.010000000000000009,boundary,False,,33.47691920757889,0.9799999999999952,0.02789487312144845,True,False,True,True,False,2,,4,True,"[{""start"": [0.5, 0.1], ""theta"": [0.9799999999999999, 0.027894872896198422], ""objective"": 33.47691920759493, ""success"": true, ""message"": ""`ftol` termination condition is satisfied."", ""evaluations"": 13, ""inference_unavailable_reasons"": [""parameter_on_boundary""]}, {""start"": [0.75, 0.4], ""theta"": [0.98, 0.027894872887969047], ""objective"": 33.47691920759511, ""success"": true, ""message"": ""Both `ftol` and `xtol` termination conditions are satisfied."", ""evaluations"": 12, ""inference_unavailable_reasons"": [""parameter_on_boundary""]}, {""start"": [0.95, 0.7], ""theta"": [0.9799999999999952, 0.02789487312144845], ""objective"": 33.47691920757889, ""success"": true, ""message"": ""`ftol` termination condition is satisfied."", ""evaluations"": 16, ""inference_unavailable_reasons"": [""parameter_on_boundary""]}, {""start"": [0.8762, 0.2397], ""theta"": [0.98, 0.027894872870104198], ""objective"": 33.47691920759455, ""success"": true, ""message"": ""`ftol` termination condition is satisfied."", ""evaluations"": 10, ""inference_unavailable_reasons"": [""parameter_on_boundary""]}]",91e4f1fb7876ddb83cf43c00a492247084df53e6983cc7649a8b3a3a734846ec
314,baseline_fitted,314,6493479955558632655,0.98,0.010000000000000009,boundary,False,,13.491455508361797,0.9799999999999998,0.015333655639230032,True,False,True,True,False,2,,4,True,"[{""start"": [0.5, 0.1], ""theta"": [0.98, 0.015333655496938409], ""objective"": 13.491455508364146, ""success"": true, ""message"": ""`ftol` termination condition is satisfied."", ""evaluations"": 13, ""inference_unavailable_reasons"": [""parameter_on_boundary""]}, {""start"": [0.75, 0.4], ""theta"": [0.98, 0.015333655433533155], ""objective"": 13.49145550836642, ""success"": true, ""message"": ""`gtol` termination condition is satisfied."", ""evaluations"": 12, ""inference_unavailable_reasons"": [""parameter_on_boundary""]}, {""start"": [0.95, 0.7], ""theta"": [0.98, 0.015333655488411702], ""objective"": 13.49145550836538, ""success"": true, ""message"": ""`ftol` termination condition is satisfied."", ""evaluations"": 17, ""inference_unavailable_reasons"": [""parameter_on_boundary""]}, {""start"": [0.8762, 0.2397], ""theta"": [0.9799999999999998, 0.015333655639230032], ""objective"": 13.491455508361797, ""success"": true, ""message"": ""`ftol` termination condition is satisfied."", ""evaluations"": 10, ""inference_unavailable_reasons"": [""parameter_on_boundary""]}]",2e6700e157463475003e4f4cd25327fda89a23f108f3e11ca2500d2d41257c5c
315,baseline_fitted,315,8870598018872913379,0.98,0.010000000000000009,boundary,False,,1.3745790527996655,0.9799999999999999,0.023309628433115903,True,False,True,True,False,2,,4,True,"[{""start"": [0.5, 0.1], ""theta"": [0.98, 0.023309628074878505], ""objective"": 1.374579052800717, ""success"": true, ""message"": ""`gtol` termination condition is satisfied."", ""evaluations"": 12, ""inference_unavailable_reasons"": [""parameter_on_boundary""]}, {""start"": [0.75, 0.4], ""theta"": [0.9799999999999999, 0.023309628433115903], ""objective"": 1.3745790527996655, ""success"": true, ""message"": ""Both `ftol` and `xtol` termination conditions are satisfied."", ""evaluations"": 12, ""inference_unavailable_reasons"": [""parameter_on_boundary""]}, {""start"": [0.95, 0.7], ""theta"": [0.9799999999999999, 0.023309628247785374], ""objective"": 1.3745790527998965, ""success"": true, ""message"": ""`ftol` termination condition is satisfied."", ""evaluations"": 17, ""inference_unavailable_reasons"": [""parameter_on_boundary""]}, {""start"": [0.8762, 0.2397], ""theta"": [0.98, 0.02330962806713399], ""objective"": 1.3745790528009274, ""success"": true, ""message"": ""`gtol` termination condition is satisfied."", ""evaluations"": 9, ""inference_unavailable_reasons"": [""parameter_on_boundary""]}]",1012e2f6d27c45897134d833cb7cbda3a96b8078645a696cc109ae895feffe78
316,baseline_fitted,316,13019689640310983608,0.98,0.010000000000000009,boundary,False,,4.450910746140582,0.9555167491099474,0.010000000000007878,True,False,True,False,True,2,,4,True,"[{""start"": [0.5, 0.1], ""theta"": [0.9555167491099474, 0.010000000000007878], ""objective"": 4.450910746140582, ""success"": true, ""message"": ""`ftol` termination condition is satisfied."", ""evaluations"": 12, ""inference_unavailable_reasons"": [""parameter_on_boundary""]}, {""start"": [0.75, 0.4], ""theta"": [0.9555167749797586, 0.010000000000000064], ""objective"": 4.450910746140897, ""success"": true, ""message"": ""`xtol` termination condition is satisfied."", ""evaluations"": 14, ""inference_unavailable_reasons"": [""parameter_on_boundary""]}, {""start"": [0.95, 0.7], ""theta"": [0.9555167572157685, 0.01000000000000012], ""objective"": 4.450910746141093, ""success"": true, ""message"": ""`ftol` termination condition is satisfied."", ""evaluations"": 17, ""inference_unavailable_reasons"": [""parameter_on_boundary""]}, {""start"": [0.8762, 0.2397], ""theta"": [0.955516753554866, 0.01000000000000037], ""objective"": 4.450910746141897, ""success"": true, ""message"": ""`ftol` termination condition is satisfied."", ""evaluations"": 10, ""inference_unavailable_reasons"": [""parameter_on_boundary""]}]",f864f4abbdccbd07fe118f32463f5c010df26d8161b8fbc2ccc69e9e5be87301
317,baseline_fitted,317,6839259788554357453,0.98,0.010000000000000009,boundary,False,,27.018230689002948,0.98,0.01000000000000012,True,False,True,True,True,2,,4,True,"[{""start"": [0.5, 0.1], ""theta"": [0.9799999999958691, 0.0100000000000003], ""objective"": 27.01823068996665, ""success"": true, ""message"": ""`gtol` termination condition is satisfied."", ""evaluations"": 11, ""inference_unavailable_reasons"": [""parameter_on_boundary""]}, {""start"": [0.75, 0.4], ""theta"": [0.98, 0.01000000000000012], ""objective"": 27.018230689002948, ""success"": true, ""message"": ""`gtol` termination condition is satisfied."", ""evaluations"": 11, ""inference_unavailable_reasons"": [""parameter_on_boundary""]}, {""start"": [0.95, 0.7], ""theta"": [0.98, 0.010000000000000231], ""objective"": 27.018230689004756, ""success"": true, ""message"": ""`gtol` termination condition is satisfied."", ""evaluations"": 17, ""inference_unavailable_reasons"": [""parameter_on_boundary""]}, {""start"": [0.8762, 0.2397], ""theta"": [0.9799999999956882, 0.01000000000000048], ""objective"": 27.01823069001486, ""success"": true, ""message"": ""`gtol` termination condition is satisfied."", ""evaluations"": 10, ""inference_unavailable_reasons"": [""parameter_on_boundary""]}]",06782afdf6fd9b745091a0bd5fb7bc5de10a8d53260a136505c483c6fae4017b
318,baseline_fitted,318,13242140248741849385,0.98,0.010000000000000009,regular,False,,7.994114409758893,0.949598769374264,0.03580519144392327,True,True,False,False,False,2,0.33311317522187034,4,True,"[{""start"": [0.5, 0.1], ""theta"": [0.9495986858510785, 0.03580522372717934], ""objective"": 7.99411440978382, ""success"": true, ""message"": ""`ftol` termination condition is satisfied."", ""evaluations"": 12, ""inference_unavailable_reasons"": []}, {""start"": [0.75, 0.4], ""theta"": [0.949598661923924, 0.03580523297609195], ""objective"": 7.9941144097943955, ""success"": true, ""message"": ""`ftol` termination condition is satisfied."", ""evaluations"": 10, ""inference_unavailable_reasons"": []}, {""start"": [0.95, 0.7], ""theta"": [0.9495987621798683, 0.03580519421326078], ""objective"": 7.9941144097602, ""success"": true, ""message"": ""`ftol` termination condition is satisfied."", ""evaluations"": 17, ""inference_unavailable_reasons"": []}, {""start"": [0.8762, 0.2397], ""theta"": [0.949598769374264, 0.03580519144392327], ""objective"": 7.994114409758893, ""success"": true, ""message"": ""`ftol` termination condition is satisfied."", ""evaluations"": 10, ""inference_unavailable_reasons"": []}]",ebdd320ef1d119755e08524381fdc08b81a3bbc12deac752a9a2d2aa168937e3
319,baseline_fitted,319,13848842305706569682,0.98,0.010000000000000009,boundary,False,,8.555948925518974,0.9699631905942604,0.010000000000089382,True,False,True,False,True,2,,4,True,"[{""start"": [0.5, 0.1], ""theta"": [0.96996316969678, 0.010000000000000009], ""objective"": 8.55594892556718, ""success"": true, ""message"": ""`ftol` termination condition is satisfied."", ""evaluations"": 15, ""inference_unavailable_reasons"": [""parameter_on_boundary""]}, {""start"": [0.75, 0.4], ""theta"": [0.969963131617633, 0.010000000189664127], ""objective"": 8.555948952772331, ""success"": true, ""message"": ""`ftol` termination condition is satisfied."", ""evaluations"": 20, ""inference_unavailable_reasons"": [""parameter_on_boundary""]}, {""start"": [0.95, 0.7], ""theta"": [0.9699631905942604, 0.010000000000089382], ""objective"": 8.555948925518974, ""success"": true, ""message"": ""`ftol` termination condition is satisfied."", ""evaluations"": 29, ""inference_unavailable_reasons"": [""parameter_on_boundary""]}, {""start"": [0.8762, 0.2397], ""theta"": [0.9699633089431217, 0.010000000016763544], ""objective"": 8.555948927844533, ""success"": true, ""message"": ""`ftol` termination condition is satisfied."", ""evaluations"": 28, ""inference_unavailable_reasons"": [""parameter_on_boundary""]}]",4252a167c68742dd47a89c53288c1b46acf089f53359ae280696bbd90c75fd9a
320,baseline_fitted,320,11851610261094174415,0.98,0.010000000000000009,boundary,False,,38.497890322232806,0.9507101204464468,0.010000000000000064,True,False,True,False,True,2,,4,True,"[{""start"": [0.5, 0.1], ""theta"": [0.9507096641396783, 0.010000000000001008], ""objective"": 38.49789032353497, ""success"": true, ""message"": ""`ftol` termination condition is satisfied."", ""evaluations"": 11, ""inference_unavailable_reasons"": [""parameter_on_boundary""]}, {""start"": [0.75, 0.4], ""theta"": [0.9507111065027529, 0.01000000000000012], ""objective"": 38.497890324068244, ""success"": true, ""message"": ""`ftol` termination condition is satisfied."", ""evaluations"": 10, ""inference_unavailable_reasons"": [""parameter_on_boundary""]}, {""start"": [0.95, 0.7], ""theta"": [0.9507109827589962, 0.01000000000000012], ""objective"": 38.497890323488896, ""success"": true, ""message"": ""`ftol` termination condition is satisfied."", ""evaluations"": 15, ""inference_unavailable_reasons"": [""parameter_on_boundary""]}, {""start"": [0.8762, 0.2397], ""theta"": [0.9507101204464468, 0.010000000000000064], ""objective"": 38.497890322232806, ""success"": true, ""message"": ""`ftol` termination condition is satisfied."", ""evaluations"": 8, ""inference_unavailable_reasons"": [""parameter_on_boundary""]}]",ff8e58d850a5dae25d27461e5df1aae82849cee908e27ab1ec3ee7ce02531fee
321,baseline_fitted,321,10982154516948498355,0.98,0.010000000000000009,boundary,False,,10.448636062236211,0.9311363118807303,0.010000000000000009,True,False,True,False,True,2,,4,True,"[{""start"": [0.5, 0.1], ""theta"": [0.9311363118807303, 0.010000000000000009], ""objective"": 10.448636062236211, ""success"": true, ""message"": ""`ftol` termination condition is satisfied."", ""evaluations"": 10, ""inference_unavailable_reasons"": [""parameter_on_boundary""]}, {""start"": [0.75, 0.4], ""theta"": [0.931136315673073, 0.01000000000000012], ""objective"": 10.448636062241974, ""success"": true, ""message"": ""`ftol` termination condition is satisfied."", ""evaluations"": 10, ""inference_unavailable_reasons"": [""parameter_on_boundary""]}, {""start"": [0.95, 0.7], ""theta"": [0.9311362912890657, 0.01000000000000012], ""objective"": 10.44863606224511, ""success"": true, ""message"": ""`ftol` termination condition is satisfied."", ""evaluations"": 15, ""inference_unavailable_reasons"": [""parameter_on_boundary""]}, {""start"": [0.8762, 0.2397], ""theta"": [0.9311363123749427, 0.010000000000000037], ""objective"": 10.448636062252335, ""success"": true, ""message"": ""`ftol` termination condition is satisfied."", ""evaluations"": 10, ""inference_unavailable_reasons"": [""parameter_on_boundary""]}]",e1b2b6e13e77c5fb0866cd60f9582a40af2e0f02380691bf52623e57693e568f
322,baseline_fitted,322,7141814464742301539,0.98,0.010000000000000009,boundary,False,,6.938076846858886,0.98,0.010000000000000064,True,False,True,True,True,2,,4,True,"[{""start"": [0.5, 0.1], ""theta"": [0.9799999999994597, 0.010000000000000009], ""objective"": 6.938076846956365, ""success"": true, ""message"": ""`gtol` termination condition is satisfied."", ""evaluations"": 11, ""inference_unavailable_reasons"": [""parameter_on_boundary""]}, {""start"": [0.75, 0.4], ""theta"": [0.98, 0.010000000000000064], ""objective"": 6.938076846858886, ""success"": true, ""message"": ""`gtol` termination condition is satisfied."", ""evaluations"": 11, ""inference_unavailable_reasons"": [""parameter_on_boundary""]}, {""start"": [0.95, 0.7], ""theta"": [0.9799999999797566, 0.01000000000000234], ""objective"": 6.938076848827913, ""success"": true, ""message"": ""`gtol` termination condition is satisfied."", ""evaluations"": 16, ""inference_unavailable_reasons"": [""parameter_on_boundary""]}, {""start"": [0.8762, 0.2397], ""theta"": [0.9799999999999363, 0.010000000000000037], ""objective"": 6.93807684687428, ""success"": true, ""message"": ""`gtol` termination condition is satisfied."", ""evaluations"": 11, ""inference_unavailable_reasons"": [""parameter_on_boundary""]}]",1c1ce719cc4d9ed8166cd9028718a05b00010da9111f4a53c40429e45e85b006
323,baseline_fitted,323,5589594353922801131,0.98,0.010000000000000009,regular,False,,8.567646569551222,0.969980649378124,0.025346137898002497,True,True,False,False,False,2,0.28520454183369165,4,True,"[{""start"": [0.5, 0.1], ""theta"": [0.969980649378124, 0.025346137898002497], ""objective"": 8.567646569551222, ""success"": true, ""message"": ""`ftol` termination condition is satisfied."", ""evaluations"": 15, ""inference_unavailable_reasons"": []}, {""start"": [0.75, 0.4], ""theta"": [0.9699806445784404, 0.025346143508303998], ""objective"": 8.567646569558175, ""success"": true, ""message"": ""`ftol` termination condition is satisfied."", ""evaluations"": 13, ""inference_unavailable_reasons"": []}, {""start"": [0.95, 0.7], ""theta"": [0.9699806603097159, 0.025346125092601257], ""objective"": 8.567646569553165, ""success"": true, ""message"": ""`ftol` termination condition is satisfied."", ""evaluations"": 19, ""inference_unavailable_reasons"": []}, {""start"": [0.8762, 0.2397], ""theta"": [0.9699806289696773, 0.02534616177464133], ""objective"": 8.567646569569444, ""success"": true, ""message"": ""`ftol` termination condition is satisfied."", ""evaluations"": 12, ""inference_unavailable_reasons"": []}]",06cfb148f3fecd162b69d0b41333ac08b91c4d0ee16af36228e25f741599cd7e
324,baseline_fitted,324,15764165892612796720,0.98,0.010000000000000009,regular,False,,31.758291553039506,0.9720433335082618,0.01628782039906529,True,True,False,False,False,2,4.5027485151552905e-05,4,True,"[{""start"": [0.5, 0.1], ""theta"": [0.9720427140312827, 0.016288253701634364], ""objective"": 31.758291556668013, ""success"": true, ""message"": ""`ftol` termination condition is satisfied."", ""evaluations"": 18, ""inference_unavailable_reasons"": []}, {""start"": [0.75, 0.4], ""theta"": [0.9720430684400088, 0.016288005846545384], ""objective"": 31.758291554314326, ""success"": true, ""message"": ""`ftol` termination condition is satisfied."", ""evaluations"": 17, ""inference_unavailable_reasons"": []}, {""start"": [0.95, 0.7], ""theta"": [0.9720430191768645, 0.016288040224995748], ""objective"": 31.75829155461326, ""success"": true, ""message"": ""`ftol` termination condition is satisfied."", ""evaluations"": 23, ""inference_unavailable_reasons"": []}, {""start"": [0.8762, 0.2397], ""theta"": [0.9720433335082618, 0.01628782039906529], ""objective"": 31.758291553039506, ""success"": true, ""message"": ""`ftol` termination condition is satisfied."", ""evaluations"": 17, ""inference_unavailable_reasons"": []}]",09970ca97004a3b71a960437e97660af744ac1ce7170b7e10b2fe82d87185239
325,baseline_fitted,325,9895696771838536048,0.98,0.010000000000000009,boundary,False,,16.626786754107634,0.98,0.010000000000000037,True,False,True,True,True,2,,4,True,"[{""start"": [0.5, 0.1], ""theta"": [0.9799999999943044, 0.010000000000000009], ""objective"": 16.626786754474125, ""success"": true, ""message"": ""`gtol` termination condition is satisfied."", ""evaluations"": 13, ""inference_unavailable_reasons"": [""parameter_on_boundary""]}, {""start"": [0.75, 0.4], ""theta"": [0.9799999999823611, 0.010000000000000064], ""objective"": 16.626786755142184, ""success"": true, ""message"": ""`gtol` termination condition is satisfied."", ""evaluations"": 12, ""inference_unavailable_reasons"": [""parameter_on_boundary""]}, {""start"": [0.95, 0.7], ""theta"": [0.979999999999421, 0.010000000000000231], ""objective"": 16.626786754191585, ""success"": true, ""message"": ""`gtol` termination condition is satisfied."", ""evaluations"": 18, ""inference_unavailable_reasons"": [""parameter_on_boundary""]}, {""start"": [0.8762, 0.2397], ""theta"": [0.98, 0.010000000000000037], ""objective"": 16.626786754107634, ""success"": true, ""message"": ""`gtol` termination condition is satisfied."", ""evaluations"": 13, ""inference_unavailable_reasons"": [""parameter_on_boundary""]}]",82f9eb585f9025a36f0279f9ee122ac3d9db82e5398bf4235364658ffbf5fd0e
326,baseline_fitted,326,6615779636654634930,0.98,0.010000000000000009,boundary,False,,18.801931655330094,0.9796523014177208,0.01000000000000699,True,False,True,False,True,2,,4,True,"[{""start"": [0.5, 0.1], ""theta"": [0.9796523014177208, 0.01000000000000699], ""objective"": 18.801931655330094, ""success"": true, ""message"": ""`ftol` termination condition is satisfied."", ""evaluations"": 18, ""inference_unavailable_reasons"": [""parameter_on_boundary""]}, {""start"": [0.75, 0.4], ""theta"": [0.9796522795106255, 0.010000000000714993], ""objective"": 18.801931655722676, ""success"": true, ""message"": ""`ftol` termination condition is satisfied."", ""evaluations"": 16, ""inference_unavailable_reasons"": [""parameter_on_boundary""]}, {""start"": [0.95, 0.7], ""theta"": [0.9796522073224496, 0.010000000000003006], ""objective"": 18.80193165557751, ""success"": true, ""message"": ""`ftol` termination condition is satisfied."", ""evaluations"": 23, ""inference_unavailable_reasons"": [""parameter_on_boundary""]}, {""start"": [0.8762, 0.2397], ""theta"": [0.9796523013472864, 0.010000000000002895], ""objective"": 18.801931655379086, ""success"": true, ""message"": ""`ftol` termination condition is satisfied."", ""evaluations"": 18, ""inference_unavailable_reasons"": [""parameter_on_boundary""]}]",70abc8cbab5532c798afab49786c93d6b0509e9c70ad87a34473add85270892b
327,baseline_fitted,327,16360229408105768328,0.98,0.010000000000000009,boundary,False,,33.6833354490477,0.98,0.01000000000000012,True,False,True,True,True,2,,4,True,"[{""start"": [0.5, 0.1], ""theta"": [0.98, 0.010000000000005324], ""objective"": 33.683335449047874, ""success"": true, ""message"": ""`gtol` termination condition is satisfied."", ""evaluations"": 12, ""inference_unavailable_reasons"": [""parameter_on_boundary""]}, {""start"": [0.75, 0.4], ""theta"": [0.98, 0.010000000000118303], ""objective"": 33.68333544905609, ""success"": true, ""message"": ""`gtol` termination condition is satisfied."", ""evaluations"": 10, ""inference_unavailable_reasons"": [""parameter_on_boundary""]}, {""start"": [0.95, 0.7], ""theta"": [0.98, 0.01000000000000012], ""objective"": 33.6833354490477, ""success"": true, ""message"": ""`gtol` termination condition is satisfied."", ""evaluations"": 16, ""inference_unavailable_reasons"": [""parameter_on_boundary""]}, {""start"": [0.8762, 0.2397], ""theta"": [0.98, 0.010000000000816883], ""objective"": 33.68333544910639, ""success"": true, ""message"": ""`gtol` termination condition is satisfied."", ""evaluations"": 9, ""inference_unavailable_reasons"": [""parameter_on_boundary""]}]",ff25a1dc0049361a19bfb215d58031226ddb6b363e5a92044969e190d2c05509
328,baseline_fitted,328,7908967119943968411,0.98,0.010000000000000009,boundary,False,,288.1163191124255,0.98,0.010000000000000009,True,False,True,True,True,2,,4,True,"[{""start"": [0.5, 0.1], ""theta"": [0.9799999999990215, 0.010000000000000314], ""objective"": 288.1163191154916, ""success"": true, ""message"": ""`gtol` termination condition is satisfied."", ""evaluations"": 8, ""inference_unavailable_reasons"": [""parameter_on_boundary""]}, {""start"": [0.75, 0.4], ""theta"": [0.98, 0.010000000000000009], ""objective"": 288.1163191124255, ""success"": true, ""message"": ""`gtol` termination condition is satisfied."", ""evaluations"": 10, ""inference_unavailable_reasons"": [""parameter_on_boundary""]}, {""start"": [0.95, 0.7], ""theta"": [0.98, 0.010000000000000231], ""objective"": 288.11631911245036, ""success"": true, ""message"": ""`gtol` termination condition is satisfied."", ""evaluations"": 15, ""inference_unavailable_reasons"": [""parameter_on_boundary""]}, {""start"": [0.8762, 0.2397], ""theta"": [0.98, 0.010000000000000037], ""objective"": 288.1163191124255, ""success"": true, ""message"": ""`gtol` termination condition is satisfied."", ""evaluations"": 10, ""inference_unavailable_reasons"": [""parameter_on_boundary""]}]",2eac54cd243a53d70ff4cb4395b37fe77f5a6560580da1b0e1aed42d9b06aefd
329,baseline_fitted,329,5816104560759492866,0.98,0.010000000000000009,boundary,False,,7.269047719462327,0.9799999999999999,0.010000000000000037,True,False,True,True,True,2,,4,True,"[{""start"": [0.5, 0.1], ""theta"": [0.9799999999999618, 0.010000000000000009], ""objective"": 7.269047719465252, ""success"": true, ""message"": ""`gtol` termination condition is satisfied."", ""evaluations"": 13, ""inference_unavailable_reasons"": [""parameter_on_boundary""]}, {""start"": [0.75, 0.4], ""theta"": [0.9799999999999998, 0.010000000000000064], ""objective"": 7.269047719468336, ""success"": true, ""message"": ""`gtol` termination condition is satisfied."", ""evaluations"": 12, ""inference_unavailable_reasons"": [""parameter_on_boundary""]}, {""start"": [0.95, 0.7], ""theta"": [0.979999999977251, 0.01000000000000012], ""objective"": 7.269047720055589, ""success"": true, ""message"": ""`gtol` termination condition is satisfied."", ""evaluations"": 16, ""inference_unavailable_reasons"": [""parameter_on_boundary""]}, {""start"": [0.8762, 0.2397], ""theta"": [0.9799999999999999, 0.010000000000000037], ""objective"": 7.269047719462327, ""success"": true, ""message"": ""`gtol` termination condition is satisfied."", ""evaluations"": 11, ""inference_unavailable_reasons"": [""parameter_on_boundary""]}]",81efd5a2dd564e63094fc79cd4e27854aa106d22d3d30e36b563555ac4f358ae
330,baseline_fitted,330,4843659863940848304,0.98,0.010000000000000009,boundary,False,,5.6107029922056295,0.98,0.0365273802696221,True,False,True,True,False,2,,4,True,"[{""start"": [0.5, 0.1], ""theta"": [0.98, 0.03652738039340982], ""objective"": 5.610702992205962, ""success"": true, ""message"": ""`xtol` termination condition is satisfied."", ""evaluations"": 13, ""inference_unavailable_reasons"": [""parameter_on_boundary""]}, {""start"": [0.75, 0.4], ""theta"": [0.98, 0.036527380268254916], ""objective"": 5.610702992205638, ""success"": true, ""message"": ""`gtol` termination condition is satisfied."", ""evaluations"": 11, ""inference_unavailable_reasons"": [""parameter_on_boundary""]}, {""start"": [0.95, 0.7], ""theta"": [0.98, 0.03652738026794822], ""objective"": 5.610702992206122, ""success"": true, ""message"": ""`gtol` termination condition is satisfied."", ""evaluations"": 16, ""inference_unavailable_reasons"": [""parameter_on_boundary""]}, {""start"": [0.8762, 0.2397], ""theta"": [0.98, 0.0365273802696221], ""objective"": 5.6107029922056295, ""success"": true, ""message"": ""`gtol` termination condition is satisfied."", ""evaluations"": 10, ""inference_unavailable_reasons"": [""parameter_on_boundary""]}]",3087530ff00e0fa121b060affce445d08dc1b93d82535463675e610f90af4e2b
331,baseline_fitted,331,5700888723598324264,0.98,0.010000000000000009,boundary,False,,1.8113687681195367,0.9771146152091462,0.01000000000000012,True,False,True,False,True,2,,4,True,"[{""start"": [0.5, 0.1], ""theta"": [0.9771145301880677, 0.010000000000000009], ""objective"": 1.811368768261572, ""success"": true, ""message"": ""`ftol` termination condition is satisfied."", ""evaluations"": 16, ""inference_unavailable_reasons"": [""parameter_on_boundary""]}, {""start"": [0.75, 0.4], ""theta"": [0.9771146152091462, 0.01000000000000012], ""objective"": 1.8113687681195367, ""success"": true, ""message"": ""`ftol` termination condition is satisfied."", ""evaluations"": 15, ""inference_unavailable_reasons"": [""parameter_on_boundary""]}, {""start"": [0.95, 0.7], ""theta"": [0.9771145342884291, 0.010000000000000231], ""objective"": 1.811368768247215, ""success"": true, ""message"": ""`ftol` termination condition is satisfied."", ""evaluations"": 20, ""inference_unavailable_reasons"": [""parameter_on_boundary""]}, {""start"": [0.8762, 0.2397], ""theta"": [0.9771145416061545, 0.010000000000000064], ""objective"": 1.8113687682256745, ""success"": true, ""message"": ""`ftol` termination condition is satisfied."", ""evaluations"": 14, ""inference_unavailable_reasons"": [""parameter_on_boundary""]}]",c9a58cc4b109726ce2e2e9a506180223f0e6b5534121485fa8ca56a801958ec8
332,baseline_fitted,332,12522411164742340043,0.98,0.010000000000000009,boundary,False,,18.509405761225583,0.98,0.010000000000000064,True,False,True,True,True,2,,4,True,"[{""start"": [0.5, 0.1], ""theta"": [0.9799999999897329, 0.010000000000005005], ""objective"": 18.509405762361254, ""success"": true, ""message"": ""`gtol` termination condition is satisfied."", ""evaluations"": 10, ""inference_unavailable_reasons"": [""parameter_on_boundary""]}, {""start"": [0.75, 0.4], ""theta"": [0.98, 0.010000000000000064], ""objective"": 18.509405761225583, ""success"": true, ""message"": ""`gtol` termination condition is satisfied."", ""evaluations"": 10, ""inference_unavailable_reasons"": [""parameter_on_boundary""]}, {""start"": [0.95, 0.7], ""theta"": [0.98, 0.01000000000000012], ""objective"": 18.509405761225583, ""success"": true, ""message"": ""`gtol` termination condition is satisfied."", ""evaluations"": 16, ""inference_unavailable_reasons"": [""parameter_on_boundary""]}, {""start"": [0.8762, 0.2397], ""theta"": [0.9799999999999836, 0.010000000000000037], ""objective"": 18.509405761230774, ""success"": true, ""message"": ""`gtol` termination condition is satisfied."", ""evaluations"": 9, ""inference_unavailable_reasons"": [""parameter_on_boundary""]}]",a7904b84021beb55ee70823ac8637af659810a7eb70e2c866fcafd022d8246dd
333,baseline_fitted,333,13682255913682875541,0.98,0.010000000000000009,boundary,False,,17.736629060097687,0.98,0.030956420897831516,True,False,True,True,False,2,,4,True,"[{""start"": [0.5, 0.1], ""theta"": [0.9799999999999938, 0.03095642095053902], ""objective"": 17.73662906010407, ""success"": true, ""message"": ""`ftol` termination condition is satisfied."", ""evaluations"": 14, ""inference_unavailable_reasons"": [""parameter_on_boundary""]}, {""start"": [0.75, 0.4], ""theta"": [0.98, 0.030956420897831516], ""objective"": 17.736629060097687, ""success"": true, ""message"": ""`gtol` termination condition is satisfied."", ""evaluations"": 12, ""inference_unavailable_reasons"": [""parameter_on_boundary""]}, {""start"": [0.95, 0.7], ""theta"": [0.98, 0.03095642089589723], ""objective"": 17.73662906009846, ""success"": true, ""message"": ""`gtol` termination condition is satisfied."", ""evaluations"": 18, ""inference_unavailable_reasons"": [""parameter_on_boundary""]}, {""start"": [0.8762, 0.2397], ""theta"": [0.9799999999999994, 0.03095642090991646], ""objective"": 17.736629060104335, ""success"": true, ""message"": ""`ftol` termination condition is satisfied."", ""evaluations"": 11, ""inference_unavailable_reasons"": [""parameter_on_boundary""]}]",1910ae0ccda0557e827ec9786477eece2048ff157a746b26df262f0a43c5ffd7
334,baseline_fitted,334,10359159390485462813,0.98,0.010000000000000009,boundary,False,,6.113172942372603,0.979725954763881,0.010000000000000009,True,False,True,False,True,2,,4,True,"[{""start"": [0.5, 0.1], ""theta"": [0.979725954763881, 0.010000000000000009], ""objective"": 6.113172942372603, ""success"": true, ""message"": ""`ftol` termination condition is satisfied."", ""evaluations"": 22, ""inference_unavailable_reasons"": [""parameter_on_boundary""]}, {""start"": [0.75, 0.4], ""theta"": [0.979726409035662, 0.010000000000004783], ""objective"": 6.113172942453516, ""success"": true, ""message"": ""`ftol` termination condition is satisfied."", ""evaluations"": 24, ""inference_unavailable_reasons"": [""parameter_on_boundary""]}, {""start"": [0.95, 0.7], ""theta"": [0.9797264167825397, 0.010000000000002895], ""objective"": 6.113172942498435, ""success"": true, ""message"": ""`ftol` termination condition is satisfied."", ""evaluations"": 30, ""inference_unavailable_reasons"": [""parameter_on_boundary""]}, {""start"": [0.8762, 0.2397], ""theta"": [0.9797264037478185, 0.010000000000001286], ""objective"": 6.113172942425795, ""success"": true, ""message"": ""`ftol` termination condition is satisfied."", ""evaluations"": 24, ""inference_unavailable_reasons"": [""parameter_on_boundary""]}]",2bbc3e6af3286e54bbaa151790706c4044718b01c58e6bd41a3d61eceba813c8
335,baseline_fitted,335,13083513151262760766,0.98,0.010000000000000009,boundary,False,,4.641056559631107,0.9799999999999999,0.03045982111016908,True,False,True,True,False,2,,4,True,"[{""start"": [0.5, 0.1], ""theta"": [0.9799999999999999, 0.03045982111016908], ""objective"": 4.641056559631107, ""success"": true, ""message"": ""`gtol` termination condition is satisfied."", ""evaluations"": 14, ""inference_unavailable_reasons"": [""parameter_on_boundary""]}, {""start"": [0.75, 0.4], ""theta"": [0.98, 0.030459821107827967], ""objective"": 4.641056559631982, ""success"": true, ""message"": ""Both `ftol` and `xtol` termination conditions are satisfied."", ""evaluations"": 13, ""inference_unavailable_reasons"": [""parameter_on_boundary""]}, {""start"": [0.95, 0.7], ""theta"": [0.98, 0.030459821110566665], ""objective"": 4.641056559631742, ""success"": true, ""message"": ""`gtol` termination condition is satisfied."", ""evaluations"": 17, ""inference_unavailable_reasons"": [""parameter_on_boundary""]}, {""start"": [0.8762, 0.2397], ""theta"": [0.98, 0.030459821110539048], ""objective"": 4.641056559632032, ""success"": true, ""message"": ""`gtol` termination condition is satisfied."", ""evaluations"": 10, ""inference_unavailable_reasons"": [""parameter_on_boundary""]}]",61f22e04422ac252f07e94992bf1c95ef8af50d66a4e031f5a31588598c86e85
336,baseline_fitted,336,2245878931911675422,0.98,0.010000000000000009,boundary,False,,28.459947941714983,0.98,0.010000000000000064,True,False,True,True,True,2,,4,True,"[{""start"": [0.5, 0.1], ""theta"": [0.9799999999997295, 0.010000000000000009], ""objective"": 28.45994794184501, ""success"": true, ""message"": ""`gtol` termination condition is satisfied."", ""evaluations"": 9, ""inference_unavailable_reasons"": [""parameter_on_boundary""]}, {""start"": [0.75, 0.4], ""theta"": [0.9799999999999939, 0.010000000000000064], ""objective"": 28.45994794176409, ""success"": true, ""message"": ""`gtol` termination condition is satisfied."", ""evaluations"": 9, ""inference_unavailable_reasons"": [""parameter_on_boundary""]}, {""start"": [0.95, 0.7], ""theta"": [0.98, 0.010000000000000231], ""objective"": 28.459947941719612, ""success"": true, ""message"": ""`gtol` termination condition is satisfied."", ""evaluations"": 15, ""inference_unavailable_reasons"": [""parameter_on_boundary""]}, {""start"": [0.8762, 0.2397], ""theta"": [0.98, 0.010000000000000064], ""objective"": 28.459947941714983, ""success"": true, ""message"": ""`gtol` termination condition is satisfied."", ""evaluations"": 10, ""inference_unavailable_reasons"": [""parameter_on_boundary""]}]",afc7a319dba9b137bccb97e6ca9992ae113f886e28997bbeafb6674c5cf1c033
337,baseline_fitted,337,15242019942090621916,0.98,0.010000000000000009,boundary,False,,18.659755387626,0.9799999999999999,0.010000000000000425,True,False,True,True,True,2,,4,True,"[{""start"": [0.5, 0.1], ""theta"": [0.98, 0.010000000000000009], ""objective"": 18.659755387644637, ""success"": true, ""message"": ""`gtol` termination condition is satisfied."", ""evaluations"": 10, ""inference_unavailable_reasons"": [""parameter_on_boundary""]}, {""start"": [0.75, 0.4], ""theta"": [0.9799999999995994, 0.010000000001465337], ""objective"": 18.659755388333977, ""success"": true, ""message"": ""`gtol` termination condition is satisfied."", ""evaluations"": 9, ""inference_unavailable_reasons"": [""parameter_on_boundary""]}, {""start"": [0.95, 0.7], ""theta"": [0.9799999999999991, 0.010000000000000342], ""objective"": 18.659755387709673, ""success"": true, ""message"": ""`gtol` termination condition is satisfied."", ""evaluations"": 15, ""inference_unavailable_reasons"": [""parameter_on_boundary""]}, {""start"": [0.8762, 0.2397], ""theta"": [0.9799999999999999, 0.010000000000000425], ""objective"": 18.659755387626, ""success"": true, ""message"": ""`gtol` termination condition is satisfied."", ""evaluations"": 10, ""inference_unavailable_reasons"": [""parameter_on_boundary""]}]",7c35cec4cd0955eb8b44fd4d8d0d11ad645aac444bbaf1519dc9523553d43f27
338,baseline_fitted,338,13885421040082886224,0.98,0.010000000000000009,boundary,False,,5.142517137814795,0.9510084584604688,0.01000000000000012,True,False,True,False,True,2,,4,True,"[{""start"": [0.5, 0.1], ""theta"": [0.9510084601944288, 0.010000000000000009], ""objective"": 5.142517137819455, ""success"": true, ""message"": ""`ftol` termination condition is satisfied."", ""evaluations"": 12, ""inference_unavailable_reasons"": [""parameter_on_boundary""]}, {""start"": [0.75, 0.4], ""theta"": [0.9510084671635288, 0.01000000000000012], ""objective"": 5.142517137833678, ""success"": true, ""message"": ""`ftol` termination condition is satisfied."", ""evaluations"": 11, ""inference_unavailable_reasons"": [""parameter_on_boundary""]}, {""start"": [0.95, 0.7], ""theta"": [0.9510084584604688, 0.01000000000000012], ""objective"": 5.142517137814795, ""success"": true, ""message"": ""`ftol` termination condition is satisfied."", ""evaluations"": 17, ""inference_unavailable_reasons"": [""parameter_on_boundary""]}, {""start"": [0.8762, 0.2397], ""theta"": [0.9510084653814785, 0.010000000000000037], ""objective"": 5.142517137825326, ""success"": true, ""message"": ""`ftol` termination condition is satisfied."", ""evaluations"": 11, ""inference_unavailable_reasons"": [""parameter_on_boundary""]}]",c2f16063c6c95082856edea2c697e0444ede305a3d63270241b726907e36099b
339,baseline_fitted,339,11693486699970374874,0.98,0.010000000000000009,regular,False,,3.029636161325662,0.9747951446419243,0.022213382429254525,True,True,False,False,False,2,0.8822471691270283,4,True,"[{""start"": [0.5, 0.1], ""theta"": [0.9747951297533985, 0.022213403863192538], ""objective"": 3.029636161327315, ""success"": true, ""message"": ""`ftol` termination condition is satisfied."", ""evaluations"": 12, ""inference_unavailable_reasons"": []}, {""start"": [0.75, 0.4], ""theta"": [0.9747951446419243, 0.022213382429254525], ""objective"": 3.029636161325662, ""success"": true, ""message"": ""`ftol` termination condition is satisfied."", ""evaluations"": 11, ""inference_unavailable_reasons"": []}, {""start"": [0.95, 0.7], ""theta"": [0.9747951446452929, 0.022213382433319273], ""objective"": 3.0296361613260743, ""success"": true, ""message"": ""`ftol` termination condition is satisfied."", ""evaluations"": 17, ""inference_unavailable_reasons"": []}, {""start"": [0.8762, 0.2397], ""theta"": [0.9747951459715505, 0.022213380530726634], ""objective"": 3.029636161326664, ""success"": true, ""message"": ""`ftol` termination condition is satisfied."", ""evaluations"": 10, ""inference_unavailable_reasons"": []}]",4d383be30ce6813286bddefd397f04f4aabb66c96e395686fc9ac6d4f2424b7c
340,baseline_fitted,340,14385301831150043774,0.98,0.010000000000000009,boundary,False,,42.00148483552908,0.9794212416283822,0.010000000000852494,True,False,True,False,True,2,,4,True,"[{""start"": [0.5, 0.1], ""theta"": [0.9794209433498096, 0.01000000000000259], ""objective"": 42.00148483608077, ""success"": true, ""message"": ""`ftol` termination condition is satisfied."", ""evaluations"": 20, ""inference_unavailable_reasons"": [""parameter_on_boundary""]}, {""start"": [0.75, 0.4], ""theta"": [0.9794203857366129, 0.010000000582457647], ""objective"": 42.00148508655718, ""success"": true, ""message"": ""`ftol` termination condition is satisfied."", ""evaluations"": 18, ""inference_unavailable_reasons"": [""parameter_on_boundary""]}, {""start"": [0.95, 0.7], ""theta"": [0.9794195874892, 0.010000000000814135], ""objective"": 42.001484895586, ""success"": true, ""message"": ""`ftol` termination condition is satisfied."", ""evaluations"": 26, ""inference_unavailable_reasons"": [""parameter_on_boundary""]}, {""start"": [0.8762, 0.2397], ""theta"": [0.9794212416283822, 0.010000000000852494], ""objective"": 42.00148483552908, ""success"": true, ""message"": ""`ftol` termination condition is satisfied."", ""evaluations"": 22, ""inference_unavailable_reasons"": [""parameter_on_boundary""]}]",7249faac573e83db2d115c761d4f58ae5f53ff1c50cb02944566f4cc51240dc6
341,baseline_fitted,341,4731043996886661384,0.98,0.010000000000000009,boundary,False,,17.226521806587783,0.98,0.012481571407738146,True,False,True,True,False,2,,4,True,"[{""start"": [0.5, 0.1], ""theta"": [0.98, 0.012481571438131528], ""objective"": 17.22652180658896, ""success"": true, ""message"": ""`gtol` termination condition is satisfied."", ""evaluations"": 14, ""inference_unavailable_reasons"": [""parameter_on_boundary""]}, {""start"": [0.75, 0.4], ""theta"": [0.98, 0.012481571448866413], ""objective"": 17.226521806588895, ""success"": true, ""message"": ""`gtol` termination condition is satisfied."", ""evaluations"": 12, ""inference_unavailable_reasons"": [""parameter_on_boundary""]}, {""start"": [0.95, 0.7], ""theta"": [0.98, 0.012481571395315583], ""objective"": 17.22652180658788, ""success"": true, ""message"": ""`ftol` termination condition is satisfied."", ""evaluations"": 19, ""inference_unavailable_reasons"": [""parameter_on_boundary""]}, {""start"": [0.8762, 0.2397], ""theta"": [0.98, 0.012481571407738146], ""objective"": 17.226521806587783, ""success"": true, ""message"": ""`gtol` termination condition is satisfied."", ""evaluations"": 12, ""inference_unavailable_reasons"": [""parameter_on_boundary""]}]",80929fd55024b00c76b703d43d5a69a1097ac28dbe46e31b43238ad841c9e42c
342,baseline_fitted,342,14281574917322025893,0.98,0.010000000000000009,boundary,False,,22.457091762373167,0.9451162190357565,0.01000000000000012,True,False,True,False,True,2,,4,True,"[{""start"": [0.5, 0.1], ""theta"": [0.9451159175747386, 0.010000000000000703], ""objective"": 22.4570917624307, ""success"": true, ""message"": ""`ftol` termination condition is satisfied."", ""evaluations"": 9, ""inference_unavailable_reasons"": [""parameter_on_boundary""]}, {""start"": [0.75, 0.4], ""theta"": [0.9451156798594218, 0.01000000000000012], ""objective"": 22.457091762849664, ""success"": true, ""message"": ""`ftol` termination condition is satisfied."", ""evaluations"": 10, ""inference_unavailable_reasons"": [""parameter_on_boundary""]}, {""start"": [0.95, 0.7], ""theta"": [0.9451162190357565, 0.01000000000000012], ""objective"": 22.457091762373167, ""success"": true, ""message"": ""`ftol` termination condition is satisfied."", ""evaluations"": 14, ""inference_unavailable_reasons"": [""parameter_on_boundary""]}, {""start"": [0.8762, 0.2397], ""theta"": [0.9451163082495773, 0.010000000000000092], ""objective"": 22.457091762458745, ""success"": true, ""message"": ""`ftol` termination condition is satisfied."", ""evaluations"": 10, ""inference_unavailable_reasons"": [""parameter_on_boundary""]}]",761badf480a8fe3261d5f3e42061dca026f54ede71f49da6574dfa611ef49775
343,baseline_fitted,343,6452494211715301330,0.98,0.010000000000000009,boundary,False,,333.41899345964646,0.98,0.010000000000000009,True,False,True,True,True,2,,4,True,"[{""start"": [0.5, 0.1], ""theta"": [0.98, 0.010000000000000009], ""objective"": 333.41899345964646, ""success"": true, ""message"": ""`gtol` termination condition is satisfied."", ""evaluations"": 11, ""inference_unavailable_reasons"": [""parameter_on_boundary""]}, {""start"": [0.75, 0.4], ""theta"": [0.9799999999988396, 0.010000000000086884], ""objective"": 333.418993461394, ""success"": true, ""message"": ""`gtol` termination condition is satisfied."", ""evaluations"": 9, ""inference_unavailable_reasons"": [""parameter_on_boundary""]}, {""start"": [0.95, 0.7], ""theta"": [0.98, 0.01000000000000012], ""objective"": 333.41899345964646, ""success"": true, ""message"": ""`gtol` termination condition is satisfied."", ""evaluations"": 15, ""inference_unavailable_reasons"": [""parameter_on_boundary""]}, {""start"": [0.8762, 0.2397], ""theta"": [0.98, 0.010000000000000037], ""objective"": 333.41899345964646, ""success"": true, ""message"": ""`gtol` termination condition is satisfied."", ""evaluations"": 9, ""inference_unavailable_reasons"": [""parameter_on_boundary""]}]",01159368a502e758aeff13b9f44a3be4ead10d74b3c67f7d6f2253e0f58963c3
344,baseline_fitted,344,12788910277117517655,0.98,0.010000000000000009,boundary,False,,65.80350702092584,0.98,0.01000000000000012,True,False,True,True,True,2,,4,True,"[{""start"": [0.5, 0.1], ""theta"": [0.9799999999978335, 0.010000000000000203], ""objective"": 65.80350702180387, ""success"": true, ""message"": ""`gtol` termination condition is satisfied."", ""evaluations"": 10, ""inference_unavailable_reasons"": [""parameter_on_boundary""]}, {""start"": [0.75, 0.4], ""theta"": [0.9799999999999995, 0.010000000000000064], ""objective"": 65.80350702097181, ""success"": true, ""message"": ""`gtol` termination condition is satisfied."", ""evaluations"": 10, ""inference_unavailable_reasons"": [""parameter_on_boundary""]}, {""start"": [0.95, 0.7], ""theta"": [0.98, 0.01000000000000012], ""objective"": 65.80350702092584, ""success"": true, ""message"": ""`gtol` termination condition is satisfied."", ""evaluations"": 16, ""inference_unavailable_reasons"": [""parameter_on_boundary""]}, {""start"": [0.8762, 0.2397], ""theta"": [0.9799999999972981, 0.010000000000000842], ""objective"": 65.80350702198626, ""success"": true, ""message"": ""`gtol` termination condition is satisfied."", ""evaluations"": 10, ""inference_unavailable_reasons"": [""parameter_on_boundary""]}]",dc4774ea451f6ecfe2993ef3e563168d55cf4073fd575e3aac1613ee57b1e113
345,baseline_fitted,345,16481555235554937639,0.98,0.010000000000000009,boundary,False,,14.815177178110986,0.9799999999999999,0.024416134248556876,True,False,True,True,False,2,,4,True,"[{""start"": [0.5, 0.1], ""theta"": [0.9799999999999988, 0.024416134318327953], ""objective"": 14.81517717814959, ""success"": true, ""message"": ""`ftol` termination condition is satisfied."", ""evaluations"": 13, ""inference_unavailable_reasons"": [""parameter_on_boundary""]}, {""start"": [0.75, 0.4], ""theta"": [0.9799999999999999, 0.024416134248556876], ""objective"": 14.815177178110986, ""success"": true, ""message"": ""`ftol` termination condition is satisfied."", ""evaluations"": 11, ""inference_unavailable_reasons"": [""parameter_on_boundary""]}, {""start"": [0.95, 0.7], ""theta"": [0.9799999999999999, 0.024416134267752576], ""objective"": 14.815177178111185, ""success"": true, ""message"": ""`ftol` termination condition is satisfied."", ""evaluations"": 17, ""inference_unavailable_reasons"": [""parameter_on_boundary""]}, {""start"": [0.8762, 0.2397], ""theta"": [0.98, 0.0244161342463447], ""objective"": 14.815177178128339, ""success"": true, ""message"": ""`ftol` termination condition is satisfied."", ""evaluations"": 9, ""inference_unavailable_reasons"": [""parameter_on_boundary""]}]",49d089fb1b9d5dd228b9c55a5772822dc39f61a302f54b9fe232fdcd5052c604
346,baseline_fitted,346,11209277028920886788,0.98,0.010000000000000009,boundary,False,,54.11491916618455,0.9786421687429805,0.010000000000067677,True,False,True,False,True,2,,4,True,"[{""start"": [0.5, 0.1], ""theta"": [0.9786421328993749, 0.0100000000056166], ""objective"": 54.11491916936501, ""success"": true, ""message"": ""`ftol` termination condition is satisfied."", ""evaluations"": 20, ""inference_unavailable_reasons"": [""parameter_on_boundary""]}, {""start"": [0.75, 0.4], ""theta"": [0.9786421687429805, 0.010000000000067677], ""objective"": 54.11491916618455, ""success"": true, ""message"": ""`ftol` termination condition is satisfied."", ""evaluations"": 23, ""inference_unavailable_reasons"": [""parameter_on_boundary""]}, {""start"": [0.95, 0.7], ""theta"": [0.9786416234855743, 0.01000000000000012], ""objective"": 54.114919175723564, ""success"": true, ""message"": ""`ftol` termination condition is satisfied."", ""evaluations"": 21, ""inference_unavailable_reasons"": [""parameter_on_boundary""]}, {""start"": [0.8762, 0.2397], ""theta"": [0.9786421769815635, 0.010000000000000037], ""objective"": 54.114919166231374, ""success"": true, ""message"": ""`ftol` termination condition is satisfied."", ""evaluations"": 18, ""inference_unavailable_reasons"": [""parameter_on_boundary""]}]",4f787b97d166e1c043ca4b5e803d8e83c9d52026e54d5840b1ba82e36e104cf7
347,baseline_fitted,347,15894317956624742508,0.98,0.010000000000000009,boundary,False,,26.02439177586018,0.9799999999999998,0.018803330997394507,True,False,True,True,False,2,,4,True,"[{""start"": [0.5, 0.1], ""theta"": [0.9799999999999978, 0.01880333862534922], ""objective"": 26.02439177588301, ""success"": true, ""message"": ""`xtol` termination condition is satisfied."", ""evaluations"": 13, ""inference_unavailable_reasons"": [""parameter_on_boundary""]}, {""start"": [0.75, 0.4], ""theta"": [0.9799999999999998, 0.018803330997394507], ""objective"": 26.02439177586018, ""success"": true, ""message"": ""`xtol` termination condition is satisfied."", ""evaluations"": 13, ""inference_unavailable_reasons"": [""parameter_on_boundary""]}, {""start"": [0.95, 0.7], ""theta"": [0.98, 0.018803328599193203], ""objective"": 26.024391775897854, ""success"": true, ""message"": ""`ftol` termination condition is satisfied."", ""evaluations"": 17, ""inference_unavailable_reasons"": [""parameter_on_boundary""]}, {""start"": [0.8762, 0.2397], ""theta"": [0.9799999999999999, 0.01880333002738188], ""objective"": 26.02439177588701, ""success"": true, ""message"": ""`ftol` termination condition is satisfied."", ""evaluations"": 11, ""inference_unavailable_reasons"": [""parameter_on_boundary""]}]",171d10b68dd818ad539966752905d8fcb99b3d1f25d3a53502136c42a9e8ed14
348,baseline_fitted,348,15617975479812507832,0.98,0.010000000000000009,boundary,False,,35.8871393231377,0.9757268211093738,0.010000000000000564,True,False,True,False,True,2,,4,True,"[{""start"": [0.5, 0.1], ""theta"": [0.9757264782718027, 0.010000000000013179], ""objective"": 35.887139330190415, ""success"": true, ""message"": ""`ftol` termination condition is satisfied."", ""evaluations"": 27, ""inference_unavailable_reasons"": [""parameter_on_boundary""]}, {""start"": [0.75, 0.4], ""theta"": [0.9757268211093738, 0.010000000000000564], ""objective"": 35.8871393231377, ""success"": true, ""message"": ""`ftol` termination condition is satisfied."", ""evaluations"": 26, ""inference_unavailable_reasons"": [""parameter_on_boundary""]}, {""start"": [0.95, 0.7], ""theta"": [0.9757266409639437, 0.010000000000011555], ""objective"": 35.88713932580359, ""success"": true, ""message"": ""`ftol` termination condition is satisfied."", ""evaluations"": 24, ""inference_unavailable_reasons"": [""parameter_on_boundary""]}, {""start"": [0.8762, 0.2397], ""theta"": [0.9757266299358952, 0.010000000000003506], ""objective"": 35.88713932614857, ""success"": true, ""message"": ""`ftol` termination condition is satisfied."", ""evaluations"": 28, ""inference_unavailable_reasons"": [""parameter_on_boundary""]}]",6a87fdfbb8e69e6ae4dae2936f48d7e1b69d970eb0f18784be61336c6beb2730
349,baseline_fitted,349,11033985155928906565,0.98,0.010000000000000009,boundary,False,,68.09488108026207,0.98,0.010000000000000064,True,False,True,True,True,2,,4,True,"[{""start"": [0.5, 0.1], ""theta"": [0.9799999999999109, 0.010000000000000009], ""objective"": 68.09488108068867, ""success"": true, ""message"": ""`gtol` termination condition is satisfied."", ""evaluations"": 11, ""inference_unavailable_reasons"": [""parameter_on_boundary""]}, {""start"": [0.75, 0.4], ""theta"": [0.98, 0.010000000000000064], ""objective"": 68.09488108026207, ""success"": true, ""message"": ""`gtol` termination condition is satisfied."", ""evaluations"": 10, ""inference_unavailable_reasons"": [""parameter_on_boundary""]}, {""start"": [0.95, 0.7], ""theta"": [0.9799999999999583, 0.01000000000000012], ""objective"": 68.09488108037706, ""success"": true, ""message"": ""`gtol` termination condition is satisfied."", ""evaluations"": 15, ""inference_unavailable_reasons"": [""parameter_on_boundary""]}, {""start"": [0.8762, 0.2397], ""theta"": [0.9799999999999973, 0.010000000000000037], ""objective"": 68.0948810804764, ""success"": true, ""message"": ""`gtol` termination condition is satisfied."", ""evaluations"": 10, ""inference_unavailable_reasons"": [""parameter_on_boundary""]}]",660da47207707414eaab3cc81ce0ab89b267b2a12a8eb9657f8abc9e409fa45f
350,baseline_fitted,350,3421112226510422633,0.98,0.010000000000000009,boundary,False,,49.48118733445564,0.9799999999999999,0.010000000000000009,True,False,True,True,True,2,,4,True,"[{""start"": [0.5, 0.1], ""theta"": [0.9799999999999999, 0.010000000000000009], ""objective"": 49.48118733445564, ""success"": true, ""message"": ""`gtol` termination condition is satisfied."", ""evaluations"": 11, ""inference_unavailable_reasons"": [""parameter_on_boundary""]}, {""start"": [0.75, 0.4], ""theta"": [0.9799999999996147, 0.010000000000000064], ""objective"": 49.48118733457305, ""success"": true, ""message"": ""`gtol` termination condition is satisfied."", ""evaluations"": 10, ""inference_unavailable_reasons"": [""parameter_on_boundary""]}, {""start"": [0.95, 0.7], ""theta"": [0.98, 0.01000000000000012], ""objective"": 49.48118733449348, ""success"": true, ""message"": ""`gtol` termination condition is satisfied."", ""evaluations"": 16, ""inference_unavailable_reasons"": [""parameter_on_boundary""]}, {""start"": [0.8762, 0.2397], ""theta"": [0.98, 0.010000000000000037], ""objective"": 49.48118733449348, ""success"": true, ""message"": ""`gtol` termination condition is satisfied."", ""evaluations"": 11, ""inference_unavailable_reasons"": [""parameter_on_boundary""]}]",3cb58c6ee0467250f07c8e8b93cc0d065d0de647c2cfe3d0eb618349ef6469f3
351,baseline_fitted,351,7377526662553854891,0.98,0.010000000000000009,boundary,False,,15.211539476059496,0.9690936159482227,0.010000000000002784,True,False,True,False,True,2,,4,True,"[{""start"": [0.5, 0.1], ""theta"": [0.9690937705900784, 0.010000000000000009], ""objective"": 15.211539476132474, ""success"": true, ""message"": ""`ftol` termination condition is satisfied."", ""evaluations"": 13, ""inference_unavailable_reasons"": [""parameter_on_boundary""]}, {""start"": [0.75, 0.4], ""theta"": [0.9690936159482227, 0.010000000000002784], ""objective"": 15.211539476059496, ""success"": true, ""message"": ""`xtol` termination condition is satisfied."", ""evaluations"": 15, ""inference_unavailable_reasons"": [""parameter_on_boundary""]}, {""start"": [0.95, 0.7], ""theta"": [0.9690937296041829, 0.01000000000000012], ""objective"": 15.211539476100286, ""success"": true, ""message"": ""`ftol` termination condition is satisfied."", ""evaluations"": 17, ""inference_unavailable_reasons"": [""parameter_on_boundary""]}, {""start"": [0.8762, 0.2397], ""theta"": [0.9690935635834093, 0.010000000000000037], ""objective"": 15.21153947608473, ""success"": true, ""message"": ""`ftol` termination condition is satisfied."", ""evaluations"": 11, ""inference_unavailable_reasons"": [""parameter_on_boundary""]}]",771f7e85cf9eb1a89687940fa937f8f335ab703c0c21542217310276d3628aa1
352,baseline_fitted,352,15388153877750584082,0.98,0.010000000000000009,boundary,False,,5.911890232879461,0.9721295305238152,0.010000000000000037,True,False,True,False,True,2,,4,True,"[{""start"": [0.5, 0.1], ""theta"": [0.9721294856483884, 0.010000000000000009], ""objective"": 5.91189023348124, ""success"": true, ""message"": ""`ftol` termination condition is satisfied."", ""evaluations"": 27, ""inference_unavailable_reasons"": [""parameter_on_boundary""]}, {""start"": [0.75, 0.4], ""theta"": [0.9721312304067317, 0.010000000000000064], ""objective"": 5.9118902338769885, ""success"": true, ""message"": ""`ftol` termination condition is satisfied."", ""evaluations"": 20, ""inference_unavailable_reasons"": [""parameter_on_boundary""]}, {""start"": [0.95, 0.7], ""theta"": [0.9721294465192549, 0.01000000000000012], ""objective"": 5.911890234031211, ""success"": true, ""message"": ""`ftol` termination condition is satisfied."", ""evaluations"": 32, ""inference_unavailable_reasons"": [""parameter_on_boundary""]}, {""start"": [0.8762, 0.2397], ""theta"": [0.9721295305238152, 0.010000000000000037], ""objective"": 5.911890232879461, ""success"": true, ""message"": ""`ftol` termination condition is satisfied."", ""evaluations"": 25, ""inference_unavailable_reasons"": [""parameter_on_boundary""]}]",dd53a8a96f7a1bc06673103cf9744cd1fe394d53bf5f86d2f3f73e1bfde2d269
353,baseline_fitted,353,3966280241216057037,0.98,0.010000000000000009,boundary,False,,39.74078602984878,0.9799999999999999,0.01000000000000012,True,False,True,True,True,2,,4,True,"[{""start"": [0.5, 0.1], ""theta"": [0.98, 0.010000000000000009], ""objective"": 39.740786029872666, ""success"": true, ""message"": ""`gtol` termination condition is satisfied."", ""evaluations"": 12, ""inference_unavailable_reasons"": [""parameter_on_boundary""]}, {""start"": [0.75, 0.4], ""theta"": [0.9799999999909256, 0.010000000000000064], ""objective"": 39.74078603020999, ""success"": true, ""message"": ""`gtol` termination condition is satisfied."", ""evaluations"": 11, ""inference_unavailable_reasons"": [""parameter_on_boundary""]}, {""start"": [0.95, 0.7], ""theta"": [0.9799999999999999, 0.01000000000000012], ""objective"": 39.74078602984878, ""success"": true, ""message"": ""`gtol` termination condition is satisfied."", ""evaluations"": 17, ""inference_unavailable_reasons"": [""parameter_on_boundary""]}, {""start"": [0.8762, 0.2397], ""theta"": [0.979999999999998, 0.010000000000000037], ""objective"": 39.74078602995583, ""success"": true, ""message"": ""`gtol` termination condition is satisfied."", ""evaluations"": 12, ""inference_unavailable_reasons"": [""parameter_on_boundary""]}]",ef4909ca062edb700a89b690d5d112815dad037c47acfd604fd92498963d49f1
354,baseline_fitted,354,7133241448097395797,0.98,0.010000000000000009,optimization_unresolved,True,,19.502239998788788,0.9383258943011948,0.010000000000000064,True,False,True,False,True,2,,4,False,"[{""start"": [0.5, 0.1], ""theta"": [0.721957994404457, 0.5487720609627026], ""objective"": 31.154318726495745, ""success"": true, ""message"": ""`ftol` termination condition is satisfied."", ""evaluations"": 27, ""inference_unavailable_reasons"": []}, {""start"": [0.75, 0.4], ""theta"": [0.9383258943011948, 0.010000000000000064], ""objective"": 19.502239998788788, ""success"": true, ""message"": ""`ftol` termination condition is satisfied."", ""evaluations"": 38, ""inference_unavailable_reasons"": [""parameter_on_boundary""]}, {""start"": [0.95, 0.7], ""theta"": [0.7219780667658966, 0.5487151582504627], ""objective"": 31.15431873740404, ""success"": true, ""message"": ""`ftol` termination condition is satisfied."", ""evaluations"": 38, ""inference_unavailable_reasons"": []}, {""start"": [0.8762, 0.2397], ""theta"": [0.9383249797828487, 0.010000000000000037], ""objective"": 19.502240004324133, ""success"": true, ""message"": ""`ftol` termination condition is satisfied."", ""evaluations"": 32, ""inference_unavailable_reasons"": [""parameter_on_boundary""]}]",0446fd0cadf9d3cbdd3c41647f242206ce051e140fde2a92294b99f5f5ad3e61
355,baseline_fitted,355,3164582980466459222,0.98,0.010000000000000009,regular,False,,4.604114893166095,0.9397027056877404,0.07232580290486235,True,True,False,False,False,2,0.7081465265646574,4,True,"[{""start"": [0.5, 0.1], ""theta"": [0.9397027091970891, 0.07232579752557405], ""objective"": 4.604114893166899, ""success"": true, ""message"": ""`ftol` termination condition is satisfied."", ""evaluations"": 12, ""inference_unavailable_reasons"": []}, {""start"": [0.75, 0.4], ""theta"": [0.9397027056877404, 0.07232580290486235], ""objective"": 4.604114893166095, ""success"": true, ""message"": ""`ftol` termination condition is satisfied."", ""evaluations"": 10, ""inference_unavailable_reasons"": []}, {""start"": [0.95, 0.7], ""theta"": [0.9397027079792356, 0.07232579939407191], ""objective"": 4.6041148931666465, ""success"": true, ""message"": ""`ftol` termination condition is satisfied."", ""evaluations"": 16, ""inference_unavailable_reasons"": []}, {""start"": [0.8762, 0.2397], ""theta"": [0.9397026474447054, 0.07232589237314319], ""objective"": 4.604114893171278, ""success"": true, ""message"": ""`ftol` termination condition is satisfied."", ""evaluations"": 9, ""inference_unavailable_reasons"": []}]",71d22c95a055f8e1369845bde029015603de2fec94a5f5c2ffa4d0916e053aed
356,baseline_fitted,356,4867105578773239429,0.98,0.010000000000000009,boundary,False,,6.611308987132868,0.9328302066488341,0.010000000000000009,True,False,True,False,True,2,,4,True,"[{""start"": [0.5, 0.1], ""theta"": [0.9328302066488341, 0.010000000000000009], ""objective"": 6.611308987132868, ""success"": true, ""message"": ""`ftol` termination condition is satisfied."", ""evaluations"": 14, ""inference_unavailable_reasons"": [""parameter_on_boundary""]}, {""start"": [0.75, 0.4], ""theta"": [0.9328300520389377, 0.01000000000000012], ""objective"": 6.611308987211215, ""success"": true, ""message"": ""`ftol` termination condition is satisfied."", ""evaluations"": 12, ""inference_unavailable_reasons"": [""parameter_on_boundary""]}, {""start"": [0.95, 0.7], ""theta"": [0.9328300204221623, 0.01000000000000012], ""objective"": 6.611308987232805, ""success"": true, ""message"": ""`ftol` termination condition is satisfied."", ""evaluations"": 18, ""inference_unavailable_reasons"": [""parameter_on_boundary""]}, {""start"": [0.8762, 0.2397], ""theta"": [0.9328300844399826, 0.010000000000000064], ""objective"": 6.611308987190261, ""success"": true, ""message"": ""`ftol` termination condition is satisfied."", ""evaluations"": 12, ""inference_unavailable_reasons"": [""parameter_on_boundary""]}]",a87090ab2ffcc14a023759b8061eb4598e7aac61b5c0ae35d1cf7017192f4414
357,baseline_fitted,357,9167898535459938754,0.98,0.010000000000000009,boundary,False,,6.006210502555667,0.9799999999999999,0.025570487173071477,True,False,True,True,False,2,,4,True,"[{""start"": [0.5, 0.1], ""theta"": [0.9799999999999999, 0.025570487173071477], ""objective"": 6.006210502555667, ""success"": true, ""message"": ""`xtol` termination condition is satisfied."", ""evaluations"": 15, ""inference_unavailable_reasons"": [""parameter_on_boundary""]}, {""start"": [0.75, 0.4], ""theta"": [0.9799999999999996, 0.025570487310734247], ""objective"": 6.006210502559905, ""success"": true, ""message"": ""`xtol` termination condition is satisfied."", ""evaluations"": 13, ""inference_unavailable_reasons"": [""parameter_on_boundary""]}, {""start"": [0.95, 0.7], ""theta"": [0.98, 0.025570487095722738], ""objective"": 6.006210502560132, ""success"": true, ""message"": ""`ftol` termination condition is satisfied."", ""evaluations"": 18, ""inference_unavailable_reasons"": [""parameter_on_boundary""]}, {""start"": [0.8762, 0.2397], ""theta"": [0.98, 0.02557048709650442], ""objective"": 6.006210502560738, ""success"": true, ""message"": ""`gtol` termination condition is satisfied."", ""evaluations"": 12, ""inference_unavailable_reasons"": [""parameter_on_boundary""]}]",4e20144abeb9d8ce7c85b1d9c59b3816c8886a74eea66d25d4fc16c401fa279d
358,baseline_fitted,358,13763130643169990452,0.98,0.010000000000000009,boundary,False,,60.98434974801252,0.98,0.009999999999999995,True,False,True,True,True,2,,4,True,"[{""start"": [0.5, 0.1], ""theta"": [0.98, 0.009999999999999995], ""objective"": 60.98434974801252, ""success"": true, ""message"": ""`gtol` termination condition is satisfied."", ""evaluations"": 11, ""inference_unavailable_reasons"": [""parameter_on_boundary""]}, {""start"": [0.75, 0.4], ""theta"": [0.9799999999999948, 0.010000000000000064], ""objective"": 60.984349748119385, ""success"": true, ""message"": ""`gtol` termination condition is satisfied."", ""evaluations"": 11, ""inference_unavailable_reasons"": [""parameter_on_boundary""]}, {""start"": [0.95, 0.7], ""theta"": [0.9799999999997491, 0.01000000000000012], ""objective"": 60.98434974806115, ""success"": true, ""message"": ""`gtol` termination condition is satisfied."", ""evaluations"": 16, ""inference_unavailable_reasons"": [""parameter_on_boundary""]}, {""start"": [0.8762, 0.2397], ""theta"": [0.9799999999934775, 0.010000000000000037], ""objective"": 60.98434974857727, ""success"": true, ""message"": ""`gtol` termination condition is satisfied."", ""evaluations"": 11, ""inference_unavailable_reasons"": [""parameter_on_boundary""]}]",7ac30af5ba9fba33a0b144091698ace14b60e6fa67b68809821782eebb8a0571
359,baseline_fitted,359,7794236124186209193,0.98,0.010000000000000009,boundary,False,,54.12408040534154,0.9782817421758361,0.010000000000001119,True,False,True,False,True,2,,4,True,"[{""start"": [0.5, 0.1], ""theta"": [0.9782815853905609, 0.010000000000012485], ""objective"": 54.12408040596614, ""success"": true, ""message"": ""`ftol` termination condition is satisfied."", ""evaluations"": 17, ""inference_unavailable_reasons"": [""parameter_on_boundary""]}, {""start"": [0.75, 0.4], ""theta"": [0.9782818402079924, 0.010000000000094933], ""objective"": 54.1240804056545, ""success"": true, ""message"": ""`ftol` termination condition is satisfied."", ""evaluations"": 17, ""inference_unavailable_reasons"": [""parameter_on_boundary""]}, {""start"": [0.95, 0.7], ""theta"": [0.9782817421758361, 0.010000000000001119], ""objective"": 54.12408040534154, ""success"": true, ""message"": ""`ftol` termination condition is satisfied."", ""evaluations"": 20, ""inference_unavailable_reasons"": [""parameter_on_boundary""]}, {""start"": [0.8762, 0.2397], ""theta"": [0.9782817540371495, 0.010000000000619902], ""objective"": 54.12408040563457, ""success"": true, ""message"": ""`ftol` termination condition is satisfied."", ""evaluations"": 17, ""inference_unavailable_reasons"": [""parameter_on_boundary""]}]",d85455dc4bd33973d48cc85e77bb76e78c37f30ff8ff426a787d9f501fbaa087
360,baseline_fitted,360,11287754905602587335,0.98,0.010000000000000009,boundary,False,,22.067686503300795,0.9581179015764203,0.010000000000001563,True,False,True,False,True,2,,4,True,"[{""start"": [0.5, 0.1], ""theta"": [0.9581177443545843, 0.010000000011646831], ""objective"": 22.067686505367117, ""success"": true, ""message"": ""`ftol` termination condition is satisfied."", ""evaluations"": 23, ""inference_unavailable_reasons"": [""parameter_on_boundary""]}, {""start"": [0.75, 0.4], ""theta"": [0.9581177316502516, 0.010000000000018328], ""objective"": 22.067686503563277, ""success"": true, ""message"": ""`ftol` termination condition is satisfied."", ""evaluations"": 18, ""inference_unavailable_reasons"": [""parameter_on_boundary""]}, {""start"": [0.95, 0.7], ""theta"": [0.9581179015764203, 0.010000000000001563], ""objective"": 22.067686503300795, ""success"": true, ""message"": ""`ftol` termination condition is satisfied."", ""evaluations"": 25, ""inference_unavailable_reasons"": [""parameter_on_boundary""]}, {""start"": [0.8762, 0.2397], ""theta"": [0.9581180310280579, 0.010000000000088188], ""objective"": 22.067686503407565, ""success"": true, ""message"": ""`ftol` termination condition is satisfied."", ""evaluations"": 30, ""inference_unavailable_reasons"": [""parameter_on_boundary""]}]",097ec189f58b89f61ad1d805bd5833f5515786e395d80e110776d50f4277c12e
361,baseline_fitted,361,5854086524308929008,0.98,0.010000000000000009,boundary,False,,15.39117908533404,0.98,0.010000000000000037,True,False,True,True,True,2,,4,True,"[{""start"": [0.5, 0.1], ""theta"": [0.9799999999994884, 0.010000000000000259], ""objective"": 15.3911790854292, ""success"": true, ""message"": ""`gtol` termination condition is satisfied."", ""evaluations"": 10, ""inference_unavailable_reasons"": [""parameter_on_boundary""]}, {""start"": [0.75, 0.4], ""theta"": [0.979999999999999, 0.010000000000000064], ""objective"": 15.391179085397768, ""success"": true, ""message"": ""`gtol` termination condition is satisfied."", ""evaluations"": 10, ""inference_unavailable_reasons"": [""parameter_on_boundary""]}, {""start"": [0.95, 0.7], ""theta"": [0.98, 0.010000000000000231], ""objective"": 15.391179085336233, ""success"": true, ""message"": ""`gtol` termination condition is satisfied."", ""evaluations"": 16, ""inference_unavailable_reasons"": [""parameter_on_boundary""]}, {""start"": [0.8762, 0.2397], ""theta"": [0.98, 0.010000000000000037], ""objective"": 15.39117908533404, ""success"": true, ""message"": ""`gtol` termination condition is satisfied."", ""evaluations"": 10, ""inference_unavailable_reasons"": [""parameter_on_boundary""]}]",ed9dca0383074483768dd77831c1db395aba1bafd5634df1ac0fce63bad55184
362,baseline_fitted,362,8737056630508811153,0.98,0.010000000000000009,boundary,False,,19.514757024856028,0.9799999999999999,0.010060637277364934,True,False,True,True,False,2,,4,True,"[{""start"": [0.5, 0.1], ""theta"": [0.9799999999999999, 0.010060637277364934], ""objective"": 19.514757024856028, ""success"": true, ""message"": ""`gtol` termination condition is satisfied."", ""evaluations"": 19, ""inference_unavailable_reasons"": [""parameter_on_boundary""]}, {""start"": [0.75, 0.4], ""theta"": [0.98, 0.010060638392515142], ""objective"": 19.514757024862618, ""success"": true, ""message"": ""`gtol` termination condition is satisfied."", ""evaluations"": 17, ""inference_unavailable_reasons"": [""parameter_on_boundary""]}, {""start"": [0.95, 0.7], ""theta"": [0.98, 0.01006063621125064], ""objective"": 19.514757024863048, ""success"": true, ""message"": ""`gtol` termination condition is satisfied."", ""evaluations"": 23, ""inference_unavailable_reasons"": [""parameter_on_boundary""]}, {""start"": [0.8762, 0.2397], ""theta"": [0.98, 0.010060636948770824], ""objective"": 19.51475702486224, ""success"": true, ""message"": ""`gtol` termination condition is satisfied."", ""evaluations"": 16, ""inference_unavailable_reasons"": [""parameter_on_boundary""]}]",00013a858dbaba253ef53e5c5e51dc9561f21e20bd934bb56171529e3ebef6a0
363,baseline_fitted,363,5879668931033615730,0.98,0.010000000000000009,boundary,False,,6.91869431569302,0.9596342442113492,0.010000000000000064,True,False,True,False,True,2,,4,True,"[{""start"": [0.5, 0.1], ""theta"": [0.9596344273244664, 0.010000000000000009], ""objective"": 6.918694316014921, ""success"": true, ""message"": ""`ftol` termination condition is satisfied."", ""evaluations"": 13, ""inference_unavailable_reasons"": [""parameter_on_boundary""]}, {""start"": [0.75, 0.4], ""theta"": [0.9596342442113492, 0.010000000000000064], ""objective"": 6.91869431569302, ""success"": true, ""message"": ""`ftol` termination condition is satisfied."", ""evaluations"": 12, ""inference_unavailable_reasons"": [""parameter_on_boundary""]}, {""start"": [0.95, 0.7], ""theta"": [0.959633014648814, 0.01000000000000012], ""objective"": 6.918694316392744, ""success"": true, ""message"": ""`ftol` termination condition is satisfied."", ""evaluations"": 18, ""inference_unavailable_reasons"": [""parameter_on_boundary""]}, {""start"": [0.8762, 0.2397], ""theta"": [0.959633100636537, 0.010000000000000037], ""objective"": 6.918694316174753, ""success"": true, ""message"": ""`ftol` termination condition is satisfied."", ""evaluations"": 11, ""inference_unavailable_reasons"": [""parameter_on_boundary""]}]",474072f46d58d758048aee70709b0f01b3628a4a2f998a60656a8e31edeb91c7
364,baseline_fitted,364,12772300864055963221,0.98,0.010000000000000009,boundary,False,,39.89801624043773,0.9763169802849362,0.010000000000464165,True,False,True,False,True,2,,4,True,"[{""start"": [0.5, 0.1], ""theta"": [0.9763166353813626, 0.010000000015755697], ""objective"": 39.89801625462969, ""success"": true, ""message"": ""`ftol` termination condition is satisfied."", ""evaluations"": 24, ""inference_unavailable_reasons"": [""parameter_on_boundary""]}, {""start"": [0.75, 0.4], ""theta"": [0.9763170623251478, 0.010000000000829457], ""objective"": 39.8980162411424, ""success"": true, ""message"": ""`ftol` termination condition is satisfied."", ""evaluations"": 15, ""inference_unavailable_reasons"": [""parameter_on_boundary""]}, {""start"": [0.95, 0.7], ""theta"": [0.9763170554922815, 0.010000000000007891], ""objective"": 39.89801624046838, ""success"": true, ""message"": ""`ftol` termination condition is satisfied."", ""evaluations"": 24, ""inference_unavailable_reasons"": [""parameter_on_boundary""]}, {""start"": [0.8762, 0.2397], ""theta"": [0.9763169802849362, 0.010000000000464165], ""objective"": 39.89801624043773, ""success"": true, ""message"": ""`ftol` termination condition is satisfied."", ""evaluations"": 16, ""inference_unavailable_reasons"": [""parameter_on_boundary""]}]",8099a9e2c638e12cf99eb325c7dbfb429d1706296bab9d1dc1257405033ae354
365,baseline_fitted,365,2958018556602205189,0.98,0.010000000000000009,boundary,False,,61.466311399922404,0.98,0.010000000000000009,True,False,True,True,True,2,,4,True,"[{""start"": [0.5, 0.1], ""theta"": [0.98, 0.010000000000000009], ""objective"": 61.466311399922404, ""success"": true, ""message"": ""`gtol` termination condition is satisfied."", ""evaluations"": 9, ""inference_unavailable_reasons"": [""parameter_on_boundary""]}, {""start"": [0.75, 0.4], ""theta"": [0.98, 0.010000000000000064], ""objective"": 61.466311399922404, ""success"": true, ""message"": ""`gtol` termination condition is satisfied."", ""evaluations"": 9, ""inference_unavailable_reasons"": [""parameter_on_boundary""]}, {""start"": [0.95, 0.7], ""theta"": [0.98, 0.01000000000000012], ""objective"": 61.466311399922404, ""success"": true, ""message"": ""`gtol` termination condition is satisfied."", ""evaluations"": 14, ""inference_unavailable_reasons"": [""parameter_on_boundary""]}, {""start"": [0.8762, 0.2397], ""theta"": [0.98, 0.010000000000000092], ""objective"": 61.466311399922404, ""success"": true, ""message"": ""`gtol` termination condition is satisfied."", ""evaluations"": 9, ""inference_unavailable_reasons"": [""parameter_on_boundary""]}]",0d509ee2fd9d52035542e4fad48ddc3a74ab9c740ce924506616dc3f6b9fc4a7
366,baseline_fitted,366,229178560873947321,0.98,0.010000000000000009,regular,False,,4.842905926820809,0.9767414348134549,0.03585533328170437,True,True,False,False,False,2,0.6791272205209646,4,True,"[{""start"": [0.5, 0.1], ""theta"": [0.9767411353637667, 0.03585582502340834], ""objective"": 4.842905926945553, ""success"": true, ""message"": ""`ftol` termination condition is satisfied."", ""evaluations"": 12, ""inference_unavailable_reasons"": []}, {""start"": [0.75, 0.4], ""theta"": [0.9767411781412738, 0.03585575477833508], ""objective"": 4.8429059268750105, ""success"": true, ""message"": ""`ftol` termination condition is satisfied."", ""evaluations"": 12, ""inference_unavailable_reasons"": []}, {""start"": [0.95, 0.7], ""theta"": [0.9767414905860644, 0.03585524169507015], ""objective"": 4.842905926897302, ""success"": true, ""message"": ""`ftol` termination condition is satisfied."", ""evaluations"": 17, ""inference_unavailable_reasons"": []}, {""start"": [0.8762, 0.2397], ""theta"": [0.9767414348134549, 0.03585533328170437], ""objective"": 4.842905926820809, ""success"": true, ""message"": ""`ftol` termination condition is satisfied."", ""evaluations"": 10, ""inference_unavailable_reasons"": []}]",de5393ee592a7713c3b295f567d57f7270c6bbe19b76b411bfbd9ab83a132d69
367,baseline_fitted,367,15054715897904156428,0.98,0.010000000000000009,boundary,False,,90.2595931804835,0.98,0.010000000000000064,True,False,True,True,True,2,,4,True,"[{""start"": [0.5, 0.1], ""theta"": [0.9799999999999351, 0.010000000000000009], ""objective"": 90.25959318068435, ""success"": true, ""message"": ""`gtol` termination condition is satisfied."", ""evaluations"": 11, ""inference_unavailable_reasons"": [""parameter_on_boundary""]}, {""start"": [0.75, 0.4], ""theta"": [0.98, 0.010000000000000064], ""objective"": 90.2595931804835, ""success"": true, ""message"": ""`gtol` termination condition is satisfied."", ""evaluations"": 10, ""inference_unavailable_reasons"": [""parameter_on_boundary""]}, {""start"": [0.95, 0.7], ""theta"": [0.98, 0.01000000000000012], ""objective"": 90.2595931804835, ""success"": true, ""message"": ""`gtol` termination condition is satisfied."", ""evaluations"": 15, ""inference_unavailable_reasons"": [""parameter_on_boundary""]}, {""start"": [0.8762, 0.2397], ""theta"": [0.98, 0.010000000000000037], ""objective"": 90.2595931804835, ""success"": true, ""message"": ""`gtol` termination condition is satisfied."", ""evaluations"": 9, ""inference_unavailable_reasons"": [""parameter_on_boundary""]}]",af3e9d5321a730e62d02a9cad1fe0cedd2da8027cb0cffe977e8ce2dad1ce3a1
368,baseline_fitted,368,4553830210617849737,0.98,0.010000000000000009,boundary,False,,3.933647218994513,0.98,0.010000000000000009,True,False,True,True,True,2,,4,True,"[{""start"": [0.5, 0.1], ""theta"": [0.98, 0.010000000000000009], ""objective"": 3.933647218994513, ""success"": true, ""message"": ""`gtol` termination condition is satisfied."", ""evaluations"": 14, ""inference_unavailable_reasons"": [""parameter_on_boundary""]}, {""start"": [0.75, 0.4], ""theta"": [0.98, 0.01000000000000012], ""objective"": 3.933647218994513, ""success"": true, ""message"": ""`gtol` termination condition is satisfied."", ""evaluations"": 12, ""inference_unavailable_reasons"": [""parameter_on_boundary""]}, {""start"": [0.95, 0.7], ""theta"": [0.98, 0.010000000000008114], ""objective"": 3.93364721899504, ""success"": true, ""message"": ""`gtol` termination condition is satisfied."", ""evaluations"": 17, ""inference_unavailable_reasons"": [""parameter_on_boundary""]}, {""start"": [0.8762, 0.2397], ""theta"": [0.98, 0.010000000000000064], ""objective"": 3.933647218994513, ""success"": true, ""message"": ""`gtol` termination condition is satisfied."", ""evaluations"": 11, ""inference_unavailable_reasons"": [""parameter_on_boundary""]}]",358b7c42a8bbeb3faf3506be7f5211ef37fc9b039c1946fd0dea4d6fbad452fb
369,baseline_fitted,369,8745069780656392019,0.98,0.010000000000000009,boundary,False,,63.223476485393306,0.9799999999999999,0.010000000000000009,True,False,True,True,True,2,,4,True,"[{""start"": [0.5, 0.1], ""theta"": [0.9799999999999999, 0.010000000000000009], ""objective"": 63.223476485393306, ""success"": true, ""message"": ""`gtol` termination condition is satisfied."", ""evaluations"": 11, ""inference_unavailable_reasons"": [""parameter_on_boundary""]}, {""start"": [0.75, 0.4], ""theta"": [0.98, 0.010000000000000064], ""objective"": 63.22347648541723, ""success"": true, ""message"": ""`gtol` termination condition is satisfied."", ""evaluations"": 10, ""inference_unavailable_reasons"": [""parameter_on_boundary""]}, {""start"": [0.95, 0.7], ""theta"": [0.98, 0.01000000000000012], ""objective"": 63.22347648541723, ""success"": true, ""message"": ""`gtol` termination condition is satisfied."", ""evaluations"": 15, ""inference_unavailable_reasons"": [""parameter_on_boundary""]}, {""start"": [0.8762, 0.2397], ""theta"": [0.9799999999999986, 0.010000000000000037], ""objective"": 63.22347648547095, ""success"": true, ""message"": ""`gtol` termination condition is satisfied."", ""evaluations"": 9, ""inference_unavailable_reasons"": [""parameter_on_boundary""]}]",cd957155b3c0db7776e8cb95c08624c544147b3f9c88ec611ff4a26c07110de6
370,baseline_fitted,370,12949890974828870497,0.98,0.010000000000000009,boundary,False,,3.5160388372156457,0.9494006229678941,0.01000000000000012,True,False,True,False,True,2,,4,True,"[{""start"": [0.5, 0.1], ""theta"": [0.9494006220070658, 0.010000000000000009], ""objective"": 3.5160388372287357, ""success"": true, ""message"": ""`ftol` termination condition is satisfied."", ""evaluations"": 11, ""inference_unavailable_reasons"": [""parameter_on_boundary""]}, {""start"": [0.75, 0.4], ""theta"": [0.9494006175296223, 0.010000000000000064], ""objective"": 3.516038837223001, ""success"": true, ""message"": ""`ftol` termination condition is satisfied."", ""evaluations"": 10, ""inference_unavailable_reasons"": [""parameter_on_boundary""]}, {""start"": [0.95, 0.7], ""theta"": [0.9494006229678941, 0.01000000000000012], ""objective"": 3.5160388372156457, ""success"": true, ""message"": ""`ftol` termination condition is satisfied."", ""evaluations"": 16, ""inference_unavailable_reasons"": [""parameter_on_boundary""]}, {""start"": [0.8762, 0.2397], ""theta"": [0.9494006208875742, 0.010000000000000037], ""objective"": 3.5160388372318083, ""success"": true, ""message"": ""`ftol` termination condition is satisfied."", ""evaluations"": 10, ""inference_unavailable_reasons"": [""parameter_on_boundary""]}]",19667910d147bf6b5569be40702e1f1a6b1371b77f6800b6e2254cbff375a494
371,baseline_fitted,371,426359444305409353,0.98,0.010000000000000009,boundary,False,,13.116617326688734,0.9799999999999998,0.01000000000000012,True,False,True,True,True,2,,4,True,"[{""start"": [0.5, 0.1], ""theta"": [0.9799999999999864, 0.010000000000000009], ""objective"": 13.116617326736922, ""success"": true, ""message"": ""`gtol` termination condition is satisfied."", ""evaluations"": 11, ""inference_unavailable_reasons"": [""parameter_on_boundary""]}, {""start"": [0.75, 0.4], ""theta"": [0.9799999999997026, 0.010000000000000342], ""objective"": 13.116617326805244, ""success"": true, ""message"": ""`gtol` termination condition is satisfied."", ""evaluations"": 10, ""inference_unavailable_reasons"": [""parameter_on_boundary""]}, {""start"": [0.95, 0.7], ""theta"": [0.9799999999999998, 0.01000000000000012], ""objective"": 13.116617326688734, ""success"": true, ""message"": ""`gtol` termination condition is satisfied."", ""evaluations"": 16, ""inference_unavailable_reasons"": [""parameter_on_boundary""]}, {""start"": [0.8762, 0.2397], ""theta"": [0.9799999999999998, 0.010000000000000037], ""objective"": 13.116617326688734, ""success"": true, ""message"": ""`gtol` termination condition is satisfied."", ""evaluations"": 10, ""inference_unavailable_reasons"": [""parameter_on_boundary""]}]",8b385d09985f9b8fc66b75e541a921ad88495c66453ec837fdd13a6c90b4cec9
372,baseline_fitted,372,9320293650540668479,0.98,0.010000000000000009,boundary,False,,35.169589833058595,0.98,0.010000000000000009,True,False,True,True,True,2,,4,True,"[{""start"": [0.5, 0.1], ""theta"": [0.98, 0.010000000000000009], ""objective"": 35.169589833058595, ""success"": true, ""message"": ""`gtol` termination condition is satisfied."", ""evaluations"": 11, ""inference_unavailable_reasons"": [""parameter_on_boundary""]}, {""start"": [0.75, 0.4], ""theta"": [0.979999999999999, 0.010000000000009779], ""objective"": 35.169589833166, ""success"": true, ""message"": ""`gtol` termination condition is satisfied."", ""evaluations"": 9, ""inference_unavailable_reasons"": [""parameter_on_boundary""]}, {""start"": [0.95, 0.7], ""theta"": [0.98, 0.01000000000000012], ""objective"": 35.169589833058595, ""success"": true, ""message"": ""`gtol` termination condition is satisfied."", ""evaluations"": 16, ""inference_unavailable_reasons"": [""parameter_on_boundary""]}, {""start"": [0.8762, 0.2397], ""theta"": [0.9799999999999981, 0.010000000000014941], ""objective"": 35.16958983312363, ""success"": true, ""message"": ""`gtol` termination condition is satisfied."", ""evaluations"": 8, ""inference_unavailable_reasons"": [""parameter_on_boundary""]}]",7fbb7d0875f68eacc48cb5fa69e18d494b93c709a988324e9121b9d4e8ab5991
373,baseline_fitted,373,17269343925092370756,0.98,0.010000000000000009,boundary,False,,29.77615142584896,0.9720780652965593,0.010000000000000064,True,False,True,False,True,2,,4,True,"[{""start"": [0.5, 0.1], ""theta"": [0.9720778793900964, 0.010000000000026099], ""objective"": 29.7761514263824, ""success"": true, ""message"": ""`ftol` termination condition is satisfied."", ""evaluations"": 26, ""inference_unavailable_reasons"": [""parameter_on_boundary""]}, {""start"": [0.75, 0.4], ""theta"": [0.9720780652965593, 0.010000000000000064], ""objective"": 29.77615142584896, ""success"": true, ""message"": ""`xtol` termination condition is satisfied."", ""evaluations"": 30, ""inference_unavailable_reasons"": [""parameter_on_boundary""]}, {""start"": [0.95, 0.7], ""theta"": [0.9720778700306772, 0.0100000000001631], ""objective"": 29.776151426553504, ""success"": true, ""message"": ""`ftol` termination condition is satisfied."", ""evaluations"": 27, ""inference_unavailable_reasons"": [""parameter_on_boundary""]}, {""start"": [0.8762, 0.2397], ""theta"": [0.9720781038100121, 0.010000000014116855], ""objective"": 29.7761514297801, ""success"": true, ""message"": ""`ftol` termination condition is satisfied."", ""evaluations"": 19, ""inference_unavailable_reasons"": [""parameter_on_boundary""]}]",193e197c336378514a7aec26d1ead59c74374e8485d5daf58337d67da4411f63
374,baseline_fitted,374,7426917751134774046,0.98,0.010000000000000009,boundary,False,,60.47452411931784,0.9643195667558341,0.01000000000024881,True,False,True,False,True,2,,4,True,"[{""start"": [0.5, 0.1], ""theta"": [0.9643206370411492, 0.010000000014014479], ""objective"": 60.4745241284334, ""success"": true, ""message"": ""`ftol` termination condition is satisfied."", ""evaluations"": 23, ""inference_unavailable_reasons"": [""parameter_on_boundary""]}, {""start"": [0.75, 0.4], ""theta"": [0.9643195667558341, 0.01000000000024881], ""objective"": 60.47452411931784, ""success"": true, ""message"": ""`ftol` termination condition is satisfied."", ""evaluations"": 26, ""inference_unavailable_reasons"": [""parameter_on_boundary""]}, {""start"": [0.95, 0.7], ""theta"": [0.9643202168327085, 0.010000000020533917], ""objective"": 60.47452412350723, ""success"": true, ""message"": ""`ftol` termination condition is satisfied."", ""evaluations"": 31, ""inference_unavailable_reasons"": [""parameter_on_boundary""]}, {""start"": [0.8762, 0.2397], ""theta"": [0.9643197661108742, 0.010000000000067594], ""objective"": 60.47452411938242, ""success"": true, ""message"": ""`ftol` termination condition is satisfied."", ""evaluations"": 20, ""inference_unavailable_reasons"": [""parameter_on_boundary""]}]",b0a9801f9139894ca643d7594721fdcd4ccab77c3686c0e1959895193de1ab37
375,baseline_fitted,375,14383891357417889531,0.98,0.010000000000000009,regular,False,,13.670317796592974,0.8461808281200153,0.1281518050399303,True,True,False,False,False,2,0.05736554458448901,4,True,"[{""start"": [0.5, 0.1], ""theta"": [0.8461807223300002, 0.12815195387162173], ""objective"": 13.67031779665514, ""success"": true, ""message"": ""`ftol` termination condition is satisfied."", ""evaluations"": 12, ""inference_unavailable_reasons"": []}, {""start"": [0.75, 0.4], ""theta"": [0.8461807867940927, 0.1281518629923853], ""objective"": 13.670317796623168, ""success"": true, ""message"": ""`ftol` termination condition is satisfied."", ""evaluations"": 11, ""inference_unavailable_reasons"": []}, {""start"": [0.95, 0.7], ""theta"": [0.8461800876631481, 0.1281528482533819], ""objective"": 13.670317797182712, ""success"": true, ""message"": ""`ftol` termination condition is satisfied."", ""evaluations"": 17, ""inference_unavailable_reasons"": []}, {""start"": [0.8762, 0.2397], ""theta"": [0.8461808281200153, 0.1281518050399303], ""objective"": 13.670317796592974, ""success"": true, ""message"": ""`ftol` termination condition is satisfied."", ""evaluations"": 11, ""inference_unavailable_reasons"": []}]",c505c020ce8d015de643b1137e77510692c74e0540e4f0f8ddcf21b9cf598206
376,baseline_fitted,376,14555099369046068200,0.98,0.010000000000000009,boundary,False,,8.553642888567467,0.98,0.014237872251240624,True,False,True,True,False,2,,4,True,"[{""start"": [0.5, 0.1], ""theta"": [0.98, 0.0142378722235591], ""objective"": 8.553642888568348, ""success"": true, ""message"": ""`ftol` termination condition is satisfied."", ""evaluations"": 13, ""inference_unavailable_reasons"": [""parameter_on_boundary""]}, {""start"": [0.75, 0.4], ""theta"": [0.98, 0.014237872218964387], ""objective"": 8.55364288856821, ""success"": true, ""message"": ""`gtol` termination condition is satisfied."", ""evaluations"": 12, ""inference_unavailable_reasons"": [""parameter_on_boundary""]}, {""start"": [0.95, 0.7], ""theta"": [0.98, 0.014237872251240624], ""objective"": 8.553642888567467, ""success"": true, ""message"": ""`gtol` termination condition is satisfied."", ""evaluations"": 17, ""inference_unavailable_reasons"": [""parameter_on_boundary""]}, {""start"": [0.8762, 0.2397], ""theta"": [0.98, 0.014237872225313003], ""objective"": 8.553642888568133, ""success"": true, ""message"": ""`gtol` termination condition is satisfied."", ""evaluations"": 11, ""inference_unavailable_reasons"": [""parameter_on_boundary""]}]",d9d75311fb0733bb0bcbcb7e30ea37cdd394c7a5b382bb48c9a6737fb802337f
377,baseline_fitted,377,3301034313550798530,0.98,0.010000000000000009,boundary,False,,9.934412924200892,0.9799999999999998,0.010000000000000064,True,False,True,True,True,2,,4,True,"[{""start"": [0.5, 0.1], ""theta"": [0.9799999999901418, 0.010000000000000703], ""objective"": 9.934412925282265, ""success"": true, ""message"": ""`gtol` termination condition is satisfied."", ""evaluations"": 10, ""inference_unavailable_reasons"": [""parameter_on_boundary""]}, {""start"": [0.75, 0.4], ""theta"": [0.9799999999999998, 0.010000000000000064], ""objective"": 9.934412924200892, ""success"": true, ""message"": ""`gtol` termination condition is satisfied."", ""evaluations"": 10, ""inference_unavailable_reasons"": [""parameter_on_boundary""]}, {""start"": [0.95, 0.7], ""theta"": [0.98, 0.01000000000000012], ""objective"": 9.934412924220291, ""success"": true, ""message"": ""`gtol` termination condition is satisfied."", ""evaluations"": 16, ""inference_unavailable_reasons"": [""parameter_on_boundary""]}, {""start"": [0.8762, 0.2397], ""theta"": [0.9799999999999811, 0.010000000000000064], ""objective"": 9.934412924222162, ""success"": true, ""message"": ""`gtol` termination condition is satisfied."", ""evaluations"": 10, ""inference_unavailable_reasons"": [""parameter_on_boundary""]}]",f37dac3f657642da621234e2fe5e3286395e05e1c6ce723b35b2786160a849f0
378,baseline_fitted,378,3770302595447376519,0.98,0.010000000000000009,boundary,False,,12.39933839542011,0.9782054219964632,0.01000000000000012,True,False,True,False,True,2,,4,True,"[{""start"": [0.5, 0.1], ""theta"": [0.9782054784108434, 0.01000000001621068], ""objective"": 12.399338399578255, ""success"": true, ""message"": ""`ftol` termination condition is satisfied."", ""evaluations"": 25, ""inference_unavailable_reasons"": [""parameter_on_boundary""]}, {""start"": [0.75, 0.4], ""theta"": [0.9782052829414905, 0.010000000020734923], ""objective"": 12.399338401448407, ""success"": true, ""message"": ""`ftol` termination condition is satisfied."", ""evaluations"": 24, ""inference_unavailable_reasons"": [""parameter_on_boundary""]}, {""start"": [0.95, 0.7], ""theta"": [0.9782054219964632, 0.01000000000000012], ""objective"": 12.39933839542011, ""success"": true, ""message"": ""`ftol` termination condition is satisfied."", ""evaluations"": 25, ""inference_unavailable_reasons"": [""parameter_on_boundary""]}, {""start"": [0.8762, 0.2397], ""theta"": [0.9782056691780543, 0.010000000000013554], ""objective"": 12.399338395980884, ""success"": true, ""message"": ""`ftol` termination condition is satisfied."", ""evaluations"": 22, ""inference_unavailable_reasons"": [""parameter_on_boundary""]}]",1ac4ad9e4a2a6e8328f2982754b57eb57e9813c46b5e18d20c690ce5c54ed0a6
379,baseline_fitted,379,3631058135110202464,0.98,0.010000000000000009,boundary,False,,10.798507764420092,0.9665394029412722,0.01000000000000012,True,False,True,False,True,2,,4,True,"[{""start"": [0.5, 0.1], ""theta"": [0.9665394032488382, 0.010000000000000009], ""objective"": 10.798507764427287, ""success"": true, ""message"": ""`ftol` termination condition is satisfied."", ""evaluations"": 12, ""inference_unavailable_reasons"": [""parameter_on_boundary""]}, {""start"": [0.75, 0.4], ""theta"": [0.9665394029412722, 0.01000000000000012], ""objective"": 10.798507764420092, ""success"": true, ""message"": ""`ftol` termination condition is satisfied."", ""evaluations"": 12, ""inference_unavailable_reasons"": [""parameter_on_boundary""]}, {""start"": [0.95, 0.7], ""theta"": [0.9665394036520171, 0.01000000000000012], ""objective"": 10.798507764436744, ""success"": true, ""message"": ""`ftol` termination condition is satisfied."", ""evaluations"": 17, ""inference_unavailable_reasons"": [""parameter_on_boundary""]}, {""start"": [0.8762, 0.2397], ""theta"": [0.9665394067389597, 0.010000000000000786], ""objective"": 10.798507764420233, ""success"": true, ""message"": ""`ftol` termination condition is satisfied."", ""evaluations"": 15, ""inference_unavailable_reasons"": [""parameter_on_boundary""]}]",9b099e4aeab19f581e98f9210a271086e53ffe19872f6f339fbeae69b8d3979c
380,baseline_fitted,380,4421802281193803445,0.98,0.010000000000000009,boundary,False,,34.67842850690877,0.98,0.010000000000000064,True,False,True,True,True,2,,4,True,"[{""start"": [0.5, 0.1], ""theta"": [0.9799999999977305, 0.010000000000046458], ""objective"": 34.678428508245645, ""success"": true, ""message"": ""`gtol` termination condition is satisfied."", ""evaluations"": 10, ""inference_unavailable_reasons"": [""parameter_on_boundary""]}, {""start"": [0.75, 0.4], ""theta"": [0.98, 0.010000000000000064], ""objective"": 34.67842850690877, ""success"": true, ""message"": ""`gtol` termination condition is satisfied."", ""evaluations"": 9, ""inference_unavailable_reasons"": [""parameter_on_boundary""]}, {""start"": [0.95, 0.7], ""theta"": [0.9799999999985473, 0.010000000000012776], ""objective"": 34.6784285078204, ""success"": true, ""message"": ""`gtol` termination condition is satisfied."", ""evaluations"": 14, ""inference_unavailable_reasons"": [""parameter_on_boundary""]}, {""start"": [0.8762, 0.2397], ""theta"": [0.979999999999766, 0.01000000000000692], ""objective"": 34.6784285070957, ""success"": true, ""message"": ""`gtol` termination condition is satisfied."", ""evaluations"": 9, ""inference_unavailable_reasons"": [""parameter_on_boundary""]}]",09a6756bf2d08995afeebc5f7c3c7d260f8a13df6e70b09634c0fc4fa7e72ab8
381,baseline_fitted,381,17824604429476133274,0.98,0.010000000000000009,boundary,False,,5.0688211346225405,0.9684424889327358,0.010000000000000064,True,False,True,False,True,2,,4,True,"[{""start"": [0.5, 0.1], ""theta"": [0.9684438629785757, 0.010000000000000009], ""objective"": 5.068821135148692, ""success"": true, ""message"": ""`ftol` termination condition is satisfied."", ""evaluations"": 12, ""inference_unavailable_reasons"": [""parameter_on_boundary""]}, {""start"": [0.75, 0.4], ""theta"": [0.9684424889327358, 0.010000000000000064], ""objective"": 5.0688211346225405, ""success"": true, ""message"": ""`ftol` termination condition is satisfied."", ""evaluations"": 14, ""inference_unavailable_reasons"": [""parameter_on_boundary""]}, {""start"": [0.95, 0.7], ""theta"": [0.9684422993475718, 0.01000000000000012], ""objective"": 5.068821135649181, ""success"": true, ""message"": ""`ftol` termination condition is satisfied."", ""evaluations"": 21, ""inference_unavailable_reasons"": [""parameter_on_boundary""]}, {""start"": [0.8762, 0.2397], ""theta"": [0.9684423575934054, 0.010000000000000064], ""objective"": 5.068821135303471, ""success"": true, ""message"": ""`ftol` termination condition is satisfied."", ""evaluations"": 18, ""inference_unavailable_reasons"": [""parameter_on_boundary""]}]",61006a71b02cc675dcf3a7a00cdd0aea024e1d4b1c7ff4f2e09d5cf57a8d3693
382,baseline_fitted,382,10381092248403523570,0.98,0.010000000000000009,boundary,False,,33.99892308540332,0.9799999999999999,0.01000000000000012,True,False,True,True,True,2,,4,True,"[{""start"": [0.5, 0.1], ""theta"": [0.979999999999996, 0.010000000000000009], ""objective"": 33.99892308540524, ""success"": true, ""message"": ""`gtol` termination condition is satisfied."", ""evaluations"": 10, ""inference_unavailable_reasons"": [""parameter_on_boundary""]}, {""start"": [0.75, 0.4], ""theta"": [0.98, 0.01000000000000012], ""objective"": 33.99892308540831, ""success"": true, ""message"": ""`gtol` termination condition is satisfied."", ""evaluations"": 10, ""inference_unavailable_reasons"": [""parameter_on_boundary""]}, {""start"": [0.95, 0.7], ""theta"": [0.9799999999999999, 0.01000000000000012], ""objective"": 33.99892308540332, ""success"": true, ""message"": ""`gtol` termination condition is satisfied."", ""evaluations"": 15, ""inference_unavailable_reasons"": [""parameter_on_boundary""]}, {""start"": [0.8762, 0.2397], ""theta"": [0.9799999999993658, 0.010000000000010167], ""objective"": 33.99892308559563, ""success"": true, ""message"": ""`gtol` termination condition is satisfied."", ""evaluations"": 9, ""inference_unavailable_reasons"": [""parameter_on_boundary""]}]",11358e37b78209284959d1684efa521f4f277cd45682b45dab5502d2587e893c
383,baseline_fitted,383,17320491715291670348,0.98,0.010000000000000009,boundary,False,,130.45500451808925,0.9799999999999999,0.010000000000000037,True,False,True,True,True,2,,4,True,"[{""start"": [0.5, 0.1], ""theta"": [0.9799999999999347, 0.010000000000000009], ""objective"": 130.45500451821482, ""success"": true, ""message"": ""`gtol` termination condition is satisfied."", ""evaluations"": 12, ""inference_unavailable_reasons"": [""parameter_on_boundary""]}, {""start"": [0.75, 0.4], ""theta"": [0.9799999999967164, 0.010000000000000064], ""objective"": 130.45500451832964, ""success"": true, ""message"": ""`gtol` termination condition is satisfied."", ""evaluations"": 11, ""inference_unavailable_reasons"": [""parameter_on_boundary""]}, {""start"": [0.95, 0.7], ""theta"": [0.979999999999999, 0.01000000000000012], ""objective"": 130.45500451830435, ""success"": true, ""message"": ""`gtol` termination condition is satisfied."", ""evaluations"": 17, ""inference_unavailable_reasons"": [""parameter_on_boundary""]}, {""start"": [0.8762, 0.2397], ""theta"": [0.9799999999999999, 0.010000000000000037], ""objective"": 130.45500451808925, ""success"": true, ""message"": ""`gtol` termination condition is satisfied."", ""evaluations"": 12, ""inference_unavailable_reasons"": [""parameter_on_boundary""]}]",03142f6ac2e9782ecb40f6e4fff3b29d218f036031199c7327b9f5a2cc91f6e7
384,baseline_fitted,384,3572467455223133417,0.98,0.010000000000000009,boundary,False,,46.685703349682356,0.98,0.01000000000000012,True,False,True,True,True,2,,4,True,"[{""start"": [0.5, 0.1], ""theta"": [0.98, 0.010000000000002021], ""objective"": 46.685703349684765, ""success"": true, ""message"": ""`gtol` termination condition is satisfied."", ""evaluations"": 13, ""inference_unavailable_reasons"": [""parameter_on_boundary""]}, {""start"": [0.75, 0.4], ""theta"": [0.98, 0.010000000000604747], ""objective"": 46.68570334973831, ""success"": true, ""message"": ""`gtol` termination condition is satisfied."", ""evaluations"": 11, ""inference_unavailable_reasons"": [""parameter_on_boundary""]}, {""start"": [0.95, 0.7], ""theta"": [0.98, 0.01000000000000012], ""objective"": 46.685703349682356, ""success"": true, ""message"": ""`gtol` termination condition is satisfied."", ""evaluations"": 17, ""inference_unavailable_reasons"": [""parameter_on_boundary""]}, {""start"": [0.8762, 0.2397], ""theta"": [0.98, 0.010000000000000064], ""objective"": 46.685703349682356, ""success"": true, ""message"": ""`gtol` termination condition is satisfied."", ""evaluations"": 11, ""inference_unavailable_reasons"": [""parameter_on_boundary""]}]",e998c16a427943a0812481ad769b93938d28f9aaeede8aea25d37f02fd4dc238
385,baseline_fitted,385,3858745164529327590,0.98,0.010000000000000009,regular,False,,5.133343467763035,0.9799399167484513,0.034027864555729814,True,True,False,False,False,2,0.6436945479768613,4,True,"[{""start"": [0.5, 0.1], ""theta"": [0.9799399123381849, 0.03402787253873141], ""objective"": 5.13334346777129, ""success"": true, ""message"": ""`ftol` termination condition is satisfied."", ""evaluations"": 13, ""inference_unavailable_reasons"": []}, {""start"": [0.75, 0.4], ""theta"": [0.9799399154945937, 0.034027866824380026], ""objective"": 5.133343467764611, ""success"": true, ""message"": ""`ftol` termination condition is satisfied."", ""evaluations"": 11, ""inference_unavailable_reasons"": []}, {""start"": [0.95, 0.7], ""theta"": [0.9799399167484513, 0.034027864555729814], ""objective"": 5.133343467763035, ""success"": true, ""message"": ""`ftol` termination condition is satisfied."", ""evaluations"": 17, ""inference_unavailable_reasons"": []}, {""start"": [0.8762, 0.2397], ""theta"": [0.9799399135446598, 0.03402787035607799], ""objective"": 5.133343467766737, ""success"": true, ""message"": ""`ftol` termination condition is satisfied."", ""evaluations"": 10, ""inference_unavailable_reasons"": []}]",ba30b44bb471cf2ba3b5bb9bde8c4878a2cfe3ffd6f0a3cc6af4d636cca2aa1b
386,baseline_fitted,386,15474147152650625712,0.98,0.010000000000000009,boundary,False,,6.7053057190046434,0.98,0.010000000000000009,True,False,True,True,True,2,,4,True,"[{""start"": [0.5, 0.1], ""theta"": [0.9799999999999772, 0.010000000000000037], ""objective"": 6.705305719008959, ""success"": true, ""message"": ""`gtol` termination condition is satisfied."", ""evaluations"": 14, ""inference_unavailable_reasons"": [""parameter_on_boundary""]}, {""start"": [0.75, 0.4], ""theta"": [0.98, 0.010000000000000009], ""objective"": 6.7053057190046434, ""success"": true, ""message"": ""`gtol` termination condition is satisfied."", ""evaluations"": 13, ""inference_unavailable_reasons"": [""parameter_on_boundary""]}, {""start"": [0.95, 0.7], ""theta"": [0.979999999998332, 0.010000000000000897], ""objective"": 6.705305719135419, ""success"": true, ""message"": ""`gtol` termination condition is satisfied."", ""evaluations"": 17, ""inference_unavailable_reasons"": [""parameter_on_boundary""]}, {""start"": [0.8762, 0.2397], ""theta"": [0.9799999999999346, 0.010000000000000092], ""objective"": 6.705305719013634, ""success"": true, ""message"": ""`gtol` termination condition is satisfied."", ""evaluations"": 10, ""inference_unavailable_reasons"": [""parameter_on_boundary""]}]",71798c33a97b0d3f0271bfd3c9d606cf193609be144e00e6e7e52cffe7ad9982
387,baseline_fitted,387,8147036217027212443,0.98,0.010000000000000009,boundary,False,,9.807258573548694,0.9725677590510518,0.01000000000000012,True,False,True,False,True,2,,4,True,"[{""start"": [0.5, 0.1], ""theta"": [0.9725674350151913, 0.010000000000000009], ""objective"": 9.807258577983244, ""success"": true, ""message"": ""`ftol` termination condition is satisfied."", ""evaluations"": 26, ""inference_unavailable_reasons"": [""parameter_on_boundary""]}, {""start"": [0.75, 0.4], ""theta"": [0.9725677184450533, 0.010000000000000064], ""objective"": 9.807258574051541, ""success"": true, ""message"": ""`ftol` termination condition is satisfied."", ""evaluations"": 25, ""inference_unavailable_reasons"": [""parameter_on_boundary""]}, {""start"": [0.95, 0.7], ""theta"": [0.9725677590510518, 0.01000000000000012], ""objective"": 9.807258573548694, ""success"": true, ""message"": ""`ftol` termination condition is satisfied."", ""evaluations"": 31, ""inference_unavailable_reasons"": [""parameter_on_boundary""]}, {""start"": [0.8762, 0.2397], ""theta"": [0.9725696574049181, 0.010000000000000037], ""objective"": 9.807258573624008, ""success"": true, ""message"": ""`ftol` termination condition is satisfied."", ""evaluations"": 26, ""inference_unavailable_reasons"": [""parameter_on_boundary""]}]",d3ea2b335025e002c386d0efd4534a6421faaf0c649170a6a12c0fcf9b21b2d8
388,baseline_fitted,388,12096889061037007851,0.98,0.010000000000000009,regular,False,,28.173379722420183,0.9121565064058392,0.14110734410045914,True,True,False,False,False,2,0.0002045388134227993,4,True,"[{""start"": [0.5, 0.1], ""theta"": [0.9121565064058392, 0.14110734410045914], ""objective"": 28.173379722420183, ""success"": true, ""message"": ""`ftol` termination condition is satisfied."", ""evaluations"": 15, ""inference_unavailable_reasons"": []}, {""start"": [0.75, 0.4], ""theta"": [0.9121564355029705, 0.1411074884773269], ""objective"": 28.17337972248945, ""success"": true, ""message"": ""`ftol` termination condition is satisfied."", ""evaluations"": 13, ""inference_unavailable_reasons"": []}, {""start"": [0.95, 0.7], ""theta"": [0.9121560872474308, 0.14110819736513458], ""objective"": 28.173379722981842, ""success"": true, ""message"": ""`ftol` termination condition is satisfied."", ""evaluations"": 18, ""inference_unavailable_reasons"": []}, {""start"": [0.8762, 0.2397], ""theta"": [0.91215644311027, 0.14110747303587767], ""objective"": 28.17337972247756, ""success"": true, ""message"": ""`ftol` termination condition is satisfied."", ""evaluations"": 11, ""inference_unavailable_reasons"": []}]",c28fb34c496f06da140d07973c788c9632992ceac22f0897657febf766ecf009
389,baseline_fitted,389,142436391949370020,0.98,0.010000000000000009,regular,False,,1.1941012076140376,0.9789587514090784,0.013600103474867176,True,True,False,False,False,2,0.9910620824756984,4,True,"[{""start"": [0.5, 0.1], ""theta"": [0.9789587516347197, 0.013600103271800945], ""objective"": 1.1941012076148882, ""success"": true, ""message"": ""`ftol` termination condition is satisfied."", ""evaluations"": 15, ""inference_unavailable_reasons"": []}, {""start"": [0.75, 0.4], ""theta"": [0.9789587514916898, 0.013600103397396979], ""objective"": 1.1941012076146245, ""success"": true, ""message"": ""`ftol` termination condition is satisfied."", ""evaluations"": 13, ""inference_unavailable_reasons"": []}, {""start"": [0.95, 0.7], ""theta"": [0.9789587514090784, 0.013600103474867176], ""objective"": 1.1941012076140376, ""success"": true, ""message"": ""`ftol` termination condition is satisfied."", ""evaluations"": 19, ""inference_unavailable_reasons"": []}, {""start"": [0.8762, 0.2397], ""theta"": [0.9789587513719105, 0.013600103505199218], ""objective"": 1.1941012076147541, ""success"": true, ""message"": ""`ftol` termination condition is satisfied."", ""evaluations"": 12, ""inference_unavailable_reasons"": []}]",8c0db413111340da73c2656ec23b46092ecde011b10239329fe68c8e14c1bd2d
390,baseline_fitted,390,2207869388299903852,0.98,0.010000000000000009,boundary,False,,26.885874543700005,0.969595412870006,0.010000000000009251,True,False,True,False,True,2,,4,True,"[{""start"": [0.5, 0.1], ""theta"": [0.9695953581141318, 0.010000000011324964], ""objective"": 26.885874548259476, ""success"": true, ""message"": ""`ftol` termination condition is satisfied."", ""evaluations"": 26, ""inference_unavailable_reasons"": [""parameter_on_boundary""]}, {""start"": [0.75, 0.4], ""theta"": [0.9695942956065304, 0.01000000005787316], ""objective"": 26.885874592400906, ""success"": true, ""message"": ""`ftol` termination condition is satisfied."", ""evaluations"": 21, ""inference_unavailable_reasons"": [""parameter_on_boundary""]}, {""start"": [0.95, 0.7], ""theta"": [0.9695956825578057, 0.01000000000128387], ""objective"": 26.885874544069424, ""success"": true, ""message"": ""`ftol` termination condition is satisfied."", ""evaluations"": 23, ""inference_unavailable_reasons"": [""parameter_on_boundary""]}, {""start"": [0.8762, 0.2397], ""theta"": [0.969595412870006, 0.010000000000009251], ""objective"": 26.885874543700005, ""success"": true, ""message"": ""`ftol` termination condition is satisfied."", ""evaluations"": 26, ""inference_unavailable_reasons"": [""parameter_on_boundary""]}]",c45db74bb2d06d2eaea6fe6d1e48e62d28b29fde72e798081d87ecc0f8eda03a
391,baseline_fitted,391,4509773498838691106,0.98,0.010000000000000009,boundary,False,,39.52110506247604,0.9799999999999999,0.010000000000000037,True,False,True,True,True,2,,4,True,"[{""start"": [0.5, 0.1], ""theta"": [0.9799999999996997, 0.01000000000060132], ""objective"": 39.521105062906614, ""success"": true, ""message"": ""`gtol` termination condition is satisfied."", ""evaluations"": 10, ""inference_unavailable_reasons"": [""parameter_on_boundary""]}, {""start"": [0.75, 0.4], ""theta"": [0.98, 0.010000000000000064], ""objective"": 39.52110506250139, ""success"": true, ""message"": ""`gtol` termination condition is satisfied."", ""evaluations"": 10, ""inference_unavailable_reasons"": [""parameter_on_boundary""]}, {""start"": [0.95, 0.7], ""theta"": [0.98, 0.01000000000000012], ""objective"": 39.52110506250139, ""success"": true, ""message"": ""`gtol` termination condition is satisfied."", ""evaluations"": 15, ""inference_unavailable_reasons"": [""parameter_on_boundary""]}, {""start"": [0.8762, 0.2397], ""theta"": [0.9799999999999999, 0.010000000000000037], ""objective"": 39.52110506247604, ""success"": true, ""message"": ""`gtol` termination condition is satisfied."", ""evaluations"": 9, ""inference_unavailable_reasons"": [""parameter_on_boundary""]}]",725f5f714d5ef0c19ba0e1e3f229bdfae197c8324ecf77cae470b49366dcd7ac
392,baseline_fitted,392,11219539427875708495,0.98,0.010000000000000009,regular,False,,12.430003710254777,0.9605374057132847,0.026167118915554566,True,True,False,False,False,2,0.08727555013871288,4,True,"[{""start"": [0.5, 0.1], ""theta"": [0.9605398601505597, 0.026164935415922616], ""objective"": 12.430003712903837, ""success"": true, ""message"": ""`ftol` termination condition is satisfied."", ""evaluations"": 13, ""inference_unavailable_reasons"": []}, {""start"": [0.75, 0.4], ""theta"": [0.9605393967300558, 0.026165347639581893], ""objective"": 12.430003710489167, ""success"": true, ""message"": ""`ftol` termination condition is satisfied."", ""evaluations"": 12, ""inference_unavailable_reasons"": []}, {""start"": [0.95, 0.7], ""theta"": [0.9605374057132847, 0.026167118915554566], ""objective"": 12.430003710254777, ""success"": true, ""message"": ""`ftol` termination condition is satisfied."", ""evaluations"": 23, ""inference_unavailable_reasons"": []}, {""start"": [0.8762, 0.2397], ""theta"": [0.9605368120507043, 0.026167647124303695], ""objective"": 12.430003713370425, ""success"": true, ""message"": ""`ftol` termination condition is satisfied."", ""evaluations"": 13, ""inference_unavailable_reasons"": []}]",d2a2296998f1e5a66e335bc7b9aa39eb31e0ab3c9549bed62a7f94979bdb0b93
393,baseline_fitted,393,501473229031435992,0.98,0.010000000000000009,boundary,False,,12.757786865925542,0.9721247645550521,0.010000000004817211,True,False,True,False,True,2,,4,True,"[{""start"": [0.5, 0.1], ""theta"": [0.9721244834195173, 0.01000000005421292], ""objective"": 12.757786868569625, ""success"": true, ""message"": ""`ftol` termination condition is satisfied."", ""evaluations"": 25, ""inference_unavailable_reasons"": [""parameter_on_boundary""]}, {""start"": [0.75, 0.4], ""theta"": [0.9721247645550521, 0.010000000004817211], ""objective"": 12.757786865925542, ""success"": true, ""message"": ""`ftol` termination condition is satisfied."", ""evaluations"": 25, ""inference_unavailable_reasons"": [""parameter_on_boundary""]}, {""start"": [0.95, 0.7], ""theta"": [0.9721241300745055, 0.01000000000011625], ""objective"": 12.757786866806079, ""success"": true, ""message"": ""`ftol` termination condition is satisfied."", ""evaluations"": 27, ""inference_unavailable_reasons"": [""parameter_on_boundary""]}, {""start"": [0.8762, 0.2397], ""theta"": [0.9721238831235831, 0.010000000111950902], ""objective"": 12.757786874829211, ""success"": true, ""message"": ""`ftol` termination condition is satisfied."", ""evaluations"": 24, ""inference_unavailable_reasons"": [""parameter_on_boundary""]}]",84a3b0886ea2d6ce88a4d2ee113a92d760ba0c01ddbf1b203180e5d906973f60
394,baseline_fitted,394,5286135955924457132,0.98,0.010000000000000009,regular,False,,4.6012061862631874,0.9298224559766158,0.05600233703986168,True,True,False,False,False,2,0.7084985617536321,4,True,"[{""start"": [0.5, 0.1], ""theta"": [0.92982241908297, 0.056002368461005016], ""objective"": 4.601206186268314, ""success"": true, ""message"": ""`ftol` termination condition is satisfied."", ""evaluations"": 11, ""inference_unavailable_reasons"": []}, {""start"": [0.75, 0.4], ""theta"": [0.9298223492112105, 0.05600242779960368], ""objective"": 4.601206186279722, ""success"": true, ""message"": ""`ftol` termination condition is satisfied."", ""evaluations"": 9, ""inference_unavailable_reasons"": []}, {""start"": [0.95, 0.7], ""theta"": [0.9298224559766158, 0.05600233703986168], ""objective"": 4.6012061862631874, ""success"": true, ""message"": ""`ftol` termination condition is satisfied."", ""evaluations"": 16, ""inference_unavailable_reasons"": []}, {""start"": [0.8762, 0.2397], ""theta"": [0.9298224242971014, 0.05600236397066172], ""objective"": 4.601206186265404, ""success"": true, ""message"": ""`ftol` termination condition is satisfied."", ""evaluations"": 9, ""inference_unavailable_reasons"": []}]",d10e6068aa7dde3a5049cd2202ae572ebccb986b516e3c67731ab38bf803f427
395,baseline_fitted,395,4441473790273833865,0.98,0.010000000000000009,regular,False,,5.6793704392530024,0.9080027324773546,0.06505221856602456,True,True,False,False,False,2,0.5776457222003101,4,True,"[{""start"": [0.5, 0.1], ""theta"": [0.9080022623146584, 0.06505313868249787], ""objective"": 5.679370439492002, ""success"": true, ""message"": ""`ftol` termination condition is satisfied."", ""evaluations"": 14, ""inference_unavailable_reasons"": []}, {""start"": [0.75, 0.4], ""theta"": [0.9080026130295571, 0.06505245247868291], ""objective"": 5.679370439297288, ""success"": true, ""message"": ""`ftol` termination condition is satisfied."", ""evaluations"": 12, ""inference_unavailable_reasons"": []}, {""start"": [0.95, 0.7], ""theta"": [0.9080027286332346, 0.06505222618847761], ""objective"": 5.679370439255534, ""success"": true, ""message"": ""`ftol` termination condition is satisfied."", ""evaluations"": 19, ""inference_unavailable_reasons"": []}, {""start"": [0.8762, 0.2397], ""theta"": [0.9080027324773546, 0.06505221856602456], ""objective"": 5.6793704392530024, ""success"": true, ""message"": ""`ftol` termination condition is satisfied."", ""evaluations"": 12, ""inference_unavailable_reasons"": []}]",afcac1c2629cbb239af40573405a9b4f37d5087b52651c560b10014dc04a2a6c
396,baseline_fitted,396,3485156527515659699,0.98,0.010000000000000009,regular,False,,8.39883854197284,0.9748090268719672,0.01267305554184922,True,True,False,False,False,2,0.29874108327089566,4,True,"[{""start"": [0.5, 0.1], ""theta"": [0.9748090280995044, 0.012673052860920297], ""objective"": 8.398838541977504, ""success"": true, ""message"": ""`ftol` termination condition is satisfied."", ""evaluations"": 14, ""inference_unavailable_reasons"": []}, {""start"": [0.75, 0.4], ""theta"": [0.9748090269286633, 0.012673055498720276], ""objective"": 8.39883854197595, ""success"": true, ""message"": ""`ftol` termination condition is satisfied."", ""evaluations"": 12, ""inference_unavailable_reasons"": []}, {""start"": [0.95, 0.7], ""theta"": [0.9748090267971058, 0.012673054520455307], ""objective"": 8.398838541975339, ""success"": true, ""message"": ""`ftol` termination condition is satisfied."", ""evaluations"": 18, ""inference_unavailable_reasons"": []}, {""start"": [0.8762, 0.2397], ""theta"": [0.9748090268719672, 0.01267305554184922], ""objective"": 8.39883854197284, ""success"": true, ""message"": ""`ftol` termination condition is satisfied."", ""evaluations"": 11, ""inference_unavailable_reasons"": []}]",5c5b2a830c1ba5973323197fad466b68e90638bfcb524ccc4f6ac5fbce04f8ce
397,baseline_fitted,397,11131490603919838372,0.98,0.010000000000000009,boundary,False,,47.77245148915599,0.98,0.010000000000000009,True,False,True,True,True,2,,4,True,"[{""start"": [0.5, 0.1], ""theta"": [0.98, 0.010000000000000009], ""objective"": 47.77245148915599, ""success"": true, ""message"": ""`gtol` termination condition is satisfied."", ""evaluations"": 10, ""inference_unavailable_reasons"": [""parameter_on_boundary""]}, {""start"": [0.75, 0.4], ""theta"": [0.98, 0.01000000000000012], ""objective"": 47.77245148915599, ""success"": true, ""message"": ""`gtol` termination condition is satisfied."", ""evaluations"": 10, ""inference_unavailable_reasons"": [""parameter_on_boundary""]}, {""start"": [0.95, 0.7], ""theta"": [0.9799999999999879, 0.01000000000000012], ""objective"": 47.77245148934312, ""success"": true, ""message"": ""`gtol` termination condition is satisfied."", ""evaluations"": 15, ""inference_unavailable_reasons"": [""parameter_on_boundary""]}, {""start"": [0.8762, 0.2397], ""theta"": [0.9799999999999947, 0.010000000000000037], ""objective"": 47.772451489351255, ""success"": true, ""message"": ""`gtol` termination condition is satisfied."", ""evaluations"": 10, ""inference_unavailable_reasons"": [""parameter_on_boundary""]}]",aae094df9ade5f11536dfc1b210e47e08c20b036274a907ec9ee56b93efe0b8e
398,baseline_fitted,398,15161561636323504982,0.98,0.010000000000000009,boundary,False,,35.71511879438647,0.98,0.010000000000000009,True,False,True,True,True,2,,4,True,"[{""start"": [0.5, 0.1], ""theta"": [0.98, 0.010000000000000009], ""objective"": 35.71511879438647, ""success"": true, ""message"": ""`gtol` termination condition is satisfied."", ""evaluations"": 15, ""inference_unavailable_reasons"": [""parameter_on_boundary""]}, {""start"": [0.75, 0.4], ""theta"": [0.98, 0.01000000005442686], ""objective"": 35.71511879574799, ""success"": true, ""message"": ""`gtol` termination condition is satisfied."", ""evaluations"": 12, ""inference_unavailable_reasons"": [""parameter_on_boundary""]}, {""start"": [0.95, 0.7], ""theta"": [0.98, 0.010000000000000009], ""objective"": 35.71511879438647, ""success"": true, ""message"": ""`gtol` termination condition is satisfied."", ""evaluations"": 19, ""inference_unavailable_reasons"": [""parameter_on_boundary""]}, {""start"": [0.8762, 0.2397], ""theta"": [0.98, 0.010000000002667625], ""objective"": 35.715118794454746, ""success"": true, ""message"": ""`gtol` termination condition is satisfied."", ""evaluations"": 11, ""inference_unavailable_reasons"": [""parameter_on_boundary""]}]",8649e991754e1d2f4894587073a7f4c00bbf5ef91334ab44f2379f44e5335af0
