code,year,credit_gdp
ABW,1990,44.4888239590942
ABW,1991,44.2259449071108
ABW,1992,43.2829254079254
ABW,1993,40.9021660649819
ABW,1994,42.4448878923767
ABW,1995,43.0618443316413
ABW,1996,45.4161133603239
ABW,1997,43.2337709700948
ABW,1998,41.870110701107
ABW,1999,44.6205252918288
ABW,2000,44.7997006095161
ABW,2001,46.5928526526089
ABW,2002,50.7912122333912
ABW,2003,55.0125172180073
ABW,2004,51.7852298243845
ABW,2005,54.0607007192211
ABW,2006,53.8841202639004
ABW,2007,51.7272559982541
ABW,2008,50.6584576108456
ABW,2009,55.8930411328093
ABW,2010,58.8006572951036
ABW,2011,56.2504341594081
ABW,2012,58.6859032351161
ABW,2013,59.1636851428981
ABW,2014,60.2405386637617
ABW,2015,56.6268817632089
ABW,2016,57.2219316866237
ABW,2017,57.246534425591
ABW,2018,55.9651018283957
ABW,2019,59.632630010099
ABW,2020,82.4396515007629
ABW,2021,68.4463757905501
ABW,2022,60.483648319417
ABW,2023,58.0463512184556
AFE,1990,43.9243467274622
AFE,1992,65.0670237080894
AFE,1993,68.129198860641
AFE,1994,73.826146359365
AFE,1995,76.7268142683973
AFE,1996,76.2219200356547
AFE,1997,73.3412273965407
AFE,1998,72.9822774521968
AFE,1999,82.0091113957091
AFE,2000,74.6303568903146
AFE,2001,76.6444753716038
AFE,2002,61.9118047203026
AFE,2003,70.9125375993823
AFE,2004,79.8596455899302
AFE,2005,85.31112801404
AFE,2006,94.3941900068467
AFE,2007,93.3592481495273
AFE,2008,78.1540625762645
AFE,2009,79.6051048821993
AFE,2010,84.6197279722071
AFE,2011,76.3954545157975
AFE,2012,79.2820756623366
AFE,2013,75.4741644532939
AFE,2014,73.9962043255603
AFE,2015,65.8045197360371
AFE,2016,65.9699902623343
AFE,2017,65.6577763714266
AFE,2018,61.8806581397901
AFE,2019,60.3896221577994
AFE,2020,55.669133369572
AFE,2021,49.4891673351348
AFE,2022,44.3322595178806
AFE,2023,45.5239031126802
AFE,2024,50.6779107676432
AFG,2006,4.84285686566253
AFG,2007,6.83998223656721
AFG,2008,9.38832772083979
AFG,2009,10.58413068423
AFG,2010,11.5750442390122
AFG,2011,4.95918037606027
AFG,2012,4.47210362973721
AFG,2013,4.3216854169302
AFG,2014,3.94105709996345
AFG,2015,3.98149379462535
AFG,2016,3.88832174612488
AFG,2017,3.84188120492596
AFG,2018,3.51231703339133
AFG,2019,3.22995723026215
AFG,2020,3.09659808966059
AFW,1990,12.9556769174696
AFW,1991,11.8401298908057
AFW,1992,11.7194281154048
AFW,1993,10.0007863816884
AFW,1994,8.37688036226284
AFW,1995,7.29436565329358
AFW,1996,6.74835598391688
AFW,1997,7.39067376308531
AFW,1998,7.90027916602858
AFW,1999,8.81000764784338
AFW,2000,8.58679344208332
AFW,2001,9.20360308610678
AFW,2002,8.3154150549053
AFW,2003,8.94279628508061
AFW,2004,8.6925436665992
AFW,2005,8.67513975958374
AFW,2006,8.50044255887853
AFW,2007,12.3284324576682
AFW,2008,15.2125494475029
AFW,2009,16.3629930498085
AFW,2010,13.012713803504
AFW,2011,11.8575114366347
AFW,2012,11.6122299734627
AFW,2013,12.5774935988022
AFW,2014,13.9759404415839
AFW,2015,14.4415885159469
AFW,2016,15.8606673213416
AFW,2017,14.9291314044794
AFW,2018,13.2934455331616
AFW,2019,11.0788598480847
AFW,2020,11.7343035725063
AFW,2021,12.6487514010984
AFW,2022,12.581429539355
AGO,2015,22.2749280174857
AGO,2016,18.3180075029506
AGO,2017,14.6302579552929
AGO,2018,13.1109176010975
AGO,2019,13.3956028675861
AGO,2020,11.3765590843673
AGO,2021,8.84430174641055
AGO,2022,7.02506194435415
AGO,2023,7.64573374416092
AGO,2024,7.16892640926562
AGO,2025,6.5808829663827
ALB,2009,37.3109373018231
ALB,2010,38.5667222073844
ALB,2011,40.8904191085198
ALB,2012,41.048928970868
ALB,2013,39.7219957616213
ALB,2014,39.0603696115194
ALB,2015,36.8808802178051
ALB,2016,36.2098635348358
ALB,2017,34.1324652358472
ALB,2018,32.507358683887
ALB,2019,33.725595513728
ALB,2020,37.719333429721
ALB,2021,36.4341686860283
ALB,2022,33.7912381516025
ALB,2023,32.4665672054877
ALB,2024,34.126089863133
ARB,1991,22.4053952562536
ARB,1992,20.1498489217279
ARB,1993,21.133997791842
ARB,1994,22.9497436039618
ARB,1995,25.4431190088666
ARB,1996,25.5698146304929
ARB,1997,27.5495349092993
ARB,1998,33.7093326919759
ARB,1999,33.904863731227
ARB,2000,31.6448325366745
ARB,2001,33.7454753046759
ARB,2002,34.4164152982395
ARB,2003,33.0180725257664
ARB,2004,31.7837794918567
ARB,2005,31.7948381980254
ARB,2006,30.9298657561855
ARB,2007,32.7844505419627
ARB,2008,32.2958854456081
ARB,2009,37.7885491601369
ARB,2010,37.0223548049196
ARB,2011,34.5051404027958
ARB,2012,34.0279514740478
ARB,2013,35.9415948568226
ARB,2014,39.0413658178598
ARB,2015,47.3765648733131
ARB,2016,55.3690829226553
ARB,2017,53.305350222913
ARE,2016,81.9398449176157
ARE,2017,78.1488923243763
ARE,2018,73.9843078244922
ARE,2019,75.2884970259968
ARE,2020,88.835691606539
ARE,2021,76.167662138751
ARE,2022,65.4574311816346
ARG,1990,15.6016948142115
ARG,1991,12.5872034907184
ARG,1992,15.4453354474077
ARG,1993,18.2846049267413
ARG,1994,20.280577998757
ARG,1995,19.9606075608912
ARG,1996,20.1870018252819
ARG,1997,21.9334587634322
ARG,1998,24.1532987732827
ARG,1999,24.8933437498898
ARG,2000,23.8947336198062
ARG,2001,20.833574652466
ARG,2002,15.3318584042485
ARG,2003,10.7627059172487
ARG,2004,9.68251819633223
ARG,2005,10.6534929189359
ARG,2006,11.9102616607561
ARG,2007,13.0985413493544
ARG,2008,12.313946714342
ARG,2009,12.4162075416805
ARG,2010,12.6901062454749
ARG,2011,14.0087151168124
ARG,2012,15.2128150156924
ARG,2013,15.7290920133564
ARG,2014,13.8237692455151
ARG,2015,14.4142330417064
ARG,2016,13.6676334273514
ARG,2017,15.9584973420583
ARG,2019,14.4776292447323
ARG,2020,15.746489768328
ARG,2021,13.2644289814535
ARG,2022,12.8891009335255
ARG,2023,15.3570823376105
ARG,2024,15.1176778381075
ARG,2025,17.59829273545
ARM,2009,24.8549219693588
ARM,2010,28.4451645997959
ARM,2011,35.3678878720351
ARM,2012,40.0600551046666
ARM,2013,42.380240486921
ARM,2014,48.9171731063841
ARM,2015,45.630782609944
ARM,2016,48.8756443742772
ARM,2017,51.5425858055792
ARM,2018,55.5020027333594
ARM,2019,60.1552379151791
ARM,2020,72.1929140858517
ARM,2021,61.6738125458808
ARM,2022,52.5538426755395
ARM,2023,55.4049602573759
ARM,2024,64.3799433173924
ARM,2025,70.5396772541144
ATG,1990,38.9224318009501
ATG,1991,40.202906639446
ATG,1992,42.8176265639767
ATG,1993,40.9417988725128
ATG,1994,36.3701324864314
ATG,1995,42.4962425000301
ATG,1996,46.373194886785
ATG,1997,51.7918847771491
ATG,1998,51.7390957733665
ATG,1999,53.0151996702084
ATG,2000,53.7713496471014
ATG,2001,56.9076662770729
ATG,2002,60.0878404849785
ATG,2003,58.2690527253337
ATG,2004,54.42291661404
ATG,2005,53.9303290896611
ATG,2006,56.9746755608082
ATG,2007,56.8669025605526
ATG,2008,58.6556354220414
ATG,2009,65.7920450902874
ATG,2010,69.9672803619414
ATG,2011,67.7158524340669
ATG,2012,61.878190497643
ATG,2013,61.2782354058857
ATG,2014,56.0332947393022
ATG,2015,48.6317411322758
ATG,2016,47.0134239034493
ATG,2017,44.2266252584994
ATG,2018,41.6541874622447
ATG,2019,41.9491312714393
ATG,2020,53.7704057805227
ATG,2021,45.4347464248891
ATG,2022,38.3642089182543
ATG,2023,37.1178277912608
ATG,2024,39.3590698805664
ATG,2025,37.4183804230231
AUS,1990,60.4753714456336
AUS,1991,60.0333741289848
AUS,1992,61.7733091123562
AUS,1993,63.192071898716
AUS,1994,66.6734239844549
AUS,1995,69.6679496736804
AUS,1996,71.3863767702869
AUS,1997,75.201469832279
AUS,1998,78.974896120816
AUS,1999,83.9046994061809
AUS,2000,87.3810328646984
AUS,2001,88.1892830335626
AUS,2002,91.0685401335001
AUS,2003,98.9700701383552
AUS,2004,102.447693760099
AUS,2005,108.259010705054
AUS,2006,113.405916759874
AUS,2007,120.28724964726
AUS,2008,121.444819283971
AUS,2009,122.113074120131
AUS,2010,124.791339290254
AUS,2011,121.790806241677
AUS,2012,120.774756172135
AUS,2013,124.183275636084
AUS,2014,127.883848731619
AUS,2015,135.800292705604
AUS,2016,142.104255731186
AUS,2017,140.108067004121
AUS,2018,139.498062822532
AUS,2019,135.666714386567
AUS,2020,141.704749324425
AUS,2021,138.339567139855
AUS,2022,133.643883130746
AUS,2023,126.962120898014
AUS,2024,129.317349651589
AUS,2025,133.792637955073
AUT,2001,90.1843849056655
AUT,2002,89.1693676249095
AUT,2003,88.3093375766464
AUT,2004,88.4249908125088
AUT,2005,94.9670359723065
AUT,2006,95.1090616207875
AUT,2007,93.5025894904191
AUT,2008,96.4418920331131
AUT,2009,98.3438510262014
AUT,2010,99.1468795000545
AUT,2011,96.672569255418
AUT,2012,94.8379795773965
AUT,2013,93.3411391388064
AUT,2014,88.3599171258328
AUT,2015,86.4399964991008
AUT,2016,83.5897539711459
AUT,2017,84.7370865911526
AUT,2018,84.8629638770058
AUT,2019,86.3027943646251
AUT,2020,93.0516337886918
AUT,2021,93.0624546800894
AUT,2022,89.1835529946886
AUT,2023,84.1024713084051
AUT,2024,81.7652651021229
AZE,2016,32.8688540294339
AZE,2017,22.099603808676
AZE,2018,20.766485823452
AZE,2019,23.0018690122863
AZE,2020,26.0320151044626
AZE,2021,22.9250440750459
AZE,2022,18.2984687873762
AZE,2023,23.1277980537513
AZE,2024,26.3556394312275
AZE,2025,24.8605928252359
BDI,1990,8.61454110316797
BDI,1991,10.7484733220701
BDI,1992,10.7210108331389
BDI,1993,14.0311980046343
BDI,1994,14.7361167419938
BDI,1995,12.2656637135311
BDI,1996,14.233409350057
BDI,1997,11.8717036172695
BDI,1998,13.5352073963018
BDI,1999,15.3902064119455
BDI,2000,17.0800144450383
BDI,2001,16.3028323434215
BDI,2002,20.3102627332747
BDI,2003,20.1327261579025
BDI,2004,17.3507477479317
BDI,2005,14.5436683318932
BDI,2006,15.8308802198641
BDI,2007,14.7745242569166
BDI,2008,13.6629151516452
BDI,2009,14.6793826690786
BDI,2010,18.3619180287296
BDI,2011,21.5599867211629
BDI,2012,20.2564835755971
BDI,2013,19.3896785284403
BDI,2014,19.2931031434152
BDI,2015,18.0993066345064
BDI,2016,17.3430079433227
BDI,2017,14.8751095645513
BDI,2018,16.5086011287819
BDI,2019,18.5772261218263
BDI,2020,19.6440914154442
BDI,2021,28.4642939494306
BDI,2022,35.069541056776
BDI,2023,37.1799733333755
BDI,2024,38.2575729210921
BDI,2025,38.5431725234643
BEL,2001,66.2992287435371
BEL,2002,64.1329244858025
BEL,2003,62.5308943592501
BEL,2004,61.8425933319116
BEL,2005,63.5977700769197
BEL,2006,65.8336190975591
BEL,2007,68.4438486940037
BEL,2008,62.7583028636525
BEL,2009,58.4658025409586
BEL,2010,56.7854964068071
BEL,2011,55.0145295494018
BEL,2012,54.4903281452635
BEL,2013,56.159869726618
BEL,2014,57.6106231184791
BEL,2015,60.8026221428606
BEL,2016,63.6160862759358
BEL,2017,65.3372340367951
BEL,2018,68.168572322727
BEL,2019,69.360003620854
BEL,2020,76.125350915761
BEL,2021,74.7536988644538
BEL,2022,72.554533895031
BEL,2023,69.3369709063389
BEL,2024,68.1376441872691
BEN,1990,19.1276890376961
BEN,1991,15.3838102636286
BEN,1992,11.6744766178662
BEN,1993,10.5145447070759
BEN,1994,8.45262514060143
BEN,1995,7.42840515414758
BEN,1996,8.47764074613428
BEN,1997,5.41528298944634
BEN,1998,6.91321098678385
BEN,1999,7.14232695249229
BEN,2000,7.76142973832025
BEN,2001,5.13608000150082
BEN,2002,4.83318968885773
BEN,2003,7.67128464773378
BEN,2004,7.80447197593826
BEN,2005,9.03431033571311
BEN,2006,10.3350666644978
BEN,2007,12.3091832074478
BEN,2008,12.78056590883
BEN,2009,15.1297116490958
BEN,2010,15.8348376803157
BEN,2011,16.5743404440371
BEN,2012,15.6475924079483
BEN,2013,16.4539498482644
BEN,2014,16.7371091356356
BEN,2015,16.7357064364676
BEN,2016,17.4823722798533
BEN,2017,16.5779195095065
BEN,2018,16.7464154376754
BEN,2019,17.6107025365193
BEN,2020,15.5371207615124
BEN,2021,15.5860792794621
BEN,2022,17.1000410708093
BEN,2023,18.6083305389739
BEN,2024,18.9801611697157
BEN,2025,19.7665000988535
BFA,1990,16.9069430252044
BFA,1991,12.4641286806039
BFA,1992,10.9260780586609
BFA,1993,9.7738383449955
BFA,1994,7.02602949344018
BFA,1995,6.78518013833302
BFA,1996,6.91233560097967
BFA,1997,11.5520785082807
BFA,1998,11.0192968304637
BFA,1999,8.9927658548168
BFA,2000,10.3363970535196
BFA,2001,9.70866810828927
BFA,2002,8.85871385120771
BFA,2003,11.3534781382915
BFA,2004,12.9534294603704
BFA,2005,13.2962037127745
BFA,2006,14.6778844337033
BFA,2007,12.7845581771528
BFA,2008,15.090956904862
BFA,2009,16.0831017980888
BFA,2010,15.6345262986983
BFA,2011,15.3703421373421
BFA,2012,16.6424591713294
BFA,2013,20.8210379838201
BFA,2014,23.4056081561128
BFA,2015,25.0377705622704
BFA,2016,25.8099456026525
BFA,2017,27.4216018903543
BFA,2018,27.1497137139349
BFA,2019,28.3478578876958
BFA,2020,28.6738905255504
BFA,2021,29.4819696538483
BFA,2022,31.6493056662127
BFA,2023,31.9206411572312
BFA,2024,27.143359333582
BFA,2025,22.7194616435475
BGD,1990,16.0740991530445
BGD,1991,15.9199092838791
BGD,1992,14.5455434030437
BGD,1993,15.2943169244381
BGD,1994,16.2711918310691
BGD,1995,20.8817607372616
BGD,1996,18.9119975738864
BGD,1997,19.9866312756307
BGD,1998,20.4966379485471
BGD,1999,20.9872341323173
BGD,2000,21.7793890133235
BGD,2001,24.179592705355
BGD,2002,26.2081249737496
BGD,2003,26.0386276764885
BGD,2004,27.9134032883374
BGD,2005,29.3438304968623
BGD,2006,31.1657016961389
BGD,2007,32.0428330535648
BGD,2008,34.0421917464818
BGD,2009,36.1910375652522
BGD,2010,40.9613226292342
BGD,2011,42.4702411629772
BGD,2012,43.0006693750914
BGD,2013,41.7947548053392
BGD,2014,43.7361238704853
BGD,2015,44.4069718062837
BGD,2016,37.7986426672318
BGD,2017,40.4489561448676
BGD,2018,40.0247365906979
BGD,2019,39.0344709350066
BGD,2020,39.161059242521
BGD,2021,39.0820163295701
BGD,2022,38.9555684288032
BGD,2023,37.6413802339103
BGD,2024,35.8111715787963
BGD,2025,34.504343787161
BGR,1991,82.8071908484295
BGR,1992,74.8684867979049
BGR,1993,66.4511822036444
BGR,1994,49.2504752408623
BGR,1995,27.5387292475874
BGR,1996,50.7086842832035
BGR,1997,8.54614557462452
BGR,1998,8.94489373327759
BGR,1999,11.4781526300847
BGR,2000,11.9555727399316
BGR,2001,14.3379998543361
BGR,2002,18.7772865579207
BGR,2003,25.8951696836061
BGR,2004,33.1446415995513
BGR,2005,39.0634490571049
BGR,2006,42.4504442636964
BGR,2007,58.4585168443168
BGR,2008,66.9203015657929
BGR,2009,68.9585674141038
BGR,2010,68.2016629042061
BGR,2011,65.2789513682864
BGR,2012,65.7832916456141
BGR,2013,66.1868509624893
BGR,2014,59.2265452252125
BGR,2015,54.79459874964
BGR,2016,52.0197523897334
BGR,2017,49.8038894112568
BGR,2018,50.5406112544307
BGR,2019,49.8324838490204
BGR,2020,51.3032068254938
BGR,2021,48.1534654169725
BGR,2022,44.7288118186282
BGR,2023,45.3249399571121
BGR,2024,47.0679032225989
BHR,1990,26.2453142367221
BHR,1991,31.0145376655118
BHR,1992,33.2998660817627
BHR,1993,36.8148369775149
BHR,1994,38.4402727015962
BHR,1995,37.8992052283149
BHR,1996,36.5960610954508
BHR,1997,39.5763886005707
BHR,1998,44.0355640323323
BHR,1999,46.0132820650577
BHR,2000,40.5117896497586
BHR,2001,41.8156768047881
BHR,2002,44.5383071446789
BHR,2003,42.1254859958743
BHR,2004,43.9429196313401
BHR,2005,43.6843509050045
BHR,2006,44.8777557241595
BHR,2007,53.1180542636418
BHR,2008,64.2133791234367
BHR,2009,71.4372673126356
BHR,2010,64.9376677365426
BHR,2011,66.9065925077703
BHR,2012,66.5172271480683
BHR,2013,66.9876399343585
BHR,2014,61.3347998045045
BHR,2015,70.5500803025
BHS,1990,46.310802274163
BHS,1991,48.7053060594762
BHS,1992,50.8137664844001
BHS,1993,53.9489003880983
BHS,1994,57.0266953053084
BHS,1995,60.0787401574803
BHS,1996,62.3496813521751
BHS,1997,40.2845858416135
BHS,1998,41.5148348801883
BHS,1999,41.108191575339
BHS,2000,44.8067039189151
BHS,2001,46.9136782069362
BHS,2002,45.8239689409942
BHS,2003,46.160749214495
BHS,2004,47.9211598965908
BHS,2005,50.3639616925235
BHS,2006,56.6101944970371
BHS,2007,58.5628262044726
BHS,2008,62.1014630438913
BHS,2009,66.0792068892282
BHS,2010,65.148141397973
BHS,2011,66.0139318501159
BHS,2012,61.8419088839969
BHS,2013,62.191058967285
BHS,2014,58.0675278972269
BHS,2015,54.083598026627
BHS,2016,51.9421929315119
BIH,2006,47.7751637938284
BIH,2007,60.223763080251
BIH,2008,65.6137184813918
BIH,2009,64.0683205924253
BIH,2010,61.84531111917
BIH,2011,60.5488434520335
BIH,2012,61.7159271649018
BIH,2013,60.8344455049437
BIH,2014,60.2166706701921
BIH,2015,57.968273884057
BIH,2016,57.1711781131323
BIH,2017,57.5236535627645
BIH,2018,56.6595114683875
BIH,2019,57.1691026496548
BIH,2020,57.6585618063258
BIH,2021,53.2893802522595
BIH,2022,48.0992917361806
BIH,2023,47.3447518824995
BIH,2024,48.066449098491
BLR,2007,24.8038771042749
BLR,2008,28.6341928703729
BLR,2009,35.9356304010168
BLR,2010,42.8113733077251
BLR,2011,37.9586183664502
BLR,2012,21.7775564368289
BLR,2013,22.926202521737
BLR,2014,23.6326621102425
BLR,2015,27.8828200949374
BLR,2016,25.7170291419604
BLR,2017,26.2361143981647
BLR,2018,27.6140940559861
BLR,2019,28.7688813037131
BLR,2020,32.5082968438587
BLR,2021,29.1729868961267
BLZ,1990,24.5406997929626
BLZ,1991,27.7452599969062
BLZ,1992,26.734727419817
BLZ,1993,25.6557233273843
BLZ,1994,26.2535013824144
BLZ,1995,26.6579036337166
BLZ,1996,28.1082570471004
BLZ,1997,30.9324132601297
BLZ,1998,32.8681971956209
BLZ,1999,32.0661513821391
BLZ,2000,29.8605678871483
BLZ,2001,32.8925041838192
BLZ,2002,35.5380430634143
BLZ,2003,38.6289176191416
BLZ,2004,40.1698826312204
BLZ,2005,40.1065008277836
BLZ,2006,42.2243890062586
BLZ,2007,45.5500218829615
BLZ,2008,49.4066264782678
BLZ,2009,52.875376389189
BLZ,2010,49.834593380951
BLZ,2011,47.621805118508
BLZ,2012,46.4799548634684
BLZ,2013,44.870328091001
BLZ,2014,44.6944711868936
BLZ,2015,45.8912140120779
BLZ,2016,44.7352890566705
BLZ,2017,44.3763660186055
BLZ,2018,45.3308497476754
BLZ,2019,45.9626481720037
BLZ,2020,55.0782426439392
BLZ,2021,47.6178389837793
BLZ,2022,42.4867905443199
BLZ,2023,42.0392582524557
BLZ,2024,41.2775860732497
BLZ,2025,43.1059119475425
BOL,1990,24.025560723537
BOL,1991,28.6601674106482
BOL,1992,36.3046144350101
BOL,1993,45.4982377364528
BOL,1994,49.9360590122096
BOL,1995,48.2018453881021
BOL,1996,52.7372304538668
BOL,1997,58.2754233787146
BOL,1998,64.0518430826259
BOL,1999,64.4499926981327
BOL,2000,58.7218026947676
BOL,2001,53.5566000288068
BOL,2002,51.001676850074
BOL,2003,47.8805198583619
BOL,2004,42.6507012903778
BOL,2005,39.7951588996808
BOL,2006,35.1778876648113
BOL,2007,34.3464279647996
BOL,2008,31.4948343659664
BOL,2009,34.0214297799199
BOL,2010,36.029022193555
BOL,2011,36.7535059221777
BOL,2012,38.9658038429773
BOL,2013,40.9310950343345
BOL,2014,43.7497193000006
BOL,2015,51.4488724591572
BOL,2016,57.4086457676424
BOL,2017,47.873300738401
BOL,2018,52.1161124499522
BOL,2019,54.8862654855189
BOL,2020,67.9175707789288
BOL,2021,62.8488382346261
BOL,2022,62.9475276019569
BOL,2023,60.2219708371781
BOL,2024,59.2427794669511
BOL,2025,51.752427209762
BRA,1990,42.082789592995
BRA,1991,45.1593163496425
BRA,1992,84.4659027013337
BRA,1993,134.113589135724
BRA,1994,69.523199422634
BRA,1995,43.4945248168898
BRA,1996,40.7784936784467
BRA,1997,40.8522371713945
BRA,1998,29.5322605655103
BRA,1999,29.8269102028347
BRA,2000,31.1409857776162
BRA,2001,29.0040380210043
BRA,2002,29.6451419418143
BRA,2003,27.6856699444345
BRA,2004,29.372770255415
BRA,2005,31.8397841549909
BRA,2006,35.4251666765934
BRA,2007,40.6909379433524
BRA,2008,45.782255995169
BRA,2009,47.4942898466145
BRA,2010,52.764657630443
BRA,2011,58.0784911062018
BRA,2012,62.5192932018235
BRA,2013,64.2305738283777
BRA,2014,66.028510394056
BRA,2015,66.8297006475728
BRA,2016,62.1940069633522
BRA,2017,59.4843092973742
BRA,2018,60.2183479381776
BRA,2019,62.790505078946
BRA,2020,68.6961548470609
BRA,2021,68.8052246830253
BRA,2022,70.6060973782971
BRA,2023,71.0755405509113
BRA,2024,75.6308730941359
BRA,2025,75.1029927271417
BRB,1990,36.2031134173462
BRB,1991,37.621062992126
BRB,1992,38.5293817066939
BRB,1993,36.9236144578313
BRB,1994,38.9565518835221
BRB,1995,42.5032518501906
BRB,1996,41.6304164913757
BRB,1997,44.196815920398
BRB,1998,45.3831627250265
BRB,1999,47.5657739599124
BRB,2000,47.9021081876123
BRB,2001,59.2481420854477
BRB,2002,60.45039433446
BRB,2003,62.4024770213429
BRB,2004,67.2683263173175
BRB,2005,72.7644717895012
BRB,2006,73.6824583951755
BRB,2007,71.2823043246832
BRB,2008,75.5321427392734
BRB,2009,82.7716199646164
BRB,2012,71.899876532912
BRB,2013,68.861020043666
BRB,2014,67.739664416666
BRB,2015,68.650157381139
BRB,2016,69.9356245538057
BRB,2017,70.1136669090852
BRB,2018,68.5626199243041
BRB,2019,67.3212139592485
BRB,2020,75.9375954537997
BRB,2021,68.490259704605
BRB,2022,61.0582409837027
BRB,2023,59.7307883078148
BRN,2006,31.7045594567715
BRN,2007,34.2003517323403
BRN,2008,31.7685275176143
BRN,2009,40.1017864313274
BRN,2010,36.9082710710888
BRN,2011,28.1209484005362
BRN,2012,27.9921423332786
BRN,2013,31.1924155479326
BRN,2014,33.2079784899882
BRN,2015,41.4362678166928
BRN,2016,44.3021638754597
BRN,2017,39.4618611204976
BRN,2018,35.0404687970572
BRN,2019,35.7055507452154
BRN,2020,39.6898831720749
BRN,2021,36.2693770865455
BRN,2022,31.5556345664422
BRN,2023,37.0838497885739
BRN,2024,37.7096497547376
BRN,2025,40.1476670566578
BTN,1990,4.28637103785198
BTN,1991,5.60122426915872
BTN,1992,6.8370247003056
BTN,1993,7.09363767167423
BTN,1994,8.91022035384813
BTN,1995,7.96940605843654
BTN,1996,6.96074283542896
BTN,1997,11.511583135709
BTN,1998,9.81791086219836
BTN,1999,8.66714401394198
BTN,2000,8.43954225603468
BTN,2001,9.39292340464114
BTN,2002,10.6662184247646
BTN,2003,12.3874743748482
BTN,2004,15.1137476839245
BTN,2005,17.1978616159467
BTN,2006,20.3845618384093
BTN,2007,22.3078367126537
BTN,2008,28.6154679169836
BTN,2009,30.8009857742806
BTN,2010,38.4589220348196
BTN,2011,43.0834159551712
BTN,2012,42.2500390351052
BTN,2013,42.2246322971743
BTN,2014,41.0852999502378
BTN,2015,42.5291421509687
BTN,2016,44.1289341391622
BTN,2017,48.3130245523484
BTN,2018,54.8478285365288
BTN,2019,59.3734191159055
BTN,2020,67.5524988399458
BTN,2021,64.8888785590366
BTN,2022,67.8714365442651
BTN,2023,71.443668276291
BTN,2024,68.3942712583345
BTN,2025,72.2606802194578
BWA,1990,9.38453139733564
BWA,1991,11.8593607878807
BWA,1992,14.6872963797026
BWA,1993,14.228140914387
BWA,1994,13.9902576390954
BWA,1995,11.8934437479984
BWA,1996,10.0900408938312
BWA,1997,9.6855105359072
BWA,1998,12.1559474412172
BWA,1999,13.8731694622537
BWA,2000,14.7111330843286
BWA,2001,16.5861602106911
BWA,2002,19.2801590248722
BWA,2003,19.9773621242987
BWA,2004,21.935704704551
BWA,2005,19.763428572926
BWA,2006,20.936231035363
BWA,2007,23.461755821797
BWA,2008,26.3022588108671
BWA,2009,29.3564386244731
BWA,2010,27.5149277438416
BWA,2011,27.8535285319926
BWA,2012,32.9104608560684
BWA,2013,33.1944622770528
BWA,2014,32.5836928214003
BWA,2015,35.9943679768934
BWA,2016,32.6906447797128
BWA,2017,33.9522213058754
BWA,2018,34.7396633171423
BWA,2019,35.9371549010473
BWA,2020,39.7285319568677
BWA,2021,34.5320284610526
BWA,2022,29.8892158357415
BWA,2023,30.0559684945784
BWA,2024,33.1256504356331
BWA,2025,33.2275051888702
CAF,1990,7.28531185070936
CAF,1991,6.77283454333487
CAF,1992,4.50761660374127
CAF,1993,4.39930075144365
CAF,1994,3.956823875948
CAF,1995,4.15971405221421
CAF,1996,4.50888198348133
CAF,1997,4.41670579594432
CAF,1998,4.8979906533049
CAF,1999,4.5126778832824
CAF,2000,4.74625702323689
CAF,2001,6.10947913877305
CAF,2002,5.84049758043086
CAF,2003,6.18348471191079
CAF,2004,7.16059184539562
CAF,2005,6.89890787847171
CAF,2006,6.70566037241739
CAF,2007,6.78526082643897
CAF,2008,7.02011112860774
CAF,2009,6.96252915838712
CAF,2010,8.30898124968165
CAF,2011,9.18046542071693
CAF,2012,10.7719414058324
CAF,2013,13.5768259854235
CAF,2014,12.7910233032414
CAF,2015,11.7154335961189
CAF,2016,12.3148432385651
CAF,2017,11.2150177342096
CAF,2018,12.3443319944716
CAF,2019,11.7050145625006
CAF,2020,11.7039071336529
CAF,2021,11.7946888020579
CAF,2022,13.0385826544527
CAN,1990,73.0680473500398
CAN,1991,74.9889209188726
CAN,1992,76.528598232828
CAN,1993,75.5320017616263
CAN,1994,74.7515063663867
CAN,1995,73.950513515171
CAN,1996,78.6330849908238
CAN,1997,81.5311788782837
CAN,1998,79.8626247247143
CAN,1999,77.249880942932
CAN,2000,73.987738492292
CAN,2001,121.35283176137
CAN,2002,117.839258969464
CAN,2003,113.240799876309
CAN,2004,115.443226712085
CAN,2005,121.660065982688
CAN,2006,134.118118620557
CAN,2007,123.533648061052
CAN,2008,124.097472125061
CEB,1993,32.762694707118
CEB,1994,30.989712674075
CEB,1995,28.9667456856781
CEB,1996,28.6726036075016
CEB,1997,27.7602242813524
CEB,1998,27.168350932563
CEB,1999,27.8550877589217
CEB,2000,27.8144603104065
CEB,2001,25.3073156358943
CEB,2002,18.4351860402226
CEB,2003,20.3148972887164
CEB,2004,28.5205374877588
CEB,2005,31.3078731228554
CEB,2006,35.7604951888487
CEB,2007,42.1241169157004
CEB,2008,48.3993881812112
CEB,2009,49.9121246818794
CEB,2010,51.8652604306019
CEB,2011,51.9653173097988
CEB,2012,50.9771076966541
CEB,2013,50.2581623381478
CEB,2014,48.7902828019317
CEB,2015,47.8463114741077
CEB,2016,47.8822178115779
CEB,2017,46.3322344239181
CEB,2018,45.8614552848946
CEB,2019,44.7509511527692
CEB,2020,45.9179183818848
CEB,2021,44.2661495895077
CEB,2022,40.7359698336697
CEB,2023,37.5850845236719
CEB,2024,36.959552092698
CHE,1990,142.164879950207
CHE,1991,141.032473295234
CHE,1992,141.137107332988
CHE,1993,140.651095749735
CHE,1994,142.05628342865
CHE,1995,144.433488131735
CHE,1996,142.467999363983
CHE,1997,144.241756215158
CHE,1998,142.862587069313
CHE,1999,149.160661652256
CHE,2000,140.300296124263
CHE,2001,134.976056409222
CHE,2002,135.480432997259
CHE,2003,139.161484664263
CHE,2004,140.924568613317
CHE,2005,144.228510209127
CHE,2006,147.92858367262
CHE,2007,151.063646993445
CHE,2008,143.978771187878
CHE,2009,152.589138144841
CHE,2010,151.124117500095
CHE,2011,153.882471661955
CHE,2012,159.565695854112
CHE,2013,161.204723861096
CHE,2014,161.86455636843
CHE,2015,163.923941772786
CHE,2016,167.772890998961
CHL,2001,73.0816959622537
CHL,2002,74.3460982791172
CHL,2003,75.8320621380067
CHL,2004,76.7499857822204
CHL,2005,77.634565408211
CHL,2006,78.1133233692663
CHL,2007,84.0752473162029
CHL,2008,100.172568090545
CHL,2009,102.687075908392
CHL,2010,99.4755906592451
CHL,2011,101.863485350982
CHL,2012,104.266686517932
CHL,2013,104.149344550832
CHL,2014,107.29402770779
CHL,2015,108.683157928885
CHL,2016,109.658986217723
CHL,2017,111.859731058874
CHL,2018,116.098274611163
CHL,2019,123.238729784071
CHL,2020,123.532570614359
CHL,2021,109.258846092778
CHL,2022,112.669584808771
CHL,2023,109.505087480448
CHL,2024,104.567816282613
CHL,2025,102.08420900719
CHN,1990,86.033020264839
CHN,1991,88.101074265209
CHN,1992,86.0530634974135
CHN,1993,96.5063917341575
CHN,1994,85.4875547969596
CHN,1995,83.7832971610429
CHN,1996,88.9638086375131
CHN,1997,96.1109753817389
CHN,1998,104.374364546684
CHN,1999,109.399598813293
CHN,2000,109.994877039067
CHN,2001,108.774792189184
CHN,2002,115.979390472452
CHN,2003,123.908441331551
CHN,2004,116.911160094503
CHN,2005,110.318412911549
CHN,2006,107.618484093695
CHN,2007,104.210464888538
CHN,2008,100.407960956815
CHN,2009,122.30114770831
CHN,2010,124.425608463989
CHN,2011,121.167093127879
CHN,2012,126.819734509975
CHN,2013,131.939045697462
CHN,2014,137.623726308462
CHN,2015,149.628832038708
CHN,2016,153.192761827313
CHN,2017,152.089747458443
CHN,2018,154.991560224764
CHN,2019,162.207566232758
CHN,2020,179.104100221958
CHN,2021,173.554518720488
CHN,2022,181.785162429715
CHN,2023,189.606708989308
CHN,2024,194.312528264561
CIV,1990,36.4950145398956
CIV,1991,36.0103415445764
CIV,1992,32.0594486300766
CIV,1993,28.6558246270457
CIV,1994,18.5220671351368
CIV,1995,18.5046323094816
CIV,1996,11.2356453697633
CIV,1997,11.1012819475022
CIV,1998,10.2523357926723
CIV,1999,9.47189015365766
CIV,2000,9.76197487157275
CIV,2001,9.44431281617057
CIV,2002,9.64154520466675
CIV,2003,9.0256564857585
CIV,2004,9.4830301198372
CIV,2005,8.85463546639548
CIV,2006,10.149368807964
CIV,2007,12.1552083745954
CIV,2008,12.0323122094594
CIV,2009,12.6992828688009
CIV,2010,13.0878719593805
CIV,2011,13.168148828706
CIV,2012,13.6834555407143
CIV,2013,14.3175686042922
CIV,2014,14.6906998099912
CIV,2015,16.7417116291801
CIV,2016,17.6694307998743
CIV,2017,19.2505134817876
CIV,2018,19.2748278273806
CIV,2019,19.0476721988887
CIV,2020,20.5738024943085
CIV,2021,20.9963038205128
CIV,2022,20.8539472820397
CIV,2023,21.9036293631015
CIV,2024,22.5184329531641
CIV,2025,22.6767007239408
CMR,1990,26.3773860496436
CMR,1991,26.4186571644135
CMR,1992,12.5202643154533
CMR,1993,8.04895695623619
CMR,1994,7.47640961197704
CMR,1995,6.84825406635548
CMR,1996,6.79991155329721
CMR,1997,5.52816678239915
CMR,1998,6.43348529599776
CMR,1999,6.76359969387726
CMR,2000,7.24834770978704
CMR,2001,7.84074915902624
CMR,2002,8.06333960214488
CMR,2003,8.23854970959904
CMR,2004,7.79541952361572
CMR,2005,8.40286242580155
CMR,2006,8.12353298418805
CMR,2007,8.28508670414223
CMR,2008,9.23971527903247
CMR,2009,9.64395738517045
CMR,2010,10.7779374242217
CMR,2011,12.3263650704915
CMR,2012,12.4120200108143
CMR,2013,12.9611374928781
CMR,2014,13.7278364272632
CMR,2015,14.1903930856487
CMR,2016,14.3706640485152
CMR,2017,14.0633461453046
CMR,2018,14.6820776289898
CMR,2019,14.0910928751244
COD,1990,1.80967978766194
COD,1991,0.683666
COD,1992,0.926181883239175
COD,1993,1.2109955423477
COD,1994,1.05685711120351
COD,1995,1.06312014122331
COD,2000,0.776252724448565
COD,2001,0.543904071106774
COD,2002,0.491387511931795
COD,2003,0.795986809436435
COD,2004,1.09523594047334
COD,2005,1.13960704796909
COD,2006,1.94439729755035
COD,2007,2.41095421355526
COD,2008,4.34458641170506
COD,2009,5.31192894200943
COD,2010,3.32382163504594
COD,2011,3.93873705237114
COD,2012,4.69547419556911
COD,2013,4.91397198759442
COD,2014,5.35361763264241
COD,2015,5.93167471593023
COD,2016,7.1121281512558
COD,2017,5.53598634132898
COD,2018,5.91738564865962
COD,2019,6.63540522970596
COD,2020,7.77351785936603
COD,2021,6.76403632346417
COD,2022,8.54046311411877
COD,2023,11.2863136949009
COG,1990,15.6922572178478
COG,1991,15.9967477559516
COG,1992,15.7563111798042
COG,1993,8.68569925009867
COG,1994,7.69809438495053
COG,1995,8.11238401817837
COG,1996,7.54720320073863
COG,1997,7.85771188315999
COG,1998,9.73915311712025
COG,1999,10.9017456703236
COG,2000,4.78054525627045
COG,2001,4.89742713469707
COG,2002,2.86607439783363
COG,2003,3.63584014174623
COG,2004,2.93264923853734
COG,2005,2.21035522374353
COG,2006,2.01041976164635
COG,2007,2.17001792231507
COG,2008,3.2133016767847
COG,2009,4.87224031469532
COG,2010,5.97974007920069
COG,2011,7.16938539992393
COG,2012,7.41275433322396
COG,2013,8.87867280525648
COG,2014,11.1598525258918
COG,2015,15.2272521698246
COG,2016,17.9395649927598
COG,2017,15.7845144454442
COG,2018,13.0035781117488
COG,2019,12.6399762805673
COG,2020,15.5564368746607
COG,2021,13.902630970771
COG,2022,12.7664269281269
COG,2023,13.7900478506587
COL,1990,25.9105916549165
COL,1991,23.4043091760028
COL,1992,25.2421600275776
COL,1993,28.6713526450495
COL,1994,31.0736127250167
COL,1995,33.6634295845069
COL,1996,35.3234826301522
COL,1997,36.4758451431847
COL,1998,35.2185505194702
COL,1999,31.654183439449
COL,2000,20.9474743929536
COL,2001,21.9066125992657
COL,2002,21.5233089569655
COL,2003,21.0762350135313
COL,2004,22.1991386566001
COL,2005,22.7527186089507
COL,2006,27.3293271996088
COL,2007,30.566568223407
COL,2008,31.3428821283831
COL,2009,30.0588498093341
COL,2010,32.352958637797
COL,2011,34.9599738877776
COL,2012,37.7448515262877
COL,2013,39.4836916913459
COL,2014,42.3846056970013
COL,2015,46.9053935998568
COL,2016,47.0541978052353
COL,2017,49.8054213986162
COL,2018,45.8707074728715
COL,2019,46.0415781067709
COL,2020,51.9987790610817
COL,2021,47.9124060650503
COL,2022,44.1883129591759
COL,2023,41.5886837999716
COL,2024,39.3740826684054
COL,2025,39.8565281134651
COM,1990,8.31336321229306
COM,1991,8.63117096868391
COM,1992,8.7294787582972
COM,1993,7.34713759680322
COM,1994,6.61819679885259
COM,1995,6.47791727308587
COM,1996,4.50983517286263
COM,1997,5.3254586896022
COM,1998,4.35025617140196
COM,1999,5.03598378982672
COM,2000,5.27762263671
COM,2001,4.30621566405697
COM,2002,4.48834426824497
COM,2003,5.07380354246118
COM,2004,4.16416657395075
COM,2005,5.16315796175395
COM,2006,4.98534469634907
COM,2007,5.35040930549283
COM,2008,6.35343539152692
COM,2009,8.78333732412975
COM,2010,10.4775902098787
COM,2011,10.6281810991574
COM,2012,12.0894266472375
COM,2013,12.8050866853768
COM,2014,13.6288665081147
COM,2015,15.8220261992571
COM,2016,16.1429576955409
COM,2017,16.4592204557401
COM,2018,15.7748496415702
COM,2019,15.4876028117551
COM,2020,14.9857749486743
COM,2021,16.0506210630525
COM,2022,16.3013699146177
COM,2023,16.5944611248562
COM,2024,15.3194009591458
CPV,1990,20.7416875330519
CPV,1991,21.7359410811283
CPV,1992,24.1143924340297
CPV,1993,19.0186805047108
CPV,1994,22.7212275108098
CPV,1995,27.5923533957026
CPV,1996,26.9264694981134
CPV,1997,32.2217799181466
CPV,1998,32.1672799750008
CPV,1999,41.3394062881171
CPV,2000,40.131518853745
CPV,2001,31.0541342598617
CPV,2002,33.9522942173167
CPV,2003,35.6402585838284
CPV,2004,37.8395090284701
CPV,2005,39.1008095002529
CPV,2006,44.8559642439518
CPV,2007,41.7784504486587
CPV,2008,47.7156988322521
CPV,2009,53.1262342898702
CPV,2010,56.4707434059343
CPV,2011,59.9314092638016
CPV,2012,58.5656233941807
CPV,2013,58.5403296940705
CPV,2014,57.6507481205977
CPV,2015,56.4111670298392
CPV,2016,55.1042370057682
CPV,2017,55.424059542591
CPV,2018,53.6607055362925
CPV,2019,51.6385591168306
CPV,2020,68.4560324470727
CPV,2021,67.5616449738552
CPV,2022,57.9177809708986
CPV,2023,56.3288782962361
CPV,2024,54.6131421681783
CPV,2025,54.042686639781
CRI,2005,35.8602192345414
CRI,2006,37.8629840625737
CRI,2007,43.7723776789672
CRI,2008,49.380606237469
CRI,2009,47.6533512000771
CRI,2010,44.3141331487755
CRI,2011,46.0200426615857
CRI,2012,47.4513205210572
CRI,2013,49.7299244380898
CRI,2014,53.0984453508421
CRI,2015,55.1272483638858
CRI,2016,58.6380537945029
CRI,2017,59.6859060092739
CRI,2018,60.1621977806261
CRI,2019,55.8867472957005
CRI,2020,59.7420306125444
CRI,2021,56.0475527880024
CRI,2022,51.3585723021287
CRI,2023,50.5269682662904
CRI,2024,51.2276495671225
CRI,2025,51.0306836568544
CSS,1990,35.7043836459799
CSS,1991,37.9419770873322
CSS,1992,38.5399158576956
CSS,1993,38.5976235226898
CSS,1994,36.7012812086163
CSS,1995,38.7954538610791
CSS,1996,40.503678381753
CSS,1997,39.255605494906
CSS,1998,40.8155912907288
CSS,1999,40.7985360962201
CSS,2000,40.9991697641025
CSS,2001,48.3828400803204
CSS,2002,48.1189815476637
CSS,2003,45.1033466997181
CSS,2004,45.1788022704682
CSS,2005,44.3467229410636
CSS,2006,43.8482529110468
CSS,2007,44.0900689619018
CSS,2008,41.4070400526303
CSS,2009,49.3400822879548
CSS,2010,42.5577712878868
CSS,2011,40.528421222807
CSS,2012,42.0663980777005
CSS,2013,41.5251565210636
CSS,2014,41.1904265259106
CSS,2015,43.3104812272032
CSS,2016,45.1531013591098
CSS,2017,42.786916902025
CSS,2018,42.9264646483456
CSS,2019,43.8813297738414
CSS,2020,50.1754374175039
CSS,2021,43.3792030784827
CSS,2022,36.4209578235568
CSS,2023,38.8219511929479
CSS,2024,33.5445530325227
CSS,2025,34.3653410716962
CYP,2001,144.419255356415
CYP,2002,149.493012840461
CYP,2003,147.195228621501
CYP,2004,147.338509151311
CYP,2005,156.676015413795
CYP,2006,162.937571285187
CYP,2007,180.680730068928
CYP,2008,212.209238098344
CYP,2009,226.355979301383
CYP,2010,234.2515929319
CYP,2011,242.541120297858
CYP,2012,249.218122126626
CYP,2013,254.66806457038
CYP,2014,251.830384825679
CYP,2015,243.416337343981
CYP,2016,216.242757371797
CYP,2017,191.783932232274
CYP,2018,135.318599181494
CYP,2019,106.68413611383
CYP,2020,106.473520309929
CYP,2021,87.3952443793853
CYP,2022,70.8069403957086
CYP,2023,60.571861381716
CYP,2024,56.6577631532363
CZE,1993,61.1618107629241
CZE,1994,65.2863894334243
CZE,1995,64.5758778196693
CZE,1996,62.97091748363
CZE,1997,64.1908462522882
CZE,1998,56.4694884558141
CZE,1999,51.1442282034601
CZE,2000,44.6857940575905
CZE,2001,36.9324742415227
CZE,2002,23.5469774809519
CZE,2003,24.2503786358661
CZE,2004,25.6084231471379
CZE,2005,29.198511293775
CZE,2006,33.8468188673217
CZE,2007,38.7111386653992
CZE,2008,43.2837473288349
CZE,2009,45.0769166431167
CZE,2010,45.8702955056247
CZE,2011,47.9331340018142
CZE,2012,49.0549453111
CZE,2013,50.2898649104068
CZE,2014,49.0926941934326
CZE,2015,49.2604496354432
CZE,2016,50.5721831167678
CZE,2017,50.2324425641548
CZE,2018,50.7185195587911
CZE,2019,49.4401047128065
CZE,2020,51.9829906329751
CZE,2021,52.0361206166061
CZE,2022,48.6347695390782
CZE,2023,47.7195252266584
CZE,2024,48.0206642758804
DEU,2001,111.240170458005
DEU,2002,110.165745012493
DEU,2003,108.505942047742
DEU,2004,105.024726999965
DEU,2005,103.75352043032
DEU,2006,100.341277234171
DEU,2007,95.4983439670839
DEU,2008,95.4017333003769
DEU,2009,96.8593447395117
DEU,2010,86.7703784709742
DEU,2011,83.2493965947192
DEU,2012,82.1912777571376
DEU,2013,80.6847771482794
DEU,2014,77.7920367770492
DEU,2015,76.5815039050479
DEU,2016,75.9886830599554
DEU,2017,76.0590859587592
DEU,2018,76.6188414195566
DEU,2019,77.9656968065859
DEU,2020,83.809378912227
DEU,2021,82.7038241987432
DEU,2022,81.079187544963
DEU,2023,77.253484574492
DJI,1990,45.444480657609
DJI,1991,43.1383476450468
DJI,1992,41.177716834783
DJI,1993,39.6068412804582
DJI,1994,38.3092917999394
DJI,1995,42.8472913086732
DJI,1996,44.3476279970386
DJI,1997,43.176323094833
DJI,1998,46.0609959713861
DJI,1999,28.8550655119462
DJI,2000,32.0654354143763
DJI,2001,26.4404220559006
DJI,2002,24.3962198776258
DJI,2003,22.5844501693345
DJI,2004,21.1118901795143
DJI,2005,20.0751157306315
DJI,2006,20.1829119250613
DJI,2007,22.5217826972719
DJI,2008,24.3356079532783
DJI,2009,29.3471303326915
DJI,2010,33.1101651364158
DJI,2011,30.9088339588642
DJI,2012,28.9308988431593
DJI,2013,22.1463874057357
DJI,2014,22.1377018857024
DJI,2015,21.7028460975101
DJI,2016,20.4371265619881
DJI,2017,21.1727542584921
DJI,2018,21.6332373941692
DJI,2019,22.3514833157846
DJI,2020,21.153639250123
DJI,2021,18.5968581486669
DJI,2022,19.8343292529775
DJI,2023,21.8231301046989
DJI,2024,23.1025276600186
DJI,2025,25.1647278808558
DMA,1990,38.8208362446218
DMA,1991,39.5087299447216
DMA,1992,41.773213494525
DMA,1993,43.6814396910638
DMA,1994,43.7766352390692
DMA,1995,46.4959997841367
DMA,1996,45.4253202731984
DMA,1997,47.2265209578642
DMA,1998,47.0953808686862
DMA,1999,46.8628523583589
DMA,2000,50.4332663238446
DMA,2001,43.1318255408919
DMA,2002,42.7761983732133
DMA,2003,41.7298305488313
DMA,2004,42.0733437896781
DMA,2005,45.2101842127672
DMA,2006,47.2177383513182
DMA,2007,46.5457044101112
DMA,2008,46.7316610211341
DMA,2009,46.398284692243
DMA,2010,50.4433536142261
DMA,2011,52.3689632609876
DMA,2012,55.2126750939529
DMA,2013,52.6516931770331
DMA,2014,48.813726061265
DMA,2015,47.5724320136163
DMA,2016,44.1506480003869
DMA,2017,47.2243698473433
DMA,2018,41.653873816514
DMA,2019,38.3560218453579
DMA,2020,50.7542625074397
DMA,2021,49.3802060716119
DMA,2022,45.8489422030946
DMA,2023,41.7730066174571
DMA,2024,39.3862299594619
DMA,2025,38.0930403904995
DNK,1990,50.3413528984755
DNK,1991,41.8821018591166
DNK,1992,39.3314977103696
DNK,1993,34.2610361447159
DNK,1994,30.2917917682028
DNK,1995,30.3717471131793
DNK,1996,31.0162483179942
DNK,1997,31.5660006191374
DNK,1998,34.3428442810392
DNK,1999,34.0955585310025
DNK,2000,132.060935621086
DNK,2001,138.754103332937
DNK,2002,141.481850362666
DNK,2003,139.886814789913
DNK,2004,145.292998792918
DNK,2005,157.138147842747
DNK,2006,168.745502563994
DNK,2007,184.0374247006
DNK,2008,190.31686614058
DNK,2009,200.399182317735
DNK,2010,192.829946750657
DNK,2011,187.071128261478
DNK,2012,182.294825006608
DNK,2013,176.47778714251
DNK,2014,173.406264223471
DNK,2015,170.482608410684
DNK,2016,167.059346282627
DNK,2017,162.056089653455
DNK,2018,161.960223775062
DNK,2019,161.898678914292
DNK,2020,163.53675512979
DNK,2021,155.229321090433
DNK,2022,143.406000566119
DNK,2023,147.482098497207
DNK,2024,144.062236896793
DOM,2004,23.6407582982231
DOM,2005,19.6494366342449
DOM,2006,18.6926214053015
DOM,2007,20.7082666024064
DOM,2008,20.7401125439887
DOM,2009,21.5664624818529
DOM,2010,22.7350961859087
DOM,2011,22.9374372388722
DOM,2012,22.5374088267045
DOM,2013,23.4371404845689
DOM,2014,25.2661648516991
DOM,2015,26.0392720542651
DOM,2016,26.9063969746819
DOM,2017,27.5827678514226
DOM,2018,27.3911536580126
DOM,2019,28.0978072005075
DOM,2020,30.6276284346111
DOM,2021,27.7700298032382
DOM,2022,27.965795472561
DOM,2023,30.842195690075
DOM,2024,31.9220864876323
DOM,2025,32.8494013968757
DZA,1990,56.1432167218921
DZA,1991,46.2891664910387
DZA,1992,7.25481764444156
DZA,1993,6.61775301930963
DZA,1994,6.48910489572955
DZA,1995,5.19938703509485
DZA,1996,5.36490270870533
DZA,1997,3.90741685713155
DZA,1998,4.56382248155228
DZA,1999,5.38808930151893
DZA,2000,5.96563998570152
DZA,2001,7.38450388552899
DZA,2002,11.2566389037062
DZA,2003,10.3642725018405
DZA,2004,10.2103283916163
DZA,2005,11.5002886298427
DZA,2006,11.5208153731445
DZA,2007,12.3058156265958
DZA,2008,12.1301917581652
DZA,2009,14.8475768615458
DZA,2010,13.7901331989861
DZA,2011,12.5651064123385
DZA,2012,12.9086438651722
DZA,2013,15.0652748989807
DZA,2014,16.4216636360139
DZA,2015,19.2203451351034
DZA,2016,20.2524548230485
DZA,2017,21.8603855833638
DZA,2018,22.387148870126
DZA,2019,22.9128695368994
DZA,2020,26.1172134194462
DZA,2021,22.659990400839
DZA,2022,18.2397846012834
DZA,2023,18.846702518083
DZA,2024,19.0341413218985
DZA,2025,19.5912759166229
EAP,1990,76.2464870907929
EAP,1991,78.0855535918099
EAP,1992,79.1247612328831
EAP,1993,86.9671294999832
EAP,1994,80.7387857141929
EAP,1995,80.5582288841716
EAP,1996,87.2403260938915
EAP,1997,95.0545197541717
EAP,1998,100.890264945203
EAP,1999,104.120720418878
EAP,2000,104.562575199524
EAP,2001,103.902450502667
EAP,2002,109.785792285393
EAP,2003,116.64865086309
EAP,2004,110.754901783117
EAP,2005,104.657866295583
EAP,2006,102.321855847317
EAP,2007,100.242729859988
EAP,2008,96.9070232624438
EAP,2009,109.551507946828
EAP,2010,109.866865792713
EAP,2011,108.703210835975
EAP,2012,114.553116827469
EAP,2013,120.355002209005
EAP,2014,126.036678120542
EAP,2015,137.352922231185
EAP,2016,139.945222608886
EAP,2017,139.203182964412
EAP,2018,142.607429997821
EAP,2019,148.206369279385
EAP,2020,164.315921082298
EAP,2021,161.240005501591
EAP,2022,166.774196886689
EAP,2023,173.8654065448
EAP,2024,177.715552190024
EAR,1990,27.943876830223
EAR,1997,30.2786923743944
EAR,1998,30.3096461715562
EAR,1999,30.5048322143101
EAR,2000,29.5674110115973
EAR,2001,28.8531623466099
EAR,2002,29.0678359300519
EAR,2003,30.5858576386412
EAR,2004,32.9053332820168
EAR,2005,34.9314308075306
EAR,2006,37.3166703919084
EAR,2007,39.0494487595988
EAR,2008,36.9443970865998
EAR,2009,38.2926830941509
EAR,2010,39.4696631366248
EAR,2011,39.8206907042302
EAR,2012,40.7147991443245
EAR,2013,42.0523620616785
EAR,2014,43.6319598771206
EAR,2015,45.614212486865
EAR,2016,43.5018234438356
EAR,2017,42.885783359021
EAR,2018,43.8086137254414
EAR,2019,42.2668029117298
EAR,2020,44.8161115436836
EAR,2021,41.8838014368774
EAR,2022,40.0472108675977
EAR,2023,40.1524921800479
EAR,2024,40.1400830824835
EAR,2025,40.1910027960555
EAS,1990,153.272916242024
EAS,1991,153.659424921339
EAS,1992,156.50470728895
EAS,1993,161.66215504485
EAS,1994,161.614594879675
EAS,1995,158.45206171519
EAS,1996,154.146933975955
EAS,1997,161.84019990122
EAS,1998,170.388927108202
EAS,1999,173.996911238073
EAS,2000,167.381201608074
EAS,2001,149.149243341299
EAS,2002,147.497784586505
EAS,2003,148.819815703513
EAS,2004,141.958058262268
EAS,2005,138.552576097189
EAS,2006,135.060645366703
EAS,2007,129.088906811051
EAS,2008,126.798080740446
EAS,2009,133.561159605013
EAS,2010,129.482489741457
EAS,2011,127.751907405948
EAS,2012,129.749593131258
EAS,2013,132.114959457664
EAS,2014,135.424977175606
EAS,2015,141.780204544616
EAS,2016,144.620405942988
EAS,2017,144.911108947653
EAS,2018,146.738413097194
EAS,2019,152.662380116418
EAS,2020,168.289138886855
EAS,2021,165.770479063642
EAS,2022,168.646107771494
EAS,2023,172.855368328695
EAS,2024,175.369046333667
ECA,2008,42.2568903323321
ECA,2009,43.7406961606754
ECA,2010,47.7239494872215
ECA,2011,49.9677876923845
ECA,2012,51.0998122996319
ECA,2013,54.4696636967027
ECA,2014,56.1780071760008
ECA,2015,54.2620415939895
ECA,2016,55.1805596765705
ECA,2017,54.2241087218593
ECA,2018,50.6561438192024
ECA,2019,48.4842763188516
ECA,2020,55.1313291062776
ECA,2021,51.3281676151991
ECA,2022,42.485106650713
ECA,2023,40.3169550462509
ECA,2024,37.8932088281015
ECA,2025,42.2251671701619
ECS,2001,91.100826909392
ECS,2002,91.7526837591607
ECS,2003,93.1133401048186
ECS,2004,95.174113213841
ECS,2005,98.9979217177243
ECS,2006,102.819993140467
ECS,2007,107.438713408527
ECS,2008,106.97306796636
ECS,2009,110.107910624352
ECS,2010,106.328931281431
ECS,2011,102.417317571963
ECS,2012,100.098861039874
ECS,2013,97.3366767972801
ECS,2014,94.9157654846715
ECS,2015,93.7477395525377
ECS,2016,93.1355209392967
ECS,2017,88.9893733567219
ECS,2018,88.045035321663
ECS,2019,87.082040760799
ECS,2020,95.7822400765614
ECS,2021,90.5080458555484
ECS,2022,87.3747860520439
ECS,2023,81.7403534862547
ECS,2024,79.029808195632
ECU,2002,19.0719396318142
ECU,2003,18.0551202336506
ECU,2004,20.5413980220229
ECU,2005,21.9843010481258
ECU,2006,22.3312165490477
ECU,2007,23.3804598593846
ECU,2008,23.9648755618427
ECU,2009,24.8896332211154
ECU,2010,27.0843336858919
ECU,2011,27.5915486903939
ECU,2012,28.44437278344
ECU,2013,28.5522332055412
ECU,2014,29.208430980274
ECU,2015,29.9362613682185
ECU,2016,31.5046558000332
ECU,2017,34.2208461040213
ECU,2018,38.3374947486699
ECU,2019,42.6915820194147
ECU,2020,49.0557050652741
ECU,2021,49.7533981232754
ECU,2022,52.3799487703168
ECU,2023,54.654544984531
ECU,2024,56.5769942262981
ECU,2025,58.8742627097159
EGY,1990,25.5256784968685
EGY,1991,22.0586311111111
EGY,1992,22.2704529115744
EGY,1993,23.7657860824742
EGY,1994,27.9036571428571
EGY,1995,32.7338235294118
EGY,1996,36.5343940714908
EGY,1997,39.6936066190297
EGY,1998,46.5550104384134
EGY,1999,52.0018205461638
EGY,2000,51.9532784475154
EGY,2001,54.9311402286033
EGY,2002,54.6553972024281
EGY,2003,53.897628742515
EGY,2004,54.0429142798269
EGY,2005,51.1654340531105
EGY,2006,49.2909797353084
EGY,2007,45.5152215665951
EGY,2008,42.7975137803462
EGY,2009,36.0927133507004
EGY,2010,33.0722952214189
EGY,2011,31.1549232899382
EGY,2012,27.388449729504
EGY,2013,26.2224394958043
EGY,2014,25.6066805392918
EGY,2015,26.316393760305
EGY,2016,34.1348626252639
EGY,2017,27.0698246737254
EGY,2018,24.2952790707642
EGY,2019,22.8487308972762
EGY,2020,25.7894742547866
EGY,2021,28.2307543894278
EGY,2022,30.847002116672
EGY,2023,29.2578215393463
EGY,2024,27.5692279729149
EGY,2025,25.8412480093151
EMU,2001,87.8843058163342
EMU,2002,88.0007684282816
EMU,2003,88.8910439805138
EMU,2004,90.020733722485
EMU,2005,94.5536793778255
EMU,2006,98.218513978989
EMU,2007,101.186873641067
EMU,2008,102.999029061465
EMU,2009,105.463025757601
EMU,2010,102.693270621391
EMU,2011,100.723754055718
EMU,2012,98.7410339180255
EMU,2013,95.7440651519646
EMU,2014,91.577745130222
EMU,2015,88.8686889093578
EMU,2016,87.8934383182707
EMU,2017,86.8224525516456
EMU,2018,85.6101672676237
EMU,2019,84.8853966524643
EMU,2020,93.5602639819493
EMU,2021,88.8957461983539
EMU,2022,84.8517966596561
EMU,2023,79.5888488482869
EMU,2024,77.1302223099816
ERI,1995,17.0959100375747
ERI,1996,34.6497071308352
ERI,1997,35.2108260754331
ERI,1998,46.4766514762078
ERI,1999,33.2862861390546
ERI,2000,29.1947075322242
ERI,2001,29.0301166064543
ERI,2002,28.612579801294
ERI,2003,30.2094685885497
ERI,2004,26.9424893274885
ERI,2005,27.5632390071943
ERI,2006,25.9882692375015
ERI,2007,20.7357490413301
ERI,2008,22.060976369261
ERI,2009,16.7680727471697
ERI,2010,21.2805376775865
ERI,2011,17.5647022127032
ERI,2012,16.1597177482946
ERI,2013,33.9868058928029
ERI,2014,53.241077381173
ESP,2001,94.9394409772958
ESP,2002,99.2929603794007
ESP,2003,106.544052882645
ESP,2004,115.928325847413
ESP,2005,135.871253994626
ESP,2006,156.580256642945
ESP,2007,167.635941463016
ESP,2008,170.743020696995
ESP,2009,173.382324159591
ESP,2010,171.325123358508
ESP,2011,167.027107954599
ESP,2012,157.434331694924
ESP,2013,145.759575372544
ESP,2014,129.358996447371
ESP,2015,118.216890256018
ESP,2016,110.901834158974
ESP,2017,105.15698823272
ESP,2018,98.8298869234399
ESP,2019,94.4116262931619
ESP,2020,107.572523897153
ESP,2021,98.4256244971566
ESP,2022,88.1124065404768
ESP,2023,78.3496832939301
ESP,2024,74.2192017963659
EST,2004,40.2980800105181
EST,2005,56.5739087115337
EST,2006,76.2245652785985
EST,2007,83.7476130434748
EST,2008,89.6688726260344
EST,2009,101.383034984081
EST,2010,92.8043492211177
EST,2011,77.7273393268142
EST,2012,72.2359626283806
EST,2013,68.5688128478961
EST,2014,66.2244826810727
EST,2015,67.7220402662715
EST,2016,68.4124027630138
EST,2017,62.8595377411996
EST,2018,60.7637234103393
EST,2019,58.2395451990957
EST,2020,62.4674951324135
EST,2021,59.2942307857999
EST,2022,57.2271887161449
EST,2023,57.661097453773
EST,2024,60.5354220304166
ETH,1990,1.58214336299026
ETH,1991,1.43847572438619
ETH,1992,2.07157691398828
ETH,1993,3.49087755189805
ETH,1994,4.84114685389972
ETH,1995,7.54482335944397
ETH,1996,11.6492618227706
ETH,1997,13.996200855524
ETH,1998,15.7643606067517
ETH,1999,18.9197318949242
ETH,2000,17.6238640309735
ETH,2001,17.778546785567
ETH,2002,17.978117689976
ETH,2003,17.5006234628474
ETH,2004,16.5291865259117
ETH,2005,18.8657892604975
ETH,2006,20.4493250657558
ETH,2007,18.5250760306452
ETH,2008,17.7101483486321
EUU,2001,86.0745560975884
EUU,2002,85.8006274545872
EUU,2003,86.8176059590079
EUU,2004,88.2135781398162
EUU,2005,92.4873345303528
EUU,2006,96.1572937523068
EUU,2007,99.3834698026714
EUU,2008,101.369674938683
EUU,2009,104.290008593545
EUU,2010,101.659542758363
EUU,2011,99.9052221769718
EUU,2012,98.1826139711723
EUU,2013,95.5807622172709
EUU,2014,91.7154480433352
EUU,2015,89.0321720177161
EUU,2016,88.2213503836383
EUU,2017,87.004363397515
EUU,2018,85.6969203421039
EUU,2019,84.7558915773914
EUU,2020,92.6709590864774
EUU,2021,88.3058672753835
EUU,2022,83.9137580735347
EUU,2023,78.4721492246157
EUU,2024,75.5566984222121
FIN,2001,52.6545661834749
FIN,2002,55.4363782525549
FIN,2003,60.2844826449767
FIN,2004,63.7327470533763
FIN,2005,69.2547338248333
FIN,2006,73.4138990286994
FIN,2007,76.2828840098579
FIN,2008,80.1053265586632
FIN,2009,86.308636201062
FIN,2010,88.1332149861544
FIN,2011,89.5337836128608
FIN,2012,92.0754773478126
FIN,2013,93.313414939778
FIN,2014,93.3662043671516
FIN,2015,94.9850612773084
FIN,2016,94.7843702628907
FIN,2017,94.0317570514361
FIN,2018,94.8815247622949
FIN,2019,95.9193855390369
FIN,2020,101.738251257472
FIN,2021,100.140293611616
FIN,2022,96.1977943524903
FIN,2023,93.2129448178605
FIN,2024,92.0244354023472
FJI,2001,35.433731039075
FJI,2002,55.2991212475252
FJI,2003,54.7425560184288
FJI,2004,61.1134716967661
FJI,2005,69.1915847943942
FJI,2006,79.0666889707575
FJI,2007,78.7496782773846
FJI,2008,85.9113508881267
FJI,2009,89.605567220233
FJI,2010,83.4615495494888
FJI,2011,75.3880732634199
FJI,2012,76.8012555942269
FJI,2013,74.8887465351047
FJI,2014,72.596975982596
FJI,2015,78.765928937683
FJI,2016,84.4251449377182
FJI,2017,86.2066812169131
FJI,2018,92.7963247404047
FJI,2019,104.113881166689
FJI,2020,130.050824259718
FJI,2021,139.163957696995
FJI,2022,118.38185167337
FJI,2023,113.600553281903
FJI,2024,115.346328808797
FJI,2025,118.958850834707
FRA,2001,77.3883861486517
FRA,2002,76.5284393068992
FRA,2003,75.9612449584322
FRA,2004,76.9744161883116
FRA,2005,80.324329471898
FRA,2006,84.3572835148986
FRA,2007,88.974306564356
FRA,2008,92.6357426084034
FRA,2009,95.0966407247871
FRA,2010,95.8471452301569
FRA,2011,96.6491919516285
FRA,2012,96.5785492959372
FRA,2013,95.8769626871841
FRA,2014,93.9159081503646
FRA,2015,94.9454202268228
FRA,2016,97.4904687619857
FRA,2017,101.617830234188
FRA,2018,104.624051971951
FRA,2019,106.913030586051
FRA,2020,125.397439701102
FRA,2021,120.721909947613
FRA,2022,119.290366998126
FRA,2023,112.567354839828
FRA,2024,107.58266062477
FSM,1995,29.8149411176283
FSM,1996,27.7728519575517
FSM,1997,28.4392349797355
FSM,1998,30.3056614474558
FSM,1999,32.573369386309
FSM,2000,31.180209810432
FSM,2001,29.5730276998338
FSM,2002,21.2737577228773
FSM,2003,16.6208825984157
FSM,2004,18.3307923431496
FSM,2005,20.0267206477733
FSM,2006,20.9688
FSM,2007,21.3114624505929
FSM,2008,20.0306513409962
FSM,2009,21.3371841155235
FSM,2010,20.9373287671233
FSM,2011,19.7074675324675
FSM,2012,19.529012345679
FSM,2013,19.8528662420382
FSM,2014,21.3867088607595
FSM,2015,23.1586538461538
FSM,2016,22.9960244648318
FSM,2017,23.1199445983379
FSM,2018,20.2195431472081
FSM,2019,22.8093670886076
FSM,2020,24.1698437688974
FSM,2021,23.4273633503821
GAB,1990,12.9223127236826
GAB,1991,14.6340279267629
GAB,1992,10.9443611257482
GAB,1993,10.3152517572052
GAB,1994,6.75599656583784
GAB,1995,7.92178409825469
GAB,1996,6.5893298544356
GAB,1997,8.68058280531343
GAB,1998,10.7795085066163
GAB,1999,9.96367119470568
GAB,2000,8.69655229754448
GAB,2001,12.5213235669856
GAB,2002,12.3109535557091
GAB,2003,11.5183478998664
GAB,2004,9.270946511217
GAB,2005,8.46361766400408
GAB,2006,9.55302311116021
GAB,2007,9.95222909903567
GAB,2008,8.66117230938388
GAB,2009,10.091112978373
GAB,2010,8.20999683204116
GAB,2011,9.52767161179321
GAB,2012,11.3020956739669
GAB,2013,15.012821298493
GAB,2014,14.5417251249117
GAB,2015,14.5161472286238
GAB,2016,13.8289895507558
GAB,2017,10.2903622081637
GAB,2018,13.0826930691649
GAB,2019,13.3764779657931
GBR,1990,104.805960306851
GBR,1991,102.333764425911
GBR,1992,101.677998125474
GBR,1993,99.876224683285
GBR,1994,100.030864363201
GBR,1995,96.9838148788017
GBR,1996,99.8119545669975
GBR,1997,101.512510184771
GBR,1998,102.081363855748
GBR,1999,105.111743558731
GBR,2000,114.294248790913
GBR,2001,119.336886441347
GBR,2002,124.533460121241
GBR,2003,129.216112132892
GBR,2004,136.667035880836
GBR,2005,142.664487913407
GBR,2006,153.471395323663
GBR,2007,169.583348638841
GBR,2008,190.146653043876
GBR,2009,191.129828943179
GBR,2010,183.762819228277
GBR,2011,169.61587364494
GBR,2012,160.010705514872
GBR,2013,148.906248602627
GBR,2014,134.605055432715
GBR,2015,130.08273790259
GBR,2016,131.480106047871
GBR,2017,132.333248459152
GBR,2018,132.783359788981
GBR,2019,131.443065370417
GBR,2020,145.572075379344
GBR,2021,136.161594591011
GBR,2022,126.126397693252
GBR,2023,117.978361754605
GBR,2024,112.372018963535
GEO,2008,34.4363345628058
GEO,2009,32.7152366113766
GEO,2010,31.8520769230266
GEO,2011,32.879102622471
GEO,2012,35.5362693389369
GEO,2013,39.9045930084725
GEO,2014,44.9483510774207
GEO,2015,48.2300744379273
GEO,2016,54.014570070671
GEO,2017,55.071079573885
GEO,2018,59.5296426505116
GEO,2019,65.0283258328935
GEO,2020,79.0645249082047
GEO,2021,72.9083897422509
GEO,2022,63.0726082732066
GEO,2023,66.4033160272702
GEO,2024,68.2889275931946
GEO,2025,68.4219664417332
GHA,1990,4.92869864550594
GHA,1991,3.65734044783811
GHA,1992,4.9419292690541
GHA,1993,4.83817566695075
GHA,1994,5.25003266090298
GHA,1995,5.07356450843041
GHA,1996,6.00507906550134
GHA,1997,8.19509402411892
GHA,1998,9.3588471656594
GHA,1999,12.5620832397761
GHA,2000,13.971491324036
GHA,2001,11.8843912608955
GHA,2002,12.1495373048323
GHA,2003,12.493048761649
GHA,2004,13.1724893671741
GHA,2005,15.5440688136274
GHA,2006,10.8575870160572
GHA,2007,14.4884302260337
GHA,2008,12.6134904703492
GHA,2009,17.7369732584538
GHA,2010,16.6607748086712
GHA,2011,17.1952826473503
GHA,2012,18.0717128637123
GHA,2013,15.2923716479322
GHA,2014,16.5048906269026
GHA,2015,17.9335670472186
GHA,2016,17.4356386560413
GHA,2017,16.0995201444141
GHA,2018,13.7141432192203
GHA,2019,13.9372113856401
GHA,2020,13.058528858537
GHA,2021,13.0544311231372
GHA,2022,13.2885237876886
GHA,2023,9.44619497401401
GHA,2024,8.92435396216065
GIN,1991,2.40144002428
GIN,1992,2.47534470382151
GIN,1993,2.85362924409658
GIN,1994,3.00025790157888
GIN,1995,3.39956423274014
GIN,1996,3.32684097662802
GIN,1997,3.10173118542823
GIN,1998,2.50563486232653
GIN,2000,2.73537209310413
GIN,2001,2.77157599765352
GIN,2002,2.84531440721058
GIN,2003,2.89892952671017
GIN,2004,2.59622910971066
GIN,2005,3.87915654280266
GIN,2006,4.60476073585137
GIN,2007,3.26263943860801
GIN,2008,3.23943146683863
GIN,2009,2.65986866597769
GIN,2010,3.94270199195746
GIN,2011,6.8178937916267
GIN,2012,5.91283320690499
GIN,2013,7.33649327524321
GIN,2014,9.93053864137195
GIN,2015,11.815500678211
GIN,2016,10.7669946764946
GIN,2017,9.11146864248885
GIN,2018,9.6479967391794
GIN,2019,10.2885469655835
GIN,2020,10.019831655421
GIN,2021,9.00671851271095
GIN,2022,10.4563455290297
GIN,2023,10.2490766052461
GIN,2024,10.6668743226753
GIN,2025,10.5740083117121
GMB,1990,10.9926754590191
GMB,1991,5.17667166949984
GMB,1992,3.72721700831013
GMB,1993,5.47708741592521
GMB,1994,5.62665960139634
GMB,1995,4.83617845391854
GMB,1996,4.37322208120126
GMB,1997,5.44503379650279
GMB,1998,5.70956380786422
GMB,1999,6.60630718792009
GMB,2000,6.74107428686038
GMB,2001,8.32140200906951
GMB,2002,10.6899415579653
GMB,2003,11.7579441643718
GMB,2004,5.03258038667537
GMB,2005,5.85223886598166
GMB,2006,7.21291896424901
GMB,2007,7.54851230375493
GMB,2008,8.73270872952293
GMB,2009,9.16645259698903
GMB,2010,9.49108014230579
GMB,2011,10.4075521213533
GMB,2012,10.0796538891506
GMB,2013,9.98100085589005
GMB,2014,8.8311855558866
GMB,2017,6.09221630485146
GMB,2018,7.05226804537001
GMB,2019,8.2021724578564
GMB,2020,8.15222243350758
GMB,2021,8.87544997363302
GMB,2022,9.62022046623071
GMB,2023,8.72531335926186
GMB,2024,9.40397496213459
GNB,1990,8.4647871092902
GNB,1991,5.12897477290728
GNB,1992,3.90717895730324
GNB,1993,4.57288193967242
GNB,1994,5.49587903007217
GNB,1995,3.3391278988497
GNB,1996,2.57459727352046
GNB,1997,2.72443831532961
GNB,1998,3.60191030647951
GNB,1999,2.76380311816524
GNB,2000,4.36120784367581
GNB,2001,0.383077011985722
GNB,2002,1.30037297900797
GNB,2003,0.636901086326267
GNB,2004,1.1406146620526
GNB,2005,1.46468772744116
GNB,2006,2.17916798609808
GNB,2007,3.21439572960089
GNB,2008,5.1219328734522
GNB,2009,4.43143825383553
GNB,2010,6.3595348790892
GNB,2011,8.68660543992672
GNB,2012,12.2237244144012
GNB,2013,11.9864956964581
GNB,2014,13.4338996126926
GNB,2015,7.77995634782975
GNB,2016,7.00586280603824
GNB,2017,11.7090574410238
GNB,2018,13.8535174051652
GNB,2019,13.3473119187432
GNB,2020,13.6099811917675
GNB,2021,13.2906544264519
GNB,2022,14.5846321020116
GNB,2023,12.5831948252192
GNB,2024,10.7253688584545
GNB,2025,9.9872244553091
GNQ,1990,25.7713318341911
GNQ,1991,38.2326958401526
GNQ,1992,21.2194972986663
GNQ,1993,5.1656544925775
GNQ,1994,4.02011693673264
GNQ,1995,4.79762403015508
GNQ,1996,5.21035574316028
GNQ,1997,4.65452142589506
GNQ,1998,6.46172223470148
GNQ,1999,5.56636788879989
GNQ,2000,3.63341617435826
GNQ,2001,3.47007757207302
GNQ,2002,4.16905437079468
GNQ,2003,3.58879170056066
GNQ,2004,2.72215431812877
GNQ,2005,2.14853263799982
GNQ,2006,2.37293393091507
GNQ,2007,2.80267296559979
GNQ,2008,4.10405482430278
GNQ,2009,5.31752124002543
GNQ,2010,6.07828531496565
GNQ,2011,6.4064820440112
GNQ,2012,4.83204994072443
GNQ,2013,6.863157222794
GNQ,2014,8.10847678929606
GNQ,2015,12.5262525944721
GNQ,2016,14.9468582596128
GNQ,2017,14.1214330973783
GNQ,2018,14.1882491471457
GNQ,2019,15.2395082821309
GNQ,2020,12.8708903076884
GNQ,2021,10.4542771122938
GNQ,2022,8.08192941445443
GNQ,2023,5.81219669046931
GRC,2001,51.6965910004471
GRC,2002,54.8718327415203
GRC,2003,58.7319609377145
GRC,2004,63.8775428098327
GRC,2005,73.6573957197981
GRC,2006,77.5454374177186
GRC,2007,85.7984237428537
GRC,2008,90.5073136555285
GRC,2009,89.22442515662
GRC,2010,112.814277336853
GRC,2011,119.201382534538
GRC,2012,120.147931380692
GRC,2013,119.790203680738
GRC,2014,117.895057189809
GRC,2015,113.433357315224
GRC,2016,108.627097496027
GRC,2017,100.647509860794
GRC,2018,91.2069328032117
GRC,2019,80.2122396702063
GRC,2020,81.2709751259998
GRC,2021,56.1973361608804
GRC,2022,52.4567421241532
GRC,2023,49.2157408211615
GRC,2024,48.5410004453358
GRD,1990,36.0575338369665
GRD,1991,35.4070943984352
GRD,1992,37.6173287612672
GRD,1993,49.4494334620174
GRD,1994,47.2317273407588
GRD,1995,47.3321991137674
GRD,1996,49.993292356648
GRD,1997,55.5239298806533
GRD,1998,56.8697086739477
GRD,1999,59.002157096531
GRD,2000,62.5581236017041
GRD,2001,63.0805181869931
GRD,2002,61.4322462863877
GRD,2003,58.4647454422207
GRD,2004,61.6179867190086
GRD,2005,57.9510649627263
GRD,2006,64.8766668373539
GRD,2007,68.7935247685599
GRD,2008,70.0770486884809
GRD,2009,79.377116503493
GRD,2010,83.9799398580034
GRD,2011,84.8760208716829
GRD,2012,82.8048136761002
GRD,2013,74.2566602346301
GRD,2014,65.2063355329454
GRD,2015,57.3214285714286
GRD,2016,53.7227840903144
GRD,2017,51.0669057528748
GRD,2018,50.6457030915135
GRD,2019,49.5470652329837
GRD,2020,59.3971695400769
GRD,2021,57.3161056105611
GRD,2022,53.6300615464685
GRD,2023,50.9869662697148
GRD,2024,55.6895157643151
GRD,2025,57.5350521309613
GTM,2001,22.7667131917867
GTM,2002,21.5615722204279
GTM,2003,26.6544081298562
GTM,2004,26.6308452510315
GTM,2005,25.7664440515198
GTM,2006,28.8284931279669
GTM,2007,28.6410259515017
GTM,2008,27.7613592965688
GTM,2009,25.7563600648175
GTM,2010,24.2180601037473
GTM,2011,23.9639376614018
GTM,2012,32.1720830379679
GTM,2013,33.1309585321585
GTM,2014,33.4961486193578
GTM,2015,35.2622053205775
GTM,2016,35.7028467505685
GTM,2017,35.1676232731098
GTM,2018,35.0489070448464
GTM,2019,34.0772266375074
GTM,2020,35.850727668634
GTM,2021,35.6614893229197
GTM,2022,36.6069814585529
GTM,2023,37.1572608143257
GTM,2024,36.7782896823167
GTM,2025,37.2348814336408
GUY,1990,29.6097936652331
GUY,1991,18.7304932505261
GUY,1992,21.4720995420893
GUY,1993,20.8984828496042
GUY,1994,21.6759892324829
GUY,1995,28.007134836745
GUY,1996,42.0479779750932
GUY,1997,48.2401143440241
GUY,1998,56.0694917643882
GUY,1999,57.0751594333098
GUY,2000,57.1228498035524
GUY,2001,60.7208595242414
GUY,2002,62.1191015534008
GUY,2003,57.5479803998431
GUY,2004,53.2010488620779
GUY,2005,57.122427428263
GUY,2006,22.6581605785108
GUY,2007,22.3572794646428
GUY,2008,21.8393974995755
GUY,2009,23.3480398713209
GUY,2010,24.51380230878
GUY,2011,26.4371988905893
GUY,2012,28.7678132325111
GUY,2013,31.9733407856098
GUY,2014,36.6598740543025
GUY,2015,36.502241062669
GUY,2016,34.9527284059029
GUY,2017,34.0693866275831
GUY,2018,36.5704424077752
GUY,2019,37.0927471310292
GUY,2020,39.1757180392318
GUY,2021,30.828624719599
GUY,2022,20.187564075104
GUY,2023,19.9285784055441
GUY,2024,14.9511065098031
GUY,2025,15.6083103980058
HKG,1990,160.538234076922
HKG,1991,137.255378455512
HKG,1992,129.521018918885
HKG,1993,134.908862418234
HKG,1994,143.518640256857
HKG,1995,149.412246225668
HKG,1996,156.667889040809
HKG,1997,169.280007108092
HKG,1998,166.804706767354
HKG,1999,152.79265225756
HKG,2000,150.351364223279
HKG,2001,148.976631278091
HKG,2002,145.707823001046
HKG,2003,146.231464371286
HKG,2004,144.761964130729
HKG,2005,143.12769981411
HKG,2006,136.800320417521
HKG,2007,136.679742857212
HKG,2008,140.285752688015
HKG,2009,155.426161115447
HKG,2010,185.58191267173
HKG,2011,202.292745511598
HKG,2012,198.531505076682
HKG,2013,218.160392086255
HKG,2014,233.211001170351
HKG,2015,207.899328185199
HKG,2016,214.300178832553
HKG,2017,223.371866412043
HKG,2018,219.908123250485
HKG,2019,236.740071570624
HKG,2020,258.902841699638
HKG,2021,259.183988203515
HKG,2022,264.446535396853
HKG,2023,248.791238456868
HKG,2024,230.186144398167
HKG,2025,222.646910714832
HND,2001,36.6835662057379
HND,2002,36.0320656003149
HND,2003,37.1910463818441
HND,2004,37.8143681852083
HND,2005,38.8417580655353
HND,2006,44.7293531580234
HND,2007,52.270420067944
HND,2008,51.291832674053
HND,2009,50.3382201748979
HND,2010,47.4622470777193
HND,2011,47.3092310306697
HND,2012,51.2756482307446
HND,2013,54.7226868179144
HND,2014,55.0869372049161
HND,2015,54.5936002238152
HND,2016,57.8354023642267
HND,2017,57.7901974979755
HND,2018,62.8149597149301
HND,2019,64.4630328325205
HND,2020,71.2304636812084
HND,2021,67.7270471861986
HND,2022,70.0841626239484
HND,2023,75.6308247756834
HND,2024,78.4633014261956
HPC,1990,12.3392997307257
HPC,1991,10.8870289104728
HPC,1992,11.9217090679137
HPC,1993,11.1300983700937
HPC,1994,9.91822050135622
HPC,1995,9.7378823882533
HPC,1996,10.5177985917595
HPC,1997,11.1034932015171
HPC,1998,11.9999565204114
HPC,1999,12.4738601983778
HPC,2000,10.3641718974281
HPC,2001,11.589541362662
HPC,2002,11.2129991069164
HPC,2003,11.324646361207
HPC,2004,11.2243242589419
HPC,2005,11.6535346254425
HPC,2006,12.2924443184053
HPC,2007,12.9707995505204
HPC,2008,13.1782375843213
HPC,2009,14.4370113032733
HPC,2010,14.4638656461388
HPC,2011,14.6245234243312
HPC,2012,15.8231612928336
HPC,2013,16.3267086308459
HPC,2014,17.1657791238218
HPC,2015,18.6466939090095
HPC,2016,19.489790567538
HPC,2017,19.2427621227029
HPC,2018,19.1537053067816
HPC,2019,19.3158992015372
HPC,2020,20.4176707655089
HPC,2021,20.3725897916563
HPC,2022,20.9220356510029
HPC,2023,22.167022815747
HRV,2012,69.2348909379116
HRV,2013,67.9130975100972
HRV,2014,66.746902023714
HRV,2015,63.1793064438933
HRV,2016,58.9917167724846
HRV,2017,55.9840746400708
HRV,2018,54.2735124576287
HRV,2019,52.9249990893527
HRV,2020,59.1478795522623
HRV,2021,52.8752378177331
HRV,2022,50.5435345273838
HRV,2023,46.4400272775491
HRV,2024,46.8610674582388
HTI,1990,11.6306942586576
HTI,1991,10.3014880787741
HTI,1992,10.1478546579049
HTI,1993,10.8639150332441
HTI,1994,10.1792922181545
HTI,1995,12.4541321384602
HTI,1996,12.7900707440993
HTI,1997,15.6887662481946
HTI,1998,14.13565725352
HTI,1999,14.4624281629942
HTI,2000,9.01797134417478
HTI,2001,8.34335061835139
HTI,2002,9.82698046540635
HTI,2003,9.67396425603749
HTI,2004,8.28137380723943
HTI,2005,8.86270292207163
HTI,2006,8.47020352088079
HTI,2007,8.0621651109807
HTI,2008,8.68209202650164
HTI,2009,8.21108523727506
HTI,2010,7.79703967463653
HTI,2011,8.51878003547406
HTI,2012,10.814964045335
HTI,2013,10.7615276089025
HTI,2014,11.4152315549394
HTI,2015,10.7679267730686
HTI,2016,10.4552757071217
HTI,2017,9.82631897315958
HTI,2018,11.2063306533874
HTI,2019,10.3687008659048
HTI,2020,8.60933596942957
HTI,2021,8.38813682861213
HTI,2022,8.29662296755948
HTI,2023,5.241596890693
HTI,2024,4.28122614544525
HTI,2025,3.2083317013116
HUN,1990,44.672166927177
HUN,1991,37.5541835491527
HUN,1992,32.040691978884
HUN,1993,27.2416249049833
HUN,1994,25.4192252496153
HUN,1995,21.6358948996377
HUN,1996,21.2806370663392
HUN,1997,23.466037313888
HUN,1998,23.339682608884
HUN,1999,25.4651515473829
HUN,2000,31.845911288806
HUN,2001,32.6125638339276
HUN,2002,34.3443107470108
HUN,2003,36.5100138543135
HUN,2004,38.9490966515471
HUN,2005,43.2545318007203
HUN,2006,47.2791787368685
HUN,2007,53.1980228492073
HUN,2008,59.3602856793598
HUN,2009,59.902839903581
HUN,2010,60.3209175671504
HUN,2011,58.4470053209195
HUN,2012,50.4166616959194
HUN,2013,46.096882400305
HUN,2014,42.5320276713183
HUN,2015,35.0976712570947
HUN,2016,33.3191543197899
HUN,2017,32.3908602743309
HUN,2018,32.2649787904592
HUN,2019,33.1721052698328
HUN,2020,37.6296063212563
HUN,2021,38.4125853084098
HUN,2022,36.0420465985177
HUN,2023,32.9059997220089
HUN,2024,32.3662527124233
IBD,1997,49.5426017570564
IBD,1998,48.9821524371774
IBD,1999,52.2179858494687
IBD,2000,52.6435706582918
IBD,2001,50.7821270926245
IBD,2002,54.5395643777435
IBD,2003,58.1388146408855
IBD,2004,57.3339389560911
IBD,2005,55.9593346833639
IBD,2006,57.8080547611286
IBD,2007,60.8526993261542
IBD,2008,60.5326389557418
IBD,2009,70.3490044343766
IBD,2010,71.619260400227
IBD,2011,72.7216919895134
IBD,2012,77.1267395206499
IBD,2013,82.2491153473169
IBD,2014,87.9630609624798
IBD,2015,97.0013441495326
IBD,2016,97.5941765409482
IBD,2017,97.1186635429014
IBD,2018,102.386452894544
IBD,2019,104.723935225544
IBD,2020,118.748957165358
IBD,2021,115.633286255102
IBD,2022,119.884671896753
IBD,2023,120.748565939879
IBD,2024,122.043053266463
IBT,1996,46.0385179603442
IBT,1997,45.6335634755676
IBT,1998,45.0420569141719
IBT,1999,49.2118836340112
IBT,2000,49.1234181956661
IBT,2001,47.7599860463865
IBT,2002,50.9674179878344
IBT,2003,54.2094592804017
IBT,2004,53.6035843020493
IBT,2005,52.4636998714156
IBT,2006,54.1498842816465
IBT,2007,57.3663711913607
IBT,2008,57.4081858479636
IBT,2009,66.6866760084652
IBT,2010,67.9908011327677
IBT,2011,69.0102483002845
IBT,2012,73.2802499121427
IBT,2013,77.7071735438719
IBT,2014,82.9953809327837
IBT,2015,91.4339350381244
IBT,2016,92.1570604583126
IBT,2017,91.915877219263
IBT,2018,96.746020878654
IBT,2019,98.3922381067848
IBT,2020,111.746230771663
IBT,2021,109.557212126525
IBT,2022,113.010206415937
IBT,2023,115.931644178261
IBT,2024,117.499216380884
IDA,1990,12.8052607215439
IDA,1991,11.7524526106381
IDA,1992,13.0155288208353
IDA,1993,12.4000339480548
IDA,1994,11.8705766286439
IDA,1995,12.6071912690895
IDA,1996,12.0773753057254
IDA,1997,12.6307966763021
IDA,1998,12.8609301665868
IDA,1999,15.3349428607232
IDA,2000,13.4450916812254
IDA,2001,14.5215729291566
IDA,2002,14.7722947918011
IDA,2003,14.9505346989998
IDA,2004,15.4155713385172
IDA,2005,15.6368050509837
IDA,2006,15.7669513185042
IDA,2007,17.5669988690396
IDA,2008,19.338851397506
IDA,2009,19.7451496487374
IDA,2010,18.4829533075467
IDA,2011,17.8160544548102
IDA,2012,17.8625859580806
IDA,2013,17.8654487316652
IDA,2014,19.5384364768295
IDA,2015,20.9032885395631
IDA,2016,22.3945449127086
IDA,2017,22.8727826763984
IDA,2018,23.0534154371716
IDA,2019,21.6215886780203
IDA,2020,22.4483485572425
IDA,2021,23.0676940130319
IDA,2022,23.2948889788599
IDA,2023,27.8661588357018
IDB,1990,16.7797015102454
IDB,1991,16.384226491478
IDB,1992,17.5267658714937
IDB,1993,16.1448064683426
IDB,1994,14.9180352763703
IDB,1995,13.0815967718391
IDB,1996,11.7651458121033
IDB,1997,12.2820127257172
IDB,1998,12.3759824529648
IDB,1999,16.7517460306223
IDB,2000,14.029923660203
IDB,2001,14.5820740229718
IDB,2002,15.0088155664586
IDB,2003,15.154745365292
IDB,2004,15.352194025096
IDB,2005,15.0206324298423
IDB,2006,14.7679092246379
IDB,2007,17.7493571928549
IDB,2008,20.4931627226402
IDB,2009,19.6405015296892
IDB,2010,16.480079401112
IDB,2011,14.8923672702066
IDB,2012,14.2689409209395
IDB,2013,14.1662879377576
IDB,2014,15.342415308191
IDB,2015,15.6232039453675
IDB,2016,16.8216680905663
IDB,2017,16.2085733461627
IDB,2018,15.8506788560183
IDB,2019,13.7984026311225
IDB,2020,14.9655769367996
IDB,2021,15.5314359884687
IDB,2022,15.3461601271107
IDN,2009,27.6587104878441
IDN,2010,27.2530411349395
IDN,2011,30.0821993577662
IDN,2012,33.4341714348422
IDN,2013,36.0581396070456
IDN,2014,36.4235451552096
IDN,2015,39.1187982955119
IDN,2016,39.4024246939414
IDN,2017,38.7323495613041
IDN,2018,38.8054496665639
IDN,2019,38.3726939516609
IDN,2020,38.6795390891453
IDN,2021,36.9908270556254
IDN,2022,35.2884329632689
IDN,2023,36.0129512588691
IDN,2024,36.3924067095141
IDN,2025,36.2832983305564
IDX,1990,9.73711604949625
IDX,1991,8.41397433509206
IDX,1992,9.10372401793239
IDX,1993,9.15620862688869
IDX,1994,8.87410125953788
IDX,1995,11.9581895302403
IDX,1996,12.5938220752514
IDX,1997,13.2120773506312
IDX,1998,13.6921356787326
IDX,1999,14.0661197971372
IDX,2000,12.8856134291463
IDX,2001,14.4645569012065
IDX,2002,14.5383146556125
IDX,2003,14.7460805999268
IDX,2004,15.4833132062755
IDX,2005,16.3035680423898
IDX,2006,16.8838641413741
IDX,2007,17.3696057382779
IDX,2008,18.1533046447741
IDX,2009,19.8513655462138
IDX,2010,20.5076973534972
IDX,2011,20.5946810109505
IDX,2012,21.8776591601731
IDX,2013,22.2436845902222
IDX,2014,24.8661209006464
IDX,2015,27.3482005095742
IDX,2016,28.3636393579944
IDX,2017,29.6027683714311
IDX,2018,30.191635535126
IDX,2019,30.5567908292952
IDX,2020,30.6446128434018
IDX,2021,31.7763223267217
IDX,2022,32.2982571874196
IDX,2023,32.6435379780162
IDX,2024,33.200442045222
IND,1990,24.9164565697186
IND,1991,23.8217444526828
IND,1992,24.6982402507395
IND,1993,23.8320553867162
IND,1994,23.6473414046455
IND,1995,22.5107747023582
IND,1996,23.4024420368578
IND,1997,23.5553253462263
IND,1998,23.6777468578745
IND,1999,25.4228622073471
IND,2000,28.3395511575183
IND,2001,28.6194154254102
IND,2002,32.3064890735537
IND,2003,31.6262656186491
IND,2004,36.1918038545968
IND,2005,40.0679804780573
IND,2006,43.6277524334268
IND,2007,45.6277647457138
IND,2008,49.559366687116
IND,2009,48.1244479112046
IND,2010,50.5553749785224
IND,2011,51.2892331325447
IND,2012,51.8885076473464
IND,2013,52.385709516972
IND,2014,51.8821873589628
IND,2015,51.8675240772049
IND,2016,38.2036507912231
IND,2017,38.1707138624147
IND,2018,38.8975254010362
IND,2019,38.73794497616
IND,2020,40.7867848551821
IND,2021,36.8920885102897
IND,2022,38.1859763563586
IND,2023,40.8940758962907
IND,2024,41.6079694330613
IND,2025,44.0250903358104
IRL,2001,71.776397881
IRL,2002,75.4068879464266
IRL,2003,85.7189838708838
IRL,2004,104.899559324705
IRL,2005,124.640380550943
IRL,2006,144.570858494026
IRL,2007,158.099129709618
IRL,2008,166.322639147626
IRL,2009,169.252292209815
IRL,2010,133.426753126152
IRL,2011,114.741522540828
IRL,2012,110.636331079402
IRL,2013,102.404683746299
IRL,2014,78.3674079003117
IRL,2015,51.2657972598874
IRL,2016,47.386841437796
IRL,2017,42.6227340344542
IRL,2018,39.7179106627463
IRL,2019,36.0552722551197
IRL,2020,32.3402464273232
IRL,2021,26.4830620089049
IRL,2022,25.4419666716094
IRL,2023,25.2225553670442
IRL,2024,23.7845375555383
IRN,1990,22.9786641273571
IRN,1991,22.4203805177573
IRN,1992,23.190952257926
IRN,1993,20.852018065325
IRN,1994,19.7057013069403
IRN,1995,16.6882373800448
IRN,1996,15.1769848938656
IRN,1997,16.6054130388434
IRN,1998,18.0219203287981
IRN,1999,18.0432796682098
IRN,2000,26.249781183445
IRN,2001,30.0795827822114
IRN,2002,29.1008806293968
IRN,2003,32.4332547623977
IRN,2004,35.071095896488
IRN,2005,38.348153226962
IRN,2006,44.7948027977428
IRN,2007,47.0472761389845
IRN,2008,45.3150694425274
IRN,2009,49.2122294086103
IRN,2010,52.0229498170448
IRN,2011,49.2475078971103
IRN,2012,49.6173234830957
IRN,2013,44.5964991335657
IRN,2014,48.9844792976358
IRN,2015,56.3719593551977
IRN,2016,57.8313383703997
IRQ,2004,1.26692713974143
IRQ,2005,1.55617716768862
IRQ,2006,2.26399132037921
IRQ,2007,2.47580446081963
IRQ,2008,2.68222036334891
IRQ,2009,3.77873014813253
IRQ,2010,5.39309563014871
IRQ,2011,5.41445203995753
IRQ,2012,5.90755944993835
IRQ,2013,6.33564916159929
IRQ,2014,6.81429545062197
IRQ,2015,9.8758223889244
IRQ,2016,10.0766837568499
IRQ,2017,9.54983973287939
IRQ,2018,8.58001733266219
IRQ,2019,8.80896032816847
IRQ,2020,13.3148576834755
IRQ,2021,11.1956027502836
IRQ,2022,9.54125684121782
IRQ,2023,12.5518993190744
IRQ,2024,13.9914475902598
ISL,1990,40.4393074318453
ISL,1991,41.6135910271595
ISL,1992,44.5919057345878
ISL,1993,44.5822538138588
ISL,1994,42.5205729759265
ISL,1995,43.9031163075413
ISL,1996,46.4060150359465
ISL,1997,63.7892202629417
ISL,1998,61.4058696781698
ISL,1999,69.9889269290053
ISL,2000,92.35794974827
ISL,2001,94.0889120657084
ISL,2002,99.5112168130595
ISL,2003,123.680399918824
ISL,2004,156.23107602552
ISL,2005,235.46190863153
ISL,2006,301.018943583666
ISL,2007,243.15494776409
ISL,2008,190.991584963168
ISL,2009,171.82627024193
ISL,2010,157.617941924993
ISL,2011,134.860191549767
ISL,2012,116.320244870751
ISL,2013,106.388456955791
ISL,2014,93.2716453077666
ISL,2015,86.3304492544149
ISL,2016,83.0289019358564
ISL,2017,85.6751270718392
ISL,2018,89.4921756721559
ISL,2019,87.7115547810861
ISL,2020,98.409254247691
ISL,2021,99.5228207903758
ISL,2022,93.0314826719705
ISL,2023,88.2870435093308
ISL,2024,91.0796731043812
ISL,2025,89.24179373685
ISR,1990,48.7805932111216
ISR,1991,46.6680302681927
ISR,1992,48.1847189542093
ISR,1993,53.9268474609125
ISR,1994,56.5022761956147
ISR,1995,58.3085213978824
ISR,1996,59.8680626776843
ISR,1997,61.8923687857725
ISR,1998,66.2818216563544
ISR,1999,69.162919047453
ISR,2000,70.2893651241693
ISR,2001,74.3776691826904
ISR,2002,77.2270371360088
ISR,2003,73.9174860762692
ISR,2004,72.0759094489656
ISR,2005,74.6806623304965
ISR,2006,72.700765431812
ISR,2007,65.8227995645504
ISR,2008,69.0993725533633
ISR,2009,65.1635225549607
ISR,2010,67.0209708441445
ISR,2011,67.4637001049575
ISR,2012,66.3710636674816
ISR,2013,64.7680421108357
ISR,2014,65.0728810341114
ISR,2015,65.8537521095593
ISR,2016,64.9008451275146
ISR,2017,64.8424704014193
ISR,2018,65.6306954870958
ISR,2019,64.6830724126458
ISR,2020,67.9389454861554
ISR,2021,69.2009240511496
ISR,2022,70.1452401316966
ISR,2023,69.3907873036217
ISR,2024,69.5099804468565
ISR,2025,72.4743806692902
ITA,2001,60.1430295695027
ITA,2002,61.8212741982326
ITA,2003,65.1142715448061
ITA,2004,67.4938632024209
ITA,2005,70.5936221522486
ITA,2006,75.4232323557397
ITA,2007,81.4531164394226
ITA,2008,83.3822670885069
ITA,2009,87.1861669932861
ITA,2010,92.6676294931465
ITA,2011,93.5718818734975
ITA,2012,93.2686875516145
ITA,2013,90.3656642019387
ITA,2014,88.187471051349
ITA,2015,86.9158529570859
ITA,2016,84.4917347012215
ITA,2017,80.4167170633531
ITA,2018,76.4482228153834
ITA,2019,73.4404069738438
ITA,2020,82.6528242104143
ITA,2021,76.0051221503914
ITA,2022,69.5868608578087
ITA,2023,63.1228344360625
ITA,2024,60.3040047752275
JAM,1990,31.5584641107562
JAM,1991,28.8834407116503
JAM,1992,23.1853587868682
JAM,1993,20.8580038608332
JAM,1994,19.5796982311824
JAM,1995,21.3340353366674
JAM,1996,19.9013557629947
JAM,1997,18.4648845490402
JAM,1998,23.3673847657953
JAM,1999,23.8585266670894
JAM,2000,25.5643601342327
JAM,2001,12.9520593583229
JAM,2002,14.7238341957901
JAM,2003,18.3521623110687
JAM,2004,20.0058261236853
JAM,2005,20.9780756444602
JAM,2006,23.4390781501805
JAM,2007,27.3066857340295
JAM,2008,30.1913240242059
JAM,2009,28.6034758668077
JAM,2010,26.40566482272
JAM,2011,26.795738299769
JAM,2012,28.9883287447322
JAM,2013,29.7697687864501
JAM,2014,29.3229510546383
JAM,2015,28.4748645365791
JAM,2016,30.2517787133858
JAM,2017,38.2460519475779
JAM,2018,40.2619240422802
JAM,2019,44.9080839791819
JAM,2020,52.3597017235396
JAM,2021,50.0226967195616
JAM,2022,46.1904521881868
JAM,2023,44.5663594942298
JAM,2024,45.1288088227477
JAM,2025,45.8808167081061
JOR,1990,62.2752526167107
JOR,1991,62.3619337390128
JOR,1992,55.8956902282296
JOR,1993,60.6579909381114
JOR,1994,64.5012966745462
JOR,1995,68.8625151123083
JOR,1996,69.3631810408014
JOR,1997,69.9910264146536
JOR,1998,69.1263146636244
JOR,1999,71.3878649429763
JOR,2000,72.0874022704919
JOR,2001,75.7083929160708
JOR,2002,72.7396231969385
JOR,2003,70.8022327666109
JOR,2004,74.6988592122014
JOR,2005,88.0918929819844
JOR,2006,91.7685988347041
JOR,2007,91.6320592187152
JOR,2008,69.2832048993247
JOR,2009,65.5115709325132
JOR,2010,64.0144083027316
JOR,2011,64.9687824263859
JOR,2012,64.7040806138676
JOR,2013,64.1605568285298
JOR,2014,60.5995603657342
JOR,2015,60.720435831105
JOR,2016,64.7882043978307
JOR,2017,68.0683900951146
JOR,2018,69.1408952155216
JOR,2019,70.3588331315482
JOR,2020,75.7972888196971
JOR,2021,74.8391598670023
JOR,2022,76.7539131295227
JOR,2023,74.475322197422
JOR,2024,72.9559938224227
JOR,2025,71.3096159349229
JPN,1990,183.131254703793
JPN,1991,182.807241098565
JPN,1992,186.447378576269
JPN,1993,189.810312869705
JPN,1994,191.553133358291
JPN,1995,190.332712994983
JPN,1996,189.725204443054
JPN,1997,202.643347425556
JPN,1998,211.895476565606
JPN,1999,215.299459602765
JPN,2000,205.749576550972
JPN,2001,177.60004048631
JPN,2002,175.273915326861
JPN,2003,175.44585013008
JPN,2004,169.100287467634
JPN,2005,169.163944224739
JPN,2006,167.236285670945
JPN,2007,161.085063089099
JPN,2008,159.059175176627
JPN,2009,166.282155800094
JPN,2010,158.187641186844
JPN,2011,157.598125880489
JPN,2012,157.756791908458
JPN,2013,160.852179939377
JPN,2014,160.379549562716
JPN,2015,159.181728459752
JPN,2016,160.034919112629
JPN,2017,165.066755851422
JPN,2018,164.337775310176
JPN,2019,172.484602282465
JPN,2020,190.118294582821
JPN,2021,188.29266863888
JPN,2022,186.792764445788
JPN,2023,186.110890163352
JPN,2024,187.06798522924
JPN,2025,187.406646977743
KAZ,2015,37.7291069327005
KAZ,2016,33.0302298204433
KAZ,2017,29.1875977429896
KAZ,2018,25.9325339763811
KAZ,2019,24.2664786023711
KAZ,2020,25.6352310952022
KAZ,2021,26.0102223624021
KAZ,2022,25.0218936908866
KAZ,2023,26.0459503517965
KAZ,2024,27.2796795779653
KAZ,2025,27.707917493475
KEN,1990,18.6565323520756
KEN,1991,19.9580725902224
KEN,1992,22.1524502405053
KEN,1993,18.496196443499
KEN,1994,19.8341558860689
KEN,1995,25.8141177808766
KEN,1996,21.6816261093782
KEN,1997,24.3551778303105
KEN,1998,23.9634167841824
KEN,1999,26.5694419300027
KEN,2000,25.7583827680558
KEN,2001,25.2226866951229
KEN,2002,25.8546018348267
KEN,2003,25.1556752227903
KEN,2004,27.2875160327278
KEN,2005,26.2768754700489
KEN,2006,22.8883109960388
KEN,2007,23.0449642815856
KEN,2008,25.380611749054
KEN,2009,21.8748215770177
KEN,2010,23.9866365463318
KEN,2011,27.3659528452877
KEN,2012,26.4022341140294
KEN,2013,28.3321722043471
KEN,2014,34.5220651778387
KEN,2015,36.6993293508397
KEN,2016,35.5710732134397
KEN,2017,33.1505993031106
KEN,2018,31.1986897673001
KEN,2019,30.8320287701597
KEN,2020,32.1498074208935
KEN,2021,31.1231240199267
KEN,2022,31.2584163915549
KEN,2023,31.7980848696513
KGZ,1995,12.5391604883215
KGZ,1996,8.65931886851316
KGZ,1997,3.47455003470672
KGZ,1998,5.34869841492742
KGZ,1999,5.1013806827507
KGZ,2000,4.16148977090687
KGZ,2001,3.8290010624835
KGZ,2002,4.1782986673177
KGZ,2003,4.78399072866317
KGZ,2004,7.0766512596091
KGZ,2005,7.94670492927595
KGZ,2006,10.5575505645426
KGZ,2007,6.3510543411204
KGZ,2008,13.7738524922404
KGZ,2009,13.7282828488358
KGZ,2010,13.6444808173144
KGZ,2011,11.4882726388139
KGZ,2012,13.3711059406232
KGZ,2013,15.6624944687285
KGZ,2014,20.0519633598482
KGZ,2015,22.8152642735408
KGZ,2016,20.6133934551959
KGZ,2017,21.4014706830143
KGZ,2018,23.3748120920843
KGZ,2019,23.30019174134
KGZ,2020,26.6168221726631
KGZ,2021,24.1631715005894
KGZ,2022,20.7968569789079
KGZ,2023,19.9450057285295
KGZ,2024,22.2913984931237
KHM,1993,2.37198606084796
KHM,1994,3.33696915676923
KHM,1995,3.4789328471395
KHM,1996,4.72234025305317
KHM,1997,6.27663241229457
KHM,1998,5.58518113160291
KHM,1999,5.70593470859969
KHM,2000,6.31057349779953
KHM,2001,5.75443585640623
KHM,2002,6.00585571757566
KHM,2003,6.65618936024257
KHM,2004,8.18815770495118
KHM,2005,7.99396282488354
KHM,2006,10.4471373960597
KHM,2007,15.5303740236918
KHM,2008,19.9475689912403
KHM,2009,20.4608476270489
KHM,2010,22.4361253557847
KHM,2011,22.6086429598106
KHM,2012,30.5425881520531
KHM,2013,39.9894575353834
KHM,2014,47.4846013792973
KHM,2015,55.4895476723685
KHM,2016,61.5608886370159
KHM,2017,65.4627205323548
KHM,2018,73.8164269734727
KHM,2019,84.3236738579751
KHM,2020,103.732769960088
KHM,2021,121.842231182128
KHM,2022,132.817046084495
KHM,2023,130.129720395297
KHM,2024,124.659765749466
KHM,2025,121.482151366024
KNA,1990,39.5160245482441
KNA,1991,44.0815503980116
KNA,1992,51.1329672514799
KNA,1993,52.767433369843
KNA,1994,52.2459940019826
KNA,1995,52.0857504046502
KNA,1996,51.5630233460877
KNA,1997,51.5637493567668
KNA,1998,54.5263891038539
KNA,1999,55.6364946065961
KNA,2000,59.8304086369391
KNA,2001,54.6134508123838
KNA,2002,50.8051725865245
KNA,2003,54.2375609525162
KNA,2004,54.6902376829384
KNA,2005,54.4590341466716
KNA,2006,51.6980665777737
KNA,2007,54.7394240947412
KNA,2008,55.0816994242226
KNA,2009,58.8446525778029
KNA,2010,60.2166427273679
KNA,2011,58.4331878889898
KNA,2012,59.1834278065739
KNA,2013,55.3580261553056
KNA,2014,52.3613412689151
KNA,2015,53.8785064809441
KNA,2016,51.4686526315015
KNA,2017,49.2745914276904
KNA,2018,49.170118485695
KNA,2019,48.5172889900743
KNA,2020,61.5059980977042
KNA,2021,68.1809358662457
KNA,2022,63.0959748816919
KNA,2023,61.7075986050395
KNA,2024,64.3325248725437
KNA,2025,65.0317791637589
KOR,1990,49.2618253555903
KOR,1991,48.8550592503187
KOR,1992,47.3970228748062
KOR,1993,47.1889261957243
KOR,1994,47.7351228556304
KOR,1995,46.9730560646246
KOR,1996,50.146287165566
KOR,1997,54.8017848286001
KOR,1998,59.6086940982268
KOR,1999,64.4881255675337
KOR,2000,69.1866723612269
KOR,2001,99.6082410940777
KOR,2002,108.70538205029
KOR,2003,107.180625832699
KOR,2004,101.992541192444
KOR,2005,106.121988835135
KOR,2006,117.535674488688
KOR,2007,124.027715958864
KOR,2008,136.196660706156
KOR,2009,132.599106034348
KOR,2010,124.679568065827
KOR,2011,127.08181388669
KOR,2012,125.135860183943
KOR,2013,122.756788077341
KOR,2014,125.488630227146
KOR,2015,125.858810840683
KOR,2016,128.040688171137
KOR,2017,129.53913562367
KOR,2018,133.504139589217
KOR,2019,142.652478447088
KOR,2020,154.747902042613
KOR,2021,159.926120236306
KOR,2022,162.769501736717
KOR,2023,163.515631501207
KOR,2024,160.347182678236
KWT,1991,26.730143355171
KWT,1992,17.7241908912007
KWT,1993,17.1624962404742
KWT,1994,23.078591724062
KWT,1995,30.0262512478586
KWT,1996,33.65220434612
KWT,1997,46.967968979113
KWT,1998,60.7297792955164
KWT,1999,54.6920837104813
KWT,2000,45.3894886044441
KWT,2001,56.6305420560748
KWT,2002,58.3370664365833
KWT,2003,59.4645690815297
KWT,2004,56.3645435498696
KWT,2005,50.9326670396555
KWT,2006,49.9541424184326
KWT,2007,59.5793877338048
KWT,2008,57.2649281419896
KWT,2009,79.0719269941829
KWT,2010,74.6393830657528
KWT,2011,60.8062581893838
KWT,2012,55.7433682729455
KWT,2013,59.751887354111
KWT,2014,67.6407157377814
KWT,2015,98.5107903934076
KWT,2016,105.186812834562
KWT,2017,98.699107218372
KWT,2018,90.6280713315415
KWT,2019,91.9570581282983
KWT,2025,4.92218063765765
LAC,1990,31.5317719056146
LAC,1995,34.4517254795867
LAC,1996,33.6271938028582
LAC,1997,30.5853214553375
LAC,1998,25.0237952157537
LAC,1999,23.1199507174406
LAC,2000,21.9812056059743
LAC,2001,19.6161787671592
LAC,2002,19.8652113912147
LAC,2003,19.4235260531368
LAC,2004,19.9161887296498
LAC,2005,21.8677309750554
LAC,2006,25.1852343323595
LAC,2007,29.1930432645571
LAC,2008,31.3307173446575
LAC,2009,33.3273282010226
LAC,2010,36.281095763014
LAC,2011,40.1167922359511
LAC,2012,42.1853091963341
LAC,2013,44.2669022145109
LAC,2014,46.1407641432417
LAC,2015,45.1345093490699
LAC,2016,44.2878902712067
LAC,2017,44.2002996535214
LAC,2018,47.932050001113
LAC,2019,46.2389790474626
LAC,2020,49.8597900579994
LAC,2021,47.6378820398491
LAC,2022,47.5681990732022
LAC,2023,47.5971905395339
LAC,2024,49.4307602430231
LAC,2025,50.0764413850886
LAO,1990,0.962944843883038
LAO,1991,2.9512330138204
LAO,1992,4.66604756620202
LAO,1993,6.930809864242
LAO,1994,8.92282027988151
LAO,1995,9.0800505514668
LAO,1996,9.02190386502356
LAO,1997,12.9736053061966
LAO,1998,12.6187666809631
LAO,1999,8.44134971360577
LAO,2000,8.93172925786583
LAO,2001,9.5868626526895
LAO,2002,8.51205452492641
LAO,2003,6.91911765450705
LAO,2004,6.71332919412939
LAO,2005,7.3547831441171
LAO,2006,5.87385055148659
LAO,2007,6.54326011608132
LAO,2008,9.56628324453861
LAO,2009,17.2418186461681
LAO,2010,20.9192615607493
LBN,1990,79.3774983631573
LBN,1991,45.7358572448559
LBN,1992,48.9483582085637
LBN,1993,42.9685919135774
LBN,1994,48.8163958634207
LBN,1995,54.9446325522654
LBN,1996,60.5485359783992
LBN,1997,66.14
LBN,1998,73.8913151554553
LBN,1999,82.2674751172635
LBN,2000,87.9016141429669
LBN,2001,86.022851129402
LBN,2002,82.5745670545858
LBN,2003,78.6428703550784
LBN,2004,78.1256871956206
LBN,2005,69.6695264463214
LBN,2006,71.8110942239205
LBN,2007,74.1064201249241
LBN,2008,76.2752727111609
LBN,2009,72.0446936132977
LBN,2010,82.528480012555
LBN,2011,89.987856569182
LBN,2012,89.9553302724696
LBN,2013,93.3172929302942
LBN,2014,98.2255475847967
LBN,2015,100.566123866429
LBN,2016,103.999348177296
LBN,2017,106.567725062094
LBR,1991,0.666042626156598
LBR,1992,1.58844893323169
LBR,1993,1.94735454747913
LBR,1994,3.87970754615254
LBR,1995,2.84971854098777
LBR,1996,1.01593947680101
LBR,1997,0.68777945613985
LBR,1998,7.86282576081343
LBR,1999,4.99954503773918
LBR,2000,1.9918355267179
LBR,2001,2.02950329253814
LBR,2002,2.05491749658983
LBR,2003,2.55816937305228
LBR,2004,3.35211576211892
LBR,2005,3.80967005163199
LBR,2006,4.74413233794056
LBR,2007,5.25937488093712
LBR,2008,6.12664985588776
LBR,2009,7.9469631760414
LBR,2010,9.36698515953382
LBR,2011,10.3742636363462
LBR,2012,10.0467756206278
LBR,2013,11.8207741493068
LBR,2014,11.4404481833926
LBR,2015,12.7449494275786
LBR,2016,13.0206645953549
LBR,2017,16.7523537949631
LBR,2018,16.9764079051885
LBR,2019,14.3078715677321
LBR,2020,13.418605423168
LBR,2021,12.8996951357409
LBR,2022,14.787430409394
LBY,1990,30.4337202199145
LBY,1991,28.4244516200868
LBY,1992,28.7565244733256
LBY,1993,32.2272824689241
LBY,1994,32.4099528443865
LBY,1995,32.5346441947566
LBY,1996,23.6847290640394
LBY,1997,22.0192239734257
LBY,1998,24.5628629728457
LBY,1999,23.9494186743378
LBY,2000,20.467299255178
LBY,2001,19.6148255813953
LBY,2002,17.2066738428418
LBY,2003,12.7840571088638
LBY,2004,10.3399986065631
LBY,2005,7.38438933023316
LBY,2006,6.00761862776023
LBY,2007,6.15367601264239
LBY,2008,7.29914417131654
LBY,2009,11.1782655695724
LBY,2010,9.26018623627628
LBY,2011,14.1819194729211
LBY,2012,9.33808515595023
LBY,2013,13.7369369068516
LBY,2014,19.3187188616
LBY,2015,21.5199787186929
LBY,2016,18.8829258302328
LBY,2017,14.7896283143846
LBY,2018,12.8465423346937
LBY,2019,14.6289531807933
LBY,2020,21.8337391546377
LBY,2021,11.0391738497626
LBY,2022,10.7185706773584
LBY,2023,12.2180075415622
LBY,2024,13.041851907924
LBY,2025,12.5355481490495
LCA,1990,36.9637060702875
LCA,1991,37.6450211225106
LCA,1992,37.3703296703297
LCA,1993,43.6166576527853
LCA,1994,44.6500778412039
LCA,1995,45.9428155339806
LCA,1996,50.293661971831
LCA,1997,53.8522058823529
LCA,1998,53.1107218235542
LCA,1999,56.0138609883487
LCA,2000,58.8438046068308
LCA,2001,63.9759336099585
LCA,2002,63.9288477366255
LCA,2003,56.1966991747937
LCA,2004,57.3071875
LCA,2005,62.5332028701892
LCA,2006,69.6993904268402
LCA,2007,85.6786023151377
LCA,2008,88.8712771202775
LCA,2009,93.513750652637
LCA,2010,90.8805128871388
LCA,2011,88.1706182402116
LCA,2012,92.844575867407
LCA,2013,89.3881857481274
LCA,2014,79.3569492673838
LCA,2015,70.9051905184372
LCA,2016,64.0454146325026
LCA,2017,58.8737129259668
LCA,2018,55.9031409378605
LCA,2019,54.096097958605
LCA,2020,77.4424757222479
LCA,2021,62.9137173396675
LCA,2022,51.5737503392563
LCA,2023,50.3883393512759
LCA,2024,49.6239781628968
LCA,2025,51.7439908538286
LCN,1995,34.400102872896
LCN,1996,33.6193577677081
LCN,1997,30.6119287747284
LCN,1998,25.3705811359499
LCN,1999,23.5979025866548
LCN,2000,22.4652498645222
LCN,2001,22.1297362061306
LCN,2002,22.6616675329627
LCN,2003,22.2141281058077
LCN,2004,22.8133740701482
LCN,2005,24.7542633658758
LCN,2006,28.0306907491902
LCN,2007,31.9121391981414
LCN,2008,34.3182333792298
LCN,2009,36.3559080231532
LCN,2010,39.1601736186413
LCN,2011,42.8557051313557
LCN,2012,45.0609025895458
LCN,2013,46.9922164579604
LCN,2014,48.9769439890818
LCN,2015,48.56201533606
LCN,2016,48.1277930532965
LCN,2017,48.088701989227
LCN,2018,52.5317083710413
LCN,2019,50.7631093685134
LCN,2020,54.7220777639645
LCN,2021,51.362906289512
LCN,2022,50.6949710913738
LCN,2023,50.5783652498004
LCN,2024,51.8604798179062
LCN,2025,52.5698802412142
LDC,1990,9.50192026788295
LDC,1991,8.49673931467517
LDC,1992,9.16481379838901
LDC,1993,9.04679093715893
LDC,1994,8.62168360802168
LDC,1995,10.4663965818728
LDC,1996,11.3803434382759
LDC,1997,12.0182056014719
LDC,1998,12.6406936632119
LDC,1999,12.9361365272666
LDC,2000,11.7447136560795
LDC,2001,12.8022096150094
LDC,2002,12.8620691113519
LDC,2003,12.8961925398386
LDC,2004,13.5448103565221
LDC,2005,13.9905198654415
LDC,2006,14.6971455760472
LDC,2007,14.8047085515261
LDC,2008,15.8009715211775
LDC,2009,17.7788939642249
LDC,2010,18.7587024176761
LDC,2011,18.1978479869291
LDC,2012,19.5651200017092
LDC,2013,20.3333648172437
LDC,2014,23.1251120909065
LDC,2015,24.9853006890926
LDC,2016,25.7749924456878
LDC,2017,26.6347254418816
LDC,2018,27.154225933408
LDC,2019,27.9357916149574
LDC,2020,29.5321760617606
LDC,2021,30.4025205137449
LDC,2022,29.9114424804055
LDC,2023,30.8702118623002
LDC,2024,31.2178552291746
LKA,1990,19.6162954031276
LKA,1991,8.82120076810485
LKA,1992,9.05662817465076
LKA,1993,9.83335501886641
LKA,1994,10.9574085970256
LKA,1995,31.0668461690517
LKA,1996,29.8959938968505
LKA,1997,29.4419121347184
LKA,1998,28.7226150457865
LKA,1999,29.2577509374183
LKA,2000,28.8345435404203
LKA,2001,30.7326783184288
LKA,2002,31.0344654381181
LKA,2003,30.7454902363169
LKA,2004,32.3863508511647
LKA,2005,33.0761025922139
LKA,2006,34.6704920581445
LKA,2007,34.2395036816845
LKA,2008,29.5420065164895
LKA,2009,25.7400301594433
LKA,2010,24.6842616568486
LKA,2011,33.7387969525402
LKA,2012,34.0180437825091
LKA,2013,33.539360763445
LKA,2014,34.4936288810274
LKA,2015,39.3818504426548
LKA,2016,42.4756652877165
LKA,2017,43.8827525642367
LKA,2018,46.6984073264081
LKA,2019,47.0084929449139
LMY,1992,47.5884953559102
LMY,1994,49.8544048884081
LMY,1995,46.0759657516065
LMY,1996,47.6465699556881
LMY,1997,47.0028654699143
LMY,1998,46.3249267813394
LMY,1999,50.6187969644106
LMY,2000,50.3818141004385
LMY,2001,50.5800673111212
LMY,2002,54.8511501104881
LMY,2003,58.6533625527447
LMY,2004,57.5724618404519
LMY,2005,56.3010199109323
LMY,2006,57.7124873986936
LMY,2007,60.4324416209882
LMY,2008,59.4559848210458
LMY,2009,69.0560394728469
LMY,2010,70.591781222209
LMY,2011,72.0595320431907
LMY,2012,76.7146506583743
LMY,2013,81.3550235932635
LMY,2014,86.4124744133934
LMY,2015,94.7778904635253
LMY,2016,95.5425465349914
LMY,2017,95.7204363138329
LMY,2018,101.20661658989
LMY,2019,102.813114093946
LMY,2020,116.921684417771
LMY,2021,115.017152499195
LMY,2022,115.835277864648
LMY,2023,119.528528457571
LMY,2024,121.526336860557
LSO,1990,15.5959595226455
LSO,1991,16.1635964094563
LSO,1992,15.5944739752032
LSO,1993,17.9790516390129
LSO,1994,22.0208378300317
LSO,1995,18.2510530469739
LSO,1996,16.3440092133384
LSO,1997,21.3702776812483
LSO,1998,16.2417731234373
LSO,1999,14.7490497843462
LSO,2000,13.7714836972673
LSO,2001,12.471608660492
LSO,2002,12.4969555860172
LSO,2003,5.34978026544429
LSO,2004,5.25596010229191
LSO,2005,7.23312264139718
LSO,2006,7.36080443565175
LSO,2007,9.9923700762125
LSO,2008,10.0237879220093
LSO,2009,12.6072342040108
LSO,2010,13.4113788716402
LSO,2011,14.3488582863768
LSO,2012,18.5687326980566
LSO,2013,19.9473003777666
LSO,2014,19.3315018437025
LSO,2015,18.2736366996778
LSO,2016,18.2128934613148
LSO,2017,20.0038403177699
LSO,2018,20.1314045454092
LSO,2019,21.3224677858948
LSO,2020,21.9341136983369
LSO,2021,22.3287794465889
LSO,2022,21.6960639454113
LSO,2023,24.7276903033486
LSO,2024,24.30197856093
LTE,1996,60.5484473865798
LTE,1997,64.6044423876101
LTE,1998,64.5745910884811
LTE,1999,72.6394203392277
LTE,2000,73.4108986328083
LTE,2001,69.402693143927
LTE,2002,73.736751809987
LTE,2003,77.7284625321971
LTE,2004,75.4087360253686
LTE,2005,72.0806666692205
LTE,2006,72.5124116561595
LTE,2007,75.2439371320872
LTE,2008,75.5487290136663
LTE,2009,90.795960282121
LTE,2010,90.6873925612624
LTE,2011,89.8177097880946
LTE,2012,95.244218062668
LTE,2013,100.341806373883
LTE,2014,106.530372383669
LTE,2015,119.223275953706
LTE,2016,120.803719043356
LTE,2017,118.601072450883
LTE,2018,121.824633707436
LTE,2019,127.424847890768
LTE,2020,143.721416539974
LTE,2021,139.612048100286
LTE,2022,148.580281398333
LTE,2023,153.912037291267
LTE,2024,156.440756219203
LTU,2010,59.4105561876374
LTU,2011,49.8995105232055
LTU,2012,46.7563131176007
LTU,2013,43.2212775427398
LTU,2014,41.0078195548277
LTU,2015,41.452200938262
LTU,2016,42.7658484020997
LTU,2017,40.9797374311557
LTU,2018,39.993553498832
LTU,2019,38.7394336544601
LTU,2020,37.0340108299265
LTU,2021,37.1827298404879
LTU,2022,35.8983246032323
LTU,2023,34.144285339924
LTU,2024,35.7017195575053
LUX,2001,78.4547580977636
LUX,2002,67.4938107185116
LUX,2003,69.0540352114956
LUX,2004,65.9964688128905
LUX,2005,71.2723891550385
LUX,2006,74.7241020942441
LUX,2007,85.3118398397658
LUX,2008,101.153326883708
LUX,2009,100.973750998797
LUX,2010,86.1171271698051
LUX,2011,84.1766300496446
LUX,2012,83.5829451760101
LUX,2013,86.66145807119
LUX,2014,86.3059612069388
LUX,2015,91.7840511552667
LUX,2016,96.2530859448861
LUX,2017,100.473133493731
LUX,2018,105.495019442592
LUX,2019,109.012204271952
LUX,2020,110.212149628241
LUX,2021,102.997694439279
LUX,2022,102.548904653446
LUX,2023,93.2053363391819
LUX,2024,85.1436082593373
LVA,2010,96.644175615306
LVA,2011,82.8884474030274
LVA,2012,67.2042310187968
LVA,2013,60.3337746211285
LVA,2014,53.2195315549173
LVA,2015,49.9910230947156
LVA,2016,48.3668701185648
LVA,2017,43.6866052240662
LVA,2018,37.9065537383829
LVA,2019,35.718874565601
LVA,2020,34.7313232736821
LVA,2021,32.452830258812
LVA,2022,30.9985884793983
LVA,2023,28.5636863670335
LVA,2024,29.3267409745245
MAC,1990,62.6428571428571
MAC,1991,65.5942663746765
MAC,1992,66.0616656882514
MAC,1993,79.7436919873286
MAC,1994,79.0368040765143
MAC,1995,74.2661465569449
MAC,1996,77.8194633924511
MAC,1997,84.3506840806749
MAC,1998,78.9365860854493
MAC,1999,80.4818056723492
MAC,2000,71.9693931980797
MAC,2001,63.4037886485702
MAC,2002,54.5793752110773
MAC,2003,48.2194022404644
MAC,2004,40.7207561312689
MAC,2005,43.901689678181
MAC,2006,40.9151570403482
MAC,2007,47.3115190206572
MAC,2008,53.2820474504711
MAC,2009,57.4558050087889
MAC,2010,56.8660267414696
MAC,2011,56.1253216995756
MAC,2012,57.5709317925641
MAC,2013,62.51508476181
MAC,2014,77.347359124031
MAC,2015,108.511704087234
MAC,2016,117.673690461951
MAC,2017,113.628459884464
MAC,2018,113.85829727128
MAC,2019,119.791555781742
MAC,2020,269.837324968806
MAC,2021,232.523915658475
MAC,2022,287.359828906794
MAC,2023,146.669253120379
MAC,2024,129.630265117215
MAC,2025,117.042836331452
MAR,2010,83.2922890768629
MAR,2011,86.804176959607
MAR,2012,87.7618401933056
MAR,2013,83.5655425605352
MAR,2014,83.5103076143461
MAR,2015,78.3933979966934
MAR,2016,80.2299496773881
MAR,2017,80.1940481650889
MAR,2018,78.9568101792168
MAR,2019,81.4748595489142
MAR,2020,90.9314449752962
MAR,2021,86.0589211866219
MAR,2022,87.5362177555406
MAR,2023,80.504808579487
MAR,2024,77.7635533817471
MDA,2010,29.497046030424
MDA,2011,29.9278323999166
MDA,2012,33.702487805818
MDA,2013,35.7350883426668
MDA,2014,31.4038447347649
MDA,2015,28.9371352908719
MDA,2016,25.8421130047347
MDA,2017,23.1336799067392
MDA,2018,23.6435926979314
MDA,2019,25.3242252682604
MDA,2020,28.6748195514405
MDA,2021,28.5309349890981
MDA,2022,27.5106411671297
MDA,2023,25.5773164144673
MDA,2024,29.3332103367705
MDG,1990,12.8914568282164
MDG,1991,14.2582237752474
MDG,1992,13.2640938398225
MDG,1993,13.6516215397369
MDG,1994,12.3895146763265
MDG,1995,9.46985784394134
MDG,1996,7.8565252901951
MDG,1997,8.28318409822561
MDG,1998,7.56390697960282
MDG,1999,7.20753790204277
MDG,2000,7.35204250409011
MDG,2001,6.97945716931924
MDG,2002,6.65848108549773
MDG,2003,7.53867241554107
MDG,2004,8.60727448499636
MDG,2005,8.4956383039294
MDG,2006,8.781580280411
MDG,2007,8.77598082046617
MDG,2008,9.70217947833008
MDG,2009,10.1415792882143
MDG,2010,10.8686616139204
MDG,2011,10.1802537806207
MDG,2012,10.1166938504563
MDG,2013,11.0832879408739
MDG,2014,11.6677588601475
MDG,2015,12.3105923900588
MDG,2016,11.8878140256576
MDG,2017,12.706122619847
MDG,2018,12.9668768989013
MDG,2019,14.2116915537463
MDG,2020,16.4151092014314
MDG,2021,17.8524446782585
MDG,2022,18.6192064556124
MDG,2023,16.9316263532811
MDG,2024,16.4779381826938
MDV,2004,23.0814489921507
MDV,2005,38.8425780859539
MDV,2006,42.6367076619964
MDV,2007,54.630228766986
MDV,2008,57.7343406855571
MDV,2009,53.7810073138324
MDV,2010,47.6844927907076
MDV,2011,42.428163613364
MDV,2012,35.1187463614201
MDV,2013,31.2161620904851
MDV,2014,28.954899775636
MDV,2015,29.1014786368811
MDV,2016,30.3476225372342
MDV,2017,31.1989633144231
MDV,2018,31.0378663786162
MDV,2019,31.539334008471
MDV,2020,53.3551626912335
MDV,2021,39.3089828252313
MDV,2022,35.2169697593796
MDV,2023,35.8362090976748
MDV,2024,35.7299049882319
MDV,2025,36.4278157508477
MEA,1991,26.7319550365234
MEA,1992,24.8270274737842
MEA,1993,26.2729619947394
MEA,1994,28.1869898365972
MEA,1995,29.8635388112548
MEA,1996,29.5003102696902
MEA,1997,31.5109294597308
MEA,1998,36.4776235224241
MEA,1999,36.8498974505532
MEA,2000,35.6128791872279
MEA,2001,37.9832668323776
MEA,2002,38.3017494796156
MEA,2003,37.2721797663785
MEA,2004,36.4255670164187
MEA,2005,37.0932285036373
MEA,2006,37.0392929689831
MEA,2007,38.3432612316841
MEA,2008,37.9008194750963
MEA,2009,41.8562657802463
MEA,2010,41.7691393092858
MEA,2011,39.3062638979748
MEA,2012,38.274817556428
MEA,2013,38.4223699210777
MEA,2014,41.2388027587163
MEA,2015,47.7064938121322
MEA,2016,53.4273898767203
MEA,2017,51.0203900732572
MEA,2020,52.4093802795019
MEX,1997,20.3129090763085
MEX,1998,17.9317776437342
MEX,1999,15.5385350011939
MEX,2000,14.3477809518427
MEX,2001,12.240977233378
MEX,2002,14.1782625366026
MEX,2003,14.6412754593329
MEX,2004,14.1054932641584
MEX,2005,15.3135908147147
MEX,2006,18.3518916727969
MEX,2007,20.4394698066311
MEX,2008,19.7553753175775
MEX,2009,21.6119225665134
MEX,2010,22.3237750273616
MEX,2011,23.5848328387345
MEX,2012,24.9270563825252
MEX,2013,27.8590593255176
MEX,2014,28.1836821060935
MEX,2015,30.8304978690131
MEX,2016,32.9508423866166
MEX,2017,34.3431256738601
MEX,2018,33.6152178109833
MEX,2019,35.5851864842603
MEX,2020,36.9325897654775
MEX,2021,35.0570605465604
MEX,2022,34.2487696122269
MEX,2023,33.2256099210698
MEX,2024,35.0748199517549
MEX,2025,35.5021122487568
MIC,1992,49.1727192485909
MIC,1994,51.2581823778863
MIC,1995,46.9893978201488
MIC,1996,48.3709987376719
MIC,1997,47.6229196279981
MIC,1998,46.9158432326383
MIC,1999,51.333758100272
MIC,2000,51.285045009963
MIC,2001,51.4163610915824
MIC,2002,55.8674696649446
MIC,2003,59.7386597240559
MIC,2004,58.6091128651159
MIC,2005,57.3249198287901
MIC,2006,58.7839709386346
MIC,2007,61.5266213748087
MIC,2008,60.4511256700268
MIC,2009,70.0142097919082
MIC,2010,71.5019451290936
MIC,2011,73.0658776159584
MIC,2012,77.5320442623005
MIC,2013,82.2580326994683
MIC,2014,87.2524680973676
MIC,2015,95.6723778231226
MIC,2016,96.3356045815415
MIC,2017,96.492919227289
MIC,2018,102.061466712062
MIC,2019,103.662563541637
MIC,2020,117.932406890715
MIC,2021,115.905485580228
MIC,2022,116.761678362747
MIC,2023,120.342380896758
MIC,2024,122.169237455919
MKD,2012,48.1121966084921
MKD,2013,47.6490949146214
MKD,2014,50.513553958547
MKD,2015,52.0320364694667
MKD,2016,48.9780058468049
MKD,2017,49.8844792422858
MKD,2018,50.2444525582772
MKD,2019,51.2679656532734
MKD,2020,55.7466286882264
MKD,2021,55.501013341123
MKD,2022,54.2953220350027
MKD,2023,52.0359306568315
MKD,2024,53.9235256635379
MKD,2025,56.3082893858424
MLI,1990,9.54314314222953
MLI,1991,8.56060532035443
MLI,1992,9.50146340272741
MLI,1993,9.26455240722076
MLI,1994,5.89430870572006
MLI,1995,7.82683702263408
MLI,1996,9.04491718942953
MLI,1997,10.0550855530352
MLI,1998,11.0944027366893
MLI,1999,11.5836224075542
MLI,2000,11.3752727251233
MLI,2001,11.3511945889545
MLI,2002,12.3280236917423
MLI,2003,12.5151014115466
MLI,2004,14.302163640912
MLI,2005,12.4831174133627
MLI,2006,13.0338404026459
MLI,2007,13.6593665961313
MLI,2008,10.2485311516035
MLI,2009,13.8659811805124
MLI,2010,15.1441549131727
MLI,2011,15.483210171708
MLI,2012,16.4474522498028
MLI,2013,17.5824705336812
MLI,2014,18.5594792554442
MLI,2015,21.0168582324221
MLI,2016,22.1370457826586
MLI,2017,21.7776424964418
MLI,2018,21.4473604453662
MLI,2019,20.6750806962891
MLI,2020,21.9275348579908
MLI,2021,23.7454169625775
MLI,2022,24.7511049833223
MLI,2023,23.2297872891936
MLI,2024,22.3956105371061
MLI,2025,20.413132297147
MLT,2005,97.7455802192604
MLT,2006,106.891025906106
MLT,2007,108.640485926848
MLT,2008,114.421618778734
MLT,2009,121.567127154354
MLT,2010,115.005397201331
MLT,2011,116.944503512783
MLT,2012,108.605777098466
MLT,2013,99.8746091877693
MLT,2014,94.4910580767058
MLT,2015,83.4139060144834
MLT,2016,79.3205679554647
MLT,2017,70.8847611452413
MLT,2018,69.0893866845562
MLT,2019,69.5293238173527
MLT,2020,75.1280022781181
MLT,2021,68.4435039594286
MLT,2022,68.9216449446199
MLT,2023,64.1608044043432
MLT,2024,61.7437231757338
MMR,1990,4.74393417462259
MMR,1991,6.76061977790435
MMR,1992,7.76987241509142
MMR,1993,6.4656429675009
MMR,1994,5.99305038072094
MMR,1995,7.58156132747065
MMR,1996,9.56425667314831
MMR,1997,10.3188987314975
MMR,1998,9.69920038564372
MMR,1999,8.09772088096716
MMR,2000,9.51740928593184
MMR,2001,11.002171582463
MMR,2002,10.344847140877
MMR,2003,4.095681213224
MMR,2004,4.74016289477332
MMR,2005,4.65705970100153
MMR,2006,3.87713991831058
MMR,2007,3.42373646489974
MMR,2008,3.12110290159629
MMR,2009,3.4721769114853
MMR,2010,4.76695378512293
MMR,2011,6.74676206403601
MMR,2012,9.31026614508286
MMR,2013,12.8385297285065
MMR,2014,15.5752436663979
MMR,2015,18.1305513861133
MMR,2016,22.0063669806599
MMR,2017,24.50054608091
MMR,2018,26.2093085820638
MMR,2019,26.6379014764853
MMR,2020,28.9828999467009
MNA,1991,26.8801275343977
MNA,1992,22.3267895964129
MNA,1993,22.0303118488428
MNA,1994,22.9014334870534
MNA,1995,24.2686498954089
MNA,1996,23.8164021166045
MNA,1997,25.2997654594477
MNA,1998,28.3268240175935
MNA,1999,30.0105132725676
MNA,2000,29.874602942451
MNA,2001,31.0046350366645
MNA,2002,30.7409172301102
MNA,2003,30.4625991652552
MNA,2004,29.249229553629
MNA,2005,29.3124685208771
MNA,2006,30.6936574368426
MNA,2007,31.4397967333327
MNA,2008,29.9721383663235
MNA,2009,32.1532801363552
MNA,2010,35.701201829826
MNA,2011,34.9071979829576
MNA,2012,33.4873358693387
MNA,2013,31.1492679141858
MNA,2014,33.0956200220419
MNA,2015,35.8058915813759
MNA,2016,38.9519954274054
MNA,2017,30.5858402173548
MNA,2018,26.6002936940107
MNA,2019,26.6273662546117
MNA,2020,30.6152913646897
MNA,2021,30.2072416762467
MNA,2022,28.3907975911599
MNA,2023,28.2470648266342
MNA,2024,27.6369045784357
MNE,2002,8.05468139519669
MNE,2003,11.2938307216342
MNE,2004,14.6280265160203
MNE,2005,17.9524670604972
MNE,2006,36.0129318403291
MNE,2007,80.0628159947649
MNE,2008,86.6143101507871
MNE,2009,76.5142973517479
MNE,2010,66.5686782705569
MNE,2011,55.7517216411661
MNE,2012,55.2723355290933
MNE,2013,54.259281142303
MNE,2014,52.1519574183341
MNE,2015,50.9166352865446
MNE,2016,49.4949222460444
MNE,2017,49.451205781969
MNE,2018,50.2326678244513
MNE,2019,49.5434613539033
MNE,2020,60.5589962890752
MNE,2021,52.6094666497158
MNE,2022,47.1553948607428
MNE,2023,42.3835125156477
MNE,2024,45.2736633073804
MNG,1991,14.839121546379
MNG,1992,13.0786091027462
MNG,1993,6.44956843723537
MNG,1994,10.669865305245
MNG,1995,7.95742466883126
MNG,1996,8.84510855083812
MNG,1997,5.16268054614264
MNG,1998,9.1228071073543
MNG,1999,7.4395112798435
MNG,2000,6.93284291362497
MNG,2001,9.14314262683965
MNG,2002,14.410405057705
MNG,2003,22.3056286186371
MNG,2004,25.5529272222261
MNG,2005,27.550665048247
MNG,2006,30.1190332267899
MNG,2007,41.5764911231768
MNG,2008,39.9020112482358
MNG,2009,40.2997280197734
MNG,2010,34.191265820963
MNG,2011,43.4934673304814
MNG,2012,43.7217609870053
MNG,2013,59.8748579259903
MNG,2014,59.2943187125602
MNG,2015,54.4604207032131
MNG,2016,56.9431593815466
MNG,2017,52.8177229331459
MNG,2018,55.4068400252493
MNG,2019,48.9010221466082
MNG,2020,45.785164527552
MNG,2021,47.4863808095992
MNG,2022,40.9774857798216
MNG,2023,38.6134823960349
MNG,2024,44.9058835509055
MOZ,1991,10.687802208458
MOZ,1992,12.1566290068158
MOZ,1993,8.70362963826714
MOZ,1994,8.62350976231521
MOZ,1995,8.5930470385248
MOZ,1996,7.59001243481818
MOZ,1997,9.18873632571305
MOZ,1998,9.92399205371746
MOZ,1999,10.7436540503819
MOZ,2000,12.166924151639
MOZ,2001,9.05673892803937
MOZ,2002,9.09666811287028
MOZ,2003,8.08308660605587
MOZ,2004,6.79492914728375
MOZ,2005,8.78413449461729
MOZ,2006,9.89325283447363
MOZ,2007,10.0421356502336
MOZ,2008,14.0124195660244
MOZ,2009,19.5511262342972
MOZ,2010,21.6491864986519
MOZ,2011,20.9197341288749
MOZ,2012,22.4314517976522
MOZ,2013,26.2611547587696
MOZ,2014,30.188781793048
MOZ,2015,32.0531316730483
MOZ,2016,31.2078879056345
MOZ,2017,24.4582064524123
MOZ,2018,22.1292035071032
MOZ,2019,21.2791585156391
MOZ,2020,23.8696192694382
MOZ,2021,23.0205800775002
MOZ,2022,20.7200636005415
MOZ,2023,18.511862786144
MOZ,2024,17.6069907113773
MOZ,2025,18.2672664919169
MRT,1990,24.477392473628
MRT,1991,18.5599749230212
MRT,2005,18.4014813125773
MRT,2006,14.617422611558
MRT,2007,16.2991786844733
MRT,2008,19.2083942062677
MRT,2009,19.977723344228
MRT,2010,18.2754030717281
MRT,2011,16.5934473771108
MRT,2012,16.7663811866788
MRT,2013,18.345839833704
MRT,2014,19.5202997737568
MRT,2015,21.115578390201
MRT,2016,20.2989097590812
MRT,2017,21.0665741212812
MRT,2018,22.0411208947414
MRT,2019,22.7235411550392
MUS,1990,32.6203792918349
MUS,1991,33.780545402826
MUS,1992,37.2207166889427
MUS,1993,41.4639344620175
MUS,1994,44.7793615455663
MUS,1995,46.3909975745696
MUS,1996,42.8271208453019
MUS,1997,48.4460648545389
MUS,1998,55.6593829923809
MUS,1999,55.6873318982316
MUS,2000,55.7510629779706
MUS,2001,56.0974091737554
MUS,2002,56.9289992866373
MUS,2003,69.7058771432375
MUS,2004,69.9657945285893
MUS,2005,71.9303142550398
MUS,2006,67.6399087092862
MUS,2007,70.6431233275209
MUS,2008,80.6884454073722
MUS,2009,78.9046235737407
MUS,2010,84.1683992828525
MUS,2011,88.0871510697159
MUS,2012,97.4805970130776
MUS,2013,103.699492267184
MUS,2014,95.5827424187746
MUS,2015,98.7466842871377
MUS,2016,92.3062681730232
MUS,2017,97.6771763770364
MUS,2018,74.1953036771568
MUS,2019,76.9690468712456
MUS,2020,90.5603073567218
MUS,2021,85.4118917320828
MUS,2022,72.3686561202455
MUS,2023,69.8939504735845
MUS,2024,69.8649496913996
MUS,2025,72.0328373814832
MWI,1990,6.92152715329888
MWI,1991,7.31974307965094
MWI,1992,9.37198153332509
MWI,1993,5.7653257514233
MWI,1994,7.84039192315968
MWI,1995,4.03006263735794
MWI,1996,2.76840191139189
MWI,1997,2.51565170739601
MWI,1998,4.39459725713747
MWI,1999,3.26220906306362
MWI,2000,3.85060511736743
MWI,2001,3.57862302426844
MWI,2002,1.88751912737453
MWI,2003,2.15559037291252
MWI,2004,2.52782872375663
MWI,2005,2.7779338413945
MWI,2006,3.50616786561297
MWI,2007,3.76433782428077
MWI,2008,6.26229916413705
MWI,2009,7.47258448999146
MWI,2010,9.50299344202592
MWI,2011,9.57361410198919
MWI,2012,10.0146736585562
MWI,2013,8.55708608442318
MWI,2014,7.83598581016284
MWI,2015,9.1724038585019
MWI,2016,8.00930921941906
MWI,2017,7.47835094183135
MWI,2018,6.81764864429292
MWI,2019,7.22074169557393
MWI,2020,7.85314893803138
MWI,2021,8.23959919600957
MWI,2022,8.6470490751732
MWI,2023,7.74778352972302
MWI,2024,7.91033846538175
MYS,1990,69.4126686877
MYS,1991,73.7605458689796
MYS,1992,108.529220477562
MYS,1993,106.459806961915
MYS,1994,109.217183990668
MYS,1995,124.414153627631
MYS,1996,141.633739142087
MYS,1997,158.385047580688
MYS,1998,158.505378770173
MYS,1999,149.152981074863
MYS,2000,134.999853925775
MYS,2001,129.101375578239
MYS,2002,121.827344934405
MYS,2003,118.974148880103
MYS,2004,111.937605148211
MYS,2005,106.524431907379
MYS,2006,103.663830374316
MYS,2007,101.580075160148
MYS,2008,96.7482535065206
MYS,2009,111.606889987937
MYS,2010,107.122752573885
MYS,2011,108.425936705379
MYS,2012,114.124529817132
MYS,2013,119.899693910412
MYS,2014,120.578651022847
MYS,2015,123.10362963114
MYS,2016,121.979820601963
MYS,2017,117.167568374282
MYS,2018,120.276311883907
MYS,2019,120.706946299114
MYS,2020,133.816995520751
MYS,2021,127.260894609567
MYS,2022,113.070470558095
MYS,2023,117.099430029325
MYS,2024,116.107410807392
MYS,2025,117.938077066737
NAC,1990,110.999772286026
NAC,1991,115.180005292268
NAC,1992,114.758187535218
NAC,1993,117.45505766896
NAC,1994,116.833962643485
NAC,1995,126.037242432
NAC,1996,133.388642996294
NAC,1997,141.965087709925
NAC,1998,152.70863427682
NAC,1999,165.404690589158
NAC,2000,156.616897060325
NAC,2001,167.618503116057
NAC,2002,159.504501923809
NAC,2003,172.748450963377
NAC,2004,179.428409963682
NAC,2005,183.104961631594
NAC,2006,192.690638072893
NAC,2007,198.721409280483
NAC,2008,179.31923957508
NAC,2009,187.479963222695
NAC,2010,181.920666527452
NAC,2011,174.474559125537
NAC,2012,175.443843579456
NAC,2013,184.162921715823
NAC,2014,184.794021331949
NAC,2015,183.632163440252
NAC,2016,186.327051044306
NAC,2017,194.090996653847
NAC,2018,183.054001756212
NAC,2019,194.735258917444
NAC,2020,217.264343389463
NAC,2021,219.125940110191
NAC,2022,187.087355429321
NAC,2023,191.075390105862
NAC,2024,195.875075677875
NAC,2025,201.266130729677
NAM,2015,65.6259688357891
NAM,2016,68.5718638970193
NAM,2017,65.0850898640541
NAM,2018,65.8415486800749
NAM,2019,70.950579352357
NAM,2020,72.7676677166465
NAM,2021,68.8473248696811
NAM,2022,61.3968417469613
NAM,2023,56.0667902333982
NAM,2024,55.0557660417046
NER,1990,8.68354925435877
NER,1991,8.12808944641867
NER,1992,8.07906433949044
NER,1993,7.51190127752912
NER,1994,6.63901845599381
NER,1995,3.65470352594779
NER,1996,3.52149906349161
NER,1997,2.66090609662407
NER,1998,3.16578142263621
NER,1999,3.05504301696222
NER,2000,3.85940427520443
NER,2001,5.9177826876629
NER,2002,4.41414054012241
NER,2003,4.57236406552387
NER,2004,4.48685008615696
NER,2005,3.95336505243563
NER,2006,3.87400308731938
NER,2007,7.07832627658033
NER,2008,8.05448229866597
NER,2009,8.89140221192257
NER,2010,9.0342729600052
NER,2011,9.92230818231259
NER,2012,9.97081356735436
NER,2013,10.460630408421
NER,2014,10.6800359863882
NER,2015,11.2731547376931
NER,2016,11.5430257623173
NER,2017,11.2398360219906
NER,2018,10.2316234445943
NER,2019,11.6440386322928
NER,2020,11.7828048902408
NER,2021,13.0064656794279
NER,2022,12.4104068252131
NER,2023,10.8999517922152
NER,2024,10.2781507372819
NER,2025,9.56587453130963
NGA,1990,4.95752244265377
NGA,1991,5.24109646917474
NGA,1992,8.23451385667547
NGA,1993,7.00771816483841
NGA,1994,8.03728816845843
NGA,1995,6.5087114958491
NGA,1996,6.17444394221661
NGA,1997,7.03059014697708
NGA,1998,7.61945239355999
NGA,1999,8.16880785547431
NGA,2000,8.24898869751761
NGA,2001,9.88080739655231
NGA,2002,8.084342998
NGA,2003,8.90948472570348
NGA,2004,8.46166405532793
NGA,2005,8.43509526303227
NGA,2006,8.12036045279147
NGA,2007,13.7970169332616
NGA,2008,18.6330147009187
NGA,2009,19.6256016608172
NGA,2010,13.490742840586
NGA,2011,11.0436296114106
NGA,2012,10.6047037712344
NGA,2013,11.5332149415284
NGA,2014,13.2970053767392
NGA,2015,13.0786844773698
NGA,2016,14.6080388563102
NGA,2017,12.8520298076198
NGA,2018,10.2465813012399
NGA,2019,7.9232226593751
NGA,2020,8.75958559535191
NGA,2021,9.7332213692771
NGA,2022,9.5616917667191
NIC,2001,13.7178365947142
NIC,2002,15.1303966197719
NIC,2003,17.6800014490544
NIC,2004,19.6395041737258
NIC,2005,22.6195637092088
NIC,2006,26.4617300643449
NIC,2007,32.9626730870453
NIC,2008,31.3902939082916
NIC,2009,28.4639816565811
NIC,2010,26.7902771944027
NIC,2011,26.2021452617968
NIC,2012,28.7256849089243
NIC,2013,31.8719462281179
NIC,2014,33.8611044766836
NIC,2015,36.851216246511
NIC,2016,38.5800324214676
NIC,2017,42.7141595154233
NIC,2018,39.8570584770867
NIC,2019,32.2173134465347
NIC,2020,29.7928204469316
NIC,2021,28.0130773437883
NIC,2022,29.6997604197174
NIC,2023,30.0090036209487
NIC,2024,32.3334560247707
NLD,2001,110.22236670732
NLD,2002,108.80306461908
NLD,2003,108.372289041971
NLD,2004,112.327939906654
NLD,2005,115.890888447757
NLD,2006,112.9576606451
NLD,2007,112.717594636907
NLD,2008,110.218655333418
NLD,2009,116.241095699118
NLD,2010,112.995200786287
NLD,2011,113.516935353618
NLD,2012,116.013958604261
NLD,2013,112.969994005111
NLD,2014,115.205849457802
NLD,2015,110.135230807738
NLD,2016,112.688166070747
NLD,2017,109.26176749092
NLD,2018,103.705449062777
NLD,2019,98.6368462471995
NLD,2020,100.352006153371
NLD,2021,93.8807694464696
NLD,2022,88.8195045380451
NLD,2023,85.4757445009347
NLD,2024,82.3320940898509
NOR,2001,96.5185619888294
NOR,2002,102.616991579013
NOR,2003,106.679367023868
NOR,2004,104.86321849848
NOR,2005,106.084835761946
NOR,2006,96.360780866271
NOR,2007,105.706589717053
NOR,2008,117.443378580389
NOR,2009,125.05621856734
NOR,2010,125.004285340527
NOR,2011,122.173845430759
NOR,2012,119.808653635254
NOR,2013,120.963533911474
NOR,2014,124.741169746009
NOR,2015,133.532555694519
NOR,2016,140.308909282125
NOR,2017,140.397520875081
NOR,2018,137.85248031888
NOR,2019,143.92944148092
NOR,2020,157.281621104093
NOR,2021,132.758587980699
NOR,2022,106.520483872462
NOR,2023,122.547913892885
NOR,2024,124.389621734823
NPL,1990,12.8086563007658
NPL,1991,13.3538501304513
NPL,1992,13.4183154961156
NPL,1993,14.5730979838572
NPL,1994,18.5501224457024
NPL,1995,22.8314360670697
NPL,1996,23.1977638773387
NPL,1997,23.8850742640305
NPL,1998,28.6630823181372
NPL,1999,28.875948254061
NPL,2000,30.6706208188085
NPL,2001,29.4159104513955
NPL,2002,22.8689008212118
NPL,2003,26.1425740318245
NPL,2004,27.097330411139
NPL,2005,28.7261508079238
NPL,2006,33.1513862786737
NPL,2007,37.2815056472404
NPL,2008,51.6526455292715
NPL,2009,59.1784546318173
NPL,2010,54.589987785603
NPL,2011,46.4246531230953
NPL,2012,48.7543496534141
NPL,2013,50.4622708384351
NPL,2014,54.4670476035098
NPL,2015,56.9082740653704
NPL,2016,69.840800112116
NPL,2017,69.1891243413533
NPL,2018,76.3246080076578
NPL,2019,78.9459108984055
NPL,2020,88.4400394663268
NPL,2021,103.651351375401
NPL,2022,94.4669915631767
NPL,2023,91.5572641444323
NPL,2024,91.2933728348585
NPL,2025,90.5447624655163
NZL,2014,148.887536239515
NZL,2015,152.203582210633
NZL,2016,154.878394126531
NZL,2017,153.218887969056
NZL,2018,153.340048561597
NZL,2019,155.331008762031
NZL,2020,159.302765545419
NZL,2021,155.696811699705
NZL,2022,145.993959609911
NZL,2023,140.574368180893
NZL,2024,141.898489610576
NZL,2025,143.378735977163
OED,1993,132.433844996434
OED,1994,132.954457229271
OED,1995,136.31234998605
OED,1996,137.087597456228
OED,1997,140.408486097295
OED,1998,147.519891151223
OED,1999,156.558442022252
OED,2000,151.287808830939
OED,2001,135.570751784647
OED,2002,131.184958021857
OED,2003,135.586897669243
OED,2004,136.822021409214
OED,2005,140.068935191927
OED,2006,145.226982502757
OED,2007,147.692001368551
OED,2008,139.576336151763
OED,2009,144.62647100339
OED,2010,140.095872744696
OED,2011,135.42997049336
OED,2012,135.958173372796
OED,2013,137.394193766837
OED,2014,136.143677481231
OED,2015,138.188506815694
OED,2016,140.347043610574
OED,2017,142.920346015929
OED,2018,137.768090667124
OED,2019,144.433609659413
OED,2020,160.554336977659
OED,2021,157.993307276198
OED,2022,143.064994505067
OED,2023,141.388076595359
OED,2024,147.161877813414
OMN,1990,18.095392551487
OMN,1991,18.8242636548489
OMN,1992,18.885360129089
OMN,1993,19.884969661525
OMN,1994,21.6915164369035
OMN,1995,22.4564944087871
OMN,1996,23.3877239915709
OMN,1997,31.2970315586119
OMN,1998,41.5476900632193
OMN,1999,40.6010471509618
OMN,2000,32.8286208346965
OMN,2001,35.1535938909125
OMN,2002,33.9703564220235
OMN,2003,32.1772115960926
OMN,2004,29.8651264239303
OMN,2005,26.830213002842
OMN,2006,26.8602293065219
OMN,2007,30.9764844412137
OMN,2008,30.6458183525274
OMN,2009,40.7469449022376
OMN,2010,38.2119108803521
OMN,2011,36.1030456409534
OMN,2012,36.8201690395642
OMN,2013,37.8101763629108
OMN,2014,40.9964363798579
OMN,2015,58.1721127566142
OMN,2016,66.6702330425451
OMN,2017,65.9487621150617
OMN,2018,61.0721758896089
OMN,2019,65.1353364973981
OMN,2020,76.5893899420196
OMN,2021,68.18634950316
OMN,2022,55.7897704553203
OMN,2023,59.7528169989934
OMN,2024,63.2077225919943
OSS,2004,97.2609606041588
OSS,2005,122.631516075998
OSS,2006,126.031837359601
OSS,2007,124.361916218569
OSS,2008,120.230358039215
OSS,2009,124.418815224314
OSS,2010,118.998136792574
OSS,2011,110.79846192494
OSS,2012,105.545833079861
OSS,2013,102.581093812284
OSS,2014,97.5809626639519
OSS,2015,94.7191003351502
OSS,2016,89.92261365457
OSS,2017,85.2495810592295
OSS,2018,73.6224073436667
OSS,2019,67.940267597116
OSS,2020,74.1284800045033
OSS,2021,67.4349072111701
OSS,2022,61.5414602379023
OSS,2023,59.6629651683219
OSS,2024,60.1940257620301
PAK,1990,24.1573329065136
PAK,1991,22.2370174407211
PAK,1992,23.4968238834062
PAK,1993,24.395045127975
PAK,1994,23.8230064643185
PAK,1995,24.2071211979922
PAK,1996,24.6939754444567
PAK,1997,24.64621514863
PAK,1998,25.1139429411396
PAK,1999,25.4743176424825
PAK,2000,16.603618282266
PAK,2001,16.2084602957166
PAK,2002,16.004100784123
PAK,2003,18.2215997820452
PAK,2004,21.2947003364719
PAK,2005,21.6016814942981
PAK,2006,22.7683134071852
PAK,2007,23.0416390892532
PAK,2008,24.1685851810671
PAK,2009,20.3957768107606
PAK,2010,19.2854383363833
PAK,2011,16.7900431014259
PAK,2012,15.1977662090047
PAK,2013,14.4059591371388
PAK,2014,14.0363434269816
PAK,2015,13.8776720604833
PAK,2016,14.6822491291274
PAK,2017,15.3138129313571
PAK,2018,16.6323511145142
PAK,2019,15.6879858068791
PAK,2020,15.0331201291201
PAK,2021,15.3401397751102
PAK,2022,14.8383242381905
PAK,2023,12.0203955111754
PAK,2024,11.46061956354
PAK,2025,10.7268246496695
PAN,2010,82.0699638901572
PAN,2011,80.3174014231941
PAN,2012,79.5923009811289
PAN,2013,65.4374135780348
PAN,2014,80.8728229135061
PAN,2015,82.9324277346101
PAN,2016,84.1908718597278
PAN,2017,84.4380104348195
PAN,2018,83.9514799369508
PAN,2019,83.3265567451258
PAN,2020,100.153891550374
PER,1990,8.01727273669053
PER,1991,6.97792993174603
PER,1992,9.07959617883951
PER,1993,11.1164859235556
PER,1994,13.2835593787724
PER,1995,15.8738764208443
PER,1996,21.025323363273
PER,1997,24.4097995545657
PER,1998,28.1910496598723
PER,1999,28.9773282546112
PER,2000,26.3416775572587
PER,2001,23.4478078840921
PER,2002,22.2020482940237
PER,2003,19.9857411626907
PER,2004,17.9102399219746
PER,2005,19.066421608863
PER,2006,20.8131640208248
PER,2007,24.6070736917389
PER,2008,29.7639607500021
PER,2009,30.0145290325562
PER,2010,30.261687153432
PER,2011,32.3092275000503
PER,2012,34.0437468209084
PER,2013,37.7199291764532
PER,2014,40.8996268175973
PER,2015,43.8679314540478
PER,2016,42.8090253456419
PER,2017,42.4146143080756
PER,2018,43.9039424432995
PER,2019,44.7242368945336
PER,2020,55.3124099083207
PER,2021,47.1153342938622
PER,2022,45.6488442298176
PER,2023,42.9491111931795
PER,2024,39.6187196270943
PHL,1990,16.9025484779469
PHL,1991,15.6454917166525
PHL,1992,18.1039652944438
PHL,1993,23.1490828035757
PHL,1994,25.4845333915397
PHL,1995,32.8652175359862
PHL,1996,42.8727859095023
PHL,1997,49.4011069654297
PHL,1998,41.9926044672978
PHL,1999,37.3279299100996
PHL,2000,35.6071396041854
PHL,2001,36.2651173043754
PHL,2002,33.6639599838555
PHL,2003,31.9483733559218
PHL,2004,31.0092116533596
PHL,2005,27.8965736381251
PHL,2006,27.4706949162292
PHL,2007,27.6390233179632
PHL,2008,27.8760610609157
PHL,2009,27.8966684153138
PHL,2010,28.3324788107778
PHL,2011,30.497639750655
PHL,2012,31.9053759841345
PHL,2013,34.3357279070115
PHL,2014,37.5782838049623
PHL,2015,39.9037835751424
PHL,2016,42.8645179928199
PHL,2017,45.6051977878358
PHL,2018,47.5627907969006
PHL,2019,47.9736686643137
PHL,2020,52.0356914003601
PHL,2021,49.9413249106511
PHL,2022,48.8730299164324
PHL,2023,48.3110407107995
PHL,2024,49.8449977717705
PHL,2025,52.1093952249199
PNG,2009,21.7870346979082
PNG,2010,21.091519972966
PNG,2011,20.9325128845535
PNG,2012,22.8565539094754
PNG,2013,25.0996039083892
PNG,2014,22.6256429101556
PNG,2015,22.5534509061815
PNG,2016,22.1193452819282
PNG,2017,19.3527551663392
PNG,2018,18.7432134166838
PNG,2019,18.054669417934
PNG,2020,18.8149812506172
PNG,2021,17.4069077488704
PNG,2022,15.0426686602989
PNG,2023,16.5136999779875
PNG,2024,16.2934964633047
POL,1990,18.8646536473107
POL,1991,21.4143370074283
POL,1992,19.3649105959837
POL,1993,19.1079809727352
POL,1994,16.6512280436149
POL,1995,16.4466295784122
POL,1996,18.7404974536866
POL,1997,20.4753120938935
POL,1998,22.2526025335864
POL,1999,25.0882824426354
POL,2000,26.3184060430855
POL,2001,23.447383588542
POL,2002,12.8291653983995
POL,2003,13.2892297773767
POL,2004,26.1595858062025
POL,2005,27.0410644190586
POL,2006,31.0991032956795
POL,2007,37.0571618338196
POL,2008,47.1055525375866
POL,2009,46.9151175740235
POL,2010,48.8721256893143
POL,2011,51.483789287918
POL,2012,50.3251056254246
POL,2013,51.6642772358478
POL,2014,52.623549823882
POL,2015,53.314886900933
POL,2016,54.3456987288045
POL,2017,52.27429793934
POL,2018,51.8969895049653
POL,2019,50.2277295457207
POL,2020,49.2665185159479
POL,2021,45.7278891219221
POL,2022,39.3159295032007
POL,2023,34.7075227346327
POL,2024,33.5857900188097
PRE,1991,10.0568298148261
PRE,1992,11.3911657315573
PRE,1993,9.40567700915881
PRE,1994,8.30861531873284
PRE,1995,7.5046323562742
PRE,1996,7.14939896067851
PRE,1997,7.70315763268888
PRE,1998,8.18821456568278
PRE,1999,9.03717742774503
PRE,2000,8.08558753776821
PRE,2001,8.80120027194685
PRE,2002,8.13814569934434
PRE,2003,8.77647748180814
PRE,2004,8.05436829786379
PRE,2005,8.08254684002019
PRE,2006,8.3233099347414
PRE,2007,10.7280728167973
PRE,2008,12.771482092747
PRE,2009,13.8073557599971
PRE,2010,11.8376527465482
PRE,2011,10.7714500264951
PRE,2012,10.8884006514754
PRE,2013,11.6783443417025
PRE,2014,13.1731207672763
PRE,2015,14.9451179148079
PRE,2016,15.429719972175
PRE,2017,14.4346544031321
PRE,2018,13.1301657467788
PRE,2019,11.8551512661897
PRE,2020,13.0926242693813
PRE,2021,13.2255795088647
PRE,2022,12.7107129041481
PRT,2001,115.00275429921
PRT,2002,119.052209613682
PRT,2003,120.671996162222
PRT,2004,121.19077411841
PRT,2005,124.773021846414
PRT,2006,133.41295217927
PRT,2007,142.235675042564
PRT,2008,151.481176609982
PRT,2009,159.861301937173
PRT,2010,155.388888349273
PRT,2011,156.062341019849
PRT,2012,152.728675156307
PRT,2013,142.933688214656
PRT,2014,129.651173714521
PRT,2015,120.048513231382
PRT,2016,111.328568595891
PRT,2017,102.855290609028
PRT,2018,97.0963051936704
PRT,2019,93.35554945374
PRT,2020,104.074185342131
PRT,2021,98.848509456936
PRT,2022,89.4563111808935
PRT,2023,80.2271063662543
PRT,2024,77.118172685653
PRY,1990,14.3157588729945
PRY,1991,16.943490864555
PRY,1992,19.9674747380848
PRY,1993,23.1053892876801
PRY,1994,26.8791011636639
PRY,1995,23.9644446507837
PRY,1996,25.7856591710819
PRY,1997,32.7741011877268
PRY,1998,24.5219309952657
PRY,1999,25.0551605442253
PRY,2000,23.7603984264133
PRY,2001,24.1686675413357
PRY,2002,20.8556279671977
PRY,2003,12.6861707511378
PRY,2004,12.2968111859529
PRY,2005,12.2808884618236
PRY,2006,11.6682860592129
PRY,2007,13.7176649664943
PRY,2008,18.759698013852
PRY,2009,21.5814306496874
PRY,2010,25.4241390581724
PRY,2011,28.9522503181962
PRY,2012,31.5463020861537
PRY,2013,34.3778942787922
PRY,2014,38.1381490369685
PRY,2015,43.3496464702998
PRY,2016,41.3557191308076
PRY,2017,41.075344119837
PRY,2018,44.5121924181179
PRY,2019,47.6522798387839
PRY,2020,50.6445339195394
PRY,2021,49.4295844129684
PRY,2022,51.0944019230025
PRY,2023,52.2060179155522
PRY,2024,57.0291394487225
PRY,2025,55.7026066319307
PSE,1998,18.0295182899848
PSE,1999,21.3720158269339
PSE,2000,21.4886550445104
PSE,2001,21.4106079563675
PSE,2002,24.1965214324871
PSE,2003,21.693137535179
PSE,2004,23.117606716899
PSE,2005,26.4462262043374
PSE,2006,26.2173548271413
PSE,2007,22.8674279641316
PSE,2008,17.5729199943916
PSE,2009,19.53363220723
PSE,2010,21.3595304440428
PSE,2011,22.9577173636924
PSE,2012,24.0475728779365
PSE,2013,24.1199685686064
PSE,2014,27.3246796047092
PSE,2015,32.6010470713693
PSE,2016,36.5279321411323
PSE,2017,41.7423779001116
PSE,2018,44.8402878170502
PSE,2019,44.9267353587416
PSE,2020,52.2438211575681
PSE,2021,47.3295160416368
PSE,2022,47.7106174807336
PSE,2023,52.7325722326952
PSE,2024,58.6252720787942
PSE,2025,56.4537277980556
PSS,2001,32.7631655194074
PSS,2002,45.6507448526462
PSS,2003,45.2909443908504
PSS,2004,50.0137692528093
PSS,2005,56.5081693801713
PSS,2006,62.5982582956119
PSS,2007,63.1172780785771
PSS,2008,67.5764591967844
PSS,2009,67.7195546217964
PSS,2010,64.281658019807
PSS,2011,60.0890395221285
PSS,2012,60.8352606012144
PSS,2013,60.8275474271574
PSS,2014,61.6766880083579
PSS,2015,64.9153466809702
PSS,2016,68.6174300285914
PSS,2017,69.4436953953883
PSS,2018,72.2976725797762
PSS,2019,77.8425572912832
PSS,2020,88.9112628542246
PSS,2021,92.9305888248577
PSS,2022,88.206788511782
PSS,2023,84.9245185220213
PSS,2024,85.2146585738157
PST,1991,128.230788362629
PST,1992,129.532729608594
PST,1993,133.824223967247
PST,1994,134.520999719821
PST,1995,138.064542554847
PST,1996,139.137939754608
PST,1997,146.195848598734
PST,1998,153.97793041889
PST,1999,163.252290446991
PST,2000,158.325147760501
PST,2001,141.283494971942
PST,2002,136.507062901039
PST,2003,140.407839131073
PST,2004,141.470186552418
PST,2005,145.070143309207
PST,2006,150.564137340371
PST,2007,153.053697392266
PST,2008,146.32119432026
PST,2009,151.204525491881
PST,2010,147.382473693997
PST,2011,142.652773380876
PST,2012,143.205505118058
PST,2013,145.081326761417
PST,2014,143.925820235113
PST,2015,145.659278524635
PST,2016,147.504779386863
PST,2017,150.531260402209
PST,2018,144.956850144041
PST,2019,152.185227922217
PST,2020,169.016692272942
PST,2021,167.185326352162
PST,2022,152.214555004888
PST,2023,151.18298624844
PST,2024,158.864463527752
QAT,1990,36.9718945954016
QAT,1991,53.2551085568327
QAT,1992,65.0797643000862
QAT,1993,42.0606525911708
QAT,1994,35.5914018552323
QAT,1995,34.6961717642293
QAT,1996,31.1271834061135
QAT,1997,30.5500437700613
QAT,1998,38.755960353603
QAT,1999,34.7629181352663
QAT,2000,26.848992977137
QAT,2001,34.8932847744361
QAT,2002,28.678248964304
QAT,2003,29.9881582480184
QAT,2004,28.9848665073759
QAT,2005,33.7215866396037
QAT,2006,35.9974581586654
QAT,2007,41.576984053131
QAT,2008,40.8012827051685
QAT,2009,51.7351086840494
QAT,2010,44.7018151478225
QAT,2011,39.7530248795648
QAT,2012,37.1284423583344
QAT,2013,40.0053399938718
QAT,2014,46.096808613041
QAT,2015,70.8424801221283
QAT,2016,79.7605885769573
QAT,2017,80.0817007882657
QAT,2018,80.4368398170897
QAT,2019,100.636146762775
QAT,2020,138.857842947295
QAT,2021,123.316618339598
QAT,2022,101.083984278189
QAT,2023,118.075783234072
QAT,2024,120.965896493385
QAT,2025,126.754580015982
ROU,1996,10.9909814975807
ROU,1997,8.29243806887032
ROU,1998,11.6679231619366
ROU,1999,7.98718944099379
ROU,2000,7.12522458023743
ROU,2001,8.65337656761909
ROU,2002,10.0898585093074
ROU,2003,14.1322681192345
ROU,2004,15.7819282736445
ROU,2005,20.0582548606141
ROU,2006,26.005425621115
ROU,2007,33.9999546690076
ROU,2008,35.9149171389437
ROU,2009,37.0085626096682
ROU,2010,38.2860073711137
ROU,2011,37.4326073949952
ROU,2012,35.9605697947908
ROU,2013,34.1696505303704
ROU,2014,31.085760270442
ROU,2015,29.9038145680168
ROU,2016,28.5586243050561
ROU,2017,26.6684604630278
ROU,2018,25.6917391714929
ROU,2019,24.71556311196
ROU,2020,25.8547218167581
ROU,2021,26.4890320985714
ROU,2022,25.2220369814974
ROU,2023,23.2502304421426
ROU,2024,22.7281195412098
ROU,2025,22.0718036114915
RUS,2001,16.8377718530329
RUS,2002,17.9723927796501
RUS,2003,21.2435670578541
RUS,2004,24.3164009497689
RUS,2005,25.9225395243251
RUS,2006,30.9419240283111
RUS,2007,37.783577717454
RUS,2008,41.5540438231948
RUS,2009,45.260909297208
RUS,2010,42.8400452491127
RUS,2011,41.6986059819676
RUS,2012,43.9139602428073
RUS,2013,48.0247500537777
RUS,2014,54.8322798937112
RUS,2015,55.9520226893608
RUS,2016,53.1024738337766
RUS,2017,52.0765975053134
RUS,2018,51.2433106717876
RUS,2019,52.5614289246344
RUS,2020,59.5836264990744
RUS,2021,54.6422447762479
RWA,1990,6.92065555462635
RWA,1991,5.11970028407879
RWA,1992,5.6751606061602
RWA,1993,6.32914518379824
RWA,1994,9.88227976584186
RWA,1995,8.41488265126011
RWA,1996,6.80643599035943
RWA,1997,8.09027398245172
RWA,1998,8.75921422164865
RWA,1999,8.36366873108602
RWA,2000,8.7322554914854
RWA,2001,9.07881915008174
RWA,2002,9.42435180688602
RWA,2003,8.92957351693816
RWA,2004,9.8312525515906
RWA,2005,10.3108984751212
RWA,2006,11.9327005011458
RWA,2007,12.1907655923558
RWA,2008,13.5187847164106
RWA,2009,11.3018498266274
RWA,2010,11.6289209517341
RWA,2011,13.4264051800974
RWA,2012,15.9559795125482
RWA,2013,16.4386483211969
RWA,2014,17.8667298740274
RWA,2015,21.2400979698114
RWA,2016,20.7096758259056
RWA,2017,20.7932652815292
RWA,2018,21.3727050105642
RWA,2019,21.1137845177269
RWA,2020,24.3039679316864
RWA,2021,24.951035475528
RWA,2022,22.1299532676551
RWA,2023,21.6378024625462
RWA,2024,21.3238078981665
RWA,2025,22.0867382294523
SAS,1990,23.8964009307883
SAS,1991,22.4690220169055
SAS,1992,23.1488330700778
SAS,1993,22.406942194152
SAS,1994,22.5273771090551
SAS,1995,22.6234482564003
SAS,1996,23.1313022565947
SAS,1997,23.3779176496483
SAS,1998,23.5552181162286
SAS,1999,25.1283176772487
SAS,2000,27.7181095187135
SAS,2001,28.2434351162089
SAS,2002,31.5912981846898
SAS,2003,31.0496186494745
SAS,2004,35.3022277966035
SAS,2005,38.9548190507306
SAS,2006,42.4240630844613
SAS,2007,44.4739603484425
SAS,2008,47.9119532463636
SAS,2009,46.7723142876329
SAS,2010,49.1721042714857
SAS,2011,50.0823103354201
SAS,2012,50.6352215218388
SAS,2013,50.8834179442512
SAS,2014,50.6372743600575
SAS,2015,50.8279903711443
SAS,2016,38.5857327622262
SAS,2017,38.8532956425947
SAS,2018,39.6371300627299
SAS,2019,39.4099403727697
SAS,2020,41.1421997214324
SAS,2021,37.8475531358467
SAS,2022,38.9145368186969
SAS,2023,41.0734353179942
SAS,2024,41.5118785770447
SAS,2025,43.5359475018476
SAU,1990,14.8221099824074
SAU,1991,14.8717021826583
SAU,1992,16.7585536644371
SAU,1993,20.4697181528822
SAU,1994,22.3597574225155
SAU,1995,22.5686263552029
SAU,1996,20.7924387949329
SAU,1997,21.5087348399283
SAU,1998,29.1883475530879
SAU,1999,26.7446189971291
SAU,2000,24.2356134468207
SAU,2001,27.090480162661
SAU,2002,28.9483976585816
SAU,2003,28.2333101439677
SAU,2004,32.3542594274042
SAU,2005,35.4189179790554
SAU,2006,33.7245867667594
SAU,2007,37.071588765142
SAU,2008,37.6843188466467
SAU,2009,45.6298013133911
SAU,2010,39.1641936148322
SAU,2011,33.6286944686693
SAU,2012,35.5685109967177
SAU,2013,39.0113411908332
SAU,2014,42.5570781320296
SAU,2015,52.7601798097453
SAU,2016,54.375771847036
SAU,2017,50.1375935809361
SDN,1990,5.06461979515872
SDN,1991,4.57256402995713
SDN,1992,3.89778335009407
SDN,1993,3.18510165432335
SDN,1994,2.38142192721086
SDN,1995,1.62666043690859
SDN,1996,2.82836418068254
SDN,1997,2.13789875920727
SDN,1998,1.96258997070586
SDN,1999,1.61553114401575
SDN,2000,2.26814407058398
SDN,2001,2.48744680025298
SDN,2002,3.73617957584528
SDN,2003,5.01728000381241
SDN,2004,6.1285411012767
SDN,2005,7.8135798471469
SDN,2006,11.048116510493
SDN,2007,9.81285601767293
SDN,2008,9.37979082509826
SDN,2009,11.5585100746323
SDN,2010,10.5026912651794
SDN,2011,9.29192166764101
SDN,2012,11.9423641232484
SDN,2013,10.5177916679111
SDN,2014,8.15064686274859
SDN,2015,8.12473335981359
SDN,2016,8.21971643252736
SDN,2017,8.38975613758766
SDN,2018,9.35475603325025
SDN,2019,9.17361614121809
SDN,2020,7.89088716237967
SDN,2021,6.61986449215035
SDN,2022,5.63980468495649
SEN,1990,20.4486044315213
SEN,1991,19.3747877756205
SEN,1992,20.417269034707
SEN,1993,20.4477799303009
SEN,1994,12.5996993774182
SEN,1995,11.3318138178179
SEN,1996,12.3392499603056
SEN,1997,12.2268563761648
SEN,1998,11.4628108591656
SEN,1999,11.9829509071692
SEN,2000,14.5755223435769
SEN,2001,11.237106650157
SEN,2002,11.8953781578597
SEN,2003,13.0371551015907
SEN,2004,14.3643865711573
SEN,2005,15.6269414988724
SEN,2006,15.7726987789924
SEN,2007,16.1945509457157
SEN,2008,18.8654140228838
SEN,2009,19.4173530538773
SEN,2010,21.3137479203656
SEN,2011,23.8744426736655
SEN,2012,24.4324813772449
SEN,2013,26.3165131362676
SEN,2014,27.3169375684194
SEN,2015,27.3046862692017
SEN,2016,27.7982798735302
SEN,2017,29.7093467378683
SEN,2018,29.5516165860052
SEN,2019,29.516665832367
SEN,2020,29.306753974363
SEN,2021,29.9015680025233
SEN,2022,32.1820145714257
SEN,2023,31.4479822503341
SEN,2024,29.8119196212555
SEN,2025,30.8840419671112
SGP,1990,79.1646747233386
SGP,1991,79.8711021252107
SGP,1992,81.0855367745248
SGP,1993,80.9717012635425
SGP,1994,81.1902405393255
SGP,1995,88.2934969585412
SGP,1996,93.7418064299455
SGP,1997,96.470304928416
SGP,1998,107.93107365818
SGP,1999,102.707304148647
SGP,2000,96.0524631654193
SGP,2001,115.023967340769
SGP,2002,102.024223572871
SGP,2003,104.782800634148
SGP,2004,95.7289657619849
SGP,2005,89.2233561956159
SGP,2006,84.2870559979133
SGP,2007,85.3517596047783
SGP,2008,97.8643623312414
SGP,2009,96.8613765494725
SGP,2010,94.8584026979012
SGP,2011,104.703673841577
SGP,2012,112.973543165736
SGP,2013,124.065951568619
SGP,2014,128.129763309946
SGP,2015,122.421353845761
SGP,2016,123.054693783234
SGP,2017,120.442638051885
SGP,2018,117.439858431353
SGP,2019,119.256588972207
SGP,2020,128.43285830434
SLB,1990,19.0859421725416
SLB,1991,16.1344502444896
SLB,1992,16.8199662790783
SLB,1993,16.4927660827052
SLB,1994,13.8001847526565
SLB,1995,13.0395303802682
SLB,1996,14.0103375520475
SLB,1997,14.412539488763
SLB,1998,15.0433127290997
SLB,1999,14.7950226753533
SLB,2000,16.5940802987844
SLB,2001,19.373751723436
SLB,2002,18.6571838868183
SLB,2003,15.177785591396
SLB,2004,14.3561774973036
SLB,2005,15.397419232815
SLB,2006,18.533202473488
SLB,2007,23.2678785730327
SLB,2008,25.2436264854406
SLB,2009,23.7690927080514
SLB,2010,20.5357764962235
SLB,2011,18.8403653532196
SLB,2012,19.7202924015181
SLB,2013,29.3146308858805
SLB,2014,31.6209576595909
SLB,2015,33.0139037072347
SLB,2016,34.2209105536141
SLB,2017,33.2262826138865
SLB,2018,30.6970656700723
SLB,2019,30.7380689311402
SLB,2020,32.5671298012795
SLB,2021,32.8265544242241
SLB,2022,34.7058484961552
SLB,2023,34.7843621325241
SLB,2024,33.6944114849329
SLE,1990,3.24748439818673
SLE,1991,3.52263601359593
SLE,1992,3.05337597286147
SLE,1993,3.43169050724156
SLE,1994,3.12815700165844
SLE,1995,2.67642644355129
SLE,1996,2.50682211883349
SLE,1997,3.24541126365956
SLE,1998,2.72451562468195
SLE,1999,2.07182729985576
SLE,2000,2.10803360905412
SLE,2001,1.03162412769318
SLE,2002,1.2966126450079
SLE,2003,1.85152881468202
SLE,2004,2.23929435550621
SLE,2005,2.16953030664871
SLE,2006,1.95445378938047
SLE,2007,2.57102263810254
SLE,2008,3.35926777488606
SLE,2009,5.10499215021143
SLE,2010,4.73162828499164
SLE,2011,4.64030943290693
SLE,2012,3.41408221065244
SLE,2013,3.12773073712043
SLE,2014,3.19014735484619
SLE,2015,3.34736817264329
SLE,2016,3.51808121980782
SLE,2017,3.32767662198057
SLE,2018,3.64060322537035
SLE,2019,3.85964994703396
SLE,2020,3.61989140511963
SLE,2021,4.22614923192413
SLE,2022,3.53787339542719
SLE,2023,3.23642146039244
SLE,2024,3.96782641222454
SLE,2025,5.50423771694193
SLV,2001,45.9128728950283
SLV,2002,45.5604582375641
SLV,2003,47.4286524146364
SLV,2004,48.1551897350887
SLV,2005,49.9239191050969
SLV,2006,50.2764169762417
SLV,2007,51.5342970603847
SLV,2008,51.0548677298855
SLV,2009,54.5525792579328
SLV,2010,52.3104277458922
SLV,2011,49.9977176790519
SLV,2012,49.2960792034564
SLV,2013,51.504185703808
SLV,2014,53.2701980017235
SLV,2015,54.0918954267897
SLV,2016,55.0597980078069
SLV,2017,56.0486779897987
SLV,2018,57.2770156356153
SLV,2019,59.0743132128325
SLV,2020,65.3332227111145
SLV,2021,61.139568580911
SLV,2022,62.6134246432786
SLV,2023,62.4327826178303
SLV,2024,63.3568626329389
SLV,2025,64.3701394379061
SOM,2018,2.34877290879434
SOM,2019,2.40775888915885
SOM,2020,2.61476555249078
SOM,2021,3.40272937477728
SOM,2022,3.91177494692927
SOM,2023,5.07180182048566
SOM,2024,5.43098050942767
SRB,1997,19.5977179391189
SRB,1998,21.2029463514007
SRB,1999,24.3103144487218
SRB,2000,40.7969713274428
SRB,2001,28.313128953228
SRB,2002,14.5424899006157
SRB,2003,15.9681672856672
SRB,2004,20.2269835185112
SRB,2005,25.8089636070395
SRB,2006,25.6120705706489
SRB,2007,30.5858150183485
SRB,2008,35.4409708807337
SRB,2009,38.6174659825616
SRB,2010,45.3256409035753
SRB,2011,43.1230214909877
SRB,2012,44.7225076038649
SRB,2013,39.3038448195601
SRB,2014,39.0904356774546
SRB,2015,39.02912480491
SRB,2016,39.4038438717395
SRB,2017,38.7133440067721
SRB,2018,39.7209777742175
SRB,2019,40.1665718331813
SRB,2020,43.4490578103864
SRB,2021,41.4324145562729
SRB,2022,38.3866557415795
SRB,2023,33.044281917872
SRB,2024,32.6365244902661
SRB,2025,35.3619044689385
SSA,1990,33.163511332057
SSA,1992,45.8081108213625
SSA,1993,46.5960186866285
SSA,1994,49.2276469029113
SSA,1995,45.2304223357611
SSA,1996,39.9740451547537
SSA,1997,38.9818516625145
SSA,1998,36.6883552735441
SSA,1999,55.4596847003334
SSA,2000,51.1835736039545
SSA,2001,50.2573184075155
SSA,2002,38.6015964316869
SSA,2003,46.2240571955984
SSA,2004,51.5216672103552
SSA,2005,53.2946100057085
SSA,2006,55.0954501549941
SSA,2007,55.7508615666358
SSA,2008,46.3612247510677
SSA,2009,48.9916078536319
SSA,2010,50.4402736351241
SSA,2011,46.2324675214705
SSA,2012,45.8419959088399
SSA,2013,42.5490781936273
SSA,2014,41.6256103987673
SSA,2015,41.1176398673569
SSA,2016,41.9073114496663
SSA,2017,43.438105783511
SSA,2018,39.8085747124213
SSA,2019,34.4255457678831
SSA,2020,32.8990929007304
SSA,2021,31.509530891902
SSA,2022,29.4288149619761
SSD,2011,0.497601393833536
SSD,2012,1.12348529534462
SSD,2013,1.13382804534706
SSD,2014,1.81010943088354
SSD,2015,2.3046060068698
SSD,2016,4.42474874705564
SSD,2017,1.7050712207929
SSD,2018,1.52680961002147
SSD,2019,1.70350480610621
SSD,2020,1.92500455443695
SSD,2021,2.75015423943811
SSD,2022,3.01716131679904
SSD,2023,3.04769880153433
SSD,2024,5.76315463209053
SSD,2025,3.24249880212429
SSF,1990,33.1335234455273
SSF,1992,45.7556063893477
SSF,1993,46.5384929619301
SSF,1994,49.1684122629858
SSF,1995,45.1891831365456
SSF,1996,39.9439526277569
SSF,1997,38.952133130999
SSF,1998,36.6599704514348
SSF,1999,55.3849697313872
SSF,2000,51.1247094452678
SSF,2001,50.1993393009503
SSF,2002,38.5662678159769
SSF,2003,46.1926803475282
SSF,2004,51.4830292915215
SSF,2005,53.255951204015
SSF,2006,55.0539363666772
SSF,2007,55.716897103099
SSF,2008,46.3449850106218
SSF,2009,48.9683982532601
SSF,2010,50.419931670233
SSF,2011,46.2153852429968
SSF,2012,45.8240070856446
SSF,2013,42.5315580452636
SSF,2014,41.6113046609591
SSF,2015,41.1027671073151
SSF,2016,41.8885439640977
SSF,2017,43.438105783511
SSF,2018,39.8085747124212
SSF,2019,34.4255457678831
SSF,2020,32.8990929007304
SSF,2021,31.509530891902
SSF,2022,29.4288149619762
SST,2001,70.0227239455167
SST,2002,71.5398569362661
SST,2003,76.3516192872779
SST,2004,77.4970510250778
SST,2005,94.4546745614643
SST,2006,98.4833578991917
SST,2007,98.6216846784752
SST,2008,94.2516400085498
SST,2009,99.8670142643853
SST,2010,94.9470538725814
SST,2011,89.4459735018428
SST,2012,83.8936988186838
SST,2013,81.9088333252434
SST,2014,78.5668115988917
SST,2015,76.568718845371
SST,2016,75.5211964458978
SST,2017,74.2675203706517
SST,2018,66.5830125818036
SST,2019,62.8923661169171
SST,2020,69.4902710539111
SST,2021,63.0490208117934
SST,2022,56.0546495840515
SST,2023,55.565550808035
SST,2024,54.7866653935173
STP,1995,4.54506890490193
STP,1996,2.95554728166002
STP,1997,2.85483258441036
STP,1998,4.51672729611422
STP,1999,4.54408342043556
STP,2000,4.37640303334019
STP,2001,4.35766613130282
STP,2002,5.67881865854742
STP,2003,10.036874831806
STP,2004,15.5207169133152
STP,2005,22.229377388692
STP,2006,26.1198803251185
STP,2007,30.7928682115687
STP,2008,27.6258018632268
STP,2009,32.6962257784767
STP,2010,39.1859416288133
STP,2011,39.7466623532112
STP,2012,41.003161256906
STP,2013,36.3258991131174
STP,2014,32.7441700381867
STP,2015,33.2568293234458
STP,2016,31.4994056021872
STP,2017,29.4387086522031
STP,2018,24.7710907623132
STP,2019,22.4900353352698
STP,2020,19.8916048546394
STP,2021,17.688068697072
STP,2022,12.8517556324548
STP,2023,7.81631512865351
SUR,1990,37.8231204943357
SUR,1991,40.7226065610355
SUR,1992,40.6192123908387
SUR,1993,21.503224036219
SUR,1994,8.20109445868665
SUR,1995,6.5923849216345
SUR,1996,13.1882081835183
SUR,1997,17.1703515404688
SUR,1998,18.1780934244047
SUR,1999,14.5262095042049
SUR,2000,7.91197862137439
SUR,2001,8.78797827189922
SUR,2002,15.9653838913094
SUR,2003,17.227183177166
SUR,2004,18.7558718627611
SUR,2005,19.319818720147
SUR,2006,17.4884111348182
SUR,2007,21.3584594965176
SUR,2008,23.8646397246909
SUR,2009,24.4076977224826
SUR,2010,24.0185392688126
SUR,2011,23.6572660681081
SUR,2012,24.1947896158436
SUR,2013,27.8152813950886
SUR,2014,29.730243552903
SUR,2015,33.7330206067527
SUR,2016,36.3293876411773
SUR,2017,28.2868866474438
SUR,2018,24.2780778063315
SUR,2019,23.0940833809237
SUR,2020,24.2209075589576
SUR,2021,18.1047543764174
SUR,2022,19.3784779706784
SUR,2023,16.5984067841251
SUR,2024,17.0207142258694
SUR,2025,20.2666248935701
SVK,2006,33.7617521924944
SVK,2007,37.3662896469429
SVK,2008,40.6976887506674
SVK,2009,44.9194546305034
SVK,2010,44.343508773778
SVK,2011,46.0061634074872
SVK,2012,46.1588560713764
SVK,2013,47.6850567150792
SVK,2014,49.5007725734467
SVK,2015,52.3332827421394
SVK,2016,56.6716350835336
SVK,2017,59.8779995896911
SVK,2018,61.4419464182066
SVK,2019,62.4645072522501
SVK,2020,65.647590409826
SVK,2021,65.1124824665326
SVK,2022,66.7389252233433
SVK,2023,61.4622634277722
SVK,2024,59.6509018833935
SVN,2004,44.9510356724133
SVN,2005,52.6644953790486
SVN,2006,60.347620855334
SVN,2007,71.3390529196501
SVN,2008,76.7749948108283
SVN,2009,84.0579308898163
SVN,2010,85.7952635585285
SVN,2011,82.4615147544276
SVN,2012,79.9774795596475
SVN,2013,66.0950404435005
SVN,2014,55.0323999116201
SVN,2015,50.3438324798083
SVN,2016,47.1423210691584
SVN,2017,45.4705282131968
SVN,2018,43.7031144504248
SVN,2019,42.7155413062598
SVN,2020,43.5705752100631
SVN,2021,41.1011816349725
SVN,2022,41.1837741977308
SVN,2023,36.341915835514
SVN,2024,35.4165073993057
SWE,1990,51.1225876846168
SWE,1991,47.4277174215653
SWE,1992,47.4348233415486
SWE,1993,38.149281794794
SWE,1994,34.2890512636557
SWE,1995,31.3247427361649
SWE,1996,31.832135228372
SWE,1997,34.718775191535
SWE,1998,35.8329382450278
SWE,1999,37.4321870279123
SWE,2000,39.7999398034271
SWE,2001,89.5474345222414
SWE,2002,89.628767146107
SWE,2003,89.9115276836911
SWE,2004,91.6350257927676
SWE,2005,99.2700350890139
SWE,2006,102.724459574807
SWE,2007,111.25228893146
SWE,2008,118.417228475241
SWE,2009,124.563322488407
SWE,2010,123.280099698326
SWE,2011,124.767458149755
SWE,2012,128.741480388616
SWE,2013,131.023007766672
SWE,2014,130.317892577225
SWE,2015,127.51740985919
SWE,2016,129.172366333007
SWE,2017,132.715906095455
SWE,2018,133.266789972115
SWE,2019,131.822474370602
SWE,2020,138.459181444506
SWE,2021,136.797864800213
SWE,2022,136.077652643424
SWE,2023,129.136765656002
SWE,2024,125.28961467527
SWZ,1990,16.4000106377398
SWZ,1991,20.7935592136321
SWZ,1992,18.6461085020651
SWZ,1993,16.866115575315
SWZ,1994,18.1224119117382
SWZ,1995,15.0610497971303
SWZ,1996,14.3065631568365
SWZ,1997,14.0077308373326
SWZ,1998,13.4410388180233
SWZ,1999,13.0976440233483
SWZ,2000,11.2461789277072
SWZ,2001,9.03799084370979
SWZ,2002,10.5186800452527
SWZ,2003,13.0335033638924
SWZ,2004,15.6794075132557
SWZ,2005,17.6107810983513
SWZ,2006,19.5207280679882
SWZ,2007,21.6983255351644
SWZ,2008,20.6739096803303
SWZ,2009,20.9217751980064
SWZ,2010,19.468556789438
SWZ,2011,22.8407822139502
SWZ,2012,19.7488163303886
SWZ,2013,21.4745583840623
SWZ,2014,21.8445673382862
SWZ,2015,21.25805436914
SWZ,2016,21.5801659225305
SWZ,2017,20.6352761067432
SWZ,2018,20.9890102465224
SWZ,2019,20.2233785743064
SWZ,2020,20.9643539991261
SWZ,2021,20.823247149558
SWZ,2022,21.3428907072988
SWZ,2023,21.3095273182131
SWZ,2024,21.6231408755943
SWZ,2025,23.0750811152126
SYC,1990,6.8277235129255
SYC,1991,7.4331821713939
SYC,1992,7.05371759267409
SYC,1993,7.06552134285017
SYC,1994,8.701697885839
SYC,1995,10.6838407626934
SYC,1996,11.8267804405985
SYC,1997,12.8730266185998
SYC,1998,13.5017535791543
SYC,1999,14.2154305048891
SYC,2000,15.557737739135
SYC,2001,16.9880797719772
SYC,2002,19.1097150865934
SYC,2003,24.5813262053288
SYC,2004,23.7886945246315
SYC,2005,23.3799538731127
SYC,2006,21.3959512451102
SYC,2007,23.7891064426077
SYC,2008,27.5236066293084
SYC,2009,19.9920673192168
SYC,2010,24.1552557359059
SYC,2011,22.3906178455983
SYC,2012,20.8600885056372
SYC,2013,21.3672112428035
SYC,2014,24.3504437974192
SYC,2015,24.3497337704834
SYC,2016,24.5166106524244
SYR,1990,7.45706746966399
SYR,1991,8.59771989061637
SYR,1992,9.56768829211851
SYR,1993,10.7447644137231
SYR,1994,10.3424612873715
SYR,1995,11.1505757695171
SYR,1996,9.64496270574084
SYR,1997,9.83828458533013
SYR,1998,9.18684941627743
SYR,1999,9.19860040142011
SYR,2000,8.46884112922303
SYR,2001,8.12845424640127
SYR,2002,8.17124847403512
SYR,2003,10.1042393007393
SYR,2004,11.654533475927
SYR,2005,14.7646416207772
SYR,2006,14.6985478944237
SYR,2007,15.0849833633184
SYR,2008,17.5381740227376
SYR,2009,19.6374605263729
SYR,2010,21.9364546932851
SYR,2011,20.7425231347911
TCD,1990,6.4810990406711
TCD,1991,5.94840642548766
TCD,1992,6.08781622017682
TCD,1993,5.03453734492648
TCD,1994,3.62566869671399
TCD,1995,3.85047765587526
TCD,1996,3.64248250900514
TCD,1997,3.23429328606989
TCD,1998,3.30627847904118
TCD,1999,3.58610460568817
TCD,2000,3.47936369672946
TCD,2001,4.338486053348
TCD,2002,4.21236731197982
TCD,2003,4.19489744248441
TCD,2004,3.13376265896053
TCD,2005,1.95252225003226
TCD,2006,1.69490431367969
TCD,2007,1.90885958094899
TCD,2008,2.37779871540522
TCD,2009,2.96502979878641
TCD,2010,3.21497699838003
TCD,2011,3.53708298939375
TCD,2012,4.02102215723731
TCD,2013,4.41495267416436
TCD,2014,5.99411802017464
TCD,2015,6.28199600168377
TCD,2016,9.66896292279385
TCD,2017,9.10617708639334
TCD,2018,8.24873656929464
TCD,2019,7.54147312123575
TCD,2020,7.22915564060594
TCD,2021,8.32290954891334
TEA,1990,76.246487090793
TEA,1991,78.0855535918099
TEA,1992,79.1247612328831
TEA,1993,86.9671294999832
TEA,1994,80.7387857141929
TEA,1995,80.5582288841716
TEA,1996,87.2403260938915
TEA,1997,95.0545197541717
TEA,1998,100.890264945203
TEA,1999,104.120720418878
TEA,2000,104.562575199524
TEA,2001,103.902450502667
TEA,2002,109.785792285393
TEA,2003,116.64865086309
TEA,2004,110.754901783117
TEA,2005,104.657866295583
TEA,2006,102.321855847317
TEA,2007,100.242729859988
TEA,2008,96.9070232624438
TEA,2009,109.551507946828
TEA,2010,109.866865792713
TEA,2011,108.703210835975
TEA,2012,114.553116827469
TEA,2013,120.355002209005
TEA,2014,126.036678120542
TEA,2015,137.352922231185
TEA,2016,139.945222608886
TEA,2017,139.203182964412
TEA,2018,142.607429997821
TEA,2019,148.206369279385
TEA,2020,164.315921082298
TEA,2021,161.240005501591
TEA,2022,166.774196886689
TEA,2023,173.8654065448
TEA,2024,177.715552190024
TEC,2008,42.6502020357437
TEC,2009,44.9409449330755
TEC,2010,45.4794329027599
TEC,2011,45.5989863583548
TEC,2012,47.0948939948277
TEC,2013,50.4073843430475
TEC,2014,54.1180866170247
TEC,2015,53.6991917323225
TEC,2016,52.8876597862366
TEC,2017,51.5613580419111
TEC,2018,49.644094137427
TEC,2019,49.0570523833228
TEC,2020,54.0299240127302
TEC,2021,50.2328511584845
TGO,1990,15.9838895181791
TGO,1991,17.6028557341426
TGO,1992,17.7148843128058
TGO,1993,20.9411600696186
TGO,1994,13.3031595077945
TGO,1995,14.2193024302481
TGO,1996,13.3103536021199
TGO,1997,12.5826958403143
TGO,1998,12.2801014151581
TGO,1999,10.7130337704434
TGO,2000,9.88050671150411
TGO,2001,9.08811274800628
TGO,2002,8.12424446619038
TGO,2003,10.051601367961
TGO,2004,9.35311537935271
TGO,2005,10.1595456202613
TGO,2006,11.2450790183166
TGO,2007,16.1657346509353
TGO,2008,13.6233156636954
TGO,2009,14.1762368872065
TGO,2010,15.7145169061165
TGO,2011,20.0861035551256
TGO,2012,21.8767906182223
TGO,2013,27.247557452577
TGO,2014,25.4754223409385
TGO,2015,29.1751266271894
TGO,2016,30.4171056281322
TGO,2017,29.6398768907266
TGO,2018,27.8062312207682
TGO,2019,27.5921731762732
TGO,2020,26.8935131331641
TGO,2021,26.2154849445079
TGO,2022,26.5747677066157
TGO,2023,26.2933878174457
TGO,2024,25.3652125489184
TGO,2025,22.9996367206573
THA,2007,106.362551068585
THA,2008,105.75976393767
THA,2009,108.983352741424
THA,2010,115.747568600026
THA,2011,130.672937960862
THA,2012,136.230998631992
THA,2013,142.363202683937
THA,2014,145.564225761056
THA,2015,149.373253475137
THA,2016,146.223949449025
THA,2017,144.640307265206
THA,2018,144.088791675771
THA,2019,143.369163383068
THA,2020,160.17075930508
THA,2021,164.142023585507
THA,2022,156.437761251145
THA,2023,153.81071706352
THA,2024,146.295079842162
THA,2025,143.08365214331
TJK,2008,26.8259020008471
TJK,2009,22.8399014199433
TJK,2010,14.1705394515504
TJK,2011,16.0370433930496
TJK,2012,14.6483062804471
TJK,2013,18.5414239918311
TJK,2014,21.7753617742993
TJK,2015,21.5739077641444
TJK,2016,19.0962287293006
TJK,2017,13.0145857124699
TJK,2018,11.9422524363348
TJK,2019,11.582367305732
TJK,2020,13.0320029655913
TJK,2021,10.3441984160481
TJK,2022,10.4170792945354
TJK,2023,12.2229106929242
TLA,1995,34.3240009426295
TLA,1996,33.534086073733
TLA,1997,30.5719855938959
TLA,1998,25.3028974890844
TLA,1999,23.5040033716024
TLA,2000,22.3554223209511
TLA,2001,22.0085782508049
TLA,2002,22.5222121248773
TLA,2003,22.067682991845
TLA,2004,22.6821937936162
TLA,2005,24.6368881482122
TLA,2006,27.9204924251192
TLA,2007,31.8238284488286
TLA,2008,34.2419057145826
TLA,2009,36.2723720601507
TLA,2010,39.1005305424179
TLA,2011,42.8104689732759
TLA,2012,45.024970128077
TLA,2013,46.9603819111127
TLA,2014,48.9540283772593
TLA,2015,48.5439585293658
TLA,2016,48.1127276741012
TLA,2017,48.0834253548949
TLA,2018,52.5293254096253
TLA,2019,50.7573529031033
TLA,2020,54.7063802548981
TLA,2021,51.3530257603183
TLA,2022,50.6892465633076
TLA,2023,50.5739965627987
TLA,2024,51.8604798179062
TLA,2025,52.5698802412142
TLS,2002,1.36150247254532
TLS,2003,5.37533002364616
TLS,2004,20.0517239343697
TLS,2005,22.9108889843121
TLS,2006,24.5618750093655
TLS,2007,18.5156592649827
TLS,2008,15.7972671125615
TLS,2009,14.2433506690669
TLS,2010,12.4341579491224
TLS,2011,12.7364753822079
TLS,2012,13.7916518295126
TLS,2013,13.0233995012207
TLS,2014,13.2474807762879
TLS,2015,13.3223360284941
TLS,2016,12.6765307828038
TLS,2017,16.3807808315136
TLS,2018,16.0577020840641
TLS,2019,12.9706037510804
TLS,2020,13.4246473595536
TLS,2021,8.37597694896471
TLS,2022,12.7236023678188
TLS,2023,23.6829884169298
TLS,2024,34.793207276323
TLS,2025,39.1472446818212
TMN,1991,26.8801275343977
TMN,1992,22.3267895964129
TMN,1993,22.0303118488428
TMN,1994,22.9014334870534
TMN,1995,24.2686498954089
TMN,1996,23.8164021166045
TMN,1997,25.2997654594477
TMN,1998,28.4310898520015
TMN,1999,30.0973939555105
TMN,2000,29.9502264017364
TMN,2001,31.0824811618506
TMN,2002,30.7896368852378
TMN,2003,30.5274855044586
TMN,2004,29.2917491753147
TMN,2005,29.331377876733
TMN,2006,30.7198152576207
TMN,2007,31.4844197712803
TMN,2008,30.0387873670055
TMN,2009,32.2310326418437
TMN,2010,35.7869403200734
TMN,2011,34.9776240784285
TMN,2012,33.5449375639854
TMN,2013,31.1992975151215
TMN,2014,33.1393840192537
TMN,2015,35.8320541332371
TMN,2016,38.9728159407305
TMN,2017,30.4487599362167
TMN,2018,26.381312318627
TMN,2019,26.399722437889
TMN,2020,30.3591994644003
TMN,2021,29.9930359035845
TMN,2022,28.1651711519385
TMN,2023,27.9522483809751
TMN,2024,27.332971950154
TON,1990,37.6865367365245
TON,1991,32.0911021398735
TON,1992,30.1231572448305
TON,1993,31.6851880836855
TON,1994,30.3187704760591
TON,1995,35.5065830366729
TON,1996,35.5928257342592
TON,1997,40.4072717848548
TON,1998,42.2696205061295
TON,1999,37.8560531816034
TON,2000,40.5102913014602
TON,2001,41.8808171131913
TON,2002,44.030409527589
TON,2003,44.6153575903784
TON,2004,40.5739621660327
TON,2005,52.8295328320472
TON,2006,48.2297487246819
TON,2007,55.0752205750382
TON,2008,52.2729543044676
TON,2009,48.0063486470451
TON,2010,39.9212043564535
TON,2011,33.0058540853059
TON,2012,30.5928191254486
TON,2013,30.6048722313723
TON,2014,31.4960596293347
TON,2015,34.0432314911746
TON,2016,37.3893358647755
TON,2017,38.0234937564259
TON,2018,39.3003547760557
TON,2019,38.2103371509788
TON,2020,37.8225155718251
TON,2021,36.3990643515112
TON,2022,35.9655059103628
TON,2023,35.6521961008377
TON,2024,34.7987340574789
TON,2025,34.1086238020897
TSA,1990,23.8964009307883
TSA,1991,22.4690220169055
TSA,1992,23.1488330700778
TSA,1993,22.406942194152
TSA,1994,22.5273771090551
TSA,1995,22.6234482564003
TSA,1996,23.1313022565947
TSA,1997,23.3779176496483
TSA,1998,23.5552181162286
TSA,1999,25.1283176772487
TSA,2000,27.7181095187135
TSA,2001,28.2434351162089
TSA,2002,31.5912981846898
TSA,2003,31.0496186494745
TSA,2004,35.3022277966035
TSA,2005,38.9548190507306
TSA,2006,42.4240630844613
TSA,2007,44.4739603484425
TSA,2008,47.9119532463636
TSA,2009,46.7723142876329
TSA,2010,49.1721042714857
TSA,2011,50.0823103354201
TSA,2012,50.6352215218388
TSA,2013,50.8834179442512
TSA,2014,50.6372743600575
TSA,2015,50.8279903711442
TSA,2016,38.5857327622262
TSA,2017,38.8532956425947
TSA,2018,39.6371300627299
TSA,2019,39.4099403727697
TSA,2020,41.1421997214324
TSA,2021,37.8475531358467
TSA,2022,38.9145368186969
TSA,2023,41.0734353179942
TSA,2024,41.5118785770447
TSA,2025,43.5359475018476
TSS,1990,33.1335234455273
TSS,1992,45.7556063893477
TSS,1993,46.5384929619301
TSS,1994,49.1684122629858
TSS,1995,45.1891831365456
TSS,1996,39.9439526277569
TSS,1997,38.952133130999
TSS,1998,36.6599704514348
TSS,1999,55.3849697313872
TSS,2000,51.1247094452678
TSS,2001,50.1993393009503
TSS,2002,38.5662678159769
TSS,2003,46.1926803475282
TSS,2004,51.4830292915215
TSS,2005,53.255951204015
TSS,2006,55.0539363666772
TSS,2007,55.716897103099
TSS,2008,46.3449850106218
TSS,2009,48.9683982532601
TSS,2010,50.419931670233
TSS,2011,46.2153852429968
TSS,2012,45.8240070856446
TSS,2013,42.5315580452636
TSS,2014,41.6113046609591
TSS,2015,41.1027671073151
TSS,2016,41.8885439640977
TSS,2017,43.438105783511
TSS,2018,39.8085747124212
TSS,2019,34.4255457678831
TSS,2020,32.8990929007304
TSS,2021,31.509530891902
TSS,2022,29.4288149619761
TTO,1990,29.8449324481174
TTO,1991,33.7277135992482
TTO,1992,33.3504916061441
TTO,1993,31.997166515254
TTO,1994,26.0155501045658
TTO,1995,27.5716074972158
TTO,1996,28.3163837642324
TTO,1997,33.1290942189586
TTO,1998,35.408409570419
TTO,1999,33.9004035990496
TTO,2000,31.9045427023576
TTO,2001,47.4128795495499
TTO,2002,47.1502738936578
TTO,2003,39.3387263436609
TTO,2004,37.9611653638537
TTO,2005,33.4922025534705
TTO,2006,32.6949924188848
TTO,2007,32.0528227672441
TTO,2008,26.7082524124637
TTO,2009,35.953442069315
TTO,2010,30.8454608441119
TTO,2011,28.1256397873844
TTO,2012,26.9736796419355
TTO,2013,26.6322849931321
TTO,2014,27.6874607290947
TTO,2015,32.5688299021442
TTO,2016,36.6555281398849
TTO,2017,37.4884810643255
TTO,2018,38.9371724667601
TTO,2019,41.4484338507219
TTO,2020,46.4559824126942
TTO,2021,40.7829583273103
TTO,2022,37.1271998467827
TTO,2023,45.529190336265
TTO,2024,48.3766326687665
TTO,2025,50.3623144692795
TUN,1990,55.0763334781845
TUN,1991,53.7573324022346
TUN,1992,54.0047206292227
TUN,1993,53.9262361044807
TUN,1994,53.8139220174784
TUN,1995,54.3861703749751
TUN,1996,49.1576236605949
TUN,1997,45.9382218851609
TUN,1998,46.5764736683113
TUN,1999,46.5734132378986
TUN,2000,53.482353380853
TUN,2001,49.600324767946
TUN,2002,50.6744247756009
TUN,2003,49.5788001954205
TUN,2004,49.6164802183182
TUN,2005,50.065558636163
TUN,2006,48.5995857004839
TUN,2007,48.0115559813836
TUN,2008,48.5083070989921
TUN,2009,49.9770695318279
TUN,2010,52.247103865602
TUN,2011,57.9347986271264
TUN,2012,57.8520427359494
TUN,2013,57.9598823065191
TUN,2014,59.8085555890782
TUN,2015,60.1365541399108
TUN,2016,62.2469554675417
TUN,2017,64.7537285373031
TUN,2018,63.5224389825305
TUN,2019,59.2903583224447
TUN,2020,67.6567184648519
TUN,2021,64.667534646183
TUN,2022,66.0067667517737
TUN,2023,62.7305652264979
TUN,2024,60.6117249735149
TUN,2025,57.6858342508575
TUR,2008,33.1628558443028
TUR,2009,36.8190783164554
TUR,2010,44.0459707563417
TUR,2011,48.7422084050823
TUR,2012,51.5586765950105
TUR,2013,59.9792914244143
TUR,2014,63.2376327204216
TUR,2015,66.3898521051604
TUR,2016,69.2826364676667
TUR,2017,70.0844027288208
TUR,2018,66.6976668187438
TUR,2019,64.2557519386267
TUR,2020,75.2676019236764
TUR,2021,70.9983608541485
TUR,2022,53.4262221477913
TUR,2023,48.7952169007544
TUR,2024,42.9671022144841
TUR,2025,45.7827602523781
TZA,1990,9.57330925404466
TZA,1991,9.66153937383791
TZA,1992,6.71045692313803
TZA,1993,7.43514798162032
TZA,1994,6.67933348871789
TZA,1995,4.5828388298094
TZA,1996,2.13034510777199
TZA,1997,2.44142763238939
TZA,1998,2.96457636286491
TZA,1999,3.19293931400347
TZA,2000,3.11387313071453
TZA,2001,4.11570369262342
TZA,2002,5.22405433434849
TZA,2003,6.19230392095948
TZA,2004,7.10967570724658
TZA,2005,7.82538446283459
TZA,2006,9.79002002817653
TZA,2007,11.4689486745392
TZA,2008,11.9110255361168
TZA,2009,11.2673883570686
TZA,2010,11.7182622747407
TZA,2011,12.3549632083654
TZA,2012,12.8184488909643
TZA,2013,12.5373332966711
TZA,2014,13.3037348078978
TZA,2015,14.6135380844234
TZA,2016,13.670306797678
TZA,2017,13.0765127755534
TZA,2018,12.7000393990914
TZA,2019,12.6383081530206
TZA,2020,12.4351808144123
TZA,2021,12.9776126678886
TZA,2022,15.1576772705188
TZA,2023,16.386679568119
TZA,2024,16.6720456471052
UGA,2011,11.6564025152961
UGA,2012,12.1676494161807
UGA,2013,12.2262302358289
UGA,2014,12.9035596137235
UGA,2015,13.7686115419745
UGA,2016,13.6400887820262
UGA,2017,13.4819167027351
UGA,2018,13.6392294214659
UGA,2019,13.8050637116228
UGA,2020,14.2204016385665
UGA,2021,14.7869665338727
UGA,2022,15.0891724993298
UGA,2023,14.8125509462498
UGA,2024,14.3001761811715
UKR,2008,84.5638428852733
UKR,2009,87.3499751359183
UKR,2010,75.751902571565
UKR,2011,68.4838585766984
UKR,2012,66.9838104671062
UKR,2013,70.6911717468942
UKR,2014,75.2288456319954
UKR,2015,56.6577541315206
UKR,2016,47.3071300933367
UKR,2017,38.3051472985389
UKR,2018,34.5118586409828
UKR,2019,30.0270685880178
UKR,2020,28.1751542458628
UKR,2021,23.5556488725733
UKR,2022,23.3160378131569
UKR,2023,18.6466208363539
UKR,2024,18.1641435001026
URY,1990,32.4398400817596
URY,1991,25.5120500897645
URY,1992,25.3199037767105
URY,1993,24.8634811495859
URY,1994,23.8557990721528
URY,1995,26.4382205665659
URY,1996,26.8077033782205
URY,1997,25.9057843136644
URY,1998,40.5212690015352
URY,1999,43.5957665000782
URY,2000,45.0942269291081
URY,2001,53.8538856752747
URY,2002,70.5117382668268
URY,2003,43.186543114802
URY,2004,24.1933895956931
URY,2005,22.4749430738691
URY,2006,23.7519352815852
URY,2007,23.0299725881958
URY,2008,27.1685339479512
URY,2009,19.8647260994371
URY,2010,21.4040361151246
URY,2011,21.9739905078767
URY,2012,22.1705291861539
URY,2013,24.3768815230441
URY,2014,25.1667931664776
URY,2015,27.8140085275854
URY,2016,25.6815822953668
URY,2017,23.9263002730204
URY,2018,24.944851219691
URY,2019,25.3082496990691
URY,2020,27.884639778996
URY,2021,26.7129871976438
URY,2022,26.3822044655368
URY,2023,28.1380109126325
URY,2024,30.5652567144236
URY,2025,30.7576062622997
USA,1990,114.791425711226
USA,1991,119.177672922602
USA,1992,118.243163763414
USA,1993,120.994532191545
USA,1994,120.183035270976
USA,1995,130.168599500427
USA,1996,137.665711099743
USA,1997,146.57986221463
USA,1998,157.804656954083
USA,1999,171.614264671168
USA,2000,162.620241986949
USA,2001,170.849434711063
USA,2002,162.404344473509
USA,2003,177.400119261883
USA,2004,184.805504038329
USA,2005,188.633073823051
USA,2006,198.283902773609
USA,2007,206.35133732187
USA,2008,185.125593254636
USA,2009,187.479963222695
USA,2010,181.920666527452
USA,2011,174.474559125537
USA,2012,175.443843579456
USA,2013,184.162921715823
USA,2014,184.794021331949
USA,2015,183.632163440252
USA,2016,186.327051044306
USA,2017,194.090996653847
USA,2018,183.054001756212
USA,2019,194.735258917444
USA,2020,217.264343389463
USA,2021,219.125940110191
USA,2022,187.087355429321
USA,2023,191.075390105862
USA,2024,195.875075677875
USA,2025,201.266130729677
UZB,2013,8.25654883409208
UZB,2014,8.88087715154549
UZB,2015,9.10833974051315
UZB,2016,10.3447002844036
UZB,2017,13.5626448855059
UZB,2018,19.5520797822691
UZB,2019,24.7978693544642
UZB,2020,30.4841373867845
UZB,2021,30.5429238565957
UZB,2022,31.2555332746155
UZB,2023,32.7949630932238
UZB,2024,31.4511091127797
UZB,2025,31.2090160739317
VCT,1990,31.4839982126073
VCT,1991,34.6886808906459
VCT,1992,34.4372934655154
VCT,1993,34.4072028252461
VCT,1994,36.4839791165481
VCT,1995,40.6713391622325
VCT,1996,44.5607919376103
VCT,1997,47.6216745830582
VCT,1998,48.2191183322264
VCT,1999,51.7211405387984
VCT,2000,51.2428747722865
VCT,2001,48.5293588393608
VCT,2002,48.0942356440852
VCT,2003,46.3766420519832
VCT,2004,43.3180971226765
VCT,2005,43.3134565297928
VCT,2006,44.611276125957
VCT,2007,46.2682260079483
VCT,2008,46.4055843349388
VCT,2009,48.5520483734742
VCT,2010,49.0096361352992
VCT,2011,50.1952470935014
VCT,2012,51.4966860941774
VCT,2013,49.7557907383249
VCT,2014,49.2545029138621
VCT,2015,49.4607995479588
VCT,2016,48.0592826409293
VCT,2017,46.7070222167615
VCT,2018,44.4315216799501
VCT,2019,43.6128218687711
VCT,2020,47.5178316690442
VCT,2021,46.2241449010807
VCT,2022,41.1896765400759
VCT,2023,39.7035964960761
VCT,2024,36.6622712404704
VCT,2025,36.5669056681715
VEN,1990,16.5877887613573
VEN,1991,18.4138427360467
VEN,1992,18.5883374081413
VEN,1993,15.765150205275
VEN,1994,9.19843433651805
VEN,1995,8.65591976901998
VEN,1996,8.12661346910005
VEN,1997,12.6068964516111
VEN,1998,12.0405144398492
VEN,1999,11.2142857878971
VEN,2000,10.4838423233885
VEN,2001,12.3700667445056
VEN,2002,10.1271663738157
VEN,2003,8.90612621463873
VEN,2004,11.081772129298
VEN,2005,13.214871769626
VEN,2006,17.0371328682102
VEN,2007,23.4811724669825
VEN,2008,21.4696738075916
VEN,2009,23.6136286787977
VEN,2010,18.8543354200342
VEN,2011,20.4742256485102
VEN,2012,23.8729758931757
VEN,2013,27.472799415793
VNM,1992,13.656910216046
VNM,1993,16.5294642729826
VNM,1995,18.4846722471733
VNM,1996,18.6700359511241
VNM,1997,19.8488411245349
VNM,1998,20.1238631421789
VNM,1999,28.186587055123
VNM,2000,35.2590740095008
VNM,2001,39.2903936255311
VNM,2002,43.1307744856858
VNM,2003,48.37235081336
VNM,2004,58.7224307884587
VNM,2005,60.4667877825079
VNM,2006,65.3595423737595
VNM,2007,85.63968738395
VNM,2008,82.8727709652009
VNM,2009,103.322353769645
VNM,2010,90.3531701049882
VNM,2011,79.9430818204467
VNM,2012,75.5493913710905
VNM,2013,77.5581108210475
VNM,2014,80.0010314902415
VNM,2015,90.399227327709
VNM,2016,98.8589607655139
VNM,2017,103.972032257471
VNM,2018,105.275984683547
VNM,2019,108.031900933361
VNM,2020,115.525349937741
VNM,2021,124.282898747665
VNM,2022,124.961478822546
VUT,1990,33.9748090444636
VUT,1991,30.3738937069157
VUT,1992,35.8821966341895
VUT,1993,35.365523465704
VUT,1994,33.888214968387
VUT,1995,32.9131041390906
VUT,1996,34.1706164383562
VUT,1997,30.9692147060685
VUT,1998,32.4638682094059
VUT,1999,35.9598762755471
VUT,2000,31.5461125504126
VUT,2001,33.4331883671291
VUT,2002,37.09012666539
VUT,2003,38.5449707221861
VUT,2004,39.7917530573732
VUT,2005,43.5999536479095
VUT,2006,42.4413157515789
VUT,2007,43.7949563310522
VUT,2008,55.055251156808
VUT,2009,64.8320794489148
VUT,2010,67.5873077127823
VUT,2011,69.3541400957841
VUT,2012,73.7088201261584
VUT,2013,63.7843978535462
VUT,2014,66.4926067889951
VUT,2015,61.9506474540091
VUT,2016,59.4085488191612
VUT,2017,56.8329823681302
VUT,2018,54.384005593436
VUT,2019,52.1284285309621
VUT,2020,53.8208986736293
VUT,2021,52.9514701082508
VUT,2022,50.6006382179842
VUT,2023,50.2941780429898
VUT,2024,48.5223122227179
WLD,1993,121.373147545779
WLD,1994,119.935901603996
WLD,1995,120.735230008372
WLD,1996,120.18207143499
WLD,1997,123.070833666121
WLD,1998,128.775829953143
WLD,1999,139.002060234428
WLD,2000,134.392550044026
WLD,2001,123.445640192674
WLD,2002,120.594709767342
WLD,2003,124.390790260395
WLD,2004,124.267075276483
WLD,2005,125.120374721334
WLD,2006,127.716648833991
WLD,2007,127.922562175159
WLD,2008,119.892572344397
WLD,2009,124.484291757973
WLD,2010,119.200846639961
WLD,2011,114.599475207013
WLD,2012,115.419758237044
WLD,2013,117.488369489944
WLD,2014,118.80691859096
WLD,2015,123.111922153077
WLD,2016,124.550892984595
WLD,2017,125.424111815096
WLD,2018,124.755658006436
WLD,2019,129.285560145866
WLD,2020,144.753092059914
WLD,2021,141.763457285887
WLD,2022,134.425544469509
WLD,2023,135.970794209535
WLD,2024,140.320450889154
WSM,2007,59.3708905878799
WSM,2008,57.1993974576489
WSM,2009,57.0443221065739
WSM,2010,61.9859405414786
WSM,2011,63.5581420496614
WSM,2012,65.1250035342188
WSM,2013,67.8150583119762
WSM,2014,72.8579015455698
WSM,2015,72.1232757494908
WSM,2016,75.6587264027233
WSM,2017,77.6480471167447
WSM,2018,81.5490928958181
WSM,2019,83.2552204336508
WSM,2020,87.0117425741679
WSM,2021,94.8929662698081
WSM,2022,88.9388105226728
WSM,2023,74.148912316548
WSM,2024,69.9439291757097
WSM,2025,65.4823099177082
XKX,2008,36.0884257938788
XKX,2009,38.709896491869
XKX,2010,38.6898568093694
XKX,2011,38.4763346418186
XKX,2012,37.8965812042422
XKX,2013,36.6983135002796
XKX,2014,37.0118627742791
XKX,2015,37.2957521848477
XKX,2016,38.953865364003
XKX,2017,41.6607425829676
XKX,2018,44.460620500851
XKX,2019,46.6721823532646
XKX,2020,51.6243424179382
XKX,2021,50.7890550974276
XKX,2022,52.7823854236435
XKX,2023,55.0457348171058
XKX,2024,60.7128307120946
XKX,2025,65.6185284091421
YEM,1990,5.21979210316441
YEM,1991,4.94373538028297
YEM,1992,4.6548318899171
YEM,1993,4.84679708418404
YEM,1994,4.20276719542129
YEM,1995,4.60480615607851
YEM,1996,3.01453347661417
YEM,1997,3.88826182548587
YEM,1998,5.34937562856185
YEM,1999,5.24651281624599
YEM,2000,4.86063001726163
YEM,2001,5.73476581748041
YEM,2002,5.80128828060811
YEM,2003,6.3663977917327
YEM,2004,7.16253622990532
YEM,2005,6.93931215854382
YEM,2006,6.91321960823707
YEM,2007,8.18408496562538
YEM,2008,7.70492200932659
YEM,2009,7.73547602505911
YEM,2010,6.28934064963713
YEM,2011,5.0687258112031
YEM,2012,4.6454040882474
YEM,2013,5.63671954137487
ZAF,1990,71.9381989225056
ZAF,1992,90.9830767248599
ZAF,1993,95.8282557245959
ZAF,1994,101.058603173147
ZAF,1995,105.007084387737
ZAF,1996,105.543868603211
ZAF,1997,102.365461231743
ZAF,1998,103.718943195112
ZAF,1999,118.174400475191
ZAF,2000,117.095366481502
ZAF,2001,121.069745626227
ZAF,2002,97.3173728340895
ZAF,2003,102.767701183828
ZAF,2004,112.820913420211
ZAF,2005,122.283168033262
ZAF,2006,139.007367744321
ZAF,2007,142.422045511185
ZAF,2008,125.955880255506
ZAF,2009,121.094546324717
ZAF,2010,124.093899905646
ZAF,2011,118.970675992703
ZAF,2012,125.167785450237
ZAF,2013,127.029272479725
ZAF,2014,128.838374779653
ZAF,2015,127.203244242731
ZAF,2016,124.360496111764
ZAF,2017,127.030283858454
ZAF,2018,118.380857963487
ZAF,2019,117.185556861489
ZAF,2020,109.054691372725
ZAF,2021,93.1963897397387
ZAF,2022,91.5697287634873
ZAF,2023,89.7117995863871
ZAF,2024,89.4476360173443
ZMB,2011,13.6929591153621
ZMB,2012,15.8590190469567
ZMB,2013,15.8169736426664
ZMB,2014,17.0881246939801
ZMB,2015,19.7648340604039
ZMB,2016,15.4421205069545
ZMB,2017,14.9060105438137
ZMB,2018,14.973719234617
ZMB,2019,15.6261899079478
ZMB,2020,15.1635545633961
ZMB,2021,11.3595044648168
ZMB,2022,12.9750888260207
ZMB,2023,15.6263060649433
ZMB,2024,17.0073799722572
ZWE,1990,12.3778730678535
ZWE,1991,15.2801694140958
ZWE,1992,18.7029643787935
ZWE,1993,21.8045232451264
ZWE,1994,21.2215356065314
ZWE,1995,24.7896663575589
ZWE,1996,21.5441253260218
ZWE,1997,26.5807680322114
ZWE,1998,24.8153684789384
ZWE,1999,16.1616178333152
ZWE,2000,21.5628964517436
ZWE,2001,27.7245460604263
ZWE,2002,84.8133696679852
ZWE,2003,53.1683069517072
ZWE,2004,17.0479685871403
ZWE,2005,14.9485488159473
ZWE,2009,7.15909146090231
ZWE,2010,13.5436890225327
ZWE,2011,18.9833979710852
ZWE,2012,20.1407242084605
ZWE,2013,18.7319297666254
ZWE,2014,19.2103454143462
ZWE,2015,18.3157437835024
ZWE,2016,17.0984957033978
ZWE,2017,5.81005418078355
ZWE,2018,5.83026742967083
ZWE,2019,3.42802176448637
ZWE,2020,3.64213203545347
ZWE,2021,4.75952182207041
ZWE,2022,5.82632307387219
ZWE,2023,6.47769726494533
