code,date,cunaA,cunaL,cunaX,pib
AUS,2000-01-01,-223.543532947676,-1.3267498322679598,,1274.381961592488
AUS,2000-04-01,-223.72623235320498,-1.72471805320669,-11.576393346606,1275.3572473615532
AUS,2000-07-01,-224.760621713998,-1.27198535629517,-8.56427734895551,1275.6119943987444
AUS,2000-10-01,-225.421432557257,-0.44030551625808995,-10.6026655380261,1275.2371585103192
AUS,2001-01-01,-225.24970502562297,-0.50902497833202,-4.69697186476007,1276.1671806179047
AUS,2001-04-01,-225.19009134789002,-0.44089094955805,-3.2014438874623297,1277.0599212968675
AUS,2001-07-01,-224.661792313985,-1.26897167921514,-12.507783985816301,1278.2166211841247
AUS,2001-10-01,-224.159020760073,-1.7462561815054602,-7.236808694712191,1279.3898198565028
AUS,2002-01-01,-224.288269060485,-1.4631749186235898,-1.72079347970124,1280.1744804706284
AUS,2002-04-01,-223.28574341906702,-1.7292531084062202,2.6623855505825698,1281.8790376975085
AUS,2002-07-01,-224.09945929159,-0.8974483403722999,-1.11481679188727,1282.1242068272707
AUS,2002-10-01,-224.269696170956,-1.28965806434492,-9.68231428162353,1282.9644642235082
AUS,2003-01-01,-225.325294507386,-0.56067499099526,-1.33896187224004,1283.1855984156584
AUS,2003-04-01,-225.536535672856,-0.28084219303572,-4.12307161720667,1283.5909883274371
AUS,2003-07-01,-224.589107875342,-0.59353206113169,4.8806767052575,1285.2720286436067
AUS,2003-10-01,-223.897681786304,-0.29366196428016,12.3842823843519,1286.9530940388088
AUS,2004-01-01,-224.008828980042,0.47493859848070996,7.412660175102451,1287.7127579615303
AUS,2004-04-01,-224.43862492248,0.76255807104383,1.60697941766669,1288.4555325981312
AUS,2004-07-01,-224.46797735482198,0.9439041196227,-0.27106934691396,1289.1137249896763
AUS,2004-10-01,-225.184175769325,1.33576328372565,4.76480777109418,1289.8759720257663
AUS,2005-01-01,-225.646873547601,0.39770062284853996,-13.1975402683323,1290.6979640701559
AUS,2005-04-01,-226.380345296236,1.65501357402752,13.6286826342872,1291.1429977861128
AUS,2005-07-01,-226.47337777064598,0.9168081531578001,-4.8170747708392305,1292.2101042995896
AUS,2005-10-01,-226.577530707219,0.7860009622103099,1.30482294415954,1293.0415637215742
AUS,2006-01-01,-227.44670384774503,1.60156567889951,5.342001930745361,1293.107453441044
AUS,2006-04-01,-228.390020061463,2.94014097702517,15.8948922972707,1293.3519798385764
AUS,2006-07-01,-228.01479735730902,2.37569516851346,7.20665032018359,1294.8555079766506
AUS,2006-10-01,-227.73519882812,2.28703993759807,10.4027985591197,1296.1078979676174
AUS,2007-01-01,-227.518108510554,2.71023541562612,18.372368864583898,1297.4561501205005
AUS,2007-04-01,-228.193664440547,2.59483963859378,2.2218860038188697,1298.079981308254
AUS,2007-07-01,-228.07549968271502,3.0184612502107298,17.6383869469969,1299.2705615433028
AUS,2007-10-01,-228.923404339803,3.8209416794549105,12.8295483446914,1299.6214949216205
AUS,2008-01-01,-229.05930320327198,3.39893123028797,6.4400428589337295,1300.7026597223726
AUS,2008-04-01,-229.778009741911,2.80109514897726,-6.6913705542184605,1301.0188586105498
AUS,2008-07-01,-230.322076160669,2.28948378940615,1.24603429748598,1301.6931748106877
AUS,2008-10-01,-231.545142688981,2.91478641912563,3.9342303075419403,1301.2731530362416
AUS,2009-01-01,-231.358090005603,2.25556711314141,6.096342113752041,1302.2576190743966
AUS,2009-04-01,-231.32172202750598,3.01342823802772,21.6402599813182,1302.892704085861
AUS,2009-07-01,-231.59623740780398,2.92415502187511,6.757858069677381,1303.2524005403652
AUS,2009-10-01,-231.69418270026,3.1619055849010502,18.2945763450029,1304.0576148938876
AUS,2010-01-01,-232.230159482817,3.37537151334264,13.6338397555629,1304.492710336293
AUS,2010-04-01,-232.50259963500199,4.17970661806416,24.7022964207552,1305.0949005020557
AUS,2010-07-01,-232.87512932559503,4.099976757329999,14.623719736186999,1305.808508906993
AUS,2010-10-01,-233.125553126975,4.4250899012921,22.0879418638534,1306.6220447785704
AUS,2011-01-01,-234.045151803368,5.49891202138624,19.6806884948558,1306.4049708278594
AUS,2011-04-01,-233.64706146218302,5.08549877815548,18.445972926219202,1307.5772692605763
AUS,2011-07-01,-233.076531077231,4.43097092032654,17.943251701513,1308.9592221073785
AUS,2011-10-01,-232.841338521192,3.7986041178012604,14.217970703570801,1310.0410159244489
AUS,2012-01-01,-232.630408914072,3.9598812868928697,24.5649060531174,1311.0347474725745
AUS,2012-04-01,-233.208916468566,3.85281920536982,17.4621933658116,1311.7318674259595
AUS,2012-07-01,-233.267614207801,3.1188998107296797,7.685111823728449,1312.3568650770483
AUS,2012-10-01,-233.716193915418,2.83570695536282,12.380474885783501,1312.763744502702
AUS,2013-01-01,-234.166717344352,3.0696631015527402,22.551188774927,1313.284228140938
AUS,2013-04-01,-234.58100477065398,2.9558735800114198,16.1782041436278,1313.6548294086388
AUS,2013-07-01,-234.33508530455697,2.94192740411814,24.4401558604809,1314.465701719815
AUS,2013-10-01,-234.10975037055502,2.81331426222148,22.9417824467034,1315.2582155988325
AUS,2014-01-01,-234.04448474565197,2.29070724539346,17.282793644370802,1316.0383369981091
AUS,2014-04-01,-234.314558827188,2.0960375716757897,18.5860609455688,1316.5384551954523
AUS,2014-07-01,-235.07050895433503,2.66010858319013,28.7718153066706,1316.9405347706272
AUS,2014-10-01,-234.842420390678,2.9206973433941097,24.846340096387102,1317.3200967974665
AUS,2015-01-01,-234.98126042793302,2.65683745241896,25.845527561361198,1318.2993646263644
AUS,2015-04-01,-235.44518557515,3.2405138892731404,26.379819571691698,1318.4113013213964
AUS,2015-07-01,-235.114716003014,3.2500445109824,30.168517219684798,1319.374964908928
AUS,2015-10-01,-235.42084965579798,3.21236002716134,24.9001718571029,1319.999456431298
AUS,2016-01-01,-235.129496634593,3.29920523375618,30.6749082985409,1320.919957238382
AUS,2016-04-01,-234.854792719827,3.4953204765256105,28.399738756109,1321.558774705465
AUS,2016-07-01,-235.32296730935803,4.34035244201265,29.118684817453,1321.546202265876
AUS,2016-10-01,-234.65148357603002,3.6610272615576998,23.4709744482686,1322.6961202287475
AUS,2017-01-01,-234.88316844754098,4.129820115099339,28.3821328232011,1323.011403439727
AUS,2017-04-01,-235.214138283028,4.27061641320913,27.9950848689222,1323.6181228764392
AUS,2017-07-01,-235.09797488746602,3.8229969675643303,23.7578735234293,1324.5359468113468
AUS,2017-10-01,-235.41688988825297,4.5670636111212,33.904036163299,1324.9602012093326
AUS,2018-01-01,-235.017001809472,4.348830539596911,28.769876735446598,1325.9938582785871
AUS,2018-04-01,-234.781818048021,4.198381201385,25.515523973142102,1326.72962751419
AUS,2018-07-01,-235.296693662496,4.19257883724356,22.5296415307879,1327.09092366716
AUS,2018-10-01,-235.684746490269,4.61137695391776,27.4474103103675,1327.3304340168017
AUS,2019-01-01,-235.615733464182,4.39061279897511,25.164471878502898,1328.055616261969
AUS,2019-04-01,-235.93157882634102,5.20394680806345,33.9509632241099,1328.345448805374
AUS,2019-07-01,-235.97431901870797,4.77513974605293,19.888749473598498,1328.9043238208328
AUS,2019-10-01,-235.679996892322,4.81916800660209,27.570943234974298,1329.5073895778928
AUS,2020-01-01,-236.262071339674,4.733464732013299,15.0652331656988,1329.3753739121712
AUS,2020-04-01,-240.15746992908097,3.02050396892532,,1322.3856223260655
AUS,2020-07-01,-238.93775028694301,5.24691994989246,88.0396675088792,1325.8208092234568
AUS,2020-10-01,-236.54858037836402,5.32500699648491,64.0063893792565,1329.1831008657737
AUS,2021-01-01,-235.117872977857,4.19632732724989,34.362213907861,1331.4001400835632
AUS,2021-04-01,-235.277168822095,4.54456352022284,34.816121766263706,1332.1805864381681
AUS,2021-07-01,-237.081162107956,3.9728049788771598,-22.9555595456882,1330.4708267259398
AUS,2021-10-01,-234.641439241866,5.01238866888838,72.6648738682119,1333.9488856392975
AUS,2022-01-01,-234.87509324752298,6.503784725921389,50.956058274404306,1334.926147159311
AUS,2022-04-01,-234.70684809050599,6.86889401705759,36.8051570649792,1335.8958449977856
AUS,2022-07-01,-235.27571518060898,6.88004787598735,25.054413643373202,1336.3552719563254
AUS,2022-10-01,-235.394732118599,7.05475311301792,30.7284056609326,1337.0396204896188
AUS,2023-01-01,-235.528744222278,6.95763693219351,24.509951934627498,1337.5486613250491
AUS,2023-04-01,-236.08821696117502,7.136539260535869,26.8014871414744,1337.9111903086184
AUS,2023-07-01,-236.22487640299,6.99375997211272,24.2505713120873,1338.4104370755647
AUS,2023-10-01,-236.824668442702,7.071566620553971,22.5190659579158,1338.5350524763064
AUS,2024-01-01,-237.293445083924,7.74803635753033,32.3230679236298,1338.69482514155
AUS,2024-04-01,-237.573212649617,7.80226836682857,23.493693989257,1338.8334973773274
AUS,2024-07-01,-237.97919333352,8.026669064451522,29.325908165389297,1339.168492223417
AUS,2024-10-01,-237.940533951252,8.11369370501383,31.4023077796545,1339.779117195406
AUS,2025-01-01,-238.125748360365,8.239101731889829,27.2505411102904,1340.0363228058497
AUS,2025-04-01,-238.27343507801498,8.56661095164273,35.163151493907,1340.635514906437
AUT,2000-01-01,39.5792891479879,7.611479546888581,,1113.2677709800914
AUT,2000-04-01,40.3755361367438,6.9862135137316805,5.4164008024384795,1114.405647493079
AUT,2000-07-01,41.5153391434566,5.5282711715851,-2.4833275494250397,1115.782642150495
AUT,2000-10-01,41.396594341447305,10.9759456117601,59.882955905756894,1116.4728764652457
AUT,2001-01-01,40.912357722944,8.08594363429342,-111.238735276988,1116.172692668215
AUT,2001-04-01,41.0942038098786,3.1554242662685703,-18.9139531420705,1115.8892741576108
AUT,2001-07-01,41.424651276836,1.81182504131416,-6.88752530387812,1116.280045189523
AUT,2001-10-01,41.1444205067817,4.662389403893529,25.7362153497858,1116.524282593903
AUT,2002-01-01,42.178699436801196,2.61566636205086,-43.8773927251667,1117.6261810029698
AUT,2002-04-01,42.699228896708,0.62303728712965,12.6691902154314,1117.8839179701959
AUT,2002-07-01,42.1208463981568,1.81186874889873,-43.1408715393526,1117.870369415017
AUT,2002-10-01,41.7483501956333,1.28119110781742,15.351528481589598,1117.3708665479608
AUT,2003-01-01,41.6767598385704,2.34298141570087,-9.51444613660079,1117.8533263575068
AUT,2003-04-01,43.0164065015317,-3.30060182235496,12.3751540995739,1118.540008559388
AUT,2003-07-01,42.8913346782273,1.1824768634095402,27.0161265195335,1119.286344124219
AUT,2003-10-01,42.3745999759589,4.1496435969423295,-20.7805436888953,1119.5745921729424
AUT,2004-01-01,43.3799887162069,-1.44875002308807,8.71459014608485,1119.7791342847781
AUT,2004-04-01,42.8302469009326,5.85059067207732,3.7730036298476097,1120.8014490348507
AUT,2004-07-01,44.550894270957905,-1.1499070205206499,-22.4835087045734,1121.9476127101716
AUT,2004-10-01,44.7127014782097,-2.42281316398332,-7.105388162321099,1122.2849863645595
AUT,2005-01-01,45.0493741535236,-4.48412865771898,13.7361747851687,1122.5254059128226
AUT,2005-04-01,45.0141635063142,-0.88576122708267,19.3984171736463,1123.3206271148338
AUT,2005-07-01,45.7778914058619,-7.57399207221843,-10.7429134062584,1123.5151478254882
AUT,2005-10-01,46.8669782471419,-8.81322180179969,-11.2649468331048,1125.0517299539106
AUT,2006-01-01,47.3285056954525,-8.7789838776324,3.43463114786781,1125.9746585393982
AUT,2006-04-01,47.307825656434396,-8.7453643641832,-1.8089295175689,1126.440000105297
AUT,2006-07-01,47.5798945846907,-8.31086566424386,26.662314815676204,1127.0458921316601
AUT,2006-10-01,48.3041943569569,-7.60008707161319,-17.8897908212052,1128.5384760331572
AUT,2007-01-01,48.913937658931,-9.34233717334641,-45.370810190952,1129.6450876606314
AUT,2007-04-01,49.7422648303338,-11.81890093738,2.19718702705184,1130.6083320788719
AUT,2007-07-01,49.8121892617199,-11.8588012536445,4.54339575145924,1131.185035440998
AUT,2007-10-01,49.7064025894031,-13.7594277360337,12.9508247238275,1131.0886389258274
AUT,2008-01-01,50.9886332683258,-14.94961187536,-10.708406786632,1133.1626585063957
AUT,2008-04-01,50.043112230185,-11.9796346388844,-6.9591026568798995,1132.9056711885137
AUT,2008-07-01,49.420590070433704,-14.7672680550285,-42.7269133744978,1132.212082838362
AUT,2008-10-01,47.200180931451804,-15.211656384594999,11.1175145005161,1129.6326699743531
AUT,2009-01-01,47.196405025016006,-22.0199417838259,-10.4642192357153,1128.5349605474423
AUT,2009-04-01,46.32723153312,-17.4800597843872,15.166608916953,1128.0014366096966
AUT,2009-07-01,46.303247961155606,-16.1502063632813,-5.8682331421336,1128.3346249120782
AUT,2009-10-01,47.2340258187692,-22.937054530656102,-28.002405179860002,1128.5844170913374
AUT,2010-01-01,46.3079660948131,-20.219576855641698,3.07042943366342,1128.2335507864402
AUT,2010-04-01,47.356481232685496,-21.522397941751002,-11.6561092288869,1129.5565158411746
AUT,2010-07-01,48.3350363094994,-22.1200322924939,22.3328877248499,1130.7295157607002
AUT,2010-10-01,49.227550018456,-25.371809270331003,-20.0697154733945,1131.694950972693
AUT,2011-01-01,49.0589032456065,-21.3823977300922,-19.9199486579669,1132.6868138871398
AUT,2011-04-01,48.7742371125346,-22.1100978989931,-3.46588972994402,1132.6544078207778
AUT,2011-07-01,49.646743225468995,-27.1308671913838,-10.0815435377772,1133.2034084985696
AUT,2011-10-01,49.3840960019876,-25.043840301375702,-2.7649470566614003,1133.6237211287657
AUT,2012-01-01,49.3761701770095,-24.1999829038341,10.8567914642521,1134.0475027971538
AUT,2012-04-01,49.3402124352207,-27.9218993477863,-26.127143887043204,1133.7103142324918
AUT,2012-07-01,49.4808794089702,-29.1804625066091,-28.6953598642303,1134.0309852733901
AUT,2012-10-01,48.7229251917445,-30.0887814232945,-29.763373320019998,1133.3411164143467
AUT,2013-01-01,48.3709864221004,-29.6422358003446,18.983179300936502,1132.9496495220833
AUT,2013-04-01,48.4726319842808,-29.588667183265198,-15.181899653989401,1133.3931565378573
AUT,2013-07-01,49.0764087029348,-33.6845203700025,-10.0017893353046,1133.6855128520724
AUT,2013-10-01,48.5825906153726,-31.3073494072522,0.39609909928984,1133.7789628935
AUT,2014-01-01,48.3676844891107,-32.7957622804362,-22.0109432359082,1133.774554586581
AUT,2014-04-01,48.9551076182504,-35.381863055252296,-3.1885606080066604,1134.2649468245475
AUT,2014-07-01,48.643268838371704,-33.5001933243293,6.07170753705873,1134.43789945259
AUT,2014-10-01,48.6492569365315,-32.5889982534099,-11.655031449930101,1134.8523587367222
AUT,2015-01-01,49.6355543412821,-39.328770490416396,11.8411368334675,1134.87534050992
AUT,2015-04-01,49.6006751286307,-37.499191238088706,-18.5545599544336,1135.4335278433423
AUT,2015-07-01,49.5127138109975,-36.0883154162376,-1.47664526056567,1135.8157594720137
AUT,2015-10-01,50.691303858348505,-43.1440647726959,-2.08633260964556,1136.216071308049
AUT,2016-01-01,50.784061126111,-39.8586861135648,-4.00463552870937,1137.3587532690083
AUT,2016-04-01,49.6837615401876,-34.8882271936422,15.320223805899099,1137.2895286623018
AUT,2016-07-01,50.0772658729836,-37.3072123269067,-4.885757288526181,1137.851025332128
AUT,2016-10-01,50.6277752563267,-38.8833855106372,20.4663837276023,1138.4471446353314
AUT,2017-01-01,50.7610870030612,-35.9955178961712,1.48170284767986,1139.4197107638072
AUT,2017-04-01,51.492750297167,-42.4939522991692,-30.7025369611796,1139.7493288876876
AUT,2017-07-01,52.0194365095314,-44.3102671614245,11.958296435696699,1140.3907156626713
AUT,2017-10-01,51.548160872474504,-42.2065160144532,-25.922152189521803,1140.8625497843057
AUT,2018-01-01,51.763123401694,-43.0999358893705,0.689088845955,1141.4242604065644
AUT,2018-04-01,51.755684141973404,-40.8921053794674,6.47292864510451,1142.2201751232062
AUT,2018-07-01,51.989022524720596,-42.8536224682326,-30.057380569678898,1142.6407420817395
AUT,2018-10-01,52.1326566616504,-40.2857798404454,19.8319092295276,1143.582517413931
AUT,2019-01-01,52.7869304884262,-41.0466581455642,-3.79053874721554,1144.7009996275333
AUT,2019-04-01,52.2507760559071,-43.283740301409104,-21.2593422955555,1144.0753617317262
AUT,2019-07-01,51.936779120547605,-42.7662022673509,-11.1132575236879,1144.2408575614918
AUT,2019-10-01,50.3606259152899,-38.7487465593309,-13.5474962165891,1143.6003383075179
AUT,2020-01-01,52.1008451463786,-58.0505085379985,-161.31368206229598,1142.4769433113106
AUT,2020-04-01,45.8852419873768,-89.8365209569086,,1128.988065878056
AUT,2020-07-01,49.247627509299704,-54.1104108864315,127.342751205462,1139.8797740516454
AUT,2020-10-01,49.8275935310439,-68.0915908416422,-44.352253262226,1138.4000588895
AUT,2021-01-01,48.536398205027496,-65.2700140919101,-61.616097875214,1137.412421098617
AUT,2021-04-01,50.234278955296496,-55.3471729485725,80.4764382783638,1141.9023493175416
AUT,2021-07-01,51.5179789655565,-46.1029021412341,108.038838209082,1145.0029327714913
AUT,2021-10-01,53.393385840281205,-61.7069762126096,-182.79461074277,1145.2791097959266
AUT,2022-01-01,52.0503550081805,-54.505519600970395,11.453609349068799,1145.5723167814479
AUT,2022-04-01,53.864261487140396,-52.433317873542094,23.764768745477998,1148.4461173533145
AUT,2022-07-01,54.1558595971781,-56.2647244354698,0.29681780176137,1148.4700872275153
AUT,2022-10-01,53.567715919345105,-55.572550027859705,-10.880620376314699,1148.4397381355689
AUT,2023-01-01,52.931118278851294,-54.259867009321205,-12.3327965847465,1148.3194857971093
AUT,2023-04-01,51.7119929613854,-54.5533158176883,4.07524387383661,1147.0987222677172
AUT,2023-07-01,51.144548439265805,-54.608307750926,-17.402782293803302,1146.646573323251
AUT,2023-10-01,51.0698030853408,-57.7517053680121,-4.17976650486424,1146.1657433421465
AUT,2024-01-01,50.6532824569164,-53.551305102287806,31.996760024641702,1146.2532817510023
AUT,2024-04-01,50.5455053951498,-53.998671608780505,-5.61293586398871,1146.0805513206128
AUT,2024-07-01,50.916266005271304,-56.8012068788032,6.340059591438541,1146.0608488904595
AUT,2024-10-01,50.1780523078858,-49.2398849022819,19.883812181580097,1146.4912049053748
AUT,2025-01-01,51.0900386845617,-54.6512739739861,-4.00902260491203,1146.6797753326443
AUT,2025-04-01,51.0277928412544,-54.757872352134996,0.80626714586752,1146.554555592342
BEL,2000-01-01,94.9819479196686,3.51322535750083,,1140.4502486980168
BEL,2000-04-01,95.00448667676919,4.408064299058,6.815079511692181,1141.1507168545024
BEL,2000-07-01,94.84617207755039,5.0311391840365305,10.5801172764826,1141.6508172542824
BEL,2000-10-01,95.12502831556931,5.57173184454446,11.2450788448051,1142.6237308466502
BEL,2001-01-01,95.13685138346179,3.05324829314892,-2.10142936146349,1142.6628741645734
BEL,2001-04-01,94.7138744829558,3.38887088138487,-8.95561198603728,1142.6686516853317
BEL,2001-07-01,94.0239123575788,4.07780841181834,-11.8257312079701,1142.5159257713353
BEL,2001-10-01,94.0755710231405,1.91984608431296,-7.69326531428854,1142.4148894579382
BEL,2002-01-01,94.0400925106978,5.17535575015941,4.94375721656285,1143.2496015855193
BEL,2002-04-01,94.7512479438335,4.23812332204633,10.9081618733255,1144.086969330417
BEL,2002-07-01,95.28557523247841,3.9917163981549,7.19353862962699,1144.6577307427947
BEL,2002-10-01,95.6584765860465,2.93629179881503,2.8988933915974497,1145.029232743586
BEL,2003-01-01,94.8354572422445,6.40866010586907,-8.52045304005538,1144.744570100257
BEL,2003-04-01,95.1644159791613,3.22024305862907,-3.39476997659528,1144.9428534522021
BEL,2003-07-01,95.3970318203178,2.5934347264582,-3.06540724669064,1145.389070365555
BEL,2003-10-01,96.1171213154161,0.44621792196937,6.06832610961085,1146.0812887693664
BEL,2004-01-01,97.209004447923,0.14369135473608,5.7633981128980905,1147.5487322094093
BEL,2004-04-01,97.9823692321697,-1.5390396632841399,-6.04332213519602,1148.4906576452704
BEL,2004-07-01,98.6397513020118,-3.41868228853938,-6.31084120931044,1149.3961785658755
BEL,2004-10-01,98.6948597002725,-4.53726126618077,-0.43533568768974,1149.7484870162266
BEL,2005-01-01,99.0848700014124,-7.6145546131845405,-2.5553640721163102,1150.2509405682406
BEL,2005-04-01,99.046201404043,-6.7525842843558905,-5.14377825657491,1150.832489857466
BEL,2005-07-01,99.15106377640839,-7.4966847677793105,-0.45033877551715,1151.2631421743756
BEL,2005-10-01,99.2185149501782,-5.937429846517841,4.31644000626567,1152.0244614527612
BEL,2006-01-01,99.38711001053801,-6.448195003692129,-7.16220052803676,1152.6160494299834
BEL,2006-04-01,98.9265989955264,-5.14267832374961,-2.8848666409466603,1152.9569186604765
BEL,2006-07-01,99.14391512591631,-4.85506974408341,-4.75208281197593,1153.8716011196186
BEL,2006-10-01,99.5583391798482,-4.32431960005808,2.89606073548178,1154.9990009107046
BEL,2007-01-01,100.481498351629,-5.43345426581562,3.14691466364135,1156.3880902290507
BEL,2007-04-01,100.49941088195999,-6.46358335960078,1.998964044114,1156.8298675170854
BEL,2007-07-01,100.602919845226,-6.18592364838904,1.11455442764615,1157.637245310234
BEL,2007-10-01,100.416599510018,-6.959294991834559,-1.4912919557906,1158.0407462328135
BEL,2008-01-01,100.123423840209,-6.02049480800652,14.1085411678611,1158.4524005418023
BEL,2008-04-01,99.7404194617194,-6.714949664632639,-1.30352053772757,1158.5008889108951
BEL,2008-07-01,99.0022507670568,-8.57702830295734,-5.31404637222198,1157.9521867217243
BEL,2008-10-01,96.6604925289682,-8.71421407166247,-12.1072445477257,1155.7575642638094
BEL,2009-01-01,95.89512482779911,-10.0373316676608,-3.80044468054838,1154.7550055190532
BEL,2009-04-01,96.12673151501279,-10.3744140148243,26.3864918338787,1154.911755801862
BEL,2009-07-01,97.1186424737037,-9.552755118109719,26.460409233364302,1156.2952958569877
BEL,2009-10-01,97.41386612603709,-8.77352751798752,17.3490979907885,1157.0086212140789
BEL,2010-01-01,97.3698344636579,-7.91313130240263,12.257629988734001,1157.395941476524
BEL,2010-04-01,97.4095455607285,-5.85356228351118,0.07908503464738,1158.3044635277802
BEL,2010-07-01,97.2802377679252,-5.81848472511435,-3.1461217801484302,1158.7000865164919
BEL,2010-10-01,97.4191881699879,-5.76974908888317,4.092791589230281,1159.275738119804
BEL,2011-01-01,96.9256663596185,-2.48889731295456,-7.41446459935373,1159.9601202305837
BEL,2011-04-01,97.0350747940835,-4.39715893600726,-0.61691489108913,1160.2123366438668
BEL,2011-07-01,96.9545085274294,-4.393270354420871,8.28048590909566,1160.4977615884873
BEL,2011-10-01,96.5046226360209,-2.95685070558667,4.08999338795673,1160.6649842600132
BEL,2012-01-01,96.4333287471635,-3.86885814886689,14.2727097020346,1160.6548768252578
BEL,2012-04-01,96.02736994777649,-3.97823749092061,5.23171253733916,1160.440559220556
BEL,2012-07-01,95.8170812508923,-2.84331543186826,9.632172567662,1160.611886051217
BEL,2012-10-01,95.7593663351458,-3.75253359499053,13.5302701804387,1160.49137698159
BEL,2013-01-01,95.5141825953243,-5.3682347841770905,-1.4886595075704299,1160.0952825673573
BEL,2013-04-01,95.5741558400922,-3.04059696080996,10.1660165872031,1160.7489002470184
BEL,2013-07-01,95.9674788275872,-4.63017794235859,9.80258314619985,1161.1496685433253
BEL,2013-10-01,95.8537175110265,-4.01131041351779,-1.2680970723815501,1161.4202353962871
BEL,2014-01-01,96.15281629006101,-3.88178837903214,10.6428544156234,1161.995848121888
BEL,2014-04-01,96.4782933459278,-6.376470016065861,4.59887720215102,1162.226853970143
BEL,2014-07-01,96.8266163730905,-6.318051271278061,12.1469763831978,1162.8947840462645
BEL,2014-10-01,97.10215238014001,-7.744569082242619,16.2379447688284,1163.2966394109994
BEL,2015-01-01,96.7775713524619,-6.338620707208199,-2.5089636603456,1163.5637665641075
BEL,2015-04-01,96.9673716603061,-6.795996378985721,21.6812470398415,1164.0276800319348
BEL,2015-07-01,96.83703316379419,-7.656837004601311,-1.68150280732925,1164.1642286123533
BEL,2015-10-01,96.8051828430102,-7.5962725698997895,9.17610172593733,1164.5152131810119
BEL,2016-01-01,96.3939017644511,-6.789486045508649,6.10846497432979,1164.6289593606912
BEL,2016-04-01,96.5516159709087,-7.33077819486228,-0.78006596780522,1165.2184672299645
BEL,2016-07-01,96.3785586103861,-7.83303806384656,15.2365047324875,1165.4003063229634
BEL,2016-10-01,95.8520592826372,-5.07983181146908,20.7513931869588,1165.7676679332974
BEL,2017-01-01,96.2782013837646,-7.27258500812783,2.58237528732985,1166.3805373079233
BEL,2017-04-01,95.9029041304451,-6.424647392533251,21.4888617915966,1166.6050762129457
BEL,2017-07-01,95.2655567644911,-5.62547468316361,0.5057540250299001,1166.544910760433
BEL,2017-10-01,95.6399432918388,-6.38105382386685,7.265515555600199,1167.3404365022216
BEL,2018-01-01,95.7026448120328,-6.78884339070112,21.7001255875822,1167.752083716795
BEL,2018-04-01,95.5554153099957,-5.51674856738578,17.200864919241297,1168.2572032397918
BEL,2018-07-01,95.3790930359439,-5.20890565188024,3.49039283949864,1168.691322528166
BEL,2018-10-01,95.8567017793663,-5.82497505408418,16.6033076270024,1169.6060024521196
BEL,2019-01-01,95.5939447003014,-5.74559736594699,3.95209721315237,1170.0159933624827
BEL,2019-04-01,95.7358771834359,-5.5630662284165,24.7203140255742,1170.607403092887
BEL,2019-07-01,96.2964211685614,-7.415422027169489,17.9296920478752,1171.3933830688088
BEL,2019-10-01,96.4952426822114,-7.57089974971181,18.1104096767972,1171.942405431153
BEL,2020-01-01,95.9437657855712,-21.4705005765982,-240.37498788841498,1169.3082180184672
BEL,2020-04-01,95.2336783955555,-83.2166179832278,,1157.7620848804204
BEL,2020-07-01,95.7285151836717,-22.5611719407305,153.239406872117,1168.632988198525
BEL,2020-10-01,96.7661484018463,-37.9254986768093,,1168.1758120883587
BEL,2021-01-01,96.4730140310554,-29.377649265004703,34.366484073125704,1169.79093080663
BEL,2021-04-01,96.4828449958433,-22.759500277863502,55.6231419132604,1171.3113134703324
BEL,2021-07-01,95.866139772555,-8.88550880613881,79.5907257663425,1173.255404600798
BEL,2021-10-01,96.25690900519031,-9.53796142349599,-0.55554831417662,1174.1745673534506
BEL,2022-01-01,96.0029752354519,-7.865611798531121,3.2542028481645002,1174.7425091289415
BEL,2022-04-01,96.7763927936653,-8.39203587523644,30.894205243434904,1175.8388473704892
BEL,2022-07-01,96.90569247024689,-6.8583900662861605,22.9675656820842,1176.5740433543897
BEL,2022-10-01,96.7453327987108,-6.507048046083221,1.6836366394761801,1176.9405528355305
BEL,2023-01-01,96.92972406548101,-7.55674496261482,12.0752841349771,1177.2817445090498
BEL,2023-04-01,96.9457227323985,-7.43124708557866,17.1394863810388,1177.6303830448046
BEL,2023-07-01,96.8375425117338,-7.6284927872551105,-1.24863809605154,1177.8282170692896
BEL,2023-10-01,97.0427372433158,-8.04989808476153,18.520920781533,1178.1659399945397
BEL,2024-01-01,97.388509828207,-9.220452483745351,19.060541940422702,1178.5223304628805
BEL,2024-04-01,97.3871339346869,-9.373470618054041,8.08435537133101,1178.6974275396037
BEL,2024-07-01,97.41665015584479,-9.43460362324136,20.877419473808303,1178.902496769144
BEL,2024-10-01,97.39161065094561,-9.587840371547559,19.9153589232365,1179.0451135337623
BEL,2025-01-01,97.3352264199282,-8.83916694973091,3.4595477186423502,1179.43930172304
BEL,2025-04-01,97.3813796011774,-9.08785785680602,19.7217562344214,1179.6719990694817
BGR,2000-01-01,-15.143424283896401,-13.3157623956279,,970.503661381229
BGR,2000-04-01,-16.1848395611795,-10.5909162928999,4.390884612410019,971.4062827871066
BGR,2000-07-01,-17.7188872130986,5.8222604617543,-6.32665182665908,972.2223436454623
BGR,2000-10-01,-16.4085412955783,-3.11000412341156,-7.4836809859778795,973.1197511418577
BGR,2001-01-01,-16.829628497822398,-1.66433953385875,0.6779532459516701,973.9119856298269
BGR,2001-04-01,-17.0462375757409,0.020261552376419998,-24.942397283638602,974.8779217247962
BGR,2001-07-01,-16.875888172518298,-0.6482847372316499,-12.002924518472401,976.187790420318
BGR,2001-10-01,-16.8343135852568,-6.111685651329711,-23.4880522875031,977.5046041601488
BGR,2002-01-01,-17.1191401004159,-1.64720846041922,-6.01331367427447,979.0671535792137
BGR,2002-04-01,-16.8937773142387,-2.9053648329462898,-14.8606485482768,980.6084183539036
BGR,2002-07-01,-17.0416431478077,-1.06973772790338,4.97614263605464,982.0888246214226
BGR,2002-10-01,-17.3904905823497,0.24269616025761,1.9033280909421202,983.0927612331654
BGR,2003-01-01,-17.475605329542702,-1.2748743906837299,-6.467523588365,984.5058331562734
BGR,2003-04-01,-18.0404018757521,-0.39019771607242,0.17158048310524002,985.4811881812072
BGR,2003-07-01,-18.813922284502098,-0.67049233470794,-9.66997353519562,986.6517504734393
BGR,2003-10-01,-18.8525607034528,-0.57476819066135,-0.73512382211038,988.6666874805785
BGR,2004-01-01,-19.8711054332305,2.4290897464161203,-2.99554322060226,989.874633068591
BGR,2004-04-01,-20.103203950485497,5.65061858477252,17.4526313874416,991.8253004736603
BGR,2004-07-01,-19.8932796010119,4.55268779624094,-3.65148339850387,993.8999473537488
BGR,2004-10-01,-20.2602874932798,6.49725110578607,13.490579642337,995.2653836439854
BGR,2005-01-01,-20.1335176565645,5.37597307498667,1.0699184035926699,997.3577821661968
BGR,2005-04-01,-20.7837320159238,1.0911615520126001,-22.0334822027653,998.7401219906985
BGR,2005-07-01,-21.8289281234295,1.9649031901524099,11.4834936611991,1000.0314762885699
BGR,2005-10-01,-22.615555784007597,1.33970922280837,-2.55941948567449,1001.6780522919646
BGR,2006-01-01,-23.481433083094,1.00970275402098,9.071947243918151,1003.223250842669
BGR,2006-04-01,-24.493075749521502,2.6157672254917297,21.714558333885,1004.9438996020356
BGR,2006-07-01,-24.7523242178317,2.6509470139366003,13.3075209264736,1007.0454325695447
BGR,2006-10-01,-25.963632066076297,3.30631190342972,21.8838973275443,1008.6667074506013
BGR,2007-01-01,-27.136020580821,4.91747784335463,22.5958075916259,1010.0788029732815
BGR,2007-04-01,-28.117901027224303,5.57827979379627,28.3457256861805,1012.0166251653027
BGR,2007-07-01,-28.903794097729,3.2281282178441297,20.5971568439284,1013.2629079973974
BGR,2007-10-01,-29.3400671004913,3.71215597133433,24.1481182337343,1015.4020564479686
BGR,2008-01-01,-32.2707238172261,22.345109583806998,22.4129376408357,1017.0464240328894
BGR,2008-04-01,-33.044734077461,16.6956874304795,2.81770297246707,1018.2024182625076
BGR,2008-07-01,-34.270210506306,13.4606359597511,27.6177977508769,1019.3160142592628
BGR,2008-10-01,-35.7710692112918,12.3464279824366,27.2694470241929,1019.7771534347459
BGR,2009-01-01,-41.4962733562299,7.0730715592486,-41.6862693966173,1015.4152881308632
BGR,2009-04-01,-42.9714742093813,7.97306735413408,34.3246364477286,1015.3931046107924
BGR,2009-07-01,-41.9922098934121,5.4483935469918,37.9827591817336,1016.2202859957745
BGR,2009-10-01,-46.040110154010996,7.470807360496121,21.0022872853589,1013.2084208611777
BGR,2010-01-01,-45.4542375076204,8.892984767914271,45.8976293495037,1014.5833551074485
BGR,2010-04-01,-44.451997175088096,7.87025523957697,41.664867112501604,1016.2144955072292
BGR,2010-07-01,-44.247900559472605,5.98519627280321,25.235567036869,1016.9514332567045
BGR,2010-10-01,-43.6030324285207,7.07284402939778,51.4635299707054,1017.9898847728977
BGR,2011-01-01,-44.192935120726304,4.94896422849058,22.800482953857802,1018.0012616391899
BGR,2011-04-01,-43.6529786909092,5.14305152194827,47.625893543466205,1019.0015208906001
BGR,2011-07-01,-43.9757662147447,5.75133240600142,42.1235281289988,1019.081831328518
BGR,2011-10-01,-44.4962524925964,4.51056412752832,36.5591307155128,1018.9632193745935
BGR,2012-01-01,-44.145386695983,4.63663947729313,51.833292116273796,1019.6604827477848
BGR,2012-04-01,-44.9665189983212,5.85265415417816,39.665636635770504,1019.3908371196401
BGR,2012-07-01,-45.8192845372957,4.685185352776941,37.281669911874395,1019.1542055627009
BGR,2012-10-01,-46.7914703539767,5.8047259012741605,44.161656470377096,1018.8335612966774
BGR,2013-01-01,-47.5775418196295,3.62619353594588,12.6832860880387,1018.5639361229792
BGR,2013-04-01,-48.2790026790582,2.88650724072953,45.0186550149225,1018.3691735131949
BGR,2013-07-01,-48.3948114737812,3.83009098067877,52.286394036880104,1018.7951953831922
BGR,2013-10-01,-48.7825397352395,3.50057508501746,42.8631159989111,1018.9632193745935
BGR,2014-01-01,-49.4257661863308,5.15887242250722,59.9891789985372,1018.8880757528171
BGR,2014-04-01,-49.42282828437,3.6712519183160404,37.920369537980704,1019.535460572722
BGR,2014-07-01,-49.5718057023776,2.50787736692081,38.953195937743004,1019.9156395654562
BGR,2014-10-01,-49.2748932995289,3.18073133185612,57.4720127568651,1020.8192657493145
BGR,2015-01-01,-48.878338672300195,2.51673031566352,48.6474497441213,1021.8228946906127
BGR,2015-04-01,-48.689012919541504,3.98007632045516,59.468884137381906,1022.522316511276
BGR,2015-07-01,-48.1503069791301,2.62587840159493,54.2750757904585,1023.6163305911855
BGR,2015-10-01,-48.121747487715,2.64805745029927,46.2710778962385,1024.2328410329524
BGR,2016-01-01,-47.9200469701616,2.77482237447371,56.3658075034558,1025.0182360177514
BGR,2016-04-01,-47.660039821393404,0.98189274300313,42.5848058088789,1025.773304775272
BGR,2016-07-01,-47.6937936574159,2.59634209575757,47.9911335523229,1026.244089894359
BGR,2016-10-01,-47.3475476885151,3.18263553611328,63.027717128805406,1027.197050671331
BGR,2017-01-01,-47.372553036647204,4.63066717523701,62.2910742381487,1027.8239125288346
BGR,2017-04-01,-47.435176925933696,5.69702945472693,52.9586921311744,1028.4096284645425
BGR,2017-07-01,-47.3492322824191,6.233056071620171,58.7488950992648,1029.1572496812757
BGR,2017-10-01,-47.2593879501553,7.76126547041366,58.975467266654604,1029.7116218868337
BGR,2018-01-01,-47.0697139482934,5.71460840381938,31.5194205244018,1030.3122364114981
BGR,2018-04-01,-46.8448230360141,5.920748078966151,55.2188805875098,1030.9908869997046
BGR,2018-07-01,-47.058470581224896,6.47022199179476,50.8097569284365,1031.2659116575537
BGR,2018-10-01,-47.1390263829312,5.70719659500542,49.460572176956106,1031.5835585543698
BGR,2019-01-01,-43.7495452586861,5.96184596785129,80.0167689176285,1035.3100319009113
BGR,2019-04-01,-44.441707098265795,6.76307766043647,54.9412203853428,1034.959863967473
BGR,2019-07-01,-45.3586122680769,6.53146103414828,53.2090319299063,1034.4133171880187
BGR,2019-10-01,-45.3512903996757,7.37343318389319,64.31554100861109,1034.5422799562402
BGR,2020-01-01,-45.4724640479561,5.76310493585318,41.470921354546505,1034.7195331567598
BGR,2020-04-01,-48.8755268535562,-7.46816952899154,49.7020701716964,1029.020467701592
BGR,2020-07-01,-48.143716926908,7.549405513765289,65.5182850392021,1031.8823780439554
BGR,2020-10-01,-48.3452643754003,2.1416747092584,65.89524512261889,1031.4023117457398
BGR,2021-01-01,-43.6804065227261,2.56541680107244,75.8379361446399,1036.7485684829946
BGR,2021-04-01,-43.0555810657916,2.33019999222385,52.6379497809593,1037.916878365394
BGR,2021-07-01,-41.7030882883213,2.33129397928573,60.278760917609496,1039.854958112264
BGR,2021-10-01,-41.1799255522407,0.70596590856591,43.462696832283,1041.0124415680664
BGR,2022-01-01,-41.210124705872595,4.40585259724579,60.869886043738,1041.9724508598172
BGR,2022-04-01,-41.1476240352039,3.7519447367906302,60.297927381225605,1042.7988244867433
BGR,2022-07-01,-41.1209102804812,0.68506871175993,50.1791954989503,1043.3751031194581
BGR,2022-10-01,-41.2151513237926,1.8011044329473098,65.40859534397,1043.76683094997
BGR,2023-01-01,-43.167689676437895,14.5192290329959,30.9920615764537,1044.1225761952235
BGR,2023-04-01,-42.8656615499182,10.702592355274799,56.72773416886741,1044.2999753605868
BGR,2023-07-01,-42.340218429535696,7.966057558001049,55.9164640988149,1044.799840458158
BGR,2023-10-01,-41.8461032247059,4.6099905604332605,54.28427717219299,1045.4394096294463
BGR,2024-01-01,-41.1755112766337,2.46294768100098,51.9965894856361,1046.3474700080462
BGR,2024-04-01,-40.4264129647823,1.43631848277855,61.9387575439211,1047.343832152405
BGR,2024-07-01,-39.901945060277,1.8705113725707299,70.8466259116846,1048.2267108278272
BGR,2024-10-01,-39.3033230160361,1.6465824821002,66.197237415266,1049.2193239452563
BGR,2025-01-01,-39.1698737361418,2.81031111341985,70.18084028842951,1049.836568014085
BGR,2025-04-01,-38.689535767807,2.37497332229413,64.4940768971316,1050.7612244266938
CAN,2000-01-01,95.6941975000127,6.9415223962643005,,1284.4417751547971
CAN,2000-04-01,96.1678908825121,5.56712271519985,-3.2334888154369397,1285.6118673761787
CAN,2000-07-01,96.4206514217486,5.18885953251145,-2.75994126773292,1286.6316913539392
CAN,2000-10-01,95.7010074270711,5.22950010299712,-6.22023151099749,1286.829272565542
CAN,2001-01-01,95.9372584520624,3.41800850568338,-3.84336913276453,1287.3905864252279
CAN,2001-04-01,95.8619536976344,2.25883348028278,-10.398831636273,1287.7045789223582
CAN,2001-07-01,95.47220074705089,2.90163545625022,-10.3190293818951,1287.634262713877
CAN,2001-10-01,95.8199553099088,0.73982982101813,-5.53777908194164,1288.2322364709876
CAN,2002-01-01,96.33272126218479,0.69627082334157,4.68380189220953,1289.6838242369638
CAN,2002-04-01,96.1722268795523,0.37657041606582997,3.4589494677319,1290.2729410288473
CAN,2002-07-01,96.3086218620801,-1.7082879997707099,-7.23997989548595,1291.1339337223162
CAN,2002-10-01,96.2404326853179,-3.04862081370182,-1.4823851222274098,1291.6816590886972
CAN,2003-01-01,95.9819930986227,-2.73066559202677,-2.8173464917082702,1292.236490039716
CAN,2003-04-01,95.59009899822,-3.44180926066127,-1.7355585442401602,1292.0913556280368
CAN,2003-07-01,95.09368134687641,-3.33471248703057,-3.04481800726875,1292.4645097050056
CAN,2003-10-01,94.73432687548001,-2.66977277951229,-0.44592604986493,1293.1495807241668
CAN,2004-01-01,94.5602192158808,-0.30801416487477,5.07789676210046,1293.8740974877326
CAN,2004-04-01,94.7484980152463,0.24341822526800003,-8.597479731999549,1295.0519932954464
CAN,2004-07-01,95.2612068882073,-0.9575579222031999,4.103662975878479,1296.2273964827045
CAN,2004-10-01,95.2348079162315,-0.4894283545192,0.46019716761432006,1296.9465079685776
CAN,2005-01-01,94.9254510977477,-0.91600566342768,4.26112770286068,1297.2961106020466
CAN,2005-04-01,94.96510190486191,-1.5847074366033003,1.3870165586557701,1298.0162513275961
CAN,2005-07-01,95.3177292907376,-1.48280920392539,1.04230539281187,1299.2208677331223
CAN,2005-10-01,95.5107338972998,-0.84581067996895,9.72160500693494,1300.2091121207523
CAN,2006-01-01,95.523250407289,-0.9474097797152701,8.023572909816231,1301.017739895908
CAN,2006-04-01,94.66234615599221,-1.23747755880944,6.522743164500939,1301.06773422086
CAN,2006-07-01,94.4770302163118,-2.88699269619093,4.90563633721827,1301.3488471282099
CAN,2006-10-01,94.2247938467681,-3.2058465758596904,9.640488678053941,1301.7462755978936
CAN,2007-01-01,94.0768088815887,-4.0237976178002395,6.442062124514079,1302.3824651449154
CAN,2007-04-01,93.9618825412825,-2.50699408944278,11.7864112763519,1303.3435547008614
CAN,2007-07-01,93.418080721325,-0.8067558309360601,16.607970950807,1303.7175355274255
CAN,2007-10-01,92.5400462209794,0.29811525482881,19.089109198062502,1303.8488820899631
CAN,2008-01-01,91.8519673844574,-0.00388934560178603,5.87942988930031,1303.923890931478
CAN,2008-04-01,91.6662249331133,0.025396437053380003,13.0454549274231,1304.2875915553295
CAN,2008-07-01,91.9793677953628,-0.74016569814319,-0.28888131141170004,1305.1059623598685
CAN,2008-10-01,90.8519063491575,-3.17260245759461,-0.76066516417686,1303.9388859505518
CAN,2009-01-01,89.4128860405277,-5.76550310704855,2.07382095949202,1301.6564543476861
CAN,2009-04-01,88.77598251319489,-7.00983191132997,16.7274419152068,1300.571899323822
CAN,2009-07-01,88.7316164966582,-6.48383350656078,17.3191497620593,1301.018142634621
CAN,2009-10-01,89.0907365401033,-5.7787690900383,16.0077483243032,1302.1733432708888
CAN,2010-01-01,89.0766227763549,-1.8983775092988102,26.0959355847311,1303.3775849850824
CAN,2010-04-01,88.5427618740129,-1.16004331320684,18.593511890551202,1303.8998724843257
CAN,2010-07-01,88.7736780267971,-2.54807061018316,16.0669951756498,1304.597465246404
CAN,2010-10-01,89.0212865819318,-1.0727376580553698,20.7292463567928,1305.7130215059408
CAN,2011-01-01,89.2668593675999,-2.5940190353417,12.3912780434441,1306.4717315271512
CAN,2011-04-01,88.9224161964555,-3.14768443087713,13.4216102229194,1306.6530954637751
CAN,2011-07-01,89.3857398470529,-2.38025473770689,15.0049624349969,1308.0120582358193
CAN,2011-10-01,89.4920624368353,-2.16643966842881,11.7135016164975,1308.8036493908583
CAN,2012-01-01,88.8619471984707,-0.7059823729367101,12.3885734432786,1308.8667597659598
CAN,2012-04-01,88.2438450300606,-1.1291369525364499,11.3457090236082,1309.19130358597
CAN,2012-07-01,87.5581777602385,1.1418668892143702,21.5457068828829,1309.3280541872657
CAN,2012-10-01,87.1490201804107,0.57414165472846,16.2142823805823,1309.533641734371
CAN,2013-01-01,87.5001137409337,-1.41393622217587,9.10541571482889,1310.4247878106996
CAN,2013-04-01,87.4435820447041,-0.7843995338845401,15.81810533411,1310.9990143691184
CAN,2013-07-01,87.806742567733,-1.56045694220221,22.5958134319555,1311.8179637757996
CAN,2013-10-01,88.3521048752003,-1.99460502086949,22.4587976030411,1312.8590945784063
CAN,2014-01-01,87.8705045573031,-1.64211054619086,14.8728801022599,1313.02795615753
CAN,2014-04-01,88.76092211259859,-4.9054657204566805,16.5701463555442,1313.9353818915986
CAN,2014-07-01,89.0321630090104,-4.86532577537638,18.4512533981542,1314.8893909741093
CAN,2014-10-01,89.1466849928547,-4.9394381375754,20.4157266352491,1315.5781712349608
CAN,2015-01-01,88.1109555331712,-4.13853531214017,25.982858201383703,1315.019836463305
CAN,2015-04-01,87.1798137599681,-3.4680397238706395,19.375511583814,1314.7464686954524
CAN,2015-07-01,87.1491737857918,-3.76233579808785,23.2751490628826,1315.1039265720215
CAN,2015-10-01,86.84726965849579,-3.97105290618417,20.7007913663671,1315.1701767007278
CAN,2016-01-01,87.01953111280069,-3.45685177981035,19.8968132695689,1315.7601169246668
CAN,2016-04-01,86.5082109814136,-4.48541055902293,30.759826933541202,1315.26073817345
CAN,2016-07-01,87.2180488232418,-5.28246894513656,25.332673707896504,1316.2931835787012
CAN,2016-10-01,87.12142849949,-4.63814169466259,22.9975126654648,1316.8526283828771
CAN,2017-01-01,88.0063121818587,-6.53581896194101,29.5185895183161,1318.1029942301425
CAN,2017-04-01,88.2016457410302,-5.22744160810849,29.9460687238371,1319.1500371838404
CAN,2017-07-01,87.455864896618,-3.66955737575583,32.986452800640095,1319.1814437240298
CAN,2017-10-01,87.5506178301844,-4.7372032617935895,27.830204371283802,1319.6875125172562
CAN,2018-01-01,87.9669283891364,-4.73309614697916,28.0542071127947,1320.843336142261
CAN,2018-04-01,88.3001125063571,-5.25849692004258,27.942455481884,1321.620338612747
CAN,2018-07-01,88.11094833900121,-3.2632432920428402,25.5881082592952,1322.123502582543
CAN,2018-10-01,87.5723144665814,-0.77903218924872,18.5627900033376,1322.3587851422183
CAN,2019-01-01,87.482421472567,-0.77417422898968,20.6397656562417,1322.5991593497288
CAN,2019-04-01,87.7843739498614,-2.07890162684708,19.132563604847,1323.6879749988632
CAN,2019-07-01,87.7903931857104,-5.74675707452758,27.8901960840628,1323.9672167290628
CAN,2019-10-01,87.9048986487322,-12.2863672232246,33.0916923936316,1324.2523141957188
CAN,2020-01-01,88.9644115287452,-22.5314648818011,5.88125494773657,1322.283114305826
CAN,2020-04-01,89.8242308021096,-36.5368587323088,,1310.6298017815216
CAN,2020-07-01,89.1487085367725,-31.749016223818,123.22245413512401,1319.3241696983066
CAN,2020-10-01,88.5264559150577,-26.3344444567107,36.6251342274668,1321.185118550566
CAN,2021-01-01,88.8210677970938,-20.3978844327222,37.4449475857784,1322.8743513072957
CAN,2021-04-01,88.0175999619327,-14.4900160980056,29.2055841012466,1322.7570781341153
CAN,2021-07-01,88.2831259209782,-8.9939851526747,82.7528389083102,1324.751563794618
CAN,2021-10-01,88.2031488653724,-4.80939883886956,35.7054162669006,1326.5261267117914
CAN,2022-01-01,88.8311390938955,-3.13006013965808,45.9313463033724,1327.7043060142014
CAN,2022-04-01,89.2821650013646,-7.37246499923588,50.769119877317905,1328.7272208810139
CAN,2022-07-01,89.1686783061372,-7.69700823075004,25.1498797742438,1329.2410409497882
CAN,2022-10-01,88.2176402942335,-6.48606634771768,21.893678488469,1329.1039422900647
CAN,2023-01-01,88.6301997714511,-6.10864443434335,24.0053710511352,1330.449374925694
CAN,2023-04-01,88.1586579241049,-3.68162236468962,22.2039694472363,1330.5919172213087
CAN,2023-07-01,87.4804812474565,-2.49379876057279,25.3238803504116,1330.3661076901906
CAN,2023-10-01,86.9880833409613,-1.02923252775116,17.8067324835686,1330.3278111754144
CAN,2024-01-01,86.81629146549939,-0.663061322127,25.0610949393229,1330.5044036380043
CAN,2024-04-01,87.1876329440289,-1.70937925845141,36.7603992605798,1331.1338582835758
CAN,2024-07-01,87.290885084394,-0.74254068508893,36.8894721921153,1331.7282418313596
CAN,2024-10-01,87.5468580555464,-1.7661264964431398,32.574748147334,1332.2368160286815
CAN,2025-01-01,87.71633397402991,-3.16810016249903,23.2196127992421,1332.739916832367
CAN,2025-04-01,87.06715821655389,-2.2451964518055902,38.4278701292262,1332.3411819692983
CHE,2000-01-01,-277.203766922192,0.12584210993747,,1175.2062043318415
CHE,2000-04-01,-277.195546189845,0.5603548501415501,13.2323166738579,1175.50438500737
CHE,2000-07-01,-276.54063464393903,0.30088382413123,6.55311841092683,1176.3047404741474
CHE,2000-10-01,-275.72070563178903,-0.50816206168552,1.43166618069445,1177.5267421496592
CHE,2001-01-01,-276.346851408418,0.29214331516577996,12.4488101364466,1177.4704943098898
CHE,2001-04-01,-276.335257925434,0.24534640702539,0.14657304180362,1177.8782085595096
CHE,2001-07-01,-276.706591155873,0.5114965972700101,-3.4017900962892202,1177.856282853832
CHE,2001-10-01,-277.063408275795,0.73267971300547,-6.07208400916205,1177.7939293164698
CHE,2002-01-01,-277.159271186288,0.61065144550924,-13.6777490667823,1177.8706194361762
CHE,2002-04-01,-276.88001021256696,0.18096574850706,-8.76637382462003,1178.385143475346
CHE,2002-07-01,-277.124306732295,0.40242484114827,-1.27690065831031,1178.4464435885818
CHE,2002-10-01,-277.888444903222,0.91832140161863,-16.7753296323342,1177.7790446191386
CHE,2003-01-01,-278.39604063568004,1.7669215913665999,-0.77711450854926,1177.1744992736908
CHE,2003-04-01,-278.656788075448,1.9334180013964801,-7.7609843826398,1177.0488993554345
CHE,2003-07-01,-277.841533619546,1.4761040621714299,5.11135461751755,1177.9257999275944
CHE,2003-10-01,-277.009289322107,0.9917455956630701,8.58470940794031,1178.9567317855851
CHE,2004-01-01,-276.635765989501,0.96641707982528,10.656305369232602,1179.6027816490853
CHE,2004-04-01,-276.015809574268,0.7309412907019099,6.1215931601008595,1180.334104797554
CHE,2004-07-01,-276.016857067108,0.84702898340517,-5.02489080420576,1180.3880924041487
CHE,2004-10-01,-275.850559923809,0.8843936385169501,2.66359844845732,1180.742325754197
CHE,2005-01-01,-275.245655619527,0.67024534267339,8.09655691810471,1181.530007158036
CHE,2005-04-01,-274.217534783362,-0.23490782362045998,0.08160376710643,1182.7960267297628
CHE,2005-07-01,-273.675336028455,-0.7911326123771699,2.22107966384253,1183.793511356787
CHE,2005-10-01,-273.13889234901796,-1.3645162186591,0.41900770715718,1184.7697685954795
CHE,2006-01-01,-272.461821478248,-2.14970785265472,0.04840224454457,1185.9685316434914
CHE,2006-04-01,-272.142825600617,-2.99062109760106,-14.6187911698444,1186.826852234169
CHE,2006-07-01,-271.96530285668,-3.28821445982235,0.8031897047100899,1187.5807306205968
CHE,2006-10-01,-271.18767458881103,-4.4817275294309695,-9.66023308803838,1188.9568512709227
CHE,2007-01-01,-271.03204514895197,-4.38580456830673,10.7173101290853,1189.6722847567353
CHE,2007-04-01,-270.136607132935,-5.37802103032306,-4.26021343410103,1191.0353697068988
CHE,2007-07-01,-269.78196813501796,-5.7980429240786195,-2.6854017433745,1191.8883118424683
CHE,2007-10-01,-269.700602288266,-5.94811320864951,-3.1614949267660704,1192.4667498565252
CHE,2008-01-01,-269.70060462806,-6.31583340610337,-7.8189124631278,1193.1292319793267
CHE,2008-04-01,-269.06335548117,-7.1107352903372,-7.822546361275339,1194.233949456493
CHE,2008-07-01,-268.931592843124,-7.2616511654505995,-5.04425187000762,1194.7861345555464
CHE,2008-10-01,-271.499394007487,-4.9354565139419595,-15.5343226471639,1192.4978822821913
CHE,2009-01-01,-273.564801460411,-2.57097711726694,10.442348398064901,1190.866812959026
CHE,2009-04-01,-273.517469044533,-2.7407056349892303,-8.356041720263201,1191.1884789621101
CHE,2009-07-01,-272.644418150875,-3.01171250696353,6.384345990352131,1192.0612103651051
CHE,2009-10-01,-272.027712134417,-3.12636605379134,1.6589496102930101,1192.6397101780212
CHE,2010-01-01,-270.773232851971,-3.9457056466419305,-1.70818913485304,1193.8503609708948
CHE,2010-04-01,-270.600427318448,-4.56917026346396,-10.52564730223,1194.6309196009493
CHE,2010-07-01,-270.569109044318,-4.40665889294454,6.70987531209372,1195.1386181177754
CHE,2010-10-01,-270.152428638356,-4.7558043535888,-2.75040963937375,1195.873949571779
CHE,2011-01-01,-270.83826961724304,-4.76612187298494,-15.056393401089,1195.9221527558507
CHE,2011-04-01,-270.54323011338,-5.11367190406933,-1.01640951478676,1196.7180102326988
CHE,2011-07-01,-271.337292920425,-4.40957092964841,-8.18448580271485,1196.2293257397118
CHE,2011-10-01,-271.766125955219,-3.84976195047999,12.2598075400617,1196.4989767396753
CHE,2012-01-01,-271.925134589827,-3.54491312196753,9.68641727939997,1196.9253508208014
CHE,2012-04-01,-272.03790962235,-3.6860332571668595,-11.9606688054758,1197.1490168454957
CHE,2012-07-01,-271.95720663304803,-4.24840890545286,-5.62955106601095,1197.980735164404
CHE,2012-10-01,-271.785793955227,-3.68122808794804,6.80293379195587,1198.0449773238213
CHE,2013-01-01,-271.67824252036,-3.2091045018646596,13.5764795505186,1198.432624274925
CHE,2013-04-01,-271.392924418979,-3.29236125115428,5.8917828071041995,1199.13026876222
CHE,2013-07-01,-271.062232376131,-3.5710064572286897,-1.73526756273709,1199.8132312388573
CHE,2013-10-01,-271.219933208678,-3.44595385549837,-3.87310372815118,1200.0266061720802
CHE,2014-01-01,-270.534771017576,-4.22787330088032,-20.6137944894564,1200.708314717498
CHE,2014-04-01,-270.42944221185496,-4.73055991630856,-3.67768873932962,1201.585902819067
CHE,2014-07-01,-270.134682232103,-4.91402247830569,-2.55136650023397,1202.1876933604124
CHE,2014-10-01,-270.344412455766,-4.981985331845331,-1.15112217795364,1202.7193556638524
CHE,2015-01-01,-270.724652312617,-4.1344527548580094,5.72527099076404,1202.5387349331413
CHE,2015-04-01,-270.724804331913,-3.6625420540427798,4.652065746225531,1202.691487867064
CHE,2015-07-01,-270.15233507322904,-3.82216424492121,2.24128233048389,1203.4125290139611
CHE,2015-10-01,-269.806212050472,-4.391771032505281,-12.706251036828201,1204.124104386647
CHE,2016-01-01,-269.848579720532,-4.76658893214612,-13.401245901644801,1204.6301114943903
CHE,2016-04-01,-269.556030751893,-4.92425680986369,-6.68254813781067,1205.1039159477475
CHE,2016-07-01,-269.411575350904,-5.16468697876249,-10.963567067209699,1205.5464848940471
CHE,2016-10-01,-269.94942964122004,-4.12975393173084,8.01098288843166,1205.274545987183
CHE,2017-01-01,-269.92489424555697,-3.8161931517009204,-4.1198827280716905,1205.3455123149508
CHE,2017-04-01,-269.677505680433,-4.46152596396219,-13.011498856772999,1206.1324869517518
CHE,2017-07-01,-268.967339083014,-4.9031600593004,-5.6456438569724705,1206.9410643371612
CHE,2017-10-01,-268.162959517302,-5.85696782368446,-18.2660337842503,1207.9297236907414
CHE,2018-01-01,-267.170866329852,-7.175112468574291,-22.787144382911002,1209.1944360628602
CHE,2018-04-01,-266.420390805103,-8.31253621932729,-24.1119512982073,1210.2672429451238
CHE,2018-07-01,-267.23346281844,-7.9265033997609295,-20.4571888497751,1209.8907725135052
CHE,2018-10-01,-266.966853947697,-7.96554794845491,-10.9680301245143,1210.1918069101916
CHE,2019-01-01,-267.185576976527,-7.53511979228053,-1.19399193983828,1210.3058818687482
CHE,2019-04-01,-267.040301830587,-7.60142177191724,-0.6558737822545,1210.9448302591618
CHE,2019-07-01,-266.650419992833,-7.60962294033453,-9.59762040802441,1211.2535842363582
CHE,2019-10-01,-266.789612928647,-7.63091580183915,-14.5002746869723,1211.4316393038273
CHE,2020-01-01,-268.458725038614,-8.154160899613009,-119.02375592516901,1210.3099278364846
CHE,2020-04-01,-273.999920458049,-7.37026569944242,,1203.724740238234
CHE,2020-07-01,-268.550794414935,-6.602080576727349,113.047784553057,1209.6501611400702
CHE,2020-10-01,-268.22534813791503,-8.37398885195671,-59.748434935824,1210.534969306686
CHE,2021-01-01,-267.403856080101,-11.3616128579322,-222.82251612563,1211.2514430139563
CHE,2021-04-01,-264.929217804332,-11.0587355457684,58.0650321098007,1213.9837753034633
CHE,2021-07-01,-263.555220055524,-11.1813238300027,36.1536747693325,1216.1370215181162
CHE,2021-10-01,-263.325604174912,-11.6927114795698,-14.9336339714726,1216.862567835899
CHE,2022-01-01,-263.17498811968403,-10.9359612051338,9.79746371319374,1217.093912840004
CHE,2022-04-01,-262.381232467332,-11.1923484553845,0.27689270372517,1218.0411188761814
CHE,2022-07-01,-262.417863862827,-11.1416687623508,-2.6451674062019404,1218.5870448416606
CHE,2022-10-01,-262.557841501669,-11.3251683945237,-24.646641879365898,1218.7407021600616
CHE,2023-01-01,-263.03440922707597,-11.322312131218599,-15.480142825040598,1218.9522443360556
CHE,2023-04-01,-264.016036615365,-10.397258308504199,-2.14130875302902,1218.6123477497424
CHE,2023-07-01,-263.611486540369,-10.427534878693299,-8.29327583247155,1219.0421299729317
CHE,2023-10-01,-263.65817340908603,-10.3501584855444,-8.74647699254846,1219.3500445580132
CHE,2024-01-01,-263.949874174959,-9.72581749485059,-0.28697839538817,1219.3573860123483
CHE,2024-04-01,-263.210330712842,-10.0868681063063,-0.29007960623954,1220.3697827881651
CHE,2024-07-01,-262.913178171412,-9.84752651033736,-1.01778433343292,1220.7638918284354
CHE,2024-10-01,-263.075241002157,-9.69420222300989,-11.0567496556476,1220.9310398347022
CHE,2025-01-01,-262.633386529543,-10.3378739668308,-19.844114740606898,1221.6628733469524
CHE,2025-04-01,-262.57516688699496,-10.0426158909818,-7.06339073768277,1221.8178572208478
CZE,2000-01-01,105.466450352475,9.17950654001764,,1370.8757962701982
CZE,2000-04-01,105.10857139672301,14.48622339059,0.29471265645524997,1371.8356278853546
CZE,2000-07-01,105.588600988882,13.9011561935804,-7.46623563080691,1373.0491739964361
CZE,2000-10-01,104.64623952913601,16.1980856605232,-36.2126192593376,1373.405426832102
CZE,2001-01-01,106.66858529403899,5.89362576921037,8.5351047692086,1374.6899756336481
CZE,2001-04-01,106.697172800552,3.28485725325997,4.0589171618189,1374.809536985158
CZE,2001-07-01,106.279598087308,3.6118640638762303,8.20190090754682,1375.228956850054
CZE,2001-10-01,107.51528637767001,-6.911436297323981,-22.8480883994199,1375.908199536516
CZE,2002-01-01,105.649097960294,4.92015069784711,28.697445581501,1375.8406730869735
CZE,2002-04-01,105.547445717768,1.6447550420791799,4.0448224819967,1376.334846522808
CZE,2002-07-01,105.550540456796,1.45807117536998,9.87903139908676,1376.8955494096151
CZE,2002-10-01,105.361714603301,-0.60696529347493,-20.8408257641129,1377.3187437317752
CZE,2003-01-01,106.169538667155,0.5283149414391201,36.738439627186395,1378.4743055538884
CZE,2003-04-01,106.668673060024,0.9914526164364701,0.33568717739867,1379.37443841718
CZE,2003-07-01,106.95763168727,2.00517366038391,6.84991390644961,1380.4188707007247
CZE,2003-10-01,107.024354135369,1.6021326722559799,3.86301310684219,1381.0933097358566
CZE,2004-01-01,107.769347862286,-1.71224990880759,-41.6070741383623,1382.255568269091
CZE,2004-04-01,107.690296078277,3.2390258505674403,17.0298855997856,1383.4961162523407
CZE,2004-07-01,108.767487187498,-1.0969651679636598,-9.03433831095314,1384.9264432069492
CZE,2004-10-01,109.513509462183,-1.20612482443206,-4.217335686325581,1386.618180892292
CZE,2005-01-01,110.19400764515399,-2.1914947367536097,-1.15194336367011,1388.3778366656716
CZE,2005-04-01,110.89245520552001,-2.97738722135874,9.2576660492843,1389.7620358497763
CZE,2005-07-01,111.630029932147,-5.84398219587793,-5.07492911303895,1391.2047258012303
CZE,2005-10-01,112.80457709893399,-9.43217857600863,-18.2217263737712,1392.8937452734285
CZE,2006-01-01,113.77935219096,-9.754924413816141,5.89226847494976,1394.8150678523823
CZE,2006-04-01,115.160215222717,-12.1758768854962,-0.91226419473441,1396.6842698008904
CZE,2006-07-01,115.036280163337,-9.0890857100676,-0.8121258318084299,1397.8696015283022
CZE,2006-10-01,115.404509925219,-10.6559113804151,-5.42346426600874,1399.1107052131254
CZE,2007-01-01,116.22491121987699,-12.3710910977588,4.08556533676789,1400.9579509791863
CZE,2007-04-01,116.168236514209,-15.520443349975698,-14.8340337524733,1401.6602346572442
CZE,2007-07-01,116.439894020292,-15.8479168990757,-1.24567548310151,1402.973202559795
CZE,2007-10-01,116.69895881866701,-15.8954387465536,10.8769081507899,1404.240785515074
CZE,2008-01-01,116.05651423622501,-17.1319591230105,-28.029786415631403,1404.8396101599003
CZE,2008-04-01,115.436636278976,-14.720634349078601,14.9778990324578,1405.48888104621
CZE,2008-07-01,114.549067178846,-13.4090448338379,-7.2414635790729,1405.7363590288307
CZE,2008-10-01,111.195035530551,-8.76285894876898,1.221016388928,1403.5436939733797
CZE,2009-01-01,108.803670711081,-14.873964921249499,-20.8910596209675,1400.2779854482162
CZE,2009-04-01,107.579194457218,-9.246788979943341,9.17967483325773,1399.7834614755102
CZE,2009-07-01,107.695028837709,-8.771802207958759,-15.319694716252199,1400.2044065360794
CZE,2009-10-01,107.386069208219,-8.38850703116409,11.368476930914099,1400.1916263258026
CZE,2010-01-01,107.629033760893,-6.04290514818212,7.163767666384679,1400.9779624838095
CZE,2010-04-01,108.790646502456,-9.11626203974431,8.42721317034413,1402.380845586198
CZE,2010-07-01,109.141491107296,-9.60923144865632,-8.56981751258203,1403.3956693676853
CZE,2010-10-01,109.682209006373,-14.479175223537599,6.31764736559086,1403.8539702734304
CZE,2011-01-01,108.645461291966,-8.62222878136709,-23.620528643309697,1403.982861927151
CZE,2011-04-01,108.990619839334,-11.3815110676951,3.7843900972548,1404.5391362931148
CZE,2011-07-01,108.80950740891,-14.1606643128184,-19.7924669595258,1404.517996945797
CZE,2011-10-01,108.340886039508,-12.3408502663701,5.882768674409959,1404.6011775147829
CZE,2012-01-01,107.54422694565599,-12.0457146136735,-2.1965184223493703,1404.45232521146
CZE,2012-04-01,106.759178301208,-15.6183674380706,-15.922847839457999,1403.7395717835989
CZE,2012-07-01,106.603548431827,-21.3097390955211,-1.01606134656412,1403.3745280669502
CZE,2012-10-01,105.391351312827,-15.0631926130058,7.623446645837929,1403.2377653474182
CZE,2013-01-01,105.36103995406401,-18.6370060952746,23.6262366444865,1402.8539124870663
CZE,2013-04-01,105.106298492128,-18.2031812310101,9.52850366401711,1403.2195698569512
CZE,2013-07-01,105.422469915831,-17.988741796503998,14.682887662633002,1403.7311608527482
CZE,2013-10-01,105.801748592937,-15.4521700459901,5.47474270279836,1404.8609984670736
CZE,2014-01-01,105.261608502716,-16.917712464750203,8.134218898912229,1404.4902547067886
CZE,2014-04-01,105.94549614164701,-19.0967811784888,13.5775130087191,1405.3142247504447
CZE,2014-07-01,106.489493702559,-19.6534056666175,12.187468536279999,1406.4063733047576
CZE,2014-10-01,106.319640284189,-15.0520652937291,19.7208039761783,1407.3244117247073
CZE,2015-01-01,108.486106997147,-23.0826158652035,12.6792307135662,1409.186041269689
CZE,2015-04-01,108.674899953412,-20.9587318792796,17.449540898659997,1410.3890386927353
CZE,2015-07-01,108.834165918262,-17.635627604325,19.269151282149398,1411.5344743487585
CZE,2015-10-01,110.36200068086399,-28.969099449865297,21.5133483849798,1412.0434629158235
CZE,2016-01-01,108.48738196884699,-16.5157027655155,10.315703499503199,1412.3667825605382
CZE,2016-04-01,108.502162854499,-18.3431622039954,18.2550790709422,1412.6244385340374
CZE,2016-07-01,109.429457934503,-21.494047264361498,18.4149623743135,1413.5743069750395
CZE,2016-10-01,109.68981651195699,-21.1573774371687,23.2356313193707,1414.4544484535918
CZE,2017-01-01,110.817997755121,-21.7749456257537,13.5996130261365,1416.0667827408256
CZE,2017-04-01,112.455420282296,-21.2207348791957,15.064019473266798,1418.5069347573276
CZE,2017-07-01,112.67243894295301,-22.311613697825,13.972210550776701,1419.2899184650341
CZE,2017-10-01,112.75255685911101,-21.1215366695093,18.1695395983472,1419.9638982713716
CZE,2018-01-01,112.59470664164898,-20.1387176255601,20.444317586781498,1420.4279050125022
CZE,2018-04-01,112.406636470771,-21.6740881966175,8.78929642631463,1420.7367493465538
CZE,2018-07-01,112.50039986864,-20.2325183811246,17.4032956189507,1421.3944337450635
CZE,2018-10-01,112.869928731155,-20.5529557241536,12.703117945573,1422.4090808972583
CZE,2019-01-01,114.164727989827,-22.0766869096033,18.6657113218921,1423.8163112055083
CZE,2019-04-01,114.231703658215,-23.5137158147359,12.9931917136974,1424.3123254215875
CZE,2019-07-01,114.944301632064,-26.1682190568415,16.0615355927625,1425.0109135154212
CZE,2019-10-01,115.12341982041701,-26.374171958483,4.41796207141342,1425.6190932225031
CZE,2020-01-01,113.788535380754,-39.9686819412976,-19.6555765784341,1422.2692191998503
CZE,2020-04-01,107.40967405966899,-56.40794009422721,,1413.1526410779938
CZE,2020-07-01,110.42836637925599,-32.4784465300072,62.032161867637804,1420.2289495306661
CZE,2020-10-01,113.451524591708,-53.0870585480656,-8.70278197675051,1420.994505192333
CZE,2021-01-01,112.11607454271899,-47.9357485398141,-0.09668094124939,1420.994707410464
CZE,2021-04-01,112.408696406913,-41.2625670349058,62.611674635015206,1422.43758787917
CZE,2021-07-01,112.39042462905999,-33.786565212068,46.4460926738755,1424.1473476509416
CZE,2021-10-01,112.41380864403001,-34.3495825674203,5.39928463483298,1424.8433881748986
CZE,2022-01-01,111.954810732005,-28.9017070624015,-5.7007882585016,1425.7299237843567
CZE,2022-04-01,111.744282978515,-31.814254790546197,11.977532998724099,1426.0320089522004
CZE,2022-07-01,111.00928664098998,-31.455289751912602,-1.8957874036274798,1426.1562112853503
CZE,2022-10-01,109.858325328108,-30.7652612633839,-17.542361841186597,1425.790658014846
CZE,2023-01-01,109.18654865641699,-31.577921266631797,4.46677430059607,1425.992070020411
CZE,2023-04-01,108.583384134541,-29.5146853966553,28.0405703339825,1426.2495656936558
CZE,2023-07-01,107.80844415383599,-29.9799272007839,12.3885819762141,1425.8739549333413
CZE,2023-10-01,107.499095258434,-27.9982652334344,27.606978268756997,1426.275783947338
CZE,2024-01-01,107.324846846867,-26.6494087261592,32.6117758917196,1426.4730316151595
CZE,2024-04-01,106.94488731221601,-25.894866390542497,19.8043807808494,1426.7718020624566
CZE,2024-07-01,107.26583872308699,-26.350549565551802,29.930659346955302,1427.3675004849463
CZE,2024-10-01,107.31560165262299,-23.2985267930157,30.419210665405398,1428.1833045112535
CZE,2025-01-01,107.64664472887699,-24.9787531895508,19.1146770858619,1428.8742719885136
CZE,2025-04-01,107.508169201516,-24.0231625765727,33.5290537351153,1429.3298808269142
DEU,2000-01-01,65.5791418105846,8.43408541331161,,1346.298655835197
DEU,2000-04-01,66.390386821299,7.37449369582297,15.61342910222,1347.093229611224
DEU,2000-07-01,66.4876187481867,7.01239962067533,-6.274421453868791,1347.166256722115
DEU,2000-10-01,66.17352834780989,7.18437170273416,3.42443171388081,1346.7395020424447
DEU,2001-01-01,68.49231826054461,5.74345842528342,25.3292543914147,1348.840315409299
DEU,2001-04-01,68.4384726172696,4.56917654266418,-37.3008233508084,1348.588753185757
DEU,2001-07-01,68.6741613498214,4.44195150803348,7.75098754313879,1348.588753185757
DEU,2001-10-01,68.6283728716946,4.04660579104059,17.9731583860162,1348.2764032254745
DEU,2002-01-01,68.464116027986,2.52070104177078,-31.289431786522698,1347.8090332143256
DEU,2002-04-01,69.1326146619346,1.2436255297102101,-25.0745834377864,1348.1951234688604
DEU,2002-07-01,70.2622655797262,0.30014395238252,18.1188219923403,1348.879211803317
DEU,2002-10-01,70.5093863564116,-0.08523701448202,19.5255730213891,1348.6037410474244
DEU,2003-01-01,69.5647540072442,-0.10761618728255,-26.702946352936802,1347.2362145190727
DEU,2003-04-01,70.0482859637165,-0.27979695832915,-2.71788250357803,1347.3820069920537
DEU,2003-07-01,70.9868792930742,-0.13685741620284,22.4055637716296,1348.2884116782682
DEU,2003-10-01,71.50361816898099,-1.7054143597109401,1.8398229293415902,1348.4086398335223
DEU,2004-01-01,71.3132046810165,-1.8202364068502002,-16.9529457710204,1348.2553256713663
DEU,2004-04-01,72.21096126083279,-4.32226201124215,-16.5804720306557,1348.8433250464486
DEU,2004-07-01,72.0157484012519,-3.6169174088411,-4.1068582634529305,1348.5197494633414
DEU,2004-10-01,72.2901467547963,-4.50346389874675,-7.58201761136034,1348.483733451692
DEU,2005-01-01,73.1040807909362,-6.60576853203345,12.085817815728001,1348.6426878604982
DEU,2005-04-01,73.58790244472631,-4.8988973304657994,13.6628140984379,1349.2403429064966
DEU,2005-07-01,74.3030418930117,-5.35732160769029,-13.819059544808901,1350.023814857125
DEU,2005-10-01,74.4822854265364,-4.79690141759561,-13.2745877178781,1350.4014913119722
DEU,2006-01-01,75.6054215995392,-3.54036105027842,17.7217039734457,1351.5113997895537
DEU,2006-04-01,76.8313592527292,-3.58963448788902,-5.6667656566834,1353.2093908979277
DEU,2006-07-01,77.3051326215235,-3.7758837834141197,-7.94990784698556,1353.96247683132
DEU,2006-10-01,78.2810488000497,-2.74421333531063,0.36240793016155,1355.418241653587
DEU,2007-01-01,78.3083845850567,-3.6492128195982096,-20.4787671067673,1355.5497996075314
DEU,2007-04-01,78.7441877739119,-3.4979463401399298,1.0041256330917,1356.2077501259987
DEU,2007-07-01,79.21397342493121,-4.62627408779932,-22.820395097347,1356.7177267387701
DEU,2007-10-01,79.6288668217351,-4.3819182302427695,-15.2767788311,1357.4559006262357
DEU,2008-01-01,79.9483690257702,-4.70233250377375,3.69796367857417,1358.04151165129
DEU,2008-04-01,79.7324473128676,-5.0764724694384995,-2.7898104314235996,1357.680720333314
DEU,2008-07-01,79.3902266164926,-6.32742033308589,-22.086966584277302,1357.1315725109544
DEU,2008-10-01,78.2465328362377,-7.92904275885887,-24.3005494275982,1355.5665288164062
DEU,2009-01-01,74.1813865396747,-7.340933850870179,-2.00002915556942,1350.765951912234
DEU,2009-04-01,75.3689647340645,-11.4937045945909,-3.17876873697475,1351.01213012413
DEU,2009-07-01,76.3066315706706,-12.751835737654,-9.3517930537957,1351.630743906453
DEU,2009-10-01,77.3254966044148,-14.3746527210833,-8.1972732581336,1352.3957937931395
DEU,2010-01-01,77.8287667083295,-13.051977915386601,-3.30363492724603,1353.1205310947767
DEU,2010-04-01,79.5631888359611,-12.9942652287006,-0.23755596796557,1355.2640765739156
DEU,2010-07-01,80.2139779645414,-12.081191337228999,5.20129359099843,1356.2244340467123
DEU,2010-10-01,80.4584892390692,-10.4337820980775,-4.55421342233962,1356.8780007643686
DEU,2011-01-01,82.0323814346235,-11.9446263912707,-40.3684301033853,1358.6697590840577
DEU,2011-04-01,82.2675125253247,-12.6027317710519,-2.6571355741911202,1358.9404999234082
DEU,2011-07-01,82.6061961293097,-12.758780714843098,-13.365847874963999,1359.4798173966415
DEU,2011-10-01,82.52111144093371,-13.0709262874148,-10.515958254985499,1359.4690679829232
DEU,2012-01-01,82.7672826016954,-14.2238652287063,-6.56822269172766,1359.6813232521997
DEU,2012-04-01,83.02786970968829,-15.576665991517,-9.7666009265823,1359.7886247579931
DEU,2012-07-01,83.2812012224876,-16.26740299263,-7.827054457793051,1359.9921648348027
DEU,2012-10-01,82.9990377994551,-16.8904642499949,-32.8545377990278,1359.6920623183505
DEU,2013-01-01,82.9239691661164,-19.4662026294467,-25.9172374594147,1359.1376641400257
DEU,2013-04-01,83.7567651978151,-18.1248267863922,1.1754851738232701,1360.2967250026704
DEU,2013-07-01,83.9569626367505,-17.0489762151878,-4.22597786457908,1360.807584916564
DEU,2013-10-01,84.0794005547373,-18.3141643166073,-49.6747345324411,1360.95608418485
DEU,2014-01-01,84.8566127810237,-18.4266518929591,-10.9823817946717,1361.9947396813736
DEU,2014-04-01,84.8737963912352,-18.9234155283199,-5.11838029399366,1361.9737493945945
DEU,2014-07-01,85.44707002223531,-19.3499190389506,2.86051987031012,1362.5282910234218
DEU,2014-10-01,86.1215709494124,-19.449056457324097,-7.2032476903983405,1363.2870910584875
DEU,2015-01-01,85.8737963620037,-19.212784843369498,-8.25439952726327,1363.0694412269108
DEU,2015-04-01,86.1639304571917,-19.0704809280548,-8.15608689572206,1363.5869764710706
DEU,2015-07-01,86.8628955055173,-20.782289448420798,-1.38118377784741,1364.1224073343376
DEU,2015-10-01,87.34027381209471,-21.004505158557,9.422061737100169,1364.6345355550256
DEU,2016-01-01,88.01924751728299,-21.1215173241393,-9.23784852410653,1365.509388775837
DEU,2016-04-01,88.13931678559929,-21.865335078122598,-18.966681851305,1365.7319426494746
DEU,2016-07-01,88.3384260494543,-22.0341013360008,-13.106065067108899,1366.0849964819981
DEU,2016-10-01,88.8064383473121,-23.1562037708402,-2.2350430563157,1366.5471314587035
DEU,2017-01-01,89.8704948619084,-24.2057286254947,-24.539284647055602,1367.8367737692415
DEU,2017-04-01,90.237417367448,-23.7388334318803,-4.64737183792875,1368.546701855899
DEU,2017-07-01,90.7842837000266,-24.6400033587506,-30.481007564922603,1369.3393770155005
DEU,2017-10-01,91.56790301894439,-24.846847733687998,0.74521477201274,1370.3480181489501
DEU,2018-01-01,91.2391611471852,-27.504210118446597,-33.1879474963942,1369.7940249679818
DEU,2018-04-01,91.3060239375146,-25.233795255444903,-17.6489887204303,1370.5769015161711
DEU,2018-07-01,90.6570357877827,-26.0318314708527,-32.2581978649076,1369.9200761557822
DEU,2018-10-01,90.7042470203837,-24.650555595939398,1.53684722936664,1370.3648732292447
DEU,2019-01-01,91.3682554833717,-26.4844528703493,-15.267333276862399,1371.0187819370663
DEU,2019-04-01,91.6123605216636,-28.762213412343602,-21.3701382068146,1371.0762743455646
DEU,2019-07-01,91.5871870208012,-26.890202029072203,-2.85734606716658,1371.4587294238045
DEU,2019-10-01,91.526465766557,-29.1725543683641,-26.613069505061,1371.1241668487946
DEU,2020-01-01,90.3945598577363,-35.9211986424953,,1369.0734100237896
DEU,2020-04-01,84.97078149693,-53.6264494068536,,1359.780569016234
DEU,2020-07-01,92.4194381034925,-49.1393205029256,119.39512090789799,1368.1011497300015
DEU,2020-10-01,92.3432056684579,-46.6014200509049,-141.748501633947,1369.0636326604626
DEU,2021-01-01,91.6335790832991,-47.772255300134596,-164.429961004294,1368.4459629300993
DEU,2021-04-01,92.54359268564791,-41.143962159854,35.2306467817466,1370.7692692159872
DEU,2021-07-01,93.3109902648251,-44.2404260342167,57.9212142002643,1370.8557107592676
DEU,2021-10-01,92.78480377857849,-39.6421076942863,-9.93036516082017,1371.3919041807194
DEU,2022-01-01,92.8985360789736,-36.4004262749129,43.5120443128325,1372.0676114979242
DEU,2022-04-01,92.8957107674286,-36.4771577435765,-12.3779970667669,1372.219257242252
DEU,2022-07-01,92.8677668342989,-36.212460834947,-39.2206164106448,1372.5124146493245
DEU,2022-10-01,92.7314462160992,-39.4525111567472,-79.2502163698575,1372.1624184067086
DEU,2023-01-01,91.5925898297958,-36.2609765105665,-17.8554228389539,1371.6898773857756
DEU,2023-04-01,91.4412894888824,-36.044750150903,-4.416026620631349,1371.61367528069
DEU,2023-07-01,91.420800704046,-36.829241680642696,-39.4017788255082,1371.61367528069
DEU,2023-10-01,91.5499361890587,-39.2166909072174,-16.0386323550074,1371.336974239371
DEU,2024-01-01,91.3595831478714,-39.1160287848015,-33.7833590770288,1371.2294408176333
DEU,2024-04-01,90.9573433808697,-37.7645821133149,-0.49585151926476,1370.970850039672
DEU,2024-07-01,91.1869486034128,-38.4442803166073,-0.8725852710863701,1370.9900233329006
DEU,2024-10-01,91.23622976967471,-37.696263137677896,-4.58911979532706,1371.1720253324077
DEU,2025-01-01,91.52887110519981,-38.666611091175604,-36.3514354129509,1371.4778094112066
DEU,2025-04-01,91.3919423217867,-38.9391773872523,-14.4718956427276,1371.2676847244318
DNK,2000-01-01,209.16849434814702,11.1658201186542,,1304.5288793822501
DNK,2000-04-01,211.91886363370597,-0.83741271336911,-6.3018847632338195,1305.643551825017
DNK,2000-07-01,211.016106489929,2.71223053158953,-3.1073236460881297,1305.812411815012
DNK,2000-10-01,212.03194044977002,3.06765525093304,-13.9676003535577,1307.4288477372504
DNK,2001-01-01,209.49855186963302,5.71902099322098,-9.81861972214503,1305.8572310186796
DNK,2001-04-01,209.55445375728,7.4007853906778,8.211149696584929,1306.5053705066568
DNK,2001-07-01,210.852106785597,2.4114893236751698,-9.70164170971343,1307.1701883388882
DNK,2001-10-01,211.359730666388,-0.83513336311976,-16.7637512169444,1307.6751806151715
DNK,2002-01-01,210.288811031336,1.06883119767021,4.18353393096087,1306.9669734565348
DNK,2002-04-01,209.57407844241698,3.4596430437508796,-6.72498468026293,1307.141170886655
DNK,2002-07-01,210.191292296852,2.0299520713298302,13.1341878989832,1307.5756977086005
DNK,2002-10-01,209.649307178199,2.88603785099045,-13.854168148027199,1307.3544282816415
DNK,2003-01-01,210.854492924275,-3.13365910847558,-15.2876570480859,1307.6483823296826
DNK,2003-04-01,209.856017841026,-1.09390703921298,6.08065320506718,1306.87824156685
DNK,2003-07-01,209.867400056317,-0.28839023508783,5.34217735382349,1307.1749220771571
DNK,2003-10-01,211.320377022242,1.57377271392777,14.5459184520052,1309.0838860410852
DNK,2004-01-01,212.500081220991,-2.9692450571186804,0.75728574583987,1309.5122490719725
DNK,2004-04-01,212.273462881203,-0.7643518264735399,0.60456346011372,1310.2469193917009
DNK,2004-07-01,211.84846862672103,2.9225171570287,13.5238221533551,1310.4444997797978
DNK,2004-10-01,213.330522299021,-2.00623367999736,20.3892374975844,1311.5395961234303
DNK,2005-01-01,212.489405003776,-3.3770984467144904,-28.3505125973707,1311.118068350366
DNK,2005-04-01,213.690768313243,-2.38154061130582,18.4648993457818,1313.225529070964
DNK,2005-07-01,213.27672576954703,-2.25287762138458,8.40556017730226,1313.087207554483
DNK,2005-10-01,213.77472762368802,-5.50513316127699,-7.45083079608966,1313.6329791404717
DNK,2006-01-01,213.05947395077197,0.17699488133747,20.9509997169508,1314.6745502774143
DNK,2006-04-01,216.214711380447,-7.39749353679042,-1.49117976326545,1317.6325287866457
DNK,2006-07-01,214.90978342820202,-8.17508186719598,-31.533776855873803,1316.9310129247099
DNK,2006-10-01,212.87731195557603,-1.42230965797035,3.6584406855418297,1316.8020065934143
DNK,2007-01-01,212.846009961788,-5.38270013778061,9.248777501881369,1317.182493518624
DNK,2007-04-01,211.499298645936,-5.52210029702014,-6.4074594380962395,1316.0986219560666
DNK,2007-07-01,213.427928265626,-10.250597448658901,5.97308957618683,1317.7955498581432
DNK,2007-10-01,213.345013902841,-5.5664791090883705,22.2156895559008,1318.896632863894
DNK,2008-01-01,211.79067705058497,-3.64806838479981,-3.63608399638468,1318.5205773434611
DNK,2008-04-01,210.621232770794,-2.75096367989365,16.371936399630897,1317.5759110118722
DNK,2008-07-01,210.146740411966,-6.49714048780041,-7.201057599232399,1317.0456727426592
DNK,2008-10-01,208.384239307005,-8.08405686300323,-37.9673165351886,1315.1492572814964
DNK,2009-01-01,207.18029039218501,-7.31616317583033,-0.5852231632425999,1313.1695893686995
DNK,2009-04-01,206.91478912486997,-10.9005233716819,14.867328862516798,1311.3293570775897
DNK,2009-07-01,207.91929140801798,-14.0994207280905,12.242459028051101,1311.6075852280626
DNK,2009-10-01,208.840202330249,-16.7616746226965,2.14869755164554,1311.7951258306055
DNK,2010-01-01,209.883094032083,-14.154324755846002,32.4120642200785,1312.6726445365375
DNK,2010-04-01,210.133618241728,-14.324409255381099,-8.19091255146064,1313.1141536383877
DNK,2010-07-01,211.356114560306,-15.6238702822706,4.88060241717405,1314.4800961523235
DNK,2010-10-01,210.539168172268,-13.798885610605598,10.3523003781096,1313.9170345720697
DNK,2011-01-01,210.60737490564398,-11.9091114014138,-30.303804655649802,1314.5987321611026
DNK,2011-04-01,211.271353480331,-10.6227468029834,32.5099736520616,1315.5432709548047
DNK,2011-07-01,209.728231997966,-9.0130252377348,-5.41102314215983,1314.2454002440863
DNK,2011-10-01,210.283669434361,-9.472411195995809,-4.139064996187511,1315.0108108028012
DNK,2012-01-01,210.557552092746,-11.6610541842693,7.7708961186931,1314.7703000150675
DNK,2012-04-01,210.79350490783798,-12.9225569911428,9.472162364854771,1314.7467222500193
DNK,2012-07-01,210.912000938951,-13.596598993795201,-9.986756934796311,1314.9268954216298
DNK,2012-10-01,210.820483756344,-12.5389545233927,32.5712589296159,1314.9370772232548
DNK,2013-01-01,211.23683043061598,-12.8182745152229,-13.3678022993341,1315.6637646278991
DNK,2013-04-01,211.245222809633,-12.661563133071398,14.052383643483198,1315.847175225353
DNK,2013-07-01,211.851716009161,-13.1687803503204,11.5328447281097,1316.687602507815
DNK,2013-10-01,211.872337840637,-14.194713336593502,9.97120864077614,1316.7103446237006
DNK,2014-01-01,211.773935411932,-15.539321567603,-11.5737615248766,1316.721379093809
DNK,2014-04-01,211.63979897160598,-16.7302230076139,-15.909026601624701,1316.8080443488768
DNK,2014-07-01,212.750759654605,-15.9624655650356,40.0489756319798,1318.2607879925754
DNK,2014-10-01,212.496308000007,-16.5348151283882,12.3798343578869,1318.1920888884529
DNK,2015-01-01,212.765232788135,-17.1362862858179,2.68585109366019,1318.9429139875592
DNK,2015-04-01,212.96486767602997,-16.9512678910256,11.1394249802513,1319.5959875920564
DNK,2015-07-01,212.70009670318402,-16.1112449226836,19.1981019842537,1319.7559528704878
DNK,2015-10-01,212.35714331216903,-15.2303687022054,3.4569621853976398,1320.0252876279035
DNK,2016-01-01,212.76211627851,-13.691865399418099,19.576590320842797,1321.2514819226153
DNK,2016-04-01,213.15883820360798,-12.923802122742,15.7066493768266,1322.3365870662376
DNK,2016-07-01,213.63953631061497,-14.5151731654854,4.92033970597976,1323.1489852925165
DNK,2016-10-01,213.52233786929798,-13.9420275368354,11.071874459641801,1323.6766663692254
DNK,2017-01-01,214.07308111214599,-14.268776794410401,16.832963296072702,1324.639352582118
DNK,2017-04-01,214.91335701155697,-15.8687829912286,4.49788383965239,1325.838511654026
DNK,2017-07-01,214.334911562643,-15.653215627359298,11.9828055583178,1325.6148362871468
DNK,2017-10-01,214.638380160068,-16.2993663659174,14.2733584223286,1326.37266456682
DNK,2018-01-01,215.62318610740098,-20.163758011021603,21.6432346663122,1327.1820430808991
DNK,2018-04-01,215.154382642733,-20.060290987530298,16.4822757118046,1327.1470732450405
DNK,2018-07-01,215.125756397534,-21.0988128815928,0.66514485662957,1327.6828350693363
DNK,2018-10-01,214.776660858546,-21.1021611060788,4.77922576839864,1327.83122110122
DNK,2019-01-01,214.92618138015703,-22.4821440087327,14.251306752304,1328.2278098894092
DNK,2019-04-01,215.39880349628402,-22.9443591759076,14.164648908168202,1329.132643881139
DNK,2019-07-01,215.30584675688803,-23.3491522835271,-2.22942732775176,1329.4566077478762
DNK,2019-10-01,215.32879724561803,-22.812296770093397,27.9566947398693,1329.8087049280011
DNK,2020-01-01,214.93421788034502,-27.8660970294068,-70.2599663521091,1328.9743024450927
DNK,2020-04-01,213.14850354322502,-44.9684220556981,-238.426243393204,1322.8625906126026
DNK,2020-07-01,215.261205389722,-32.214199792631895,46.2649752231568,1328.7207252121218
DNK,2020-10-01,214.642421108429,-29.519349427049303,65.30394418156939,1328.758607841541
DNK,2021-01-01,214.719817787523,-29.5875836097993,-64.35937246781211,1329.2830783897066
DNK,2021-04-01,215.77245517187998,-21.950935576956702,74.01750440781561,1332.6773671841943
DNK,2021-07-01,216.143826661339,-21.9829560056855,19.6117277909017,1334.63216367538
DNK,2021-10-01,218.33490112989404,-21.3194954941481,68.1357805601711,1337.8534813525107
DNK,2022-01-01,212.043189066295,-22.550715085732502,,1332.4201572891202
DNK,2022-04-01,212.50860420138798,-19.6061196891517,20.7344348822153,1334.2131478290128
DNK,2022-07-01,213.486130127569,-22.903168718627,5.94740173746913,1335.5501456614804
DNK,2022-10-01,211.76006635891298,-22.6181065017366,-4.5730058239692,1334.2024873394262
DNK,2023-01-01,212.64256916312098,-27.150154829389,-17.052768264985797,1335.3181404450227
DNK,2023-04-01,211.440493804826,-27.973040546803702,11.6974173529104,1334.1303546873928
DNK,2023-07-01,210.28198735993402,-26.423805727231198,-15.443647395075299,1333.7060316313878
DNK,2023-10-01,212.043636983912,-29.759305174753,1.1250564528901001,1335.6541503250205
DNK,2024-01-01,212.22111233508198,-28.782150644444897,35.040467067364304,1336.142295412954
DNK,2024-04-01,213.907253547475,-31.904967447725802,11.8931789017775,1337.9993839704691
DNK,2024-07-01,214.28698776844902,-33.7241812085809,6.38805888713143,1338.5152782256068
DNK,2024-10-01,214.987154311688,-33.7422261656688,18.3684339618227,1339.805095261774
DNK,2025-01-01,213.149726836586,-32.642495487121096,4.76422265499392,1338.5248275549352
DNK,2025-04-01,213.656300278786,-33.0854473658529,7.989624387552199,1339.5501548192753
ESP,2000-01-01,50.8327951368527,1.45702870844728,,1233.9260854273844
ESP,2000-04-01,51.109121011745096,-1.08782934733233,-18.8512236246508,1235.1820981468259
ESP,2000-07-01,51.1168090908133,-1.12378755810925,1.0823766964847599,1236.196894373589
ESP,2000-10-01,50.88958585493,-0.29676759349237,-7.81038314365852,1237.2616215287394
ESP,2001-01-01,50.5615012247586,1.6012343983998902,-0.72421437265419,1238.2719799978186
ESP,2001-04-01,50.4673871649702,1.92640151415763,-1.05241230185919,1239.0462894437678
ESP,2001-07-01,50.279833478343605,3.82746398394621,-0.14999300499399001,1240.00304050258
ESP,2001-10-01,50.186887670645696,2.47399078672794,-5.23221922950721,1240.6373272525436
ESP,2002-01-01,49.5840161050984,4.54361280377871,-1.6003816935848,1241.1088885422555
ESP,2002-04-01,49.6143709193798,3.2484225191164,-5.68365732196805,1241.9436531427043
ESP,2002-07-01,49.5106835058721,2.37131281409782,-4.34547621195638,1242.5023419424679
ESP,2002-10-01,49.1089733436609,4.49488770260146,3.0143999125220198,1243.2801761019434
ESP,2003-01-01,49.3981482353986,1.42071315958654,-23.399753436840403,1244.2393000200946
ESP,2003-04-01,49.0239008393605,-0.058055946363649996,1.04773359961691,1244.6218829379948
ESP,2003-07-01,48.7716336158391,0.35618205327426,0.04670959461247,1245.3639504882856
ESP,2003-10-01,48.1231430106115,3.45072184975568,1.99282328747987,1246.1989245333139
ESP,2004-01-01,48.0597771588089,1.07674939677134,6.908482310295939,1246.782133595545
ESP,2004-04-01,48.1596528081516,0.75762400971472,-2.34876395320005,1247.8383432770468
ESP,2004-07-01,48.2711297367065,-0.8145404520179099,7.51043786223464,1248.678297173805
ESP,2004-10-01,47.917122065327,-0.75610544912162,3.36720759630722,1249.3853463106495
ESP,2005-01-01,48.1695539554617,-3.13090470117577,2.71072704470425,1250.274914656153
ESP,2005-04-01,47.358839543611296,0.5169747289566,12.3151410853373,1251.1584812879328
ESP,2005-07-01,47.566231146535095,-3.7881238123030703,-5.75153356087362,1252.1116934737765
ESP,2005-10-01,47.464944730214995,-3.25907980442756,7.06117606256888,1253.0938502234176
ESP,2006-01-01,47.3769117010081,-2.7446884287129,2.64342267766003,1254.2505595665396
ESP,2006-04-01,47.6472289713698,-5.47369185918435,5.43588743307376,1255.1465687468244
ESP,2006-07-01,47.3335613618105,-4.4577211837884505,6.09557366149905,1256.0861812508695
ESP,2006-10-01,47.556797816346105,-6.36755189558025,8.54379755667312,1257.0125307057792
ESP,2007-01-01,47.1333311597531,-5.67627743164429,0.64538560548397,1257.917295159233
ESP,2007-04-01,47.1744138051418,-6.06062560691858,5.63286826959544,1258.7910823007182
ESP,2007-07-01,46.8482572552118,-4.91392645153206,5.11759300444915,1259.5377883438814
ESP,2007-10-01,46.7183889632274,-5.50649974171789,3.40971572438761,1260.1467215560572
ESP,2008-01-01,45.950785599476305,-6.27234451669232,-3.3738989694479296,1260.333419628765
ESP,2008-04-01,45.4766599661857,-4.25019438665349,-14.803978118896898,1260.3687017093625
ESP,2008-07-01,45.4164389869254,-5.98376066439751,-24.5098487132428,1260.156822260085
ESP,2008-10-01,43.834696462543796,-2.8783554079206,-19.207930850312998,1258.5939564470575
ESP,2009-01-01,42.8567309763781,-6.35922360776395,-11.1569736910615,1255.883293720631
ESP,2009-04-01,43.424084502803,-6.9383708921405995,-9.64946267261901,1255.9489788593596
ESP,2009-07-01,43.8680156389484,-6.880395135331529,7.15802675914486,1256.1457757993815
ESP,2009-10-01,43.851334868058004,-7.06146231911519,-0.86828006828027,1256.1215917057377
ESP,2010-01-01,44.156938955053796,-10.6807862981552,6.20273440140827,1256.032164925402
ESP,2010-04-01,43.5032110033207,-5.81109547536851,4.41237178579303,1256.1555879664766
ESP,2010-07-01,43.8428413109786,-9.37508471999825,-6.79054853483712,1256.0924929432817
ESP,2010-10-01,44.322563790638,-12.1758978193982,3.7937993112440402,1256.1958778439273
ESP,2011-01-01,43.872825930492,-8.505641268408171,-4.5669149730312695,1256.117034627455
ESP,2011-04-01,44.3386353822531,-13.161984429718501,-14.476035272241,1255.857991677356
ESP,2011-07-01,43.9888992406461,-11.915371962383201,-7.211694684761399,1255.2459851700426
ESP,2011-10-01,43.9222941634989,-13.530047883769,-16.1706538931328,1254.6810770298437
ESP,2012-01-01,43.7049619512388,-13.447508204641501,-0.41152013911433,1253.7356445462262
ESP,2012-04-01,43.4718203389427,-15.7278206459144,-28.430961469840497,1252.7616143852606
ESP,2012-07-01,43.4196831820054,-16.2915307140166,-28.412649496513097,1252.3012504048888
ESP,2012-10-01,43.4517375089317,-19.168364306278,-15.152259703137,1251.4685385272307
ESP,2013-01-01,43.5858476065752,-21.254716407190898,-25.7580327943443,1251.1934705981346
ESP,2013-04-01,43.7085085954858,-21.5259176209467,9.80100660263745,1251.0910463020978
ESP,2013-07-01,43.8918822655258,-23.1134439952072,3.1603134421108,1251.02762330176
ESP,2013-10-01,43.8717613370453,-21.3351405030038,18.3566473505438,1251.217771755873
ESP,2014-01-01,44.315243943919,-22.3105205362709,5.74255916693357,1251.5951535739002
ESP,2014-04-01,44.4669315129122,-22.897952079870702,11.857446598531,1252.1335837742718
ESP,2014-07-01,45.024189519143896,-23.7151703597698,13.705067822376598,1252.9300417305838
ESP,2014-10-01,45.306639177300504,-22.7879282126617,10.5205881621478,1253.8924049125826
ESP,2015-01-01,46.332288269593306,-24.4494845578156,18.8284242497693,1255.1023125772347
ESP,2015-04-01,46.5996875972855,-23.109533463724098,14.8928684827141,1256.2158415940264
ESP,2015-07-01,46.8974734302039,-21.9936083350046,18.7756983891384,1257.1288511730654
ESP,2015-10-01,47.308490791417604,-22.214452725830398,5.97137539592534,1258.0181236475191
ESP,2016-01-01,47.594728269117795,-22.1213466886009,7.9465959203951595,1258.7101608157466
ESP,2016-04-01,47.6126102338548,-22.378095731957202,12.4131172321305,1259.0406043502726
ESP,2016-07-01,48.0013451980349,-23.048735742057698,10.5164291665808,1259.8280260146416
ESP,2016-10-01,48.2516876696221,-23.7986264315127,4.93715591169251,1260.3945673258725
ESP,2017-01-01,48.0922447158514,-21.4450965861631,15.2682735231502,1261.1000942914575
ESP,2017-04-01,48.7142541930504,-22.5198375738279,12.3130996387734,1262.1405572836688
ESP,2017-07-01,48.8836761278514,-22.9624890876494,11.8843916046776,1262.7699775035549
ESP,2017-10-01,49.1236283888491,-23.508265420559,5.25368481384741,1263.3772062521812
ESP,2018-01-01,49.0842681697137,-22.697036241020697,6.756872847649251,1263.8036863610607
ESP,2018-04-01,48.977227710472995,-21.8690079319385,6.3838741213370005,1264.4537231901445
ESP,2018-07-01,48.9204395434825,-21.8918411469989,3.1257799874756604,1265.0104406787154
ESP,2018-10-01,49.1919609176389,-23.7758488399953,6.41477544882838,1265.5940529502097
ESP,2019-01-01,48.633406076847,-21.6358812243591,-4.47502789399491,1266.205341241234
ESP,2019-04-01,49.014242938209904,-26.5663475000592,-10.1236056508984,1266.493317035109
ESP,2019-07-01,48.6788601044218,-22.219359674237698,47.0366866456173,1266.684630939722
ESP,2019-10-01,48.9054948644649,-24.064514259471,-6.81876018439428,1267.2535639116556
ESP,2020-01-01,46.5341291381208,-37.8799055038544,-122.705430638823,1261.9373639406112
ESP,2020-04-01,41.0035569666477,-103.023285402816,,1242.3475751972728
ESP,2020-07-01,42.5132531722402,-29.854252267632297,141.07359291058802,1257.105250796738
ESP,2020-10-01,43.246807821370496,-34.035915915313296,31.366626349169803,1257.82842677847
ESP,2021-01-01,45.7202507395933,-45.7734913550592,16.684954271476702,1259.0228992692087
ESP,2021-04-01,44.3464583673894,-29.8331618983654,40.0459682489877,1260.3844906084555
ESP,2021-07-01,45.804050308257,-34.8052106441655,26.0452772959175,1262.336421125334
ESP,2021-10-01,47.294340998085,-36.2363087712207,21.8210557006606,1264.3475600729828
ESP,2022-01-01,47.5374613237458,-33.1352340493412,25.9783134074418,1265.9069984083653
ESP,2022-04-01,48.2795520732977,-31.038751256978703,18.043154676179498,1267.5941890746778
ESP,2022-07-01,48.677707253383204,-32.7077211346424,15.147186247866202,1268.4066145578504
ESP,2022-10-01,49.2262661936444,-36.3077555576236,-9.125874089553559,1268.9411957960938
ESP,2023-01-01,48.6796552666802,-33.6798001590454,14.584921297300598,1269.4499274352686
ESP,2023-04-01,48.781297084679395,-36.930776877939294,19.5599980613578,1269.593711116222
ESP,2023-07-01,48.5602627356883,-34.4580645472159,18.4742608028183,1270.38039111649
ESP,2023-10-01,49.2186827516302,-37.6715081806991,4.96225203565625,1271.1657560741055
ESP,2024-01-01,49.7841085843428,-37.2125878458946,10.264331676062099,1272.2727247744608
ESP,2024-04-01,50.2003093094616,-35.8959114193648,16.820629485841,1273.1874562674898
ESP,2024-07-01,50.5493473772803,-36.608989343494805,20.357685043673403,1273.9496983894344
ESP,2024-10-01,50.4257631401136,-35.3568848307691,10.1631028257649,1274.7600107343696
ESP,2025-01-01,50.9322987704399,-38.457397374453,3.10940878557362,1275.3618744072144
ESP,2025-04-01,51.0956848117692,-38.745030365209,7.93970812473823,1276.1115134715603
EST,2000-01-01,34.73375036497,3.80558523455773,,817.7094386739325
EST,2000-04-01,34.2849928454269,5.15797175871667,-21.0516604610162,820.1468233806459
EST,2000-07-01,34.024764405404504,2.11320054478235,-25.402880885323697,821.3761068873191
EST,2000-10-01,33.8191313783728,5.88104490865649,-46.6342190620409,823.5705229127783
EST,2001-01-01,33.706843257196,2.8070372701383803,-13.491477182009701,824.9287602128031
EST,2001-04-01,32.6348025462462,-0.9911752969847899,-28.2484366217163,825.0385067615763
EST,2001-07-01,32.1228987948241,-3.48523606496932,-22.2122567163106,827.0704244607035
EST,2001-10-01,31.7220025908332,-2.25506331187911,0.24741466781121,828.5563736451729
EST,2002-01-01,29.9667241461006,6.62366627462604,-21.5092128301483,829.3399428760441
EST,2002-04-01,31.846065238716996,2.51337619619817,-3.9514979627485096,832.808868232545
EST,2002-07-01,32.3814405533552,-2.03462577824379,2.58573538948448,834.825369411554
EST,2002-10-01,31.390886131600098,-3.49269578323888,-14.907229495403401,835.5685515135409
EST,2003-01-01,32.5023135523198,-10.008604610754,0.15305041957939,837.7908135312742
EST,2003-04-01,30.3822189911035,0.0529935055128,-1.17860486032401,840.0929001729123
EST,2003-07-01,27.06715417879,9.3980712110611,-1.0921263054738,841.0921149333287
EST,2003-10-01,29.4606179049396,-6.94215459015946,-9.48222986695696,843.6590326884138
EST,2004-01-01,32.2374434298887,-20.5550659581297,8.32222140307219,845.9564078579601
EST,2004-04-01,26.9951686674515,-1.1458747613679,2.1057935984283698,845.2612002701752
EST,2004-07-01,27.466514324900498,-2.3161570376344103,-4.860589329229089,847.4911799159631
EST,2004-10-01,27.856974464747097,-3.06901186768359,17.819484312175803,849.5642637385793
EST,2005-01-01,27.42530092305,-3.02911301337239,3.66211518360015,851.3084763371694
EST,2005-04-01,28.740746133495897,-2.2420500184452,12.9937367560706,855.1865112947515
EST,2005-07-01,28.1979018781301,6.951136679480011,20.1006139468495,857.5462099540213
EST,2005-10-01,28.338364687372504,3.98888498096147,23.5831445988717,859.8146253821903
EST,2006-01-01,28.6485536900012,-3.7533047863668996,14.3480537590876,862.0994492129977
EST,2006-04-01,26.8670732229714,5.81959377515301,24.1885878594576,864.1726724442798
EST,2006-07-01,27.709643237996502,4.31639201051342,25.1454836921179,866.4232934065552
EST,2006-10-01,28.16920855995,0.19879826794778002,7.75125911173488,868.8824477002001
EST,2007-01-01,28.3214094716095,7.54191893332155,32.3995166981926,872.1325162474042
EST,2007-04-01,26.848099549056197,2.54195444852197,7.22055167581183,872.516625051234
EST,2007-07-01,24.9953987147359,3.2104587007913596,17.6515779922852,872.7308239160928
EST,2007-10-01,23.3905229478257,0.12278017334486999,23.664511845584197,872.1308855245862
EST,2008-01-01,18.4202012326216,1.65385396114602,-19.7534628904556,869.878114585644
EST,2008-04-01,19.2223317774774,-1.6716332182512499,28.8854952205157,870.9134991587183
EST,2008-07-01,16.5042859603383,6.20861221619081,0.79323871541501,870.9481580577375
EST,2008-10-01,5.440218578516061,-2.7913637489916003,-14.7437307742408,858.316818033977
EST,2009-01-01,8.726899158590589,-32.2817449308291,3.9093423450283096,855.6433135153841
EST,2009-04-01,6.445045868975339,-28.5722524942016,-13.2466628397394,852.1902087143972
EST,2009-07-01,3.14000121576433,-19.9686928762174,15.046790743136201,850.368232938829
EST,2009-10-01,5.6845635045298595,-30.4943135996816,37.6321783734656,850.8697202494974
EST,2010-01-01,6.6898224008237595,-24.351358555738003,47.6517155661362,851.9031500689878
EST,2010-04-01,9.60093640635738,-35.177490120028,50.7368972634183,853.4875926268546
EST,2010-07-01,8.67462347068219,-23.866206749944897,44.083581506639,855.0453871110667
EST,2010-10-01,8.33067334316257,-19.5284219884577,55.547402693948,857.2722501208718
EST,2011-01-01,8.75826535585538,-15.061155838229002,53.864737410888296,859.8146253821903
EST,2011-04-01,9.473203275586691,-18.3077482528532,38.9891847341459,861.2194232533031
EST,2011-07-01,8.882086594099011,-17.6973124332198,43.635336148834405,862.5204191435027
EST,2011-10-01,8.67920501751844,-17.766355848973202,46.6776753007067,862.5060562285244
EST,2012-01-01,9.56186389402427,-23.2981391423775,54.342495217403,863.1895932276384
EST,2012-04-01,10.3895331653431,-24.0153317128829,55.1445441612588,864.8379336095422
EST,2012-07-01,11.1449583633236,-30.6556895988416,61.7762191618652,865.6729021273366
EST,2012-10-01,10.6194651021662,-22.9425691111941,54.336536139725396,866.7198146733648
EST,2013-01-01,10.0849725902939,-26.159841006643703,46.298176081838996,867.0960940792131
EST,2013-04-01,8.48531215984648,-24.6016040481373,57.264337085517205,866.8918074232724
EST,2013-07-01,8.97146589534496,-28.9282686186141,48.3736995881954,866.7232574289468
EST,2013-10-01,8.09884779716109,-24.5782117086262,48.389719387062705,866.5957964681348
EST,2014-01-01,10.713968638127,-34.8216759255004,59.2110625626443,868.4604135474437
EST,2014-04-01,8.64269697779573,-29.127439139551598,51.0214389520685,868.9413906030763
EST,2014-07-01,9.2465282468173,-29.148598207025202,63.48619016757831,870.209475047358
EST,2014-10-01,8.72276873445922,-20.8269857520458,62.6589017423458,871.8074773731101
EST,2015-01-01,7.015380576900069,-23.4065643191529,55.331385395941,870.3473568397371
EST,2015-04-01,8.62955501865113,-28.467245677536702,56.860026869299894,872.220535812989
EST,2015-07-01,7.58303752355802,-26.195508460781603,55.145972932750595,873.0254083122215
EST,2015-10-01,7.13688959346496,-20.4977451118206,57.5315759761642,872.8733686879413
EST,2016-01-01,8.42465198879278,-23.4802009201888,62.379757668158696,874.4392506988277
EST,2016-04-01,7.4388895644823,-26.642621130008298,60.3060457651899,874.2175052004088
EST,2016-07-01,6.406374401801811,-14.993009678760199,51.1534557427426,875.2802718574909
EST,2016-10-01,8.613237608651641,-20.1493471533813,52.31487022757621,876.4818601406455
EST,2017-01-01,8.04046497337636,-17.602118433507798,57.436043972913694,878.4499072115188
EST,2017-04-01,9.16323525960663,-20.0511312501396,43.7939168225464,880.1439367932117
EST,2017-07-01,8.16932865806452,-19.7281006491147,64.34194035883371,880.5420115409456
EST,2017-10-01,9.63965339306732,-27.3362220664933,58.7523139132289,881.9739245516561
EST,2018-01-01,10.6074483152981,-30.606527928396698,45.2082803773894,882.6073975009011
EST,2018-04-01,9.89725387557341,-26.5479557646221,78.0737834133791,883.590870644819
EST,2018-07-01,11.806210958283101,-36.6335081892647,55.812288270367006,884.3167661654506
EST,2018-10-01,11.7005378048745,-40.228301695256604,60.889317820995906,885.2893701761886
EST,2019-01-01,12.2281147717413,-35.314171527350105,69.45925508612851,887.189819629851
EST,2019-04-01,11.4885802963273,-33.1809951606788,49.627981863743095,887.3622105092007
EST,2019-07-01,11.595272107150901,-41.372983019165,48.273590775985596,887.5608619832741
EST,2019-10-01,10.0856598198514,-37.3631226803699,72.2469179669152,888.0933119477088
EST,2020-01-01,10.566417079315,-49.3996559851546,72.5943565899694,886.2780898468988
EST,2020-04-01,9.1704241591195,-62.7415405644235,-48.2526441187419,881.1607551081398
EST,2020-07-01,9.92681440407312,-42.8495046964645,96.9106357927551,885.3079542154117
EST,2020-10-01,11.0362793848377,-46.4827325586671,75.8570722028072,887.1421143911919
EST,2021-01-01,15.2865969415798,-57.3829398366935,71.3618141502043,891.1314197823745
EST,2021-04-01,16.8192164399577,-56.139597615485705,79.6187729857682,893.2516216866649
EST,2021-07-01,14.3136885621205,-54.0370263586509,74.6908364859123,892.7685641238428
EST,2021-10-01,13.8702801143091,-47.9114952257022,66.9075890872013,894.1964071382214
EST,2022-01-01,12.2898531913059,-53.8664634804647,63.0660700464614,893.354548512146
EST,2022-04-01,11.124966887177699,-55.273682026567194,58.296606695106,891.9506671692023
EST,2022-07-01,10.6184555368141,-59.906512560353,51.71777579478209,891.5499402325922
EST,2022-10-01,7.13063066614329,-54.58430424031741,52.9795120122024,889.690278892469
EST,2023-01-01,3.4891163273503905,-51.2394042839611,66.133711994239,888.9363460313209
EST,2023-04-01,5.0571828741127405,-58.839285107345496,65.7478264919002,888.8135865485979
EST,2023-07-01,4.8637185278379205,-59.546324092216594,74.6005185937738,888.53163537153
EST,2023-10-01,3.2150949301977,-50.97326552724601,75.8032144539137,888.8646396932696
EST,2024-01-01,2.2910673762220597,-49.4450155042926,69.1717115280375,888.9776916954389
EST,2024-04-01,1.74106879172326,-49.459866353474204,71.3959120600556,888.7873599367188
EST,2024-07-01,1.19075919270839,-46.0883258241503,68.82967757381701,888.563463775189
EST,2024-10-01,1.53726653312686,-52.2856126239197,75.6427796926326,888.4527125940593
EST,2025-01-01,1.91856520427573,-54.544670878270395,78.3928158265531,888.6561236027225
EST,2025-04-01,0.9559992140723599,-47.085757022062104,78.6580404648306,889.2886141190731
FIN,2000-01-01,65.8786781971753,8.01163739958575,,1067.941215955364
FIN,2000-04-01,66.0536472906594,6.09607694822465,-19.6250166436975,1068.7115086224449
FIN,2000-07-01,65.8190095336753,9.04087416407546,-14.9615109004659,1070.2547596181969
FIN,2000-10-01,66.9690574705144,4.7478752634343095,9.70261907028098,1071.3884293146314
FIN,2001-01-01,67.1148249774182,2.12226016968255,-7.83123421801901,1071.8763866329136
FIN,2001-04-01,65.8348540285364,7.044820329435431,5.68598234018343,1071.9493753007932
FIN,2001-07-01,66.6238846648792,1.8421481888406002,-5.450776693418289,1072.630242121811
FIN,2001-10-01,65.57156079804149,2.4599420466562503,3.2777477475949204,1072.3025063923394
FIN,2002-01-01,65.8724291426744,2.6776942206634,-1.3445553726363901,1072.9984859292829
FIN,2002-04-01,66.0696068732685,2.11829509128296,-9.20751802715388,1073.9023656715149
FIN,2002-07-01,65.6689555382786,-0.54894481387607,-9.312806594521609,1073.6874822010518
FIN,2002-10-01,66.3727917260892,-0.87837953842834,2.0989996289256,1074.8561513319296
FIN,2003-01-01,65.6533892409481,-1.7179124450456398,4.986865346545811,1074.1102974755142
FIN,2003-04-01,66.1975519783248,-1.10187973936814,1.56210599176098,1075.564501448068
FIN,2003-07-01,66.87266187530429,-1.34266962033237,13.707716225193401,1076.7516099747472
FIN,2003-10-01,66.843449791554,1.9530425086427001,-6.69539167448651,1076.9663242978436
FIN,2004-01-01,67.65152626528939,-0.8631930858076999,11.3292780337484,1078.2201020054918
FIN,2004-04-01,67.4564244498576,1.2596816943692,1.38334297252119,1079.0328876184994
FIN,2004-07-01,68.5359406036874,-3.2591858701374896,-10.3080291753898,1080.161431378261
FIN,2004-10-01,69.3025891074245,-3.72146614447372,2.34604660632967,1081.6813894946267
FIN,2005-01-01,69.81624752176249,-5.41675841918055,-2.43058709372764,1082.6614861669273
FIN,2005-04-01,68.1737763238147,-4.874641439232031,6.66395647616507,1081.4122319554126
FIN,2005-07-01,68.10279310175609,-0.8040123239691299,4.96328342295256,1082.8519964347038
FIN,2005-10-01,67.69586746102199,-2.40150598944531,3.5015337739845998,1083.1509207285983
FIN,2006-01-01,69.4231833998152,-3.9962271889261,-3.69885556522434,1085.6611534455633
FIN,2006-04-01,69.1524303858923,-3.4226497087175805,12.7131117659696,1085.8133238286748
FIN,2006-07-01,69.09244955167169,-4.11210307558917,-4.17947947487791,1086.7653744651316
FIN,2006-10-01,70.1411298068052,-7.82949560884462,-0.13111364685672,1087.5988471047103
FIN,2007-01-01,70.9477642775537,-6.4461012482958395,8.23159412570431,1089.5609057404333
FIN,2007-04-01,71.1240321796047,-4.58168997104411,-8.072977038389629,1091.26309014249
FIN,2007-07-01,71.7562464464067,-8.75499973104234,5.57209445023852,1092.202796643868
FIN,2007-10-01,71.5392518748132,-5.99590172752818,-0.96605754902058,1093.4855440251404
FIN,2008-01-01,70.98095546820859,-7.15526603570887,3.5918554822414004,1093.3767465827414
FIN,2008-04-01,69.53690925864619,-8.14140676637197,-11.1561623033784,1092.6046388085479
FIN,2008-07-01,68.9994051019464,-5.29907571428303,-10.8423371480017,1092.9403692471465
FIN,2008-10-01,66.33217809834831,-5.1688889421627,-6.86604158016096,1090.7404472364913
FIN,2009-01-01,61.3876277478508,-9.73781951085267,-18.4399060107198,1084.020816592179
FIN,2009-04-01,60.9430836596515,-6.280617766085291,8.1737641079411,1083.5946865571866
FIN,2009-07-01,61.883851673392996,-5.45826018370414,1.3218298405359101,1084.546552414626
FIN,2009-10-01,61.6549110298415,-8.64149674733975,3.56377764711035,1083.8364485885963
FIN,2010-01-01,61.7347712462048,-5.32638408272801,7.33679863973941,1084.7023733300477
FIN,2010-04-01,64.4371020186279,-9.74139711194534,-1.01470794804028,1087.5250833534108
FIN,2010-07-01,64.209729948391,-13.044561159428,21.6074711466593,1087.0319295904
FIN,2010-10-01,65.2645174553163,-10.2878310393279,23.699908287172,1089.1615108028966
FIN,2011-01-01,65.6837914950775,-14.710467659111401,-23.4578483919883,1089.5812970686281
FIN,2011-04-01,64.1535321980333,-8.83502369958529,32.5301234488401,1089.3326099705441
FIN,2011-07-01,64.3339424643111,-13.3933246844815,-3.38302051134862,1089.4551749360257
FIN,2011-10-01,63.5420742567147,-12.063593993761899,3.00060491813995,1089.553489680953
FIN,2012-01-01,62.7891487176776,-11.662725746003701,25.183896606448,1088.9416281092554
FIN,2012-04-01,61.7027335424037,-14.1759870561944,-35.4964307197566,1087.887703679749
FIN,2012-07-01,60.7396390756756,-12.5804350454541,19.8019421733526,1087.534543285874
FIN,2012-10-01,60.629623356641304,-13.7120067558086,12.2730977337337,1087.4114943063257
FIN,2013-01-01,59.6892526013583,-12.643567938229799,9.1704329221923,1086.54015344347
FIN,2013-04-01,60.0594848520695,-13.4843916741189,12.557230351162799,1086.9843825417006
FIN,2013-07-01,61.0629822054557,-17.8682802334564,5.28934119646045,1087.2503553033164
FIN,2013-10-01,60.4406592920737,-16.8957720700542,14.822693751101301,1087.073752300741
FIN,2014-01-01,59.684733659301,-17.6770310637029,10.2982838053116,1086.2147880776793
FIN,2014-04-01,59.4452990322767,-16.9432706193415,15.473189534610398,1086.4101343046948
FIN,2014-07-01,59.1193647312663,-13.426983714118702,20.8465507131093,1086.7043476877398
FIN,2014-10-01,58.7128166571065,-13.02129906315,3.96357507454953,1086.6012804749819
FIN,2015-01-01,58.131456575242005,-14.7576547046006,32.0422853445935,1085.7728960638758
FIN,2015-04-01,59.340400869917495,-15.9944549661439,20.5488900136304,1087.2067083118936
FIN,2015-07-01,58.48097347635171,-13.312122294776099,15.629595829117502,1087.1155575270031
FIN,2015-10-01,59.212913858471,-15.407644056473698,6.250280025355299,1087.6876696450158
FIN,2016-01-01,59.8827701021604,-14.995117332430299,38.0328942203481,1088.846444219873
FIN,2016-04-01,59.307637476662,-13.401501579119,5.012464391364,1088.8259024780477
FIN,2016-07-01,60.099338466443996,-15.758572801623899,10.7105809389191,1089.910689102049
FIN,2016-10-01,60.987281904926306,-18.2619773942808,31.433684434696303,1090.3586202466688
FIN,2017-01-01,61.0641660282903,-17.6114646650687,-16.1353862904995,1091.325041239548
FIN,2017-04-01,62.2260430935919,-20.074021259187198,19.9543398703055,1092.6316106770525
FIN,2017-07-01,62.4492231485266,-21.322420928384002,21.5659984638087,1093.0979708701113
FIN,2017-10-01,62.6646020544831,-21.4913842111604,21.9286157507422,1093.882274635611
FIN,2018-01-01,62.0249669038628,-21.1155942554897,11.7412838806984,1094.0986558345776
FIN,2018-04-01,61.2300316064872,-20.683075073231898,24.4114593073126,1093.901803631794
FIN,2018-07-01,60.4155332253293,-20.0442873920844,2.6853671645187203,1093.8041204903516
FIN,2018-10-01,59.7544419007477,-19.5973155630674,24.0901962100437,1093.8929272881317
FIN,2019-01-01,60.323568712603205,-20.5218216619637,28.6256442236747,1094.757325518287
FIN,2019-04-01,60.6472912074413,-22.159686164188,9.60223046883634,1095.460633600909
FIN,2019-07-01,60.9724889048763,-25.083557828070802,13.002436447972801,1095.5182921416488
FIN,2019-10-01,60.4857083577929,-25.071962413049597,14.1919062179417,1095.32246734221
FIN,2020-01-01,60.1237470418119,-23.648793037727998,20.1259632202779,1095.1104747964341
FIN,2020-04-01,57.198167194642004,-39.5162340360726,,1088.3672848251854
FIN,2020-07-01,59.03444343038869,-25.622712580089903,91.1098087375822,1093.190982485381
FIN,2020-10-01,59.9300847233472,-28.9920840690438,40.7634539972496,1094.1712691189143
FIN,2021-01-01,59.173234006974,-30.1799532323203,26.4962562838023,1093.4481025270431
FIN,2021-04-01,59.978470401500296,-31.039559821428398,34.7484165401918,1095.0595998337121
FIN,2021-07-01,60.161649709538004,-28.5125762153281,48.9873343467613,1096.0878461384734
FIN,2021-10-01,60.0037860328917,-28.956913940385498,13.0218249754753,1096.9111665377256
FIN,2022-01-01,59.0613349496969,-31.687317669849502,-2.25936325509608,1096.2353656681723
FIN,2022-04-01,58.9344756825572,-33.243222461474694,29.672412373572598,1096.576429528364
FIN,2022-07-01,57.691667478253905,-29.9005363165542,42.9209116466196,1096.3376337755055
FIN,2022-10-01,57.1750789350231,-33.7889381592983,-10.785686211256,1095.4274211721633
FIN,2023-01-01,56.901963730796204,-31.0568274366445,39.3126750374875,1095.9140146764103
FIN,2023-04-01,57.2289174329899,-33.4569300416278,51.6723276281421,1096.1052126766715
FIN,2023-07-01,56.2920029100623,-38.2571004972704,-80.6534452243629,1094.5159050741427
FIN,2023-10-01,56.47077967665191,-38.355902563757596,52.0792004058051,1094.25090597906
FIN,2024-01-01,56.841366237943504,-35.5127540705601,42.9635649001524,1094.9683108979107
FIN,2024-04-01,57.099517366479304,-34.7651662690176,12.2140750488863,1095.3924487999807
FIN,2024-07-01,57.8276519237797,-37.2819069123493,6.62385157051641,1096.120839982816
FIN,2024-10-01,57.753991796147794,-36.5812821621335,14.9263838323506,1095.976628818816
FIN,2025-01-01,58.637696750733205,-42.482485937318096,17.2153188232381,1095.9696736276323
FIN,2025-04-01,57.619537309149806,-39.440648886053495,-7.61058371132602,1095.5479820569012
FRA,2000-01-01,95.1369556691242,5.91631327605276,,1308.239622573512
FRA,2000-04-01,95.6864163158245,4.59455298146722,-0.09935236128583,1309.3404075426586
FRA,2000-07-01,95.6501581212756,5.00923022776935,-1.4164408541732298,1310.1118698851851
FRA,2000-10-01,95.5115954231101,5.43923355978832,-9.24506776499998,1310.717460986856
FRA,2001-01-01,95.8473086604695,3.48202850354514,-0.24036195547864997,1311.236617145254
FRA,2001-04-01,95.7222949646767,2.04135540280752,-1.17726040211547,1311.259986909874
FRA,2001-07-01,96.033873776655,1.0797585968252,-0.6145992698921899,1311.83412996831
FRA,2001-10-01,95.2800599415673,1.46511265432349,-2.39630159875018,1311.3961782640056
FRA,2002-01-01,95.8046647216794,-0.8600602158128899,-6.25368999390064,1311.967436524958
FRA,2002-04-01,96.1844329034871,-2.32663595723161,5.67871593674902,1312.4344613459377
FRA,2002-07-01,96.33984005735829,-2.36902784439599,5.31780716305855,1312.8518197579479
FRA,2002-10-01,96.1024278645602,-1.97959723990912,-0.25382438758007003,1312.9381691321441
FRA,2003-01-01,96.1063631493402,-1.73523331620304,-2.24460312327849,1313.2418851244631
FRA,2003-04-01,95.42147637475719,-1.12450769495724,-2.60269941469396,1312.795352338247
FRA,2003-07-01,96.2375494554508,-1.69176059750316,-0.66443674284878,1313.8748603403326
FRA,2003-10-01,96.26907781509429,-1.7214115548523201,-1.81316593056065,1314.2192474938404
FRA,2004-01-01,97.0673782292183,-2.38851745993715,0.79518377624164,1315.299092871842
FRA,2004-04-01,97.144383911975,-2.2309851419385,-0.5094356881343,1315.7354002490883
FRA,2004-07-01,97.0843640501779,-2.15928572244989,-8.4535050798602,1316.0916944988562
FRA,2004-10-01,97.50424569572729,-1.72299797160762,11.6021854906989,1316.975103471112
FRA,2005-01-01,97.08257613372871,0.16211757101309,0.9628038548347,1317.2763292847724
FRA,2005-04-01,96.8436562195244,0.49787189998603,-0.37087372582803996,1317.4954119742156
FRA,2005-07-01,97.1624736593011,0.29440488863135,1.52032842182454,1318.2510520540077
FRA,2005-10-01,97.473827081835,-0.23417053814051,4.69472590952409,1318.9378828416793
FRA,2006-01-01,98.0549818358905,-1.23765650535608,8.803407795906509,1319.810756736617
FRA,2006-04-01,98.7806891125977,-1.9237128181164802,3.9277491080078804,1321.005570582723
FRA,2006-07-01,98.2474058856818,-1.54516831387373,-3.66927103655284,1321.0771428590313
FRA,2006-10-01,98.1429886801154,-1.10884448025644,-2.04380695963217,1321.621594996062
FRA,2007-01-01,98.4019369071367,-0.27671993448781,7.53271665521142,1322.6587347438794
FRA,2007-04-01,98.3516892188706,0.5759042872283799,8.18819585904253,1323.3125199706863
FRA,2007-07-01,98.0381532570975,1.43137056331003,3.2979151038850496,1323.63000921097
FRA,2007-10-01,97.631967006279,1.49657922261969,-3.84047572154523,1323.733731568297
FRA,2008-01-01,98.0675923853434,0.19950384960919,-8.73192838756784,1324.5956877348328
FRA,2008-04-01,96.98824106691511,0.46514605836997003,-9.24272168507268,1323.8455740234053
FRA,2008-07-01,96.4877220554254,0.91724999716088,2.43381383445345,1323.6060387728487
FRA,2008-10-01,95.0929927208814,1.7236803715882099,0.12347062646073,1322.3270772622734
FRA,2009-01-01,93.4162459822908,2.13650451854497,0.59708864545866,1320.4412747306912
FRA,2009-04-01,93.7535642627441,1.39932528991443,10.1424269442218,1320.6188216102555
FRA,2009-07-01,93.86913768945469,1.00982865383555,4.73105679590744,1320.7706597126312
FRA,2009-10-01,94.4536582380773,0.43321758296128,10.6989735211819,1321.4796148709265
FRA,2010-01-01,94.6019830404888,0.08675526525568,8.59428448270225,1321.822158883007
FRA,2010-04-01,94.6637767201844,0.92583093574024,6.56946615737035,1322.2873830500453
FRA,2010-07-01,95.02041752874901,0.92943279035593,12.7557489028605,1322.9414722803554
FRA,2010-10-01,95.1199615036623,1.84141232727828,10.7333256987967,1323.5404521375283
FRA,2011-01-01,95.8964382724635,2.11991997942061,8.23380290621926,1324.8475187878032
FRA,2011-04-01,95.4553909225108,1.81235553773559,-15.117275473393901,1324.861251868392
FRA,2011-07-01,95.4586731424319,1.53051162333449,2.01291052533983,1325.176540592822
FRA,2011-10-01,95.52333120045921,1.03445231694032,-2.26161217581433,1325.526462152698
FRA,2012-01-01,95.1758389184811,1.47711990458095,7.4099422345548795,1325.4806077618273
FRA,2012-04-01,94.6247529230778,1.37661110027817,0.9530182817373201,1325.0856850998887
FRA,2012-07-01,94.7981246052403,0.7995029013363899,6.037634045394849,1325.3886955718044
FRA,2012-10-01,94.6533253585538,0.7306601183231499,8.149587419152141,1325.374789213481
FRA,2013-01-01,94.6540871488775,0.76261790461477,8.86599210029393,1325.5652065578508
FRA,2013-04-01,95.4173625566183,-0.23939332740490002,9.38414719618611,1326.438016700402
FRA,2013-07-01,94.9673567258537,-0.08366715561777,4.7537906395605605,1326.1998355198086
FRA,2013-10-01,95.3845257465272,-1.20621041653946,9.760498862612051,1326.8090103728728
FRA,2014-01-01,95.2411357084461,-2.22218065994023,0.4825579545025,1326.8124678886481
FRA,2014-04-01,95.32524155513809,-2.39954767396841,13.5578753277276,1327.0620265771513
FRA,2014-07-01,95.7989787199877,-2.9423824236502703,8.37484739469476,1327.6986002990523
FRA,2014-10-01,95.40068947078359,-2.79870206972383,13.9058233553958,1327.4190330898148
FRA,2015-01-01,95.810100665405,-3.30660105281581,9.552049715115569,1328.0005725684744
FRA,2015-04-01,95.6941062955369,-3.64311093204897,4.23627347786847,1328.0720398162507
FRA,2015-07-01,95.6842943396394,-3.63209269087385,9.944507610763049,1328.325238930781
FRA,2015-10-01,95.6627742096281,-3.85676423500703,3.82013943771467,1328.5706137460502
FRA,2016-01-01,95.70720478067281,-3.7496246704886405,17.9378977631616,1328.8844297840255
FRA,2016-04-01,95.2198465627234,-3.58201523113207,5.38974720932091,1328.7050863881839
FRA,2016-07-01,95.1032746556867,-3.84584646257654,12.5671341625963,1328.8393784442142
FRA,2016-10-01,95.4836330299655,-4.31589067138397,16.1450069572272,1329.4662039045725
FRA,2017-01-01,95.68904091980261,-3.98558483793597,9.67433191004721,1330.1347370724516
FRA,2017-04-01,95.9904438022349,-4.20285832534887,12.286890583654001,1330.9046741006384
FRA,2017-07-01,96.3299330053312,-4.228255631554069,16.473812576906997,1331.6117499332602
FRA,2017-10-01,96.3956814266613,-3.7090297409882997,4.8746960198951,1332.211121079661
FRA,2018-01-01,95.8341069293798,-2.81755532743478,8.64832945528283,1332.1711161841795
FRA,2018-04-01,95.7088381478036,-2.58538906971667,3.82925353412132,1332.4350787435435
FRA,2018-07-01,95.7001303601038,-1.73109471718462,6.90793600966347,1332.9137030061947
FRA,2018-10-01,96.0398722028919,-1.57876821828758,11.8584577595719,1333.657080018828
FRA,2019-01-01,96.3135048332707,-0.73468340071273,15.1877939839489,1334.5769774171647
FRA,2019-04-01,96.3402807739117,-0.26801146786589,16.9547157350097,1335.134664433949
FRA,2019-07-01,95.89837822404729,-0.080120500018,3.32172228710731,1335.12257450715
FRA,2019-10-01,95.01333119938991,-0.20855215371497998,-1.6040409026854898,1334.6389738926912
FRA,2020-01-01,91.8958520505827,-12.9213992803522,,1329.4371600800996
FRA,2020-04-01,91.1209941980909,-77.05554632052541,,1316.4096316888206
FRA,2020-07-01,92.9482494273893,-9.11945520972699,166.701096091655,1330.6999420374234
FRA,2020-10-01,94.2094695688017,-24.4403109163473,-276.892153578713,1330.5941810664697
FRA,2021-01-01,93.8076313113491,-22.7722959846258,9.25590724747935,1330.9930817129007
FRA,2021-04-01,93.7418431745761,-17.5861730387887,54.0724348102976,1332.2016373367794
FRA,2021-07-01,93.33521918791409,-1.07009977249643,79.20590414094289,1335.1489795624398
FRA,2021-10-01,93.04968110845961,0.17198208853666,11.4954098531953,1335.7074169489822
FRA,2022-01-01,92.7955153673932,-2.05708778371156,-8.50209448589395,1335.61158941095
FRA,2022-04-01,92.4384799315058,0.9977929016118701,27.0901203145387,1336.0515179375557
FRA,2022-07-01,92.5123657883676,1.7395594577517999,22.0300929661964,1336.5571639314949
FRA,2022-10-01,92.3327174590206,2.29151467018973,4.969670073918319,1336.9420154739257
FRA,2023-01-01,91.8123544767119,3.38758735202996,5.90088895578871,1337.0175814198155
FRA,2023-04-01,92.2633650570463,3.39107853888704,9.077124592081171,1337.9140524497245
FRA,2023-07-01,92.15377739219271,3.82406447353001,18.1845449741646,1338.1076986330372
FRA,2023-10-01,92.3069339327374,3.5303776395558,10.3415706366505,1338.5586196285403
FRA,2024-01-01,92.2442376591451,3.08235295720895,14.385887540723,1338.7025768385809
FRA,2024-04-01,92.23676689493921,2.8397345224827597,8.80220355741129,1338.893692424578
FRA,2024-07-01,92.42837263395471,3.0803061941151197,24.394767140528202,1339.2323642152467
FRA,2024-10-01,92.2882437394559,2.91218766324403,8.734503210610601,1339.1844105821303
FRA,2025-01-01,92.35786538844431,2.55455932089442,6.61059024513506,1339.2727404428529
FRA,2025-04-01,92.58701734514109,1.90185634799734,12.1769966155277,1339.606102196423
GBR,2000-01-01,-277.798757431691,-2.29683551461216,,1308.1982952044727
GBR,2000-04-01,-277.66892456913,-1.6183445990208802,10.3947049482383,1308.9162270015433
GBR,2000-07-01,-277.588850436712,-1.1366386900707,5.52134555676078,1309.5232645013944
GBR,2000-10-01,-277.357163285032,-1.38002650125295,-7.42008507317444,1310.1151998283096
GBR,2001-01-01,-277.057305365238,-1.55839579516669,-1.9602546530397402,1310.943010199243
GBR,2001-04-01,-277.178325826987,-1.8359338978887503,-11.2784434488786,1311.3528464241492
GBR,2001-07-01,-277.17583873822196,-0.54579067789173,16.9824478007963,1311.8230850264304
GBR,2001-10-01,-277.468398916213,0.10486470276623999,4.0399963682602,1312.0918333831594
GBR,2002-01-01,-277.513841734523,-0.1637549943317,-11.8605314107858,1312.3950117865584
GBR,2002-04-01,-277.614809795655,0.14648473830638,3.2382274468727603,1312.9205913765995
GBR,2002-07-01,-277.420354953201,0.6392418784881799,7.51684100173028,1313.50545033004
GBR,2002-10-01,-277.42543683170703,0.61840661379065,-0.04460885630156,1314.1632529094363
GBR,2003-01-01,-276.969899026309,0.32399961341257,-1.73044347377577,1315.0038853902697
GBR,2003-04-01,-276.62831707147603,0.72922118156356,11.4017052634415,1315.927758646711
GBR,2003-07-01,-276.005324857147,0.55674312161649,3.3706277100510302,1316.9653369258708
GBR,2003-10-01,-275.694605147598,0.71182209712885,4.5513715501459,1317.7457439713899
GBR,2004-01-01,-276.035195570975,0.74821275763018,-5.41573793066282,1318.0624738330014
GBR,2004-04-01,-275.955042015079,1.23803797039359,5.83823751162903,1318.5418924479227
GBR,2004-07-01,-276.053611598178,1.42340455381495,-1.2776127773160701,1318.8987846439074
GBR,2004-10-01,-276.244507209198,1.64805718956358,1.48659479280056,1319.354106045139
GBR,2005-01-01,-276.025047428331,1.46478140842646,-0.28640016272144,1320.1226312496717
GBR,2005-04-01,-275.599301172208,1.28353051751116,0.7458304842529,1320.9513078160119
GBR,2005-07-01,-275.26461797659,0.8083165377008501,-3.19899593097369,1321.8676690266043
GBR,2005-10-01,-274.529794168225,0.10372102026484001,-5.44241257628087,1322.9082769371396
GBR,2006-01-01,-274.86487250527,-0.56939849879608,-18.0167889826883,1323.2676807108
GBR,2006-04-01,-275.12834780167196,-0.99770191759739,-14.2771109573751,1323.5325924262258
GBR,2006-07-01,-275.526392351576,-0.12820555664858999,8.5337888475804,1323.689669399449
GBR,2006-10-01,-275.619454642074,-0.36103732901879,-7.42913602549026,1324.0446812380762
GBR,2007-01-01,-274.90597055764,-0.49264991284092996,7.549799477158451,1325.1363268265877
GBR,2007-04-01,-274.620638980502,-0.8121273443696101,1.47391115341293,1326.0722597293714
GBR,2007-07-01,-274.250534218605,-0.04350566980124,19.292540635871998,1327.0102116030516
GBR,2007-10-01,-274.092341336731,-1.29860255114189,-19.0055612063717,1327.851890332679
GBR,2008-01-01,-274.31193977288603,-1.02287840458314,2.34285981515398,1328.2251850282585
GBR,2008-04-01,-275.318400605791,-1.7820222674080601,-38.5019969536194,1327.6869993878622
GBR,2008-07-01,-277.153169384529,-0.35974071984239003,-10.9112563047214,1326.0316728742516
GBR,2008-10-01,-279.504318350482,0.38014696692885996,-36.0574645703584,1323.8929673132816
GBR,2009-01-01,-281.5111996745,1.9708211319687,-10.406162681769999,1321.849322119233
GBR,2009-04-01,-281.50255263891,1.91586363551496,-7.43325035399519,1321.5596856903949
GBR,2009-07-01,-281.520811780215,2.03628564495042,4.72099217499209,1321.6836843625088
GBR,2009-10-01,-281.442578536322,2.28998499630586,11.1399333520593,1322.0164996449341
GBR,2010-01-01,-280.630390937913,1.2760450834313999,-4.1310802223137095,1322.8527170348552
GBR,2010-04-01,-280.02208301065997,2.44874604793655,37.2130427316873,1323.9885045573874
GBR,2010-07-01,-279.954007587073,2.29697158963396,6.96625243833923,1324.5746702127003
GBR,2010-10-01,-280.03010869545403,1.9861496439867101,-6.359819099127741,1324.6252179318828
GBR,2011-01-01,-280.288500205051,1.0954517657806502,-16.4165357726752,1324.789057173065
GBR,2011-04-01,-280.509218024343,0.56433041359791,-12.6621419954488,1324.7410631290516
GBR,2011-07-01,-280.298849014894,0.40013991294084994,0.13278268650483,1324.9147558706609
GBR,2011-10-01,-280.542128959474,0.47718635566044,3.4548362259276195,1324.9975284392758
GBR,2012-01-01,-279.99772516307104,0.35909344168978,15.0680927081863,1325.9366735774229
GBR,2012-04-01,-280.59348717584396,0.48154671934640003,1.5747998925975701,1325.8836439074762
GBR,2012-07-01,-279.99448169839695,0.8122704387911199,24.0003259072735,1326.9145835577615
GBR,2012-10-01,-280.609345523493,2.0968353518195904,20.993755991537,1326.7701050808303
GBR,2013-01-01,-280.41756550152,0.86368885801699,-21.0739283374651,1327.0350530234875
GBR,2013-04-01,-280.123970247107,0.52872626288104,6.51886606928561,1327.6979663106063
GBR,2013-07-01,-279.914674066035,0.26355411132516,9.46598954559607,1328.4611470229163
GBR,2013-10-01,-279.828165389407,0.20120030862583,11.1030947067208,1329.118420814443
GBR,2014-01-01,-279.757467818495,-0.15080350786882002,8.24781562469205,1329.916304995159
GBR,2014-04-01,-279.422061882842,-0.48148180777079,10.8632381914344,1330.8527541915732
GBR,2014-07-01,-279.150732315972,-0.00321043075351643,22.335549539549,1331.6634914584042
GBR,2014-10-01,-279.015661731164,-0.58008022965661,0.8429332021833401,1332.3212238812166
GBR,2015-01-01,-279.479827405832,-0.52263124045986,6.77489451377998,1332.6244187657555
GBR,2015-04-01,-279.36779011186,-0.35081122906899,12.0222987759932,1333.0799299846265
GBR,2015-07-01,-279.668476337725,0.30601235174153,19.5111986318563,1333.4669212255196
GBR,2015-10-01,-279.728022173582,-0.55769788877912,-5.00602075996305,1334.064392345254
GBR,2016-01-01,-279.662674654564,0.16348367152083002,22.788558537425498,1334.5665316174584
GBR,2016-04-01,-279.558840207743,0.42001643870216,18.8814940153817,1335.299403029207
GBR,2016-07-01,-279.53774892648,0.42236573848545,9.41557071506092,1335.7399135286275
GBR,2016-10-01,-279.376041968823,-0.10971003950864999,2.7512403967692,1336.357000465651
GBR,2017-01-01,-278.91424262130096,-0.38407742292631997,13.4998379389055,1337.3064506544647
GBR,2017-04-01,-278.583765082425,-0.52581547916914,13.889580633785101,1338.1559551846924
GBR,2017-07-01,-278.26364856990403,-0.88755125451536,6.691970179056749,1338.8304314867396
GBR,2017-10-01,-277.993065955546,-1.09479889078813,10.8341781874947,1339.5781704592162
GBR,2018-01-01,-278.553717075409,-0.72331457268634,9.78508745343647,1339.6566515798663
GBR,2018-04-01,-278.720594244997,-1.03505693112386,-0.37593203006082,1339.8739780947126
GBR,2018-07-01,-278.797456005225,-0.46549519793750005,18.2818717068205,1340.1905409438
GBR,2018-10-01,-279.219845346787,0.54959852390778,23.0920497202739,1340.3202087374102
GBR,2019-01-01,-279.31551830586596,0.08807127822447,3.28380484048931,1340.8227798929086
GBR,2019-04-01,-279.841456721902,0.30635721577994,11.4654042962007,1341.0357901038155
GBR,2019-07-01,-279.51308040015397,-0.44571869892776,-0.9189878789132799,1341.5849076189775
GBR,2019-10-01,-280.035332159548,-0.12449137393121001,10.1589178081509,1341.590872720155
GBR,2020-01-01,-282.863873278305,0.27055769632504,-57.2025850575519,1338.8075876427113
GBR,2020-04-01,-304.76258286864197,-2.2174103862414,,1316.6104626750848
GBR,2020-07-01,-288.60563854547803,-2.05766751692977,162.763146427041,1332.2806410589753
GBR,2020-10-01,-287.344800276316,-2.52260860049001,29.360545340058902,1333.6393527542004
GBR,2021-01-01,-288.85382926137,-2.9787707306644697,-21.9518070002977,1332.5573572877754
GBR,2021-04-01,-282.594320197874,0.03963313666054,120.159818448553,1339.3066621883215
GBR,2021-07-01,-281.515181217734,0.8439585477867501,47.8192997705423,1340.979241784621
GBR,2021-10-01,-280.432659497224,-0.42862142493592,8.15068613545305,1342.3474870167772
GBR,2022-01-01,-279.746003636936,-0.37139883291657,25.1582860430045,1343.3557365698318
GBR,2022-04-01,-279.920152304236,-0.14818809777115,20.5352393778203,1343.9121125702152
GBR,2022-07-01,-280.00423812315097,0.07416380161337001,12.7485818376597,1344.0131782831759
GBR,2022-10-01,-280.16148994472496,-0.027614362467750002,9.569384026347109,1344.2730912395045
GBR,2023-01-01,-280.53475784575903,-0.39270443944915007,0.24988585458211002,1344.329548934381
GBR,2023-04-01,-280.744762489936,0.33146820104311997,21.3404728007662,1344.3708923193392
GBR,2023-07-01,-281.21551595824,-0.06354392332080999,-5.87159992887134,1344.131007790258
GBR,2023-10-01,-281.81029901204,0.23984623509140998,8.1008605172165,1343.8090485571795
GBR,2024-01-01,-281.169089638748,-0.24868080520672,14.9017388278401,1344.645500386304
GBR,2024-04-01,-280.989279995243,-0.6516547186923399,12.518973780033498,1345.28074812872
GBR,2024-07-01,-281.51390328551196,-0.27433753866325,19.2595532329332,1345.4760177848507
GBR,2024-10-01,-281.641915816328,-0.22565572074968,14.2390789797513,1345.7165648981218
GBR,2025-01-01,-281.415093427454,-0.8336779354965599,9.49639406822157,1346.376345226184
GBR,2025-04-01,-281.767118338773,-0.72908077105441,16.117625905850698,1346.6524549681199
GRC,2000-01-01,-46.0898362404349,9.62156607490664,,1066.0290051825195
GRC,2000-04-01,-45.602883100334004,6.458741882645749,-6.10239951918354,1067.429923045255
GRC,2000-07-01,-45.027558143235105,4.85372321954455,-3.29854906019327,1069.0434682166745
GRC,2000-10-01,-45.1857685992617,5.73939475330918,-25.4742448687624,1070.3487135337482
GRC,2001-01-01,-44.8765988632499,6.3857603854809195,1.53700440639716,1071.9330127780095
GRC,2001-04-01,-45.3194237779273,2.27181899082306,7.3229040636580205,1071.692573229223
GRC,2001-07-01,-44.808014352767,5.60919623141572,21.4209632932127,1073.4730070064336
GRC,2001-10-01,-44.7777348726269,4.50363750361221,-24.58942538045,1074.1598340714163
GRC,2002-01-01,-44.6549460544953,-1.4167969202686699,8.76020257868365,1075.067469250834
GRC,2002-04-01,-44.319969650654,4.15782820973538,2.59171618945234,1077.4310096363135
GRC,2002-07-01,-44.6628726575113,4.0773704452374595,-9.13642414049193,1078.152174629083
GRC,2002-10-01,-44.7842730539958,4.23242687026767,12.9723131301172,1079.0075491802622
GRC,2003-01-01,-43.8352444610916,2.6002448459059897,-9.559330147669689,1080.8846752336601
GRC,2003-04-01,-43.1594397968255,2.23031708327163,3.13041190398759,1082.6718147755932
GRC,2003-07-01,-43.3850304151581,0.1783096820829,-9.529437601561911,1083.3868548752287
GRC,2003-10-01,-42.4604450488159,-2.74876456359834,-3.3478135613381,1085.2576494294876
GRC,2004-01-01,-40.6285117378074,-16.7699049038433,9.04752736760005,1087.2676190719262
GRC,2004-04-01,-43.0551681973595,-5.15705097843714,-10.0970169866633,1087.4183132888604
GRC,2004-07-01,-42.8634770982529,-5.95973972346828,-2.44115047419829,1088.81189432528
GRC,2004-10-01,-43.9711728177119,-3.8376198317183503,21.4483091912137,1088.9433070117009
GRC,2005-01-01,-45.8275084157511,0.15584489319060002,-7.640397410371779,1088.0999434150904
GRC,2005-04-01,-46.3520958408968,2.0252542196702703,3.91597905009873,1088.698449410051
GRC,2005-07-01,-45.0788634285675,-2.6535175287553803,5.33253995367145,1090.213400730815
GRC,2005-10-01,-46.1325068002857,0.7451224306305501,-15.2910736773367,1090.8118777733343
GRC,2006-01-01,-43.5817049398438,-5.15878595436644,-0.54291902407942,1094.1238107945774
GRC,2006-04-01,-43.404540354899,-9.793789304180619,9.51567407603568,1094.7965673248639
GRC,2006-07-01,-44.291646275317,-8.24779370864516,-10.1478385583147,1095.4510206111306
GRC,2006-10-01,-42.735187007446704,-8.09259139448726,11.489298107448,1098.1499095496274
GRC,2007-01-01,-44.438494473332405,-7.740778841811941,14.411130353148998,1097.603474552303
GRC,2007-04-01,-42.7779888402968,-12.462515008642699,-0.56060601244565,1100.1608053629884
GRC,2007-07-01,-44.588482283105904,-10.185097841999099,3.8702638162653997,1099.6841037905047
GRC,2007-10-01,-47.2410225602431,-5.24303457669709,21.5273563594855,1098.5455421516124
GRC,2008-01-01,-46.594391182292,-9.29339918624443,-0.11005666416086,1099.928087164044
GRC,2008-04-01,-48.6802494177907,-7.418993437211039,-8.80007330578622,1099.0295442629267
GRC,2008-07-01,-49.031046932222196,-12.3963083727536,-1.77052905204904,1099.0583785242989
GRC,2008-10-01,-51.2599134098665,-4.9994844792512305,19.7202172291904,1098.3591276248098
GRC,2009-01-01,-56.4004163774163,-6.01334090047465,-5.92177469070198,1093.1875855063677
GRC,2009-04-01,-54.0623047351649,-7.179156823725529,25.4874619520171,1095.733954619368
GRC,2009-07-01,-54.5713435010617,-7.20672343241956,10.6720124233508,1095.3978703186892
GRC,2009-10-01,-54.784252473302196,-9.82879401364476,-21.7199127489997,1095.2298415882565
GRC,2010-01-01,-55.446137218615,-16.8372244589742,-2.19802916600981,1094.078102015393
GRC,2010-04-01,-59.9410835748895,-14.890319773279401,-77.5803479297885,1089.696337451964
GRC,2010-07-01,-62.7246215609222,-16.8021111159524,-18.557932178622,1086.4093689858819
GRC,2010-10-01,-63.2526365582928,-15.353860666857699,-17.5786096745144,1085.9652630053145
GRC,2011-01-01,-66.8672546634016,-14.1294963546956,-26.2443380182033,1082.3132652222857
GRC,2011-04-01,-68.32175415314559,-13.515877546815199,32.9533796494146,1080.4465642028565
GRC,2011-07-01,-69.571523925376,-15.530535854143901,-8.11707049933114,1078.2292385596052
GRC,2011-10-01,-73.49406241426931,-11.7731333682909,-39.973442330265705,1073.6331455953182
GRC,2012-01-01,-75.2150843050719,-2.98556642053788,23.4901428484557,1072.720016911662
GRC,2012-04-01,-76.1339973086401,-9.06155598117731,-42.8868487617036,1070.307591462414
GRC,2012-07-01,-76.97516378849059,-9.258865547593901,-10.394681411729199,1068.8445615676974
GRC,2012-10-01,-77.4953297994168,-10.0927125406652,7.38277268130402,1067.8117941212024
GRC,2013-01-01,-78.2966749922151,-7.25115421050633,9.76586191442393,1067.086984002497
GRC,2013-04-01,-77.6456507987432,-9.70805054714103,39.722230983478305,1067.2076101595924
GRC,2013-07-01,-76.9045192262671,-8.92382491206007,58.11716512641299,1067.8193982546286
GRC,2013-10-01,-76.2121814050018,-10.4537549217771,37.2528350750774,1068.3089913770539
GRC,2014-01-01,-75.9813886952181,-13.8937765571131,18.8700833038322,1068.102183635624
GRC,2014-04-01,-75.5669426910947,-16.5853914726664,31.7306992332543,1068.2055262024346
GRC,2014-07-01,-74.3622003488696,-20.184909829713803,5.29763648615434,1069.1872182982913
GRC,2014-10-01,-75.15434601627081,-16.0887101273496,45.3576592706683,1068.4187630103934
GRC,2015-01-01,-72.3417648243869,-23.1030870065932,47.307573716266596,1068.8397719952798
GRC,2015-04-01,-72.39327599105721,-22.7008237088056,22.704462318829,1068.6214891273748
GRC,2015-07-01,-74.5378904155618,-17.968280221590998,-1.95464486598977,1066.5523932542599
GRC,2015-10-01,-72.3257542272287,-18.6331451935806,43.3131875491262,1068.9197961663926
GRC,2016-01-01,-74.27359949009549,-12.7689539919319,21.276288736132003,1067.9354623147465
GRC,2016-04-01,-73.8025219760503,-17.189373374952797,32.5095312459512,1067.8921843289836
GRC,2016-07-01,-73.2543610744419,-18.137010906543598,47.3076641350412,1068.1655797393462
GRC,2016-10-01,-72.001934550042,-19.1983927348294,24.726895980866402,1068.7519224883756
GRC,2017-01-01,-71.7849101934044,-16.1535119315542,27.2610071884753,1068.939393464763
GRC,2017-04-01,-71.0535394169524,-15.588049403049201,33.4150873961619,1069.4702470976276
GRC,2017-07-01,-69.8065350746394,-17.2397897334116,30.656921347974098,1070.3666850848313
GRC,2017-10-01,-70.3868436221776,-16.7596166020336,28.5607596690517,1069.6163275810975
GRC,2018-01-01,-69.78817658269621,-14.1678574952701,25.8572549646229,1071.1168049686235
GRC,2018-04-01,-69.8775552146135,-16.0868539899995,1.5616694186012499,1071.2970054653256
GRC,2018-07-01,-70.1992649206055,-11.1684299460411,34.398891793762395,1071.5692511478157
GRC,2018-10-01,-68.87650150412739,-17.492589560188502,15.9139220647647,1072.1955951790744
GRC,2019-01-01,-67.5536099699879,-21.623129536233503,38.1635624160325,1073.32613306279
GRC,2019-04-01,-66.5183214304965,-22.8999877391072,35.6274526146721,1074.2441412658677
GRC,2019-07-01,-66.634286653327,-24.159575000741302,-12.428309734902001,1073.7367942768838
GRC,2019-10-01,-66.4140990504064,-20.6326072000457,37.3679679533965,1073.645102182053
GRC,2020-01-01,-66.392645156855,-36.544039394105596,9.74268663830702,1071.6712910675844
GRC,2020-04-01,-71.6510556833151,-106.090640411028,,1056.8489855791381
GRC,2020-07-01,-75.71225726643081,-15.0814839364766,92.84563003133151,1062.7980772229325
GRC,2020-10-01,-69.40839956396229,-56.790757617660404,2.99960785346304,1065.362452160846
GRC,2021-01-01,-64.9506216212592,-57.1917750906623,22.3732185329043,1069.4863377309873
GRC,2021-04-01,-67.84792633607691,-29.8842367500053,58.4277635663433,1070.843099484163
GRC,2021-07-01,-66.83037330782861,-25.9183167988772,45.4797783506571,1073.6742267921195
GRC,2021-10-01,-65.7965225433888,-22.877773506571998,48.0477502780476,1075.0747555063874
GRC,2022-01-01,-63.906553287837994,-18.7292382918857,38.1253253505324,1077.154976249031
GRC,2022-04-01,-63.1641984748047,-25.6660453938825,10.2282472897301,1077.321902991032
GRC,2022-07-01,-61.9263856044971,-30.5858154243295,12.3256574910529,1078.2803048285386
GRC,2022-10-01,-62.112936917811,-23.8496095516997,24.5468138474633,1079.1271808279344
GRC,2023-01-01,-62.8715467030054,-19.3021983071524,22.525632459106202,1079.1997959739538
GRC,2023-04-01,-61.5722669313555,-24.3653733486533,14.949782802577,1080.3549304024702
GRC,2023-07-01,-60.97724549956129,-30.6886615632508,-0.48607311094504,1080.4786466591047
GRC,2023-10-01,-61.5892306902319,-21.729154856296702,30.235324254573797,1081.0420637885054
GRC,2024-01-01,-62.2825494224849,-18.134397775772502,3.3344415236083704,1081.3848739353189
GRC,2024-04-01,-60.9947377489199,-23.4375541301547,18.8965828585766,1082.475388555153
GRC,2024-07-01,-60.84025821907721,-25.9387265850215,16.2452932634958,1082.7228462782282
GRC,2024-10-01,-60.9741051772049,-23.650373224989,0.8160306461219201,1083.5181050418746
GRC,2025-01-01,-60.758774554395,-30.0338716611886,27.131262814740296,1083.5795324030005
GRC,2025-04-01,-60.9961236243171,-24.8066464341006,6.38954641705228,1084.1573043740186
HRV,2000-01-01,52.205241814874505,-3.75206814878324,,918.0602553712226
HRV,2000-04-01,49.9534036234885,-1.06165241385418,-32.9822153780524,917.0923639612391
HRV,2000-07-01,50.0705655445376,-3.05464808520754,-33.894744046037,918.0870365792151
HRV,2000-10-01,49.484951467155604,-1.8850830893996502,-16.439375837571802,918.6928438965524
HRV,2001-01-01,49.7632169151791,-3.95197384219126,-8.35103795723163,919.7143677381792
HRV,2001-04-01,49.095669263921096,-1.50659167946858,-12.885937571530102,920.766680116873
HRV,2001-07-01,48.2215478156738,-3.94549145160557,-44.3731091766485,921.4362273277395
HRV,2001-10-01,47.7366425067425,-2.16645501535533,7.19189339144986,922.039960779008
HRV,2002-01-01,48.6454265333866,1.09517738028429,31.028409454618,924.1596761626736
HRV,2002-04-01,48.7477242614955,1.07561946731715,-7.0362928209954,925.5753411502677
HRV,2002-07-01,49.1614900242003,0.28516457484831,-13.634061852698101,927.565047037145
HRV,2002-10-01,48.752146687109196,0.63739753874462,-3.83813176666375,928.8855760044548
HRV,2003-01-01,48.152091233100705,1.57911800014568,0.45766668782390996,930.25639750178
HRV,2003-04-01,47.7121172534716,0.02417825724368,-16.1217958003749,931.7749787205006
HRV,2003-07-01,46.6777479586753,-0.09345490758351001,-9.80779533904994,932.4311707881905
HRV,2003-10-01,46.0354919464622,0.36178807813903996,13.6449232738587,933.420266919714
HRV,2004-01-01,45.8104997131871,0.37134829535901,-2.34834796498188,934.987620183331
HRV,2004-04-01,44.433600673601994,2.44659634142953,-0.06659444248623,935.261220541617
HRV,2004-07-01,44.140135552160295,1.9445315120226299,4.98263454047051,936.0749776237428
HRV,2004-10-01,44.218674665958105,1.08675550759485,14.8710538821443,937.9323364330955
HRV,2005-01-01,41.413036609458196,4.75167756855926,5.6638006601640605,936.527360267348
HRV,2005-04-01,44.2752626875859,0.6481825288291401,19.610350307346998,940.3816155112276
HRV,2005-07-01,43.4553720648149,1.60691213979355,-1.7264059096521698,941.3925906074727
HRV,2005-10-01,43.122745680962495,-0.04681247682787,5.6172718325192506,942.4749892444383
HRV,2006-01-01,41.7103428024573,0.08879031346807,3.7489566320463603,942.934737957799
HRV,2006-04-01,41.1152895416519,0.7836852346443599,11.5347100679205,944.5230659442918
HRV,2006-07-01,40.8003877733563,1.10702570982451,23.305080772790298,946.018038050096
HRV,2006-10-01,40.558599863397696,0.9664150386031901,23.4344895818361,947.1604030999641
HRV,2007-01-01,41.1939457659186,0.96671926261938,28.2472256063227,949.3554980153311
HRV,2007-04-01,39.6604844210852,4.0555530699158,22.28225972701,950.2211159499417
HRV,2007-07-01,38.5055871199312,3.0917360850046203,21.4126615634419,950.5052674349164
HRV,2007-10-01,37.3030538978662,2.99711894869132,23.5017104931494,950.2211159499417
HRV,2008-01-01,38.6890700338562,3.18951366985097,36.0161877144402,952.9964327206225
HRV,2008-04-01,37.172800330365504,4.36137067310692,14.540503273788099,953.3249617079784
HRV,2008-07-01,34.4249659491074,2.87708456999514,2.9238925531605697,951.9375340025267
HRV,2008-10-01,31.2788647689062,1.98618405672293,13.284405275278798,949.7667381400547
HRV,2009-01-01,26.2646390994911,-1.38754888382144,-41.6977068600799,945.064777796879
HRV,2009-04-01,26.9323296491271,-4.21028266305041,20.645737278635103,945.3647269833286
HRV,2009-07-01,25.3294928274159,1.71895495906358,23.2737418293095,944.2110606230822
HRV,2009-10-01,24.8039413301166,-2.45925983564559,19.7472316826305,945.241558316925
HRV,2010-01-01,23.5415916512857,-3.39256860991835,20.1792533776006,944.1745700626266
HRV,2010-04-01,24.563473862423802,-2.5545342921239,43.5937776199416,942.9459837506794
HRV,2010-07-01,24.7632410053546,4.30736373658493,57.014022119477005,944.255465949279
HRV,2010-10-01,22.4983632885735,-0.01079689306897,17.1726233660231,943.1826550606739
HRV,2011-01-01,22.092870934930602,3.75010993273881,47.5690613763245,942.8342729975519
HRV,2011-04-01,26.025718312131303,0.43716824297239,45.8456162660635,944.3917305772165
HRV,2011-07-01,24.114008858907603,2.9753827182611396,45.078393857268004,943.8813694791282
HRV,2011-10-01,23.3146755278974,1.23139599697226,36.1808478346471,943.1481920619719
HRV,2012-01-01,20.6182361849124,14.9796117494231,30.1657363955948,942.0836277953027
HRV,2012-04-01,20.099717362987498,10.806200496348,29.3473209482065,941.1908846132594
HRV,2012-07-01,19.428462417462,12.485932058675001,37.284807485023904,941.5279218635546
HRV,2012-10-01,22.1147176795313,6.47365614320842,46.3176944133091,940.7616220551947
HRV,2013-01-01,21.7980271393868,8.876290361747,50.4732610207707,941.1320110588671
HRV,2013-04-01,22.420301695165,4.428096343139639,40.5564571393109,941.667951683474
HRV,2013-07-01,22.3922264166984,0.11271343787615999,45.8942561197509,941.320774388611
HRV,2013-10-01,21.7285239037559,-2.7023251724277,26.938863369771397,940.8986291689992
HRV,2014-01-01,20.4555588227015,-1.48713456607581,51.148645802203795,940.3131926553252
HRV,2014-04-01,20.871692147444502,-4.12811507694008,51.4345395150307,940.9732068049028
HRV,2014-07-01,19.192285916097,-8.032629461657741,47.249276487692896,940.4738709995586
HRV,2014-10-01,20.5436578342035,-6.27416993066434,35.8806290768249,941.0911062438
HRV,2015-01-01,21.1938019200346,-13.2079354105622,52.431195583922296,942.0236563204763
HRV,2015-04-01,21.9354747164585,-13.170288846106502,54.7973325852935,942.6064467070463
HRV,2015-07-01,22.019274564135,-7.46491460334982,52.3835688443351,944.2681495644434
HRV,2015-10-01,21.4597387096157,-14.0190546947707,57.619425318169306,942.7747501438455
HRV,2016-01-01,24.536562651319198,-14.496829163636802,59.0874048884337,946.3951050743738
HRV,2016-04-01,22.668724299587,-8.02299047724742,53.4513998007573,945.6629974717675
HRV,2016-07-01,23.1004083633289,-8.39592821248322,57.1566701286924,946.164368908425
HRV,2016-10-01,23.5957548393195,-5.75716402569389,54.45914913808,947.4671930819713
HRV,2017-01-01,25.0146551476573,-9.26248348942356,58.70943812069191,948.6941274417146
HRV,2017-04-01,23.4630179249041,-4.20860740291236,55.650182961471394,948.9765953218119
HRV,2017-07-01,24.4478175615589,-9.289462922094199,61.1210147903876,950.1576122627262
HRV,2017-10-01,24.0810137615661,-6.02201288150499,49.289608038451895,950.4754731641342
HRV,2018-01-01,23.9176317455511,-5.90786137227779,58.181484996425205,950.7559323485083
HRV,2018-04-01,25.853632772763603,-10.7566499120974,58.212037655547,952.659532391415
HRV,2018-07-01,25.778810129247496,-10.6466359270814,53.2625581720937,952.9659183350326
HRV,2018-10-01,26.0107660422993,-11.9911357622551,61.6541961259656,953.364775956938
HRV,2019-01-01,25.069746475772902,-6.64282553594076,69.6252638975789,955.3376731810033
HRV,2019-04-01,26.8312201012574,-12.7687497136376,34.764620189164006,955.872000476079
HRV,2019-07-01,27.1910578994211,-19.3514197492871,63.925818809050305,955.6840729918441
HRV,2019-10-01,26.123873785975398,-16.7507421533786,71.47213321957841,955.3185118102681
HRV,2020-01-01,24.226381724103398,-12.8806788463827,68.60820439449739,953.892443574839
HRV,2020-04-01,10.2874810620846,-13.246702192238699,,938.8946702522655
HRV,2020-07-01,14.208504471811601,-7.322583385482639,125.36316225144898,943.9068301584292
HRV,2020-10-01,21.8076934221552,-14.6803967079622,88.1680712468085,951.75382658934
HRV,2021-01-01,27.4737283629217,-21.4837473956947,77.6703931401579,957.3871756711402
HRV,2021-04-01,24.559273243444398,-8.61035150223149,84.6972951689403,956.8706884405884
HRV,2021-07-01,26.0094634752592,-11.413526423592,75.5548894036285,958.7776307362844
HRV,2021-10-01,28.5047287978763,-14.2446441064415,67.3410410196798,961.972445751759
HRV,2022-01-01,31.5633994475287,-19.7203553717675,58.06094297153061,964.9755919453895
HRV,2022-04-01,30.8420135487414,-11.9982636689817,66.240465776232,965.8705314399567
HRV,2022-07-01,31.553267137846504,-13.811477231605302,70.3009852316828,966.5858338782888
HRV,2022-10-01,30.3243585923817,-18.3714268480578,36.7017406692986,965.6108940188867
HRV,2023-01-01,31.8786004210449,-17.198226004349202,63.3667287627257,967.5902904132928
HRV,2023-04-01,32.6404201951593,-16.563519723213698,62.7193890532636,969.5164877431472
HRV,2023-07-01,32.297548409462,-18.5130655380146,64.14487358961361,969.306894462171
HRV,2023-10-01,32.4818128855503,-16.6565518085029,61.2214021695989,971.2732533861354
HRV,2024-01-01,31.664954187996102,-17.0510588160709,70.1821780884322,971.6513188201468
HRV,2024-04-01,30.5343736748867,-8.66347207246816,69.39419574896219,972.8520882133516
HRV,2024-07-01,32.0494649879979,-18.1064914294037,64.7884503344365,973.4849942030175
HRV,2024-10-01,32.1728994231405,-12.9225489139287,63.0016063589702,974.710271216312
HRV,2025-01-01,31.8904730380435,-16.2984623400145,28.899347159161298,975.1175181982509
HRV,2025-04-01,32.5232955990306,-13.1757912657961,73.5159519023164,976.1970070101863
HUN,2000-01-01,237.489913033095,14.0950223784061,,1592.5500460654525
HUN,2000-04-01,237.82895583485998,13.033595109802402,-6.89504554455649,1593.496708862297
HUN,2000-07-01,238.134156465838,12.649592042699501,1.20223727746883,1594.3894514127637
HUN,2000-10-01,239.189804023586,14.4830098618933,52.964176099426496,1596.2555139095136
HUN,2001-01-01,239.855506259543,7.95876915876907,-99.7032058057585,1596.9432288230985
HUN,2001-04-01,240.43884543476,8.48182692706691,32.864296963876896,1597.7445264033156
HUN,2001-07-01,241.133923585222,5.6032469242024,-7.82127806023198,1598.6233264767377
HUN,2001-10-01,241.90698542677,5.55228423486557,28.6904735869821,1599.3668064083267
HUN,2002-01-01,243.41782904059102,6.18924817269697,-4.98166926261284,1601.6387014620302
HUN,2002-04-01,243.29104161736498,7.142124726706819,17.324912453074003,1602.1676376335656
HUN,2002-07-01,243.84790151186002,7.72124278865628,31.247096557453002,1603.0679610285201
HUN,2002-10-01,244.970171372359,6.08326410146912,36.8344585650661,1604.2643498876328
HUN,2003-01-01,245.659564506672,0.40670156120154005,17.0152901967641,1604.9178919429792
HUN,2003-04-01,245.833709607828,-0.03927996255427,-24.245727295376298,1605.9766717032833
HUN,2003-07-01,246.449292517914,-0.32350416324347997,11.9718615284971,1607.1549806418436
HUN,2003-10-01,246.801797519684,-0.99398363033212,-6.9131210285188995,1608.148311754526
HUN,2004-01-01,247.980378850492,-2.01257556393413,-74.0715254327768,1609.7871923011705
HUN,2004-04-01,249.04988658138998,-3.7994449277217797,21.9510721840139,1610.8598596359948
HUN,2004-07-01,249.873145720803,-4.59701837568895,5.5026675655562,1612.0408274781248
HUN,2004-10-01,250.14297777607402,-8.486550480139,-72.10131279559731,1612.410217561721
HUN,2005-01-01,250.40104245551703,-7.83008556277665,1.87241832710643,1613.362169571693
HUN,2005-04-01,251.68113235146402,-6.15097651740035,21.4934760573688,1615.3638744566506
HUN,2005-07-01,252.119037021358,-9.74703247706917,-15.405519928239201,1616.079837180357
HUN,2005-10-01,252.41321066208903,-9.47882542167821,-17.629353798099203,1617.186075291094
HUN,2006-01-01,252.44265383731198,-7.67327232988572,34.3658900677302,1617.9328464259402
HUN,2006-04-01,253.38142383603198,-11.8399405674199,-90.3019041975728,1619.3788110006562
HUN,2006-07-01,253.304674210563,-12.1420657157244,-35.8861426041945,1619.9170994510628
HUN,2006-10-01,253.38682459988001,-12.114000743989,-21.2353500205502,1620.8708725707218
HUN,2007-01-01,251.964007371213,-13.942914027686202,-39.8943177314651,1619.633707575704
HUN,2007-04-01,251.364412309769,-12.6834526389914,-6.17676596279192,1619.5550644154114
HUN,2007-07-01,251.550631232965,-11.7796552490865,-5.17056732999866,1620.0504695109523
HUN,2007-10-01,251.75673375086598,-11.938896629102901,-4.83679518097,1620.3705938547103
HUN,2008-01-01,252.08393889001002,-9.29193514865791,-6.90036721010175,1621.4067066643458
HUN,2008-04-01,252.66597726712502,-11.4282812533319,-14.3471874258058,1621.9037398223004
HUN,2008-07-01,252.105179507492,-12.645856291806702,-2.41061187548036,1621.6601265373677
HUN,2008-10-01,248.967721466243,-17.6341330780885,,1618.0736779434362
HUN,2009-01-01,245.46740862271997,-20.9283639165434,-2.88209673760319,1613.7696395132377
HUN,2009-04-01,245.81776060704402,-20.545543775120002,4.98907763273502,1613.821469877648
HUN,2009-07-01,246.404427049199,-22.308541403115502,-36.5745746434873,1613.7668644047444
HUN,2009-10-01,246.310889062444,-22.0807455256103,16.6821486539628,1613.6839188204806
HUN,2010-01-01,246.79065265924902,-24.4980179639118,-36.4615043340447,1613.827712805048
HUN,2010-04-01,247.34657188235397,-25.738776760309502,-17.0299745387188,1614.6083316698418
HUN,2010-07-01,247.93690444900102,-26.0805520123555,19.496377540712302,1615.3581610130611
HUN,2010-10-01,247.614234369272,-28.392862851879304,-69.3614616212142,1615.2626441288496
HUN,2011-01-01,249.122627594342,-28.7852834223534,12.4836890660228,1616.472414707263
HUN,2011-04-01,248.632463143354,-27.128728591212496,0.14642663704028,1616.291728424898
HUN,2011-07-01,248.172751608403,-24.260311957987298,19.1212461478962,1616.4021335468
HUN,2011-10-01,249.65399276079802,-28.0918334846608,-55.1543119047071,1617.5281425535072
HUN,2012-01-01,247.6877343497,-26.533156145567098,-40.1270164167045,1616.150603670187
HUN,2012-04-01,247.19142568059297,-30.5860026027004,-24.6752880603496,1615.2192006991734
HUN,2012-07-01,247.448571036852,-30.725412920130204,-14.9595474415775,1615.4568457456587
HUN,2012-10-01,247.194716443492,-31.0762567392193,17.1440639970181,1615.2205151011237
HUN,2013-01-01,247.697246315561,-30.722117998114,3.1884733776129606,1615.85426311695
HUN,2013-04-01,248.487345767379,-32.9258451333882,0.49668074562571995,1616.7878560288407
HUN,2013-07-01,250.06843334369398,-37.3586717038316,-11.7522211712127,1618.3210037503575
HUN,2013-10-01,250.144324937283,-37.1838898705366,-4.79889620405183,1619.1312469009295
HUN,2014-01-01,249.52238640087998,-32.3058617076195,23.2958762752844,1620.0882006769375
HUN,2014-04-01,250.442492884895,-33.0367679740141,23.9214234978676,1621.3885988195884
HUN,2014-07-01,251.289509394259,-38.189415669362,-16.4279379281633,1622.3354091406648
HUN,2014-10-01,251.051450219235,-34.5791393581854,21.6194721562482,1622.8819339061588
HUN,2015-01-01,252.4761359723,-36.282293048021,4.90294268883866,1624.4780018616027
HUN,2015-04-01,252.78027243705102,-39.7982320424794,-7.53836317995922,1624.606230158615
HUN,2015-07-01,253.08975960345398,-40.053301347271706,24.5430630216007,1625.3662894830647
HUN,2015-10-01,253.213885359869,-36.7319258679131,13.4739684104704,1626.4224066873333
HUN,2016-01-01,252.506948227381,-36.8725387113352,7.01609782490566,1626.2040658192625
HUN,2016-04-01,253.12209767297,-36.758285706210195,-3.6062033462379803,1627.425707930372
HUN,2016-07-01,253.348542054526,-36.9042891391446,-6.357568837173599,1627.9469409998633
HUN,2016-10-01,253.49956269588301,-34.446401466389,0.11704403003918,1628.8493400875652
HUN,2017-01-01,254.41494156229402,-34.536117868678105,12.523300910088201,1630.0425707716151
HUN,2017-04-01,255.140060862657,-33.3096449567863,22.5198991929562,1631.2451257244206
HUN,2017-07-01,255.083899498162,-28.6022461754306,12.9362015964186,1632.175158615512
HUN,2017-10-01,256.13375111385903,-28.7459663085948,16.171048362933497,1633.6494925970112
HUN,2018-01-01,257.955550719828,-33.0397396901839,-14.191176983114701,1635.5661499161506
HUN,2018-04-01,258.387021577824,-33.2747897326756,0.99959115827513,1636.4698586456561
HUN,2018-07-01,259.065521019901,-32.2944818668331,-6.22860294198346,1637.9700165350337
HUN,2018-10-01,259.96157922796,-36.095042997620205,-15.5867336313599,1639.070228284007
HUN,2019-01-01,260.997203405731,-33.3948504994451,15.858376159079398,1641.127789469807
HUN,2019-04-01,260.85391910843,-32.7040526491166,11.2660600964344,1641.441270937833
HUN,2019-07-01,261.610116197288,-31.7236408992035,2.14443253918745,1642.8304797792307
HUN,2019-10-01,262.218164651658,-32.8018449240336,28.7513186635847,1643.4956696244033
HUN,2020-01-01,262.24091473733,-38.6355737392822,-58.6928054186177,1643.2160346152884
HUN,2020-04-01,253.268321245103,-62.803720063789704,,1627.5303139695357
HUN,2020-07-01,258.818213046018,-41.8469645257607,61.0905856784968,1638.64119361854
HUN,2020-10-01,259.970418824708,-40.9312998464538,33.953743711129,1640.4175390359883
HUN,2021-01-01,260.71581872448604,-44.3866835641796,-112.12870431460101,1641.7110019701074
HUN,2021-04-01,261.78980835840997,-41.735221246971,36.4186286651841,1643.8438215289561
HUN,2021-07-01,261.63914790327,-36.0282524424491,45.259699031344,1645.0540287677081
HUN,2021-10-01,263.42875197115,-38.1232727169917,18.041900054045502,1647.5429197970427
HUN,2022-01-01,263.879047544844,-34.0271503416949,38.911769544064,1648.7722920203003
HUN,2022-04-01,264.267798718849,-35.104706785992704,-26.5592856622623,1649.6389336764253
HUN,2022-07-01,262.493474482581,-33.5555870548445,-44.3458410783926,1648.5235298388425
HUN,2022-10-01,261.057620127412,-32.6814105021904,-46.2041278731205,1647.620573459126
HUN,2023-01-01,260.65953807361,-35.6950532781767,-33.4507808750487,1647.4097368330895
HUN,2023-04-01,260.77025011396603,-37.8693073982917,1.77241051667416,1647.3501229593694
HUN,2023-07-01,261.75451404912604,-37.5514850351451,-11.2201437276421,1648.6914616859374
HUN,2023-10-01,261.801975186816,-39.160701363314196,-3.85967155024567,1648.4564666017552
HUN,2024-01-01,261.740287557992,-36.4482122018874,1.7600524410865601,1648.7313078070108
HUN,2024-04-01,261.476193694303,-34.8543825202458,-7.0012342279273305,1648.6422180765207
HUN,2024-07-01,261.13627644543,-34.265712853846,8.802910432284209,1648.252172710642
HUN,2024-10-01,261.45371108985097,-33.9753823898753,6.29786393103229,1648.5981072026345
HUN,2025-01-01,261.532370528822,-36.1780601380736,-28.741147830242397,1648.4126135035904
HUN,2025-04-01,262.27288501610803,-37.490781994131,10.9640173193237,1648.889070527213
IRL,2000-01-01,30.3546481752816,15.5496264794515,,1062.2446231695096
IRL,2000-04-01,31.111352177621,18.6673620055961,11.1033776138814,1064.9910061954934
IRL,2000-07-01,31.5092626514398,14.2766190225793,-16.5099603741768,1066.7705777019376
IRL,2000-10-01,31.690898489423603,15.7096650087646,7.1899734952690695,1068.127914436453
IRL,2001-01-01,33.2178986116415,10.169861159573399,-1.82327879384847,1070.169045230818
IRL,2001-04-01,32.4185599677407,13.616962012682299,7.72468292727667,1071.18121548648
IRL,2001-07-01,30.8338103877769,10.247497725874501,-16.495242837607798,1070.5809714420736
IRL,2001-10-01,31.200468280461102,13.4667940140856,14.1437089872836,1072.1898606270738
IRL,2002-01-01,34.6211177769624,4.97034857666062,-9.42236645669526,1075.9637545503629
IRL,2002-04-01,32.813031599062,5.98781785889562,-9.56213773544342,1075.0612540838956
IRL,2002-07-01,34.280473862706,5.45805738777323,3.2700042339043405,1077.907294975167
IRL,2002-10-01,34.6458072370898,1.8984117439802302,-19.690022858532398,1078.9331447983072
IRL,2003-01-01,32.4190577244334,-2.42577604409855,5.8577977580091,1077.0569132477735
IRL,2003-04-01,32.5468416734781,-1.27886074133217,-10.4830654951772,1078.6651604857434
IRL,2003-07-01,32.1644897517327,-2.2426974964104103,-8.29219575449879,1079.3356277278847
IRL,2003-10-01,36.6377473336515,-3.65570206657096,-7.339821482203029,1085.578614958274
IRL,2004-01-01,34.6817084841942,-11.203716835338499,-20.2722904039804,1084.102300863956
IRL,2004-04-01,35.9660380918424,-7.595971843903861,14.275399342003201,1087.2476990743644
IRL,2004-07-01,32.9782626013096,-3.9231692271844603,-1.24877124587518,1086.184110878267
IRL,2004-10-01,35.290161152668,-7.0255869702719105,-3.4076049542502402,1089.698374011918
IRL,2005-01-01,35.0255379300694,-9.24588627835152,-2.0866614816284,1090.8602018088925
IRL,2005-04-01,34.8085903248751,-6.08272770469217,10.1002120782763,1092.4250005206948
IRL,2005-07-01,32.460956784107594,-7.15916373275446,21.7576082201632,1091.296256973776
IRL,2005-10-01,34.2298788187746,-8.26798499448848,-5.21782462841369,1094.8449384927217
IRL,2006-01-01,33.99763026637,-12.2491819931336,-4.84036788837076,1095.9515878662942
IRL,2006-04-01,33.1769969724573,-12.3443391641065,14.9656009860752,1096.6880179824207
IRL,2006-07-01,32.0138001634917,-12.213804010232101,0.06855637622992,1097.3482578908147
IRL,2006-10-01,31.2349445560879,-6.9099639040815495,15.0301028578586,1098.666297011087
IRL,2007-01-01,35.1374907282756,-18.2784720089842,20.4650900679193,1103.134467830628
IRL,2007-04-01,32.763348540483,-14.7293995675483,-0.8179204099013799,1102.5746378393183
IRL,2007-07-01,28.814570506814903,-15.044107254392799,8.73658296505884,1099.6202485938154
IRL,2007-10-01,30.940934322792202,-9.842254298930781,2.48598132860926,1103.6507709124658
IRL,2008-01-01,28.9977890846086,-21.91668471785,19.0481211905039,1100.6110122599223
IRL,2008-04-01,25.3123803488274,-14.0683622207327,-24.7786721448571,1098.6204171798854
IRL,2008-07-01,25.6849821152212,-19.8908670290888,5.50333621319732,1098.652924621328
IRL,2008-10-01,20.8426307776625,-14.314293034031799,3.9629097221630905,1093.6949577434737
IRL,2009-01-01,23.4978404074268,-27.808396222396098,9.46276947730963,1093.5883468816726
IRL,2009-04-01,24.6607337104525,-33.5573193576169,-34.259519061356194,1094.1027306589842
IRL,2009-07-01,24.080828302500702,-33.2135200968051,2.04264469896419,1093.3226605417794
IRL,2009-10-01,23.537530983051898,-40.8810245531069,15.6300233218925,1091.3261341496582
IRL,2010-01-01,24.1208367571357,-30.0991098440674,9.21322248263321,1093.3624692818407
IRL,2010-04-01,26.4675905690801,-38.7882046142405,2.26003487796492,1094.7050378433426
IRL,2010-07-01,28.123322769139403,-44.7077216989394,11.9226062157071,1095.6075099726245
IRL,2010-10-01,28.260782256727502,-49.5796098023097,13.4213733542556,1094.6615319742077
IRL,2011-01-01,28.1524938551722,-37.808767937445,19.0671149248804,1096.3204808344703
IRL,2011-04-01,29.2310234919146,-42.2077932433626,5.74411581024405,1097.3604340124264
IRL,2011-07-01,28.478584922256,-44.8928091485349,-13.771182467901,1096.0624855754024
IRL,2011-10-01,26.735967159959102,-45.7269486076916,10.3270141547277,1094.4195266702707
IRL,2012-01-01,25.9465194121988,-41.512239902609096,-0.8855285703741901,1094.256566630107
IRL,2012-04-01,30.0039925230858,-50.8054963970208,17.3889751107702,1097.8496801480374
IRL,2012-07-01,26.9095244746228,-46.989063077825,24.66945623643,1095.5127024657784
IRL,2012-10-01,25.2911321001114,-44.5112440716325,6.48249464807415,1094.6853128310827
IRL,2013-01-01,24.798463293519397,-45.494163696377996,-7.871005153240911,1094.7617255904488
IRL,2013-04-01,26.256655705208097,-45.2374559476809,14.092409436224901,1097.0977183444509
IRL,2013-07-01,29.128488985546202,-45.7503268058032,25.778358712417397,1100.976042387085
IRL,2013-10-01,25.7776209974273,-41.8943216057623,22.721970729359,1098.3535247228447
IRL,2014-01-01,31.314492427024497,-49.3847016360984,-3.34167737353558,1103.8637470926749
IRL,2014-04-01,33.5965088113169,-50.5724139892592,25.4811110420554,1107.0101110104697
IRL,2014-07-01,34.4070874738461,-53.3942272910392,6.04699614144608,1108.4976989591125
IRL,2014-10-01,32.2294003112105,-45.9388301938397,20.438579746398,1108.0804731321873
IRL,2015-01-01,52.4435171179157,-71.0909462373015,-21.4380366402519,1128.5918209153533
IRL,2015-04-01,48.781448059821905,-64.8676668281114,2.29258659023491,1126.6796000075988
IRL,2015-07-01,50.8025271004604,-68.5506804217381,0.9389034937027,1129.9260598648295
IRL,2015-10-01,50.9845014574768,-73.3006694681674,-1.12724647060855,1130.9374960168152
IRL,2016-01-01,44.0062470160161,-57.352216302116,20.1392580693288,1127.3746531373072
IRL,2016-04-01,41.3868407434566,-55.9916734822359,-9.3634830710738,1126.8287556190958
IRL,2016-07-01,40.4723588146341,-59.6222676777059,7.377706808642199,1127.4058953190781
IRL,2016-10-01,47.801174240510804,-68.6632139301298,18.2517816313724,1136.3416827506733
IRL,2017-01-01,43.5072916916365,-59.6967457548769,7.46830587996986,1135.5773285145226
IRL,2017-04-01,43.8128882262649,-68.1436291690789,-1.77307274044904,1135.9303312114648
IRL,2017-07-01,43.507041116483606,-62.3618814406105,24.820242771117503,1141.2869742870691
IRL,2017-10-01,46.3020000890399,-68.074953455341,12.0779082522695,1144.8303740371346
IRL,2018-01-01,47.4091306977905,-68.32770434771021,22.245269065589397,1146.4265542319001
IRL,2018-04-01,45.4686701432988,-62.0733879634493,20.1337035845098,1146.1547956510456
IRL,2018-07-01,46.377018189934496,-66.6964287188762,10.1812668996183,1147.508651673995
IRL,2018-10-01,46.2411541826922,-68.7463425860052,3.94927717531686,1148.2009452134912
IRL,2019-01-01,44.0972769386156,-66.0897572538638,14.198488617401301,1149.0478404240018
IRL,2019-04-01,45.3468255304537,-66.877346047839,16.4540784406426,1150.887226182912
IRL,2019-07-01,43.6121144666546,-70.0418188123107,15.2808175023011,1152.981896288912
IRL,2019-10-01,44.1659707440048,-76.3816013888745,7.48568234903645,1154.4093651070193
IRL,2020-01-01,43.0601487915426,-90.382857851053,-96.7755316700911,1157.5858009717783
IRL,2020-04-01,45.650761036818096,-151.628588247578,-155.16408918482801,1153.1714833995547
IRL,2020-07-01,47.0609009530082,-94.5295574825857,96.2724703505432,1164.2786379624627
IRL,2020-10-01,45.102180336950795,-108.431506432778,12.6447067823755,1161.6306622991563
IRL,2021-01-01,55.0694954151146,-129.157600451499,-5.71929974673232,1170.9223888694976
IRL,2021-04-01,54.126493414006006,-115.726024135345,57.7930832273335,1173.5942608295286
IRL,2021-07-01,53.9123193532535,-108.931994790782,45.597255049888204,1176.4602049886726
IRL,2021-10-01,51.300328680176,-109.48208125866302,25.849771275909898,1174.6280699120814
IRL,2022-01-01,52.7217358363094,-103.721921742101,14.998922935641701,1178.491403609213
IRL,2022-04-01,54.3913331224521,-103.476106571988,32.0428270601959,1181.0949375784526
IRL,2022-07-01,56.22406188594739,-107.211504506419,34.0126276847663,1183.0499536574482
IRL,2022-10-01,53.6595814571089,-106.1591365849,9.2940339892925,1181.6152584661627
IRL,2023-01-01,50.6051188689271,-100.50706206163301,26.4316433510994,1179.9439605655148
IRL,2023-04-01,51.181285023456205,-106.607300614809,14.951483113216902,1180.5092713962924
IRL,2023-07-01,47.9145599383108,-105.27867750804101,1.9231177484958901,1177.9139999931701
IRL,2023-10-01,45.347400528773,-107.77982664557099,52.290496708226996,1175.339563963471
IRL,2024-01-01,44.5709224760163,-99.88696585929961,6.91164986480471,1177.0557782182764
IRL,2024-04-01,44.998066590122995,-104.590453934245,32.0720448045681,1177.5007381889093
IRL,2024-07-01,49.710148929157896,-109.183522465522,15.2669860647522,1182.3796336925238
IRL,2024-10-01,53.598400268176604,-113.96115946418199,28.6279658913683,1186.61768552311
IRL,2025-01-01,60.5148600273338,-123.270167693982,-2.34973340906516,1193.8803471637518
IRL,2025-04-01,59.4063810713368,-118.630553394083,17.786666036705,1194.0936492927879
ITA,2000-01-01,-9.11174913721025,5.89166684248994,,1298.9342939934272
ITA,2000-04-01,-8.89642287778993,4.0795811089109,3.26165843510339,1299.5759250064161
ITA,2000-07-01,-8.6551503094381,4.00514537345134,3.9534593605249397,1300.4527590356615
ITA,2000-10-01,-8.08422626202883,1.28030724042631,-0.43054439188751004,1301.4092185390539
ITA,2001-01-01,-8.22792859365004,5.3639761211919605,8.98530827238106,1302.2515196430563
ITA,2001-04-01,-8.28013820364549,2.12433904472481,-11.8072628597462,1302.1709545689182
ITA,2001-07-01,-9.0895244026421,0.10923584634698999,-7.28308655434446,1301.7411889194482
ITA,2001-10-01,-9.92907439036361,2.5634891141990903,2.908328119832,1301.5926282442913
ITA,2002-01-01,-10.1571797490943,-0.10952691404407999,-12.1661707385807,1301.7403226034469
ITA,2002-04-01,-10.3555865613261,1.86909459494068,-1.605564720901,1302.0587983067742
ITA,2002-07-01,-10.6324725785882,-0.0374869965812,-3.4078335387067495,1302.1749357071703
ITA,2002-10-01,-10.4570531002396,-1.1687048558578,-9.18017843157767,1302.7686257175499
ITA,2003-01-01,-11.6123918961844,1.26697703403505,0.87876210714356,1302.3755345659179
ITA,2003-04-01,-12.2551668948844,-0.11886631619436999,3.69447361274529,1302.143325526571
ITA,2003-07-01,-12.773049865036901,-0.22165213787263,4.307992451411289,1301.9148779838633
ITA,2003-10-01,-12.3215260928003,-0.8371617101320601,-5.32053090273992,1302.891979442372
ITA,2004-01-01,-12.0623370917698,-1.65588870628867,-0.85978539231336,1303.2449391919517
ITA,2004-04-01,-11.9349092931202,-3.76584597637249,-5.15487752735148,1303.5491772464313
ITA,2004-07-01,-12.338299082547701,-3.68654429219996,4.84603964623846,1303.6479509991357
ITA,2004-10-01,-12.5054722059327,-3.65835727216395,4.55655150935853,1303.8706948096924
ITA,2005-01-01,-13.09017142717,-2.75049927668073,4.43981836623051,1303.7189728938567
ITA,2005-04-01,-12.830841131464199,-1.84868904932666,-1.11538006416339,1304.5328325529474
ITA,2005-07-01,-12.2881433885091,-2.8288303730254,4.77140382679637,1305.072644203066
ITA,2005-10-01,-12.6910495618207,-0.83448940203786,-5.64583600845134,1305.5276759289948
ITA,2006-01-01,-12.9285402760687,-2.92167260276,4.1156378748957,1305.8629439169774
ITA,2006-04-01,-13.3963998870959,-1.9301769729664902,-2.18562881338891,1306.1791379203248
ITA,2006-07-01,-13.5516086520481,-0.27179712948039003,0.86322707266769,1306.4781932923063
ITA,2006-10-01,-12.968814213677199,0.81711863979106,15.1260953510155,1307.8430925422952
ITA,2007-01-01,-13.2760820548665,-0.26344954234523,-2.72967032116836,1307.7484205325245
ITA,2007-04-01,-13.455485859057701,-2.13281556242567,4.91013522785574,1307.9905253487373
ITA,2007-07-01,-14.236055515776899,-0.28680050667472,-4.83195749827531,1307.971262839812
ITA,2007-10-01,-14.671989643836,-1.93227130986739,1.18268602094042,1307.7611588011766
ITA,2008-01-01,-14.112029193622499,-0.8799058891651199,6.298439140179241,1308.8493618326704
ITA,2008-04-01,-14.994896690186598,-2.717211512632,2.0731533003564997,1307.913599225019
ITA,2008-07-01,-16.660591820891803,-2.84853920775803,-18.5304473393924,1306.3977198404393
ITA,2008-10-01,-18.8194292175674,-2.95469596087597,0.21398527249313,1303.983423110269
ITA,2009-01-01,-20.7091719841462,-5.0088841072779795,6.988963747890729,1301.497747870899
ITA,2009-04-01,-21.0625012794382,-5.34956989175836,-0.23309451225364,1300.9598852928673
ITA,2009-07-01,-20.5659030422702,-7.3019281989317495,20.3863779399172,1301.2952447661028
ITA,2009-10-01,-20.406540590744502,-6.63461807956683,0.6289501621924,1301.5629697165184
ITA,2010-01-01,-20.4060648532594,-4.70133782772429,16.9545517430028,1301.9449200352008
ITA,2010-04-01,-19.4378436423087,-6.70526101394328,14.9317866216776,1302.6183919887585
ITA,2010-07-01,-19.2317911200053,-6.740729407599611,16.9694788325779,1302.8838542922167
ITA,2010-10-01,-18.605674295578602,-8.57958608199024,-1.53305125470558,1303.7384841882579
ITA,2011-01-01,-18.5637694268078,-6.915509629697569,10.203378709196501,1304.3035497513858
ITA,2011-04-01,-18.9401639801814,-6.88967215273259,4.97964725738329,1304.0649290420904
ITA,2011-07-01,-19.4527767764943,-6.894941551147441,-0.31267649821438,1303.6068398285909
ITA,2011-10-01,-20.3310739278267,-7.83277617360462,-4.49601269121526,1302.6235883689965
ITA,2012-01-01,-20.8871123129467,-12.572032368111898,-17.3827738680547,1301.5759644828056
ITA,2012-04-01,-21.6910993054426,-14.014654533506599,-12.637837021928899,1300.7376229608362
ITA,2012-07-01,-22.1987300738255,-13.582500613863099,5.4500619759847,1300.072035156192
ITA,2012-10-01,-22.2952314632685,-16.9886864886824,-6.5627946260272,1299.301271903305
ITA,2013-01-01,-22.5091396343979,-18.6240730751749,-3.22871753440075,1298.4691080199127
ITA,2013-04-01,-22.3732597621639,-17.8000773572011,14.6197429316082,1298.4456712936292
ITA,2013-07-01,-22.0215529171467,-16.7039469276306,9.927992907696561,1298.779441812221
ITA,2013-10-01,-21.9634366843391,-17.5260559570582,15.327231265524699,1298.6322553073878
ITA,2014-01-01,-21.9258326235589,-17.378165877569,5.92085627482853,1298.673630466113
ITA,2014-04-01,-21.765049120105402,-17.9805422433081,11.7092769015632,1298.6996701677588
ITA,2014-07-01,-21.7723799269599,-17.9563967047245,19.6111577711181,1298.7076387477437
ITA,2014-10-01,-22.0025177058683,-16.953201554612498,16.0365881101901,1298.5467703354666
ITA,2015-01-01,-21.324570235989402,-18.6004718695841,15.206826485547301,1298.9470181089212
ITA,2015-04-01,-21.0010943828177,-17.0835069141687,21.804444941854,1299.375902694836
ITA,2015-07-01,-21.0229128687162,-18.5413582743928,12.1637394622973,1299.4085588974053
ITA,2015-10-01,-20.6575622768028,-18.4756804513083,17.287754467002898,1299.86562539393
ITA,2016-01-01,-21.1129952713526,-13.8977995605684,12.1668918218531,1300.071380130536
ITA,2016-04-01,-20.6264623992758,-17.2880797919671,10.377364592267101,1300.3946891160479
ITA,2016-07-01,-19.8663392503601,-18.0165403981389,13.659020671709198,1301.0764555021337
ITA,2016-10-01,-19.7631044199936,-17.5037835502479,15.093695750636801,1301.4326171494167
ITA,2017-01-01,-19.4161652863069,-18.3149655139323,12.088925105086,1301.9152771256197
ITA,2017-04-01,-19.386009360202898,-15.714099896594998,11.32613243002,1302.3422434348931
ITA,2017-07-01,-19.3559242117089,-17.7033258183449,4.88154252483701,1302.4194936661263
ITA,2017-10-01,-19.2091301600059,-14.580000576937499,12.6432636678627,1303.011935214018
ITA,2018-01-01,-18.9584408221668,-19.3407360942435,9.00834420257957,1302.867799689843
ITA,2018-04-01,-19.212432442610698,-17.8818310589224,9.22731974149748,1303.146423465582
ITA,2018-07-01,-19.342234499233598,-18.0395143714214,4.23923593811261,1303.0580050934755
ITA,2018-10-01,-18.9553076231265,-19.6718741714241,3.50670267529802,1303.335859672327
ITA,2019-01-01,-19.1461876416355,-18.191256453201802,13.4067752616435,1303.5602805324154
ITA,2019-04-01,-18.4679006790993,-22.5495645539939,10.5450361912607,1303.9555299617014
ITA,2019-07-01,-19.1682407553883,-22.1909845176204,-6.42379897241481,1303.4123464254913
ITA,2019-10-01,-19.2753438343903,-23.0841445689792,0.84642870243081,1303.1488327853567
ITA,2020-01-01,-21.6387046205272,-49.9515207233974,-208.162862763534,1297.2844056259553
ITA,2020-04-01,-27.2787227345947,-97.4269145399193,,1283.946504460287
ITA,2020-07-01,-22.2354490959145,-38.559173487765904,108.85268434623201,1297.2024324090396
ITA,2020-10-01,-21.4858815594528,-46.851071158268795,-48.3151468838116,1297.4759023552103
ITA,2021-01-01,-20.4117608817003,-43.8790610884039,3.04827706968072,1299.121725205236
ITA,2021-04-01,-19.3181375390578,-34.375927032410196,84.7109484080224,1301.5473248039261
ITA,2021-07-01,-18.631010471036298,-25.084090447770603,39.0712083104161,1303.9522491813273
ITA,2021-10-01,-17.2839285573649,-26.715500020324402,17.8412618810524,1305.5730077081387
ITA,2022-01-01,-17.1047799466271,-24.533778760104,19.8139549360413,1306.268067434311
ITA,2022-04-01,-16.495966609510802,-23.257742287987,34.1117891784005,1307.7247803650505
ITA,2022-07-01,-16.4624811134098,-23.3327222150943,3.26220746285581,1307.9832423444384
ITA,2022-10-01,-17.532214773607997,-22.4161019258128,-11.4978521480623,1307.735827085786
ITA,2023-01-01,-17.608035538499202,-20.445525314931402,22.6943869700827,1308.4503449962058
ITA,2023-04-01,-18.048513581557398,-20.2706410692059,3.2272781956543697,1308.3635230920165
ITA,2023-07-01,-18.4984678026263,-19.0966695566703,0.26198661143357,1308.4977971044734
ITA,2023-10-01,-19.0432121108126,-18.9535353586042,0.41890378486450003,1308.6820548535327
ITA,2024-01-01,-19.2519835698205,-18.420967250998,20.1019507736584,1308.7678760592466
ITA,2024-04-01,-19.1529400842828,-20.8408909624791,10.2073518215895,1308.9352670188177
ITA,2024-07-01,-19.3543727699582,-22.3661996139457,10.2099385755648,1309.0493691125837
ITA,2024-10-01,-19.5574460063767,-21.3007537456688,13.637440098653,1309.1960869343106
ITA,2025-01-01,-19.8975885439895,-20.2887469504089,12.7329374849992,1309.5026917928794
ITA,2025-04-01,-20.1968685467744,-19.9337036866686,9.47401492374287,1309.4516013815821
JPN,2000-01-01,-81.5916701496193,-0.68680602647275,,1860.294229894625
JPN,2000-04-01,-82.0420822927608,-1.01483939864492,-3.65497664658184,1860.7435584207128
JPN,2000-07-01,-81.9920326583042,-0.84725536274959,-1.0215896508401099,1860.7670968868747
JPN,2000-10-01,-81.2989342425538,-0.89159619878953,21.4556235632028,1861.7370662990847
JPN,2001-01-01,-79.948331275946,-1.27374249633914,3.00428859975049,1862.4665940382347
JPN,2001-04-01,-81.24157275149089,0.22895385602643,16.9558707847752,1861.7209646747983
JPN,2001-07-01,-82.3116797371564,1.47474637571802,-1.59185267502982,1860.6276310323083
JPN,2001-10-01,-82.4921690360931,1.9108696597425,-3.3573809518468596,1860.2838537337825
JPN,2002-01-01,-81.4346775593595,2.11679705440386,6.29694776086962,1860.4479958472207
JPN,2002-04-01,-81.0058387485242,2.05250940885281,17.2695487099284,1861.2533814534927
JPN,2002-07-01,-80.886549431007,1.8776900645324002,-2.54856752851664,1861.5752133427382
JPN,2002-10-01,-80.5551101905385,1.35909416570603,-17.8589569530601,1861.8531307487083
JPN,2003-01-01,-79.6782241005199,1.69757807328643,5.853017386455861,1861.9109177422963
JPN,2003-04-01,-79.6311883410813,0.77828730184501,-18.5524375540758,1862.5883924893085
JPN,2003-07-01,-79.655166054198,0.6535481900835199,-2.4732799149367,1862.893499777259
JPN,2003-10-01,-78.5028919706134,0.5616554959889,22.1531629771689,1863.98048280204
JPN,2004-01-01,-76.9536534639944,-0.14121413027774998,-8.72788132857618,1864.7396905886599
JPN,2004-04-01,-77.802587545949,-0.15169005136474,-12.2764969263822,1864.7101718642364
JPN,2004-07-01,-77.29801633739591,-0.16166627515063,9.7843818077015,1865.333452929134
JPN,2004-10-01,-77.5355027691103,-0.33630885076252,-25.783598832698303,1865.147535114843
JPN,2005-01-01,-76.2412849826607,-0.19892932944982003,10.6053147593705,1865.6543857563452
JPN,2005-04-01,-76.51322305028219,-0.75911565031423,-4.65227771879934,1866.4167560705341
JPN,2005-07-01,-75.6193002951769,-1.17598714737747,7.84687881539433,1867.4393460705687
JPN,2005-10-01,-75.2681926313778,-1.12327269106161,-4.62045634727734,1867.6163306812011
JPN,2006-01-01,-74.75288056271991,-1.1882265279539501,-9.76042471712976,1867.7693213076445
JPN,2006-04-01,-75.2534221351983,-1.31272882135935,-12.2598183726307,1867.915900614549
JPN,2006-07-01,-75.4930051230709,-1.50026766927631,-28.101807679627,1867.7306845840221
JPN,2006-10-01,-74.0041974046149,-2.05545889283473,11.9877674944666,1869.0620091052444
JPN,2007-01-01,-73.0758845037699,-2.49948532383988,-6.54566168822427,1869.72456237825
JPN,2007-04-01,-74.0370347950736,-1.9348277510681502,6.18413948686533,1869.7589871046425
JPN,2007-07-01,-74.270753135519,-1.92919948118307,-36.243317221732404,1869.224924989798
JPN,2007-10-01,-73.75652127768541,-2.25445684878579,-10.8157374972076,1869.6389800051186
JPN,2008-01-01,-72.6067570064442,-2.4587097799891,-7.08309053195461,1870.04435415596
JPN,2008-04-01,-74.24107531320409,-3.21276676163914,-87.13488053051091,1869.4262434112834
JPN,2008-07-01,-74.98526284492199,-2.22761748589701,-22.9364998053896,1868.179942531089
JPN,2008-10-01,-77.5643634975863,-0.5113397020834201,-46.8375904306758,1865.6506732101107
JPN,2009-01-01,-81.6716816834868,4.30863620724207,-8.13877881758755,1860.7481006354665
JPN,2009-04-01,-79.7188480268298,3.1382067808753797,18.8209236775152,1862.6881167701356
JPN,2009-07-01,-79.4733040069425,3.6571505111857703,9.546986399130331,1862.6429885884484
JPN,2009-10-01,-78.15721016254341,2.7279225447115403,1.66474829643302,1863.8522867498398
JPN,2010-01-01,-76.5621105472816,1.42474986417754,-19.1615406507554,1864.9192261919231
JPN,2010-04-01,-75.5916426330565,1.19383486083249,20.3929259830544,1866.114285943889
JPN,2010-07-01,-73.7579376491266,0.3217622013707,17.310722306199,1867.908409743562
JPN,2010-10-01,-74.5880783272555,0.02635133454936,-68.3586952292121,1867.0699305182357
JPN,2011-01-01,-74.47991457598751,0.42601285234497005,-38.8714514172757,1866.0334449493487
JPN,2011-04-01,-74.5171580611507,1.7004191260350001,4.18366889687345,1865.1681149196577
JPN,2011-07-01,-72.5711947046031,0.51874422495227,25.319200670367497,1867.5588430961998
JPN,2011-10-01,-73.9885593372856,0.97910036022151,-1.7784013128941198,1867.3993008561933
JPN,2012-01-01,-72.4606306308128,0.15254289611052002,6.937970368567389,1868.8379026449002
JPN,2012-04-01,-73.7906024607382,0.9263399136473,-19.846420049393302,1867.8933490780144
JPN,2012-07-01,-73.9165923709724,1.40765049992574,-9.3837913359438,1867.5006051649943
JPN,2012-10-01,-74.0652913291013,2.50424379319877,20.1337085063691,1867.414339093608
JPN,2013-01-01,-72.31194450032879,1.69859753306018,6.315341588432339,1868.8093589017071
JPN,2013-04-01,-71.766589909628,1.6454174501552201,13.3254753360771,1869.7143047029733
JPN,2013-07-01,-70.90508686209131,0.96972457368773,-6.2247193930194,1870.6537276118984
JPN,2013-10-01,-71.2414390835,0.9182954450673501,-22.7281314645748,1870.5247092573832
JPN,2014-01-01,-69.9320884652262,1.0108359038291201,13.8177223240116,1871.3499227430584
JPN,2014-04-01,-72.1616736139669,-0.12789184496812,,1869.5390222486417
JPN,2014-07-01,-72.1816993755601,0.8265180101784699,18.7262325611871,1869.6069246684897
JPN,2014-10-01,-71.7777992826317,0.42613013902167,-12.610631386457099,1870.0635726692867
JPN,2015-01-01,-69.5904172226402,-0.39700614949817997,8.27025428900492,1871.6117235531738
JPN,2015-04-01,-69.8861709794466,-0.34049826874438,-8.635853145229321,1871.7628878545404
JPN,2015-07-01,-69.9012728612703,-0.19516090426222,-7.775797116748601,1871.8487884465126
JPN,2015-10-01,-70.0724052922602,0.16899445381794,-8.91623696995347,1871.67548173551
JPN,2016-01-01,-69.1598129946631,-0.485711751686,-12.2664293873539,1872.4467807036565
JPN,2016-04-01,-69.7894889627611,-1.0647936764167,-49.910314595657404,1872.2752104748952
JPN,2016-07-01,-69.9972533410167,-1.06784413362158,-9.05166239199829,1872.4782337739523
JPN,2016-10-01,-69.80758778158041,-0.9121783186305099,-6.02108656744466,1872.609676133402
JPN,2017-01-01,-68.942575387521,-1.4657252026521,-8.673677187459921,1873.393772258586
JPN,2017-04-01,-69.0267945680997,-1.60629210131486,-8.11901384809701,1873.788569567037
JPN,2017-07-01,-68.3152965657888,-2.50548273205158,-19.494008723697203,1874.6516253490122
JPN,2017-10-01,-68.4249636166532,-2.48622059393319,-15.3286987575396,1874.7032656700987
JPN,2018-01-01,-68.45009281493279,-2.40779010931081,-12.0796228877932,1874.7820100130095
JPN,2018-04-01,-68.6629902401363,-2.66798973760777,-13.173598215393001,1875.175755856917
JPN,2018-07-01,-69.1183773597588,-2.16583138867521,-17.346751490941102,1874.677160147532
JPN,2018-10-01,-69.822025738639,-1.96675131978074,-19.336579619621,1874.4196007512567
JPN,2019-01-01,-69.26820583397429,-2.2334301431623,-18.0273433602298,1874.6634642005997
JPN,2019-04-01,-69.20869921588239,-2.48399663501312,-10.073658308269701,1875.114478891205
JPN,2019-07-01,-69.2640477874026,-2.0040607028894,5.42388377415776,1875.3064096755875
JPN,2019-10-01,-72.2704432758342,-0.63950153370928,-105.356636183381,1872.3625743070058
JPN,2020-01-01,-71.6025164348987,-0.8532264386169001,-3.58161190610624,1872.88651988146
JPN,2020-04-01,-78.84071307043,1.2421565562722499,,1864.9741553710592
JPN,2020-07-01,-73.7377272329722,0.03730811933547,83.34505690995981,1870.2775612006253
JPN,2020-10-01,-72.1684679706981,-0.5409780388916801,21.7812651303406,1871.9664152555372
JPN,2021-01-01,-71.7191610642748,-2.02979265155265,-77.10261508216931,1872.219212419036
JPN,2021-04-01,-71.2985510012082,-1.7236500530924102,16.6688511764397,1872.8658336914389
JPN,2021-07-01,-71.7788945974422,-1.21349328592526,-8.00026049897339,1872.5175500330038
JPN,2021-10-01,-70.6095351599576,-0.7252084929137801,32.8431481417094,1873.6265089591743
JPN,2022-01-01,-71.3090437687151,-1.14063337142296,-55.193982483995995,1873.1612070780855
JPN,2022-04-01,-70.8735610889896,-0.23943038448049,37.567878232756705,1874.0705422305073
JPN,2022-07-01,-71.2006000459918,-0.09819583231838,-22.0434049113949,1873.7485844098103
JPN,2022-10-01,-70.9201585421974,-0.049165399532759994,-5.47579613647593,1873.961963009144
JPN,2023-01-01,-69.657446979038,-1.03211721235557,-4.90527884551273,1875.2589368834472
JPN,2023-04-01,-70.08215894536079,-2.06889198612452,-54.6387641513742,1875.4572690200032
JPN,2023-07-01,-71.1009397688261,-1.29104936142296,-16.752399390574798,1874.6438643656375
JPN,2023-10-01,-71.17845067720499,-1.59298013477198,-32.4236990129911,1874.5303769416382
JPN,2024-01-01,-70.9933866011647,-1.08015378315697,-4.29081298677422,1874.3109473377729
JPN,2024-04-01,-70.9121044069334,-1.1587357378963,-1.1185524073497801,1874.7894538881321
JPN,2024-07-01,-70.638328035278,-1.37430883060576,-3.1456137025461803,1875.3588779204626
JPN,2024-10-01,-70.2944043461176,-1.96845299025949,-19.5824081480955,1875.8663981293948
JPN,2025-01-01,-69.8642601680164,-2.0981483085801997,-18.326013605810303,1875.9409896108348
JPN,2025-04-01,-69.8520244983342,-2.5005709114499,-11.6456498704892,1876.4764652444612
KOR,2000-01-01,23.177352189418603,2.6165923463788,,1931.092766077312
KOR,2000-04-01,24.0196599494228,1.97687669752121,0.14066244921107002,1932.621745810356
KOR,2000-07-01,25.6902346362416,0.2105074208716,-0.35850236032446,1935.3306135885407
KOR,2000-10-01,24.616833410155202,1.16410110089517,-6.84781256231327,1934.9978516317708
KOR,2001-01-01,25.552639836271602,1.21261813552166,3.3981009241907905,1935.9987757329443
KOR,2001-04-01,25.7151156158592,2.23317820537617,31.9518751729633,1937.4954115190335
KOR,2001-07-01,26.2284977740516,2.83132457823546,19.5822254408971,1938.7609835791334
KOR,2001-10-01,26.8449019767847,3.36681042975169,22.474296972125,1940.269516936974
KOR,2002-01-01,28.5810303607071,3.9796050077884804,42.9772085783729,1943.0169973052311
KOR,2002-04-01,29.866796161055,3.8039933229039904,13.2915052873584,1944.9026850817909
KOR,2002-07-01,31.0164336178674,2.23739506093471,-21.1425134137029,1946.74294001825
KOR,2002-10-01,31.283429835842703,1.9031202539049399,-12.196271827716899,1947.6829065801217
KOR,2003-01-01,30.4234723121069,2.3623477054351203,-29.562260294097896,1947.1441178100824
KOR,2003-04-01,30.258253800470403,2.0205780133543,-34.7101631038385,1947.2102188856095
KOR,2003-07-01,31.059676639985,1.0285068115070402,-10.4116652085337,1948.7966438755664
KOR,2003-10-01,32.7221111477888,-1.00521982125872,-14.7525267674702,1951.3145508589776
KOR,2004-01-01,32.8531286111038,-2.67338767622571,-36.4984184390594,1952.7275421745273
KOR,2004-04-01,33.431177178953604,-2.8855189420417497,-11.4546711654456,1953.558001013152
KOR,2004-07-01,33.0818418824463,-2.70244930028452,-15.3492269028555,1953.8135067976957
KOR,2004-10-01,33.043510349940306,-2.4844546823004,-0.5066137063176099,1954.6298091396263
KOR,2005-01-01,33.469003594997396,-2.45013964309967,-1.9589953485497202,1955.5615640062924
KOR,2005-04-01,34.8507202493612,-2.20659332448179,20.7879752377269,1957.4191802794949
KOR,2005-07-01,35.6564414033711,-2.34122613642677,3.46524857926866,1958.8132603468594
KOR,2005-10-01,35.9769763314446,-2.6390903239851897,-6.17117291603357,1959.9541565264444
KOR,2006-01-01,36.761799409100696,-2.54683171630596,11.360920308082601,1961.53132633093
KOR,2006-04-01,36.8776011811348,-2.1998442714380997,-1.22662694259189,1962.2504641030105
KOR,2006-07-01,37.777816847051795,-2.6463606765433303,-0.8486802587019701,1963.8055736393453
KOR,2006-10-01,37.7660033503451,-2.33550909864725,0.09262585638019,1964.6326484279768
KOR,2007-01-01,38.7068722669993,-2.5501956471576896,8.04181579108192,1966.3898299604202
KOR,2007-04-01,39.8204168510999,-2.64109851574774,8.34939663279251,1968.0684860511135
KOR,2007-07-01,40.3017500314737,-2.85884971409505,-5.45310934248858,1969.245667229633
KOR,2007-10-01,41.483858291745,-3.62259587395187,-1.21037150798712,1971.1956207841044
KOR,2008-01-01,41.5335952722952,-3.7584928762470904,-14.4596577873963,1971.9467605033938
KOR,2008-04-01,41.3680787675355,-4.00964283454687,-27.329028106036002,1972.310098356445
KOR,2008-07-01,41.4990547980232,-4.07911393828334,-13.9406191991924,1972.9716289605751
KOR,2008-10-01,37.5159218202941,-2.62115597005692,-112.939209675022,1969.5395848621847
KOR,2009-01-01,37.772572080141195,-3.0611000981541197,-30.779096032548097,1969.8029559757015
KOR,2009-04-01,38.9419845373226,-2.09698576215316,26.4657784297569,1971.1457653788682
KOR,2009-07-01,41.3871999535043,-3.8948855200278096,2.2078410489648497,1974.1508153076109
KOR,2009-10-01,41.6144158357904,-4.2362241758002,-17.537039812215298,1974.8806386929098
KOR,2010-01-01,43.521856960248,-5.26488538255457,2.68395540593794,1977.1965612270208
KOR,2010-04-01,43.935453814659596,-5.81069469008227,-3.00662482786513,1978.799359057068
KOR,2010-07-01,44.3805567578209,-6.00456080248988,-8.73040690221822,1979.8109925229703
KOR,2010-10-01,45.1488149677675,-6.70239132282084,-11.9126278319577,1981.212681221186
KOR,2011-01-01,45.4223872160536,-6.9522228934123795,-11.901791566163899,1982.1629207312008
KOR,2011-04-01,44.7233496729895,-6.7058267131922396,-11.8403273646626,1982.5960486749484
KOR,2011-07-01,44.6376094065252,-6.82929603428975,-20.0565211838327,1983.0575169830026
KOR,2011-10-01,44.5337895145841,-7.0050293867404605,-15.7183061102571,1983.7259129713345
KOR,2012-01-01,44.9195689673462,-6.993004507325031,-4.1536995655354,1984.677425666699
KOR,2012-04-01,44.374848767326505,-7.25976590989752,-24.4233700732016,1985.0987205788588
KOR,2012-07-01,44.3566643618194,-6.87645244034721,-6.357637267431129,1985.5435691127261
KOR,2012-10-01,44.7369002614206,-7.25148335440746,-18.0546618622328,1986.2853185746494
KOR,2013-01-01,45.3654798141175,-7.59153730294196,-15.894197493225601,1987.075333726342
KOR,2013-04-01,45.2685655565334,-7.6153588123316105,-0.37034399982379,1988.1990040810138
KOR,2013-07-01,45.7513300793817,-8.010724486124401,-12.516656068786599,1989.197022160754
KOR,2013-10-01,45.8758066654448,-8.03792311149169,-6.58236285311624,1990.0693791850397
KOR,2014-01-01,45.9122363376443,-8.33804371935415,-16.0581316449139,1990.8334903522737
KOR,2014-04-01,46.1403292605194,-9.04638720348065,-22.3588658969244,1991.7783653213803
KOR,2014-07-01,45.7743030251981,-8.81601585920507,-15.032826673807701,1992.0356244360669
KOR,2014-10-01,45.8561886801688,-8.60820114386468,-8.35035351357163,1992.5667060868886
KOR,2015-01-01,46.2614479330365,-8.898207306287691,-12.60161076975,1993.4274494038834
KOR,2015-04-01,46.0543659185994,-8.84402875589367,-14.4539744598362,1993.856592850977
KOR,2015-07-01,46.9108743748163,-10.1203195906072,-22.871723580565,1995.3292686127857
KOR,2015-10-01,47.067653367025905,-9.23550558132146,11.9742693962455,1996.0991490168094
KOR,2016-01-01,47.1575322162471,-8.75977207287428,-4.90812993420521,1996.4833830165855
KOR,2016-04-01,47.7059414801127,-9.558867680297551,-15.6700276501497,1997.729050049087
KOR,2016-07-01,47.3341929440477,-8.9008192892518,-0.419646732792,1998.1150236330398
KOR,2016-10-01,47.4931146412355,-9.863163541587951,-33.3532751729123,1998.8825092361456
KOR,2017-01-01,48.0930879584899,-10.1406523661839,-4.96423899489135,2000.0047208764731
KOR,2017-04-01,47.9964269940775,-9.76748162853912,1.4539064655151601,2000.7366170532491
KOR,2017-07-01,48.6984178973002,-10.0380033155912,0.9618368391044799,2002.1022410698702
KOR,2017-10-01,47.8376799244086,-9.12992262490965,-7.708433470061871,2001.8692222629252
KOR,2018-01-01,48.8759575659776,-9.37679372629356,4.5143923518947,2003.3285835575257
KOR,2018-04-01,49.005444068273505,-9.86373901175753,-17.8397358045056,2004.105206821358
KOR,2018-07-01,49.0364549143914,-9.40162174220969,-0.03752816396601,2004.6167777495536
KOR,2018-10-01,48.918759368954504,-8.71808026940593,6.34256211800307,2005.174354392611
KOR,2019-01-01,48.4588682706187,-8.08533022822721,-5.01701645758516,2005.2592223349382
KOR,2019-04-01,49.160368577458804,-8.81157665286555,-8.7675158200065,2006.5693114639973
KOR,2019-07-01,48.694501745390504,-7.932015753287219,3.9884292495644202,2006.773404323116
KOR,2019-10-01,48.933764001545896,-7.790059430300481,4.96835090831627,2007.7660613297812
KOR,2020-01-01,47.3731326084352,-10.7435754258782,,2006.4736484808034
KOR,2020-04-01,45.357882023207104,-8.98326655435539,-54.1900107921235,2003.7017206577605
KOR,2020-07-01,46.7129472342513,-10.1624670953588,6.5961603865999905,2005.8929606240574
KOR,2020-10-01,47.7810724930883,-12.2836432702075,-38.3928407628555,2007.4668031584338
KOR,2021-01-01,48.9299574092788,-12.5038916131578,11.3137626761588,2008.9766047927722
KOR,2021-04-01,49.2084396749211,-10.5260179595162,48.313849891675396,2010.3591955749444
KOR,2021-07-01,48.4588311778508,-9.47125050701329,6.391876218681709,2010.3569098128723
KOR,2021-10-01,49.3297167055738,-9.221386580056489,21.2968729739131,2011.8979538652966
KOR,2022-01-01,48.7023482789631,-10.412565054065299,-48.852650415514496,2012.2781334649378
KOR,2022-04-01,48.8535507772435,-8.74014500874833,35.6006872149433,2013.158764988455
KOR,2022-07-01,48.852397346725304,-8.223364036844549,5.14025890750268,2013.651317727658
KOR,2022-10-01,48.101707670155804,-7.346647677834451,-5.96016173906542,2013.2828482067587
KOR,2023-01-01,47.839756836202504,-7.02578026828898,-1.28018557194429,2013.6380285919206
KOR,2023-04-01,47.873922421556905,-8.22099422633563,-36.0979287758096,2014.3207312888862
KOR,2023-07-01,48.316226476493505,-8.588516233295131,-8.072543625839309,2015.0996453879127
KOR,2023-10-01,48.4128785597782,-8.59312753464007,-5.956309529213559,2015.5891554578427
KOR,2024-01-01,49.0531020422936,-9.0064854510248,0.28780916067197,2016.7560169516391
KOR,2024-04-01,48.5191151489782,-8.60692575040852,-14.2094681169675,2016.5273655248761
KOR,2024-07-01,48.335454089007904,-8.305235879161769,-7.66176677002086,2016.616256499756
KOR,2024-10-01,48.2145406189683,-7.775344444901799,-1.49184933965021,2016.6940280258802
KOR,2025-01-01,47.3282659843889,-7.3858217653672105,-12.4420141321226,2016.4750418382494
KOR,2025-04-01,47.656551761676,-7.65108410552611,-6.0969920522091,2017.1476368322103
LTU,2000-01-01,21.575620672545,1.38243379097475,,869.1280943283087
LTU,2000-04-01,21.2030703986009,1.6391008157719802,-21.9514622996505,870.4867065636801
LTU,2000-07-01,20.5745315863409,0.8473262799869199,-34.79438071312,871.5568527282251
LTU,2000-10-01,21.5347197912282,-3.9363848741239904,-16.5668133567876,873.3835656388088
LTU,2001-01-01,21.8800268225627,2.80203939642624,-11.9355521659061,876.0139370026627
LTU,2001-04-01,21.3441557897783,-5.44076724581323,-39.8288543663491,875.8836560955
LTU,2001-07-01,23.10420425217,-11.6835297093751,-14.5404319097678,878.0802833924627
LTU,2001-10-01,23.1634999100545,-13.1108916275041,-16.0640974468783,880.2853220916379
LTU,2002-01-01,20.6299766583964,-9.76690682195744,-6.6733801821084295,880.8384100693667
LTU,2002-04-01,19.5785433898535,-5.47650724371848,-12.0882248255454,883.4016503214154
LTU,2002-07-01,19.2977954129326,-7.35056746592388,-11.3034422797624,884.9628720055191
LTU,2002-10-01,18.9981266969886,-10.8012952407798,-2.5524364178531,886.3941024232222
LTU,2003-01-01,21.6899174473368,-12.0431563710633,8.18420740179478,891.1678238681238
LTU,2003-04-01,20.5187005420484,-9.80735423875531,-4.55361757011062,892.6105683794311
LTU,2003-07-01,21.6067885128901,-13.361044242473,-7.543184469516411,895.058470216524
LTU,2003-10-01,20.0977186056239,-1.6491893070371098,14.863015037680698,896.8026743263918
LTU,2004-01-01,18.3181396297758,3.76916422798614,-2.4652450546385998,897.5225448880753
LTU,2004-04-01,17.9961518642905,2.3680914552674603,5.90106916016742,899.5772444662281
LTU,2004-07-01,15.6744123611714,13.8908891798191,17.912282130311,900.3414598684808
LTU,2004-10-01,16.5895913707354,6.3272818220730995,-7.59612437628803,902.6946240179257
LTU,2005-01-01,16.3918398849417,6.83924461276235,20.9079940717832,905.1743154269026
LTU,2005-04-01,15.7280358228202,7.99079669698407,19.4023300134974,906.1445854294628
LTU,2005-07-01,16.7602904466403,5.46550931771153,11.6208391786182,908.9313330217149
LTU,2005-10-01,16.6021691130494,11.4896375214303,17.858815379876,911.2859838657631
LTU,2006-01-01,14.557560312917001,9.375589874068389,-15.4078574129796,911.2970071579907
LTU,2006-04-01,14.8557877372582,12.729082177849499,28.609411741880802,914.006811099083
LTU,2006-07-01,15.541884927897302,12.3513245528314,39.6054826363863,915.7466882369114
LTU,2006-10-01,15.5992925738878,17.7701286923138,5.19624185354111,918.6703202210028
LTU,2007-01-01,17.1495563813384,9.40482565477803,31.352721716133196,921.6809402604763
LTU,2007-04-01,17.0974485317142,9.18120797602211,19.4521521677886,924.4123249943751
LTU,2007-07-01,16.5476424190198,10.9814452012365,-2.19341260308825,927.0983817144869
LTU,2007-10-01,16.2471812432385,12.5510132468648,41.795956335938996,928.6217492549273
LTU,2008-01-01,12.6828213010888,22.9677252835132,23.364779999291898,928.2158581766652
LTU,2008-04-01,11.7133637581949,14.7493780305191,8.23916835098826,928.7153253989143
LTU,2008-07-01,9.093912637226161,11.6362214761634,1.43869758377348,927.3474782812096
LTU,2008-10-01,7.136021012768951,7.48571424625484,-2.4274898276808896,926.3255350722565
LTU,2009-01-01,-5.53744255950173,6.69396149017574,-50.1056104080024,913.1924673338661
LTU,2009-04-01,-4.93662570181039,-3.3322751158192103,20.6622800470045,912.063445889169
LTU,2009-07-01,-4.843346487992671,-2.67435873970971,1.11342139648382,912.1618441915379
LTU,2009-10-01,-6.23393271098145,-4.50498222906507,9.80655803166157,910.4879851318022
LTU,2010-01-01,-5.16394155252442,-3.53766491185262,58.9718940587615,911.1856160257789
LTU,2010-04-01,-4.27160009801182,-10.3314616850351,25.630752653709997,911.7775420581845
LTU,2010-07-01,-6.01685132039117,1.00744902126992,54.2248258033793,912.2273893107731
LTU,2010-10-01,-5.29238693946075,-3.3920758445568797,40.7435703786897,913.8446869151264
LTU,2011-01-01,-2.35074604315027,-11.0326465219749,45.9981704744991,916.7652053623217
LTU,2011-04-01,-2.0414231221002397,-9.45216889950376,58.7500002196763,918.6979622062829
LTU,2011-07-01,-2.74775836082837,-12.0086419513476,48.79097831954,918.4530135076365
LTU,2011-10-01,-3.4734804665298804,-5.6548703812215,65.6458771970527,919.6829509948236
LTU,2012-01-01,-2.96895644712548,-8.69986662694866,44.8244489748307,921.1729406820457
LTU,2012-04-01,-4.16055287074869,-6.86174478796964,39.6598634719969,921.463115339334
LTU,2012-07-01,-2.87460957894199,-7.790941347887551,49.1587242123319,923.7313309477609
LTU,2012-10-01,-2.6917610784105097,-9.60004155087965,52.7084371489067,924.3475296535042
LTU,2013-01-01,-3.1551126862761905,-8.725050997631751,60.2006958386111,924.9445693856762
LTU,2013-04-01,-2.89312140684315,-11.2920832803538,46.8672419568676,926.0405912982903
LTU,2013-07-01,-1.90705199003543,-12.2885085366478,62.2500935100202,927.4460055413489
LTU,2013-10-01,-2.20418216087127,-12.741688259951001,42.1652829929138,928.2800558705443
LTU,2014-01-01,-2.26514848444794,-11.5341948616717,61.104204206178906,929.4635563471577
LTU,2014-04-01,-2.41262659893904,-10.6481892482426,54.342801998393895,930.3165648782921
LTU,2014-07-01,-3.0089535242870498,-13.018191535631601,50.8018644154567,930.7467082706905
LTU,2014-10-01,-3.2481934510942096,-11.9684856327193,62.23915424446,931.0068052966118
LTU,2015-01-01,-3.9137835137010697,-9.17445405919711,57.6573354652386,931.8647541980757
LTU,2015-04-01,-4.09025422311304,-9.02786959112633,50.4319966358636,932.8780969169362
LTU,2015-07-01,-3.80513185864228,-11.9808293494767,65.0225939037304,933.9516042199929
LTU,2015-10-01,-5.244684169617471,-9.65428646186917,56.7656760494606,934.0499836033941
LTU,2016-01-01,-7.36684117526039,-6.96294571287182,57.6860045329745,933.9164452571717
LTU,2016-04-01,-6.85809970812626,-9.30688150442985,61.6225692742251,934.9484732382501
LTU,2016-07-01,-6.98039788966456,-6.1797704854747,66.7512447442209,936.3687872198183
LTU,2016-10-01,-6.43529069105486,-6.33220785706816,62.3323542170377,937.8055776380775
LTU,2017-01-01,-5.27644972984191,-14.7356510894941,54.5763132951824,938.9682494661138
LTU,2017-04-01,-5.47376747167427,-13.0056944389077,61.695756449141605,939.7690928791578
LTU,2017-07-01,-4.99150273776629,-15.156359120056,58.780347151149705,940.617027879493
LTU,2017-10-01,-4.311130258861691,-19.9507218171729,67.38933804256581,942.0868684722805
LTU,2018-01-01,-4.75673665350692,-16.2119585307438,59.0598770019827,943.3635911739563
LTU,2018-04-01,-4.52390715655313,-14.4937018607066,69.2596251534885,944.936514643143
LTU,2018-07-01,-5.875225595838931,-15.1637849054928,61.12032912372099,945.0836492821211
LTU,2018-10-01,-4.82870396372844,-16.8835644696684,63.5842914699678,946.9291124728288
LTU,2019-01-01,-4.94324262787484,-16.4003818560404,63.1742476887824,948.0993267560102
LTU,2019-04-01,-4.6027246083174,-13.684962877306,73.1802487298891,949.6811711786908
LTU,2019-07-01,-4.25790188515189,-23.632722615631298,50.049374691621594,949.757734538608
LTU,2019-10-01,-3.44255530840006,-25.5391318198675,69.5308159284739,951.239861037247
LTU,2020-01-01,-3.89513392934063,-32.3533094941392,36.5411538856362,950.7975250525593
LTU,2020-04-01,-7.842582806336219,-47.4348347584353,-7.417188393720189,945.3843258341149
LTU,2020-07-01,-3.93732346289352,-36.0274285114846,112.18889199945401,951.153326090591
LTU,2020-10-01,-4.12050929206606,-40.2043201953508,50.4835518092861,951.5336684136553
LTU,2021-01-01,-3.00116138645495,-38.6957336051255,84.1955996167095,953.7533980672725
LTU,2021-04-01,-3.85379163055607,-29.3978582966693,86.06341350189,954.9822360461093
LTU,2021-07-01,-3.24228682130768,-32.0031557788257,84.22573544273429,956.8238567437611
LTU,2021-10-01,-3.6076759429500496,-31.5064178764572,59.981807037776704,958.1027682548403
LTU,2022-01-01,-4.1682181457766605,-30.6556271350209,76.5266339215288,959.0200451368952
LTU,2022-04-01,-6.83972388109606,-33.157523311379,60.5113545563731,957.5045983611049
LTU,2022-07-01,-6.61049385812742,-36.3634989311979,68.6532775456604,958.6205010308056
LTU,2022-10-01,-8.154193497434251,-34.0712125724394,61.465754243049595,958.2255590706163
LTU,2023-01-01,-9.488607302918089,-31.379460836031903,81.631018569541,957.9217564741979
LTU,2023-04-01,-9.31874287043153,-30.9251134358404,70.5465712156334,959.4432019675588
LTU,2023-07-01,-9.86594795025393,-32.209075798784994,79.62909854888231,959.6758567164112
LTU,2023-10-01,-10.3992659300577,-33.283554521425,82.8782541975142,959.6146842421163
LTU,2024-01-01,-10.1886143708261,-29.3000905671632,87.6759893272838,960.958618027043
LTU,2024-04-01,-10.5684623666618,-32.2695938204114,74.00120567377,961.3556285875719
LTU,2024-07-01,-10.4151810661156,-31.626998668938498,76.7506386262453,962.4137340203883
LTU,2024-10-01,-10.2341119179056,-28.082700898491098,89.3480817545263,963.6731658966523
LTU,2025-01-01,-10.3877893201304,-31.189036185532398,70.50511725799899,963.9307139869439
LTU,2025-04-01,-10.5815116044637,-30.898024087481303,78.5955660384779,964.5150667278813
LUX,2000-01-01,101.955282486706,5.97468638770678,,910.9171060936825
LUX,2000-04-01,100.163950371133,8.85017438391857,12.087039272824,910.2888782658046
LUX,2000-07-01,100.96595082437601,7.63602984180861,9.06654023760657,911.831279851951
LUX,2000-10-01,101.13741223746699,8.440723706650829,25.4978148683519,913.1048215901646
LUX,2001-01-01,100.97055507142501,7.10354115506528,-8.142226085981159,914.0979575670337
LUX,2001-04-01,99.72615111113001,7.5223066854674405,20.879643134535,912.9737507444083
LUX,2001-07-01,99.83836077725189,7.619168349971201,-11.1830572804937,914.119391726736
LUX,2001-10-01,101.992470055446,6.44833795060435,16.191834248882202,917.0340955712318
LUX,2002-01-01,101.707346552947,5.71973465186115,24.7477290857938,917.1152458284994
LUX,2002-04-01,102.629755039761,4.67571612634569,-12.913344296819801,918.1971761175726
LUX,2002-07-01,101.93253183019199,7.820748271123181,21.7427858031703,918.0077021598878
LUX,2002-10-01,101.067169915973,8.087597457813391,-3.5673505343976704,917.6545711139196
LUX,2003-01-01,100.781446127402,6.46603672869151,-4.276981865039771,917.6835293418785
LUX,2003-04-01,102.82780969447501,4.02340447269604,9.46519622494201,920.1350080138051
LUX,2003-07-01,102.95403386476201,3.2762397739777396,-10.97999169156,920.8037722913508
LUX,2003-10-01,104.599843150028,-0.03514535165698,-11.904121117381,922.7354802135313
LUX,2004-01-01,105.16511540675599,-0.50186271526884,2.78581003964973,923.5696179238491
LUX,2004-04-01,105.671871053114,-2.84734022877764,-14.3507267126969,924.5881245895274
LUX,2004-07-01,106.19433071535201,-6.10766999955369,-12.2564124236544,925.4108422608399
LUX,2004-10-01,104.972551718249,-6.28323789297948,-7.482053143086211,924.5601332570055
LUX,2005-01-01,104.075371718726,-7.69223240015835,-53.4974396935869,924.1965000094375
LUX,2005-04-01,103.10727363759,-6.49464931746959,-7.15236233079579,923.9423332867848
LUX,2005-07-01,105.709622406129,-8.06737102825478,26.9731033282552,927.1228488486606
LUX,2005-10-01,110.55999394981998,-13.022737768805401,9.04284166859913,932.4026136379998
LUX,2006-01-01,108.883724495818,-11.973747185445701,-9.26902060063981,931.7489287493225
LUX,2006-04-01,108.43527771407399,-8.44642680825234,-9.503969604445981,932.7616612566973
LUX,2006-07-01,108.40321724701101,-11.6113952323495,-32.1792618266254,933.065353748619
LUX,2006-10-01,108.091376053904,-10.948885269814799,-25.1195865944646,933.6973022909549
LUX,2007-01-01,112.097961867969,-11.4402190843306,12.8721925719842,939.0801866593238
LUX,2007-04-01,113.266424450942,-13.976079370998102,-35.4978306157848,941.2456386098303
LUX,2007-07-01,111.90442542976899,-14.3045488290166,-17.5662435106697,940.6425113462044
LUX,2007-10-01,111.123583663414,-9.36717169834967,15.7240198993322,941.3819846395663
LUX,2008-01-01,111.672148726419,-13.551781687174099,-31.8181906351678,942.5790403921374
LUX,2008-04-01,109.208828374842,-8.93823342148273,12.2072054577611,941.0984703454444
LUX,2008-07-01,108.28437925396801,-10.656223812220599,-5.49358132691639,940.5323103415981
LUX,2008-10-01,103.71396332836899,-5.743947609352991,6.455712397259219,936.8591206099472
LUX,2009-01-01,102.40341026784601,-13.3790495945178,-1.71131791743463,934.123704677795
LUX,2009-04-01,105.953043634119,-23.9614776938811,-0.43839967989997,936.1050855393413
LUX,2009-07-01,106.31225716880499,-16.2083143577329,1.22074842393498,938.1390308732073
LUX,2009-10-01,107.50852210899599,-19.218168910844398,-7.788570486878251,939.4593395619884
LUX,2010-01-01,108.74976574074199,-21.7764199897165,25.720722610095198,940.5084448768694
LUX,2010-04-01,108.732340832596,-21.1578297123422,-17.5859234597423,941.2938300041068
LUX,2010-07-01,106.671377881252,-19.0896360366825,-4.0133122579877,940.048127782227
LUX,2010-10-01,107.35649392067398,-22.5914755908073,-11.6353333023232,940.7813232537482
LUX,2011-01-01,107.22139319916299,-19.675987073084798,-12.4329061661228,941.8816886246989
LUX,2011-04-01,106.02176918703098,-19.0204798128892,13.808306027843301,941.2341999536965
LUX,2011-07-01,106.742554924109,-20.0955114707193,-0.11777511895545001,942.5201720337918
LUX,2011-10-01,104.739222901187,-18.1115813333635,-4.78915845931301,941.1041976051567
LUX,2012-01-01,106.076060023897,-20.8560008612722,18.6903621510478,942.7514139537348
LUX,2012-04-01,105.44007604002901,-20.6997356112927,-11.6673592421311,942.6668752682281
LUX,2012-07-01,105.33733488441,-21.2538231158786,-13.777220359310999,943.1778469831029
LUX,2012-10-01,106.517449485638,-24.5791584476848,-4.1537128492859,944.6076305404773
LUX,2013-01-01,106.687342596977,-27.191234128033198,2.92553391677719,944.5665426592437
LUX,2013-04-01,107.803261808728,-24.609622937368,-6.37706485977845,946.9916136805194
LUX,2013-07-01,107.514953036316,-23.7106772733778,13.3209588575507,947.2650788840073
LUX,2013-10-01,106.02653117276199,-21.1296712308244,-1.05785562635176,946.7730748685575
LUX,2014-01-01,106.69964019440401,-22.0478872592859,-25.641075029128302,947.9565661077398
LUX,2014-04-01,105.157397796424,-21.8650847833574,-0.11075502709864,946.9406897181519
LUX,2014-07-01,106.775827398726,-22.4893414666941,11.356712497184999,949.0280049289804
LUX,2014-10-01,109.13824117562301,-24.440285672543798,11.8171466979208,951.9522160266168
LUX,2015-01-01,107.220709555351,-24.6532662720505,-31.5908604907132,950.657080287792
LUX,2015-04-01,107.294895565425,-23.2247923754326,11.5600079210802,951.6404946175971
LUX,2015-07-01,106.515559780358,-23.0071324451727,7.031683538806551,951.3196730398874
LUX,2015-10-01,105.75562440542099,-22.5492743229273,-12.3233058259342,951.3521707874886
LUX,2016-01-01,107.878407876976,-22.362195495944402,-4.02685777975426,954.58049582311
LUX,2016-04-01,109.000470227796,-25.276131073586498,1.79138170037471,955.9446746414962
LUX,2016-07-01,108.869124277441,-26.0151944682169,-28.879193268932003,956.6734276427019
LUX,2016-10-01,108.69753604113099,-24.8312424496084,10.4201611426467,957.240377207381
LUX,2017-01-01,106.75367775374,-23.0103967168278,11.065818509779,955.8663536696995
LUX,2017-04-01,106.634701428695,-21.32975230665,-2.28259704978656,956.9091159859255
LUX,2017-07-01,107.38621704234099,-24.1318300432035,-0.43918585058001997,958.1013877258215
LUX,2017-10-01,107.34969242253001,-24.4056855490883,-2.3156707468244697,958.8345207721242
LUX,2018-01-01,107.100194563079,-25.9774786535108,15.420060461069502,958.7303119611635
LUX,2018-04-01,105.961555237749,-24.2708844245066,-9.79837423459678,958.4438644334847
LUX,2018-07-01,106.211096429753,-24.8778869522993,2.19475124766885,959.2270696950683
LUX,2018-10-01,106.31196847112301,-25.079020141754,8.28029236715889,959.8747482842853
LUX,2019-01-01,105.707122316088,-25.298515863236197,-29.332222711656502,960.1605130683206
LUX,2019-04-01,107.101098572987,-28.349436022749703,13.5151377697561,961.7524002578313
LUX,2019-07-01,106.84710013460901,-26.7494611390647,7.951010026818101,962.317823441376
LUX,2019-10-01,106.47982498817801,-25.286182367912403,-1.25444522990775,962.9195433203106
LUX,2020-01-01,109.74403769124501,-54.826893331330695,-84.7081112444869,962.2529489844103
LUX,2020-04-01,110.076250811511,-101.082033508585,,955.2063086397645
LUX,2020-07-01,108.95803495928,-45.276102039486,106.151995806342,963.3632300549955
LUX,2020-10-01,109.46868100360501,-50.920284601955004,-98.7084055554392,964.1934458980536
LUX,2021-01-01,111.24669287807801,-47.5287761414431,32.215304859385405,967.0685002927298
LUX,2021-04-01,110.35463531969101,-43.1350123408755,41.1290019886727,967.0180022547679
LUX,2021-07-01,108.748245014696,-32.930827783452,19.8199269480691,967.9312219117785
LUX,2021-10-01,110.243253583421,-34.195185946664,1.43308550502555,970.0256916553795
LUX,2022-01-01,106.966208625185,-31.3990500836628,18.2421804246821,967.1612240110973
LUX,2022-04-01,106.089487715984,-31.5448639074052,9.73228205847462,966.5623687065208
LUX,2022-07-01,105.98399778165599,-28.8146222683689,14.7231443080513,967.3464139151156
LUX,2022-10-01,104.60314007192599,-26.5732597868331,-8.156356746184521,966.6384519452502
LUX,2023-01-01,104.131253398952,-25.375735073484503,2.3897886893511098,966.6530279575959
LUX,2023-04-01,104.79718311830699,-28.9900598901709,-2.0070858914279,967.0760727994857
LUX,2023-07-01,105.290881906469,-28.150757764638,2.1541477614105498,967.9937668680031
LUX,2023-10-01,103.693320163599,-28.2899994260003,2.16121003837525,966.3426707344908
LUX,2024-01-01,105.86182613211399,-28.020874802283004,10.9227512390607,969.0374774384072
LUX,2024-04-01,106.182056203089,-36.1567150791477,7.23117533400832,967.9187082249172
LUX,2024-07-01,103.04191059904599,-27.074018223623504,6.86164760828962,966.0434618227551
LUX,2024-10-01,102.984196406038,-25.1686103657025,10.8369350797807,966.4100283487652
LUX,2025-01-01,103.59508390859,-26.6132239624151,-8.56066630079784,967.130325656977
LUX,2025-04-01,103.066936238285,-21.177799545497102,2.79528264107755,967.7094978860317
LVA,2000-01-01,25.0892636125873,3.8355077303742804,,824.9287602128031
LVA,2000-04-01,23.5472296036305,4.10663384631024,-30.506439719994898,824.5253225913065
LVA,2000-07-01,24.526997885139302,1.26897975242747,-62.14646328912809,827.7234047173465
LVA,2000-10-01,21.190361249200603,1.2509787708497,-20.8108983031978,826.9372652389586
LVA,2001-01-01,19.2508995883606,6.71182244489487,-26.464467233761702,829.1822161111677
LVA,2001-04-01,20.9257861124838,5.39322189170868,-22.8676598269806,833.4903634110294
LVA,2001-07-01,16.3192110869844,7.72183958484034,-49.421751466721496,831.2699642597073
LVA,2001-10-01,17.2313665874795,3.44618242596514,-23.854151100430197,834.5289183044995
LVA,2002-01-01,15.578922489997801,-0.43850531802221,-6.633570726898901,834.7945794109554
LVA,2002-04-01,15.3801135474953,7.19211771478248,-12.602389445876499,839.0200375631297
LVA,2002-07-01,14.4062093268375,0.9235481590113399,-16.6639094224174,840.0906535624857
LVA,2002-10-01,14.969110921201,0.96596659126274,-12.8425832987133,843.6481926975088
LVA,2003-01-01,13.7772798287554,2.57136292114096,-3.79079318422174,844.2275660889316
LVA,2003-04-01,13.2817464039646,4.75432085258097,-14.1295506797465,846.3855703825564
LVA,2003-07-01,13.833658886369,-5.09259716315844,-6.00592161911181,849.1957431347977
LVA,2003-10-01,12.293042775936899,2.99168663550371,7.57910085620631,850.5383733456739
LVA,2004-01-01,13.3444515449234,-2.11325010483764,6.00452780315031,853.6819332551415
LVA,2004-04-01,13.351902874907001,-8.532117065952031,1.6668777610956,854.8246022671486
LVA,2004-07-01,11.5666314946591,-9.48591659266617,0.36189718213379,856.2223916790541
LVA,2004-10-01,11.187174077729601,-5.72525669752482,5.76397746187792,859.0778169689643
LVA,2005-01-01,10.852330987534101,0.5116428547737201,19.3763118271941,861.2739706927442
LVA,2005-04-01,11.4517588491724,-6.35097868653594,-3.45295595877693,864.5744705000365
LVA,2005-07-01,13.108033471618,-6.8089919554219005,28.2779226042844,868.7273461787837
LVA,2005-10-01,13.657049338271602,-3.1060137260165597,16.7341836684954,872.2856855783112
LVA,2006-01-01,10.6454470766159,-0.52539604058287,15.4523584665405,873.1723757232209
LVA,2006-04-01,11.938849780494799,-5.48140908877286,40.6739698146391,876.9398334004462
LVA,2006-07-01,10.3507451461026,4.56422994162164,39.1280019784411,880.2236786144975
LVA,2006-10-01,14.275168406831801,-1.5256425152855,47.3844820076094,884.9628720055191
LVA,2007-01-01,12.2908496389422,-2.06486971899208,26.539356548785697,887.1070224851306
LVA,2007-04-01,11.1643697598027,-3.87504699552865,-4.28318607112357,889.2680076004716
LVA,2007-07-01,10.3927936581799,-9.00668766778924,5.06409609334108,890.6434062147373
LVA,2007-10-01,7.7322005054718606,-15.063919315883801,0.15766459273542,889.2542675619777
LVA,2008-01-01,6.09427892084964,-17.326670340621302,13.103793078342399,890.5729139862974
LVA,2008-04-01,1.24050302656149,-15.250415265256201,10.8103616699265,888.0627241047474
LVA,2008-07-01,-3.8121980193612903,-14.0085481123633,15.4806500388252,883.9566503657949
LVA,2008-10-01,-5.89281076874714,-27.381751020391796,-44.0800077861072,881.0146347266809
LVA,2009-01-01,-8.5895263631772,-40.8576450369144,-12.0245719814934,875.5564214061214
LVA,2009-04-01,-15.008845795620099,-33.9963563036685,5.29172931802425,869.1532978468535
LVA,2009-07-01,-17.678819429898,-35.0216944883226,-11.3185327338742,864.2415156169619
LVA,2009-10-01,-15.0303055499217,-38.0191962532118,62.640606039273706,865.0096887080236
LVA,2010-01-01,-14.6747446587009,-39.6321484670289,83.1885097310329,865.0114397915065
LVA,2010-04-01,-15.1558388743432,-44.7293533605437,50.7018960244803,864.2662169950714
LVA,2010-07-01,-17.843403693440802,-33.5812034189891,80.48467540152811,863.9977035493995
LVA,2010-10-01,-17.2111421004341,-32.416229005133104,78.4383899968005,865.0412035202461
LVA,2011-01-01,-17.660841117702,-33.2984176167403,39.6178243644961,864.4319112742241
LVA,2011-04-01,-15.421747329018002,-41.1971631517973,54.1923830747414,867.1543851246162
LVA,2011-07-01,-14.6449454471515,-39.3099187078433,72.11379166079361,868.8656004875317
LVA,2011-10-01,-15.516933378083001,-37.3569158297516,72.7329529870694,869.3396067202015
LVA,2012-01-01,-10.0266687961608,-45.318348951493995,55.5693478697797,874.4774879615056
LVA,2012-04-01,-11.777082991327099,-43.303270805181995,76.0428859019798,873.9616483405964
LVA,2012-07-01,-12.7066872837873,-43.4781721926515,60.2515720788004,874.6573255196224
LVA,2012-10-01,-13.2038968122837,-39.955754441865196,75.9247849555384,875.1727619657127
LVA,2013-01-01,-13.8969981764944,-38.0501386312951,70.64497808566959,875.2439211518079
LVA,2013-04-01,-13.6818000843268,-39.623170316654196,80.8777628866324,875.9872667798084
LVA,2013-07-01,-12.994002494199,-40.1806187632183,68.84826056464681,877.3214303639824
LVA,2013-10-01,-12.3820767512633,-41.6567792425033,44.381648738614,877.792535550142
LVA,2014-01-01,-13.1499159599064,-39.4347585912176,61.683379099401805,877.9788198491374
LVA,2014-04-01,-13.954871269140002,-33.6366084658091,75.8163694382678,878.1632225137619
LVA,2014-07-01,-12.2231593366977,-38.9654946364899,59.7973534726184,879.2245847467876
LVA,2014-10-01,-12.569871782404398,-37.3310119522193,63.6274530466451,879.4521851788527
LVA,2015-01-01,-12.018768162594,-42.0145268508979,64.6290213967483,880.6424063857868
LVA,2015-04-01,-11.3586541781254,-41.4092413504611,65.8622021671437,881.9384494060577
LVA,2015-07-01,-9.806613864422719,-46.1407569251076,68.0419977782345,883.5865080554763
LVA,2015-10-01,-10.2193533725787,-49.0530229318878,62.58729408536941,883.315655140591
LVA,2016-01-01,-9.866911624927539,-45.713282004027,73.6071834814389,884.3817091982636
LVA,2016-04-01,-10.793890491389101,-38.7057832642402,66.4442971864377,884.701479006211
LVA,2016-07-01,-9.61663548683011,-46.9432371140271,64.5450941819277,884.7489251808547
LVA,2016-10-01,-9.80106011659919,-42.413132797631896,69.12547306341669,885.912194271903
LVA,2017-01-01,-9.27952231809476,-43.2021412468834,63.1757144683283,886.9327843812752
LVA,2017-04-01,-7.85391801854656,-50.9040664244937,67.9409583511772,887.42100768863
LVA,2017-07-01,-7.74162228327773,-49.504021955454206,70.3100146573541,888.4069919739563
LVA,2017-10-01,-8.9868967768238,-41.757029073336696,68.8923776944973,889.2157854076017
LVA,2018-01-01,-8.40009061789319,-43.0676142310749,69.9623338906621,890.4059747039115
LVA,2018-04-01,-7.81443704236043,-43.1857745673248,65.7656517592676,891.8101265331787
LVA,2018-07-01,-7.149681110388539,-49.2799450532925,66.5347718598896,892.4469990753668
LVA,2018-10-01,-7.48707882262564,-44.392115196903696,64.96792174216111,893.3057374561324
LVA,2019-01-01,-8.37219743909725,-47.5876473078616,63.8568976125622,893.1829449006806
LVA,2019-04-01,-8.83438906736094,-48.8574609696518,67.7839125437206,892.9170383139624
LVA,2019-07-01,-10.095793747335401,-45.0636536656296,62.4488681964117,893.3716926881136
LVA,2019-10-01,-11.7866070649701,-44.104024492872604,65.6371630842717,892.7513162250584
LVA,2020-01-01,-10.6756688902334,-60.0386200291803,69.3758609271811,892.351126897584
LVA,2020-04-01,-17.0436495903841,-82.68761254054961,-192.533330504527,881.802344643572
LVA,2020-07-01,-12.1581829268949,-52.156513061599696,137.840557137987,892.0683016603632
LVA,2020-10-01,-10.5034778106725,-65.6286988710838,64.883852812731,892.472283357328
LVA,2021-01-01,-7.49618197818719,-79.9340627115445,67.4467710858614,892.6530791738277
LVA,2021-04-01,-11.661294966301899,-54.706199220398,107.35705628913199,893.5166412567588
LVA,2021-07-01,-6.279193564496651,-60.336076137640205,75.30310968769311,899.3265866688354
LVA,2021-10-01,-7.707168425329559,-56.773843590572405,74.8405896602342,899.2072415608721
LVA,2022-01-01,-7.9683570950358105,-58.20582633686781,75.64391720989589,898.7521767860914
LVA,2022-04-01,-10.0182081666774,-49.0226225140384,81.47604544449901,898.5933523037444
LVA,2022-07-01,-10.097056248103,-55.7283057942505,71.4524590844109,898.5758286467627
LVA,2022-10-01,-11.3525783765561,-49.3501606519067,76.2610114620332,898.8845460907496
LVA,2023-01-01,-11.371675176700501,-56.8316261379195,69.5154414890611,898.9169872913587
LVA,2023-04-01,-13.366579610854302,-57.7035579950812,76.66573898254751,897.6616041117786
LVA,2023-07-01,-13.0753751755006,-62.5834986581864,76.15560582700121,897.3047185057532
LVA,2023-10-01,-15.495324424703199,-52.9768971781621,81.08152407436549,896.5781643906489
LVA,2024-01-01,-15.3135251585203,-55.9364158523272,81.9911744610794,896.7083395073008
LVA,2024-04-01,-14.567400073107201,-59.863469180216896,71.89233434548011,897.1588136478819
LVA,2024-07-01,-14.3814421720183,-61.673337267111805,81.5428820261296,897.5440484963372
LVA,2024-10-01,-15.5813393479628,-52.574797368222306,77.0549610731146,897.7727124285547
LVA,2025-01-01,-13.626386515938698,-68.271747500828,81.9221558669522,898.1166172804623
LVA,2025-04-01,-14.5962932988146,-64.02100621772439,84.3121079018393,898.2159152894635
NLD,2000-01-01,71.78650161645311,13.738205427278599,,1200.1476645017353
NLD,2000-04-01,72.10724456390109,15.022136484102798,7.6113535545124495,1201.1789837336944
NLD,2000-07-01,73.6534551837989,8.16069628197724,14.868196136762199,1202.0132148263385
NLD,2000-10-01,74.3376857568024,7.596660354886279,2.46185573488406,1203.0557274019163
NLD,2001-01-01,74.2903305348073,9.11614209494815,18.1482871415003,1203.5423104955032
NLD,2001-04-01,74.3823465272643,8.428535106378519,-1.16739373942739,1203.8864503546242
NLD,2001-07-01,74.4662694651212,7.01435831806298,-2.19664286164981,1204.0782231957146
NLD,2001-10-01,74.38636682069651,6.81017507820055,5.3102788815558,1204.1564680388346
NLD,2002-01-01,74.7657266309413,3.04580434702456,6.5030696300372695,1203.9783677181765
NLD,2002-04-01,74.8994847066461,2.69038245338084,6.40324316819277,1204.1448560570245
NLD,2002-07-01,75.011065624785,1.8144949589734098,-5.2259491466734,1204.2251103294805
NLD,2002-10-01,75.3803226096019,-0.20435455805022001,0.31504497200324,1204.330133124486
NLD,2003-01-01,75.91393246478691,-1.54468798672206,-0.39195895264367,1204.5591051020053
NLD,2003-04-01,75.8223020680704,-3.1968831204473602,-11.934714353635501,1204.0576936877196
NLD,2003-07-01,75.9783479429478,-3.69111132234934,-11.3005537695126,1204.072383333581
NLD,2003-10-01,76.84194606782519,-5.725525792409409,-2.95868171349982,1204.6953225265136
NLD,2004-01-01,77.3075855340078,-1.8613038785215301,-12.796035685379001,1205.6205113249782
NLD,2004-04-01,77.7381643497196,-2.33634601097744,3.842428754183,1206.0763018167906
NLD,2004-07-01,77.8158807548613,-2.85183069761935,-11.0483441887245,1206.211451144411
NLD,2004-10-01,78.1968061144401,-3.96480474412185,-9.35082455377422,1206.4454356208698
NLD,2005-01-01,78.5522881490461,-6.69165059858363,-20.585151526746,1206.6962290825654
NLD,2005-04-01,79.1786499813983,-6.11494688520873,12.4735554372279,1207.6089806478299
NLD,2005-07-01,80.1489504972719,-6.23537954662347,9.80950886780592,1208.8163164379896
NLD,2005-10-01,80.5402187157654,-6.14323379727074,-11.386806365541,1209.4898597324618
NLD,2006-01-01,80.34671401520261,-5.05712725782817,-1.4716795998255399,1210.0652128072275
NLD,2006-04-01,81.986999507977,-7.49632353184064,14.311510467913799,1211.6788323721103
NLD,2006-07-01,81.7748004489342,-6.39787095318275,-12.3129324037935,1212.1894523806845
NLD,2006-10-01,81.937151464195,-7.00051381855101,-3.21590975029303,1213.0537347539087
NLD,2007-01-01,82.23590769382581,-5.1707031262029,-5.695202273083759,1214.1766097484765
NLD,2007-04-01,82.2650072016758,-5.51823457020652,-1.68615067572747,1214.7895713176297
NLD,2007-07-01,83.1829593079451,-7.87893789811695,-0.43006212661645005,1215.8857864792367
NLD,2007-10-01,84.2209539701596,-8.59776293531767,-0.46653422425908997,1217.3294255975156
NLD,2008-01-01,84.176471384782,-9.27969947478565,-23.691609575345602,1218.027574844205
NLD,2008-04-01,84.017063565304,-9.68241613554069,-4.9100157228599794,1218.0994296052895
NLD,2008-07-01,83.740351810406,-10.8739748459812,-10.1092507396342,1217.8307743287442
NLD,2008-10-01,82.2565442889602,-8.14427574499085,-5.39602387728194,1216.7241896331066
NLD,2009-01-01,80.2562901898203,-7.9906262028912405,-4.02991975269446,1214.4136069728347
NLD,2009-04-01,79.8799915849327,-9.75482218913229,-18.1875375985369,1213.4811847097124
NLD,2009-07-01,80.72570648956871,-13.498979291972901,-5.47611745484358,1213.5859386816423
NLD,2009-10-01,81.0445645436787,-12.1307748633545,-5.59587326824337,1214.2397218486383
NLD,2010-01-01,81.76961448086179,-15.573144611670001,-23.1875398320054,1214.2431854645522
NLD,2010-04-01,82.13076496174459,-14.5536247323379,-7.74293076275725,1215.1573164182305
NLD,2010-07-01,81.49600789895621,-11.1806477822201,-5.98305706239407,1215.2457183312522
NLD,2010-10-01,82.7365568937864,-14.3732075031444,7.81292173012722,1216.1060635140745
NLD,2011-01-01,83.5412999232617,-15.3081414351306,-34.0966464469594,1217.2014184993216
NLD,2011-04-01,83.6978846491877,-18.241368856704,-9.91876032561853,1217.1424263321844
NLD,2011-07-01,82.74071682088619,-14.232837567327799,-18.9519202340093,1216.9982666510466
NLD,2011-10-01,82.0345674421539,-13.0595945901324,-12.78703580304,1216.4700499704438
NLD,2012-01-01,82.318756286716,-15.9944919642522,-20.229640692029697,1216.3802728275537
NLD,2012-04-01,82.2149357006622,-16.0798118677838,-25.3869063171005,1216.3306053171184
NLD,2012-07-01,82.1844059699137,-17.8569533955981,-12.532323640686698,1215.8517618265012
NLD,2012-10-01,81.888944484829,-17.8777544186261,-7.879073166766309,1215.2966656572503
NLD,2013-01-01,81.959333200675,-17.2611181190492,-16.185577088104,1215.2548443464946
NLD,2013-04-01,82.14409137816881,-15.5235842054262,-17.5505583767602,1215.68230508387
NLD,2013-07-01,82.6758204261012,-15.7146157708181,-3.19114964965211,1216.1838586532924
NLD,2013-10-01,83.1404473300603,-15.208275654155202,-8.00780075351395,1216.7864419638634
NLD,2014-01-01,83.169271028039,-14.326987135327801,-15.5281221754178,1217.017030049827
NLD,2014-04-01,83.9003162281265,-17.3803269482736,-3.81660676581253,1217.3381567831723
NLD,2014-07-01,82.9662374018712,-12.278899337689001,-14.310615361157799,1217.306948328528
NLD,2014-10-01,84.1628420726897,-12.758033091912798,-2.24185339296923,1218.6499331939597
NLD,2015-01-01,84.716202805553,-14.563362059694601,-3.49399340033857,1219.0415205063925
NLD,2015-04-01,84.9240854999168,-13.1887190061015,0.8656712153501601,1219.465167381465
NLD,2015-07-01,84.1964055327146,-11.7893757330352,-18.4533841318528,1219.9389362061092
NLD,2015-10-01,83.9418152259864,-10.8212538897659,-16.998785777611,1220.17392700059
NLD,2016-01-01,84.2014322248416,-9.88240259650889,-0.10367592865803,1220.820736539353
NLD,2016-04-01,84.366475611534,-9.00035178683403,-12.8430172952218,1221.5905147659632
NLD,2016-07-01,85.2482337477623,-11.382116316569201,4.62745107621988,1222.4794296625182
NLD,2016-10-01,85.1917771246552,-8.40715293526841,11.1281998689998,1223.279149659509
NLD,2017-01-01,85.6021852369885,-10.9027485793871,-29.661277601327303,1223.8703907395943
NLD,2017-04-01,85.05034552206129,-7.03182510359901,-1.05731285984655,1224.379223255719
NLD,2017-07-01,85.5172223221094,-8.01097653491811,7.62052587708695,1225.1352847459036
NLD,2017-10-01,85.84678088979541,-9.723509087509399,-11.1955950931667,1225.765129919889
NLD,2018-01-01,85.9384422313684,-9.578191045866,-2.68248253716222,1226.478155118066
NLD,2018-04-01,86.01659678299521,-10.757500705343,-13.9512872812283,1226.9341298225997
NLD,2018-07-01,85.3190326680213,-8.12615333251415,-13.058389527842,1227.189596595955
NLD,2018-10-01,85.1557568753562,-7.911424977534839,0.01210354921945,1227.4673840321823
NLD,2019-01-01,85.8156103702711,-8.17630769924514,-3.4375286770077498,1228.7064902239297
NLD,2019-04-01,86.1116043130425,-10.392824121905301,-15.598483174653598,1229.154826050746
NLD,2019-07-01,86.3335991142683,-11.573375256436599,-11.7497274925334,1229.6133160835866
NLD,2019-10-01,85.5712223418923,-8.77611344885753,-5.08424496752104,1229.6700973459258
NLD,2020-01-01,86.9501894804241,-26.095379467393297,-63.967194435853905,1228.6087814362982
NLD,2020-04-01,79.01284780453099,-25.0055141270003,,1219.904249180647
NLD,2020-07-01,84.7446210003727,-26.3598462396503,87.02843155039281,1226.2420369738954
NLD,2020-10-01,84.5794963160014,-24.7408483594268,-12.8997404856985,1226.5671800558753
NLD,2021-01-01,84.2445521623678,-19.3303921503686,-28.7774412425283,1227.5873390599368
NLD,2021-04-01,86.699773284202,-15.813582339354,57.62456355097439,1231.4169364367506
NLD,2021-07-01,89.2850085485496,-25.2231175086362,34.2973959009129,1233.2343997722835
NLD,2021-10-01,88.2631107115178,-21.7047345414549,-14.937727171991499,1233.273833556532
NLD,2022-01-01,88.1210977474204,-17.268685997838702,9.06793721609538,1234.5242673628202
NLD,2022-04-01,89.8347850536851,-17.8612203715805,29.7188058453714,1236.8506496408866
NLD,2022-07-01,88.503246778181,-12.578274252511202,-10.3225842794774,1236.999641278114
NLD,2022-10-01,87.9119211660504,-13.823535534691,-27.7896626703403,1236.7953371419344
NLD,2023-01-01,87.3040579233529,-15.177909241795101,-9.00425384783507,1236.2354766507726
NLD,2023-04-01,86.5673613359482,-14.522954313668098,-12.02722164989,1235.8315077238128
NLD,2023-07-01,85.2666392294129,-11.1313514281612,-3.75565696183566,1235.2688437827999
NLD,2023-10-01,85.8594221350392,-14.5748530441138,5.79834088963234,1235.5270796090601
NLD,2024-01-01,85.4897920965927,-13.4327650598325,-8.53594376846086,1235.571302637663
NLD,2024-04-01,86.2308943668683,-13.8246397561059,-9.218751308456099,1236.594620411766
NLD,2024-07-01,86.9120026012967,-15.420343517202301,2.1230034475979003,1237.2500649630415
NLD,2024-10-01,87.2603695399269,-16.6648749704504,-1.977986445323,1237.719210917667
NLD,2025-01-01,87.28946176159201,-15.6274505798914,-4.2200410872899505,1238.0103260589647
NLD,2025-04-01,87.632799128142,-17.8713606779063,-9.58952897860343,1238.2215570496567
NOR,2000-01-01,195.998627859878,7.1825795021832795,,1382.4435610924397
NOR,2000-04-01,194.44179969582999,7.7432289580603495,-2.94182325808866,1381.5019437384303
NOR,2000-07-01,194.616366521376,7.192679557716709,-7.82787380836722,1382.1265963796013
NOR,2000-10-01,194.300016208975,6.848940856492949,-17.8804988648602,1382.1520462256478
NOR,2001-01-01,196.284761406641,1.4843065263605,17.7750124460053,1383.6512465835935
NOR,2001-04-01,195.875216520857,0.91794443746305,-12.951456216975702,1383.5365144694854
NOR,2001-07-01,196.255543124448,1.01102797551028,-6.73372176722473,1384.3276491841473
NOR,2001-10-01,196.485550516164,-0.20590710311348,3.050632774211,1384.8892141146432
NOR,2002-01-01,196.491921795097,-2.7072008038946502,2.27494515293278,1384.774926120683
NOR,2002-04-01,197.63842606124499,-4.11693982827214,-3.3516269287989395,1386.103635225215
NOR,2002-07-01,196.266521151501,-1.20065700763646,6.729707061999781,1385.136599955323
NOR,2002-10-01,196.648528930272,1.00095418623954,-2.0702132535430398,1385.86236858329
NOR,2003-01-01,197.896183487443,-5.74629554204451,-1.61798624049856,1386.1859649901635
NOR,2003-04-01,197.434655895903,-5.04528169322708,-9.42721806816804,1385.8786499093155
NOR,2003-07-01,197.948931320242,-4.108890338897201,2.8275711969412,1386.7784171681774
NOR,2003-10-01,197.704011482131,-4.36743081001417,-5.12763965142582,1386.7991047356875
NOR,2004-01-01,200.6202286847,-2.8005929807859102,15.0254572219185,1390.4641686691884
NOR,2004-04-01,200.32551790300502,-3.4101044175677497,2.1232561793098697,1390.5969900549467
NOR,2004-07-01,198.992010613328,-1.49078484979499,-7.47794792098295,1389.8484043632352
NOR,2004-10-01,199.12095097761699,-1.34495243927703,-7.139670905038339,1390.478345911263
NOR,2005-01-01,200.21245374727502,-0.42217637289416,11.9401791589762,1392.4408011277114
NOR,2005-04-01,199.95417293203099,0.10516613077595,10.5735817928459,1392.77752846108
NOR,2005-07-01,199.767199303735,-0.2997358663797,-13.941183530303999,1393.3106909529602
NOR,2005-10-01,199.215032500186,0.06314643985414,-4.70620426667457,1393.4560346505884
NOR,2006-01-01,198.982144613006,3.32620834030083,19.4183779079812,1394.7433157174378
NOR,2006-04-01,198.358643348207,1.80877054794558,-0.96179309085049,1394.8235625596155
NOR,2006-07-01,198.220951735091,1.0415088678979298,1.88827227325412,1395.4812394506978
NOR,2006-10-01,198.621149350512,0.34531352354556,-2.3442829423315,1396.6552983599088
NOR,2007-01-01,197.225312427161,8.95695091835244,8.23553654103697,1397.713949153314
NOR,2007-04-01,196.478131981087,5.9726501043670295,9.45324980744243,1397.7128431633146
NOR,2007-07-01,196.373242425861,4.08825211982514,8.85785508310743,1398.534615524743
NOR,2007-10-01,196.254551546529,2.98427492079672,3.10915841051726,1399.235045118899
NOR,2008-01-01,194.225223975412,6.908896234915229,3.09151079170772,1398.7663926842602
NOR,2008-04-01,192.923433715424,8.83188140411041,9.08970753988405,1398.7983778703415
NOR,2008-07-01,192.119802608719,10.3050642999397,-9.57544054971379,1398.6807398626504
NOR,2008-10-01,191.77911922028298,8.58397813569585,-3.9000268503502395,1398.881996034655
NOR,2009-01-01,191.113154022288,0.50739163436201,14.7736205922247,1397.222195635141
NOR,2009-04-01,190.325990967937,3.29106351693602,18.6439136953045,1396.6496234448377
NOR,2009-07-01,189.953741627089,2.6299070821544803,9.75720354624632,1396.6912320119884
NOR,2009-10-01,189.534986783165,1.7084925584307398,5.82548148297066,1396.7257780371758
NOR,2010-01-01,191.182743513848,2.24131806284737,31.1751225425957,1398.4842277615728
NOR,2010-04-01,190.030722441516,3.6714736071503897,-1.9957408564428,1397.7925282032852
NOR,2010-07-01,187.81264134472798,5.18716127078315,13.2602593594084,1396.1764425596352
NOR,2010-10-01,189.12978327658,3.2845759720815595,8.45778020789045,1397.9578187606653
NOR,2011-01-01,189.114373499646,2.1444052182431,19.4395730336791,1398.380925239466
NOR,2011-04-01,188.071344066222,4.1410114468599,12.3328528191291,1398.1141091397483
NOR,2011-07-01,188.301833743528,5.31436093362386,15.3066154442023,1399.1456835784825
NOR,2011-10-01,187.666193232215,6.0418862408329606,8.70820500702815,1399.179056797874
NOR,2012-01-01,189.212254071191,4.6645301711400595,24.6098890569399,1401.612461545889
NOR,2012-04-01,188.89826870883,3.80696405100868,16.197292334952,1401.764536291304
NOR,2012-07-01,187.427369791097,5.67750183716487,16.6148045809862,1400.823778747211
NOR,2012-10-01,187.45337484827002,5.40526426320365,11.6507136063545,1401.347577874625
NOR,2013-01-01,187.76372391944102,1.6022693500496101,23.6617499482145,1401.763964400318
NOR,2013-04-01,187.409659667233,3.69594699486336,13.4631631606073,1402.2272663062743
NOR,2013-07-01,187.159941829985,6.22548365681114,21.0653195966827,1402.8573065882804
NOR,2013-10-01,186.692728657964,4.64054516980568,17.2213457622526,1402.7427324104017
NOR,2014-01-01,187.137585007161,2.45482534056128,16.8952376628932,1403.7370085272378
NOR,2014-04-01,187.135447796501,4.16119854894374,25.7541876545341,1404.2112920687823
NOR,2014-07-01,186.761416753027,5.55285207670225,16.3719543116097,1404.4819861898775
NOR,2014-10-01,186.936078436571,5.29023086690212,19.7652964411355,1405.2684028077156
NOR,2015-01-01,186.929584033712,6.21859862478251,26.7358231979409,1405.7763947632204
NOR,2015-04-01,187.00986214354302,5.6635074648262,20.3597831321922,1406.116991531928
NOR,2015-07-01,187.77653632064,2.50398627910292,17.055874108999898,1406.869823062686
NOR,2015-10-01,187.064975902075,1.38454474633482,11.0642508574687,1406.2996221426363
NOR,2016-01-01,187.278546882638,1.16383463256042,22.0307906288236,1406.7925491578096
NOR,2016-04-01,187.111429656146,-1.0720012097282,15.7391629789042,1406.7607679860603
NOR,2016-07-01,186.145610518468,1.23888894547472,20.9338673415282,1406.4533139747969
NOR,2016-10-01,187.01015497433,0.67412190648426,27.852144605538097,1407.783789867317
NOR,2017-01-01,187.510516949787,0.59679568537094,18.8573737801783,1408.9106129894467
NOR,2017-04-01,188.020488511648,-0.03298716285758,20.6448268196548,1409.8694277982527
NOR,2017-07-01,188.32335464532,-1.53941280840776,15.0429430751123,1410.5523661450957
NOR,2017-10-01,187.07936617266,0.04388521731186,24.2348642152982,1409.9810166328784
NOR,2018-01-01,187.157575011821,-1.55621982659037,17.0080721933595,1410.4698745654878
NOR,2018-04-01,186.164893812013,4.03037296279307,21.2208488055453,1410.770169926835
NOR,2018-07-01,186.522295357031,1.08766743938832,10.699146225289601,1411.3981965642245
NOR,2018-10-01,185.961313003148,1.31006124694206,24.5254155196126,1411.4318754901406
NOR,2019-01-01,184.98887028082,1.7814863170175,15.7970185058568,1410.987723855726
NOR,2019-04-01,185.250833473795,1.1023885723751898,19.3502745768244,1411.8440784178426
NOR,2019-07-01,185.063204520364,2.57275195468572,29.353865252553003,1412.410640486541
NOR,2019-10-01,185.137704982232,3.2728196461842005,15.1040476749893,1413.2361550838316
NOR,2020-01-01,184.384767171427,-1.33208301870657,-23.0814556703053,1412.2776116055397
NOR,2020-04-01,181.24692597622501,-15.125057611487499,,1406.951613961917
NOR,2020-07-01,184.308845664286,-10.3814828755319,96.88024180801091,1410.499450606265
NOR,2020-10-01,184.067390279504,-9.89558314940351,25.8397078792587,1411.2780024128378
NOR,2021-01-01,185.574919683138,-12.6195533314347,-19.4270104413996,1413.050449270193
NOR,2021-04-01,183.901614041966,-9.39035358800254,44.0405360881428,1411.6972007245677
NOR,2021-07-01,186.83406364433,-5.48846279234529,82.9371065037206,1416.2848547895794
NOR,2021-10-01,185.177522758559,-2.2791742242044997,37.831283974909105,1415.8255934378576
NOR,2022-01-01,184.78554820461298,-4.59692311712646,9.147692801160499,1415.6730079803037
NOR,2022-04-01,185.064578952654,-1.32935278633663,55.6567430449713,1416.8481651108368
NOR,2022-07-01,186.91785577332,-2.79119408705643,19.5698509694104,1419.3927815418424
NOR,2022-10-01,184.778406171454,-0.84779111596257,30.194324768058898,1417.774452188016
NOR,2023-01-01,184.458889339221,-0.38095914839712997,21.455069965253102,1418.0473064985115
NOR,2023-04-01,183.252058375095,-0.18395911381868,26.042833025728,1417.025974883027
NOR,2023-07-01,182.338988086325,0.38629008206197,31.9859259141109,1416.3744779018134
NOR,2023-10-01,184.692691160658,-1.8971697393401301,27.0866239661082,1418.9666613035192
NOR,2024-01-01,184.9479554926,-3.5970537339601103,18.581316452476802,1419.3734642372451
NOR,2024-04-01,186.462544339805,-5.06759859618925,30.758989841352,1420.9895844251105
NOR,2024-07-01,184.88348287187398,-3.41800347233255,30.4847320902909,1419.6136376058791
NOR,2024-10-01,183.853304719103,-3.6959587690968703,16.2438152759221,1418.7554688557666
NOR,2025-01-01,183.527381173495,-2.68241121050234,34.8237751115835,1418.8099106154561
NOR,2025-04-01,184.160647160898,-4.22371093903832,19.2302565608102,1419.6414494843273
NZL,2000-01-01,-276.088498029279,-1.7449434454832098,,1053.3987755195421
NZL,2000-04-01,-277.250271270417,-0.14357572485545,-2.3701947826944103,1052.8168508620522
NZL,2000-07-01,-277.951732088711,0.23390400623309998,-6.1311775500844305,1053.2362843075935
NZL,2000-10-01,-278.439409581192,-0.34114398547574,-25.3352169997524,1053.707048638319
NZL,2001-01-01,-279.85486031162,1.14384544772796,-7.74019932396228,1052.8222050409902
NZL,2001-04-01,-277.421165313027,-0.8367738529629,4.26598781733255,1056.1499662327744
NZL,2001-07-01,-278.006673210671,0.27083156067266,0.63689075678908,1056.1421977340328
NZL,2001-10-01,-278.01355011099804,-0.6178974411471699,-18.4628428067234,1057.2137101495673
NZL,2002-01-01,-278.05491278015603,-2.3236886581697003,-36.6056664978066,1058.3701457684174
NZL,2002-04-01,-278.044130172419,-1.09307059778914,19.421238929662902,1059.322893996124
NZL,2002-07-01,-276.338216615717,-2.15893012956971,-1.9123006907677,1061.4155346814061
NZL,2002-10-01,-275.614679679202,-2.89144174662006,-3.58337422961785,1063.11569254678
NZL,2003-01-01,-275.906767178172,-2.03711227148395,4.88914378050176,1063.6456227282745
NZL,2003-04-01,-276.456997401081,-1.46690808865435,-1.1848644667256099,1064.0938658652597
NZL,2003-07-01,-276.34456713978904,-1.3673290401562699,8.69208871480235,1065.5658073545535
NZL,2003-10-01,-275.819777496809,-0.46792983947332,17.559020059265,1066.7652220331354
NZL,2004-01-01,-274.294038361483,-1.35271828627437,10.3804928254047,1069.394291556307
NZL,2004-04-01,-275.37243120239003,-1.57042116126396,-27.1297001504975,1069.4351106602144
NZL,2004-07-01,-276.488518755194,0.29280330225688,18.1398740757089,1069.6231168314534
NZL,2004-10-01,-277.946666143356,1.33848820739863,3.69035237116541,1069.7203788017769
NZL,2005-01-01,-278.347989709157,1.89212322114268,-2.51897688065144,1069.930413094241
NZL,2005-04-01,-276.763833870969,1.5706311843513903,21.5327430958179,1072.4302090826434
NZL,2005-07-01,-277.90791839356,1.43656296816345,-16.5419844611632,1072.6719568158678
NZL,2005-10-01,-278.67421762746,2.6535687693630803,7.45267823754797,1072.6543948550298
NZL,2006-01-01,-278.904735450338,2.68007180930379,2.63164865116178,1073.5548489776468
NZL,2006-04-01,-280.440638880499,3.03817914033363,-17.1025262555501,1073.129673633947
NZL,2006-07-01,-279.018338318098,2.0910611080700097,2.4233184906329397,1074.9420195723987
NZL,2006-10-01,-278.819120712786,2.7733725401740803,13.619930817171099,1075.7030159556332
NZL,2007-01-01,-279.225491251194,2.6117753991984802,-2.49726977333055,1076.4498105582106
NZL,2007-04-01,-278.715999053204,2.68137466273115,13.491216413108,1077.8039202827545
NZL,2007-07-01,-278.23032143269,2.51362817856053,3.12714588797146,1078.8308256940795
NZL,2007-10-01,-278.644355894878,2.32550124382918,-6.559122722480231,1079.3762797207003
NZL,2008-01-01,-279.88601439588103,4.28465030824818,16.0814643450905,1078.8308256940795
NZL,2008-04-01,-281.82996468014096,4.58820299743131,-39.6205984111532,1077.4425206686044
NZL,2008-07-01,-282.40386003494604,4.7470944807523905,-3.4186378775018103,1077.5303794308452
NZL,2008-10-01,-283.262592444237,5.41657025859033,6.51931345819419,1077.5199241012317
NZL,2009-01-01,-283.295285509091,4.8884073540181605,-43.082461211929,1076.7347501222312
NZL,2009-04-01,-282.401404764154,4.682620041390409,14.6020847360462,1077.9518631746203
NZL,2009-07-01,-281.677746613647,4.6564197467048,6.06902213524083,1078.566291677415
NZL,2009-10-01,-280.938960820613,3.83925903248572,0.5899175942699499,1079.7430420746375
NZL,2010-01-01,-280.107744205575,3.0259533644728798,0.50047077122231,1080.9323826506422
NZL,2010-04-01,-280.046254386357,2.86371843482304,1.33375137500416,1081.4986823674153
NZL,2010-07-01,-282.369411711641,4.50933937044929,-0.62138798748801,1080.0677011107882
NZL,2010-10-01,-283.885973577495,5.99443153988943,2.90459445046216,1078.8700328839423
NZL,2011-01-01,-282.886538748279,5.15295917891778,13.460168622111802,1080.5456211402725
NZL,2011-04-01,-282.60777659105895,4.946803301384199,9.2193662311938,1081.3800452723747
NZL,2011-07-01,-281.998593065608,4.60320545125242,11.1795336157057,1082.4626512735103
NZL,2011-10-01,-281.738654869891,4.09240194384491,2.19998163165464,1083.2852443897555
NZL,2012-01-01,-281.831790220922,4.36574959023458,6.52690310076384,1083.4962419735323
NZL,2012-04-01,-281.693403532377,3.5903474129605804,-6.7664956906663605,1084.1578914369136
NZL,2012-07-01,-281.354758630662,2.77684341959628,-9.04050031035285,1084.754908135564
NZL,2012-10-01,-279.896793909393,2.58873509096763,15.893664476890601,1085.8768201701478
NZL,2013-01-01,-280.68499686799703,3.00546124052071,16.106812566057698,1086.385258444675
NZL,2013-04-01,-281.912439076507,3.824521372412,5.69125205678987,1085.9210513653998
NZL,2013-07-01,-282.212515664615,3.47204443995517,10.3720677086716,1086.8492255200883
NZL,2013-10-01,-282.585899504276,3.49164914552677,10.7629229425952,1087.402022725796
NZL,2014-01-01,-282.315254581385,3.1127957823434,13.8678124052385,1088.5116485718418
NZL,2014-04-01,-282.764543614537,3.03717978165153,7.204943273496809,1088.9752008037794
NZL,2014-07-01,-282.398043662625,2.75264156217592,19.323342557186297,1090.2500475981483
NZL,2014-10-01,-282.366936483679,1.5267750829567,-0.3676397575223,1091.5433859104378
NZL,2015-01-01,-282.347703148258,1.37921392582326,12.648469227324199,1092.3417319169769
NZL,2015-04-01,-282.417794041817,1.7984241681482702,23.9775339872693,1093.142698790919
NZL,2015-07-01,-281.15590994594896,1.00252148123756,11.2323598803791,1094.524726294476
NZL,2015-10-01,-281.238119306557,0.9174171815399,17.7604800876208,1095.5165454015023
NZL,2016-01-01,-281.324366231188,0.8477063296299701,17.8503732067776,1096.495164556873
NZL,2016-04-01,-281.135725563614,1.42603067299243,32.980316499532705,1097.6645271731768
NZL,2016-07-01,-281.59885210478,2.31671008676916,32.2683375976709,1098.4665407522643
NZL,2016-10-01,-283.071196592348,3.03330051486435,18.9796193820546,1098.6698513961408
NZL,2017-01-01,-282.710853391636,2.56320317803194,19.1465596727585,1100.08824337978
NZL,2017-04-01,-282.251619681441,2.3731357643144,17.622537233308798,1101.1472447450903
NZL,2017-07-01,-282.439188141739,2.52976655678601,24.1091195050849,1102.1984164509613
NZL,2017-10-01,-281.969361914643,2.0145561015221003,16.0353591730705,1103.514769525044
NZL,2018-01-01,-281.824335739477,1.59359325035287,13.2508628441803,1104.5957224268013
NZL,2018-04-01,-281.882652357205,2.0422934838431597,26.8400399189324,1105.496107240284
NZL,2018-07-01,-282.724417448292,2.82776159978307,18.9978293372207,1105.5845958294506
NZL,2018-10-01,-280.675960910221,2.08395286751496,17.844848895610397,1107.16725445562
NZL,2019-01-01,-280.446658149536,1.34485473254127,10.237947510035001,1108.380270851139
NZL,2019-04-01,-281.568278114024,2.3900064489329598,22.1483886872126,1108.3418657381783
NZL,2019-07-01,-281.302304335855,2.40146475893433,19.7779643733407,1109.201671536821
NZL,2019-10-01,-281.562777034635,2.55024397948315,18.7316691921351,1109.8454929447003
NZL,2020-01-01,-283.57153134986504,3.24764159726013,0.010762896607139999,1109.0034403038685
NZL,2020-04-01,-294.480146388697,6.81433579200957,,1098.512321699712
NZL,2020-07-01,-281.10620158646503,0.56777860493813,100.403747827818,1111.5964097353285
NZL,2020-10-01,-281.510078575085,2.7401351542083603,51.724313552401505,1112.0593735252028
NZL,2021-01-01,-279.65280884218,3.9048935675392604,59.202479340089695,1114.122389901487
NZL,2021-04-01,-279.943352122058,3.25387339661743,8.06469160962992,1115.0232448705933
NZL,2021-07-01,-285.771485868045,4.72804881962886,-99.9443503405565,1110.712029904896
NZL,2021-10-01,-282.51125015439703,3.6684237430110995,56.22609401316,1114.5709444293761
NZL,2022-01-01,-283.28228893926,6.418546571142519,57.8659987061955,1114.656087048398
NZL,2022-04-01,-282.340006763572,5.51670651859868,15.399971782198,1115.9730174295746
NZL,2022-07-01,-281.340811388423,3.94147573837902,24.502990325966103,1118.4699137202865
NZL,2022-10-01,-282.32222116141304,4.3291297677936,11.592549312779301,1118.3254050246185
NZL,2023-01-01,-283.966858433948,4.57736323171255,3.3046162278751603,1117.9003972433575
NZL,2023-04-01,-283.91910625829297,4.17045349739623,20.2896300222811,1118.8786855507833
NZL,2023-07-01,-284.39339637887497,4.76018482809874,22.0846085226274,1118.9008085269668
NZL,2023-10-01,-285.042138391603,4.73495865439463,11.7926574516601,1119.0293015155275
NZL,2024-01-01,-285.03225334996597,4.91273787486953,17.5649105966089,1119.1824482973002
NZL,2024-04-01,-286.27612912305295,6.15391083950115,21.7193331166191,1118.38934808967
NZL,2024-07-01,-287.364774381649,6.31471807599453,-8.56063897143408,1117.387992022989
NZL,2024-10-01,-286.932246910674,6.02074584034712,22.419889413025402,1118.0803751086273
NZL,2025-01-01,-285.99999106812,5.99646162738091,38.0725498323783,1119.3119570090173
NZL,2025-04-01,-287.147543518389,6.98227368110355,16.6592034709193,1118.4199151080954
POL,2000-01-01,15.097566339037899,2.85628606114161,,1258.09558582154
POL,2000-04-01,15.803828603834699,1.0808105825534,-5.97324010137761,1259.1830501793777
POL,2000-07-01,15.736763931286198,0.92923548342427,7.2454877500507,1259.50654945046
POL,2000-10-01,17.136388457479303,-0.22788366733926999,0.47212309282201,1261.3653181209497
POL,2001-01-01,16.331646275849298,3.2228327563643,-5.7705202110319,1260.9714425719144
POL,2001-04-01,15.872075667128598,4.6192116024450005,4.92849699751891,1260.6786149291936
POL,2001-07-01,16.188615486764803,5.16530124351265,1.52455008741578,1261.1559753396343
POL,2001-10-01,16.6493935998865,2.59435608001053,-3.81825981641605,1261.0869863983023
POL,2002-01-01,17.4324175720777,1.77299858811872,15.0818398596832,1261.7188756602186
POL,2002-04-01,17.9657590920359,3.2818473613853802,-6.32697959580792,1262.3824297314345
POL,2002-07-01,19.278921906249998,1.69440091096503,1.8313003163746602,1263.3308051643305
POL,2002-10-01,20.230729478024102,-4.01176375596397,0.49450753640844997,1263.8340982838074
POL,2003-01-01,20.3598965026513,-2.46212491780038,-11.752872662461499,1264.255956283302
POL,2003-04-01,21.4688853176439,-2.36070536439011,3.71394017322767,1265.9097319662533
POL,2003-07-01,22.6019615070714,-1.55064035185143,2.30024831519225,1267.191889483538
POL,2003-10-01,22.8114585657741,-1.5233022939593202,6.985158110078,1267.9695965782962
POL,2004-01-01,24.6261877561241,-0.33534237813479,1.52885690438059,1270.307750095385
POL,2004-04-01,24.8559007397231,0.12351328781532,-2.92940780173545,1271.1380373672241
POL,2004-07-01,23.8916476723809,0.9452851150030099,-9.017036589751939,1271.084961300191
POL,2004-10-01,23.938000250278797,0.9792205862333,-2.0169288041094804,1272.0570916862187
POL,2005-01-01,24.6476004049313,-3.36038912897764,-16.4921885593038,1272.609960685258
POL,2005-04-01,24.1332796510056,1.1056377462171099,5.453392197823851,1273.0720993735974
POL,2005-07-01,25.1600521826197,-0.62670224372349,1.94270845250764,1274.857715267374
POL,2005-10-01,26.3008607635963,-2.70763794461224,-1.28060818630595,1276.6405890317583
POL,2006-01-01,27.6025545655874,-4.16063174470592,11.1990029227023,1278.1910147132774
POL,2006-04-01,29.0005984991759,-5.65978845738143,-4.91284187650267,1280.4878651648417
POL,2006-07-01,29.0678962891947,-3.17716711870166,-1.02835849217478,1282.1053669093483
POL,2006-10-01,26.3534791966735,2.05404671193403,0.93142546664831,1280.7153878070294
POL,2007-01-01,29.1426345051165,-0.51648581718978,-5.603348124607059,1284.7541720830257
POL,2007-04-01,29.406282915777,-2.00114554135268,0.4146629930787,1286.0523175592014
POL,2007-07-01,30.1447570333048,-3.46082579962394,-8.53687056551645,1287.7871054128063
POL,2007-10-01,30.402749965227997,-6.1014572687488595,-4.61172339737427,1289.15263067211
POL,2008-01-01,30.1268083160285,-3.74516882746895,6.6444005132602095,1290.7249749784858
POL,2008-04-01,29.5178757788415,-1.62529449505401,6.01284938551371,1291.2719790128683
POL,2008-07-01,28.991374537673597,-5.59643043705581,-2.9296729288870402,1291.2357892493412
POL,2008-10-01,27.9569723151108,-2.43822361619644,-0.231629266746,1291.411632032621
POL,2009-01-01,28.5397256088393,-5.37145105575651,3.7219910652159003,1292.5870033535882
POL,2009-04-01,28.5857496827865,-8.15119737299447,-18.023055344533702,1292.8142260844274
POL,2009-07-01,28.8370847916134,-6.385937556026771,2.97945161146655,1293.5755447223503
POL,2009-10-01,30.5098934998082,-9.50450040704903,4.234034246494891,1295.2755853670424
POL,2010-01-01,30.391263427902597,-9.18484227864236,-10.6281407472651,1294.9136260540906
POL,2010-04-01,31.268554785922,-10.1003444042453,1.09990611800495,1296.3910054469566
POL,2010-07-01,31.704685352219702,-9.20018849281218,7.271986110629,1297.5594121050299
POL,2010-10-01,32.281142686577205,-12.293101256218101,-7.712740790762131,1298.3855738062123
POL,2011-01-01,33.1195586956093,-11.163064543505701,-10.8038724306516,1300.1673746690187
POL,2011-04-01,33.4847753937471,-10.788809402297101,-2.60462006465499,1301.4235034845174
POL,2011-07-01,34.1826899663137,-14.4878998005594,-18.937649817428,1302.5866794101612
POL,2011-10-01,34.3226144225763,-15.141111566322,-13.372744542124801,1303.5094658214125
POL,2012-01-01,33.818283121841,-14.5392169304008,-8.59194076612864,1303.7223266685196
POL,2012-04-01,33.0665868534391,-17.0596698731548,-16.8372312371569,1303.5006267928838
POL,2012-07-01,32.3976519493528,-15.9000593601101,-7.56052706484041,1303.5491118010125
POL,2012-10-01,31.9990031873932,-17.006933617832402,-9.45071349460058,1303.4437327683654
POL,2013-01-01,31.444375785797803,-18.3276903480161,-8.82784087667787,1303.1689154924504
POL,2013-04-01,31.7629050309742,-20.667526904807403,-14.6241502813904,1303.9224999751716
POL,2013-07-01,31.848521689708097,-19.6817579951676,-3.16834034581207,1304.6524770103592
POL,2013-10-01,31.7870385394547,-20.142912927338198,-1.50436275723815,1305.2105491838638
POL,2014-01-01,32.1284896590157,-20.350846327618,-0.47874807329878,1306.5390616917964
POL,2014-04-01,32.4607472534695,-19.6287529090165,12.250206701459101,1307.6663254137238
POL,2014-07-01,32.4882566436958,-19.9679796203012,3.8010434315709003,1308.474603416624
POL,2014-10-01,32.367435761219895,-17.827316448271798,8.91066378492366,1309.3231330089945
POL,2015-01-01,33.3506117453169,-20.3890820301317,0.16299695525923,1310.9454616709922
POL,2015-04-01,32.8192834151523,-17.2598989616299,1.49719872588431,1311.51441816042
POL,2015-07-01,33.1424962025609,-17.9604146126105,-1.67404138407845,1312.842914339253
POL,2015-10-01,33.404811230772204,-20.9903878224891,1.4769814429449901,1313.6882069269132
POL,2016-01-01,32.511732265326096,-17.7612486126154,4.67170146104827,1313.5098539883156
POL,2016-04-01,32.8883771982503,-15.1675068442951,4.00357777854747,1314.9733962000273
POL,2016-07-01,33.4202682401091,-19.9014544406247,7.1537231409406195,1315.554512341539
POL,2016-10-01,34.2544437818625,-19.5745533098437,7.791344691396029,1317.4703613557042
POL,2017-01-01,34.431328644507396,-17.556351753606002,13.8719795767866,1318.6338990138688
POL,2017-04-01,35.2803025470593,-22.742174880868397,4.01100811271509,1319.6140652026506
POL,2017-07-01,36.2215603376943,-23.930204114019197,8.069752057144889,1321.1027155094318
POL,2017-10-01,37.37841743405,-26.690780482237503,5.01441847584399,1322.514214321224
POL,2018-01-01,38.620486321989,-28.745242880392002,6.70733585566535,1324.476382527528
POL,2018-04-01,39.0222269223091,-30.3999517454824,6.69845818514886,1325.9281104919373
POL,2018-07-01,39.3766943255359,-29.005340018036,7.72371851850961,1327.184109880553
POL,2018-10-01,40.0214899677431,-29.535176857906,3.2372941671940603,1328.1561639584063
POL,2019-01-01,39.413606372980794,-25.820194220991,6.84396844800909,1329.597006984199
POL,2019-04-01,39.7152318520935,-31.4792478893691,1.82228877305168,1330.5221456910897
POL,2019-07-01,39.1301831731579,-28.4240549850247,3.1382532018788103,1331.3056461641206
POL,2019-10-01,38.984009726187004,-26.4253901548864,9.32030121930959,1332.0166802536482
POL,2020-01-01,39.7482804295708,-33.445875660988,-1.20831592650835,1332.6164749000102
POL,2020-04-01,30.288580561496797,-36.2164748220331,,1323.187998453678
POL,2020-07-01,34.7397991302675,-26.5822349431463,81.3661216126041,1329.5503749143302
POL,2020-10-01,34.4726848449736,-29.3066030898631,9.38358647328451,1329.6931117573856
POL,2021-01-01,35.593713633178496,-27.0533740113732,12.924750044988102,1332.0113138360482
POL,2021-04-01,36.421479973039,-23.291404735412797,12.093836931766699,1334.521232532722
POL,2021-07-01,37.5882776252879,-24.8765004728534,30.1997290680037,1336.560174861642
POL,2021-10-01,38.54418058944,-24.4115851291453,11.9557236738671,1338.5359903490773
POL,2022-01-01,40.994062557553605,-26.1541466070258,13.3746793291632,1341.785750612975
POL,2022-04-01,39.0557456558708,-26.438551891324103,7.522201041581001,1340.666253424405
POL,2022-07-01,39.2760242265712,-28.8837478845879,-9.42910145153236,1341.2129077595366
POL,2022-10-01,36.828078835878806,-31.2910878405872,-44.7992067840618,1339.572221025898
POL,2023-01-01,36.877764196308895,-30.2513115426856,0.79125668890905,1340.5678327845085
POL,2023-04-01,36.2152455128835,-31.6339571909028,29.774591151075402,1339.9464518716368
POL,2023-07-01,37.786404978576,-33.2245810714618,14.9053399484909,1341.8061088616707
POL,2023-10-01,37.200737626180604,-34.270236082687,-8.42337412244242,1341.4773106853825
POL,2024-01-01,37.6260865437616,-32.7530881636067,27.676587611557302,1342.2747930661983
POL,2024-04-01,38.9388603050036,-34.598341614461,6.8392398604146605,1343.7376286587785
POL,2024-07-01,38.8221638715335,-37.5448586728332,-4.04143407659656,1343.8415390341681
POL,2024-10-01,39.9140825684806,-40.2711281961332,16.0714034278462,1345.25862703483
POL,2025-01-01,39.9618304855446,-39.121558314659,-1.1493654810854201,1345.9305503610137
POL,2025-04-01,40.0057456109786,-39.359233391799094,13.588190875567498,1346.712671905382
PRT,2000-01-01,-28.343235219025196,3.62404338036482,,1079.0297979087775
PRT,2000-04-01,-28.5384042136152,1.62532513763538,-5.23457138897312,1078.364527937616
PRT,2000-07-01,-27.5855443590727,4.09040645445448,29.574126064224,1079.9446997398177
PRT,2000-10-01,-26.9773907646445,3.385617680396,-3.23011727312301,1080.508486286554
PRT,2001-01-01,-26.301862413712602,-1.51581207977755,36.388209312681,1080.149414362968
PRT,2001-04-01,-26.0228753142789,3.49321472773935,-1.9694780293126002,1081.199205020985
PRT,2001-07-01,-25.3551346474464,1.06724009499198,-9.91001781478847,1081.3997608451257
PRT,2001-10-01,-23.9454724017202,0.6605079035757999,30.607365654936903,1082.7946830808096
PRT,2002-01-01,-23.081472014038802,-1.28247305777003,24.1284535030691,1083.023739670331
PRT,2002-04-01,-23.4787706296199,-1.06754798228307,-27.0539216097807,1082.4662337979566
PRT,2002-07-01,-23.6357526983063,-0.7089069741467401,13.3457107864067,1081.9366199514966
PRT,2002-10-01,-23.3740160787762,-0.9913578532092701,-17.2991470957343,1081.196987799828
PRT,2003-01-01,-22.906346959354302,-1.34014214435303,0.37050536948684,1081.3635455812034
PRT,2003-04-01,-23.449548403047903,-0.01389053651388,-30.7949448321241,1080.5190396694304
PRT,2003-07-01,-22.2114496033956,-0.79109055223778,5.4573735280873805,1081.3631431156998
PRT,2003-10-01,-21.5126262626045,-1.027608494199,-14.846036982814,1081.6438714248222
PRT,2004-01-01,-20.389306023269903,1.12954581534245,43.6436865753839,1082.6279108192607
PRT,2004-04-01,-19.712013269383398,2.46087589371555,-14.1980784883983,1083.2463485954404
PRT,2004-07-01,-18.3275417536852,-3.1531198023401097,-6.3138726149002595,1083.297482576466
PRT,2004-10-01,-18.7513942792906,-1.5869322020739403,-8.91798307820251,1082.8115433597186
PRT,2005-01-01,-17.6612272369321,0.26768759517925,21.2551555161815,1083.7229128823888
PRT,2005-04-01,-17.2002159999284,0.09394108866058,-20.0103618825285,1083.995927149192
PRT,2005-07-01,-16.9604967938924,-1.51096326163066,-25.822091896307903,1083.616134616072
PRT,2005-10-01,-17.1103345140084,1.6490463811504998,-17.320021451282898,1083.7649636229246
PRT,2006-01-01,-15.7214630161191,-1.1732471064191599,0.75485021500218,1084.6174810369075
PRT,2006-04-01,-14.780866754735001,-2.28491582725166,-40.7148855288277,1085.5124192500862
PRT,2006-07-01,-14.704179859162899,-1.6218561215663199,-5.091417861530441,1085.3812493953187
PRT,2006-10-01,-12.9995545653473,-4.45471026018068,-16.0942373042653,1086.0321199991633
PRT,2007-01-01,-12.046584829057,-2.98592206204943,-4.27154665622905,1087.2110738684125
PRT,2007-04-01,-11.6124388566192,-2.27351192832426,-23.446157442226003,1087.4951840834492
PRT,2007-07-01,-12.1954902383868,2.134047293829,-2.9293218445308002,1087.7767908255016
PRT,2007-10-01,-11.0825291792726,4.49335586144897,11.6252437544383,1088.9589754087626
PRT,2008-01-01,-11.0391313249615,4.41422489290632,-32.8779006692826,1088.9367777882937
PRT,2008-04-01,-10.0656029920721,-3.8435280359302797,-43.7153006360464,1088.4344305169736
PRT,2008-07-01,-9.541405550792579,-5.24343637379949,-32.5915310025891,1088.297465526698
PRT,2008-10-01,-10.677201543615599,-2.8684800621391298,-30.1068615993983,1087.047520099994
PRT,2009-01-01,-12.3541067805246,-0.9310539557681,-36.306792964774,1084.4839609505648
PRT,2009-04-01,-11.4532333046196,-1.42525664387095,-51.18574918443179,1084.5913758014908
PRT,2009-07-01,-9.60746430418246,-4.24368969366024,-30.2993552793438,1085.4425091647374
PRT,2009-10-01,-9.85684928950856,-0.60042897731529,-7.918524440246941,1085.5162802614013
PRT,2010-01-01,-8.49763618754148,-2.80960660430888,-6.893199670455161,1086.402672196416
PRT,2010-04-01,-7.8128351297510905,-0.7913186060287001,-37.510227683483,1086.748595813638
PRT,2010-07-01,-6.9326407560454895,-2.66880817545138,-85.0596223286116,1087.1153675427813
PRT,2010-10-01,-6.11745669677914,-8.08379340249972,-59.832512708482696,1086.6612250757494
PRT,2011-01-01,-6.34743479001081,-9.41716040403759,-120.314519884021,1086.2113373625182
PRT,2011-04-01,-6.377070597368641,-10.0978138727032,-81.90572364809519,1085.5072066483308
PRT,2011-07-01,-6.251414338179099,-11.07815169747,-111.15033403293899,1084.8109148578346
PRT,2011-10-01,-6.4964861159956895,-9.78823386283212,-217.650393224972,1083.4657044638752
PRT,2012-01-01,-6.08641591189382,-13.262350262636799,-81.2900912071559,1082.9318630240978
PRT,2012-04-01,-6.147100271521659,-18.2511288707017,-192.650434197,1081.4092148939296
PRT,2012-07-01,-5.865103828161089,-19.4020571881566,-76.03325971275659,1080.372207053526
PRT,2012-10-01,-6.34116148455508,-17.5148867070976,-156.017307282281,1078.7143516232366
PRT,2013-01-01,-4.58387568419465,-21.4847774632482,-75.6590123619081,1079.0707802920751
PRT,2013-04-01,-4.346952390103819,-16.171218289956197,-16.2848659450483,1079.92306196426
PRT,2013-07-01,-4.08273461014673,-19.0970103660924,-40.3689992909118,1079.6409345377403
PRT,2013-10-01,-3.80809714373644,-13.396259691757,9.25762571041259,1080.8755758961868
PRT,2014-01-01,-3.3593956501329,-18.208741131699497,-78.0681398759789,1080.1559322453916
PRT,2014-04-01,-3.20405833823506,-15.7888121105894,-27.4793453811818,1080.4321440503638
PRT,2014-07-01,-3.16447739043431,-16.6228849341673,-21.975245672337902,1080.5377083112394
PRT,2014-10-01,-2.40883498044815,-12.716163945946299,-44.0522992148051,1081.3438228664086
PRT,2015-01-01,-0.98695072922433,-19.4819116468667,-67.0545411936273,1081.9416218872466
PRT,2015-04-01,-1.64652021283353,-14.101833707297601,-6.28697395680573,1082.0120225941614
PRT,2015-07-01,-1.28407509428423,-13.041161578593899,-32.6364337168778,1082.177429106298
PRT,2015-10-01,-1.04001118910721,-12.4073663833172,-40.9702426226619,1082.6501631970789
PRT,2016-01-01,-0.7854610259331001,-9.54418210900785,-16.6564176357198,1082.994641332591
PRT,2016-04-01,-0.18927426793072,-10.6775323279372,-32.2201888835675,1083.4597929008562
PRT,2016-07-01,1.3364155201810601,-15.9475922693182,-35.575514614230904,1084.559611736125
PRT,2016-10-01,2.27186146880815,-15.399503667023302,-20.2982564251181,1085.6842828547099
PRT,2017-01-01,2.59139544499147,-13.5726250782427,-59.156159628247195,1086.648246490397
PRT,2017-04-01,3.05006519703057,-16.8058547978286,-63.1189122339111,1086.9347192898679
PRT,2017-07-01,3.23896598776953,-14.459409110507801,-38.6850116720054,1087.6160508203773
PRT,2017-10-01,4.283254936324219,-16.9046587675354,-42.276543103234296,1088.5537934666118
PRT,2018-01-01,4.49558342598275,-15.9443437997474,-21.9827631836703,1089.1382410269725
PRT,2018-04-01,5.14561135513004,-14.5848182020536,-48.8790428198567,1090.0895491525555
PRT,2018-07-01,5.1459292368022,-10.6579020508232,-39.1266140625674,1090.7582180606921
PRT,2018-10-01,6.1426851333034405,-13.277981119797799,-8.60034106588308,1091.378761848156
PRT,2019-01-01,6.992848852612001,-13.3429807461342,-8.15052869540112,1092.1991853622237
PRT,2019-04-01,7.81134967308003,-13.612528255275299,-42.4495266196738,1092.7521758565897
PRT,2019-07-01,7.885161820366859,-11.1525174913381,-33.067276438132495,1093.1641610888983
PRT,2019-10-01,8.85320875134682,-11.3953081543701,-34.1904548721676,1094.0883794530596
PRT,2020-01-01,6.713079779507989,-20.6119433083928,-326.021672330713,1089.7403919469753
PRT,2020-04-01,1.78193057725962,-77.5826535036254,,1073.4355463179384
PRT,2020-07-01,5.15067114882431,-18.4746351915465,141.340536362489,1086.8297935803957
PRT,2020-10-01,4.976488436320079,-19.369264419798498,-46.1451141792165,1087.1710174851962
PRT,2021-01-01,6.0591930738229705,-38.551170419036005,,1084.2128643871076
PRT,2021-04-01,6.14026640667689,-16.1608769727098,83.0546138204342,1088.730047497601
PRT,2021-07-01,9.37838727192227,-18.1978366437184,12.2424537145587,1092.2203095100015
PRT,2021-10-01,12.0598474981553,-26.9378865279702,-54.5275099870729,1094.1613543153962
PRT,2022-01-01,11.5676889836933,-20.273076945033498,-13.520466527547,1095.617631430123
PRT,2022-04-01,12.4968190431854,-23.5057980875715,-116.255435224199,1096.0058353404224
PRT,2022-07-01,12.395234984135401,-17.491263665241398,-28.283174771499496,1097.1336463753196
PRT,2022-10-01,12.470994461064599,-13.4255100480924,-27.534582676971198,1097.8467791018688
PRT,2023-01-01,12.540674581780701,-9.58268212675295,-50.3548811661528,1099.1091133801483
PRT,2023-04-01,12.783190073758,-10.162892941334201,-55.2191601276708,1099.5934206013271
PRT,2023-07-01,12.646969441194,-9.03531984428322,-80.41543572298731,1099.695831283783
PRT,2023-10-01,13.2139392271941,-8.774137245189161,-15.459048765572101,1100.4284120594834
PRT,2024-01-01,13.8352836357954,-8.64679899552856,-54.517178709347405,1101.0089505331403
PRT,2024-04-01,14.436244757511,-8.8225845751998,-38.5184263722654,1101.5675605425993
PRT,2024-07-01,14.5577143137016,-9.16369958100038,-42.999219378875196,1101.7608950805006
PRT,2024-10-01,15.071188578289599,-6.53768945374453,-15.117143952369998,1102.9522058365476
PRT,2025-01-01,14.946799900282501,-8.93234318458453,-66.3612742526071,1102.6616828617312
PRT,2025-04-01,15.2985028412677,-9.74723634567867,-51.8153604630588,1103.316882940156
SVK,2000-01-01,-20.3433114337974,7.105277165764699,,936.4528193970806
SVK,2000-04-01,-20.233824008573702,4.95765026716865,-1.0057866919524099,937.3487604050549
SVK,2000-07-01,-21.1715973853366,6.21037445809675,-11.6902737468983,937.8546100934724
SVK,2000-10-01,-23.293023281928,11.8543814489849,4.39163894991621,938.3276355078284
SVK,2001-01-01,-23.510515198855302,8.08198811828339,-20.1642323528683,938.9281220610659
SVK,2001-04-01,-23.630430263145698,3.6723107464759597,-21.497117212648,939.9231965402038
SVK,2001-07-01,-24.9496215597279,6.57070450054167,5.38137668230267,940.2372957065338
SVK,2001-10-01,-23.9088662305989,2.97829010724299,-5.83102584242268,942.4055616159128
SVK,2002-01-01,-24.7161506422694,2.5626861724865,2.18419984120138,942.7819913025951
SVK,2002-04-01,-24.7624601575136,-0.19871337478189,5.64047679580665,943.7236872159699
SVK,2002-07-01,-23.6556536195402,-4.6937341937518795,-8.58548669098664,945.8870928880472
SVK,2002-10-01,-24.138680197033597,-6.939369552288211,-6.77093157685229,946.3795839928338
SVK,2003-01-01,-23.7813282451027,-12.683181565882801,-25.005998016087798,947.8235467009323
SVK,2003-04-01,-23.625641457084,-12.800639895312901,-9.570106952866329,949.2175383636036
SVK,2003-07-01,-24.781104729952798,-9.54980080871483,-11.6676922794945,949.5158346813314
SVK,2003-10-01,-24.391925896744297,-6.0761495454324,30.674525735970498,951.2006707234079
SVK,2004-01-01,-23.7576622131103,-6.37558640666793,-22.584744020139098,952.659532391415
SVK,2004-04-01,-24.194318342048298,-5.22947670296072,2.09410684685646,953.3075832485351
SVK,2004-07-01,-23.349149299883702,-3.51114369836524,7.0616379429361995,955.6303144935239
SVK,2004-10-01,-23.3966793307171,-1.65817381706758,8.53894949283275,957.121249542093
SVK,2005-01-01,-24.367785636679002,2.81831953851046,-3.76706534103992,958.1938410572769
SVK,2005-04-01,-23.8296420042741,3.69753083081344,7.94009624135767,960.2801290949094
SVK,2005-07-01,-23.4864261618589,3.37183398449636,17.155431104058298,961.929272590182
SVK,2005-10-01,-23.0004703179912,-0.07868787827354999,0.49494353851972994,963.4372049658186
SVK,2006-01-01,-22.1831301617349,2.38841383605287,36.7040058701215,966.0262460032875
SVK,2006-04-01,-21.9739439449199,6.74516549135734,0.2729256914837,968.4223964420356
SVK,2006-07-01,-20.9207449129356,0.88859322189215,-10.226613094105701,970.3541594388433
SVK,2006-10-01,-19.5211977537348,-0.62955599375984,6.91703926378868,973.1743852432089
SVK,2007-01-01,-19.2219363988,2.10481902820935,13.0481631993388,975.2013287912279
SVK,2007-04-01,-18.685383537365897,5.10571049665093,2.14152590109659,977.6301698614201
SVK,2007-07-01,-17.2554327079004,-0.42241465089533003,11.1389743205205,979.9465030254702
SVK,2007-10-01,-12.890314430008,-2.12455601524739,9.81814089456106,986.0960981049668
SVK,2008-01-01,-18.2717129645238,5.32385510821256,6.468683585315651,983.1062010456735
SVK,2008-04-01,-18.2140724731807,2.77165220121182,7.13286910057564,984.313758049999
SVK,2008-07-01,-19.0899048546931,8.2534439792675,11.9584398541715,985.7187036618933
SVK,2008-10-01,-18.9392468085964,7.6727179077963195,2.05790940286971,986.9222141568233
SVK,2009-01-01,-28.759510607726703,6.55390575385487,-31.004616456866202,976.6745296316095
SVK,2009-04-01,-27.6480242658492,6.67912119695752,19.3112029193944,978.3644897318788
SVK,2009-07-01,-26.315430346324497,9.16238746584556,2.47382174414489,980.1493585909762
SVK,2009-10-01,-24.956608307112,10.4911123987749,9.06432830267184,982.1794734178486
SVK,2010-01-01,-22.936631582963198,7.02565496106593,8.66208582808753,984.2542566908687
SVK,2010-04-01,-22.6162422462143,6.579732415367349,-1.30040601731883,985.4953605540272
SVK,2010-07-01,-22.5595199369235,6.511175200768291,0.11156500749348,986.643967706039
SVK,2010-10-01,-23.0840027314971,5.4567194192833295,-9.82635451919594,987.3110815877412
SVK,2011-01-01,-23.868595155166698,3.35655899827121,-22.7037811210585,987.5062357519053
SVK,2011-04-01,-24.1079666325261,1.6746459443571602,-5.98032235343816,988.1942107414854
SVK,2011-07-01,-24.6651717573939,0.86622131999295,1.2934862934955,988.6656705124655
SVK,2011-10-01,-24.3787384673975,-2.63955464808588,3.05150870276161,989.4754530461894
SVK,2012-01-01,-25.284894813761,1.8538650116951099,14.5979486387131,989.8228749236937
SVK,2012-04-01,-25.430756961719297,-0.44886464987139996,1.09308658685825,990.0322549192971
SVK,2012-07-01,-25.471276311557702,-2.59735413028844,2.3861866561068,990.1615801903333
SVK,2012-10-01,-26.1047950129972,-1.14099373757046,4.012028979024739,990.0628469249922
SVK,2013-01-01,-25.991532420783496,-5.61048760549456,-9.36608590721646,990.0954346677771
SVK,2013-04-01,-26.1082143692817,-5.782794515270339,11.0916941657749,990.424726388237
SVK,2013-07-01,-26.1423816976418,-5.898619365903119,12.540023361684,990.8882971053035
SVK,2013-10-01,-26.122643440022504,-6.26187016868789,14.8269363728046,991.469451923421
SVK,2014-01-01,-26.1930972077899,-5.9540488776626095,25.8992685533906,992.0767392435387
SVK,2014-04-01,-25.839287256299,-8.2733046481492,16.402973866898602,992.8321618536128
SVK,2014-07-01,-25.5791831753994,-8.41042645926227,16.5800059103158,993.782617534897
SVK,2014-10-01,-25.1696299523098,-9.92939426004244,19.4505139923901,994.858041390703
SVK,2015-01-01,-23.899624828388298,-11.5527152161024,19.0415445272181,996.7621304265615
SVK,2015-04-01,-23.58416019521,-11.4456449922251,22.3431148538243,997.9823398278338
SVK,2015-07-01,-23.3283767411166,-12.0877519686587,20.6095967712009,999.1301524027275
SVK,2015-10-01,-23.5541894251663,-11.9931453090823,18.0161733293687,999.858861956881
SVK,2016-01-01,-24.6150806104359,-10.990639682921,17.548987966802603,999.8565887284647
SVK,2016-04-01,-24.979892933591298,-12.522278138423701,17.8258351550009,1000.1058810539073
SVK,2016-07-01,-25.280933020762603,-13.244540650572,22.1864876572538,1000.4626168504398
SVK,2016-10-01,-25.5294245497363,-12.7973620537267,27.630141813790498,1001.0474744438476
SVK,2017-01-01,-25.6202946260902,-11.9038590526782,31.065731472957903,1001.791830891109
SVK,2017-04-01,-25.2680479437048,-13.1199633625837,31.3498757137358,1002.7186388621816
SVK,2017-07-01,-24.9538280657294,-15.2336097359975,22.1643892111132,1003.542329779223
SVK,2017-10-01,-24.6355233777238,-15.265145495885,18.7810992856764,1004.7371422864705
SVK,2018-01-01,-24.3888634606715,-15.3094055752031,20.6900186289452,1005.7002315925666
SVK,2018-04-01,-23.9631301972663,-16.7868306444742,11.7546673665682,1006.8747721401788
SVK,2018-07-01,-23.4694643857941,-18.747303933128002,26.832823632714398,1007.844035999265
SVK,2018-10-01,-23.8365463055206,-17.513948253881,21.9613269360524,1008.3017717017061
SVK,2019-01-01,-23.6199273399432,-19.443426418054898,23.5638283567175,1008.9564548831501
SVK,2019-04-01,-24.0252467607184,-19.3393745503169,27.2573244842439,1009.1621352140871
SVK,2019-07-01,-24.374480999491,-18.7106034642852,17.1328120984552,1009.5074387106116
SVK,2019-10-01,-24.4500646452788,-17.2176027213815,23.8089856385091,1010.1120456760963
SVK,2020-01-01,-25.329118695549802,-27.11740054923,33.9944142477723,1007.8222067042645
SVK,2020-04-01,-27.7870242559901,-67.50441093826839,-135.695325312795,999.7765381467797
SVK,2020-07-01,-23.5322443721049,-31.415333799691297,71.490244720687,1009.2474347198843
SVK,2020-10-01,-22.0266055538426,-39.8927945029234,5.040299783609361,1010.0870120755386
SVK,2021-01-01,-19.8688048245877,-50.8925233124253,-2.48251351995933,1011.1387508357577
SVK,2021-04-01,-20.4634846086021,-40.1470086648552,60.978409267952706,1012.1823566137642
SVK,2021-07-01,-20.993903267629598,-36.704164360235,26.9889692883014,1012.8054090923829
SVK,2021-10-01,-20.5302850756624,-43.4261141950747,16.2402426911339,1013.1328055880662
SVK,2022-01-01,-22.5063159446356,-34.2270461893624,21.0961531577823,1012.8816713664188
SVK,2022-04-01,-23.5046759901337,-33.676527023478904,21.667805351583798,1012.5874817938229
SVK,2022-07-01,-23.537910718724,-35.2210531225284,17.8026185609695,1012.7886315742178
SVK,2022-10-01,-23.6127908507376,-34.5724987134032,27.034366501088602,1013.1845485302894
SVK,2023-01-01,-24.3641909804381,-33.6205765492724,-101.24864597052901,1013.7404857973733
SVK,2023-04-01,-23.222136545208,-36.1892684354628,29.5349452523289,1014.675524808186
SVK,2023-07-01,-22.5466618515683,-36.5081733586907,34.4551938764297,1015.4530277242294
SVK,2023-10-01,-22.6959427398148,-34.883004159175904,24.1937102577153,1015.9229940694732
SVK,2024-01-01,-22.3329162745213,-34.3080040837674,38.762406673951396,1016.5490213171294
SVK,2024-04-01,-22.028972715408297,-36.9972541042599,18.896245162612,1016.8060913613477
SVK,2024-07-01,-22.334170390013,-36.4509551441155,23.3739930681267,1016.9238383799782
SVK,2024-10-01,-22.4964232577832,-35.101412133836504,28.0246424970311,1017.2063255248172
SVK,2025-01-01,-22.3630098218952,-37.662428596849104,17.5952337961334,1017.3071843615709
SVK,2025-04-01,-22.3685473780853,-38.9923341791415,28.8551295998772,1017.4586634095473
SVN,2000-01-01,27.0458206073286,10.137716218874699,,882.7130762766432
SVN,2000-04-01,27.2581942813166,7.70192159252666,-52.8890329373395,883.7477972412032
SVN,2000-07-01,27.6691687521479,7.301879133437771,21.7854630708175,884.8092786817527
SVN,2000-10-01,27.5657322943402,6.41064570012856,-22.0200865820828,885.4550750309724
SVN,2001-01-01,27.8084268098653,5.59167850712045,11.1391670481745,886.0626855263828
SVN,2001-04-01,27.835063074415302,7.7830834442318695,15.529596170190901,886.8807351161751
SVN,2001-07-01,27.7866444225631,7.0346003151392695,-33.488061254518904,887.4224072002004
SVN,2001-10-01,27.9073290771715,7.16823438107706,5.71150625624659,887.9653368575612
SVN,2002-01-01,27.8508580564723,5.9898640738356805,-2.1340174588424,889.1704124202496
SVN,2002-04-01,27.660268680282,6.82322806805077,6.75592682267007,889.4848500218463
SVN,2002-07-01,27.919942364953698,7.52041580338404,-7.577637428619539,890.3951072058707
SVN,2002-10-01,28.585920033140898,8.25639721528762,5.6945720379413105,891.7833344795415
SVN,2003-01-01,28.506046141883402,6.8816235684054705,-2.44508223930926,891.8529788940623
SVN,2003-04-01,29.3107903271226,5.64948472531074,26.5675997995997,892.8255936812873
SVN,2003-07-01,30.196026416432698,3.5168031147233796,8.05787216483583,893.861038573833
SVN,2003-10-01,30.7031565922655,0.48924504521926,-23.0877604432892,894.5945046299591
SVN,2004-01-01,31.576844020248302,-1.71446513604613,2.41724089311518,896.0313685628184
SVN,2004-04-01,31.7614515579096,-2.14051049916434,10.8526565088592,896.747868979587
SVN,2004-07-01,32.1972274130711,-3.55609511404859,13.088717326075999,897.7512579403829
SVN,2004-10-01,32.0466320910593,-2.34197244338398,2.6876942613693497,898.4443032465352
SVN,2005-01-01,32.793019093591,-4.04634698868861,-5.94354034914572,899.3278290977842
SVN,2005-04-01,33.8731240387214,-5.709981806092769,15.5033108065333,900.7697733511802
SVN,2005-07-01,34.4942801839408,-8.737398948430721,-52.443175711107706,901.7713901471989
SVN,2005-10-01,35.9165025788032,-10.8879571295589,32.981332741931304,903.4175821855968
SVN,2006-01-01,36.2610455801563,-12.197259869458101,-2.08971133506704,904.5807651455805
SVN,2006-04-01,37.416139646013704,-14.3592500664384,-18.8540068985383,906.5534228984887
SVN,2006-07-01,38.022506829381605,-15.395654352673398,-28.582058849598802,908.2768329953136
SVN,2006-10-01,38.866668688149296,-14.425033382094599,20.389460233017,910.4468614545438
SVN,2007-01-01,39.2410343799338,-13.210445661940101,28.4957537682413,912.2219288581003
SVN,2007-04-01,39.315594237117004,-12.6633838652849,7.07967557285865,913.6833757432262
SVN,2007-07-01,42.3715204257674,-26.7166559055246,27.3438562619534,915.6760254273921
SVN,2007-10-01,39.7757384004297,-14.854718635584799,-15.935433964859099,916.373082852427
SVN,2008-01-01,40.1455224316319,-16.680010194736,0.2714790496946,917.7310853761879
SVN,2008-04-01,40.1278653984758,-18.0046885421155,9.57476260635001,918.6805588842519
SVN,2008-07-01,39.0865876635977,-18.0352928837583,5.6643712355043405,918.5258433608365
SVN,2008-10-01,35.1346266408241,-15.716826787893801,20.6230010038241,915.0048819685935
SVN,2009-01-01,29.7759066729609,-10.7405589521835,18.0867466745238,909.7451589897565
SVN,2009-04-01,29.3119496528791,-10.956735141391901,13.638386321579702,908.9234321215723
SVN,2009-07-01,29.790096434026598,-11.2405702536625,25.5788787554775,909.1331585393981
SVN,2009-10-01,29.866531582468703,-12.0113217623113,0.74224575996145,909.0768236835338
SVN,2010-01-01,29.9782355312008,-14.263598569084401,-25.9708521582507,909.0317329376452
SVN,2010-04-01,31.322891639150303,-14.799896483281799,14.8176381355043,910.3957111270672
SVN,2010-07-01,31.5549275115157,-14.6079157066037,20.5421808874488,910.6045954500354
SVN,2010-10-01,32.1898691225069,-15.2016791737521,13.549767897941202,911.0807288250973
SVN,2011-01-01,32.9090824089462,-16.7819437593109,-5.87174604453355,911.6436203274835
SVN,2011-04-01,32.459331872603094,-17.1860027226468,0.34656436409601,911.1977537559278
SVN,2011-07-01,32.3698405760087,-15.647535836066101,51.095443665678694,911.102819485256
SVN,2011-10-01,32.1330600841002,-17.127367733807,-152.309806534391,911.1480900882939
SVN,2012-01-01,31.609050955325102,-14.6125287116427,60.5865835145584,910.7598646514269
SVN,2012-04-01,29.464050796608298,-17.235318866639503,-205.33288635873598,908.2847851460906
SVN,2012-07-01,29.903701756066,-17.488181437859602,-8.12074447026727,908.5049220829477
SVN,2012-10-01,28.4156513850593,-16.5728012736916,-10.8145980560513,906.7139523335176
SVN,2013-01-01,28.686140500279002,-17.4627530998278,-3.42623173815148,906.8004620193461
SVN,2013-04-01,28.6939289358109,-15.798093936680498,-17.8792184827309,907.2295953811537
SVN,2013-07-01,28.747538311679797,-16.038160924981902,16.8376747601781,907.291569606451
SVN,2013-10-01,30.361706531065103,-17.0562285035391,9.58130372675322,909.2401074111497
SVN,2014-01-01,30.166796443593103,-15.5874614417344,19.7730032570364,909.1106284052485
SVN,2014-04-01,31.3099558362317,-19.136541086506202,-4.39555692367763,910.1863895640099
SVN,2014-07-01,31.499451651517802,-18.2799385336847,4.57349061320177,910.7753783201082
SVN,2014-10-01,31.5534243212,-20.4971392655881,15.6526204260599,910.870623805917
SVN,2015-01-01,31.8734642210679,-20.0530161657311,22.7469657613808,911.3697304271315
SVN,2015-04-01,32.5606707708423,-19.7742233446982,25.3272261060117,912.2546871025514
SVN,2015-07-01,33.0523226306165,-20.6456337619102,24.7511927883087,912.8967613510446
SVN,2015-10-01,32.983869694848,-21.5500325201635,-12.8657587253695,913.0669261918367
SVN,2016-01-01,34.0382833483141,-20.8586900391147,46.7383651800229,914.325995629356
SVN,2016-04-01,34.865593456431,-23.4027403500159,18.4786247441906,915.224504878547
SVN,2016-07-01,35.5683667039917,-25.473606181768698,15.971680393181101,916.0803429036882
SVN,2016-10-01,35.9980373189764,-27.373081388557203,1.9389902480197199,916.7881622035612
SVN,2017-01-01,37.6437147625847,-29.690694396005902,1.3812814891026,918.8319686606914
SVN,2017-04-01,38.4649160236722,-31.276394800951902,7.22285296021483,920.1551865943104
SVN,2017-07-01,38.9029038977166,-32.944400701578104,13.8947107959427,920.9720179696703
SVN,2017-10-01,40.3894844936141,-34.849658070252396,11.665590999854999,922.9142498938779
SVN,2018-01-01,40.2267425542223,-36.2307251127928,12.666569737869501,923.2131217534306
SVN,2018-04-01,41.085797597646,-36.7726860509125,16.015494360361,924.6749443860347
SVN,2018-07-01,41.475550620817096,-35.6519391727199,16.9197490757814,925.8759038577509
SVN,2018-10-01,41.5236661197643,-35.7813250909899,24.7380700396705,926.5680467009347
SVN,2019-01-01,42.1612355620383,-35.9041349122228,18.5229568469915,927.9138557846453
SVN,2019-04-01,41.8556776318488,-36.379996872834205,15.149025111776199,927.8690370197725
SVN,2019-07-01,42.6994736025628,-38.0994968698216,14.9834162100074,928.9530408536699
SVN,2019-10-01,42.6583898670525,-39.1065132832835,-6.01534664325375,929.1588506676701
SVN,2020-01-01,40.1746565853241,-36.4018662009797,36.8193715197071,926.7608779766576
SVN,2020-04-01,37.6221620277155,-80.4572525279584,,916.3479345822859
SVN,2020-07-01,42.3301275405793,-45.823420388386296,120.55180779052199,927.2742237089147
SVN,2020-10-01,41.8300331709825,-63.37971254035351,,925.0128231963597
SVN,2021-01-01,44.4483589027792,-52.6161346793506,106.245647344275,929.3338707475351
SVN,2021-04-01,44.375352312210694,-49.7131373837019,4.15517972927461,930.5632369797034
SVN,2021-07-01,45.465134821295,-41.816782590333204,88.97168466100939,933.219510700262
SVN,2021-10-01,45.6824408156157,-40.3493608157404,14.0235812751514,934.4434106456882
SVN,2022-01-01,44.2302377221817,-36.172186869095604,28.452087488738197,934.2990126071646
SVN,2022-04-01,44.0711531947154,-36.2200498023117,-20.7454927095674,935.0137096355136
SVN,2022-07-01,43.527407782524605,-38.330559352537804,-20.5935678390002,934.7908605582957
SVN,2022-10-01,42.9754632779483,-35.711623686592596,-10.0715183037821,935.3531211567098
SVN,2023-01-01,43.6956941539282,-39.0378201967765,2.71640967393924,936.1850425559601
SVN,2023-04-01,44.5911424563601,-39.808181437914506,2.53502832458009,937.5430991841774
SVN,2023-07-01,45.258567973507105,-45.123960930074304,17.804547460061702,937.5625970712617
SVN,2023-10-01,44.6875779937453,-40.7104341496137,4.1006146977771,938.2771512788704
SVN,2024-01-01,44.9826215478112,-39.679544003926495,15.550163833480601,939.2678595297916
SVN,2024-04-01,43.5643118229109,-35.1057157212382,20.8548002534911,938.6467784606809
SVN,2024-07-01,44.597475997588,-41.6589815993324,7.0956756021972796,938.9699210919371
SVN,2024-10-01,42.9349259977301,-29.9894138045813,16.6801871248197,939.3986051732268
SVN,2025-01-01,45.393810211211196,-48.7863969543361,17.591638821589,938.6451014243395
SVN,2025-04-01,44.390207111951504,-40.4935118664525,12.5765874632507,939.3786296431847
SWE,2000-01-01,183.41857206634,14.0147694660757,,1381.4802307213913
SWE,2000-04-01,184.87799610404602,14.9923365140573,0.5043135953856099,1384.366196251916
SWE,2000-07-01,185.02293839406002,14.9723927800602,1.3986972207380899,1385.3500706591196
SWE,2000-10-01,184.44106246685502,12.225351074560201,-21.4881876815154,1385.4806172158555
SWE,2001-01-01,183.724983382582,10.844914229809701,-7.40946928120075,1385.472857880624
SWE,2001-04-01,182.773971385006,10.6094078344905,-7.59041535985652,1385.0827893611352
SWE,2001-07-01,182.925508762423,10.0972644125022,-3.6358930404904397,1385.9095101130779
SWE,2001-10-01,182.954673000628,9.128810360655661,-6.04077915763944,1386.369415725804
SWE,2002-01-01,184.06295612715,4.27923110108468,16.076071158796402,1387.1536669881177
SWE,2002-04-01,184.617216286591,4.11637464830084,-5.99719249503525,1388.257650746226
SWE,2002-07-01,184.532974366866,0.40878703508706005,-6.853995473459539,1388.0752456673831
SWE,2002-10-01,184.43464735337201,-0.27069757453017995,3.16011205562883,1388.2859251865077
SWE,2003-01-01,185.127161020389,-1.0292410296982901,-6.90986280460058,1389.4615225815992
SWE,2003-04-01,184.864600950485,-3.38539974083681,-1.6155409268522598,1389.3039030673244
SWE,2003-07-01,185.691358751525,-5.85864166021152,3.58762935147759,1390.116793537672
SWE,2003-10-01,185.533320674656,-2.58817056423438,2.49528189774863,1390.8254812231892
SWE,2004-01-01,186.72150806469,-4.08183517191409,-1.16761277783033,1392.3645870310543
SWE,2004-04-01,187.027099813276,-5.0354229032895095,-11.008291816044299,1393.1161366483616
SWE,2004-07-01,187.597274291842,-7.43127657879675,-3.21145071593488,1393.9202943413918
SWE,2004-10-01,187.728882119588,-7.62653879203643,3.70930022308435,1394.4644922815196
SWE,2005-01-01,187.69273412646902,-7.60542420056955,5.72347227889146,1394.8362769997866
SWE,2005-04-01,187.758809176144,-6.262048644037729,1.4278676139373199,1395.6222483744884
SWE,2005-07-01,188.716650664432,-7.34553852142853,8.774582654306851,1397.0857721719076
SWE,2005-10-01,188.275278876909,-7.16443593031851,-1.29149532079108,1397.3052537969916
SWE,2006-01-01,189.190227183719,-7.42786762785511,1.40029148702999,1399.1222569760466
SWE,2006-04-01,190.14648886577902,-8.944476783564639,8.63474573038245,1400.7658593057497
SWE,2006-07-01,189.76177310794,-7.21335014519621,5.0742399515610295,1401.642649607926
SWE,2006-10-01,189.90303416044802,-7.57861078295696,11.5087696537866,1402.572966733818
SWE,2007-01-01,189.332698171732,-6.94060411723783,-6.03097330667699,1403.082715845746
SWE,2007-04-01,189.429823406559,-6.30501150991344,11.7285843760043,1404.2219266546178
SWE,2007-07-01,188.873741566504,-4.62698058882252,13.6509591131547,1404.5514999453283
SWE,2007-10-01,188.43402820273602,-0.79432575672714,8.17328350551848,1405.5365453675356
SWE,2008-01-01,187.29416835486302,-1.22428615344963,-17.075715776725602,1405.1520659076277
SWE,2008-04-01,185.540714480897,2.75168015612702,-0.9965328092573399,1404.5053429879686
SWE,2008-07-01,185.071512717637,-2.88481984622674,-7.86712410520896,1403.6847117652042
SWE,2008-10-01,180.679515802418,0.17248073735105,0.21377947812997,1399.5638711006006
SWE,2009-01-01,180.079957137036,-0.27017160207739,32.0958468367685,1398.599550433113
SWE,2009-04-01,180.89733264223798,-2.36797220473911,16.5371334943304,1399.0700243314202
SWE,2009-07-01,180.261229518139,1.9450528193974002,13.3652665791611,1399.0301161516027
SWE,2009-10-01,180.39398435147,0.90667754955753,18.0101846554874,1399.229983990692
SWE,2010-01-01,181.336140260435,1.8384490204416601,26.7490214287072,1400.7790696402442
SWE,2010-04-01,183.647124053282,1.46546295886284,11.5395495566914,1404.052348091405
SWE,2010-07-01,184.087392222906,3.31694359364231,14.2149598303262,1405.7062667272228
SWE,2010-10-01,184.38734861886,0.91848076578209,9.1189614898695,1406.4596905916671
SWE,2011-01-01,183.997018677005,2.12003497443664,8.04284278456754,1407.143598368279
SWE,2011-04-01,184.053582483892,2.48783254774703,18.2964714474851,1407.9762577961098
SWE,2011-07-01,184.63773309711598,-1.06159936704112,-0.36095750871243,1408.843502059108
SWE,2011-10-01,181.237426613575,0.94996599175345,5.98811485585433,1405.9202340895606
SWE,2012-01-01,181.38490111468798,3.19298621815258,19.357404589170198,1406.9415140009974
SWE,2012-04-01,182.140388827329,-1.2572346824566,16.295304005719498,1407.533483015002
SWE,2012-07-01,182.41312319077002,-1.9898185577920402,20.0905217367127,1408.1433942780611
SWE,2012-10-01,180.507248361375,1.21428982235981,12.9206111509165,1407.026067749306
SWE,2013-01-01,181.479828817608,-4.32372416735372,20.1923447993117,1407.682804398109
SWE,2013-04-01,180.46391068495,1.28875091163098,15.210115961399701,1407.958996611618
SWE,2013-07-01,181.213943133237,-1.5475494568239099,21.2794795093864,1408.7749217423966
SWE,2013-10-01,181.462101406553,-1.95523805500003,16.1396597497802,1409.610154801338
SWE,2014-01-01,181.256591871703,-1.19079753284824,12.329390208994601,1410.0468498335215
SWE,2014-04-01,181.38166004694,-2.91610115372894,28.879954765246303,1410.5340771507988
SWE,2014-07-01,181.05630563108699,-0.59099557080376,16.0102741642833,1411.352734283071
SWE,2014-10-01,181.464607831713,-3.3556478897035897,28.657718238007803,1411.7350310819388
SWE,2015-01-01,182.012070129963,-3.2040048378404897,22.9984979437537,1412.9640336075481
SWE,2015-04-01,184.007914394333,-7.06076575278824,16.7134922919697,1415.1706827938765
SWE,2015-07-01,182.888746832008,-3.9050355278703,21.559485554621897,1415.2030364882573
SWE,2015-10-01,183.654948259419,-7.12715342874477,26.9247738403615,1416.2265248497506
SWE,2016-01-01,182.529824267362,-6.40967875576902,19.9728694668026,1415.8381848328413
SWE,2016-04-01,182.06089446999601,-3.20862069502676,19.545390378931398,1416.618911948306
SWE,2016-07-01,182.528631971641,-7.5783878502305795,17.3730898176914,1417.0584350744357
SWE,2016-10-01,182.578882910125,-10.065573952774,20.7518479093834,1417.5487873067973
SWE,2017-01-01,182.073236437631,-6.688564234036811,26.5529279616276,1418.4162707949208
SWE,2017-04-01,181.620024485893,-8.31141174047293,9.948088052293661,1418.6323211850338
SWE,2017-07-01,181.391884124747,-9.11558464329027,19.952774059701202,1419.0569721774032
SWE,2017-10-01,181.04910094266899,-8.12359968135415,23.813477579079702,1419.5387325771085
SWE,2018-01-01,180.852032644663,-8.374190732888339,21.2787028959217,1420.0752618412002
SWE,2018-04-01,180.14026645055802,-4.64253618911363,22.236979520626498,1420.6339680665778
SWE,2018-07-01,180.26103521155298,-9.48713375078834,19.2487137277978,1420.58968838309
SWE,2018-10-01,180.149730642646,-5.45016864180381,26.3409818149268,1421.7596764006903
SWE,2019-01-01,180.255827206253,-8.47125317220407,10.9204710841941,1422.0754775011137
SWE,2019-04-01,181.160408696158,-10.078160881866701,9.1546143532195,1423.4563926085084
SWE,2019-07-01,180.41556162132798,-9.380878536152458,28.7448652247398,1423.1426597676746
SWE,2019-10-01,181.86391771432798,-12.7994434633562,12.8380312206955,1424.7382385976894
SWE,2020-01-01,181.521772424108,-13.142070128115298,26.7394590580594,1424.752054589605
SWE,2020-04-01,175.471774516391,-27.845504711611703,,1415.7903163138192
SWE,2020-07-01,179.967264684134,-25.095911403686,75.7364488039463,1421.3808375633876
SWE,2020-10-01,180.51702898450398,-24.7025415432721,22.133707289098002,1422.7512918267473
SWE,2021-01-01,181.960043853591,-22.1780632333416,38.3755219949034,1425.204956592841
SWE,2021-04-01,182.361548972011,-23.1288173411835,47.0559495289675,1426.0099195016307
SWE,2021-07-01,180.27196576620702,-18.1471655201481,56.5208885532844,1425.5791306508331
SWE,2021-10-01,181.74012803005,-20.6774638810144,29.657023664077798,1427.6176539253338
SWE,2022-01-01,180.838963614468,-23.0382625342305,5.71034337613302,1427.3184487903477
SWE,2022-04-01,179.703982134576,-15.342698752627202,46.808462012122,1428.0950853522609
SWE,2022-07-01,177.84748485531202,-12.3687708033748,20.7954455270774,1427.4732649750324
SWE,2022-10-01,176.89476804448,-14.998639663857299,16.6740964953315,1426.7360017959966
SWE,2023-01-01,177.212131302411,-13.4449447355284,19.629425177864,1428.0114258804183
SWE,2023-04-01,176.666299319726,-17.276712878442797,29.879049419645398,1427.234060789325
SWE,2023-07-01,176.22649554104598,-16.2609574712422,18.690089454967403,1427.4563003795968
SWE,2023-10-01,175.331226585749,-13.8474364449176,42.6135411511958,1427.0218299290882
SWE,2024-01-01,176.1398727881,-15.0082978942467,35.6912154559531,1427.9930942365465
SWE,2024-04-01,176.029933911047,-18.2686347235218,14.5404447810577,1427.744855981198
SWE,2024-07-01,176.476525463316,-19.3255851291279,35.3358907169887,1428.297214646045
SWE,2024-10-01,176.417248821345,-17.7359269820622,31.783891906454297,1428.8462897986115
SWE,2025-01-01,175.997760730061,-17.6589713847885,28.1676665776054,1428.7729980525833
SWE,2025-04-01,176.601822832872,-20.3580572832927,33.299374002704205,1429.3845076286796
USA,2000-01-01,-262.145355042198,-1.68767888312115,,1505.9531655981154
USA,2000-04-01,-261.328802929459,-2.42755507927963,5.11237407553941,1507.7580651914989
USA,2000-07-01,-261.614270501056,-1.8149964282476199,-0.889788985459,1507.8599458618705
USA,2000-10-01,-261.428582402137,-1.6311894890034901,0.49246324012063,1508.4552108458643
USA,2001-01-01,-261.679940555321,-0.72748623193053,-2.48724529057422,1508.1268721954452
USA,2001-04-01,-261.611186424347,-1.00108343635279,-7.14767939610044,1508.7494331869225
USA,2001-07-01,-262.27627709206797,-0.15194200094088,-4.06731609858157,1508.3479892827406
USA,2001-10-01,-261.889884458562,1.0281535877883399,15.167087713577802,1508.6223879129766
USA,2002-01-01,-260.690265209934,0.67229541347083,-3.53217667122254,1509.4552698613847
USA,2002-04-01,-260.900827438695,0.62261166728606,-1.90529735622459,1510.066105639213
USA,2002-07-01,-261.087433952611,0.82359468177239,-0.85169677001428,1510.4717944213962
USA,2002-10-01,-261.03590849157,1.24999002000548,-1.5779131078520698,1510.5953217683484
USA,2003-01-01,-260.392876625573,1.14628083095763,-4.1991870676949,1511.120583213471
USA,2003-04-01,-260.339705138721,1.40418736155921,9.37415039668676,1512.0023062467442
USA,2003-07-01,-259.07004538003,0.8520017271440901,7.487700070214739,1513.6518251488144
USA,2003-10-01,-258.334997367355,0.37738217762172,-1.01288736905081,1514.8058618535547
USA,2004-01-01,-257.489289401244,0.6800566448801201,2.70935856772965,1515.370913877445
USA,2004-04-01,-257.705401666228,0.38335862407704,-5.192628765347719,1516.142878869339
USA,2004-07-01,-257.497215195876,0.44687324330482003,4.93555018678772,1517.0870031471293
USA,2004-10-01,-256.865704998774,0.34560021876328,2.85747831896789,1518.1020409899697
USA,2005-01-01,-255.589871684254,-0.13388455372395,-3.1555613861376894,1519.2052973051427
USA,2005-04-01,-256.34836489933,0.23824824986533,1.7800467453753102,1519.6967110737555
USA,2005-07-01,-256.41291052096705,0.2088019457294,-0.4486436917768,1520.477470490162
USA,2005-10-01,-256.150047935275,-0.18852548894065002,-12.541454992104601,1521.0314484810765
USA,2006-01-01,-254.811242022929,-0.46605149673893,4.97072229048813,1522.3678635488025
USA,2006-04-01,-255.69265922142202,-0.35380085209990003,-8.00742274356652,1522.626282120536
USA,2006-07-01,-256.34539278528996,0.045356882062710005,-3.7291180802438197,1522.7761245047454
USA,2006-10-01,-255.972227396911,0.11971994729645999,3.5828444261071497,1523.6319020612873
USA,2007-01-01,-255.50781598593,0.32884375062297,-4.27292818109965,1523.9322861230003
USA,2007-04-01,-255.634667148114,0.04950029497169,-7.934458328360081,1524.5421844144682
USA,2007-07-01,-255.61451817092902,0.10913783466113,-1.6229588614042698,1525.1165587151963
USA,2007-10-01,-255.21752432386702,-0.07008902375430001,-5.4004763034209295,1525.7428302589879
USA,2008-01-01,-255.142651462634,0.31450519828881,-14.994101394141198,1525.3151527050522
USA,2008-04-01,-255.28584372377102,0.054529805502670003,-6.77694767596866,1525.9088152911552
USA,2008-07-01,-255.919363927027,0.11458648654699001,-24.1415528896807,1525.3821729171098
USA,2008-10-01,-257.71842131908704,1.7948713869641302,-23.1381406150703,1523.16883045652
USA,2009-01-01,-257.244854204966,3.0306576445578304,-6.7633897670849095,1522.0274673205297
USA,2009-04-01,-257.688635588779,3.08817866848669,-11.3306740189,1521.8486578280879
USA,2009-07-01,-257.127426676656,3.3227273261308996,3.6353361269016995,1522.1992349784998
USA,2009-10-01,-255.45626031489502,2.2528483951191998,-9.70536727785511,1523.2743472914055
USA,2010-01-01,-254.49942860196703,2.19625419762353,-0.89816138973809,1523.7576783134732
USA,2010-04-01,-254.546359567144,1.9341264558044,3.86319936942032,1524.7206132957342
USA,2010-07-01,-254.022084051535,1.56884114772925,-2.65864543838127,1525.4887405662344
USA,2010-10-01,-253.397527979205,1.4245510154493202,-3.3465808129114496,1526.0124769306794
USA,2011-01-01,-253.20572568248298,1.76839236693587,-8.66745234694173,1525.7749902570745
USA,2011-04-01,-253.32499240219,1.06868762502456,-12.0243633291948,1526.4492940039413
USA,2011-07-01,-253.700868341989,1.03924906896527,-12.2857008068426,1526.4269799526703
USA,2011-10-01,-252.81592999857702,0.06250104829495999,-8.792251866142731,1527.5437696207753
USA,2012-01-01,-251.97081341533698,-0.19293226893998,0.018622722038870002,1528.3788626413882
USA,2012-04-01,-252.47934814251002,-0.5956933422466,-11.3838742290479,1528.824205414512
USA,2012-07-01,-252.688238576236,-0.53630085007354,-7.528932105699621,1528.9681286445068
USA,2012-10-01,-252.90673766366098,-0.49320067975809995,-8.16833596064904,1529.083702386082
USA,2013-01-01,-251.51268749667503,-1.0662330063302,-3.4013195125520097,1530.0654283126332
USA,2013-04-01,-252.23714597143098,-1.11394354530408,-7.2072429275974095,1530.3327082684734
USA,2013-07-01,-251.796911785065,-1.75590493011856,-7.875079428964391,1531.180496794397
USA,2013-10-01,-251.025892407251,-2.04372430856096,-0.40324933231924,1532.0484619283382
USA,2014-01-01,-251.44772749034598,-1.3899088310364,-5.135585021448049,1531.7027680032572
USA,2014-04-01,-251.255915162926,-1.94940321141429,2.54934959903692,1532.9863381259245
USA,2014-07-01,-250.546609702768,-2.21795380798608,6.03887998620319,1534.1944029452968
USA,2014-10-01,-250.468088521509,-1.83959548294396,5.05711979690289,1534.6988615413727
USA,2015-01-01,-249.549428011133,-1.94593579114852,2.97566816123294,1535.595316319417
USA,2015-04-01,-249.98418078466398,-1.91117498424711,0.29693861183087,1536.212810971075
USA,2015-07-01,-249.935694146517,-1.6439098360528,0.82427013935853,1536.6122561178086
USA,2015-10-01,-250.118229179173,-1.3813472315748299,-3.16579541846595,1536.796565290519
USA,2016-01-01,-249.84885439802298,-1.25008089337503,2.1377222812067798,1537.3744119423664
USA,2016-04-01,-250.334694641379,-1.13812403096628,-3.15587492582995,1537.6950225578025
USA,2016-07-01,-250.081482602478,-1.17557427565894,1.49853529906766,1538.4019074277442
USA,2016-10-01,-249.829442216501,-1.30717406711599,-3.5097066732553297,1538.9546759563652
USA,2017-01-01,-249.336107419798,-1.24404072662859,-0.77462940512185,1539.4403857204845
USA,2017-04-01,-249.74420365166398,-1.38758969264285,-3.4874514249543096,1539.9986968160422
USA,2017-07-01,-249.45845513856798,-1.6132158298184498,-0.69357817884886,1540.7841273164513
USA,2017-10-01,-248.53341996674797,-1.7552344607869999,6.94583633790883,1541.9048700933906
USA,2018-01-01,-248.00683258826498,-1.93726945117566,0.03297532002572,1542.7149905461085
USA,2018-04-01,-248.37090123733998,-1.94514629610829,-1.9668848931761103,1543.2444107786844
USA,2018-07-01,-248.14515828569102,-2.0482838827725702,-1.98366455234842,1543.866171261207
USA,2018-10-01,-248.454080850965,-1.8570150584536802,-5.26684211929907,1544.0077152595256
USA,2019-01-01,-247.72532043756698,-2.18469326934966,-6.00745489203349,1544.630093529126
USA,2019-04-01,-247.718587708889,-2.01723014122864,7.86115725565807,1545.4617713143084
USA,2019-07-01,-247.106195288469,-2.0679717501893498,9.4870655433848,1546.6249806016326
USA,2019-10-01,-246.876831478662,-2.04383254580966,1.77728860496126,1547.304544198438
USA,2020-01-01,-247.748675223177,-2.00356556100193,-45.1013466542438,1545.9794822276417
USA,2020-04-01,-249.279759650649,-0.71568198534268,,1537.7751616236144
USA,2020-07-01,-245.230886433924,-1.67379182709477,83.2057188749142,1545.2509122326749
USA,2020-10-01,-245.679121201656,-1.7273742438132602,12.01926099931,1546.3780511874756
USA,2021-01-01,-244.460090572893,-0.86637556493337,30.9486757856592,1547.7642148790376
USA,2021-04-01,-243.920151352985,0.09431287123935,35.8710222878446,1549.4517871660091
USA,2021-07-01,-244.01667680325397,-0.17121775285073002,0.11053692713951,1550.2734541474058
USA,2021-10-01,-243.148579549068,-1.06505562420425,4.0198381226129,1551.9746573659338
USA,2022-01-01,-244.35833535638,-0.89876423346642,-13.8267275180817,1551.7195326650817
USA,2022-04-01,-245.113274801342,-0.44048808646471005,1.87193878104141,1551.8759581706217
USA,2022-07-01,-244.828697114341,-0.66787936558719,-0.61320033206123,1552.5952644966258
USA,2022-10-01,-244.325908398694,-1.0466776078795001,-4.440626690385209,1553.2831336254615
USA,2023-01-01,-244.278460160292,-0.68296023768564,10.811566980995,1554.0043772889346
USA,2023-04-01,-244.477146324192,-0.9443597219619101,-3.27894715678452,1554.630286338175
USA,2023-07-01,-243.74131876032598,-1.25159166877528,5.76724094941892,1555.777289067683
USA,2023-10-01,-243.095737240122,-1.34918999909031,3.76084551626212,1556.617803094711
USA,2024-01-01,-242.829573026015,-1.08322276494697,-1.07664057984314,1556.8274454026473
USA,2024-04-01,-242.621522916571,-1.05801897551459,7.22568713562362,1557.7090333904491
USA,2024-07-01,-242.097466350837,-0.8879080734326,8.71422959825139,1558.530428705354
USA,2024-10-01,-241.847531814589,-12.0117404935987,,1558.9892491981873
USA,2025-01-01,-243.272602629659,-11.6811184012227,-5.89901924855393,1558.826600592545
USA,2025-04-01,-243.358247142969,-12.1690825105598,0.80974963185377,1559.7681537533406
