date,epu,wui,jln,vix,ip,emp,ffr
1900-01-01,0.8140108333871912,,,,,,
1900-02-01,0.4736001554955938,,,,,,
1900-03-01,1.2962661180480852,,,,,,
1900-04-01,-0.14401283347657995,,,,,,
1900-05-01,-0.09547920399349648,,,,,,
1900-06-01,0.1472050532790187,,,,,,
1900-07-01,0.1346151999571454,,,,,,
1900-08-01,0.07786285837803868,,,,,,
1900-09-01,-0.04319600527091731,,,,,,
1900-10-01,0.1455202307242146,,,,,,
1900-11-01,0.01018937617476471,,,,,,
1900-12-01,-0.5573880076375809,,,,,,
1901-01-01,0.1697414008706462,,,,,,
1901-02-01,-0.23259019775224496,,,,,,
1901-03-01,0.537600590280586,,,,,,
1901-04-01,-0.22798412111038682,,,,,,
1901-05-01,-0.15289741966597592,,,,,,
1901-06-01,-0.365273665785302,,,,,,
1901-07-01,-0.3947243640432737,,,,,,
1901-08-01,-0.28159772553161994,,,,,,
1901-09-01,-0.20487050363942405,,,,,,
1901-10-01,0.371269000722745,,,,,,
1901-11-01,-0.005792944554271106,,,,,,
1901-12-01,0.30873590542173734,,,,,,
1902-01-01,-0.26640881526464716,,,,,,
1902-02-01,-0.29639731425206445,,,,,,
1902-03-01,-0.724252027972502,,,,,,
1902-04-01,-0.18251404945205424,,,,,,
1902-05-01,-0.5321662811165714,,,,,,
1902-06-01,-0.741970454301436,,,,,,
1902-07-01,-1.0090662465317541,,,,,,
1902-08-01,-0.8431194140609304,,,,,,
1902-09-01,-0.7697033047975537,,,,,,
1902-10-01,-0.047341608497398775,,,,,,
1902-11-01,-0.04712278293848796,,,,,,
1902-12-01,-0.3058578278327044,,,,,,
1903-01-01,-0.5539564738269561,,,,,,
1903-02-01,-0.3830730441461522,,,,,,
1903-03-01,-0.604229162383739,,,,,,
1903-04-01,-0.4656365987672362,,,,,,
1903-05-01,-0.821858564405015,,,,,,
1903-06-01,-0.8028100008750454,,,,,,
1903-07-01,-0.7932463842089802,,,,,,
1903-08-01,-0.5666589618997039,,,,,,
1903-09-01,-0.6557969492023701,,,,,,
1903-10-01,-0.716512584125136,,,,,,
1903-11-01,-0.6858178021527923,,,,,,
1903-12-01,-0.4419369852443435,,,,,,
1904-01-01,-0.30636126086700843,,,,,,
1904-02-01,-0.31555998926981,,,,,,
1904-03-01,-0.31987877346009214,,,,,,
1904-04-01,-0.6570783540856852,,,,,,
1904-05-01,-0.41836396834847717,,,,,,
1904-06-01,-0.33643030913991445,,,,,,
1904-07-01,0.167622954662295,,,,,,
1904-08-01,-0.5666095583379377,,,,,,
1904-09-01,-0.45301989568353357,,,,,,
1904-10-01,-0.4522910588986705,,,,,,
1904-11-01,-0.5508585483070632,,,,,,
1904-12-01,-0.7252617132661019,,,,,,
1905-01-01,-0.323206801438864,,,,,,
1905-02-01,-0.3552962942894435,,,,,,
1905-03-01,-0.6440801158863846,,,,,,
1905-04-01,-0.7852230041302667,,,,,,
1905-05-01,-0.6359595396698482,,,,,,
1905-06-01,-0.5735463285554094,,,,,,
1905-07-01,-0.5919564047490727,,,,,,
1905-08-01,-0.3021189984979405,,,,,,
1905-09-01,-0.9700470986505878,,,,,,
1905-10-01,-0.6088959194873321,,,,,,
1905-11-01,-0.09529931058923852,,,,,,
1905-12-01,-0.49295999039545313,,,,,,
1906-01-01,-0.8247367246243332,,,,,,
1906-02-01,-0.20651773652766656,,,,,,
1906-03-01,-0.8098147009899459,,,,,,
1906-04-01,-0.6967323645853108,,,,,,
1906-05-01,-0.7489970369722279,,,,,,
1906-06-01,-0.3880861631773465,,,,,,
1906-07-01,-0.5836184797105263,,,,,,
1906-08-01,-0.7137782043804152,,,,,,
1906-09-01,-1.0862781066249734,,,,,,
1906-10-01,-0.7938577532858389,,,,,,
1906-11-01,-0.6273739255784241,,,,,,
1906-12-01,-0.700415883410706,,,,,,
1907-01-01,-1.2546549767901802,,,,,,
1907-02-01,-0.9282980012354026,,,,,,
1907-03-01,-0.8118166192319567,,,,,,
1907-04-01,-0.9368869715470555,,,,,,
1907-05-01,-0.7747142758478015,,,,,,
1907-06-01,-0.8750884857297041,,,,,,
1907-07-01,-0.6438447777239487,,,,,,
1907-08-01,-0.7642981792436482,,,,,,
1907-09-01,-0.738427896725646,,,,,,
1907-10-01,-0.951819198090938,,,,,,
1907-11-01,-0.8717651564592523,,,,,,
1907-12-01,-0.5693272912303241,,,,,,
1908-01-01,-0.5573404835591426,,,,,,
1908-02-01,-0.510215526830446,,,,,,
1908-03-01,-0.35207432286989815,,,,,,
1908-04-01,-0.49866959224850566,,,,,,
1908-05-01,-0.5581909497650932,,,,,,
1908-06-01,-0.5899246832714313,,,,,,
1908-07-01,-1.0915104539615057,,,,,,
1908-08-01,-0.9375528456404282,,,,,,
1908-09-01,-0.9073896889523095,,,,,,
1908-10-01,-0.43088105881579236,,,,,,
1908-11-01,-0.6705333067337061,,,,,,
1908-12-01,-0.3721458623255738,,,,,,
1909-01-01,0.09869156111730754,,,,,,
1909-02-01,0.13257059059382562,,,,,,
1909-03-01,0.32104652122058314,,,,,,
1909-04-01,-0.19710957998259424,,,,,,
1909-05-01,-0.36898296038205336,,,,,,
1909-06-01,-0.5914118915791696,,,,,,
1909-07-01,-0.33025486391911923,,,,,,
1909-08-01,-0.2832033412890266,,,,,,
1909-09-01,-0.8335760689650464,,,,,,
1909-10-01,-0.7188007208282496,,,,,,
1909-11-01,-0.8447317422587945,,,,,,
1909-12-01,-0.3094543534297717,,,,,,
1910-01-01,-0.2731360230910393,,,,,,
1910-02-01,-0.20114241420939166,,,,,,
1910-03-01,-0.6730373155219294,,,,,,
1910-04-01,-0.5499729089131157,,,,,,
1910-05-01,-0.5964391067353243,,,,,,
1910-06-01,-0.22331629001632075,,,,,,
1910-07-01,-0.5730564546508293,,,,,,
1910-08-01,-0.9456083111845279,,,,,,
1910-09-01,-0.4197746548350014,,,,,,
1910-10-01,-0.7051414414927057,,,,,,
1910-11-01,-0.1490149441054239,,,,,,
1910-12-01,-0.6728721894866776,,,,,,
1911-01-01,-0.8774975806098599,,,,,,
1911-02-01,-0.3118225024231373,,,,,,
1911-03-01,-0.5213944251681767,,,,,,
1911-04-01,-0.14977076490092558,,,,,,
1911-05-01,-0.3624289335194619,,,,,,
1911-06-01,-0.536664421715875,,,,,,
1911-07-01,-0.7082740032053587,,,,,,
1911-08-01,-0.42972289433927485,,,,,,
1911-09-01,-0.5905326961280613,,,,,,
1911-10-01,-0.34438723605809973,,,,,,
1911-11-01,-0.4935481344283295,,,,,,
1911-12-01,-0.3797149444341312,,,,,,
1912-01-01,-0.6879272536909303,,,,,,
1912-02-01,-0.41341448325281904,,,,,,
1912-03-01,-0.6354424132570111,,,,,,
1912-04-01,-0.9890625027246982,,,,,,
1912-05-01,-1.0732010643747032,,,,,,
1912-06-01,-0.6051776302203676,,,,,,
1912-07-01,-0.7055453961594313,,,,,,
1912-08-01,-0.6854898323120442,,,,,,
1912-09-01,-0.9346521316211733,,,,,,
1912-10-01,-0.9210650781449511,,,,,,
1912-11-01,0.00964029854535054,,,,,,
1912-12-01,-0.4085784384008908,,,,,,
1913-01-01,-0.47614935451397566,,,,,,
1913-02-01,-0.29083001613670856,,,,,,
1913-03-01,-0.2628431668936837,,,,,,
1913-04-01,0.10322111593795123,,,,,,
1913-05-01,-0.2916341665035034,,,,,,
1913-06-01,-0.1249575575061527,,,,,,
1913-07-01,-0.2958254143250952,,,,,,
1913-08-01,-0.25789609827659016,,,,,,
1913-09-01,-0.21732476566405776,,,,,,
1913-10-01,-0.0541601055140114,,,,,,
1913-11-01,0.10595979164456482,,,,,,
1913-12-01,0.36508952803767525,,,,,,
1914-01-01,0.1408000425945809,,,,,,
1914-02-01,-0.3832097094338646,,,,,,
1914-03-01,-0.636910021238614,,,,,,
1914-04-01,-0.34483159961637866,,,,,,
1914-05-01,-0.5815829992662286,,,,,,
1914-06-01,0.4700157122913498,,,,,,
1914-07-01,0.3366462328435482,,,,,,
1914-08-01,1.321945230261861,,,,,,
1914-09-01,0.7277814807835195,,,,,,
1914-10-01,-0.2416748146672712,,,,,,
1914-11-01,0.2753871587413526,,,,,,
1914-12-01,-0.36955083284474805,,,,,,
1915-01-01,0.07139206577711871,,,,,,
1915-02-01,0.4095513911393085,,,,,,
1915-03-01,0.3047863054566116,,,,,,
1915-04-01,-0.4546498104753961,,,,,,
1915-05-01,0.13675109851068568,,,,,,
1915-06-01,-0.02451528347801201,,,,,,
1915-07-01,-0.0462072060601006,,,,,,
1915-08-01,0.5548166575656895,,,,,,
1915-09-01,0.030756293736195386,,,,,,
1915-10-01,-0.20429726122436306,,,,,,
1915-11-01,-0.1241252148894368,,,,,,
1915-12-01,-0.24144524920362861,,,,,,
1916-01-01,-0.378405884296132,,,,,,
1916-02-01,-0.09245994827576443,,,,,,
1916-03-01,0.09576090961361244,,,,,,
1916-04-01,-0.14197090908944293,,,,,,
1916-05-01,-0.21367051307905705,,,,,,
1916-06-01,-0.14068614798589935,,,,,,
1916-07-01,-0.47544884422784306,,,,,,
1916-08-01,-0.06799444529668393,,,,,,
1916-09-01,-0.6240378426711033,,,,,,
1916-10-01,-0.296727566322568,,,,,,
1916-11-01,-0.5060017252089176,,,,,,
1916-12-01,-0.4651081954544306,,,,,,
1917-01-01,-0.8918937516588157,,,,,,
1917-02-01,-0.11827465178677916,,,,,,
1917-03-01,-0.622081837521821,,,,,,
1917-04-01,-0.0760695111669193,,,,,,
1917-05-01,-0.667914917960089,,,,,,
1917-06-01,-0.3133207191332262,,,,,,
1917-07-01,0.4395546574957325,,,,,,
1917-08-01,0.23474601674806328,,,,,,
1917-09-01,0.07633107946566321,,,,,,
1917-10-01,-0.21328253402062006,,,,,,
1917-11-01,-0.11563263522275209,,,,,,
1917-12-01,0.19643946154585298,,,,,,
1918-01-01,0.3772162229679889,,,,,,
1918-02-01,0.5032422925554104,,,,,,
1918-03-01,-0.1316901352849106,,,,,,
1918-04-01,-0.09512612962543808,,,,,,
1918-05-01,0.34386076384714637,,,,,,
1918-06-01,0.11589017605722149,,,,,,
1918-07-01,0.6411386418476732,,,,,,
1918-08-01,-0.20197475682610755,,,,,,
1918-09-01,-0.265086464494542,,,,,,
1918-10-01,-0.28250658996955,,,,,,
1918-11-01,1.3663762161373905,,,,,,
1918-12-01,1.722148985259761,,,,,,
1919-01-01,0.989456574598071,,,,158.38944379634032,,
1919-02-01,0.6832900829438742,,,,153.86935079083426,,
1919-03-01,0.22287439455513033,,,,150.93523486117437,,
1919-04-01,-0.1872167852364989,,,,152.70558038281328,,
1919-05-01,0.057781921505722755,,,,153.28807897119452,,
1919-06-01,0.011737264944238221,,,,159.4872347754785,,
1919-07-01,0.2326624752300909,,,,165.32442493713097,,
1919-08-01,0.10730362222413328,,,,166.85932200427828,,
1919-09-01,-0.11438949125004412,,,,164.80815360263048,,
1919-10-01,-0.18069095062382828,,,,163.767545384534,,
1919-11-01,0.012748158477120328,,,,162.1840679151143,,
1919-12-01,0.3040385395896587,,,,163.767545384534,,
1920-01-01,-0.7412475244641756,,,,172.7736370792934,,
1920-02-01,-0.5206591444404746,,,,172.7736370792934,,
1920-03-01,-0.5332613486527895,,,,170.83959760669413,,
1920-04-01,-0.8308355137751049,,,,165.32442493713097,,
1920-05-01,-0.7746518501515478,,,,167.87027469357582,,
1920-06-01,-0.028161481134464192,,,,168.8692617407352,,
1920-07-01,-0.5953503488931362,,,,166.35093442218277,,
1920-08-01,-0.23069326207898783,,,,166.85932200427828,,
1920-09-01,-0.7454053443322897,,,,163.2411975993922,,
1920-10-01,-0.41658705111059813,,,,158.93984570963738,,
1920-11-01,-0.798880940977719,,,,150.33882704944034,,
1920-12-01,-0.6325955330102246,,,,144.1634456153055,,
1921-01-01,-0.7863313622985902,,,,138.26125917172652,,
1921-02-01,-0.8273807549204976,,,,136.21297341205926,,
1921-03-01,-0.47143789255693663,,,,133.4158606699362,,
1921-04-01,-0.4589679234216324,,,,133.4158606699362,,
1921-05-01,-0.44963722843943826,,,,136.21297341205926,,
1921-06-01,-0.3137785075724199,,,,135.52164055490292,,
1921-07-01,-0.3809449320235425,,,,134.8228980313098,,
1921-08-01,0.1167842731261453,,,,138.26125917172652,,
1921-09-01,0.1610246256926847,,,,138.93397193058507,,
1921-10-01,-0.5325298268917434,,,,144.7977246307475,,
1921-11-01,-0.7134369439075616,,,,143.52511780686433,,
1921-12-01,-0.404187294102478,,,,142.88268918385933,,
1922-01-01,-0.3742079240340826,,,,146.67908119902575,,
1922-02-01,-0.40501104479540834,,,,150.93523486117437,,
1922-03-01,-0.6332675825488182,,,,156.15493417071266,,
1922-04-01,-0.6274903192959552,,,,152.70558038281328,,
1922-05-01,-0.6553627885535863,,,,157.83599568632388,,
1922-06-01,-0.5318102532747115,,,,162.71402965471054,,
1922-07-01,-0.4847607443767563,,,,162.71402965471054,,
1922-08-01,-0.531857911601959,,,,160.57511245761052,,
1922-09-01,-0.5224740540913426,,,,165.83994904827622,,
1922-10-01,-0.834850627159095,,,,171.32752686733542,,
1922-11-01,-0.685677646396042,,,,175.6028659272256,,
1922-12-01,-0.8087082223049504,,,,178.3559272662715,,
1923-01-01,-0.2858520702935112,,,,176.06643207441118,,
1923-02-01,-0.6758412361497886,,,,177.44607046497256,,
1923-03-01,-0.8477985220549649,,,,180.59253247009542,,
1923-04-01,-0.6102895563750945,,,,182.78181370992402,,
1923-05-01,-0.5539590245543299,,,,184.07083509599184,,
1923-06-01,-0.5845719147530933,,,,183.21333633663284,,
1923-07-01,-0.15597305988355012,,,,182.3468062571775,,
1923-08-01,-0.5249470514046529,,,,180.59253247009542,,
1923-09-01,-0.5755269012367658,,,,178.3559272662715,,
1923-10-01,-0.5048431579859726,,,,177.90287767492364,,
1923-11-01,-0.5873358292358267,,,,177.90287767492364,,
1923-12-01,-0.5262248315701208,,,,175.6028659272256,,
1924-01-01,-0.26265656104896845,,,,177.90118964055523,,
1924-02-01,-0.6277436467988169,,,,179.70454736572924,,
1924-03-01,-0.3238377708418584,,,,177.90287767492364,,
1924-04-01,-0.2371103551562489,,,,174.6692365858747,,
1924-05-01,0.5221498948357753,,,,170.35109636739898,,
1924-06-01,-0.06532155150655276,,,,165.83994904827622,,
1924-07-01,-0.3934575922801557,,,,164.28920306930445,,
1924-08-01,-0.16584303233209066,,,,167.87027469357582,,
1924-09-01,-0.6522554656170532,,,,171.32752686733542,,
1924-10-01,0.17685793024356686,,,,173.72504837276622,,
1924-11-01,0.10281568453432519,,,,175.6028659272256,,
1924-12-01,-0.31540023318692434,,,,178.3559272662715,,
1925-01-01,-0.2969651867147594,,,,181.47433056184303,,
1925-02-01,-0.8639227437752701,,,,181.47433056184303,,
1925-03-01,-0.5368461946034607,,,,181.47433056184303,,
1925-04-01,-0.5967826494379332,,,,182.3468062571775,,
1925-05-01,-0.5428758456175214,,,,181.91151992379102,,
1925-06-01,-0.7137404804650446,,,,181.03358548009905,,
1925-07-01,-1.117751665939183,,,,183.6430048436492,,
1925-08-01,-0.6677833541271242,,,,181.91151992379102,,
1925-09-01,-0.7541017136912607,,,,180.59253247009542,,
1925-10-01,-0.45705246141271255,,,,184.49842304653527,,
1925-11-01,-0.5113863106950234,,,,186.60317136026424,,
1925-12-01,-0.7563510524885306,,,,187.84569080553675,,
1926-01-01,-0.7695512008967893,,,,186.18606152407432,,
1926-02-01,-0.7312984794670474,,,,186.18606152407432,,
1926-03-01,-0.9399671762241407,,,,187.43374219886374,,
1926-04-01,-1.0139710267739659,,,,187.43374219886374,,
1926-05-01,-0.6430642551475637,,,,186.60317136026424,,
1926-06-01,-0.8167744277537818,,,,187.84569080553675,,
1926-07-01,-0.548641831970416,,,,188.2559493554494,,
1926-08-01,-0.5111920526681867,,,,189.4782254522287,,
1926-09-01,-0.5878972577556824,,,,191.08453595043576,,
1926-10-01,-0.6571140642689183,,,,191.08453595043576,,
1926-11-01,-0.1893526837900392,,,,190.68574217916122,,
1926-12-01,-0.5960389110352551,,,,190.28535167336418,,
1927-01-01,-0.6487170697543467,,,,189.88185415214627,,
1927-02-01,-0.814807951197386,,,,190.68574217916122,,
1927-03-01,-0.9413598733702392,,,,191.8788517356596,,
1927-04-01,-0.7842887666674077,,,,189.4782254522287,,
1927-05-01,-0.7667636586236461,,,,190.28535167336418,,
1927-06-01,-0.674190378543699,,,,189.88185415214627,,
1927-07-01,-0.5309597870687608,,,,188.66453165918603,,
1927-08-01,-0.733220251169997,,,,188.66453165918603,,
1927-09-01,-0.7553590880377383,,,,187.01854861456766,,
1927-10-01,-0.798969947938184,,,,184.92261688763833,,
1927-11-01,-0.8319700504612123,,,,184.92261688763833,,
1927-12-01,-0.5520089263526501,,,,185.34501892264873,,
1928-01-01,-0.6120409663392357,,,,187.43374219886374,,
1928-02-01,-0.8171826783824001,,,,188.2559493554494,,
1928-03-01,-0.9072193272135008,,,,189.0729609863867,,
1928-04-01,-0.7826234101899302,,,,188.66453165918603,,
1928-05-01,-0.9631544962913257,,,,189.88185415214627,,
1928-06-01,-0.854403831962651,,,,190.68574217916122,,
1928-07-01,-0.5812488539802598,,,,191.8788517356596,,
1928-08-01,-0.3618516636401264,,,,193.83530948865854,,
1928-09-01,-0.7315464370175433,,,,194.60815629345433,,
1928-10-01,-0.7412814894128901,,,,196.51243679791176,,
1928-11-01,-0.6156587032481484,,,,198.38113106645858,,
1928-12-01,-0.9052069375643768,,,,200.2168952017505,,
1929-01-01,-0.5353571068123946,,,,201.6608232508267,,
1929-02-01,-0.07418465788648543,,,,201.30078925878075,,
1929-03-01,-0.3635015815045519,,,,201.6608232508267,,
1929-04-01,-0.23751444407178346,,,,203.4365720788745,,
1929-05-01,-0.48787612224183835,,,,205.18262246468515,,
1929-06-01,-0.2826703735167102,,,,205.8715738387796,,
1929-07-01,-0.42684903008184966,,,,207.23665730078724,,
1929-08-01,-0.5330231912653614,,,,206.21427771015064,,
1929-09-01,-0.534131817931303,,,,205.5276914680538,,
1929-10-01,-0.7226523191626977,,,,203.7877084102086,,
1929-11-01,-0.634354326658869,,,,198.75181203291854,,
1929-12-01,-0.3474521363709422,,,,194.2217625788914,,
1930-01-01,-0.5665369297321888,,,,194.2217625788914,,
1930-02-01,-0.3000998964083585,,,,193.83530948865854,,
1930-03-01,-0.5401348876811526,,,,192.27292503923007,,
1930-04-01,-0.696338881325699,,,,191.48174567199084,,
1930-05-01,-0.7723006165081348,,,,189.88185415214627,,
1930-06-01,-0.12750157243950178,,,,187.01854861456766,,
1930-07-01,-0.7637582305332561,,,,182.3468062571775,,
1930-08-01,-0.6500984900004768,,,,180.149525561606,,
1930-09-01,-0.6145473916060237,,,,178.3559272662715,,
1930-10-01,-0.6809247015569762,,,,175.6028659272256,,
1930-11-01,-0.30981816770256215,,,,173.25047420107404,,
1930-12-01,-0.5682982741082069,,,,170.83959760669413,,
1931-01-01,-0.4425064686927481,,,,170.35109636739898,,
1931-02-01,-0.4169585175655099,,,,170.83959760669413,,
1931-03-01,-0.3227503554877618,,,,172.7736370792934,,
1931-04-01,-0.656685676318928,,,,173.25047420107404,,
1931-05-01,-0.45780519448560403,,,,171.81129290597565,,
1931-06-01,-0.39940199530040776,,,,169.3668760667361,,
1931-07-01,-0.7596284686662539,,,,167.87027469357582,,
1931-08-01,-0.4015776315014556,,,,164.28920306930445,,
1931-09-01,-0.5584054793621113,,,,159.4872347754785,,
1931-10-01,-0.35085131621856247,,,,155.58683450913426,,
1931-11-01,-0.6207484783493659,,,,154.4451290914547,,
1931-12-01,0.10505226969472622,,,,153.86935079083426,,
1932-01-01,0.41425144194757013,,,,150.93523486117437,,
1932-02-01,0.09387337135699583,,,,148.5256953645938,,
1932-03-01,0.24140610016988176,,,,147.29994412054126,,
1932-04-01,0.3585287887346263,,,,140.26843090994922,,
1932-05-01,1.7269081055440478,,,,136.89955965415612,,
1932-06-01,1.2793386857026496,,,,133.4158606699362,,
1932-07-01,0.3348352164081453,,,,130.5382525864374,,
1932-08-01,-0.3673169326605303,,,,133.4158606699362,,
1932-09-01,-0.545480138266178,,,,139.60218948784015,,
1932-10-01,0.38314733535613493,,,,142.88268918385933,,
1932-11-01,1.440081497335671,,,,142.88268918385933,,
1932-12-01,0.835031511923541,,,,140.9278197510266,,
1933-01-01,0.6676232469163352,,,,138.93397193058507,,
1933-02-01,0.44305452395021333,,,,139.60218948784015,,
1933-03-01,0.08080693476264829,,,,133.4158606699362,,
1933-04-01,0.6851561413910275,,,,140.26843090994922,,
1933-05-01,0.31922879234472296,,,,155.58683450913426,,
1933-06-01,0.47441638825521193,,,,169.86019707418058,,
1933-07-01,-0.5140134256412351,,,,178.8069335719155,,
1933-08-01,-0.2620014268603275,,,,174.6692365858747,,
1933-09-01,-0.00900014860481015,,,,168.8692617407352,,
1933-10-01,0.19491842253820957,,,,163.767545384534,,
1933-11-01,0.631961393254335,,,,157.83599568632388,,
1933-12-01,0.7520657478702505,,,,158.38944379634032,,
1934-01-01,0.7226652586669,,,,161.64929669077773,,
1934-02-01,0.12131248545869776,,,,166.35093442218277,,
1934-03-01,0.8848579574387171,,,,170.83959760669413,,
1934-04-01,0.6213718471887631,,,,170.83959760669413,,
1934-05-01,1.0867090969208615,,,,172.77186020180017,,
1934-06-01,1.1933482959792607,,,,170.83959760669413,,
1934-07-01,0.6375179514649592,,,,163.767545384534,,
1934-08-01,0.5759447351493576,,,,162.71402965471054,,
1934-09-01,1.3515162154528293,,,,156.71773837194985,,
1934-10-01,1.3495333605417175,,,,161.1136469069682,,
1934-11-01,0.5530808204634096,,,,162.1840679151143,,
1934-12-01,0.637768996738065,,,,168.3710156808688,,
1935-01-01,1.5505226226691335,,,,176.06643207441118,,
1935-02-01,1.5790760018867622,,,,177.90287767492364,,
1935-03-01,2.539700068183725,,,,177.44607046497256,,
1935-04-01,1.0021833617052744,,,,175.6028659272256,,
1935-05-01,2.1073155311450247,,,,175.6028659272256,,
1935-06-01,1.4293926071513299,,,,176.98887048098385,,
1935-07-01,0.7855057837408557,,,,176.98887048098385,,
1935-08-01,0.5801682026851451,,,,180.59253247009542,,
1935-09-01,1.1296083038840157,,,,183.21333633663284,,
1935-10-01,0.7997227326295995,,,,186.18606152407432,,
1935-11-01,0.2618105766722435,,,,188.2559493554494,,
1935-12-01,0.7986648520135152,,,,189.4782254522287,,
1936-01-01,1.7972289742637144,,,,187.84569080553675,,
1936-02-01,0.5883332152575089,,,,185.34501892264873,,
1936-03-01,0.48492404254720384,,,,186.60317136026424,,
1936-04-01,0.47242413592746,,,,192.66545149881995,,
1936-05-01,1.0331505345113792,,,,194.60815629345433,,
1936-06-01,1.0427144196750624,,,,196.51243679791176,,
1936-07-01,-0.007659003001424432,,,,198.38113106645858,,
1936-08-01,0.14700636504147993,,,,199.85161528912522,,
1936-09-01,-0.08063799814221612,,,,201.6608232508267,,
1936-10-01,0.002692922671956337,,,,203.0841984343767,,
1936-11-01,-0.048420968922946575,,,,205.8715738387796,,
1936-12-01,-0.3985288410457107,,,,208.91814543570484,,
1937-01-01,0.6584325734420824,,,,208.5833569075485,,
1937-02-01,-0.005190167401197796,,,,209.91216124466635,,
1937-03-01,-0.13929801529931202,,,,212.19620928356724,,
1937-04-01,0.2947364396038131,,,,212.19620928356724,,
1937-05-01,0.0855673975350261,,,,212.51913744363878,,
1937-06-01,0.7387925681098154,,,,211.2235396752762,,
1937-07-01,0.37202482151824673,,,,211.87343676175433,,
1937-08-01,0.48499116695177774,,,,211.2235396752762,,
1937-09-01,0.5919498781759488,,,,207.91289928415358,,
1937-10-01,0.0037857079784186583,,,,200.2168952017505,,
1937-11-01,1.4859811651832768,,,,189.88185415214627,,
1937-12-01,1.2489219330140509,,,,180.59253247009542,,
1938-01-01,1.9356690312330258,,,,178.3559272662715,,
1938-02-01,0.807008415502046,,,,177.44607046497256,,
1938-03-01,0.5643147608128906,,,,177.44607046497256,,
1938-04-01,0.7670492574592275,,,,175.6028659272256,,
1938-05-01,0.8297515062597611,,,,173.25047420107404,,
1938-06-01,0.6596757174147901,,,,174.19738097175195,,
1938-07-01,-0.019412486242307323,,,,179.70454736572924,,
1938-08-01,0.22383830100481109,,,,184.92261688763833,,
1938-09-01,1.4492788832503816,,,,187.84569080553675,,
1938-10-01,0.65691287692253,,,,190.28535167336418,,
1938-11-01,0.23618919144640127,,,,194.2217625788914,,
1938-12-01,0.05887873427645959,,,,195.3736585304777,,
1939-01-01,0.40396529819067206,,,,195.3736585304777,1030.6382694441656,
1939-02-01,0.31637063519796804,,,,196.13475201723648,1031.2280450736966,
1939-03-01,0.06308072200278346,,,,196.51243679791176,1031.8242707551385,
1939-04-01,0.7297804455517289,,,,196.13475201723648,1031.2081095318824,
1939-05-01,0.5791532816879882,,,,195.7542233285021,1031.886998765251,
1939-06-01,0.03674244813609211,,,,198.01045149995693,1032.554753421613,
1939-07-01,0.29638501498014713,,,,200.9407950260285,1032.2822692163156,
1939-08-01,0.3635147895063727,,,,202.37438252077467,1033.0811994997187,
1939-09-01,1.4729080161484713,,,,208.2486899865796,1034.2741983800368,
1939-10-01,1.4923767784510737,,,,213.15950909420351,1035.4913429020494,
1939-11-01,0.48232230062592135,,,,215.6830731887809,1035.6789990058453,
1939-12-01,0.2399911177214646,,,,215.6830731887809,1035.9075270047504,
1940-01-01,1.0804181977241998,,,,214.4292513999452,1036.100733177766,
1940-02-01,0.3371187886517482,,,,211.2235396752762,1036.4545034067999,
1940-03-01,0.6592582036183409,,,,208.91814543570484,1036.8007423425609,
1940-04-01,0.7271974984637273,,,,210.89760717821542,1036.410350510914,
1940-05-01,0.8428219703183829,,,,213.7969850118905,1036.970276478357,
1940-06-01,1.453044562346975,,,,216.92136875708883,1037.2772173357246,
1940-07-01,0.5189212109757723,,,,218.14564670865656,1037.1677037216255,
1940-08-01,1.2573688680856256,,,,218.75108851485803,1038.4431121820198,
1940-09-01,0.9951138194155557,,,,220.84392351038161,1039.8488625955147,
1940-10-01,0.8598823089848755,,,,222.31197186315566,1041.2321193621326,
1940-11-01,0.27932870377792957,,,,224.61840393432757,1042.4332811684367,
1940-12-01,0.5095170818949749,,,,227.97974148633807,1043.9220400008219,
1941-01-01,0.7631466445773032,,,,230.42836496296272,1044.8163726677255,
1941-02-01,0.6265659336146883,,,,233.34246281450172,1045.8607535181293,
1941-03-01,0.42751656677945643,,,,236.42820807969605,1046.5728463248274,
1941-04-01,0.0007315475703080109,,,,236.68079393115633,1047.6386160499897,
1941-05-01,0.038519902369208214,,,,241.12601096197017,1049.6317036581206,
1941-06-01,0.44050245408831523,,,,241.84819064067588,1050.9168707314798,
1941-07-01,0.2628832246573335,,,,243.03976642876077,1052.236905619992,
1941-08-01,0.18015910846050942,,,,244.21818043280035,1053.3268857474252,
1941-09-01,-0.22201944651995364,,,,244.21818043280035,1054.0989879128622,
1941-10-01,-0.1241104475204305,,,,245.15049731539702,1054.3998432015464,
1941-11-01,0.09221539856402128,,,,245.61298750165813,1054.5972818293847,
1941-12-01,1.063010154642015,,,,247.2167517172958,1054.8074542480697,
1942-01-01,1.1702695831986762,,,,249.24200202645147,1055.4431576877635,
1942-02-01,0.4796641742047965,,,,251.00788221679403,1055.8725160022852,
1942-03-01,0.3533440997253414,,,,252.09572794293643,1056.9648868011086,
1942-04-01,1.1699916881637407,,,,249.24200202645147,1058.0302078475177,
1942-05-01,1.2646183037796024,,,,249.46424361760054,1059.089328246696,
1942-06-01,0.40577899960225744,,,,249.68599239054586,1059.7359470410531,
1942-07-01,0.806637888788798,,,,252.09572794293643,1060.8365655971772,
1942-08-01,0.6955147795048653,,,,255.08114246757185,1062.1034619919608,
1942-09-01,1.1350588055354127,,,,257.36574852643724,1062.7624549782818,
1942-10-01,0.5378086759347651,,,,260.5980560865318,1063.3810086696133,
1942-11-01,0.09014259695078042,,,,262.9562395053457,1063.7632712130146,
1942-12-01,0.9857566774179599,,,,265.2593867313583,1064.3399037071958,
1943-01-01,0.25064107575115313,,,,266.2041166005634,1064.951177269684,
1943-02-01,-0.07274014070005569,,,,268.80107457644834,1065.4738533250854,
1943-03-01,0.9644299115967533,,,,269.53161325774505,1065.8482136422153,
1943-04-01,0.13617382863135016,,,,270.79568634130504,1066.0712210469298,
1943-05-01,0.686599316089365,,,,271.51118753524696,1065.9515631135275,
1943-06-01,0.3639497556480111,,,,270.9755413068212,1066.3849357772267,
1943-07-01,0.3508819765655723,,,,273.9762023736891,1066.1954199216716,
1943-08-01,-0.010895741789975795,,,,276.0414921308072,1065.8341122532051,
1943-09-01,0.40788939088205967,,,,278.5653011568983,1065.7071101899903,
1943-10-01,-0.11612130088804959,,,,280.04895974815145,1066.1368547662642,
1943-11-01,0.08461557347816888,,,,281.3496713062248,1066.478391544408,
1943-12-01,-0.061737108302308746,,,,280.04895974815145,1066.3030902735754,
1944-01-01,-0.20607740043366218,,,,281.1881548177489,1066.0876335157536,
1944-02-01,0.052210595926092354,,,,281.9937371735516,1065.815307307449,
1944-03-01,-0.3658240859028077,,,,281.8332584472808,1065.240051100193,
1944-04-01,0.9157768006735283,,,,281.8332584472808,1064.6923773389242,
1944-05-01,-0.08349481280087975,,,,281.1881548177489,1064.5067690617664,
1944-06-01,-0.4500938086393498,,,,280.86433710041325,1064.4162195631332,
1944-07-01,-0.1864341146791679,,,,280.7014303254768,1064.3136566747494,
1944-08-01,-0.32190861545440563,,,,281.9937371735516,1064.1847075917622,
1944-09-01,0.323203899583587,,,,281.3496713062248,1063.7752683816973,
1944-10-01,0.24054690779133628,,,,281.67252177278664,1063.8448235909484,
1944-11-01,-0.11786787789506162,,,,280.8637342313594,1063.8520161969525,
1944-12-01,0.32237021447877984,,,,280.5388625657124,1064.2085995999992,
1945-01-01,-0.42924872754536497,,,,279.5566450622253,1064.2921767047387,
1945-02-01,-0.37244389468188155,,,,279.2274921189817,1064.296950430155,
1945-03-01,0.09563740070919663,,,,278.5653011568983,1064.0603770478197,
1945-04-01,-0.051983932317727036,,,,276.72117924269565,1063.2146654097432,
1945-05-01,-0.17211647918356338,,,,273.9762023736891,1062.8714626559486,
1945-06-01,0.033909798263075545,,,,271.6897613733595,1062.4954904473361,
1945-07-01,0.27921861975442824,,,,269.3491400881079,1061.8249443068482,
1945-08-01,1.0672604719396315,,,,258.38692423140475,1060.821739433914,
1945-09-01,0.6385986543785982,,,,249.01843647833647,1055.8595321930773,
1945-10-01,0.7035777629822771,,,,244.91758398322014,1056.1007555452923,
1945-11-01,0.052683151734292326,,,,248.5714656595894,1057.1214355749162,
1945-12-01,0.1431628216355805,,,,249.01843647833647,1057.413346774956,
1946-01-01,0.02187305003489092,,,,243.27621160059945,1059.2350569157022,
1946-02-01,-0.2517246805200694,,,,238.18490359705953,1057.7553845283282,
1946-03-01,0.3059676949771114,,,,248.12165162791,1060.1497888762062,
1946-04-01,0.051692395522782264,,,,246.30358853697837,1061.9203139938547,
1946-05-01,-0.22449230958445454,,,,242.5651922570686,1062.980351636255,
1946-06-01,-0.14884310562971495,,,,248.5714656595894,1063.9095384284838,
1946-07-01,0.5682536208732848,,,,251.87926457871376,1064.9061135274449,
1946-08-01,-0.16870253196693705,,,,255.50077958006884,1066.0594962054952,
1946-09-01,-0.10792004113721539,,,,257.36574852643724,1066.697669415232,
1946-10-01,-0.15859225415002215,,,,259.1965722081408,1067.111584990838,
1946-11-01,-0.18969501825336582,,,,259.7997211507737,1067.8099506078345,
1946-12-01,-0.11682744962416693,,,,260.3992540064303,1067.7730732017421,
1947-01-01,-0.18718859298657783,,,,261.5876430952246,1068.1320491262716,
1947-02-01,0.32210037437239264,,,,262.17658325051974,1068.1825704151797,
1947-03-01,0.03136981079400073,,,,262.761352694518,1068.2972966908994,
1947-04-01,0.3458825509129111,,,,261.9801695548145,1068.0493228306789,
1947-05-01,0.46850809816462063,,,,262.3718865953642,1068.3683609382597,
1947-06-01,0.1692956948242758,,,,262.3718865953642,1068.7617380807944,
1947-07-01,-0.21188097645311793,,,,261.78409892117276,1068.6086878984395,
1947-08-01,-0.2177087172582205,,,,262.3718865953642,1069.1035408517557,
1947-09-01,-0.1946152371086298,,,,263.150027544653,1069.654793906567,
1947-10-01,-0.5702009824802574,,,,264.1140871818636,1070.124246548366,
1947-11-01,0.12106546764986612,,,,265.44876672706164,1070.2884852938732,
1947-12-01,-0.1296347860168593,,,,265.8271548539063,1070.5063038271944,
1948-01-01,-0.11739934955113616,,,,266.39171756081043,1070.7258871553977,
1948-02-01,-0.5775382168954168,,,,266.57896723876087,1070.3985766358621,
1948-03-01,-0.7628187573668402,,,,265.44876672706164,1070.734839506515,
1948-04-01,-0.555935704020221,,,,265.6384907707046,1070.0521663560344,
1948-05-01,-0.7920272707731096,,,,267.32516955595145,1070.9874128702584,
1948-06-01,-0.7297496509559102,,,,268.61794366839933,1071.5173039019605,
1948-07-01,-0.5391606440731678,,,,268.61794366839933,1071.7967018263598,
1948-08-01,-0.7897066458581822,,,,268.24998874580956,1071.836552166722,
1948-09-01,-0.3400684518678176,,,,267.5106810932802,1072.092985236768,
1948-10-01,-0.47092425661313736,,,,268.2506726631513,1071.9847445785235,
1948-11-01,-0.485324992121604,,,,266.95311084223766,1071.86753590051,
1948-12-01,-0.6624442789873194,,,,266.015463665909,1071.5128627143863,
1949-01-01,0.1372988336520086,,,,265.0696474072235,1070.7012640565683,
1949-02-01,-0.40739060493755164,,,,264.1140871818636,1070.317705015145,
1949-03-01,-0.6616574467169045,,,,262.17658325051974,1069.7384636196216,
1949-04-01,-0.7398955047072491,,,,261.5876430952246,1069.729421619525,
1949-05-01,-0.9181636928816505,,,,260.2000559162513,1069.1581210405027,
1949-06-01,-0.7031266353650168,,,,260.0004602351558,1068.5995431600868,
1949-07-01,-0.5205764471740396,,,,259.7997211507737,1068.1228606945008,
1949-08-01,-0.7632372109049538,,,,260.79720056892717,1068.3362736605898,
1949-09-01,-0.7462739341274753,,,,261.78409892117276,1068.6932371076853,
1949-10-01,-0.8388661432895124,,,,257.9800076095983,1066.7605646966654,
1949-11-01,-1.0407013071633684,,,,260.5987943908682,1067.4567524152496,
1949-12-01,-0.8381991952056664,,,,262.3718865953642,1068.102183635624,
1950-01-01,-0.37477579649677734,,,,264.1140871818636,1068.1113739674013,
1950-02-01,-0.822517323311503,,,,264.49754969504846,1067.5838627525663,
1950-03-01,-1.00153757331475,,,,267.6965368401587,1069.0898911486156,
1950-04-01,-0.9557717515298652,,,,270.97487577377916,1070.0589260815923,
1950-05-01,-0.9675851097396277,,,,273.2781837321394,1070.8131384109747,
1950-06-01,-0.6175439592750097,,,,276.21216328899374,1071.6260514297942,
1950-07-01,-0.3041045383852351,,,,279.39220401761736,1072.4456104533958,
1950-08-01,-0.5189882837618223,,,,282.47422715019803,1074.0561901902715,
1950-09-01,-0.6805591420496668,,,,281.8332584472808,1074.587336856231,
1950-10-01,-0.7130187588670666,,,,282.47422715019803,1075.1627915061572,
1950-11-01,-0.41164870866609926,,,,282.3145182731899,1075.3125529855506,
1950-12-01,-0.5000707470695803,,,,284.0591937511862,1075.4941051996275,
1951-01-01,0.0417875183838634,,,,284.37284542383355,1076.4011842504206,
1951-02-01,-0.7853804779833969,,,,284.9983696990877,1077.010473016671,
1951-03-01,-0.7256005572603907,,,,285.4640947940366,1077.630695015341,
1951-04-01,-0.6200283677370976,,,,285.6194306094578,1077.605625551905,
1951-05-01,-0.5322364932437555,,,,285.3090939707135,1077.7955789556445,
1951-06-01,-0.6253444863305381,,,,284.84206539494863,1078.0288735123806,
1951-07-01,-0.11715501671848727,,,,283.2701448354082,1078.0226316398168,
1951-08-01,-0.7149416045604893,,,,282.3145182731899,1077.9206258645236,
1951-09-01,-0.7875868571617397,,,,282.952419456345,1077.7997497061715,
1951-10-01,-0.8994022875544476,,,,282.79347307761344,1077.908128207818,
1951-11-01,-0.9733309587711502,,,,283.5862772395772,1078.2014109989266,
1951-12-01,-1.0692051485704215,,,,284.21614255917416,1078.5476652713262,
1952-01-01,-0.436075547988145,-0.9820414988505024,,,285.3090939707135,1078.5104020476263,
1952-02-01,-0.9566253054584263,-0.9820414988505024,,,285.9282340416093,1078.9772582323876,
1952-03-01,-0.9407729375766454,-0.9820414988505024,,,286.2366581486087,1078.9401547751568,
1952-04-01,-0.9538074229544157,-0.11091494633499692,,,285.3090939707135,1079.1790247870115,
1952-05-01,-0.5821226794790023,-0.11091494633499692,,,284.37342750448084,1079.2242634215763,
1952-06-01,-0.5426964892085002,-0.11091494633499692,,,283.42833596206185,1078.481409937419,
1952-07-01,-0.6634585287404305,-0.9820414988505024,,,281.8332584472808,1078.1931027633834,
1952-08-01,-0.9681458670154379,-0.9820414988505024,,,288.06580657085254,1079.8023352607254,
1952-09-01,-0.9850198683348329,-0.9820414988505024,,,291.6272312717196,1080.608495727828,
1952-10-01,-0.5627975634021882,-0.33502146273418176,,,292.6425066954648,1081.1685627012828,
1952-11-01,-0.8099058559313571,-0.33502146273418176,,,294.64264764687533,1081.6091496552287,
1952-12-01,-0.8494926077776,-0.33502146273418176,,,295.2067701067727,1082.3092785378115,
1953-01-01,-0.9507417171487184,0.13292013252867282,,,295.48738200357815,1082.2654145155748,
1953-02-01,-0.9492175904184643,0.13292013252867282,,,296.046772445368,1082.6535403573444,
1953-03-01,-0.40270102553640386,0.13292013252867282,,,296.880291130315,1082.9193818819977,
1953-04-01,-0.6655141465061003,-0.9820414988505024,,,297.2944595423326,1082.8440657488934,
1953-05-01,-0.9189752269329485,-0.9820414988505024,,,297.84385962089954,1082.9530575852962,
1953-06-01,-0.37211230012328667,-0.9820414988505024,,,297.4319650910563,1083.0104782127587,
1953-07-01,-0.7451577895282213,-0.13108707520372834,,,298.6625936437888,1083.0441232578537,
1953-08-01,-0.908048179361179,-0.13108707520372834,,,298.11717822226035,1082.9510769754663,
1953-09-01,-1.111132796901773,-0.13108707520372834,,,296.046772445368,1082.7111331777076,
1953-10-01,-0.8522637716960273,-0.9820414988505024,,,295.2067701067727,1082.456680114208,
1953-11-01,-0.70247244091804,-0.9820414988505024,,,292.7865553434773,1081.7936589530912,
1953-12-01,-0.7611633353012399,-0.9820414988505024,,,290.30631032120044,1081.3820572436036,
1954-01-01,-0.45173043587166956,1.006493738118825,,,289.56522360437884,1080.9101489746167,
1954-02-01,-0.5177201695106128,1.006493738118825,,,289.8626482604448,1080.7341264306601,
1954-03-01,-0.7324797347387382,1.006493738118825,,,289.2669116944848,1080.2774536594097,
1954-04-01,-1.1115273541518582,-0.07625658782513968,,,288.6681624387265,1080.3221982094567,
1954-05-01,-1.0579526818852778,-0.07625658782513968,,,289.2669116944848,1079.8861036154894,
1954-06-01,-0.6773752972919196,-0.07625658782513968,,,289.56522360437884,1079.7430420746375,
1954-07-01,-1.0758790596195817,-0.046556571452996104,,,289.7137706048427,1079.6202547881578,0.8
1954-08-01,-1.0631009894672836,-0.046556571452996104,,,289.56522360437884,1079.6018236845944,1.22
1954-09-01,-0.9182579355456721,-0.046556571452996104,,,289.7137706048427,1079.7246335903196,1.07
1954-10-01,-0.9342519359211041,0.41716843829631967,,,290.8959050021757,1079.8391202528637,0.85
1954-11-01,-0.9450208383956975,0.41716843829631967,,,292.4977135902049,1080.3242315770185,0.83
1954-12-01,-1.124948744597592,0.41716843829631967,,,293.79018692731506,1080.6307965662293,1.28
1955-01-01,-0.7156544657370636,-0.9820414988505024,,,296.046772445368,1080.9647137210825,1.39
1955-02-01,-0.7473457766197108,-0.9820414988505024,,,297.2944595423326,1081.263281624941,1.29
1955-03-01,-0.9497540486598186,-0.9820414988505024,,,299.60872105564,1081.9017995463873,1.35
1955-04-01,-0.9885346364071294,0.5790072921944952,,,300.8130101889687,1082.4726024134216,1.43
1955-05-01,-1.0809564838303578,0.5790072921944952,,,302.39600933438584,1082.9966210797772,1.43
1955-06-01,-1.293134712956191,0.5790072921944952,,,302.52716581312853,1083.545476379529,1.64
1955-07-01,-1.2372281388747146,-0.9820414988505024,,,303.3081043406476,1083.9325977252652,1.68
1955-08-01,-1.1267792271103214,-0.9820414988505024,,,303.1784510846488,1084.1755017213652,1.96
1955-09-01,-1.1722114406044741,-0.9820414988505024,,,303.8255220633882,1084.4783043399848,2.18
1955-10-01,-1.1643858090216355,0.2673457712424517,,,305.4892293953423,1084.795749467559,2.24
1955-11-01,-1.051156738668602,0.2673457712424517,,,305.7424560507227,1085.1121900690214,2.35
1955-12-01,-1.2132139803919888,0.2673457712424517,,,306.1215660665083,1085.5241948685853,2.48
1956-01-01,-0.7791870434221759,0.42620272294134753,,,306.75039472580437,1085.8518112726215,2.45
1956-02-01,-0.7972596181096421,0.42620272294134753,,,305.869298810915,1086.2205390050178,2.5
1956-03-01,-0.892921829039269,0.42620272294134753,,,305.869298810915,1086.463692071851,2.5
1956-04-01,-1.0289052670499859,-0.3761013915811269,,,306.6246653626153,1086.618465722444,2.62
1956-05-01,-1.1734121619534914,-0.3761013915811269,,,305.74292613569054,1086.8682727763887,2.75
1956-06-01,-1.181625772594767,-0.3761013915811269,,,304.85286876908214,1087.0205203603205,2.71
1956-07-01,-0.9802730989409879,-0.9820414988505024,,,301.73959131900176,1085.8133238286748,2.75
1956-08-01,-1.1988329794584671,-0.9820414988505024,,,305.7424560507227,1087.1060578737333,2.73
1956-09-01,-1.3235307913281809,-0.9820414988505024,,,307.9953929554688,1087.0547441461856,2.95
1956-10-01,-1.1104473224822649,1.779707740074995,,,308.8580333919203,1087.3830768729865,2.96
1956-11-01,-0.8429761705815696,1.779707740074995,,,307.9953929554688,1087.4664117894554,2.88
1956-12-01,-0.984968048294502,1.779707740074995,,,309.46993949527337,1087.6706671796176,2.94
1957-01-01,-0.6971620950233927,-0.9820414988505024,,,309.1033362407902,1087.5912840953854,2.84
1957-02-01,-0.9369809457134588,-0.9820414988505024,,,310.07767392732967,1087.9875708458862,3.0
1957-03-01,-1.1735199637472369,-0.9820414988505024,,,309.9565122923649,1088.0986265451397,2.96
1957-04-01,-1.1650166441758205,-0.9820414988505024,,,308.6125841149916,1088.2527706063393,3.0
1957-05-01,-1.1327684692328286,-0.9820414988505024,,,308.2428184122655,1088.0873383770095,3.0
1957-06-01,-0.9879048752434175,-0.9820414988505024,,,308.48963318616967,1087.9310545111616,3.0
1957-07-01,-0.9704181623590721,0.7073237503253962,,,309.1033362407902,1088.0365258459226,2.99
1957-08-01,-1.043455555731843,0.7073237503253962,,,309.1033362407902,1088.045937522055,3.24
1957-09-01,-1.256267304988044,0.7073237503253962,,,308.2428184122655,1087.6801133506192,3.47
1957-10-01,-1.2926700778277307,0.9418973519955214,,,306.75039472580437,1087.356546647324,3.5
1957-11-01,-1.0216109922537537,0.9418973519955214,,,304.34027635030805,1086.9672600684125,3.28
1957-12-01,-0.9159190527927006,0.9418973519955214,,,302.39600933438584,1086.6356480170862,2.98
1958-01-01,-0.8180496571918762,-0.9820414988505024,,,300.5464758898371,1086.0459469017287,2.72
1958-02-01,-0.9704890457303021,-0.9820414988505024,,,298.3902577800412,1085.0811726990455,1.67
1958-03-01,-1.0006858988695169,-0.9820414988505024,,,297.1567646554693,1084.542653779148,1.2
1958-04-01,-1.002490739859699,-0.9820414988505024,,,295.48738200357815,1084.01101833822,1.26
1958-05-01,-0.747261468367566,-0.9820414988505024,,,296.4644002270752,1083.7893213835453,0.63
1958-06-01,-0.9599742762514254,-0.9820414988505024,,,299.0689580522135,1083.7893213835453,0.93
1958-07-01,-0.9119599211621253,-0.9820414988505024,,,300.5464758898371,1084.0345325350247,0.68
1958-08-01,-1.1706474419779032,-0.9820414988505024,,,302.5266803656309,1084.413913465654,1.53
1958-09-01,-1.2942425341292778,-0.9820414988505024,,,303.4380707602203,1084.9453584720034,1.76
1958-10-01,-1.1759179159762339,-0.9820414988505024,,,304.5969009980702,1084.904578209085,1.8
1958-11-01,-1.0963203202956502,-0.9820414988505024,,,307.49915975395595,1085.7921494188324,2.27
1958-12-01,-1.056716921597073,-0.9820414988505024,,,307.6237950963575,1086.063227841855,2.42
1959-01-01,-1.1329619217668105,-0.19277052829426666,,,309.1033362407902,1086.8149313135677,2.48
1959-02-01,-1.078182769184557,-0.19277052829426666,,,311.0426098062887,1087.2143004616146,2.43
1959-03-01,-1.132591663551181,-0.19277052829426666,,,312.473216441554,1087.8311308595937,2.8
1959-04-01,-1.1706175044934635,-0.9820414988505024,,,314.5806082797825,1088.408552880545,2.96
1959-05-01,-1.2404934726596148,-0.9820414988505024,,,316.07593051325244,1088.8371075875896,2.9
1959-06-01,-1.231517463031189,-0.9820414988505024,,,316.19032761072094,1089.081440038412,3.39
1959-07-01,-1.1484765196447757,0.7667447442869574,,,313.76657694426575,1089.3103092828471,3.47
1959-08-01,-1.1749091704242975,0.7667447442869574,,,310.3200067340835,1088.4366804297895,3.5
1959-09-01,-1.1067918616579815,0.7667447442869574,,,310.19868893851043,1088.6090232096994,3.76
1959-10-01,-1.2426629334154418,-0.31203714990925907,,,309.46993949527337,1088.4779198627696,3.98
1959-11-01,-1.2261275075927174,-0.31203714990925907,,,310.07767392732967,1088.993847431591,4.0
1959-12-01,-1.1118712996008946,-0.31203714990925907,,,316.07593051325244,1089.9956367535533,3.99
1960-01-01,-0.8906143605076379,1.0673671415869743,,,318.6674895280213,1090.1800569887673,3.99
1960-02-01,-0.9348623652562986,1.0673671415869743,,,317.77371135318026,1090.6194484317166,3.97
1960-03-01,-1.2484679861717982,1.0673671415869743,,,316.87187268702655,1090.5111587554557,3.84
1960-04-01,-1.1036617164238933,-0.9820414988505024,,,316.07593051325244,1091.1682671079775,3.92
1960-05-01,-1.0912555154729342,-0.9820414988505024,,,315.961826819226,1090.5497159812821,3.85
1960-06-01,-1.1142920741274462,-0.9820414988505024,,,314.69672783574924,1090.3163093344212,3.32
1960-07-01,-1.0213336342140544,2.344330583424422,-0.41232930808922946,,314.3488265160632,1090.2389997055225,3.23
1960-08-01,-1.0482056813459169,2.344330583424422,-0.345587746110349,,314.23273386196007,1090.1763719151575,2.98
1960-09-01,-1.1209602124778133,2.344330583424422,-0.2808041487666681,,313.1804809736616,1090.0934218371287,2.6
1960-10-01,-1.1349152419399098,-0.9820414988505024,-0.17016633912386211,,313.06302320019495,1089.9365503749373,2.47
1960-11-01,-0.8279455396605819,-0.9820414988505024,0.10599131642218805,,311.6413328116358,1089.6016842396082,2.44
1960-12-01,-1.1116378409217866,-0.9820414988505024,0.2618462787472296,,309.71329594241286,1089.195009770325,1.98
1961-01-01,-0.8879519381246204,-0.14239396150222086,0.16609760565272827,,309.8347524418331,1089.0851656820173,1.45
1961-02-01,-1.1637227541532547,-0.14239396150222086,0.12040288346738737,,309.71329594241286,1088.8501786287165,2.54
1961-03-01,-1.187385449253632,-0.14239396150222086,0.12085315862979056,,310.3200067340835,1089.040448795058,2.02
1961-04-01,-1.3143070926468776,0.5808113092166443,0.15051813027239835,,312.3544844847553,1088.9807951572134,1.49
1961-05-01,-1.0871009175762398,0.5808113092166443,-0.005386913370454649,,313.88321171941647,1089.2768489237658,1.98
1961-06-01,-0.95966953145466,0.5808113092166443,-0.1272955533176185,,315.2736022363656,1089.6313308888275,1.73
1961-07-01,-1.1029622801282335,-0.2516012273306643,-0.2505543538432078,,316.4178849789059,1089.9014513120912,1.17
1961-08-01,-1.0045863637704948,-0.2516012273306643,-0.29373844327423054,,317.3238086578829,1090.2242672831173,2.0
1961-09-01,-1.103113578536143,-0.2516012273306643,-0.28763359738019634,,317.21112078922675,1090.3898820275576,1.88
1961-10-01,-1.1814591698226147,0.5594342484388163,-0.30557820303188876,,319.1118119677147,1090.6359568923403,2.26
1961-11-01,-1.0351911990407094,0.5594342484388163,-0.4001479234022868,,320.6503603604641,1091.0386518280905,2.61
1961-12-01,-1.101302025105504,0.5594342484388163,-0.4929198020228858,,321.5189037010206,1091.2758479179156,2.33
1962-01-01,-0.9302395075132971,-0.9820414988505024,-0.4428345120806653,,320.64995538001455,1091.3104679632677,2.15
1962-02-01,-1.2045546637043425,-0.9820414988505024,-0.46086491677361346,,322.2724409556383,1091.8500817327924,2.37
1962-03-01,-1.1476816324458121,-0.9820414988505024,-0.5817792285367771,,322.80773605927726,1092.0076005725648,2.85
1962-04-01,-1.0857444676086112,2.0739484609675745,-0.5790286118633226,,323.02113345319464,1092.5974450814745,2.78
1962-05-01,-1.1793285069726314,2.0739484609675745,-0.603211834790387,,322.9142937223978,1092.64419505985,2.36
1962-06-01,-0.7476447487176828,2.0739484609675745,-0.6534387768725849,,322.70106472966984,1092.6729534179462,2.68
1962-07-01,-0.7855002279211567,0.3191578433336063,-0.7490379279185834,,323.6578208981206,1092.8560937869368,2.71
1962-08-01,-0.7223243493219498,0.3191578433336063,-0.8533907283650182,,323.7634770463158,1093.0209920175912,2.93
1962-09-01,-0.815652241958116,0.3191578433336063,-0.9006497932500515,,324.3958605235664,1093.2714035385845,2.9
1962-10-01,-0.9323429178550234,-0.9820414988505024,-0.9207856931965765,,324.50074016528265,1093.3838844688592,2.9
1962-11-01,-1.0182664516714564,-0.9820414988505024,-0.9192757969962905,,324.9195502619089,1093.410647005037,2.94
1962-12-01,-0.9737333024521659,-0.9820414988505024,-0.9337130578252664,,324.9195502619089,1093.3606844758938,2.93
1963-01-01,-0.6690340160331443,-0.3827609731595178,-0.9437891958455237,,325.64836996350635,1093.5158435450355,2.92
1963-02-01,-0.7367362274815757,-0.3827609731595178,-1.0271225263912607,,326.7833594038749,1093.7205701286248,3.0
1963-03-01,-0.9853591150755492,-0.3827609731595178,-1.1215727521342749,,327.3966101586113,1093.8804990831925,2.98
1963-04-01,-1.088333590141834,0.20703493979920062,-1.0672951341396189,,328.3096795591976,1094.3410844855557,2.9
1963-05-01,-0.9968192646684443,0.20703493979920062,-1.0970776428712488,,329.51477397224585,1094.404690975562,3.0
1963-06-01,-0.8877461347001968,0.20703493979920062,-1.1163183496893059,,329.8137920250918,1094.4806124093568,2.99
1963-07-01,-0.827771150457499,0.47584632329710785,-1.1336190985708046,,329.41502592973467,1094.7185965326782,3.02
1963-08-01,-0.9628227674839217,0.47584632329710785,-1.1239701157589161,,329.61442261717605,1094.922635159717,3.49
1963-09-01,-0.8684618302613637,0.47584632329710785,-1.1288450096282272,,330.6065852565509,1095.2174032434511,3.48
1963-10-01,-1.0976366298693436,1.208095345017189,-1.150114003210695,,331.29525169665317,1095.5759174564716,3.5
1963-11-01,-1.00816906174022,1.208095345017189,-1.0882159489234928,,331.7841134720327,1095.5270253847439,3.48
1963-12-01,-0.8212363211746156,1.208095345017189,-0.9905580809216471,,331.5890006581746,1095.7119908873278,3.38
1964-01-01,-0.8240086933323251,-0.18916114191337002,-0.9210141954329218,,332.4647456006476,1095.931411426741,3.48
1964-02-01,-1.0800891022744543,-0.18916114191337002,-0.97357892517416,,333.14077642860485,1096.3930575086736,3.48
1964-03-01,-0.9096382222567245,-0.18916114191337002,-1.0660037395714115,,333.14077642860485,1096.642084874722,3.43
1964-04-01,-1.0922255973678356,-0.9820414988505024,-1.0132494530111331,,334.76383645675924,1096.6852556850179,3.47
1964-05-01,-1.2044600182938936,-0.9820414988505024,-1.153296419496261,,335.33018172190356,1096.9731596171507,3.5
1964-06-01,-0.9907982055781691,-0.9820414988505024,-1.1719631785601372,,335.6123304281501,1097.1967040924,3.5
1964-07-01,-1.0772383288122025,-0.9820414988505024,-1.1002115032475994,,336.2674824741086,1097.5276627160363,3.42
1964-08-01,-0.7728353295149699,-0.9820414988505024,-0.9420184291962967,,336.9183702006561,1097.8814155095154,3.5
1964-09-01,-0.9251575188430101,-0.9820414988505024,-0.6608345026289959,,337.28836373475485,1098.3647302128675,3.45
1964-10-01,-1.0585985529060875,-0.1459235600238171,-0.22044158608254702,,335.89368529475536,1098.177807918094,3.36
1964-11-01,-0.9275196266399642,-0.1459235600238171,-0.0959694025513974,,338.93676859085764,1098.8980828711085,3.52
1964-12-01,-0.8122957532318048,-0.1459235600238171,-0.4128853100646445,,340.1107377611913,1099.2402978225373,3.85
1965-01-01,-1.0628707527595953,1.0153048872251316,-0.6602897391101638,,341.18207532992864,1099.5108794015384,3.9
1965-02-01,-1.030631169740389,1.0153048872251316,-0.8425775647742342,,341.8018444325758,1099.8760939938722,3.98
1965-03-01,-1.2523250887074215,1.0153048872251316,-0.9441656121800129,,343.11703376124126,1100.214983995428,4.05
1965-04-01,-0.9348047725171743,2.116804683936403,-0.9805793115910383,,343.5515068963618,1100.640721779054,4.09
1965-05-01,-0.9845806062313016,2.116804683936403,-1.0361122986955316,,344.32921658418906,1101.024987262244,4.1
1965-06-01,-0.8956678884303854,2.116804683936403,-1.0238598222526245,,345.10060745740867,1101.3534218829902,4.05
1965-07-01,-0.9711636459962694,-0.19203282867988705,-0.9657709056175922,,346.03558311338054,1101.8055207994366,4.09
1965-08-01,-0.9160382657352237,-0.19203282867988705,-0.9935360692209984,,346.4578983826979,1102.2359880211598,4.12
1965-09-01,-1.0335925642213784,-0.19203282867988705,-0.9099133659636787,,346.71037169153425,1102.6629838947515,4.02
1965-10-01,-1.0268840169794577,0.2948320126031573,-0.9659319790985842,,347.7136295666006,1103.034710414234,4.08
1965-11-01,-1.1006395072323598,0.2948320126031573,-0.9887267680728484,,348.128624211679,1103.4825145816942,4.1
1965-12-01,-0.7231012471804877,0.2948320126031573,-0.8950065616768725,,349.363677804146,1104.0069772455868,4.32
1966-01-01,-0.6378639932764177,1.7632619747029141,-0.850007974560185,,350.3410950874109,1104.3385728109781,4.42
1966-02-01,-0.8898828387465919,1.7632619747029141,-0.7660385228597771,,350.9872398287812,1104.7646656160207,4.6
1966-03-01,-0.865631194120484,1.7632619747029141,-0.6789388048938134,,352.34681103219236,1105.3932989844254,4.66
1966-04-01,-1.182683518962042,3.106744149138167,-0.5941393757338944,,352.5053788855813,1105.7802566413784,4.67
1966-05-01,-0.7970116605591462,3.106744149138167,-0.5248309903650434,,353.452417002332,1106.2128206863922,4.9
1966-06-01,-1.0999812853211086,3.106744149138167,-0.563514301501411,,353.9227390322985,1106.8371235050263,5.17
1966-07-01,-0.8875177774758365,0.28573416813800856,-0.5637725155952765,,354.4685705778128,1107.1330462204312,5.3
1966-08-01,-0.873811511057091,0.28573416813800856,-0.5142185616206258,,354.54622142714175,1107.4529024027004,5.53
1966-09-01,-0.8262284973915826,0.28573416813800856,-0.46965030010299225,,355.4745022555123,1107.6635103009114,5.4
1966-10-01,-0.6978089057858664,-0.9820414988505024,-0.491514753041525,,356.16481740378936,1107.9893868644258,5.53
1966-11-01,-0.8327560772387721,-0.9820414988505024,-0.4500724526299265,,355.47421636846906,1108.2434813856512,5.76
1966-12-01,-0.6076828472478734,-0.9820414988505024,-0.4289715341849477,,355.7049470414885,1108.5199410373812,5.4
1967-01-01,-0.509314583072256,-0.9820414988505024,-0.3625366765938728,,356.1756057784744,1108.8384565356741,4.94
1967-02-01,-0.822542696336432,-0.9820414988505024,-0.3786372778590376,,355.0349877064596,1108.8720864237898,5.0
1967-03-01,-0.8267801257483706,-0.9820414988505024,-0.4728887901340431,,354.4697256790285,1109.0263332033542,4.53
1967-04-01,-0.9409224907500359,-0.9820414988505024,-0.48392235521148047,,355.40844062705,1108.9286202883154,4.05
1967-05-01,-0.8184481076574266,-0.9820414988505024,-0.5110150181436022,,354.5320813392476,1109.1635806515094,3.94
1967-06-01,-0.32059968956521523,-0.9820414988505024,-0.497737005608917,,354.51967104330384,1109.3614950040012,3.98
1967-07-01,-0.9547035337554768,-0.9820414988505024,-0.4139184079326741,,354.2916827167173,1109.5711609827515,3.79
1967-08-01,-0.8769327958697755,-0.9820414988505024,-0.29421392032313515,,356.18951538591944,1109.957434383794,3.9
1967-09-01,-1.0050425412239787,-0.9820414988505024,-0.313504436279232,,356.02702135136377,1109.9891787362112,3.99
1967-10-01,-0.5817614159335858,0.8159596539410523,-0.3046596349481431,,356.8379919613306,1110.081331414027,3.88
1967-11-01,-0.5502537574218528,0.8159596539410523,-0.11365459126830989,,358.2582388919361,1110.8005208403501,4.13
1967-12-01,-0.49856192470356925,0.8159596539410523,-0.06778138520103566,,359.32932362146016,1111.0954246116319,4.51
1968-01-01,0.2067967571715995,0.8075920712389925,0.09939927870798544,,359.221711054809,1110.9518237971508,4.61
1968-02-01,-0.6226282301750522,0.8075920712389925,-0.11598551086212947,,359.57932993314984,1111.5651715888353,4.71
1968-03-01,-0.07029815486165888,0.8075920712389925,-0.3432030666178166,,359.8910981952143,1111.6841218667814,5.05
1968-04-01,-0.33648937861593936,-0.43880383029849374,-0.36539157314932885,,360.0356935925355,1112.0712162537811,5.76
1968-05-01,-0.6251683518929363,-0.43880383029849374,-0.456244876281117,,361.1512330537493,1112.2132197093933,6.12
1968-06-01,-0.7419246754575168,-0.43880383029849374,-0.5524829425276104,,361.5179091183979,1112.586494853817,6.07
1968-07-01,-0.6974806674475001,0.02822020458240585,-0.6409828834785806,,361.364392342803,1112.9114210756893,6.03
1968-08-01,-0.7780267309647124,0.02822020458240585,-0.6321433150424043,,361.6429721705029,1113.2104187774823,6.03
1968-09-01,-0.9474045602509243,0.02822020458240585,-0.6864934894440811,,362.02097446902144,1113.4355420324707,5.78
1968-10-01,-0.7594509917405607,0.252743240653871,-0.6070350071595987,,362.219463131794,1113.7810108356684,5.91
1968-11-01,-0.49659504540074584,0.252743240653871,-0.5428308076559974,,363.50460943848077,1114.162987263216,5.82
1968-12-01,-0.7028299454968002,0.252743240653871,-0.5468887454865382,,363.8199129716627,1114.5449542766098,6.02
1969-01-01,-0.5261653593476684,-0.45775818006044455,-0.5345531887360389,,364.42298310609175,1114.8203948308878,6.3
1969-02-01,-0.6413375469643059,-0.45775818006044455,-0.4784329857767554,,365.0608889426604,1115.1941249443398,6.61
1969-03-01,-0.687933294887342,-0.45775818006044455,-0.46482425633788516,,365.84202466292277,1115.4892456421924,6.79
1969-04-01,-0.757251056505057,-0.9820414988505024,-0.3857940282059001,,365.47356317137627,1115.7278563842924,7.41
1969-05-01,-0.7831416105932405,-0.9820414988505024,-0.2861000669052469,,365.0946511428222,1116.0925291531016,8.67
1969-06-01,-0.8096137305226517,-0.9820414988505024,-0.23817020901965283,,366.06702907000374,1116.5295208533016,8.9
1969-07-01,-0.5790236799686364,0.5579710202394419,-0.23730556701765287,,366.5935748793299,1116.6610951657785,8.61
1969-08-01,-0.7857703365251618,0.5579710202394419,-0.24925770348052506,,366.8230218546086,1117.0547825732322,9.19
1969-09-01,-0.8650292224602656,0.5579710202394419,-0.25086992795504776,,366.8005603262624,1116.9223154240296,9.15
1969-10-01,-0.7081245842807772,-0.41138723427260104,-0.25110634320544695,,366.8299124485678,1117.2137930831343,9.0
1969-11-01,-0.7331642694165824,-0.41138723427260104,-0.1160189407198791,,365.88273802339387,1117.1645690636321,8.85
1969-12-01,-0.37615721674290764,-0.41138723427260104,-0.06585474747567266,,365.61392967242637,1117.382377436291,8.97
1970-01-01,-0.7056435320389182,-0.9820414988505024,0.14945519822580314,,363.7449308257387,1117.2910961924604,8.98
1970-02-01,-0.950213313835913,-0.9820414988505024,0.10256781874002323,,363.6791106913536,1117.4721730170868,8.98
1970-03-01,-0.9844123924734395,-0.9820414988505024,0.12839401196461772,,363.54918629539,1117.6767179061333,7.76
1970-04-01,-0.9519304903537216,-0.5601746876604607,0.20251000374035075,,363.2917383193866,1117.5324591678195,8.1
1970-05-01,-0.3552721295037969,-0.5601746876604607,0.18102183562445295,,363.17507457151294,1117.218011157584,7.95
1970-06-01,-0.45959338862345167,-0.5601746876604607,0.0600102217046571,,362.8510893261095,1117.0843523334395,7.61
1970-07-01,-0.8285195875684976,-0.9820414988505024,0.047659739652380656,,363.09616343512283,1117.1181356419916,7.21
1970-08-01,-0.9266537218209613,-0.9820414988505024,0.13065228330467044,,362.91772192678155,1116.9547438174868,6.62
1970-09-01,-0.655639743846858,-0.9820414988505024,0.2880670177622689,,362.2261438993365,1116.9646112416037,6.29
1970-10-01,-0.8589111014809766,-0.37593843502103014,0.6257489050014304,,360.2054423397125,1116.3665816785629,6.2
1970-11-01,-0.6638065016537413,-0.37593843502103014,0.6211881179889129,,359.5979866496219,1116.2076374884273,5.6
1970-12-01,-0.44782809148736363,-0.37593843502103014,0.8181032610153218,,361.86849681202074,1116.7501278947186,4.9
1971-01-01,-0.4707944380146915,-0.31822003283674477,0.4199062634508871,,362.6346919639102,1116.8531937601006,4.14
1971-02-01,-0.6515894572748714,-0.31822003283674477,0.06693608787826182,,362.44395947757965,1116.7713144850986,3.72
1971-03-01,-0.7021313146939956,-0.31822003283674477,-0.19721961684449713,,362.33564485305425,1116.8461378419463,3.71
1971-04-01,-0.7262171620408061,-0.44278916625372133,-0.2970002142862336,,362.8956929519555,1117.0942069774485,4.16
1971-05-01,-0.6937638549174365,-0.44278916625372133,-0.2979612586213242,,363.40166386647485,1117.390799198129,4.63
1971-06-01,-0.4311680827697502,-0.44278916625372133,-0.17302364760503589,,363.8201759679531,1117.4006236905964,4.91
1971-07-01,-0.4340208699641391,-0.18608119531071288,-0.10238089668644451,,363.5296698804407,1117.4861962957523,5.31
1971-08-01,0.03662430918404231,-0.18608119531071288,-0.13134767669281433,,362.9474400821397,1117.5674925549954,5.57
1971-09-01,-0.3115150726501893,-0.18608119531071288,-0.1882289843296071,,364.5596099597578,1117.9045864561353,5.55
1971-10-01,-0.39986246871578446,-0.2038529267174393,-0.302022317563398,,365.305536589346,1117.9436773149566,5.2
1971-11-01,0.34242295910117443,-0.2038529267174393,-0.29003989081194265,,365.72881627650685,1118.2294136982018,4.91
1971-12-01,-0.2669619203583356,-0.2038529267174393,-0.17073024557528327,,366.87660285249706,1118.5934142112526,4.14
1972-01-01,-0.21154803940643158,-0.9820414988505024,-0.09670133389837532,,369.2393273413733,1119.0527716429954,3.51
1972-02-01,-0.7577587855012536,-0.9820414988505024,-0.35065736756076304,,370.2434665708427,1119.3381139369665,3.3
1972-03-01,-0.584859609951097,-0.9820414988505024,-0.5210864657187759,,370.93264815828564,1119.7447302453222,3.83
1972-04-01,-0.6559897304923061,-0.3508755808445008,-0.642657746401228,,371.9282560024981,1120.0431439473955,4.17
1972-05-01,-0.408747591900417,-0.3508755808445008,-0.6431581596223499,,371.94207832265715,1120.4618827524007,4.27
1972-06-01,-0.6859288259179573,-0.3508755808445008,-0.5587629584425191,,372.2065166304325,1120.8544742895397,4.46
1972-07-01,-0.550834652019035,-0.9820414988505024,-0.344098596100746,,372.09472421389796,1120.7880187411072,4.55
1972-08-01,-0.6175306686429042,-0.9820414988505024,-0.22396235363654488,,373.47845079713176,1121.3723964609444,4.81
1972-09-01,-0.5699953133046431,-0.9820414988505024,-0.23291101593566302,,374.2732968339962,1121.538159107977,4.87
1972-10-01,-0.7021624604177178,-0.9820414988505024,-0.09479500006207416,,375.5355160196557,1122.0887251632075,5.05
1972-11-01,-0.35439414229197086,-0.9820414988505024,-0.09331220884319695,,376.7108209878728,1122.4883327702892,5.06
1972-12-01,-0.5241596821390014,-0.9820414988505024,-0.00711457562691526,,377.81875665862566,1122.8810356664535,5.33
1973-01-01,-0.039153773627479356,-0.9820414988505024,0.14683320004039327,,378.53911844944355,1123.3436404613535,5.94
1973-02-01,-0.22501453745203912,-0.9820414988505024,0.25369820874091176,,379.9586402097669,1123.867281283011,6.58
1973-03-01,-0.23205991495611158,-0.9820414988505024,0.27348974841924795,,380.0074167693464,1124.2218496724408,7.09
1973-04-01,-0.40648187474843084,-0.9820414988505024,0.28356106757284666,,379.86011957852065,1124.4457611442251,7.12
1973-05-01,-0.2348415502816523,-0.9820414988505024,0.33835044688698207,,380.5392795160272,1124.697879133071,7.84
1973-06-01,0.055812491475525666,-0.9820414988505024,0.5476520124064658,,380.6740264523563,1125.0092090487838,8.49
1973-07-01,-0.2658758474923305,-0.9820414988505024,0.9305814303506796,,381.02914526675954,1125.043019192149,10.4
1973-08-01,0.08703742199519364,-0.9820414988505024,1.2729269511598467,,380.8924374224352,1125.3740142308754,10.5
1973-09-01,-0.586006497527646,-0.9820414988505024,1.365221648709952,,381.68856106956207,1125.5138707712445,10.78
1973-10-01,0.15826044271233328,-0.3750682064200159,1.3584080589136525,,382.53097658093355,1125.9412908288543,10.01
1973-11-01,0.12205353888519344,-0.3750682064200159,1.2375703397976516,,382.98428483696944,1126.3437938316417,10.03
1973-12-01,0.30870100073135875,-0.3750682064200159,1.2344731871959014,,382.69660808877865,1126.4861462612437,9.95
1974-01-01,0.4299504976893045,-0.9820414988505024,1.2769231861724415,,382.0354984901976,1126.5745335827778,9.65
1974-02-01,0.267126829514493,-0.9820414988505024,1.1973968505403743,,381.71825153023525,1126.7715225306772,8.97
1974-03-01,0.09077088137759205,-0.9820414988505024,1.1675939797802903,,381.72220959236853,1126.8251795105655,9.35
1974-04-01,-0.32020499806632124,-0.9820414988505024,1.2270580872006625,,381.4302122211908,1126.9349588141522,10.51
1974-05-01,0.1979068010298378,-0.9820414988505024,1.1774776326502416,,382.2194573353056,1127.1477912857981,11.31
1974-06-01,-0.07363960772134552,-0.9820414988505024,1.1560779408154325,,382.04295101869053,1127.2177867707658,11.93
1974-07-01,-0.04487545787335515,-0.38656103900077643,1.297300374289947,,382.2581769630309,1127.2584888827498,12.92
1974-08-01,0.30859494417213196,-0.38656103900077643,1.4706895532672897,,381.1906493693334,1127.236867948514,12.01
1974-09-01,-0.3167829959211456,-0.38656103900077643,1.5572469488482743,,381.1904283091509,1127.2254196787803,11.34
1974-10-01,-0.05591339496148069,0.35070379916244665,1.6963628999891487,,380.91771032558387,1127.2508584985562,10.06
1974-11-01,-0.03205872406402252,0.35070379916244665,2.057312844461107,,377.5694561844015,1126.7855783322323,9.45
1974-12-01,0.46018735697364516,0.35070379916244665,2.239653882811627,,373.8937861342098,1125.9992584845265,8.53
1975-01-01,0.0227564071990827,1.1974592176714598,1.9946495294033681,,372.49123994222526,1125.535867420079,7.13
1975-02-01,-0.29378080496177567,1.1974592176714598,1.7685270354632603,,370.1709298552037,1125.049519832464,6.24
1975-03-01,-0.153693515104222,1.1974592176714598,1.4657903993568049,,369.0473183452394,1124.697879133071,5.54
1975-04-01,-0.19987376296294587,-0.440586886103369,1.2364014863629662,,369.28042420476663,1124.4523007250405,5.49
1975-05-01,-0.3108733633424631,-0.440586886103369,1.1011096138238174,,368.95117541701165,1124.666562258239,5.22
1975-06-01,-0.27874091087295655,-0.440586886103369,1.0605458708903837,,369.5785552028036,1124.5320491947627,5.55
1975-07-01,-0.23549534198220173,-0.4438196467416356,0.971175170631967,,370.62133503251425,1124.8569217821944,6.1
1975-08-01,-0.24985056714436735,-0.4438196467416356,0.6511569747520285,,371.6003255310301,1125.3545742323693,6.14
1975-09-01,-0.16650756393737187,-0.4438196467416356,0.349042339333867,,372.8830669616164,1125.4517364555709,6.24
1975-10-01,0.1962864179034246,-0.9820414988505024,0.13596892078755426,,373.3219253895432,1125.854921122492,5.82
1975-11-01,0.013376442903931704,-0.9820414988505024,-0.003288037284908962,,373.4562414970752,1126.0417467526102,5.22
1975-12-01,0.10653706152390006,-0.9820414988505024,0.0702920174561579,,374.81243009491067,1126.4682030642305,5.2
1976-01-01,-0.15133073606322214,-0.9820414988505024,0.06225717047703723,,376.1228022280914,1127.0892119600776,4.87
1976-02-01,-0.541039590405999,-0.9820414988505024,-0.12719437232952585,,377.0986951717754,1127.4871300920263,4.77
1976-03-01,-0.3595291592418709,-0.9820414988505024,-0.2999361275389604,,377.3147070432503,1127.7810541874799,4.84
1976-04-01,-0.5543625764746278,-0.9820414988505024,-0.3455943821628585,,377.8096106029701,1128.0892519810102,4.82
1976-05-01,-0.266254429134127,-0.9820414988505024,-0.3717514170235861,,378.23379205547866,1128.1144720260356,5.29
1976-06-01,-0.5915405019383332,-0.9820414988505024,-0.4978058286216396,,378.33642934184735,1128.195133454083,5.48
1976-07-01,-0.7364075863967822,-0.4481538855392278,-0.5759406134615761,,378.90437427374144,1128.4103320924078,5.31
1976-08-01,-0.28532581496165205,-0.4481538855392278,-0.5479634477698658,,379.58980943231325,1128.6075051724692,5.29
1976-09-01,-0.3608367426429698,-0.4481538855392278,-0.43368997235662443,,379.93491456760836,1128.843100158506,5.25
1976-10-01,-0.44234026866702336,0.9158418827558304,-0.2955621072840011,,379.90446587454,1128.8668794368546,5.02
1976-11-01,0.08687632342421622,0.9158418827558304,-0.1910422975000175,,381.4172000459668,1129.2777422635818,4.95
1976-12-01,-0.2807626979387213,0.9158418827558304,-0.1698950716814527,,382.4925806574107,1129.536629194992,4.65
1977-01-01,-0.2717720551900983,-0.08347874142842879,-0.038130284749284794,,381.79035164700423,1129.8369930842553,4.61
1977-02-01,-0.4055962353544835,-0.08347874142842879,-0.11803961676915803,,383.3579185518719,1130.2056274531406,4.68
1977-03-01,-0.5948615489790294,-0.08347874142842879,-0.3384289760681883,,384.6278423958777,1130.7019980767293,4.69
1977-04-01,-0.20477921444920358,0.4570224740168941,-0.6115102920669667,,385.58419961256635,1131.1151939392212,4.73
1977-05-01,0.06222421460042074,0.4570224740168941,-0.7204044005600383,,386.36958340610033,1131.5547121542045,5.35
1977-06-01,-0.44521520691492167,0.4570224740168941,-0.7980889771751365,,387.1442648377872,1132.040810719778,5.39
1977-07-01,-0.2674143388451635,-0.9820414988505024,-0.7963214764602122,,387.2720688945404,1132.4593884108062,5.42
1977-08-01,-0.41743442959393845,-0.9820414988505024,-0.7882211805533317,,387.3708281742437,1132.7499093222793,5.9
1977-09-01,-0.3859555003273629,-0.9820414988505024,-0.6935567758046693,,387.7822788466773,1133.2985070956668,6.14
1977-10-01,0.05313288524493724,3.8286768711180197,-0.5745452211768045,,387.92332492718197,1133.6188286470174,6.47
1977-11-01,0.05118090755992944,3.8286768711180197,-0.4866468723802176,,388.10708929805884,1134.0629483723242,6.51
1977-12-01,0.40103061922270267,3.8286768711180197,-0.2764997774763245,,388.2859864902181,1134.3441156977767,6.56
1978-01-01,0.2606788592111281,-0.05591068370352513,0.025900485288939318,,386.8031409691585,1134.5618621093417,6.7
1978-02-01,0.03697872604019223,-0.05591068370352513,-0.056520014041241094,,387.33736490195093,1134.979458356219,6.78
1978-03-01,0.12501506761499181,-0.05591068370352513,-0.0755792321526244,,389.23609682487125,1135.5803709198017,6.79
1978-04-01,-0.17966797469812265,-0.9820414988505024,-0.1824922839547221,,391.243492057945,1136.3984524188531,6.89
1978-05-01,-0.2856923142106255,-0.9820414988505024,-0.3569915687881358,,391.70901457611643,1136.800373375031,7.36
1978-06-01,-0.21780269142462375,-0.9820414988505024,-0.46610333365799667,,392.35582183058983,1137.308851978243,7.6
1978-07-01,0.15185408953980398,-0.5642154694162191,-0.47020608068352254,,392.273344336632,1137.6005480404635,7.81
1978-08-01,-0.3399140657372977,-0.5642154694162191,-0.5185810179964324,,392.6828855876523,1137.9199767755506,8.04
1978-09-01,-0.20445164735488297,-0.5642154694162191,-0.49684291984966067,,392.93598500814204,1138.0775974222188,8.45
1978-10-01,-0.3187014114038666,-0.9820414988505024,-0.4429255035743634,,393.6830733343714,1138.459196841866,8.96
1978-11-01,-0.023180850315083816,-0.9820414988505024,-0.3424981731845403,,394.4517300716209,1138.9525433487997,9.76
1978-12-01,-0.053196199064330915,-0.9820414988505024,-0.27308362891375326,,394.94921855426213,1139.2688170081972,10.03
1979-01-01,-0.17820600516650387,-0.001661024893911766,-0.040170830458633296,,394.4060287098544,1139.4232015012483,10.07
1979-02-01,0.2517633957956283,-0.001661024893911766,0.10766597172501809,,394.8840833965117,1139.7009435372886,10.06
1979-03-01,-0.07521971620501436,-0.001661024893911766,0.3533293471428239,,395.21010432812534,1140.17592398599,10.09
1979-04-01,0.001150403854848842,-0.10086843774613176,0.7742998788188937,,394.0013588365073,1140.1066099683683,10.01
1979-05-01,-0.016459012441057432,-0.10086843774613176,0.728341558231968,,394.9041295026227,1140.5217752355163,10.24
1979-06-01,-0.01789815967512116,-0.10086843774613176,0.5793309634804923,,394.92513505182643,1140.8764229887884,10.29
1979-07-01,0.6271942180414994,-0.5776103634225064,0.6017177661874125,,394.7577390421976,1140.9973158358982,10.47
1979-08-01,-0.5432124073820548,-0.5776103634225064,0.731142887205746,,394.09680271119265,1141.0892739405076,10.94
1979-09-01,-0.0009197127822090107,-0.5776103634225064,0.8381324192015536,,394.0798977065909,1141.119169803475,11.43
1979-10-01,0.4562162771990559,0.1892185812847299,0.9605616845410254,,394.80347291239855,1141.2895162895152,13.77
1979-11-01,0.3836494259023475,0.1892185812847299,1.0646699131979072,,394.64843337329853,1141.3911434371266,13.18
1979-12-01,0.1881777898309024,0.1892185812847299,1.2096186228322088,,394.71546002904347,1141.50038784094,13.78
1980-01-01,0.17121008284272227,-0.5918694005151156,1.5842568784070556,,395.2548636036955,1141.6414564589384,13.82
1980-02-01,-0.3246123864706406,-0.5918694005151156,2.026701864460648,,395.28193996207153,1141.7328243973523,14.13
1980-03-01,-0.21714487225980003,-0.5918694005151156,2.5635515200869676,,394.87405883633085,1141.8548849259307,17.19
1980-04-01,0.000770479724960862,-0.9820414988505024,3.0617930946102647,,392.86775454383826,1141.6954066609087,17.61
1980-05-01,-0.23547654714892094,-0.9820414988505024,2.9666916005924167,,390.37690349418006,1141.2220760848595,10.98
1980-06-01,-0.3211487671946297,-0.9820414988505024,2.6364399973094,,389.0762596083857,1140.8686542313972,9.47
1980-07-01,0.12830416343911108,-0.05438592418892744,2.5583692025801956,,388.3703774600417,1140.5785589412326,9.03
1980-08-01,-0.009519691496211999,-0.05438592418892744,2.4532792869255178,,388.68344198635106,1140.8664344755703,9.61
1980-09-01,-0.25368874059790053,-0.05438592418892744,2.224846543196001,,390.32001986807006,1140.992881983434,10.87
1980-10-01,-0.14301670731270363,-0.618705167972033,2.057161382947428,,391.58317429699764,1141.299462634518,12.81
1980-11-01,0.025508507786611328,-0.618705167972033,1.9030394543224853,,393.24352507910356,1141.5830693729436,15.85
1980-12-01,-0.1668176786865029,-0.618705167972033,1.8545442335680564,,393.9069917649719,1141.7988215618698,18.9
1981-01-01,0.2570380315070422,0.21394064663848447,1.8460015779761958,,393.2639027319428,1141.8977357124588,19.08
1981-02-01,-0.27096790482330346,0.21394064663848447,1.7880314918095639,,392.8368683964232,1141.976796648398,15.93
1981-03-01,-0.2513756336162853,0.21394064663848447,1.7472722071793538,,393.34439304171093,1142.0919819174203,14.7
1981-04-01,-0.04900226626655607,-0.2847091319305559,1.7741205794473511,,392.9037435587275,1142.1719849902984,15.72
1981-05-01,-0.264898516161735,-0.2847091319305559,1.768336162667393,,393.4752717178793,1142.1862254013226,18.52
1981-06-01,0.1750737635699935,-0.2847091319305559,1.8060184185626151,,393.983465121238,1142.398495567358,19.1
1981-07-01,0.09319004491843355,-0.9820414988505024,1.758696577754019,,394.6368391927912,1142.51974676332,19.04
1981-08-01,-0.2844773624878386,-0.9820414988505024,1.7002530252093508,,394.5121167806384,1142.480438157505,17.82
1981-09-01,0.30429226983894786,-0.9820414988505024,1.7990256747167002,,394.02935996451345,1142.3842853545636,15.87
1981-10-01,0.11662317455516788,-0.42639343733577806,1.8226836411332696,,393.2376461382519,1142.2781915117262,15.08
1981-11-01,-0.2962724628595571,-0.42639343733577806,1.855518878555824,,392.06853785067983,1142.0492143039141,13.31
1981-12-01,-0.14394033911964027,-0.42639343733577806,1.977549376161944,,390.99949503139027,1141.7460273152162,12.37
1982-01-01,0.5250456416490916,0.044321800290216096,2.278226591999899,,388.91330171339,1141.3823103927018,13.22
1982-02-01,0.1259668916718493,0.044321800290216096,2.3044333202721883,,390.9291277655026,1141.3801020096796,14.78
1982-03-01,0.4209316626907609,0.044321800290216096,1.8981605212555852,,390.2624982025135,1141.2375581864753,14.68
1982-04-01,0.2853886950228572,-0.22510827720141918,1.717328436308008,,389.3349740162525,1140.9230228631463,14.94
1982-05-01,0.44141266101433685,-0.22510827720141918,1.6432472844331214,,388.66703250409495,1140.8753132032543,14.45
1982-06-01,0.5570894899045606,-0.22510827720141918,1.5844698463674105,,388.4063763208094,1140.6063823186137,14.15
1982-07-01,0.24954023551614177,-0.2543917739012825,1.482377991164459,,388.0771731764505,1140.2228513611528,12.59
1982-08-01,0.39665142306830414,-0.2543917739012825,1.3297615846396444,,387.1600930929218,1140.0462005247591,10.12
1982-09-01,0.3617413627375311,-0.2543917739012825,1.2227022725628731,,386.91322057387794,1139.844571744522,10.31
1982-10-01,0.24586718809786054,-0.9820414988505024,1.217710323104447,,385.94046229727354,1139.5346158559632,9.71
1982-11-01,0.1479675865149774,-0.9820414988505024,1.0602145970520336,,385.61508228615133,1139.3984258893329,9.2
1982-12-01,0.30012652929109407,-0.9820414988505024,1.0690892708113673,,384.90512562621063,1139.381529906594,8.95
1983-01-01,0.44617580876289764,0.3991154208771442,1.163134824285263,,386.7515059460873,1139.6279282850908,8.68
1983-02-01,0.38061137535133494,0.3991154208771442,0.8861905773425839,,386.122011708768,1139.5458629317354,8.51
1983-03-01,0.1671879885206566,0.3991154208771442,0.6638477555140243,,386.9624769291522,1139.740237371469,8.77
1983-04-01,0.15346507524957664,-0.15905204372023685,0.5094027364564473,,388.2204829552168,1140.0473195498646,8.8
1983-05-01,0.03674916057654963,-0.15905204372023685,0.2869567748802919,,388.8219947067067,1140.3601549855478,8.63
1983-06-01,0.20157447849575327,-0.15905204372023685,0.22397803200347322,,389.4327356892457,1140.7798255427747,8.98
1983-07-01,0.24655051453642204,-0.5071042663645761,0.11562754145253021,,390.9110768981094,1141.240875467853,9.37
1983-08-01,-0.1964007462702944,-0.5071042663645761,0.03327263438564995,,392.08697572649055,1140.8997256404027,9.56
1983-09-01,-0.08633014765007932,-0.5071042663645761,0.03966068869918404,,393.5309752203335,1142.1325394191958,9.45
1983-10-01,0.040320178899878864,-0.9820414988505024,-0.15038377257838118,,394.29265341875356,1142.4312806613625,9.48
1983-11-01,0.08141508186808737,-0.9820414988505024,-0.3035813986390726,,394.73766356606154,1142.8184236515137,9.34
1983-12-01,-0.2455089606565301,-0.9820414988505024,-0.25585086689094966,,395.2385374336731,1143.2040736229765,9.47
1984-01-01,0.46246287428869903,-0.2793099280617925,-0.12963664887956675,,397.2148679261324,1143.683244699297,9.56
1984-02-01,0.5066011977602861,-0.2793099280617925,-0.13142183134111235,,397.6532776152428,1144.2041520817672,9.59
1984-03-01,0.08134929995160468,-0.2793099280617925,-0.2817376221698881,,398.1416596616233,1144.4957068529466,9.91
1984-04-01,-0.11323763646755663,-0.9820414988505024,-0.4065079038707229,,398.73159894635774,1144.883484351062,10.29
1984-05-01,-0.16937646098885853,-0.9820414988505024,-0.3673587635563016,,399.2728877774759,1145.2092071362479,10.32
1984-06-01,0.22565200241639702,-0.9820414988505024,-0.36180648398681947,,399.6389888824868,1145.6132866564594,11.06
1984-07-01,0.05897405093095459,-0.7508805185862193,-0.3347532712675583,,399.9156208330032,1145.9408647755401,11.23
1984-08-01,0.15305293140549334,-0.7508805185862193,-0.27993856885775836,,400.0185885849818,1146.1968955969376,11.64
1984-09-01,-0.11501509070067249,-0.7508805185862193,-0.24207483551952536,,399.72204048214513,1146.524668298676,11.3
1984-10-01,-0.07031292223066492,-0.6148577703498332,-0.2167587051665692,,399.7110199030393,1146.8231400319344,9.99
1984-11-01,0.21599817055058457,-0.6148577703498332,-0.24337124979728392,,400.047334661203,1147.1915952869651,9.43
1984-12-01,0.632170821396605,-0.6148577703498332,-0.25630965359144997,,400.0795497410675,1147.3217433096465,8.38
1985-01-01,0.16639500453977046,-0.9820414988505024,-0.23564470710112057,,400.0623452510192,1147.5970981976463,8.35
1985-02-01,-0.29637243246516165,-0.9820414988505024,-0.19928513342584778,,400.3370799887422,1147.7329374926753,8.5
1985-03-01,0.11204463026912631,-0.9820414988505024,-0.17706984874085221,,400.4881090394641,1148.0836063461616,8.58
1985-04-01,-0.17873807556319088,-0.9820414988505024,-0.13257168972007885,,400.27024800477767,1148.2857933347834,8.27
1985-05-01,0.06277930585375315,-0.9820414988505024,-0.288970535755301,,400.4155414189406,1148.5677590477092,7.97
1985-06-01,0.45473484875711484,-0.9820414988505024,-0.36238431085100775,,400.36701207598037,1148.7187055725117,7.53
1985-07-01,0.3058733941906629,-0.9820414988505024,-0.40529969451567893,,399.89270433238084,1148.9124454784276,7.88
1985-08-01,0.30281506303760325,-0.9820414988505024,-0.44393226979712386,,400.19642528193486,1149.1088770361055,7.9
1985-09-01,0.3016771245456692,-0.9820414988505024,-0.3427541084024025,,400.534211345487,1149.3181835933617,7.92
1985-10-01,-0.027362273858059588,-0.4141189542011927,-0.2715651739765741,,400.2227445827245,1149.5097486770617,7.99
1985-11-01,-0.17291138075032003,-0.4141189542011927,-0.20536747418306023,,400.57391882212505,1149.7232979457124,8.05
1985-12-01,0.17418942514693952,-0.4141189542011927,-0.07365012216864994,,401.5322999669043,1149.891781431562,8.27
1986-01-01,0.9035610817640124,-0.7817543631256982,0.09599507360534626,,402.0843329041979,1150.0164387667614,8.14
1986-02-01,0.44375300663368794,-0.7817543631256982,0.33552815034115807,,401.37995061705215,1150.1328479124566,7.86
1986-03-01,0.46497615637767903,-0.7817543631256982,0.36846090965466616,,400.6651134506929,1150.2208240129023,7.48
1986-04-01,0.14326270548886785,-0.9820414988505024,0.23320793095770265,,400.8083812532206,1150.4096605033408,6.99
1986-05-01,0.687414398534459,-0.9820414988505024,0.17567071992346991,,400.95597954042637,1150.5377047212899,6.85
1986-06-01,0.37204719646868073,-0.9820414988505024,0.10380421561320488,,400.5522455942137,1150.443956131993,6.92
1986-07-01,0.6589392853224154,-0.4098178476502592,0.004054079493063646,,401.2034842372743,1150.764152953885,6.56
1986-08-01,0.4311822425881863,-0.4098178476502592,-0.03410682691956923,,401.0178225174616,1150.8796954386448,6.17
1986-09-01,0.5693018520612864,-0.4098178476502592,0.019036798487288134,,401.2727699549778,1151.226524707435,5.89
1986-10-01,-0.0506254677611083,-0.31818757675838527,-0.017006979232570604,,401.6981040101366,1151.4134733510214,5.85
1986-11-01,0.06778773433215812,-0.31818757675838527,0.02824687374742474,,402.0979647266322,1151.6000731487156,6.04
1986-12-01,-0.12050346942870309,-0.31818757675838527,0.21102072431821717,,403.04191864058464,1151.800255471051,6.91
1987-01-01,0.2880110357087732,-0.9820414988505024,0.341047349352539,,402.6925451723441,1151.9682584133388,6.43
1987-02-01,-0.32088169539017813,-0.9820414988505024,0.1974718117127242,,404.0020363491501,1152.2073493867217,6.1
1987-03-01,0.08108084918420096,-0.9820414988505024,-0.11966140701771481,,404.1467558288,1152.4498241322844,6.13
1987-04-01,-0.2741915155103454,-0.802662839272211,-0.2545019489993936,,404.77786725191356,1152.7804225198697,6.37
1987-05-01,-0.12768325333883826,-0.802662839272211,-0.4143319474057461,,405.4081439281805,1153.005786371053,6.85
1987-06-01,0.21777491238843505,-0.802662839272211,-0.5082478726042761,,405.9247468584639,1153.1747219210815,6.73
1987-07-01,-0.2404048196766444,-0.4432192092919847,-0.5299303580040424,,406.6044534058605,1153.5146733621325,6.58
1987-08-01,-0.7607308734948007,-0.4432192092919847,-0.46421617748447763,,407.35226155964426,1153.6837285016543,6.73
1987-09-01,-0.6319297143522401,-0.4432192092919847,-0.3413220669898531,,407.74543896093496,1153.9051196496382,7.22
1987-10-01,1.3776083791824643,0.5496223702497584,-0.16340470235624935,,409.0687884718557,1154.3823176298072,7.29
1987-11-01,1.6101320488760755,0.5496223702497584,-0.2130735943902057,,409.55538307620856,1154.608941134866,6.69
1987-12-01,0.9898839464414756,0.5496223702497584,-0.20233869345627675,,410.11463773410287,1154.8881238619797,6.77
1988-01-01,0.8782057911361003,0.31485267977287784,-0.25799457074057186,,410.09493690519713,1154.9768353337547,6.83
1988-02-01,0.13517623528581818,0.31485267977287784,-0.40316311325771764,,410.5948640392613,1155.4201756282066,6.58
1988-03-01,-0.22286213335222288,0.31485267977287784,-0.5738650594459058,,410.841346281756,1155.6837081688552,6.58
1988-04-01,0.05919781171263555,1.1739698071270672,-0.6460615084926155,,411.41978418302017,1155.9159985309764,6.87
1988-05-01,0.0823156748519547,1.1739698071270672,-0.727702859505069,,411.21795687470143,1156.1353658874423,7.09
1988-06-01,-0.11493134636433273,1.1739698071270672,-0.7508736204145758,,411.5076496141182,1156.4815581224173,7.51
1988-07-01,-0.250475533688208,0.5366696903111193,-0.7783274968920041,,411.522340757344,1156.6940053276467,7.75
1988-08-01,0.00521513676684298,0.5366696903111193,-0.788667135821247,,412.02250868516774,1156.811416241411,8.01
1988-09-01,-0.16822317965675182,0.5366696903111193,-0.7661149220823521,,411.7095453492804,1157.1317007083783,8.19
1988-10-01,0.06642062574383678,-0.9820414988505024,-0.7596334319773285,,412.1396989883417,1157.3794762733417,8.3
1988-11-01,0.13883518364485467,-0.9820414988505024,-0.7172938320430382,,412.3812745471137,1157.6998252670817,8.35
1988-12-01,-0.30519818790949466,-0.9820414988505024,-0.5507552709420758,,412.83320546492143,1157.9630387764219,8.76
1989-01-01,-0.13056960281447577,0.68843769356166,-0.2792420171117808,,413.1277403781692,1158.2087655455243,9.12
1989-02-01,-0.7869208790679733,0.68843769356166,-0.22582872673808044,,412.68424069397616,1158.4566826110104,9.36
1989-03-01,-0.40171294497171717,0.68843769356166,-0.2733697405958725,,412.9340015369343,1158.6371074953408,9.85
1989-04-01,-0.040448566515301036,-0.18008628717039263,-0.2692936338056562,,412.91903346476994,1158.7949446031091,9.84
1989-05-01,-0.1974048196953316,-0.18008628717039263,-0.20634883129570875,,412.34890391605694,1158.9080625916572,9.81
1989-06-01,0.021527855662985967,-0.18008628717039263,-0.2357075201176185,,412.34129529694474,1159.0136474861565,9.53
1989-07-01,-0.29740237923390406,-0.9820414988505024,-0.176897591747861,,411.3718993280192,1159.0525190992626,9.24
1989-08-01,-0.20911359325109055,-0.9820414988505024,-0.16794791463722378,,412.34696134493447,1159.0997000390385,8.99
1989-09-01,-0.36219213848885845,-0.9820414988505024,-0.31392176227106383,,412.03306468597975,1159.3297349228437,9.02
1989-10-01,-0.33027905741047897,-0.9820414988505024,-0.33305336858183093,,411.898188873138,1159.428422933805,8.84
1989-11-01,0.19002284401714348,-0.9820414988505024,-0.28431955623593386,,412.23552411725944,1159.6825339586421,8.55
1989-12-01,0.16726615628109492,-0.9820414988505024,-0.038136487196192004,,412.7824469462704,1159.7597441027426,8.45
1990-01-01,-0.04150988363036906,0.13466937991859032,0.3130884454359262,0.5294752027187118,412.2753836695779,1160.0899711585414,8.23
1990-02-01,0.2882467297267414,0.13466937991859032,0.21758851275114713,0.5179734455071396,413.1794477668938,1160.3095182480818,8.24
1990-03-01,0.17935998001697406,0.13466937991859032,0.0671641966683432,0.08308153737315241,413.67636806606873,1160.4957550416723,8.28
1990-04-01,-0.11197989647972753,-0.5430284119304539,0.005389212513240399,0.2653388762876595,413.41404304548047,1160.526760814466,8.26
1990-05-01,0.05066729842155256,-0.5430284119304539,-0.06291556408757885,-0.1838775634464834,413.7177333774534,1160.667078465574,8.18
1990-06-01,0.11391602411497342,-0.5430284119304539,-0.09246616440322847,-0.3571824397096088,414.0563168801484,1160.6871077812757,8.29
1990-07-01,-0.15142380397203592,-0.21705849359996282,-0.046672513427098446,-0.14377281322419072,413.881429564595,1160.6552410748852,8.15
1990-08-01,0.8136153585064713,-0.21705849359996282,0.11033308765082998,1.1855372771974364,414.2301045642955,1160.4656520069677,8.13
1990-09-01,1.297854131889156,-0.21705849359996282,0.040171815516086,1.3122058661852518,414.2377296756973,1160.3880721300338,8.2
1990-10-01,0.7836239193507968,-0.6298889916400789,0.13100509486407588,1.382634658918406,413.65176436132964,1160.255590920702,8.11
1990-11-01,1.05242420201257,-0.6298889916400789,0.2799999532878905,0.7385316916662497,412.372049984849,1160.113778720302,7.81
1990-12-01,0.7178955482292336,-0.6298889916400789,0.27552418507566706,0.531612357945079,411.63539032603563,1160.0643259055205,7.31
1991-01-01,1.990526092283198,-0.6211684490858594,0.2917002881530678,1.0841472817007414,411.3092712183793,1159.963512978265,6.91
1991-02-01,0.21677800164812397,-0.6211684490858594,0.1736715925876601,0.29182640235682994,410.5676776118765,1159.666900840309,6.25
1991-03-01,0.24260259820934038,-0.6211684490858594,-0.017737625141164226,-0.23191641769051946,409.9905736852473,1159.5131983761207,6.12
1991-04-01,-0.02889900440748649,-0.9820414988505024,-0.12598783875419892,-0.28239671333248983,410.2540880446586,1159.3122006964504,5.91
1991-05-01,-0.22660644791918075,-0.9820414988505024,-0.27741468636733807,-0.3422494131691917,411.1911031047784,1159.2226359106587,5.78
1991-06-01,-0.15799422584513886,-0.9820414988505024,-0.3782254040827008,-0.31470111169636533,411.99814442968386,1159.2937402939613,5.9
1991-07-01,-0.25387574609347957,-0.6856586767861957,-0.5218141146710938,-0.2930824894643262,412.2778136162407,1159.2568092622425,5.82
1991-08-01,0.0822179548350821,-0.6856586767861957,-0.6583734620843126,-0.5122335514051098,412.2766796484794,1159.2660432989082,5.66
1991-09-01,0.5947770718008147,-0.6856586767861957,-0.7003816423251704,-0.33895720584071304,413.0668455435916,1159.2983557140806,5.45
1991-10-01,0.2459407639561715,-0.6003059523836894,-0.7840953303391949,-0.4194829481718268,413.01218535976216,1159.322352465405,5.21
1991-11-01,0.8370792671032669,-0.6003059523836894,-0.7759057527416082,-0.22793631555537858,412.8538237892079,1159.2660432989082,4.81
1991-12-01,1.3901420818011123,-0.6003059523836894,-0.687742912690413,-0.14992014934187242,412.3663853582556,1159.2937402939613,4.43
1992-01-01,0.395927525591922,-0.5503161538587611,-0.65806022993895,-0.2402095162339678,411.8412589555801,1159.3260437622503,4.03
1992-02-01,1.0915099878521353,-0.5503161538587611,-0.6814202601895657,-0.26817718646888994,412.54474791480914,1159.2771230174947,4.06
1992-03-01,0.04048775984574448,-0.5503161538587611,-0.7565289305082632,-0.26232227840273925,413.39370011485903,1159.3278893595777,3.98
1992-04-01,-0.08639848950595543,-0.9820414988505024,-0.7492728317179778,-0.39244873638473043,414.14984678153866,1159.4652906528481,3.73
1992-05-01,-0.2896904098909713,-0.9820414988505024,-0.8308317272247493,-0.5943596088900213,414.478415898017,1159.5850169544376,3.82
1992-06-01,0.5037915464887387,-0.9820414988505024,-0.8506837310137823,-0.5772129530854102,414.52958814761536,1159.6402269378045,3.76
1992-07-01,0.45502662073931116,-0.6706727587719935,-0.7869066239825061,-0.7948198277239054,415.4460819549085,1159.7202273098892,3.25
1992-08-01,0.5058586579820153,-0.6706727587719935,-0.7884078172482237,-0.6833795067541781,414.8853264972454,1159.8332221912096,3.3
1992-09-01,0.8521958874406156,-0.6706727587719935,-0.7398892479952236,-0.7819310110408039,415.21463801443554,1159.86535188529,3.22
1992-10-01,1.2126308950151938,0.12407382267081037,-0.6849514608548426,-0.24650980042730494,415.88752708291537,1160.0377578154723,3.1
1992-11-01,0.24647031205896835,0.12407382267081037,-0.7492799443716477,-0.6830268437874271,416.26603156274484,1160.169612684362,3.09
1992-12-01,-0.12246092351668232,0.12407382267081037,-0.6573032751094096,-0.9864843556839541,416.4347811993848,1160.3698092912075,2.92
1993-01-01,-0.20264255707696602,0.8660860384624103,-0.6554205703981594,-0.9569100804705244,416.8180354481093,1160.6324729228777,3.02
1993-02-01,0.2251118256438824,0.8660860384624103,-0.8095113767902852,-0.7785457190181029,417.29847483604175,1160.8662826246825,3.03
1993-03-01,0.27643065848200166,0.8660860384624103,-0.8463709533583428,-0.7942397504068717,417.21108346280494,1160.8272007749774,3.07
1993-04-01,-0.09009380525763486,-0.2930232973369824,-0.8885424472577518,-0.898212726866849,417.48502396316854,1161.0959205241593,2.96
1993-05-01,0.7077837473923941,-0.2930232973369824,-0.9542800789043019,-0.7942515667966631,417.1058659289805,1161.3413127540048,3.0
1993-06-01,0.47443709193168393,-0.2930232973369824,-1.0759400667609482,-0.9412705514729467,417.3311306639339,1161.4958450535346,3.04
1993-07-01,0.21650385813488052,-0.03387638733891705,-1.155043954056925,-1.0803680023539475,417.60044231366516,1161.7771848484772,3.06
1993-08-01,0.3815785070916549,-0.03387638733891705,-1.146966354035178,-1.0221859661128638,417.4797954783822,1161.9085660798619,3.03
1993-09-01,0.3897861556679003,-0.03387638733891705,-1.0689828884949586,-0.885918054631485,418.00894430995567,1162.131339338606,3.09
1993-10-01,-0.28710610410384907,-0.617883623488558,-1.028975073618167,-1.0294421757790464,418.739309552186,1162.3876325491267,2.99
1993-11-01,-0.09725526666460642,-0.617883623488558,-1.0187622740883364,-0.7293227556336951,419.1952101075109,1162.613807211185,3.02
1993-12-01,-0.315315402213178,-0.617883623488558,-0.7769399529889357,-1.0999512386561126,419.78573719221384,1162.915173393836,2.96
1994-01-01,-0.22396884030467348,-0.6497886246842505,-0.695383448991814,-1.108904583700239,420.07310513890667,1163.1605875642963,3.05
1994-02-01,0.02806565792818397,-0.6497886246842505,-0.7774595608423749,-0.78905919635621,420.13137832193433,1163.321203084465,3.25
1994-03-01,-0.20697444100673884,-0.6497886246842505,-0.7831944814250821,-0.5744549002863661,421.1463673825975,1163.7308892260262,3.34
1994-04-01,0.2138012889182477,-0.682918166669715,-0.9130545724162868,-0.40492391211828677,421.7359811868628,1164.034194959485,3.56
1994-05-01,-0.0018041864337684406,-0.682918166669715,-0.9573079821629745,-0.7546886057192876,422.1950307827175,1164.326928267147,4.01
1994-06-01,-0.12979658751055034,-0.682918166669715,-1.0044944665822295,-0.8210710118628098,422.86787575143114,1164.6048024033698,4.25
1994-07-01,-0.34879117072046617,-0.20331469675131084,-1.0165435901586979,-0.9466505000341197,423.00082631938096,1164.9272888854232,4.26
1994-08-01,-0.10198927401608365,-0.20331469675131084,-1.0041875669941305,-1.0275543668385592,423.66901207067366,1165.183487012574,4.47
1994-09-01,-0.16937499883290072,-0.20331469675131084,-1.0009702041072908,-0.8448926746461138,423.9830669968288,1165.4824253098236,4.73
1994-10-01,-0.5988784865716634,-0.6473875510539462,-1.002583953552733,-0.5714979894123692,424.7843601206147,1165.6653445252934,4.76
1994-11-01,0.0015324524377990677,-0.6473875510539462,-1.021655205735648,-0.4167792456505027,425.4656224162832,1166.0198260571092,5.29
1994-12-01,0.002913441710335266,-0.6473875510539462,-0.9690969893196474,-0.7166398305908989,426.48226500850643,1166.2844346212237,5.45
1995-01-01,0.5058450549114847,0.665863138726026,-0.9361760049350407,-0.9752162003409687,426.65231862830024,1166.5689469521858,5.53
1995-02-01,0.10757033051930906,0.665863138726026,-0.8485540765413423,-1.0845093656332276,426.5394498977991,1166.731040307116,5.92
1995-03-01,-0.14767601923402435,0.665863138726026,-0.8531587125759093,-0.9898600834039132,426.7054800136278,1166.9142579678075,5.98
1995-04-01,-0.5204756626935138,-0.9820414988505024,-0.8180077482448129,-0.9523399362398778,426.5327074346062,1167.0493157297954,6.05
1995-05-01,-0.49671318057925656,-0.9820414988505024,-0.8185339543093839,-0.9763544869809411,427.0225981331181,1167.0322298904973,6.01
1995-06-01,-0.3416713513661392,-0.9820414988505024,-0.90252463447455,-1.0265096905592714,427.3534832763384,1167.241330535524,6.0
1995-07-01,-0.2356102925419904,-0.9820414988505024,-0.9115248329715857,-0.9426417897973789,426.9344940023278,1167.3188852644967,5.85
1995-08-01,-0.7043693962916869,-0.9820414988505024,-0.8817511409290953,-0.9040140115692104,428.2514263015729,1167.5435394427502,5.74
1995-09-01,-0.44069004505387993,-0.9820414988505024,-0.9610544243079661,-1.004742826346213,428.65394392032084,1167.7363052665623,5.8
1995-10-01,-0.2674023340540163,-0.6527813455763164,-0.927573258900633,-0.6921622558677658,428.47803317923024,1167.8660218159785,5.76
1995-11-01,0.12002505204477448,-0.6527813455763164,-0.8218101966605117,-0.9487503006343172,428.7412337686935,1167.9837231814388,5.8
1995-12-01,-0.07154574097553117,-0.6527813455763164,-0.7109443872737483,-1.0466644232287412,429.08771621100186,1168.1190354774449,5.6
1996-01-01,0.12690418033481585,-0.9820414988505024,-0.5055983410970841,-0.8122382604937194,428.51370833186513,1168.1122742093664,5.56
1996-02-01,-0.22890675490726697,-0.9820414988505024,-0.3950125457005002,-0.6003387021244828,429.96662432451166,1168.467466415915,5.22
1996-03-01,-0.3269876695694519,-0.9820414988505024,-0.524029893494199,-0.22944726606430396,429.8441200616076,1168.681154294308,5.31
1996-04-01,-0.4315905625168299,-0.4844566853526332,-0.7056194412263365,-0.3907663075525229,430.8342418876597,1168.8205622530606,5.22
1996-05-01,-0.5911755396734703,-0.4844566853526332,-0.8609792802013273,-0.44904540699546425,431.5788002499521,1169.1046545436066,5.24
1996-06-01,-0.22487608182495658,-0.4844566853526332,-0.9473197208318853,-0.4152585888213922,432.3381380740705,1169.3328515941553,5.27
1996-07-01,-0.4531934877809395,-0.5266786624568532,-0.9899542398868892,-0.20006064637446663,432.3535126776415,1169.5405342564118,5.4
1996-08-01,-0.10835481699017528,-0.5266786624568532,-0.9992120801515872,-0.5014860077811818,432.864036206099,1169.6895662009706,5.22
1996-09-01,-0.28422697258400326,-0.5266786624568532,-1.0269517246691349,-0.3903909965053382,433.4879994179205,1169.8574811856859,5.3
1996-10-01,-0.7083313599871338,-0.9820414988505024,-1.0214736545980385,-0.4170605882645847,433.5176088229223,1170.0773389889714,5.24
1996-11-01,-0.36809212331438373,-0.9820414988505024,-1.0224466847806586,-0.46934220489674455,434.43208734012916,1170.3107712092692,5.31
1996-12-01,-0.4990474952436692,-0.9820414988505024,-1.0168220005197888,-0.025808668565937994,435.07075214937475,1170.4726944963313,5.29
1997-01-01,-0.34854622686660985,-0.9820414988505024,-1.0107076224009024,0.0030514567865470065,435.2291391867616,1170.648365369017,5.25
1997-02-01,-0.045791845723977334,-0.9820414988505024,-0.9882416200971289,0.09357225826680485,436.41592086672125,1170.9092397336235,5.19
1997-03-01,-0.4393841015061231,-0.9820414988505024,-1.025684101626353,0.09772043299884711,437.0485288827322,1171.1702550502414,5.39
1997-04-01,-0.4275264377308247,-0.6469067953932461,-1.0021887232551254,0.028726144332596945,437.1656803342691,1171.4142374866474,5.51
1997-05-01,-0.34083241545935516,-0.6469067953932461,-1.0329912681383269,0.06439540036088792,437.7181164320258,1171.6355984974418,5.5
1997-06-01,-0.18421115886295816,-0.6469067953932461,-1.0313335897707612,0.10102058186202363,438.1766600868022,1171.8442579367372,5.56
1997-07-01,-0.3256097520173984,-0.9820414988505024,-0.9705019038287487,0.14651675175116372,439.02725435277324,1172.0866034381804,5.52
1997-08-01,-0.6492968439103507,-0.9820414988505024,-0.881076982176778,0.49380300538127386,440.0227489621318,1172.0646701396897,5.54
1997-09-01,-0.7311815763740755,-0.9820414988505024,-0.9360093451771561,0.5926780536740932,440.93450650778914,1172.460353817516,5.54
1997-10-01,-0.030446968960208782,-0.9820414988505024,-0.9417447472464273,0.6006259825218968,441.81729150598875,1172.7423753459404,5.5
1997-11-01,-0.15683400487785773,-0.9820414988505024,-0.9252471946082619,1.733289308309442,442.6017203954916,1172.9849716470521,5.52
1997-12-01,0.16549847508756166,-0.9820414988505024,-0.9103202690192548,0.9275049217565955,443.0266647537833,1173.245449175404,5.5
1998-01-01,0.24289870049506126,0.2485489686942042,-0.8430543279429703,0.6000322089348777,443.4640431813779,1173.4515810684884,5.56
1998-02-01,0.1191035524245378,0.2485489686942042,-0.850006321500336,0.07447635044861001,443.62579214320476,1173.6205007037277,5.51
1998-03-01,-0.2047778880261686,0.2485489686942042,-0.8250761431618775,0.09617624569655905,443.66095124441733,1173.7388145850337,5.49
1998-04-01,-0.36652580083047537,-0.5339806039194428,-0.7398238446447936,0.3502788842337127,444.00348956247865,1173.9622694483735,5.45
1998-05-01,-0.26337018439453724,-0.5339806039194428,-0.6675122734831285,0.19338592475022479,444.6604608158198,1174.2806269937103,5.49
1998-06-01,-0.24953222047432974,-0.5339806039194428,-0.5199372725818502,0.3005648770274643,444.0587952872053,1174.4640178700104,5.56
1998-07-01,0.12399857460443967,0.3133826898905119,-0.398277625690776,0.0651071971745147,443.6734966178539,1174.5718311731985,5.54
1998-08-01,0.6524983063020299,0.3133826898905119,-0.19815814204306356,1.6493080691017428,445.7226867236817,1174.836115741367,5.55
1998-09-01,1.3542330878197777,0.3133826898905119,-0.2993297261467289,2.5484368623142593,445.6694539321856,1174.9924583054878,5.51
1998-10-01,0.9173292397367424,-0.9820414988505024,-0.4093875055556853,2.331480016997299,446.3507538416708,1175.1540709984824,5.07
1998-11-01,0.34389162679966295,-0.9820414988505024,-0.49733673909310666,0.9202534181850489,446.2749111252175,1175.3688870907843,4.83
1998-12-01,0.2964104153287945,-0.9820414988505024,-0.5274126284481997,0.8191647406280339,446.7269260845626,1175.6616464172098,4.68
1999-01-01,0.5225189427201504,-0.20546153110113224,-0.5269697713580453,1.1665191087857638,447.15805059506044,1175.7431211136407,4.63
1999-02-01,0.0071543546046289475,-0.20546153110113224,-0.501016656606566,1.2735134087708568,447.7643585600952,1176.069918790102,4.76
1999-03-01,-0.5016996985398626,-0.20546153110113224,-0.5255360946288788,0.7961281516210245,447.99096382903974,1176.1611998915014,4.81
1999-04-01,-0.4514792435242018,-0.17211358675504007,-0.5431361870009368,0.547317184005725,448.22056243819037,1176.4423209780966,4.74
1999-05-01,-0.5426557814788908,-0.17211358675504007,-0.5911096997799737,0.9177394812569233,448.85082716402894,1176.611701923615,4.74
1999-06-01,-0.3580050626433932,-0.17211358675504007,-0.6410451888869457,0.5674004428629171,448.7723593728281,1176.8218634220007,4.76
1999-07-01,-0.1468796818403014,-0.9820414988505024,-0.6843366164936805,0.21717288008559138,449.3493096046292,1177.0833662053897,4.99
1999-08-01,-0.31980345452170816,-0.9820414988505024,-0.6897594125064727,0.6621517757313398,449.75003392099165,1177.1991990175566,5.07
1999-09-01,-0.3111975522935348,-0.9820414988505024,-0.6553645332710812,0.691747228370629,449.3455078164464,1177.3526637642867,5.22
1999-10-01,-0.5324559955161329,-0.9820414988505024,-0.557403635247629,0.6210852174179073,450.56039620632635,1177.6658023665298,5.2
1999-11-01,-0.33268739282053805,-0.9820414988505024,-0.47837288432223796,0.32167759408618257,451.0439638164688,1177.8867935400915,5.42
1999-12-01,-0.2780108502542879,-0.9820414988505024,-0.31825772214035497,0.36801497839142644,451.8123171999835,1178.129474013952,5.3
2000-01-01,-0.10214583588181396,-0.9820414988505024,-0.12789621388962416,0.5097343122462559,451.6754186614521,1178.3036568123698,5.45
2000-02-01,-0.3863948526826425,-0.9820414988505024,-0.0896796820948809,0.5632064301499019,451.98726123255113,1178.386821341771,5.73
2000-03-01,-0.3876061034679963,-0.9820414988505024,-0.02699516600253921,0.44399973583655805,452.34220248551907,1178.7552692548209,5.85
2000-04-01,-0.4367087354207029,-0.9820414988505024,0.11352119785294681,1.0481530884145547,452.9356606266238,1178.9678027329282,6.02
2000-05-01,0.42828237154845133,-0.9820414988505024,0.24312121647818305,0.9406613975720937,453.20606383196446,1179.135233990767,6.27
2000-06-01,0.2725629604007121,-0.9820414988505024,0.30057760131606837,0.28388765416274875,453.2451095046027,1179.103436043738,6.53
2000-07-01,-0.14454342783017088,0.17301217949055042,0.17704096898720068,0.06007932331826299,453.0498362592438,1179.2282984275778,6.54
2000-08-01,-0.6494526670027996,0.17301217949055042,0.11105027626022414,-0.18510485665891077,452.77717291996834,1179.2328359414746,6.5
2000-09-01,-0.38301459664829546,0.17301217949055042,0.1562604906262042,0.032154240143677675,453.2375812224564,1179.3106978425928,6.52
2000-10-01,-0.08532116969005316,-0.4208130203628407,0.14932891090826012,0.7812395004838286,452.8482427506857,1179.3220318987992,6.51
2000-11-01,1.3023222538355634,-0.4208130203628407,0.1454495660077482,0.9419761627608988,452.87620319817023,1179.476047663008,6.51
2000-12-01,0.9978411618693662,-0.4208130203628407,0.27705619768362927,0.9620391265849754,452.5493661261395,1179.5966785772414,6.4
2001-01-01,0.8734986504593764,1.1214531676681916,0.3264170686946954,0.7429965989517234,452.07227919104713,1179.5868827449835,5.98
2001-02-01,0.6189967695191824,1.1214531676681916,0.29917092216926716,0.5382136773893467,451.41880267761013,1179.6509150495845,5.49
2001-03-01,0.7781642998590212,1.1214531676681916,0.2553267995656712,1.229239120623768,451.2135615020859,1179.6230472032498,5.31
2001-04-01,0.9852784767647135,-0.5171291375678682,0.29771002269132085,1.1799363084363006,450.853923434852,1179.40208930272,4.8
2001-05-01,0.4154202925909591,-0.5171291375678682,0.2854464079503004,0.4746874372335155,450.3751889562889,1179.3643343620377,4.21
2001-06-01,-0.020773856133770842,-0.5171291375678682,0.35384425193592767,0.20241927340315474,449.8457645645551,1179.2827350103048,3.97
2001-07-01,0.46742397268084607,1.3212974131570483,0.46247872860163625,0.38936300018192116,449.20328423740983,1179.1859383664298,3.77
2001-08-01,0.014498927961578202,1.3212974131570483,0.6684815008333927,0.3276082963910213,449.0884402809008,1179.0716279823982,3.65
2001-09-01,3.241413714051248,1.3212974131570483,1.0672181567474912,2.121824677507388,448.5806526804244,1178.8760133262629,3.07
2001-10-01,2.778016438742172,0.8354928037670812,1.1083241697526425,1.803298135493138,448.30613073499023,1178.6397044952894,2.49
2001-11-01,1.4170297556956308,0.8354928037670812,0.8480291537848694,0.9756894482062908,447.69958472645834,1178.4051235106292,2.09
2001-12-01,1.0025793453418252,0.8354928037670812,0.5256776564290557,0.5801245462337744,447.65683374571825,1178.2822822769938,1.82
2002-01-01,0.9796698728610471,0.718903808616748,0.3168362302822703,0.38075672961716667,448.3201402298353,1178.1875686639985,1.73
2002-02-01,0.1820529227386262,0.718903808616748,0.035545212229062643,0.4654060588166029,448.33166269809624,1178.0942950597805,1.74
2002-03-01,0.05294267168841112,0.718903808616748,-0.1490873529768882,-0.06330741888379743,449.0528959675886,1178.082820985439,1.73
2002-04-01,0.21034816905992917,-0.07619640884651491,-0.33068825339815805,0.06109231018856439,449.53999618415645,1178.0016999806,1.75
2002-05-01,0.07344776719281829,-0.07619640884651491,-0.4913425474690805,0.08654051693027888,449.94095903089254,1178.0139488782145,1.75
2002-06-01,0.301049160055223,-0.07619640884651491,-0.5173046606647483,0.7908875827485273,450.7624609545373,1178.0460950978663,1.75
2002-07-01,0.8197725404812218,0.6255864978184789,-0.5080385231126514,1.983790804014021,450.7302638905873,1177.9771976833872,1.73
2002-08-01,0.7553295666037927,0.6255864978184789,-0.5316971915518214,1.942097746852231,450.619148538231,1177.9749002851904,1.74
2002-09-01,1.005113307705827,0.6255864978184789,-0.5317994020374253,2.472711387664605,450.7040134078909,1177.9143831297945,1.75
2002-10-01,0.6253274107319173,2.100207456865311,-0.5339029670546619,2.145973439444464,450.4955297741974,1178.002465580658,1.75
2002-11-01,1.2302274594463525,2.100207456865311,-0.4428375568011108,1.185507736222958,451.05418736592924,1178.0016999806,1.34
2002-12-01,1.1972952221059077,2.100207456865311,-0.2962188455315258,1.190328541915245,450.4965246368373,1177.8860270539321,1.24
2003-01-01,1.6554180131303406,2.418447419199847,-0.13582506833910485,1.0834943110700586,451.34506520922724,1177.9687736319495,1.24
2003-02-01,1.2218285419159836,2.418447419199847,-0.05308277823712092,1.7349620875835696,451.4638073020199,1177.867629623388,1.26
2003-03-01,2.3659830887426936,2.418447419199847,-0.05490095164471487,1.5196963402205144,451.20061016725714,1177.7095789836035,1.25
2003-04-01,1.491460848380509,1.247084561483143,0.05474660164202388,0.617073271741104,450.60313863634855,1177.6619613979908,1.26
2003-05-01,0.5040886069360757,1.247084561483143,-0.09522559066028081,0.10716791797970582,450.5758606932676,1177.6803967016492,1.26
2003-06-01,0.29278183552351905,1.247084561483143,-0.2022290286232675,0.1238627886993049,450.7035721644227,1177.6719476093456,1.22
2003-07-01,0.16638490621678037,1.176723164441232,-0.20185596323820643,-0.03934163195227999,451.2160857194826,1177.670411334045,1.01
2003-08-01,-0.05255924862231477,1.176723164441232,-0.22254038486510308,-0.023996822131253023,450.9976699374851,1177.6465960483604,1.03
2003-09-01,0.2720122490746058,1.176723164441232,-0.22232304972308428,0.01107534814015313,451.64034510769903,1177.7226314584098,1.01
2003-10-01,-0.29140946916586763,-0.5729617063658066,-0.2983680670749809,-0.19396714900247952,451.7634307835408,1177.8660963513855,1.01
2003-11-01,-0.28940610954155316,-0.5729617063658066,-0.42632771362082156,-0.2785476232989956,452.4316899884605,1177.8975237294896,1.0
2003-12-01,-0.07749527749198007,-0.5729617063658066,-0.5462468258883874,-0.3566412388265205,452.46128459140147,1177.9810265630956,0.98
2004-01-01,-0.1150833360621343,0.189015730794983,-0.5730195774568704,-0.4552098027062003,452.6133472133049,1178.1088269975635,1.0
2004-02-01,-0.10373248631193144,0.189015730794983,-0.5846728562733372,-0.46914910021094247,453.21477782422096,1178.1585255577106,1.01
2004-03-01,-0.18688836722674068,0.189015730794983,-0.545661320552757,-0.2396374955463374,452.81390223934415,1178.402073381761,1.0
2004-04-01,-0.2706516921936355,-0.9820414988505024,-0.5445174382977309,-0.5098952106330729,453.1846521569248,1178.609270506376,1.0
2004-05-01,0.0473943728774207,-0.9820414988505024,-0.47263672506625215,-0.23724467661357368,453.90442722759855,1178.8259108428645,1.0
2004-06-01,-0.1697209191648115,-0.9820414988505024,-0.4072910059656821,-0.5582503330133071,453.1211433469797,1178.899537649383,1.03
2004-07-01,-0.10273154163969768,-0.14628531006386572,-0.49042202728612555,-0.5365552367434404,453.86553131534635,1178.9450528826,1.26
2004-08-01,-0.184723642913045,-0.14628531006386572,-0.5742451554891288,-0.3759744638511728,453.9326279872831,1179.0094973545472,1.43
2004-09-01,0.2530111199493273,-0.14628531006386572,-0.5297478322699044,-0.7297110084411278,454.05964642309857,1179.1231216793446,1.61
2004-10-01,0.43188917467872473,-0.5746866116969543,-0.4280351899803988,-0.60838200611846,454.9091776968219,1179.3801931733396,1.76
2004-11-01,0.03807427483269568,-0.5746866116969543,-0.32313066761200543,-0.7981082113504931,455.15721324192134,1179.4360565661532,1.93
2004-12-01,-0.5107000166226264,-0.5746866116969543,-0.0952288951138145,-0.9500415353499451,455.9508373420149,1179.5318575488398,2.16
2005-01-01,-0.5070348776299134,-0.5712963038449844,-0.03052907875610164,-0.8170808318736964,456.30984525360196,1179.6456433499498,2.28
2005-02-01,-0.7806432518463414,-0.5712963038449844,-0.16278841058918841,-1.052039170316896,457.03312985987907,1179.836001363153,2.5
2005-03-01,-0.8240724547255054,-0.5712963038449844,-0.22417175311600415,-0.8594286244516562,456.8979118819173,1179.9261632097646,2.63
2005-04-01,-0.29486833498174747,-0.24338240165441877,-0.26542441223000235,-0.6783322202575554,457.1129314262995,1180.2006558335715,2.79
2005-05-01,-0.355000448348082,-0.24338240165441877,-0.19049874205486275,-0.7451117031359518,457.2029034789847,1180.3271485958169,3.0
2005-06-01,-0.22919427630287784,-0.24338240165441877,-0.06909509427081827,-1.030339275068947,457.6516563947311,1180.5206943916905,3.04
2005-07-01,-0.4123327355542459,0.4611437198002522,0.11184762567749379,-1.1417184168084122,457.3345097659094,1180.7831382511329,3.26
2005-08-01,-0.636521112893988,0.4611437198002522,0.33312791775112216,-0.8832171655363023,457.65988860056564,1180.933434780195,3.5
2005-09-01,0.2031654386761656,0.4611437198002522,0.7414573636136416,-0.9271375610205728,455.703505723611,1180.9706020407268,3.62
2005-10-01,-0.268776282344431,-0.19465500934401536,0.7453050632229059,-0.6132998750126053,456.90993866433206,1181.0367256050415,3.78
2005-11-01,-0.6283226759921391,-0.19465500934401536,0.5860902520733476,-0.9924287414704778,458.02769032648155,1181.3007834951427,4.0
2005-12-01,-0.44713345648582087,-0.19465500934401536,0.3329250481715331,-1.1130459469795193,458.5428596829047,1181.4207142162206,4.16
2006-01-01,-0.3552101728444758,-0.16134898743247095,0.2898462145268694,-1.0075964844808423,458.70051970299625,1181.6188028739,4.29
2006-02-01,-0.4568672833080654,-0.16134898743247095,0.20220359044527475,-0.9484778425238384,458.7426697210301,1181.8444999751646,4.49
2006-03-01,-0.720378735056003,-0.16134898743247095,0.039433684968428175,-1.0540821619203085,458.9678811870047,1182.0689537454698,4.59
2006-04-01,-0.23563240146763223,-0.9820414988505024,0.007303737977829822,-1.0332293435147042,459.27108903133177,1182.1953091441387,4.79
2006-05-01,-0.4874680922857876,-0.9820414988505024,-0.0030085798033259673,-0.6789440125601762,459.2965004869729,1182.2239373049015,4.94
2006-06-01,-0.21862932655926914,-0.9820414988505024,-0.016310710439826636,-0.3441024379319382,459.6126414086154,1182.2885040860695,4.99
2006-07-01,-0.18427647412611647,-0.5607528115562394,-0.015036504812634145,-0.560523376722276,459.5613667580622,1182.4292325254407,5.24
2006-08-01,-0.42005508668932606,-0.5607528115562394,0.03973993217611273,-0.8288026905467898,459.99928064589557,1182.5485498687913,5.25
2006-09-01,-0.5976937036268068,-0.5607528115562394,0.1842767491849587,-0.9874170448145361,459.8329844102016,1182.6465324591295,5.25
2006-10-01,-0.7090724852706738,-0.6089216888515396,0.06318682519278832,-1.106745662786182,459.718236814589,1182.6589562265433,5.25
2006-11-01,-0.8187873492927702,-0.6089216888515396,-0.06320124710058461,-1.1731604233303234,459.6761935517553,1182.8174065139815,5.25
2006-12-01,-0.7925901111228332,-0.6089216888515396,-0.05820820908738049,-1.1532009935882295,460.6903682614242,1182.9552073370735,5.24
2007-01-01,-0.36556622770742736,-0.2099397937464447,-0.06483462113885574,-1.142601691945321,460.3514816619926,1183.1175538988427,5.25
2007-02-01,-0.7958470289827145,-0.2099397937464447,-0.1038308585576417,-1.1272784775256646,461.28932859276006,1183.1815464546203,5.26
2007-03-01,-0.40159266012855294,-0.2099397937464447,-0.16474696904651392,-0.5827102598815571,461.46719013769035,1183.3442520515582,5.26
2007-04-01,-0.6324427957406056,1.5427019610328043,-0.27290261798859783,-0.8857045155873969,462.1372221278656,1183.3899653429494,5.25
2007-05-01,-0.42692820359436634,1.5427019610328043,-0.42905208169900394,-0.8361422799331454,462.23281427534664,1183.4950991444466,5.25
2007-06-01,-0.47019438845741346,1.5427019610328043,-0.4085182118400968,-0.6119409901865918,462.29049905371744,1183.5516081910198,5.25
2007-07-01,-0.9064150819333551,2.4153627394190953,-0.2895940935478684,-0.2959032049365064,462.17047338271817,1183.5327753900197,5.26
2007-08-01,-0.08361369355163374,2.4153627394190953,-0.06878141903111867,0.7576067209009789,462.36287732120303,1183.5103162601079,5.02
2007-09-01,0.2781743690550904,2.4153627394190953,0.04378089265832316,0.37343101217166386,462.5848899996448,1183.5726098241548,4.94
2007-10-01,-0.07210110416116507,-0.2736409330416656,0.1357216134306871,-0.04555329322218107,462.30248387819336,1183.6276276701462,4.76
2007-11-01,0.21765323528882413,-0.2736409330416656,0.3436493627287998,0.8332006678785498,462.8345550578648,1183.7108208458703,4.49
2007-12-01,0.4073175818309095,-0.2736409330416656,0.4230922768194759,0.2989712757315029,462.8694311284961,1183.7867194345474,4.24
2008-01-01,1.499872514240958,-0.32962158269711916,0.4343045426503201,0.864972689286779,462.7369937883993,1183.78382911495,3.94
2008-02-01,0.24946620438160488,-0.32962158269711916,0.5308712853351855,0.8160269520297839,462.34402669858576,1183.7390184752874,2.98
2008-03-01,0.361536413909073,-0.32962158269711916,0.634673201419349,1.0399032271155713,462.0389778184776,1183.6884016723207,2.61
2008-04-01,0.06539994540420133,0.3791427616566638,0.9038382527076507,0.2869760287673258,461.391682239465,1183.529877721194,2.28
2008-05-01,-0.10788157470669915,0.3791427616566638,1.2807104982097504,-0.15593806785707665,460.7840617210616,1183.392867068751,1.98
2008-06-01,-0.0994497234982328,0.3791427616566638,1.592746819582866,0.3614087980467789,460.550512988812,1183.2832684716748,2.0
2008-07-01,0.37296474858815526,0.394802819465125,2.0058995701326645,0.6619047057629738,460.1924925823062,1183.1357377668924,2.01
2008-08-01,-0.24452266408482848,0.394802819465125,2.6503016745666947,0.16915894956643404,458.61005100174515,1182.9275165987199,2.0
2008-09-01,2.612046762023597,0.394802819465125,3.4237332123429036,1.4659233263911078,454.1052909447889,1182.5982843753238,1.81
2008-10-01,2.677551390140513,-0.29431951196646516,4.151895026053837,5.670152612788024,455.09452300561355,1182.2547584690114,0.97
2008-11-01,1.2391783519168338,-0.29431951196646516,4.100771666563743,5.872837903049834,453.7656576995542,1181.7029456558712,0.39
2008-12-01,1.1503075050466232,-0.29431951196646516,3.878330384722744,4.478085669654588,450.90523801416344,1181.1896081379364,0.16
2009-01-01,1.641339806073625,1.6945281147570728,3.7755261673563796,3.42875480700667,448.3793199821491,1180.6184457454208,0.15
2009-02-01,1.9639164174457506,1.6945281147570728,3.3033209958221965,3.5493594113281017,447.768902517201,1180.0492530809001,0.22
2009-03-01,1.335201655577333,1.6945281147570728,2.8243536680899495,3.4440360845501172,446.1909329546052,1179.4292640364238,0.18
2009-04-01,0.2424163542294668,0.8692910762004112,2.4766311842156865,2.529283057147588,445.3584214482981,1178.9207806696136,0.15
2009-05-01,0.5702188656991666,0.8692910762004112,2.211657564218501,1.702291635556036,444.3433303552957,1178.6503542035734,0.18
2009-06-01,0.3251137204026247,0.8692910762004112,2.0883186147683364,1.3167018894253888,443.96573675092054,1178.301366902096,0.21
2009-07-01,0.17742592844149555,-0.3453479049988976,1.9137995843290658,0.9120630487337106,445.08843303583296,1178.0369115181004,0.16
2009-08-01,0.30149293066523625,-0.3453479049988976,1.527589884440834,0.7998756352405906,446.1791611476078,1177.8913923336754,0.16
2009-09-01,0.08017208321548246,-0.3453479049988976,1.2840365730389913,0.744096648572783,447.0567362443543,1177.7180248971301,0.15
2009-10-01,-0.15212270863143434,0.7521679080937445,1.0381537976016124,0.6524542794729676,447.3259194090623,1177.5758850152617,0.12
2009-11-01,0.09417455019349853,0.7521679080937445,0.9127067997362076,0.58950085153327,447.75879193123853,1177.572809488001,0.12
2009-12-01,0.25094626837993,0.7521679080937445,0.827093350634433,0.24305934189024075,448.1637779327259,1177.3811714634846,0.12
2010-01-01,0.7688800553855024,0.9165964865776889,0.8319821007894477,0.16201714134550446,449.2478417806307,1177.3765491453912,0.11
2010-02-01,0.4024172911482221,0.9165964865776889,0.7723918210906984,0.41977613676413666,449.6224361897403,1177.3025629835936,0.13
2010-03-01,0.5473473518288136,0.9165964865776889,0.6931995428216831,-0.2287664169382266,450.3057723024729,1177.4258428599005,0.16
2010-04-01,0.5294210356524144,0.8657493066494305,0.48429510404482407,-0.27539051494382044,450.64442792247587,1177.6212380587287,0.2
2010-05-01,0.9671803710833919,0.8657493066494305,0.3801666094870134,1.695701044149869,451.9862810907681,1178.0216036773948,0.2
2010-06-01,0.639128868607331,0.8657493066494305,0.054208526552943025,1.4221389984256472,452.17103131169335,1177.9205131161573,0.18
2010-07-01,1.8620186549425233,0.2874002468271299,-0.1336374353828902,0.8308711510339545,452.5500158860533,1177.8476952534015,0.18
2010-08-01,0.593571412030834,0.2874002468271299,-0.29585489706718643,0.7195337758843803,452.91580944568307,1177.8476952534015,0.19
2010-09-01,1.6763338717574365,0.2874002468271299,-0.3732991412115919,0.4167348231059151,453.21015197227,1177.7909372098768,0.19
2010-10-01,1.0945268118390463,-0.4068731347074333,-0.388031186040609,0.12535109112779597,452.9263828477605,1178.0047623456649,0.19
2010-11-01,1.4635229213951702,-0.4068731347074333,-0.42315743493020025,0.08762586000560157,453.01330130302165,1178.1034733714366,0.19
2010-12-01,1.0361357755246605,-0.4068731347074333,-0.2252278092507376,-0.2556513892568532,453.9870842164994,1178.1654049504923,0.18
2011-01-01,0.30728735668449153,0.14246898124935883,-0.25325580621356214,-0.29017324058681454,453.77624860240655,1178.170755262149,0.17
2011-02-01,0.18119680653604942,0.14246898124935883,-0.18954071997391703,-0.27461400932895563,453.3783737895124,1178.338762205224,0.16
2011-03-01,1.0777702036614036,0.14246898124935883,-0.19576789994975854,0.17293175402126784,454.4132728966929,1178.5110577422433,0.14
2011-04-01,0.5502415770408408,-0.4203464642364228,-0.2668144851040676,-0.43577774969420174,454.08972295850845,1178.749950126093,0.1
2011-05-01,-0.18291732145479836,-0.4203464642364228,-0.28919451861763357,-0.34508189387796134,454.2102582520517,1178.8304666515214,0.09
2011-06-01,0.808433892872801,-0.4203464642364228,-0.28747080218080906,-0.04045344680992767,454.51228974827035,1179.003433762625,0.09
2011-07-01,2.0478319134244303,0.6012437628805508,-0.2092084857681455,-0.030354461852960896,455.0037953350042,1179.049659367128,0.07
2011-08-01,3.4397450650538586,0.6012437628805508,-0.1441843333843091,2.1169051205575578,455.6766397166091,1179.1503723172539,0.1
2011-09-01,2.180023593511034,0.6012437628805508,-0.25553698150812626,2.3208560083575542,455.59389745716203,1179.3159872286851,0.08
2011-10-01,0.7866260969479835,0.6606052540317863,-0.35114996884100946,1.8179392051299406,456.28554111588545,1179.4737844429742,0.07
2011-11-01,0.8935196814193321,0.6606052540317863,-0.47612739765037243,1.6973867084221381,456.276881991693,1179.5770859530483,0.08
2011-12-01,1.6098788523855938,0.6606052540317863,-0.5100244225799181,0.7605326840874267,456.80610818184914,1179.7261947170914,0.07
2012-01-01,1.0882550822007382,-0.4382358489272024,-0.5915002276414006,0.10560196498972807,457.40076384342296,1179.9952322815793,0.08
2012-02-01,0.45179283715467783,-0.4382358489272024,-0.7297851134589004,-0.1400164673122808,457.7218142218522,1180.192417028044,0.1
2012-03-01,0.07541387382293983,-0.4382358489272024,-0.7540343883125221,-0.44620410235925356,457.2026967394837,1180.3712711375424,0.13
2012-04-01,0.043057593517378694,2.1046796339959313,-0.7974963810910932,-0.2212098356666101,457.91947259006196,1180.428825526158,0.14
2012-05-01,0.7509773611148353,2.1046796339959313,-0.781578917265116,0.21075494352636578,458.1501274237169,1180.5087487443716,0.16
2012-06-01,1.8713653361192584,2.1046796339959313,-0.792082036589635,0.22830279389865712,458.15565660756994,1180.5692089152778,0.16
2012-07-01,1.5683050895305648,0.8936851999290752,-0.7409464123448919,-0.2562367097771491,458.3653350275842,1180.67660348875,0.16
2012-08-01,0.8797059121644771,0.8936851999290752,-0.6903520566056398,-0.5111190510043276,457.9365079806139,1180.8121734993836,0.13
2012-09-01,1.5920231716415971,0.8936851999290752,-0.7021630316607369,-0.5661305646359329,457.86311197509144,1180.944586408902,0.14
2012-10-01,1.3013101698744496,3.8226785821362035,-0.6862713550301779,-0.43140343473046194,458.20990830401007,1181.0575194857745,0.16
2012-11-01,2.024259312256642,3.8226785821362035,-0.5866092651987281,-0.3735537664230135,458.5760021668242,1181.1732920205427,0.16
2012-12-01,2.1895906277131787,3.8226785821362035,-0.5231405494544145,-0.2913282926889265,458.8126768568835,1181.3578055390396,0.16
2013-01-01,1.905896293174989,2.430077513945336,-0.5566300923776493,-0.807943949138784,458.83718811921926,1181.4931951376825,0.14
2013-02-01,0.6178479849607366,2.430077513945336,-0.6709945200047746,-0.7308417095996156,459.3037886371524,1181.7066345085277,0.15
2013-03-01,0.9372081672637852,2.430077513945336,-0.7712912416985811,-0.8723195000511605,459.70583740228506,1181.8120781372993,0.14
2013-04-01,0.742985610721504,-0.37501343678778426,-0.9533857290525463,-0.7451587640823072,459.61950294978067,1181.9475904903954,0.15
2013-05-01,0.26244388040159794,-0.37501343678778426,-1.0217220763531694,-0.8095204908416918,459.6975702731922,1182.1115798053359,0.11
2013-06-01,0.5826132834753182,-0.37501343678778426,-1.0544168563259542,-0.29615233382127565,459.9048486563044,1182.245953391411,0.09
2013-07-01,-0.057593197485902796,0.19547313805192623,-1.0257207306988916,-0.7441704842088425,459.5941734517294,1182.3281039809872,0.09
2013-08-01,0.2575376805520159,0.19547313805192623,-1.058119623373698,-0.7121749233054246,460.1707196756425,1182.5148919065364,0.08
2013-09-01,1.5516795901630447,0.19547313805192623,-1.1585041519792847,-0.6466766746915555,460.6778891327507,1182.642878116125,0.08
2013-10-01,2.3791935945002076,-0.15789850060187605,-1.1235278408153686,-0.5494041539285448,460.5989849971768,1182.80354301109,0.09
2013-11-01,-0.08528976091063319,-0.15789850060187605,-1.1129628109590828,-0.8869275119308095,460.8323209979495,1183.0047400551744,0.08
2013-12-01,0.37147310835031266,-0.15789850060187605,-1.0694091355174424,-0.7145691489512587,461.0331841693609,1183.0447853432893,0.09
2014-01-01,0.23837518673735644,0.12268835382583894,-0.9844670660058306,-0.7079688512249057,460.67679089487336,1183.1822734074883,0.07
2014-02-01,-0.022446476601763504,0.12268835382583894,-0.9862343875372066,-0.5409554352276759,461.42964149863496,1183.2919826889256,0.07
2014-03-01,0.11672495258339516,0.12268835382583894,-1.0700831098062737,-0.6270181408752218,462.39350200611614,1183.4900262579367,0.08
2014-04-01,0.043489870554211274,0.2540225510758748,-1.1668809285492774,-0.7137926433363935,462.490222255751,1183.7166056232304,0.09
2014-05-01,0.13485152500825834,0.2540225510758748,-1.1852419978393014,-0.9479090862182135,462.87265435290254,1183.8719463020575,0.09
2014-06-01,-0.15709489983671407,0.2540225510758748,-1.1380480340638657,-1.0748030454474142,463.2152857317978,1184.1142290692446,0.1
2014-07-01,-0.2928649517384797,-0.588324926290938,-1.013590398656342,-0.9722160650108083,463.4371642835977,1184.2747063616102,0.09
2014-08-01,-0.5590141017697764,-0.588324926290938,-0.8859072380799397,-0.8097557955734691,463.2481805009503,1184.4162593724095,0.09
2014-09-01,-0.15258042623340892,-0.588324926290938,-0.7926818941905284,-0.8131853620391232,463.53511247596526,1184.6271391200369,0.09
2014-10-01,0.3407957400114459,0.260458320947245,-0.6120681053257351,-0.18918151113695256,463.5470460843679,1184.7953802527868,0.09
2014-11-01,-0.025782393955908364,0.260458320947245,-0.3827889849003804,-0.820456587862531,464.1623612193868,1185.0033213896427,0.09
2014-12-01,-0.1307711688858521,0.260458320947245,-0.15047168529019903,-0.4292180420340801,464.154454442214,1185.1994327438706,0.12
2015-01-01,0.4719658176987298,1.3835616948165619,0.0689656167947384,-0.045030417973910865,463.3665315934663,1185.3446636437727,0.11
2015-02-01,-0.1272390193624231,1.3835616948165619,0.23796747460464868,-0.48195122567707327,462.7259412708348,1185.5287465685856,0.11
2015-03-01,0.02503294868575675,1.3835616948165619,0.23119261634993765,-0.6302712287920428,462.3907540199973,1185.5968920903,0.11
2015-04-01,0.16268630802425857,1.829936902177825,0.06367506696302803,-0.8093675427660365,461.84367940884766,1185.7904275028118,0.12
2015-05-01,0.1403761044853327,1.829936902177825,-0.05408392357577442,-0.8306017358925344,461.4013964243633,1186.0323511248748,0.12
2015-06-01,0.387111477180948,1.829936902177825,-0.20038136083815766,-0.6945711880593356,461.08639457300126,1186.1530938128997,0.13
2015-07-01,0.07517167031330181,0.729452034083587,-0.2607263973227836,-0.6927799307886814,461.73240279206203,1186.3518954293093,0.13
2015-08-01,1.126200005442006,0.729452034083587,-0.3085675575553641,-0.0030958793311346862,461.5483817176334,1186.4462231052837,0.14
2015-09-01,1.406911325217734,0.729452034083587,-0.2934269962289531,0.6694226919432581,461.2688849862779,1186.5517083471325,0.14
2015-10-01,0.29289820020200374,-0.6123687948406388,-0.31923992539616514,-0.3616444056859355,460.78416145432504,1186.7651511040626,0.12
2015-11-01,-0.09132028936863588,-0.6123687948406388,-0.24249126792187825,-0.4403979581026488,460.04570968115644,1186.9256349727389,0.12
2015-12-01,0.1339125476125432,-0.6123687948406388,-0.04617926383710606,-0.19369859468903802,459.55409735708787,1187.1138225862112,0.24
2016-01-01,1.0962477478285138,-0.4271230229305677,-0.09494201562783708,0.5798384652177716,460.0767508410793,1187.2067363472747,0.34
2016-02-01,0.9773421246264967,-0.4271230229305677,-0.1637149526720947,0.4166507016643048,459.5569244091493,1187.343504727653,0.38
2016-03-01,0.652918977575654,-0.4271230229305677,-0.23963876079548665,-0.48944134682333157,458.81216826084767,1187.5218597291596,0.36
2016-04-01,0.03293725580899792,-0.14343526068292164,-0.4511893623218157,-0.699880251070061,459.1498148167183,1187.655417533623,0.37
2016-05-01,0.029460749587324492,-0.14343526068292164,-0.5943306651723956,-0.6248180416331042,458.92277784473265,1187.6873892875458,0.37
2016-06-01,2.535346324871097,-0.14343526068292164,-0.6508919397518331,-0.22779425032356795,459.39403669388963,1187.8588891195457,0.38
2016-07-01,1.270926641982013,1.4053897598499274,-0.6818145598793249,-0.8550616627607842,459.5111769293859,1188.1173185261578,0.39
2016-08-01,0.2234653474755953,1.4053897598499274,-0.7213467741404038,-0.9581921587628941,459.3603549616626,1188.2148353140335,0.4
2016-09-01,-0.15027097678297643,1.4053897598499274,-0.7577839782506175,-0.7108807472806495,459.2547858529353,1188.4261409294145,0.4
2016-10-01,0.24490664810106666,1.0422934687176584,-0.7077721814645581,-0.6611843879292847,459.2703802527547,1188.4937196819174,0.4
2016-11-01,2.901862308515044,1.0422934687176584,-0.5975982191503112,-0.5727274566359053,458.85233938018405,1188.575029462864,0.41
2016-12-01,1.2157340016658107,1.0422934687176584,-0.5374359580038931,-0.9482973390256458,459.5335988391196,1188.7298863200715,0.54
2017-01-01,1.827330259848407,1.9134788478751907,-0.5875873338135044,-1.0656888107929356,459.2703802527547,1188.8810703948277,0.65
2017-02-01,1.5132541629345462,1.9134788478751907,-0.6495917838907691,-1.0762845364231437,458.8680983232897,1189.030654948269,0.66
2017-03-01,1.0917423439033012,1.9134788478751907,-0.674402478302946,-1.0263727278594168,459.5258224398814,1189.1156400124623,0.79
2017-04-01,1.1475392574270995,-0.2796750589433369,-0.6727695129808806,-0.858076241466915,460.5394160903837,1189.255981304387,0.9
2017-05-01,0.641964527672124,-0.2796750589433369,-0.6871690254587121,-1.1670925025596168,460.6577195685547,1189.3961259155217,0.91
2017-06-01,0.4736802466665453,-0.2796750589433369,-0.7473781736516261,-1.214468168993828,460.86351759707566,1189.5347099909782,1.04
2017-07-01,0.8466485888470187,-0.6154352180773128,-0.7550881489547638,-1.248322931409201,460.62376160818286,1189.6635641275363,1.15
2017-08-01,0.7869981840345374,-0.6154352180773128,-0.6989622283114131,-1.015797058996091,460.2090448461168,1189.7636693485174,1.16
2017-09-01,0.40056991109192175,-0.6154352180773128,-0.6362128858939781,-1.2247462796778603,460.31220900707723,1189.8242286048771,1.15
2017-10-01,0.5687856144664087,0.08055901177860321,-0.6314846327432775,-1.267217607240003,461.53650413981387,1189.9200957851915,1.15
2017-11-01,0.303464162608238,0.08055901177860321,-0.7285603741983455,-1.21082094565128,461.77546681787067,1190.0715281398384,1.16
2017-12-01,0.8323091709279457,0.08055901177860321,-0.7284378387508817,-1.248322931409201,461.9707998042306,1190.173937480924,1.3
2018-01-01,1.207408908126548,-0.9820414988505024,-0.6646714758475063,-1.139900099493603,461.96892720872944,1190.2667612613157,1.41
2018-02-01,0.3666485178893416,-0.9820414988505024,-0.6210446464671078,0.40954874044203243,462.2110878716347,1190.533235106412,1.42
2018-03-01,1.682786115151564,-0.9820414988505024,-0.6960336147809336,-0.0580336515828385,462.6997233350731,1190.6857657264668,1.51
2018-04-01,0.8083881931504104,0.44159028492524877,-0.6667606380051926,-0.16079122794998368,463.7955815253902,1190.7801371524124,1.69
2018-05-01,1.231233408384331,0.44159028492524877,-0.6298513379158155,-0.7237872118186343,462.89101498307537,1190.9968540448992,1.7
2018-06-01,0.7241038222628341,0.44159028492524877,-0.7411723469663303,-0.7844546542891153,463.66494730147093,1191.1433092510895,1.82
2018-07-01,1.4846420565443912,1.0987961203000607,-0.8309862086682174,-0.8565402588690896,463.8262543687953,1191.1835804107718,1.91
2018-08-01,0.3703930077082496,1.0987961203000607,-0.882146266235611,-0.9381633780664287,464.47052727977194,1191.3558919416212,1.91
2018-09-01,0.4799885207304455,1.0987961203000607,-0.8721780007120243,-0.8887584304332284,464.53558180727146,1191.4101387659964,1.95
2018-10-01,0.7552492798765714,0.7139975314380695,-0.7758910789743603,-0.013412712989504954,464.42524280162274,1191.523225751299,2.19
2018-11-01,1.279728782284209,0.7139975314380695,-0.5969663021573471,-0.008402001032712625,464.50454925406655,1191.5833974430027,2.2
2018-12-01,2.40109116901913,0.7139975314380695,-0.39558360294958583,0.7476965013574863,464.5290494384208,1191.7116428367328,2.27
2019-01-01,3.448302701950833,2.2678748815022143,-0.3698791805178656,0.016510887444208047,463.862527134585,1191.879049309972,2.4
2019-02-01,0.5282763460300084,2.2678748815022143,-0.4159852026980089,-0.5729249887660027,463.3146182855784,1191.88371400192,2.4
2019-03-01,1.5651786398166962,2.2678748815022143,-0.4350663565516721,-0.6747732361894238,463.3521463348325,1192.035530838798,2.41
2019-04-01,0.2744213380321723,2.1417789600657433,-0.3232280248736479,-0.8835238289856512,462.76554862071634,1192.2322831605998,2.42
2019-05-01,1.2054248717584544,2.1417789600657433,-0.3318783634034916,-0.3708477620075748,462.880858455349,1192.2502109118107,2.39
2019-06-01,2.0629520528945737,2.1417789600657433,-0.3068759616910651,-0.49122025059556773,462.9252856504048,1192.396169220192,2.38
2019-07-01,2.058478032653641,1.890380938776009,-0.24755325144573834,-0.8350304650754977,462.43922526346824,1192.4617810194143,2.4
2019-08-01,3.4189561583010937,1.890380938776009,-0.11876784453407925,-0.0641103962809872,463.12179774695846,1192.6153695251746,2.13
2019-09-01,1.6745044686770154,1.890380938776009,0.04108633366318777,-0.5288613602761523,462.7828535746203,1192.744941756674,2.04
2019-10-01,1.1809223156351363,4.33765038727858,0.3126491628020264,-0.541428090819333,461.9350173081922,1192.8076842667813,1.83
2019-11-01,1.3804879636168446,4.33765038727858,0.6659746665447634,-0.9413508492126655,462.4356937397135,1192.9442607064761,1.55
2019-12-01,1.7448090497341742,4.33765038727858,1.1506943044846503,-0.7737777020847207,462.2030252902671,1193.0279617470806,1.55
2020-01-01,1.2763284442347647,4.068702417784243,1.907126922023336,-0.7487353960053221,461.5455114322625,1193.1839726402397,1.55
2020-02-01,2.2121374045937325,4.068702417784243,2.9476315584718695,0.024197611886096326,461.8811715778635,1193.3561575909703,1.58
2020-03-01,6.025315816436189,4.068702417784243,4.794149726993783,5.202618351888352,457.890628957761,1192.4339509680804,0.65
2020-04-01,5.573485947155967,1.256617182164649,5.278236393369168,2.989945013166293,443.74838105621535,1177.856129510291,0.05
2020-05-01,7.447774344835976,1.256617182164649,5.561537368256973,1.555396185863936,445.3886725090612,1179.840511386681,0.05
2020-06-01,3.7412981685141937,1.256617182164649,5.092471915187863,1.585637549991954,451.7359216682439,1183.2622059777248,0.08
2020-07-01,6.0641811112426565,0.25804237161435933,4.3513192578455895,1.0041583794421964,455.41463289832393,1184.4062063787633,0.09
2020-08-01,3.0723391192471654,0.25804237161435933,3.6101927952460846,0.4672723968733837,456.3878289414491,1185.5244859311936,0.1
2020-09-01,2.8743264292586,0.25804237161435933,2.845926806977184,1.1138427388510357,456.4003340346856,1186.1961305111677,0.09
2020-10-01,3.841844761552343,0.49308455791579997,2.3113453251165508,1.3572213642374389,457.2020765184162,1186.6816537532345,0.09
2020-11-01,4.23924914593109,0.49308455791579997,2.017166921241817,0.7534503057918449,457.55518619751615,1186.8731031109573,0.09
2020-12-01,4.221183268311634,0.49308455791579997,1.9139801961622012,0.3972310021507248,458.8664717086205,1186.7434064077538,0.09
2021-01-01,3.032944299315758,-0.9820414988505024,1.9486150821366843,0.7418318405294262,459.3929242652809,1186.9641408068483,0.09
2021-02-01,1.6904952588631603,-0.9820414988505024,2.2823014821108085,0.5013807465789706,456.03286656533857,1187.3253727406864,0.08
2021-03-01,1.3132657593065789,-0.9820414988505024,2.2794607426468354,0.3250677725858653,458.88944518858364,1187.9178393222037,0.07
2021-04-01,0.8495928980496538,-0.21480211998567803,1.8455049319904977,-0.2764905645648796,459.06523097631566,1188.1636681484079,0.07
2021-05-01,1.4098865634397986,-0.21480211998567803,1.618837499387043,0.042074099373579046,459.948706761955,1188.4937196819174,0.06
2021-06-01,0.9920695635685373,-0.21480211998567803,1.4352816662642132,-0.33891396859624867,460.31551571804744,1189.0128263360423,0.08
2021-07-01,1.5931916425976713,0.0628258219649287,1.2955782416037178,-0.2510600056780481,460.7686018625534,1189.6567506067831,0.1
2021-08-01,1.1387824743724695,0.0628258219649287,1.2157907439751818,-0.2688078650723509,460.56070905314004,1190.0321642061945,0.09
2021-09-01,1.3954087295969058,0.0628258219649287,1.2994739049098825,0.050806552100748935,459.3683465492564,1190.3419057148246,0.08
2021-10-01,0.7699058560537819,-0.16496919250615402,1.1814333921889062,-0.21462895058062834,460.702945647301,1190.8824968208692,0.08
2021-11-01,1.4785981464731224,-0.16496919250615402,1.1133634509190693,-0.12914862414423203,461.3786954775174,1191.3244018925514,0.08
2021-12-01,1.9436431626351929,-0.16496919250615402,1.242851369214008,0.2586865173894006,461.0879854762168,1191.7163153440345,0.08
2022-01-01,1.103931459832075,0.3645050703165271,1.5137276628496354,0.5068806541116266,460.70244657482726,1191.8430572278414,0.08
2022-02-01,0.8339888180345641,0.3645050703165271,1.559221985436986,0.8557636051525898,461.3201845685224,1192.3875503308964,0.08
2022-03-01,2.449629275510381,0.3645050703165271,1.646239867643266,1.021584868841414,461.8981370974584,1192.7119035642231,0.2
2022-04-01,1.3504211717937549,0.1713048545351807,1.7198640849298028,0.6689276696137816,461.94674906889156,1192.9152455722424,0.33
2022-05-01,1.7438646635981385,0.1713048545351807,1.7241604626982,1.3402353039122654,461.8417057473602,1193.113567478673,0.77
2022-06-01,1.059009692623518,0.1713048545351807,1.8001872755468467,1.1934139752106752,461.5298718784132,1193.3988293701445,1.21
2022-07-01,2.332192568160703,0.17169838448528976,1.9051598544629196,0.7534147159511634,461.7326003758104,1193.866367791795,1.68
2022-08-01,1.6089003900045926,0.17169838448528976,1.528155391001271,0.36943831625266577,461.6073527928434,1194.0556418844715,2.33
2022-09-01,1.949189037551094,0.17169838448528976,1.3233436078219518,1.0722879232191649,461.80054602980397,1194.1989905328717,2.56
2022-10-01,2.0499246885014415,0.14190843772935824,1.1749039799678804,1.4342807225853562,461.76213475517835,1194.431169902979,3.08
2022-11-01,2.106317112601139,0.14190843772935824,1.1690623384785177,0.5229278485570088,461.4676854081055,1194.6278076565284,3.78
2022-12-01,1.0085504027514436,0.14190843772935824,1.1956366502470062,0.31708326919823093,460.283145328353,1194.692619833116,4.1
2023-01-01,1.2157763445444538,1.5317291018740953,1.1455817200275433,0.09759101539637012,461.020747750536,1194.9734189358321,4.33
2023-02-01,1.0618607719124884,1.5317291018740953,0.8389854517007241,0.09099395311007863,461.1565691076946,1195.1606111723156,4.57
2023-03-01,1.926473249345005,1.5317291018740953,0.664095317805008,0.29806732191245894,461.53234665426055,1195.2044538551584,4.65
2023-04-01,1.2883772753900349,2.973315858665644,0.4765446386409499,-0.22190358213041708,461.7622335177329,1195.3596828813013,4.83
2023-05-01,2.0117383677473213,2.973315858665644,0.33469809865678013,-0.24660916552327808,461.4413336154862,1195.539729870749,5.06
2023-06-01,1.541096450872977,2.973315858665644,0.22779232989952994,-0.7402791322070756,460.63654713498397,1195.6841759452645,5.08
2023-07-01,0.6933175380728994,0.2574216491157338,0.09523130282351397,-0.7499001544276198,461.4196327533616,1195.7886889275308,5.12
2023-08-01,-0.32309856422917826,0.2574216491157338,0.07042104408751879,-0.4887860742985346,461.352816060582,1195.9282965120683,5.33
2023-09-01,0.4201965350543947,0.2574216491157338,-0.02590117876887962,-0.5812690183994212,461.5329405913507,1196.0280796838576,5.33
2023-10-01,0.7093906580257332,1.2367953084748806,0.01795379654430475,-0.07652566219138704,460.9848226872434,1196.129679408885,5.33
2023-11-01,0.838258918136891,1.2367953084748806,0.026420477880938372,-0.7381172699838715,461.3772083360858,1196.2107573023645,5.33
2023-12-01,0.22557501896136953,1.2367953084748806,-0.019937054304680877,-0.9148525951053949,461.1183072300207,1196.3089841249073,5.33
2024-01-01,0.667174084688326,1.2421965408485416,0.027397300620759242,-0.8237887815148375,459.73627874145524,1196.4204885217684,5.33
2024-02-01,0.21668366101521114,1.2421965408485416,-0.11808399288024113,-0.7433645655025055,460.801613243801,1196.5515860045086,5.33
2024-03-01,0.4022343682591581,1.2421965408485416,-0.3175994192687507,-0.7695878072045113,460.97347524856707,1196.6964840928017,5.33
2024-04-01,0.815240500281353,0.8190328388607181,-0.41067777774201264,-0.4502189893452034,460.7601228607962,1196.7371195300013,5.33
2024-05-01,0.5276983784317203,0.8190328388607181,-0.44959685273371663,-0.8686239241438922,461.376316040611,1196.7866216538919,5.33
2024-06-01,0.9019590345978608,0.8190328388607181,-0.5374190879661956,-0.9218508519593664,461.4070460774811,1196.8418066678041,5.33
2024-07-01,0.9157566602980911,0.9237314144703869,-0.5418644243353183,-0.6899010285485884,460.49271564588076,1196.875410203466,5.33
2024-08-01,0.7962173228631096,,-0.5433083200688531,-0.018834824577888546,460.9469928830792,1196.8811153428471,5.33
2024-09-01,0.5966815764763588,,-0.5214626757107255,-0.242906696721965,460.3252348112136,1196.9793194822823,5.13
2024-10-01,0.26722601284152825,,-0.4750970357757841,0.06930201555047044,459.98510645104903,1197.000215014197,4.83
2024-11-01,2.373293810234736,,-0.4309056269872449,-0.4668638578093,459.80700394977845,1197.0850187050755,4.64
2024-12-01,2.2604283387380324,,-0.3082695144025424,-0.48711771259703074,460.8437841382345,1197.2348314671776,4.48
2025-01-01,2.5868520288530013,,-0.23132024829364337,-0.365165152735153,460.5816976773828,1197.2045077613884,4.33
2025-02-01,4.269836162916235,,-0.21143894973779706,-0.3373944882907968,461.61032021646713,1197.2310415067823,4.33
2025-03-01,6.398722989913054,,-0.21537271008937126,0.32484832534688163,461.5520436862586,1197.2733545799426,4.33
2025-04-01,11.468084128182177,,-0.388540363087434,1.7006868572853147,461.63860523469486,1197.341523059711,4.33
2025-05-01,8.539775585503243,,-0.4979912601783829,0.1374369304137079,461.4778874329686,1197.349725392333,4.33
2025-06-01,5.112104336945909,,-0.660782343961626,-0.14234921959693764,461.9846953384156,1197.3371061403857,4.33
2025-07-01,5.04801449594496,,-0.7763155788277699,-0.4171196702135419,462.39330572389764,1197.3774821424483,4.33
2025-08-01,5.027323773181327,,-0.8743817466016918,-0.5029066600992873,462.1286615834097,1197.3333200542515,4.33
2025-09-01,4.097910305776292,,-0.9151152139040697,-0.4975946557794149,462.17126026074027,1197.381266556968,4.22
2025-10-01,3.8886713560165185,,-0.9239264295240764,-0.18540026640369636,461.7291426038501,1197.2929262137632,4.09
2025-11-01,3.9491132378609595,,-0.9480124556478012,0.043297095716991585,461.5461052911676,1197.318805395999,3.88
2025-12-01,,,-0.9022999282047621,-0.530331426587931,462.0000668713522,1197.308075816115,3.72
2026-01-01,,,,-0.444604030183168,461.55046014871493,1197.409014554876,3.64
2026-02-01,,,,-0.03314017574628913,462.425000310031,1197.3106005267202,3.64
2026-03-01,,,,0.8351625210797432,462.1212812154803,1197.4455797011342,3.64
2026-04-01,,,,0.049059414467302935,462.90781005395684,1197.5388233257422,3.64
2026-05-01,,,,-0.30082107383065193,463.04538433892566,1197.6200256277887,3.63
2026-06-01,,,,-0.20981991012493026,463.12228489003485,1197.655884720812,3.63
2026-07-01,,,,-0.44538053579803333,,,
