* Creating isolated environment: venv+pip...
* Installing packages in isolated environment:
  - setuptools>=68
  - wheel
* Getting build dependencies for sdist...
running egg_info
creating puremacro.egg-info
writing puremacro.egg-info/PKG-INFO
writing dependency_links to puremacro.egg-info/dependency_links.txt
writing entry points to puremacro.egg-info/entry_points.txt
writing requirements to puremacro.egg-info/requires.txt
writing top-level names to puremacro.egg-info/top_level.txt
writing manifest file 'puremacro.egg-info/SOURCES.txt'
reading manifest file 'puremacro.egg-info/SOURCES.txt'
adding license file 'LICENSE'
writing manifest file 'puremacro.egg-info/SOURCES.txt'
WARNING `project.license` as a TOML table is deprecated
!!

        ********************************************************************************
        Please use a simple string containing a SPDX expression for `project.license`. You can also use `project.license-files`. (Both options available on setuptools>=77.0.0).

        By 2027-Feb-18, you need to update your project and remove deprecated calls
        or your builds will no longer be supported.

        See https://packaging.python.org/en/latest/guides/writing-pyproject-toml/#license for details.
        ********************************************************************************

!!
WARNING 'tool.setuptools.license-files' is deprecated in favor of 'project.license-files' (available on setuptools>=77.0.0).
!!

        ********************************************************************************

        By 2027-Feb-18, you need to update your project and remove deprecated calls
        or your builds will no longer be supported.

        See https://packaging.python.org/en/latest/guides/writing-pyproject-toml/#license-files for details.
        ********************************************************************************

!!
WARNING License classifiers are deprecated.
!!

        ********************************************************************************
        Please consider removing the following classifiers in favor of a SPDX license expression:

        License :: OSI Approved :: MIT License

        See https://packaging.python.org/en/latest/guides/writing-pyproject-toml/#license for details.
        ********************************************************************************

!!
WARNING License classifiers are deprecated.
!!

        ********************************************************************************
        Please consider removing the following classifiers in favor of a SPDX license expression:

        License :: OSI Approved :: MIT License

        See https://packaging.python.org/en/latest/guides/writing-pyproject-toml/#license for details.
        ********************************************************************************

!!
* Installed build dependency versions:
  - setuptools==84.0.0
  - wheel==0.48.0
* Building sdist...
running sdist
running egg_info
writing puremacro.egg-info/PKG-INFO
writing dependency_links to puremacro.egg-info/dependency_links.txt
writing entry points to puremacro.egg-info/entry_points.txt
writing requirements to puremacro.egg-info/requires.txt
writing top-level names to puremacro.egg-info/top_level.txt
reading manifest file 'puremacro.egg-info/SOURCES.txt'
adding license file 'LICENSE'
writing manifest file 'puremacro.egg-info/SOURCES.txt'
running check
creating puremacro-4.3.0
creating puremacro-4.3.0/puremacro
creating puremacro-4.3.0/puremacro.egg-info
creating puremacro-4.3.0/puremacro/bartik
creating puremacro-4.3.0/puremacro/causal
creating puremacro-4.3.0/puremacro/climate
creating puremacro-4.3.0/puremacro/connectedness
creating puremacro-4.3.0/puremacro/datasets
creating puremacro-4.3.0/puremacro/datasets/data
creating puremacro-4.3.0/puremacro/did
creating puremacro-4.3.0/puremacro/dsge
creating puremacro-4.3.0/puremacro/dsge/_references
creating puremacro-4.3.0/puremacro/dynpanel
creating puremacro-4.3.0/puremacro/examples
creating puremacro-4.3.0/puremacro/fetch
creating puremacro-4.3.0/puremacro/fetch/longpanel
creating puremacro-4.3.0/puremacro/fetch/realtime
creating puremacro-4.3.0/puremacro/forecast
creating puremacro-4.3.0/puremacro/gar
creating puremacro-4.3.0/puremacro/garch
creating puremacro-4.3.0/puremacro/hfi
creating puremacro-4.3.0/puremacro/inference
creating puremacro-4.3.0/puremacro/instruments
creating puremacro-4.3.0/puremacro/instruments/external
creating puremacro-4.3.0/puremacro/instruments/literature
creating puremacro-4.3.0/puremacro/longrun
creating puremacro-4.3.0/puremacro/lp
creating puremacro-4.3.0/puremacro/models
creating puremacro-4.3.0/puremacro/models/nested_dmp
creating puremacro-4.3.0/puremacro/narrative
creating puremacro-4.3.0/puremacro/narrative/indices
creating puremacro-4.3.0/puremacro/narrative/quality
creating puremacro-4.3.0/puremacro/narrative/replication
creating puremacro-4.3.0/puremacro/narrative/scoring
creating puremacro-4.3.0/puremacro/narrative/sources
creating puremacro-4.3.0/puremacro/narrative/validation
creating puremacro-4.3.0/puremacro/nowcast
creating puremacro-4.3.0/puremacro/plotting
creating puremacro-4.3.0/puremacro/pocket
creating puremacro-4.3.0/puremacro/regress
creating puremacro-4.3.0/puremacro/replication
creating puremacro-4.3.0/puremacro/replication/data
creating puremacro-4.3.0/puremacro/runtime
creating puremacro-4.3.0/puremacro/sa
creating puremacro-4.3.0/puremacro/sigma
creating puremacro-4.3.0/puremacro/spatial
creating puremacro-4.3.0/puremacro/teaching
creating puremacro-4.3.0/puremacro/tests
creating puremacro-4.3.0/puremacro/tests/test_var
creating puremacro-4.3.0/puremacro/trade
creating puremacro-4.3.0/puremacro/trade/_datafiles
creating puremacro-4.3.0/puremacro/trade/gpu
creating puremacro-4.3.0/puremacro/uncertainty
creating puremacro-4.3.0/puremacro/validation
creating puremacro-4.3.0/puremacro/validation/goldens
creating puremacro-4.3.0/puremacro/var
creating puremacro-4.3.0/puremacro/var/identify
creating puremacro-4.3.0/puremacro/var/regime
creating puremacro-4.3.0/puremacro/vfi
creating puremacro-4.3.0/puremacro/volatility
creating puremacro-4.3.0/puremacro/wavelet
creating puremacro-4.3.0/tests
copying files to puremacro-4.3.0...
copying LICENSE -> puremacro-4.3.0
copying README.md -> puremacro-4.3.0
copying pyproject.toml -> puremacro-4.3.0
copying puremacro/__init__.py -> puremacro-4.3.0/puremacro
copying puremacro/_backend.py -> puremacro-4.3.0/puremacro
copying puremacro/_cache_db.py -> puremacro-4.3.0/puremacro
copying puremacro/_codes.py -> puremacro-4.3.0/puremacro
copying puremacro/_data_helpers.py -> puremacro-4.3.0/puremacro
copying puremacro/_http.py -> puremacro-4.3.0/puremacro
copying puremacro/_http_cache.py -> puremacro-4.3.0/puremacro
copying puremacro/_linalg.py -> puremacro-4.3.0/puremacro
copying puremacro/_optional.py -> puremacro-4.3.0/puremacro
copying puremacro/bis_neer.py -> puremacro-4.3.0/puremacro
copying puremacro/build_panel.py -> puremacro-4.3.0/puremacro
copying puremacro/build_subnational_panel.py -> puremacro-4.3.0/puremacro
copying puremacro/cache.py -> puremacro-4.3.0/puremacro
copying puremacro/capital.py -> puremacro-4.3.0/puremacro
copying puremacro/climate_panel.py -> puremacro-4.3.0/puremacro
copying puremacro/cointegration_modern.py -> puremacro-4.3.0/puremacro
copying puremacro/credentials.py -> puremacro-4.3.0/puremacro
copying puremacro/cross_nest.py -> puremacro-4.3.0/puremacro
copying puremacro/cycles.py -> puremacro-4.3.0/puremacro
copying puremacro/data.py -> puremacro-4.3.0/puremacro
copying puremacro/experiment.py -> puremacro-4.3.0/puremacro
copying puremacro/factor.py -> puremacro-4.3.0/puremacro
copying puremacro/financial_panel.py -> puremacro-4.3.0/puremacro
copying puremacro/klems.py -> puremacro-4.3.0/puremacro
copying puremacro/korv_gmm.py -> puremacro-4.3.0/puremacro
copying puremacro/labor_flows.py -> puremacro-4.3.0/puremacro
copying puremacro/labor_flows_enoe.py -> puremacro-4.3.0/puremacro
copying puremacro/labor_share.py -> puremacro-4.3.0/puremacro
copying puremacro/long_panel.py -> puremacro-4.3.0/puremacro
copying puremacro/mcmc.py -> puremacro-4.3.0/puremacro
copying puremacro/midas.py -> puremacro-4.3.0/puremacro
copying puremacro/numerics.py -> puremacro-4.3.0/puremacro
copying puremacro/plot.py -> puremacro-4.3.0/puremacro
copying puremacro/posterior.py -> puremacro-4.3.0/puremacro
copying puremacro/py.typed -> puremacro-4.3.0/puremacro
copying puremacro/realized_vol.py -> puremacro-4.3.0/puremacro
copying puremacro/regime_dates.py -> puremacro-4.3.0/puremacro
copying puremacro/regimes.py -> puremacro-4.3.0/puremacro
copying puremacro/reports.py -> puremacro-4.3.0/puremacro
copying puremacro/scale.py -> puremacro-4.3.0/puremacro
copying puremacro/shock_atlas.py -> puremacro-4.3.0/puremacro
copying puremacro/spectral.py -> puremacro-4.3.0/puremacro
copying puremacro/state_space.py -> puremacro-4.3.0/puremacro
copying puremacro/synthetic_control.py -> puremacro-4.3.0/puremacro
copying puremacro/vintages.py -> puremacro-4.3.0/puremacro
copying puremacro.egg-info/PKG-INFO -> puremacro-4.3.0/puremacro.egg-info
copying puremacro.egg-info/SOURCES.txt -> puremacro-4.3.0/puremacro.egg-info
copying puremacro.egg-info/dependency_links.txt -> puremacro-4.3.0/puremacro.egg-info
copying puremacro.egg-info/entry_points.txt -> puremacro-4.3.0/puremacro.egg-info
copying puremacro.egg-info/requires.txt -> puremacro-4.3.0/puremacro.egg-info
copying puremacro.egg-info/top_level.txt -> puremacro-4.3.0/puremacro.egg-info
copying puremacro/bartik/__init__.py -> puremacro-4.3.0/puremacro/bartik
copying puremacro/bartik/akm.py -> puremacro-4.3.0/puremacro/bartik
copying puremacro/bartik/county_epu.py -> puremacro-4.3.0/puremacro/bartik
copying puremacro/bartik/exposure_iv.py -> puremacro-4.3.0/puremacro/bartik
copying puremacro/bartik/sensitivity.py -> puremacro-4.3.0/puremacro/bartik
copying puremacro/bartik/shares.py -> puremacro-4.3.0/puremacro/bartik
copying puremacro/causal/__init__.py -> puremacro-4.3.0/puremacro/causal
copying puremacro/causal/dml.py -> puremacro-4.3.0/puremacro/causal
copying puremacro/causal/synthetic_control.py -> puremacro-4.3.0/puremacro/causal
copying puremacro/climate/__init__.py -> puremacro-4.3.0/puremacro/climate
copying puremacro/climate/annual_lp.py -> puremacro-4.3.0/puremacro/climate
copying puremacro/climate/degree_days.py -> puremacro-4.3.0/puremacro/climate
copying puremacro/climate/dice.py -> puremacro-4.3.0/puremacro/climate
copying puremacro/climate/mediation.py -> puremacro-4.3.0/puremacro/climate
copying puremacro/climate/monthly_dl.py -> puremacro-4.3.0/puremacro/climate
copying puremacro/connectedness/__init__.py -> puremacro-4.3.0/puremacro/connectedness
copying puremacro/connectedness/bk2018.py -> puremacro-4.3.0/puremacro/connectedness
copying puremacro/connectedness/diebold_yilmaz.py -> puremacro-4.3.0/puremacro/connectedness
copying puremacro/datasets/__init__.py -> puremacro-4.3.0/puremacro/datasets
copying puremacro/datasets/loaders.py -> puremacro-4.3.0/puremacro/datasets
copying puremacro/datasets/data/A191RL1Q225SBEA.csv -> puremacro-4.3.0/puremacro/datasets/data
copying puremacro/datasets/data/CPIAUCSL.csv -> puremacro-4.3.0/puremacro/datasets/data
copying puremacro/datasets/data/CPILFESL.csv -> puremacro-4.3.0/puremacro/datasets/data
copying puremacro/datasets/data/FEDFUNDS.csv -> puremacro-4.3.0/puremacro/datasets/data
copying puremacro/datasets/data/GDPC1.csv -> puremacro-4.3.0/puremacro/datasets/data
copying puremacro/datasets/data/GPDIC1.csv -> puremacro-4.3.0/puremacro/datasets/data
copying puremacro/datasets/data/NFCI.csv -> puremacro-4.3.0/puremacro/datasets/data
copying puremacro/datasets/data/UNRATE.csv -> puremacro-4.3.0/puremacro/datasets/data
copying puremacro/datasets/data/banxico_stance_monthly.csv -> puremacro-4.3.0/puremacro/datasets/data
copying puremacro/datasets/data/gali1999.csv -> puremacro-4.3.0/puremacro/datasets/data
copying puremacro/datasets/data/tax14_narrative_tax_shocks.csv -> puremacro-4.3.0/puremacro/datasets/data
copying puremacro/datasets/data/us_county_centroids.csv -> puremacro-4.3.0/puremacro/datasets/data
copying puremacro/datasets/data/us_state_centroids.csv -> puremacro-4.3.0/puremacro/datasets/data
copying puremacro/did/__init__.py -> puremacro-4.3.0/puremacro/did
copying puremacro/did/_results.py -> puremacro-4.3.0/puremacro/did
copying puremacro/did/borusyak_jaravel_spiess.py -> puremacro-4.3.0/puremacro/did
copying puremacro/did/callaway_santanna.py -> puremacro-4.3.0/puremacro/did
copying puremacro/did/cdh.py -> puremacro-4.3.0/puremacro/did
copying puremacro/did/sdid_multi.py -> puremacro-4.3.0/puremacro/did
copying puremacro/did/sensitivity.py -> puremacro-4.3.0/puremacro/did
copying puremacro/did/spatial_did.py -> puremacro-4.3.0/puremacro/did
copying puremacro/did/sun_abraham.py -> puremacro-4.3.0/puremacro/did
copying puremacro/did/synthetic_did.py -> puremacro-4.3.0/puremacro/did
copying puremacro/did/types.py -> puremacro-4.3.0/puremacro/did
copying puremacro/dsge/__init__.py -> puremacro-4.3.0/puremacro/dsge
copying puremacro/dsge/_ast.py -> puremacro-4.3.0/puremacro/dsge
copying puremacro/dsge/_estimated_params.py -> puremacro-4.3.0/puremacro/dsge
copying puremacro/dsge/_gradients.py -> puremacro-4.3.0/puremacro/dsge
copying puremacro/dsge/_macro.py -> puremacro-4.3.0/puremacro/dsge
copying puremacro/dsge/_moments.py -> puremacro-4.3.0/puremacro/dsge
copying puremacro/dsge/_parser.py -> puremacro-4.3.0/puremacro/dsge
copying puremacro/dsge/_qz.py -> puremacro-4.3.0/puremacro/dsge
copying puremacro/dsge/_results.py -> puremacro-4.3.0/puremacro/dsge
copying puremacro/dsge/_sw07_data.csv -> puremacro-4.3.0/puremacro/dsge
copying puremacro/dsge/_sylvester.py -> puremacro-4.3.0/puremacro/dsge
copying puremacro/dsge/_symbolic.py -> puremacro-4.3.0/puremacro/dsge
copying puremacro/dsge/_utils.py -> puremacro-4.3.0/puremacro/dsge
copying puremacro/dsge/bayesian.py -> puremacro-4.3.0/puremacro/dsge
copying puremacro/dsge/build.py -> puremacro-4.3.0/puremacro/dsge
copying puremacro/dsge/cli.py -> puremacro-4.3.0/puremacro/dsge
copying puremacro/dsge/conditional.py -> puremacro-4.3.0/puremacro/dsge
copying puremacro/dsge/decomposition.py -> puremacro-4.3.0/puremacro/dsge
copying puremacro/dsge/diagnostics.py -> puremacro-4.3.0/puremacro/dsge
copying puremacro/dsge/dsge_var.py -> puremacro-4.3.0/puremacro/dsge
copying puremacro/dsge/dynare.py -> puremacro-4.3.0/puremacro/dsge
copying puremacro/dsge/dynare_results.py -> puremacro-4.3.0/puremacro/dsge
copying puremacro/dsge/estimate.py -> puremacro-4.3.0/puremacro/dsge
copying puremacro/dsge/extended_path.py -> puremacro-4.3.0/puremacro/dsge
copying puremacro/dsge/fertility_adj_costs.py -> puremacro-4.3.0/puremacro/dsge
copying puremacro/dsge/gensys.py -> puremacro-4.3.0/puremacro/dsge
copying puremacro/dsge/gertler_karadi.py -> puremacro-4.3.0/puremacro/dsge
copying puremacro/dsge/hank.py -> puremacro-4.3.0/puremacro/dsge
copying puremacro/dsge/identification.py -> puremacro-4.3.0/puremacro/dsge
copying puremacro/dsge/klein.py -> puremacro-4.3.0/puremacro/dsge
copying puremacro/dsge/macro.py -> puremacro-4.3.0/puremacro/dsge
copying puremacro/dsge/marginal.py -> puremacro-4.3.0/puremacro/dsge
copying puremacro/dsge/markov_switching.py -> puremacro-4.3.0/puremacro/dsge
copying puremacro/dsge/mode.py -> puremacro-4.3.0/puremacro/dsge
copying puremacro/dsge/news.py -> puremacro-4.3.0/puremacro/dsge
copying puremacro/dsge/nuts.py -> puremacro-4.3.0/puremacro/dsge
copying puremacro/dsge/observation.py -> puremacro-4.3.0/puremacro/dsge
copying puremacro/dsge/occbin.py -> puremacro-4.3.0/puremacro/dsge
copying puremacro/dsge/parity.py -> puremacro-4.3.0/puremacro/dsge
copying puremacro/dsge/particle_filter.py -> puremacro-4.3.0/puremacro/dsge
copying puremacro/dsge/perfect_foresight.py -> puremacro-4.3.0/puremacro/dsge
copying puremacro/dsge/policy.py -> puremacro-4.3.0/puremacro/dsge
copying puremacro/dsge/priors.py -> puremacro-4.3.0/puremacro/dsge
copying puremacro/dsge/pruning.py -> puremacro-4.3.0/puremacro/dsge
copying puremacro/dsge/ramsey.py -> puremacro-4.3.0/puremacro/dsge
copying puremacro/dsge/shock_groups.py -> puremacro-4.3.0/puremacro/dsge
copying puremacro/dsge/smc.py -> puremacro-4.3.0/puremacro/dsge
copying puremacro/dsge/smets_wouters.py -> puremacro-4.3.0/puremacro/dsge
copying puremacro/dsge/smoother.py -> puremacro-4.3.0/puremacro/dsge
copying puremacro/dsge/steady.py -> puremacro-4.3.0/puremacro/dsge
copying puremacro/dsge/sw07_estimate.py -> puremacro-4.3.0/puremacro/dsge
copying puremacro/dsge/sw07_observation.py -> puremacro-4.3.0/puremacro/dsge
copying puremacro/dsge/sw07_priors.py -> puremacro-4.3.0/puremacro/dsge
copying puremacro/dsge/widgets.py -> puremacro-4.3.0/puremacro/dsge
copying puremacro/dsge/_references/hank_ssj.mod -> puremacro-4.3.0/puremacro/dsge/_references
copying puremacro/dsge/_references/hank_two_asset.mod -> puremacro-4.3.0/puremacro/dsge/_references
copying puremacro/dsge/_references/sw07_pfeifer.mod -> puremacro-4.3.0/puremacro/dsge/_references
copying puremacro/dynpanel/__init__.py -> puremacro-4.3.0/puremacro/dynpanel
copying puremacro/dynpanel/_results.py -> puremacro-4.3.0/puremacro/dynpanel
copying puremacro/dynpanel/ab_gmm.py -> puremacro-4.3.0/puremacro/dynpanel
copying puremacro/dynpanel/bb_gmm.py -> puremacro-4.3.0/puremacro/dynpanel
copying puremacro/dynpanel/diagnostics.py -> puremacro-4.3.0/puremacro/dynpanel
copying puremacro/dynpanel/instruments.py -> puremacro-4.3.0/puremacro/dynpanel
copying puremacro/examples/__init__.py -> puremacro-4.3.0/puremacro/examples
copying puremacro/examples/anderson_rubin_weak_iv_demo.py -> puremacro-4.3.0/puremacro/examples
copying puremacro/examples/asset_composition_dynamics.py -> puremacro-4.3.0/puremacro/examples
copying puremacro/examples/bandpass_cycles_comparison.py -> puremacro-4.3.0/puremacro/examples
copying puremacro/examples/berkowitz_demo.py -> puremacro-4.3.0/puremacro/examples
copying puremacro/examples/bloom2009.py -> puremacro-4.3.0/puremacro/examples
copying puremacro/examples/bvar_fan_chart.py -> puremacro-4.3.0/puremacro/examples
copying puremacro/examples/caldara_iacoviello.py -> puremacro-4.3.0/puremacro/examples
copying puremacro/examples/central_bank_narrative_sentiment.py -> puremacro-4.3.0/puremacro/examples
copying puremacro/examples/climate_dice_simulation.py -> puremacro-4.3.0/puremacro/examples
copying puremacro/examples/climate_sovereign_debt_risk.py -> puremacro-4.3.0/puremacro/examples
copying puremacro/examples/cointegration_johansen.py -> puremacro-4.3.0/puremacro/examples
copying puremacro/examples/dcc_volatility.py -> puremacro-4.3.0/puremacro/examples
copying puremacro/examples/dfm_bai_ng.py -> puremacro-4.3.0/puremacro/examples
copying puremacro/examples/dfm_nowcast_kalman.py -> puremacro-4.3.0/puremacro/examples
copying puremacro/examples/did_callaway_santanna_demo.py -> puremacro-4.3.0/puremacro/examples
copying puremacro/examples/diebold_yilmaz_spillover.py -> puremacro-4.3.0/puremacro/examples
copying puremacro/examples/dsge_ar1_demo.py -> puremacro-4.3.0/puremacro/examples
copying puremacro/examples/dsge_fertility_demo.py -> puremacro-4.3.0/puremacro/examples
copying puremacro/examples/dsge_markov_switching.py -> puremacro-4.3.0/puremacro/examples
copying puremacro/examples/dsge_news_shocks.py -> puremacro-4.3.0/puremacro/examples
copying puremacro/examples/dsge_nk_sketchpad.py -> puremacro-4.3.0/puremacro/examples
copying puremacro/examples/dsge_nuts_estimation.py -> puremacro-4.3.0/puremacro/examples
copying puremacro/examples/dsge_optimal_discretion.py -> puremacro-4.3.0/puremacro/examples
copying puremacro/examples/dsge_particle_filter_sv.py -> puremacro-4.3.0/puremacro/examples
copying puremacro/examples/dsge_rbc_klein.py -> puremacro-4.3.0/puremacro/examples
copying puremacro/examples/dsge_var_estimation.py -> puremacro-4.3.0/puremacro/examples
copying puremacro/examples/empirical_benchmark_replications.py -> puremacro-4.3.0/puremacro/examples
copying puremacro/examples/exact_diffuse_kalman.py -> puremacro-4.3.0/puremacro/examples
copying puremacro/examples/fetch_fred_demo.py -> puremacro-4.3.0/puremacro/examples
copying puremacro/examples/fm_ols_dols_demo.py -> puremacro-4.3.0/puremacro/examples
copying puremacro/examples/forecast_density_eval.py -> puremacro-4.3.0/puremacro/examples
copying puremacro/examples/gali_1999_hours.py -> puremacro-4.3.0/puremacro/examples
copying puremacro/examples/garch_midas_macro_volatility.py -> puremacro-4.3.0/puremacro/examples
copying puremacro/examples/gfevd_spillover.py -> puremacro-4.3.0/puremacro/examples
copying puremacro/examples/gk_robust_from_gibbs.py -> puremacro-4.3.0/puremacro/examples
copying puremacro/examples/gk_robust_signs.py -> puremacro-4.3.0/puremacro/examples
copying puremacro/examples/global_fiscal_stance.py -> puremacro-4.3.0/puremacro/examples
copying puremacro/examples/glp_lambda_search.py -> puremacro-4.3.0/puremacro/examples
copying puremacro/examples/govt_vs_private_investment.py -> puremacro-4.3.0/puremacro/examples
copying puremacro/examples/hank_sequence_space.py -> puremacro-4.3.0/puremacro/examples
copying puremacro/examples/hank_sequence_space_bridge.py -> puremacro-4.3.0/puremacro/examples
copying puremacro/examples/har_realized_vol.py -> puremacro-4.3.0/puremacro/examples
copying puremacro/examples/hfi_gertler_karadi.py -> puremacro-4.3.0/puremacro/examples
copying puremacro/examples/kilian_2009_oil.py -> puremacro-4.3.0/puremacro/examples
copying puremacro/examples/la_lp_pmw_demo.py -> puremacro-4.3.0/puremacro/examples
copying puremacro/examples/labor_flows_demo.py -> puremacro-4.3.0/puremacro/examples
copying puremacro/examples/lp_asymmetric_tenreyro.py -> puremacro-4.3.0/puremacro/examples
copying puremacro/examples/lp_panel_dk.py -> puremacro-4.3.0/puremacro/examples
copying puremacro/examples/lp_smooth_demo.py -> puremacro-4.3.0/puremacro/examples
copying puremacro/examples/lwui_wage_demo.py -> puremacro-4.3.0/puremacro/examples
copying puremacro/examples/mcmc_diagnostics.py -> puremacro-4.3.0/puremacro/examples
copying puremacro/examples/midas_quarterly_monthly.py -> puremacro-4.3.0/puremacro/examples
copying puremacro/examples/mle_sandwich_demo.py -> puremacro-4.3.0/puremacro/examples
copying puremacro/examples/ms_var_business_cycle.py -> puremacro-4.3.0/puremacro/examples
copying puremacro/examples/narrative_bursts_and_transcripts.py -> puremacro-4.3.0/puremacro/examples
copying puremacro/examples/narrative_custom_corpus.py -> puremacro-4.3.0/puremacro/examples
copying puremacro/examples/narrative_event_study.py -> puremacro-4.3.0/puremacro/examples
copying puremacro/examples/narrative_g7_panel.py -> puremacro-4.3.0/puremacro/examples
copying puremacro/examples/narrative_homogeneous_panel.py -> puremacro-4.3.0/puremacro/examples
copying puremacro/examples/narrative_indices_demo.py -> puremacro-4.3.0/puremacro/examples
copying puremacro/examples/narrative_llm_pipeline.py -> puremacro-4.3.0/puremacro/examples
copying puremacro/examples/narrative_local_llm.py -> puremacro-4.3.0/puremacro/examples
copying puremacro/examples/narrative_multilingual_live.py -> puremacro-4.3.0/puremacro/examples
copying puremacro/examples/narrative_panel_lp.py -> puremacro-4.3.0/puremacro/examples
copying puremacro/examples/narrative_ramey_2011.py -> puremacro-4.3.0/puremacro/examples
copying puremacro/examples/narrative_romer_romer_2010.py -> puremacro-4.3.0/puremacro/examples
copying puremacro/examples/narrative_sign_adrr.py -> puremacro-4.3.0/puremacro/examples
copying puremacro/examples/narrative_us_canonical_compare.py -> puremacro-4.3.0/puremacro/examples
copying puremacro/examples/non_gaussian_svar.py -> puremacro-4.3.0/puremacro/examples
copying puremacro/examples/nowcasting_gdp_news.py -> puremacro-4.3.0/puremacro/examples
copying puremacro/examples/penalized_macro_forecasting.py -> puremacro-4.3.0/puremacro/examples
copying puremacro/examples/posterior_predictive_fan.py -> puremacro-4.3.0/puremacro/examples
copying puremacro/examples/ramey_zubairy_2018_multipliers.py -> puremacro-4.3.0/puremacro/examples
copying puremacro/examples/regime_workflow.py -> puremacro-4.3.0/puremacro/examples
copying puremacro/examples/report_workflow.py -> puremacro-4.3.0/puremacro/examples
copying puremacro/examples/shock_atlas_demo.py -> puremacro-4.3.0/puremacro/examples
copying puremacro/examples/sigma_decomposition.py -> puremacro-4.3.0/puremacro/examples
copying puremacro/examples/sign_restrictions_uhlig.py -> puremacro-4.3.0/puremacro/examples
copying puremacro/examples/spectral_business_cycle.py -> puremacro-4.3.0/puremacro/examples
copying puremacro/examples/svariv_mertens_ravn.py -> puremacro-4.3.0/puremacro/examples
copying puremacro/examples/synthetic_control_demo.py -> puremacro-4.3.0/puremacro/examples
copying puremacro/examples/synthetic_did_california_prop99.py -> puremacro-4.3.0/puremacro/examples
copying puremacro/examples/tvar_threshold_demo.py -> puremacro-4.3.0/puremacro/examples
copying puremacro/examples/tvecm_demo.py -> puremacro-4.3.0/puremacro/examples
copying puremacro/examples/tvp_var_demo.py -> puremacro-4.3.0/puremacro/examples
copying puremacro/examples/tvp_var_sv_demo.py -> puremacro-4.3.0/puremacro/examples
copying puremacro/examples/vintage_news_noise.py -> puremacro-4.3.0/puremacro/examples
copying puremacro/examples/vintage_revisions.py -> puremacro-4.3.0/puremacro/examples
copying puremacro/examples/vulnerable_growth.py -> puremacro-4.3.0/puremacro/examples
copying puremacro/examples/wavelet_business_cycle.py -> puremacro-4.3.0/puremacro/examples
copying puremacro/fetch/__init__.py -> puremacro-4.3.0/puremacro/fetch
copying puremacro/fetch/_classic.py -> puremacro-4.3.0/puremacro/fetch
copying puremacro/fetch/_hours.py -> puremacro-4.3.0/puremacro/fetch
copying puremacro/fetch/_http.py -> puremacro-4.3.0/puremacro/fetch
copying puremacro/fetch/_oecd_sdmx.py -> puremacro-4.3.0/puremacro/fetch
copying puremacro/fetch/_seasonal.py -> puremacro-4.3.0/puremacro/fetch
copying puremacro/fetch/_static_tables.py -> puremacro-4.3.0/puremacro/fetch
copying puremacro/fetch/bea_cainc.py -> puremacro-4.3.0/puremacro/fetch
copying puremacro/fetch/bea_industry_shares.py -> puremacro-4.3.0/puremacro/fetch
copying puremacro/fetch/bls_state_panel.py -> puremacro-4.3.0/puremacro/fetch
copying puremacro/fetch/cdc_births_county.py -> puremacro-4.3.0/puremacro/fetch
copying puremacro/fetch/cdc_births_state.py -> puremacro-4.3.0/puremacro/fetch
copying puremacro/fetch/cdc_socrata_natality.py -> puremacro-4.3.0/puremacro/fetch
copying puremacro/fetch/census_bfs.py -> puremacro-4.3.0/puremacro/fetch
copying puremacro/fetch/census_pep_births.py -> puremacro-4.3.0/puremacro/fetch
copying puremacro/fetch/ces_states.py -> puremacro-4.3.0/puremacro/fetch
copying puremacro/fetch/commodities.py -> puremacro-4.3.0/puremacro/fetch
copying puremacro/fetch/emissions.py -> puremacro-4.3.0/puremacro/fetch
copying puremacro/fetch/energy_transition.py -> puremacro-4.3.0/puremacro/fetch
copying puremacro/fetch/epu.py -> puremacro-4.3.0/puremacro/fetch
copying puremacro/fetch/epu_news_historical.py -> puremacro-4.3.0/puremacro/fetch
copying puremacro/fetch/epu_states.py -> puremacro-4.3.0/puremacro/fetch
copying puremacro/fetch/fernald.py -> puremacro-4.3.0/puremacro/fetch
copying puremacro/fetch/financial.py -> puremacro-4.3.0/puremacro/fetch
copying puremacro/fetch/frb_phil_coincident.py -> puremacro-4.3.0/puremacro/fetch
copying puremacro/fetch/fred.py -> puremacro-4.3.0/puremacro/fetch
copying puremacro/fetch/fred_states.py -> puremacro-4.3.0/puremacro/fetch
copying puremacro/fetch/gpr.py -> puremacro-4.3.0/puremacro/fetch
copying puremacro/fetch/hrs_mpu.py -> puremacro-4.3.0/puremacro/fetch
copying puremacro/fetch/imf_ifs.py -> puremacro-4.3.0/puremacro/fetch
copying puremacro/fetch/jln.py -> puremacro-4.3.0/puremacro/fetch
copying puremacro/fetch/jolts.py -> puremacro-4.3.0/puremacro/fetch
copying puremacro/fetch/kenfrench_industry.py -> puremacro-4.3.0/puremacro/fetch
copying puremacro/fetch/labor.py -> puremacro-4.3.0/puremacro/fetch
copying puremacro/fetch/labor_eurostat.py -> puremacro-4.3.0/puremacro/fetch
copying puremacro/fetch/labor_ilostat.py -> puremacro-4.3.0/puremacro/fetch
copying puremacro/fetch/laus.py -> puremacro-4.3.0/puremacro/fetch
copying puremacro/fetch/lmn.py -> puremacro-4.3.0/puremacro/fetch
copying puremacro/fetch/oecd.py -> puremacro-4.3.0/puremacro/fetch
copying puremacro/fetch/oecd_ana_activity.py -> puremacro-4.3.0/puremacro/fetch
copying puremacro/fetch/oecd_energy.py -> puremacro-4.3.0/puremacro/fetch
copying puremacro/fetch/oecd_fx.py -> puremacro-4.3.0/puremacro/fetch
copying puremacro/fetch/oecd_mei.py -> puremacro-4.3.0/puremacro/fetch
copying puremacro/fetch/oecd_qna_expenditure.py -> puremacro-4.3.0/puremacro/fetch
copying puremacro/fetch/oecd_qna_local.py -> puremacro-4.3.0/puremacro/fetch
copying puremacro/fetch/oecd_qna_panel.py -> puremacro-4.3.0/puremacro/fetch
copying puremacro/fetch/oecd_qna_tools.py -> puremacro-4.3.0/puremacro/fetch
copying puremacro/fetch/qcew.py -> puremacro-4.3.0/puremacro/fetch
copying puremacro/fetch/qna_vintages.py -> puremacro-4.3.0/puremacro/fetch
copying puremacro/fetch/sdmx.py -> puremacro-4.3.0/puremacro/fetch
copying puremacro/fetch/state_industry_panel.py -> puremacro-4.3.0/puremacro/fetch
copying puremacro/fetch/vacancies_eurostat.py -> puremacro-4.3.0/puremacro/fetch
copying puremacro/fetch/wb_pink_sheet.py -> puremacro-4.3.0/puremacro/fetch
copying puremacro/fetch/wui.py -> puremacro-4.3.0/puremacro/fetch
copying puremacro/fetch/wui_extras.py -> puremacro-4.3.0/puremacro/fetch
copying puremacro/fetch/yahoo.py -> puremacro-4.3.0/puremacro/fetch
copying puremacro/fetch/longpanel/__init__.py -> puremacro-4.3.0/puremacro/fetch/longpanel
copying puremacro/fetch/longpanel/_splice.py -> puremacro-4.3.0/puremacro/fetch/longpanel
copying puremacro/fetch/longpanel/esri_jp.py -> puremacro-4.3.0/puremacro/fetch/longpanel
copying puremacro/fetch/longpanel/ine_es.py -> puremacro-4.3.0/puremacro/fetch/longpanel
copying puremacro/fetch/longpanel/panel.py -> puremacro-4.3.0/puremacro/fetch/longpanel
copying puremacro/fetch/realtime/__init__.py -> puremacro-4.3.0/puremacro/fetch/realtime
copying puremacro/fetch/realtime/_base.py -> puremacro-4.3.0/puremacro/fetch/realtime
copying puremacro/fetch/realtime/_snapshot.py -> puremacro-4.3.0/puremacro/fetch/realtime
copying puremacro/fetch/realtime/alfred.py -> puremacro-4.3.0/puremacro/fetch/realtime
copying puremacro/fetch/realtime/banxico.py -> puremacro-4.3.0/puremacro/fetch/realtime
copying puremacro/fetch/realtime/bcb.py -> puremacro-4.3.0/puremacro/fetch/realtime
copying puremacro/fetch/realtime/bcch.py -> puremacro-4.3.0/puremacro/fetch/realtime
copying puremacro/fetch/realtime/bundesbank.py -> puremacro-4.3.0/puremacro/fetch/realtime
copying puremacro/fetch/realtime/canary.py -> puremacro-4.3.0/puremacro/fetch/realtime
copying puremacro/fetch/realtime/cartridge.py -> puremacro-4.3.0/puremacro/fetch/realtime
copying puremacro/fetch/realtime/catalog.py -> puremacro-4.3.0/puremacro/fetch/realtime
copying puremacro/fetch/realtime/ecb_rtd.py -> puremacro-4.3.0/puremacro/fetch/realtime
copying puremacro/fetch/realtime/inegi.py -> puremacro-4.3.0/puremacro/fetch/realtime
copying puremacro/fetch/realtime/oecd_stes.py -> puremacro-4.3.0/puremacro/fetch/realtime
copying puremacro/fetch/realtime/ons.py -> puremacro-4.3.0/puremacro/fetch/realtime
copying puremacro/fetch/realtime/panel.py -> puremacro-4.3.0/puremacro/fetch/realtime
copying puremacro/fetch/realtime/seasonal.py -> puremacro-4.3.0/puremacro/fetch/realtime
copying puremacro/fetch/realtime/statcan.py -> puremacro-4.3.0/puremacro/fetch/realtime
copying puremacro/forecast/__init__.py -> puremacro-4.3.0/puremacro/forecast
copying puremacro/forecast/compare.py -> puremacro-4.3.0/puremacro/forecast
copying puremacro/forecast/density.py -> puremacro-4.3.0/puremacro/forecast
copying puremacro/forecast/mcs.py -> puremacro-4.3.0/puremacro/forecast
copying puremacro/forecast/penalized.py -> puremacro-4.3.0/puremacro/forecast
copying puremacro/gar/__init__.py -> puremacro-4.3.0/puremacro/gar
copying puremacro/gar/fci.py -> puremacro-4.3.0/puremacro/gar
copying puremacro/gar/qar.py -> puremacro-4.3.0/puremacro/gar
copying puremacro/gar/skewt.py -> puremacro-4.3.0/puremacro/gar
copying puremacro/garch/__init__.py -> puremacro-4.3.0/puremacro/garch
copying puremacro/garch/_results.py -> puremacro-4.3.0/puremacro/garch
copying puremacro/garch/dcc.py -> puremacro-4.3.0/puremacro/garch
copying puremacro/garch/fit.py -> puremacro-4.3.0/puremacro/garch
copying puremacro/hfi/__init__.py -> puremacro-4.3.0/puremacro/hfi
copying puremacro/hfi/_results.py -> puremacro-4.3.0/puremacro/hfi
copying puremacro/hfi/jk2020.py -> puremacro-4.3.0/puremacro/hfi
copying puremacro/hfi/surprises.py -> puremacro-4.3.0/puremacro/hfi
copying puremacro/inference/__init__.py -> puremacro-4.3.0/puremacro/inference
copying puremacro/inference/_ols_helpers.py -> puremacro-4.3.0/puremacro/inference
copying puremacro/inference/_parallel.py -> puremacro-4.3.0/puremacro/inference
copying puremacro/inference/_results.py -> puremacro-4.3.0/puremacro/inference
copying puremacro/inference/balanced_panel.py -> puremacro-4.3.0/puremacro/inference
copying puremacro/inference/block_bootstrap.py -> puremacro-4.3.0/puremacro/inference
copying puremacro/inference/bootstrap.py -> puremacro-4.3.0/puremacro/inference
copying puremacro/inference/collinearity.py -> puremacro-4.3.0/puremacro/inference
copying puremacro/inference/diagnostics.py -> puremacro-4.3.0/puremacro/inference
copying puremacro/inference/dk.py -> puremacro-4.3.0/puremacro/inference
copying puremacro/inference/hac.py -> puremacro-4.3.0/puremacro/inference
copying puremacro/inference/hac_fixed_b.py -> puremacro-4.3.0/puremacro/inference
copying puremacro/inference/lewbel_iv.py -> puremacro-4.3.0/puremacro/inference
copying puremacro/inference/lp_block_bootstrap.py -> puremacro-4.3.0/puremacro/inference
copying puremacro/inference/moving_block.py -> puremacro-4.3.0/puremacro/inference
copying puremacro/inference/multiple.py -> puremacro-4.3.0/puremacro/inference
copying puremacro/inference/newey_west.py -> puremacro-4.3.0/puremacro/inference
copying puremacro/inference/over_id.py -> puremacro-4.3.0/puremacro/inference
copying puremacro/inference/pesaran.py -> puremacro-4.3.0/puremacro/inference
copying puremacro/inference/proportions.py -> puremacro-4.3.0/puremacro/inference
copying puremacro/inference/quandt_andrews.py -> puremacro-4.3.0/puremacro/inference
copying puremacro/inference/simex.py -> puremacro-4.3.0/puremacro/inference
copying puremacro/inference/spec_curve.py -> puremacro-4.3.0/puremacro/inference
copying puremacro/inference/supt.py -> puremacro-4.3.0/puremacro/inference
copying puremacro/inference/swamy.py -> puremacro-4.3.0/puremacro/inference
copying puremacro/inference/weak_iv.py -> puremacro-4.3.0/puremacro/inference
copying puremacro/inference/wild_bootstrap.py -> puremacro-4.3.0/puremacro/inference
copying puremacro/instruments/__init__.py -> puremacro-4.3.0/puremacro/instruments
copying puremacro/instruments/_catalog.py -> puremacro-4.3.0/puremacro/instruments
copying puremacro/instruments/_compose.py -> puremacro-4.3.0/puremacro/instruments
copying puremacro/instruments/_core.py -> puremacro-4.3.0/puremacro/instruments
copying puremacro/instruments/_helpers.py -> puremacro-4.3.0/puremacro/instruments
copying puremacro/instruments/_registry.py -> puremacro-4.3.0/puremacro/instruments
copying puremacro/instruments/external/__init__.py -> puremacro-4.3.0/puremacro/instruments/external
copying puremacro/instruments/external/bis.py -> puremacro-4.3.0/puremacro/instruments/external
copying puremacro/instruments/external/fred.py -> puremacro-4.3.0/puremacro/instruments/external
copying puremacro/instruments/external/imf_weo.py -> puremacro-4.3.0/puremacro/instruments/external
copying puremacro/instruments/literature/__init__.py -> puremacro-4.3.0/puremacro/instruments/literature
copying puremacro/instruments/literature/_helpers.py -> puremacro-4.3.0/puremacro/instruments/literature
copying puremacro/instruments/literature/bbd_epu.py -> puremacro-4.3.0/puremacro/instruments/literature
copying puremacro/instruments/literature/bloom_2009.py -> puremacro-4.3.0/puremacro/instruments/literature
copying puremacro/instruments/literature/caldara_iacoviello_gpr.py -> puremacro-4.3.0/puremacro/instruments/literature
copying puremacro/instruments/literature/romer_romer_2004.py -> puremacro-4.3.0/puremacro/instruments/literature
copying puremacro/longrun/__init__.py -> puremacro-4.3.0/puremacro/longrun
copying puremacro/longrun/_job.py -> puremacro-4.3.0/puremacro/longrun
copying puremacro/lp/__init__.py -> puremacro-4.3.0/puremacro/lp
copying puremacro/lp/_common.py -> puremacro-4.3.0/puremacro/lp
copying puremacro/lp/_garch_utils.py -> puremacro-4.3.0/puremacro/lp
copying puremacro/lp/_panel_helpers.py -> puremacro-4.3.0/puremacro/lp
copying puremacro/lp/_results.py -> puremacro-4.3.0/puremacro/lp
copying puremacro/lp/asymmetric.py -> puremacro-4.3.0/puremacro/lp
copying puremacro/lp/cce.py -> puremacro-4.3.0/puremacro/lp
copying puremacro/lp/garch_in_mean.py -> puremacro-4.3.0/puremacro/lp
copying puremacro/lp/garch_state.py -> puremacro-4.3.0/puremacro/lp
copying puremacro/lp/garch_utils.py -> puremacro-4.3.0/puremacro/lp
copying puremacro/lp/iv.py -> puremacro-4.3.0/puremacro/lp
copying puremacro/lp/iv_helpers.py -> puremacro-4.3.0/puremacro/lp
copying puremacro/lp/iv_lewbel.py -> puremacro-4.3.0/puremacro/lp
copying puremacro/lp/jorda.py -> puremacro-4.3.0/puremacro/lp
copying puremacro/lp/la_lp.py -> puremacro-4.3.0/puremacro/lp
copying puremacro/lp/lp_did.py -> puremacro-4.3.0/puremacro/lp
copying puremacro/lp/mean_group.py -> puremacro-4.3.0/puremacro/lp
copying puremacro/lp/panel.py -> puremacro-4.3.0/puremacro/lp
copying puremacro/lp/panel_dk.py -> puremacro-4.3.0/puremacro/lp
copying puremacro/lp/panel_iv.py -> puremacro-4.3.0/puremacro/lp
copying puremacro/lp/quantile.py -> puremacro-4.3.0/puremacro/lp
copying puremacro/lp/smooth.py -> puremacro-4.3.0/puremacro/lp
copying puremacro/lp/state_dep.py -> puremacro-4.3.0/puremacro/lp
copying puremacro/models/__init__.py -> puremacro-4.3.0/puremacro/models
copying puremacro/models/dmp_regime_dependent.py -> puremacro-4.3.0/puremacro/models
copying puremacro/models/hank_sequence_space.py -> puremacro-4.3.0/puremacro/models
copying puremacro/models/monetary_transmission.py -> puremacro-4.3.0/puremacro/models
copying puremacro/models/smm.py -> puremacro-4.3.0/puremacro/models
copying puremacro/models/trade_policy.py -> puremacro-4.3.0/puremacro/models
copying puremacro/models/nested_dmp/__init__.py -> puremacro-4.3.0/puremacro/models/nested_dmp
copying puremacro/models/nested_dmp/backend.py -> puremacro-4.3.0/puremacro/models/nested_dmp
copying puremacro/models/nested_dmp/dynamics.py -> puremacro-4.3.0/puremacro/models/nested_dmp
copying puremacro/models/nested_dmp/equilibrium.py -> puremacro-4.3.0/puremacro/models/nested_dmp
copying puremacro/models/nested_dmp/estimation.py -> puremacro-4.3.0/puremacro/models/nested_dmp
copying puremacro/models/nested_dmp/kernels.py -> puremacro-4.3.0/puremacro/models/nested_dmp
copying puremacro/models/nested_dmp/kernels_numba.py -> puremacro-4.3.0/puremacro/models/nested_dmp
copying puremacro/models/nested_dmp/params.py -> puremacro-4.3.0/puremacro/models/nested_dmp
copying puremacro/models/nested_dmp/welfare.py -> puremacro-4.3.0/puremacro/models/nested_dmp
copying puremacro/narrative/__init__.py -> puremacro-4.3.0/puremacro/narrative
copying puremacro/narrative/_local_engines.py -> puremacro-4.3.0/puremacro/narrative
copying puremacro/narrative/_signal_quality.py -> puremacro-4.3.0/puremacro/narrative
copying puremacro/narrative/aggregate.py -> puremacro-4.3.0/puremacro/narrative
copying puremacro/narrative/anomalies.py -> puremacro-4.3.0/puremacro/narrative
copying puremacro/narrative/classifier.py -> puremacro-4.3.0/puremacro/narrative
copying puremacro/narrative/crowd_expert.py -> puremacro-4.3.0/puremacro/narrative
copying puremacro/narrative/dedup.py -> puremacro-4.3.0/puremacro/narrative
copying puremacro/narrative/harvest.py -> puremacro-4.3.0/puremacro/narrative
copying puremacro/narrative/panel.py -> puremacro-4.3.0/puremacro/narrative
copying puremacro/narrative/topics.py -> puremacro-4.3.0/puremacro/narrative
copying puremacro/narrative/types.py -> puremacro-4.3.0/puremacro/narrative
copying puremacro/narrative/validate.py -> puremacro-4.3.0/puremacro/narrative
copying puremacro/narrative/indices/__init__.py -> puremacro-4.3.0/puremacro/narrative/indices
copying puremacro/narrative/indices/_embedding_kernel.py -> puremacro-4.3.0/puremacro/narrative/indices
copying puremacro/narrative/indices/_fed_districts.py -> puremacro-4.3.0/puremacro/narrative/indices
copying puremacro/narrative/indices/_kernels.py -> puremacro-4.3.0/puremacro/narrative/indices
copying puremacro/narrative/indices/_lexicons.py -> puremacro-4.3.0/puremacro/narrative/indices
copying puremacro/narrative/indices/_lexicons_expanded.py -> puremacro-4.3.0/puremacro/narrative/indices
copying puremacro/narrative/indices/_llm_kernel.py -> puremacro-4.3.0/puremacro/narrative/indices
copying puremacro/narrative/indices/_mnl_kernel.py -> puremacro-4.3.0/puremacro/narrative/indices
copying puremacro/narrative/indices/beige_book.py -> puremacro-4.3.0/puremacro/narrative/indices
copying puremacro/narrative/indices/bluesky.py -> puremacro-4.3.0/puremacro/narrative/indices
copying puremacro/narrative/indices/cross_source.py -> puremacro-4.3.0/puremacro/narrative/indices
copying puremacro/narrative/indices/epu.py -> puremacro-4.3.0/puremacro/narrative/indices
copying puremacro/narrative/indices/eu_legislative.py -> puremacro-4.3.0/puremacro/narrative/indices
copying puremacro/narrative/indices/gpr.py -> puremacro-4.3.0/puremacro/narrative/indices
copying puremacro/narrative/indices/ltui.py -> puremacro-4.3.0/puremacro/narrative/indices
copying puremacro/narrative/indices/lui.py -> puremacro-4.3.0/puremacro/narrative/indices
copying puremacro/narrative/indices/lwui.py -> puremacro-4.3.0/puremacro/narrative/indices
copying puremacro/narrative/indices/mpu.py -> puremacro-4.3.0/puremacro/narrative/indices
copying puremacro/narrative/indices/tone.py -> puremacro-4.3.0/puremacro/narrative/indices
copying puremacro/narrative/indices/us_executive.py -> puremacro-4.3.0/puremacro/narrative/indices
copying puremacro/narrative/indices/wui.py -> puremacro-4.3.0/puremacro/narrative/indices
copying puremacro/narrative/quality/__init__.py -> puremacro-4.3.0/puremacro/narrative/quality
copying puremacro/narrative/quality/magnitude_harmonizer.py -> puremacro-4.3.0/puremacro/narrative/quality
copying puremacro/narrative/quality/pipeline.py -> puremacro-4.3.0/puremacro/narrative/quality
copying puremacro/narrative/quality/schedule_estimator.py -> puremacro-4.3.0/puremacro/narrative/quality
copying puremacro/narrative/quality/surprise_filter.py -> puremacro-4.3.0/puremacro/narrative/quality
copying puremacro/narrative/quality/target_auditor.py -> puremacro-4.3.0/puremacro/narrative/quality
copying puremacro/narrative/replication/__init__.py -> puremacro-4.3.0/puremacro/narrative/replication
copying puremacro/narrative/replication/_within_year.py -> puremacro-4.3.0/puremacro/narrative/replication
copying puremacro/narrative/replication/adler_2024_consolidations.py -> puremacro-4.3.0/puremacro/narrative/replication
copying puremacro/narrative/replication/cloyne_2013_uk.py -> puremacro-4.3.0/puremacro/narrative/replication
copying puremacro/narrative/replication/devries_2011_consolidations.py -> puremacro-4.3.0/puremacro/narrative/replication
copying puremacro/narrative/replication/dglp_2011_consolidations.py -> puremacro-4.3.0/puremacro/narrative/replication
copying puremacro/narrative/replication/eu_nms_2023_consolidations.py -> puremacro-4.3.0/puremacro/narrative/replication
copying puremacro/narrative/replication/guajardo_2011_aeipf.py -> puremacro-4.3.0/puremacro/narrative/replication
copying puremacro/narrative/replication/imf_covid_2022_announcements.py -> puremacro-4.3.0/puremacro/narrative/replication
copying puremacro/narrative/replication/mertens_ravn_2013.py -> puremacro-4.3.0/puremacro/narrative/replication
copying puremacro/narrative/replication/mitchell_historical.py -> puremacro-4.3.0/puremacro/narrative/replication
copying puremacro/narrative/replication/ramey_2011_defense.py -> puremacro-4.3.0/puremacro/narrative/replication
copying puremacro/narrative/replication/romer_romer_2010.py -> puremacro-4.3.0/puremacro/narrative/replication
copying puremacro/narrative/replication/romer_romer_2017.py -> puremacro-4.3.0/puremacro/narrative/replication
copying puremacro/narrative/scoring/__init__.py -> puremacro-4.3.0/puremacro/narrative/scoring
copying puremacro/narrative/scoring/explain.py -> puremacro-4.3.0/puremacro/narrative/scoring
copying puremacro/narrative/scoring/keyword.py -> puremacro-4.3.0/puremacro/narrative/scoring
copying puremacro/narrative/scoring/lexicons_es.py -> puremacro-4.3.0/puremacro/narrative/scoring
copying puremacro/narrative/scoring/llm.py -> puremacro-4.3.0/puremacro/narrative/scoring
copying puremacro/narrative/scoring/manual.py -> puremacro-4.3.0/puremacro/narrative/scoring
copying puremacro/narrative/scoring/multilingual.py -> puremacro-4.3.0/puremacro/narrative/scoring
copying puremacro/narrative/sources/__init__.py -> puremacro-4.3.0/puremacro/narrative/sources
copying puremacro/narrative/sources/_extractors.py -> puremacro-4.3.0/puremacro/narrative/sources
copying puremacro/narrative/sources/_fallback.py -> puremacro-4.3.0/puremacro/narrative/sources
copying puremacro/narrative/sources/_http.py -> puremacro-4.3.0/puremacro/narrative/sources
copying puremacro/narrative/sources/_playwright_helper.py -> puremacro-4.3.0/puremacro/narrative/sources
copying puremacro/narrative/sources/_ratedoc.py -> puremacro-4.3.0/puremacro/narrative/sources
copying puremacro/narrative/sources/_rss.py -> puremacro-4.3.0/puremacro/narrative/sources
copying puremacro/narrative/sources/_rss_filtered.py -> puremacro-4.3.0/puremacro/narrative/sources
copying puremacro/narrative/sources/_schema.py -> puremacro-4.3.0/puremacro/narrative/sources
copying puremacro/narrative/sources/_schema_check.py -> puremacro-4.3.0/puremacro/narrative/sources
copying puremacro/narrative/sources/_speeches.py -> puremacro-4.3.0/puremacro/narrative/sources
copying puremacro/narrative/sources/_telemetry.py -> puremacro-4.3.0/puremacro/narrative/sources
copying puremacro/narrative/sources/_wayback.py -> puremacro-4.3.0/puremacro/narrative/sources
copying puremacro/narrative/sources/banrep.py -> puremacro-4.3.0/puremacro/narrative/sources
copying puremacro/narrative/sources/banxico.py -> puremacro-4.3.0/puremacro/narrative/sources
copying puremacro/narrative/sources/bcb.py -> puremacro-4.3.0/puremacro/narrative/sources
copying puremacro/narrative/sources/bccl.py -> puremacro-4.3.0/puremacro/narrative/sources
copying puremacro/narrative/sources/bcra.py -> puremacro-4.3.0/puremacro/narrative/sources
copying puremacro/narrative/sources/beige_book.py -> puremacro-4.3.0/puremacro/narrative/sources
copying puremacro/narrative/sources/bi.py -> puremacro-4.3.0/puremacro/narrative/sources
copying puremacro/narrative/sources/bis_speeches.py -> puremacro-4.3.0/puremacro/narrative/sources
copying puremacro/narrative/sources/bluesky.py -> puremacro-4.3.0/puremacro/narrative/sources
copying puremacro/narrative/sources/bnm.py -> puremacro-4.3.0/puremacro/narrative/sources
copying puremacro/narrative/sources/boe_decision.py -> puremacro-4.3.0/puremacro/narrative/sources
copying puremacro/narrative/sources/boe_minutes.py -> puremacro-4.3.0/puremacro/narrative/sources
copying puremacro/narrative/sources/boe_speeches.py -> puremacro-4.3.0/puremacro/narrative/sources
copying puremacro/narrative/sources/boj_decision.py -> puremacro-4.3.0/puremacro/narrative/sources
copying puremacro/narrative/sources/boj_speeches.py -> puremacro-4.3.0/puremacro/narrative/sources
copying puremacro/narrative/sources/bok.py -> puremacro-4.3.0/puremacro/narrative/sources
copying puremacro/narrative/sources/bot.py -> puremacro-4.3.0/puremacro/narrative/sources
copying puremacro/narrative/sources/bsp.py -> puremacro-4.3.0/puremacro/narrative/sources
copying puremacro/narrative/sources/ca_dof.py -> puremacro-4.3.0/puremacro/narrative/sources
copying puremacro/narrative/sources/cbe.py -> puremacro-4.3.0/puremacro/narrative/sources
copying puremacro/narrative/sources/cbk.py -> puremacro-4.3.0/puremacro/narrative/sources
copying puremacro/narrative/sources/cbn.py -> puremacro-4.3.0/puremacro/narrative/sources
copying puremacro/narrative/sources/de_bmf.py -> puremacro-4.3.0/puremacro/narrative/sources
copying puremacro/narrative/sources/ecb_decision.py -> puremacro-4.3.0/puremacro/narrative/sources
copying puremacro/narrative/sources/ecb_minutes.py -> puremacro-4.3.0/puremacro/narrative/sources
copying puremacro/narrative/sources/ecb_press.py -> puremacro-4.3.0/puremacro/narrative/sources
copying puremacro/narrative/sources/ecb_press_conf.py -> puremacro-4.3.0/puremacro/narrative/sources
copying puremacro/narrative/sources/ecb_speeches.py -> puremacro-4.3.0/puremacro/narrative/sources
copying puremacro/narrative/sources/eu_ecfin.py -> puremacro-4.3.0/puremacro/narrative/sources
copying puremacro/narrative/sources/eu_eurlex.py -> puremacro-4.3.0/puremacro/narrative/sources
copying puremacro/narrative/sources/eu_parliament.py -> puremacro-4.3.0/puremacro/narrative/sources
copying puremacro/narrative/sources/fed_decision.py -> puremacro-4.3.0/puremacro/narrative/sources
copying puremacro/narrative/sources/fed_minutes.py -> puremacro-4.3.0/puremacro/narrative/sources
copying puremacro/narrative/sources/fed_press_conf.py -> puremacro-4.3.0/puremacro/narrative/sources
copying puremacro/narrative/sources/fed_speeches.py -> puremacro-4.3.0/puremacro/narrative/sources
copying puremacro/narrative/sources/fr_tresor.py -> puremacro-4.3.0/puremacro/narrative/sources
copying puremacro/narrative/sources/frdb_strikes.py -> puremacro-4.3.0/puremacro/narrative/sources
copying puremacro/narrative/sources/google_news.py -> puremacro-4.3.0/puremacro/narrative/sources
copying puremacro/narrative/sources/hackernews.py -> puremacro-4.3.0/puremacro/narrative/sources
copying puremacro/narrative/sources/health.py -> puremacro-4.3.0/puremacro/narrative/sources
copying puremacro/narrative/sources/imf_articleiv.py -> puremacro-4.3.0/puremacro/narrative/sources
copying puremacro/narrative/sources/imf_news.py -> puremacro-4.3.0/puremacro/narrative/sources
copying puremacro/narrative/sources/it_mef.py -> puremacro-4.3.0/puremacro/narrative/sources
copying puremacro/narrative/sources/jp_mof.py -> puremacro-4.3.0/puremacro/narrative/sources
copying puremacro/narrative/sources/local_csv.py -> puremacro-4.3.0/puremacro/narrative/sources
copying puremacro/narrative/sources/macro_blogs.py -> puremacro-4.3.0/puremacro/narrative/sources
copying puremacro/narrative/sources/mas.py -> puremacro-4.3.0/puremacro/narrative/sources
copying puremacro/narrative/sources/nber_wp.py -> puremacro-4.3.0/puremacro/narrative/sources
copying puremacro/narrative/sources/news_api.py -> puremacro-4.3.0/puremacro/narrative/sources
copying puremacro/narrative/sources/norges.py -> puremacro-4.3.0/puremacro/narrative/sources
copying puremacro/narrative/sources/oecd_surveys.py -> puremacro-4.3.0/puremacro/narrative/sources
copying puremacro/narrative/sources/pboc.py -> puremacro-4.3.0/puremacro/narrative/sources
copying puremacro/narrative/sources/rba.py -> puremacro-4.3.0/puremacro/narrative/sources
copying puremacro/narrative/sources/rbi.py -> puremacro-4.3.0/puremacro/narrative/sources
copying puremacro/narrative/sources/rbnz.py -> puremacro-4.3.0/puremacro/narrative/sources
copying puremacro/narrative/sources/reddit.py -> puremacro-4.3.0/puremacro/narrative/sources
copying puremacro/narrative/sources/riksbank.py -> puremacro-4.3.0/puremacro/narrative/sources
copying puremacro/narrative/sources/sarb.py -> puremacro-4.3.0/puremacro/narrative/sources
copying puremacro/narrative/sources/sec_edgar.py -> puremacro-4.3.0/puremacro/narrative/sources
copying puremacro/narrative/sources/transcripts.py -> puremacro-4.3.0/puremacro/narrative/sources
copying puremacro/narrative/sources/uk_hmt.py -> puremacro-4.3.0/puremacro/narrative/sources
copying puremacro/narrative/sources/uk_obr.py -> puremacro-4.3.0/puremacro/narrative/sources
copying puremacro/narrative/sources/us_cbo.py -> puremacro-4.3.0/puremacro/narrative/sources
copying puremacro/narrative/sources/us_dod_contracts.py -> puremacro-4.3.0/puremacro/narrative/sources
copying puremacro/narrative/sources/us_erp.py -> puremacro-4.3.0/puremacro/narrative/sources
copying puremacro/narrative/sources/us_federal_register.py -> puremacro-4.3.0/puremacro/narrative/sources
copying puremacro/narrative/sources/us_sotu.py -> puremacro-4.3.0/puremacro/narrative/sources
copying puremacro/narrative/sources/us_treasury.py -> puremacro-4.3.0/puremacro/narrative/sources
copying puremacro/narrative/sources/us_warn.py -> puremacro-4.3.0/puremacro/narrative/sources
copying puremacro/narrative/validation/__init__.py -> puremacro-4.3.0/puremacro/narrative/validation
copying puremacro/narrative/validation/external_benchmarks.py -> puremacro-4.3.0/puremacro/narrative/validation
copying puremacro/narrative/validation/gap_filler.py -> puremacro-4.3.0/puremacro/narrative/validation
copying puremacro/narrative/validation/report.py -> puremacro-4.3.0/puremacro/narrative/validation
copying puremacro/narrative/validation/spec_curve.py -> puremacro-4.3.0/puremacro/narrative/validation
copying puremacro/narrative/validation/stability.py -> puremacro-4.3.0/puremacro/narrative/validation
copying puremacro/nowcast/__init__.py -> puremacro-4.3.0/puremacro/nowcast
copying puremacro/nowcast/combine.py -> puremacro-4.3.0/puremacro/nowcast
copying puremacro/nowcast/dfm.py -> puremacro-4.3.0/puremacro/nowcast
copying puremacro/nowcast/dfm_nowcast.py -> puremacro-4.3.0/puremacro/nowcast
copying puremacro/nowcast/evaluation.py -> puremacro-4.3.0/puremacro/nowcast
copying puremacro/nowcast/mfvar.py -> puremacro-4.3.0/puremacro/nowcast
copying puremacro/nowcast/news.py -> puremacro-4.3.0/puremacro/nowcast
copying puremacro/nowcast/realtime_nowcast.py -> puremacro-4.3.0/puremacro/nowcast
copying puremacro/nowcast/scoring.py -> puremacro-4.3.0/puremacro/nowcast
copying puremacro/plotting/__init__.py -> puremacro-4.3.0/puremacro/plotting
copying puremacro/plotting/bw_style.py -> puremacro-4.3.0/puremacro/plotting
copying puremacro/plotting/irf_plot.py -> puremacro-4.3.0/puremacro/plotting
copying puremacro/pocket/__init__.py -> puremacro-4.3.0/puremacro/pocket
copying puremacro/pocket/_cartridge.py -> puremacro-4.3.0/puremacro/pocket
copying puremacro/regress/__init__.py -> puremacro-4.3.0/puremacro/regress
copying puremacro/regress/discrete.py -> puremacro-4.3.0/puremacro/regress
copying puremacro/regress/lp.py -> puremacro-4.3.0/puremacro/regress
copying puremacro/regress/ols.py -> puremacro-4.3.0/puremacro/regress
copying puremacro/regress/quantile.py -> puremacro-4.3.0/puremacro/regress
copying puremacro/replication/__init__.py -> puremacro-4.3.0/puremacro/replication
copying puremacro/replication/_data.py -> puremacro-4.3.0/puremacro/replication
copying puremacro/replication/_model.py -> puremacro-4.3.0/puremacro/replication
copying puremacro/replication/cases_dsge_estimation.py -> puremacro-4.3.0/puremacro/replication
copying puremacro/replication/cases_ha_dsge_causal.py -> puremacro-4.3.0/puremacro/replication
copying puremacro/replication/cases_regression.py -> puremacro-4.3.0/puremacro/replication
copying puremacro/replication/cases_stylized_facts.py -> puremacro-4.3.0/puremacro/replication
copying puremacro/replication/runner.py -> puremacro-4.3.0/puremacro/replication
copying puremacro/replication/data/__init__.py -> puremacro-4.3.0/puremacro/replication/data
copying puremacro/replication/data/beveridge18_eu.csv -> puremacro-4.3.0/puremacro/replication/data
copying puremacro/replication/data/beveridge18_us.csv -> puremacro-4.3.0/puremacro/replication/data
copying puremacro/replication/data/gali1999.csv -> puremacro-4.3.0/puremacro/replication/data
copying puremacro/replication/data/kilian2009.csv -> puremacro-4.3.0/puremacro/replication/data
copying puremacro/replication/data/okun.csv -> puremacro-4.3.0/puremacro/replication/data
copying puremacro/replication/data/qna40_meta.csv -> puremacro-4.3.0/puremacro/replication/data
copying puremacro/replication/data/qna40_panel.csv -> puremacro-4.3.0/puremacro/replication/data
copying puremacro/replication/data/rz2018.csv -> puremacro-4.3.0/puremacro/replication/data
copying puremacro/replication/data/speccurve17_panel.csv -> puremacro-4.3.0/puremacro/replication/data
copying puremacro/replication/data/tax14_narrative_tax_shocks.csv -> puremacro-4.3.0/puremacro/replication/data
copying puremacro/replication/data/tax14_us_fiscal.csv -> puremacro-4.3.0/puremacro/replication/data
copying puremacro/runtime/__init__.py -> puremacro-4.3.0/puremacro/runtime
copying puremacro/runtime/_capabilities.py -> puremacro-4.3.0/puremacro/runtime
copying puremacro/runtime/budget.py -> puremacro-4.3.0/puremacro/runtime
copying puremacro/runtime/colab.py -> puremacro-4.3.0/puremacro/runtime
copying puremacro/runtime/store.py -> puremacro-4.3.0/puremacro/runtime
copying puremacro/runtime/transport.py -> puremacro-4.3.0/puremacro/runtime
copying puremacro/sa/__init__.py -> puremacro-4.3.0/puremacro/sa
copying puremacro/sa/_airline.py -> puremacro-4.3.0/puremacro/sa
copying puremacro/sa/stl.py -> puremacro-4.3.0/puremacro/sa
copying puremacro/sa/x11.py -> puremacro-4.3.0/puremacro/sa
copying puremacro/sa/x13.py -> puremacro-4.3.0/puremacro/sa
copying puremacro/sigma/__init__.py -> puremacro-4.3.0/puremacro/sigma
copying puremacro/sigma/shapley.py -> puremacro-4.3.0/puremacro/sigma
copying puremacro/sigma/sigma_numpy.py -> puremacro-4.3.0/puremacro/sigma
copying puremacro/spatial/__init__.py -> puremacro-4.3.0/puremacro/spatial
copying puremacro/spatial/allen_arkolakis.py -> puremacro-4.3.0/puremacro/spatial
copying puremacro/spatial/diagnostics.py -> puremacro-4.3.0/puremacro/spatial
copying puremacro/spatial/hac.py -> puremacro-4.3.0/puremacro/spatial
copying puremacro/spatial/lp.py -> puremacro-4.3.0/puremacro/spatial
copying puremacro/spatial/models.py -> puremacro-4.3.0/puremacro/spatial
copying puremacro/spatial/panel.py -> puremacro-4.3.0/puremacro/spatial
copying puremacro/spatial/weights.py -> puremacro-4.3.0/puremacro/spatial
copying puremacro/teaching/__init__.py -> puremacro-4.3.0/puremacro/teaching
copying puremacro/teaching/bartik.py -> puremacro-4.3.0/puremacro/teaching
copying puremacro/teaching/bartik_importance.py -> puremacro-4.3.0/puremacro/teaching
copying puremacro/teaching/bartik_research.py -> puremacro-4.3.0/puremacro/teaching
copying puremacro/teaching/bq_canonical.py -> puremacro-4.3.0/puremacro/teaching
copying puremacro/teaching/data.py -> puremacro-4.3.0/puremacro/teaching
copying puremacro/teaching/data_long.py -> puremacro-4.3.0/puremacro/teaching
copying puremacro/teaching/data_states.py -> puremacro-4.3.0/puremacro/teaching
copying puremacro/teaching/experiment.py -> puremacro-4.3.0/puremacro/teaching
copying puremacro/teaching/garch_arch.py -> puremacro-4.3.0/puremacro/teaching
copying puremacro/teaching/garch_iv.py -> puremacro-4.3.0/puremacro/teaching
copying puremacro/teaching/integration_checks.py -> puremacro-4.3.0/puremacro/teaching
copying puremacro/teaching/irf_scale.py -> puremacro-4.3.0/puremacro/teaching
copying puremacro/teaching/lp_sm.py -> puremacro-4.3.0/puremacro/teaching
copying puremacro/teaching/panel_lm.py -> puremacro-4.3.0/puremacro/teaching
copying puremacro/teaching/plot.py -> puremacro-4.3.0/puremacro/teaching
copying puremacro/teaching/recipes.py -> puremacro-4.3.0/puremacro/teaching
copying puremacro/teaching/svar_panel.py -> puremacro-4.3.0/puremacro/teaching
copying puremacro/teaching/var_sm.py -> puremacro-4.3.0/puremacro/teaching
copying puremacro/tests/__init__.py -> puremacro-4.3.0/puremacro/tests
copying puremacro/tests/breaks.py -> puremacro-4.3.0/puremacro/tests
copying puremacro/tests/test_build_panel.py -> puremacro-4.3.0/puremacro/tests
copying puremacro/tests/test_capital.py -> puremacro-4.3.0/puremacro/tests
copying puremacro/tests/unit_root.py -> puremacro-4.3.0/puremacro/tests
copying puremacro/tests/test_var/__init__.py -> puremacro-4.3.0/puremacro/tests/test_var
copying puremacro/tests/test_var/test_proxy_axis.py -> puremacro-4.3.0/puremacro/tests/test_var
copying puremacro/trade/__init__.py -> puremacro-4.3.0/puremacro/trade
copying puremacro/trade/_accounting.py -> puremacro-4.3.0/puremacro/trade
copying puremacro/trade/_hicksian_policy.py -> puremacro-4.3.0/puremacro/trade
copying puremacro/trade/_oecd_icio.py -> puremacro-4.3.0/puremacro/trade
copying puremacro/trade/_results.py -> puremacro-4.3.0/puremacro/trade
copying puremacro/trade/calibration.py -> puremacro-4.3.0/puremacro/trade
copying puremacro/trade/caliendo_parro.py -> puremacro-4.3.0/puremacro/trade
copying puremacro/trade/data.py -> puremacro-4.3.0/puremacro/trade
copying puremacro/trade/equilibrium.py -> puremacro-4.3.0/puremacro/trade
copying puremacro/trade/extensions.py -> puremacro-4.3.0/puremacro/trade
copying puremacro/trade/flexible.py -> puremacro-4.3.0/puremacro/trade
copying puremacro/trade/game.py -> puremacro-4.3.0/puremacro/trade
copying puremacro/trade/geary_khamis.py -> puremacro-4.3.0/puremacro/trade
copying puremacro/trade/optimal_tariffs.py -> puremacro-4.3.0/puremacro/trade
copying puremacro/trade/plot.py -> puremacro-4.3.0/puremacro/trade
copying puremacro/trade/policy_analytics.py -> puremacro-4.3.0/puremacro/trade
copying puremacro/trade/policy_solver.py -> puremacro-4.3.0/puremacro/trade
copying puremacro/trade/postprocessing.py -> puremacro-4.3.0/puremacro/trade
copying puremacro/trade/regularize.py -> puremacro-4.3.0/puremacro/trade
copying puremacro/trade/scenarios.py -> puremacro-4.3.0/puremacro/trade
copying puremacro/trade/solver.py -> puremacro-4.3.0/puremacro/trade
copying puremacro/trade/tables.py -> puremacro-4.3.0/puremacro/trade
copying puremacro/trade/welfare.py -> puremacro-4.3.0/puremacro/trade
copying puremacro/trade/_datafiles/MANIFEST.json -> puremacro-4.3.0/puremacro/trade/_datafiles
copying puremacro/trade/_datafiles/REFERENCE_MANIFEST.json -> puremacro-4.3.0/puremacro/trade/_datafiles
copying puremacro/trade/_datafiles/SOURCES.md -> puremacro-4.3.0/puremacro/trade/_datafiles
copying puremacro/trade/_datafiles/WORKBOOK_MANIFEST.json -> puremacro-4.3.0/puremacro/trade/_datafiles
copying puremacro/trade/_datafiles/icio_77c_11s.npz -> puremacro-4.3.0/puremacro/trade/_datafiles
copying puremacro/trade/_datafiles/trade_reference_solutions.npz -> puremacro-4.3.0/puremacro/trade/_datafiles
copying puremacro/trade/_datafiles/trade_results_workbook.npz -> puremacro-4.3.0/puremacro/trade/_datafiles
copying puremacro/trade/gpu/__init__.py -> puremacro-4.3.0/puremacro/trade/gpu
copying puremacro/trade/gpu/backend.py -> puremacro-4.3.0/puremacro/trade/gpu
copying puremacro/trade/gpu/batched_jacobian.py -> puremacro-4.3.0/puremacro/trade/gpu
copying puremacro/trade/gpu/homotopy.py -> puremacro-4.3.0/puremacro/trade/gpu
copying puremacro/trade/gpu/mlx_solver.py -> puremacro-4.3.0/puremacro/trade/gpu
copying puremacro/trade/gpu/solver_gpu.py -> puremacro-4.3.0/puremacro/trade/gpu
copying puremacro/uncertainty/__init__.py -> puremacro-4.3.0/puremacro/uncertainty
copying puremacro/uncertainty/composite.py -> puremacro-4.3.0/puremacro/uncertainty
copying puremacro/uncertainty/decomposition.py -> puremacro-4.3.0/puremacro/uncertainty
copying puremacro/uncertainty/diagnostics.py -> puremacro-4.3.0/puremacro/uncertainty
copying puremacro/uncertainty/lp_long.py -> puremacro-4.3.0/puremacro/uncertainty
copying puremacro/uncertainty/regimes.py -> puremacro-4.3.0/puremacro/uncertainty
copying puremacro/validation/__init__.py -> puremacro-4.3.0/puremacro/validation
copying puremacro/validation/_fixtures.py -> puremacro-4.3.0/puremacro/validation
copying puremacro/validation/_goldens.py -> puremacro-4.3.0/puremacro/validation
copying puremacro/validation/_model.py -> puremacro-4.3.0/puremacro/validation
copying puremacro/validation/cases_cointegration.py -> puremacro-4.3.0/puremacro/validation
copying puremacro/validation/cases_did.py -> puremacro-4.3.0/puremacro/validation
copying puremacro/validation/cases_dsge.py -> puremacro-4.3.0/puremacro/validation
copying puremacro/validation/cases_dynpanel.py -> puremacro-4.3.0/puremacro/validation
copying puremacro/validation/cases_forecast.py -> puremacro-4.3.0/puremacro/validation
copying puremacro/validation/cases_garch.py -> puremacro-4.3.0/puremacro/validation
copying puremacro/validation/cases_inference.py -> puremacro-4.3.0/puremacro/validation
copying puremacro/validation/cases_lp.py -> puremacro-4.3.0/puremacro/validation
copying puremacro/validation/cases_narrative.py -> puremacro-4.3.0/puremacro/validation
copying puremacro/validation/cases_spatial.py -> puremacro-4.3.0/puremacro/validation
copying puremacro/validation/cases_spectral.py -> puremacro-4.3.0/puremacro/validation
copying puremacro/validation/cases_state_space.py -> puremacro-4.3.0/puremacro/validation
copying puremacro/validation/cases_unit_root.py -> puremacro-4.3.0/puremacro/validation
copying puremacro/validation/cases_var.py -> puremacro-4.3.0/puremacro/validation
copying puremacro/validation/cases_vfi.py -> puremacro-4.3.0/puremacro/validation
copying puremacro/validation/runner.py -> puremacro-4.3.0/puremacro/validation
copying puremacro/validation/goldens/__init__.py -> puremacro-4.3.0/puremacro/validation/goldens
copying puremacro/validation/goldens/_t.json -> puremacro-4.3.0/puremacro/validation/goldens
copying puremacro/validation/goldens/garch.json -> puremacro-4.3.0/puremacro/validation/goldens
copying puremacro/validation/goldens/inference.json -> puremacro-4.3.0/puremacro/validation/goldens
copying puremacro/validation/goldens/lp.json -> puremacro-4.3.0/puremacro/validation/goldens
copying puremacro/validation/goldens/spatial.json -> puremacro-4.3.0/puremacro/validation/goldens
copying puremacro/validation/goldens/state_space.json -> puremacro-4.3.0/puremacro/validation/goldens
copying puremacro/validation/goldens/var.json -> puremacro-4.3.0/puremacro/validation/goldens
copying puremacro/var/__init__.py -> puremacro-4.3.0/puremacro/var
copying puremacro/var/_results.py -> puremacro-4.3.0/puremacro/var
copying puremacro/var/bootstrap.py -> puremacro-4.3.0/puremacro/var
copying puremacro/var/bvar.py -> puremacro-4.3.0/puremacro/var
copying puremacro/var/bvar_sv.py -> puremacro-4.3.0/puremacro/var
copying puremacro/var/diagnostics.py -> puremacro-4.3.0/puremacro/var
copying puremacro/var/estimate.py -> puremacro-4.3.0/puremacro/var
copying puremacro/var/favar.py -> puremacro-4.3.0/puremacro/var
copying puremacro/var/gvar.py -> puremacro-4.3.0/puremacro/var
copying puremacro/var/irf.py -> puremacro-4.3.0/puremacro/var
copying puremacro/var/panel.py -> puremacro-4.3.0/puremacro/var
copying puremacro/var/peak.py -> puremacro-4.3.0/puremacro/var
copying puremacro/var/tvp.py -> puremacro-4.3.0/puremacro/var
copying puremacro/var/vecm.py -> puremacro-4.3.0/puremacro/var
copying puremacro/var/identify/__init__.py -> puremacro-4.3.0/puremacro/var/identify
copying puremacro/var/identify/_results.py -> puremacro-4.3.0/puremacro/var/identify
copying puremacro/var/identify/bq.py -> puremacro-4.3.0/puremacro/var/identify
copying puremacro/var/identify/cholesky.py -> puremacro-4.3.0/puremacro/var/identify
copying puremacro/var/identify/hetero.py -> puremacro-4.3.0/puremacro/var/identify
copying puremacro/var/identify/magmav.py -> puremacro-4.3.0/puremacro/var/identify
copying puremacro/var/identify/maxshare.py -> puremacro-4.3.0/puremacro/var/identify
copying puremacro/var/identify/narrative_sign.py -> puremacro-4.3.0/puremacro/var/identify
copying puremacro/var/identify/non_gaussian.py -> puremacro-4.3.0/puremacro/var/identify
copying puremacro/var/identify/panel.py -> puremacro-4.3.0/puremacro/var/identify
copying puremacro/var/identify/proxy.py -> puremacro-4.3.0/puremacro/var/identify
copying puremacro/var/identify/sign.py -> puremacro-4.3.0/puremacro/var/identify
copying puremacro/var/identify/sign_robust.py -> puremacro-4.3.0/puremacro/var/identify
copying puremacro/var/identify/sign_zero.py -> puremacro-4.3.0/puremacro/var/identify
copying puremacro/var/regime/__init__.py -> puremacro-4.3.0/puremacro/var/regime
copying puremacro/var/regime/girf.py -> puremacro-4.3.0/puremacro/var/regime
copying puremacro/var/regime/ms_var.py -> puremacro-4.3.0/puremacro/var/regime
copying puremacro/var/regime/threshold.py -> puremacro-4.3.0/puremacro/var/regime
copying puremacro/var/regime/tvecm.py -> puremacro-4.3.0/puremacro/var/regime
copying puremacro/vfi/__init__.py -> puremacro-4.3.0/puremacro/vfi
copying puremacro/vfi/aggregate.py -> puremacro-4.3.0/puremacro/vfi
copying puremacro/vfi/aiyagari_endogenous.py -> puremacro-4.3.0/puremacro/vfi
copying puremacro/vfi/analytic_gradients.py -> puremacro-4.3.0/puremacro/vfi
copying puremacro/vfi/case2.py -> puremacro-4.3.0/puremacro/vfi
copying puremacro/vfi/collocation.py -> puremacro-4.3.0/puremacro/vfi
copying puremacro/vfi/compat.py -> puremacro-4.3.0/puremacro/vfi
copying puremacro/vfi/continuous_distribution.py -> puremacro-4.3.0/puremacro/vfi
copying puremacro/vfi/continuous_transition.py -> puremacro-4.3.0/puremacro/vfi
copying puremacro/vfi/dcegm.py -> puremacro-4.3.0/puremacro/vfi
copying puremacro/vfi/deep_macro.py -> puremacro-4.3.0/puremacro/vfi
copying puremacro/vfi/discretize.py -> puremacro-4.3.0/puremacro/vfi
copying puremacro/vfi/distribution.py -> puremacro-4.3.0/puremacro/vfi
copying puremacro/vfi/egm.py -> puremacro-4.3.0/puremacro/vfi
copying puremacro/vfi/epstein_zin.py -> puremacro-4.3.0/puremacro/vfi
copying puremacro/vfi/equilibrium.py -> puremacro-4.3.0/puremacro/vfi
copying puremacro/vfi/estimate.py -> puremacro-4.3.0/puremacro/vfi
copying puremacro/vfi/examples.py -> puremacro-4.3.0/puremacro/vfi
copying puremacro/vfi/fem.py -> puremacro-4.3.0/puremacro/vfi
copying puremacro/vfi/finite_horizon.py -> puremacro-4.3.0/puremacro/vfi
copying puremacro/vfi/firm_dynamics.py -> puremacro-4.3.0/puremacro/vfi
copying puremacro/vfi/hjb_achdou.py -> puremacro-4.3.0/puremacro/vfi
copying puremacro/vfi/kernels.py -> puremacro-4.3.0/puremacro/vfi
copying puremacro/vfi/kernels_numba.py -> puremacro-4.3.0/puremacro/vfi
copying puremacro/vfi/krusell_smith.py -> puremacro-4.3.0/puremacro/vfi
copying puremacro/vfi/model.py -> puremacro-4.3.0/puremacro/vfi
copying puremacro/vfi/olg.py -> puremacro-4.3.0/puremacro/vfi
copying puremacro/vfi/permanent_types.py -> puremacro-4.3.0/puremacro/vfi
copying puremacro/vfi/problem.py -> puremacro-4.3.0/puremacro/vfi
copying puremacro/vfi/returnfn.py -> puremacro-4.3.0/puremacro/vfi
copying puremacro/vfi/simulate.py -> puremacro-4.3.0/puremacro/vfi
copying puremacro/vfi/smolyak.py -> puremacro-4.3.0/puremacro/vfi
copying puremacro/vfi/solve.py -> puremacro-4.3.0/puremacro/vfi
copying puremacro/vfi/splines.py -> puremacro-4.3.0/puremacro/vfi
copying puremacro/vfi/transition.py -> puremacro-4.3.0/puremacro/vfi
copying puremacro/volatility/__init__.py -> puremacro-4.3.0/puremacro/volatility
copying puremacro/volatility/diagnostics.py -> puremacro-4.3.0/puremacro/volatility
copying puremacro/volatility/har.py -> puremacro-4.3.0/puremacro/volatility
copying puremacro/volatility/multivariate.py -> puremacro-4.3.0/puremacro/volatility
copying puremacro/volatility/range.py -> puremacro-4.3.0/puremacro/volatility
copying puremacro/volatility/sigma.py -> puremacro-4.3.0/puremacro/volatility
copying puremacro/wavelet/__init__.py -> puremacro-4.3.0/puremacro/wavelet
copying puremacro/wavelet/coherence.py -> puremacro-4.3.0/puremacro/wavelet
copying tests/test_46_state_strikes_replicates.py -> puremacro-4.3.0/tests
copying tests/test_adversarial_challenger_r1_r2.py -> puremacro-4.3.0/tests
copying tests/test_adversarial_identification_rank.py -> puremacro-4.3.0/tests
copying tests/test_adversarial_m1_moments_filters.py -> puremacro-4.3.0/tests
copying tests/test_adversarial_m1_robust_solvers.py -> puremacro-4.3.0/tests
copying tests/test_adversarial_m2_extended_path.py -> puremacro-4.3.0/tests
copying tests/test_adversarial_m3_bayesian_qz.py -> puremacro-4.3.0/tests
copying tests/test_adversarial_m3_conditional_shock_groups.py -> puremacro-4.3.0/tests
copying tests/test_adversarial_m4_multilateral.py -> puremacro-4.3.0/tests
copying tests/test_adversarial_m5_parser_docs.py -> puremacro-4.3.0/tests
copying tests/test_adversarial_m5_tables.py -> puremacro-4.3.0/tests
copying tests/test_adversarial_orch16_challenger2.py -> puremacro-4.3.0/tests
copying tests/test_adversarial_orch20_m1.py -> puremacro-4.3.0/tests
copying tests/test_adversarial_orch20_m2_1.py -> puremacro-4.3.0/tests
copying tests/test_adversarial_orch20_m3_2.py -> puremacro-4.3.0/tests
copying tests/test_adversarial_orch20_m4.py -> puremacro-4.3.0/tests
copying tests/test_adversarial_orch20_m5_2.py -> puremacro-4.3.0/tests
copying tests/test_adversarial_orch22_m2_challenger1.py -> puremacro-4.3.0/tests
copying tests/test_adversarial_orch5_challenger2.py -> puremacro-4.3.0/tests
copying tests/test_adversarial_remediations_330.py -> puremacro-4.3.0/tests
copying tests/test_adversarial_trade_precision.py -> puremacro-4.3.0/tests
copying tests/test_bartik_county_epu_coverage.py -> puremacro-4.3.0/tests
copying tests/test_bartik_exposure_iv_coverage.py -> puremacro-4.3.0/tests
copying tests/test_bartik_sensitivity_coverage.py -> puremacro-4.3.0/tests
copying tests/test_bartik_shares_coverage.py -> puremacro-4.3.0/tests
copying tests/test_beige_book.py -> puremacro-4.3.0/tests
copying tests/test_bilingual_docs.py -> puremacro-4.3.0/tests
copying tests/test_bis_neer_coverage.py -> puremacro-4.3.0/tests
copying tests/test_bluesky.py -> puremacro-4.3.0/tests
copying tests/test_bootstrap_parallel.py -> puremacro-4.3.0/tests
copying tests/test_bootstrap_wasm_fallback.py -> puremacro-4.3.0/tests
copying tests/test_build_panel_producers.py -> puremacro-4.3.0/tests
copying tests/test_build_panel_qna_labor.py -> puremacro-4.3.0/tests
copying tests/test_capital.py -> puremacro-4.3.0/tests
copying tests/test_challenger1_perf_derivatives.py -> puremacro-4.3.0/tests
copying tests/test_challenger2_stress.py -> puremacro-4.3.0/tests
copying tests/test_challenger_m1_backward_compat.py -> puremacro-4.3.0/tests
copying tests/test_challenger_m2_2_empirical.py -> puremacro-4.3.0/tests
copying tests/test_challenger_m4_realtime_cache.py -> puremacro-4.3.0/tests
copying tests/test_challenger_m4_schema_drift.py -> puremacro-4.3.0/tests
copying tests/test_challenger_ms_dsge_empirical.py -> puremacro-4.3.0/tests
copying tests/test_challenger_nb54_nb55_adversarial.py -> puremacro-4.3.0/tests
copying tests/test_challenger_news_empirical.py -> puremacro-4.3.0/tests
copying tests/test_challenger_orch22_m1_2.py -> puremacro-4.3.0/tests
copying tests/test_cholesky_shocks.py -> puremacro-4.3.0/tests
copying tests/test_climate_dice.py -> puremacro-4.3.0/tests
copying tests/test_cointegration_modern.py -> puremacro-4.3.0/tests
copying tests/test_connectedness_diebold_yilmaz_coverage.py -> puremacro-4.3.0/tests
copying tests/test_course.py -> puremacro-4.3.0/tests
copying tests/test_cross_nest_coverage.py -> puremacro-4.3.0/tests
copying tests/test_cross_source.py -> puremacro-4.3.0/tests
copying tests/test_cycles.py -> puremacro-4.3.0/tests
copying tests/test_data.py -> puremacro-4.3.0/tests
copying tests/test_data_helpers.py -> puremacro-4.3.0/tests
copying tests/test_datasets.py -> puremacro-4.3.0/tests
copying tests/test_deprecations_phase1.py -> puremacro-4.3.0/tests
copying tests/test_dgp_adversarial.py -> puremacro-4.3.0/tests
copying tests/test_did_callaway_santanna_demo.py -> puremacro-4.3.0/tests
copying tests/test_did_sensitivity.py -> puremacro-4.3.0/tests
copying tests/test_dml.py -> puremacro-4.3.0/tests
copying tests/test_dml_irm_iv.py -> puremacro-4.3.0/tests
copying tests/test_dmp_regime_dependent.py -> puremacro-4.3.0/tests
copying tests/test_docs_code_blocks.py -> puremacro-4.3.0/tests
copying tests/test_docs_nav.py -> puremacro-4.3.0/tests
copying tests/test_dsge_2nd_order.py -> puremacro-4.3.0/tests
copying tests/test_dsge_bayesian_surface.py -> puremacro-4.3.0/tests
copying tests/test_dsge_conditional_forecast.py -> puremacro-4.3.0/tests
copying tests/test_dsge_discretion.py -> puremacro-4.3.0/tests
copying tests/test_dsge_dynare_moments.py -> puremacro-4.3.0/tests
copying tests/test_dsge_dynare_parser.py -> puremacro-4.3.0/tests
copying tests/test_dsge_engine_closed_form.py -> puremacro-4.3.0/tests
copying tests/test_dsge_extended_path.py -> puremacro-4.3.0/tests
copying tests/test_dsge_gensys_coverage.py -> puremacro-4.3.0/tests
copying tests/test_dsge_gertler_karadi.py -> puremacro-4.3.0/tests
copying tests/test_dsge_identification_rank.py -> puremacro-4.3.0/tests
copying tests/test_dsge_markov_switching.py -> puremacro-4.3.0/tests
copying tests/test_dsge_mcp_transitions.py -> puremacro-4.3.0/tests
copying tests/test_dsge_news.py -> puremacro-4.3.0/tests
copying tests/test_dsge_occbin_differentiable.py -> puremacro-4.3.0/tests
copying tests/test_dsge_occbin_pkf.py -> puremacro-4.3.0/tests
copying tests/test_dsge_order3.py -> puremacro-4.3.0/tests
copying tests/test_dsge_parity_dashboard.py -> puremacro-4.3.0/tests
copying tests/test_dsge_particle_filter.py -> puremacro-4.3.0/tests
copying tests/test_dsge_phase_d_e2e.py -> puremacro-4.3.0/tests
copying tests/test_dsge_pruning.py -> puremacro-4.3.0/tests
copying tests/test_dsge_ramsey_bgp.py -> puremacro-4.3.0/tests
copying tests/test_dsge_shock_groups.py -> puremacro-4.3.0/tests
copying tests/test_dsge_smc.py -> puremacro-4.3.0/tests
copying tests/test_dsge_smets_wouters.py -> puremacro-4.3.0/tests
copying tests/test_dsge_stoch_simul_surface.py -> puremacro-4.3.0/tests
copying tests/test_dsge_var.py -> puremacro-4.3.0/tests
copying tests/test_dsge_widgets.py -> puremacro-4.3.0/tests
copying tests/test_dynare_advanced.py -> puremacro-4.3.0/tests
copying tests/test_dynare_bayesian.py -> puremacro-4.3.0/tests
copying tests/test_dynare_cli.py -> puremacro-4.3.0/tests
copying tests/test_dynare_decomposition.py -> puremacro-4.3.0/tests
copying tests/test_dynare_macro_processor.py -> puremacro-4.3.0/tests
copying tests/test_dynare_occbin.py -> puremacro-4.3.0/tests
copying tests/test_dynare_parity_adversarial.py -> puremacro-4.3.0/tests
copying tests/test_dynare_perfect_foresight.py -> puremacro-4.3.0/tests
copying tests/test_e2e_frontier_engines.py -> puremacro-4.3.0/tests
copying tests/test_empirical_stress_macro_widgets.py -> puremacro-4.3.0/tests
copying tests/test_empirical_stress_particle_filter.py -> puremacro-4.3.0/tests
copying tests/test_empirical_stress_phase_c.py -> puremacro-4.3.0/tests
copying tests/test_estimator_regressions.py -> puremacro-4.3.0/tests
copying tests/test_eu_legislative.py -> puremacro-4.3.0/tests
copying tests/test_examples_local_llm.py -> puremacro-4.3.0/tests
copying tests/test_experiment.py -> puremacro-4.3.0/tests
copying tests/test_experiment_vs_teaching.py -> puremacro-4.3.0/tests
copying tests/test_factor_coverage.py -> puremacro-4.3.0/tests
copying tests/test_fetch_bls_state.py -> puremacro-4.3.0/tests
copying tests/test_fetch_epu.py -> puremacro-4.3.0/tests
copying tests/test_fetch_imports_without_requests.py -> puremacro-4.3.0/tests
copying tests/test_fetch_jolts_vacancies.py -> puremacro-4.3.0/tests
copying tests/test_fetch_labor.py -> puremacro-4.3.0/tests
copying tests/test_fetch_labor_eurostat.py -> puremacro-4.3.0/tests
copying tests/test_fetch_labor_eurostat_quarterly.py -> puremacro-4.3.0/tests
copying tests/test_fetch_labor_ilostat.py -> puremacro-4.3.0/tests
copying tests/test_fetch_seasonal.py -> puremacro-4.3.0/tests
copying tests/test_fetch_state_industry.py -> puremacro-4.3.0/tests
copying tests/test_forecast_compare_coverage.py -> puremacro-4.3.0/tests
copying tests/test_forecast_density_coverage.py -> puremacro-4.3.0/tests
copying tests/test_forecast_mcs.py -> puremacro-4.3.0/tests
copying tests/test_garch_midas.py -> puremacro-4.3.0/tests
copying tests/test_gpu_acceleration.py -> puremacro-4.3.0/tests
copying tests/test_hank_regressions.py -> puremacro-4.3.0/tests
copying tests/test_hank_sequence_space.py -> puremacro-4.3.0/tests
copying tests/test_hank_two_asset.py -> puremacro-4.3.0/tests
copying tests/test_hjb_implicit.py -> puremacro-4.3.0/tests
copying tests/test_hp_spectral_gain.py -> puremacro-4.3.0/tests
copying tests/test_http_cache.py -> puremacro-4.3.0/tests
copying tests/test_http_throttle.py -> puremacro-4.3.0/tests
copying tests/test_http_unified.py -> puremacro-4.3.0/tests
copying tests/test_identify_narrative_sign.py -> puremacro-4.3.0/tests
copying tests/test_import.py -> puremacro-4.3.0/tests
copying tests/test_inference_balanced_panel_coverage.py -> puremacro-4.3.0/tests
copying tests/test_inference_block_bootstrap_coverage.py -> puremacro-4.3.0/tests
copying tests/test_inference_bootstrap_coverage.py -> puremacro-4.3.0/tests
copying tests/test_inference_extras_parity.py -> puremacro-4.3.0/tests
copying tests/test_inference_lp_block_bootstrap_coverage.py -> puremacro-4.3.0/tests
copying tests/test_inference_moving_block_bootstrap_coverage.py -> puremacro-4.3.0/tests
copying tests/test_inference_moving_block_coverage.py -> puremacro-4.3.0/tests
copying tests/test_inference_over_id_coverage.py -> puremacro-4.3.0/tests
copying tests/test_inference_pesaran_coverage.py -> puremacro-4.3.0/tests
copying tests/test_inference_supt_coverage.py -> puremacro-4.3.0/tests
copying tests/test_inference_wild_bootstrap_coverage.py -> puremacro-4.3.0/tests
copying tests/test_instruments__catalog_coverage.py -> puremacro-4.3.0/tests
copying tests/test_known_failures_schema.py -> puremacro-4.3.0/tests
copying tests/test_korv_gmm_coverage.py -> puremacro-4.3.0/tests
copying tests/test_labor_flows_coverage.py -> puremacro-4.3.0/tests
copying tests/test_labor_flows_demo.py -> puremacro-4.3.0/tests
copying tests/test_labor_flows_enoe.py -> puremacro-4.3.0/tests
copying tests/test_live_structural_references.py -> puremacro-4.3.0/tests
copying tests/test_local_backends.py -> puremacro-4.3.0/tests
copying tests/test_local_engines.py -> puremacro-4.3.0/tests
copying tests/test_local_http_post.py -> puremacro-4.3.0/tests
copying tests/test_local_llm_live.py -> puremacro-4.3.0/tests
copying tests/test_long_panel.py -> puremacro-4.3.0/tests
copying tests/test_long_panel_coverage.py -> puremacro-4.3.0/tests
copying tests/test_longrun.py -> puremacro-4.3.0/tests
copying tests/test_lp_did_coverage.py -> puremacro-4.3.0/tests
copying tests/test_lp_garch_utils_coverage.py -> puremacro-4.3.0/tests
copying tests/test_lp_iv_tsls_se.py -> puremacro-4.3.0/tests
copying tests/test_lp_quantile_coverage.py -> puremacro-4.3.0/tests
copying tests/test_lp_smooth.py -> puremacro-4.3.0/tests
copying tests/test_lwui_wage.py -> puremacro-4.3.0/tests
copying tests/test_m1_challenger2_factor_clearing.py -> puremacro-4.3.0/tests
copying tests/test_m1_challenger_stress.py -> puremacro-4.3.0/tests
copying tests/test_m2_challenger_stress.py -> puremacro-4.3.0/tests
copying tests/test_m2_empirical_challenge.py -> puremacro-4.3.0/tests
copying tests/test_m3_challenger_stress.py -> puremacro-4.3.0/tests
copying tests/test_m3_challenger_verification.py -> puremacro-4.3.0/tests
copying tests/test_m4_empirical_challenge.py -> puremacro-4.3.0/tests
copying tests/test_m4_empirical_challenger2_icio.py -> puremacro-4.3.0/tests
copying tests/test_m5_challenger_stress.py -> puremacro-4.3.0/tests
copying tests/test_m5_empirical_challenger2_icio.py -> puremacro-4.3.0/tests
copying tests/test_markov_stationary_gth.py -> puremacro-4.3.0/tests
copying tests/test_mcmc_coverage.py -> puremacro-4.3.0/tests
copying tests/test_midas.py -> puremacro-4.3.0/tests
copying tests/test_models_smm_coverage.py -> puremacro-4.3.0/tests
copying tests/test_monetary_transmission.py -> puremacro-4.3.0/tests
copying tests/test_mop_weak_iv.py -> puremacro-4.3.0/tests
copying tests/test_narrative.py -> puremacro-4.3.0/tests
copying tests/test_narrative_5tuple_schema.py -> puremacro-4.3.0/tests
copying tests/test_narrative_a_ext_and_ergo.py -> puremacro-4.3.0/tests
copying tests/test_narrative_aggregate_kind.py -> puremacro-4.3.0/tests
copying tests/test_narrative_anomalies.py -> puremacro-4.3.0/tests
copying tests/test_narrative_bbui_district.py -> puremacro-4.3.0/tests
copying tests/test_narrative_benchmarks_c3.py -> puremacro-4.3.0/tests
copying tests/test_narrative_body_extractor_coverage.py -> puremacro-4.3.0/tests
copying tests/test_narrative_cb_connectors.py -> puremacro-4.3.0/tests
copying tests/test_narrative_crowd_expert.py -> puremacro-4.3.0/tests
copying tests/test_narrative_event_sources.py -> puremacro-4.3.0/tests
copying tests/test_narrative_explain.py -> puremacro-4.3.0/tests
copying tests/test_narrative_external_benchmarks.py -> puremacro-4.3.0/tests
copying tests/test_narrative_extractors.py -> puremacro-4.3.0/tests
copying tests/test_narrative_fed_url_transform.py -> puremacro-4.3.0/tests
copying tests/test_narrative_harvest.py -> puremacro-4.3.0/tests
copying tests/test_narrative_health.py -> puremacro-4.3.0/tests
copying tests/test_narrative_index_to_quarterly.py -> puremacro-4.3.0/tests
copying tests/test_narrative_indices.py -> puremacro-4.3.0/tests
copying tests/test_narrative_indices_crosslingual.py -> puremacro-4.3.0/tests
copying tests/test_narrative_indices_validation.py -> puremacro-4.3.0/tests
copying tests/test_narrative_kernels.py -> puremacro-4.3.0/tests
copying tests/test_narrative_kind.py -> puremacro-4.3.0/tests
copying tests/test_narrative_lexicons_es.py -> puremacro-4.3.0/tests
copying tests/test_narrative_lexicons_expanded.py -> puremacro-4.3.0/tests
copying tests/test_narrative_llm_scoring.py -> puremacro-4.3.0/tests
copying tests/test_narrative_ltui.py -> puremacro-4.3.0/tests
copying tests/test_narrative_ltui_updown.py -> puremacro-4.3.0/tests
copying tests/test_narrative_lui_cooccurrence.py -> puremacro-4.3.0/tests
copying tests/test_narrative_lwui.py -> puremacro-4.3.0/tests
copying tests/test_narrative_multilingual.py -> puremacro-4.3.0/tests
copying tests/test_narrative_negation.py -> puremacro-4.3.0/tests
copying tests/test_narrative_nlp_modernization.py -> puremacro-4.3.0/tests
copying tests/test_narrative_offline.py -> puremacro-4.3.0/tests
copying tests/test_narrative_panel_coverage.py -> puremacro-4.3.0/tests
copying tests/test_narrative_predicts_events.py -> puremacro-4.3.0/tests
copying tests/test_narrative_quality.py -> puremacro-4.3.0/tests
copying tests/test_narrative_replication_adler_2024.py -> puremacro-4.3.0/tests
copying tests/test_narrative_replication_cloyne_2013_uk_coverage.py -> puremacro-4.3.0/tests
copying tests/test_narrative_replication_eu_nms_2023.py -> puremacro-4.3.0/tests
copying tests/test_narrative_replication_imf_covid_2022.py -> puremacro-4.3.0/tests
copying tests/test_narrative_replication_mertens_ravn_2013_coverage.py -> puremacro-4.3.0/tests
copying tests/test_narrative_replication_mitchell_historical_coverage.py -> puremacro-4.3.0/tests
copying tests/test_narrative_replication_profiles.py -> puremacro-4.3.0/tests
copying tests/test_narrative_replication_ramey_2011_defense_coverage.py -> puremacro-4.3.0/tests
copying tests/test_narrative_replication_romer_romer_2010_coverage.py -> puremacro-4.3.0/tests
copying tests/test_narrative_replication_romer_romer_2017_coverage.py -> puremacro-4.3.0/tests
copying tests/test_narrative_riskindex.py -> puremacro-4.3.0/tests
copying tests/test_narrative_scoring_manual_coverage.py -> puremacro-4.3.0/tests
copying tests/test_narrative_scoring_monetary.py -> puremacro-4.3.0/tests
copying tests/test_narrative_sec_edgar.py -> puremacro-4.3.0/tests
copying tests/test_narrative_sign_extensions.py -> puremacro-4.3.0/tests
copying tests/test_narrative_slice3_connectors.py -> puremacro-4.3.0/tests
copying tests/test_narrative_slice3_prompts.py -> puremacro-4.3.0/tests
copying tests/test_narrative_stability_report.py -> puremacro-4.3.0/tests
copying tests/test_narrative_surprise_filter_profile.py -> puremacro-4.3.0/tests
copying tests/test_narrative_tech_lexicons.py -> puremacro-4.3.0/tests
copying tests/test_narrative_timing_profile.py -> puremacro-4.3.0/tests
copying tests/test_narrative_topics.py -> puremacro-4.3.0/tests
copying tests/test_narrative_transcripts.py -> puremacro-4.3.0/tests
copying tests/test_narrative_triple_cooccurrence.py -> puremacro-4.3.0/tests
copying tests/test_narrative_validation.py -> puremacro-4.3.0/tests
copying tests/test_narrative_validation_report_coverage.py -> puremacro-4.3.0/tests
copying tests/test_no_machine_specific_paths.py -> puremacro-4.3.0/tests
copying tests/test_no_matlab_dependency.py -> puremacro-4.3.0/tests
copying tests/test_notebooks_trade_tutorials.py -> puremacro-4.3.0/tests
copying tests/test_numerical_hardening.py -> puremacro-4.3.0/tests
copying tests/test_numerics_coverage.py -> puremacro-4.3.0/tests
copying tests/test_occbin_multiconstraint.py -> puremacro-4.3.0/tests
copying tests/test_oecd_ana_activity.py -> puremacro-4.3.0/tests
copying tests/test_oecd_qna_expenditure.py -> puremacro-4.3.0/tests
copying tests/test_oecd_qna_panel.py -> puremacro-4.3.0/tests
copying tests/test_oecd_qna_tools.py -> puremacro-4.3.0/tests
copying tests/test_optional_io.py -> puremacro-4.3.0/tests
copying tests/test_paper.py -> puremacro-4.3.0/tests
copying tests/test_playground_inject.py -> puremacro-4.3.0/tests
copying tests/test_plot.py -> puremacro-4.3.0/tests
copying tests/test_plotting_bw_style_coverage.py -> puremacro-4.3.0/tests
copying tests/test_plotting_irf_plot_coverage.py -> puremacro-4.3.0/tests
copying tests/test_pocket.py -> puremacro-4.3.0/tests
copying tests/test_posterior_coverage.py -> puremacro-4.3.0/tests
copying tests/test_property_invariants.py -> puremacro-4.3.0/tests
copying tests/test_public_api.py -> puremacro-4.3.0/tests
copying tests/test_puremacro_regime_dates_coverage.py -> puremacro-4.3.0/tests
copying tests/test_py311_syntax_34fixes.py -> puremacro-4.3.0/tests
copying tests/test_pyodide_compat.py -> puremacro-4.3.0/tests
copying tests/test_pyodide_smoke_runner.py -> puremacro-4.3.0/tests
copying tests/test_python_puremacro_master.py -> puremacro-4.3.0/tests
copying tests/test_random_walk_metropolis.py -> puremacro-4.3.0/tests
copying tests/test_realized_vol_coverage.py -> puremacro-4.3.0/tests
copying tests/test_realtime_latam.py -> puremacro-4.3.0/tests
copying tests/test_regimes_coverage.py -> puremacro-4.3.0/tests
copying tests/test_regress_discrete_parity.py -> puremacro-4.3.0/tests
copying tests/test_regress_lp.py -> puremacro-4.3.0/tests
copying tests/test_regress_quantile_parity.py -> puremacro-4.3.0/tests
copying tests/test_release_check.py -> puremacro-4.3.0/tests
copying tests/test_release_check_34fixes.py -> puremacro-4.3.0/tests
copying tests/test_render_examples_gallery.py -> puremacro-4.3.0/tests
copying tests/test_replication_adrr2018.py -> puremacro-4.3.0/tests
copying tests/test_replication_bloom2009.py -> puremacro-4.3.0/tests
copying tests/test_replication_gali1999.py -> puremacro-4.3.0/tests
copying tests/test_replication_kilian2009.py -> puremacro-4.3.0/tests
copying tests/test_replication_mertens_ravn.py -> puremacro-4.3.0/tests
copying tests/test_replication_rz2018.py -> puremacro-4.3.0/tests
copying tests/test_replication_smoke.py -> puremacro-4.3.0/tests
copying tests/test_reports_coverage.py -> puremacro-4.3.0/tests
copying tests/test_reports_export.py -> puremacro-4.3.0/tests
copying tests/test_result_parity.py -> puremacro-4.3.0/tests
copying tests/test_robustness.py -> puremacro-4.3.0/tests
copying tests/test_runtime.py -> puremacro-4.3.0/tests
copying tests/test_runtime_colab.py -> puremacro-4.3.0/tests
copying tests/test_sa_stl_coverage.py -> puremacro-4.3.0/tests
copying tests/test_sa_x11_native.py -> puremacro-4.3.0/tests
copying tests/test_sa_x13_coverage.py -> puremacro-4.3.0/tests
copying tests/test_sandboxed_filesystem.py -> puremacro-4.3.0/tests
copying tests/test_scale.py -> puremacro-4.3.0/tests
copying tests/test_shock_atlas_coverage.py -> puremacro-4.3.0/tests
copying tests/test_shock_atlas_demo.py -> puremacro-4.3.0/tests
copying tests/test_sigma_shapley_coverage.py -> puremacro-4.3.0/tests
copying tests/test_sigma_sigma_numpy_coverage.py -> puremacro-4.3.0/tests
copying tests/test_simex.py -> puremacro-4.3.0/tests
copying tests/test_spatial_allen_arkolakis.py -> puremacro-4.3.0/tests
copying tests/test_spectral_coverage.py -> puremacro-4.3.0/tests
copying tests/test_state_ai_exposure.py -> puremacro-4.3.0/tests
copying tests/test_state_space_coverage.py -> puremacro-4.3.0/tests
copying tests/test_synthetic_control_coverage.py -> puremacro-4.3.0/tests
copying tests/test_test_quality.py -> puremacro-4.3.0/tests
copying tests/test_tier5_micro_adversarial.py -> puremacro-4.3.0/tests
copying tests/test_tier5_solver_adversarial.py -> puremacro-4.3.0/tests
copying tests/test_trade_34fixes.py -> puremacro-4.3.0/tests
copying tests/test_trade_bounding_theorems.py -> puremacro-4.3.0/tests
copying tests/test_trade_calibration.py -> puremacro-4.3.0/tests
copying tests/test_trade_caliendo_parro.py -> puremacro-4.3.0/tests
copying tests/test_trade_consistent_accounting.py -> puremacro-4.3.0/tests
copying tests/test_trade_e2e_full.py -> puremacro-4.3.0/tests
copying tests/test_trade_equilibrium.py -> puremacro-4.3.0/tests
copying tests/test_trade_ev_decomposition_challenger_remed2.py -> puremacro-4.3.0/tests
copying tests/test_trade_ev_decomposition_empirical_stress.py -> puremacro-4.3.0/tests
copying tests/test_trade_flexible_extensions.py -> puremacro-4.3.0/tests
copying tests/test_trade_hicksian_policy.py -> puremacro-4.3.0/tests
copying tests/test_trade_hicksian_welfare.py -> puremacro-4.3.0/tests
copying tests/test_trade_mrio_infrastructure.py -> puremacro-4.3.0/tests
copying tests/test_trade_mrio_stress_challenger.py -> puremacro-4.3.0/tests
copying tests/test_trade_policy_sim.py -> puremacro-4.3.0/tests
copying tests/test_trade_scenarios.py -> puremacro-4.3.0/tests
copying tests/test_trade_solver_accelerated.py -> puremacro-4.3.0/tests
copying tests/test_trade_solvers_robust.py -> puremacro-4.3.0/tests
copying tests/test_trade_stabilization_empirical_stress.py -> puremacro-4.3.0/tests
copying tests/test_trade_tables_plots.py -> puremacro-4.3.0/tests
copying tests/test_trade_theorems_empirical_stress.py -> puremacro-4.3.0/tests
copying tests/test_trade_tier5_adversarial_analytics.py -> puremacro-4.3.0/tests
copying tests/test_trade_tier5_adversarial_probing.py -> puremacro-4.3.0/tests
copying tests/test_trade_tier5_adversarial_solvers_mrio.py -> puremacro-4.3.0/tests
copying tests/test_uncertainty_composite_coverage.py -> puremacro-4.3.0/tests
copying tests/test_uncertainty_decomposition_coverage.py -> puremacro-4.3.0/tests
copying tests/test_uncertainty_diagnostics_coverage.py -> puremacro-4.3.0/tests
copying tests/test_uncertainty_lp_long_coverage.py -> puremacro-4.3.0/tests
copying tests/test_uncertainty_regimes_coverage.py -> puremacro-4.3.0/tests
copying tests/test_us_executive.py -> puremacro-4.3.0/tests
copying tests/test_us_warn_historical.py -> puremacro-4.3.0/tests
copying tests/test_v260_showcase_replication_e2e.py -> puremacro-4.3.0/tests
copying tests/test_v270_frontend_e2e.py -> puremacro-4.3.0/tests
copying tests/test_v300_gradients.py -> puremacro-4.3.0/tests
copying tests/test_v300_hank.py -> puremacro-4.3.0/tests
copying tests/test_v300_nuts.py -> puremacro-4.3.0/tests
copying tests/test_var_bootstrap_coverage.py -> puremacro-4.3.0/tests
copying tests/test_var_bvar_coverage.py -> puremacro-4.3.0/tests
copying tests/test_var_bvar_sv.py -> puremacro-4.3.0/tests
copying tests/test_var_estimate_coverage.py -> puremacro-4.3.0/tests
copying tests/test_var_identify_hetero_coverage.py -> puremacro-4.3.0/tests
copying tests/test_var_panel_coverage.py -> puremacro-4.3.0/tests
copying tests/test_var_regime_girf_coverage.py -> puremacro-4.3.0/tests
copying tests/test_var_regime_ms_var_coverage.py -> puremacro-4.3.0/tests
copying tests/test_var_regime_threshold_coverage.py -> puremacro-4.3.0/tests
copying tests/test_var_regime_tvecm_coverage.py -> puremacro-4.3.0/tests
copying tests/test_var_tvp_coverage.py -> puremacro-4.3.0/tests
copying tests/test_vintages_revisions.py -> puremacro-4.3.0/tests
copying tests/test_wavelet_coverage.py -> puremacro-4.3.0/tests
copying tests/test_wayback.py -> puremacro-4.3.0/tests
copying tests/test_wb_pink_sheet.py -> puremacro-4.3.0/tests
Writing puremacro-4.3.0/setup.cfg
Creating tar archive
removing 'puremacro-4.3.0' (and everything under it)
WARNING `project.license` as a TOML table is deprecated
!!

        ********************************************************************************
        Please use a simple string containing a SPDX expression for `project.license`. You can also use `project.license-files`. (Both options available on setuptools>=77.0.0).

        By 2027-Feb-18, you need to update your project and remove deprecated calls
        or your builds will no longer be supported.

        See https://packaging.python.org/en/latest/guides/writing-pyproject-toml/#license for details.
        ********************************************************************************

!!
WARNING 'tool.setuptools.license-files' is deprecated in favor of 'project.license-files' (available on setuptools>=77.0.0).
!!

        ********************************************************************************

        By 2027-Feb-18, you need to update your project and remove deprecated calls
        or your builds will no longer be supported.

        See https://packaging.python.org/en/latest/guides/writing-pyproject-toml/#license-files for details.
        ********************************************************************************

!!
WARNING License classifiers are deprecated.
!!

        ********************************************************************************
        Please consider removing the following classifiers in favor of a SPDX license expression:

        License :: OSI Approved :: MIT License

        See https://packaging.python.org/en/latest/guides/writing-pyproject-toml/#license for details.
        ********************************************************************************

!!
WARNING License classifiers are deprecated.
!!

        ********************************************************************************
        Please consider removing the following classifiers in favor of a SPDX license expression:

        License :: OSI Approved :: MIT License

        See https://packaging.python.org/en/latest/guides/writing-pyproject-toml/#license for details.
        ********************************************************************************

!!
* Building wheel from sdist
* Creating isolated environment: venv+pip...
* Installing packages in isolated environment:
  - setuptools>=68
  - wheel
* Getting build dependencies for wheel...
running egg_info
writing puremacro.egg-info/PKG-INFO
writing dependency_links to puremacro.egg-info/dependency_links.txt
writing entry points to puremacro.egg-info/entry_points.txt
writing requirements to puremacro.egg-info/requires.txt
writing top-level names to puremacro.egg-info/top_level.txt
reading manifest file 'puremacro.egg-info/SOURCES.txt'
adding license file 'LICENSE'
writing manifest file 'puremacro.egg-info/SOURCES.txt'
WARNING `project.license` as a TOML table is deprecated
!!

        ********************************************************************************
        Please use a simple string containing a SPDX expression for `project.license`. You can also use `project.license-files`. (Both options available on setuptools>=77.0.0).

        By 2027-Feb-18, you need to update your project and remove deprecated calls
        or your builds will no longer be supported.

        See https://packaging.python.org/en/latest/guides/writing-pyproject-toml/#license for details.
        ********************************************************************************

!!
WARNING 'tool.setuptools.license-files' is deprecated in favor of 'project.license-files' (available on setuptools>=77.0.0).
!!

        ********************************************************************************

        By 2027-Feb-18, you need to update your project and remove deprecated calls
        or your builds will no longer be supported.

        See https://packaging.python.org/en/latest/guides/writing-pyproject-toml/#license-files for details.
        ********************************************************************************

!!
WARNING License classifiers are deprecated.
!!

        ********************************************************************************
        Please consider removing the following classifiers in favor of a SPDX license expression:

        License :: OSI Approved :: MIT License

        See https://packaging.python.org/en/latest/guides/writing-pyproject-toml/#license for details.
        ********************************************************************************

!!
WARNING License classifiers are deprecated.
!!

        ********************************************************************************
        Please consider removing the following classifiers in favor of a SPDX license expression:

        License :: OSI Approved :: MIT License

        See https://packaging.python.org/en/latest/guides/writing-pyproject-toml/#license for details.
        ********************************************************************************

!!
* Installed build dependency versions:
  - setuptools==84.0.0
  - wheel==0.48.0
* Building wheel...
running bdist_wheel
running build
running build_py
creating build/lib/puremacro
copying puremacro/build_subnational_panel.py -> build/lib/puremacro
copying puremacro/capital.py -> build/lib/puremacro
copying puremacro/_http_cache.py -> build/lib/puremacro
copying puremacro/synthetic_control.py -> build/lib/puremacro
copying puremacro/shock_atlas.py -> build/lib/puremacro
copying puremacro/_optional.py -> build/lib/puremacro
copying puremacro/plot.py -> build/lib/puremacro
copying puremacro/_codes.py -> build/lib/puremacro
copying puremacro/_backend.py -> build/lib/puremacro
copying puremacro/korv_gmm.py -> build/lib/puremacro
copying puremacro/credentials.py -> build/lib/puremacro
copying puremacro/climate_panel.py -> build/lib/puremacro
copying puremacro/_http.py -> build/lib/puremacro
copying puremacro/cointegration_modern.py -> build/lib/puremacro
copying puremacro/regimes.py -> build/lib/puremacro
copying puremacro/midas.py -> build/lib/puremacro
copying puremacro/cache.py -> build/lib/puremacro
copying puremacro/__init__.py -> build/lib/puremacro
copying puremacro/labor_share.py -> build/lib/puremacro
copying puremacro/financial_panel.py -> build/lib/puremacro
copying puremacro/_linalg.py -> build/lib/puremacro
copying puremacro/labor_flows_enoe.py -> build/lib/puremacro
copying puremacro/bis_neer.py -> build/lib/puremacro
copying puremacro/long_panel.py -> build/lib/puremacro
copying puremacro/_data_helpers.py -> build/lib/puremacro
copying puremacro/labor_flows.py -> build/lib/puremacro
copying puremacro/regime_dates.py -> build/lib/puremacro
copying puremacro/cycles.py -> build/lib/puremacro
copying puremacro/_cache_db.py -> build/lib/puremacro
copying puremacro/experiment.py -> build/lib/puremacro
copying puremacro/mcmc.py -> build/lib/puremacro
copying puremacro/klems.py -> build/lib/puremacro
copying puremacro/cross_nest.py -> build/lib/puremacro
copying puremacro/realized_vol.py -> build/lib/puremacro
copying puremacro/factor.py -> build/lib/puremacro
copying puremacro/reports.py -> build/lib/puremacro
copying puremacro/spectral.py -> build/lib/puremacro
copying puremacro/posterior.py -> build/lib/puremacro
copying puremacro/state_space.py -> build/lib/puremacro
copying puremacro/build_panel.py -> build/lib/puremacro
copying puremacro/scale.py -> build/lib/puremacro
copying puremacro/data.py -> build/lib/puremacro
copying puremacro/vintages.py -> build/lib/puremacro
copying puremacro/numerics.py -> build/lib/puremacro
creating build/lib/puremacro/garch
copying puremacro/garch/fit.py -> build/lib/puremacro/garch
copying puremacro/garch/_results.py -> build/lib/puremacro/garch
copying puremacro/garch/dcc.py -> build/lib/puremacro/garch
copying puremacro/garch/__init__.py -> build/lib/puremacro/garch
creating build/lib/puremacro/forecast
copying puremacro/forecast/penalized.py -> build/lib/puremacro/forecast
copying puremacro/forecast/__init__.py -> build/lib/puremacro/forecast
copying puremacro/forecast/mcs.py -> build/lib/puremacro/forecast
copying puremacro/forecast/density.py -> build/lib/puremacro/forecast
copying puremacro/forecast/compare.py -> build/lib/puremacro/forecast
creating build/lib/puremacro/pocket
copying puremacro/pocket/__init__.py -> build/lib/puremacro/pocket
copying puremacro/pocket/_cartridge.py -> build/lib/puremacro/pocket
creating build/lib/puremacro/vfi
copying puremacro/vfi/egm.py -> build/lib/puremacro/vfi
copying puremacro/vfi/aggregate.py -> build/lib/puremacro/vfi
copying puremacro/vfi/aiyagari_endogenous.py -> build/lib/puremacro/vfi
copying puremacro/vfi/analytic_gradients.py -> build/lib/puremacro/vfi
copying puremacro/vfi/deep_macro.py -> build/lib/puremacro/vfi
copying puremacro/vfi/equilibrium.py -> build/lib/puremacro/vfi
copying puremacro/vfi/compat.py -> build/lib/puremacro/vfi
copying puremacro/vfi/case2.py -> build/lib/puremacro/vfi
copying puremacro/vfi/kernels_numba.py -> build/lib/puremacro/vfi
copying puremacro/vfi/returnfn.py -> build/lib/puremacro/vfi
copying puremacro/vfi/collocation.py -> build/lib/puremacro/vfi
copying puremacro/vfi/transition.py -> build/lib/puremacro/vfi
copying puremacro/vfi/simulate.py -> build/lib/puremacro/vfi
copying puremacro/vfi/finite_horizon.py -> build/lib/puremacro/vfi
copying puremacro/vfi/__init__.py -> build/lib/puremacro/vfi
copying puremacro/vfi/splines.py -> build/lib/puremacro/vfi
copying puremacro/vfi/discretize.py -> build/lib/puremacro/vfi
copying puremacro/vfi/smolyak.py -> build/lib/puremacro/vfi
copying puremacro/vfi/distribution.py -> build/lib/puremacro/vfi
copying puremacro/vfi/model.py -> build/lib/puremacro/vfi
copying puremacro/vfi/krusell_smith.py -> build/lib/puremacro/vfi
copying puremacro/vfi/continuous_transition.py -> build/lib/puremacro/vfi
copying puremacro/vfi/problem.py -> build/lib/puremacro/vfi
copying puremacro/vfi/dcegm.py -> build/lib/puremacro/vfi
copying puremacro/vfi/examples.py -> build/lib/puremacro/vfi
copying puremacro/vfi/estimate.py -> build/lib/puremacro/vfi
copying puremacro/vfi/firm_dynamics.py -> build/lib/puremacro/vfi
copying puremacro/vfi/kernels.py -> build/lib/puremacro/vfi
copying puremacro/vfi/solve.py -> build/lib/puremacro/vfi
copying puremacro/vfi/permanent_types.py -> build/lib/puremacro/vfi
copying puremacro/vfi/epstein_zin.py -> build/lib/puremacro/vfi
copying puremacro/vfi/olg.py -> build/lib/puremacro/vfi
copying puremacro/vfi/continuous_distribution.py -> build/lib/puremacro/vfi
copying puremacro/vfi/fem.py -> build/lib/puremacro/vfi
copying puremacro/vfi/hjb_achdou.py -> build/lib/puremacro/vfi
creating build/lib/puremacro/gar
copying puremacro/gar/__init__.py -> build/lib/puremacro/gar
copying puremacro/gar/fci.py -> build/lib/puremacro/gar
copying puremacro/gar/qar.py -> build/lib/puremacro/gar
copying puremacro/gar/skewt.py -> build/lib/puremacro/gar
creating build/lib/puremacro/did
copying puremacro/did/_results.py -> build/lib/puremacro/did
copying puremacro/did/callaway_santanna.py -> build/lib/puremacro/did
copying puremacro/did/synthetic_did.py -> build/lib/puremacro/did
copying puremacro/did/cdh.py -> build/lib/puremacro/did
copying puremacro/did/__init__.py -> build/lib/puremacro/did
copying puremacro/did/types.py -> build/lib/puremacro/did
copying puremacro/did/sensitivity.py -> build/lib/puremacro/did
copying puremacro/did/spatial_did.py -> build/lib/puremacro/did
copying puremacro/did/borusyak_jaravel_spiess.py -> build/lib/puremacro/did
copying puremacro/did/sun_abraham.py -> build/lib/puremacro/did
copying puremacro/did/sdid_multi.py -> build/lib/puremacro/did
creating build/lib/puremacro/causal
copying puremacro/causal/synthetic_control.py -> build/lib/puremacro/causal
copying puremacro/causal/__init__.py -> build/lib/puremacro/causal
copying puremacro/causal/dml.py -> build/lib/puremacro/causal
creating build/lib/puremacro/regress
copying puremacro/regress/quantile.py -> build/lib/puremacro/regress
copying puremacro/regress/ols.py -> build/lib/puremacro/regress
copying puremacro/regress/discrete.py -> build/lib/puremacro/regress
copying puremacro/regress/__init__.py -> build/lib/puremacro/regress
copying puremacro/regress/lp.py -> build/lib/puremacro/regress
creating build/lib/puremacro/bartik
copying puremacro/bartik/county_epu.py -> build/lib/puremacro/bartik
copying puremacro/bartik/__init__.py -> build/lib/puremacro/bartik
copying puremacro/bartik/akm.py -> build/lib/puremacro/bartik
copying puremacro/bartik/sensitivity.py -> build/lib/puremacro/bartik
copying puremacro/bartik/exposure_iv.py -> build/lib/puremacro/bartik
copying puremacro/bartik/shares.py -> build/lib/puremacro/bartik
creating build/lib/puremacro/trade
copying puremacro/trade/scenarios.py -> build/lib/puremacro/trade
copying puremacro/trade/plot.py -> build/lib/puremacro/trade
copying puremacro/trade/geary_khamis.py -> build/lib/puremacro/trade
copying puremacro/trade/equilibrium.py -> build/lib/puremacro/trade
copying puremacro/trade/_results.py -> build/lib/puremacro/trade
copying puremacro/trade/solver.py -> build/lib/puremacro/trade
copying puremacro/trade/regularize.py -> build/lib/puremacro/trade
copying puremacro/trade/_accounting.py -> build/lib/puremacro/trade
copying puremacro/trade/flexible.py -> build/lib/puremacro/trade
copying puremacro/trade/game.py -> build/lib/puremacro/trade
copying puremacro/trade/_oecd_icio.py -> build/lib/puremacro/trade
copying puremacro/trade/__init__.py -> build/lib/puremacro/trade
copying puremacro/trade/extensions.py -> build/lib/puremacro/trade
copying puremacro/trade/policy_solver.py -> build/lib/puremacro/trade
copying puremacro/trade/caliendo_parro.py -> build/lib/puremacro/trade
copying puremacro/trade/welfare.py -> build/lib/puremacro/trade
copying puremacro/trade/optimal_tariffs.py -> build/lib/puremacro/trade
copying puremacro/trade/tables.py -> build/lib/puremacro/trade
copying puremacro/trade/postprocessing.py -> build/lib/puremacro/trade
copying puremacro/trade/policy_analytics.py -> build/lib/puremacro/trade
copying puremacro/trade/_hicksian_policy.py -> build/lib/puremacro/trade
copying puremacro/trade/data.py -> build/lib/puremacro/trade
copying puremacro/trade/calibration.py -> build/lib/puremacro/trade
creating build/lib/puremacro/lp
copying puremacro/lp/iv_lewbel.py -> build/lib/puremacro/lp
copying puremacro/lp/asymmetric.py -> build/lib/puremacro/lp
copying puremacro/lp/jorda.py -> build/lib/puremacro/lp
copying puremacro/lp/la_lp.py -> build/lib/puremacro/lp
copying puremacro/lp/garch_state.py -> build/lib/puremacro/lp
copying puremacro/lp/_results.py -> build/lib/puremacro/lp
copying puremacro/lp/state_dep.py -> build/lib/puremacro/lp
copying puremacro/lp/quantile.py -> build/lib/puremacro/lp
copying puremacro/lp/panel_iv.py -> build/lib/puremacro/lp
copying puremacro/lp/garch_utils.py -> build/lib/puremacro/lp
copying puremacro/lp/_garch_utils.py -> build/lib/puremacro/lp
copying puremacro/lp/_common.py -> build/lib/puremacro/lp
copying puremacro/lp/iv.py -> build/lib/puremacro/lp
copying puremacro/lp/__init__.py -> build/lib/puremacro/lp
copying puremacro/lp/_panel_helpers.py -> build/lib/puremacro/lp
copying puremacro/lp/smooth.py -> build/lib/puremacro/lp
copying puremacro/lp/lp_did.py -> build/lib/puremacro/lp
copying puremacro/lp/panel.py -> build/lib/puremacro/lp
copying puremacro/lp/panel_dk.py -> build/lib/puremacro/lp
copying puremacro/lp/mean_group.py -> build/lib/puremacro/lp
copying puremacro/lp/garch_in_mean.py -> build/lib/puremacro/lp
copying puremacro/lp/iv_helpers.py -> build/lib/puremacro/lp
copying puremacro/lp/cce.py -> build/lib/puremacro/lp
creating build/lib/puremacro/datasets
copying puremacro/datasets/loaders.py -> build/lib/puremacro/datasets
copying puremacro/datasets/__init__.py -> build/lib/puremacro/datasets
creating build/lib/puremacro/runtime
copying puremacro/runtime/store.py -> build/lib/puremacro/runtime
copying puremacro/runtime/_capabilities.py -> build/lib/puremacro/runtime
copying puremacro/runtime/transport.py -> build/lib/puremacro/runtime
copying puremacro/runtime/budget.py -> build/lib/puremacro/runtime
copying puremacro/runtime/colab.py -> build/lib/puremacro/runtime
copying puremacro/runtime/__init__.py -> build/lib/puremacro/runtime
creating build/lib/puremacro/tests
copying puremacro/tests/test_capital.py -> build/lib/puremacro/tests
copying puremacro/tests/__init__.py -> build/lib/puremacro/tests
copying puremacro/tests/unit_root.py -> build/lib/puremacro/tests
copying puremacro/tests/breaks.py -> build/lib/puremacro/tests
copying puremacro/tests/test_build_panel.py -> build/lib/puremacro/tests
creating build/lib/puremacro/volatility
copying puremacro/volatility/diagnostics.py -> build/lib/puremacro/volatility
copying puremacro/volatility/range.py -> build/lib/puremacro/volatility
copying puremacro/volatility/__init__.py -> build/lib/puremacro/volatility
copying puremacro/volatility/sigma.py -> build/lib/puremacro/volatility
copying puremacro/volatility/multivariate.py -> build/lib/puremacro/volatility
copying puremacro/volatility/har.py -> build/lib/puremacro/volatility
creating build/lib/puremacro/narrative
copying puremacro/narrative/aggregate.py -> build/lib/puremacro/narrative
copying puremacro/narrative/classifier.py -> build/lib/puremacro/narrative
copying puremacro/narrative/crowd_expert.py -> build/lib/puremacro/narrative
copying puremacro/narrative/_signal_quality.py -> build/lib/puremacro/narrative
copying puremacro/narrative/anomalies.py -> build/lib/puremacro/narrative
copying puremacro/narrative/__init__.py -> build/lib/puremacro/narrative
copying puremacro/narrative/types.py -> build/lib/puremacro/narrative
copying puremacro/narrative/validate.py -> build/lib/puremacro/narrative
copying puremacro/narrative/dedup.py -> build/lib/puremacro/narrative
copying puremacro/narrative/topics.py -> build/lib/puremacro/narrative
copying puremacro/narrative/harvest.py -> build/lib/puremacro/narrative
copying puremacro/narrative/_local_engines.py -> build/lib/puremacro/narrative
copying puremacro/narrative/panel.py -> build/lib/puremacro/narrative
creating build/lib/puremacro/var
copying puremacro/var/bootstrap.py -> build/lib/puremacro/var
copying puremacro/var/gvar.py -> build/lib/puremacro/var
copying puremacro/var/_results.py -> build/lib/puremacro/var
copying puremacro/var/favar.py -> build/lib/puremacro/var
copying puremacro/var/diagnostics.py -> build/lib/puremacro/var
copying puremacro/var/__init__.py -> build/lib/puremacro/var
copying puremacro/var/bvar.py -> build/lib/puremacro/var
copying puremacro/var/vecm.py -> build/lib/puremacro/var
copying puremacro/var/irf.py -> build/lib/puremacro/var
copying puremacro/var/peak.py -> build/lib/puremacro/var
copying puremacro/var/tvp.py -> build/lib/puremacro/var
copying puremacro/var/estimate.py -> build/lib/puremacro/var
copying puremacro/var/panel.py -> build/lib/puremacro/var
copying puremacro/var/bvar_sv.py -> build/lib/puremacro/var
creating build/lib/puremacro/longrun
copying puremacro/longrun/__init__.py -> build/lib/puremacro/longrun
copying puremacro/longrun/_job.py -> build/lib/puremacro/longrun
creating build/lib/puremacro/models
copying puremacro/models/trade_policy.py -> build/lib/puremacro/models
copying puremacro/models/smm.py -> build/lib/puremacro/models
copying puremacro/models/monetary_transmission.py -> build/lib/puremacro/models
copying puremacro/models/dmp_regime_dependent.py -> build/lib/puremacro/models
copying puremacro/models/__init__.py -> build/lib/puremacro/models
copying puremacro/models/hank_sequence_space.py -> build/lib/puremacro/models
creating build/lib/puremacro/connectedness
copying puremacro/connectedness/bk2018.py -> build/lib/puremacro/connectedness
copying puremacro/connectedness/__init__.py -> build/lib/puremacro/connectedness
copying puremacro/connectedness/diebold_yilmaz.py -> build/lib/puremacro/connectedness
creating build/lib/puremacro/sigma
copying puremacro/sigma/__init__.py -> build/lib/puremacro/sigma
copying puremacro/sigma/shapley.py -> build/lib/puremacro/sigma
copying puremacro/sigma/sigma_numpy.py -> build/lib/puremacro/sigma
creating build/lib/puremacro/sa
copying puremacro/sa/_airline.py -> build/lib/puremacro/sa
copying puremacro/sa/x13.py -> build/lib/puremacro/sa
copying puremacro/sa/__init__.py -> build/lib/puremacro/sa
copying puremacro/sa/stl.py -> build/lib/puremacro/sa
copying puremacro/sa/x11.py -> build/lib/puremacro/sa
creating build/lib/puremacro/fetch
copying puremacro/fetch/cdc_socrata_natality.py -> build/lib/puremacro/fetch
copying puremacro/fetch/kenfrench_industry.py -> build/lib/puremacro/fetch
copying puremacro/fetch/epu.py -> build/lib/puremacro/fetch
copying puremacro/fetch/jolts.py -> build/lib/puremacro/fetch
copying puremacro/fetch/labor_eurostat.py -> build/lib/puremacro/fetch
copying puremacro/fetch/energy_transition.py -> build/lib/puremacro/fetch
copying puremacro/fetch/oecd_qna_expenditure.py -> build/lib/puremacro/fetch
copying puremacro/fetch/_oecd_sdmx.py -> build/lib/puremacro/fetch
copying puremacro/fetch/fernald.py -> build/lib/puremacro/fetch
copying puremacro/fetch/imf_ifs.py -> build/lib/puremacro/fetch
copying puremacro/fetch/state_industry_panel.py -> build/lib/puremacro/fetch
copying puremacro/fetch/gpr.py -> build/lib/puremacro/fetch
copying puremacro/fetch/wb_pink_sheet.py -> build/lib/puremacro/fetch
copying puremacro/fetch/census_pep_births.py -> build/lib/puremacro/fetch
copying puremacro/fetch/wui.py -> build/lib/puremacro/fetch
copying puremacro/fetch/yahoo.py -> build/lib/puremacro/fetch
copying puremacro/fetch/_http.py -> build/lib/puremacro/fetch
copying puremacro/fetch/fred_states.py -> build/lib/puremacro/fetch
copying puremacro/fetch/vacancies_eurostat.py -> build/lib/puremacro/fetch
copying puremacro/fetch/epu_states.py -> build/lib/puremacro/fetch
copying puremacro/fetch/__init__.py -> build/lib/puremacro/fetch
copying puremacro/fetch/epu_news_historical.py -> build/lib/puremacro/fetch
copying puremacro/fetch/_hours.py -> build/lib/puremacro/fetch
copying puremacro/fetch/laus.py -> build/lib/puremacro/fetch
copying puremacro/fetch/oecd_qna_panel.py -> build/lib/puremacro/fetch
copying puremacro/fetch/financial.py -> build/lib/puremacro/fetch
copying puremacro/fetch/qna_vintages.py -> build/lib/puremacro/fetch
copying puremacro/fetch/sdmx.py -> build/lib/puremacro/fetch
copying puremacro/fetch/lmn.py -> build/lib/puremacro/fetch
copying puremacro/fetch/oecd_mei.py -> build/lib/puremacro/fetch
copying puremacro/fetch/bea_industry_shares.py -> build/lib/puremacro/fetch
copying puremacro/fetch/_static_tables.py -> build/lib/puremacro/fetch
copying puremacro/fetch/qcew.py -> build/lib/puremacro/fetch
copying puremacro/fetch/wui_extras.py -> build/lib/puremacro/fetch
copying puremacro/fetch/commodities.py -> build/lib/puremacro/fetch
copying puremacro/fetch/emissions.py -> build/lib/puremacro/fetch
copying puremacro/fetch/fred.py -> build/lib/puremacro/fetch
copying puremacro/fetch/_classic.py -> build/lib/puremacro/fetch
copying puremacro/fetch/_seasonal.py -> build/lib/puremacro/fetch
copying puremacro/fetch/hrs_mpu.py -> build/lib/puremacro/fetch
copying puremacro/fetch/labor.py -> build/lib/puremacro/fetch
copying puremacro/fetch/oecd.py -> build/lib/puremacro/fetch
copying puremacro/fetch/oecd_energy.py -> build/lib/puremacro/fetch
copying puremacro/fetch/ces_states.py -> build/lib/puremacro/fetch
copying puremacro/fetch/bls_state_panel.py -> build/lib/puremacro/fetch
copying puremacro/fetch/frb_phil_coincident.py -> build/lib/puremacro/fetch
copying puremacro/fetch/labor_ilostat.py -> build/lib/puremacro/fetch
copying puremacro/fetch/jln.py -> build/lib/puremacro/fetch
copying puremacro/fetch/oecd_qna_local.py -> build/lib/puremacro/fetch
copying puremacro/fetch/cdc_births_state.py -> build/lib/puremacro/fetch
copying puremacro/fetch/oecd_ana_activity.py -> build/lib/puremacro/fetch
copying puremacro/fetch/census_bfs.py -> build/lib/puremacro/fetch
copying puremacro/fetch/oecd_qna_tools.py -> build/lib/puremacro/fetch
copying puremacro/fetch/oecd_fx.py -> build/lib/puremacro/fetch
copying puremacro/fetch/bea_cainc.py -> build/lib/puremacro/fetch
copying puremacro/fetch/cdc_births_county.py -> build/lib/puremacro/fetch
creating build/lib/puremacro/instruments
copying puremacro/instruments/_catalog.py -> build/lib/puremacro/instruments
copying puremacro/instruments/_compose.py -> build/lib/puremacro/instruments
copying puremacro/instruments/__init__.py -> build/lib/puremacro/instruments
copying puremacro/instruments/_registry.py -> build/lib/puremacro/instruments
copying puremacro/instruments/_core.py -> build/lib/puremacro/instruments
copying puremacro/instruments/_helpers.py -> build/lib/puremacro/instruments
creating build/lib/puremacro/plotting
copying puremacro/plotting/__init__.py -> build/lib/puremacro/plotting
copying puremacro/plotting/irf_plot.py -> build/lib/puremacro/plotting
copying puremacro/plotting/bw_style.py -> build/lib/puremacro/plotting
creating build/lib/puremacro/teaching
copying puremacro/teaching/var_sm.py -> build/lib/puremacro/teaching
copying puremacro/teaching/plot.py -> build/lib/puremacro/teaching
copying puremacro/teaching/lp_sm.py -> build/lib/puremacro/teaching
copying puremacro/teaching/data_states.py -> build/lib/puremacro/teaching
copying puremacro/teaching/integration_checks.py -> build/lib/puremacro/teaching
copying puremacro/teaching/__init__.py -> build/lib/puremacro/teaching
copying puremacro/teaching/experiment.py -> build/lib/puremacro/teaching
copying puremacro/teaching/recipes.py -> build/lib/puremacro/teaching
copying puremacro/teaching/bartik.py -> build/lib/puremacro/teaching
copying puremacro/teaching/svar_panel.py -> build/lib/puremacro/teaching
copying puremacro/teaching/bartik_importance.py -> build/lib/puremacro/teaching
copying puremacro/teaching/garch_iv.py -> build/lib/puremacro/teaching
copying puremacro/teaching/bartik_research.py -> build/lib/puremacro/teaching
copying puremacro/teaching/data_long.py -> build/lib/puremacro/teaching
copying puremacro/teaching/bq_canonical.py -> build/lib/puremacro/teaching
copying puremacro/teaching/panel_lm.py -> build/lib/puremacro/teaching
copying puremacro/teaching/data.py -> build/lib/puremacro/teaching
copying puremacro/teaching/garch_arch.py -> build/lib/puremacro/teaching
copying puremacro/teaching/irf_scale.py -> build/lib/puremacro/teaching
creating build/lib/puremacro/examples
copying puremacro/examples/dsge_rbc_klein.py -> build/lib/puremacro/examples
copying puremacro/examples/climate_dice_simulation.py -> build/lib/puremacro/examples
copying puremacro/examples/garch_midas_macro_volatility.py -> build/lib/puremacro/examples
copying puremacro/examples/narrative_indices_demo.py -> build/lib/puremacro/examples
copying puremacro/examples/narrative_us_canonical_compare.py -> build/lib/puremacro/examples
copying puremacro/examples/dsge_particle_filter_sv.py -> build/lib/puremacro/examples
copying puremacro/examples/bandpass_cycles_comparison.py -> build/lib/puremacro/examples
copying puremacro/examples/tvp_var_demo.py -> build/lib/puremacro/examples
copying puremacro/examples/lp_smooth_demo.py -> build/lib/puremacro/examples
copying puremacro/examples/narrative_ramey_2011.py -> build/lib/puremacro/examples
copying puremacro/examples/forecast_density_eval.py -> build/lib/puremacro/examples
copying puremacro/examples/labor_flows_demo.py -> build/lib/puremacro/examples
copying puremacro/examples/narrative_g7_panel.py -> build/lib/puremacro/examples
copying puremacro/examples/dsge_var_estimation.py -> build/lib/puremacro/examples
copying puremacro/examples/dsge_fertility_demo.py -> build/lib/puremacro/examples
copying puremacro/examples/dsge_markov_switching.py -> build/lib/puremacro/examples
copying puremacro/examples/gali_1999_hours.py -> build/lib/puremacro/examples
copying puremacro/examples/vintage_revisions.py -> build/lib/puremacro/examples
copying puremacro/examples/glp_lambda_search.py -> build/lib/puremacro/examples
copying puremacro/examples/dsge_optimal_discretion.py -> build/lib/puremacro/examples
copying puremacro/examples/spectral_business_cycle.py -> build/lib/puremacro/examples
copying puremacro/examples/hank_sequence_space_bridge.py -> build/lib/puremacro/examples
copying puremacro/examples/narrative_local_llm.py -> build/lib/puremacro/examples
copying puremacro/examples/narrative_romer_romer_2010.py -> build/lib/puremacro/examples
copying puremacro/examples/did_callaway_santanna_demo.py -> build/lib/puremacro/examples
copying puremacro/examples/fm_ols_dols_demo.py -> build/lib/puremacro/examples
copying puremacro/examples/caldara_iacoviello.py -> build/lib/puremacro/examples
copying puremacro/examples/ramey_zubairy_2018_multipliers.py -> build/lib/puremacro/examples
copying puremacro/examples/global_fiscal_stance.py -> build/lib/puremacro/examples
copying puremacro/examples/penalized_macro_forecasting.py -> build/lib/puremacro/examples
copying puremacro/examples/bvar_fan_chart.py -> build/lib/puremacro/examples
copying puremacro/examples/report_workflow.py -> build/lib/puremacro/examples
copying puremacro/examples/climate_sovereign_debt_risk.py -> build/lib/puremacro/examples
copying puremacro/examples/asset_composition_dynamics.py -> build/lib/puremacro/examples
copying puremacro/examples/__init__.py -> build/lib/puremacro/examples
copying puremacro/examples/fetch_fred_demo.py -> build/lib/puremacro/examples
copying puremacro/examples/anderson_rubin_weak_iv_demo.py -> build/lib/puremacro/examples
copying puremacro/examples/dsge_news_shocks.py -> build/lib/puremacro/examples
copying puremacro/examples/narrative_custom_corpus.py -> build/lib/puremacro/examples
copying puremacro/examples/ms_var_business_cycle.py -> build/lib/puremacro/examples
copying puremacro/examples/posterior_predictive_fan.py -> build/lib/puremacro/examples
copying puremacro/examples/dsge_ar1_demo.py -> build/lib/puremacro/examples
copying puremacro/examples/hank_sequence_space.py -> build/lib/puremacro/examples
copying puremacro/examples/gk_robust_from_gibbs.py -> build/lib/puremacro/examples
copying puremacro/examples/mle_sandwich_demo.py -> build/lib/puremacro/examples
copying puremacro/examples/hfi_gertler_karadi.py -> build/lib/puremacro/examples
copying puremacro/examples/nowcasting_gdp_news.py -> build/lib/puremacro/examples
copying puremacro/examples/empirical_benchmark_replications.py -> build/lib/puremacro/examples
copying puremacro/examples/tvecm_demo.py -> build/lib/puremacro/examples
copying puremacro/examples/sigma_decomposition.py -> build/lib/puremacro/examples
copying puremacro/examples/la_lp_pmw_demo.py -> build/lib/puremacro/examples
copying puremacro/examples/sign_restrictions_uhlig.py -> build/lib/puremacro/examples
copying puremacro/examples/dsge_nk_sketchpad.py -> build/lib/puremacro/examples
copying puremacro/examples/narrative_llm_pipeline.py -> build/lib/puremacro/examples
copying puremacro/examples/narrative_multilingual_live.py -> build/lib/puremacro/examples
copying puremacro/examples/berkowitz_demo.py -> build/lib/puremacro/examples
copying puremacro/examples/midas_quarterly_monthly.py -> build/lib/puremacro/examples
copying puremacro/examples/dfm_bai_ng.py -> build/lib/puremacro/examples
copying puremacro/examples/narrative_panel_lp.py -> build/lib/puremacro/examples
copying puremacro/examples/non_gaussian_svar.py -> build/lib/puremacro/examples
copying puremacro/examples/dfm_nowcast_kalman.py -> build/lib/puremacro/examples
copying puremacro/examples/synthetic_control_demo.py -> build/lib/puremacro/examples
copying puremacro/examples/diebold_yilmaz_spillover.py -> build/lib/puremacro/examples
copying puremacro/examples/gfevd_spillover.py -> build/lib/puremacro/examples
copying puremacro/examples/regime_workflow.py -> build/lib/puremacro/examples
copying puremacro/examples/narrative_bursts_and_transcripts.py -> build/lib/puremacro/examples
copying puremacro/examples/mcmc_diagnostics.py -> build/lib/puremacro/examples
copying puremacro/examples/lwui_wage_demo.py -> build/lib/puremacro/examples
copying puremacro/examples/lp_asymmetric_tenreyro.py -> build/lib/puremacro/examples
copying puremacro/examples/narrative_sign_adrr.py -> build/lib/puremacro/examples
copying puremacro/examples/dcc_volatility.py -> build/lib/puremacro/examples
copying puremacro/examples/cointegration_johansen.py -> build/lib/puremacro/examples
copying puremacro/examples/govt_vs_private_investment.py -> build/lib/puremacro/examples
copying puremacro/examples/synthetic_did_california_prop99.py -> build/lib/puremacro/examples
copying puremacro/examples/narrative_event_study.py -> build/lib/puremacro/examples
copying puremacro/examples/svariv_mertens_ravn.py -> build/lib/puremacro/examples
copying puremacro/examples/har_realized_vol.py -> build/lib/puremacro/examples
copying puremacro/examples/wavelet_business_cycle.py -> build/lib/puremacro/examples
copying puremacro/examples/dsge_nuts_estimation.py -> build/lib/puremacro/examples
copying puremacro/examples/narrative_homogeneous_panel.py -> build/lib/puremacro/examples
copying puremacro/examples/tvp_var_sv_demo.py -> build/lib/puremacro/examples
copying puremacro/examples/kilian_2009_oil.py -> build/lib/puremacro/examples
copying puremacro/examples/vulnerable_growth.py -> build/lib/puremacro/examples
copying puremacro/examples/lp_panel_dk.py -> build/lib/puremacro/examples
copying puremacro/examples/bloom2009.py -> build/lib/puremacro/examples
copying puremacro/examples/shock_atlas_demo.py -> build/lib/puremacro/examples
copying puremacro/examples/tvar_threshold_demo.py -> build/lib/puremacro/examples
copying puremacro/examples/central_bank_narrative_sentiment.py -> build/lib/puremacro/examples
copying puremacro/examples/gk_robust_signs.py -> build/lib/puremacro/examples
copying puremacro/examples/exact_diffuse_kalman.py -> build/lib/puremacro/examples
copying puremacro/examples/vintage_news_noise.py -> build/lib/puremacro/examples
creating build/lib/puremacro/dsge
copying puremacro/dsge/_gradients.py -> build/lib/puremacro/dsge
copying puremacro/dsge/build.py -> build/lib/puremacro/dsge
copying puremacro/dsge/observation.py -> build/lib/puremacro/dsge
copying puremacro/dsge/gensys.py -> build/lib/puremacro/dsge
copying puremacro/dsge/_results.py -> build/lib/puremacro/dsge
copying puremacro/dsge/parity.py -> build/lib/puremacro/dsge
copying puremacro/dsge/_moments.py -> build/lib/puremacro/dsge
copying puremacro/dsge/diagnostics.py -> build/lib/puremacro/dsge
copying puremacro/dsge/_symbolic.py -> build/lib/puremacro/dsge
copying puremacro/dsge/sw07_priors.py -> build/lib/puremacro/dsge
copying puremacro/dsge/nuts.py -> build/lib/puremacro/dsge
copying puremacro/dsge/occbin.py -> build/lib/puremacro/dsge
copying puremacro/dsge/policy.py -> build/lib/puremacro/dsge
copying puremacro/dsge/smoother.py -> build/lib/puremacro/dsge
copying puremacro/dsge/_qz.py -> build/lib/puremacro/dsge
copying puremacro/dsge/pruning.py -> build/lib/puremacro/dsge
copying puremacro/dsge/sw07_estimate.py -> build/lib/puremacro/dsge
copying puremacro/dsge/__init__.py -> build/lib/puremacro/dsge
copying puremacro/dsge/_ast.py -> build/lib/puremacro/dsge
copying puremacro/dsge/sw07_observation.py -> build/lib/puremacro/dsge
copying puremacro/dsge/dsge_var.py -> build/lib/puremacro/dsge
copying puremacro/dsge/_parser.py -> build/lib/puremacro/dsge
copying puremacro/dsge/smc.py -> build/lib/puremacro/dsge
copying puremacro/dsge/shock_groups.py -> build/lib/puremacro/dsge
copying puremacro/dsge/widgets.py -> build/lib/puremacro/dsge
copying puremacro/dsge/mode.py -> build/lib/puremacro/dsge
copying puremacro/dsge/_macro.py -> build/lib/puremacro/dsge
copying puremacro/dsge/dynare_results.py -> build/lib/puremacro/dsge
copying puremacro/dsge/klein.py -> build/lib/puremacro/dsge
copying puremacro/dsge/smets_wouters.py -> build/lib/puremacro/dsge
copying puremacro/dsge/cli.py -> build/lib/puremacro/dsge
copying puremacro/dsge/steady.py -> build/lib/puremacro/dsge
copying puremacro/dsge/estimate.py -> build/lib/puremacro/dsge
copying puremacro/dsge/particle_filter.py -> build/lib/puremacro/dsge
copying puremacro/dsge/decomposition.py -> build/lib/puremacro/dsge
copying puremacro/dsge/ramsey.py -> build/lib/puremacro/dsge
copying puremacro/dsge/markov_switching.py -> build/lib/puremacro/dsge
copying puremacro/dsge/hank.py -> build/lib/puremacro/dsge
copying puremacro/dsge/priors.py -> build/lib/puremacro/dsge
copying puremacro/dsge/dynare.py -> build/lib/puremacro/dsge
copying puremacro/dsge/conditional.py -> build/lib/puremacro/dsge
copying puremacro/dsge/gertler_karadi.py -> build/lib/puremacro/dsge
copying puremacro/dsge/identification.py -> build/lib/puremacro/dsge
copying puremacro/dsge/bayesian.py -> build/lib/puremacro/dsge
copying puremacro/dsge/perfect_foresight.py -> build/lib/puremacro/dsge
copying puremacro/dsge/extended_path.py -> build/lib/puremacro/dsge
copying puremacro/dsge/fertility_adj_costs.py -> build/lib/puremacro/dsge
copying puremacro/dsge/_sylvester.py -> build/lib/puremacro/dsge
copying puremacro/dsge/_estimated_params.py -> build/lib/puremacro/dsge
copying puremacro/dsge/news.py -> build/lib/puremacro/dsge
copying puremacro/dsge/macro.py -> build/lib/puremacro/dsge
copying puremacro/dsge/marginal.py -> build/lib/puremacro/dsge
copying puremacro/dsge/_utils.py -> build/lib/puremacro/dsge
creating build/lib/puremacro/hfi
copying puremacro/hfi/_results.py -> build/lib/puremacro/hfi
copying puremacro/hfi/__init__.py -> build/lib/puremacro/hfi
copying puremacro/hfi/jk2020.py -> build/lib/puremacro/hfi
copying puremacro/hfi/surprises.py -> build/lib/puremacro/hfi
creating build/lib/puremacro/inference
copying puremacro/inference/bootstrap.py -> build/lib/puremacro/inference
copying puremacro/inference/moving_block.py -> build/lib/puremacro/inference
copying puremacro/inference/lp_block_bootstrap.py -> build/lib/puremacro/inference
copying puremacro/inference/_results.py -> build/lib/puremacro/inference
copying puremacro/inference/hac_fixed_b.py -> build/lib/puremacro/inference
copying puremacro/inference/collinearity.py -> build/lib/puremacro/inference
copying puremacro/inference/lewbel_iv.py -> build/lib/puremacro/inference
copying puremacro/inference/diagnostics.py -> build/lib/puremacro/inference
copying puremacro/inference/swamy.py -> build/lib/puremacro/inference
copying puremacro/inference/multiple.py -> build/lib/puremacro/inference
copying puremacro/inference/over_id.py -> build/lib/puremacro/inference
copying puremacro/inference/hac.py -> build/lib/puremacro/inference
copying puremacro/inference/spec_curve.py -> build/lib/puremacro/inference
copying puremacro/inference/newey_west.py -> build/lib/puremacro/inference
copying puremacro/inference/__init__.py -> build/lib/puremacro/inference
copying puremacro/inference/pesaran.py -> build/lib/puremacro/inference
copying puremacro/inference/block_bootstrap.py -> build/lib/puremacro/inference
copying puremacro/inference/weak_iv.py -> build/lib/puremacro/inference
copying puremacro/inference/balanced_panel.py -> build/lib/puremacro/inference
copying puremacro/inference/proportions.py -> build/lib/puremacro/inference
copying puremacro/inference/wild_bootstrap.py -> build/lib/puremacro/inference
copying puremacro/inference/_ols_helpers.py -> build/lib/puremacro/inference
copying puremacro/inference/dk.py -> build/lib/puremacro/inference
copying puremacro/inference/supt.py -> build/lib/puremacro/inference
copying puremacro/inference/simex.py -> build/lib/puremacro/inference
copying puremacro/inference/quandt_andrews.py -> build/lib/puremacro/inference
copying puremacro/inference/_parallel.py -> build/lib/puremacro/inference
creating build/lib/puremacro/replication
copying puremacro/replication/cases_regression.py -> build/lib/puremacro/replication
copying puremacro/replication/_data.py -> build/lib/puremacro/replication
copying puremacro/replication/runner.py -> build/lib/puremacro/replication
copying puremacro/replication/cases_stylized_facts.py -> build/lib/puremacro/replication
copying puremacro/replication/__init__.py -> build/lib/puremacro/replication
copying puremacro/replication/cases_ha_dsge_causal.py -> build/lib/puremacro/replication
copying puremacro/replication/cases_dsge_estimation.py -> build/lib/puremacro/replication
copying puremacro/replication/_model.py -> build/lib/puremacro/replication
creating build/lib/puremacro/climate
copying puremacro/climate/monthly_dl.py -> build/lib/puremacro/climate
copying puremacro/climate/__init__.py -> build/lib/puremacro/climate
copying puremacro/climate/dice.py -> build/lib/puremacro/climate
copying puremacro/climate/degree_days.py -> build/lib/puremacro/climate
copying puremacro/climate/mediation.py -> build/lib/puremacro/climate
copying puremacro/climate/annual_lp.py -> build/lib/puremacro/climate
creating build/lib/puremacro/spatial
copying puremacro/spatial/models.py -> build/lib/puremacro/spatial
copying puremacro/spatial/diagnostics.py -> build/lib/puremacro/spatial
copying puremacro/spatial/hac.py -> build/lib/puremacro/spatial
copying puremacro/spatial/__init__.py -> build/lib/puremacro/spatial
copying puremacro/spatial/allen_arkolakis.py -> build/lib/puremacro/spatial
copying puremacro/spatial/lp.py -> build/lib/puremacro/spatial
copying puremacro/spatial/panel.py -> build/lib/puremacro/spatial
copying puremacro/spatial/weights.py -> build/lib/puremacro/spatial
creating build/lib/puremacro/nowcast
copying puremacro/nowcast/combine.py -> build/lib/puremacro/nowcast
copying puremacro/nowcast/dfm.py -> build/lib/puremacro/nowcast
copying puremacro/nowcast/scoring.py -> build/lib/puremacro/nowcast
copying puremacro/nowcast/evaluation.py -> build/lib/puremacro/nowcast
copying puremacro/nowcast/__init__.py -> build/lib/puremacro/nowcast
copying puremacro/nowcast/mfvar.py -> build/lib/puremacro/nowcast
copying puremacro/nowcast/dfm_nowcast.py -> build/lib/puremacro/nowcast
copying puremacro/nowcast/realtime_nowcast.py -> build/lib/puremacro/nowcast
copying puremacro/nowcast/news.py -> build/lib/puremacro/nowcast
creating build/lib/puremacro/uncertainty
copying puremacro/uncertainty/diagnostics.py -> build/lib/puremacro/uncertainty
copying puremacro/uncertainty/regimes.py -> build/lib/puremacro/uncertainty
copying puremacro/uncertainty/__init__.py -> build/lib/puremacro/uncertainty
copying puremacro/uncertainty/decomposition.py -> build/lib/puremacro/uncertainty
copying puremacro/uncertainty/composite.py -> build/lib/puremacro/uncertainty
copying puremacro/uncertainty/lp_long.py -> build/lib/puremacro/uncertainty
creating build/lib/puremacro/validation
copying puremacro/validation/cases_dsge.py -> build/lib/puremacro/validation
copying puremacro/validation/cases_forecast.py -> build/lib/puremacro/validation
copying puremacro/validation/cases_did.py -> build/lib/puremacro/validation
copying puremacro/validation/runner.py -> build/lib/puremacro/validation
copying puremacro/validation/_goldens.py -> build/lib/puremacro/validation
copying puremacro/validation/cases_vfi.py -> build/lib/puremacro/validation
copying puremacro/validation/cases_narrative.py -> build/lib/puremacro/validation
copying puremacro/validation/__init__.py -> build/lib/puremacro/validation
copying puremacro/validation/cases_dynpanel.py -> build/lib/puremacro/validation
copying puremacro/validation/cases_spectral.py -> build/lib/puremacro/validation
copying puremacro/validation/cases_garch.py -> build/lib/puremacro/validation
copying puremacro/validation/cases_spatial.py -> build/lib/puremacro/validation
copying puremacro/validation/cases_inference.py -> build/lib/puremacro/validation
copying puremacro/validation/cases_unit_root.py -> build/lib/puremacro/validation
copying puremacro/validation/cases_state_space.py -> build/lib/puremacro/validation
copying puremacro/validation/_fixtures.py -> build/lib/puremacro/validation
copying puremacro/validation/cases_cointegration.py -> build/lib/puremacro/validation
copying puremacro/validation/cases_var.py -> build/lib/puremacro/validation
copying puremacro/validation/_model.py -> build/lib/puremacro/validation
copying puremacro/validation/cases_lp.py -> build/lib/puremacro/validation
creating build/lib/puremacro/wavelet
copying puremacro/wavelet/coherence.py -> build/lib/puremacro/wavelet
copying puremacro/wavelet/__init__.py -> build/lib/puremacro/wavelet
creating build/lib/puremacro/dynpanel
copying puremacro/dynpanel/bb_gmm.py -> build/lib/puremacro/dynpanel
copying puremacro/dynpanel/_results.py -> build/lib/puremacro/dynpanel
copying puremacro/dynpanel/diagnostics.py -> build/lib/puremacro/dynpanel
copying puremacro/dynpanel/ab_gmm.py -> build/lib/puremacro/dynpanel
copying puremacro/dynpanel/__init__.py -> build/lib/puremacro/dynpanel
copying puremacro/dynpanel/instruments.py -> build/lib/puremacro/dynpanel
creating build/lib/puremacro/trade/gpu
copying puremacro/trade/gpu/backend.py -> build/lib/puremacro/trade/gpu
copying puremacro/trade/gpu/homotopy.py -> build/lib/puremacro/trade/gpu
copying puremacro/trade/gpu/__init__.py -> build/lib/puremacro/trade/gpu
copying puremacro/trade/gpu/mlx_solver.py -> build/lib/puremacro/trade/gpu
copying puremacro/trade/gpu/batched_jacobian.py -> build/lib/puremacro/trade/gpu
copying puremacro/trade/gpu/solver_gpu.py -> build/lib/puremacro/trade/gpu
creating build/lib/puremacro/tests/test_var
copying puremacro/tests/test_var/test_proxy_axis.py -> build/lib/puremacro/tests/test_var
copying puremacro/tests/test_var/__init__.py -> build/lib/puremacro/tests/test_var
creating build/lib/puremacro/narrative/indices
copying puremacro/narrative/indices/epu.py -> build/lib/puremacro/narrative/indices
copying puremacro/narrative/indices/_mnl_kernel.py -> build/lib/puremacro/narrative/indices
copying puremacro/narrative/indices/_embedding_kernel.py -> build/lib/puremacro/narrative/indices
copying puremacro/narrative/indices/eu_legislative.py -> build/lib/puremacro/narrative/indices
copying puremacro/narrative/indices/gpr.py -> build/lib/puremacro/narrative/indices
copying puremacro/narrative/indices/_fed_districts.py -> build/lib/puremacro/narrative/indices
copying puremacro/narrative/indices/wui.py -> build/lib/puremacro/narrative/indices
copying puremacro/narrative/indices/tone.py -> build/lib/puremacro/narrative/indices
copying puremacro/narrative/indices/lwui.py -> build/lib/puremacro/narrative/indices
copying puremacro/narrative/indices/beige_book.py -> build/lib/puremacro/narrative/indices
copying puremacro/narrative/indices/__init__.py -> build/lib/puremacro/narrative/indices
copying puremacro/narrative/indices/mpu.py -> build/lib/puremacro/narrative/indices
copying puremacro/narrative/indices/lui.py -> build/lib/puremacro/narrative/indices
copying puremacro/narrative/indices/ltui.py -> build/lib/puremacro/narrative/indices
copying puremacro/narrative/indices/_llm_kernel.py -> build/lib/puremacro/narrative/indices
copying puremacro/narrative/indices/_kernels.py -> build/lib/puremacro/narrative/indices
copying puremacro/narrative/indices/bluesky.py -> build/lib/puremacro/narrative/indices
copying puremacro/narrative/indices/_lexicons_expanded.py -> build/lib/puremacro/narrative/indices
copying puremacro/narrative/indices/_lexicons.py -> build/lib/puremacro/narrative/indices
copying puremacro/narrative/indices/us_executive.py -> build/lib/puremacro/narrative/indices
copying puremacro/narrative/indices/cross_source.py -> build/lib/puremacro/narrative/indices
creating build/lib/puremacro/narrative/quality
copying puremacro/narrative/quality/surprise_filter.py -> build/lib/puremacro/narrative/quality
copying puremacro/narrative/quality/schedule_estimator.py -> build/lib/puremacro/narrative/quality
copying puremacro/narrative/quality/__init__.py -> build/lib/puremacro/narrative/quality
copying puremacro/narrative/quality/pipeline.py -> build/lib/puremacro/narrative/quality
copying puremacro/narrative/quality/magnitude_harmonizer.py -> build/lib/puremacro/narrative/quality
copying puremacro/narrative/quality/target_auditor.py -> build/lib/puremacro/narrative/quality
creating build/lib/puremacro/narrative/scoring
copying puremacro/narrative/scoring/__init__.py -> build/lib/puremacro/narrative/scoring
copying puremacro/narrative/scoring/llm.py -> build/lib/puremacro/narrative/scoring
copying puremacro/narrative/scoring/manual.py -> build/lib/puremacro/narrative/scoring
copying puremacro/narrative/scoring/multilingual.py -> build/lib/puremacro/narrative/scoring
copying puremacro/narrative/scoring/lexicons_es.py -> build/lib/puremacro/narrative/scoring
copying puremacro/narrative/scoring/keyword.py -> build/lib/puremacro/narrative/scoring
copying puremacro/narrative/scoring/explain.py -> build/lib/puremacro/narrative/scoring
creating build/lib/puremacro/narrative/sources
copying puremacro/narrative/sources/_schema.py -> build/lib/puremacro/narrative/sources
copying puremacro/narrative/sources/ca_dof.py -> build/lib/puremacro/narrative/sources
copying puremacro/narrative/sources/_speeches.py -> build/lib/puremacro/narrative/sources
copying puremacro/narrative/sources/ecb_decision.py -> build/lib/puremacro/narrative/sources
copying puremacro/narrative/sources/uk_obr.py -> build/lib/puremacro/narrative/sources
copying puremacro/narrative/sources/_playwright_helper.py -> build/lib/puremacro/narrative/sources
copying puremacro/narrative/sources/hackernews.py -> build/lib/puremacro/narrative/sources
copying puremacro/narrative/sources/fed_speeches.py -> build/lib/puremacro/narrative/sources
copying puremacro/narrative/sources/_schema_check.py -> build/lib/puremacro/narrative/sources
copying puremacro/narrative/sources/nber_wp.py -> build/lib/puremacro/narrative/sources
copying puremacro/narrative/sources/eu_eurlex.py -> build/lib/puremacro/narrative/sources
copying puremacro/narrative/sources/transcripts.py -> build/lib/puremacro/narrative/sources
copying puremacro/narrative/sources/ecb_minutes.py -> build/lib/puremacro/narrative/sources
copying puremacro/narrative/sources/bcb.py -> build/lib/puremacro/narrative/sources
copying puremacro/narrative/sources/imf_articleiv.py -> build/lib/puremacro/narrative/sources
copying puremacro/narrative/sources/us_cbo.py -> build/lib/puremacro/narrative/sources
copying puremacro/narrative/sources/bcra.py -> build/lib/puremacro/narrative/sources
copying puremacro/narrative/sources/ecb_press_conf.py -> build/lib/puremacro/narrative/sources
copying puremacro/narrative/sources/_telemetry.py -> build/lib/puremacro/narrative/sources
copying puremacro/narrative/sources/_rss_filtered.py -> build/lib/puremacro/narrative/sources
copying puremacro/narrative/sources/health.py -> build/lib/puremacro/narrative/sources
copying puremacro/narrative/sources/bi.py -> build/lib/puremacro/narrative/sources
copying puremacro/narrative/sources/ecb_speeches.py -> build/lib/puremacro/narrative/sources
copying puremacro/narrative/sources/uk_hmt.py -> build/lib/puremacro/narrative/sources
copying puremacro/narrative/sources/_ratedoc.py -> build/lib/puremacro/narrative/sources
copying puremacro/narrative/sources/_http.py -> build/lib/puremacro/narrative/sources
copying puremacro/narrative/sources/ecb_press.py -> build/lib/puremacro/narrative/sources
copying puremacro/narrative/sources/us_warn.py -> build/lib/puremacro/narrative/sources
copying puremacro/narrative/sources/_extractors.py -> build/lib/puremacro/narrative/sources
copying puremacro/narrative/sources/beige_book.py -> build/lib/puremacro/narrative/sources
copying puremacro/narrative/sources/frdb_strikes.py -> build/lib/puremacro/narrative/sources
copying puremacro/narrative/sources/fed_decision.py -> build/lib/puremacro/narrative/sources
copying puremacro/narrative/sources/news_api.py -> build/lib/puremacro/narrative/sources
copying puremacro/narrative/sources/bsp.py -> build/lib/puremacro/narrative/sources
copying puremacro/narrative/sources/jp_mof.py -> build/lib/puremacro/narrative/sources
copying puremacro/narrative/sources/us_dod_contracts.py -> build/lib/puremacro/narrative/sources
copying puremacro/narrative/sources/mas.py -> build/lib/puremacro/narrative/sources
copying puremacro/narrative/sources/us_sotu.py -> build/lib/puremacro/narrative/sources
copying puremacro/narrative/sources/bok.py -> build/lib/puremacro/narrative/sources
copying puremacro/narrative/sources/__init__.py -> build/lib/puremacro/narrative/sources
copying puremacro/narrative/sources/fed_press_conf.py -> build/lib/puremacro/narrative/sources
copying puremacro/narrative/sources/boe_minutes.py -> build/lib/puremacro/narrative/sources
copying puremacro/narrative/sources/fed_minutes.py -> build/lib/puremacro/narrative/sources
copying puremacro/narrative/sources/eu_ecfin.py -> build/lib/puremacro/narrative/sources
copying puremacro/narrative/sources/rba.py -> build/lib/puremacro/narrative/sources
copying puremacro/narrative/sources/imf_news.py -> build/lib/puremacro/narrative/sources
copying puremacro/narrative/sources/banrep.py -> build/lib/puremacro/narrative/sources
copying puremacro/narrative/sources/cbn.py -> build/lib/puremacro/narrative/sources
copying puremacro/narrative/sources/boj_speeches.py -> build/lib/puremacro/narrative/sources
copying puremacro/narrative/sources/pboc.py -> build/lib/puremacro/narrative/sources
copying puremacro/narrative/sources/us_treasury.py -> build/lib/puremacro/narrative/sources
copying puremacro/narrative/sources/bot.py -> build/lib/puremacro/narrative/sources
copying puremacro/narrative/sources/boe_decision.py -> build/lib/puremacro/narrative/sources
copying puremacro/narrative/sources/eu_parliament.py -> build/lib/puremacro/narrative/sources
copying puremacro/narrative/sources/fr_tresor.py -> build/lib/puremacro/narrative/sources
copying puremacro/narrative/sources/riksbank.py -> build/lib/puremacro/narrative/sources
copying puremacro/narrative/sources/cbk.py -> build/lib/puremacro/narrative/sources
copying puremacro/narrative/sources/bnm.py -> build/lib/puremacro/narrative/sources
copying puremacro/narrative/sources/bccl.py -> build/lib/puremacro/narrative/sources
copying puremacro/narrative/sources/_wayback.py -> build/lib/puremacro/narrative/sources
copying puremacro/narrative/sources/it_mef.py -> build/lib/puremacro/narrative/sources
copying puremacro/narrative/sources/oecd_surveys.py -> build/lib/puremacro/narrative/sources
copying puremacro/narrative/sources/us_erp.py -> build/lib/puremacro/narrative/sources
copying puremacro/narrative/sources/local_csv.py -> build/lib/puremacro/narrative/sources
copying puremacro/narrative/sources/rbnz.py -> build/lib/puremacro/narrative/sources
copying puremacro/narrative/sources/sec_edgar.py -> build/lib/puremacro/narrative/sources
copying puremacro/narrative/sources/de_bmf.py -> build/lib/puremacro/narrative/sources
copying puremacro/narrative/sources/boj_decision.py -> build/lib/puremacro/narrative/sources
copying puremacro/narrative/sources/norges.py -> build/lib/puremacro/narrative/sources
copying puremacro/narrative/sources/bluesky.py -> build/lib/puremacro/narrative/sources
copying puremacro/narrative/sources/macro_blogs.py -> build/lib/puremacro/narrative/sources
copying puremacro/narrative/sources/sarb.py -> build/lib/puremacro/narrative/sources
copying puremacro/narrative/sources/boe_speeches.py -> build/lib/puremacro/narrative/sources
copying puremacro/narrative/sources/_rss.py -> build/lib/puremacro/narrative/sources
copying puremacro/narrative/sources/reddit.py -> build/lib/puremacro/narrative/sources
copying puremacro/narrative/sources/_fallback.py -> build/lib/puremacro/narrative/sources
copying puremacro/narrative/sources/us_federal_register.py -> build/lib/puremacro/narrative/sources
copying puremacro/narrative/sources/banxico.py -> build/lib/puremacro/narrative/sources
copying puremacro/narrative/sources/bis_speeches.py -> build/lib/puremacro/narrative/sources
copying puremacro/narrative/sources/rbi.py -> build/lib/puremacro/narrative/sources
copying puremacro/narrative/sources/google_news.py -> build/lib/puremacro/narrative/sources
copying puremacro/narrative/sources/cbe.py -> build/lib/puremacro/narrative/sources
creating build/lib/puremacro/narrative/replication
copying puremacro/narrative/replication/mertens_ravn_2013.py -> build/lib/puremacro/narrative/replication
copying puremacro/narrative/replication/eu_nms_2023_consolidations.py -> build/lib/puremacro/narrative/replication
copying puremacro/narrative/replication/romer_romer_2017.py -> build/lib/puremacro/narrative/replication
copying puremacro/narrative/replication/dglp_2011_consolidations.py -> build/lib/puremacro/narrative/replication
copying puremacro/narrative/replication/ramey_2011_defense.py -> build/lib/puremacro/narrative/replication
copying puremacro/narrative/replication/imf_covid_2022_announcements.py -> build/lib/puremacro/narrative/replication
copying puremacro/narrative/replication/__init__.py -> build/lib/puremacro/narrative/replication
copying puremacro/narrative/replication/devries_2011_consolidations.py -> build/lib/puremacro/narrative/replication
copying puremacro/narrative/replication/guajardo_2011_aeipf.py -> build/lib/puremacro/narrative/replication
copying puremacro/narrative/replication/romer_romer_2010.py -> build/lib/puremacro/narrative/replication
copying puremacro/narrative/replication/mitchell_historical.py -> build/lib/puremacro/narrative/replication
copying puremacro/narrative/replication/cloyne_2013_uk.py -> build/lib/puremacro/narrative/replication
copying puremacro/narrative/replication/_within_year.py -> build/lib/puremacro/narrative/replication
copying puremacro/narrative/replication/adler_2024_consolidations.py -> build/lib/puremacro/narrative/replication
creating build/lib/puremacro/narrative/validation
copying puremacro/narrative/validation/stability.py -> build/lib/puremacro/narrative/validation
copying puremacro/narrative/validation/external_benchmarks.py -> build/lib/puremacro/narrative/validation
copying puremacro/narrative/validation/gap_filler.py -> build/lib/puremacro/narrative/validation
copying puremacro/narrative/validation/spec_curve.py -> build/lib/puremacro/narrative/validation
copying puremacro/narrative/validation/__init__.py -> build/lib/puremacro/narrative/validation
copying puremacro/narrative/validation/report.py -> build/lib/puremacro/narrative/validation
creating build/lib/puremacro/var/identify
copying puremacro/var/identify/magmav.py -> build/lib/puremacro/var/identify
copying puremacro/var/identify/_results.py -> build/lib/puremacro/var/identify
copying puremacro/var/identify/proxy.py -> build/lib/puremacro/var/identify
copying puremacro/var/identify/bq.py -> build/lib/puremacro/var/identify
copying puremacro/var/identify/cholesky.py -> build/lib/puremacro/var/identify
copying puremacro/var/identify/__init__.py -> build/lib/puremacro/var/identify
copying puremacro/var/identify/non_gaussian.py -> build/lib/puremacro/var/identify
copying puremacro/var/identify/maxshare.py -> build/lib/puremacro/var/identify
copying puremacro/var/identify/narrative_sign.py -> build/lib/puremacro/var/identify
copying puremacro/var/identify/sign_robust.py -> build/lib/puremacro/var/identify
copying puremacro/var/identify/hetero.py -> build/lib/puremacro/var/identify
copying puremacro/var/identify/sign.py -> build/lib/puremacro/var/identify
copying puremacro/var/identify/panel.py -> build/lib/puremacro/var/identify
copying puremacro/var/identify/sign_zero.py -> build/lib/puremacro/var/identify
creating build/lib/puremacro/var/regime
copying puremacro/var/regime/tvecm.py -> build/lib/puremacro/var/regime
copying puremacro/var/regime/__init__.py -> build/lib/puremacro/var/regime
copying puremacro/var/regime/threshold.py -> build/lib/puremacro/var/regime
copying puremacro/var/regime/ms_var.py -> build/lib/puremacro/var/regime
copying puremacro/var/regime/girf.py -> build/lib/puremacro/var/regime
creating build/lib/puremacro/models/nested_dmp
copying puremacro/models/nested_dmp/params.py -> build/lib/puremacro/models/nested_dmp
copying puremacro/models/nested_dmp/backend.py -> build/lib/puremacro/models/nested_dmp
copying puremacro/models/nested_dmp/equilibrium.py -> build/lib/puremacro/models/nested_dmp
copying puremacro/models/nested_dmp/kernels_numba.py -> build/lib/puremacro/models/nested_dmp
copying puremacro/models/nested_dmp/estimation.py -> build/lib/puremacro/models/nested_dmp
copying puremacro/models/nested_dmp/__init__.py -> build/lib/puremacro/models/nested_dmp
copying puremacro/models/nested_dmp/kernels.py -> build/lib/puremacro/models/nested_dmp
copying puremacro/models/nested_dmp/welfare.py -> build/lib/puremacro/models/nested_dmp
copying puremacro/models/nested_dmp/dynamics.py -> build/lib/puremacro/models/nested_dmp
creating build/lib/puremacro/fetch/longpanel
copying puremacro/fetch/longpanel/_splice.py -> build/lib/puremacro/fetch/longpanel
copying puremacro/fetch/longpanel/__init__.py -> build/lib/puremacro/fetch/longpanel
copying puremacro/fetch/longpanel/esri_jp.py -> build/lib/puremacro/fetch/longpanel
copying puremacro/fetch/longpanel/panel.py -> build/lib/puremacro/fetch/longpanel
copying puremacro/fetch/longpanel/ine_es.py -> build/lib/puremacro/fetch/longpanel
creating build/lib/puremacro/fetch/realtime
copying puremacro/fetch/realtime/catalog.py -> build/lib/puremacro/fetch/realtime
copying puremacro/fetch/realtime/alfred.py -> build/lib/puremacro/fetch/realtime
copying puremacro/fetch/realtime/_base.py -> build/lib/puremacro/fetch/realtime
copying puremacro/fetch/realtime/statcan.py -> build/lib/puremacro/fetch/realtime
copying puremacro/fetch/realtime/ecb_rtd.py -> build/lib/puremacro/fetch/realtime
copying puremacro/fetch/realtime/cartridge.py -> build/lib/puremacro/fetch/realtime
copying puremacro/fetch/realtime/bcb.py -> build/lib/puremacro/fetch/realtime
copying puremacro/fetch/realtime/canary.py -> build/lib/puremacro/fetch/realtime
copying puremacro/fetch/realtime/ons.py -> build/lib/puremacro/fetch/realtime
copying puremacro/fetch/realtime/oecd_stes.py -> build/lib/puremacro/fetch/realtime
copying puremacro/fetch/realtime/__init__.py -> build/lib/puremacro/fetch/realtime
copying puremacro/fetch/realtime/seasonal.py -> build/lib/puremacro/fetch/realtime
copying puremacro/fetch/realtime/inegi.py -> build/lib/puremacro/fetch/realtime
copying puremacro/fetch/realtime/bcch.py -> build/lib/puremacro/fetch/realtime
copying puremacro/fetch/realtime/_snapshot.py -> build/lib/puremacro/fetch/realtime
copying puremacro/fetch/realtime/bundesbank.py -> build/lib/puremacro/fetch/realtime
copying puremacro/fetch/realtime/panel.py -> build/lib/puremacro/fetch/realtime
copying puremacro/fetch/realtime/banxico.py -> build/lib/puremacro/fetch/realtime
creating build/lib/puremacro/instruments/literature
copying puremacro/instruments/literature/caldara_iacoviello_gpr.py -> build/lib/puremacro/instruments/literature
copying puremacro/instruments/literature/__init__.py -> build/lib/puremacro/instruments/literature
copying puremacro/instruments/literature/bbd_epu.py -> build/lib/puremacro/instruments/literature
copying puremacro/instruments/literature/bloom_2009.py -> build/lib/puremacro/instruments/literature
copying puremacro/instruments/literature/romer_romer_2004.py -> build/lib/puremacro/instruments/literature
copying puremacro/instruments/literature/_helpers.py -> build/lib/puremacro/instruments/literature
creating build/lib/puremacro/instruments/external
copying puremacro/instruments/external/bis.py -> build/lib/puremacro/instruments/external
copying puremacro/instruments/external/imf_weo.py -> build/lib/puremacro/instruments/external
copying puremacro/instruments/external/__init__.py -> build/lib/puremacro/instruments/external
copying puremacro/instruments/external/fred.py -> build/lib/puremacro/instruments/external
creating build/lib/puremacro/replication/data
copying puremacro/replication/data/__init__.py -> build/lib/puremacro/replication/data
creating build/lib/puremacro/validation/goldens
copying puremacro/validation/goldens/__init__.py -> build/lib/puremacro/validation/goldens
running egg_info
writing puremacro.egg-info/PKG-INFO
writing dependency_links to puremacro.egg-info/dependency_links.txt
writing entry points to puremacro.egg-info/entry_points.txt
writing requirements to puremacro.egg-info/requires.txt
writing top-level names to puremacro.egg-info/top_level.txt
reading manifest file 'puremacro.egg-info/SOURCES.txt'
adding license file 'LICENSE'
writing manifest file 'puremacro.egg-info/SOURCES.txt'
copying puremacro/py.typed -> build/lib/puremacro
creating build/lib/puremacro/trade/_datafiles
copying puremacro/trade/_datafiles/trade_results_workbook.npz -> build/lib/puremacro/trade/_datafiles
copying puremacro/trade/_datafiles/trade_reference_solutions.npz -> build/lib/puremacro/trade/_datafiles
copying puremacro/trade/_datafiles/icio_77c_11s.npz -> build/lib/puremacro/trade/_datafiles
copying puremacro/trade/_datafiles/WORKBOOK_MANIFEST.json -> build/lib/puremacro/trade/_datafiles
copying puremacro/trade/_datafiles/REFERENCE_MANIFEST.json -> build/lib/puremacro/trade/_datafiles
copying puremacro/trade/_datafiles/MANIFEST.json -> build/lib/puremacro/trade/_datafiles
copying puremacro/trade/_datafiles/SOURCES.md -> build/lib/puremacro/trade/_datafiles
creating build/lib/puremacro/datasets/data
copying puremacro/datasets/data/GDPC1.csv -> build/lib/puremacro/datasets/data
copying puremacro/datasets/data/A191RL1Q225SBEA.csv -> build/lib/puremacro/datasets/data
copying puremacro/datasets/data/NFCI.csv -> build/lib/puremacro/datasets/data
copying puremacro/datasets/data/tax14_narrative_tax_shocks.csv -> build/lib/puremacro/datasets/data
copying puremacro/datasets/data/us_county_centroids.csv -> build/lib/puremacro/datasets/data
copying puremacro/datasets/data/CPILFESL.csv -> build/lib/puremacro/datasets/data
copying puremacro/datasets/data/UNRATE.csv -> build/lib/puremacro/datasets/data
copying puremacro/datasets/data/banxico_stance_monthly.csv -> build/lib/puremacro/datasets/data
copying puremacro/datasets/data/GPDIC1.csv -> build/lib/puremacro/datasets/data
copying puremacro/datasets/data/CPIAUCSL.csv -> build/lib/puremacro/datasets/data
copying puremacro/datasets/data/gali1999.csv -> build/lib/puremacro/datasets/data
copying puremacro/datasets/data/FEDFUNDS.csv -> build/lib/puremacro/datasets/data
copying puremacro/datasets/data/us_state_centroids.csv -> build/lib/puremacro/datasets/data
copying puremacro/dsge/_sw07_data.csv -> build/lib/puremacro/dsge
creating build/lib/puremacro/dsge/_references
copying puremacro/dsge/_references/hank_ssj.mod -> build/lib/puremacro/dsge/_references
copying puremacro/dsge/_references/sw07_pfeifer.mod -> build/lib/puremacro/dsge/_references
copying puremacro/dsge/_references/hank_two_asset.mod -> build/lib/puremacro/dsge/_references
copying puremacro/replication/data/beveridge18_eu.csv -> build/lib/puremacro/replication/data
copying puremacro/replication/data/beveridge18_us.csv -> build/lib/puremacro/replication/data
copying puremacro/replication/data/gali1999.csv -> build/lib/puremacro/replication/data
copying puremacro/replication/data/kilian2009.csv -> build/lib/puremacro/replication/data
copying puremacro/replication/data/okun.csv -> build/lib/puremacro/replication/data
copying puremacro/replication/data/qna40_meta.csv -> build/lib/puremacro/replication/data
copying puremacro/replication/data/qna40_panel.csv -> build/lib/puremacro/replication/data
copying puremacro/replication/data/rz2018.csv -> build/lib/puremacro/replication/data
copying puremacro/replication/data/speccurve17_panel.csv -> build/lib/puremacro/replication/data
copying puremacro/replication/data/tax14_narrative_tax_shocks.csv -> build/lib/puremacro/replication/data
copying puremacro/replication/data/tax14_us_fiscal.csv -> build/lib/puremacro/replication/data
copying puremacro/validation/goldens/_t.json -> build/lib/puremacro/validation/goldens
copying puremacro/validation/goldens/garch.json -> build/lib/puremacro/validation/goldens
copying puremacro/validation/goldens/inference.json -> build/lib/puremacro/validation/goldens
copying puremacro/validation/goldens/lp.json -> build/lib/puremacro/validation/goldens
copying puremacro/validation/goldens/spatial.json -> build/lib/puremacro/validation/goldens
copying puremacro/validation/goldens/state_space.json -> build/lib/puremacro/validation/goldens
copying puremacro/validation/goldens/var.json -> build/lib/puremacro/validation/goldens
installing to build/bdist.macosx-11.0-arm64/wheel
running install
running install_lib
creating build/bdist.macosx-11.0-arm64/wheel
creating build/bdist.macosx-11.0-arm64/wheel/puremacro
creating build/bdist.macosx-11.0-arm64/wheel/puremacro/garch
copying build/lib/puremacro/garch/fit.py -> build/bdist.macosx-11.0-arm64/wheel/./puremacro/garch
copying build/lib/puremacro/garch/_results.py -> build/bdist.macosx-11.0-arm64/wheel/./puremacro/garch
copying build/lib/puremacro/garch/dcc.py -> build/bdist.macosx-11.0-arm64/wheel/./puremacro/garch
copying build/lib/puremacro/garch/__init__.py -> build/bdist.macosx-11.0-arm64/wheel/./puremacro/garch
creating build/bdist.macosx-11.0-arm64/wheel/puremacro/forecast
copying build/lib/puremacro/forecast/penalized.py -> build/bdist.macosx-11.0-arm64/wheel/./puremacro/forecast
copying build/lib/puremacro/forecast/__init__.py -> build/bdist.macosx-11.0-arm64/wheel/./puremacro/forecast
copying build/lib/puremacro/forecast/mcs.py -> build/bdist.macosx-11.0-arm64/wheel/./puremacro/forecast
copying build/lib/puremacro/forecast/density.py -> build/bdist.macosx-11.0-arm64/wheel/./puremacro/forecast
copying build/lib/puremacro/forecast/compare.py -> build/bdist.macosx-11.0-arm64/wheel/./puremacro/forecast
creating build/bdist.macosx-11.0-arm64/wheel/puremacro/pocket
copying build/lib/puremacro/pocket/__init__.py -> build/bdist.macosx-11.0-arm64/wheel/./puremacro/pocket
copying build/lib/puremacro/pocket/_cartridge.py -> build/bdist.macosx-11.0-arm64/wheel/./puremacro/pocket
creating build/bdist.macosx-11.0-arm64/wheel/puremacro/vfi
copying build/lib/puremacro/vfi/egm.py -> build/bdist.macosx-11.0-arm64/wheel/./puremacro/vfi
copying build/lib/puremacro/vfi/aggregate.py -> build/bdist.macosx-11.0-arm64/wheel/./puremacro/vfi
copying build/lib/puremacro/vfi/aiyagari_endogenous.py -> build/bdist.macosx-11.0-arm64/wheel/./puremacro/vfi
copying build/lib/puremacro/vfi/analytic_gradients.py -> build/bdist.macosx-11.0-arm64/wheel/./puremacro/vfi
copying build/lib/puremacro/vfi/deep_macro.py -> build/bdist.macosx-11.0-arm64/wheel/./puremacro/vfi
copying build/lib/puremacro/vfi/equilibrium.py -> build/bdist.macosx-11.0-arm64/wheel/./puremacro/vfi
copying build/lib/puremacro/vfi/compat.py -> build/bdist.macosx-11.0-arm64/wheel/./puremacro/vfi
copying build/lib/puremacro/vfi/case2.py -> build/bdist.macosx-11.0-arm64/wheel/./puremacro/vfi
copying build/lib/puremacro/vfi/kernels_numba.py -> build/bdist.macosx-11.0-arm64/wheel/./puremacro/vfi
copying build/lib/puremacro/vfi/returnfn.py -> build/bdist.macosx-11.0-arm64/wheel/./puremacro/vfi
copying build/lib/puremacro/vfi/collocation.py -> build/bdist.macosx-11.0-arm64/wheel/./puremacro/vfi
copying build/lib/puremacro/vfi/transition.py -> build/bdist.macosx-11.0-arm64/wheel/./puremacro/vfi
copying build/lib/puremacro/vfi/simulate.py -> build/bdist.macosx-11.0-arm64/wheel/./puremacro/vfi
copying build/lib/puremacro/vfi/finite_horizon.py -> build/bdist.macosx-11.0-arm64/wheel/./puremacro/vfi
copying build/lib/puremacro/vfi/__init__.py -> build/bdist.macosx-11.0-arm64/wheel/./puremacro/vfi
copying build/lib/puremacro/vfi/splines.py -> build/bdist.macosx-11.0-arm64/wheel/./puremacro/vfi
copying build/lib/puremacro/vfi/discretize.py -> build/bdist.macosx-11.0-arm64/wheel/./puremacro/vfi
copying build/lib/puremacro/vfi/smolyak.py -> build/bdist.macosx-11.0-arm64/wheel/./puremacro/vfi
copying build/lib/puremacro/vfi/distribution.py -> build/bdist.macosx-11.0-arm64/wheel/./puremacro/vfi
copying build/lib/puremacro/vfi/model.py -> build/bdist.macosx-11.0-arm64/wheel/./puremacro/vfi
copying build/lib/puremacro/vfi/krusell_smith.py -> build/bdist.macosx-11.0-arm64/wheel/./puremacro/vfi
copying build/lib/puremacro/vfi/continuous_transition.py -> build/bdist.macosx-11.0-arm64/wheel/./puremacro/vfi
copying build/lib/puremacro/vfi/problem.py -> build/bdist.macosx-11.0-arm64/wheel/./puremacro/vfi
copying build/lib/puremacro/vfi/dcegm.py -> build/bdist.macosx-11.0-arm64/wheel/./puremacro/vfi
copying build/lib/puremacro/vfi/examples.py -> build/bdist.macosx-11.0-arm64/wheel/./puremacro/vfi
copying build/lib/puremacro/vfi/estimate.py -> build/bdist.macosx-11.0-arm64/wheel/./puremacro/vfi
copying build/lib/puremacro/vfi/firm_dynamics.py -> build/bdist.macosx-11.0-arm64/wheel/./puremacro/vfi
copying build/lib/puremacro/vfi/kernels.py -> build/bdist.macosx-11.0-arm64/wheel/./puremacro/vfi
copying build/lib/puremacro/vfi/solve.py -> build/bdist.macosx-11.0-arm64/wheel/./puremacro/vfi
copying build/lib/puremacro/vfi/permanent_types.py -> build/bdist.macosx-11.0-arm64/wheel/./puremacro/vfi
copying build/lib/puremacro/vfi/epstein_zin.py -> build/bdist.macosx-11.0-arm64/wheel/./puremacro/vfi
copying build/lib/puremacro/vfi/olg.py -> build/bdist.macosx-11.0-arm64/wheel/./puremacro/vfi
copying build/lib/puremacro/vfi/continuous_distribution.py -> build/bdist.macosx-11.0-arm64/wheel/./puremacro/vfi
copying build/lib/puremacro/vfi/fem.py -> build/bdist.macosx-11.0-arm64/wheel/./puremacro/vfi
copying build/lib/puremacro/vfi/hjb_achdou.py -> build/bdist.macosx-11.0-arm64/wheel/./puremacro/vfi
creating build/bdist.macosx-11.0-arm64/wheel/puremacro/gar
copying build/lib/puremacro/gar/__init__.py -> build/bdist.macosx-11.0-arm64/wheel/./puremacro/gar
copying build/lib/puremacro/gar/fci.py -> build/bdist.macosx-11.0-arm64/wheel/./puremacro/gar
copying build/lib/puremacro/gar/qar.py -> build/bdist.macosx-11.0-arm64/wheel/./puremacro/gar
copying build/lib/puremacro/gar/skewt.py -> build/bdist.macosx-11.0-arm64/wheel/./puremacro/gar
copying build/lib/puremacro/build_subnational_panel.py -> build/bdist.macosx-11.0-arm64/wheel/./puremacro
copying build/lib/puremacro/capital.py -> build/bdist.macosx-11.0-arm64/wheel/./puremacro
copying build/lib/puremacro/_http_cache.py -> build/bdist.macosx-11.0-arm64/wheel/./puremacro
copying build/lib/puremacro/synthetic_control.py -> build/bdist.macosx-11.0-arm64/wheel/./puremacro
copying build/lib/puremacro/shock_atlas.py -> build/bdist.macosx-11.0-arm64/wheel/./puremacro
copying build/lib/puremacro/_optional.py -> build/bdist.macosx-11.0-arm64/wheel/./puremacro
copying build/lib/puremacro/plot.py -> build/bdist.macosx-11.0-arm64/wheel/./puremacro
copying build/lib/puremacro/_codes.py -> build/bdist.macosx-11.0-arm64/wheel/./puremacro
creating build/bdist.macosx-11.0-arm64/wheel/puremacro/did
copying build/lib/puremacro/did/_results.py -> build/bdist.macosx-11.0-arm64/wheel/./puremacro/did
copying build/lib/puremacro/did/callaway_santanna.py -> build/bdist.macosx-11.0-arm64/wheel/./puremacro/did
copying build/lib/puremacro/did/synthetic_did.py -> build/bdist.macosx-11.0-arm64/wheel/./puremacro/did
copying build/lib/puremacro/did/cdh.py -> build/bdist.macosx-11.0-arm64/wheel/./puremacro/did
copying build/lib/puremacro/did/__init__.py -> build/bdist.macosx-11.0-arm64/wheel/./puremacro/did
copying build/lib/puremacro/did/types.py -> build/bdist.macosx-11.0-arm64/wheel/./puremacro/did
copying build/lib/puremacro/did/sensitivity.py -> build/bdist.macosx-11.0-arm64/wheel/./puremacro/did
copying build/lib/puremacro/did/spatial_did.py -> build/bdist.macosx-11.0-arm64/wheel/./puremacro/did
copying build/lib/puremacro/did/borusyak_jaravel_spiess.py -> build/bdist.macosx-11.0-arm64/wheel/./puremacro/did
copying build/lib/puremacro/did/sun_abraham.py -> build/bdist.macosx-11.0-arm64/wheel/./puremacro/did
copying build/lib/puremacro/did/sdid_multi.py -> build/bdist.macosx-11.0-arm64/wheel/./puremacro/did
copying build/lib/puremacro/_backend.py -> build/bdist.macosx-11.0-arm64/wheel/./puremacro
creating build/bdist.macosx-11.0-arm64/wheel/puremacro/causal
copying build/lib/puremacro/causal/synthetic_control.py -> build/bdist.macosx-11.0-arm64/wheel/./puremacro/causal
copying build/lib/puremacro/causal/__init__.py -> build/bdist.macosx-11.0-arm64/wheel/./puremacro/causal
copying build/lib/puremacro/causal/dml.py -> build/bdist.macosx-11.0-arm64/wheel/./puremacro/causal
copying build/lib/puremacro/korv_gmm.py -> build/bdist.macosx-11.0-arm64/wheel/./puremacro
copying build/lib/puremacro/credentials.py -> build/bdist.macosx-11.0-arm64/wheel/./puremacro
creating build/bdist.macosx-11.0-arm64/wheel/puremacro/regress
copying build/lib/puremacro/regress/quantile.py -> build/bdist.macosx-11.0-arm64/wheel/./puremacro/regress
copying build/lib/puremacro/regress/ols.py -> build/bdist.macosx-11.0-arm64/wheel/./puremacro/regress
copying build/lib/puremacro/regress/discrete.py -> build/bdist.macosx-11.0-arm64/wheel/./puremacro/regress
copying build/lib/puremacro/regress/__init__.py -> build/bdist.macosx-11.0-arm64/wheel/./puremacro/regress
copying build/lib/puremacro/regress/lp.py -> build/bdist.macosx-11.0-arm64/wheel/./puremacro/regress
creating build/bdist.macosx-11.0-arm64/wheel/puremacro/bartik
copying build/lib/puremacro/bartik/county_epu.py -> build/bdist.macosx-11.0-arm64/wheel/./puremacro/bartik
copying build/lib/puremacro/bartik/__init__.py -> build/bdist.macosx-11.0-arm64/wheel/./puremacro/bartik
copying build/lib/puremacro/bartik/akm.py -> build/bdist.macosx-11.0-arm64/wheel/./puremacro/bartik
copying build/lib/puremacro/bartik/sensitivity.py -> build/bdist.macosx-11.0-arm64/wheel/./puremacro/bartik
copying build/lib/puremacro/bartik/exposure_iv.py -> build/bdist.macosx-11.0-arm64/wheel/./puremacro/bartik
copying build/lib/puremacro/bartik/shares.py -> build/bdist.macosx-11.0-arm64/wheel/./puremacro/bartik
copying build/lib/puremacro/climate_panel.py -> build/bdist.macosx-11.0-arm64/wheel/./puremacro
creating build/bdist.macosx-11.0-arm64/wheel/puremacro/trade
copying build/lib/puremacro/trade/scenarios.py -> build/bdist.macosx-11.0-arm64/wheel/./puremacro/trade
copying build/lib/puremacro/trade/plot.py -> build/bdist.macosx-11.0-arm64/wheel/./puremacro/trade
creating build/bdist.macosx-11.0-arm64/wheel/puremacro/trade/gpu
copying build/lib/puremacro/trade/gpu/backend.py -> build/bdist.macosx-11.0-arm64/wheel/./puremacro/trade/gpu
copying build/lib/puremacro/trade/gpu/homotopy.py -> build/bdist.macosx-11.0-arm64/wheel/./puremacro/trade/gpu
copying build/lib/puremacro/trade/gpu/__init__.py -> build/bdist.macosx-11.0-arm64/wheel/./puremacro/trade/gpu
copying build/lib/puremacro/trade/gpu/mlx_solver.py -> build/bdist.macosx-11.0-arm64/wheel/./puremacro/trade/gpu
copying build/lib/puremacro/trade/gpu/batched_jacobian.py -> build/bdist.macosx-11.0-arm64/wheel/./puremacro/trade/gpu
copying build/lib/puremacro/trade/gpu/solver_gpu.py -> build/bdist.macosx-11.0-arm64/wheel/./puremacro/trade/gpu
copying build/lib/puremacro/trade/geary_khamis.py -> build/bdist.macosx-11.0-arm64/wheel/./puremacro/trade
copying build/lib/puremacro/trade/equilibrium.py -> build/bdist.macosx-11.0-arm64/wheel/./puremacro/trade
copying build/lib/puremacro/trade/_results.py -> build/bdist.macosx-11.0-arm64/wheel/./puremacro/trade
copying build/lib/puremacro/trade/solver.py -> build/bdist.macosx-11.0-arm64/wheel/./puremacro/trade
creating build/bdist.macosx-11.0-arm64/wheel/puremacro/trade/_datafiles
copying build/lib/puremacro/trade/_datafiles/WORKBOOK_MANIFEST.json -> build/bdist.macosx-11.0-arm64/wheel/./puremacro/trade/_datafiles
copying build/lib/puremacro/trade/_datafiles/trade_results_workbook.npz -> build/bdist.macosx-11.0-arm64/wheel/./puremacro/trade/_datafiles
copying build/lib/puremacro/trade/_datafiles/SOURCES.md -> build/bdist.macosx-11.0-arm64/wheel/./puremacro/trade/_datafiles
copying build/lib/puremacro/trade/_datafiles/trade_reference_solutions.npz -> build/bdist.macosx-11.0-arm64/wheel/./puremacro/trade/_datafiles
copying build/lib/puremacro/trade/_datafiles/REFERENCE_MANIFEST.json -> build/bdist.macosx-11.0-arm64/wheel/./puremacro/trade/_datafiles
copying build/lib/puremacro/trade/_datafiles/icio_77c_11s.npz -> build/bdist.macosx-11.0-arm64/wheel/./puremacro/trade/_datafiles
copying build/lib/puremacro/trade/_datafiles/MANIFEST.json -> build/bdist.macosx-11.0-arm64/wheel/./puremacro/trade/_datafiles
copying build/lib/puremacro/trade/regularize.py -> build/bdist.macosx-11.0-arm64/wheel/./puremacro/trade
copying build/lib/puremacro/trade/_accounting.py -> build/bdist.macosx-11.0-arm64/wheel/./puremacro/trade
copying build/lib/puremacro/trade/flexible.py -> build/bdist.macosx-11.0-arm64/wheel/./puremacro/trade
copying build/lib/puremacro/trade/game.py -> build/bdist.macosx-11.0-arm64/wheel/./puremacro/trade
copying build/lib/puremacro/trade/_oecd_icio.py -> build/bdist.macosx-11.0-arm64/wheel/./puremacro/trade
copying build/lib/puremacro/trade/__init__.py -> build/bdist.macosx-11.0-arm64/wheel/./puremacro/trade
copying build/lib/puremacro/trade/extensions.py -> build/bdist.macosx-11.0-arm64/wheel/./puremacro/trade
copying build/lib/puremacro/trade/policy_solver.py -> build/bdist.macosx-11.0-arm64/wheel/./puremacro/trade
copying build/lib/puremacro/trade/caliendo_parro.py -> build/bdist.macosx-11.0-arm64/wheel/./puremacro/trade
copying build/lib/puremacro/trade/welfare.py -> build/bdist.macosx-11.0-arm64/wheel/./puremacro/trade
copying build/lib/puremacro/trade/optimal_tariffs.py -> build/bdist.macosx-11.0-arm64/wheel/./puremacro/trade
copying build/lib/puremacro/trade/tables.py -> build/bdist.macosx-11.0-arm64/wheel/./puremacro/trade
copying build/lib/puremacro/trade/postprocessing.py -> build/bdist.macosx-11.0-arm64/wheel/./puremacro/trade
copying build/lib/puremacro/trade/policy_analytics.py -> build/bdist.macosx-11.0-arm64/wheel/./puremacro/trade
copying build/lib/puremacro/trade/_hicksian_policy.py -> build/bdist.macosx-11.0-arm64/wheel/./puremacro/trade
copying build/lib/puremacro/trade/data.py -> build/bdist.macosx-11.0-arm64/wheel/./puremacro/trade
copying build/lib/puremacro/trade/calibration.py -> build/bdist.macosx-11.0-arm64/wheel/./puremacro/trade
copying build/lib/puremacro/_http.py -> build/bdist.macosx-11.0-arm64/wheel/./puremacro
copying build/lib/puremacro/cointegration_modern.py -> build/bdist.macosx-11.0-arm64/wheel/./puremacro
creating build/bdist.macosx-11.0-arm64/wheel/puremacro/lp
copying build/lib/puremacro/lp/iv_lewbel.py -> build/bdist.macosx-11.0-arm64/wheel/./puremacro/lp
copying build/lib/puremacro/lp/asymmetric.py -> build/bdist.macosx-11.0-arm64/wheel/./puremacro/lp
copying build/lib/puremacro/lp/jorda.py -> build/bdist.macosx-11.0-arm64/wheel/./puremacro/lp
copying build/lib/puremacro/lp/la_lp.py -> build/bdist.macosx-11.0-arm64/wheel/./puremacro/lp
copying build/lib/puremacro/lp/garch_state.py -> build/bdist.macosx-11.0-arm64/wheel/./puremacro/lp
copying build/lib/puremacro/lp/_results.py -> build/bdist.macosx-11.0-arm64/wheel/./puremacro/lp
copying build/lib/puremacro/lp/state_dep.py -> build/bdist.macosx-11.0-arm64/wheel/./puremacro/lp
copying build/lib/puremacro/lp/quantile.py -> build/bdist.macosx-11.0-arm64/wheel/./puremacro/lp
copying build/lib/puremacro/lp/panel_iv.py -> build/bdist.macosx-11.0-arm64/wheel/./puremacro/lp
copying build/lib/puremacro/lp/garch_utils.py -> build/bdist.macosx-11.0-arm64/wheel/./puremacro/lp
copying build/lib/puremacro/lp/_garch_utils.py -> build/bdist.macosx-11.0-arm64/wheel/./puremacro/lp
copying build/lib/puremacro/lp/_common.py -> build/bdist.macosx-11.0-arm64/wheel/./puremacro/lp
copying build/lib/puremacro/lp/iv.py -> build/bdist.macosx-11.0-arm64/wheel/./puremacro/lp
copying build/lib/puremacro/lp/__init__.py -> build/bdist.macosx-11.0-arm64/wheel/./puremacro/lp
copying build/lib/puremacro/lp/_panel_helpers.py -> build/bdist.macosx-11.0-arm64/wheel/./puremacro/lp
copying build/lib/puremacro/lp/smooth.py -> build/bdist.macosx-11.0-arm64/wheel/./puremacro/lp
copying build/lib/puremacro/lp/lp_did.py -> build/bdist.macosx-11.0-arm64/wheel/./puremacro/lp
copying build/lib/puremacro/lp/panel.py -> build/bdist.macosx-11.0-arm64/wheel/./puremacro/lp
copying build/lib/puremacro/lp/panel_dk.py -> build/bdist.macosx-11.0-arm64/wheel/./puremacro/lp
copying build/lib/puremacro/lp/mean_group.py -> build/bdist.macosx-11.0-arm64/wheel/./puremacro/lp
copying build/lib/puremacro/lp/garch_in_mean.py -> build/bdist.macosx-11.0-arm64/wheel/./puremacro/lp
copying build/lib/puremacro/lp/iv_helpers.py -> build/bdist.macosx-11.0-arm64/wheel/./puremacro/lp
copying build/lib/puremacro/lp/cce.py -> build/bdist.macosx-11.0-arm64/wheel/./puremacro/lp
creating build/bdist.macosx-11.0-arm64/wheel/puremacro/datasets
copying build/lib/puremacro/datasets/loaders.py -> build/bdist.macosx-11.0-arm64/wheel/./puremacro/datasets
copying build/lib/puremacro/datasets/__init__.py -> build/bdist.macosx-11.0-arm64/wheel/./puremacro/datasets
creating build/bdist.macosx-11.0-arm64/wheel/puremacro/datasets/data
copying build/lib/puremacro/datasets/data/GDPC1.csv -> build/bdist.macosx-11.0-arm64/wheel/./puremacro/datasets/data
copying build/lib/puremacro/datasets/data/A191RL1Q225SBEA.csv -> build/bdist.macosx-11.0-arm64/wheel/./puremacro/datasets/data
copying build/lib/puremacro/datasets/data/NFCI.csv -> build/bdist.macosx-11.0-arm64/wheel/./puremacro/datasets/data
copying build/lib/puremacro/datasets/data/tax14_narrative_tax_shocks.csv -> build/bdist.macosx-11.0-arm64/wheel/./puremacro/datasets/data
copying build/lib/puremacro/datasets/data/us_county_centroids.csv -> build/bdist.macosx-11.0-arm64/wheel/./puremacro/datasets/data
copying build/lib/puremacro/datasets/data/CPILFESL.csv -> build/bdist.macosx-11.0-arm64/wheel/./puremacro/datasets/data
copying build/lib/puremacro/datasets/data/UNRATE.csv -> build/bdist.macosx-11.0-arm64/wheel/./puremacro/datasets/data
copying build/lib/puremacro/datasets/data/banxico_stance_monthly.csv -> build/bdist.macosx-11.0-arm64/wheel/./puremacro/datasets/data
copying build/lib/puremacro/datasets/data/GPDIC1.csv -> build/bdist.macosx-11.0-arm64/wheel/./puremacro/datasets/data
copying build/lib/puremacro/datasets/data/CPIAUCSL.csv -> build/bdist.macosx-11.0-arm64/wheel/./puremacro/datasets/data
copying build/lib/puremacro/datasets/data/gali1999.csv -> build/bdist.macosx-11.0-arm64/wheel/./puremacro/datasets/data
copying build/lib/puremacro/datasets/data/FEDFUNDS.csv -> build/bdist.macosx-11.0-arm64/wheel/./puremacro/datasets/data
copying build/lib/puremacro/datasets/data/us_state_centroids.csv -> build/bdist.macosx-11.0-arm64/wheel/./puremacro/datasets/data
copying build/lib/puremacro/regimes.py -> build/bdist.macosx-11.0-arm64/wheel/./puremacro
creating build/bdist.macosx-11.0-arm64/wheel/puremacro/runtime
copying build/lib/puremacro/runtime/store.py -> build/bdist.macosx-11.0-arm64/wheel/./puremacro/runtime
copying build/lib/puremacro/runtime/_capabilities.py -> build/bdist.macosx-11.0-arm64/wheel/./puremacro/runtime
copying build/lib/puremacro/runtime/transport.py -> build/bdist.macosx-11.0-arm64/wheel/./puremacro/runtime
copying build/lib/puremacro/runtime/budget.py -> build/bdist.macosx-11.0-arm64/wheel/./puremacro/runtime
copying build/lib/puremacro/runtime/colab.py -> build/bdist.macosx-11.0-arm64/wheel/./puremacro/runtime
copying build/lib/puremacro/runtime/__init__.py -> build/bdist.macosx-11.0-arm64/wheel/./puremacro/runtime
creating build/bdist.macosx-11.0-arm64/wheel/puremacro/tests
copying build/lib/puremacro/tests/test_capital.py -> build/bdist.macosx-11.0-arm64/wheel/./puremacro/tests
creating build/bdist.macosx-11.0-arm64/wheel/puremacro/tests/test_var
copying build/lib/puremacro/tests/test_var/test_proxy_axis.py -> build/bdist.macosx-11.0-arm64/wheel/./puremacro/tests/test_var
copying build/lib/puremacro/tests/test_var/__init__.py -> build/bdist.macosx-11.0-arm64/wheel/./puremacro/tests/test_var
copying build/lib/puremacro/tests/__init__.py -> build/bdist.macosx-11.0-arm64/wheel/./puremacro/tests
copying build/lib/puremacro/tests/unit_root.py -> build/bdist.macosx-11.0-arm64/wheel/./puremacro/tests
copying build/lib/puremacro/tests/breaks.py -> build/bdist.macosx-11.0-arm64/wheel/./puremacro/tests
copying build/lib/puremacro/tests/test_build_panel.py -> build/bdist.macosx-11.0-arm64/wheel/./puremacro/tests
creating build/bdist.macosx-11.0-arm64/wheel/puremacro/volatility
copying build/lib/puremacro/volatility/diagnostics.py -> build/bdist.macosx-11.0-arm64/wheel/./puremacro/volatility
copying build/lib/puremacro/volatility/range.py -> build/bdist.macosx-11.0-arm64/wheel/./puremacro/volatility
copying build/lib/puremacro/volatility/__init__.py -> build/bdist.macosx-11.0-arm64/wheel/./puremacro/volatility
copying build/lib/puremacro/volatility/sigma.py -> build/bdist.macosx-11.0-arm64/wheel/./puremacro/volatility
copying build/lib/puremacro/volatility/multivariate.py -> build/bdist.macosx-11.0-arm64/wheel/./puremacro/volatility
copying build/lib/puremacro/volatility/har.py -> build/bdist.macosx-11.0-arm64/wheel/./puremacro/volatility
copying build/lib/puremacro/midas.py -> build/bdist.macosx-11.0-arm64/wheel/./puremacro
creating build/bdist.macosx-11.0-arm64/wheel/puremacro/narrative
copying build/lib/puremacro/narrative/aggregate.py -> build/bdist.macosx-11.0-arm64/wheel/./puremacro/narrative
creating build/bdist.macosx-11.0-arm64/wheel/puremacro/narrative/indices
copying build/lib/puremacro/narrative/indices/epu.py -> build/bdist.macosx-11.0-arm64/wheel/./puremacro/narrative/indices
copying build/lib/puremacro/narrative/indices/_mnl_kernel.py -> build/bdist.macosx-11.0-arm64/wheel/./puremacro/narrative/indices
copying build/lib/puremacro/narrative/indices/_embedding_kernel.py -> build/bdist.macosx-11.0-arm64/wheel/./puremacro/narrative/indices
copying build/lib/puremacro/narrative/indices/eu_legislative.py -> build/bdist.macosx-11.0-arm64/wheel/./puremacro/narrative/indices
copying build/lib/puremacro/narrative/indices/gpr.py -> build/bdist.macosx-11.0-arm64/wheel/./puremacro/narrative/indices
copying build/lib/puremacro/narrative/indices/_fed_districts.py -> build/bdist.macosx-11.0-arm64/wheel/./puremacro/narrative/indices
copying build/lib/puremacro/narrative/indices/wui.py -> build/bdist.macosx-11.0-arm64/wheel/./puremacro/narrative/indices
copying build/lib/puremacro/narrative/indices/tone.py -> build/bdist.macosx-11.0-arm64/wheel/./puremacro/narrative/indices
copying build/lib/puremacro/narrative/indices/lwui.py -> build/bdist.macosx-11.0-arm64/wheel/./puremacro/narrative/indices
copying build/lib/puremacro/narrative/indices/beige_book.py -> build/bdist.macosx-11.0-arm64/wheel/./puremacro/narrative/indices
copying build/lib/puremacro/narrative/indices/__init__.py -> build/bdist.macosx-11.0-arm64/wheel/./puremacro/narrative/indices
copying build/lib/puremacro/narrative/indices/mpu.py -> build/bdist.macosx-11.0-arm64/wheel/./puremacro/narrative/indices
copying build/lib/puremacro/narrative/indices/lui.py -> build/bdist.macosx-11.0-arm64/wheel/./puremacro/narrative/indices
copying build/lib/puremacro/narrative/indices/ltui.py -> build/bdist.macosx-11.0-arm64/wheel/./puremacro/narrative/indices
copying build/lib/puremacro/narrative/indices/_llm_kernel.py -> build/bdist.macosx-11.0-arm64/wheel/./puremacro/narrative/indices
copying build/lib/puremacro/narrative/indices/_kernels.py -> build/bdist.macosx-11.0-arm64/wheel/./puremacro/narrative/indices
copying build/lib/puremacro/narrative/indices/bluesky.py -> build/bdist.macosx-11.0-arm64/wheel/./puremacro/narrative/indices
copying build/lib/puremacro/narrative/indices/_lexicons_expanded.py -> build/bdist.macosx-11.0-arm64/wheel/./puremacro/narrative/indices
copying build/lib/puremacro/narrative/indices/_lexicons.py -> build/bdist.macosx-11.0-arm64/wheel/./puremacro/narrative/indices
copying build/lib/puremacro/narrative/indices/us_executive.py -> build/bdist.macosx-11.0-arm64/wheel/./puremacro/narrative/indices
copying build/lib/puremacro/narrative/indices/cross_source.py -> build/bdist.macosx-11.0-arm64/wheel/./puremacro/narrative/indices
copying build/lib/puremacro/narrative/classifier.py -> build/bdist.macosx-11.0-arm64/wheel/./puremacro/narrative
copying build/lib/puremacro/narrative/crowd_expert.py -> build/bdist.macosx-11.0-arm64/wheel/./puremacro/narrative
creating build/bdist.macosx-11.0-arm64/wheel/puremacro/narrative/quality
copying build/lib/puremacro/narrative/quality/surprise_filter.py -> build/bdist.macosx-11.0-arm64/wheel/./puremacro/narrative/quality
copying build/lib/puremacro/narrative/quality/schedule_estimator.py -> build/bdist.macosx-11.0-arm64/wheel/./puremacro/narrative/quality
copying build/lib/puremacro/narrative/quality/__init__.py -> build/bdist.macosx-11.0-arm64/wheel/./puremacro/narrative/quality
copying build/lib/puremacro/narrative/quality/pipeline.py -> build/bdist.macosx-11.0-arm64/wheel/./puremacro/narrative/quality
copying build/lib/puremacro/narrative/quality/magnitude_harmonizer.py -> build/bdist.macosx-11.0-arm64/wheel/./puremacro/narrative/quality
copying build/lib/puremacro/narrative/quality/target_auditor.py -> build/bdist.macosx-11.0-arm64/wheel/./puremacro/narrative/quality
copying build/lib/puremacro/narrative/_signal_quality.py -> build/bdist.macosx-11.0-arm64/wheel/./puremacro/narrative
copying build/lib/puremacro/narrative/anomalies.py -> build/bdist.macosx-11.0-arm64/wheel/./puremacro/narrative
copying build/lib/puremacro/narrative/__init__.py -> build/bdist.macosx-11.0-arm64/wheel/./puremacro/narrative
copying build/lib/puremacro/narrative/types.py -> build/bdist.macosx-11.0-arm64/wheel/./puremacro/narrative
copying build/lib/puremacro/narrative/validate.py -> build/bdist.macosx-11.0-arm64/wheel/./puremacro/narrative
copying build/lib/puremacro/narrative/dedup.py -> build/bdist.macosx-11.0-arm64/wheel/./puremacro/narrative
copying build/lib/puremacro/narrative/topics.py -> build/bdist.macosx-11.0-arm64/wheel/./puremacro/narrative
copying build/lib/puremacro/narrative/harvest.py -> build/bdist.macosx-11.0-arm64/wheel/./puremacro/narrative
copying build/lib/puremacro/narrative/_local_engines.py -> build/bdist.macosx-11.0-arm64/wheel/./puremacro/narrative
creating build/bdist.macosx-11.0-arm64/wheel/puremacro/narrative/scoring
copying build/lib/puremacro/narrative/scoring/__init__.py -> build/bdist.macosx-11.0-arm64/wheel/./puremacro/narrative/scoring
copying build/lib/puremacro/narrative/scoring/llm.py -> build/bdist.macosx-11.0-arm64/wheel/./puremacro/narrative/scoring
copying build/lib/puremacro/narrative/scoring/manual.py -> build/bdist.macosx-11.0-arm64/wheel/./puremacro/narrative/scoring
copying build/lib/puremacro/narrative/scoring/multilingual.py -> build/bdist.macosx-11.0-arm64/wheel/./puremacro/narrative/scoring
copying build/lib/puremacro/narrative/scoring/lexicons_es.py -> build/bdist.macosx-11.0-arm64/wheel/./puremacro/narrative/scoring
copying build/lib/puremacro/narrative/scoring/keyword.py -> build/bdist.macosx-11.0-arm64/wheel/./puremacro/narrative/scoring
copying build/lib/puremacro/narrative/scoring/explain.py -> build/bdist.macosx-11.0-arm64/wheel/./puremacro/narrative/scoring
creating build/bdist.macosx-11.0-arm64/wheel/puremacro/narrative/sources
copying build/lib/puremacro/narrative/sources/_schema.py -> build/bdist.macosx-11.0-arm64/wheel/./puremacro/narrative/sources
copying build/lib/puremacro/narrative/sources/ca_dof.py -> build/bdist.macosx-11.0-arm64/wheel/./puremacro/narrative/sources
copying build/lib/puremacro/narrative/sources/_speeches.py -> build/bdist.macosx-11.0-arm64/wheel/./puremacro/narrative/sources
copying build/lib/puremacro/narrative/sources/ecb_decision.py -> build/bdist.macosx-11.0-arm64/wheel/./puremacro/narrative/sources
copying build/lib/puremacro/narrative/sources/uk_obr.py -> build/bdist.macosx-11.0-arm64/wheel/./puremacro/narrative/sources
copying build/lib/puremacro/narrative/sources/_playwright_helper.py -> build/bdist.macosx-11.0-arm64/wheel/./puremacro/narrative/sources
copying build/lib/puremacro/narrative/sources/hackernews.py -> build/bdist.macosx-11.0-arm64/wheel/./puremacro/narrative/sources
copying build/lib/puremacro/narrative/sources/fed_speeches.py -> build/bdist.macosx-11.0-arm64/wheel/./puremacro/narrative/sources
copying build/lib/puremacro/narrative/sources/_schema_check.py -> build/bdist.macosx-11.0-arm64/wheel/./puremacro/narrative/sources
copying build/lib/puremacro/narrative/sources/nber_wp.py -> build/bdist.macosx-11.0-arm64/wheel/./puremacro/narrative/sources
copying build/lib/puremacro/narrative/sources/eu_eurlex.py -> build/bdist.macosx-11.0-arm64/wheel/./puremacro/narrative/sources
copying build/lib/puremacro/narrative/sources/transcripts.py -> build/bdist.macosx-11.0-arm64/wheel/./puremacro/narrative/sources
copying build/lib/puremacro/narrative/sources/ecb_minutes.py -> build/bdist.macosx-11.0-arm64/wheel/./puremacro/narrative/sources
copying build/lib/puremacro/narrative/sources/bcb.py -> build/bdist.macosx-11.0-arm64/wheel/./puremacro/narrative/sources
copying build/lib/puremacro/narrative/sources/imf_articleiv.py -> build/bdist.macosx-11.0-arm64/wheel/./puremacro/narrative/sources
copying build/lib/puremacro/narrative/sources/us_cbo.py -> build/bdist.macosx-11.0-arm64/wheel/./puremacro/narrative/sources
copying build/lib/puremacro/narrative/sources/bcra.py -> build/bdist.macosx-11.0-arm64/wheel/./puremacro/narrative/sources
copying build/lib/puremacro/narrative/sources/ecb_press_conf.py -> build/bdist.macosx-11.0-arm64/wheel/./puremacro/narrative/sources
copying build/lib/puremacro/narrative/sources/_telemetry.py -> build/bdist.macosx-11.0-arm64/wheel/./puremacro/narrative/sources
copying build/lib/puremacro/narrative/sources/_rss_filtered.py -> build/bdist.macosx-11.0-arm64/wheel/./puremacro/narrative/sources
copying build/lib/puremacro/narrative/sources/health.py -> build/bdist.macosx-11.0-arm64/wheel/./puremacro/narrative/sources
copying build/lib/puremacro/narrative/sources/bi.py -> build/bdist.macosx-11.0-arm64/wheel/./puremacro/narrative/sources
copying build/lib/puremacro/narrative/sources/ecb_speeches.py -> build/bdist.macosx-11.0-arm64/wheel/./puremacro/narrative/sources
copying build/lib/puremacro/narrative/sources/uk_hmt.py -> build/bdist.macosx-11.0-arm64/wheel/./puremacro/narrative/sources
copying build/lib/puremacro/narrative/sources/_ratedoc.py -> build/bdist.macosx-11.0-arm64/wheel/./puremacro/narrative/sources
copying build/lib/puremacro/narrative/sources/_http.py -> build/bdist.macosx-11.0-arm64/wheel/./puremacro/narrative/sources
copying build/lib/puremacro/narrative/sources/ecb_press.py -> build/bdist.macosx-11.0-arm64/wheel/./puremacro/narrative/sources
copying build/lib/puremacro/narrative/sources/us_warn.py -> build/bdist.macosx-11.0-arm64/wheel/./puremacro/narrative/sources
copying build/lib/puremacro/narrative/sources/_extractors.py -> build/bdist.macosx-11.0-arm64/wheel/./puremacro/narrative/sources
copying build/lib/puremacro/narrative/sources/beige_book.py -> build/bdist.macosx-11.0-arm64/wheel/./puremacro/narrative/sources
copying build/lib/puremacro/narrative/sources/frdb_strikes.py -> build/bdist.macosx-11.0-arm64/wheel/./puremacro/narrative/sources
copying build/lib/puremacro/narrative/sources/fed_decision.py -> build/bdist.macosx-11.0-arm64/wheel/./puremacro/narrative/sources
copying build/lib/puremacro/narrative/sources/news_api.py -> build/bdist.macosx-11.0-arm64/wheel/./puremacro/narrative/sources
copying build/lib/puremacro/narrative/sources/bsp.py -> build/bdist.macosx-11.0-arm64/wheel/./puremacro/narrative/sources
copying build/lib/puremacro/narrative/sources/jp_mof.py -> build/bdist.macosx-11.0-arm64/wheel/./puremacro/narrative/sources
copying build/lib/puremacro/narrative/sources/us_dod_contracts.py -> build/bdist.macosx-11.0-arm64/wheel/./puremacro/narrative/sources
copying build/lib/puremacro/narrative/sources/mas.py -> build/bdist.macosx-11.0-arm64/wheel/./puremacro/narrative/sources
copying build/lib/puremacro/narrative/sources/us_sotu.py -> build/bdist.macosx-11.0-arm64/wheel/./puremacro/narrative/sources
copying build/lib/puremacro/narrative/sources/bok.py -> build/bdist.macosx-11.0-arm64/wheel/./puremacro/narrative/sources
copying build/lib/puremacro/narrative/sources/__init__.py -> build/bdist.macosx-11.0-arm64/wheel/./puremacro/narrative/sources
copying build/lib/puremacro/narrative/sources/fed_press_conf.py -> build/bdist.macosx-11.0-arm64/wheel/./puremacro/narrative/sources
copying build/lib/puremacro/narrative/sources/boe_minutes.py -> build/bdist.macosx-11.0-arm64/wheel/./puremacro/narrative/sources
copying build/lib/puremacro/narrative/sources/fed_minutes.py -> build/bdist.macosx-11.0-arm64/wheel/./puremacro/narrative/sources
copying build/lib/puremacro/narrative/sources/eu_ecfin.py -> build/bdist.macosx-11.0-arm64/wheel/./puremacro/narrative/sources
copying build/lib/puremacro/narrative/sources/rba.py -> build/bdist.macosx-11.0-arm64/wheel/./puremacro/narrative/sources
copying build/lib/puremacro/narrative/sources/imf_news.py -> build/bdist.macosx-11.0-arm64/wheel/./puremacro/narrative/sources
copying build/lib/puremacro/narrative/sources/banrep.py -> build/bdist.macosx-11.0-arm64/wheel/./puremacro/narrative/sources
copying build/lib/puremacro/narrative/sources/cbn.py -> build/bdist.macosx-11.0-arm64/wheel/./puremacro/narrative/sources
copying build/lib/puremacro/narrative/sources/boj_speeches.py -> build/bdist.macosx-11.0-arm64/wheel/./puremacro/narrative/sources
copying build/lib/puremacro/narrative/sources/pboc.py -> build/bdist.macosx-11.0-arm64/wheel/./puremacro/narrative/sources
copying build/lib/puremacro/narrative/sources/us_treasury.py -> build/bdist.macosx-11.0-arm64/wheel/./puremacro/narrative/sources
copying build/lib/puremacro/narrative/sources/bot.py -> build/bdist.macosx-11.0-arm64/wheel/./puremacro/narrative/sources
copying build/lib/puremacro/narrative/sources/boe_decision.py -> build/bdist.macosx-11.0-arm64/wheel/./puremacro/narrative/sources
copying build/lib/puremacro/narrative/sources/eu_parliament.py -> build/bdist.macosx-11.0-arm64/wheel/./puremacro/narrative/sources
copying build/lib/puremacro/narrative/sources/fr_tresor.py -> build/bdist.macosx-11.0-arm64/wheel/./puremacro/narrative/sources
copying build/lib/puremacro/narrative/sources/riksbank.py -> build/bdist.macosx-11.0-arm64/wheel/./puremacro/narrative/sources
copying build/lib/puremacro/narrative/sources/cbk.py -> build/bdist.macosx-11.0-arm64/wheel/./puremacro/narrative/sources
copying build/lib/puremacro/narrative/sources/bnm.py -> build/bdist.macosx-11.0-arm64/wheel/./puremacro/narrative/sources
copying build/lib/puremacro/narrative/sources/bccl.py -> build/bdist.macosx-11.0-arm64/wheel/./puremacro/narrative/sources
copying build/lib/puremacro/narrative/sources/_wayback.py -> build/bdist.macosx-11.0-arm64/wheel/./puremacro/narrative/sources
copying build/lib/puremacro/narrative/sources/it_mef.py -> build/bdist.macosx-11.0-arm64/wheel/./puremacro/narrative/sources
copying build/lib/puremacro/narrative/sources/oecd_surveys.py -> build/bdist.macosx-11.0-arm64/wheel/./puremacro/narrative/sources
copying build/lib/puremacro/narrative/sources/us_erp.py -> build/bdist.macosx-11.0-arm64/wheel/./puremacro/narrative/sources
copying build/lib/puremacro/narrative/sources/local_csv.py -> build/bdist.macosx-11.0-arm64/wheel/./puremacro/narrative/sources
copying build/lib/puremacro/narrative/sources/rbnz.py -> build/bdist.macosx-11.0-arm64/wheel/./puremacro/narrative/sources
copying build/lib/puremacro/narrative/sources/sec_edgar.py -> build/bdist.macosx-11.0-arm64/wheel/./puremacro/narrative/sources
copying build/lib/puremacro/narrative/sources/de_bmf.py -> build/bdist.macosx-11.0-arm64/wheel/./puremacro/narrative/sources
copying build/lib/puremacro/narrative/sources/boj_decision.py -> build/bdist.macosx-11.0-arm64/wheel/./puremacro/narrative/sources
copying build/lib/puremacro/narrative/sources/norges.py -> build/bdist.macosx-11.0-arm64/wheel/./puremacro/narrative/sources
copying build/lib/puremacro/narrative/sources/bluesky.py -> build/bdist.macosx-11.0-arm64/wheel/./puremacro/narrative/sources
copying build/lib/puremacro/narrative/sources/macro_blogs.py -> build/bdist.macosx-11.0-arm64/wheel/./puremacro/narrative/sources
copying build/lib/puremacro/narrative/sources/sarb.py -> build/bdist.macosx-11.0-arm64/wheel/./puremacro/narrative/sources
copying build/lib/puremacro/narrative/sources/boe_speeches.py -> build/bdist.macosx-11.0-arm64/wheel/./puremacro/narrative/sources
copying build/lib/puremacro/narrative/sources/_rss.py -> build/bdist.macosx-11.0-arm64/wheel/./puremacro/narrative/sources
copying build/lib/puremacro/narrative/sources/reddit.py -> build/bdist.macosx-11.0-arm64/wheel/./puremacro/narrative/sources
copying build/lib/puremacro/narrative/sources/_fallback.py -> build/bdist.macosx-11.0-arm64/wheel/./puremacro/narrative/sources
copying build/lib/puremacro/narrative/sources/us_federal_register.py -> build/bdist.macosx-11.0-arm64/wheel/./puremacro/narrative/sources
copying build/lib/puremacro/narrative/sources/banxico.py -> build/bdist.macosx-11.0-arm64/wheel/./puremacro/narrative/sources
copying build/lib/puremacro/narrative/sources/bis_speeches.py -> build/bdist.macosx-11.0-arm64/wheel/./puremacro/narrative/sources
copying build/lib/puremacro/narrative/sources/rbi.py -> build/bdist.macosx-11.0-arm64/wheel/./puremacro/narrative/sources
copying build/lib/puremacro/narrative/sources/google_news.py -> build/bdist.macosx-11.0-arm64/wheel/./puremacro/narrative/sources
copying build/lib/puremacro/narrative/sources/cbe.py -> build/bdist.macosx-11.0-arm64/wheel/./puremacro/narrative/sources
creating build/bdist.macosx-11.0-arm64/wheel/puremacro/narrative/replication
copying build/lib/puremacro/narrative/replication/mertens_ravn_2013.py -> build/bdist.macosx-11.0-arm64/wheel/./puremacro/narrative/replication
copying build/lib/puremacro/narrative/replication/eu_nms_2023_consolidations.py -> build/bdist.macosx-11.0-arm64/wheel/./puremacro/narrative/replication
copying build/lib/puremacro/narrative/replication/romer_romer_2017.py -> build/bdist.macosx-11.0-arm64/wheel/./puremacro/narrative/replication
copying build/lib/puremacro/narrative/replication/dglp_2011_consolidations.py -> build/bdist.macosx-11.0-arm64/wheel/./puremacro/narrative/replication
copying build/lib/puremacro/narrative/replication/ramey_2011_defense.py -> build/bdist.macosx-11.0-arm64/wheel/./puremacro/narrative/replication
copying build/lib/puremacro/narrative/replication/imf_covid_2022_announcements.py -> build/bdist.macosx-11.0-arm64/wheel/./puremacro/narrative/replication
copying build/lib/puremacro/narrative/replication/__init__.py -> build/bdist.macosx-11.0-arm64/wheel/./puremacro/narrative/replication
copying build/lib/puremacro/narrative/replication/devries_2011_consolidations.py -> build/bdist.macosx-11.0-arm64/wheel/./puremacro/narrative/replication
copying build/lib/puremacro/narrative/replication/guajardo_2011_aeipf.py -> build/bdist.macosx-11.0-arm64/wheel/./puremacro/narrative/replication
copying build/lib/puremacro/narrative/replication/romer_romer_2010.py -> build/bdist.macosx-11.0-arm64/wheel/./puremacro/narrative/replication
copying build/lib/puremacro/narrative/replication/mitchell_historical.py -> build/bdist.macosx-11.0-arm64/wheel/./puremacro/narrative/replication
copying build/lib/puremacro/narrative/replication/cloyne_2013_uk.py -> build/bdist.macosx-11.0-arm64/wheel/./puremacro/narrative/replication
copying build/lib/puremacro/narrative/replication/_within_year.py -> build/bdist.macosx-11.0-arm64/wheel/./puremacro/narrative/replication
copying build/lib/puremacro/narrative/replication/adler_2024_consolidations.py -> build/bdist.macosx-11.0-arm64/wheel/./puremacro/narrative/replication
copying build/lib/puremacro/narrative/panel.py -> build/bdist.macosx-11.0-arm64/wheel/./puremacro/narrative
creating build/bdist.macosx-11.0-arm64/wheel/puremacro/narrative/validation
copying build/lib/puremacro/narrative/validation/stability.py -> build/bdist.macosx-11.0-arm64/wheel/./puremacro/narrative/validation
copying build/lib/puremacro/narrative/validation/external_benchmarks.py -> build/bdist.macosx-11.0-arm64/wheel/./puremacro/narrative/validation
copying build/lib/puremacro/narrative/validation/gap_filler.py -> build/bdist.macosx-11.0-arm64/wheel/./puremacro/narrative/validation
copying build/lib/puremacro/narrative/validation/spec_curve.py -> build/bdist.macosx-11.0-arm64/wheel/./puremacro/narrative/validation
copying build/lib/puremacro/narrative/validation/__init__.py -> build/bdist.macosx-11.0-arm64/wheel/./puremacro/narrative/validation
copying build/lib/puremacro/narrative/validation/report.py -> build/bdist.macosx-11.0-arm64/wheel/./puremacro/narrative/validation
copying build/lib/puremacro/cache.py -> build/bdist.macosx-11.0-arm64/wheel/./puremacro
copying build/lib/puremacro/__init__.py -> build/bdist.macosx-11.0-arm64/wheel/./puremacro
creating build/bdist.macosx-11.0-arm64/wheel/puremacro/var
copying build/lib/puremacro/var/bootstrap.py -> build/bdist.macosx-11.0-arm64/wheel/./puremacro/var
creating build/bdist.macosx-11.0-arm64/wheel/puremacro/var/identify
copying build/lib/puremacro/var/identify/magmav.py -> build/bdist.macosx-11.0-arm64/wheel/./puremacro/var/identify
copying build/lib/puremacro/var/identify/_results.py -> build/bdist.macosx-11.0-arm64/wheel/./puremacro/var/identify
copying build/lib/puremacro/var/identify/proxy.py -> build/bdist.macosx-11.0-arm64/wheel/./puremacro/var/identify
copying build/lib/puremacro/var/identify/bq.py -> build/bdist.macosx-11.0-arm64/wheel/./puremacro/var/identify
copying build/lib/puremacro/var/identify/cholesky.py -> build/bdist.macosx-11.0-arm64/wheel/./puremacro/var/identify
copying build/lib/puremacro/var/identify/__init__.py -> build/bdist.macosx-11.0-arm64/wheel/./puremacro/var/identify
copying build/lib/puremacro/var/identify/non_gaussian.py -> build/bdist.macosx-11.0-arm64/wheel/./puremacro/var/identify
copying build/lib/puremacro/var/identify/maxshare.py -> build/bdist.macosx-11.0-arm64/wheel/./puremacro/var/identify
copying build/lib/puremacro/var/identify/narrative_sign.py -> build/bdist.macosx-11.0-arm64/wheel/./puremacro/var/identify
copying build/lib/puremacro/var/identify/sign_robust.py -> build/bdist.macosx-11.0-arm64/wheel/./puremacro/var/identify
copying build/lib/puremacro/var/identify/hetero.py -> build/bdist.macosx-11.0-arm64/wheel/./puremacro/var/identify
copying build/lib/puremacro/var/identify/sign.py -> build/bdist.macosx-11.0-arm64/wheel/./puremacro/var/identify
copying build/lib/puremacro/var/identify/panel.py -> build/bdist.macosx-11.0-arm64/wheel/./puremacro/var/identify
copying build/lib/puremacro/var/identify/sign_zero.py -> build/bdist.macosx-11.0-arm64/wheel/./puremacro/var/identify
copying build/lib/puremacro/var/gvar.py -> build/bdist.macosx-11.0-arm64/wheel/./puremacro/var
copying build/lib/puremacro/var/_results.py -> build/bdist.macosx-11.0-arm64/wheel/./puremacro/var
copying build/lib/puremacro/var/favar.py -> build/bdist.macosx-11.0-arm64/wheel/./puremacro/var
copying build/lib/puremacro/var/diagnostics.py -> build/bdist.macosx-11.0-arm64/wheel/./puremacro/var
copying build/lib/puremacro/var/__init__.py -> build/bdist.macosx-11.0-arm64/wheel/./puremacro/var
copying build/lib/puremacro/var/bvar.py -> build/bdist.macosx-11.0-arm64/wheel/./puremacro/var
copying build/lib/puremacro/var/vecm.py -> build/bdist.macosx-11.0-arm64/wheel/./puremacro/var
copying build/lib/puremacro/var/irf.py -> build/bdist.macosx-11.0-arm64/wheel/./puremacro/var
copying build/lib/puremacro/var/peak.py -> build/bdist.macosx-11.0-arm64/wheel/./puremacro/var
copying build/lib/puremacro/var/tvp.py -> build/bdist.macosx-11.0-arm64/wheel/./puremacro/var
copying build/lib/puremacro/var/estimate.py -> build/bdist.macosx-11.0-arm64/wheel/./puremacro/var
copying build/lib/puremacro/var/panel.py -> build/bdist.macosx-11.0-arm64/wheel/./puremacro/var
creating build/bdist.macosx-11.0-arm64/wheel/puremacro/var/regime
copying build/lib/puremacro/var/regime/tvecm.py -> build/bdist.macosx-11.0-arm64/wheel/./puremacro/var/regime
copying build/lib/puremacro/var/regime/__init__.py -> build/bdist.macosx-11.0-arm64/wheel/./puremacro/var/regime
copying build/lib/puremacro/var/regime/threshold.py -> build/bdist.macosx-11.0-arm64/wheel/./puremacro/var/regime
copying build/lib/puremacro/var/regime/ms_var.py -> build/bdist.macosx-11.0-arm64/wheel/./puremacro/var/regime
copying build/lib/puremacro/var/regime/girf.py -> build/bdist.macosx-11.0-arm64/wheel/./puremacro/var/regime
copying build/lib/puremacro/var/bvar_sv.py -> build/bdist.macosx-11.0-arm64/wheel/./puremacro/var
copying build/lib/puremacro/labor_share.py -> build/bdist.macosx-11.0-arm64/wheel/./puremacro
copying build/lib/puremacro/financial_panel.py -> build/bdist.macosx-11.0-arm64/wheel/./puremacro
creating build/bdist.macosx-11.0-arm64/wheel/puremacro/longrun
copying build/lib/puremacro/longrun/__init__.py -> build/bdist.macosx-11.0-arm64/wheel/./puremacro/longrun
copying build/lib/puremacro/longrun/_job.py -> build/bdist.macosx-11.0-arm64/wheel/./puremacro/longrun
copying build/lib/puremacro/_linalg.py -> build/bdist.macosx-11.0-arm64/wheel/./puremacro
copying build/lib/puremacro/labor_flows_enoe.py -> build/bdist.macosx-11.0-arm64/wheel/./puremacro
copying build/lib/puremacro/bis_neer.py -> build/bdist.macosx-11.0-arm64/wheel/./puremacro
creating build/bdist.macosx-11.0-arm64/wheel/puremacro/models
copying build/lib/puremacro/models/trade_policy.py -> build/bdist.macosx-11.0-arm64/wheel/./puremacro/models
copying build/lib/puremacro/models/smm.py -> build/bdist.macosx-11.0-arm64/wheel/./puremacro/models
copying build/lib/puremacro/models/monetary_transmission.py -> build/bdist.macosx-11.0-arm64/wheel/./puremacro/models
copying build/lib/puremacro/models/dmp_regime_dependent.py -> build/bdist.macosx-11.0-arm64/wheel/./puremacro/models
copying build/lib/puremacro/models/__init__.py -> build/bdist.macosx-11.0-arm64/wheel/./puremacro/models
copying build/lib/puremacro/models/hank_sequence_space.py -> build/bdist.macosx-11.0-arm64/wheel/./puremacro/models
creating build/bdist.macosx-11.0-arm64/wheel/puremacro/models/nested_dmp
copying build/lib/puremacro/models/nested_dmp/params.py -> build/bdist.macosx-11.0-arm64/wheel/./puremacro/models/nested_dmp
copying build/lib/puremacro/models/nested_dmp/backend.py -> build/bdist.macosx-11.0-arm64/wheel/./puremacro/models/nested_dmp
copying build/lib/puremacro/models/nested_dmp/equilibrium.py -> build/bdist.macosx-11.0-arm64/wheel/./puremacro/models/nested_dmp
copying build/lib/puremacro/models/nested_dmp/kernels_numba.py -> build/bdist.macosx-11.0-arm64/wheel/./puremacro/models/nested_dmp
copying build/lib/puremacro/models/nested_dmp/estimation.py -> build/bdist.macosx-11.0-arm64/wheel/./puremacro/models/nested_dmp
copying build/lib/puremacro/models/nested_dmp/__init__.py -> build/bdist.macosx-11.0-arm64/wheel/./puremacro/models/nested_dmp
copying build/lib/puremacro/models/nested_dmp/kernels.py -> build/bdist.macosx-11.0-arm64/wheel/./puremacro/models/nested_dmp
copying build/lib/puremacro/models/nested_dmp/welfare.py -> build/bdist.macosx-11.0-arm64/wheel/./puremacro/models/nested_dmp
copying build/lib/puremacro/models/nested_dmp/dynamics.py -> build/bdist.macosx-11.0-arm64/wheel/./puremacro/models/nested_dmp
copying build/lib/puremacro/long_panel.py -> build/bdist.macosx-11.0-arm64/wheel/./puremacro
copying build/lib/puremacro/_data_helpers.py -> build/bdist.macosx-11.0-arm64/wheel/./puremacro
copying build/lib/puremacro/labor_flows.py -> build/bdist.macosx-11.0-arm64/wheel/./puremacro
creating build/bdist.macosx-11.0-arm64/wheel/puremacro/connectedness
copying build/lib/puremacro/connectedness/bk2018.py -> build/bdist.macosx-11.0-arm64/wheel/./puremacro/connectedness
copying build/lib/puremacro/connectedness/__init__.py -> build/bdist.macosx-11.0-arm64/wheel/./puremacro/connectedness
copying build/lib/puremacro/connectedness/diebold_yilmaz.py -> build/bdist.macosx-11.0-arm64/wheel/./puremacro/connectedness
copying build/lib/puremacro/regime_dates.py -> build/bdist.macosx-11.0-arm64/wheel/./puremacro
copying build/lib/puremacro/cycles.py -> build/bdist.macosx-11.0-arm64/wheel/./puremacro
creating build/bdist.macosx-11.0-arm64/wheel/puremacro/sigma
copying build/lib/puremacro/sigma/__init__.py -> build/bdist.macosx-11.0-arm64/wheel/./puremacro/sigma
copying build/lib/puremacro/sigma/shapley.py -> build/bdist.macosx-11.0-arm64/wheel/./puremacro/sigma
copying build/lib/puremacro/sigma/sigma_numpy.py -> build/bdist.macosx-11.0-arm64/wheel/./puremacro/sigma
copying build/lib/puremacro/_cache_db.py -> build/bdist.macosx-11.0-arm64/wheel/./puremacro
copying build/lib/puremacro/experiment.py -> build/bdist.macosx-11.0-arm64/wheel/./puremacro
creating build/bdist.macosx-11.0-arm64/wheel/puremacro/sa
copying build/lib/puremacro/sa/_airline.py -> build/bdist.macosx-11.0-arm64/wheel/./puremacro/sa
copying build/lib/puremacro/sa/x13.py -> build/bdist.macosx-11.0-arm64/wheel/./puremacro/sa
copying build/lib/puremacro/sa/__init__.py -> build/bdist.macosx-11.0-arm64/wheel/./puremacro/sa
copying build/lib/puremacro/sa/stl.py -> build/bdist.macosx-11.0-arm64/wheel/./puremacro/sa
copying build/lib/puremacro/sa/x11.py -> build/bdist.macosx-11.0-arm64/wheel/./puremacro/sa
creating build/bdist.macosx-11.0-arm64/wheel/puremacro/fetch
copying build/lib/puremacro/fetch/cdc_socrata_natality.py -> build/bdist.macosx-11.0-arm64/wheel/./puremacro/fetch
copying build/lib/puremacro/fetch/kenfrench_industry.py -> build/bdist.macosx-11.0-arm64/wheel/./puremacro/fetch
copying build/lib/puremacro/fetch/epu.py -> build/bdist.macosx-11.0-arm64/wheel/./puremacro/fetch
copying build/lib/puremacro/fetch/jolts.py -> build/bdist.macosx-11.0-arm64/wheel/./puremacro/fetch
copying build/lib/puremacro/fetch/labor_eurostat.py -> build/bdist.macosx-11.0-arm64/wheel/./puremacro/fetch
copying build/lib/puremacro/fetch/energy_transition.py -> build/bdist.macosx-11.0-arm64/wheel/./puremacro/fetch
copying build/lib/puremacro/fetch/oecd_qna_expenditure.py -> build/bdist.macosx-11.0-arm64/wheel/./puremacro/fetch
copying build/lib/puremacro/fetch/_oecd_sdmx.py -> build/bdist.macosx-11.0-arm64/wheel/./puremacro/fetch
copying build/lib/puremacro/fetch/fernald.py -> build/bdist.macosx-11.0-arm64/wheel/./puremacro/fetch
copying build/lib/puremacro/fetch/imf_ifs.py -> build/bdist.macosx-11.0-arm64/wheel/./puremacro/fetch
copying build/lib/puremacro/fetch/state_industry_panel.py -> build/bdist.macosx-11.0-arm64/wheel/./puremacro/fetch
copying build/lib/puremacro/fetch/gpr.py -> build/bdist.macosx-11.0-arm64/wheel/./puremacro/fetch
copying build/lib/puremacro/fetch/wb_pink_sheet.py -> build/bdist.macosx-11.0-arm64/wheel/./puremacro/fetch
copying build/lib/puremacro/fetch/census_pep_births.py -> build/bdist.macosx-11.0-arm64/wheel/./puremacro/fetch
copying build/lib/puremacro/fetch/wui.py -> build/bdist.macosx-11.0-arm64/wheel/./puremacro/fetch
copying build/lib/puremacro/fetch/yahoo.py -> build/bdist.macosx-11.0-arm64/wheel/./puremacro/fetch
copying build/lib/puremacro/fetch/_http.py -> build/bdist.macosx-11.0-arm64/wheel/./puremacro/fetch
creating build/bdist.macosx-11.0-arm64/wheel/puremacro/fetch/longpanel
copying build/lib/puremacro/fetch/longpanel/_splice.py -> build/bdist.macosx-11.0-arm64/wheel/./puremacro/fetch/longpanel
copying build/lib/puremacro/fetch/longpanel/__init__.py -> build/bdist.macosx-11.0-arm64/wheel/./puremacro/fetch/longpanel
copying build/lib/puremacro/fetch/longpanel/esri_jp.py -> build/bdist.macosx-11.0-arm64/wheel/./puremacro/fetch/longpanel
copying build/lib/puremacro/fetch/longpanel/panel.py -> build/bdist.macosx-11.0-arm64/wheel/./puremacro/fetch/longpanel
copying build/lib/puremacro/fetch/longpanel/ine_es.py -> build/bdist.macosx-11.0-arm64/wheel/./puremacro/fetch/longpanel
copying build/lib/puremacro/fetch/fred_states.py -> build/bdist.macosx-11.0-arm64/wheel/./puremacro/fetch
copying build/lib/puremacro/fetch/vacancies_eurostat.py -> build/bdist.macosx-11.0-arm64/wheel/./puremacro/fetch
copying build/lib/puremacro/fetch/epu_states.py -> build/bdist.macosx-11.0-arm64/wheel/./puremacro/fetch
copying build/lib/puremacro/fetch/__init__.py -> build/bdist.macosx-11.0-arm64/wheel/./puremacro/fetch
copying build/lib/puremacro/fetch/epu_news_historical.py -> build/bdist.macosx-11.0-arm64/wheel/./puremacro/fetch
copying build/lib/puremacro/fetch/_hours.py -> build/bdist.macosx-11.0-arm64/wheel/./puremacro/fetch
copying build/lib/puremacro/fetch/laus.py -> build/bdist.macosx-11.0-arm64/wheel/./puremacro/fetch
copying build/lib/puremacro/fetch/oecd_qna_panel.py -> build/bdist.macosx-11.0-arm64/wheel/./puremacro/fetch
copying build/lib/puremacro/fetch/financial.py -> build/bdist.macosx-11.0-arm64/wheel/./puremacro/fetch
copying build/lib/puremacro/fetch/qna_vintages.py -> build/bdist.macosx-11.0-arm64/wheel/./puremacro/fetch
copying build/lib/puremacro/fetch/sdmx.py -> build/bdist.macosx-11.0-arm64/wheel/./puremacro/fetch
copying build/lib/puremacro/fetch/lmn.py -> build/bdist.macosx-11.0-arm64/wheel/./puremacro/fetch
creating build/bdist.macosx-11.0-arm64/wheel/puremacro/fetch/realtime
copying build/lib/puremacro/fetch/realtime/catalog.py -> build/bdist.macosx-11.0-arm64/wheel/./puremacro/fetch/realtime
copying build/lib/puremacro/fetch/realtime/alfred.py -> build/bdist.macosx-11.0-arm64/wheel/./puremacro/fetch/realtime
copying build/lib/puremacro/fetch/realtime/_base.py -> build/bdist.macosx-11.0-arm64/wheel/./puremacro/fetch/realtime
copying build/lib/puremacro/fetch/realtime/statcan.py -> build/bdist.macosx-11.0-arm64/wheel/./puremacro/fetch/realtime
copying build/lib/puremacro/fetch/realtime/ecb_rtd.py -> build/bdist.macosx-11.0-arm64/wheel/./puremacro/fetch/realtime
copying build/lib/puremacro/fetch/realtime/cartridge.py -> build/bdist.macosx-11.0-arm64/wheel/./puremacro/fetch/realtime
copying build/lib/puremacro/fetch/realtime/bcb.py -> build/bdist.macosx-11.0-arm64/wheel/./puremacro/fetch/realtime
copying build/lib/puremacro/fetch/realtime/canary.py -> build/bdist.macosx-11.0-arm64/wheel/./puremacro/fetch/realtime
copying build/lib/puremacro/fetch/realtime/ons.py -> build/bdist.macosx-11.0-arm64/wheel/./puremacro/fetch/realtime
copying build/lib/puremacro/fetch/realtime/oecd_stes.py -> build/bdist.macosx-11.0-arm64/wheel/./puremacro/fetch/realtime
copying build/lib/puremacro/fetch/realtime/__init__.py -> build/bdist.macosx-11.0-arm64/wheel/./puremacro/fetch/realtime
copying build/lib/puremacro/fetch/realtime/seasonal.py -> build/bdist.macosx-11.0-arm64/wheel/./puremacro/fetch/realtime
copying build/lib/puremacro/fetch/realtime/inegi.py -> build/bdist.macosx-11.0-arm64/wheel/./puremacro/fetch/realtime
copying build/lib/puremacro/fetch/realtime/bcch.py -> build/bdist.macosx-11.0-arm64/wheel/./puremacro/fetch/realtime
copying build/lib/puremacro/fetch/realtime/_snapshot.py -> build/bdist.macosx-11.0-arm64/wheel/./puremacro/fetch/realtime
copying build/lib/puremacro/fetch/realtime/bundesbank.py -> build/bdist.macosx-11.0-arm64/wheel/./puremacro/fetch/realtime
copying build/lib/puremacro/fetch/realtime/panel.py -> build/bdist.macosx-11.0-arm64/wheel/./puremacro/fetch/realtime
copying build/lib/puremacro/fetch/realtime/banxico.py -> build/bdist.macosx-11.0-arm64/wheel/./puremacro/fetch/realtime
copying build/lib/puremacro/fetch/oecd_mei.py -> build/bdist.macosx-11.0-arm64/wheel/./puremacro/fetch
copying build/lib/puremacro/fetch/bea_industry_shares.py -> build/bdist.macosx-11.0-arm64/wheel/./puremacro/fetch
copying build/lib/puremacro/fetch/_static_tables.py -> build/bdist.macosx-11.0-arm64/wheel/./puremacro/fetch
copying build/lib/puremacro/fetch/qcew.py -> build/bdist.macosx-11.0-arm64/wheel/./puremacro/fetch
copying build/lib/puremacro/fetch/wui_extras.py -> build/bdist.macosx-11.0-arm64/wheel/./puremacro/fetch
copying build/lib/puremacro/fetch/commodities.py -> build/bdist.macosx-11.0-arm64/wheel/./puremacro/fetch
copying build/lib/puremacro/fetch/emissions.py -> build/bdist.macosx-11.0-arm64/wheel/./puremacro/fetch
copying build/lib/puremacro/fetch/fred.py -> build/bdist.macosx-11.0-arm64/wheel/./puremacro/fetch
copying build/lib/puremacro/fetch/_classic.py -> build/bdist.macosx-11.0-arm64/wheel/./puremacro/fetch
copying build/lib/puremacro/fetch/_seasonal.py -> build/bdist.macosx-11.0-arm64/wheel/./puremacro/fetch
copying build/lib/puremacro/fetch/hrs_mpu.py -> build/bdist.macosx-11.0-arm64/wheel/./puremacro/fetch
copying build/lib/puremacro/fetch/labor.py -> build/bdist.macosx-11.0-arm64/wheel/./puremacro/fetch
copying build/lib/puremacro/fetch/oecd.py -> build/bdist.macosx-11.0-arm64/wheel/./puremacro/fetch
copying build/lib/puremacro/fetch/oecd_energy.py -> build/bdist.macosx-11.0-arm64/wheel/./puremacro/fetch
copying build/lib/puremacro/fetch/ces_states.py -> build/bdist.macosx-11.0-arm64/wheel/./puremacro/fetch
copying build/lib/puremacro/fetch/bls_state_panel.py -> build/bdist.macosx-11.0-arm64/wheel/./puremacro/fetch
copying build/lib/puremacro/fetch/frb_phil_coincident.py -> build/bdist.macosx-11.0-arm64/wheel/./puremacro/fetch
copying build/lib/puremacro/fetch/labor_ilostat.py -> build/bdist.macosx-11.0-arm64/wheel/./puremacro/fetch
copying build/lib/puremacro/fetch/jln.py -> build/bdist.macosx-11.0-arm64/wheel/./puremacro/fetch
copying build/lib/puremacro/fetch/oecd_qna_local.py -> build/bdist.macosx-11.0-arm64/wheel/./puremacro/fetch
copying build/lib/puremacro/fetch/cdc_births_state.py -> build/bdist.macosx-11.0-arm64/wheel/./puremacro/fetch
copying build/lib/puremacro/fetch/oecd_ana_activity.py -> build/bdist.macosx-11.0-arm64/wheel/./puremacro/fetch
copying build/lib/puremacro/fetch/census_bfs.py -> build/bdist.macosx-11.0-arm64/wheel/./puremacro/fetch
copying build/lib/puremacro/fetch/oecd_qna_tools.py -> build/bdist.macosx-11.0-arm64/wheel/./puremacro/fetch
copying build/lib/puremacro/fetch/oecd_fx.py -> build/bdist.macosx-11.0-arm64/wheel/./puremacro/fetch
copying build/lib/puremacro/fetch/bea_cainc.py -> build/bdist.macosx-11.0-arm64/wheel/./puremacro/fetch
copying build/lib/puremacro/fetch/cdc_births_county.py -> build/bdist.macosx-11.0-arm64/wheel/./puremacro/fetch
copying build/lib/puremacro/mcmc.py -> build/bdist.macosx-11.0-arm64/wheel/./puremacro
creating build/bdist.macosx-11.0-arm64/wheel/puremacro/instruments
copying build/lib/puremacro/instruments/_catalog.py -> build/bdist.macosx-11.0-arm64/wheel/./puremacro/instruments
copying build/lib/puremacro/instruments/_compose.py -> build/bdist.macosx-11.0-arm64/wheel/./puremacro/instruments
creating build/bdist.macosx-11.0-arm64/wheel/puremacro/instruments/literature
copying build/lib/puremacro/instruments/literature/caldara_iacoviello_gpr.py -> build/bdist.macosx-11.0-arm64/wheel/./puremacro/instruments/literature
copying build/lib/puremacro/instruments/literature/__init__.py -> build/bdist.macosx-11.0-arm64/wheel/./puremacro/instruments/literature
copying build/lib/puremacro/instruments/literature/bbd_epu.py -> build/bdist.macosx-11.0-arm64/wheel/./puremacro/instruments/literature
copying build/lib/puremacro/instruments/literature/bloom_2009.py -> build/bdist.macosx-11.0-arm64/wheel/./puremacro/instruments/literature
copying build/lib/puremacro/instruments/literature/romer_romer_2004.py -> build/bdist.macosx-11.0-arm64/wheel/./puremacro/instruments/literature
copying build/lib/puremacro/instruments/literature/_helpers.py -> build/bdist.macosx-11.0-arm64/wheel/./puremacro/instruments/literature
copying build/lib/puremacro/instruments/__init__.py -> build/bdist.macosx-11.0-arm64/wheel/./puremacro/instruments
copying build/lib/puremacro/instruments/_registry.py -> build/bdist.macosx-11.0-arm64/wheel/./puremacro/instruments
copying build/lib/puremacro/instruments/_core.py -> build/bdist.macosx-11.0-arm64/wheel/./puremacro/instruments
creating build/bdist.macosx-11.0-arm64/wheel/puremacro/instruments/external
copying build/lib/puremacro/instruments/external/bis.py -> build/bdist.macosx-11.0-arm64/wheel/./puremacro/instruments/external
copying build/lib/puremacro/instruments/external/imf_weo.py -> build/bdist.macosx-11.0-arm64/wheel/./puremacro/instruments/external
copying build/lib/puremacro/instruments/external/__init__.py -> build/bdist.macosx-11.0-arm64/wheel/./puremacro/instruments/external
copying build/lib/puremacro/instruments/external/fred.py -> build/bdist.macosx-11.0-arm64/wheel/./puremacro/instruments/external
copying build/lib/puremacro/instruments/_helpers.py -> build/bdist.macosx-11.0-arm64/wheel/./puremacro/instruments
copying build/lib/puremacro/klems.py -> build/bdist.macosx-11.0-arm64/wheel/./puremacro
creating build/bdist.macosx-11.0-arm64/wheel/puremacro/plotting
copying build/lib/puremacro/plotting/__init__.py -> build/bdist.macosx-11.0-arm64/wheel/./puremacro/plotting
copying build/lib/puremacro/plotting/irf_plot.py -> build/bdist.macosx-11.0-arm64/wheel/./puremacro/plotting
copying build/lib/puremacro/plotting/bw_style.py -> build/bdist.macosx-11.0-arm64/wheel/./puremacro/plotting
creating build/bdist.macosx-11.0-arm64/wheel/puremacro/teaching
copying build/lib/puremacro/teaching/var_sm.py -> build/bdist.macosx-11.0-arm64/wheel/./puremacro/teaching
copying build/lib/puremacro/teaching/plot.py -> build/bdist.macosx-11.0-arm64/wheel/./puremacro/teaching
copying build/lib/puremacro/teaching/lp_sm.py -> build/bdist.macosx-11.0-arm64/wheel/./puremacro/teaching
copying build/lib/puremacro/teaching/data_states.py -> build/bdist.macosx-11.0-arm64/wheel/./puremacro/teaching
copying build/lib/puremacro/teaching/integration_checks.py -> build/bdist.macosx-11.0-arm64/wheel/./puremacro/teaching
copying build/lib/puremacro/teaching/__init__.py -> build/bdist.macosx-11.0-arm64/wheel/./puremacro/teaching
copying build/lib/puremacro/teaching/experiment.py -> build/bdist.macosx-11.0-arm64/wheel/./puremacro/teaching
copying build/lib/puremacro/teaching/recipes.py -> build/bdist.macosx-11.0-arm64/wheel/./puremacro/teaching
copying build/lib/puremacro/teaching/bartik.py -> build/bdist.macosx-11.0-arm64/wheel/./puremacro/teaching
copying build/lib/puremacro/teaching/svar_panel.py -> build/bdist.macosx-11.0-arm64/wheel/./puremacro/teaching
copying build/lib/puremacro/teaching/bartik_importance.py -> build/bdist.macosx-11.0-arm64/wheel/./puremacro/teaching
copying build/lib/puremacro/teaching/garch_iv.py -> build/bdist.macosx-11.0-arm64/wheel/./puremacro/teaching
copying build/lib/puremacro/teaching/bartik_research.py -> build/bdist.macosx-11.0-arm64/wheel/./puremacro/teaching
copying build/lib/puremacro/teaching/data_long.py -> build/bdist.macosx-11.0-arm64/wheel/./puremacro/teaching
copying build/lib/puremacro/teaching/bq_canonical.py -> build/bdist.macosx-11.0-arm64/wheel/./puremacro/teaching
copying build/lib/puremacro/teaching/panel_lm.py -> build/bdist.macosx-11.0-arm64/wheel/./puremacro/teaching
copying build/lib/puremacro/teaching/data.py -> build/bdist.macosx-11.0-arm64/wheel/./puremacro/teaching
copying build/lib/puremacro/teaching/garch_arch.py -> build/bdist.macosx-11.0-arm64/wheel/./puremacro/teaching
copying build/lib/puremacro/teaching/irf_scale.py -> build/bdist.macosx-11.0-arm64/wheel/./puremacro/teaching
creating build/bdist.macosx-11.0-arm64/wheel/puremacro/examples
copying build/lib/puremacro/examples/dsge_rbc_klein.py -> build/bdist.macosx-11.0-arm64/wheel/./puremacro/examples
copying build/lib/puremacro/examples/climate_dice_simulation.py -> build/bdist.macosx-11.0-arm64/wheel/./puremacro/examples
copying build/lib/puremacro/examples/garch_midas_macro_volatility.py -> build/bdist.macosx-11.0-arm64/wheel/./puremacro/examples
copying build/lib/puremacro/examples/narrative_indices_demo.py -> build/bdist.macosx-11.0-arm64/wheel/./puremacro/examples
copying build/lib/puremacro/examples/narrative_us_canonical_compare.py -> build/bdist.macosx-11.0-arm64/wheel/./puremacro/examples
copying build/lib/puremacro/examples/dsge_particle_filter_sv.py -> build/bdist.macosx-11.0-arm64/wheel/./puremacro/examples
copying build/lib/puremacro/examples/bandpass_cycles_comparison.py -> build/bdist.macosx-11.0-arm64/wheel/./puremacro/examples
copying build/lib/puremacro/examples/tvp_var_demo.py -> build/bdist.macosx-11.0-arm64/wheel/./puremacro/examples
copying build/lib/puremacro/examples/lp_smooth_demo.py -> build/bdist.macosx-11.0-arm64/wheel/./puremacro/examples
copying build/lib/puremacro/examples/narrative_ramey_2011.py -> build/bdist.macosx-11.0-arm64/wheel/./puremacro/examples
copying build/lib/puremacro/examples/forecast_density_eval.py -> build/bdist.macosx-11.0-arm64/wheel/./puremacro/examples
copying build/lib/puremacro/examples/labor_flows_demo.py -> build/bdist.macosx-11.0-arm64/wheel/./puremacro/examples
copying build/lib/puremacro/examples/narrative_g7_panel.py -> build/bdist.macosx-11.0-arm64/wheel/./puremacro/examples
copying build/lib/puremacro/examples/dsge_var_estimation.py -> build/bdist.macosx-11.0-arm64/wheel/./puremacro/examples
copying build/lib/puremacro/examples/dsge_fertility_demo.py -> build/bdist.macosx-11.0-arm64/wheel/./puremacro/examples
copying build/lib/puremacro/examples/dsge_markov_switching.py -> build/bdist.macosx-11.0-arm64/wheel/./puremacro/examples
copying build/lib/puremacro/examples/gali_1999_hours.py -> build/bdist.macosx-11.0-arm64/wheel/./puremacro/examples
copying build/lib/puremacro/examples/vintage_revisions.py -> build/bdist.macosx-11.0-arm64/wheel/./puremacro/examples
copying build/lib/puremacro/examples/glp_lambda_search.py -> build/bdist.macosx-11.0-arm64/wheel/./puremacro/examples
copying build/lib/puremacro/examples/dsge_optimal_discretion.py -> build/bdist.macosx-11.0-arm64/wheel/./puremacro/examples
copying build/lib/puremacro/examples/spectral_business_cycle.py -> build/bdist.macosx-11.0-arm64/wheel/./puremacro/examples
copying build/lib/puremacro/examples/hank_sequence_space_bridge.py -> build/bdist.macosx-11.0-arm64/wheel/./puremacro/examples
copying build/lib/puremacro/examples/narrative_local_llm.py -> build/bdist.macosx-11.0-arm64/wheel/./puremacro/examples
copying build/lib/puremacro/examples/narrative_romer_romer_2010.py -> build/bdist.macosx-11.0-arm64/wheel/./puremacro/examples
copying build/lib/puremacro/examples/did_callaway_santanna_demo.py -> build/bdist.macosx-11.0-arm64/wheel/./puremacro/examples
copying build/lib/puremacro/examples/fm_ols_dols_demo.py -> build/bdist.macosx-11.0-arm64/wheel/./puremacro/examples
copying build/lib/puremacro/examples/caldara_iacoviello.py -> build/bdist.macosx-11.0-arm64/wheel/./puremacro/examples
copying build/lib/puremacro/examples/ramey_zubairy_2018_multipliers.py -> build/bdist.macosx-11.0-arm64/wheel/./puremacro/examples
copying build/lib/puremacro/examples/global_fiscal_stance.py -> build/bdist.macosx-11.0-arm64/wheel/./puremacro/examples
copying build/lib/puremacro/examples/penalized_macro_forecasting.py -> build/bdist.macosx-11.0-arm64/wheel/./puremacro/examples
copying build/lib/puremacro/examples/bvar_fan_chart.py -> build/bdist.macosx-11.0-arm64/wheel/./puremacro/examples
copying build/lib/puremacro/examples/report_workflow.py -> build/bdist.macosx-11.0-arm64/wheel/./puremacro/examples
copying build/lib/puremacro/examples/climate_sovereign_debt_risk.py -> build/bdist.macosx-11.0-arm64/wheel/./puremacro/examples
copying build/lib/puremacro/examples/asset_composition_dynamics.py -> build/bdist.macosx-11.0-arm64/wheel/./puremacro/examples
copying build/lib/puremacro/examples/__init__.py -> build/bdist.macosx-11.0-arm64/wheel/./puremacro/examples
copying build/lib/puremacro/examples/fetch_fred_demo.py -> build/bdist.macosx-11.0-arm64/wheel/./puremacro/examples
copying build/lib/puremacro/examples/anderson_rubin_weak_iv_demo.py -> build/bdist.macosx-11.0-arm64/wheel/./puremacro/examples
copying build/lib/puremacro/examples/dsge_news_shocks.py -> build/bdist.macosx-11.0-arm64/wheel/./puremacro/examples
copying build/lib/puremacro/examples/narrative_custom_corpus.py -> build/bdist.macosx-11.0-arm64/wheel/./puremacro/examples
copying build/lib/puremacro/examples/ms_var_business_cycle.py -> build/bdist.macosx-11.0-arm64/wheel/./puremacro/examples
copying build/lib/puremacro/examples/posterior_predictive_fan.py -> build/bdist.macosx-11.0-arm64/wheel/./puremacro/examples
copying build/lib/puremacro/examples/dsge_ar1_demo.py -> build/bdist.macosx-11.0-arm64/wheel/./puremacro/examples
copying build/lib/puremacro/examples/hank_sequence_space.py -> build/bdist.macosx-11.0-arm64/wheel/./puremacro/examples
copying build/lib/puremacro/examples/gk_robust_from_gibbs.py -> build/bdist.macosx-11.0-arm64/wheel/./puremacro/examples
copying build/lib/puremacro/examples/mle_sandwich_demo.py -> build/bdist.macosx-11.0-arm64/wheel/./puremacro/examples
copying build/lib/puremacro/examples/hfi_gertler_karadi.py -> build/bdist.macosx-11.0-arm64/wheel/./puremacro/examples
copying build/lib/puremacro/examples/nowcasting_gdp_news.py -> build/bdist.macosx-11.0-arm64/wheel/./puremacro/examples
copying build/lib/puremacro/examples/empirical_benchmark_replications.py -> build/bdist.macosx-11.0-arm64/wheel/./puremacro/examples
copying build/lib/puremacro/examples/tvecm_demo.py -> build/bdist.macosx-11.0-arm64/wheel/./puremacro/examples
copying build/lib/puremacro/examples/sigma_decomposition.py -> build/bdist.macosx-11.0-arm64/wheel/./puremacro/examples
copying build/lib/puremacro/examples/la_lp_pmw_demo.py -> build/bdist.macosx-11.0-arm64/wheel/./puremacro/examples
copying build/lib/puremacro/examples/sign_restrictions_uhlig.py -> build/bdist.macosx-11.0-arm64/wheel/./puremacro/examples
copying build/lib/puremacro/examples/dsge_nk_sketchpad.py -> build/bdist.macosx-11.0-arm64/wheel/./puremacro/examples
copying build/lib/puremacro/examples/narrative_llm_pipeline.py -> build/bdist.macosx-11.0-arm64/wheel/./puremacro/examples
copying build/lib/puremacro/examples/narrative_multilingual_live.py -> build/bdist.macosx-11.0-arm64/wheel/./puremacro/examples
copying build/lib/puremacro/examples/berkowitz_demo.py -> build/bdist.macosx-11.0-arm64/wheel/./puremacro/examples
copying build/lib/puremacro/examples/midas_quarterly_monthly.py -> build/bdist.macosx-11.0-arm64/wheel/./puremacro/examples
copying build/lib/puremacro/examples/dfm_bai_ng.py -> build/bdist.macosx-11.0-arm64/wheel/./puremacro/examples
copying build/lib/puremacro/examples/narrative_panel_lp.py -> build/bdist.macosx-11.0-arm64/wheel/./puremacro/examples
copying build/lib/puremacro/examples/non_gaussian_svar.py -> build/bdist.macosx-11.0-arm64/wheel/./puremacro/examples
copying build/lib/puremacro/examples/dfm_nowcast_kalman.py -> build/bdist.macosx-11.0-arm64/wheel/./puremacro/examples
copying build/lib/puremacro/examples/synthetic_control_demo.py -> build/bdist.macosx-11.0-arm64/wheel/./puremacro/examples
copying build/lib/puremacro/examples/diebold_yilmaz_spillover.py -> build/bdist.macosx-11.0-arm64/wheel/./puremacro/examples
copying build/lib/puremacro/examples/gfevd_spillover.py -> build/bdist.macosx-11.0-arm64/wheel/./puremacro/examples
copying build/lib/puremacro/examples/regime_workflow.py -> build/bdist.macosx-11.0-arm64/wheel/./puremacro/examples
copying build/lib/puremacro/examples/narrative_bursts_and_transcripts.py -> build/bdist.macosx-11.0-arm64/wheel/./puremacro/examples
copying build/lib/puremacro/examples/mcmc_diagnostics.py -> build/bdist.macosx-11.0-arm64/wheel/./puremacro/examples
copying build/lib/puremacro/examples/lwui_wage_demo.py -> build/bdist.macosx-11.0-arm64/wheel/./puremacro/examples
copying build/lib/puremacro/examples/lp_asymmetric_tenreyro.py -> build/bdist.macosx-11.0-arm64/wheel/./puremacro/examples
copying build/lib/puremacro/examples/narrative_sign_adrr.py -> build/bdist.macosx-11.0-arm64/wheel/./puremacro/examples
copying build/lib/puremacro/examples/dcc_volatility.py -> build/bdist.macosx-11.0-arm64/wheel/./puremacro/examples
copying build/lib/puremacro/examples/cointegration_johansen.py -> build/bdist.macosx-11.0-arm64/wheel/./puremacro/examples
copying build/lib/puremacro/examples/govt_vs_private_investment.py -> build/bdist.macosx-11.0-arm64/wheel/./puremacro/examples
copying build/lib/puremacro/examples/synthetic_did_california_prop99.py -> build/bdist.macosx-11.0-arm64/wheel/./puremacro/examples
copying build/lib/puremacro/examples/narrative_event_study.py -> build/bdist.macosx-11.0-arm64/wheel/./puremacro/examples
copying build/lib/puremacro/examples/svariv_mertens_ravn.py -> build/bdist.macosx-11.0-arm64/wheel/./puremacro/examples
copying build/lib/puremacro/examples/har_realized_vol.py -> build/bdist.macosx-11.0-arm64/wheel/./puremacro/examples
copying build/lib/puremacro/examples/wavelet_business_cycle.py -> build/bdist.macosx-11.0-arm64/wheel/./puremacro/examples
copying build/lib/puremacro/examples/dsge_nuts_estimation.py -> build/bdist.macosx-11.0-arm64/wheel/./puremacro/examples
copying build/lib/puremacro/examples/narrative_homogeneous_panel.py -> build/bdist.macosx-11.0-arm64/wheel/./puremacro/examples
copying build/lib/puremacro/examples/tvp_var_sv_demo.py -> build/bdist.macosx-11.0-arm64/wheel/./puremacro/examples
copying build/lib/puremacro/examples/kilian_2009_oil.py -> build/bdist.macosx-11.0-arm64/wheel/./puremacro/examples
copying build/lib/puremacro/examples/vulnerable_growth.py -> build/bdist.macosx-11.0-arm64/wheel/./puremacro/examples
copying build/lib/puremacro/examples/lp_panel_dk.py -> build/bdist.macosx-11.0-arm64/wheel/./puremacro/examples
copying build/lib/puremacro/examples/bloom2009.py -> build/bdist.macosx-11.0-arm64/wheel/./puremacro/examples
copying build/lib/puremacro/examples/shock_atlas_demo.py -> build/bdist.macosx-11.0-arm64/wheel/./puremacro/examples
copying build/lib/puremacro/examples/tvar_threshold_demo.py -> build/bdist.macosx-11.0-arm64/wheel/./puremacro/examples
copying build/lib/puremacro/examples/central_bank_narrative_sentiment.py -> build/bdist.macosx-11.0-arm64/wheel/./puremacro/examples
copying build/lib/puremacro/examples/gk_robust_signs.py -> build/bdist.macosx-11.0-arm64/wheel/./puremacro/examples
copying build/lib/puremacro/examples/exact_diffuse_kalman.py -> build/bdist.macosx-11.0-arm64/wheel/./puremacro/examples
copying build/lib/puremacro/examples/vintage_news_noise.py -> build/bdist.macosx-11.0-arm64/wheel/./puremacro/examples
copying build/lib/puremacro/cross_nest.py -> build/bdist.macosx-11.0-arm64/wheel/./puremacro
copying build/lib/puremacro/realized_vol.py -> build/bdist.macosx-11.0-arm64/wheel/./puremacro
copying build/lib/puremacro/factor.py -> build/bdist.macosx-11.0-arm64/wheel/./puremacro
copying build/lib/puremacro/reports.py -> build/bdist.macosx-11.0-arm64/wheel/./puremacro
copying build/lib/puremacro/spectral.py -> build/bdist.macosx-11.0-arm64/wheel/./puremacro
creating build/bdist.macosx-11.0-arm64/wheel/puremacro/dsge
copying build/lib/puremacro/dsge/_gradients.py -> build/bdist.macosx-11.0-arm64/wheel/./puremacro/dsge
copying build/lib/puremacro/dsge/build.py -> build/bdist.macosx-11.0-arm64/wheel/./puremacro/dsge
copying build/lib/puremacro/dsge/observation.py -> build/bdist.macosx-11.0-arm64/wheel/./puremacro/dsge
copying build/lib/puremacro/dsge/gensys.py -> build/bdist.macosx-11.0-arm64/wheel/./puremacro/dsge
copying build/lib/puremacro/dsge/_results.py -> build/bdist.macosx-11.0-arm64/wheel/./puremacro/dsge
copying build/lib/puremacro/dsge/_sw07_data.csv -> build/bdist.macosx-11.0-arm64/wheel/./puremacro/dsge
copying build/lib/puremacro/dsge/parity.py -> build/bdist.macosx-11.0-arm64/wheel/./puremacro/dsge
copying build/lib/puremacro/dsge/_moments.py -> build/bdist.macosx-11.0-arm64/wheel/./puremacro/dsge
copying build/lib/puremacro/dsge/diagnostics.py -> build/bdist.macosx-11.0-arm64/wheel/./puremacro/dsge
copying build/lib/puremacro/dsge/_symbolic.py -> build/bdist.macosx-11.0-arm64/wheel/./puremacro/dsge
copying build/lib/puremacro/dsge/sw07_priors.py -> build/bdist.macosx-11.0-arm64/wheel/./puremacro/dsge
copying build/lib/puremacro/dsge/nuts.py -> build/bdist.macosx-11.0-arm64/wheel/./puremacro/dsge
copying build/lib/puremacro/dsge/occbin.py -> build/bdist.macosx-11.0-arm64/wheel/./puremacro/dsge
creating build/bdist.macosx-11.0-arm64/wheel/puremacro/dsge/_references
copying build/lib/puremacro/dsge/_references/hank_ssj.mod -> build/bdist.macosx-11.0-arm64/wheel/./puremacro/dsge/_references
copying build/lib/puremacro/dsge/_references/sw07_pfeifer.mod -> build/bdist.macosx-11.0-arm64/wheel/./puremacro/dsge/_references
copying build/lib/puremacro/dsge/_references/hank_two_asset.mod -> build/bdist.macosx-11.0-arm64/wheel/./puremacro/dsge/_references
copying build/lib/puremacro/dsge/policy.py -> build/bdist.macosx-11.0-arm64/wheel/./puremacro/dsge
copying build/lib/puremacro/dsge/smoother.py -> build/bdist.macosx-11.0-arm64/wheel/./puremacro/dsge
copying build/lib/puremacro/dsge/_qz.py -> build/bdist.macosx-11.0-arm64/wheel/./puremacro/dsge
copying build/lib/puremacro/dsge/pruning.py -> build/bdist.macosx-11.0-arm64/wheel/./puremacro/dsge
copying build/lib/puremacro/dsge/sw07_estimate.py -> build/bdist.macosx-11.0-arm64/wheel/./puremacro/dsge
copying build/lib/puremacro/dsge/__init__.py -> build/bdist.macosx-11.0-arm64/wheel/./puremacro/dsge
copying build/lib/puremacro/dsge/_ast.py -> build/bdist.macosx-11.0-arm64/wheel/./puremacro/dsge
copying build/lib/puremacro/dsge/sw07_observation.py -> build/bdist.macosx-11.0-arm64/wheel/./puremacro/dsge
copying build/lib/puremacro/dsge/dsge_var.py -> build/bdist.macosx-11.0-arm64/wheel/./puremacro/dsge
copying build/lib/puremacro/dsge/_parser.py -> build/bdist.macosx-11.0-arm64/wheel/./puremacro/dsge
copying build/lib/puremacro/dsge/smc.py -> build/bdist.macosx-11.0-arm64/wheel/./puremacro/dsge
copying build/lib/puremacro/dsge/shock_groups.py -> build/bdist.macosx-11.0-arm64/wheel/./puremacro/dsge
copying build/lib/puremacro/dsge/widgets.py -> build/bdist.macosx-11.0-arm64/wheel/./puremacro/dsge
copying build/lib/puremacro/dsge/mode.py -> build/bdist.macosx-11.0-arm64/wheel/./puremacro/dsge
copying build/lib/puremacro/dsge/_macro.py -> build/bdist.macosx-11.0-arm64/wheel/./puremacro/dsge
copying build/lib/puremacro/dsge/dynare_results.py -> build/bdist.macosx-11.0-arm64/wheel/./puremacro/dsge
copying build/lib/puremacro/dsge/klein.py -> build/bdist.macosx-11.0-arm64/wheel/./puremacro/dsge
copying build/lib/puremacro/dsge/smets_wouters.py -> build/bdist.macosx-11.0-arm64/wheel/./puremacro/dsge
copying build/lib/puremacro/dsge/cli.py -> build/bdist.macosx-11.0-arm64/wheel/./puremacro/dsge
copying build/lib/puremacro/dsge/steady.py -> build/bdist.macosx-11.0-arm64/wheel/./puremacro/dsge
copying build/lib/puremacro/dsge/estimate.py -> build/bdist.macosx-11.0-arm64/wheel/./puremacro/dsge
copying build/lib/puremacro/dsge/particle_filter.py -> build/bdist.macosx-11.0-arm64/wheel/./puremacro/dsge
copying build/lib/puremacro/dsge/decomposition.py -> build/bdist.macosx-11.0-arm64/wheel/./puremacro/dsge
copying build/lib/puremacro/dsge/ramsey.py -> build/bdist.macosx-11.0-arm64/wheel/./puremacro/dsge
copying build/lib/puremacro/dsge/markov_switching.py -> build/bdist.macosx-11.0-arm64/wheel/./puremacro/dsge
copying build/lib/puremacro/dsge/hank.py -> build/bdist.macosx-11.0-arm64/wheel/./puremacro/dsge
copying build/lib/puremacro/dsge/priors.py -> build/bdist.macosx-11.0-arm64/wheel/./puremacro/dsge
copying build/lib/puremacro/dsge/dynare.py -> build/bdist.macosx-11.0-arm64/wheel/./puremacro/dsge
copying build/lib/puremacro/dsge/conditional.py -> build/bdist.macosx-11.0-arm64/wheel/./puremacro/dsge
copying build/lib/puremacro/dsge/gertler_karadi.py -> build/bdist.macosx-11.0-arm64/wheel/./puremacro/dsge
copying build/lib/puremacro/dsge/identification.py -> build/bdist.macosx-11.0-arm64/wheel/./puremacro/dsge
copying build/lib/puremacro/dsge/bayesian.py -> build/bdist.macosx-11.0-arm64/wheel/./puremacro/dsge
copying build/lib/puremacro/dsge/perfect_foresight.py -> build/bdist.macosx-11.0-arm64/wheel/./puremacro/dsge
copying build/lib/puremacro/dsge/extended_path.py -> build/bdist.macosx-11.0-arm64/wheel/./puremacro/dsge
copying build/lib/puremacro/dsge/fertility_adj_costs.py -> build/bdist.macosx-11.0-arm64/wheel/./puremacro/dsge
copying build/lib/puremacro/dsge/_sylvester.py -> build/bdist.macosx-11.0-arm64/wheel/./puremacro/dsge
copying build/lib/puremacro/dsge/_estimated_params.py -> build/bdist.macosx-11.0-arm64/wheel/./puremacro/dsge
copying build/lib/puremacro/dsge/news.py -> build/bdist.macosx-11.0-arm64/wheel/./puremacro/dsge
copying build/lib/puremacro/dsge/macro.py -> build/bdist.macosx-11.0-arm64/wheel/./puremacro/dsge
copying build/lib/puremacro/dsge/marginal.py -> build/bdist.macosx-11.0-arm64/wheel/./puremacro/dsge
copying build/lib/puremacro/dsge/_utils.py -> build/bdist.macosx-11.0-arm64/wheel/./puremacro/dsge
creating build/bdist.macosx-11.0-arm64/wheel/puremacro/hfi
copying build/lib/puremacro/hfi/_results.py -> build/bdist.macosx-11.0-arm64/wheel/./puremacro/hfi
copying build/lib/puremacro/hfi/__init__.py -> build/bdist.macosx-11.0-arm64/wheel/./puremacro/hfi
copying build/lib/puremacro/hfi/jk2020.py -> build/bdist.macosx-11.0-arm64/wheel/./puremacro/hfi
copying build/lib/puremacro/hfi/surprises.py -> build/bdist.macosx-11.0-arm64/wheel/./puremacro/hfi
copying build/lib/puremacro/py.typed -> build/bdist.macosx-11.0-arm64/wheel/./puremacro
creating build/bdist.macosx-11.0-arm64/wheel/puremacro/inference
copying build/lib/puremacro/inference/bootstrap.py -> build/bdist.macosx-11.0-arm64/wheel/./puremacro/inference
copying build/lib/puremacro/inference/moving_block.py -> build/bdist.macosx-11.0-arm64/wheel/./puremacro/inference
copying build/lib/puremacro/inference/lp_block_bootstrap.py -> build/bdist.macosx-11.0-arm64/wheel/./puremacro/inference
copying build/lib/puremacro/inference/_results.py -> build/bdist.macosx-11.0-arm64/wheel/./puremacro/inference
copying build/lib/puremacro/inference/hac_fixed_b.py -> build/bdist.macosx-11.0-arm64/wheel/./puremacro/inference
copying build/lib/puremacro/inference/collinearity.py -> build/bdist.macosx-11.0-arm64/wheel/./puremacro/inference
copying build/lib/puremacro/inference/lewbel_iv.py -> build/bdist.macosx-11.0-arm64/wheel/./puremacro/inference
copying build/lib/puremacro/inference/diagnostics.py -> build/bdist.macosx-11.0-arm64/wheel/./puremacro/inference
copying build/lib/puremacro/inference/swamy.py -> build/bdist.macosx-11.0-arm64/wheel/./puremacro/inference
copying build/lib/puremacro/inference/multiple.py -> build/bdist.macosx-11.0-arm64/wheel/./puremacro/inference
copying build/lib/puremacro/inference/over_id.py -> build/bdist.macosx-11.0-arm64/wheel/./puremacro/inference
copying build/lib/puremacro/inference/hac.py -> build/bdist.macosx-11.0-arm64/wheel/./puremacro/inference
copying build/lib/puremacro/inference/spec_curve.py -> build/bdist.macosx-11.0-arm64/wheel/./puremacro/inference
copying build/lib/puremacro/inference/newey_west.py -> build/bdist.macosx-11.0-arm64/wheel/./puremacro/inference
copying build/lib/puremacro/inference/__init__.py -> build/bdist.macosx-11.0-arm64/wheel/./puremacro/inference
copying build/lib/puremacro/inference/pesaran.py -> build/bdist.macosx-11.0-arm64/wheel/./puremacro/inference
copying build/lib/puremacro/inference/block_bootstrap.py -> build/bdist.macosx-11.0-arm64/wheel/./puremacro/inference
copying build/lib/puremacro/inference/weak_iv.py -> build/bdist.macosx-11.0-arm64/wheel/./puremacro/inference
copying build/lib/puremacro/inference/balanced_panel.py -> build/bdist.macosx-11.0-arm64/wheel/./puremacro/inference
copying build/lib/puremacro/inference/proportions.py -> build/bdist.macosx-11.0-arm64/wheel/./puremacro/inference
copying build/lib/puremacro/inference/wild_bootstrap.py -> build/bdist.macosx-11.0-arm64/wheel/./puremacro/inference
copying build/lib/puremacro/inference/_ols_helpers.py -> build/bdist.macosx-11.0-arm64/wheel/./puremacro/inference
copying build/lib/puremacro/inference/dk.py -> build/bdist.macosx-11.0-arm64/wheel/./puremacro/inference
copying build/lib/puremacro/inference/supt.py -> build/bdist.macosx-11.0-arm64/wheel/./puremacro/inference
copying build/lib/puremacro/inference/simex.py -> build/bdist.macosx-11.0-arm64/wheel/./puremacro/inference
copying build/lib/puremacro/inference/quandt_andrews.py -> build/bdist.macosx-11.0-arm64/wheel/./puremacro/inference
copying build/lib/puremacro/inference/_parallel.py -> build/bdist.macosx-11.0-arm64/wheel/./puremacro/inference
copying build/lib/puremacro/posterior.py -> build/bdist.macosx-11.0-arm64/wheel/./puremacro
creating build/bdist.macosx-11.0-arm64/wheel/puremacro/replication
copying build/lib/puremacro/replication/cases_regression.py -> build/bdist.macosx-11.0-arm64/wheel/./puremacro/replication
copying build/lib/puremacro/replication/_data.py -> build/bdist.macosx-11.0-arm64/wheel/./puremacro/replication
copying build/lib/puremacro/replication/runner.py -> build/bdist.macosx-11.0-arm64/wheel/./puremacro/replication
copying build/lib/puremacro/replication/cases_stylized_facts.py -> build/bdist.macosx-11.0-arm64/wheel/./puremacro/replication
copying build/lib/puremacro/replication/__init__.py -> build/bdist.macosx-11.0-arm64/wheel/./puremacro/replication
copying build/lib/puremacro/replication/cases_ha_dsge_causal.py -> build/bdist.macosx-11.0-arm64/wheel/./puremacro/replication
copying build/lib/puremacro/replication/cases_dsge_estimation.py -> build/bdist.macosx-11.0-arm64/wheel/./puremacro/replication
creating build/bdist.macosx-11.0-arm64/wheel/puremacro/replication/data
copying build/lib/puremacro/replication/data/beveridge18_us.csv -> build/bdist.macosx-11.0-arm64/wheel/./puremacro/replication/data
copying build/lib/puremacro/replication/data/tax14_narrative_tax_shocks.csv -> build/bdist.macosx-11.0-arm64/wheel/./puremacro/replication/data
copying build/lib/puremacro/replication/data/__init__.py -> build/bdist.macosx-11.0-arm64/wheel/./puremacro/replication/data
copying build/lib/puremacro/replication/data/qna40_panel.csv -> build/bdist.macosx-11.0-arm64/wheel/./puremacro/replication/data
copying build/lib/puremacro/replication/data/kilian2009.csv -> build/bdist.macosx-11.0-arm64/wheel/./puremacro/replication/data
copying build/lib/puremacro/replication/data/tax14_us_fiscal.csv -> build/bdist.macosx-11.0-arm64/wheel/./puremacro/replication/data
copying build/lib/puremacro/replication/data/beveridge18_eu.csv -> build/bdist.macosx-11.0-arm64/wheel/./puremacro/replication/data
copying build/lib/puremacro/replication/data/gali1999.csv -> build/bdist.macosx-11.0-arm64/wheel/./puremacro/replication/data
copying build/lib/puremacro/replication/data/okun.csv -> build/bdist.macosx-11.0-arm64/wheel/./puremacro/replication/data
copying build/lib/puremacro/replication/data/qna40_meta.csv -> build/bdist.macosx-11.0-arm64/wheel/./puremacro/replication/data
copying build/lib/puremacro/replication/data/speccurve17_panel.csv -> build/bdist.macosx-11.0-arm64/wheel/./puremacro/replication/data
copying build/lib/puremacro/replication/data/rz2018.csv -> build/bdist.macosx-11.0-arm64/wheel/./puremacro/replication/data
copying build/lib/puremacro/replication/_model.py -> build/bdist.macosx-11.0-arm64/wheel/./puremacro/replication
creating build/bdist.macosx-11.0-arm64/wheel/puremacro/climate
copying build/lib/puremacro/climate/monthly_dl.py -> build/bdist.macosx-11.0-arm64/wheel/./puremacro/climate
copying build/lib/puremacro/climate/__init__.py -> build/bdist.macosx-11.0-arm64/wheel/./puremacro/climate
copying build/lib/puremacro/climate/dice.py -> build/bdist.macosx-11.0-arm64/wheel/./puremacro/climate
copying build/lib/puremacro/climate/degree_days.py -> build/bdist.macosx-11.0-arm64/wheel/./puremacro/climate
copying build/lib/puremacro/climate/mediation.py -> build/bdist.macosx-11.0-arm64/wheel/./puremacro/climate
copying build/lib/puremacro/climate/annual_lp.py -> build/bdist.macosx-11.0-arm64/wheel/./puremacro/climate
copying build/lib/puremacro/state_space.py -> build/bdist.macosx-11.0-arm64/wheel/./puremacro
creating build/bdist.macosx-11.0-arm64/wheel/puremacro/spatial
copying build/lib/puremacro/spatial/models.py -> build/bdist.macosx-11.0-arm64/wheel/./puremacro/spatial
copying build/lib/puremacro/spatial/diagnostics.py -> build/bdist.macosx-11.0-arm64/wheel/./puremacro/spatial
copying build/lib/puremacro/spatial/hac.py -> build/bdist.macosx-11.0-arm64/wheel/./puremacro/spatial
copying build/lib/puremacro/spatial/__init__.py -> build/bdist.macosx-11.0-arm64/wheel/./puremacro/spatial
copying build/lib/puremacro/spatial/allen_arkolakis.py -> build/bdist.macosx-11.0-arm64/wheel/./puremacro/spatial
copying build/lib/puremacro/spatial/lp.py -> build/bdist.macosx-11.0-arm64/wheel/./puremacro/spatial
copying build/lib/puremacro/spatial/panel.py -> build/bdist.macosx-11.0-arm64/wheel/./puremacro/spatial
copying build/lib/puremacro/spatial/weights.py -> build/bdist.macosx-11.0-arm64/wheel/./puremacro/spatial
copying build/lib/puremacro/build_panel.py -> build/bdist.macosx-11.0-arm64/wheel/./puremacro
creating build/bdist.macosx-11.0-arm64/wheel/puremacro/nowcast
copying build/lib/puremacro/nowcast/combine.py -> build/bdist.macosx-11.0-arm64/wheel/./puremacro/nowcast
copying build/lib/puremacro/nowcast/dfm.py -> build/bdist.macosx-11.0-arm64/wheel/./puremacro/nowcast
copying build/lib/puremacro/nowcast/scoring.py -> build/bdist.macosx-11.0-arm64/wheel/./puremacro/nowcast
copying build/lib/puremacro/nowcast/evaluation.py -> build/bdist.macosx-11.0-arm64/wheel/./puremacro/nowcast
copying build/lib/puremacro/nowcast/__init__.py -> build/bdist.macosx-11.0-arm64/wheel/./puremacro/nowcast
copying build/lib/puremacro/nowcast/mfvar.py -> build/bdist.macosx-11.0-arm64/wheel/./puremacro/nowcast
copying build/lib/puremacro/nowcast/dfm_nowcast.py -> build/bdist.macosx-11.0-arm64/wheel/./puremacro/nowcast
copying build/lib/puremacro/nowcast/realtime_nowcast.py -> build/bdist.macosx-11.0-arm64/wheel/./puremacro/nowcast
copying build/lib/puremacro/nowcast/news.py -> build/bdist.macosx-11.0-arm64/wheel/./puremacro/nowcast
copying build/lib/puremacro/scale.py -> build/bdist.macosx-11.0-arm64/wheel/./puremacro
creating build/bdist.macosx-11.0-arm64/wheel/puremacro/uncertainty
copying build/lib/puremacro/uncertainty/diagnostics.py -> build/bdist.macosx-11.0-arm64/wheel/./puremacro/uncertainty
copying build/lib/puremacro/uncertainty/regimes.py -> build/bdist.macosx-11.0-arm64/wheel/./puremacro/uncertainty
copying build/lib/puremacro/uncertainty/__init__.py -> build/bdist.macosx-11.0-arm64/wheel/./puremacro/uncertainty
copying build/lib/puremacro/uncertainty/decomposition.py -> build/bdist.macosx-11.0-arm64/wheel/./puremacro/uncertainty
copying build/lib/puremacro/uncertainty/composite.py -> build/bdist.macosx-11.0-arm64/wheel/./puremacro/uncertainty
copying build/lib/puremacro/uncertainty/lp_long.py -> build/bdist.macosx-11.0-arm64/wheel/./puremacro/uncertainty
copying build/lib/puremacro/data.py -> build/bdist.macosx-11.0-arm64/wheel/./puremacro
copying build/lib/puremacro/vintages.py -> build/bdist.macosx-11.0-arm64/wheel/./puremacro
copying build/lib/puremacro/numerics.py -> build/bdist.macosx-11.0-arm64/wheel/./puremacro
creating build/bdist.macosx-11.0-arm64/wheel/puremacro/validation
copying build/lib/puremacro/validation/cases_dsge.py -> build/bdist.macosx-11.0-arm64/wheel/./puremacro/validation
copying build/lib/puremacro/validation/cases_forecast.py -> build/bdist.macosx-11.0-arm64/wheel/./puremacro/validation
copying build/lib/puremacro/validation/cases_did.py -> build/bdist.macosx-11.0-arm64/wheel/./puremacro/validation
copying build/lib/puremacro/validation/runner.py -> build/bdist.macosx-11.0-arm64/wheel/./puremacro/validation
copying build/lib/puremacro/validation/_goldens.py -> build/bdist.macosx-11.0-arm64/wheel/./puremacro/validation
copying build/lib/puremacro/validation/cases_vfi.py -> build/bdist.macosx-11.0-arm64/wheel/./puremacro/validation
copying build/lib/puremacro/validation/cases_narrative.py -> build/bdist.macosx-11.0-arm64/wheel/./puremacro/validation
copying build/lib/puremacro/validation/__init__.py -> build/bdist.macosx-11.0-arm64/wheel/./puremacro/validation
copying build/lib/puremacro/validation/cases_dynpanel.py -> build/bdist.macosx-11.0-arm64/wheel/./puremacro/validation
copying build/lib/puremacro/validation/cases_spectral.py -> build/bdist.macosx-11.0-arm64/wheel/./puremacro/validation
copying build/lib/puremacro/validation/cases_garch.py -> build/bdist.macosx-11.0-arm64/wheel/./puremacro/validation
copying build/lib/puremacro/validation/cases_spatial.py -> build/bdist.macosx-11.0-arm64/wheel/./puremacro/validation
copying build/lib/puremacro/validation/cases_inference.py -> build/bdist.macosx-11.0-arm64/wheel/./puremacro/validation
copying build/lib/puremacro/validation/cases_unit_root.py -> build/bdist.macosx-11.0-arm64/wheel/./puremacro/validation
copying build/lib/puremacro/validation/cases_state_space.py -> build/bdist.macosx-11.0-arm64/wheel/./puremacro/validation
copying build/lib/puremacro/validation/_fixtures.py -> build/bdist.macosx-11.0-arm64/wheel/./puremacro/validation
creating build/bdist.macosx-11.0-arm64/wheel/puremacro/validation/goldens
copying build/lib/puremacro/validation/goldens/garch.json -> build/bdist.macosx-11.0-arm64/wheel/./puremacro/validation/goldens
copying build/lib/puremacro/validation/goldens/__init__.py -> build/bdist.macosx-11.0-arm64/wheel/./puremacro/validation/goldens
copying build/lib/puremacro/validation/goldens/var.json -> build/bdist.macosx-11.0-arm64/wheel/./puremacro/validation/goldens
copying build/lib/puremacro/validation/goldens/lp.json -> build/bdist.macosx-11.0-arm64/wheel/./puremacro/validation/goldens
copying build/lib/puremacro/validation/goldens/inference.json -> build/bdist.macosx-11.0-arm64/wheel/./puremacro/validation/goldens
copying build/lib/puremacro/validation/goldens/_t.json -> build/bdist.macosx-11.0-arm64/wheel/./puremacro/validation/goldens
copying build/lib/puremacro/validation/goldens/spatial.json -> build/bdist.macosx-11.0-arm64/wheel/./puremacro/validation/goldens
copying build/lib/puremacro/validation/goldens/state_space.json -> build/bdist.macosx-11.0-arm64/wheel/./puremacro/validation/goldens
copying build/lib/puremacro/validation/cases_cointegration.py -> build/bdist.macosx-11.0-arm64/wheel/./puremacro/validation
copying build/lib/puremacro/validation/cases_var.py -> build/bdist.macosx-11.0-arm64/wheel/./puremacro/validation
copying build/lib/puremacro/validation/_model.py -> build/bdist.macosx-11.0-arm64/wheel/./puremacro/validation
copying build/lib/puremacro/validation/cases_lp.py -> build/bdist.macosx-11.0-arm64/wheel/./puremacro/validation
creating build/bdist.macosx-11.0-arm64/wheel/puremacro/wavelet
copying build/lib/puremacro/wavelet/coherence.py -> build/bdist.macosx-11.0-arm64/wheel/./puremacro/wavelet
copying build/lib/puremacro/wavelet/__init__.py -> build/bdist.macosx-11.0-arm64/wheel/./puremacro/wavelet
creating build/bdist.macosx-11.0-arm64/wheel/puremacro/dynpanel
copying build/lib/puremacro/dynpanel/bb_gmm.py -> build/bdist.macosx-11.0-arm64/wheel/./puremacro/dynpanel
copying build/lib/puremacro/dynpanel/_results.py -> build/bdist.macosx-11.0-arm64/wheel/./puremacro/dynpanel
copying build/lib/puremacro/dynpanel/diagnostics.py -> build/bdist.macosx-11.0-arm64/wheel/./puremacro/dynpanel
copying build/lib/puremacro/dynpanel/ab_gmm.py -> build/bdist.macosx-11.0-arm64/wheel/./puremacro/dynpanel
copying build/lib/puremacro/dynpanel/__init__.py -> build/bdist.macosx-11.0-arm64/wheel/./puremacro/dynpanel
copying build/lib/puremacro/dynpanel/instruments.py -> build/bdist.macosx-11.0-arm64/wheel/./puremacro/dynpanel
running install_egg_info
Copying puremacro.egg-info to build/bdist.macosx-11.0-arm64/wheel/./puremacro-4.3.0-py3.12.egg-info
running install_scripts
creating build/bdist.macosx-11.0-arm64/wheel/puremacro-4.3.0.dist-info/WHEEL
creating '/tmp/puremacro-4.3.0-build-cd3a806/dist/.tmp-3ibrfuxp/puremacro-4.3.0-py3-none-any.whl' and adding 'build/bdist.macosx-11.0-arm64/wheel' to it
adding 'puremacro/__init__.py'
adding 'puremacro/_backend.py'
adding 'puremacro/_cache_db.py'
adding 'puremacro/_codes.py'
adding 'puremacro/_data_helpers.py'
adding 'puremacro/_http.py'
adding 'puremacro/_http_cache.py'
adding 'puremacro/_linalg.py'
adding 'puremacro/_optional.py'
adding 'puremacro/bis_neer.py'
adding 'puremacro/build_panel.py'
adding 'puremacro/build_subnational_panel.py'
adding 'puremacro/cache.py'
adding 'puremacro/capital.py'
adding 'puremacro/climate_panel.py'
adding 'puremacro/cointegration_modern.py'
adding 'puremacro/credentials.py'
adding 'puremacro/cross_nest.py'
adding 'puremacro/cycles.py'
adding 'puremacro/data.py'
adding 'puremacro/experiment.py'
adding 'puremacro/factor.py'
adding 'puremacro/financial_panel.py'
adding 'puremacro/klems.py'
adding 'puremacro/korv_gmm.py'
adding 'puremacro/labor_flows.py'
adding 'puremacro/labor_flows_enoe.py'
adding 'puremacro/labor_share.py'
adding 'puremacro/long_panel.py'
adding 'puremacro/mcmc.py'
adding 'puremacro/midas.py'
adding 'puremacro/numerics.py'
adding 'puremacro/plot.py'
adding 'puremacro/posterior.py'
adding 'puremacro/py.typed'
adding 'puremacro/realized_vol.py'
adding 'puremacro/regime_dates.py'
adding 'puremacro/regimes.py'
adding 'puremacro/reports.py'
adding 'puremacro/scale.py'
adding 'puremacro/shock_atlas.py'
adding 'puremacro/spectral.py'
adding 'puremacro/state_space.py'
adding 'puremacro/synthetic_control.py'
adding 'puremacro/vintages.py'
adding 'puremacro/bartik/__init__.py'
adding 'puremacro/bartik/akm.py'
adding 'puremacro/bartik/county_epu.py'
adding 'puremacro/bartik/exposure_iv.py'
adding 'puremacro/bartik/sensitivity.py'
adding 'puremacro/bartik/shares.py'
adding 'puremacro/causal/__init__.py'
adding 'puremacro/causal/dml.py'
adding 'puremacro/causal/synthetic_control.py'
adding 'puremacro/climate/__init__.py'
adding 'puremacro/climate/annual_lp.py'
adding 'puremacro/climate/degree_days.py'
adding 'puremacro/climate/dice.py'
adding 'puremacro/climate/mediation.py'
adding 'puremacro/climate/monthly_dl.py'
adding 'puremacro/connectedness/__init__.py'
adding 'puremacro/connectedness/bk2018.py'
adding 'puremacro/connectedness/diebold_yilmaz.py'
adding 'puremacro/datasets/__init__.py'
adding 'puremacro/datasets/loaders.py'
adding 'puremacro/datasets/data/A191RL1Q225SBEA.csv'
adding 'puremacro/datasets/data/CPIAUCSL.csv'
adding 'puremacro/datasets/data/CPILFESL.csv'
adding 'puremacro/datasets/data/FEDFUNDS.csv'
adding 'puremacro/datasets/data/GDPC1.csv'
adding 'puremacro/datasets/data/GPDIC1.csv'
adding 'puremacro/datasets/data/NFCI.csv'
adding 'puremacro/datasets/data/UNRATE.csv'
adding 'puremacro/datasets/data/banxico_stance_monthly.csv'
adding 'puremacro/datasets/data/gali1999.csv'
adding 'puremacro/datasets/data/tax14_narrative_tax_shocks.csv'
adding 'puremacro/datasets/data/us_county_centroids.csv'
adding 'puremacro/datasets/data/us_state_centroids.csv'
adding 'puremacro/did/__init__.py'
adding 'puremacro/did/_results.py'
adding 'puremacro/did/borusyak_jaravel_spiess.py'
adding 'puremacro/did/callaway_santanna.py'
adding 'puremacro/did/cdh.py'
adding 'puremacro/did/sdid_multi.py'
adding 'puremacro/did/sensitivity.py'
adding 'puremacro/did/spatial_did.py'
adding 'puremacro/did/sun_abraham.py'
adding 'puremacro/did/synthetic_did.py'
adding 'puremacro/did/types.py'
adding 'puremacro/dsge/__init__.py'
adding 'puremacro/dsge/_ast.py'
adding 'puremacro/dsge/_estimated_params.py'
adding 'puremacro/dsge/_gradients.py'
adding 'puremacro/dsge/_macro.py'
adding 'puremacro/dsge/_moments.py'
adding 'puremacro/dsge/_parser.py'
adding 'puremacro/dsge/_qz.py'
adding 'puremacro/dsge/_results.py'
adding 'puremacro/dsge/_sw07_data.csv'
adding 'puremacro/dsge/_sylvester.py'
adding 'puremacro/dsge/_symbolic.py'
adding 'puremacro/dsge/_utils.py'
adding 'puremacro/dsge/bayesian.py'
adding 'puremacro/dsge/build.py'
adding 'puremacro/dsge/cli.py'
adding 'puremacro/dsge/conditional.py'
adding 'puremacro/dsge/decomposition.py'
adding 'puremacro/dsge/diagnostics.py'
adding 'puremacro/dsge/dsge_var.py'
adding 'puremacro/dsge/dynare.py'
adding 'puremacro/dsge/dynare_results.py'
adding 'puremacro/dsge/estimate.py'
adding 'puremacro/dsge/extended_path.py'
adding 'puremacro/dsge/fertility_adj_costs.py'
adding 'puremacro/dsge/gensys.py'
adding 'puremacro/dsge/gertler_karadi.py'
adding 'puremacro/dsge/hank.py'
adding 'puremacro/dsge/identification.py'
adding 'puremacro/dsge/klein.py'
adding 'puremacro/dsge/macro.py'
adding 'puremacro/dsge/marginal.py'
adding 'puremacro/dsge/markov_switching.py'
adding 'puremacro/dsge/mode.py'
adding 'puremacro/dsge/news.py'
adding 'puremacro/dsge/nuts.py'
adding 'puremacro/dsge/observation.py'
adding 'puremacro/dsge/occbin.py'
adding 'puremacro/dsge/parity.py'
adding 'puremacro/dsge/particle_filter.py'
adding 'puremacro/dsge/perfect_foresight.py'
adding 'puremacro/dsge/policy.py'
adding 'puremacro/dsge/priors.py'
adding 'puremacro/dsge/pruning.py'
adding 'puremacro/dsge/ramsey.py'
adding 'puremacro/dsge/shock_groups.py'
adding 'puremacro/dsge/smc.py'
adding 'puremacro/dsge/smets_wouters.py'
adding 'puremacro/dsge/smoother.py'
adding 'puremacro/dsge/steady.py'
adding 'puremacro/dsge/sw07_estimate.py'
adding 'puremacro/dsge/sw07_observation.py'
adding 'puremacro/dsge/sw07_priors.py'
adding 'puremacro/dsge/widgets.py'
adding 'puremacro/dsge/_references/hank_ssj.mod'
adding 'puremacro/dsge/_references/hank_two_asset.mod'
adding 'puremacro/dsge/_references/sw07_pfeifer.mod'
adding 'puremacro/dynpanel/__init__.py'
adding 'puremacro/dynpanel/_results.py'
adding 'puremacro/dynpanel/ab_gmm.py'
adding 'puremacro/dynpanel/bb_gmm.py'
adding 'puremacro/dynpanel/diagnostics.py'
adding 'puremacro/dynpanel/instruments.py'
adding 'puremacro/examples/__init__.py'
adding 'puremacro/examples/anderson_rubin_weak_iv_demo.py'
adding 'puremacro/examples/asset_composition_dynamics.py'
adding 'puremacro/examples/bandpass_cycles_comparison.py'
adding 'puremacro/examples/berkowitz_demo.py'
adding 'puremacro/examples/bloom2009.py'
adding 'puremacro/examples/bvar_fan_chart.py'
adding 'puremacro/examples/caldara_iacoviello.py'
adding 'puremacro/examples/central_bank_narrative_sentiment.py'
adding 'puremacro/examples/climate_dice_simulation.py'
adding 'puremacro/examples/climate_sovereign_debt_risk.py'
adding 'puremacro/examples/cointegration_johansen.py'
adding 'puremacro/examples/dcc_volatility.py'
adding 'puremacro/examples/dfm_bai_ng.py'
adding 'puremacro/examples/dfm_nowcast_kalman.py'
adding 'puremacro/examples/did_callaway_santanna_demo.py'
adding 'puremacro/examples/diebold_yilmaz_spillover.py'
adding 'puremacro/examples/dsge_ar1_demo.py'
adding 'puremacro/examples/dsge_fertility_demo.py'
adding 'puremacro/examples/dsge_markov_switching.py'
adding 'puremacro/examples/dsge_news_shocks.py'
adding 'puremacro/examples/dsge_nk_sketchpad.py'
adding 'puremacro/examples/dsge_nuts_estimation.py'
adding 'puremacro/examples/dsge_optimal_discretion.py'
adding 'puremacro/examples/dsge_particle_filter_sv.py'
adding 'puremacro/examples/dsge_rbc_klein.py'
adding 'puremacro/examples/dsge_var_estimation.py'
adding 'puremacro/examples/empirical_benchmark_replications.py'
adding 'puremacro/examples/exact_diffuse_kalman.py'
adding 'puremacro/examples/fetch_fred_demo.py'
adding 'puremacro/examples/fm_ols_dols_demo.py'
adding 'puremacro/examples/forecast_density_eval.py'
adding 'puremacro/examples/gali_1999_hours.py'
adding 'puremacro/examples/garch_midas_macro_volatility.py'
adding 'puremacro/examples/gfevd_spillover.py'
adding 'puremacro/examples/gk_robust_from_gibbs.py'
adding 'puremacro/examples/gk_robust_signs.py'
adding 'puremacro/examples/global_fiscal_stance.py'
adding 'puremacro/examples/glp_lambda_search.py'
adding 'puremacro/examples/govt_vs_private_investment.py'
adding 'puremacro/examples/hank_sequence_space.py'
adding 'puremacro/examples/hank_sequence_space_bridge.py'
adding 'puremacro/examples/har_realized_vol.py'
adding 'puremacro/examples/hfi_gertler_karadi.py'
adding 'puremacro/examples/kilian_2009_oil.py'
adding 'puremacro/examples/la_lp_pmw_demo.py'
adding 'puremacro/examples/labor_flows_demo.py'
adding 'puremacro/examples/lp_asymmetric_tenreyro.py'
adding 'puremacro/examples/lp_panel_dk.py'
adding 'puremacro/examples/lp_smooth_demo.py'
adding 'puremacro/examples/lwui_wage_demo.py'
adding 'puremacro/examples/mcmc_diagnostics.py'
adding 'puremacro/examples/midas_quarterly_monthly.py'
adding 'puremacro/examples/mle_sandwich_demo.py'
adding 'puremacro/examples/ms_var_business_cycle.py'
adding 'puremacro/examples/narrative_bursts_and_transcripts.py'
adding 'puremacro/examples/narrative_custom_corpus.py'
adding 'puremacro/examples/narrative_event_study.py'
adding 'puremacro/examples/narrative_g7_panel.py'
adding 'puremacro/examples/narrative_homogeneous_panel.py'
adding 'puremacro/examples/narrative_indices_demo.py'
adding 'puremacro/examples/narrative_llm_pipeline.py'
adding 'puremacro/examples/narrative_local_llm.py'
adding 'puremacro/examples/narrative_multilingual_live.py'
adding 'puremacro/examples/narrative_panel_lp.py'
adding 'puremacro/examples/narrative_ramey_2011.py'
adding 'puremacro/examples/narrative_romer_romer_2010.py'
adding 'puremacro/examples/narrative_sign_adrr.py'
adding 'puremacro/examples/narrative_us_canonical_compare.py'
adding 'puremacro/examples/non_gaussian_svar.py'
adding 'puremacro/examples/nowcasting_gdp_news.py'
adding 'puremacro/examples/penalized_macro_forecasting.py'
adding 'puremacro/examples/posterior_predictive_fan.py'
adding 'puremacro/examples/ramey_zubairy_2018_multipliers.py'
adding 'puremacro/examples/regime_workflow.py'
adding 'puremacro/examples/report_workflow.py'
adding 'puremacro/examples/shock_atlas_demo.py'
adding 'puremacro/examples/sigma_decomposition.py'
adding 'puremacro/examples/sign_restrictions_uhlig.py'
adding 'puremacro/examples/spectral_business_cycle.py'
adding 'puremacro/examples/svariv_mertens_ravn.py'
adding 'puremacro/examples/synthetic_control_demo.py'
adding 'puremacro/examples/synthetic_did_california_prop99.py'
adding 'puremacro/examples/tvar_threshold_demo.py'
adding 'puremacro/examples/tvecm_demo.py'
adding 'puremacro/examples/tvp_var_demo.py'
adding 'puremacro/examples/tvp_var_sv_demo.py'
adding 'puremacro/examples/vintage_news_noise.py'
adding 'puremacro/examples/vintage_revisions.py'
adding 'puremacro/examples/vulnerable_growth.py'
adding 'puremacro/examples/wavelet_business_cycle.py'
adding 'puremacro/fetch/__init__.py'
adding 'puremacro/fetch/_classic.py'
adding 'puremacro/fetch/_hours.py'
adding 'puremacro/fetch/_http.py'
adding 'puremacro/fetch/_oecd_sdmx.py'
adding 'puremacro/fetch/_seasonal.py'
adding 'puremacro/fetch/_static_tables.py'
adding 'puremacro/fetch/bea_cainc.py'
adding 'puremacro/fetch/bea_industry_shares.py'
adding 'puremacro/fetch/bls_state_panel.py'
adding 'puremacro/fetch/cdc_births_county.py'
adding 'puremacro/fetch/cdc_births_state.py'
adding 'puremacro/fetch/cdc_socrata_natality.py'
adding 'puremacro/fetch/census_bfs.py'
adding 'puremacro/fetch/census_pep_births.py'
adding 'puremacro/fetch/ces_states.py'
adding 'puremacro/fetch/commodities.py'
adding 'puremacro/fetch/emissions.py'
adding 'puremacro/fetch/energy_transition.py'
adding 'puremacro/fetch/epu.py'
adding 'puremacro/fetch/epu_news_historical.py'
adding 'puremacro/fetch/epu_states.py'
adding 'puremacro/fetch/fernald.py'
adding 'puremacro/fetch/financial.py'
adding 'puremacro/fetch/frb_phil_coincident.py'
adding 'puremacro/fetch/fred.py'
adding 'puremacro/fetch/fred_states.py'
adding 'puremacro/fetch/gpr.py'
adding 'puremacro/fetch/hrs_mpu.py'
adding 'puremacro/fetch/imf_ifs.py'
adding 'puremacro/fetch/jln.py'
adding 'puremacro/fetch/jolts.py'
adding 'puremacro/fetch/kenfrench_industry.py'
adding 'puremacro/fetch/labor.py'
adding 'puremacro/fetch/labor_eurostat.py'
adding 'puremacro/fetch/labor_ilostat.py'
adding 'puremacro/fetch/laus.py'
adding 'puremacro/fetch/lmn.py'
adding 'puremacro/fetch/oecd.py'
adding 'puremacro/fetch/oecd_ana_activity.py'
adding 'puremacro/fetch/oecd_energy.py'
adding 'puremacro/fetch/oecd_fx.py'
adding 'puremacro/fetch/oecd_mei.py'
adding 'puremacro/fetch/oecd_qna_expenditure.py'
adding 'puremacro/fetch/oecd_qna_local.py'
adding 'puremacro/fetch/oecd_qna_panel.py'
adding 'puremacro/fetch/oecd_qna_tools.py'
adding 'puremacro/fetch/qcew.py'
adding 'puremacro/fetch/qna_vintages.py'
adding 'puremacro/fetch/sdmx.py'
adding 'puremacro/fetch/state_industry_panel.py'
adding 'puremacro/fetch/vacancies_eurostat.py'
adding 'puremacro/fetch/wb_pink_sheet.py'
adding 'puremacro/fetch/wui.py'
adding 'puremacro/fetch/wui_extras.py'
adding 'puremacro/fetch/yahoo.py'
adding 'puremacro/fetch/longpanel/__init__.py'
adding 'puremacro/fetch/longpanel/_splice.py'
adding 'puremacro/fetch/longpanel/esri_jp.py'
adding 'puremacro/fetch/longpanel/ine_es.py'
adding 'puremacro/fetch/longpanel/panel.py'
adding 'puremacro/fetch/realtime/__init__.py'
adding 'puremacro/fetch/realtime/_base.py'
adding 'puremacro/fetch/realtime/_snapshot.py'
adding 'puremacro/fetch/realtime/alfred.py'
adding 'puremacro/fetch/realtime/banxico.py'
adding 'puremacro/fetch/realtime/bcb.py'
adding 'puremacro/fetch/realtime/bcch.py'
adding 'puremacro/fetch/realtime/bundesbank.py'
adding 'puremacro/fetch/realtime/canary.py'
adding 'puremacro/fetch/realtime/cartridge.py'
adding 'puremacro/fetch/realtime/catalog.py'
adding 'puremacro/fetch/realtime/ecb_rtd.py'
adding 'puremacro/fetch/realtime/inegi.py'
adding 'puremacro/fetch/realtime/oecd_stes.py'
adding 'puremacro/fetch/realtime/ons.py'
adding 'puremacro/fetch/realtime/panel.py'
adding 'puremacro/fetch/realtime/seasonal.py'
adding 'puremacro/fetch/realtime/statcan.py'
adding 'puremacro/forecast/__init__.py'
adding 'puremacro/forecast/compare.py'
adding 'puremacro/forecast/density.py'
adding 'puremacro/forecast/mcs.py'
adding 'puremacro/forecast/penalized.py'
adding 'puremacro/gar/__init__.py'
adding 'puremacro/gar/fci.py'
adding 'puremacro/gar/qar.py'
adding 'puremacro/gar/skewt.py'
adding 'puremacro/garch/__init__.py'
adding 'puremacro/garch/_results.py'
adding 'puremacro/garch/dcc.py'
adding 'puremacro/garch/fit.py'
adding 'puremacro/hfi/__init__.py'
adding 'puremacro/hfi/_results.py'
adding 'puremacro/hfi/jk2020.py'
adding 'puremacro/hfi/surprises.py'
adding 'puremacro/inference/__init__.py'
adding 'puremacro/inference/_ols_helpers.py'
adding 'puremacro/inference/_parallel.py'
adding 'puremacro/inference/_results.py'
adding 'puremacro/inference/balanced_panel.py'
adding 'puremacro/inference/block_bootstrap.py'
adding 'puremacro/inference/bootstrap.py'
adding 'puremacro/inference/collinearity.py'
adding 'puremacro/inference/diagnostics.py'
adding 'puremacro/inference/dk.py'
adding 'puremacro/inference/hac.py'
adding 'puremacro/inference/hac_fixed_b.py'
adding 'puremacro/inference/lewbel_iv.py'
adding 'puremacro/inference/lp_block_bootstrap.py'
adding 'puremacro/inference/moving_block.py'
adding 'puremacro/inference/multiple.py'
adding 'puremacro/inference/newey_west.py'
adding 'puremacro/inference/over_id.py'
adding 'puremacro/inference/pesaran.py'
adding 'puremacro/inference/proportions.py'
adding 'puremacro/inference/quandt_andrews.py'
adding 'puremacro/inference/simex.py'
adding 'puremacro/inference/spec_curve.py'
adding 'puremacro/inference/supt.py'
adding 'puremacro/inference/swamy.py'
adding 'puremacro/inference/weak_iv.py'
adding 'puremacro/inference/wild_bootstrap.py'
adding 'puremacro/instruments/__init__.py'
adding 'puremacro/instruments/_catalog.py'
adding 'puremacro/instruments/_compose.py'
adding 'puremacro/instruments/_core.py'
adding 'puremacro/instruments/_helpers.py'
adding 'puremacro/instruments/_registry.py'
adding 'puremacro/instruments/external/__init__.py'
adding 'puremacro/instruments/external/bis.py'
adding 'puremacro/instruments/external/fred.py'
adding 'puremacro/instruments/external/imf_weo.py'
adding 'puremacro/instruments/literature/__init__.py'
adding 'puremacro/instruments/literature/_helpers.py'
adding 'puremacro/instruments/literature/bbd_epu.py'
adding 'puremacro/instruments/literature/bloom_2009.py'
adding 'puremacro/instruments/literature/caldara_iacoviello_gpr.py'
adding 'puremacro/instruments/literature/romer_romer_2004.py'
adding 'puremacro/longrun/__init__.py'
adding 'puremacro/longrun/_job.py'
adding 'puremacro/lp/__init__.py'
adding 'puremacro/lp/_common.py'
adding 'puremacro/lp/_garch_utils.py'
adding 'puremacro/lp/_panel_helpers.py'
adding 'puremacro/lp/_results.py'
adding 'puremacro/lp/asymmetric.py'
adding 'puremacro/lp/cce.py'
adding 'puremacro/lp/garch_in_mean.py'
adding 'puremacro/lp/garch_state.py'
adding 'puremacro/lp/garch_utils.py'
adding 'puremacro/lp/iv.py'
adding 'puremacro/lp/iv_helpers.py'
adding 'puremacro/lp/iv_lewbel.py'
adding 'puremacro/lp/jorda.py'
adding 'puremacro/lp/la_lp.py'
adding 'puremacro/lp/lp_did.py'
adding 'puremacro/lp/mean_group.py'
adding 'puremacro/lp/panel.py'
adding 'puremacro/lp/panel_dk.py'
adding 'puremacro/lp/panel_iv.py'
adding 'puremacro/lp/quantile.py'
adding 'puremacro/lp/smooth.py'
adding 'puremacro/lp/state_dep.py'
adding 'puremacro/models/__init__.py'
adding 'puremacro/models/dmp_regime_dependent.py'
adding 'puremacro/models/hank_sequence_space.py'
adding 'puremacro/models/monetary_transmission.py'
adding 'puremacro/models/smm.py'
adding 'puremacro/models/trade_policy.py'
adding 'puremacro/models/nested_dmp/__init__.py'
adding 'puremacro/models/nested_dmp/backend.py'
adding 'puremacro/models/nested_dmp/dynamics.py'
adding 'puremacro/models/nested_dmp/equilibrium.py'
adding 'puremacro/models/nested_dmp/estimation.py'
adding 'puremacro/models/nested_dmp/kernels.py'
adding 'puremacro/models/nested_dmp/kernels_numba.py'
adding 'puremacro/models/nested_dmp/params.py'
adding 'puremacro/models/nested_dmp/welfare.py'
adding 'puremacro/narrative/__init__.py'
adding 'puremacro/narrative/_local_engines.py'
adding 'puremacro/narrative/_signal_quality.py'
adding 'puremacro/narrative/aggregate.py'
adding 'puremacro/narrative/anomalies.py'
adding 'puremacro/narrative/classifier.py'
adding 'puremacro/narrative/crowd_expert.py'
adding 'puremacro/narrative/dedup.py'
adding 'puremacro/narrative/harvest.py'
adding 'puremacro/narrative/panel.py'
adding 'puremacro/narrative/topics.py'
adding 'puremacro/narrative/types.py'
adding 'puremacro/narrative/validate.py'
adding 'puremacro/narrative/indices/__init__.py'
adding 'puremacro/narrative/indices/_embedding_kernel.py'
adding 'puremacro/narrative/indices/_fed_districts.py'
adding 'puremacro/narrative/indices/_kernels.py'
adding 'puremacro/narrative/indices/_lexicons.py'
adding 'puremacro/narrative/indices/_lexicons_expanded.py'
adding 'puremacro/narrative/indices/_llm_kernel.py'
adding 'puremacro/narrative/indices/_mnl_kernel.py'
adding 'puremacro/narrative/indices/beige_book.py'
adding 'puremacro/narrative/indices/bluesky.py'
adding 'puremacro/narrative/indices/cross_source.py'
adding 'puremacro/narrative/indices/epu.py'
adding 'puremacro/narrative/indices/eu_legislative.py'
adding 'puremacro/narrative/indices/gpr.py'
adding 'puremacro/narrative/indices/ltui.py'
adding 'puremacro/narrative/indices/lui.py'
adding 'puremacro/narrative/indices/lwui.py'
adding 'puremacro/narrative/indices/mpu.py'
adding 'puremacro/narrative/indices/tone.py'
adding 'puremacro/narrative/indices/us_executive.py'
adding 'puremacro/narrative/indices/wui.py'
adding 'puremacro/narrative/quality/__init__.py'
adding 'puremacro/narrative/quality/magnitude_harmonizer.py'
adding 'puremacro/narrative/quality/pipeline.py'
adding 'puremacro/narrative/quality/schedule_estimator.py'
adding 'puremacro/narrative/quality/surprise_filter.py'
adding 'puremacro/narrative/quality/target_auditor.py'
adding 'puremacro/narrative/replication/__init__.py'
adding 'puremacro/narrative/replication/_within_year.py'
adding 'puremacro/narrative/replication/adler_2024_consolidations.py'
adding 'puremacro/narrative/replication/cloyne_2013_uk.py'
adding 'puremacro/narrative/replication/devries_2011_consolidations.py'
adding 'puremacro/narrative/replication/dglp_2011_consolidations.py'
adding 'puremacro/narrative/replication/eu_nms_2023_consolidations.py'
adding 'puremacro/narrative/replication/guajardo_2011_aeipf.py'
adding 'puremacro/narrative/replication/imf_covid_2022_announcements.py'
adding 'puremacro/narrative/replication/mertens_ravn_2013.py'
adding 'puremacro/narrative/replication/mitchell_historical.py'
adding 'puremacro/narrative/replication/ramey_2011_defense.py'
adding 'puremacro/narrative/replication/romer_romer_2010.py'
adding 'puremacro/narrative/replication/romer_romer_2017.py'
adding 'puremacro/narrative/scoring/__init__.py'
adding 'puremacro/narrative/scoring/explain.py'
adding 'puremacro/narrative/scoring/keyword.py'
adding 'puremacro/narrative/scoring/lexicons_es.py'
adding 'puremacro/narrative/scoring/llm.py'
adding 'puremacro/narrative/scoring/manual.py'
adding 'puremacro/narrative/scoring/multilingual.py'
adding 'puremacro/narrative/sources/__init__.py'
adding 'puremacro/narrative/sources/_extractors.py'
adding 'puremacro/narrative/sources/_fallback.py'
adding 'puremacro/narrative/sources/_http.py'
adding 'puremacro/narrative/sources/_playwright_helper.py'
adding 'puremacro/narrative/sources/_ratedoc.py'
adding 'puremacro/narrative/sources/_rss.py'
adding 'puremacro/narrative/sources/_rss_filtered.py'
adding 'puremacro/narrative/sources/_schema.py'
adding 'puremacro/narrative/sources/_schema_check.py'
adding 'puremacro/narrative/sources/_speeches.py'
adding 'puremacro/narrative/sources/_telemetry.py'
adding 'puremacro/narrative/sources/_wayback.py'
adding 'puremacro/narrative/sources/banrep.py'
adding 'puremacro/narrative/sources/banxico.py'
adding 'puremacro/narrative/sources/bcb.py'
adding 'puremacro/narrative/sources/bccl.py'
adding 'puremacro/narrative/sources/bcra.py'
adding 'puremacro/narrative/sources/beige_book.py'
adding 'puremacro/narrative/sources/bi.py'
adding 'puremacro/narrative/sources/bis_speeches.py'
adding 'puremacro/narrative/sources/bluesky.py'
adding 'puremacro/narrative/sources/bnm.py'
adding 'puremacro/narrative/sources/boe_decision.py'
adding 'puremacro/narrative/sources/boe_minutes.py'
adding 'puremacro/narrative/sources/boe_speeches.py'
adding 'puremacro/narrative/sources/boj_decision.py'
adding 'puremacro/narrative/sources/boj_speeches.py'
adding 'puremacro/narrative/sources/bok.py'
adding 'puremacro/narrative/sources/bot.py'
adding 'puremacro/narrative/sources/bsp.py'
adding 'puremacro/narrative/sources/ca_dof.py'
adding 'puremacro/narrative/sources/cbe.py'
adding 'puremacro/narrative/sources/cbk.py'
adding 'puremacro/narrative/sources/cbn.py'
adding 'puremacro/narrative/sources/de_bmf.py'
adding 'puremacro/narrative/sources/ecb_decision.py'
adding 'puremacro/narrative/sources/ecb_minutes.py'
adding 'puremacro/narrative/sources/ecb_press.py'
adding 'puremacro/narrative/sources/ecb_press_conf.py'
adding 'puremacro/narrative/sources/ecb_speeches.py'
adding 'puremacro/narrative/sources/eu_ecfin.py'
adding 'puremacro/narrative/sources/eu_eurlex.py'
adding 'puremacro/narrative/sources/eu_parliament.py'
adding 'puremacro/narrative/sources/fed_decision.py'
adding 'puremacro/narrative/sources/fed_minutes.py'
adding 'puremacro/narrative/sources/fed_press_conf.py'
adding 'puremacro/narrative/sources/fed_speeches.py'
adding 'puremacro/narrative/sources/fr_tresor.py'
adding 'puremacro/narrative/sources/frdb_strikes.py'
adding 'puremacro/narrative/sources/google_news.py'
adding 'puremacro/narrative/sources/hackernews.py'
adding 'puremacro/narrative/sources/health.py'
adding 'puremacro/narrative/sources/imf_articleiv.py'
adding 'puremacro/narrative/sources/imf_news.py'
adding 'puremacro/narrative/sources/it_mef.py'
adding 'puremacro/narrative/sources/jp_mof.py'
adding 'puremacro/narrative/sources/local_csv.py'
adding 'puremacro/narrative/sources/macro_blogs.py'
adding 'puremacro/narrative/sources/mas.py'
adding 'puremacro/narrative/sources/nber_wp.py'
adding 'puremacro/narrative/sources/news_api.py'
adding 'puremacro/narrative/sources/norges.py'
adding 'puremacro/narrative/sources/oecd_surveys.py'
adding 'puremacro/narrative/sources/pboc.py'
adding 'puremacro/narrative/sources/rba.py'
adding 'puremacro/narrative/sources/rbi.py'
adding 'puremacro/narrative/sources/rbnz.py'
adding 'puremacro/narrative/sources/reddit.py'
adding 'puremacro/narrative/sources/riksbank.py'
adding 'puremacro/narrative/sources/sarb.py'
adding 'puremacro/narrative/sources/sec_edgar.py'
adding 'puremacro/narrative/sources/transcripts.py'
adding 'puremacro/narrative/sources/uk_hmt.py'
adding 'puremacro/narrative/sources/uk_obr.py'
adding 'puremacro/narrative/sources/us_cbo.py'
adding 'puremacro/narrative/sources/us_dod_contracts.py'
adding 'puremacro/narrative/sources/us_erp.py'
adding 'puremacro/narrative/sources/us_federal_register.py'
adding 'puremacro/narrative/sources/us_sotu.py'
adding 'puremacro/narrative/sources/us_treasury.py'
adding 'puremacro/narrative/sources/us_warn.py'
adding 'puremacro/narrative/validation/__init__.py'
adding 'puremacro/narrative/validation/external_benchmarks.py'
adding 'puremacro/narrative/validation/gap_filler.py'
adding 'puremacro/narrative/validation/report.py'
adding 'puremacro/narrative/validation/spec_curve.py'
adding 'puremacro/narrative/validation/stability.py'
adding 'puremacro/nowcast/__init__.py'
adding 'puremacro/nowcast/combine.py'
adding 'puremacro/nowcast/dfm.py'
adding 'puremacro/nowcast/dfm_nowcast.py'
adding 'puremacro/nowcast/evaluation.py'
adding 'puremacro/nowcast/mfvar.py'
adding 'puremacro/nowcast/news.py'
adding 'puremacro/nowcast/realtime_nowcast.py'
adding 'puremacro/nowcast/scoring.py'
adding 'puremacro/plotting/__init__.py'
adding 'puremacro/plotting/bw_style.py'
adding 'puremacro/plotting/irf_plot.py'
adding 'puremacro/pocket/__init__.py'
adding 'puremacro/pocket/_cartridge.py'
adding 'puremacro/regress/__init__.py'
adding 'puremacro/regress/discrete.py'
adding 'puremacro/regress/lp.py'
adding 'puremacro/regress/ols.py'
adding 'puremacro/regress/quantile.py'
adding 'puremacro/replication/__init__.py'
adding 'puremacro/replication/_data.py'
adding 'puremacro/replication/_model.py'
adding 'puremacro/replication/cases_dsge_estimation.py'
adding 'puremacro/replication/cases_ha_dsge_causal.py'
adding 'puremacro/replication/cases_regression.py'
adding 'puremacro/replication/cases_stylized_facts.py'
adding 'puremacro/replication/runner.py'
adding 'puremacro/replication/data/__init__.py'
adding 'puremacro/replication/data/beveridge18_eu.csv'
adding 'puremacro/replication/data/beveridge18_us.csv'
adding 'puremacro/replication/data/gali1999.csv'
adding 'puremacro/replication/data/kilian2009.csv'
adding 'puremacro/replication/data/okun.csv'
adding 'puremacro/replication/data/qna40_meta.csv'
adding 'puremacro/replication/data/qna40_panel.csv'
adding 'puremacro/replication/data/rz2018.csv'
adding 'puremacro/replication/data/speccurve17_panel.csv'
adding 'puremacro/replication/data/tax14_narrative_tax_shocks.csv'
adding 'puremacro/replication/data/tax14_us_fiscal.csv'
adding 'puremacro/runtime/__init__.py'
adding 'puremacro/runtime/_capabilities.py'
adding 'puremacro/runtime/budget.py'
adding 'puremacro/runtime/colab.py'
adding 'puremacro/runtime/store.py'
adding 'puremacro/runtime/transport.py'
adding 'puremacro/sa/__init__.py'
adding 'puremacro/sa/_airline.py'
adding 'puremacro/sa/stl.py'
adding 'puremacro/sa/x11.py'
adding 'puremacro/sa/x13.py'
adding 'puremacro/sigma/__init__.py'
adding 'puremacro/sigma/shapley.py'
adding 'puremacro/sigma/sigma_numpy.py'
adding 'puremacro/spatial/__init__.py'
adding 'puremacro/spatial/allen_arkolakis.py'
adding 'puremacro/spatial/diagnostics.py'
adding 'puremacro/spatial/hac.py'
adding 'puremacro/spatial/lp.py'
adding 'puremacro/spatial/models.py'
adding 'puremacro/spatial/panel.py'
adding 'puremacro/spatial/weights.py'
adding 'puremacro/teaching/__init__.py'
adding 'puremacro/teaching/bartik.py'
adding 'puremacro/teaching/bartik_importance.py'
adding 'puremacro/teaching/bartik_research.py'
adding 'puremacro/teaching/bq_canonical.py'
adding 'puremacro/teaching/data.py'
adding 'puremacro/teaching/data_long.py'
adding 'puremacro/teaching/data_states.py'
adding 'puremacro/teaching/experiment.py'
adding 'puremacro/teaching/garch_arch.py'
adding 'puremacro/teaching/garch_iv.py'
adding 'puremacro/teaching/integration_checks.py'
adding 'puremacro/teaching/irf_scale.py'
adding 'puremacro/teaching/lp_sm.py'
adding 'puremacro/teaching/panel_lm.py'
adding 'puremacro/teaching/plot.py'
adding 'puremacro/teaching/recipes.py'
adding 'puremacro/teaching/svar_panel.py'
adding 'puremacro/teaching/var_sm.py'
adding 'puremacro/tests/__init__.py'
adding 'puremacro/tests/breaks.py'
adding 'puremacro/tests/test_build_panel.py'
adding 'puremacro/tests/test_capital.py'
adding 'puremacro/tests/unit_root.py'
adding 'puremacro/tests/test_var/__init__.py'
adding 'puremacro/tests/test_var/test_proxy_axis.py'
adding 'puremacro/trade/__init__.py'
adding 'puremacro/trade/_accounting.py'
adding 'puremacro/trade/_hicksian_policy.py'
adding 'puremacro/trade/_oecd_icio.py'
adding 'puremacro/trade/_results.py'
adding 'puremacro/trade/calibration.py'
adding 'puremacro/trade/caliendo_parro.py'
adding 'puremacro/trade/data.py'
adding 'puremacro/trade/equilibrium.py'
adding 'puremacro/trade/extensions.py'
adding 'puremacro/trade/flexible.py'
adding 'puremacro/trade/game.py'
adding 'puremacro/trade/geary_khamis.py'
adding 'puremacro/trade/optimal_tariffs.py'
adding 'puremacro/trade/plot.py'
adding 'puremacro/trade/policy_analytics.py'
adding 'puremacro/trade/policy_solver.py'
adding 'puremacro/trade/postprocessing.py'
adding 'puremacro/trade/regularize.py'
adding 'puremacro/trade/scenarios.py'
adding 'puremacro/trade/solver.py'
adding 'puremacro/trade/tables.py'
adding 'puremacro/trade/welfare.py'
adding 'puremacro/trade/_datafiles/MANIFEST.json'
adding 'puremacro/trade/_datafiles/REFERENCE_MANIFEST.json'
adding 'puremacro/trade/_datafiles/SOURCES.md'
adding 'puremacro/trade/_datafiles/WORKBOOK_MANIFEST.json'
adding 'puremacro/trade/_datafiles/icio_77c_11s.npz'
adding 'puremacro/trade/_datafiles/trade_reference_solutions.npz'
adding 'puremacro/trade/_datafiles/trade_results_workbook.npz'
adding 'puremacro/trade/gpu/__init__.py'
adding 'puremacro/trade/gpu/backend.py'
adding 'puremacro/trade/gpu/batched_jacobian.py'
adding 'puremacro/trade/gpu/homotopy.py'
adding 'puremacro/trade/gpu/mlx_solver.py'
adding 'puremacro/trade/gpu/solver_gpu.py'
adding 'puremacro/uncertainty/__init__.py'
adding 'puremacro/uncertainty/composite.py'
adding 'puremacro/uncertainty/decomposition.py'
adding 'puremacro/uncertainty/diagnostics.py'
adding 'puremacro/uncertainty/lp_long.py'
adding 'puremacro/uncertainty/regimes.py'
adding 'puremacro/validation/__init__.py'
adding 'puremacro/validation/_fixtures.py'
adding 'puremacro/validation/_goldens.py'
adding 'puremacro/validation/_model.py'
adding 'puremacro/validation/cases_cointegration.py'
adding 'puremacro/validation/cases_did.py'
adding 'puremacro/validation/cases_dsge.py'
adding 'puremacro/validation/cases_dynpanel.py'
adding 'puremacro/validation/cases_forecast.py'
adding 'puremacro/validation/cases_garch.py'
adding 'puremacro/validation/cases_inference.py'
adding 'puremacro/validation/cases_lp.py'
adding 'puremacro/validation/cases_narrative.py'
adding 'puremacro/validation/cases_spatial.py'
adding 'puremacro/validation/cases_spectral.py'
adding 'puremacro/validation/cases_state_space.py'
adding 'puremacro/validation/cases_unit_root.py'
adding 'puremacro/validation/cases_var.py'
adding 'puremacro/validation/cases_vfi.py'
adding 'puremacro/validation/runner.py'
adding 'puremacro/validation/goldens/__init__.py'
adding 'puremacro/validation/goldens/_t.json'
adding 'puremacro/validation/goldens/garch.json'
adding 'puremacro/validation/goldens/inference.json'
adding 'puremacro/validation/goldens/lp.json'
adding 'puremacro/validation/goldens/spatial.json'
adding 'puremacro/validation/goldens/state_space.json'
adding 'puremacro/validation/goldens/var.json'
adding 'puremacro/var/__init__.py'
adding 'puremacro/var/_results.py'
adding 'puremacro/var/bootstrap.py'
adding 'puremacro/var/bvar.py'
adding 'puremacro/var/bvar_sv.py'
adding 'puremacro/var/diagnostics.py'
adding 'puremacro/var/estimate.py'
adding 'puremacro/var/favar.py'
adding 'puremacro/var/gvar.py'
adding 'puremacro/var/irf.py'
adding 'puremacro/var/panel.py'
adding 'puremacro/var/peak.py'
adding 'puremacro/var/tvp.py'
adding 'puremacro/var/vecm.py'
adding 'puremacro/var/identify/__init__.py'
adding 'puremacro/var/identify/_results.py'
adding 'puremacro/var/identify/bq.py'
adding 'puremacro/var/identify/cholesky.py'
adding 'puremacro/var/identify/hetero.py'
adding 'puremacro/var/identify/magmav.py'
adding 'puremacro/var/identify/maxshare.py'
adding 'puremacro/var/identify/narrative_sign.py'
adding 'puremacro/var/identify/non_gaussian.py'
adding 'puremacro/var/identify/panel.py'
adding 'puremacro/var/identify/proxy.py'
adding 'puremacro/var/identify/sign.py'
adding 'puremacro/var/identify/sign_robust.py'
adding 'puremacro/var/identify/sign_zero.py'
adding 'puremacro/var/regime/__init__.py'
adding 'puremacro/var/regime/girf.py'
adding 'puremacro/var/regime/ms_var.py'
adding 'puremacro/var/regime/threshold.py'
adding 'puremacro/var/regime/tvecm.py'
adding 'puremacro/vfi/__init__.py'
adding 'puremacro/vfi/aggregate.py'
adding 'puremacro/vfi/aiyagari_endogenous.py'
adding 'puremacro/vfi/analytic_gradients.py'
adding 'puremacro/vfi/case2.py'
adding 'puremacro/vfi/collocation.py'
adding 'puremacro/vfi/compat.py'
adding 'puremacro/vfi/continuous_distribution.py'
adding 'puremacro/vfi/continuous_transition.py'
adding 'puremacro/vfi/dcegm.py'
adding 'puremacro/vfi/deep_macro.py'
adding 'puremacro/vfi/discretize.py'
adding 'puremacro/vfi/distribution.py'
adding 'puremacro/vfi/egm.py'
adding 'puremacro/vfi/epstein_zin.py'
adding 'puremacro/vfi/equilibrium.py'
adding 'puremacro/vfi/estimate.py'
adding 'puremacro/vfi/examples.py'
adding 'puremacro/vfi/fem.py'
adding 'puremacro/vfi/finite_horizon.py'
adding 'puremacro/vfi/firm_dynamics.py'
adding 'puremacro/vfi/hjb_achdou.py'
adding 'puremacro/vfi/kernels.py'
adding 'puremacro/vfi/kernels_numba.py'
adding 'puremacro/vfi/krusell_smith.py'
adding 'puremacro/vfi/model.py'
adding 'puremacro/vfi/olg.py'
adding 'puremacro/vfi/permanent_types.py'
adding 'puremacro/vfi/problem.py'
adding 'puremacro/vfi/returnfn.py'
adding 'puremacro/vfi/simulate.py'
adding 'puremacro/vfi/smolyak.py'
adding 'puremacro/vfi/solve.py'
adding 'puremacro/vfi/splines.py'
adding 'puremacro/vfi/transition.py'
adding 'puremacro/volatility/__init__.py'
adding 'puremacro/volatility/diagnostics.py'
adding 'puremacro/volatility/har.py'
adding 'puremacro/volatility/multivariate.py'
adding 'puremacro/volatility/range.py'
adding 'puremacro/volatility/sigma.py'
adding 'puremacro/wavelet/__init__.py'
adding 'puremacro/wavelet/coherence.py'
adding 'puremacro-4.3.0.dist-info/licenses/LICENSE'
adding 'puremacro-4.3.0.dist-info/METADATA'
adding 'puremacro-4.3.0.dist-info/WHEEL'
adding 'puremacro-4.3.0.dist-info/entry_points.txt'
adding 'puremacro-4.3.0.dist-info/top_level.txt'
adding 'puremacro-4.3.0.dist-info/RECORD'
removing build/bdist.macosx-11.0-arm64/wheel
WARNING `project.license` as a TOML table is deprecated
!!

        ********************************************************************************
        Please use a simple string containing a SPDX expression for `project.license`. You can also use `project.license-files`. (Both options available on setuptools>=77.0.0).

        By 2027-Feb-18, you need to update your project and remove deprecated calls
        or your builds will no longer be supported.

        See https://packaging.python.org/en/latest/guides/writing-pyproject-toml/#license for details.
        ********************************************************************************

!!
WARNING 'tool.setuptools.license-files' is deprecated in favor of 'project.license-files' (available on setuptools>=77.0.0).
!!

        ********************************************************************************

        By 2027-Feb-18, you need to update your project and remove deprecated calls
        or your builds will no longer be supported.

        See https://packaging.python.org/en/latest/guides/writing-pyproject-toml/#license-files for details.
        ********************************************************************************

!!
WARNING License classifiers are deprecated.
!!

        ********************************************************************************
        Please consider removing the following classifiers in favor of a SPDX license expression:

        License :: OSI Approved :: MIT License

        See https://packaging.python.org/en/latest/guides/writing-pyproject-toml/#license for details.
        ********************************************************************************

!!
WARNING License classifiers are deprecated.
!!

        ********************************************************************************
        Please consider removing the following classifiers in favor of a SPDX license expression:

        License :: OSI Approved :: MIT License

        See https://packaging.python.org/en/latest/guides/writing-pyproject-toml/#license for details.
        ********************************************************************************

!!
Successfully built puremacro-4.3.0.tar.gz and puremacro-4.3.0-py3-none-any.whl
